time,est_tau1,est_tau2,est_tau3,est_tau4,est_tau5,est_tau6
1.00025,0,0,0,0,0,0
1.00541,0,0,0,0,0,0
1.01029,0,0,0,0,0,0
1.01529,0,0,0,0,0,0
1.02027,0,0,0,0,0,0
1.02549,0,0,0,0,0,0
1.0303,0,0,0,0,0,0
1.03536,0,0,0,0,0,0
1.04029,0,0,0,0,0,0
1.04527,0,0,0,0,0,0
1.0503,0,0,0,0,0,0
1.05531,0,0,0,0,0,0
1.06035,0,0,0,0,0,0
1.06536,0,0,0,0,0,0
1.0705,0,0,0,0,0,0
1.07531,0,0,0,0,0,0
1.08028,0,0,0,0,0,0
1.08535,0,0,0,0,0,0
1.09047,0,0,0,0,0,0
1.09543,0,0,0,0,0,0
1.10038,0,0,0,0,0,0
1.10537,0,0,0,0,0,0
1.11031,0,0,0,0,0,0
1.11539,0,0,0,0,0,0
1.12037,0,0,0,0,0,0
1.12553,0,0,0,0,0,0
1.13017,0,0,0,0,0,0
1.13525,0,0,0,0,0,0
1.14025,0,0,0,0,0,0
1.14548,0,0,0,0,0,0
1.1504,0,0,0,0,0,0
1.15517,0,0,0,0,0,0
1.16025,0,0,0,0,0,0
1.16528,0,0,0,0,0,0
1.17019,0,0,0,0,0,0
1.17517,0,0,0,0,0,0
1.18017,0,0,0,0,0,0
1.18519,0,0,0,0,0,0
1.19023,0,0,0,0,0,0
1.19518,0,0,0,0,0,0
1.20026,0,0,0,0,0,0
1.20553,0,0,0,0,0,0
1.21057,0,0,0,0,0,0
1.21558,0,0,0,0,0,0
1.22046,0,0,0,0,0,0
1.22538,0,0,0,0,0,0
1.23042,0,0,0,0,0,0
1.23535,0,0,0,0,0,0
1.24036,0,0,0,0,0,0
1.24567,0,0,0,0,0,0
1.25029,0.50961,0.868454,0.101857,0.173302,-0.383299,-0.343159
1.25548,0.54235,0.92433,0.108729,0.178163,-0.392839,-0.346488
1.26023,0.571979,0.974925,0.115005,0.182181,-0.400893,-0.348919
1.26529,0.603261,1.02832,0.121679,0.186103,-0.408706,-0.351082
1.27036,0.634124,1.08096,0.128304,0.189641,-0.415909,-0.352831
1.27529,0.663584,1.13121,0.134663,0.190918,-0.422253,-0.354122
1.28028,0.692816,1.18108,0.141014,0.19052,-0.428042,-0.35504
1.28529,0.721503,1.23001,0.147311,0.190238,-0.433296,-0.355611
1.29055,0.750915,1.28013,0.153829,0.189682,-0.438228,-0.355918
1.29521,0.776221,1.32328,0.159477,0.19053,-0.442116,-0.355854
1.30019,0.802477,1.36808,0.165385,0.190743,-0.445704,-0.355643
1.30536,0.828907,1.41319,0.171386,0.190658,-0.448849,-0.355279
1.31032,0.85333,1.45487,0.176984,0.190332,-0.45153,-0.354563
1.31528,0.876893,1.49509,0.18246,0.189741,-0.453792,-0.35358
1.32055,0.901002,1.53624,0.18815,0.188833,-0.455756,-0.352253
1.32526,0.921618,1.57146,0.193083,0.185211,-0.457235,-0.351114
1.3307,0.94443,1.61049,0.198634,0.18171,-0.458408,-0.349698
1.33528,0.962761,1.6419,0.203158,0.178707,-0.459026,-0.348459
1.34034,0.982116,1.67507,0.20803,0.177003,-0.459552,-0.346904
1.34532,1.00023,1.70613,0.212678,0.176448,-0.459927,-0.345218
1.35026,1.01731,1.73541,0.217124,0.172164,-0.460027,-0.343556
1.35517,1.03344,1.76305,0.221389,0.165522,-0.459865,-0.341914
1.36055,1.05018,1.79169,0.22588,0.157356,-0.459534,-0.342886
1.36553,1.06477,1.81665,0.229856,0.148816,-0.458959,-0.343201
1.37023,1.07776,1.83886,0.233443,0.139955,-0.458204,-0.343389
1.37553,1.09158,1.86245,0.237352,0.130842,-0.457109,-0.343344
1.38027,1.10317,1.88222,0.240688,0.123076,-0.456018,-0.343025
1.38536,1.11487,1.90216,0.244125,0.115052,-0.454715,-0.342378
1.39027,1.12544,1.92012,0.24729,0.107791,-0.453578,-0.341512
1.39522,1.13539,1.93698,0.250375,0.0978831,-0.452402,-0.340375
1.40026,1.1448,1.95292,0.253414,0.0860573,-0.451169,-0.33896
1.40522,1.15341,1.96746,0.256285,0.0741848,-0.449867,-0.337358
1.41037,1.16167,1.98135,0.259122,0.0630533,-0.448405,-0.335546
1.41524,1.16887,1.99341,0.26169,0.0533359,-0.446888,-0.333665
1.42023,1.17566,2.00478,0.264122,0.0439847,-0.445216,-0.331586
1.42515,1.18177,2.01499,0.266369,0.035496,-0.443634,-0.326789
1.43022,1.18751,2.02452,0.268529,0.0274504,-0.442075,-0.319558
1.43519,1.19259,2.03289,0.270491,0.0170034,-0.440542,-0.313067
1.44025,1.19725,2.04056,0.272388,0.00783251,-0.438966,-0.306789
1.44517,1.20128,2.04718,0.274126,-0.000418088,-0.437441,-0.30103
1.45028,1.20497,2.05322,0.275789,-0.00816823,-0.43596,-0.295247
1.45532,1.20813,2.05835,0.277261,-0.0168036,-0.434678,-0.292614
1.46031,1.21083,2.06268,0.278571,-0.0258784,-0.433562,-0.292385
1.46532,1.21311,2.06631,0.279753,-0.0339689,-0.432414,-0.291835
1.47016,1.21495,2.06918,0.280772,-0.0411123,-0.43137,-0.291245
1.47529,1.2165,2.07151,0.281701,-0.0478424,-0.430188,-0.290477
1.48021,1.21764,2.07311,0.282457,-0.0535404,-0.428996,-0.289622
1.48536,1.21846,2.07413,0.283142,-0.0551833,-0.427802,-0.288642
1.4906,1.21892,2.0745,0.283693,-0.0570025,-0.426663,-0.287465
1.49534,1.21905,2.07432,0.284078,-0.0581071,-0.425695,-0.286273
1.50036,1.21887,2.07357,0.284368,-0.0587251,-0.424722,-0.28486
1.50535,1.21839,2.0723,0.284566,-0.0591382,-0.423833,-0.283414
1.51042,1.2176,2.07051,0.284678,-0.0593655,-0.423004,-0.281898
1.51531,1.21659,2.06834,0.284733,-0.0591876,-0.422237,-0.28039
1.52029,1.21533,2.06571,0.284738,-0.0586231,-0.421486,-0.278807
1.52527,1.21382,2.06264,0.284654,-0.0578381,-0.420982,-0.277281
1.5303,1.21207,2.05917,0.28451,-0.0535012,-0.420441,-0.27566
1.5354,1.21008,2.05528,0.284301,-0.0464633,-0.419869,-0.273938
1.54025,1.208,2.05125,0.284008,-0.0406476,-0.419391,-0.272249
1.5454,1.20558,2.04664,0.283601,-0.0345566,-0.418945,-0.270396
1.55027,1.20314,2.04201,0.28316,-0.0306006,-0.418466,-0.268494
1.55528,1.20046,2.03697,0.282651,-0.022871,-0.418141,-0.266558
1.56034,1.19759,2.03162,0.282078,-0.0127686,-0.417987,-0.264637
1.56548,1.19451,2.02594,0.281468,-0.00369094,-0.417921,-0.262725
1.57047,1.19139,2.02018,0.280819,0.00477879,-0.417784,-0.259437
1.57567,1.188,2.01393,0.280078,0.0132711,-0.417575,-0.254795
1.58049,1.18476,2.00796,0.279316,0.0206552,-0.4175,-0.251049
1.58542,1.18134,2.00168,0.278466,0.027753,-0.417534,-0.24753
1.59027,1.17789,1.9954,0.277616,0.0341624,-0.417682,-0.242912
1.59537,1.17415,1.98865,0.276695,0.0404993,-0.417862,-0.238512
1.60029,1.17045,1.98201,0.275795,0.0445031,-0.418094,-0.234452
1.60555,1.16641,1.97481,0.274841,0.0487566,-0.418417,-0.230413
1.61044,1.16259,1.96805,0.273961,0.0523188,-0.41878,-0.226932
1.61565,1.15842,1.96076,0.273013,0.0560255,-0.419255,-0.223445
1.62024,1.15472,1.95454,0.272654,0.0576277,-0.419532,-0.220617
1.62533,1.15056,1.94758,0.272594,0.0579405,-0.419885,-0.217739
1.63031,1.14644,1.94047,0.272283,0.0603923,-0.420408,-0.215086
1.6353,1.14226,1.93332,0.271919,0.0641116,-0.420919,-0.212573
1.64052,1.13788,1.92581,0.271458,0.0673707,-0.421433,-0.207049
1.64532,1.13384,1.91891,0.270966,0.0701753,-0.421892,-0.200105
1.65028,1.12965,1.91178,0.270426,0.071234,-0.422301,-0.192476
1.65528,1.1254,1.90462,0.269869,0.0726097,-0.422784,-0.18552
1.66045,1.121,1.89725,0.269281,0.0739387,-0.423353,-0.178834
1.66529,1.1169,1.89042,0.268703,0.0749246,-0.423843,-0.173244
1.67017,1.11277,1.88356,0.268089,0.0756808,-0.4243,-0.168203
1.67515,1.10856,1.87663,0.267434,0.0762168,-0.424726,-0.163671
1.68015,1.10435,1.86972,0.266769,0.0767531,-0.425177,-0.159653
1.68713,1.09841,1.86,0.265765,0.0775132,-0.425706,-0.154515
1.69124,1.09503,1.85447,0.26517,0.0779393,-0.425967,-0.151811
1.69727,1.09001,1.8463,0.264189,0.0761999,-0.426259,-0.148154
1.70526,1.08336,1.83551,0.262723,0.0708217,-0.42648,-0.143896
1.71022,1.07941,1.82941,0.262395,0.07137,-0.426336,-0.14182
1.71783,1.07333,1.81966,0.261606,0.0708878,-0.426855,-0.139341
1.7202,1.07153,1.81677,0.261367,0.0707089,-0.426999,-0.139057
1.72759,1.06577,1.80755,0.260654,0.0699736,-0.4276,-0.132444
1.73015,1.06388,1.80453,0.260407,0.0697101,-0.427777,-0.130599
1.73779,1.05809,1.79523,0.259694,0.065109,-0.428768,-0.125675
1.74019,1.05637,1.79248,0.259486,0.0639793,-0.429075,-0.124754
1.74868,1.05012,1.78227,0.258766,0.0597898,-0.430176,-0.122052
1.75025,1.04904,1.78051,0.258645,0.0590965,-0.430362,-0.121612
1.75966,1.04229,1.76952,0.258031,0.0548226,-0.431652,-0.119155
1.76024,1.0419,1.76889,0.257997,0.0545911,-0.431724,-0.119066
1.76528,1.03848,1.76334,0.257709,0.0508287,-0.43239,-0.118428
1.77036,1.03512,1.75788,0.257441,0.0491845,-0.433104,-0.118112
1.77532,1.03192,1.75266,0.257195,0.0487795,-0.433843,-0.118097
1.78037,1.02872,1.74935,0.257215,0.0478269,-0.434415,-0.119869
1.78529,1.02565,1.74579,0.257001,0.0467438,-0.435279,-0.121447
1.7905,1.02245,1.7421,0.256764,0.0455937,-0.436457,-0.121565
1.79526,1.01956,1.73882,0.256536,0.0445493,-0.437734,-0.120647
1.80029,1.01656,1.73543,0.256326,0.0433883,-0.439059,-0.120194
1.80529,1.01365,1.73213,0.256126,0.0421437,-0.440506,-0.120048
1.81017,1.0109,1.729,0.255975,0.0408016,-0.441928,-0.120043
1.81535,1.00802,1.72575,0.255796,0.0414389,-0.443475,-0.120162
1.82021,1.00535,1.72277,0.255611,0.0433926,-0.444945,-0.120374
1.8253,1.00261,1.71973,0.255419,0.043025,-0.446351,-0.120928
1.83024,1.00001,1.71685,0.255241,0.0412677,-0.447581,-0.121752
1.83529,0.99741,1.71402,0.255085,0.0398438,-0.44883,-0.122875
1.84033,0.99487,1.71129,0.254952,0.0383994,-0.450066,-0.124253
1.84528,0.992444,1.7087,0.254829,0.037064,-0.451222,-0.124108
1.85023,0.990104,1.70614,0.254679,0.0339222,-0.452357,-0.124431
1.85528,0.987814,1.70358,0.254509,0.0293697,-0.45348,-0.124986
1.86022,0.985659,1.70113,0.254324,0.0237175,-0.454545,-0.12573
1.86559,0.983381,1.69856,0.254113,0.0184601,-0.455644,-0.126578
1.87026,0.981466,1.69642,0.25392,0.0142834,-0.456546,-0.127332
1.87519,0.979503,1.69424,0.253691,0.00860645,-0.457459,-0.129611
1.88027,0.977542,1.69206,0.253506,0.00360187,-0.458218,-0.131844
1.88514,0.975727,1.69002,0.253368,-0.000777512,-0.458792,-0.13407
1.89024,0.973896,1.68796,0.253208,-0.00505027,-0.459424,-0.13641
1.89517,0.972181,1.68603,0.25306,-0.00881371,-0.459924,-0.138729
1.90016,0.9705,1.68415,0.252916,-0.0122689,-0.460322,-0.141129
1.90523,0.968856,1.68229,0.252794,-0.0154031,-0.460623,-0.143607
1.91014,0.967322,1.68055,0.25268,-0.0181581,-0.460802,-0.146092
1.91517,0.965805,1.67882,0.252565,-0.0207124,-0.460877,-0.148727
1.92041,0.964298,1.67708,0.252461,-0.023088,-0.460999,-0.151569
1.92519,0.962986,1.67555,0.252378,-0.0250175,-0.461142,-0.154218
1.93044,0.961618,1.67388,0.252311,-0.0304269,-0.461201,-0.160256
1.93529,0.960443,1.67242,0.252296,-0.0343778,-0.461257,-0.165357
1.94039,0.959267,1.67092,0.252332,-0.0379935,-0.461232,-0.170362
1.94532,0.958204,1.66953,0.252394,-0.041099,-0.461131,-0.173434
1.95026,0.95721,1.66819,0.252477,-0.0438441,-0.460962,-0.175077
1.95539,0.956266,1.66685,0.252596,-0.0463758,-0.460808,-0.176919
1.96044,0.955443,1.6656,0.252734,-0.0436596,-0.460681,-0.178782
1.96544,0.954721,1.66443,0.252882,-0.0373374,-0.460589,-0.180673
1.97041,0.95407,1.66331,0.25301,-0.0308848,-0.460337,-0.182437
1.97532,0.953481,1.66225,0.253159,-0.0253986,-0.460212,-0.184182
1.98037,0.95293,1.66122,0.253336,-0.0202388,-0.460199,-0.185978
1.98546,0.952433,1.66024,0.253525,-0.0154405,-0.46013,-0.187539
1.99043,0.951992,1.65935,0.25371,-0.011218,-0.460114,-0.188946
1.99529,0.951615,1.65854,0.253916,-0.00726023,-0.460011,-0.190353
2.0006,0.951272,1.65768,0.254129,-0.00509905,-0.459804,-0.191883
2.00527,0.951018,1.657,0.254334,-0.00456638,-0.459606,-0.193136
2.01046,0.950774,1.65629,0.254563,-0.00355047,-0.459228,-0.192767
2.0153,0.950596,1.65566,0.254762,-0.00420665,-0.458855,-0.191361
2.02033,0.950462,1.65503,0.254957,-0.00611724,-0.458441,-0.188818
2.02534,0.950379,1.65444,0.25514,-0.00914024,-0.458008,-0.185308
2.0303,0.950345,1.65389,0.255267,-0.0117165,-0.457562,-0.182441
2.03542,0.950358,1.65336,0.255346,-0.0143499,-0.457084,-0.17986
2.04033,0.950419,1.65288,0.255468,-0.016423,-0.456587,-0.176205
2.04528,0.950525,1.65246,0.255605,-0.0183539,-0.456119,-0.172987
2.05033,0.950677,1.65209,0.255763,-0.020167,-0.455671,-0.169935
2.05536,0.95087,1.65174,0.2559,-0.0170166,-0.455201,-0.16698
2.06046,0.951087,1.65141,0.256012,-0.0149361,-0.454704,-0.164211
2.06537,0.951319,1.65113,0.256102,-0.0128488,-0.4542,-0.161762
2.0706,0.951531,1.65082,0.256239,-0.01019,-0.45359,-0.159404
2.07535,0.951794,1.64271,0.254525,-0.0175374,-0.456817,-0.159325
2.08033,0.951628,1.63019,0.253979,-0.0226822,-0.460253,-0.159808
2.08532,0.952068,1.60823,0.253053,-0.0291757,-0.464889,-0.16344
2.09029,0.952369,1.58026,0.253966,-0.0331235,-0.468218,-0.168347
2.09531,0.953663,1.55304,0.256963,-0.0393266,-0.472535,-0.174127
2.1003,0.954553,1.52549,0.261826,-0.0401644,-0.47662,-0.180194
2.10536,0.95494,1.49761,0.268465,-0.039561,-0.480678,-0.187986
2.11048,0.955567,1.46967,0.277136,-0.0427086,-0.485093,-0.196945
2.11533,0.955908,1.44056,0.285737,-0.0411321,-0.491079,-0.207002
2.12055,0.955002,1.40504,0.295274,-0.0376961,-0.498492,-0.218855
2.12541,0.953756,1.36847,0.304016,-0.0373165,-0.50772,-0.22968
2.13029,0.951579,1.32947,0.313949,-0.0351765,-0.517244,-0.24072
2.13531,0.949442,1.2876,0.325371,-0.0423276,-0.524008,-0.253099
2.14029,0.946166,1.24337,0.337646,-0.0447132,-0.527875,-0.264272
2.14538,0.941601,1.19957,0.352188,-0.041722,-0.529508,-0.27232
2.15038,0.936843,1.15545,0.366775,-0.0392482,-0.532013,-0.277885
2.15535,0.931168,1.11244,0.38354,-0.0335623,-0.533478,-0.279069
2.16052,0.923561,1.06611,0.401924,-0.025243,-0.53521,-0.276462
2.16552,0.9148,1.01889,0.420018,-0.0205222,-0.537858,-0.269209
2.17029,0.904958,0.972432,0.438173,-0.011682,-0.540628,-0.25728
2.17531,0.895138,0.923344,0.456911,0.00209629,-0.541764,-0.243432
2.18053,0.884509,0.872174,0.476516,0.0147827,-0.540573,-0.224913
2.18558,0.872535,0.819476,0.492987,0.0199174,-0.538553,-0.204957
2.19051,0.859558,0.767783,0.509387,0.0247063,-0.533726,-0.185897
2.19536,0.846524,0.722597,0.529991,0.0325251,-0.523914,-0.164274
2.20026,0.832793,0.673867,0.549209,0.0365803,-0.51455,-0.143416
2.20538,0.817179,0.623738,0.568414,0.0425387,-0.505921,-0.117925
2.21038,0.801881,0.57419,0.586643,0.0472016,-0.49923,-0.0950069
2.21542,0.784525,0.529594,0.607725,0.0484036,-0.490614,-0.0687929
2.22035,0.766295,0.487441,0.628592,0.0510793,-0.482733,-0.0423045
2.22534,0.746806,0.441388,0.647481,0.060698,-0.479326,-0.0098075
2.23033,0.727606,0.396228,0.666687,0.0672397,-0.474071,0.0283492
2.23529,0.706891,0.355438,0.68609,0.0709969,-0.466954,0.0700241
2.24023,0.685927,0.312712,0.703288,0.0762002,-0.465199,0.109156
2.24523,0.663618,0.270453,0.720963,0.083279,-0.466172,0.147369
2.25023,0.638999,0.229892,0.737737,0.0865605,-0.465287,0.188237
2.25549,0.614298,0.184546,0.752964,0.0926671,-0.466664,0.23188
2.2603,0.591292,0.147887,0.768287,0.0973121,-0.462828,0.269609
2.26529,0.56687,0.115162,0.786162,0.100731,-0.456928,0.309363
2.27026,0.542828,0.0780848,0.799732,0.108159,-0.456165,0.353575
2.27524,0.519637,0.0491955,0.816493,0.109416,-0.454854,0.394701
2.28034,0.495676,0.0218944,0.833558,0.112377,-0.455181,0.438103
2.2853,0.47262,-0.00465356,0.849244,0.121892,-0.458417,0.481098
2.29033,0.450078,-0.0291195,0.86432,0.12597,-0.462965,0.526246
2.29522,0.427379,-0.0509356,0.877869,0.133099,-0.469821,0.569056
2.30038,0.40244,-0.0720087,0.891081,0.143961,-0.479633,0.613415
2.30541,0.376762,-0.0935078,0.903324,0.159285,-0.492213,0.654186
2.31036,0.352225,-0.115733,0.913489,0.170846,-0.5057,0.696057
2.31536,0.327407,-0.139495,0.921368,0.178598,-0.520661,0.730706
2.32041,0.302866,-0.161055,0.930744,0.192192,-0.530999,0.765872
2.32533,0.279805,-0.180034,0.940406,0.20339,-0.542503,0.794668
2.33019,0.256741,-0.200726,0.948434,0.218525,-0.553043,0.821544
2.33523,0.23281,-0.220676,0.956782,0.228579,-0.563346,0.853125
2.34037,0.208054,-0.237728,0.967529,0.233987,-0.573677,0.886933
2.34529,0.185104,-0.256684,0.976825,0.233837,-0.583035,0.913269
2.35025,0.161662,-0.27672,0.987009,0.236113,-0.591513,0.93784
2.35526,0.137091,-0.293704,0.99899,0.235346,-0.597252,0.961561
2.36029,0.111676,-0.316624,1.00635,0.245058,-0.612229,0.984185
2.3655,0.0870312,-0.331863,1.01768,0.249088,-0.621003,1.00659
2.37038,0.0638585,-0.349496,1.02641,0.26407,-0.63107,1.01882
2.37533,0.0409602,-0.366869,1.03524,0.279614,-0.641064,1.03136
2.38044,0.0184569,-0.380978,1.04443,0.292471,-0.649903,1.04594
2.38526,-0.00266676,-0.392537,1.05313,0.308697,-0.661429,1.05892
2.39032,-0.0240181,-0.404315,1.06146,0.322857,-0.676444,1.06994
2.39532,-0.0448275,-0.420578,1.06567,0.329714,-0.695302,1.08143
2.40071,-0.0672909,-0.430373,1.07565,0.350928,-0.710647,1.09027
2.4053,-0.0854949,-0.43702,1.08432,0.366326,-0.724091,1.09022
2.41059,-0.112443,-0.447938,1.09545,0.365597,-0.741917,1.09051
2.41517,-0.140499,-0.45899,1.1069,0.37307,-0.758333,1.09088
2.42042,-0.171116,-0.475204,1.11694,0.378714,-0.780477,1.09254
2.42527,-0.198984,-0.483382,1.13002,0.384615,-0.796424,1.09239
2.43025,-0.227907,-0.491265,1.14322,0.392424,-0.81235,1.09154
2.43524,-0.255936,-0.501803,1.15312,0.401714,-0.831724,1.09208
2.44028,-0.284355,-0.51152,1.1621,0.401698,-0.848161,1.09685
2.44517,-0.310637,-0.521033,1.17016,0.407699,-0.86232,1.09962
2.45025,-0.338721,-0.537739,1.17228,0.407944,-0.882077,1.10163
2.45529,-0.363283,-0.551746,1.1756,0.396087,-0.900896,1.10106
2.46031,-0.387654,-0.564125,1.17875,0.387603,-0.918763,1.09918
2.46541,-0.412188,-0.57509,1.18179,0.382227,-0.935958,1.09604
2.47029,-0.43469,-0.583275,1.18571,0.389542,-0.951087,1.09353
2.47534,-0.456975,-0.591727,1.18999,0.396931,-0.967444,1.09384
2.48034,-0.478182,-0.60361,1.19249,0.400845,-0.980402,1.0888
2.48534,-0.498923,-0.612994,1.1959,0.407601,-0.99357,1.08963
2.49041,-0.519693,-0.621608,1.19897,0.41246,-1.00683,1.0913
2.49526,-0.540479,-0.632287,1.20104,0.418381,-1.02156,1.08955
2.50043,-0.560861,-0.638016,1.20617,0.410612,-1.03248,1.08917
2.50525,-0.579601,-0.644806,1.2094,0.406043,-1.04239,1.08451
2.51028,-0.59843,-0.64678,1.21439,0.396077,-1.04921,1.07892
2.51525,-0.617465,-0.646476,1.21956,0.388815,-1.05518,1.07466
2.52032,-0.635709,-0.648654,1.22315,0.391513,-1.05968,1.0702
2.52525,-0.654765,-0.652806,1.22307,0.386833,-1.06446,1.06607
2.53025,-0.671342,-0.650889,1.22671,0.377513,-1.06411,1.06373
2.53522,-0.687511,-0.654213,1.22644,0.375364,-1.06843,1.05379
2.54027,-0.704499,-0.655866,1.22674,0.374187,-1.07283,1.04185
2.54538,-0.722015,-0.647283,1.23242,0.377934,-1.07076,1.03574
2.55039,-0.738889,-0.637482,1.23726,0.384284,-1.06967,1.0295
2.55523,-0.755846,-0.632156,1.23823,0.377493,-1.07339,1.02224
2.56049,-0.775108,-0.623185,1.23954,0.377206,-1.07452,1.01416
2.5653,-0.793198,-0.612778,1.24084,0.378459,-1.07478,1.00686
2.57032,-0.810782,-0.599903,1.24284,0.378732,-1.07384,0.997947
2.5754,-0.827112,-0.588511,1.2427,0.378821,-1.07394,0.989709
2.58064,-0.843941,-0.581911,1.24017,0.38399,-1.07551,0.979544
2.58557,-0.857948,-0.570202,1.24026,0.381174,-1.0745,0.9688
2.59027,-0.871285,-0.558162,1.24056,0.380947,-1.07385,0.959017
2.5953,-0.884944,-0.546665,1.24032,0.382271,-1.07502,0.951742
2.60036,-0.899121,-0.535513,1.24007,0.386445,-1.07772,0.943924
2.60541,-0.91457,-0.526237,1.23775,0.385035,-1.08321,0.933207
2.61035,-0.929404,-0.524542,1.23403,0.387327,-1.09225,0.923044
2.61526,-0.944396,-0.523976,1.23183,0.388486,-1.10237,0.910916
2.62038,-0.95928,-0.513994,1.23476,0.388627,-1.10684,0.905293
2.62529,-0.972642,-0.503739,1.23745,0.386377,-1.1117,0.900655
2.63036,-0.987853,-0.498065,1.23617,0.377415,-1.1235,0.887003
2.63526,-1.00033,-0.49361,1.23447,0.373169,-1.13351,0.878119
2.64035,-1.01284,-0.487031,1.23242,0.38031,-1.13815,0.871215
2.64524,-1.02344,-0.47449,1.2351,0.384686,-1.13485,0.863574
2.65028,-1.03523,-0.464199,1.23453,0.391326,-1.13176,0.856251
2.65553,-1.0469,-0.451121,1.23528,0.395218,-1.12588,0.851064
2.66031,-1.05723,-0.442135,1.23295,0.39733,-1.1266,0.847425
2.66554,-1.06937,-0.434212,1.22885,0.405208,-1.12793,0.840938
2.67067,-1.08036,-0.425497,1.22415,0.408649,-1.12509,0.830772
2.67533,-1.09101,-0.416086,1.22033,0.410169,-1.12087,0.821611
2.68035,-1.1006,-0.401216,1.21928,0.40411,-1.11595,0.815163
2.68534,-1.11045,-0.385667,1.21839,0.399435,-1.11353,0.810126
2.69066,-1.12237,-0.370805,1.21473,0.382027,-1.11251,0.798761
2.69536,-1.13325,-0.356054,1.21144,0.367748,-1.11291,0.788167
2.70046,-1.14346,-0.342805,1.20605,0.363651,-1.1139,0.778738
2.70536,-1.15379,-0.329806,1.2008,0.362683,-1.11548,0.77108
2.7104,-1.16519,-0.310034,1.19847,0.363902,-1.11376,0.765924
2.71533,-1.17407,-0.299149,1.19038,0.376701,-1.1198,0.757874
2.72051,-1.18473,-0.283248,1.18644,0.37423,-1.12729,0.752467
2.72529,-1.19243,-0.268859,1.18303,0.385178,-1.13603,0.74784
2.73027,-1.20072,-0.252797,1.18027,0.383747,-1.14515,0.743072
2.73552,-1.20922,-0.234286,1.17688,0.394406,-1.15564,0.738266
2.74056,-1.21587,-0.217274,1.17289,0.39431,-1.16966,0.732007
2.74535,-1.22219,-0.200336,1.16946,0.394296,-1.18494,0.723677
2.75043,-1.22999,-0.184374,1.16413,0.395273,-1.20611,0.712738
2.75533,-1.23692,-0.162829,1.16325,0.389582,-1.22261,0.704368
2.76064,-1.24398,-0.148678,1.15558,0.392138,-1.24723,0.690593
2.76538,-1.24895,-0.132701,1.15213,0.398267,-1.26523,0.679345
2.77027,-1.25459,-0.119202,1.14531,0.382941,-1.28846,0.66447
2.7753,-1.26037,-0.102885,1.13923,0.381262,-1.31316,0.652907
2.78047,-1.26694,-0.0866374,1.13335,0.36749,-1.3404,0.644986
2.78557,-1.2697,-0.0721391,1.12569,0.373064,-1.37099,0.632119
2.79036,-1.27291,-0.0595437,1.11764,0.381877,-1.39882,0.625487
2.7953,-1.27433,-0.0440161,1.11176,0.384569,-1.42559,0.616048
2.80038,-1.27618,-0.0247431,1.10754,0.394906,-1.44832,0.609521
2.80528,-1.27585,-0.00933096,1.10072,0.404657,-1.47209,0.602237
2.81028,-1.27667,0.00867766,1.09538,0.406068,-1.49658,0.591304
2.81532,-1.27698,0.0254686,1.08842,0.421019,-1.52287,0.584805
2.82027,-1.27745,0.0431994,1.08204,0.433824,-1.54872,0.57773
2.8254,-1.27751,0.0590668,1.07244,0.446206,-1.58049,0.571552
2.83026,-1.27654,0.0741805,1.06677,0.451074,-1.61006,0.563807
2.83525,-1.27532,0.0863262,1.06069,0.456676,-1.64641,0.557837
2.84036,-1.27343,0.0911268,1.05277,0.466529,-1.69165,0.554654
2.84525,-1.27169,0.0948957,1.04688,0.477715,-1.73476,0.55233
2.85037,-1.26787,0.0983378,1.04145,0.480303,-1.77935,0.54877
2.85532,-1.26397,0.101449,1.03584,0.495531,-1.82353,0.545429
2.86029,-1.26069,0.108357,1.03084,0.502658,-1.87172,0.544829
2.86527,-1.25503,0.11839,1.02668,0.513389,-1.91725,0.544714
2.87035,-1.24983,0.129732,1.02243,0.518844,-1.96801,0.545398
2.87532,-1.24399,0.142577,1.01863,0.522278,-2.0186,0.545094
2.88068,-1.23638,0.157199,1.01285,0.534591,-2.06862,0.547852
2.88524,-1.23021,0.171815,1.00859,0.546185,-2.10438,0.550493
2.89058,-1.22254,0.186697,1.00082,0.550327,-2.15274,0.550502
2.89527,-1.21458,0.200341,0.992954,0.569679,-2.19169,0.546442
2.90024,-1.20488,0.219171,0.987557,0.579263,-2.22992,0.544523
2.90531,-1.19562,0.236725,0.979714,0.590337,-2.26925,0.538425
2.91036,-1.18584,0.262676,0.976632,0.594159,-2.30311,0.528161
2.91531,-1.17949,0.28025,0.96756,0.586916,-2.33651,0.523679
2.92028,-1.17959,0.301755,0.960344,0.583546,-2.37187,0.522862
2.92525,-1.17286,0.322939,0.952952,0.587995,-2.398,0.51513
2.93052,-1.16503,0.347335,0.94618,0.593993,-2.42249,0.504645
2.93525,-1.1573,0.371261,0.942001,0.600118,-2.44235,0.501069
2.94027,-1.15028,0.397454,0.93694,0.608768,-2.45402,0.494254
2.94529,-1.14277,0.423034,0.931296,0.615563,-2.4651,0.491826
2.95042,-1.13499,0.449421,0.92672,0.6182,-2.47103,0.490312
2.95533,-1.12731,0.474843,0.921745,0.625632,-2.47839,0.489877
2.9604,-1.11982,0.499621,0.913986,0.634292,-2.49068,0.489117
2.96557,-1.11141,0.523579,0.905298,0.636227,-2.50765,0.484053
2.97033,-1.10219,0.544022,0.896465,0.637105,-2.52599,0.482652
2.97525,-1.09196,0.57388,0.892485,0.645723,-2.5402,0.483809
2.98044,-1.08292,0.591325,0.87964,0.636594,-2.56697,0.483424
2.98545,-1.0722,0.613562,0.87225,0.636314,-2.59155,0.481931
2.99034,-1.06104,0.641224,0.868047,0.641815,-2.60996,0.479486
2.99534,-1.05008,0.669046,0.86393,0.646307,-2.63003,0.47789
3.0003,-1.03826,0.691917,0.856204,0.641276,-2.65274,0.476307
3.00531,-1.0272,0.718219,0.850541,0.640055,-2.67372,0.477634
3.01057,-1.01753,0.744421,0.844291,0.639699,-2.69952,0.478495
3.01546,-1.00652,0.768167,0.838197,0.637119,-2.71452,0.479447
3.02027,-0.994816,0.789355,0.832485,0.628399,-2.72901,0.477607
3.02538,-0.981577,0.809342,0.824916,0.616967,-2.74234,0.478786
3.03043,-0.969882,0.829039,0.817756,0.621291,-2.75267,0.478168
3.03539,-0.958367,0.851501,0.813799,0.616534,-2.76101,0.475645
3.04042,-0.944656,0.875366,0.809961,0.607586,-2.76714,0.480935
3.04534,-0.93179,0.894875,0.803848,0.60919,-2.77423,0.486543
3.0503,-0.91765,0.916048,0.798941,0.605257,-2.78189,0.491258
3.05542,-0.905912,0.936972,0.792269,0.603618,-2.79458,0.501073
3.06036,-0.895518,0.958267,0.785796,0.600833,-2.80974,0.509791
3.06529,-0.884351,0.981826,0.781836,0.603499,-2.82484,0.512209
3.07034,-0.872782,1.00075,0.774659,0.604837,-2.84504,0.519102
3.0753,-0.860169,1.02215,0.769587,0.599403,-2.8574,0.525977
3.08027,-0.846907,1.03848,0.761855,0.592751,-2.87603,0.529776
3.08529,-0.832333,1.06084,0.758921,0.587081,-2.88713,0.536511
3.09031,-0.818363,1.07982,0.753169,0.588071,-2.90121,0.546278
3.09544,-0.803781,1.09836,0.74682,0.583615,-2.91222,0.553649
3.10044,-0.790875,1.11983,0.741751,0.57963,-2.91747,0.562258
3.10531,-0.779453,1.13549,0.733492,0.581825,-2.92572,0.567187
3.11056,-0.764926,1.15187,0.724051,0.583685,-2.93381,0.573973
3.11528,-0.752681,1.16893,0.717777,0.58574,-2.93894,0.583945
3.12027,-0.738916,1.18421,0.709161,0.587211,-2.94994,0.589281
3.12523,-0.726707,1.1963,0.698773,0.576692,-2.9635,0.594047
3.13035,-0.711723,1.21377,0.691417,0.571488,-2.9743,0.599963
3.13547,-0.69525,1.22711,0.681722,0.57413,-2.98872,0.605338
3.1403,-0.681058,1.23901,0.67276,0.578297,-3.0055,0.608693
3.14551,-0.663639,1.25496,0.665346,0.570133,-3.01798,0.613661
3.15043,-0.647731,1.26869,0.65738,0.571668,-3.0278,0.617279
3.15532,-0.632395,1.28027,0.647783,0.558007,-3.0377,0.621909
3.16031,-0.616159,1.29208,0.638346,0.55445,-3.04648,0.622371
3.1652,-0.598491,1.30779,0.631801,0.551087,-3.05388,0.624988
3.17019,-0.582218,1.3208,0.622846,0.537666,-3.06197,0.633659
3.17531,-0.563378,1.33998,0.618303,0.537819,-3.06644,0.63311
3.18034,-0.547131,1.35141,0.609206,0.531581,-3.07642,0.636546
3.18546,-0.530164,1.36203,0.599529,0.521412,-3.09025,0.635439
3.19039,-0.51334,1.37388,0.592289,0.513617,-3.10344,0.631781
3.19534,-0.494601,1.38767,0.586429,0.508743,-3.10745,0.632587
3.20026,-0.476242,1.40091,0.580755,0.503709,-3.1116,0.636098
3.20542,-0.456483,1.40715,0.571148,0.494663,-3.11847,0.642216
3.21035,-0.438935,1.41351,0.562196,0.486452,-3.12371,0.648458
3.21532,-0.421967,1.42647,0.557967,0.488789,-3.12722,0.65384
3.22027,-0.405151,1.43041,0.548918,0.487279,-3.1351,0.661257
3.22549,-0.386231,1.43884,0.543302,0.484752,-3.13854,0.6662
3.23031,-0.369098,1.44551,0.537616,0.484572,-3.14401,0.672483
3.23522,-0.350167,1.45199,0.531054,0.491009,-3.15367,0.675173
3.24045,-0.332563,1.4551,0.522204,0.484241,-3.16852,0.680551
3.24529,-0.314903,1.4576,0.513962,0.478291,-3.18075,0.684257
3.25042,-0.296725,1.46225,0.506951,0.476577,-3.19073,0.689292
3.2553,-0.282206,1.4659,0.499305,0.47327,-3.20216,0.692068
3.2603,-0.262873,1.47335,0.495093,0.469311,-3.21057,0.696571
3.26525,-0.2435,1.47837,0.489401,0.455548,-3.21847,0.703148
3.27028,-0.224097,1.48503,0.484044,0.452155,-3.22178,0.704458
3.27529,-0.205557,1.48849,0.47786,0.452631,-3.22759,0.7081
3.28032,-0.186049,1.48742,0.46909,0.443388,-3.23248,0.706382
3.28534,-0.167448,1.4867,0.460741,0.438879,-3.24007,0.706075
3.29032,-0.147631,1.48489,0.452812,0.433985,-3.25134,0.707437
3.29573,-0.126092,1.48649,0.446968,0.434591,-3.26048,0.708494
3.30057,-0.107708,1.47947,0.43686,0.430674,-3.27023,0.706748
3.30556,-0.0900704,1.47101,0.426777,0.432685,-3.27614,0.704016
3.31034,-0.0732896,1.46788,0.419877,0.430174,-3.28051,0.706291
3.31541,-0.0533017,1.46358,0.413319,0.424653,-3.28242,0.700401
3.32055,-0.0337753,1.46027,0.408384,0.425766,-3.28092,0.698406
3.32542,-0.0163921,1.4565,0.403908,0.423393,-3.27927,0.695623
3.33038,3.69846e-05,1.44928,0.396124,0.416723,-3.28199,0.689696
3.33545,0.0186027,1.44057,0.387929,0.406902,-3.28819,0.685719
3.3403,0.0328206,1.43181,0.378921,0.402947,-3.30343,0.683931
3.34537,0.0490402,1.43038,0.373942,0.403534,-3.31076,0.679334
3.35053,0.064248,1.42796,0.368925,0.399246,-3.32254,0.673617
3.35532,0.0777939,1.42322,0.362467,0.402503,-3.33247,0.67249
3.36041,0.0940487,1.41791,0.355478,0.401227,-3.34065,0.666823
3.36544,0.108883,1.41511,0.349224,0.404676,-3.34715,0.666478
3.37041,0.124333,1.41375,0.344455,0.404259,-3.35092,0.666814
3.37551,0.137424,1.40675,0.336083,0.404411,-3.359,0.660602
3.38034,0.149599,1.39938,0.328084,0.405193,-3.3665,0.661354
3.38529,0.164002,1.39203,0.321029,0.404257,-3.3717,0.65902
3.39028,0.174482,1.37968,0.312048,0.400508,-3.38205,0.658568
3.39528,0.185485,1.37534,0.309363,0.39392,-3.38142,0.653682
3.40046,0.195252,1.36636,0.30525,0.38475,-3.38394,0.649137
3.40528,0.201932,1.35784,0.301903,0.377114,-3.38797,0.644807
3.4106,0.212437,1.35095,0.299981,0.36709,-3.38917,0.642606
3.41544,0.219592,1.33641,0.290529,0.358792,-3.3914,0.637649
3.42049,0.231583,1.32096,0.279163,0.349091,-3.38911,0.62977
3.42531,0.239745,1.30668,0.268066,0.338245,-3.39344,0.626597
3.4303,0.250492,1.29019,0.255864,0.333186,-3.398,0.625291
3.43527,0.261044,1.27236,0.242756,0.32065,-3.40241,0.621751
3.44031,0.270767,1.25814,0.231837,0.316716,-3.41219,0.617641
3.44528,0.279253,1.24452,0.221223,0.308957,-3.42483,0.613266
3.45028,0.288652,1.22831,0.210821,0.29689,-3.4302,0.609912
3.45531,0.29668,1.21147,0.20082,0.281313,-3.43341,0.606099
3.46032,0.305007,1.19783,0.193376,0.273565,-3.4342,0.603115
3.4653,0.310725,1.18287,0.185669,0.267699,-3.43089,0.596536
3.4703,0.316735,1.1666,0.178526,0.256315,-3.4286,0.585421
3.4753,0.321558,1.14297,0.16801,0.238639,-3.42902,0.575993
3.48031,0.325565,1.12541,0.161258,0.228642,-3.4324,0.571261
3.4853,0.328007,1.1002,0.150044,0.217557,-3.43765,0.563714
3.49041,0.330825,1.08079,0.142402,0.206128,-3.43967,0.554262
3.49528,0.33425,1.06369,0.13571,0.19641,-3.44063,0.548979
3.50034,0.336843,1.04482,0.127758,0.185314,-3.44134,0.541439
3.50531,0.338844,1.0237,0.118031,0.175935,-3.44089,0.536734
3.51033,0.337274,1.00446,0.10896,0.169245,-3.44674,0.535595
3.51546,0.334251,0.982616,0.0987226,0.165256,-3.45181,0.531614
3.52042,0.334947,0.963226,0.0909413,0.162796,-3.45479,0.530344
3.52523,0.331334,0.945777,0.0850391,0.162918,-3.46136,0.530001
3.53041,0.327964,0.916695,0.0755015,0.161129,-3.46751,0.522446
3.53538,0.323187,0.889673,0.0682134,0.159692,-3.4693,0.523635
3.54029,0.32016,0.866228,0.0650473,0.156908,-3.4679,0.525083
3.54533,0.316468,0.841861,0.0641407,0.154258,-3.46122,0.52345
3.55036,0.314461,0.817343,0.0642714,0.151146,-3.45388,0.523397
3.55544,0.311833,0.795709,0.0678718,0.148437,-3.44489,0.527839
3.56029,0.307842,0.774763,0.0720914,0.14871,-3.43974,0.525668
3.56524,0.303211,0.753996,0.0767984,0.1481,-3.43129,0.52105
3.57026,0.299024,0.734442,0.08308,0.152779,-3.42537,0.520674
3.57524,0.294197,0.715848,0.0899442,0.158797,-3.42182,0.522541
3.58024,0.287025,0.693515,0.0952799,0.166447,-3.41769,0.518423
3.58522,0.280648,0.673394,0.102554,0.178834,-3.40751,0.515735
3.59028,0.272954,0.650809,0.110045,0.193858,-3.39935,0.510711
3.59526,0.261299,0.624459,0.11545,0.211046,-3.39881,0.504937
3.60045,0.251618,0.593842,0.119798,0.229703,-3.39845,0.501196
3.60529,0.243199,0.56927,0.12608,0.249747,-3.39588,0.498721
3.6103,0.236176,0.544639,0.132958,0.270402,-3.39267,0.495079
3.61527,0.226047,0.523829,0.142325,0.295711,-3.39163,0.490234
3.6204,0.215188,0.502851,0.151671,0.320379,-3.38701,0.486083
3.62537,0.206394,0.480723,0.158128,0.341056,-3.38251,0.482961
3.63024,0.197564,0.46025,0.165461,0.364659,-3.37779,0.475265
3.63523,0.189616,0.440426,0.173269,0.387052,-3.37204,0.475637
3.64034,0.17838,0.415305,0.17965,0.40856,-3.37062,0.469741
3.64523,0.164573,0.387555,0.184402,0.42925,-3.37489,0.466337
3.65029,0.152446,0.36533,0.193717,0.448381,-3.36626,0.463731
3.65524,0.137813,0.338339,0.20093,0.474083,-3.36194,0.460831
3.6602,0.122785,0.313503,0.210119,0.493778,-3.35847,0.460491
3.66522,0.108874,0.288015,0.220398,0.509939,-3.34762,0.462724
3.67026,0.0941432,0.264766,0.232672,0.526229,-3.33163,0.460344
3.6753,0.0779057,0.24101,0.243985,0.54581,-3.31946,0.459995
3.68034,0.0626546,0.218767,0.255636,0.563452,-3.30715,0.460836
3.68527,0.0470842,0.197845,0.266471,0.580614,-3.29948,0.461243
3.69029,0.029719,0.175022,0.277182,0.609038,-3.29282,0.459201
3.69559,0.0123286,0.15164,0.288956,0.6258,-3.28156,0.460825
3.70031,-0.00499539,0.133069,0.301225,0.64437,-3.26689,0.46272
3.7054,-0.02143,0.107986,0.311765,0.663397,-3.25452,0.46353
3.71034,-0.0415495,0.0802679,0.320963,0.682635,-3.2434,0.4668
3.71535,-0.0623221,0.0505835,0.329569,0.702235,-3.23179,0.468377
3.72038,-0.0841842,0.0236262,0.340944,0.73375,-3.2189,0.46286
3.72537,-0.105348,-0.0040656,0.352126,0.758987,-3.2038,0.455026
3.73041,-0.126328,-0.0363675,0.359883,0.770249,-3.18951,0.449355
3.73537,-0.144131,-0.0595329,0.371644,0.783264,-3.16546,0.443888
3.74023,-0.166114,-0.0880047,0.378815,0.790791,-3.15382,0.432901
3.74524,-0.188169,-0.11283,0.387123,0.795347,-3.13347,0.42674
3.7502,-0.207538,-0.137358,0.39577,0.796782,-3.10785,0.421872
3.75519,-0.228126,-0.164706,0.403124,0.803512,-3.08261,0.416415
3.76018,-0.246966,-0.189142,0.412758,0.812432,-3.05415,0.412685
3.76526,-0.270645,-0.218186,0.420187,0.813105,-3.02863,0.407668
3.77017,-0.292876,-0.240858,0.43064,0.817932,-3.00191,0.4018
3.77519,-0.312675,-0.269812,0.438108,0.815981,-2.97554,0.39771
3.78045,-0.335721,-0.295343,0.447866,0.816165,-2.94658,0.392729
3.78521,-0.354571,-0.318973,0.456364,0.811276,-2.91854,0.389901
3.79028,-0.380546,-0.34493,0.464193,0.806851,-2.88822,0.385527
3.7952,-0.40256,-0.365146,0.474018,0.802165,-2.85846,0.385901
3.80026,-0.427757,-0.389992,0.482295,0.798835,-2.83199,0.380962
3.8052,-0.456738,-0.413395,0.489557,0.787787,-2.80777,0.380008
3.81029,-0.483451,-0.434059,0.499549,0.785686,-2.78065,0.378647
3.81524,-0.508516,-0.459925,0.506195,0.781999,-2.75485,0.380191
3.82047,-0.535881,-0.489578,0.512197,0.776852,-2.73046,0.377688
3.82524,-0.562635,-0.515272,0.518005,0.773216,-2.70458,0.382203
3.83024,-0.589563,-0.538909,0.525627,0.773752,-2.67722,0.383228
3.83524,-0.614033,-0.562893,0.532646,0.767838,-2.65006,0.384955
3.84026,-0.63984,-0.583522,0.541556,0.765839,-2.61899,0.387868
3.84527,-0.66546,-0.605553,0.548264,0.759739,-2.58751,0.392849
3.85036,-0.692054,-0.630237,0.553491,0.751935,-2.55755,0.39352
3.85519,-0.718433,-0.653853,0.557416,0.745048,-2.53523,0.398755
3.86019,-0.745084,-0.67641,0.56218,0.739098,-2.50779,0.402238
3.86526,-0.770602,-0.698143,0.566668,0.729543,-2.47762,0.406439
3.8702,-0.798555,-0.724442,0.567618,0.712819,-2.45087,0.415342
3.87523,-0.824731,-0.752165,0.568291,0.699861,-2.4221,0.422518
3.88049,-0.851583,-0.774884,0.573128,0.687474,-2.39075,0.421011
3.88525,-0.87477,-0.799071,0.576331,0.679413,-2.36477,0.421571
3.89026,-0.899442,-0.818552,0.583186,0.672996,-2.32956,0.423501
3.89517,-0.921723,-0.838997,0.587809,0.662802,-2.30007,0.422444
3.90026,-0.944797,-0.859938,0.591439,0.652844,-2.26466,0.418325
3.90525,-0.971389,-0.870836,0.599956,0.642769,-2.22909,0.416323
3.9102,-1.00029,-0.884778,0.604823,0.631298,-2.20117,0.413065
3.91535,-1.02761,-0.898111,0.608424,0.624264,-2.17226,0.403222
3.92024,-1.05739,-0.918747,0.605182,0.619798,-2.15394,0.393916
3.92535,-1.08685,-0.940881,0.602244,0.614157,-2.13585,0.385925
3.93035,-1.11131,-0.963279,0.599898,0.604248,-2.11032,0.373591
3.93519,-1.13953,-0.980629,0.599641,0.600834,-2.08956,0.367848
3.94021,-1.16621,-1.00333,0.597899,0.58232,-2.06208,0.360393
3.94525,-1.19132,-1.02281,0.598312,0.565783,-2.03862,0.355426
3.95015,-1.21403,-1.04146,0.598054,0.547167,-2.0092,0.349365
3.95522,-1.23979,-1.06112,0.596999,0.531914,-1.97931,0.349783
3.96027,-1.2659,-1.07603,0.598631,0.529223,-1.95255,0.345915
3.96541,-1.28835,-1.08777,0.601097,0.516412,-1.91979,0.339213
3.97019,-1.3132,-1.10467,0.599414,0.509018,-1.90011,0.340722
3.97519,-1.33902,-1.11947,0.598907,0.507797,-1.87446,0.337323
3.98025,-1.36316,-1.13135,0.60002,0.50938,-1.84983,0.334551
3.98528,-1.39143,-1.14902,0.59825,0.509696,-1.83526,0.333607
3.99043,-1.41619,-1.15872,0.60188,0.512832,-1.81313,0.3318
3.99534,-1.43917,-1.17587,0.600392,0.502888,-1.79844,0.331684
4.00038,-1.46053,-1.18988,0.600902,0.504373,-1.78094,0.334448
4.00522,-1.47878,-1.20395,0.600364,0.505538,-1.76253,0.338516
4.01041,-1.49815,-1.21932,0.599271,0.4984,-1.74089,0.344532
4.01546,-1.51426,-1.23445,0.598582,0.490417,-1.7167,0.352729
4.02046,-1.53497,-1.24206,0.601104,0.490648,-1.69703,0.359664
4.02533,-1.55644,-1.25531,0.600177,0.494372,-1.6801,0.364544
4.03027,-1.57594,-1.26818,0.59972,0.494039,-1.66137,0.369627
4.03534,-1.59633,-1.28346,0.596753,0.487061,-1.64413,0.378941
4.0403,-1.61708,-1.29364,0.596902,0.488575,-1.62413,0.385748
4.04529,-1.6368,-1.31028,0.593361,0.473297,-1.60558,0.393571
4.05055,-1.65407,-1.32894,0.589678,0.455849,-1.58057,0.403438
4.05557,-1.67291,-1.347,0.585729,0.445682,-1.56003,0.411601
4.06029,-1.69093,-1.36178,0.583896,0.438553,-1.53945,0.416213
4.06558,-1.71084,-1.3735,0.584346,0.426109,-1.51053,0.421993
4.07028,-1.72889,-1.38583,0.583206,0.41784,-1.48662,0.426539
4.07531,-1.74716,-1.4002,0.581354,0.41064,-1.46048,0.429912
4.08027,-1.76572,-1.41031,0.580653,0.409203,-1.43752,0.427535
4.08524,-1.77989,-1.42269,0.577723,0.39579,-1.4122,0.430307
4.09037,-1.79605,-1.43448,0.573879,0.387677,-1.38901,0.436868
4.09547,-1.81005,-1.44713,0.569701,0.379579,-1.36497,0.438891
4.10029,-1.82565,-1.45454,0.569553,0.387578,-1.34272,0.44504
4.10527,-1.84018,-1.46994,0.564518,0.384812,-1.32137,0.447884
4.11044,-1.85424,-1.48609,0.559946,0.383222,-1.29991,0.45217
4.11534,-1.8668,-1.50199,0.554361,0.377644,-1.27693,0.463837
4.12059,-1.87796,-1.52003,0.548738,0.361186,-1.25526,0.473586
4.12555,-1.88762,-1.53513,0.543107,0.349495,-1.23401,0.480649
4.13027,-1.8972,-1.55046,0.536871,0.34368,-1.21428,0.49151
4.13528,-1.90756,-1.56774,0.529891,0.330913,-1.1963,0.499481
4.14023,-1.91907,-1.57638,0.527572,0.327445,-1.17666,0.506397
4.14531,-1.93017,-1.58783,0.522984,0.318731,-1.15514,0.509103
4.15042,-1.94059,-1.5986,0.519482,0.30677,-1.13505,0.517465
4.15523,-1.94826,-1.60914,0.516952,0.293011,-1.11462,0.521485
4.16045,-1.95472,-1.61438,0.517315,0.288192,-1.08669,0.521651
4.16554,-1.96242,-1.6217,0.516362,0.277143,-1.06854,0.517912
4.17061,-1.96491,-1.62923,0.515789,0.264036,-1.04955,0.514294
4.17546,-1.96496,-1.63514,0.51584,0.24906,-1.02974,0.515814
4.18033,-1.96307,-1.64276,0.514749,0.237723,-1.00943,0.518982
4.1853,-1.95748,-1.65309,0.512925,0.225184,-0.987022,0.524879
4.19031,-1.95223,-1.66172,0.512043,0.220715,-0.968754,0.524999
4.19522,-1.94274,-1.67433,0.50893,0.208912,-0.951388,0.525675
4.20031,-1.9315,-1.68184,0.509123,0.20788,-0.928611,0.528366
4.20539,-1.9178,-1.69579,0.505349,0.191871,-0.911854,0.529845
4.21044,-1.90383,-1.70071,0.505825,0.186204,-0.893195,0.53083
4.2153,-1.88911,-1.70639,0.504548,0.182828,-0.87457,0.532139
4.22023,-1.86731,-1.71156,0.50395,0.168405,-0.854748,0.533416
4.22527,-1.84653,-1.71548,0.50301,0.168422,-0.834868,0.539333
4.23028,-1.82489,-1.72536,0.500712,0.165338,-0.818614,0.534594
4.23522,-1.79931,-1.73159,0.500488,0.156876,-0.798363,0.530271
4.24024,-1.77543,-1.73914,0.499835,0.163186,-0.778838,0.529412
4.24522,-1.74888,-1.74941,0.4977,0.154625,-0.75575,0.533318
4.25033,-1.71618,-1.75842,0.49643,0.154159,-0.72801,0.533218
4.25532,-1.68567,-1.76219,0.498176,0.154811,-0.699245,0.535007
4.26024,-1.65432,-1.76947,0.497842,0.150843,-0.673128,0.536617
4.26517,-1.62279,-1.77632,0.498058,0.144747,-0.644148,0.536028
4.27026,-1.58713,-1.78083,0.49941,0.149054,-0.609537,0.539668
4.27524,-1.54974,-1.78529,0.500357,0.150466,-0.571899,0.543701
4.28048,-1.51292,-1.7847,0.503027,0.149082,-0.53601,0.547288
4.2853,-1.4756,-1.78449,0.504964,0.146629,-0.503767,0.552642
4.29028,-1.43615,-1.78933,0.503603,0.134396,-0.480319,0.55274
4.29524,-1.39332,-1.79402,0.502314,0.119008,-0.461627,0.552071
4.30046,-1.35065,-1.79633,0.502362,0.121878,-0.448231,0.554158
4.30553,-1.30803,-1.79703,0.503162,0.11978,-0.438875,0.558586
4.31031,-1.26818,-1.79745,0.504124,0.115042,-0.43251,0.567674
4.31533,-1.22599,-1.80034,0.503746,0.101004,-0.429605,0.571097
4.3203,-1.18426,-1.80528,0.502286,0.0878127,-0.428747,0.575014
4.32538,-1.14206,-1.80797,0.50304,0.097249,-0.429571,0.579919
4.3304,-1.10022,-1.80461,0.507501,0.108459,-0.430338,0.583347
4.33543,-1.0551,-1.81142,0.506425,0.103179,-0.43388,0.581477
4.34034,-1.00918,-1.81759,0.506042,0.097221,-0.437901,0.582458
4.34525,-0.964738,-1.825,0.505088,0.0957287,-0.440684,0.589079
4.35047,-0.913911,-1.82888,0.506677,0.095004,-0.441537,0.588316
4.35542,-0.867694,-1.83029,0.509432,0.102918,-0.437717,0.583017
4.36026,-0.821398,-1.83426,0.510557,0.106156,-0.436207,0.577755
4.36538,-0.771835,-1.83753,0.511779,0.112145,-0.43326,0.578021
4.37029,-0.71848,-1.84387,0.511349,0.107016,-0.427536,0.56908
4.37535,-0.659097,-1.84311,0.514566,0.0965637,-0.412262,0.567006
4.38029,-0.601316,-1.83965,0.518493,0.092876,-0.394776,0.561798
4.38546,-0.535535,-1.84259,0.518507,0.0745539,-0.382495,0.558996
4.39045,-0.471693,-1.84193,0.520476,0.055864,-0.368067,0.557095
4.39533,-0.411694,-1.83754,0.524207,0.048364,-0.354004,0.557577
4.40028,-0.347711,-1.83856,0.524699,0.0322433,-0.34282,0.555392
4.40528,-0.279895,-1.83776,0.527407,0.0094806,-0.329875,0.553937
4.41031,-0.220003,-1.83522,0.530926,-0.00128779,-0.316914,0.552468
4.41533,-0.174114,-1.83592,0.530919,0.00757802,-0.313266,0.544647
4.42027,-0.130835,-1.83711,0.530254,0.0148135,-0.308737,0.53808
4.42539,-0.0849592,-1.83761,0.528596,0.0245452,-0.303482,0.532264
4.43033,-0.0341611,-1.84237,0.523803,0.0244235,-0.2978,0.529312
4.43521,0.0132559,-1.83892,0.521379,0.0219306,-0.280385,0.525216
4.44041,0.0633235,-1.83865,0.514963,0.0255102,-0.265944,0.517683
4.44531,0.11222,-1.83721,0.508494,0.021181,-0.249068,0.512387
4.4504,0.164938,-1.83748,0.49937,0.016579,-0.234574,0.504674
4.45532,0.214724,-1.83583,0.48981,0.0115593,-0.216551,0.502231
4.46033,0.266182,-1.83754,0.476704,-0.00185526,-0.201588,0.494228
4.46534,0.319149,-1.83558,0.464445,-0.0104083,-0.179979,0.488816
4.47031,0.365315,-1.83417,0.450555,-0.0131861,-0.166136,0.482117
4.47533,0.417355,-1.8339,0.434762,-0.0211311,-0.151063,0.484366
4.48042,0.464083,-1.83106,0.418732,-0.0218645,-0.136724,0.477135
4.48533,0.504708,-1.82672,0.402701,-0.0200688,-0.119377,0.479942
4.49038,0.547672,-1.82213,0.385386,-0.018732,-0.10053,0.485852
4.49526,0.590665,-1.81925,0.366843,-0.0244737,-0.0880852,0.486357
4.50042,0.639446,-1.81044,0.349953,-0.029472,-0.0761206,0.485787
4.50532,0.68621,-1.80289,0.333203,-0.0361984,-0.0665957,0.48237
4.51036,0.734131,-1.79662,0.313256,-0.0492693,-0.0541389,0.475539
4.51518,0.779834,-1.79074,0.292807,-0.0628482,-0.0458893,0.476031
4.52043,0.832572,-1.7837,0.270132,-0.0740879,-0.0379501,0.477347
4.52528,0.876359,-1.77514,0.249701,-0.0740307,-0.0337652,0.473657
4.53058,0.929826,-1.76548,0.228475,-0.0785459,-0.0227791,0.471443
4.53522,0.970106,-1.75473,0.211461,-0.07013,-0.0156119,0.464535
4.5402,1.01643,-1.74305,0.194389,-0.0686779,-0.00424943,0.459643
4.54533,1.06661,-1.73371,0.176056,-0.0677067,0.0060824,0.463973
4.55043,1.10855,-1.72444,0.15759,-0.057787,0.0118478,0.460955
4.55529,1.14764,-1.71492,0.139761,-0.0591578,0.0211516,0.45148
4.5606,1.19193,-1.70491,0.120293,-0.0584711,0.0359548,0.441394
4.56532,1.23211,-1.69641,0.103176,-0.0562632,0.0523173,0.432767
4.57033,1.26775,-1.68329,0.0868893,-0.0414086,0.07061,0.431787
4.57531,1.3042,-1.67151,0.0704434,-0.0267818,0.0888096,0.43135
4.58055,1.34492,-1.66431,0.050506,-0.0257039,0.105445,0.440555
4.58553,1.3842,-1.65913,0.0314528,-0.0218085,0.119483,0.452436
4.59052,1.42203,-1.64952,0.017082,-0.0137815,0.136032,0.45541
4.59534,1.45283,-1.64064,0.00280962,0.00555456,0.152765,0.45737
4.60028,1.48561,-1.63243,-0.0115286,0.0245836,0.171779,0.459996
4.6055,1.52331,-1.62846,-0.0290281,0.0244055,0.188988,0.467429
4.61052,1.56122,-1.62721,-0.0461211,0.0260988,0.206793,0.472068
4.61529,1.59449,-1.62399,-0.0602306,0.0339482,0.224911,0.468736
4.6203,1.62684,-1.62247,-0.0756043,0.043221,0.246682,0.461067
4.62542,1.65457,-1.62494,-0.0928376,0.0520856,0.262724,0.458767
4.63028,1.68361,-1.62115,-0.103819,0.0634499,0.288624,0.457653
4.6352,1.71741,-1.62309,-0.116885,0.0648845,0.308266,0.459569
4.64031,1.74494,-1.62228,-0.128132,0.0608632,0.331517,0.457109
4.64519,1.77421,-1.62371,-0.13955,0.0634257,0.350511,0.456669
4.65035,1.80574,-1.62542,-0.150407,0.0669731,0.369503,0.459263
4.65529,1.83524,-1.62578,-0.159253,0.0695212,0.38441,0.461729
4.66036,1.86746,-1.62807,-0.169415,0.0681928,0.396723,0.454946
4.66564,1.89418,-1.62251,-0.178193,0.0787046,0.409612,0.455963
4.67028,1.92143,-1.6195,-0.189046,0.0823787,0.411633,0.455608
4.67527,1.94324,-1.61208,-0.200019,0.0881729,0.418795,0.456053
4.6804,1.97271,-1.60259,-0.209082,0.0781933,0.430212,0.456891
4.68522,1.99411,-1.59185,-0.219274,0.0800303,0.435172,0.463164
4.69038,2.02274,-1.57395,-0.228432,0.0780908,0.442587,0.468493
4.6954,2.05075,-1.55309,-0.237286,0.0791207,0.449817,0.471662
4.70042,2.0714,-1.51952,-0.239854,0.0791339,0.46357,0.469572
4.70528,2.08852,-1.48523,-0.243671,0.0864379,0.473423,0.469491
4.71024,2.10628,-1.44808,-0.247939,0.0948571,0.480829,0.470906
4.71529,2.12642,-1.40812,-0.252315,0.10361,0.487536,0.473243
4.72049,2.1466,-1.36466,-0.255839,0.107281,0.495895,0.479331
4.72527,2.16524,-1.32076,-0.25745,0.105578,0.507528,0.483958
4.7303,2.18216,-1.2742,-0.260273,0.109425,0.515822,0.484346
4.73531,2.20018,-1.22751,-0.263552,0.114366,0.520591,0.484991
4.74036,2.21768,-1.1783,-0.266247,0.117662,0.522287,0.48885
4.74542,2.2407,-1.12361,-0.265878,0.119773,0.526737,0.493129
4.75049,2.25827,-1.07198,-0.268658,0.131471,0.523152,0.493636
4.75533,2.26947,-1.02264,-0.270812,0.138,0.522392,0.497651
4.76047,2.28176,-0.971708,-0.272989,0.146159,0.520642,0.496946
4.76537,2.2958,-0.919626,-0.271868,0.151164,0.523144,0.490423
4.77033,2.30627,-0.872367,-0.27432,0.161085,0.520547,0.488227
4.77533,2.32143,-0.823619,-0.274971,0.161904,0.521263,0.484673
4.78047,2.33459,-0.768746,-0.272759,0.167462,0.525089,0.487478
4.78566,2.34814,-0.71376,-0.271847,0.162937,0.522758,0.496464
4.79035,2.36145,-0.665086,-0.271608,0.161073,0.521183,0.505053
4.79531,2.371,-0.616443,-0.272544,0.16189,0.518013,0.505568
4.80044,2.38148,-0.568239,-0.273885,0.162587,0.512481,0.507592
4.80529,2.38543,-0.515556,-0.270438,0.162031,0.520129,0.509956
4.81018,2.39455,-0.471626,-0.270652,0.162312,0.524384,0.515238
4.81536,2.40465,-0.427463,-0.270361,0.16454,0.530095,0.521319
4.8204,2.41486,-0.382135,-0.267941,0.164041,0.532568,0.523944
4.82528,2.42631,-0.337562,-0.264592,0.159693,0.536422,0.529425
4.83025,2.43831,-0.294709,-0.261564,0.155765,0.53619,0.534076
4.83525,2.44302,-0.254924,-0.260756,0.154508,0.529119,0.534692
4.84052,2.4492,-0.214329,-0.260076,0.157664,0.518822,0.53682
4.84533,2.45532,-0.17083,-0.254555,0.160126,0.514586,0.5393
4.85025,2.45833,-0.131103,-0.251566,0.162587,0.511254,0.537385
4.85519,2.46218,-0.0873195,-0.244767,0.160462,0.514018,0.541195
4.86026,2.46287,-0.046681,-0.239165,0.159038,0.511994,0.544915
4.86523,2.46141,-0.00380413,-0.231478,0.161026,0.512682,0.553116
4.87023,2.46314,0.0445048,-0.221806,0.165239,0.512052,0.557894
4.87531,2.46377,0.0926757,-0.213357,0.174133,0.505203,0.566557
4.88035,2.46778,0.136207,-0.206539,0.174625,0.499349,0.579416
4.88535,2.4718,0.179537,-0.199308,0.182602,0.50062,0.59147
4.89054,2.48174,0.225183,-0.191469,0.192033,0.505174,0.60645
4.89523,2.48865,0.262846,-0.187236,0.199129,0.502565,0.614756
4.90032,2.49782,0.301243,-0.182846,0.203304,0.492654,0.620063
4.90519,2.50592,0.343368,-0.176062,0.206891,0.487372,0.624891
4.91041,2.52215,0.381591,-0.172593,0.214099,0.475409,0.624529
4.9153,2.53486,0.421061,-0.168107,0.220478,0.463596,0.62695
4.92025,2.55331,0.464804,-0.160699,0.22289,0.456337,0.624335
4.92535,2.56029,0.508621,-0.149953,0.236627,0.453354,0.628979
4.93037,2.54659,0.556227,-0.135812,0.259749,0.454112,0.623583
4.93529,2.53501,0.592643,-0.129338,0.284706,0.448749,0.615165
4.94051,2.52475,0.642134,-0.114913,0.301554,0.448926,0.612967
4.94552,2.51873,0.683686,-0.103985,0.31095,0.445434,0.604888
4.95041,2.51452,0.724062,-0.0941876,0.315591,0.439549,0.59586
4.9553,2.51088,0.761139,-0.0858773,0.327669,0.435776,0.587131
4.9605,2.50735,0.795083,-0.0789699,0.342135,0.433786,0.582953
4.96529,2.50218,0.830648,-0.0689856,0.353137,0.439203,0.580188
4.97026,2.4979,0.861546,-0.0613553,0.362002,0.441635,0.574892
4.97539,2.49392,0.894115,-0.0499966,0.371788,0.445001,0.57253
4.98048,2.49346,0.92106,-0.0396988,0.377023,0.4475,0.564847
4.98546,2.49369,0.943281,-0.0289443,0.384083,0.44904,0.559025
4.9906,2.49623,0.96821,-0.0157388,0.38934,0.452644,0.563769
4.99534,2.49294,0.987388,-0.00655223,0.394787,0.450983,0.557839
5.00025,2.48317,0.999915,-0.000578387,0.403782,0.443363,0.553412
5.00538,2.47422,1.01365,0.00634754,0.412455,0.439273,0.547901
5.01032,2.46449,1.0276,0.0137485,0.425,0.435572,0.547047
5.01528,2.46012,1.04007,0.0216915,0.436308,0.430148,0.547962
5.02031,2.45717,1.05063,0.0291716,0.44836,0.422608,0.545253
5.02545,2.44729,1.06137,0.0358034,0.465479,0.410557,0.54193
5.03029,2.44163,1.07533,0.0448236,0.478505,0.40587,0.545257
5.03544,2.43588,1.08437,0.0512208,0.494473,0.395686,0.546376
5.04061,2.42966,1.09091,0.0549935,0.507661,0.381751,0.544919
5.04538,2.41542,1.09966,0.0594476,0.519281,0.374292,0.540565
5.05037,2.40394,1.11051,0.0668772,0.523025,0.367132,0.542602
5.05538,2.39392,1.12543,0.0765081,0.522139,0.36613,0.540041
5.06043,2.38004,1.13291,0.0823754,0.514602,0.352163,0.541275
5.06528,2.36838,1.14329,0.0901944,0.498721,0.34271,0.543776
5.07054,2.35689,1.16026,0.103311,0.475671,0.342509,0.539553
5.07534,2.34655,1.16495,0.109923,0.451796,0.336392,0.537634
5.08048,2.33692,1.1732,0.119938,0.423996,0.333464,0.528597
5.08535,2.32763,1.17959,0.128001,0.393923,0.332829,0.528526
5.09035,2.31485,1.18854,0.138814,0.363881,0.336299,0.524182
5.09537,2.3053,1.19892,0.150123,0.333307,0.340828,0.523947
5.1004,2.29706,1.20576,0.159738,0.305944,0.344921,0.515479
5.10532,2.28491,1.21386,0.168599,0.280731,0.348937,0.509589
5.11031,2.27602,1.22556,0.180502,0.254168,0.355962,0.503251
5.11535,2.26568,1.22554,0.184514,0.229297,0.359628,0.500168
5.1203,2.25622,1.22271,0.187251,0.208887,0.367204,0.50112
5.12541,2.22809,1.23285,0.197362,0.186863,0.374106,0.50362
5.13038,2.20181,1.24107,0.206653,0.167182,0.378928,0.505106
5.1353,2.17967,1.24738,0.214487,0.144357,0.381355,0.504178
5.14037,2.15928,1.24984,0.219912,0.114227,0.381322,0.503212
5.14529,2.13747,1.2518,0.224265,0.0857257,0.383771,0.497249
5.15037,2.12175,1.25282,0.228551,0.060524,0.382665,0.493394
5.15525,2.10583,1.2507,0.231117,0.0399122,0.381224,0.483131
5.16038,2.088,1.24793,0.234727,0.0138827,0.382151,0.475094
5.1654,2.0747,1.24452,0.238793,-0.0174749,0.387499,0.473382
5.17026,2.06647,1.24015,0.242671,-0.0461378,0.390588,0.472726
5.17529,2.05378,1.23977,0.248632,-0.0810396,0.396888,0.473989
5.18031,2.03923,1.23841,0.2537,-0.115502,0.403948,0.470821
5.18522,2.02674,1.23177,0.253678,-0.149542,0.402733,0.474737
5.19054,2.0147,1.22899,0.256694,-0.18188,0.404467,0.468143
5.19536,2.00101,1.22308,0.255529,-0.202711,0.397864,0.466293
5.20036,1.98538,1.21843,0.255214,-0.220274,0.394306,0.461943
5.20528,1.97261,1.21636,0.256111,-0.229757,0.390707,0.459851
5.21027,1.95728,1.21087,0.254929,-0.243665,0.386184,0.45812
5.21533,1.93679,1.20072,0.250935,-0.256347,0.37406,0.456251
5.22046,1.92273,1.19251,0.248424,-0.273082,0.366398,0.455242
5.22535,1.90661,1.18776,0.24878,-0.276901,0.364138,0.453863
5.23027,1.88963,1.18675,0.252292,-0.284266,0.365927,0.457153
5.23527,1.87787,1.18995,0.259553,-0.285145,0.371551,0.452765
5.2403,1.86349,1.18608,0.261763,-0.295088,0.377029,0.449504
5.24565,1.84941,1.17641,0.259298,-0.30394,0.377267,0.441841
5.25029,1.83661,1.16818,0.255833,-0.309846,0.376913,0.436562
5.25533,1.82294,1.16594,0.25556,-0.316787,0.383275,0.437293
5.2603,1.80463,1.16364,0.254219,-0.322096,0.388554,0.429951
5.26528,1.78608,1.16068,0.251566,-0.326331,0.391478,0.420118
5.27043,1.77053,1.15974,0.249419,-0.33162,0.393997,0.416386
5.27528,1.75802,1.15788,0.247564,-0.339828,0.39152,0.411497
5.28064,1.74587,1.15167,0.243722,-0.348756,0.389494,0.41535
5.28527,1.73837,1.14645,0.240978,-0.3503,0.389704,0.416157
5.29034,1.72309,1.14416,0.240492,-0.352708,0.390804,0.417849
5.29544,1.70865,1.13557,0.23512,-0.360762,0.384603,0.417088
5.30041,1.69488,1.13193,0.233364,-0.358453,0.384383,0.422167
5.30546,1.68322,1.12331,0.228436,-0.365958,0.378951,0.427911
5.31046,1.67079,1.11514,0.222795,-0.36764,0.374396,0.430104
5.31528,1.65535,1.11329,0.221544,-0.371999,0.373156,0.433009
5.32053,1.6419,1.10912,0.218408,-0.376717,0.370423,0.437877
5.32534,1.6312,1.0969,0.210431,-0.376786,0.364808,0.446397
5.3302,1.61695,1.08953,0.205589,-0.378382,0.366635,0.451253
5.33532,1.60863,1.08374,0.200953,-0.378813,0.369796,0.459697
5.34028,1.59901,1.07801,0.196628,-0.381375,0.376549,0.468383
5.34553,1.58826,1.06428,0.187406,-0.378888,0.376951,0.475161
5.35029,1.57418,1.05268,0.179175,-0.375567,0.373265,0.482079
5.35535,1.56487,1.045,0.176405,-0.386739,0.378078,0.488224
5.36036,1.55132,1.03734,0.172922,-0.399585,0.379856,0.493334
5.36536,1.53674,1.02515,0.167099,-0.413704,0.380677,0.498823
5.37029,1.52876,1.01309,0.161865,-0.417474,0.382578,0.492831
5.37534,1.51723,0.999889,0.154485,-0.418178,0.381892,0.492904
5.38026,1.51072,0.987848,0.146455,-0.422841,0.380801,0.490525
5.38567,1.5044,0.972532,0.134446,-0.424416,0.379951,0.4895
5.39034,1.49835,0.955865,0.121274,-0.429751,0.375555,0.493279
5.39535,1.49114,0.94114,0.109724,-0.431293,0.3756,0.493089
5.40027,1.48754,0.925276,0.0978453,-0.423808,0.371963,0.491924
5.40531,1.48019,0.910211,0.08712,-0.414782,0.368998,0.487933
5.41054,1.47925,0.900165,0.0836393,-0.414437,0.381205,0.483323
5.4155,1.47891,0.886907,0.0800285,-0.407827,0.392905,0.480748
5.42033,1.47307,0.880759,0.081691,-0.40669,0.411175,0.480521
5.4253,1.46399,0.867764,0.0790754,-0.402972,0.423222,0.484918
5.43028,1.45534,0.859741,0.0789775,-0.395468,0.44333,0.482786
5.43529,1.44845,0.845128,0.0746923,-0.397105,0.456727,0.484115
5.44026,1.43898,0.831394,0.0700718,-0.39893,0.469179,0.481585
5.4453,1.4291,0.815045,0.0630637,-0.398988,0.478502,0.477641
5.45029,1.42073,0.801546,0.0584751,-0.396888,0.484171,0.472898
5.45531,1.41062,0.785148,0.0520308,-0.391537,0.48084,0.465928
5.46032,1.40581,0.772345,0.0484524,-0.383741,0.479532,0.460005
5.46556,1.40509,0.75447,0.0435959,-0.380658,0.472385,0.458361
5.47035,1.40385,0.735546,0.038118,-0.375816,0.461341,0.456094
5.47536,1.40176,0.716551,0.0325058,-0.37608,0.451948,0.454423
5.48031,1.39774,0.692032,0.0230144,-0.375434,0.436124,0.449171
5.48529,1.39612,0.675549,0.019154,-0.364134,0.428536,0.445906
5.49037,1.3892,0.660232,0.0157045,-0.360657,0.423073,0.446558
5.49527,1.38059,0.644399,0.0114521,-0.355114,0.417183,0.447406
5.50024,1.36999,0.627322,0.00623909,-0.347409,0.410624,0.448473
5.50527,1.36398,0.608707,0.000338945,-0.338987,0.407026,0.448046
5.51033,1.36017,0.583755,-0.00958408,-0.336255,0.399193,0.450534
5.51523,1.35739,0.570692,-0.013445,-0.328743,0.398846,0.444494
5.52034,1.35297,0.553256,-0.0219572,-0.330159,0.392685,0.43721
5.52522,1.34725,0.538875,-0.0305216,-0.33113,0.386014,0.425909
5.53026,1.33847,0.532656,-0.034489,-0.328451,0.384542,0.416115
5.53541,1.33654,0.518055,-0.043578,-0.320961,0.376999,0.41379
5.54031,1.33054,0.508464,-0.0488902,-0.322509,0.372284,0.409084
5.54529,1.32679,0.495209,-0.0565453,-0.317323,0.364477,0.398377
5.55033,1.31436,0.482806,-0.0640059,-0.318311,0.353845,0.387387
5.55528,1.31206,0.471901,-0.0698499,-0.322059,0.343983,0.378642
5.56045,1.30901,0.459485,-0.0762938,-0.322746,0.341503,0.367239
5.56542,1.30525,0.447718,-0.0835545,-0.322843,0.337872,0.355548
5.57031,1.30086,0.43544,-0.0917968,-0.320343,0.340336,0.340634
5.57529,1.2976,0.423869,-0.0997837,-0.315911,0.340215,0.328517
5.5802,1.29307,0.405808,-0.111831,-0.307946,0.3389,0.320745
5.58529,1.28999,0.394387,-0.120545,-0.299308,0.338969,0.311649
5.59022,1.28472,0.381218,-0.131479,-0.291016,0.33349,0.297658
5.59532,1.27369,0.375835,-0.137731,-0.290432,0.328942,0.282157
5.60033,1.2716,0.362468,-0.148221,-0.291457,0.323857,0.273814
5.60525,1.26698,0.352976,-0.156736,-0.299946,0.317421,0.270304
5.61031,1.26218,0.341804,-0.165079,-0.316913,0.306723,0.266705
5.61527,1.2554,0.329345,-0.174022,-0.331937,0.291063,0.261068
5.6203,1.24801,0.318711,-0.181865,-0.346636,0.276176,0.251817
5.62539,1.23992,0.306584,-0.188824,-0.336368,0.259382,0.241759
5.63032,1.23117,0.301815,-0.189032,-0.33848,0.246492,0.236251
5.63521,1.22325,0.292644,-0.189819,-0.337524,0.228978,0.230261
5.64041,1.21398,0.281623,-0.18961,-0.333605,0.206434,0.227536
5.64539,1.20617,0.27099,-0.188068,-0.334616,0.183129,0.221862
5.65034,1.19631,0.259865,-0.186055,-0.33294,0.158198,0.211923
5.65523,1.19034,0.249714,-0.18253,-0.322547,0.130935,0.20212
5.6604,1.18409,0.236804,-0.180155,-0.306149,0.100991,0.190858
5.66542,1.18032,0.231733,-0.172832,-0.296494,0.0780093,0.183071
5.67035,1.1806,0.221486,-0.167494,-0.290643,0.0615816,0.178279
5.67537,1.17834,0.210557,-0.162434,-0.283208,0.0477457,0.174627
5.68034,1.17645,0.197894,-0.15922,-0.276479,0.0330685,0.170701
5.68532,1.17056,0.185859,-0.155593,-0.272553,0.0214871,0.166578
5.69044,1.16223,0.179592,-0.147909,-0.257835,0.0185593,0.157827
5.69527,1.15701,0.172197,-0.141801,-0.251904,0.0121453,0.145776
5.70026,1.15078,0.167272,-0.133641,-0.249303,0.00466077,0.131612
5.70543,1.15103,0.155963,-0.12768,-0.250439,-0.00139037,0.121039
5.71038,1.14831,0.144884,-0.12267,-0.2498,-0.0104841,0.110554
5.71532,1.14384,0.139029,-0.11427,-0.247327,-0.015434,0.103071
5.72039,1.14036,0.134957,-0.104196,-0.237568,-0.0192883,0.10009
5.72532,1.13424,0.130967,-0.0949742,-0.226631,-0.0252109,0.100563
5.73034,1.1279,0.126197,-0.0861049,-0.213325,-0.0327715,0.102538
5.73526,1.12312,0.122917,-0.0769699,-0.211703,-0.0412522,0.104428
5.74037,1.11546,0.119392,-0.0684743,-0.209175,-0.0539152,0.10639
5.74539,1.10562,0.114409,-0.0615342,-0.197879,-0.0689585,0.106936
5.75043,1.09784,0.110276,-0.054625,-0.181759,-0.0840273,0.105344
5.75534,1.09137,0.104184,-0.0493953,-0.165879,-0.100544,0.102014
5.76026,1.0814,0.0975625,-0.0447859,-0.15519,-0.11871,0.0962248
5.76539,1.0741,0.0893241,-0.0402469,-0.137164,-0.13142,0.0872802
5.77025,1.06706,0.0919273,-0.028133,-0.131435,-0.132034,0.0766969
5.77541,1.05758,0.0912466,-0.0196033,-0.126339,-0.12967,0.0634901
5.78014,1.0456,0.0886799,-0.0136963,-0.118578,-0.123289,0.0513
5.78522,1.03874,0.0791327,-0.0111289,-0.114463,-0.114355,0.0470519
5.79028,1.03368,0.0741743,-0.0056889,-0.105438,-0.0994926,0.0443328
5.79535,1.02647,0.0690505,-0.00138562,-0.0956932,-0.085652,0.0438995
5.80037,1.02019,0.0707939,0.00708223,-0.0883281,-0.068568,0.0464556
5.80535,1.01122,0.0717669,0.0147882,-0.0815855,-0.0547901,0.0511511
5.81031,1.00437,0.0680371,0.0188731,-0.069479,-0.0421107,0.0590991
5.81542,0.996636,0.0639333,0.0226325,-0.0596663,-0.026849,0.0690472
5.82027,0.986381,0.0610173,0.0263221,-0.049938,-0.0108002,0.0800493
5.82535,0.979605,0.0562891,0.0295727,-0.0476948,0.0058467,0.09312
5.83045,0.968843,0.0554431,0.0356591,-0.0401053,0.0271372,0.108056
5.83524,0.961585,0.0514911,0.0390343,-0.0258909,0.0416114,0.122434
5.84029,0.95244,0.0441101,0.0394336,-0.0127737,0.0507951,0.141581
5.84526,0.9406,0.0450393,0.0457519,-0.00193482,0.0606253,0.162394
5.85026,0.93254,0.0485743,0.0536961,0.0137577,0.0744429,0.18953
5.85532,0.925417,0.047313,0.0593209,0.0150175,0.0820819,0.217173
5.86032,0.916149,0.0449086,0.0644868,0.0164425,0.0879615,0.244517
5.86551,0.904456,0.0458031,0.0706057,0.0212981,0.0947846,0.271245
5.87031,0.89769,0.0351506,0.0705862,0.0313745,0.0921612,0.290412
5.87529,0.888089,0.0238342,0.0710108,0.0397458,0.08667,0.305324
5.88053,0.87557,0.0104658,0.0702219,0.0482524,0.081321,0.316482
5.88528,0.863366,-0.000709669,0.0699889,0.0609229,0.0806003,0.322386
5.8905,0.850835,-0.0150097,0.0687621,0.0829854,0.077102,0.328878
5.8954,0.834911,-0.0231036,0.069524,0.0908098,0.0755999,0.334039
5.90041,0.820915,-0.0335959,0.0678503,0.107559,0.0804161,0.339559
5.90551,0.80417,-0.0473378,0.0642496,0.120109,0.0851811,0.347669
5.91037,0.79141,-0.0499507,0.0654414,0.13742,0.0908973,0.356704
5.91532,0.783198,-0.0504561,0.0705787,0.145334,0.108616,0.367616
5.92042,0.770929,-0.0494947,0.0761643,0.153042,0.123926,0.374762
5.92524,0.760139,-0.0467283,0.0818931,0.148509,0.134773,0.375194
5.93028,0.749312,-0.0435627,0.0867006,0.154204,0.144829,0.374018
5.93533,0.73809,-0.0397502,0.0927179,0.153929,0.151342,0.371914
5.94033,0.727746,-0.0364785,0.0983749,0.151923,0.150634,0.373268
5.94552,0.715203,-0.0391918,0.100732,0.157968,0.148086,0.369447
5.95035,0.701361,-0.042999,0.102227,0.161126,0.142832,0.367873
5.95527,0.68688,-0.0470267,0.10364,0.167445,0.130283,0.363004
5.96028,0.668777,-0.0528666,0.103882,0.172822,0.111141,0.353853
5.96557,0.648513,-0.0527848,0.108564,0.181723,0.0992512,0.336969
5.97029,0.632661,-0.0538671,0.111817,0.179459,0.0880919,0.32592
5.97529,0.612924,-0.0552147,0.11433,0.178061,0.0733843,0.309562
5.98034,0.591354,-0.0606573,0.114491,0.177109,0.0550327,0.297536
5.98526,0.571199,-0.0631754,0.117163,0.172584,0.0381002,0.286829
5.99054,0.547785,-0.0650998,0.12006,0.168876,0.0226449,0.271909
5.9954,0.526148,-0.0661594,0.122237,0.162492,0.00644799,0.253689
6.00053,0.503098,-0.0656286,0.125626,0.156269,-0.0100476,0.238993
6.00538,0.480532,-0.0646295,0.128799,0.151667,-0.0244749,0.225722
6.0103,0.455802,-0.0613839,0.132336,0.154358,-0.0435453,0.211867
6.01546,0.42922,-0.0629034,0.131958,0.14163,-0.0652087,0.194611
6.02049,0.4032,-0.0572413,0.135773,0.147417,-0.0806324,0.177488
6.02536,0.380841,-0.0552133,0.13721,0.139734,-0.0948759,0.164701
6.03044,0.35725,-0.0520362,0.139078,0.12994,-0.109874,0.152027
6.03538,0.336894,-0.0464743,0.141646,0.125911,-0.123207,0.132747
6.04038,0.319151,-0.0474466,0.140292,0.121208,-0.137021,0.118717
6.04552,0.301485,-0.0487149,0.137847,0.120336,-0.160462,0.107405
6.05051,0.29011,-0.0442204,0.139318,0.121273,-0.17537,0.092821
6.0558,0.277762,-0.038762,0.140652,0.123971,-0.195821,0.0746933
6.06063,0.268462,-0.0327257,0.141975,0.13079,-0.213977,0.0608042
6.06541,0.264095,-0.0268472,0.14218,0.131411,-0.229481,0.0472625
6.07041,0.259493,-0.0193029,0.140836,0.13276,-0.248778,0.0315026
6.07532,0.255536,-0.0112452,0.140295,0.149422,-0.271977,0.0192697
6.08032,0.251287,-0.00333497,0.139867,0.164433,-0.298735,0.00793634
6.08533,0.250636,-0.000894319,0.137626,0.169889,-0.315012,-0.00140432
6.09033,0.24866,0.00146006,0.13616,0.175201,-0.330194,-0.011543
6.09542,0.24789,0.00271386,0.134747,0.180757,-0.346318,-0.0203861
6.10039,0.247386,0.00316947,0.133709,0.185026,-0.359137,-0.0281364
6.10554,0.24768,0.00404916,0.132907,0.183477,-0.371166,-0.0377058
6.11033,0.246272,0.00450333,0.132044,0.181805,-0.381855,-0.0488828
6.11532,0.244017,0.00587338,0.131163,0.188809,-0.396816,-0.0601537
6.12034,0.244434,0.00979111,0.132466,0.193954,-0.408903,-0.0739004
6.12524,0.245148,0.0171664,0.135579,0.194508,-0.416788,-0.0845247
6.13064,0.249723,0.0178074,0.134183,0.200923,-0.433194,-0.0911716
6.13529,0.252358,0.0172657,0.131988,0.204103,-0.453073,-0.0953553
6.14038,0.254916,0.0250937,0.13522,0.21345,-0.469943,-0.103829
6.14531,0.254528,0.0261836,0.133741,0.206487,-0.49146,-0.109715
6.15043,0.255813,0.0300727,0.135303,0.207772,-0.508004,-0.118264
6.1553,0.258401,0.0269787,0.131366,0.207827,-0.532573,-0.12185
6.16033,0.260545,0.0239993,0.126659,0.206641,-0.558772,-0.124092
6.16542,0.262018,0.0241921,0.122857,0.209987,-0.581051,-0.132463
6.17031,0.265022,0.0207163,0.11817,0.199693,-0.601059,-0.134088
6.17523,0.268279,0.0270095,0.119788,0.195311,-0.61582,-0.138905
6.18043,0.26678,0.0274975,0.11695,0.200264,-0.639466,-0.141017
6.18533,0.268592,0.033107,0.115713,0.197566,-0.650209,-0.15135
6.1903,0.268836,0.0427495,0.115085,0.194557,-0.660061,-0.167019
6.19537,0.269255,0.0515529,0.113772,0.18844,-0.676572,-0.177979
6.20032,0.26945,0.0662765,0.115958,0.184604,-0.684272,-0.189048
6.20525,0.271516,0.0802366,0.116875,0.190218,-0.685731,-0.197329
6.21025,0.270676,0.0915473,0.115611,0.197153,-0.694056,-0.208535
6.21541,0.270747,0.107249,0.117072,0.202713,-0.699208,-0.215299
6.22029,0.268644,0.118175,0.115014,0.200099,-0.711697,-0.225331
6.22547,0.265576,0.124636,0.109016,0.202927,-0.72625,-0.241827
6.23037,0.260659,0.130676,0.103705,0.203127,-0.742469,-0.253815
6.23521,0.254923,0.136855,0.0984648,0.200363,-0.763139,-0.264187
6.24039,0.252619,0.153916,0.0999897,0.193752,-0.774753,-0.265181
6.24535,0.249341,0.170264,0.101807,0.183232,-0.785628,-0.266824
6.25045,0.245561,0.177906,0.0977662,0.172979,-0.804876,-0.271002
6.25533,0.244104,0.186188,0.0938459,0.171262,-0.81659,-0.276178
6.26035,0.237889,0.198787,0.0941805,0.158912,-0.831537,-0.291196
6.26541,0.231648,0.216612,0.0970567,0.144204,-0.843221,-0.297062
6.27033,0.224843,0.23036,0.0969941,0.140378,-0.860409,-0.3036
6.2753,0.216247,0.24569,0.097221,0.133848,-0.878081,-0.313206
6.2803,0.208339,0.252394,0.0909545,0.122472,-0.899093,-0.324804
6.28524,0.198124,0.255428,0.0833145,0.109133,-0.919216,-0.329517
6.29055,0.187004,0.267393,0.0825553,0.0968937,-0.929411,-0.340355
6.29544,0.17562,0.272655,0.0778375,0.0854316,-0.936989,-0.350037
6.3003,0.164845,0.278758,0.0744635,0.072184,-0.94302,-0.363877
6.30523,0.153057,0.285442,0.0720541,0.0601155,-0.948848,-0.369351
6.31037,0.141775,0.301806,0.0760629,0.047158,-0.951096,-0.387142
6.31525,0.128738,0.310922,0.0741838,0.0376438,-0.964038,-0.3949
6.32035,0.114526,0.318679,0.0703952,0.012449,-0.974338,-0.410881
6.32526,0.102721,0.326692,0.0674081,0.00235349,-0.985291,-0.421183
6.33056,0.0899869,0.333574,0.0641148,-0.00888001,-0.997273,-0.438535
6.33544,0.0785076,0.339402,0.0607745,-0.0122787,-1.00576,-0.448421
6.34029,0.066571,0.346915,0.0608904,-0.0207293,-1.01088,-0.465503
6.34534,0.0548422,0.345361,0.0578216,-0.0229564,-1.01619,-0.479113
6.35056,0.0416249,0.339423,0.0555084,-0.0245988,-1.02988,-0.484168
6.35531,0.0290464,0.331093,0.0544064,-0.0265596,-1.04426,-0.487484
6.36041,0.0183874,0.323252,0.0548531,-0.0310273,-1.05233,-0.490379
6.36526,0.00809187,0.317412,0.0561704,-0.0266065,-1.06063,-0.495338
6.37019,-0.00174178,0.313443,0.058754,-0.0244939,-1.06439,-0.500595
6.37523,-0.0112045,0.311339,0.0626536,-0.02466,-1.06367,-0.506199
6.38038,-0.0220356,0.310411,0.0652847,-0.0235053,-1.06016,-0.521083
6.38531,-0.0383048,0.304953,0.0629378,-0.0260308,-1.06246,-0.528879
6.39026,-0.0517929,0.300844,0.0603157,-0.0316002,-1.05833,-0.534289
6.39528,-0.0688831,0.293943,0.0550581,-0.026385,-1.0614,-0.549884
6.40022,-0.085707,0.290583,0.0521621,-0.0217184,-1.06269,-0.570172
6.40526,-0.101548,0.293087,0.0526104,-0.0178923,-1.05944,-0.586509
6.41023,-0.11992,0.288528,0.0462244,-0.0116317,-1.05966,-0.597634
6.41529,-0.139016,0.28728,0.040294,-0.00699132,-1.0662,-0.617417
6.42024,-0.157099,0.294211,0.0366875,-0.00561773,-1.0666,-0.631571
6.42533,-0.17007,0.307083,0.0361156,-0.00355617,-1.06782,-0.651292
6.43026,-0.182966,0.312282,0.0277842,-0.00589138,-1.07455,-0.665636
6.43521,-0.1962,0.327261,0.0277407,-0.0112021,-1.08115,-0.678949
6.4402,-0.208848,0.336334,0.0242831,-0.010885,-1.09211,-0.688811
6.44526,-0.224139,0.34596,0.0216462,-0.011959,-1.1057,-0.704694
6.45033,-0.23844,0.35564,0.0187277,-0.0233861,-1.12254,-0.711802
6.45527,-0.251287,0.369237,0.0181025,-0.0299579,-1.13279,-0.724521
6.46028,-0.262255,0.388164,0.018012,-0.0356684,-1.13664,-0.729937
6.4654,-0.274525,0.404641,0.0142298,-0.0431134,-1.14411,-0.736941
6.47016,-0.287613,0.41784,0.00892092,-0.0428554,-1.1506,-0.747584
6.47525,-0.300718,0.434858,0.00601695,-0.0484548,-1.16496,-0.748794
6.4803,-0.313272,0.450943,0.00235172,-0.0491913,-1.18682,-0.746655
6.48527,-0.32482,0.46675,-0.000369839,-0.0528872,-1.20643,-0.753485
6.49044,-0.336482,0.48611,-0.00128873,-0.0616438,-1.22232,-0.752944
6.49519,-0.348598,0.502485,-0.00206738,-0.0620124,-1.23773,-0.747655
6.50024,-0.358201,0.525775,0.000949021,-0.0724555,-1.24521,-0.745686
6.50518,-0.367002,0.545184,0.000384747,-0.0777228,-1.25016,-0.747244
6.51026,-0.375706,0.568306,-0.000116206,-0.0857543,-1.25128,-0.74775
6.5153,-0.385417,0.592163,0.00103282,-0.0945051,-1.26185,-0.74039
6.52065,-0.394676,0.616892,0.00290971,-0.0995642,-1.28266,-0.732319
6.52535,-0.403169,0.638856,0.00510869,-0.104482,-1.30545,-0.726267
6.53046,-0.410596,0.66014,0.00615114,-0.111358,-1.32494,-0.719481
6.53557,-0.419425,0.681792,0.0071543,-0.122371,-1.34272,-0.706501
6.54058,-0.427866,0.703843,0.00772875,-0.123775,-1.35641,-0.696233
6.54529,-0.434589,0.726473,0.00812345,-0.136129,-1.36258,-0.69207
6.55025,-0.443131,0.743946,0.00436663,-0.143757,-1.38212,-0.679251
6.55524,-0.450909,0.763524,0.00160344,-0.150902,-1.4013,-0.671335
6.56051,-0.456617,0.789259,0.0033516,-0.150367,-1.41957,-0.668636
6.56523,-0.460159,0.812018,0.0059132,-0.147579,-1.44548,-0.666501
6.57027,-0.462388,0.843098,0.0135457,-0.139562,-1.46618,-0.657849
6.57527,-0.464954,0.865536,0.0155836,-0.138758,-1.48453,-0.651192
6.58027,-0.467663,0.890668,0.0198464,-0.13982,-1.50017,-0.650185
6.5854,-0.470356,0.914817,0.0229032,-0.144926,-1.5093,-0.641063
6.5904,-0.471536,0.938408,0.0251385,-0.148307,-1.51547,-0.640406
6.59532,-0.47171,0.962919,0.0283052,-0.153864,-1.52506,-0.636544
6.60031,-0.472718,0.986312,0.030905,-0.163335,-1.54121,-0.633122
6.60542,-0.474054,1.00786,0.030875,-0.169166,-1.56438,-0.627399
6.61025,-0.474499,1.03215,0.0336999,-0.177274,-1.57854,-0.626782
6.61544,-0.473284,1.0575,0.0354733,-0.187667,-1.58989,-0.624972
6.62027,-0.473293,1.07828,0.0333151,-0.199111,-1.6003,-0.621692
6.62532,-0.467265,1.10732,0.0357653,-0.215152,-1.60392,-0.623778
6.63025,-0.462829,1.13273,0.0341375,-0.226336,-1.61056,-0.623873
6.63521,-0.45787,1.15913,0.0344779,-0.240391,-1.6165,-0.618302
6.64026,-0.455165,1.18746,0.0350028,-0.252954,-1.63474,-0.605761
6.64526,-0.453823,1.20356,0.0278956,-0.27091,-1.65659,-0.603758
6.65046,-0.452213,1.22141,0.0212604,-0.292017,-1.682,-0.601627
6.65528,-0.447783,1.24918,0.0230453,-0.300362,-1.69555,-0.602463
6.66029,-0.442203,1.27908,0.025692,-0.309128,-1.70395,-0.601402
6.66534,-0.437258,1.30469,0.0246652,-0.317105,-1.71123,-0.598511
6.67026,-0.4301,1.33547,0.027626,-0.330429,-1.71236,-0.593879
6.6753,-0.423438,1.36422,0.0296018,-0.335689,-1.7114,-0.596339
6.68036,-0.416992,1.38947,0.0316967,-0.34568,-1.71759,-0.589229
6.68546,-0.410959,1.40906,0.0302437,-0.353543,-1.7264,-0.582811
6.69031,-0.404108,1.42861,0.029734,-0.360699,-1.73382,-0.576207
6.69527,-0.395617,1.44812,0.0296736,-0.369102,-1.73862,-0.571417
6.70038,-0.386172,1.46818,0.0315846,-0.380708,-1.7427,-0.560479
6.70525,-0.377465,1.48538,0.0321433,-0.387128,-1.74104,-0.554908
6.7103,-0.366404,1.5045,0.0337139,-0.390439,-1.74279,-0.549761
6.71531,-0.355554,1.52341,0.0354645,-0.395536,-1.74365,-0.54352
6.72021,-0.344983,1.54572,0.040053,-0.403733,-1.74204,-0.535536
6.72556,-0.33488,1.55649,0.0350717,-0.416082,-1.74558,-0.526274
6.73032,-0.32525,1.57389,0.0363486,-0.423768,-1.74467,-0.524682
6.73529,-0.317378,1.58191,0.0313409,-0.432218,-1.75515,-0.516617
6.74037,-0.309961,1.58739,0.0241702,-0.445741,-1.77218,-0.51055
6.74527,-0.300192,1.59688,0.0221605,-0.455688,-1.78486,-0.503836
6.75031,-0.290037,1.60633,0.0202612,-0.466047,-1.79501,-0.499888
6.75547,-0.279834,1.61068,0.0163829,-0.478105,-1.8039,-0.492061
6.76029,-0.270719,1.6113,0.0105247,-0.49608,-1.81556,-0.490201
6.76531,-0.259059,1.62283,0.0101226,-0.508074,-1.81646,-0.480208
6.77028,-0.247543,1.63623,0.00977525,-0.5211,-1.81444,-0.474035
6.77534,-0.235895,1.65177,0.0094732,-0.535407,-1.8096,-0.471369
6.78046,-0.225648,1.65919,0.00476999,-0.546128,-1.81376,-0.470965
6.78528,-0.215966,1.66583,0.000724409,-0.556032,-1.8148,-0.466854
6.79027,-0.205056,1.67478,-0.000626144,-0.562687,-1.81817,-0.465968
6.79535,-0.193702,1.68296,-0.00106088,-0.56997,-1.81888,-0.457125
6.80036,-0.181396,1.69132,-5.5314e-05,-0.578238,-1.81561,-0.448869
6.80532,-0.168536,1.69824,1.97685e-05,-0.589796,-1.80916,-0.44868
6.81025,-0.155041,1.70498,0.000177688,-0.604015,-1.79684,-0.44992
6.81541,-0.142676,1.70864,-0.00155016,-0.61926,-1.78975,-0.450063
6.82026,-0.12971,1.70927,-0.00464746,-0.634638,-1.78175,-0.445863
6.82534,-0.115705,1.71111,-0.00590695,-0.650032,-1.77655,-0.439758
6.83031,-0.10246,1.71136,-0.0085584,-0.665841,-1.77442,-0.431029
6.83531,-0.0901997,1.71349,-0.00978957,-0.682044,-1.77054,-0.422709
6.84039,-0.0776738,1.71582,-0.0103266,-0.697248,-1.75854,-0.423138
6.84531,-0.0663272,1.7141,-0.0136269,-0.713313,-1.75367,-0.417715
6.85031,-0.0554412,1.71138,-0.0172942,-0.731146,-1.74606,-0.407636
6.8553,-0.0436759,1.70969,-0.0195639,-0.747348,-1.73975,-0.398491
6.86037,-0.0339581,1.70357,-0.0247307,-0.765408,-1.73917,-0.388447
6.86555,-0.0230841,1.70077,-0.0276687,-0.784543,-1.73462,-0.381529
6.87029,-0.0142982,1.69483,-0.0333683,-0.804096,-1.734,-0.376631
6.87533,-0.00449805,1.68736,-0.0403019,-0.827654,-1.73327,-0.373641
6.88034,0.00589164,1.67715,-0.0485517,-0.853253,-1.73151,-0.374307
6.88535,0.0162553,1.66473,-0.0550118,-0.878769,-1.73168,-0.374741
6.89025,0.0255869,1.65707,-0.0576031,-0.901358,-1.72795,-0.371643
6.89549,0.0345395,1.64843,-0.0590284,-0.925897,-1.72451,-0.365862
6.90043,0.0410932,1.63448,-0.0638414,-0.950663,-1.72841,-0.359103
6.90538,0.0469362,1.62105,-0.0683684,-0.974368,-1.73173,-0.362856
6.91045,0.0521245,1.60469,-0.0729014,-0.991357,-1.72965,-0.377896
6.91571,0.0583615,1.58732,-0.076836,-1.00175,-1.72803,-0.375867
6.92059,0.0642221,1.57725,-0.0771248,-1.00237,-1.71963,-0.373336
6.92525,0.0692062,1.56736,-0.0773467,-1.00029,-1.71563,-0.374166
6.93044,0.0741372,1.55497,-0.0776327,-0.997237,-1.70889,-0.375304
6.93535,0.0790991,1.54076,-0.079769,-0.993314,-1.70189,-0.373928
6.94043,0.0823816,1.52479,-0.0823586,-0.989074,-1.70083,-0.372922
6.94532,0.0854626,1.50913,-0.0844015,-0.984637,-1.69993,-0.371524
6.95039,0.0875143,1.4896,-0.088799,-0.979919,-1.70141,-0.373961
6.95551,0.0879783,1.46929,-0.0932831,-0.976696,-1.70314,-0.374841
6.96026,0.0865529,1.4499,-0.0982887,-0.974853,-1.70494,-0.370409
6.9653,0.0857353,1.43245,-0.101169,-0.969721,-1.70577,-0.364517
6.9703,0.084995,1.41188,-0.105329,-0.966178,-1.70584,-0.355635
6.97541,0.0857982,1.39139,-0.110276,-0.963729,-1.70016,-0.354124
6.98027,0.0863447,1.37698,-0.11234,-0.956874,-1.69886,-0.347606
6.98527,0.0854393,1.35631,-0.11935,-0.954515,-1.69736,-0.347492
6.99031,0.0858755,1.34017,-0.122117,-0.945808,-1.69468,-0.348094
6.99546,0.0864744,1.32348,-0.124098,-0.937851,-1.6916,-0.348055
7.00033,0.0865463,1.30688,-0.12556,-0.931211,-1.68812,-0.350384
7.0053,0.0861357,1.28849,-0.128786,-0.925404,-1.68446,-0.349046
7.01033,0.0867425,1.27206,-0.130164,-0.91956,-1.67911,-0.350649
7.01534,0.0863151,1.25653,-0.131142,-0.913255,-1.67059,-0.346525
7.02022,0.0854674,1.23889,-0.134819,-0.905937,-1.66578,-0.345486
7.02536,0.084435,1.22132,-0.137789,-0.897469,-1.65672,-0.341992
7.03029,0.0824358,1.20233,-0.142014,-0.891571,-1.64721,-0.339456
7.03531,0.0816328,1.18682,-0.143412,-0.88567,-1.63296,-0.331715
7.04054,0.0795793,1.16845,-0.147456,-0.882162,-1.62038,-0.320026
7.04543,0.0773476,1.15146,-0.151079,-0.878433,-1.60975,-0.315813
7.05031,0.0732772,1.13026,-0.157008,-0.876433,-1.5976,-0.308764
7.05536,0.0722262,1.11033,-0.160728,-0.871903,-1.58507,-0.30082
7.06031,0.0705367,1.09485,-0.162672,-0.869196,-1.56961,-0.297644
7.06532,0.0700578,1.07895,-0.164751,-0.867961,-1.54891,-0.294902
7.07032,0.07075,1.06293,-0.166922,-0.86813,-1.52371,-0.292622
7.07519,0.0703287,1.04351,-0.170912,-0.864787,-1.50016,-0.289064
7.0802,0.0711144,1.02454,-0.174304,-0.856703,-1.47455,-0.292314
7.08518,0.071835,1.00683,-0.17721,-0.84873,-1.44605,-0.295861
7.09054,0.0708095,0.985002,-0.183063,-0.849196,-1.41571,-0.295104
7.09525,0.0735434,0.973018,-0.183137,-0.846767,-1.38758,-0.294205
7.10022,0.0725039,0.950398,-0.191027,-0.850611,-1.36301,-0.295021
7.1054,0.0722851,0.931457,-0.196646,-0.853227,-1.34517,-0.286772
7.11023,0.0695242,0.910706,-0.203367,-0.856762,-1.33731,-0.279338
7.11528,0.0672776,0.889654,-0.208505,-0.859294,-1.33445,-0.276253
7.1202,0.0651064,0.871322,-0.211195,-0.861627,-1.33632,-0.273974
7.12536,0.0612196,0.852542,-0.213275,-0.860247,-1.34171,-0.270231
7.13048,0.06076,0.837301,-0.212551,-0.855443,-1.34918,-0.265876
7.13533,0.0593944,0.824485,-0.210601,-0.853964,-1.35602,-0.260292
7.14037,0.0590982,0.810768,-0.208724,-0.852953,-1.36057,-0.251978
7.14537,0.0563718,0.788795,-0.212251,-0.849931,-1.37059,-0.245159
7.15035,0.0549677,0.767464,-0.213713,-0.843955,-1.37758,-0.239394
7.15526,0.0516329,0.745955,-0.215558,-0.837615,-1.38217,-0.23209
7.16038,0.0474748,0.717575,-0.220142,-0.835595,-1.38763,-0.22398
7.16526,0.0439226,0.69223,-0.223557,-0.835824,-1.39018,-0.219839
7.17027,0.0385344,0.666834,-0.227437,-0.826781,-1.39529,-0.21198
7.17527,0.0352896,0.640811,-0.230569,-0.819676,-1.39813,-0.209151
7.18056,0.0288155,0.607728,-0.235858,-0.818648,-1.39651,-0.208382
7.18558,0.0247649,0.580833,-0.239169,-0.81366,-1.3942,-0.204508
7.19025,0.0214466,0.555272,-0.241956,-0.808086,-1.39016,-0.207392
7.19541,0.0184397,0.529724,-0.242275,-0.793342,-1.37784,-0.209317
7.20042,0.0143301,0.503451,-0.243629,-0.784787,-1.36401,-0.212585
7.2056,0.00983456,0.475028,-0.245541,-0.781022,-1.34849,-0.216402
7.21026,0.0058036,0.448437,-0.246762,-0.773151,-1.33007,-0.214908
7.21533,0.00103968,0.42206,-0.246772,-0.76618,-1.30628,-0.210413
7.22042,-0.00363293,0.394797,-0.24672,-0.754821,-1.27737,-0.207133
7.22552,-0.0114069,0.360606,-0.250108,-0.740703,-1.2523,-0.209767
7.23039,-0.0181332,0.327214,-0.253666,-0.72629,-1.23171,-0.207792
7.23531,-0.0255592,0.293233,-0.256499,-0.711688,-1.20869,-0.207851
7.24048,-0.032516,0.263052,-0.255259,-0.694039,-1.18355,-0.214116
7.24564,-0.0399767,0.230405,-0.25496,-0.683672,-1.15761,-0.21829
7.2503,-0.0461765,0.19987,-0.25467,-0.665777,-1.13813,-0.223369
7.25536,-0.0530944,0.165521,-0.255629,-0.649583,-1.11314,-0.226913
7.2603,-0.0599614,0.131794,-0.255644,-0.629898,-1.09225,-0.229518
7.26551,-0.0659703,0.100394,-0.255092,-0.606434,-1.06878,-0.233274
7.27036,-0.0745443,0.06985,-0.254992,-0.590169,-1.05131,-0.243714
7.27523,-0.0830278,0.0379972,-0.256554,-0.57753,-1.03358,-0.242939
7.28045,-0.0932414,0.00454899,-0.257758,-0.56893,-1.01198,-0.242449
7.28534,-0.102879,-0.0258812,-0.258297,-0.557254,-0.9948,-0.241511
7.29037,-0.112727,-0.0537279,-0.257678,-0.539872,-0.972848,-0.239186
7.29533,-0.122345,-0.0853798,-0.259373,-0.527529,-0.955403,-0.24011
7.30041,-0.132651,-0.118102,-0.261609,-0.515815,-0.937773,-0.245211
7.3056,-0.143864,-0.151238,-0.26329,-0.506781,-0.921208,-0.249082
7.31036,-0.153489,-0.181321,-0.264183,-0.498452,-0.900903,-0.250536
7.31562,-0.162631,-0.217402,-0.26546,-0.490917,-0.867036,-0.249832
7.32028,-0.169122,-0.244604,-0.262688,-0.476448,-0.84263,-0.254337
7.32534,-0.175546,-0.27413,-0.2584,-0.462929,-0.813959,-0.259093
7.33037,-0.18491,-0.307785,-0.257157,-0.451996,-0.789806,-0.264319
7.33534,-0.194633,-0.338833,-0.254983,-0.441513,-0.76375,-0.261939
7.34064,-0.205223,-0.374474,-0.253956,-0.438879,-0.738279,-0.255624
7.34531,-0.215676,-0.406074,-0.25326,-0.43722,-0.72308,-0.25744
7.35047,-0.225358,-0.437181,-0.250033,-0.424388,-0.699481,-0.251343
7.35529,-0.234256,-0.465509,-0.246874,-0.412563,-0.675238,-0.246499
7.36037,-0.246655,-0.50051,-0.246884,-0.408754,-0.653755,-0.241571
7.36541,-0.257841,-0.534714,-0.246032,-0.404858,-0.631376,-0.232217
7.37036,-0.266736,-0.564354,-0.243078,-0.3954,-0.607971,-0.223081
7.37526,-0.276171,-0.593385,-0.24039,-0.378707,-0.585261,-0.214134
7.38039,-0.285434,-0.622614,-0.236866,-0.359194,-0.557428,-0.203895
7.38536,-0.294754,-0.651861,-0.234951,-0.345142,-0.530075,-0.19311
7.39032,-0.305264,-0.680017,-0.232635,-0.332388,-0.497522,-0.186374
7.3952,-0.317259,-0.708253,-0.231434,-0.324293,-0.462523,-0.185197
7.40027,-0.328747,-0.736054,-0.229386,-0.313995,-0.425164,-0.184723
7.40523,-0.338677,-0.759701,-0.225506,-0.300206,-0.389798,-0.178837
7.41028,-0.346904,-0.781424,-0.220371,-0.288123,-0.359145,-0.174588
7.41544,-0.356608,-0.804574,-0.216649,-0.278764,-0.32828,-0.174404
7.42022,-0.367628,-0.819829,-0.213558,-0.270831,-0.310516,-0.185536
7.42528,-0.379742,-0.828945,-0.210167,-0.262614,-0.292183,-0.192762
7.43027,-0.390305,-0.832571,-0.206204,-0.251235,-0.276748,-0.208089
7.43525,-0.403031,-0.834482,-0.203986,-0.240805,-0.262043,-0.217402
7.44023,-0.416245,-0.833333,-0.201377,-0.230897,-0.24154,-0.229397
7.44526,-0.428229,-0.831723,-0.199513,-0.220693,-0.224232,-0.238975
7.45023,-0.440449,-0.831421,-0.196729,-0.208192,-0.205624,-0.253453
7.4554,-0.452997,-0.830596,-0.193078,-0.192529,-0.185143,-0.26245
7.46029,-0.46592,-0.827633,-0.188854,-0.176694,-0.168023,-0.272309
7.46522,-0.478413,-0.820597,-0.182459,-0.156035,-0.151003,-0.282074
7.47025,-0.489992,-0.810077,-0.175479,-0.136836,-0.140239,-0.292884
7.47519,-0.501944,-0.799637,-0.170342,-0.122814,-0.134297,-0.301162
7.4804,-0.512986,-0.785178,-0.16455,-0.10677,-0.129805,-0.303726
7.48531,-0.524682,-0.770122,-0.15944,-0.0936553,-0.119432,-0.311057
7.49025,-0.536919,-0.755216,-0.155457,-0.0797706,-0.111976,-0.313799
7.49527,-0.548738,-0.739012,-0.151518,-0.0647607,-0.110102,-0.312301
7.50034,-0.563341,-0.721767,-0.147572,-0.0525056,-0.106365,-0.309456
7.50531,-0.576885,-0.703978,-0.14364,-0.0372284,-0.110041,-0.308396
7.51025,-0.591896,-0.686779,-0.140659,-0.0234877,-0.112349,-0.305627
7.51523,-0.606945,-0.668515,-0.137642,-0.00733116,-0.120246,-0.303534
7.52037,-0.621577,-0.645346,-0.133383,0.00904721,-0.129226,-0.306731
7.52545,-0.634953,-0.619911,-0.128654,0.0241008,-0.135356,-0.308498
7.53048,-0.648784,-0.594536,-0.1249,0.0377074,-0.14131,-0.307984
7.53543,-0.661409,-0.569813,-0.120912,0.0524667,-0.145218,-0.30941
7.54041,-0.67338,-0.54427,-0.116057,0.068555,-0.148584,-0.309643
7.54529,-0.687897,-0.521643,-0.114079,0.0818312,-0.153958,-0.310892
7.55029,-0.701417,-0.497485,-0.111846,0.0972295,-0.156198,-0.312952
7.55543,-0.714071,-0.469107,-0.109324,0.111888,-0.15428,-0.312228
7.56024,-0.72575,-0.442375,-0.108256,0.122866,-0.161472,-0.309629
7.56531,-0.736801,-0.412094,-0.10751,0.137132,-0.166703,-0.306883
7.57031,-0.748349,-0.381918,-0.107298,0.15041,-0.165026,-0.307505
7.57547,-0.760224,-0.351536,-0.1073,0.16758,-0.165987,-0.30623
7.5805,-0.769538,-0.319343,-0.1076,0.183972,-0.166351,-0.298427
7.58534,-0.781008,-0.28856,-0.109196,0.201065,-0.169355,-0.293831
7.59028,-0.789972,-0.255388,-0.111791,0.217409,-0.17179,-0.295195
7.59531,-0.80111,-0.2236,-0.117541,0.230291,-0.179927,-0.28867
7.60045,-0.811583,-0.188269,-0.122148,0.244116,-0.187153,-0.286861
7.60541,-0.821543,-0.155222,-0.127659,0.254524,-0.195014,-0.291055
7.61055,-0.832029,-0.118067,-0.133459,0.266256,-0.202952,-0.286788
7.61541,-0.84245,-0.0823695,-0.13937,0.279031,-0.208298,-0.278517
7.62033,-0.853816,-0.0485898,-0.146557,0.292244,-0.21371,-0.272711
7.62529,-0.862911,-0.0157635,-0.154082,0.305403,-0.218325,-0.264073
7.63025,-0.872855,0.0212034,-0.160863,0.319874,-0.228444,-0.253491
7.63521,-0.880344,0.0558061,-0.169756,0.33348,-0.240438,-0.244857
7.64023,-0.889598,0.0888593,-0.180982,0.344748,-0.25147,-0.24275
7.64523,-0.898011,0.125813,-0.190127,0.356497,-0.256121,-0.233983
7.65019,-0.90733,0.164998,-0.197904,0.36551,-0.257284,-0.224342
7.65524,-0.917572,0.204206,-0.206637,0.375124,-0.267925,-0.216751
7.66024,-0.927971,0.241084,-0.216066,0.383648,-0.279324,-0.208485
7.66524,-0.937415,0.277361,-0.226461,0.392713,-0.294041,-0.198745
7.67041,-0.945368,0.31716,-0.235961,0.401925,-0.308798,-0.191815
7.67527,-0.955161,0.351193,-0.246888,0.409836,-0.322271,-0.187041
7.68034,-0.964918,0.386053,-0.258106,0.41917,-0.331946,-0.180534
7.68529,-0.973952,0.419473,-0.269185,0.426916,-0.339596,-0.169886
7.69044,-0.982128,0.45507,-0.279886,0.436037,-0.343309,-0.156103
7.69527,-0.99093,0.486366,-0.290592,0.44359,-0.347828,-0.141263
7.70037,-0.997938,0.51808,-0.301221,0.451977,-0.353877,-0.129425
7.70557,-1.00483,0.551123,-0.312754,0.460306,-0.36164,-0.118549
7.71037,-1.01303,0.578447,-0.325255,0.463363,-0.367662,-0.102792
7.71532,-1.02206,0.607331,-0.336813,0.464609,-0.372278,-0.0937855
7.72044,-1.0299,0.638545,-0.34754,0.465533,-0.376771,-0.0831387
7.72535,-1.03585,0.666421,-0.358019,0.464706,-0.382683,-0.0680597
7.7305,-1.04133,0.693069,-0.369879,0.457975,-0.390436,-0.059783
7.73541,-1.04692,0.722147,-0.3788,0.447511,-0.401374,-0.0500213
7.7404,-1.05345,0.748469,-0.389546,0.431131,-0.40983,-0.0410255
7.7453,-1.05915,0.771906,-0.400772,0.411137,-0.418027,-0.0339386
7.7503,-1.06441,0.798551,-0.40952,0.387944,-0.423086,-0.022456
7.75535,-1.06918,0.820579,-0.420738,0.361384,-0.428023,-0.0136673
7.76029,-1.07174,0.841011,-0.431274,0.331911,-0.436119,-0.00900186
7.76552,-1.07501,0.860965,-0.443711,0.298026,-0.446147,0.00314768
7.77038,-1.07916,0.87588,-0.455732,0.263814,-0.457279,0.0140893
7.77529,-1.08168,0.897244,-0.462956,0.228104,-0.46271,0.0238015
7.78026,-1.08509,0.912397,-0.473298,0.192293,-0.469868,0.0365036
7.78542,-1.08736,0.922001,-0.486607,0.15471,-0.479397,0.0402624
7.7905,-1.09135,0.936515,-0.496145,0.118962,-0.490036,0.0464978
7.79532,-1.09383,0.94887,-0.506157,0.0859866,-0.499268,0.0495733
7.80031,-1.09503,0.960172,-0.517033,0.0522972,-0.511657,0.0522558
7.80521,-1.09656,0.972085,-0.527576,0.0194695,-0.519988,0.0589353
7.81023,-1.09974,0.981406,-0.5399,-0.0135293,-0.531665,0.0599021
7.8153,-1.10182,0.990874,-0.551873,-0.0457911,-0.540535,0.061882
7.82019,-1.10066,1.00622,-0.558178,-0.0793232,-0.540535,0.0636359
7.82541,-1.0993,1.01979,-0.566663,-0.112973,-0.544664,0.07499
7.83054,-1.09676,1.03062,-0.576293,-0.14418,-0.548695,0.0802371
7.83546,-1.0946,1.04013,-0.585667,-0.171017,-0.556393,0.0882546
7.84031,-1.0929,1.04624,-0.594692,-0.198831,-0.560726,0.0908126
7.84547,-1.09016,1.04917,-0.605798,-0.223506,-0.566912,0.0929243
7.85028,-1.08717,1.05829,-0.611526,-0.250029,-0.574071,0.0947711
7.85529,-1.08344,1.06399,-0.619767,-0.274743,-0.580552,0.0992332
7.86024,-1.07907,1.06988,-0.627465,-0.295468,-0.590856,0.101674
7.86525,-1.07523,1.0753,-0.635097,-0.315804,-0.601304,0.102455
7.87016,-1.07084,1.08111,-0.641726,-0.338819,-0.60822,0.102908
7.87519,-1.06522,1.08535,-0.650507,-0.357183,-0.617105,0.101271
7.88029,-1.06109,1.09022,-0.658363,-0.371651,-0.623315,0.0963068
7.88538,-1.05507,1.09763,-0.664632,-0.388317,-0.631831,0.0957661
7.89035,-1.04889,1.10116,-0.672686,-0.399327,-0.639225,0.0901179
7.89551,-1.04206,1.10414,-0.680975,-0.413517,-0.652077,0.0888573
7.90033,-1.0359,1.1138,-0.685736,-0.42764,-0.660455,0.080409
7.90536,-1.0266,1.12017,-0.693157,-0.437942,-0.668631,0.078431
7.91037,-1.0174,1.1339,-0.696477,-0.447,-0.669475,0.0748956
7.91531,-1.00854,1.14134,-0.703474,-0.463351,-0.681685,0.0714205
7.92051,-0.998229,1.14639,-0.711418,-0.480784,-0.692026,0.0743762
7.92527,-0.988764,1.15798,-0.714348,-0.489653,-0.696551,0.071804
7.93067,-0.978634,1.16773,-0.719138,-0.503198,-0.697769,0.072587
7.93539,-0.969537,1.17585,-0.723679,-0.506965,-0.70305,0.0686481
7.94038,-0.95777,1.18357,-0.729906,-0.513898,-0.706924,0.0730308
7.94535,-0.946673,1.19325,-0.734047,-0.521063,-0.71171,0.0758674
7.95051,-0.935078,1.20399,-0.739102,-0.527235,-0.717335,0.0816031
7.95542,-0.924446,1.21513,-0.743193,-0.525493,-0.716965,0.076189
7.9605,-0.913076,1.22667,-0.747343,-0.523071,-0.714979,0.0686675
7.96522,-0.901144,1.23775,-0.750947,-0.525437,-0.71445,0.0666244
7.97032,-0.889198,1.25544,-0.750392,-0.530338,-0.713139,0.0662506
7.97554,-0.878866,1.26182,-0.757049,-0.535222,-0.720821,0.0660659
7.98036,-0.868139,1.27226,-0.759366,-0.531281,-0.723325,0.0630841
7.98533,-0.857743,1.28086,-0.763159,-0.534982,-0.725912,0.0560674
7.9905,-0.845384,1.29174,-0.765645,-0.533058,-0.727099,0.0471249
7.99533,-0.833931,1.30578,-0.765083,-0.532312,-0.724436,0.0449112
8.00033,-0.822372,1.31398,-0.769072,-0.526642,-0.727134,0.03854
8.00538,-0.809262,1.32001,-0.773876,-0.511853,-0.733547,0.0373409
8.01036,-0.797718,1.33437,-0.773238,-0.506452,-0.736478,0.0318443
8.01528,-0.78638,1.34742,-0.772827,-0.495364,-0.736408,0.0335671
8.02053,-0.774254,1.35614,-0.774375,-0.482363,-0.741323,0.0286254
8.0255,-0.762202,1.36665,-0.774191,-0.474826,-0.741457,0.026081
8.03027,-0.748895,1.37074,-0.777482,-0.463547,-0.74484,0.0270653
8.03529,-0.735791,1.37901,-0.778558,-0.450583,-0.748566,0.0263792
8.04029,-0.722127,1.38775,-0.779441,-0.43952,-0.749248,0.027114
8.0454,-0.707635,1.39369,-0.781813,-0.431227,-0.746028,0.032147
8.0503,-0.693624,1.40608,-0.779565,-0.428139,-0.74385,0.0252177
8.0553,-0.679767,1.4103,-0.782157,-0.420756,-0.744221,0.0146325
8.06059,-0.662157,1.41419,-0.784824,-0.410279,-0.740331,0.0104752
8.06536,-0.647907,1.42038,-0.78526,-0.408463,-0.741635,0.00443913
8.07036,-0.633147,1.42583,-0.786175,-0.403495,-0.740892,0.00096179
8.07534,-0.618905,1.43267,-0.785789,-0.401764,-0.738766,0.000249912
8.0803,-0.604418,1.43877,-0.786411,-0.396297,-0.741116,-0.00265211
8.08532,-0.588638,1.44426,-0.788409,-0.389267,-0.744204,-0.0093363
8.09058,-0.574258,1.45013,-0.790567,-0.386992,-0.752017,-0.00684182
8.09534,-0.561724,1.45631,-0.79215,-0.381775,-0.757992,-0.0132559
8.1003,-0.547272,1.45993,-0.795428,-0.377882,-0.760381,-0.0139058
8.10531,-0.532583,1.46574,-0.797605,-0.372305,-0.764029,-0.0113936
8.11034,-0.517207,1.47214,-0.7997,-0.365635,-0.767248,-0.00808931
8.11532,-0.502632,1.477,-0.803202,-0.362322,-0.768935,-0.00962419
8.12029,-0.487184,1.4814,-0.806153,-0.363065,-0.771322,-0.015404
8.1254,-0.472075,1.48443,-0.808727,-0.36081,-0.774003,-0.0182153
8.13036,-0.457816,1.48956,-0.808763,-0.365358,-0.777334,-0.0189301
8.13538,-0.442348,1.49679,-0.807755,-0.355905,-0.776942,-0.0158703
8.14039,-0.427925,1.50511,-0.805979,-0.349967,-0.775663,-0.0138024
8.14529,-0.413116,1.50995,-0.806098,-0.339234,-0.780951,-0.0160453
8.15034,-0.397592,1.51528,-0.805754,-0.331207,-0.780597,-0.0176069
8.15536,-0.382089,1.52274,-0.804824,-0.329856,-0.779037,-0.0135008
8.16052,-0.367147,1.53082,-0.804482,-0.321359,-0.778676,-0.0194299
8.16531,-0.353701,1.53904,-0.803614,-0.317898,-0.780071,-0.00990771
8.17028,-0.338215,1.5495,-0.802098,-0.314774,-0.778512,-0.00531648
8.1753,-0.323125,1.55692,-0.803346,-0.310576,-0.779209,0.00124287
8.18048,-0.308784,1.56766,-0.803801,-0.299972,-0.781019,0.00847666
8.18531,-0.294788,1.5757,-0.805213,-0.296662,-0.783486,0.0191428
8.1903,-0.278985,1.58327,-0.80743,-0.282707,-0.784206,0.0275196
8.19529,-0.264976,1.59278,-0.808608,-0.273881,-0.785678,0.0388611
8.20028,-0.251003,1.60189,-0.810195,-0.261659,-0.78158,0.04674
8.20529,-0.237308,1.6145,-0.810263,-0.255546,-0.780727,0.0653083
8.21028,-0.222761,1.62604,-0.811102,-0.24713,-0.777596,0.08107
8.21545,-0.207164,1.63989,-0.812711,-0.242354,-0.777938,0.0934726
8.22029,-0.19344,1.65421,-0.814116,-0.237704,-0.775488,0.105546
8.22528,-0.179184,1.66959,-0.81574,-0.232247,-0.77372,0.115264
8.23028,-0.163833,1.68583,-0.817273,-0.226178,-0.769597,0.125665
8.23523,-0.148379,1.70465,-0.817739,-0.222682,-0.765164,0.132363
8.24031,-0.130913,1.72436,-0.818593,-0.21611,-0.760173,0.139356
8.24528,-0.113591,1.74212,-0.820072,-0.207429,-0.755924,0.143517
8.25031,-0.0955457,1.76031,-0.82144,-0.201231,-0.75198,0.148302
8.25536,-0.0775875,1.77836,-0.822079,-0.198916,-0.747626,0.159766
8.26032,-0.0605758,1.79622,-0.820749,-0.197985,-0.745641,0.17649
8.26554,-0.0423195,1.81541,-0.817485,-0.196325,-0.7416,0.193383
8.2704,-0.0250029,1.83275,-0.812965,-0.192973,-0.737151,0.202474
8.27533,-0.00904983,1.85537,-0.804125,-0.188657,-0.729857,0.214412
8.28028,0.00714098,1.87782,-0.794369,-0.1867,-0.718083,0.227409
8.28539,0.0235439,1.90101,-0.783443,-0.174844,-0.704793,0.241464
8.29035,0.0388777,1.92438,-0.771573,-0.16606,-0.699408,0.256018
8.29568,0.0551499,1.94948,-0.75783,-0.156788,-0.687105,0.274022
8.30032,0.069888,1.96971,-0.745631,-0.152435,-0.679034,0.289781
8.30541,0.0860234,1.99226,-0.730955,-0.140539,-0.669598,0.308839
8.31033,0.100715,2.01605,-0.714546,-0.14435,-0.66134,0.325503
8.31528,0.11498,2.04055,-0.697191,-0.143419,-0.655102,0.336527
8.3203,0.129121,2.06468,-0.679673,-0.132406,-0.646255,0.35159
8.32525,0.14316,2.08879,-0.661887,-0.127484,-0.636687,0.358442
8.33045,0.156989,2.11464,-0.642299,-0.121806,-0.627803,0.370946
8.33533,0.170804,2.13708,-0.624169,-0.11102,-0.621318,0.383857
8.34043,0.185035,2.15682,-0.60526,-0.0978868,-0.612355,0.395546
8.34537,0.198665,2.17125,-0.585851,-0.0866857,-0.606831,0.401646
8.35029,0.212124,2.18293,-0.564379,-0.0889901,-0.60601,0.410518
8.35542,0.225126,2.19181,-0.541029,-0.085003,-0.600732,0.423615
8.36032,0.237664,2.19921,-0.518371,-0.0823512,-0.594447,0.431987
8.3654,0.250591,2.20571,-0.495174,-0.0792289,-0.59488,0.435308
8.37032,0.262933,2.21245,-0.472425,-0.0734633,-0.590115,0.43682
8.3753,0.275877,2.21261,-0.450959,-0.0737203,-0.587448,0.442811
8.38037,0.288892,2.21031,-0.428609,-0.0727408,-0.584273,0.444679
8.38534,0.301886,2.20322,-0.406808,-0.0630741,-0.583291,0.450832
8.39028,0.315756,2.18921,-0.387326,-0.0510117,-0.584015,0.457297
8.39538,0.329316,2.17177,-0.366063,-0.0386012,-0.581735,0.464313
8.4003,0.341501,2.15307,-0.344516,-0.0385011,-0.579313,0.467495
8.40531,0.353474,2.1306,-0.322431,-0.0399112,-0.574758,0.473979
8.41033,0.366483,2.10106,-0.303036,-0.0239143,-0.571158,0.469426
8.41572,0.379203,2.07387,-0.279292,-0.0313705,-0.56164,0.486553
8.42031,0.389739,2.04794,-0.26004,-0.036406,-0.558494,0.496181
8.42525,0.401084,2.01872,-0.238158,-0.0447105,-0.561494,0.497782
8.43021,0.412418,1.98773,-0.216174,-0.0494916,-0.566228,0.496836
8.43527,0.423436,1.95618,-0.19306,-0.0619546,-0.562591,0.5012
8.44058,0.434823,1.92075,-0.169683,-0.0716269,-0.557209,0.503759
8.44536,0.444879,1.88724,-0.14944,-0.0776704,-0.551229,0.504513
8.45033,0.454863,1.84972,-0.129006,-0.0881757,-0.539722,0.508379
8.45529,0.464901,1.81028,-0.107668,-0.0976075,-0.525993,0.506748
8.46029,0.474694,1.76834,-0.0860286,-0.105528,-0.514953,0.502867
8.46533,0.484601,1.72316,-0.065502,-0.106301,-0.505426,0.501113
8.47028,0.493734,1.67784,-0.0451518,-0.107599,-0.496513,0.501479
8.47528,0.502381,1.63077,-0.0252482,-0.10801,-0.488803,0.499585
8.48064,0.511019,1.57887,-0.00462069,-0.107485,-0.481922,0.495128
8.48533,0.51831,1.5377,0.0156837,-0.108098,-0.476548,0.490357
8.49041,0.526242,1.49386,0.0370803,-0.107102,-0.472875,0.485727
8.49533,0.534047,1.45305,0.0596685,-0.103795,-0.469439,0.478646
8.50034,0.542699,1.40447,0.0782883,-0.102074,-0.469054,0.471511
8.50547,0.551575,1.35738,0.0971287,-0.105844,-0.462587,0.471303
8.51036,0.559862,1.31316,0.114982,-0.106539,-0.462023,0.472604
8.5153,0.567551,1.26877,0.133524,-0.107691,-0.458338,0.469915
8.52032,0.574726,1.22358,0.152036,-0.109498,-0.456753,0.467894
8.52533,0.581794,1.17416,0.167664,-0.107964,-0.457685,0.461731
8.53061,0.58876,1.12008,0.181888,-0.0956538,-0.461105,0.455
8.53543,0.593691,1.07338,0.194995,-0.0945734,-0.464905,0.451492
8.54044,0.597057,1.03025,0.212111,-0.0914568,-0.46839,0.449101
8.54524,0.600561,0.988191,0.227783,-0.0915664,-0.464092,0.443028
8.55039,0.604009,0.943126,0.244695,-0.0915521,-0.46017,0.437343
8.55524,0.6073,0.897639,0.257771,-0.0920347,-0.460823,0.429133
8.5602,0.610632,0.850318,0.269234,-0.0761676,-0.462773,0.416101
8.56541,0.614795,0.802436,0.282469,-0.0671203,-0.463378,0.410691
8.57026,0.618483,0.761323,0.297592,-0.0580228,-0.467108,0.401614
8.57526,0.622435,0.713255,0.307645,-0.0541607,-0.473467,0.392595
8.58023,0.625553,0.666889,0.317829,-0.0453168,-0.477523,0.385433
8.58522,0.628679,0.620007,0.327225,-0.0345928,-0.484221,0.37548
8.59018,0.630163,0.579202,0.340363,-0.0345143,-0.483462,0.364576
8.59529,0.631969,0.529723,0.348907,-0.0316083,-0.487461,0.356639
8.60029,0.633208,0.48494,0.360246,-0.0266242,-0.48867,0.346458
8.6053,0.633767,0.439644,0.371453,-0.0191625,-0.492804,0.33618
8.61022,0.633431,0.398865,0.383596,-0.0155765,-0.500102,0.317625
8.61545,0.632575,0.357467,0.396472,-0.0101258,-0.509668,0.297935
8.62061,0.631687,0.318338,0.406759,-0.00515336,-0.515778,0.288724
8.62533,0.632033,0.279964,0.414164,0.00983606,-0.521958,0.27855
8.6303,0.632657,0.241665,0.421595,0.0295795,-0.526705,0.266801
8.63526,0.633314,0.201178,0.42591,0.0497319,-0.530913,0.256945
8.64024,0.633399,0.161626,0.429477,0.0688666,-0.536094,0.246455
8.64525,0.632328,0.127413,0.436505,0.0738512,-0.532644,0.231742
8.6504,0.631338,0.0877875,0.440863,0.084412,-0.537104,0.219229
8.65524,0.629515,0.0563699,0.447694,0.0901022,-0.543373,0.216416
8.66028,0.628978,0.0157726,0.449982,0.102455,-0.547282,0.21257
8.6654,0.625741,-0.0144541,0.45898,0.10404,-0.556916,0.210486
8.67034,0.62478,-0.0516027,0.46212,0.128639,-0.561273,0.206928
8.67525,0.622274,-0.0834439,0.467856,0.136659,-0.572854,0.209695
8.68049,0.619736,-0.119322,0.472528,0.144244,-0.581537,0.207813
8.68528,0.617746,-0.150887,0.477677,0.153749,-0.591239,0.204049
8.69042,0.616173,-0.191999,0.477255,0.16424,-0.606526,0.200792
8.69547,0.612638,-0.224083,0.4827,0.17202,-0.615197,0.200259
8.70036,0.609844,-0.259069,0.483309,0.175292,-0.6264,0.200424
8.70539,0.606617,-0.291493,0.48577,0.188436,-0.630817,0.203243
8.71028,0.605038,-0.325779,0.485982,0.204969,-0.642105,0.211144
8.71525,0.603624,-0.359431,0.485966,0.222607,-0.657537,0.219202
8.72026,0.601967,-0.390771,0.486599,0.232046,-0.67442,0.225123
8.72553,0.599364,-0.418343,0.490002,0.23466,-0.692562,0.226228
8.7303,0.596409,-0.443875,0.491806,0.242781,-0.702456,0.228578
8.73551,0.595119,-0.477357,0.489292,0.257844,-0.714506,0.229892
8.74036,0.592259,-0.507298,0.486443,0.273233,-0.728559,0.23263
8.74531,0.589728,-0.535645,0.48469,0.293692,-0.742216,0.231042
8.75029,0.585504,-0.558639,0.486229,0.310253,-0.759083,0.228436
8.75519,0.58235,-0.588799,0.483163,0.317336,-0.773979,0.231502
8.76028,0.577111,-0.612582,0.484328,0.333684,-0.786339,0.234582
8.76521,0.570881,-0.633855,0.485704,0.349566,-0.798219,0.235784
8.77028,0.563314,-0.653947,0.487367,0.365936,-0.810341,0.235272
8.77527,0.55641,-0.67831,0.486172,0.386667,-0.818965,0.230726
8.78029,0.548669,-0.701688,0.485321,0.407523,-0.827398,0.226434
8.78551,0.540607,-0.724763,0.485062,0.424956,-0.834352,0.218287
8.79051,0.532852,-0.743434,0.485089,0.442361,-0.839497,0.212469
8.79532,0.525025,-0.762278,0.484917,0.457693,-0.846375,0.208887
8.80028,0.515912,-0.779677,0.48598,0.464954,-0.855206,0.208489
8.80529,0.506348,-0.796548,0.486931,0.472726,-0.868694,0.210685
8.81049,0.496043,-0.817564,0.484973,0.483477,-0.881429,0.208606
8.8153,0.487525,-0.839295,0.48172,0.501016,-0.895675,0.211267
8.82038,0.478134,-0.85894,0.480411,0.515496,-0.908739,0.211876
8.82545,0.469778,-0.880084,0.477127,0.522821,-0.920278,0.218129
8.83029,0.459863,-0.895229,0.47638,0.540672,-0.930593,0.219639
8.83523,0.451345,-0.914324,0.472404,0.546361,-0.938595,0.227477
8.84034,0.441528,-0.931536,0.47016,0.562057,-0.94724,0.225598
8.84522,0.43107,-0.944406,0.4695,0.578248,-0.955058,0.224037
8.8503,0.421792,-0.958449,0.46786,0.587107,-0.963328,0.220947
8.85525,0.413146,-0.976032,0.463658,0.603053,-0.970217,0.216019
8.86027,0.403874,-0.992358,0.459753,0.617939,-0.979161,0.214419
8.86518,0.392865,-0.997968,0.463294,0.626594,-0.989009,0.218079
8.87023,0.382496,-1.0087,0.463797,0.632749,-0.99892,0.219269
8.87519,0.371764,-1.02099,0.462545,0.647008,-1.00958,0.226233
8.88029,0.35959,-1.03177,0.463588,0.657068,-1.02129,0.220291
8.88524,0.34733,-1.04294,0.46375,0.658475,-1.03226,0.219189
8.89031,0.333666,-1.05185,0.466195,0.654755,-1.04409,0.22721
8.89518,0.322048,-1.06353,0.466155,0.664009,-1.05301,0.232823
8.90019,0.311054,-1.0763,0.465804,0.671972,-1.06109,0.239574
8.90523,0.29829,-1.08865,0.466697,0.683366,-1.06906,0.239793
8.91019,0.284725,-1.10281,0.467359,0.690887,-1.07603,0.239344
8.9152,0.272796,-1.12488,0.460514,0.717391,-1.07041,0.232866
8.9205,0.261993,-1.14675,0.454352,0.717849,-1.0585,0.221887
8.92542,0.251735,-1.17001,0.445969,0.720154,-1.04405,0.214159
8.9304,0.238908,-1.18763,0.439912,0.720163,-1.03129,0.210787
8.93536,0.226186,-1.20522,0.434222,0.725988,-1.02029,0.197931
8.9403,0.213329,-1.21765,0.430793,0.714844,-1.00927,0.195787
8.9453,0.199332,-1.2322,0.426018,0.72226,-0.999025,0.192078
8.95037,0.184353,-1.24536,0.422352,0.72072,-0.986497,0.18175
8.95537,0.170039,-1.25817,0.418468,0.72557,-0.975137,0.169363
8.96068,0.15423,-1.27305,0.412978,0.726874,-0.962646,0.159538
8.96548,0.138878,-1.28237,0.411826,0.735085,-0.955283,0.149811
8.97037,0.12287,-1.29305,0.408979,0.73607,-0.948006,0.14084
8.97539,0.108322,-1.30316,0.405211,0.740623,-0.947282,0.133254
8.98031,0.0933672,-1.31504,0.398997,0.741466,-0.941147,0.123942
8.98546,0.0765285,-1.32542,0.39309,0.743819,-0.938335,0.116028
8.99035,0.0600318,-1.33517,0.3891,0.748737,-0.938191,0.113387
8.99541,0.0431428,-1.34231,0.386322,0.751099,-0.935004,0.107729
9.00029,0.0261759,-1.34871,0.384359,0.748754,-0.935829,0.103745
9.00536,0.00838457,-1.36077,0.379355,0.745233,-0.939149,0.106058
9.01041,-0.00983671,-1.36894,0.377457,0.740643,-0.942473,0.108579
9.01538,-0.0289786,-1.37383,0.376988,0.729984,-0.949408,0.104267
9.02044,-0.0499137,-1.37943,0.375486,0.717377,-0.954308,0.0969122
9.02538,-0.0690106,-1.38575,0.372664,0.724905,-0.95861,0.0920144
9.03045,-0.0890177,-1.39002,0.369773,0.733166,-0.964723,0.0875152
9.03539,-0.109208,-1.39422,0.366662,0.743071,-0.972553,0.0845397
9.04057,-0.131028,-1.3976,0.363971,0.752036,-0.981683,0.0831483
9.04535,-0.150544,-1.4008,0.362174,0.753586,-0.988523,0.0815658
9.05027,-0.170847,-1.40364,0.36058,0.757068,-0.996354,0.0806907
9.05558,-0.1925,-1.4069,0.357093,0.762683,-1.00327,0.0736531
9.06052,-0.211535,-1.41217,0.354689,0.768761,-1.01308,0.068322
9.06531,-0.230066,-1.41709,0.353236,0.773746,-1.02208,0.0632738
9.07064,-0.252133,-1.41635,0.35427,0.764796,-1.02835,0.0591446
9.07531,-0.272129,-1.42222,0.351204,0.7699,-1.03288,0.05681
9.08029,-0.29489,-1.42908,0.34843,0.776798,-1.03969,0.0514397
9.08537,-0.31665,-1.44117,0.343735,0.788459,-1.05012,0.0466911
9.09028,-0.338207,-1.4485,0.341644,0.792811,-1.05444,0.0488323
9.0953,-0.361752,-1.45184,0.341977,0.797246,-1.06093,0.0400821
9.10039,-0.381716,-1.46923,0.333254,0.815555,-1.06215,0.0301176
9.10541,-0.402897,-1.4787,0.328494,0.826778,-1.06397,0.015867
9.11034,-0.423956,-1.48682,0.323304,0.839442,-1.06832,0.00212472
9.1153,-0.444685,-1.49298,0.319449,0.853518,-1.07119,-0.00705138
9.12055,-0.467211,-1.50196,0.313194,0.870025,-1.07329,-0.0164336
9.12536,-0.487791,-1.51185,0.305591,0.885034,-1.07268,-0.0312819
9.13044,-0.506785,-1.52371,0.295561,0.907198,-1.07141,-0.0425196
9.13546,-0.528528,-1.53364,0.28724,0.915826,-1.07587,-0.0519797
9.14044,-0.549902,-1.54116,0.281461,0.923728,-1.08268,-0.0582743
9.14532,-0.572589,-1.54737,0.275929,0.934473,-1.09172,-0.0664261
9.15046,-0.595202,-1.55723,0.268667,0.9361,-1.09517,-0.0685807
9.15536,-0.617906,-1.56257,0.265455,0.935896,-1.10221,-0.069493
9.16028,-0.640489,-1.57538,0.25876,0.954521,-1.11044,-0.0799995
9.16529,-0.660877,-1.5901,0.251776,0.974012,-1.11949,-0.0819681
9.17026,-0.684232,-1.59967,0.246946,0.986371,-1.12948,-0.0795103
9.17527,-0.706274,-1.60566,0.245463,0.998119,-1.13975,-0.0832387
9.18046,-0.729704,-1.60937,0.244741,1.01447,-1.14863,-0.0830593
9.18527,-0.751177,-1.61499,0.241706,1.01749,-1.15707,-0.0867242
9.1903,-0.770697,-1.62378,0.237346,1.03101,-1.16307,-0.0792386
9.19529,-0.79129,-1.63436,0.232075,1.05111,-1.16567,-0.0743534
9.20029,-0.811501,-1.64179,0.227593,1.07388,-1.16718,-0.0712723
9.20523,-0.83242,-1.64875,0.223105,1.09085,-1.17434,-0.0662231
9.21028,-0.853806,-1.65409,0.219366,1.10657,-1.18657,-0.059058
9.21534,-0.87285,-1.66328,0.213279,1.12898,-1.19302,-0.0541978
9.22024,-0.893992,-1.66792,0.211564,1.13749,-1.20655,-0.0524858
9.22545,-0.914602,-1.68248,0.204312,1.15524,-1.21273,-0.048904
9.23022,-0.934595,-1.68916,0.202235,1.16658,-1.22604,-0.0427213
9.23523,-0.954767,-1.69583,0.200397,1.16953,-1.24119,-0.0458453
9.24037,-0.97745,-1.70209,0.198262,1.17625,-1.2536,-0.0436235
9.24558,-0.99929,-1.71174,0.194952,1.19235,-1.26745,-0.0373421
9.25019,-1.01942,-1.71899,0.19231,1.20374,-1.27845,-0.0328652
9.25526,-1.04267,-1.72567,0.190268,1.21565,-1.29039,-0.0235633
9.2602,-1.06567,-1.73073,0.189744,1.23467,-1.30248,-0.0123831
9.26524,-1.08887,-1.73754,0.188023,1.24497,-1.31444,-0.00675421
9.27019,-1.11231,-1.74187,0.18754,1.25202,-1.32313,0.00094005
9.27523,-1.13613,-1.74805,0.186689,1.26427,-1.33291,0.0142686
9.28025,-1.15962,-1.75679,0.184905,1.28104,-1.34345,0.0216321
9.28523,-1.18209,-1.76231,0.183463,1.29452,-1.34235,0.0265401
9.29025,-1.20507,-1.76714,0.182648,1.3169,-1.3461,0.0318058
9.29532,-1.23068,-1.77113,0.183404,1.32606,-1.34928,0.0399324
9.30028,-1.25471,-1.78141,0.181067,1.34763,-1.34976,0.0494551
9.30522,-1.27878,-1.78368,0.184355,1.35544,-1.35047,0.0622559
9.31021,-1.30143,-1.79099,0.184121,1.37044,-1.34627,0.0735836
9.31517,-1.32334,-1.79804,0.184752,1.38359,-1.33905,0.0865189
9.32025,-1.34372,-1.80671,0.183985,1.3928,-1.32857,0.101178
9.32519,-1.36405,-1.81384,0.184213,1.3968,-1.3182,0.112817
9.33025,-1.38596,-1.81798,0.186193,1.39084,-1.31414,0.126493
9.33538,-1.40661,-1.82652,0.185632,1.39181,-1.30147,0.138517
9.34038,-1.42655,-1.83176,0.186001,1.40259,-1.29208,0.149442
9.34533,-1.44679,-1.83444,0.18778,1.40603,-1.28566,0.156699
9.35046,-1.46808,-1.83528,0.189451,1.40975,-1.28303,0.163315
9.35522,-1.48546,-1.84341,0.185441,1.42222,-1.27458,0.172104
9.36025,-1.5046,-1.84764,0.184379,1.43167,-1.26741,0.181054
9.36526,-1.52331,-1.86047,0.177943,1.45063,-1.26025,0.189663
9.37019,-1.54348,-1.86303,0.178921,1.4486,-1.25353,0.200428
9.37564,-1.56445,-1.86708,0.180567,1.45781,-1.24809,0.207497
9.38029,-1.58441,-1.86744,0.183792,1.46571,-1.24845,0.214969
9.38531,-1.60297,-1.87255,0.185418,1.46892,-1.24006,0.220978
9.39039,-1.6242,-1.87409,0.190187,1.47714,-1.23941,0.222
9.39528,-1.64273,-1.87733,0.192637,1.48922,-1.23225,0.221584
9.4005,-1.6641,-1.87551,0.198953,1.47831,-1.22977,0.223057
9.40531,-1.68193,-1.87711,0.203231,1.47623,-1.2282,0.229755
9.41024,-1.69916,-1.87893,0.208519,1.47713,-1.22191,0.23122
9.41526,-1.71616,-1.88201,0.209663,1.49065,-1.21934,0.229546
9.42036,-1.73107,-1.88856,0.207095,1.49438,-1.21259,0.228756
9.42542,-1.74846,-1.89584,0.203814,1.49367,-1.20234,0.228895
9.43034,-1.76458,-1.90227,0.201947,1.49045,-1.20309,0.235957
9.43525,-1.78093,-1.90771,0.201473,1.48621,-1.21104,0.246861
9.44044,-1.798,-1.91219,0.203,1.47054,-1.22602,0.259843
9.44533,-1.81481,-1.9218,0.201167,1.46022,-1.23532,0.266814
9.4503,-1.83078,-1.93205,0.199366,1.45246,-1.24447,0.271807
9.45544,-1.84836,-1.94352,0.195966,1.45191,-1.25509,0.273988
9.46031,-1.86518,-1.95468,0.192615,1.45196,-1.25624,0.274076
9.46524,-1.88218,-1.96277,0.190523,1.44672,-1.26343,0.273888
9.47025,-1.89889,-1.96769,0.190682,1.43905,-1.26947,0.274008
9.47531,-1.91805,-1.97295,0.190154,1.43235,-1.27632,0.275092
9.48046,-1.93651,-1.97371,0.192193,1.42658,-1.28394,0.27734
9.48534,-1.95361,-1.97353,0.193918,1.41962,-1.2914,0.281501
9.49037,-1.96913,-1.97636,0.19125,1.419,-1.29367,0.285268
9.49521,-1.98303,-1.97903,0.188974,1.42413,-1.29629,0.290633
9.50023,-1.99668,-1.98073,0.187254,1.4259,-1.29812,0.298426
9.50546,-2.01164,-1.98101,0.18604,1.42511,-1.3011,0.297798
9.5103,-2.02548,-1.98444,0.182624,1.41847,-1.30755,0.291706
9.51524,-2.0398,-1.98695,0.179805,1.40788,-1.31572,0.282026
9.52038,-2.05397,-1.98582,0.180463,1.39612,-1.32374,0.267906
9.52522,-2.06541,-1.98659,0.180184,1.37149,-1.32968,0.252126
9.53045,-2.08022,-1.98586,0.181192,1.36123,-1.33946,0.233101
9.53526,-2.09398,-1.99034,0.178097,1.35183,-1.34431,0.214509
9.54039,-2.10697,-1.99404,0.176424,1.34392,-1.35155,0.191711
9.54528,-2.11945,-1.99284,0.17724,1.32267,-1.36164,0.168118
9.5503,-2.1324,-1.99308,0.177909,1.30555,-1.36896,0.141649
9.55524,-2.14431,-1.99333,0.17967,1.28701,-1.37402,0.115714
9.56057,-2.15483,-1.99704,0.180862,1.26943,-1.3777,0.0910401
9.56537,-2.16541,-1.99715,0.182088,1.26476,-1.3827,0.070665
9.57019,-2.17507,-1.99611,0.183416,1.25996,-1.38619,0.0567108
9.5753,-2.18339,-1.99665,0.183,1.25568,-1.38428,0.04422
9.58028,-2.19272,-1.99279,0.184184,1.24768,-1.38428,0.0324171
9.58564,-2.20135,-1.98765,0.185461,1.24103,-1.38104,0.0199795
9.59025,-2.20802,-1.98306,0.187091,1.23589,-1.37781,0.00754906
9.59531,-2.21668,-1.98238,0.18712,1.23954,-1.37713,-0.00700072
9.60042,-2.22464,-1.98397,0.18679,1.24667,-1.3731,-0.0168568
9.60559,-2.23365,-1.9899,0.185055,1.25639,-1.37131,-0.0185489
9.61029,-2.24299,-1.99051,0.187049,1.25713,-1.37088,-0.0242805
9.61521,-2.25253,-1.99214,0.189758,1.26037,-1.37026,-0.0248583
9.62018,-2.26157,-1.99804,0.189452,1.27044,-1.36941,-0.020088
9.62518,-2.26898,-2.00564,0.187492,1.2698,-1.36672,-0.0124559
9.63034,-2.2776,-2.01258,0.185392,1.27376,-1.36393,-0.0035852
9.63529,-2.28587,-2.01778,0.184073,1.27709,-1.36258,0.00942484
9.64032,-2.29406,-2.02333,0.18324,1.2816,-1.36752,0.0221052
9.64548,-2.30447,-2.02591,0.183956,1.29326,-1.37689,0.0360324
9.6503,-2.31225,-2.03394,0.180402,1.30238,-1.37928,0.044798
9.65528,-2.32141,-2.03162,0.182737,1.29929,-1.38446,0.0527866
9.66028,-2.33134,-2.03368,0.179601,1.30366,-1.38263,0.0591226
9.66524,-2.3405,-2.03489,0.174991,1.30379,-1.37637,0.0661276
9.67039,-2.34842,-2.0312,0.170789,1.29626,-1.36829,0.079372
9.67533,-2.35586,-2.02634,0.165645,1.29194,-1.3615,0.0880082
9.68039,-2.36069,-2.02284,0.158643,1.28698,-1.35427,0.0939324
9.68524,-2.36567,-2.02113,0.150005,1.27768,-1.34982,0.100351
9.69038,-2.3705,-2.0188,0.140775,1.26681,-1.34594,0.111088
9.6954,-2.37474,-2.01872,0.130106,1.25403,-1.33966,0.118419
9.70027,-2.38105,-2.01261,0.12234,1.24974,-1.33982,0.122666
9.70531,-2.38693,-2.00695,0.113958,1.24477,-1.34227,0.126865
9.71032,-2.39078,-2.00662,0.102802,1.2418,-1.34322,0.129216
9.71523,-2.39375,-2.00478,0.0930209,1.23536,-1.34071,0.136025
9.72056,-2.39873,-2.00318,0.0826786,1.22686,-1.34247,0.135529
9.72543,-2.40248,-2.00383,0.0717459,1.2306,-1.34593,0.146828
9.7303,-2.40649,-2.00719,0.0587033,1.23688,-1.34823,0.157198
9.73536,-2.40962,-2.00827,0.04679,1.23728,-1.35202,0.167106
9.74032,-2.41285,-2.00863,0.0345963,1.24173,-1.35347,0.179461
9.74524,-2.41915,-2.01224,0.0202616,1.24297,-1.35543,0.190475
9.75051,-2.42393,-2.00945,0.00859539,1.23973,-1.35964,0.202068
9.7554,-2.4289,-2.00805,-0.00472684,1.24327,-1.3604,0.210228
9.76034,-2.43412,-2.00375,-0.0164543,1.24148,-1.36326,0.224294
9.76544,-2.43831,-1.99806,-0.0275562,1.2401,-1.36638,0.239902
9.77027,-2.44161,-1.99703,-0.041431,1.23914,-1.36463,0.24683
9.77529,-2.44795,-1.99182,-0.0537832,1.24146,-1.36783,0.260959
9.78024,-2.45125,-1.98566,-0.0647776,1.24205,-1.37013,0.278536
9.7854,-2.45668,-1.97862,-0.0747669,1.23906,-1.37626,0.295991
9.7903,-2.45979,-1.97826,-0.0876847,1.23567,-1.37728,0.310896
9.79528,-2.46505,-1.97461,-0.0984573,1.2324,-1.37911,0.328928
9.80031,-2.46728,-1.9762,-0.111492,1.22928,-1.37914,0.345337
9.80525,-2.47272,-1.97295,-0.120874,1.22963,-1.38953,0.355399
9.81034,-2.47502,-1.97058,-0.129904,1.22171,-1.39759,0.36715
9.81542,-2.47751,-1.96643,-0.137063,1.22326,-1.40665,0.382428
9.82026,-2.47738,-1.97109,-0.150148,1.22126,-1.40551,0.392593
9.82539,-2.47927,-1.96915,-0.157744,1.21479,-1.41054,0.402068
9.83025,-2.47959,-1.9747,-0.170288,1.21416,-1.41012,0.410278
9.83526,-2.48053,-1.97422,-0.178961,1.20542,-1.41395,0.416093
9.84038,-2.48233,-1.97571,-0.188532,1.19952,-1.41691,0.41831
9.84546,-2.47963,-1.97579,-0.195698,1.18308,-1.42185,0.421265
9.85028,-2.47908,-1.97591,-0.203715,1.16881,-1.42028,0.424728
9.8554,-2.47843,-1.97645,-0.211571,1.15436,-1.41476,0.428375
9.86031,-2.47772,-1.9776,-0.21867,1.1501,-1.41203,0.436117
9.86557,-2.47775,-1.9764,-0.224577,1.13337,-1.41464,0.449675
9.87029,-2.47621,-1.97601,-0.229931,1.12108,-1.41727,0.457124
9.87535,-2.47759,-1.97522,-0.236656,1.1087,-1.4204,0.4681
9.88038,-2.47468,-1.97336,-0.240604,1.09354,-1.42451,0.47983
9.88534,-2.47627,-1.96706,-0.245374,1.08336,-1.43092,0.492373
9.89051,-2.47576,-1.95884,-0.250503,1.07089,-1.43096,0.504286
9.89544,-2.47523,-1.94805,-0.254554,1.05973,-1.43183,0.507762
9.90029,-2.47396,-1.93766,-0.257956,1.05134,-1.42863,0.511316
9.90533,-2.47164,-1.92749,-0.263124,1.03422,-1.41956,0.514292
9.91032,-2.46917,-1.91392,-0.262082,1.02777,-1.41532,0.531329
9.91523,-2.46488,-1.9133,-0.266799,1.02567,-1.40055,0.52973
9.92028,-2.46252,-1.91465,-0.272737,1.0157,-1.38994,0.527223
9.92529,-2.46089,-1.91361,-0.276665,1.01922,-1.37603,0.530259
9.93051,-2.45758,-1.91163,-0.279407,1.01425,-1.36298,0.534864
9.93538,-2.45774,-1.91232,-0.284608,1.01662,-1.35149,0.533477
9.94058,-2.45373,-1.92299,-0.296078,1.01277,-1.33598,0.531524
9.94529,-2.4533,-1.92656,-0.300472,1.01843,-1.32818,0.533588
9.95058,-2.45136,-1.92369,-0.301721,1.01818,-1.32446,0.532326
9.95527,-2.45065,-1.9259,-0.305226,1.01086,-1.31615,0.531112
9.96031,-2.44887,-1.93049,-0.310783,1.01345,-1.3071,0.530739
9.96527,-2.44725,-1.93552,-0.315928,1.01689,-1.29954,0.533494
9.97032,-2.44787,-1.94019,-0.320368,1.01264,-1.29324,0.535005
9.97528,-2.44792,-1.94601,-0.323937,1.0062,-1.28846,0.535511
9.98024,-2.44682,-1.95412,-0.329985,0.998601,-1.27814,0.531157
9.98535,-2.446,-1.96044,-0.33348,0.999092,-1.26658,0.527006
9.99029,-2.44423,-1.96349,-0.334555,0.996586,-1.25815,0.516672
9.99534,-2.44159,-1.97069,-0.338256,0.990859,-1.2482,0.510197
10.0003,-2.43937,-1.97735,-0.341245,0.992739,-1.2408,0.508605
10.0055,-2.43757,-1.9792,-0.340555,0.995486,-1.23776,0.514016
10.0104,-2.43425,-1.98363,-0.34123,0.998826,-1.2343,0.513579
10.0155,-2.43085,-1.988,-0.342564,0.998847,-1.23242,0.513014
10.0203,-2.42693,-1.98921,-0.341327,0.996217,-1.2339,0.500729
10.0253,-2.4215,-1.99105,-0.34115,0.996036,-1.23316,0.495122
10.0305,-2.41577,-1.99568,-0.342495,0.993654,-1.23473,0.493575
10.0353,-2.412,-2.00033,-0.343744,0.99329,-1.23588,0.486295
10.0405,-2.40675,-2.00642,-0.34505,0.989105,-1.23783,0.481942
10.0453,-2.40123,-2.01244,-0.345252,0.985136,-1.24095,0.474522
10.0504,-2.39461,-2.01708,-0.34327,0.981936,-1.24275,0.477904
10.0556,-2.38694,-2.02334,-0.342594,0.97733,-1.24116,0.477215
10.0602,-2.38083,-2.03143,-0.344151,0.976918,-1.23807,0.478471
10.0652,-2.37302,-2.03947,-0.345347,0.971579,-1.23471,0.481957
10.0704,-2.36494,-2.04773,-0.346332,0.966942,-1.23298,0.480117
10.0753,-2.35613,-2.05466,-0.345365,0.958907,-1.2342,0.474523
10.0803,-2.3473,-2.06174,-0.344206,0.949673,-1.23595,0.473109
10.0855,-2.33903,-2.076,-0.348109,0.939413,-1.23369,0.469709
10.0905,-2.33052,-2.08707,-0.349059,0.930707,-1.23427,0.467601
10.0954,-2.32195,-2.09526,-0.348438,0.920956,-1.23734,0.467806
10.1004,-2.31049,-2.10739,-0.351486,0.909364,-1.23429,0.465485
10.1053,-2.30179,-2.11104,-0.353109,0.897183,-1.23242,0.46033
10.1103,-2.29217,-2.11078,-0.355077,0.883938,-1.22991,0.451195
10.1153,-2.28167,-2.1144,-0.360809,0.871138,-1.22384,0.448868
10.1205,-2.27,-2.11671,-0.366083,0.855487,-1.21741,0.449926
10.1254,-2.26089,-2.11906,-0.369777,0.838203,-1.21273,0.448732
10.1304,-2.25228,-2.11992,-0.374144,0.821138,-1.20562,0.452367
10.1355,-2.2416,-2.11558,-0.376031,0.802793,-1.1996,0.458162
10.1403,-2.23023,-2.10882,-0.378571,0.786988,-1.19566,0.45662
10.1454,-2.21959,-2.09908,-0.382981,0.771558,-1.18852,0.458878
10.1505,-2.20907,-2.07956,-0.382643,0.757028,-1.18356,0.46429
10.1553,-2.19915,-2.05832,-0.382144,0.744207,-1.18327,0.471402
10.1604,-2.1884,-2.03382,-0.382076,0.731202,-1.18245,0.474138
10.1653,-2.17694,-2.00853,-0.384807,0.721003,-1.17787,0.477902
10.1703,-2.16323,-1.97463,-0.385003,0.713748,-1.17745,0.481421
10.1753,-2.15091,-1.94196,-0.386769,0.713741,-1.17984,0.473881
10.1805,-2.13651,-1.90519,-0.388954,0.719556,-1.17964,0.477748
10.1856,-2.12279,-1.86953,-0.392706,0.72614,-1.17904,0.476909
10.1905,-2.10774,-1.82883,-0.392897,0.734515,-1.18755,0.479525
10.1954,-2.09252,-1.79388,-0.397836,0.746006,-1.1937,0.481466
10.2003,-2.07632,-1.7577,-0.403477,0.762376,-1.20441,0.485438
10.2053,-2.05988,-1.71577,-0.405021,0.781005,-1.22295,0.486414
10.2102,-2.04301,-1.67403,-0.408925,0.803731,-1.24124,0.486317
10.2155,-2.02479,-1.6285,-0.412675,0.829695,-1.26018,0.484628
10.2203,-2.00856,-1.58739,-0.41771,0.855938,-1.27524,0.480196
10.2255,-1.98969,-1.53558,-0.418792,0.884061,-1.29231,0.482152
10.2303,-1.97201,-1.4924,-0.422892,0.910509,-1.30333,0.487025
10.2354,-1.95175,-1.44687,-0.427648,0.938056,-1.31213,0.492588
10.2403,-1.93136,-1.40475,-0.434002,0.966588,-1.32157,0.496625
10.2453,-1.91059,-1.36136,-0.438662,0.991545,-1.33189,0.498857
10.2504,-1.88765,-1.31852,-0.44353,1.0144,-1.34163,0.501231
10.2553,-1.8682,-1.27074,-0.444576,1.03737,-1.35696,0.503249
10.2603,-1.84704,-1.22372,-0.445651,1.05798,-1.3723,0.508518
10.2653,-1.82712,-1.17568,-0.445245,1.07599,-1.38915,0.519062
10.2703,-1.80883,-1.13053,-0.446002,1.09215,-1.40485,0.514281
10.2753,-1.79111,-1.08804,-0.448461,1.10882,-1.41877,0.512485
10.2804,-1.7733,-1.04537,-0.451002,1.12415,-1.43161,0.497723
10.2853,-1.75699,-1.00686,-0.455853,1.1404,-1.44276,0.498862
10.2905,-1.73827,-0.962767,-0.457775,1.15386,-1.45834,0.497314
10.2953,-1.72092,-0.922473,-0.459215,1.16541,-1.47248,0.4951
10.3003,-1.70056,-0.886136,-0.464939,1.17498,-1.48045,0.491534
10.3053,-1.68134,-0.847776,-0.470126,1.1855,-1.49003,0.492497
10.3103,-1.66073,-0.812794,-0.475914,1.19622,-1.49776,0.482827
10.3152,-1.63875,-0.775716,-0.477772,1.20745,-1.50715,0.482667
10.3202,-1.61489,-0.745711,-0.4839,1.2196,-1.5118,0.474313
10.3253,-1.5897,-0.70721,-0.481479,1.22845,-1.5211,0.467176
10.3306,-1.56151,-0.679169,-0.485967,1.23665,-1.52374,0.460068
10.3352,-1.53711,-0.655265,-0.489787,1.2411,-1.52468,0.451053
10.3404,-1.50691,-0.626172,-0.491716,1.2473,-1.5247,0.440684
10.3453,-1.47889,-0.59711,-0.492132,1.24728,-1.5279,0.430443
10.3504,-1.44618,-0.560343,-0.488301,1.24675,-1.53482,0.423562
10.3553,-1.41511,-0.53784,-0.493392,1.24223,-1.53225,0.415799
10.3607,-1.3785,-0.511406,-0.496498,1.23713,-1.53186,0.406081
10.3657,-1.34308,-0.483714,-0.497985,1.23437,-1.53237,0.394996
10.3704,-1.31147,-0.461041,-0.501092,1.22974,-1.53193,0.384784
10.3755,-1.27571,-0.433503,-0.503794,1.21986,-1.5313,0.37829
10.3806,-1.23728,-0.409828,-0.510061,1.20737,-1.52314,0.369189
10.3855,-1.19997,-0.38366,-0.51292,1.19904,-1.51613,0.366509
10.3904,-1.16155,-0.358121,-0.517483,1.19091,-1.5051,0.364357
10.3953,-1.1189,-0.334489,-0.525038,1.18095,-1.48797,0.357921
10.4005,-1.07506,-0.302739,-0.528485,1.16601,-1.47394,0.350535
10.4056,-1.03062,-0.27182,-0.533913,1.15017,-1.4571,0.340476
10.4105,-0.988584,-0.245531,-0.541035,1.14064,-1.43581,0.332891
10.4153,-0.946068,-0.212537,-0.543549,1.12515,-1.41568,0.332365
10.4204,-0.900597,-0.181527,-0.55021,1.10892,-1.39006,0.320439
10.4254,-0.85839,-0.149155,-0.550568,1.09294,-1.36813,0.314139
10.4303,-0.818614,-0.135489,-0.556869,1.08314,-1.3419,0.300138
10.4352,-0.780135,-0.110503,-0.553536,1.06289,-1.33024,0.294205
10.4404,-0.740469,-0.0936762,-0.556938,1.04876,-1.30989,0.292983
10.4453,-0.701028,-0.0782355,-0.560577,1.03436,-1.28734,0.291482
10.4503,-0.663167,-0.0589058,-0.561625,1.01692,-1.26723,0.287825
10.4553,-0.626744,-0.0498154,-0.568286,1.00015,-1.24428,0.282161
10.4603,-0.586055,-0.031973,-0.56743,0.974991,-1.22608,0.275368
10.4655,-0.540875,-0.0163003,-0.566981,0.94678,-1.20719,0.269751
10.4703,-0.498123,-0.00566111,-0.568251,0.92419,-1.18866,0.270582
10.4753,-0.454883,0.00304447,-0.572675,0.902666,-1.16993,0.264781
10.4804,-0.413297,0.0105078,-0.578706,0.889674,-1.15077,0.264354
10.4853,-0.370608,0.02171,-0.580946,0.876975,-1.1348,0.265373
10.4903,-0.329418,0.0286359,-0.586016,0.86674,-1.12183,0.252385
10.4954,-0.286681,0.0351234,-0.591832,0.860364,-1.10917,0.242079
10.5003,-0.244915,0.0423573,-0.597648,0.85124,-1.09798,0.231477
10.5055,-0.203419,0.0566494,-0.599068,0.834273,-1.09496,0.224517
10.5105,-0.159933,0.0691089,-0.602124,0.816153,-1.09554,0.217993
10.5153,-0.122741,0.0767837,-0.60787,0.806851,-1.09745,0.213699
10.5204,-0.0771691,0.0823923,-0.615124,0.792027,-1.09636,0.213526
10.5253,-0.0368258,0.0857269,-0.623872,0.783698,-1.09858,0.207797
10.5304,0.00857417,0.0959005,-0.629412,0.770399,-1.10358,0.207926
10.5354,0.0515077,0.108273,-0.632124,0.754268,-1.11201,0.207823
10.5404,0.0937475,0.115521,-0.638368,0.747072,-1.119,0.207959
10.5452,0.134318,0.124819,-0.642484,0.738099,-1.12523,0.208483
10.5505,0.179624,0.137082,-0.643555,0.728106,-1.13663,0.199101
10.5553,0.220185,0.139534,-0.650071,0.718863,-1.14196,0.193556
10.5603,0.264983,0.144645,-0.653892,0.705687,-1.1481,0.188042
10.5654,0.30823,0.150393,-0.657072,0.697615,-1.15423,0.184728
10.5703,0.347933,0.154232,-0.662726,0.684093,-1.15474,0.178331
10.5752,0.39024,0.163597,-0.664632,0.668545,-1.15707,0.172674
10.5804,0.43254,0.169835,-0.66929,0.662766,-1.14982,0.168617
10.5854,0.471823,0.178314,-0.673325,0.649521,-1.14027,0.166567
10.5904,0.513782,0.194445,-0.671268,0.641803,-1.12857,0.1554
10.5953,0.552844,0.200974,-0.676275,0.628013,-1.1099,0.149299
10.6003,0.593442,0.204008,-0.683036,0.616042,-1.08224,0.142437
10.6052,0.63031,0.221983,-0.681476,0.603322,-1.05887,0.134553
10.6103,0.669638,0.229107,-0.686809,0.601578,-1.02377,0.126238
10.6153,0.709932,0.234644,-0.69308,0.599534,-0.983366,0.117676
10.6202,0.747409,0.239091,-0.70167,0.591023,-0.942999,0.114413
10.6252,0.787136,0.243085,-0.711954,0.581139,-0.899556,0.111468
10.6302,0.827908,0.241014,-0.724788,0.572438,-0.847529,0.105111
10.6352,0.862168,0.251193,-0.731904,0.565101,-0.801422,0.0988034
10.6404,0.897951,0.260065,-0.739737,0.559611,-0.751789,0.092448
10.6454,0.932637,0.266796,-0.748163,0.551199,-0.702183,0.0848472
10.6504,0.965387,0.27009,-0.759068,0.552979,-0.653776,0.0734209
10.6553,0.999984,0.279239,-0.765262,0.544674,-0.606245,0.0716495
10.6603,1.03706,0.290494,-0.770449,0.536617,-0.55705,0.0698687
10.6654,1.07288,0.29131,-0.784467,0.528623,-0.496416,0.0702356
10.6702,1.10546,0.301843,-0.792684,0.527222,-0.444893,0.0624445
10.6752,1.14051,0.314352,-0.800453,0.515568,-0.39121,0.0604044
10.6804,1.17418,0.330204,-0.807152,0.511094,-0.340712,0.0525388
10.6853,1.20935,0.344062,-0.813504,0.497888,-0.294219,0.0548595
10.6903,1.23811,0.364178,-0.81594,0.49192,-0.255988,0.0517751
10.6954,1.27042,0.377193,-0.823147,0.478708,-0.216749,0.0456809
10.7003,1.30296,0.386189,-0.83055,0.469304,-0.178124,0.049209
10.7054,1.33291,0.393796,-0.839229,0.453795,-0.144921,0.0411792
10.7104,1.36283,0.399473,-0.848361,0.44233,-0.115963,0.0346551
10.7153,1.39169,0.409017,-0.854506,0.431571,-0.0934473,0.0321457
10.7205,1.42116,0.416436,-0.86238,0.422329,-0.0706356,0.0285226
10.7253,1.45092,0.424889,-0.868718,0.418011,-0.0520899,0.0324165
10.7306,1.48219,0.439556,-0.872915,0.406785,-0.0390807,0.0362971
10.7355,1.51217,0.457953,-0.873569,0.392103,-0.0302092,0.0414006
10.7406,1.54283,0.470151,-0.879343,0.386117,-0.0237079,0.0478078
10.7453,1.57097,0.485632,-0.881705,0.37444,-0.0207564,0.0581497
10.7503,1.59962,0.49776,-0.885814,0.366916,-0.0188472,0.0666308
10.7552,1.62498,0.511996,-0.889796,0.363452,-0.0228328,0.0727971
10.7602,1.65489,0.518581,-0.898431,0.357775,-0.021636,0.0809745
10.7653,1.68161,0.522812,-0.908391,0.356177,-0.0240498,0.0791417
10.7706,1.71245,0.531061,-0.915402,0.353242,-0.024285,0.0775049
10.7753,1.73765,0.542261,-0.918306,0.352801,-0.0307008,0.0882365
10.7802,1.76507,0.552661,-0.921397,0.352697,-0.0373197,0.0980738
10.7855,1.79573,0.559188,-0.928249,0.352843,-0.0411237,0.1066
10.7902,1.82243,0.568547,-0.930444,0.350135,-0.0509946,0.111374
10.7953,1.84871,0.583356,-0.930494,0.342749,-0.0651823,0.119299
10.8004,1.87352,0.588979,-0.936572,0.350302,-0.0772082,0.124815
10.8053,1.90196,0.597726,-0.939593,0.348147,-0.0904253,0.128899
10.8103,1.92507,0.61119,-0.940409,0.344553,-0.108288,0.134699
10.8154,1.94936,0.622077,-0.943587,0.34388,-0.123804,0.140382
10.8204,1.97461,0.629445,-0.948861,0.346981,-0.139919,0.144175
10.8254,1.99573,0.64325,-0.950022,0.345458,-0.15726,0.150103
10.8304,2.01926,0.646524,-0.957143,0.346248,-0.16914,0.145444
10.8352,2.04031,0.653609,-0.961313,0.348744,-0.187161,0.148469
10.8404,2.0601,0.665908,-0.962536,0.347977,-0.216346,0.152396
10.8454,2.08476,0.671676,-0.967315,0.346882,-0.23775,0.147908
10.8503,2.1078,0.681042,-0.968915,0.343836,-0.260333,0.146537
10.8553,2.12841,0.692302,-0.970504,0.337204,-0.286522,0.14865
10.8603,2.14532,0.704959,-0.971859,0.335927,-0.31726,0.149442
10.8654,2.16786,0.717714,-0.972861,0.326948,-0.345167,0.151296
10.8703,2.18847,0.728208,-0.975285,0.321474,-0.369608,0.153694
10.8753,2.21231,0.74659,-0.97374,0.315068,-0.395893,0.155258
10.8803,2.23607,0.765463,-0.972752,0.302921,-0.42426,0.159096
10.8853,2.25779,0.774676,-0.980152,0.294339,-0.447143,0.163636
10.8903,2.28334,0.779996,-0.988166,0.28398,-0.467245,0.171317
10.8954,2.30832,0.789597,-0.995099,0.27127,-0.494836,0.176308
10.9002,2.33183,0.798751,-1.00106,0.25739,-0.519081,0.18605
10.9055,2.35827,0.813458,-1.00457,0.246492,-0.54881,0.185712
10.9103,2.37811,0.826746,-1.00801,0.245328,-0.581868,0.19382
10.9152,2.39646,0.840523,-1.00667,0.242525,-0.623317,0.198365
10.9203,2.40529,0.854369,-1.00569,0.243053,-0.673483,0.201584
10.9252,2.41586,0.868034,-1.00483,0.242112,-0.715604,0.203854
10.9305,2.42289,0.886085,-1.00106,0.239506,-0.760684,0.211377
10.9354,2.43529,0.894861,-1.00292,0.238719,-0.787035,0.216891
10.9403,2.44564,0.914024,-0.997793,0.232567,-0.819117,0.21922
10.9452,2.45703,0.927995,-0.996505,0.230173,-0.848787,0.216905
10.9503,2.46764,0.935714,-0.999382,0.228938,-0.871523,0.219666
10.9552,2.47878,0.950347,-0.997997,0.226591,-0.895689,0.225806
10.9603,2.4909,0.95655,-1.00297,0.226644,-0.914365,0.229356
10.9653,2.50454,0.961746,-1.00804,0.229214,-0.930842,0.23168
10.9702,2.51785,0.973533,-1.00772,0.230996,-0.948405,0.234878
10.9752,2.53024,0.988687,-1.00509,0.225771,-0.971223,0.240053
10.9805,2.538,1.00195,-1.00303,0.230923,-1.00201,0.235711
10.9856,2.54679,1.01855,-0.998924,0.22588,-1.0303,0.232608
10.9902,2.55743,1.02276,-1.00278,0.222234,-1.04886,0.23784
10.9953,2.56303,1.03704,-1.00057,0.221963,-1.08114,0.241605
11.0004,2.57187,1.04206,-1.00503,0.229668,-1.10544,0.247059
11.0053,2.5796,1.05268,-1.00591,0.230227,-1.13266,0.250586
11.0102,2.58839,1.05572,-1.0117,0.229849,-1.15097,0.260866
11.0152,2.59537,1.06163,-1.01535,0.231308,-1.16483,0.262587
11.0202,2.60181,1.07202,-1.01342,0.22775,-1.18511,0.265342
11.0252,2.60971,1.07978,-1.01097,0.226436,-1.20311,0.266271
11.0303,2.61643,1.08722,-1.00896,0.224232,-1.2154,0.266218
11.0352,2.62353,1.09934,-1.00244,0.218109,-1.23326,0.266214
11.0403,2.63154,1.11189,-0.994848,0.209857,-1.24726,0.264693
11.0453,2.63808,1.11954,-0.991459,0.204574,-1.25649,0.266616
11.0505,2.64709,1.13542,-0.981906,0.195194,-1.26726,0.268698
11.0554,2.65508,1.14952,-0.973153,0.188479,-1.27703,0.272124
11.0607,2.65764,1.15918,-0.969061,0.18796,-1.29225,0.276575
11.0654,2.66107,1.16899,-0.963698,0.178109,-1.30363,0.283087
11.0703,2.66425,1.1743,-0.962685,0.173357,-1.31945,0.290269
11.0755,2.66982,1.17233,-0.9656,0.167971,-1.3269,0.296753
11.0806,2.67288,1.17871,-0.963068,0.15927,-1.34303,0.303571
11.0854,2.67399,1.18599,-0.958615,0.153957,-1.36366,0.30834
11.0905,2.67184,1.19234,-0.955982,0.148226,-1.38245,0.311803
11.0953,2.67076,1.20402,-0.94832,0.140779,-1.40411,0.31017
11.1003,2.67002,1.20941,-0.945803,0.13379,-1.42192,0.312577
11.1054,2.67191,1.21854,-0.940141,0.133493,-1.43822,0.314485
11.1103,2.67569,1.22775,-0.935304,0.125212,-1.44909,0.312802
11.1153,2.67184,1.23998,-0.9288,0.122867,-1.46581,0.312692
11.1203,2.67112,1.24571,-0.927844,0.123983,-1.47446,0.316005
11.1252,2.67382,1.25678,-0.924002,0.122455,-1.48007,0.315583
11.1305,2.67357,1.26179,-0.92228,0.130008,-1.48233,0.319679
11.1354,2.67012,1.26295,-0.919528,0.135644,-1.48693,0.323766
11.1403,2.66693,1.26742,-0.914141,0.133922,-1.49135,0.328288
11.1453,2.66223,1.27724,-0.904901,0.134532,-1.50436,0.32972
11.1504,2.65755,1.28465,-0.897807,0.129454,-1.5122,0.328378
11.1553,2.64874,1.29622,-0.887657,0.132627,-1.52605,0.32854
11.1603,2.64341,1.30812,-0.87871,0.130628,-1.53444,0.329208
11.1654,2.63808,1.32143,-0.870155,0.129954,-1.5428,0.332037
11.1702,2.63426,1.33055,-0.865225,0.122112,-1.54897,0.335207
11.1752,2.62723,1.33824,-0.861015,0.125069,-1.55638,0.335224
11.1803,2.62399,1.34785,-0.856718,0.123661,-1.56112,0.332676
11.1853,2.61918,1.35735,-0.854177,0.123431,-1.567,0.326329
11.1904,2.61281,1.37124,-0.849198,0.122876,-1.57702,0.323748
11.1953,2.60593,1.38308,-0.845413,0.124959,-1.58413,0.320692
11.2004,2.59999,1.38927,-0.843352,0.122288,-1.5837,0.321583
11.2053,2.59106,1.39305,-0.844237,0.12206,-1.58532,0.323086
11.2103,2.58379,1.40186,-0.840633,0.120138,-1.58866,0.322158
11.2153,2.57669,1.41017,-0.837322,0.117069,-1.59364,0.317252
11.2202,2.56915,1.41428,-0.837181,0.117915,-1.59836,0.308049
11.2253,2.55932,1.41955,-0.83707,0.105015,-1.60679,0.295396
11.2303,2.54932,1.42505,-0.837304,0.0972536,-1.6122,0.278165
11.2352,2.54253,1.43118,-0.835634,0.0920899,-1.61726,0.258988
11.2403,2.53514,1.43936,-0.833944,0.0811652,-1.61674,0.235608
11.2453,2.52269,1.4501,-0.829773,0.0695838,-1.62617,0.211859
11.2502,2.51244,1.46381,-0.82405,0.0545918,-1.63005,0.189117
11.2552,2.5035,1.47456,-0.819008,0.0408756,-1.63516,0.167389
11.2602,2.49472,1.48167,-0.817837,0.0225688,-1.63579,0.147607
11.2652,2.48424,1.48856,-0.816359,0.0085809,-1.63627,0.132915
11.2702,2.47364,1.49641,-0.813458,-0.00430981,-1.64226,0.121947
11.2753,2.45933,1.50861,-0.807189,-0.0189506,-1.65121,0.119631
11.2803,2.44865,1.52192,-0.800497,-0.0269475,-1.65821,0.122939
11.2853,2.43726,1.52964,-0.796813,-0.0358972,-1.6657,0.129405
11.2902,2.42337,1.53995,-0.79288,-0.0443004,-1.67372,0.137543
11.2953,2.41067,1.54886,-0.788579,-0.0495066,-1.67877,0.146674
11.3002,2.39791,1.55479,-0.785835,-0.0547953,-1.68264,0.158649
11.3053,2.3836,1.5602,-0.783302,-0.0586631,-1.687,0.167822
11.3102,2.36859,1.56924,-0.777415,-0.0634791,-1.6934,0.171611
11.3153,2.35637,1.57621,-0.772913,-0.071653,-1.69498,0.17531
11.3204,2.34518,1.58201,-0.76939,-0.0715188,-1.68994,0.175449
11.3254,2.33341,1.58618,-0.764932,-0.0775326,-1.69048,0.177959
11.3304,2.32427,1.59167,-0.760521,-0.0811552,-1.68748,0.177695
11.3353,2.31392,1.60124,-0.753053,-0.0909897,-1.68329,0.179067
11.3406,2.30054,1.60317,-0.750577,-0.0903835,-1.67494,0.184917
11.3453,2.28583,1.60367,-0.750768,-0.0959399,-1.66799,0.190599
11.3502,2.2733,1.60807,-0.746157,-0.100906,-1.66425,0.19431
11.3552,2.26066,1.60882,-0.744202,-0.0997164,-1.65562,0.192664
11.3603,2.2431,1.61138,-0.739492,-0.107414,-1.65747,0.189393
11.3652,2.22557,1.61239,-0.735751,-0.1146,-1.66198,0.183654
11.3703,2.21178,1.6152,-0.730522,-0.120505,-1.66686,0.182461
11.3753,2.19737,1.61779,-0.725857,-0.126428,-1.6733,0.18011
11.3804,2.18429,1.61601,-0.724165,-0.134075,-1.66705,0.187971
11.3855,2.17078,1.61452,-0.721233,-0.139659,-1.66192,0.190753
11.3905,2.16248,1.61247,-0.718302,-0.144149,-1.65477,0.194197
11.3953,2.15442,1.60946,-0.716514,-0.143327,-1.6417,0.197918
11.4003,2.14375,1.61149,-0.713334,-0.149907,-1.63645,0.199816
11.4053,2.13288,1.60893,-0.712769,-0.149936,-1.62911,0.206249
11.4102,2.12248,1.61427,-0.709281,-0.159154,-1.62623,0.209659
11.4155,2.11486,1.61112,-0.708586,-0.159116,-1.62812,0.214738
11.4204,2.10217,1.61279,-0.703607,-0.166943,-1.64239,0.213499
11.4254,2.08722,1.60911,-0.701309,-0.168991,-1.64737,0.209792
11.4303,2.07259,1.60864,-0.696627,-0.174666,-1.65011,0.210457
11.4352,2.05816,1.60503,-0.694053,-0.181697,-1.64255,0.211399
11.4404,2.04715,1.59856,-0.693084,-0.187031,-1.62877,0.208324
11.4453,2.03442,1.59698,-0.688221,-0.19507,-1.61632,0.20465
11.4503,2.02064,1.5909,-0.684353,-0.207235,-1.60866,0.205785
11.4553,2.01127,1.5895,-0.676408,-0.220266,-1.59936,0.200213
11.4602,1.99873,1.58971,-0.666611,-0.232737,-1.59689,0.19442
11.4655,1.98496,1.58476,-0.661142,-0.241574,-1.58531,0.187142
11.4703,1.97145,1.58596,-0.651353,-0.242264,-1.58111,0.184667
11.4754,1.95752,1.58514,-0.642109,-0.24046,-1.57874,0.180734
11.4806,1.94306,1.57685,-0.635858,-0.249006,-1.57316,0.17411
11.4856,1.92772,1.56687,-0.630411,-0.255444,-1.56617,0.164347
11.4905,1.91141,1.55161,-0.629625,-0.256805,-1.55659,0.152811
11.4956,1.89987,1.53538,-0.628021,-0.25972,-1.54204,0.140296
11.5003,1.88893,1.52671,-0.621721,-0.257455,-1.53446,0.130691
11.5054,1.87573,1.50603,-0.622498,-0.255411,-1.52465,0.120779
11.5103,1.86475,1.49607,-0.615572,-0.255115,-1.51862,0.10665
11.5155,1.853,1.48195,-0.610717,-0.254834,-1.51142,0.101034
11.5205,1.84242,1.46798,-0.606682,-0.250422,-1.50317,0.0918689
11.5253,1.82988,1.4607,-0.598724,-0.246196,-1.50215,0.0780808
11.5304,1.81232,1.45308,-0.591018,-0.242263,-1.50423,0.0714079
11.5355,1.79638,1.44066,-0.587049,-0.234471,-1.50446,0.056901
11.5404,1.78494,1.43501,-0.579369,-0.231696,-1.50068,0.0533047
11.5453,1.77164,1.42347,-0.575423,-0.231604,-1.49235,0.0428631
11.5503,1.75939,1.40692,-0.57475,-0.228777,-1.48243,0.0319339
11.5553,1.74762,1.39711,-0.567926,-0.223282,-1.47093,0.0203157
11.5606,1.73272,1.38013,-0.565156,-0.217988,-1.45667,0.00206426
11.5653,1.71939,1.36512,-0.562665,-0.215927,-1.44656,-0.0075751
11.5703,1.70309,1.351,-0.558893,-0.202851,-1.44567,-0.0186577
11.5753,1.6887,1.34223,-0.551332,-0.204788,-1.44647,-0.0310376
11.5804,1.67109,1.32634,-0.547738,-0.200026,-1.44732,-0.0422364
11.5853,1.65573,1.31582,-0.541243,-0.201253,-1.44949,-0.0519037
11.5904,1.64262,1.30153,-0.536815,-0.202348,-1.44846,-0.0611045
11.5953,1.62768,1.28945,-0.531772,-0.203842,-1.44669,-0.0716442
11.6005,1.61011,1.27886,-0.526107,-0.205875,-1.44999,-0.078223
11.6053,1.5942,1.26848,-0.520922,-0.211086,-1.44862,-0.087027
11.6103,1.57848,1.26124,-0.513915,-0.215046,-1.44991,-0.0948722
11.6154,1.5634,1.25141,-0.507198,-0.209533,-1.45347,-0.101165
11.6203,1.54819,1.23992,-0.50212,-0.211047,-1.46101,-0.106694
11.6254,1.53271,1.22749,-0.495931,-0.205704,-1.46949,-0.115435
11.6304,1.51567,1.21983,-0.48548,-0.203325,-1.48415,-0.116771
11.6356,1.49941,1.19874,-0.484917,-0.20298,-1.48105,-0.11923
11.6403,1.48341,1.18311,-0.481224,-0.203711,-1.47536,-0.114792
11.6453,1.46552,1.1663,-0.477731,-0.204001,-1.46408,-0.109209
11.6503,1.44697,1.14785,-0.475208,-0.199763,-1.45408,-0.115191
11.6553,1.42977,1.13316,-0.470594,-0.19214,-1.44063,-0.120341
11.6604,1.40973,1.11848,-0.465691,-0.187683,-1.42879,-0.12864
11.6652,1.39365,1.10533,-0.459469,-0.182947,-1.41956,-0.1362
11.6703,1.37489,1.0928,-0.453323,-0.177283,-1.42091,-0.142506
11.6753,1.35686,1.07372,-0.451072,-0.177274,-1.41481,-0.146516
11.6803,1.33991,1.05306,-0.449202,-0.181897,-1.40981,-0.154336
11.6853,1.32663,1.03551,-0.44586,-0.183357,-1.39797,-0.160207
11.6904,1.30898,1.01816,-0.44249,-0.179497,-1.38576,-0.16273
11.6953,1.2904,1.00067,-0.440882,-0.176725,-1.37345,-0.168083
11.7003,1.27072,0.979023,-0.440392,-0.181507,-1.36701,-0.175736
11.7053,1.25617,0.963128,-0.436277,-0.185401,-1.35824,-0.188864
11.7103,1.2416,0.950638,-0.428337,-0.182915,-1.3513,-0.196633
11.7154,1.22362,0.935322,-0.423048,-0.184928,-1.34929,-0.199721
11.7204,1.20717,0.91913,-0.41673,-0.187916,-1.3468,-0.200444
11.7255,1.19624,0.901085,-0.412292,-0.192295,-1.33063,-0.200857
11.7304,1.18021,0.885168,-0.406126,-0.195596,-1.32591,-0.206927
11.7354,1.16422,0.869776,-0.399782,-0.199378,-1.31509,-0.21284
11.7405,1.14625,0.852122,-0.396898,-0.200124,-1.30629,-0.211008
11.7454,1.13117,0.835048,-0.393041,-0.205526,-1.29653,-0.213869
11.7503,1.11817,0.814603,-0.392419,-0.213319,-1.28151,-0.219486
11.7553,1.10591,0.797601,-0.388053,-0.218551,-1.26555,-0.22473
11.7603,1.08912,0.782403,-0.382892,-0.225129,-1.26099,-0.231528
11.7652,1.0732,0.766879,-0.378055,-0.230289,-1.25741,-0.235259
11.7703,1.0594,0.748792,-0.374715,-0.237745,-1.24769,-0.2301
11.7753,1.04583,0.730037,-0.372396,-0.2441,-1.24029,-0.225928
11.7806,1.03022,0.714101,-0.366693,-0.251695,-1.23286,-0.218768
11.7854,1.01732,0.695076,-0.364862,-0.260321,-1.22526,-0.213824
11.7907,1.00489,0.680165,-0.358579,-0.269993,-1.21838,-0.206671
11.7953,0.993609,0.661214,-0.357281,-0.277046,-1.21289,-0.201392
11.8003,0.982529,0.639077,-0.35662,-0.28389,-1.2019,-0.197008
11.8053,0.970634,0.620894,-0.354697,-0.289519,-1.19444,-0.193156
11.8103,0.956107,0.599936,-0.354835,-0.29464,-1.18565,-0.193861
11.8153,0.943199,0.587091,-0.350536,-0.299891,-1.18092,-0.194505
11.8203,0.929301,0.57244,-0.348159,-0.306301,-1.17501,-0.183022
11.8254,0.91539,0.561558,-0.342201,-0.312973,-1.17573,-0.169862
11.8303,0.904357,0.548237,-0.338569,-0.319381,-1.1689,-0.159211
11.8353,0.891066,0.532241,-0.335534,-0.326677,-1.16456,-0.148784
11.8404,0.878298,0.516688,-0.333292,-0.3338,-1.1506,-0.141351
11.8455,0.866265,0.49668,-0.334332,-0.342209,-1.13506,-0.137781
11.8504,0.858305,0.478779,-0.334613,-0.350688,-1.11865,-0.131798
11.8554,0.847701,0.463241,-0.333184,-0.357806,-1.10606,-0.126145
11.8602,0.836323,0.447611,-0.331514,-0.363712,-1.09655,-0.11947
11.8653,0.825902,0.434051,-0.328075,-0.369422,-1.08423,-0.117389
11.8705,0.815681,0.412773,-0.329092,-0.373656,-1.06988,-0.111422
11.8753,0.804308,0.392301,-0.330388,-0.37629,-1.05818,-0.113848
11.8803,0.795244,0.376759,-0.329089,-0.377673,-1.0494,-0.114105
11.8853,0.786574,0.36014,-0.329655,-0.378308,-1.03626,-0.107612
11.8904,0.777581,0.342558,-0.331444,-0.380409,-1.02456,-0.104693
11.8954,0.76649,0.32682,-0.333298,-0.382662,-1.01432,-0.105023
11.9004,0.756615,0.314057,-0.334982,-0.383779,-1.00024,-0.114923
11.9055,0.744325,0.29805,-0.338706,-0.387632,-0.993677,-0.124498
11.9105,0.732714,0.283213,-0.343163,-0.391612,-0.988822,-0.131421
11.9153,0.722535,0.272373,-0.345426,-0.39487,-0.980821,-0.131449
11.9203,0.71547,0.264617,-0.341802,-0.3982,-0.982539,-0.142669
11.9252,0.707258,0.255601,-0.337895,-0.40812,-0.989601,-0.157812
11.9302,0.696082,0.243338,-0.334634,-0.424491,-0.989961,-0.169198
11.9353,0.687063,0.23102,-0.330687,-0.449347,-0.988667,-0.178973
11.9403,0.679798,0.221904,-0.324675,-0.475131,-0.985435,-0.190251
11.9452,0.669993,0.209218,-0.319929,-0.50227,-0.979236,-0.197979
11.9503,0.661118,0.194674,-0.315877,-0.529797,-0.969755,-0.205146
11.9553,0.652663,0.178782,-0.312525,-0.559556,-0.956317,-0.209345
11.9602,0.648049,0.166467,-0.306178,-0.590259,-0.946671,-0.214382
11.9654,0.642433,0.151405,-0.29996,-0.625296,-0.93449,-0.227313
11.9702,0.639302,0.137514,-0.295288,-0.658856,-0.922354,-0.231213
11.9753,0.634266,0.12292,-0.289378,-0.694791,-0.912144,-0.243735
11.9803,0.630798,0.109019,-0.284924,-0.729962,-0.897675,-0.25688
11.9856,0.630122,0.0951538,-0.281304,-0.767015,-0.879316,-0.264637
11.9904,0.627127,0.0788009,-0.279626,-0.801123,-0.863539,-0.269847
11.9953,0.620906,0.0597308,-0.28009,-0.834589,-0.845615,-0.270406
12.0006,0.6179,0.0450062,-0.277436,-0.867451,-0.832455,-0.27472
12.0056,0.616523,0.0319936,-0.275385,-0.894927,-0.813211,-0.279024
12.0104,0.614131,0.0197702,-0.273706,-0.923464,-0.802,-0.286662
12.0154,0.612517,0.00733766,-0.272753,-0.951241,-0.787177,-0.294292
12.0202,0.609977,-0.00730012,-0.273347,-0.978126,-0.772189,-0.301114
12.0253,0.60906,-0.0179205,-0.271684,-1.00557,-0.755933,-0.306154
12.0303,0.609563,-0.0298004,-0.271181,-1.03191,-0.735525,-0.31076
12.0352,0.608888,-0.0413828,-0.2698,-1.05495,-0.71709,-0.311834
12.0404,0.604721,-0.0544933,-0.269268,-1.07875,-0.699304,-0.313007
12.0453,0.599225,-0.0658751,-0.268686,-1.09808,-0.682045,-0.314284
12.0505,0.59421,-0.0794527,-0.267082,-1.11486,-0.669958,-0.316914
12.0553,0.592308,-0.0892076,-0.263811,-1.12701,-0.661005,-0.32141
12.0602,0.591472,-0.0997521,-0.26138,-1.13833,-0.651116,-0.321831
12.0654,0.591265,-0.108095,-0.256722,-1.1501,-0.649614,-0.32115
12.0702,0.589748,-0.118074,-0.256242,-1.16122,-0.644172,-0.323837
12.0752,0.589656,-0.128227,-0.256679,-1.17061,-0.635722,-0.325884
12.0803,0.589905,-0.13508,-0.255161,-1.17774,-0.625311,-0.335781
12.0853,0.588552,-0.145958,-0.255823,-1.18722,-0.611634,-0.335088
12.0903,0.585831,-0.158933,-0.258574,-1.19418,-0.600175,-0.34013
12.0952,0.584945,-0.167318,-0.258878,-1.20367,-0.586222,-0.346647
12.1003,0.58453,-0.173798,-0.257987,-1.21263,-0.571209,-0.34875
12.1054,0.586013,-0.181747,-0.257981,-1.21903,-0.553187,-0.348477
12.1104,0.586571,-0.188403,-0.25606,-1.22245,-0.53832,-0.344113
12.1153,0.588107,-0.196882,-0.256439,-1.22468,-0.519749,-0.342324
12.1202,0.591845,-0.208413,-0.258176,-1.22986,-0.497176,-0.346374
12.1252,0.595138,-0.216993,-0.257603,-1.23317,-0.473253,-0.351241
12.1305,0.59947,-0.227268,-0.257841,-1.23633,-0.450038,-0.349592
12.1354,0.60318,-0.235291,-0.258011,-1.23822,-0.424208,-0.349699
12.1402,0.603266,-0.245197,-0.259505,-1.24108,-0.399245,-0.35174
12.1453,0.603648,-0.256151,-0.263074,-1.23978,-0.3762,-0.344834
12.1503,0.603355,-0.267894,-0.266588,-1.24096,-0.35587,-0.344021
12.1552,0.607997,-0.271483,-0.266784,-1.23686,-0.337215,-0.339267
12.1604,0.611531,-0.275148,-0.267913,-1.23683,-0.321296,-0.342074
12.1657,0.616432,-0.282906,-0.272079,-1.23655,-0.302776,-0.340118
12.1703,0.62038,-0.289846,-0.276631,-1.23149,-0.284164,-0.336505
12.1754,0.624083,-0.295737,-0.281187,-1.22702,-0.262027,-0.330741
12.1806,0.626273,-0.300973,-0.286198,-1.21951,-0.242521,-0.326671
12.1854,0.630117,-0.301746,-0.288894,-1.2156,-0.223504,-0.32394
12.1906,0.633671,-0.302402,-0.292561,-1.21152,-0.201298,-0.323609
12.1953,0.635325,-0.304796,-0.296925,-1.20611,-0.182397,-0.323471
12.2003,0.636919,-0.307546,-0.301187,-1.19997,-0.159605,-0.319413
12.2053,0.641018,-0.303793,-0.301099,-1.19314,-0.13201,-0.316719
12.2103,0.644776,-0.303168,-0.302159,-1.18234,-0.105237,-0.311828
12.2153,0.648648,-0.305064,-0.303717,-1.16951,-0.0760101,-0.304893
12.2203,0.653158,-0.304144,-0.304264,-1.15716,-0.0440866,-0.305266
12.2253,0.655902,-0.309298,-0.308841,-1.15538,-0.0147174,-0.297318
12.2303,0.660488,-0.311067,-0.309907,-1.15032,0.0115272,-0.29255
12.2353,0.665573,-0.311637,-0.310347,-1.14521,0.0381477,-0.286492
12.2405,0.671652,-0.313128,-0.311913,-1.12977,0.0700876,-0.278523
12.2454,0.677719,-0.309682,-0.31057,-1.11947,0.101382,-0.274073
12.2504,0.682856,-0.307512,-0.310231,-1.11314,0.139603,-0.267493
12.2553,0.686383,-0.308111,-0.312904,-1.10874,0.181384,-0.260087
12.2603,0.690009,-0.309111,-0.31454,-1.1028,0.225196,-0.247956
12.2653,0.695707,-0.308126,-0.316556,-1.09134,0.271006,-0.239711
12.2702,0.701603,-0.305938,-0.318788,-1.08175,0.317884,-0.231626
12.2753,0.70565,-0.305123,-0.322387,-1.07672,0.367226,-0.223712
12.2806,0.710467,-0.306099,-0.328094,-1.07768,0.420497,-0.215385
12.2853,0.714567,-0.30719,-0.334011,-1.07964,0.469348,-0.210688
12.2902,0.720116,-0.305115,-0.338336,-1.07753,0.520707,-0.205838
12.2954,0.727577,-0.296683,-0.339149,-1.06752,0.573322,-0.199425
12.3003,0.731362,-0.293276,-0.342145,-1.06745,0.619196,-0.19625
12.3053,0.73573,-0.293594,-0.347013,-1.05865,0.666973,-0.192534
12.3103,0.741613,-0.292816,-0.350679,-1.05082,0.704118,-0.191787
12.3152,0.746401,-0.292736,-0.354448,-1.04264,0.732319,-0.190999
12.3204,0.749512,-0.293812,-0.359749,-1.04401,0.751473,-0.191313
12.3254,0.754475,-0.293864,-0.364094,-1.03771,0.761116,-0.191817
12.3304,0.761097,-0.290063,-0.365575,-1.02579,0.762796,-0.190845
12.3353,0.767181,-0.286751,-0.368223,-1.01757,0.761476,-0.18794
12.3403,0.770962,-0.290146,-0.374844,-1.01399,0.760091,-0.184902
12.3452,0.774575,-0.287873,-0.378563,-1.01675,0.753231,-0.183666
12.3502,0.778476,-0.283111,-0.381562,-1.01799,0.745834,-0.179688
12.3552,0.78218,-0.283938,-0.386658,-1.01666,0.74071,-0.17811
12.3604,0.786612,-0.278323,-0.387822,-1.00644,0.734841,-0.172478
12.3654,0.792721,-0.272543,-0.389545,-0.998767,0.730228,-0.171604
12.3702,0.795598,-0.267474,-0.392192,-0.995769,0.721516,-0.172413
12.3752,0.799226,-0.26041,-0.394066,-0.985648,0.710453,-0.171156
12.3802,0.803022,-0.253691,-0.397374,-0.970869,0.700443,-0.173114
12.3852,0.805777,-0.248161,-0.401316,-0.957263,0.693477,-0.171533
12.3903,0.808082,-0.244055,-0.407031,-0.942259,0.689658,-0.172611
12.3953,0.810213,-0.242229,-0.41386,-0.922485,0.682342,-0.170293
12.4003,0.814049,-0.237132,-0.417859,-0.89618,0.67379,-0.17041
12.4053,0.815898,-0.231552,-0.419628,-0.868771,0.65734,-0.165017
12.4102,0.8162,-0.226301,-0.421479,-0.85542,0.640185,-0.164534
12.4155,0.817115,-0.223344,-0.423073,-0.837526,0.620078,-0.161735
12.4203,0.818871,-0.214238,-0.419801,-0.815083,0.598458,-0.158528
12.4252,0.820066,-0.20631,-0.416459,-0.790604,0.575741,-0.153826
12.4303,0.821356,-0.202797,-0.416055,-0.776259,0.557466,-0.153459
12.4353,0.823295,-0.19864,-0.417049,-0.760983,0.548803,-0.152868
12.4405,0.825424,-0.197713,-0.421793,-0.748281,0.55356,-0.154134
12.4453,0.828839,-0.191859,-0.423973,-0.738363,0.554274,-0.153348
12.4503,0.829907,-0.188181,-0.428795,-0.73118,0.558728,-0.151854
12.4553,0.829318,-0.187322,-0.435941,-0.722066,0.566711,-0.154889
12.4603,0.830843,-0.184345,-0.441345,-0.713079,0.581382,-0.159497
12.4655,0.83122,-0.17938,-0.446629,-0.70612,0.598762,-0.163338
12.4703,0.832835,-0.17563,-0.45184,-0.692351,0.618622,-0.165746
12.4753,0.837299,-0.167442,-0.453819,-0.676367,0.638546,-0.168272
12.4803,0.837715,-0.162535,-0.457999,-0.662153,0.661074,-0.16829
12.4855,0.841119,-0.157584,-0.461902,-0.653178,0.689074,-0.167875
12.4904,0.842702,-0.155447,-0.465748,-0.645006,0.713443,-0.162948
12.4953,0.844087,-0.151905,-0.468848,-0.636902,0.739723,-0.154372
12.5002,0.845285,-0.147388,-0.471413,-0.63175,0.759364,-0.151372
12.5053,0.845848,-0.145837,-0.476144,-0.617075,0.787111,-0.150661
12.5104,0.846206,-0.142865,-0.479066,-0.599285,0.812284,-0.146105
12.5154,0.847339,-0.140843,-0.482883,-0.586545,0.83853,-0.140678
12.5203,0.847564,-0.139552,-0.487544,-0.578581,0.861807,-0.132598
12.5254,0.847779,-0.137542,-0.492514,-0.571379,0.884551,-0.120659
12.5303,0.849761,-0.132884,-0.495191,-0.558152,0.906532,-0.114676
12.5353,0.850663,-0.12893,-0.498882,-0.552925,0.928783,-0.111023
12.5403,0.850106,-0.126901,-0.503941,-0.546783,0.949785,-0.10671
12.5453,0.847059,-0.125271,-0.509488,-0.540966,0.970819,-0.102232
12.5505,0.845605,-0.117665,-0.512519,-0.533861,0.994883,-0.095282
12.5552,0.843417,-0.109719,-0.515482,-0.527556,1.01907,-0.0878242
12.5602,0.83899,-0.104683,-0.520759,-0.526145,1.04552,-0.0810361
12.5655,0.834897,-0.0975114,-0.525759,-0.520522,1.07841,-0.0771846
12.5702,0.830639,-0.0902165,-0.530112,-0.51603,1.11027,-0.074018
12.5753,0.82646,-0.0790718,-0.531413,-0.514222,1.13819,-0.0740389
12.5804,0.823314,-0.0695604,-0.533586,-0.511515,1.17305,-0.0755049
12.5853,0.821485,-0.0578516,-0.533494,-0.511852,1.20091,-0.0784365
12.5905,0.818896,-0.0470263,-0.533721,-0.514344,1.23228,-0.0823748
12.5955,0.815551,-0.0374935,-0.533449,-0.519712,1.26096,-0.0846169
12.6003,0.811772,-0.0284566,-0.532558,-0.519574,1.29013,-0.088016
12.6053,0.807674,-0.0206333,-0.532384,-0.520764,1.31638,-0.0916259
12.6103,0.803931,-0.0140912,-0.532113,-0.521194,1.34587,-0.0945185
12.6154,0.799611,-0.00800859,-0.531074,-0.524122,1.37898,-0.0961996
12.6204,0.796716,0.00142493,-0.525445,-0.516472,1.41029,-0.0975784
12.6253,0.793632,0.00820763,-0.519668,-0.506114,1.44839,-0.0962426
12.6305,0.790096,0.015008,-0.512514,-0.498189,1.48907,-0.0987498
12.6352,0.787566,0.0178224,-0.508617,-0.496534,1.53155,-0.102076
12.6406,0.784157,0.0225976,-0.504038,-0.489596,1.58335,-0.104523
12.6453,0.779775,0.0270317,-0.50136,-0.484283,1.62757,-0.110146
12.6504,0.775058,0.0357294,-0.497763,-0.476357,1.66686,-0.11891
12.6557,0.769558,0.0441676,-0.496038,-0.462857,1.70969,-0.129692
12.6603,0.765496,0.0514635,-0.495111,-0.451569,1.75128,-0.140939
12.6655,0.759297,0.0597702,-0.494282,-0.438622,1.80056,-0.152654
12.6703,0.753119,0.0701496,-0.492835,-0.433012,1.84346,-0.166948
12.6753,0.746222,0.0833826,-0.489638,-0.425531,1.89028,-0.181406
12.6804,0.738241,0.0969801,-0.485917,-0.419435,1.93883,-0.195064
12.6853,0.729809,0.107723,-0.483631,-0.412523,1.98458,-0.21089
12.6904,0.719997,0.119183,-0.480353,-0.409302,2.02881,-0.227504
12.6952,0.710869,0.128654,-0.476729,-0.408906,2.0764,-0.246012
12.7002,0.699949,0.136562,-0.472537,-0.404403,2.12133,-0.26577
12.7054,0.689004,0.147326,-0.464338,-0.395026,2.16609,-0.282908
12.7103,0.679519,0.161182,-0.453771,-0.394054,2.20507,-0.299229
12.7153,0.670617,0.170831,-0.444526,-0.392688,2.24669,-0.307816
12.7203,0.660205,0.17958,-0.433789,-0.388222,2.2826,-0.315001
12.7254,0.651349,0.188773,-0.421599,-0.386497,2.3202,-0.323663
12.7305,0.640869,0.196905,-0.409164,-0.388429,2.35123,-0.329191
12.7353,0.631519,0.20392,-0.396773,-0.390475,2.38456,-0.334392
12.7403,0.620884,0.211535,-0.382767,-0.394292,2.41627,-0.342037
12.7453,0.609491,0.217115,-0.369234,-0.387884,2.44775,-0.348296
12.7503,0.597319,0.225096,-0.353736,-0.386801,2.47695,-0.349413
12.7553,0.5849,0.231854,-0.339192,-0.387241,2.50722,-0.361277
12.7603,0.572447,0.243424,-0.322487,-0.387278,2.53971,-0.370108
12.7654,0.557906,0.254919,-0.306011,-0.384109,2.56479,-0.374086
12.7703,0.543617,0.263189,-0.292971,-0.384056,2.59724,-0.381156
12.7753,0.529693,0.272622,-0.278637,-0.385106,2.62567,-0.38474
12.7804,0.514693,0.281269,-0.265502,-0.386189,2.66136,-0.388684
12.7853,0.500775,0.294485,-0.249495,-0.385459,2.6909,-0.387088
12.7903,0.487966,0.309386,-0.231947,-0.375402,2.71882,-0.387468
12.7955,0.474679,0.32364,-0.214361,-0.364802,2.74719,-0.385705
12.8004,0.459962,0.332668,-0.200276,-0.357363,2.77438,-0.381256
12.8053,0.444256,0.339932,-0.18777,-0.353374,2.80396,-0.372693
12.8104,0.428371,0.352115,-0.171195,-0.348983,2.82793,-0.367571
12.8153,0.412885,0.362651,-0.155486,-0.34761,2.84892,-0.359554
12.8203,0.397798,0.371915,-0.140762,-0.355039,2.86814,-0.348165
12.8253,0.381763,0.381834,-0.124956,-0.365952,2.88821,-0.337257
12.8303,0.365983,0.386463,-0.111384,-0.365794,2.91333,-0.32852
12.8353,0.350661,0.393624,-0.094896,-0.368896,2.93521,-0.320693
12.8403,0.335952,0.400032,-0.0780666,-0.367887,2.95968,-0.308548
12.8455,0.318743,0.402697,-0.0626912,-0.37304,2.98367,-0.297245
12.8504,0.302906,0.407543,-0.0460651,-0.372503,3.00261,-0.288435
12.8553,0.287012,0.415281,-0.02735,-0.37923,3.0124,-0.278606
12.8603,0.270612,0.420992,-0.0100042,-0.385397,3.02876,-0.270009
12.8655,0.252515,0.424636,0.00596612,-0.391706,3.04868,-0.258836
12.8703,0.235819,0.425179,0.017691,-0.398574,3.06961,-0.250235
12.8753,0.218644,0.431045,0.0312954,-0.402649,3.09704,-0.239886
12.8805,0.200403,0.436989,0.0442454,-0.407618,3.122,-0.228446
12.8853,0.183191,0.439003,0.0525365,-0.411488,3.15117,-0.212808
12.8905,0.164092,0.444879,0.062699,-0.406988,3.18153,-0.193534
12.8955,0.147082,0.453575,0.0744506,-0.401203,3.20224,-0.17742
12.9003,0.130398,0.462562,0.0848942,-0.401786,3.21476,-0.1594
12.9053,0.113449,0.476383,0.0988108,-0.399239,3.2216,-0.142809
12.9103,0.0948993,0.4842,0.107146,-0.384849,3.23579,-0.131512
12.9153,0.0770054,0.497314,0.120519,-0.377264,3.23905,-0.116825
12.9206,0.0613604,0.511851,0.13526,-0.370232,3.24409,-0.105785
12.9254,0.048292,0.523271,0.147306,-0.360648,3.25786,-0.0984945
12.9305,0.036911,0.534673,0.159989,-0.358927,3.27958,-0.0886116
12.9355,0.0265512,0.542743,0.171401,-0.35548,3.30272,-0.0861479
12.9404,0.0175978,0.550909,0.183392,-0.348268,3.32468,-0.0796235
12.9453,0.0106212,0.565045,0.199764,-0.33875,3.34012,-0.0769669
12.9503,0.00265146,0.568558,0.210042,-0.328445,3.36877,-0.0726913
12.9553,-0.00352545,0.578112,0.224416,-0.325061,3.39619,-0.063933
12.9604,-0.00933419,0.588347,0.240872,-0.320723,3.42145,-0.0562752
12.9654,-0.0141659,0.592651,0.253564,-0.317204,3.45206,-0.0483253
12.9704,-0.0183212,0.596436,0.26637,-0.315429,3.48267,-0.0386158
12.9753,-0.0219583,0.600754,0.280349,-0.31301,3.50743,-0.0358807
12.9803,-0.0264257,0.604026,0.294751,-0.309575,3.53337,-0.0314976
12.9855,-0.0292746,0.614628,0.314449,-0.303527,3.55141,-0.0208903
12.9903,-0.0325066,0.619139,0.329112,-0.299628,3.56344,-0.0152253
12.9952,-0.035408,0.62535,0.344367,-0.295062,3.5769,-0.0127934
13.0004,-0.0376411,0.631619,0.358561,-0.290636,3.59157,-0.0117277
13.0055,-0.0405115,0.636116,0.370053,-0.285779,3.61281,-0.00754229
13.0107,-0.0424341,0.640922,0.38172,-0.283107,3.63903,0.00033821
13.0152,-0.0448826,0.647589,0.393079,-0.283024,3.65817,0.00802229
13.0202,-0.0461102,0.656181,0.405632,-0.283955,3.67506,0.0173495
13.0253,-0.0471752,0.667856,0.41942,-0.288288,3.68684,0.0310588
13.0304,-0.0489917,0.678297,0.430939,-0.291292,3.69776,0.0456116
13.0354,-0.0505755,0.689745,0.44302,-0.294005,3.70985,0.0550157
13.0403,-0.050159,0.703896,0.455166,-0.296218,3.71522,0.0639712
13.0453,-0.0508984,0.716816,0.466074,-0.297949,3.72171,0.0698303
13.0505,-0.0529547,0.731631,0.476167,-0.301811,3.73056,0.0811504
13.0555,-0.0553683,0.745664,0.485538,-0.307918,3.73614,0.0931094
13.0603,-0.0577208,0.758117,0.493344,-0.315178,3.73813,0.106039
13.0653,-0.0598901,0.775667,0.504976,-0.323362,3.73436,0.118061
13.0704,-0.0632479,0.788383,0.512539,-0.332211,3.73522,0.133692
13.0753,-0.0664248,0.798695,0.5181,-0.34019,3.73809,0.147919
13.0803,-0.0695185,0.809097,0.523262,-0.348675,3.74822,0.162954
13.0853,-0.0721419,0.822803,0.532157,-0.357161,3.75597,0.172753
13.0904,-0.0745458,0.829987,0.536334,-0.364028,3.76969,0.182987
13.0953,-0.0777968,0.843378,0.545127,-0.3704,3.77501,0.192465
13.1007,-0.0833525,0.852306,0.550459,-0.37547,3.77564,0.198083
13.1053,-0.0867718,0.862033,0.556986,-0.373293,3.77179,0.205276
13.1102,-0.0902587,0.87157,0.56403,-0.366447,3.76372,0.217588
13.1153,-0.0933296,0.880474,0.571074,-0.352291,3.76414,0.228302
13.1203,-0.0960281,0.888657,0.578268,-0.332379,3.76588,0.241518
13.1252,-0.10042,0.892972,0.582675,-0.307716,3.77216,0.260437
13.1303,-0.102593,0.899996,0.589434,-0.273993,3.76684,0.274614
13.1352,-0.105503,0.90564,0.595489,-0.237584,3.76274,0.289093
13.1404,-0.10887,0.910665,0.601994,-0.195983,3.75836,0.296133
13.1453,-0.112149,0.917436,0.609758,-0.155291,3.74828,0.31079
13.1503,-0.115903,0.918778,0.613902,-0.109556,3.74634,0.314984
13.1554,-0.119894,0.918778,0.616217,-0.0636954,3.75078,0.320564
13.1605,-0.12423,0.918955,0.617857,-0.015602,3.76185,0.32845
13.1655,-0.128645,0.920921,0.618641,0.0288482,3.77499,0.338488
13.1703,-0.134258,0.924168,0.619439,0.0695384,3.78543,0.343307
13.1753,-0.138984,0.929425,0.620921,0.109319,3.79041,0.348295
13.1804,-0.144953,0.941375,0.625607,0.146857,3.79034,0.361335
13.1856,-0.15121,0.950421,0.627501,0.184843,3.78521,0.366039
13.1905,-0.1559,0.962494,0.630496,0.219373,3.78428,0.361469
13.1952,-0.1623,0.971369,0.630842,0.254056,3.78605,0.354521
13.2002,-0.168703,0.982541,0.630561,0.285771,3.78739,0.358246
13.2052,-0.177836,0.990242,0.62874,0.31778,3.7909,0.360396
13.2105,-0.185317,1.00373,0.628603,0.344172,3.78947,0.355249
13.2152,-0.195734,1.0115,0.627052,0.371647,3.78864,0.347751
13.2202,-0.205692,1.02266,0.625483,0.397182,3.78381,0.344359
13.2252,-0.216464,1.03284,0.622747,0.422436,3.77971,0.336775
13.2302,-0.228698,1.04496,0.620221,0.446469,3.77475,0.327485
13.2352,-0.240795,1.05722,0.617734,0.469989,3.77213,0.321001
13.2403,-0.252752,1.07083,0.614534,0.492551,3.7756,0.315412
13.2454,-0.266311,1.08223,0.611183,0.510047,3.78483,0.308379
13.2502,-0.278055,1.09665,0.610494,0.524378,3.78884,0.302324
13.2552,-0.29149,1.11031,0.60994,0.539743,3.78763,0.299927
13.2602,-0.303987,1.1248,0.610361,0.551352,3.77957,0.297335
13.2652,-0.317003,1.13885,0.60991,0.561023,3.77196,0.29142
13.2703,-0.331062,1.15052,0.60731,0.570467,3.77588,0.289325
13.2752,-0.344202,1.16054,0.604141,0.575893,3.77911,0.285351
13.2802,-0.358113,1.17163,0.600178,0.579375,3.78335,0.284174
13.2854,-0.374185,1.18287,0.596676,0.582009,3.79163,0.276876
13.2902,-0.38704,1.1906,0.592513,0.58907,3.79569,0.28137
13.2953,-0.402341,1.20313,0.590222,0.589383,3.79555,0.275849
13.3002,-0.417904,1.21376,0.587866,0.59316,3.78747,0.274302
13.3053,-0.432968,1.22442,0.585074,0.593449,3.77667,0.27336
13.3102,-0.446814,1.23599,0.582782,0.590843,3.76842,0.277625
13.3152,-0.462247,1.24576,0.579558,0.594374,3.76011,0.273847
13.3204,-0.479429,1.25277,0.575118,0.592537,3.7556,0.273668
13.3252,-0.494368,1.25525,0.568844,0.589555,3.7553,0.274657
13.3302,-0.510875,1.26383,0.566706,0.586239,3.74949,0.272936
13.3355,-0.525746,1.27085,0.564194,0.583981,3.73816,0.275473
13.3405,-0.542122,1.27426,0.560337,0.585042,3.72252,0.280362
13.3453,-0.556078,1.27743,0.557284,0.588349,3.7018,0.279195
13.3504,-0.570437,1.28241,0.554198,0.592635,3.6864,0.279207
13.3553,-0.585854,1.28338,0.548624,0.595347,3.67283,0.28
13.3605,-0.60513,1.28322,0.541692,0.592326,3.6681,0.281707
13.3656,-0.62477,1.28416,0.534782,0.589288,3.66864,0.283407
13.3703,-0.639416,1.28309,0.528619,0.590135,3.66593,0.282582
13.3753,-0.65479,1.28053,0.52263,0.592428,3.66203,0.27991
13.3803,-0.671261,1.27427,0.516449,0.59351,3.65927,0.27799
13.3854,-0.68654,1.26902,0.511382,0.597186,3.65231,0.279215
13.3904,-0.701456,1.26565,0.508225,0.590345,3.63832,0.280732
13.3953,-0.716539,1.25856,0.502583,0.575054,3.63279,0.274848
13.4005,-0.731352,1.25155,0.496804,0.557853,3.6245,0.271242
13.4053,-0.744733,1.24111,0.489205,0.558746,3.61827,0.279409
13.4106,-0.761391,1.22958,0.481416,0.550857,3.60948,0.28809
13.4157,-0.775975,1.22244,0.47456,0.545526,3.60219,0.28609
13.4202,-0.788471,1.2176,0.467788,0.539483,3.59733,0.2887
13.4254,-0.802489,1.2135,0.461174,0.5309,3.59149,0.295744
13.4303,-0.816009,1.20905,0.454622,0.525255,3.58667,0.292251
13.4353,-0.829586,1.20531,0.447961,0.523997,3.57791,0.293089
13.4404,-0.843674,1.2039,0.442404,0.520446,3.56618,0.29521
13.4453,-0.857058,1.19714,0.435349,0.516161,3.55937,0.296731
13.4503,-0.871079,1.18961,0.429444,0.509492,3.55026,0.299777
13.4553,-0.885503,1.18145,0.424738,0.500683,3.53913,0.304211
13.4603,-0.901602,1.16616,0.419198,0.49477,3.53048,0.305554
13.4656,-0.918338,1.14501,0.411795,0.482753,3.5276,0.317687
13.4703,-0.931804,1.1265,0.405858,0.471886,3.52028,0.320542
13.4753,-0.946547,1.10602,0.399613,0.460076,3.51251,0.324053
13.4803,-0.961635,1.08741,0.392063,0.453522,3.5059,0.326181
13.4854,-0.976953,1.07191,0.384043,0.441443,3.49729,0.328647
13.4904,-0.993474,1.06042,0.375127,0.431467,3.48373,0.327715
13.4955,-1.00995,1.04812,0.363816,0.412295,3.47159,0.332431
13.5003,-1.0235,1.03678,0.35131,0.398745,3.46087,0.336438
13.5057,-1.04109,1.02207,0.334421,0.381571,3.45037,0.328819
13.5104,-1.05441,1.01271,0.320544,0.371282,3.43588,0.322151
13.5153,-1.06832,1.00551,0.306816,0.355996,3.41996,0.319295
13.5204,-1.08139,0.996115,0.289815,0.348889,3.41327,0.317394
13.5254,-1.09512,0.987633,0.27261,0.344559,3.40306,0.315937
13.5303,-1.10856,0.982752,0.25691,0.332097,3.39318,0.313753
13.5354,-1.11986,0.978553,0.239532,0.327677,3.38189,0.301416
13.5403,-1.13425,0.971911,0.219825,0.328728,3.37123,0.301021
13.5454,-1.14988,0.966623,0.199718,0.322988,3.35927,0.300556
13.5502,-1.16322,0.962814,0.180972,0.311253,3.34528,0.302118
13.5552,-1.17483,0.962322,0.162669,0.301779,3.3249,0.308121
13.5604,-1.18852,0.959668,0.142398,0.293114,3.30644,0.30623
13.5652,-1.2006,0.95853,0.123991,0.286604,3.29119,0.300799
13.5703,-1.21423,0.955312,0.10265,0.2749,3.27866,0.299143
13.5752,-1.2254,0.958237,0.0837903,0.267189,3.26608,0.297441
13.5804,-1.23952,0.959164,0.0607953,0.263788,3.25374,0.295726
13.5854,-1.25157,0.960859,0.0388974,0.254744,3.24287,0.299722
13.5904,-1.26431,0.962734,0.0166246,0.249417,3.23273,0.301294
13.5953,-1.27603,0.964029,-0.00704914,0.23435,3.22236,0.301256
13.6005,-1.28786,0.964981,-0.031782,0.219981,3.20844,0.301529
13.6054,-1.29964,0.969061,-0.0525067,0.212081,3.1923,0.298515
13.6107,-1.31208,0.974969,-0.0743254,0.194105,3.17136,0.300896
13.6154,-1.32243,0.982426,-0.0934057,0.175628,3.14682,0.303254
13.6203,-1.33057,0.989754,-0.115695,0.187766,3.12003,0.301726
13.6254,-1.34126,0.999938,-0.139071,0.194629,3.09224,0.30573
13.6303,-1.35079,1.00089,-0.167056,0.197079,3.06974,0.317596
13.6353,-1.36122,1.00287,-0.193945,0.191614,3.04686,0.322453
13.6404,-1.37363,1.00496,-0.220136,0.194034,3.02529,0.331682
13.6456,-1.38629,1.00767,-0.245283,0.194867,3.00056,0.335764
13.6503,-1.39753,1.00964,-0.267938,0.193768,2.97441,0.336547
13.6553,-1.4119,1.0102,-0.291625,0.18195,2.9568,0.339564
13.6603,-1.42463,1.01313,-0.314255,0.176762,2.93351,0.336981
13.6654,-1.43355,1.0168,-0.337068,0.171571,2.91268,0.340139
13.6703,-1.4448,1.0197,-0.35837,0.168769,2.89651,0.348936
13.6753,-1.45535,1.02166,-0.380599,0.142032,2.8783,0.348333
13.6803,-1.46671,1.01704,-0.405499,0.136981,2.86379,0.349322
13.6854,-1.47586,1.01522,-0.429862,0.139928,2.84143,0.353994
13.6905,-1.48706,1.01358,-0.453662,0.134507,2.81766,0.353161
13.6955,-1.49868,1.01484,-0.474173,0.119545,2.78844,0.356717
13.7003,-1.51034,1.00711,-0.498627,0.122309,2.76329,0.358868
13.7055,-1.52312,1.00089,-0.524982,0.12543,2.73262,0.356064
13.7103,-1.53291,0.994623,-0.548037,0.117959,2.705,0.35821
13.7152,-1.54205,0.988941,-0.57063,0.110848,2.67309,0.358297
13.7204,-1.55275,0.993316,-0.587784,0.106528,2.62895,0.35602
13.7252,-1.56275,0.992828,-0.606496,0.106934,2.59128,0.357139
13.7303,-1.57126,0.990948,-0.626798,0.105502,2.55333,0.35745
13.7351,-1.57874,0.990674,-0.646128,0.103814,2.51439,0.358543
13.7403,-1.58638,0.990469,-0.66614,0.100753,2.47323,0.359525
13.7457,-1.59793,0.985553,-0.689537,0.0868525,2.43329,0.355938
13.7506,-1.60607,0.985418,-0.709385,0.0850435,2.40421,0.35828
13.7553,-1.61485,0.988145,-0.728141,0.0791649,2.37655,0.358517
13.7605,-1.6254,0.994393,-0.747963,0.0681305,2.34706,0.356488
13.7653,-1.63638,0.995255,-0.770016,0.0678209,2.32226,0.353136
13.7706,-1.64851,1.00269,-0.791136,0.0550862,2.2911,0.339862
13.7753,-1.65649,1.00873,-0.810305,0.0531589,2.27061,0.338079
13.7805,-1.66824,1.01622,-0.831118,0.0465692,2.25121,0.333232
13.7855,-1.67819,1.02617,-0.848448,0.0504131,2.23123,0.325384
13.7903,-1.6887,1.03684,-0.864079,0.0430711,2.21405,0.317965
13.7952,-1.69953,1.04718,-0.880082,0.0449323,2.19865,0.311071
13.8002,-1.71025,1.05932,-0.895348,0.0405688,2.1792,0.303414
13.8052,-1.72203,1.06329,-0.914176,0.0508119,2.16512,0.299083
13.8103,-1.73349,1.0681,-0.932756,0.0595003,2.14514,0.296223
13.8153,-1.74478,1.07643,-0.948023,0.0658279,2.12062,0.292757
13.8202,-1.75658,1.0866,-0.959067,0.0635763,2.09402,0.294582
13.8254,-1.77003,1.09895,-0.968044,0.0549233,2.06101,0.282159
13.8303,-1.78051,1.10789,-0.976633,0.0563793,2.03357,0.282073
13.8352,-1.79075,1.11407,-0.98774,0.0492717,2.0016,0.276859
13.8405,-1.80159,1.12299,-0.996984,0.039391,1.96628,0.269338
13.8456,-1.81124,1.12432,-1.01011,0.0384413,1.93047,0.269485
13.8503,-1.81959,1.12584,-1.02135,0.0420496,1.89594,0.276862
13.8553,-1.82799,1.12847,-1.03343,0.043662,1.85411,0.285585
13.8603,-1.83605,1.13387,-1.04504,0.0492942,1.81342,0.292134
13.8655,-1.84281,1.13716,-1.05745,0.0519793,1.77067,0.297466
13.8703,-1.85129,1.13674,-1.07029,0.0503312,1.73011,0.299767
13.8753,-1.86174,1.1437,-1.07694,0.0467246,1.68488,0.30267
13.8805,-1.87193,1.15241,-1.08115,0.037998,1.63768,0.308149
13.8853,-1.88119,1.15665,-1.08758,0.0322835,1.59545,0.312222
13.8903,-1.88875,1.16258,-1.09178,0.0320306,1.55139,0.320861
13.8953,-1.89612,1.17097,-1.09525,0.0212312,1.50624,0.321645
13.9003,-1.9038,1.18227,-1.09735,-0.0032296,1.45798,0.317955
13.9054,-1.91233,1.19399,-1.09702,-0.0145787,1.40502,0.319126
13.9104,-1.91934,1.20377,-1.09579,-0.0255138,1.35043,0.31699
13.9153,-1.92584,1.20886,-1.09838,-0.0372498,1.30628,0.312249
13.9202,-1.93042,1.20966,-1.10821,-0.0255651,1.27183,0.315279
13.9252,-1.93577,1.21508,-1.11461,-0.00948482,1.24274,0.312701
13.9303,-1.9417,1.216,-1.12364,0.000868532,1.22067,0.310722
13.9353,-1.94883,1.22266,-1.12842,0.00457704,1.2023,0.303372
13.9403,-1.95561,1.23209,-1.1292,0.00359203,1.18758,0.302865
13.9453,-1.96319,1.23794,-1.13107,0.0101445,1.17724,0.304099
13.9503,-1.96949,1.23945,-1.13443,0.02264,1.17098,0.305944
13.9553,-1.97429,1.24574,-1.13634,0.029727,1.16564,0.305662
13.9606,-1.98176,1.24771,-1.139,0.0450896,1.16571,0.300267
13.9653,-1.98618,1.2519,-1.14018,0.045715,1.16596,0.299429
13.9703,-1.99125,1.25874,-1.13875,0.0538578,1.16578,0.300918
13.9754,-1.99674,1.26423,-1.13746,0.0592373,1.17381,0.297502
13.9803,-2.00035,1.26826,-1.13709,0.0621764,1.17929,0.29377
13.9854,-2.00495,1.27293,-1.13745,0.0649035,1.18528,0.287004
13.9903,-2.00885,1.27835,-1.13707,0.0604526,1.19318,0.284919
13.9955,-2.01274,1.28285,-1.13724,0.0595855,1.19948,0.279903
14.0005,-2.01584,1.29547,-1.13202,0.0579835,1.21036,0.277683
14.0053,-2.02093,1.30503,-1.13022,0.060211,1.21634,0.275007
14.0103,-2.02572,1.31241,-1.12947,0.0724735,1.22291,0.28315
14.0154,-2.02976,1.32119,-1.12811,0.0851812,1.22556,0.289651
14.0204,-2.03265,1.32627,-1.12904,0.101004,1.23064,0.287694
14.0254,-2.03465,1.33489,-1.12917,0.114091,1.22896,0.293869
14.0304,-2.03937,1.347,-1.12509,0.115153,1.22104,0.295838
14.0352,-2.04321,1.35557,-1.12167,0.131489,1.21071,0.291024
14.0403,-2.04521,1.35488,-1.12373,0.146553,1.20164,0.289553
14.0454,-2.04826,1.36696,-1.11807,0.151498,1.18435,0.285601
14.0504,-2.05005,1.37874,-1.11344,0.153482,1.16291,0.277533
14.0555,-2.05129,1.38705,-1.11042,0.157863,1.14298,0.271065
14.0606,-2.05105,1.39305,-1.10888,0.168535,1.12022,0.265161
14.0655,-2.05361,1.39845,-1.1079,0.17866,1.09686,0.264767
14.0705,-2.05613,1.40628,-1.10428,0.169125,1.07308,0.257287
14.0753,-2.05918,1.4061,-1.10677,0.187662,1.05444,0.257872
14.0803,-2.06313,1.41575,-1.10225,0.198085,1.03445,0.258375
14.0853,-2.06847,1.42623,-1.09583,0.204763,1.0166,0.258728
14.0904,-2.07122,1.4334,-1.09316,0.217145,0.997344,0.251755
14.0953,-2.07472,1.44128,-1.08882,0.210647,0.980055,0.248487
14.1002,-2.07811,1.45154,-1.08211,0.213495,0.965567,0.245746
14.1056,-2.07991,1.46411,-1.07408,0.21707,0.94827,0.242986
14.1103,-2.08013,1.47345,-1.0676,0.221108,0.932982,0.238165
14.1153,-2.08086,1.4841,-1.06042,0.230753,0.917656,0.234494
14.1206,-2.08029,1.49126,-1.05673,0.23258,0.907824,0.230337
14.1254,-2.0813,1.49339,-1.05564,0.235895,0.89791,0.226364
14.1305,-2.07963,1.50204,-1.05059,0.249087,0.887075,0.220805
14.1354,-2.07756,1.50807,-1.04726,0.256775,0.873212,0.220117
14.1402,-2.07565,1.51846,-1.03936,0.263463,0.863763,0.215519
14.1452,-2.07317,1.52334,-1.03475,0.26277,0.848192,0.216817
14.1503,-2.0696,1.53143,-1.02859,0.262906,0.831878,0.217489
14.1553,-2.06613,1.53773,-1.02417,0.269464,0.809105,0.220125
14.1604,-2.06239,1.54718,-1.01696,0.284495,0.787781,0.218921
14.1652,-2.05945,1.55739,-1.01038,0.281967,0.765954,0.218774
14.1702,-2.05599,1.56928,-1.00209,0.284513,0.73758,0.215518
14.1753,-2.05414,1.57823,-0.995728,0.284977,0.713218,0.212545
14.1803,-2.04936,1.58745,-0.989424,0.291217,0.679149,0.206316
14.1853,-2.04473,1.59608,-0.982829,0.301877,0.649643,0.206505
14.1904,-2.03943,1.6032,-0.977363,0.306046,0.618547,0.199343
14.1954,-2.0347,1.60998,-0.969159,0.296614,0.594901,0.191143
14.2003,-2.03003,1.6205,-0.959572,0.292563,0.570732,0.187127
14.2056,-2.0228,1.62385,-0.954688,0.310457,0.545751,0.183222
14.2105,-2.01667,1.63683,-0.94299,0.302105,0.523762,0.177898
14.2153,-2.00954,1.64892,-0.932156,0.296417,0.502679,0.171476
14.2203,-2.00241,1.65463,-0.925487,0.294055,0.479656,0.162847
14.2253,-1.99505,1.6682,-0.913097,0.292967,0.45753,0.159632
14.2303,-1.98636,1.67848,-0.90415,0.293192,0.430527,0.15752
14.2352,-1.9771,1.6926,-0.892274,0.2891,0.406346,0.155203
14.2404,-1.96719,1.70487,-0.882337,0.286331,0.379707,0.157861
14.2454,-1.95721,1.71253,-0.874603,0.290176,0.350829,0.15285
14.2503,-1.94657,1.72321,-0.865256,0.290985,0.320884,0.153482
14.2553,-1.93351,1.7259,-0.862343,0.308061,0.287241,0.155809
14.2603,-1.92198,1.73758,-0.851713,0.305344,0.258635,0.157772
14.2654,-1.91096,1.74773,-0.841534,0.306123,0.226601,0.153367
14.2704,-1.90044,1.75928,-0.829779,0.313117,0.194662,0.152115
14.2753,-1.88888,1.76468,-0.822072,0.318503,0.167929,0.154768
14.2803,-1.87755,1.77337,-0.812221,0.315076,0.143211,0.152362
14.2854,-1.86592,1.78025,-0.803925,0.321479,0.113979,0.145947
14.2903,-1.85442,1.78591,-0.795622,0.324928,0.0919545,0.136581
14.2954,-1.84299,1.80044,-0.781882,0.318968,0.0747173,0.127633
14.3002,-1.83265,1.81037,-0.771911,0.315475,0.0556523,0.122989
14.3053,-1.8208,1.818,-0.76456,0.323662,0.0348877,0.119263
14.3105,-1.80815,1.82567,-0.7569,0.331718,0.0053122,0.113519
14.3153,-1.79649,1.83356,-0.750143,0.33094,-0.0279497,0.107657
14.3203,-1.78433,1.8423,-0.742425,0.334851,-0.057442,0.104543
14.3255,-1.77065,1.85339,-0.732082,0.332751,-0.0913279,0.0921849
14.3305,-1.75614,1.86672,-0.72065,0.327674,-0.120631,0.0898597
14.3353,-1.74226,1.87296,-0.712155,0.33015,-0.143878,0.0877781
14.3403,-1.72657,1.88297,-0.701904,0.322848,-0.168833,0.0852356
14.3453,-1.71015,1.89195,-0.69175,0.31254,-0.194573,0.0852725
14.3503,-1.69365,1.90276,-0.680061,0.30453,-0.223848,0.0872162
14.3552,-1.67644,1.91183,-0.669423,0.294405,-0.25526,0.0866605
14.3604,-1.65762,1.9159,-0.661571,0.289286,-0.287071,0.0805881
14.3654,-1.63911,1.92408,-0.650722,0.280648,-0.310619,0.075464
14.3703,-1.6213,1.93319,-0.641094,0.269334,-0.33867,0.0714259
14.3753,-1.60268,1.94304,-0.631551,0.254987,-0.36939,0.0689767
14.3802,-1.58331,1.95392,-0.621452,0.231586,-0.400475,0.0702149
14.3853,-1.56154,1.96108,-0.616183,0.228406,-0.433349,0.0735028
14.3902,-1.53942,1.96674,-0.612486,0.226106,-0.467238,0.0798681
14.3953,-1.5171,1.97544,-0.604876,0.20698,-0.501238,0.0896137
14.4003,-1.49505,1.9857,-0.596715,0.189137,-0.535833,0.0969725
14.4053,-1.47311,1.99432,-0.588926,0.174571,-0.564555,0.104599
14.4105,-1.45052,2.0114,-0.574416,0.142954,-0.591188,0.110598
14.4153,-1.42733,2.01839,-0.566482,0.119317,-0.621736,0.110529
14.4203,-1.40354,2.02438,-0.556572,0.0940769,-0.655964,0.111267
14.4253,-1.37887,2.03767,-0.544806,0.081153,-0.682328,0.111672
14.4303,-1.35379,2.04349,-0.54201,0.0748129,-0.710066,0.114805
14.4353,-1.32835,2.05126,-0.53789,0.0802245,-0.733286,0.119524
14.4404,-1.30213,2.05582,-0.53565,0.0696377,-0.761117,0.126491
14.4454,-1.27454,2.06403,-0.531043,0.0684795,-0.782571,0.134658
14.4503,-1.24708,2.07486,-0.524423,0.0642921,-0.80681,0.14236
14.4552,-1.21878,2.08719,-0.517463,0.0648624,-0.839936,0.151181
14.4602,-1.18937,2.09819,-0.511092,0.0615121,-0.869217,0.158496
14.4652,-1.15987,2.10818,-0.504144,0.0491973,-0.902159,0.166097
14.4702,-1.12953,2.1231,-0.493743,0.0475949,-0.92948,0.171895
14.4754,-1.09781,2.13338,-0.486407,0.0440335,-0.956629,0.176558
14.4804,-1.06669,2.14307,-0.479859,0.0249773,-0.985743,0.17786
14.4855,-1.03496,2.15342,-0.471323,0.0239897,-1.01301,0.179577
14.4903,-1.00436,2.16149,-0.463897,0.0218416,-1.04081,0.179641
14.4952,-0.972938,2.17291,-0.453895,0.0078679,-1.06963,0.178258
14.5003,-0.940162,2.18404,-0.44418,-0.00316124,-1.10137,0.175522
14.5056,-0.905703,2.19702,-0.434215,-0.00995024,-1.13559,0.172638
14.5106,-0.873479,2.20784,-0.426552,-0.00849769,-1.16409,0.176232
14.5155,-0.843919,2.2161,-0.422476,-0.00946523,-1.20294,0.182625
14.5203,-0.816024,2.2241,-0.419171,-0.0090988,-1.24143,0.191639
14.5253,-0.789966,2.23559,-0.414421,-0.0117031,-1.27953,0.203451
14.5305,-0.764196,2.24678,-0.411416,-0.0123199,-1.32387,0.218166
14.5354,-0.740932,2.25406,-0.410613,-0.015968,-1.36596,0.233764
14.5404,-0.720261,2.27182,-0.402628,-0.0132523,-1.40185,0.250855
14.5453,-0.701725,2.28867,-0.395559,-0.00704746,-1.43635,0.267838
14.5503,-0.685363,2.29851,-0.392627,0.00373187,-1.4685,0.287129
14.5553,-0.671326,2.30516,-0.391662,0.0191223,-1.49951,0.307267
14.5603,-0.65999,2.31057,-0.389175,0.0212496,-1.53401,0.328192
14.5653,-0.651319,2.31903,-0.38431,0.014096,-1.56654,0.350173
14.5703,-0.644445,2.32741,-0.379198,0.00758047,-1.60102,0.372174
14.5752,-0.639713,2.33598,-0.374049,0.0173378,-1.62944,0.395671
14.5804,-0.63685,2.35518,-0.361913,0.0230315,-1.64644,0.421013
14.5856,-0.635514,2.36451,-0.358457,0.0245523,-1.67409,0.445831
14.5907,-0.635383,2.37698,-0.352465,0.0290723,-1.70008,0.470344
14.5953,-0.636739,2.38476,-0.348457,0.0280259,-1.72435,0.489072
14.6002,-0.63942,2.39845,-0.342259,0.0290729,-1.75281,0.505794
14.6054,-0.642908,2.41135,-0.336336,0.0304765,-1.77933,0.518959
14.6104,-0.646935,2.42255,-0.331277,0.0312005,-1.80447,0.527283
14.6154,-0.652401,2.44312,-0.319305,0.0331954,-1.81841,0.532868
14.6204,-0.658339,2.44889,-0.317483,0.0392747,-1.84184,0.533765
14.6254,-0.664608,2.46236,-0.312344,0.0410567,-1.86486,0.532005
14.6304,-0.672675,2.46825,-0.309221,0.0487897,-1.89279,0.528887
14.6352,-0.681647,2.47235,-0.305653,0.0556621,-1.9226,0.52405
14.6403,-0.69094,2.48186,-0.298154,0.0565241,-1.94661,0.518938
14.6454,-0.699373,2.49626,-0.287,0.059297,-1.96508,0.514793
14.6503,-0.706187,2.50832,-0.276445,0.0652501,-1.97893,0.510191
14.6553,-0.713993,2.51806,-0.267171,0.0727429,-1.99212,0.504111
14.6603,-0.721748,2.52193,-0.262801,0.081137,-1.99907,0.49978
14.6655,-0.730582,2.5299,-0.255906,0.0912933,-2.01072,0.495174
14.6703,-0.739494,2.52904,-0.254684,0.0878533,-2.03542,0.486551
14.6755,-0.748549,2.53532,-0.25054,0.0861583,-2.05854,0.475574
14.6803,-0.756568,2.54447,-0.245078,0.0977288,-2.07638,0.46387
14.6856,-0.765333,2.54916,-0.244125,0.105482,-2.09666,0.448148
14.6905,-0.772673,2.56139,-0.236522,0.107114,-2.10804,0.436466
14.6954,-0.78056,2.56427,-0.233945,0.108207,-2.11997,0.422804
14.7003,-0.787315,2.56956,-0.230932,0.104559,-2.13371,0.412809
14.7055,-0.794838,2.57672,-0.224376,0.100911,-2.1456,0.405204
14.7103,-0.801256,2.58122,-0.219704,0.0929563,-2.1611,0.399822
14.7153,-0.807937,2.58632,-0.214791,0.0907255,-2.17479,0.39178
14.7204,-0.815336,2.58957,-0.211377,0.0827448,-2.18843,0.381648
14.7253,-0.821302,2.59502,-0.206607,0.0780509,-2.19371,0.36964
14.7307,-0.827574,2.60042,-0.199768,0.0684612,-2.19753,0.357604
14.7355,-0.833509,2.60118,-0.197084,0.063699,-2.20262,0.343079
14.7407,-0.839401,2.60168,-0.194613,0.0585071,-2.21543,0.329537
14.7453,-0.8433,2.60118,-0.19391,0.0534623,-2.23264,0.322465
14.7503,-0.847188,2.60994,-0.186522,0.0449058,-2.24799,0.318267
14.7552,-0.850615,2.61296,-0.183828,0.0314988,-2.26893,0.312977
14.7603,-0.854019,2.61564,-0.182066,0.0281655,-2.28715,0.303131
14.7653,-0.855171,2.62179,-0.177008,0.0209213,-2.29614,0.289082
14.7703,-0.855722,2.62428,-0.174645,0.0121507,-2.30816,0.275508
14.7753,-0.855195,2.62857,-0.170745,0.00755258,-2.32,0.265353
14.7802,-0.854571,2.6293,-0.168373,-0.00774939,-2.33567,0.254732
14.7853,-0.853578,2.62835,-0.166002,-0.0235746,-2.35258,0.242163
14.7903,-0.852012,2.63026,-0.160209,-0.0425661,-2.36208,0.230095
14.7953,-0.849316,2.63077,-0.154147,-0.0599162,-2.37287,0.22244
14.8004,-0.845869,2.6296,-0.150044,-0.0674415,-2.39109,0.212532
14.8053,-0.841674,2.62795,-0.145323,-0.0781957,-2.40348,0.203857
14.8104,-0.837605,2.62407,-0.141486,-0.0879998,-2.41258,0.195993
14.8154,-0.834121,2.61313,-0.142303,-0.103128,-2.42777,0.191447
14.8205,-0.830688,2.60322,-0.142685,-0.112082,-2.44442,0.187871
14.8253,-0.828204,2.59724,-0.140815,-0.13516,-2.45797,0.185365
14.8303,-0.824841,2.58488,-0.144722,-0.143528,-2.47943,0.185095
14.8352,-0.821512,2.58198,-0.140654,-0.159021,-2.48693,0.180197
14.8404,-0.818006,2.57909,-0.138388,-0.176932,-2.49643,0.171295
14.8453,-0.815272,2.57529,-0.138136,-0.202916,-2.50615,0.165843
14.8504,-0.811767,2.56967,-0.139802,-0.225724,-2.51931,0.159375
14.8553,-0.808538,2.56137,-0.143605,-0.236998,-2.53543,0.151752
14.8603,-0.804704,2.56226,-0.141051,-0.250758,-2.54253,0.146392
14.8653,-0.800833,2.55844,-0.141025,-0.261761,-2.55102,0.142493
14.8704,-0.797352,2.55104,-0.142269,-0.264277,-2.56236,0.141257
14.8753,-0.794702,2.55037,-0.139847,-0.277747,-2.56483,0.139619
14.8805,-0.790665,2.54508,-0.139168,-0.295246,-2.57143,0.134326
14.8852,-0.786299,2.54024,-0.137742,-0.304021,-2.57574,0.132781
14.8902,-0.782609,2.5332,-0.135274,-0.317911,-2.57972,0.129837
14.8955,-0.777108,2.52652,-0.134567,-0.329045,-2.58623,0.125834
14.9002,-0.772495,2.51795,-0.136189,-0.336007,-2.59951,0.126364
14.9055,-0.767333,2.51108,-0.137468,-0.347171,-2.61342,0.123271
14.9103,-0.7633,2.49895,-0.140133,-0.35591,-2.62833,0.116328
14.9153,-0.758349,2.49098,-0.140844,-0.372869,-2.64035,0.112154
14.9203,-0.75388,2.47836,-0.146176,-0.3766,-2.65903,0.107513
14.9253,-0.749113,2.47202,-0.148113,-0.375966,-2.67645,0.106521
14.9303,-0.743864,2.45714,-0.156908,-0.389979,-2.69799,0.112219
14.9354,-0.738402,2.44914,-0.16128,-0.399611,-2.71329,0.119876
14.9404,-0.731718,2.44512,-0.162988,-0.413739,-2.72735,0.125978
14.9454,-0.724744,2.44062,-0.16481,-0.424443,-2.74116,0.132951
14.9503,-0.715976,2.43827,-0.165708,-0.433323,-2.7486,0.138581
14.9552,-0.70776,2.42952,-0.172757,-0.436543,-2.76535,0.140955
14.9602,-0.700456,2.42085,-0.180566,-0.446634,-2.77641,0.142166
14.9652,-0.691204,2.41656,-0.185118,-0.443045,-2.78315,0.142386
14.9703,-0.681735,2.40869,-0.190881,-0.443749,-2.78753,0.146107
14.9753,-0.672203,2.40549,-0.193373,-0.450236,-2.78731,0.154634
14.9804,-0.661507,2.40256,-0.195197,-0.454143,-2.78299,0.156021
14.9854,-0.651864,2.39184,-0.201704,-0.45721,-2.78576,0.157988
14.9904,-0.64295,2.38949,-0.20423,-0.455895,-2.77892,0.159557
14.9953,-0.634028,2.38577,-0.207824,-0.465754,-2.77379,0.161654
15.0002,-0.626175,2.37706,-0.21406,-0.461816,-2.7719,0.15904
15.0054,-0.618573,2.3684,-0.219602,-0.464829,-2.76875,0.157046
15.0103,-0.611487,2.36394,-0.222623,-0.462177,-2.76461,0.159448
15.0153,-0.604774,2.35419,-0.230215,-0.4738,-2.76545,0.160055
15.0203,-0.597882,2.3452,-0.236425,-0.474761,-2.76807,0.163332
15.0254,-0.590415,2.34224,-0.238289,-0.480122,-2.76729,0.161409
15.0303,-0.584092,2.34021,-0.239438,-0.484577,-2.76415,0.159426
15.0353,-0.577032,2.3317,-0.244151,-0.49968,-2.76452,0.156753
15.0403,-0.571518,2.32625,-0.247045,-0.513424,-2.76353,0.149944
15.0453,-0.568038,2.31098,-0.256725,-0.516233,-2.77118,0.143979
15.0504,-0.562336,2.30829,-0.258006,-0.518556,-2.77018,0.143249
15.0553,-0.555948,2.30384,-0.260983,-0.522072,-2.76831,0.141564
15.0605,-0.550548,2.29578,-0.265296,-0.52983,-2.76879,0.138267
15.0655,-0.545163,2.28831,-0.268508,-0.537337,-2.76681,0.131984
15.0703,-0.539242,2.28449,-0.269175,-0.543705,-2.76831,0.127042
15.0753,-0.533248,2.27967,-0.269038,-0.549242,-2.77081,0.121958
15.0802,-0.528089,2.26871,-0.272654,-0.557971,-2.77733,0.117537
15.0854,-0.522868,2.26377,-0.274206,-0.554822,-2.77713,0.118222
15.0904,-0.518321,2.25928,-0.275217,-0.561088,-2.77971,0.119955
15.0953,-0.514128,2.25487,-0.277815,-0.563316,-2.78068,0.121747
15.1002,-0.510026,2.24947,-0.280891,-0.556362,-2.7815,0.123723
15.1054,-0.504856,2.24322,-0.283416,-0.557174,-2.78468,0.127449
15.1103,-0.500488,2.23594,-0.287334,-0.557464,-2.7847,0.132013
15.1153,-0.49509,2.23099,-0.28854,-0.560785,-2.78164,0.133755
15.1203,-0.48879,2.23007,-0.287508,-0.559624,-2.77473,0.134845
15.1252,-0.482763,2.22472,-0.289036,-0.558938,-2.77043,0.139478
15.1302,-0.475928,2.22402,-0.289691,-0.557284,-2.76234,0.145697
15.1353,-0.469684,2.2152,-0.295226,-0.548511,-2.75986,0.15239
15.1403,-0.463492,2.21173,-0.296763,-0.546679,-2.75554,0.162947
15.1454,-0.456255,2.20319,-0.30191,-0.54795,-2.75407,0.174219
15.1504,-0.448486,2.20736,-0.29782,-0.545277,-2.74543,0.18296
15.1553,-0.442287,2.19927,-0.301658,-0.544233,-2.74862,0.18828
15.1602,-0.435948,2.19209,-0.304496,-0.546849,-2.75184,0.195425
15.1654,-0.429768,2.18448,-0.307978,-0.551329,-2.75511,0.199674
15.1703,-0.424116,2.18074,-0.310027,-0.547891,-2.75668,0.203549
15.1752,-0.419373,2.17365,-0.313085,-0.542006,-2.75753,0.20579
15.1803,-0.41528,2.16313,-0.317989,-0.546407,-2.75885,0.208901
15.1852,-0.412408,2.15553,-0.320644,-0.551602,-2.75831,0.214384
15.1902,-0.408361,2.14506,-0.324856,-0.55515,-2.75842,0.222385
15.1953,-0.405359,2.13822,-0.32589,-0.563644,-2.75275,0.232533
15.2003,-0.40403,2.12743,-0.330133,-0.567607,-2.75424,0.239211
15.2053,-0.403387,2.11828,-0.333509,-0.568758,-2.75545,0.24459
15.2104,-0.402613,2.11184,-0.335533,-0.571943,-2.75069,0.244452
15.2152,-0.401652,2.10678,-0.336413,-0.574385,-2.74218,0.245164
15.2203,-0.401051,2.10175,-0.336611,-0.576037,-2.73237,0.244656
15.2253,-0.401336,2.09142,-0.339252,-0.579662,-2.72682,0.241225
15.2303,-0.402211,2.08599,-0.338917,-0.574139,-2.7145,0.238401
15.2354,-0.404167,2.07546,-0.34216,-0.571275,-2.70579,0.2349
15.2402,-0.406304,2.06569,-0.344492,-0.5734,-2.69716,0.229856
15.2454,-0.408376,2.05161,-0.347932,-0.572645,-2.68622,0.225239
15.2504,-0.411051,2.04166,-0.349285,-0.575069,-2.67031,0.221641
15.2553,-0.413421,2.03197,-0.351301,-0.57206,-2.65058,0.220698
15.2603,-0.417177,2.02445,-0.351448,-0.56412,-2.63168,0.221862
15.2652,-0.421294,2.01502,-0.353008,-0.555902,-2.61288,0.225208
15.2703,-0.426753,2.00507,-0.354944,-0.544594,-2.59279,0.230931
15.2753,-0.431377,1.99413,-0.357834,-0.538441,-2.5746,0.237125
15.2803,-0.436311,1.98639,-0.359226,-0.532105,-2.5526,0.244168
15.2853,-0.441794,1.97571,-0.362376,-0.524427,-2.53312,0.249481
15.2904,-0.447117,1.96681,-0.364982,-0.51099,-2.51037,0.253873
15.2954,-0.452848,1.95648,-0.368128,-0.498806,-2.48685,0.257103
15.3002,-0.459004,1.9491,-0.370149,-0.484613,-2.46091,0.257539
15.3053,-0.465945,1.9411,-0.37249,-0.474465,-2.43486,0.256243
15.3103,-0.473879,1.93288,-0.375502,-0.462052,-2.4116,0.254172
15.3152,-0.482275,1.92438,-0.37894,-0.447073,-2.39011,0.250509
15.3202,-0.49108,1.91725,-0.381537,-0.432046,-2.36849,0.245069
15.3255,-0.500786,1.90909,-0.384861,-0.415779,-2.34731,0.23814
15.3303,-0.510166,1.89991,-0.389191,-0.400754,-2.3295,0.230148
15.3353,-0.520116,1.89044,-0.393292,-0.382406,-2.31081,0.220952
15.3403,-0.530573,1.88207,-0.39624,-0.363061,-2.29088,0.209819
15.3453,-0.541685,1.87312,-0.398816,-0.340272,-2.27082,0.19753
15.3502,-0.552347,1.8637,-0.401694,-0.319703,-2.25344,0.185576
15.3553,-0.560889,1.85581,-0.403828,-0.300183,-2.23577,0.172579
15.3604,-0.567794,1.84881,-0.40546,-0.278586,-2.21882,0.159455
15.3653,-0.572117,1.84282,-0.407225,-0.257551,-2.20838,0.143598
15.3703,-0.5742,1.83824,-0.408674,-0.236317,-2.20242,0.12544
15.3755,-0.573992,1.8362,-0.409412,-0.213481,-2.2011,0.101183
15.3802,-0.571997,1.83647,-0.409749,-0.194558,-2.20256,0.0773903
15.3851,-0.567951,1.83752,-0.410273,-0.174026,-2.20709,0.0509745
15.3903,-0.562584,1.84227,-0.410402,-0.152003,-2.21573,0.0199934
15.3952,-0.555504,1.84865,-0.411023,-0.132177,-2.22708,-0.0116364
15.4004,-0.547128,1.85848,-0.41259,-0.110052,-2.24564,-0.0464899
15.4053,-0.537598,1.87277,-0.413803,-0.0898609,-2.26355,-0.0827012
15.4104,-0.525756,1.89292,-0.415117,-0.067673,-2.28405,-0.123417
15.4153,-0.513264,1.91427,-0.416952,-0.0457953,-2.30665,-0.16351
15.4204,-0.498813,1.93961,-0.418703,-0.0235696,-2.33101,-0.202567
15.4253,-0.483559,1.96595,-0.421079,-0.000506774,-2.35733,-0.241316
15.4302,-0.466812,1.99517,-0.423607,0.0220075,-2.38478,-0.280848
15.4352,-0.449027,2.02506,-0.426615,0.0464182,-2.41286,-0.321692
15.4403,-0.429972,2.05788,-0.430044,0.0724754,-2.44262,-0.36578
15.4453,-0.41145,2.09151,-0.433255,0.0988854,-2.4701,-0.40847
15.4502,-0.39192,2.12707,-0.436159,0.125407,-2.49702,-0.451634
15.4552,-0.371201,2.16358,-0.439291,0.153549,-2.52412,-0.494716
15.4602,-0.349323,2.20254,-0.442419,0.183875,-2.55043,-0.537508
15.4652,-0.326947,2.24277,-0.44527,0.21399,-2.57471,-0.580497
15.4702,-0.303433,2.28486,-0.448856,0.244976,-2.59815,-0.623162
15.4751,-0.279724,2.33099,-0.451847,0.277025,-2.61901,-0.663883
15.4804,-0.253827,2.38401,-0.456285,0.31016,-2.64039,-0.706143
15.4852,-0.229644,2.43609,-0.461022,0.339654,-2.65908,-0.743845
15.4901,-0.204251,2.49316,-0.466768,0.370001,-2.67922,-0.783056
15.4953,-0.177542,2.55573,-0.473492,0.400868,-2.70053,-0.823628
