time,est_tau1,est_tau2,est_tau3,est_tau4,est_tau5,est_tau6
1.00025,0,0,0,0,0,0
1.00541,0,0,0,0,0,0
1.01029,0.000281911,0.00046238,5.05695e-05,-4.51359e-05,-0.000192743,-0.000163539
1.01529,0.00156555,0.00257241,0.000280684,4.38032e-05,-0.00106827,-0.000911608
1.02027,0.00497439,0.00818064,0.000890044,0.000499294,-0.00339075,-0.00290181
1.02549,0.0122345,0.0201314,0.00218552,0.00175989,-0.00832367,-0.00713677
1.0303,0.0248142,0.0408872,0.00447229,0.00400866,-0.0167751,-0.0143915
1.03536,0.0450969,0.0744123,0.00821133,0.00769625,-0.0302195,-0.0259309
1.04029,0.0749152,0.123773,0.013712,0.013553,-0.0499029,-0.0428988
1.04527,0.116227,0.192312,0.0211637,0.0172391,-0.076679,-0.0658744
1.0503,0.17051,0.282483,0.030986,0.0293993,-0.111623,-0.0952439
1.05531,0.238194,0.39483,0.0432705,0.0430606,-0.154074,-0.130628
1.06035,0.318797,0.528677,0.0578947,0.0592383,-0.202938,-0.171466
1.06536,0.410431,0.680903,0.0745154,0.0773534,-0.256284,-0.216158
1.0705,0.51078,0.847654,0.0926573,0.0892691,-0.312122,-0.262749
1.07531,0.615075,1.02088,0.111816,0.102548,-0.367037,-0.30856
1.08028,0.720473,1.19583,0.131469,0.114847,-0.419489,-0.352294
1.08535,0.823832,1.36739,0.150834,0.126593,-0.467448,-0.39226
1.09047,0.922192,1.53075,0.169239,0.139335,-0.510702,-0.428623
1.09543,1.01203,1.68143,0.186183,0.151463,-0.548204,-0.467818
1.10038,1.09254,1.8172,0.201154,0.16197,-0.579669,-0.500152
1.10537,1.16321,1.93709,0.214045,0.170902,-0.605432,-0.527189
1.11031,1.22415,2.04097,0.225412,0.179158,-0.626631,-0.549464
1.11539,1.27527,2.12956,0.235133,0.186134,-0.643387,-0.567324
1.12037,1.31726,2.20349,0.24301,0.192419,-0.656536,-0.580968
1.12553,1.35094,2.26403,0.249207,0.198079,-0.666486,-0.590878
1.13017,1.37717,2.31204,0.253926,0.203416,-0.672405,-0.598416
1.13525,1.39673,2.3493,0.258138,0.216286,-0.675024,-0.602166
1.14025,1.41031,2.37682,0.261834,0.233407,-0.674848,-0.60268
1.14548,1.41854,2.39537,0.264431,0.24679,-0.672431,-0.609378
1.1504,1.4222,2.40603,0.266496,0.257476,-0.667718,-0.612908
1.15517,1.42201,2.40995,0.268051,0.265758,-0.66125,-0.614856
1.16025,1.41832,2.4079,0.268962,0.271729,-0.653547,-0.613436
1.16528,1.41173,2.40074,0.269462,0.276765,-0.644732,-0.617136
1.17019,1.40279,2.3894,0.269643,0.280933,-0.635122,-0.623958
1.17517,1.39186,2.3745,0.269455,0.283917,-0.625587,-0.625705
1.18017,1.37928,2.35658,0.268911,0.285848,-0.616247,-0.624199
1.18519,1.36529,2.33621,0.268102,0.28644,-0.606969,-0.621453
1.19023,1.35047,2.31399,0.267412,0.286184,-0.597647,-0.616327
1.19518,1.33517,2.29054,0.266833,0.285223,-0.58845,-0.609291
1.20026,1.31944,2.26594,0.266268,0.283755,-0.580047,-0.601362
1.20553,1.30341,2.24068,0.265467,0.281508,-0.572049,-0.59189
1.21057,1.28749,2.21548,0.26449,0.278689,-0.564606,-0.581422
1.21558,1.27207,2.19059,0.263648,0.274909,-0.557396,-0.563156
1.22046,1.25721,2.16632,0.262714,0.279459,-0.551563,-0.547989
1.22538,1.24293,2.14275,0.261722,0.289092,-0.546942,-0.534442
1.23042,1.22926,2.11995,0.260917,0.29359,-0.543102,-0.522583
1.23535,1.21637,2.09798,0.260022,0.295238,-0.540017,-0.496554
1.24036,1.20417,2.07675,0.258977,0.294412,-0.537656,-0.460824
1.24567,1.19255,2.0561,0.258034,0.292442,-0.535663,-0.431948
1.25029,1.18191,2.03683,0.257256,0.28897,-0.53438,-0.407597
1.25548,1.17194,2.0184,0.256619,0.28399,-0.533736,-0.38691
1.26023,1.1626,2.00133,0.256318,0.27881,-0.533613,-0.36905
1.26529,1.15384,1.98498,0.256192,0.273725,-0.533325,-0.354645
1.27036,1.14594,1.96965,0.256174,0.268683,-0.533747,-0.343386
1.27529,1.13846,1.95521,0.25616,0.254005,-0.534251,-0.33476
1.28028,1.13144,1.94167,0.256174,0.233168,-0.534803,-0.32846
1.28529,1.12517,1.92931,0.256519,0.216411,-0.535684,-0.324319
1.29055,1.11961,1.91795,0.257093,0.201348,-0.536769,-0.322446
1.29521,1.11464,1.908,0.257684,0.196997,-0.537939,-0.321677
1.30019,1.11,1.89892,0.258286,0.190784,-0.538718,-0.323035
1.30536,1.10569,1.89066,0.258924,0.184969,-0.539127,-0.326272
1.31032,1.10169,1.88299,0.259599,0.179733,-0.540261,-0.329612
1.31528,1.09814,1.87614,0.260557,0.174843,-0.541373,-0.333414
1.32055,1.09497,1.87001,0.261782,0.170244,-0.542469,-0.337651
1.32526,1.09206,1.86466,0.263113,0.151106,-0.543935,-0.34341
1.3307,1.08915,1.85985,0.26458,0.138299,-0.544699,-0.350144
1.33528,1.08634,1.85561,0.266028,0.127478,-0.544948,-0.357187
1.34034,1.08381,1.85182,0.267708,0.127404,-0.546079,-0.364023
1.34532,1.08153,1.84843,0.269534,0.134392,-0.547945,-0.370566
1.35026,1.0794,1.84507,0.271177,0.121234,-0.549637,-0.377604
1.35517,1.07748,1.84193,0.272718,0.0971149,-0.551103,-0.384953
1.36055,1.07583,1.83869,0.274061,0.0715296,-0.553089,-0.40666
1.36553,1.0744,1.83578,0.275239,0.0437182,-0.554602,-0.423746
1.37023,1.07318,1.83311,0.276185,0.0149063,-0.555748,-0.438864
1.37553,1.07224,1.83072,0.277254,-0.00573205,-0.556664,-0.451821
1.38027,1.07153,1.82862,0.278189,-0.0215905,-0.557678,-0.462077
1.38536,1.07103,1.82674,0.279012,-0.033291,-0.558792,-0.469999
1.39027,1.07079,1.82497,0.279725,-0.0405988,-0.561189,-0.475927
1.39522,1.07071,1.82334,0.280738,-0.0605414,-0.56387,-0.479901
1.40026,1.0708,1.82194,0.282057,-0.0872739,-0.566737,-0.48215
1.40522,1.07097,1.8207,0.283386,-0.112146,-0.569383,-0.483017
1.41037,1.07134,1.8195,0.284542,-0.127936,-0.571719,-0.482984
1.41524,1.07184,1.81839,0.285716,-0.137424,-0.573454,-0.481929
1.42023,1.07243,1.81782,0.286013,-0.14225,-0.574763,-0.480098
1.42515,1.07311,1.8175,0.286004,-0.14249,-0.576569,-0.463475
1.43022,1.07389,1.81728,0.285642,-0.138724,-0.578853,-0.43633
1.43519,1.07472,1.81699,0.284948,-0.149064,-0.581063,-0.414862
1.44025,1.07559,1.81722,0.284408,-0.150613,-0.583171,-0.397269
1.44517,1.07644,1.81781,0.283959,-0.148691,-0.585187,-0.383244
1.45028,1.07728,1.81855,0.283213,-0.142748,-0.587656,-0.371737
1.45532,1.07816,1.81932,0.281948,-0.143022,-0.590845,-0.377521
1.46031,1.07908,1.82026,0.28036,-0.146549,-0.594518,-0.39542
1.46532,1.08,1.82144,0.278586,-0.144851,-0.597654,-0.409898
1.47016,1.08102,1.8227,0.276657,-0.140213,-0.600755,-0.422483
1.47529,1.08212,1.82389,0.274396,-0.13228,-0.603091,-0.433002
1.48021,1.08326,1.82498,0.271911,-0.121858,-0.604745,-0.441577
1.48536,1.08444,1.82605,0.269535,-0.090947,-0.606405,-0.448642
1.4906,1.08553,1.8268,0.2669,-0.0644743,-0.608128,-0.453785
1.49534,1.08655,1.82737,0.264204,-0.0389351,-0.609796,-0.457247
1.50036,1.0875,1.82778,0.261431,-0.0140308,-0.611426,-0.459238
1.50535,1.0883,1.82809,0.258845,0.00830273,-0.613105,-0.46038
1.51042,1.08897,1.8283,0.256436,0.0282477,-0.614813,-0.460779
1.51531,1.08967,1.82859,0.254497,0.0470064,-0.616302,-0.460462
1.52029,1.0904,1.82896,0.252978,0.0646261,-0.617594,-0.459531
1.52527,1.09107,1.82913,0.251448,0.0803453,-0.619844,-0.458609
1.5303,1.09179,1.8296,0.250188,0.111669,-0.621492,-0.456963
1.5354,1.09252,1.83023,0.249123,0.152239,-0.622642,-0.454713
1.54025,1.09317,1.83089,0.247836,0.182748,-0.623804,-0.452044
1.5454,1.09378,1.83167,0.246392,0.208537,-0.62494,-0.448978
1.55027,1.09453,1.83249,0.245106,0.220731,-0.625435,-0.445076
1.55528,1.09526,1.83365,0.243994,0.249327,-0.62655,-0.441384
1.56034,1.09591,1.83496,0.242969,0.285774,-0.628242,-0.437921
1.56548,1.09651,1.8363,0.242315,0.311506,-0.630023,-0.434698
1.57047,1.09708,1.83753,0.241657,0.331659,-0.631047,-0.424001
1.57567,1.09763,1.83862,0.240956,0.346853,-0.631425,-0.407904
1.58049,1.09821,1.83961,0.239993,0.356836,-0.632217,-0.396222
1.58542,1.09883,1.84057,0.238845,0.362317,-0.633334,-0.387208
1.59027,1.0994,1.84204,0.238055,0.36328,-0.634777,-0.372764
1.59537,1.09991,1.84384,0.237507,0.361058,-0.636036,-0.361941
1.60029,1.10031,1.84546,0.237247,0.347234,-0.637316,-0.353041
1.60555,1.10065,1.84735,0.237442,0.333794,-0.638692,-0.346378
1.61044,1.10092,1.84938,0.237972,0.319293,-0.640116,-0.341718
1.61565,1.10103,1.85166,0.238679,0.305271,-0.6417,-0.338617
1.62024,1.10123,1.85638,0.244505,0.283459,-0.642192,-0.337061
1.62533,1.10137,1.86086,0.253224,0.256075,-0.642733,-0.336954
1.63031,1.10138,1.86265,0.258781,0.242685,-0.644032,-0.337579
1.6353,1.10138,1.86444,0.263396,0.237473,-0.645024,-0.33878
1.64052,1.10156,1.86638,0.266919,0.229929,-0.645708,-0.325171
1.64532,1.10186,1.86832,0.269415,0.222629,-0.646156,-0.30258
1.65028,1.10203,1.87012,0.271368,0.206871,-0.646133,-0.279583
1.65528,1.10222,1.87223,0.273016,0.194751,-0.646399,-0.262506
1.66045,1.10243,1.87463,0.2744,0.183856,-0.646913,-0.249529
1.66529,1.10268,1.87708,0.275302,0.173373,-0.647103,-0.241224
1.67017,1.10296,1.87956,0.275782,0.163323,-0.647015,-0.236953
1.67515,1.10328,1.88206,0.275892,0.153712,-0.64669,-0.236184
1.68015,1.10362,1.88466,0.275873,0.145728,-0.646477,-0.23821
1.68713,1.10402,1.88722,0.275341,0.139022,-0.645773,-0.242378
1.69124,1.1044,1.88942,0.274615,0.133906,-0.644919,-0.247041
1.69727,1.10483,1.89162,0.273101,0.119429,-0.643662,-0.252929
1.70526,1.10538,1.89401,0.270574,0.0956126,-0.641814,-0.260644
1.71022,1.10623,1.89945,0.274036,0.0968603,-0.638729,-0.269338
1.71783,1.10709,1.90198,0.275262,0.0942754,-0.638651,-0.2799
1.7202,1.10784,1.90387,0.276095,0.0921941,-0.638549,-0.292508
1.72759,1.1086,1.9057,0.277209,0.0907105,-0.63895,-0.283301
1.73015,1.10923,1.90709,0.277852,0.0895843,-0.639131,-0.278557
1.73779,1.10991,1.90823,0.27871,0.0763576,-0.640844,-0.276445
1.74019,1.11052,1.90907,0.279455,0.0682121,-0.642416,-0.279762
1.74868,1.11122,1.90888,0.280347,0.0611332,-0.643886,-0.285034
1.75025,1.11175,1.90868,0.28114,0.0559864,-0.645051,-0.289143
1.75966,1.11223,1.9082,0.282594,0.0523369,-0.646546,-0.293995
1.76024,1.11257,1.90777,0.283714,0.0497621,-0.647688,-0.299381
1.76528,1.11272,1.90727,0.284837,0.0398633,-0.648826,-0.304798
1.77036,1.11309,1.90699,0.285946,0.0416004,-0.65012,-0.310963
1.77532,1.11361,1.9068,0.286978,0.0496916,-0.651558,-0.317657
1.78037,1.11421,1.92418,0.290276,0.0547733,-0.651989,-0.332396
1.78529,1.11453,1.93563,0.290934,0.0588516,-0.65402,-0.344623
1.7905,1.11463,1.94588,0.291295,0.0628298,-0.657234,-0.34751
1.79526,1.11456,1.95476,0.291369,0.0665724,-0.66128,-0.343946
1.80029,1.11432,1.96233,0.291576,0.0697965,-0.664858,-0.342845
1.80529,1.11422,1.96868,0.291718,0.0723209,-0.668792,-0.342936
1.81017,1.11442,1.97389,0.29214,0.0739053,-0.67243,-0.343299
1.81535,1.11434,1.97812,0.292216,0.0859225,-0.675905,-0.343797
1.82021,1.11402,1.98138,0.291983,0.10406,-0.679155,-0.344392
1.8253,1.11359,1.98369,0.291666,0.107866,-0.681388,-0.34626
1.83024,1.11309,1.98524,0.291334,0.10362,-0.682695,-0.349127
1.83529,1.1126,1.98641,0.291169,0.101541,-0.683814,-0.352835
1.84033,1.11211,1.9872,0.291124,0.099358,-0.684775,-0.357209
1.84528,1.11171,1.9875,0.291049,0.0976505,-0.685354,-0.352887
1.85023,1.11161,1.98694,0.290629,0.0863801,-0.685778,-0.351174
1.85528,1.11179,1.98573,0.289975,0.0689683,-0.68602,-0.350548
1.86022,1.11221,1.98399,0.289134,0.046793,-0.686106,-0.350834
1.86559,1.11261,1.98223,0.28818,0.0309039,-0.685918,-0.351058
1.87026,1.11296,1.98049,0.287164,0.0187502,-0.685553,-0.351227
1.87519,1.11328,1.97873,0.285936,0.00116703,-0.685075,-0.359069
1.88027,1.11363,1.97676,0.285248,-0.0103185,-0.683772,-0.365422
1.88514,1.11397,1.97456,0.284958,-0.0184426,-0.681875,-0.371505
1.89024,1.11434,1.97235,0.284497,-0.0241304,-0.680405,-0.37693
1.89517,1.11466,1.97013,0.284092,-0.0272772,-0.678601,-0.382002
1.90016,1.11492,1.96793,0.283741,-0.0282201,-0.676524,-0.386729
1.90523,1.11517,1.96563,0.283613,-0.027149,-0.674232,-0.391115
1.91014,1.11541,1.96332,0.283484,-0.0247545,-0.67171,-0.395435
1.91517,1.11564,1.96103,0.283353,-0.0212214,-0.669,-0.399677
1.92041,1.11595,1.95874,0.283336,-0.0166867,-0.6669,-0.403949
1.92519,1.11631,1.95654,0.283408,-0.0115515,-0.665352,-0.408079
1.93044,1.11681,1.95408,0.283645,-0.0234662,-0.663608,-0.427357
1.93529,1.11756,1.95191,0.28429,-0.0289559,-0.662211,-0.442258
1.94039,1.11834,1.94971,0.285306,-0.0312944,-0.660676,-0.453719
1.94532,1.11924,1.94773,0.286437,-0.0316133,-0.659037,-0.454673
1.95026,1.12024,1.94587,0.287616,-0.0302281,-0.657355,-0.447895
1.95539,1.1215,1.94417,0.288934,-0.0275582,-0.656091,-0.442319
1.96044,1.12312,1.94281,0.290265,0.00153505,-0.655225,-0.437563
1.96544,1.125,1.94164,0.291514,0.0465168,-0.654762,-0.433578
1.97041,1.12686,1.94053,0.292395,0.0875851,-0.653643,-0.429474
1.97532,1.1286,1.93954,0.293336,0.11939,-0.653408,-0.425942
1.98037,1.13022,1.93872,0.294353,0.145018,-0.653924,-0.42292
1.98546,1.13179,1.9382,0.295296,0.165385,-0.654228,-0.419087
1.99043,1.13314,1.93787,0.296095,0.180673,-0.654868,-0.415288
1.99529,1.13447,1.9377,0.296993,0.192714,-0.655067,-0.412289
2.0006,1.13586,1.93751,0.297625,0.192129,-0.654878,-0.409775
2.00527,1.13717,1.93757,0.298312,0.183375,-0.654682,-0.40735
2.01046,1.13828,1.93778,0.298881,0.176799,-0.653783,-0.396543
2.0153,1.13936,1.93787,0.299193,0.161735,-0.652918,-0.38142
2.02033,1.14044,1.9379,0.299301,0.141229,-0.652064,-0.362487
2.02534,1.1415,1.93789,0.299233,0.11642,-0.65123,-0.34061
2.0303,1.14255,1.93786,0.298615,0.0959279,-0.650434,-0.324465
2.03542,1.14357,1.93784,0.297523,0.0772881,-0.649666,-0.312233
2.04033,1.14462,1.93787,0.296952,0.0628697,-0.648813,-0.295461
2.04528,1.14565,1.93812,0.296544,0.050728,-0.648256,-0.283283
2.05033,1.14666,1.93862,0.296321,0.0406423,-0.647933,-0.273995
2.05536,1.14764,1.93898,0.295919,0.0574368,-0.647546,-0.266541
2.06046,1.14842,1.93922,0.29528,0.0671286,-0.647114,-0.261506
2.06537,1.14905,1.93948,0.294529,0.0764522,-0.646602,-0.258551
2.0706,1.149,1.93935,0.294218,0.0871549,-0.645794,-0.257681
2.07535,1.1494,1.86089,0.275591,0.0432888,-0.665809,-0.268501
2.08033,1.14531,1.75215,0.270825,0.0171308,-0.684138,-0.281616
2.08532,1.14716,1.56491,0.26302,-0.013437,-0.706928,-0.310218
2.09029,1.1473,1.33957,0.273619,-0.0276335,-0.720655,-0.343029
2.09531,1.15657,1.14777,0.302911,-0.0517216,-0.737884,-0.37713
2.1003,1.16096,0.972876,0.34726,-0.0453497,-0.752206,-0.409628
2.10536,1.15981,0.81949,0.403073,-0.0316673,-0.764479,-0.447327
2.11048,1.16075,0.687174,0.471327,-0.0381762,-0.776942,-0.486792
2.11533,1.15892,0.546625,0.5357,-0.0193622,-0.797652,-0.530433
2.12055,1.14541,0.386286,0.59546,0.00673409,-0.82102,-0.574685
2.12541,1.12924,0.212667,0.646653,0.015188,-0.854348,-0.612935
2.13029,1.10568,0.039295,0.702671,0.0321619,-0.885516,-0.647734
2.13531,1.08551,-0.126537,0.762729,-0.00105123,-0.897461,-0.683629
2.14029,1.05643,-0.296809,0.824471,-0.0067106,-0.893074,-0.709766
2.14538,1.01903,-0.431057,0.897085,0.0160393,-0.876763,-0.715396
2.15038,0.9832,-0.555811,0.963293,0.0341791,-0.866427,-0.707541
2.15535,0.942366,-0.654614,1.04273,0.0674595,-0.851594,-0.677062
2.16052,0.890561,-0.751132,1.12053,0.109675,-0.839064,-0.62934
2.16552,0.831266,-0.856059,1.19149,0.130229,-0.832954,-0.561192
2.17029,0.764427,-0.959341,1.26169,0.171973,-0.829024,-0.472763
2.17531,0.710717,-1.04755,1.31844,0.232446,-0.816384,-0.386395
2.18053,0.659864,-1.12205,1.36782,0.278683,-0.793176,-0.287715
2.18558,0.599474,-1.21528,1.38645,0.282958,-0.767991,-0.188502
2.19051,0.534592,-1.29648,1.40371,0.284869,-0.730608,-0.102582
2.19536,0.475503,-1.31023,1.46078,0.302641,-0.670294,-0.0112081
2.20026,0.418797,-1.34875,1.49457,0.297746,-0.619353,0.0644799
2.20538,0.358343,-1.37087,1.51407,0.301377,-0.579873,0.149914
2.21038,0.305171,-1.39471,1.52509,0.298303,-0.553988,0.215539
2.21542,0.241358,-1.36277,1.55852,0.276993,-0.521872,0.289107
2.22035,0.17398,-1.31875,1.58956,0.265469,-0.496683,0.358396
2.22534,0.106244,-1.30914,1.59422,0.290987,-0.498872,0.448579
2.23033,0.0500146,-1.29255,1.60046,0.298133,-0.492139,0.558453
2.23529,-0.0137902,-1.23871,1.608,0.290159,-0.476937,0.67586
2.24023,-0.0717153,-1.2108,1.59326,0.290664,-0.492131,0.767478
2.24523,-0.131871,-1.17791,1.58193,0.300714,-0.520986,0.841439
2.25023,-0.205193,-1.13348,1.56249,0.290135,-0.538027,0.920236
2.25549,-0.257906,-1.11954,1.52249,0.29389,-0.565564,0.993355
2.2603,-0.307503,-1.06406,1.50133,0.292609,-0.562843,1.04689
2.26529,-0.354919,-0.966913,1.50165,0.284399,-0.550412,1.09704
2.27026,-0.391958,-0.925594,1.46187,0.298385,-0.566074,1.16511
2.27524,-0.415103,-0.815186,1.45761,0.279124,-0.577394,1.20995
2.28034,-0.435046,-0.698413,1.45349,0.270567,-0.596202,1.25586
2.2853,-0.449596,-0.600329,1.44301,0.298407,-0.628421,1.30221
2.29033,-0.452684,-0.494807,1.42694,0.295133,-0.663911,1.35176
2.29522,-0.462394,-0.38872,1.40385,0.309616,-0.708579,1.39179
2.30038,-0.478186,-0.281598,1.37428,0.340084,-0.761663,1.42345
2.30541,-0.505142,-0.202967,1.34407,0.393021,-0.824938,1.44088
2.31036,-0.521233,-0.15066,1.30095,0.422543,-0.886997,1.46667
2.31536,-0.535944,-0.125158,1.24211,0.429079,-0.949305,1.45188
2.32041,-0.54388,-0.087928,1.20523,0.465077,-0.979928,1.44103
2.32533,-0.542584,-0.0434713,1.18012,0.48695,-1.01396,1.4044
2.33019,-0.544514,-0.0311958,1.146,0.528697,-1.03917,1.3656
2.33523,-0.546545,-0.0145385,1.11858,0.537512,-1.05761,1.35219
2.34037,-0.551811,0.0224808,1.11777,0.520903,-1.0723,1.35114
2.34529,-0.550228,0.0218325,1.11087,0.477928,-1.08187,1.32199
2.35025,-0.553103,0.00367775,1.11591,0.452184,-1.08472,1.28911
2.35526,-0.565383,0.00992551,1.13986,0.413424,-1.07183,1.25752
2.36029,-0.584378,-0.0475863,1.12031,0.433429,-1.10734,1.22662
2.3655,-0.587145,-0.0293973,1.13973,0.422084,-1.10514,1.19744
2.37038,-0.593153,-0.0537981,1.14213,0.472918,-1.11298,1.12946
2.37533,-0.594224,-0.0777788,1.14706,0.52143,-1.1186,1.07325
2.38044,-0.585749,-0.0703376,1.15475,0.549625,-1.11578,1.03521
2.38526,-0.579938,-0.053456,1.16501,0.597983,-1.13067,1.00212
2.39032,-0.568847,-0.0413564,1.16941,0.627396,-1.15916,0.963493
2.39532,-0.558272,-0.0807245,1.13777,0.617192,-1.20603,0.936676
2.40071,-0.551355,-0.0543024,1.16017,0.675821,-1.22456,0.900009
2.4053,-0.539306,-0.0194893,1.18467,0.714143,-1.24392,0.829611
2.41059,-0.583978,-0.0231725,1.21928,0.657241,-1.27269,0.772024
2.41517,-0.676191,-0.0488659,1.27137,0.652763,-1.30481,0.726115
2.42042,-0.747079,-0.10959,1.29225,0.634386,-1.35022,0.695397
2.42527,-0.809854,-0.103316,1.35024,0.622408,-1.36778,0.66358
2.43025,-0.871206,-0.0976954,1.40191,0.621499,-1.38147,0.635894
2.43524,-0.919398,-0.122595,1.41822,0.629255,-1.41203,0.622718
2.44028,-0.965679,-0.141059,1.42461,0.588547,-1.42393,0.63714
2.44517,-0.996388,-0.162807,1.42526,0.58478,-1.42561,0.644418
2.45025,-1.03332,-0.250684,1.36861,0.551668,-1.45364,0.650546
2.45529,-1.03748,-0.309731,1.33046,0.459938,-1.47582,0.646464
2.46031,-1.04162,-0.351178,1.29624,0.395581,-1.49184,0.639374
2.46541,-1.04573,-0.376919,1.2657,0.355397,-1.50241,0.629761
2.47029,-1.04208,-0.380387,1.25013,0.38757,-1.50577,0.626624
2.47534,-1.03164,-0.386161,1.24028,0.41761,-1.51333,0.641668
2.48034,-1.01653,-0.427517,1.21694,0.428594,-1.50431,0.629852
2.48534,-1.00089,-0.443421,1.2066,0.454746,-1.49829,0.652123
2.49041,-0.987565,-0.451871,1.19588,0.469525,-1.49378,0.678776
2.49526,-0.987561,-0.485533,1.17983,0.490759,-1.5021,0.686565
2.50043,-0.973784,-0.465888,1.19435,0.439737,-1.48668,0.702894
2.50525,-0.962625,-0.464793,1.1942,0.409024,-1.4731,0.695567
2.51028,-0.948569,-0.417594,1.2113,0.355336,-1.44396,0.686526
2.51525,-0.943587,-0.355829,1.23077,0.321317,-1.4153,0.685982
2.52032,-0.931561,-0.325877,1.23424,0.343767,-1.38293,0.685975
2.52525,-0.937167,-0.321138,1.20476,0.326626,-1.35784,0.687885
2.53025,-0.919438,-0.261291,1.21502,0.28834,-1.30997,0.700027
2.53522,-0.904538,-0.260033,1.18891,0.291952,-1.29334,0.67169
2.54027,-0.899898,-0.245386,1.17231,0.301522,-1.28057,0.637047
2.54538,-0.902578,-0.139297,1.20916,0.336501,-1.23778,0.636749
2.55039,-0.906452,-0.0333668,1.23702,0.382982,-1.20623,0.635581
2.55523,-0.919792,0.0176299,1.22701,0.3558,-1.20575,0.628301
2.56049,-0.943224,0.0891094,1.22158,0.366815,-1.19321,0.62123
2.5653,-0.972829,0.171418,1.21898,0.385259,-1.17987,0.615371
2.57032,-0.990887,0.260954,1.22404,0.396867,-1.16361,0.603495
2.5754,-0.996465,0.322076,1.20943,0.406617,-1.15642,0.596995
2.58064,-1.00479,0.326089,1.1757,0.441094,-1.15927,0.582813
2.58557,-0.998607,0.379272,1.1706,0.431439,-1.15058,0.563443
2.59027,-0.996139,0.431881,1.16933,0.436256,-1.14617,0.548546
2.5953,-0.990918,0.461936,1.16423,0.44864,-1.15355,0.551751
2.60036,-0.99394,0.4816,1.16068,0.474457,-1.16968,0.551907
2.60541,-1.01193,0.477996,1.13932,0.468886,-1.20017,0.536876
2.61035,-1.02916,0.400805,1.10717,0.482964,-1.24851,0.524483
2.61526,-1.05018,0.317809,1.09406,0.489534,-1.29922,0.502218
2.62038,-1.06503,0.32743,1.13202,0.489786,-1.31505,0.51765
2.62529,-1.07286,0.340983,1.16617,0.477089,-1.33308,0.535121
2.63036,-1.09584,0.305042,1.15981,0.431119,-1.3848,0.504907
2.63526,-1.09808,0.261377,1.1504,0.41284,-1.42472,0.499776
2.64035,-1.09841,0.238702,1.14017,0.455598,-1.43149,0.506647
2.64524,-1.08811,0.278114,1.17673,0.481099,-1.39638,0.506685
2.65028,-1.08929,0.287491,1.17902,0.515039,-1.36638,0.509089
2.65553,-1.08793,0.31668,1.194,0.530687,-1.3259,0.522745
2.66031,-1.08668,0.313232,1.17788,0.536669,-1.32304,0.540007
2.66554,-1.09602,0.291805,1.14964,0.569741,-1.32369,0.542308
2.67067,-1.09856,0.280621,1.11843,0.577425,-1.30361,0.523951
2.67533,-1.1106,0.286039,1.09561,0.57506,-1.277,0.506708
2.68035,-1.10611,0.335074,1.10486,0.532568,-1.25158,0.50814
2.68534,-1.10765,0.386366,1.11528,0.500776,-1.24203,0.515692
2.69066,-1.12414,0.416667,1.10117,0.410294,-1.24173,0.492203
2.69536,-1.14558,0.460651,1.08828,0.334813,-1.24926,0.466692
2.70046,-1.15191,0.473442,1.06047,0.325377,-1.25952,0.453583
2.70536,-1.16521,0.487396,1.03538,0.333138,-1.27264,0.448244
2.7104,-1.18677,0.559926,1.0423,0.3522,-1.26762,0.456714
2.71533,-1.18648,0.543484,0.993355,0.431182,-1.30421,0.447666
2.72051,-1.20064,0.569169,0.991707,0.422903,-1.34368,0.454032
2.72529,-1.19433,0.589425,0.993026,0.487417,-1.38933,0.460784
2.73027,-1.19316,0.617344,1.00264,0.478638,-1.43063,0.466358
2.73552,-1.19201,0.656629,1.00753,0.531239,-1.47253,0.471641
2.74056,-1.17883,0.684876,1.00549,0.525036,-1.53094,0.466821
2.74535,-1.16922,0.717765,1.00754,0.519572,-1.59369,0.448527
2.75043,-1.17283,0.728128,0.99399,0.519402,-1.67548,0.420268
2.75533,-1.17246,0.796893,1.02336,0.483789,-1.72791,0.405387
2.76064,-1.1702,0.776208,0.989705,0.494242,-1.80833,0.367672
2.76538,-1.15712,0.791639,0.993681,0.52476,-1.85829,0.338586
2.77027,-1.15224,0.776351,0.966006,0.437108,-1.92681,0.294522
2.7753,-1.14959,0.785416,0.950221,0.430361,-1.99199,0.273432
2.78047,-1.15532,0.789487,0.939395,0.363224,-2.05996,0.273732
2.78557,-1.12767,0.779241,0.912637,0.401077,-2.13964,0.247548
2.79036,-1.11105,0.760905,0.880384,0.454919,-2.20579,0.253004
2.7953,-1.08015,0.769488,0.874997,0.470024,-2.2541,0.243807
2.80038,-1.05794,0.808735,0.887714,0.522582,-2.27195,0.25135
2.80528,-1.01979,0.814894,0.872707,0.569021,-2.29761,0.25213
2.81028,-0.998792,0.842845,0.874774,0.566226,-2.32122,0.233978
2.81532,-0.977284,0.855939,0.862154,0.633355,-2.35026,0.240287
2.82027,-0.961949,0.880807,0.855139,0.683967,-2.37661,0.241584
2.8254,-0.946567,0.880928,0.821354,0.724881,-2.42578,0.247925
2.83026,-0.925018,0.883333,0.8243,0.724505,-2.46791,0.242536
2.83525,-0.905947,0.85429,0.824886,0.726587,-2.53717,0.247262
2.84036,-0.88505,0.758315,0.809602,0.749064,-2.64172,0.265677
2.84525,-0.869314,0.665938,0.812368,0.778252,-2.73528,0.285201
2.85037,-0.838868,0.580039,0.821753,0.757623,-2.81781,0.29618
2.85532,-0.811756,0.503539,0.826622,0.805838,-2.89865,0.305513
2.86029,-0.79585,0.473816,0.836877,0.806175,-2.99153,0.327343
2.86527,-0.761226,0.480145,0.853898,0.825052,-3.06189,0.348506
2.87035,-0.737661,0.49946,0.868832,0.81363,-3.14812,0.37065
2.87532,-0.711436,0.536906,0.885171,0.793202,-3.23205,0.384325
2.88068,-0.678698,0.580398,0.884541,0.816606,-3.28546,0.410677
2.88524,-0.654391,0.644989,0.8898,0.844563,-3.29759,0.434707
2.89058,-0.631105,0.685549,0.869216,0.823335,-3.33964,0.440078
2.89527,-0.599806,0.730129,0.839355,0.891752,-3.36069,0.421109
2.90024,-0.561871,0.813649,0.840053,0.896521,-3.36455,0.415227
2.90531,-0.53577,0.87518,0.818296,0.9076,-3.37133,0.387465
2.91036,-0.509436,1.01147,0.842683,0.880562,-3.35191,0.339614
2.91531,-0.518618,1.06013,0.805932,0.798528,-3.33831,0.324788
2.92028,-0.59067,1.14127,0.790409,0.745254,-3.33827,0.330077
2.92525,-0.591941,1.21189,0.774206,0.738891,-3.29298,0.297998
2.93052,-0.58854,1.29306,0.768938,0.740435,-3.23831,0.256825
2.93525,-0.579009,1.38696,0.782497,0.747145,-3.18227,0.251343
2.94027,-0.583084,1.47796,0.788505,0.765259,-3.08602,0.230525
2.94529,-0.583121,1.55395,0.787776,0.773103,-3.00009,0.234142
2.95042,-0.582883,1.6243,0.797543,0.759195,-2.89921,0.242165
2.95533,-0.581187,1.6883,0.799878,0.773676,-2.82231,0.25452
2.9604,-0.584429,1.73112,0.776666,0.792834,-2.78212,0.263833
2.96557,-0.580824,1.7567,0.747835,0.776139,-2.77377,0.250142
2.97033,-0.562819,1.76371,0.712887,0.757124,-2.78707,0.255225
2.97525,-0.540698,1.8524,0.730852,0.781512,-2.77883,0.273265
2.98044,-0.537108,1.80315,0.667362,0.712818,-2.83595,0.281247
2.98545,-0.515092,1.81012,0.657156,0.695973,-2.88662,0.282165
2.99034,-0.488751,1.87402,0.676937,0.712645,-2.90713,0.277271
2.99534,-0.469827,1.92672,0.696172,0.72291,-2.93632,0.277127
3.0003,-0.443669,1.92948,0.678032,0.683356,-2.98189,0.276555
3.00531,-0.429077,1.96172,0.6816,0.668584,-3.01667,0.290872
3.01057,-0.433884,1.9779,0.681615,0.660809,-3.07091,0.300875
3.01546,-0.418191,1.98784,0.678039,0.642797,-3.07589,0.310269
3.02027,-0.395805,1.97576,0.677052,0.594176,-3.08196,0.303262
3.02538,-0.368206,1.94185,0.661602,0.539945,-3.07995,0.312457
3.03043,-0.356551,1.91167,0.650111,0.572759,-3.06654,0.31114
3.03539,-0.345783,1.91583,0.668586,0.556253,-3.04803,0.299439
3.04042,-0.316784,1.93158,0.686218,0.520837,-3.02222,0.329225
3.04534,-0.295988,1.91042,0.67858,0.544658,-3.00773,0.358089
3.0503,-0.266237,1.90738,0.682953,0.538055,-3.00025,0.378825
3.05542,-0.265843,1.89815,0.671136,0.545237,-3.02104,0.4225
3.06036,-0.274451,1.90253,0.65941,0.546092,-3.05811,0.457458
3.06529,-0.273993,1.93169,0.671985,0.576251,-3.0944,0.455307
3.07034,-0.272484,1.9105,0.653377,0.596923,-3.15405,0.475425
3.0753,-0.258396,1.92142,0.654584,0.580449,-3.17128,0.493713
3.08027,-0.23958,1.88457,0.629736,0.559501,-3.22153,0.493407
3.08529,-0.210781,1.90984,0.652659,0.546147,-3.22904,0.50768
3.09031,-0.190181,1.90325,0.645907,0.568989,-3.25312,0.535904
3.09544,-0.168339,1.8922,0.634629,0.562072,-3.25948,0.547738
3.10044,-0.160514,1.9178,0.634306,0.557764,-3.23831,0.565511
3.10531,-0.16397,1.89283,0.600773,0.586471,-3.23775,0.562717
3.11056,-0.146807,1.86819,0.565037,0.610184,-3.23475,0.566978
3.11528,-0.13829,1.87372,0.554404,0.633467,-3.22216,0.5922
3.12027,-0.122682,1.85505,0.525799,0.650646,-3.24143,0.587411
3.12523,-0.122027,1.81191,0.482249,0.60309,-3.2743,0.580061
3.13035,-0.0983653,1.82291,0.473737,0.588276,-3.28957,0.578392
3.13547,-0.0626425,1.79785,0.444215,0.614814,-3.32341,0.574064
3.1403,-0.0424025,1.77287,0.418967,0.64763,-3.37281,0.561201
3.14551,-0.00470438,1.7819,0.417008,0.613468,-3.39038,0.556322
3.15043,0.0249101,1.78126,0.405643,0.63125,-3.39717,0.546616
3.15532,0.0476675,1.76436,0.378919,0.566123,-3.40508,0.543767
3.16031,0.07437,1.75275,0.358091,0.561121,-3.40651,0.519336
3.1652,0.115696,1.78579,0.365548,0.557198,-3.40236,0.509257
3.17019,0.137203,1.79079,0.350349,0.501313,-3.40265,0.532097
3.17531,0.176393,1.85245,0.379866,0.521615,-3.38437,0.50519
3.18034,0.191335,1.84173,0.362193,0.506836,-3.39818,0.502068
3.18546,0.209181,1.82572,0.342037,0.473812,-3.43073,0.476333
3.19039,0.23086,1.8305,0.343453,0.454426,-3.46087,0.440066
3.19534,0.268471,1.85592,0.357955,0.452571,-3.44044,0.431748
3.20026,0.300312,1.87741,0.371946,0.449922,-3.42385,0.439481
3.20542,0.334326,1.82927,0.350252,0.428392,-3.4226,0.45982
3.21035,0.352493,1.79278,0.332406,0.411168,-3.41575,0.48111
3.21532,0.362726,1.82581,0.36149,0.451253,-3.40145,0.49635
3.22027,0.371822,1.77274,0.340615,0.467233,-3.41281,0.521604
3.22549,0.391252,1.76673,0.357062,0.476918,-3.39993,0.530666
3.23031,0.406331,1.75375,0.366052,0.49687,-3.40193,0.548617
3.23522,0.435134,1.74225,0.365822,0.549583,-3.4267,0.545612
3.24045,0.438351,1.70045,0.347914,0.528859,-3.47326,0.555813
3.24529,0.45631,1.66257,0.33016,0.511054,-3.50845,0.558692
3.25042,0.467899,1.65021,0.329594,0.517826,-3.52592,0.567266
3.2553,0.452547,1.63499,0.318755,0.51444,-3.55283,0.564669
3.2603,0.482452,1.65993,0.342499,0.507831,-3.56089,0.571371
3.26525,0.512847,1.66298,0.348387,0.449459,-3.5666,0.588999
3.27028,0.538483,1.68338,0.356866,0.451074,-3.54792,0.57744
3.27529,0.555312,1.67466,0.355454,0.472315,-3.54481,0.57948
3.28032,0.580612,1.62658,0.328747,0.44065,-3.53803,0.553805
3.28534,0.596187,1.58949,0.307618,0.436163,-3.54686,0.5383
3.29032,0.624354,1.54863,0.291137,0.429578,-3.57528,0.533522
3.29573,0.651211,1.54625,0.299917,0.452183,-3.58704,0.527655
3.30057,0.668355,1.46404,0.258728,0.447985,-3.60715,0.508429
3.30556,0.672518,1.38148,0.224155,0.47549,-3.60427,0.486765
3.31034,0.676643,1.36015,0.219827,0.475629,-3.59549,0.494498
3.31541,0.701857,1.33512,0.222623,0.460582,-3.57415,0.459492
3.32055,0.719369,1.32567,0.240359,0.480498,-3.53807,0.448495
3.32542,0.726062,1.31413,0.257372,0.479629,-3.50527,0.434467
3.33038,0.721278,1.27447,0.241089,0.455997,-3.49976,0.406259
3.33545,0.734843,1.22949,0.22344,0.418623,-3.51343,0.3921
3.3403,0.714846,1.1877,0.195101,0.413467,-3.57691,0.390777
3.34537,0.710948,1.22546,0.210533,0.432846,-3.59119,0.376298
3.35053,0.697098,1.25387,0.224325,0.425402,-3.62689,0.358574
3.35532,0.681959,1.25684,0.217722,0.457576,-3.65455,0.365808
3.36041,0.687415,1.25949,0.20991,0.462052,-3.66796,0.350116
3.36544,0.682902,1.28713,0.20824,0.490078,-3.67236,0.363728
3.37041,0.689163,1.32729,0.219194,0.494844,-3.66309,0.380095
3.37551,0.671195,1.31278,0.19577,0.501559,-3.67674,0.361695
3.38034,0.655607,1.29378,0.17309,0.510475,-3.68894,0.381094
3.38529,0.662491,1.2801,0.162866,0.508819,-3.68744,0.382593
3.39028,0.632815,1.22206,0.13521,0.4921,-3.71328,0.39405
3.39528,0.613616,1.24739,0.169458,0.461607,-3.67995,0.381412
3.40046,0.583818,1.23055,0.187573,0.421568,-3.66613,0.37262
3.40528,0.536835,1.21446,0.207392,0.389823,-3.66363,0.364039
3.4106,0.525042,1.22421,0.240524,0.353015,-3.64588,0.369169
3.41544,0.494565,1.15214,0.193189,0.323983,-3.63696,0.357733
3.42049,0.51274,1.08614,0.135603,0.292516,-3.6057,0.333459
3.42531,0.500299,1.03233,0.0804281,0.255535,-3.61368,0.334916
3.4303,0.513989,0.969047,0.0234819,0.254517,-3.62214,0.346624
3.43527,0.52785,0.900306,-0.0371411,0.214585,-3.63002,0.345482
3.44031,0.534207,0.876214,-0.0696656,0.223939,-3.66548,0.341649
3.44528,0.532494,0.859728,-0.0976971,0.212175,-3.71423,0.336285
3.45028,0.541815,0.822814,-0.120055,0.179483,-3.7206,0.336788
3.45531,0.539727,0.785596,-0.135942,0.131894,-3.71546,0.334754
3.46032,0.543602,0.783519,-0.126136,0.129514,-3.69874,0.336976
3.4653,0.525441,0.769367,-0.120315,0.137131,-3.6626,0.319789
3.4703,0.514349,0.745922,-0.109543,0.115384,-3.63588,0.280387
3.4753,0.495766,0.655873,-0.13213,0.0627955,-3.62656,0.253324
3.48031,0.473965,0.633756,-0.11689,0.0553103,-3.63432,0.253264
3.4853,0.442291,0.541934,-0.146095,0.0427758,-3.65202,0.238372
3.49041,0.419528,0.519767,-0.137079,0.0309321,-3.65164,0.215872
3.49528,0.409261,0.514164,-0.123917,0.0261908,-3.6468,0.215268
3.50034,0.393715,0.500276,-0.121744,0.0167646,-3.6415,0.204147
3.50531,0.377327,0.464163,-0.138617,0.0159858,-3.63138,0.208125
3.51033,0.331394,0.45176,-0.147543,0.0293516,-3.65558,0.230332
3.51546,0.279659,0.421243,-0.165112,0.055712,-3.6736,0.235903
3.52042,0.270855,0.410992,-0.161215,0.0863046,-3.68028,0.254129
3.52523,0.223673,0.415021,-0.142394,0.126599,-3.70663,0.274875
3.53041,0.188946,0.32515,-0.155077,0.152811,-3.72622,0.257017
3.53538,0.145925,0.252205,-0.149734,0.176875,-3.72278,0.284507
3.54029,0.126756,0.218897,-0.106751,0.190242,-3.70305,0.310216
3.54533,0.10706,0.186359,-0.0469096,0.202212,-3.65828,0.316727
3.55036,0.108174,0.155248,0.0155283,0.209353,-3.61451,0.33007
3.55544,0.106564,0.157191,0.102778,0.216815,-3.56721,0.364578
3.56029,0.093254,0.155767,0.186739,0.237612,-3.5436,0.360497
3.56524,0.0785246,0.160116,0.263889,0.250505,-3.5062,0.343303
3.57026,0.0726978,0.178327,0.345059,0.288432,-3.48692,0.349298
3.57524,0.0634488,0.201689,0.421381,0.328733,-3.4824,0.365739
3.58024,0.0353283,0.186958,0.472323,0.372317,-3.47613,0.34866
3.58522,0.0195531,0.192761,0.533657,0.435364,-3.43945,0.339867
3.59028,-0.00390751,0.176542,0.586579,0.503729,-3.41806,0.319382
3.59526,-0.0618838,0.121132,0.612,0.576648,-3.4388,0.295918
3.60045,-0.0890892,0.0414012,0.619444,0.644752,-3.45945,0.28567
3.60529,-0.105676,0.00679547,0.644929,0.718988,-3.46642,0.281471
3.6103,-0.102247,-0.0172918,0.668088,0.783558,-3.47026,0.27176
3.61527,-0.127503,-0.00575202,0.710205,0.865545,-3.4852,0.256164
3.6204,-0.1519,0.00852034,0.741902,0.930379,-3.48092,0.246102
3.62537,-0.155739,0.00209613,0.742686,0.970474,-3.47686,0.241457
3.63024,-0.159629,0.00631451,0.750385,1.02275,-3.47158,0.212265
3.63523,-0.151002,0.0195762,0.757263,1.05879,-3.46208,0.228808
3.64034,-0.170591,-0.015336,0.745807,1.0826,-3.47625,0.211616
3.64523,-0.216762,-0.0850964,0.72021,1.10358,-3.519,0.20777
3.65029,-0.236613,-0.0885649,0.736163,1.10935,-3.49025,0.208907
3.65524,-0.280029,-0.144399,0.7306,1.15075,-3.48556,0.207889
3.6602,-0.321021,-0.174783,0.74241,1.15535,-3.48562,0.220283
3.66522,-0.344693,-0.207851,0.760897,1.13953,-3.4472,0.244727
3.67026,-0.371705,-0.216938,0.79425,1.12501,-3.38575,0.242655
3.6753,-0.409408,-0.232305,0.813988,1.12917,-3.34953,0.250928
3.68034,-0.432757,-0.233647,0.833421,1.12309,-3.31602,0.264248
3.68527,-0.459035,-0.229023,0.844213,1.11773,-3.30895,0.273683
3.69029,-0.495648,-0.241043,0.849397,1.17032,-3.30872,0.269022
3.69559,-0.519172,-0.247763,0.857,1.15332,-3.28765,0.283082
3.70031,-0.558558,-0.234533,0.881359,1.15984,-3.24267,0.297772
3.7054,-0.571373,-0.271414,0.87668,1.16112,-3.22,0.304265
3.71034,-0.622517,-0.340063,0.862005,1.16793,-3.20399,0.322787
3.71535,-0.670912,-0.418684,0.84116,1.17575,-3.18792,0.330005
3.72038,-0.723242,-0.464909,0.847804,1.24582,-3.16689,0.299188
3.72537,-0.764858,-0.517992,0.852767,1.27959,-3.13552,0.258403
3.73041,-0.797673,-0.608516,0.823663,1.2378,-3.11198,0.232728
3.73537,-0.799145,-0.609031,0.837035,1.21169,-3.03807,0.209941
3.74023,-0.844008,-0.667315,0.806857,1.16199,-3.03496,0.159212
3.74524,-0.87781,-0.678354,0.788472,1.10209,-2.98898,0.140106
3.7502,-0.884709,-0.690117,0.77669,1.03396,-2.9181,0.129333
3.75519,-0.900563,-0.727356,0.753771,1.00222,-2.85687,0.116873
3.76018,-0.898123,-0.735273,0.755651,0.987632,-2.78437,0.114742
3.76526,-0.937878,-0.783236,0.735964,0.933864,-2.73644,0.106694
3.77017,-0.967526,-0.776295,0.751003,0.910308,-2.68213,0.094074
3.77519,-0.966419,-0.8265,0.735089,0.856008,-2.63808,0.0926959
3.78045,-0.986383,-0.83022,0.739353,0.820623,-2.59143,0.0880804
3.78521,-0.985238,-0.841512,0.741274,0.764148,-2.53886,0.0930469
3.79028,-1.03949,-0.860624,0.732524,0.720061,-2.48932,0.0906001
3.7952,-1.05851,-0.832588,0.7476,0.681163,-2.44219,0.112754
3.80026,-1.09991,-0.847471,0.745152,0.656692,-2.42095,0.105267
3.8052,-1.17996,-0.855325,0.736403,0.596387,-2.40985,0.118673
3.81029,-1.22326,-0.832759,0.753311,0.592327,-2.38828,0.128697
3.81524,-1.25372,-0.870475,0.740324,0.582889,-2.37109,0.152558
3.82047,-1.28954,-0.928511,0.720548,0.570884,-2.3693,0.153201
3.82524,-1.34149,-0.971132,0.707999,0.568108,-2.34571,0.190446
3.83024,-1.37713,-0.97977,0.712523,0.590727,-2.32268,0.204279
3.83524,-1.38601,-0.993032,0.712309,0.579787,-2.30174,0.21988
3.84026,-1.40726,-0.97574,0.73155,0.592167,-2.26103,0.239592
3.84527,-1.42551,-0.976302,0.729532,0.583737,-2.22034,0.267595
3.85036,-1.4476,-1.00075,0.714212,0.569473,-2.19261,0.26975
3.85519,-1.48092,-1.02858,0.692054,0.560518,-2.19805,0.29583
3.86019,-1.505,-1.03792,0.6802,0.559969,-2.1791,0.3086
3.86526,-1.51388,-1.03867,0.667957,0.542473,-2.14789,0.322931
3.8702,-1.5526,-1.0913,0.625767,0.48855,-2.13159,0.360555
3.87523,-1.56786,-1.15119,0.586784,0.461564,-2.10648,0.384256
3.88049,-1.57746,-1.15041,0.590971,0.444046,-2.07569,0.359922
3.88525,-1.57785,-1.18972,0.585136,0.445976,-2.05783,0.347958
3.89026,-1.58162,-1.17038,0.614715,0.459479,-1.99911,0.343524
3.89517,-1.56877,-1.16898,0.622918,0.451503,-1.97017,0.323468
3.90026,-1.55876,-1.16804,0.621162,0.447903,-1.91696,0.289344
3.90525,-1.58973,-1.07854,0.668379,0.443281,-1.86201,0.26887
3.9102,-1.64436,-1.03148,0.67808,0.431416,-1.84857,0.243581
3.91535,-1.67085,-0.981831,0.674701,0.445654,-1.83482,0.187713
3.92024,-1.73392,-1.01847,0.608319,0.470229,-1.86869,0.137719
3.92535,-1.77715,-1.06059,0.554052,0.487453,-1.90264,0.101602
3.93035,-1.77704,-1.1095,0.511924,0.479642,-1.88946,0.0457586
3.93519,-1.82384,-1.1147,0.495701,0.505203,-1.8957,0.0292762
3.94021,-1.84364,-1.16727,0.469036,0.449978,-1.86759,0.00728648
3.94525,-1.84741,-1.18638,0.467348,0.409951,-1.86059,0.00113664
3.95015,-1.83681,-1.20398,0.461346,0.359661,-1.81606,-0.0103362
3.95522,-1.8507,-1.22636,0.450433,0.334221,-1.77545,0.0143615
3.96027,-1.8699,-1.20553,0.467694,0.375476,-1.75127,0.0151488
3.96541,-1.85199,-1.15812,0.492557,0.361063,-1.69789,0.00208206
3.97019,-1.87808,-1.17822,0.476845,0.371969,-1.70571,0.0327239
3.97519,-1.90257,-1.17227,0.476022,0.4152,-1.6838,0.0347961
3.98025,-1.90886,-1.14121,0.491992,0.468216,-1.66782,0.0402134
3.98528,-1.95811,-1.17209,0.48048,0.508696,-1.70197,0.0545678
3.99043,-1.9661,-1.1255,0.521774,0.558578,-1.69356,0.0633128
3.99534,-1.97053,-1.16378,0.512003,0.533325,-1.7167,0.0795774
4.00038,-1.95602,-1.16762,0.523416,0.569621,-1.72218,0.109058
4.00522,-1.92434,-1.18057,0.524465,0.599504,-1.7152,0.142936
4.01041,-1.89679,-1.19792,0.521533,0.582843,-1.6962,0.181722
4.01546,-1.8494,-1.21837,0.523236,0.560793,-1.65965,0.228459
4.02046,-1.85629,-1.16993,0.555988,0.581888,-1.64552,0.263981
4.02533,-1.87897,-1.1866,0.553002,0.618322,-1.64166,0.285232
4.03027,-1.88072,-1.19893,0.555472,0.628258,-1.62744,0.304229
4.03534,-1.88974,-1.23262,0.534802,0.6017,-1.62177,0.341727
4.0403,-1.90939,-1.22035,0.545866,0.620116,-1.59717,0.362795
4.04529,-1.91959,-1.27287,0.521239,0.547823,-1.58047,0.386034
4.05055,-1.90042,-1.33345,0.499881,0.473881,-1.53523,0.414378
4.05557,-1.90968,-1.39319,0.477053,0.439781,-1.50866,0.432775
4.06029,-1.92454,-1.42645,0.476103,0.422034,-1.47541,0.431653
4.06558,-1.93907,-1.41489,0.498536,0.383325,-1.41376,0.432726
4.07028,-1.95954,-1.42612,0.503533,0.363389,-1.3655,0.429983
4.07531,-1.9714,-1.44897,0.502541,0.353676,-1.3172,0.419121
4.08027,-1.99073,-1.43296,0.51275,0.374286,-1.28609,0.37895
4.08524,-1.96954,-1.44201,0.500997,0.329838,-1.24373,0.369289
4.09037,-1.96752,-1.44277,0.483172,0.31841,-1.21874,0.37918
4.09547,-1.95044,-1.45459,0.463967,0.307416,-1.18867,0.365158
4.10029,-1.96186,-1.42245,0.48451,0.381782,-1.16224,0.375534
4.10527,-1.96072,-1.4694,0.456796,0.390989,-1.14512,0.36668
4.11044,-1.95327,-1.51516,0.438213,0.405298,-1.13168,0.36545
4.11534,-1.94319,-1.56433,0.409604,0.395756,-1.103,0.405273
4.12059,-1.91635,-1.61935,0.387614,0.333957,-1.09024,0.42785
4.12555,-1.8878,-1.65187,0.365182,0.297601,-1.07227,0.437249
4.13027,-1.86965,-1.69189,0.336928,0.293771,-1.05685,0.468585
4.13528,-1.85883,-1.73845,0.308709,0.255746,-1.05658,0.478581
4.14023,-1.86497,-1.70086,0.327735,0.268962,-1.04441,0.482721
4.14531,-1.86768,-1.69241,0.324867,0.254128,-1.02414,0.464059
4.15042,-1.86676,-1.67876,0.333289,0.223991,-1.01179,0.476131
4.15523,-1.84857,-1.67236,0.348646,0.182683,-0.9899,0.466665
4.16045,-1.81844,-1.61108,0.391417,0.19582,-0.939518,0.437151
4.16554,-1.80822,-1.57844,0.417838,0.174643,-0.938047,0.390704
4.17061,-1.75405,-1.55346,0.445078,0.144168,-0.929852,0.349778
4.17546,-1.6863,-1.52069,0.475025,0.10306,-0.911234,0.340573
4.18033,-1.61061,-1.50988,0.490369,0.085675,-0.890359,0.341899
4.1853,-1.51153,-1.52679,0.4969,0.0646257,-0.860618,0.357961
4.19031,-1.43035,-1.52746,0.511292,0.087816,-0.854086,0.343107
4.19522,-1.32004,-1.57009,0.501998,0.0692534,-0.849061,0.333427
4.20031,-1.21207,-1.55906,0.524843,0.109381,-0.817761,0.335683
4.20539,-1.09671,-1.61174,0.50766,0.068192,-0.817986,0.332367
4.21044,-0.994809,-1.57681,0.531364,0.0832742,-0.805652,0.327665
4.2153,-0.896464,-1.55662,0.535023,0.10733,-0.788589,0.326147
4.22023,-0.74758,-1.53494,0.544316,0.070215,-0.766125,0.325267
4.22527,-0.634215,-1.50442,0.5489,0.112284,-0.745889,0.349054
4.23028,-0.52846,-1.53607,0.539326,0.133485,-0.743466,0.31598
4.23522,-0.399276,-1.53295,0.549644,0.123109,-0.716968,0.288537
4.24024,-0.309386,-1.54363,0.554226,0.190239,-0.696285,0.282731
4.24522,-0.207626,-1.58192,0.543461,0.172281,-0.655901,0.303169
4.25033,-0.0718204,-1.60415,0.541661,0.197375,-0.596478,0.301401
4.25532,0.0304507,-1.57797,0.567898,0.224688,-0.531706,0.3103
4.26024,0.127729,-1.59045,0.570965,0.223649,-0.483441,0.318056
4.26517,0.209922,-1.5992,0.578319,0.210197,-0.423271,0.313914
4.27026,0.306577,-1.58488,0.594816,0.251207,-0.342858,0.332439
4.27524,0.410896,-1.57408,0.605344,0.272433,-0.248861,0.352088
4.28048,0.475055,-1.51778,0.629329,0.276053,-0.180814,0.367018
4.2853,0.561904,-1.47258,0.644952,0.27161,-0.121786,0.391868
4.29028,0.642331,-1.48226,0.626059,0.215525,-0.119299,0.385979
4.29524,0.742821,-1.49174,0.608912,0.146834,-0.140488,0.376704
4.30046,0.805507,-1.47831,0.60551,0.179203,-0.190305,0.3824
4.30553,0.868039,-1.45367,0.608939,0.182615,-0.252592,0.400157
4.31031,0.916289,-1.4312,0.613527,0.169916,-0.319774,0.442968
4.31533,0.958089,-1.43605,0.603989,0.110649,-0.398104,0.449984
4.3203,0.99131,-1.46234,0.584543,0.0600041,-0.476968,0.459054
4.32538,1.01344,-1.46576,0.587605,0.131518,-0.554425,0.471878
4.3304,1.03063,-1.4137,0.625151,0.205751,-0.621144,0.476024
4.33543,1.07414,-1.46477,0.606154,0.18664,-0.69258,0.452161
4.34034,1.12922,-1.50765,0.595133,0.164284,-0.756515,0.445492
4.34525,1.16247,-1.55948,0.579387,0.167052,-0.804077,0.469434
4.35047,1.22133,-1.57113,0.588595,0.173297,-0.833023,0.452161
4.35542,1.25563,-1.56083,0.608697,0.223731,-0.831022,0.412451
4.36026,1.29691,-1.57788,0.61111,0.244366,-0.837655,0.376383
4.36538,1.33715,-1.58557,0.613248,0.275372,-0.833361,0.373735
4.37029,1.42955,-1.62433,0.59944,0.244956,-0.810905,0.322978
4.37535,1.55348,-1.59146,0.621098,0.189815,-0.739095,0.314216
4.38029,1.66273,-1.53646,0.647878,0.173671,-0.657867,0.290061
4.38546,1.80989,-1.54824,0.634004,0.085149,-0.612069,0.282084
4.39045,1.9455,-1.52643,0.639862,-0.000618925,-0.555197,0.279664
4.39533,2.04296,-1.47137,0.662381,-0.0203831,-0.502589,0.290523
4.40028,2.15999,-1.47552,0.650794,-0.0828069,-0.469912,0.286781
4.40528,2.29485,-1.46299,0.661013,-0.172875,-0.430592,0.287744
4.41031,2.33701,-1.43655,0.677455,-0.191174,-0.394257,0.28898
4.41533,2.24358,-1.44446,0.658656,-0.105042,-0.408771,0.25733
4.42027,2.14229,-1.45763,0.635179,-0.0345117,-0.416148,0.234941
4.42539,2.06041,-1.46385,0.60481,0.0411026,-0.419233,0.220108
4.43033,2.05268,-1.51145,0.546828,0.0589576,-0.417851,0.221082
4.43521,2.02155,-1.47591,0.517469,0.0618804,-0.352827,0.216033
4.44041,1.99201,-1.47573,0.456188,0.095394,-0.313475,0.195822
4.44531,1.98726,-1.4649,0.397612,0.0839896,-0.259667,0.187317
4.4504,2.0045,-1.47235,0.323246,0.0724069,-0.226056,0.16857
4.45532,2.0145,-1.46141,0.250271,0.0581968,-0.173775,0.178377
4.46033,2.03478,-1.48438,0.154134,0.00148917,-0.143907,0.15877
4.46534,2.07138,-1.47094,0.0775316,-0.0249887,-0.0821506,0.154706
4.47031,2.05014,-1.46456,-0.0062827,-0.0194245,-0.0655678,0.144071
4.47533,2.08681,-1.47028,-0.096027,-0.0413423,-0.0448689,0.181473
4.48042,2.06939,-1.45205,-0.174756,-0.0239018,-0.0306876,0.166562
4.48533,2.01695,-1.42078,-0.248402,0.00485467,0.00117723,0.204899
4.49038,1.98645,-1.39202,-0.319536,0.0279318,0.0354404,0.255161
4.49526,1.98073,-1.38201,-0.398404,0.0107269,0.0361327,0.272424
4.50042,2.01184,-1.3207,-0.441059,2.86046e-05,0.0307699,0.282025
4.50532,2.05235,-1.27421,-0.483764,-0.0207611,0.0169232,0.274775
4.51036,2.09351,-1.24755,-0.544701,-0.0719139,0.0186875,0.250437
4.51518,2.13596,-1.22583,-0.610012,-0.124205,0.00139101,0.265817
4.52043,2.20752,-1.20179,-0.669462,-0.154309,-0.0189443,0.283311
4.52528,2.23111,-1.16108,-0.715373,-0.12557,-0.0529714,0.272195
4.53058,2.30849,-1.12295,-0.743315,-0.121969,-0.0512249,0.270539
4.53522,2.31889,-1.06652,-0.750506,-0.049897,-0.0617285,0.240698
4.5402,2.36347,-1.01589,-0.742957,-0.0245659,-0.0508258,0.226459
4.54533,2.43262,-0.996787,-0.740529,-0.00470978,-0.0465397,0.260909
4.55043,2.42693,-0.981198,-0.738522,0.0586823,-0.0643666,0.254257
4.55529,2.41982,-0.961882,-0.737665,0.0571138,-0.0585294,0.212414
4.5606,2.43337,-0.94972,-0.734766,0.0655722,-0.0288732,0.175181
4.56532,2.46213,-0.943521,-0.730424,0.0811802,0.017328,0.143121
4.57033,2.42678,-0.900623,-0.707241,0.159542,0.0649327,0.156697
4.57531,2.4115,-0.875278,-0.688367,0.228974,0.10938,0.171733
4.58055,2.42549,-0.90107,-0.694558,0.219414,0.13822,0.23373
4.58553,2.45173,-0.94096,-0.701758,0.224726,0.156266,0.306116
4.59052,2.46734,-0.935504,-0.663258,0.250069,0.186436,0.324185
4.59534,2.43256,-0.934768,-0.633566,0.33465,0.21881,0.33484
4.60028,2.41856,-0.943448,-0.604262,0.405648,0.25836,0.346945
4.6055,2.44132,-0.994509,-0.600233,0.367506,0.280891,0.380637
4.61052,2.48482,-1.06491,-0.600481,0.3415,0.308786,0.39739
4.61529,2.50368,-1.10718,-0.581194,0.351366,0.341392,0.369573
4.6203,2.50211,-1.16243,-0.570145,0.364831,0.385651,0.321968
4.62542,2.45839,-1.24881,-0.576159,0.373413,0.395135,0.306286
4.63028,2.45228,-1.26525,-0.530922,0.396491,0.461596,0.297515
4.6352,2.49695,-1.33413,-0.511281,0.363786,0.488025,0.30543
4.64031,2.47278,-1.36848,-0.473628,0.305391,0.526935,0.289627
4.64519,2.48747,-1.4187,-0.449033,0.286738,0.54607,0.285307
4.65035,2.51258,-1.46393,-0.417921,0.274115,0.558444,0.296764
4.65529,2.53528,-1.49002,-0.377813,0.258574,0.553277,0.306916
4.66036,2.58116,-1.52936,-0.354896,0.224506,0.534195,0.267833
4.66564,2.56654,-1.49034,-0.320567,0.253276,0.517932,0.272409
4.67028,2.59949,-1.4725,-0.325665,0.248735,0.453075,0.269524
4.67527,2.56375,-1.41464,-0.326653,0.254761,0.421826,0.271216
4.6804,2.60259,-1.34335,-0.309876,0.1795,0.415685,0.274689
4.68522,2.58194,-1.2602,-0.314466,0.172756,0.381062,0.307387
4.69038,2.62249,-1.12463,-0.30571,0.147668,0.362138,0.330119
4.6954,2.66603,-0.969742,-0.300272,0.141028,0.347135,0.34006
4.70042,2.64179,-0.709492,-0.23905,0.13068,0.369775,0.321483
4.70528,2.59775,-0.460034,-0.200298,0.161324,0.373768,0.314976
4.71024,2.56673,-0.217005,-0.172342,0.195038,0.365481,0.316853
4.71529,2.56388,0.0190741,-0.150813,0.227315,0.355607,0.323131
4.72049,2.56239,0.249992,-0.12589,0.230412,0.355994,0.347395
4.72527,2.56814,0.492039,-0.0909169,0.206081,0.379985,0.363949
4.7303,2.55336,0.707539,-0.0735272,0.213781,0.383043,0.355524
4.73531,2.557,0.899043,-0.0658343,0.227137,0.36949,0.3491
4.74036,2.55988,1.08558,-0.0566412,0.23106,0.342875,0.359807
4.74542,2.61948,1.29706,-0.0228896,0.228929,0.33478,0.371598
4.75049,2.627,1.45101,-0.025465,0.276978,0.287781,0.362724
4.75533,2.58485,1.58458,-0.0261684,0.295899,0.261605,0.373769
4.76047,2.555,1.68194,-0.0289196,0.319424,0.234991,0.358413
4.76537,2.5565,1.79884,-0.00345306,0.326318,0.235087,0.313382
4.77033,2.52694,1.84415,-0.017768,0.358169,0.210136,0.295969
4.77533,2.54909,1.88892,-0.0162502,0.339346,0.20674,0.273462
4.78047,2.55197,1.96821,0.00905784,0.346391,0.221288,0.286212
4.78566,2.56198,2.02978,0.0169899,0.301665,0.204927,0.329362
4.79035,2.58662,2.07174,0.0157463,0.274227,0.194677,0.370994
4.79531,2.56996,2.07757,0.000802802,0.264482,0.179025,0.363736
4.80044,2.56477,2.05787,-0.0185513,0.255387,0.154849,0.3647
4.80529,2.50672,2.10882,0.00805677,0.241259,0.203438,0.368093
4.81018,2.50838,2.06221,-0.00573536,0.23355,0.230226,0.386577
4.81536,2.5186,1.99555,-0.0155448,0.236901,0.261885,0.405928
4.8204,2.53603,1.95808,-0.00599237,0.226752,0.275573,0.406499
4.82528,2.57083,1.93002,0.0106087,0.197571,0.296394,0.422654
4.83025,2.60939,1.88144,0.0202774,0.174372,0.294059,0.43243
4.83525,2.57799,1.80736,0.00609896,0.168093,0.256736,0.420062
4.84052,2.56406,1.7285,-0.010001,0.185496,0.209059,0.416086
4.84533,2.56002,1.72584,0.0227338,0.199585,0.194591,0.41558
4.85025,2.52859,1.68019,0.0251708,0.212545,0.187568,0.391635
4.85519,2.51169,1.68004,0.0624964,0.200513,0.214109,0.400349
4.86026,2.46946,1.64279,0.0818826,0.193907,0.213836,0.407488
4.86523,2.41461,1.6437,0.119126,0.206118,0.228073,0.438177
4.87023,2.39925,1.69752,0.169554,0.229127,0.234479,0.447992
4.87531,2.37859,1.74227,0.200658,0.274132,0.208634,0.47664
4.88035,2.39572,1.74835,0.212524,0.271896,0.190256,0.525043
4.88535,2.41496,1.75922,0.225992,0.309098,0.211024,0.565065
4.89054,2.48883,1.77971,0.23961,0.348793,0.246624,0.613767
4.89523,2.5368,1.76879,0.222026,0.376576,0.241398,0.628588
4.90032,2.59808,1.73983,0.202811,0.383377,0.200427,0.622538
4.90519,2.64869,1.7721,0.209731,0.387155,0.185827,0.6156
4.91041,2.76529,1.74313,0.18021,0.407201,0.141093,0.581257
4.9153,2.84746,1.75979,0.165172,0.423285,0.0974104,0.565077
4.92025,2.97577,1.81714,0.178646,0.416307,0.0829554,0.523959
4.92535,2.9795,1.8618,0.219095,0.467336,0.0933531,0.524512
4.93037,2.78816,1.9517,0.289158,0.563765,0.122276,0.473631
4.93529,2.63511,1.93847,0.280024,0.662516,0.116226,0.411721
4.94051,2.51647,2.03192,0.34024,0.703611,0.140266,0.389865
4.94552,2.44829,2.06485,0.365895,0.704669,0.142819,0.339842
4.95041,2.40568,2.09889,0.379936,0.680895,0.13167,0.289559
4.9553,2.3756,2.10207,0.377245,0.698408,0.1327,0.246972
4.9605,2.35421,2.05992,0.356349,0.722073,0.143665,0.235137
4.96529,2.31859,2.07123,0.373246,0.730844,0.192569,0.231486
4.97026,2.29959,2.02944,0.361952,0.725093,0.219796,0.216685
4.97539,2.28909,2.00349,0.383586,0.722879,0.248423,0.220185
4.98048,2.31484,1.93678,0.394035,0.698012,0.269505,0.196878
4.98546,2.34677,1.84362,0.409687,0.68591,0.283109,0.185627
4.9906,2.39915,1.78513,0.44327,0.664924,0.305004,0.231242
4.99534,2.39124,1.70266,0.443621,0.650101,0.296602,0.216339
5.00025,2.32454,1.56495,0.409579,0.655034,0.257094,0.212597
5.00538,2.27896,1.4555,0.385937,0.657059,0.240693,0.205821
5.01032,2.2314,1.37496,0.373661,0.68284,0.22755,0.224534
5.01528,2.24544,1.30026,0.370442,0.701741,0.207618,0.252549
5.02031,2.2785,1.22667,0.365754,0.72451,0.180389,0.261136
5.02545,2.25221,1.17478,0.356616,0.772723,0.135424,0.268463
5.03029,2.27186,1.18127,0.380616,0.802746,0.132942,0.312154
5.03544,2.30148,1.15018,0.378538,0.844173,0.107188,0.34244
5.04061,2.3336,1.11656,0.358836,0.871422,0.0678942,0.359801
5.04538,2.28717,1.1307,0.357604,0.896674,0.0651807,0.361653
5.05037,2.28874,1.17749,0.390209,0.879465,0.069874,0.400931
5.05538,2.31547,1.27672,0.448281,0.843994,0.110113,0.415832
5.06043,2.31606,1.31366,0.472706,0.782123,0.0835387,0.452527
5.06528,2.34459,1.39622,0.524173,0.68483,0.0844485,0.495986
5.07054,2.39485,1.54258,0.62206,0.572812,0.139994,0.504914
5.07534,2.45317,1.58526,0.665459,0.461962,0.161568,0.526697
5.08048,2.53294,1.67273,0.741118,0.356413,0.203892,0.514777
5.08535,2.61573,1.75539,0.803833,0.247823,0.257311,0.553058
5.09035,2.6729,1.871,0.893441,0.161078,0.331152,0.569454
5.09537,2.76862,2.0069,0.98789,0.087306,0.407398,0.609704
5.1004,2.88118,2.11385,1.06585,0.045142,0.477865,0.6075
5.10532,2.95573,2.24117,1.13976,0.0222688,0.544991,0.621982
5.11031,3.0685,2.40662,1.24327,0.00356771,0.624581,0.63724
5.11535,3.17097,2.46158,1.27016,0.00427623,0.68227,0.672531
5.1203,3.28248,2.5009,1.29199,0.0325736,0.758496,0.729469
5.12541,3.22577,2.67588,1.38928,0.0604613,0.826241,0.793243
5.13038,3.19742,2.83452,1.48132,0.100454,0.880608,0.849856
5.1353,3.22321,2.97563,1.56,0.124646,0.920118,0.891972
5.14037,3.28332,3.08147,1.6158,0.117954,0.94596,0.933955
5.14529,3.33175,3.18822,1.66644,0.120662,0.985419,0.948824
5.15037,3.45332,3.29124,1.71998,0.14973,1.00575,0.977879
5.15525,3.56796,3.36886,1.76232,0.199538,1.02518,0.972652
5.16038,3.67557,3.45015,1.81915,0.227131,1.05879,0.98581
5.1654,3.82537,3.53252,1.88528,0.225345,1.11583,1.03362
5.17026,4.01724,3.61082,1.95356,0.235839,1.1594,1.08569
5.17529,4.16345,3.73613,2.04339,0.221873,1.21848,1.14678
5.18031,4.28954,3.85532,2.1258,0.214467,1.27953,1.18279
5.18522,4.43098,3.92585,2.16122,0.208892,1.29495,1.25591
5.19054,4.58572,4.04608,2.23121,0.230206,1.32785,1.27307
5.19536,4.70664,4.13405,2.26472,0.296871,1.31646,1.31379
5.20036,4.813,4.24224,2.31315,0.381298,1.327,1.34137
5.20528,4.94393,4.37763,2.37789,0.50081,1.33964,1.3811
5.21027,5.0496,4.48161,2.42608,0.588477,1.35035,1.42247
5.21533,5.10955,4.54682,2.45331,0.676999,1.32525,1.46289
5.22046,5.23671,4.63949,2.50241,0.738791,1.3302,1.5076
5.22535,5.33367,4.76567,2.58269,0.85948,1.36547,1.54874
5.23027,5.42379,4.92891,2.69481,0.950408,1.42299,1.61382
5.23527,5.56733,5.12946,2.84042,1.06754,1.49909,1.63571
5.2403,5.68254,5.25628,2.93299,1.12672,1.57128,1.66461
5.24565,5.80947,5.33571,2.9838,1.18962,1.61398,1.674
5.25029,5.92391,5.41853,3.02331,1.25483,1.65214,1.69256
5.25533,6.0396,5.56911,3.10094,1.3113,1.72529,1.74632
5.2603,6.10669,5.71588,3.1694,1.37021,1.78983,1.75596
5.26528,6.1742,5.85339,3.22724,1.42899,1.83928,1.75484
5.27043,6.27928,6.00961,3.29428,1.47795,1.88514,1.79015
5.27528,6.40288,6.15073,3.36425,1.50444,1.90353,1.8177
5.28064,6.5411,6.25432,3.42147,1.52983,1.92752,1.8923
5.28527,6.70197,6.35731,3.48571,1.5868,1.96279,1.94766
5.29034,6.79043,6.49356,3.57609,1.63538,2.00273,2.00534
5.29544,6.88767,6.56878,3.62067,1.65108,2.00496,2.04823
5.30041,6.98669,6.69226,3.7023,1.71917,2.0409,2.12051
5.30546,7.10677,6.76785,3.75462,1.73068,2.05001,2.19201
5.31046,7.21486,6.84972,3.80257,1.77187,2.06596,2.24125
5.31528,7.28525,6.99215,3.89425,1.79499,2.10057,2.29233
5.32053,7.38968,7.11314,3.97011,1.81766,2.12918,2.35033
5.32534,7.50655,7.14825,3.99506,1.86207,2.14127,2.42701
5.3302,7.586,7.23798,4.0563,1.89529,2.19563,2.47857
5.33532,7.72921,7.34858,4.12441,1.93352,2.25508,2.54501
5.34028,7.85099,7.45684,4.19484,1.95835,2.33172,2.61043
5.34553,7.96562,7.49683,4.22504,2.00892,2.37141,2.66056
5.35029,8.0316,7.54989,4.26008,2.06179,2.38768,2.71222
5.35535,8.15278,7.65227,4.35592,2.03564,2.45073,2.75526
5.36036,8.2288,7.75438,4.44287,2.00443,2.4954,2.79168
5.36536,8.29523,7.81349,4.50628,1.97156,2.53387,2.82925
5.37029,8.42436,7.87632,4.57525,1.99788,2.57729,2.80548
5.37534,8.5172,7.93522,4.62564,2.04082,2.60603,2.8188
5.38026,8.65399,8.00641,4.66986,2.06117,2.6326,2.82079
5.38567,8.7954,8.06506,4.69028,2.10032,2.66207,2.8339
5.39034,8.92122,8.09039,4.68546,2.11528,2.67048,2.87457
5.39535,9.03551,8.15451,4.71358,2.15348,2.70604,2.89255
5.40027,9.17884,8.20908,4.74102,2.23818,2.72169,2.90687
5.40531,9.28081,8.27993,4.78671,2.32486,2.74288,2.90877
5.41054,9.44217,8.40697,4.90623,2.36125,2.8422,2.91191
5.4155,9.59901,8.49491,5.01744,2.42954,2.93584,2.92759
5.42033,9.69152,8.64948,5.1742,2.46452,3.0598,2.9574
5.4253,9.75202,8.73487,5.28032,2.51172,3.13899,3.01223
5.43028,9.8175,8.8688,5.40582,2.57648,3.25503,3.03125
5.43529,9.90064,8.93707,5.48502,2.58965,3.32687,3.07001
5.44026,9.95707,9.01449,5.558,2.60266,3.38966,3.0883
5.4453,10.0127,9.07096,5.6074,2.62611,3.4314,3.10119
5.45029,10.0833,9.15593,5.67929,2.66105,3.45267,3.11173
5.45531,10.1386,9.21539,5.73221,2.71203,3.427,3.11334
5.46032,10.2459,9.31112,5.81193,2.77363,3.41652,3.12345
5.46556,10.3907,9.3668,5.8796,2.80688,3.38073,3.15928
5.47035,10.5211,9.39885,5.93436,2.85,3.32669,3.19042
5.47536,10.6381,9.44388,5.98969,2.86368,3.29216,3.22557
5.48031,10.7314,9.43809,6.00654,2.8832,3.22991,3.24154
5.48529,10.8454,9.51971,6.08088,2.95915,3.2208,3.26966
5.49037,10.9059,9.61679,6.15779,2.98932,3.22828,3.3189
5.49527,10.9482,9.7021,6.22262,3.03059,3.23553,3.3674
5.50024,10.9752,9.77748,6.27713,3.08138,3.24287,3.41524
5.50527,11.0515,9.84147,6.32526,3.13317,3.26924,3.45359
5.51033,11.1488,9.84903,6.33604,3.15302,3.27524,3.50615
5.51523,11.2522,9.97139,6.40612,3.19916,3.32272,3.51114
5.52034,11.3388,10.0546,6.4326,3.1963,3.3399,3.5131
5.52522,11.4089,10.1592,6.45698,3.19819,3.35451,3.49412
5.53026,11.4521,10.3424,6.52989,3.22169,3.39921,3.48914
5.53541,11.5641,10.4394,6.55446,3.27013,3.41258,3.52662
5.54031,11.631,10.5744,6.61345,3.27038,3.44062,3.54968
5.54529,11.7207,10.6688,6.64992,3.30876,3.4532,3.54209
5.55033,11.7272,10.7696,6.69034,3.31407,3.45333,3.53693
5.55528,11.8351,10.8783,6.74572,3.307,3.4593,3.54561
5.56045,11.9344,10.9734,6.79784,3.31996,3.50748,3.54486
5.56542,12.0226,11.0658,6.83907,3.33758,3.54713,3.54277
5.57031,12.1015,11.1469,6.86982,3.37021,3.61749,3.52508
5.57529,12.191,11.2343,6.90624,3.41254,3.66981,3.52791
5.5802,12.2652,11.2536,6.90321,3.47271,3.71284,3.555
5.58529,12.3543,11.3446,6.94064,3.53224,3.76141,3.57698
5.59022,12.4188,11.4114,6.95514,3.58826,3.77786,3.57184
5.59532,12.4315,11.5539,7.02029,3.60079,3.80036,3.56417
5.60033,12.5328,11.6105,7.04257,3.6062,3.81931,3.59549
5.60525,12.6055,11.701,7.0844,3.57388,3.83047,3.65076
5.61031,12.6773,11.7742,7.13071,3.50451,3.82125,3.70311
5.61527,12.7281,11.8299,7.16948,3.45287,3.78733,3.74113
5.6203,12.7757,11.9039,7.22067,3.41201,3.76371,3.75895
5.62539,12.8196,11.9627,7.28059,3.50753,3.73547,3.77316
5.63032,12.8563,12.0868,7.40131,3.53315,3.72958,3.80965
5.63521,12.9031,12.1595,7.50782,3.57531,3.7013,3.84117
5.64041,12.9445,12.2182,7.61772,3.63137,3.65805,3.88975
5.64539,12.9986,12.2745,7.73245,3.65961,3.61214,3.91876
5.65034,13.0333,12.3235,7.84292,3.7016,3.56324,3.9232
5.65523,13.1074,12.3799,7.95927,3.78814,3.5077,3.92835
5.6604,13.1818,12.4155,8.05451,3.89667,3.45411,3.92967
5.66542,13.277,12.5224,8.1897,3.96424,3.43965,3.94826
5.67035,13.4065,12.5716,8.2949,4.00761,3.46125,3.98109
5.67537,13.5048,12.6154,8.38736,4.05595,3.49839,4.01831
5.68034,13.6019,12.6413,8.45448,4.09767,3.52896,4.05128
5.68532,13.6563,12.6749,8.51985,4.12202,3.57467,4.08096
5.69044,13.6895,12.7666,8.61677,4.20007,3.6639,4.08574
5.69527,13.7499,12.838,8.69332,4.22884,3.72557,4.0702
5.70026,13.8012,12.9321,8.78073,4.23766,3.77783,4.048
5.70543,13.9147,12.964,8.83779,4.22754,3.8347,4.04948
5.71038,13.9929,12.994,8.88313,4.22883,3.86888,4.04982
5.71532,14.0507,13.0747,8.95732,4.24118,3.92164,4.06687
5.72039,14.1177,13.1694,9.03893,4.29129,3.97584,4.1076
5.72532,14.1558,13.2577,9.10752,4.34585,4.01306,4.16311
5.73034,14.1933,13.3337,9.16533,4.40821,4.03846,4.22199
5.73526,14.245,13.4186,9.22228,4.40551,4.05535,4.27553
5.74037,14.2711,13.4974,9.26541,4.40876,4.05063,4.3247
5.74539,14.2768,13.5567,9.29199,4.45917,4.03229,4.36237
5.75043,14.3061,13.6211,9.31658,4.5313,4.0155,4.38561
5.75534,14.3474,13.6614,9.32544,4.59882,3.99036,4.39727
5.76026,14.3551,13.6952,9.32888,4.63355,3.9589,4.39497
5.76539,14.3957,13.7164,9.33116,4.70126,3.96252,4.37847
5.77025,14.4347,13.8393,9.4117,4.70312,4.02682,4.35232
5.77541,14.4565,13.9215,9.44621,4.70082,4.10096,4.31938
5.78014,14.4464,13.9775,9.46016,4.71715,4.19047,4.28957
5.78522,14.4982,13.9669,9.43952,4.71168,4.28224,4.30889
5.79028,14.566,14.0026,9.45035,4.73371,4.39582,4.3352
5.79535,14.6112,14.0358,9.45195,4.75903,4.49265,4.37177
5.80037,14.664,14.1329,9.49612,4.7718,4.59695,4.4212
5.80535,14.6891,14.2152,9.53189,4.78204,4.67325,4.4778
5.81031,14.7351,14.2463,9.53245,4.82143,4.73534,4.54664
5.81542,14.774,14.2741,9.53165,4.84536,4.80148,4.6185
5.82027,14.7834,14.3104,9.53504,4.87091,4.86818,4.69173
5.82535,14.8325,14.3296,9.53545,4.85485,4.92639,4.76606
5.83045,14.8435,14.3857,9.56534,4.86935,5.00116,4.84252
5.83524,14.884,14.4065,9.57216,4.92281,5.03759,4.91306
5.84029,14.9098,14.3972,9.55179,4.96332,5.0378,4.99701
5.84526,14.9087,14.4691,9.59332,4.9909,5.04116,5.08291
5.85026,14.9474,14.5607,9.64897,5.04231,5.06379,5.19213
5.85532,14.9949,14.5998,9.67982,5.01515,5.05119,5.29176
5.86032,15.0191,14.6258,9.70682,4.99299,5.03074,5.38112
5.86551,15.0246,14.6822,9.74127,4.99161,5.0157,5.45302
5.87031,15.0716,14.6206,9.71878,5.02256,4.95416,5.48701
5.87529,15.0918,14.5647,9.70561,5.04131,4.88454,5.49047
5.88053,15.0905,14.5028,9.68555,5.05874,4.82407,5.47008
5.88528,15.0824,14.459,9.67539,5.10332,4.7937,5.42869
5.8905,15.0859,14.4042,9.66065,5.18626,4.75404,5.39062
5.8954,15.0506,14.4093,9.6691,5.19426,4.72945,5.35188
5.90041,15.0427,14.3959,9.65669,5.24838,4.74218,5.31879
5.90551,15.0146,14.3583,9.63105,5.27571,4.75501,5.30256
5.91037,15.0223,14.4296,9.65629,5.33044,4.77476,5.29645
5.91532,15.0776,14.5173,9.71962,5.32972,4.85679,5.30119
5.92042,15.0942,14.6129,9.78259,5.3278,4.91798,5.2861
5.92524,15.1181,14.7186,9.84604,5.26356,4.95515,5.24018
5.93028,15.1459,14.818,9.89428,5.26045,4.98314,5.1918
5.93533,15.1688,14.9147,9.95118,5.22822,4.99126,5.14505
5.94033,15.1979,14.9976,10.0013,5.19151,4.9622,5.12282
5.94552,15.2088,15.0166,10.0158,5.20088,4.92755,5.07849
5.95035,15.1975,15.0208,10.0232,5.19785,4.88189,5.05157
5.95527,15.1846,15.0231,10.0301,5.21315,4.80387,5.01237
5.96028,15.1417,15.0086,10.0262,5.22321,4.70135,4.9574
5.96557,15.0935,15.0521,10.0639,5.25002,4.65091,4.87391
5.97029,15.073,15.0792,10.0895,5.21938,4.60424,4.82333
5.97529,15.0275,15.1014,10.1047,5.1982,4.54893,4.75594
5.98034,14.9721,15.0829,10.0969,5.18281,4.48276,4.72084
5.98526,14.9316,15.0927,10.1149,5.15129,4.4299,4.69706
5.99054,14.8798,15.1084,10.1324,5.12973,4.39742,4.66108
5.9954,14.8329,15.129,10.144,5.09571,4.35914,4.60653
6.00053,14.7899,15.1625,10.1652,5.06902,4.32955,4.58271
6.00538,14.7441,15.1968,10.1845,5.05321,4.31057,4.56644
6.0103,14.6864,15.2483,10.2053,5.07931,4.27164,4.55172
6.01546,14.6301,15.2485,10.1867,5.02576,4.22964,4.52667
6.02049,14.5782,15.3152,10.2098,5.07283,4.22199,4.50352
6.02536,14.56,15.3401,10.2087,5.04528,4.21976,4.50413
6.03044,14.5422,15.3709,10.2114,5.01214,4.21821,4.50952
6.03538,14.5511,15.4208,10.2211,5.01194,4.2238,4.4783
6.04038,14.5867,15.4013,10.1924,5.00939,4.22773,4.47943
6.04552,14.6238,15.3793,10.1567,5.02799,4.18427,4.49674
6.05051,14.7115,15.4122,10.1614,5.05472,4.18599,4.49375
6.0558,14.7871,15.4465,10.1638,5.08802,4.16425,4.47766
6.06063,14.8719,15.4857,10.1671,5.14158,4.14681,4.47703
6.06541,14.9928,15.5177,10.159,5.15629,4.14385,4.47699
6.07041,15.0983,15.5575,10.137,5.17292,4.12462,4.46818
6.07532,15.1947,15.5971,10.1246,5.26869,4.08375,4.47644
6.08032,15.2753,15.6273,10.1145,5.34464,4.02974,4.48902
6.08533,15.377,15.5998,10.0881,5.36287,4.03429,4.50969
6.09033,15.4507,15.5715,10.0715,5.37749,4.04292,4.5228
6.09542,15.5229,15.5326,10.057,5.39029,4.046,4.5407
6.10039,15.584,15.4877,10.0471,5.39456,4.06259,4.55974
6.10554,15.64,15.4485,10.0404,5.36669,4.08241,4.56729
6.11033,15.6669,15.4078,10.0329,5.33926,4.10066,4.55934
6.11532,15.6768,15.3776,10.0258,5.35908,4.0953,4.55217
6.12034,15.7042,15.3724,10.0397,5.36622,4.10351,4.53088
6.12524,15.7249,15.4001,10.0692,5.34797,4.12932,4.52427
6.13064,15.7697,15.3564,10.0523,5.35837,4.11286,4.54072
6.13529,15.7899,15.3045,10.026,5.35396,4.06264,4.56152
6.14038,15.7976,15.3342,10.054,5.37901,4.0399,4.55811
6.14531,15.7699,15.2962,10.0335,5.31607,3.98925,4.56475
6.15043,15.7534,15.2852,10.0424,5.30136,3.97041,4.5558
6.1553,15.7451,15.207,9.99615,5.28114,3.90339,4.56939
6.16033,15.7259,15.1363,9.94699,5.2556,3.83615,4.58675
6.16542,15.6952,15.1004,9.91007,5.25509,3.79408,4.56837
6.17031,15.6767,15.0307,9.86564,5.18203,3.76133,4.58333
6.17523,15.6561,15.0606,9.8854,5.14695,3.75778,4.57736
6.18043,15.5856,15.0289,9.86013,5.1628,3.71192,4.58418
6.18533,15.5476,15.0481,9.84978,5.13752,3.72917,4.54321
6.1903,15.4924,15.1008,9.84479,5.11265,3.74775,4.47614
6.19537,15.4385,15.1357,9.83217,5.0738,3.72874,4.43874
6.20032,15.3827,15.2226,9.85217,5.04937,3.75298,4.40063
6.20525,15.3454,15.2907,9.85599,5.07668,3.80477,4.3784
6.21025,15.2788,15.3206,9.83626,5.10731,3.81289,4.34151
6.21541,15.222,15.3798,9.84142,5.12621,3.83439,4.33022
6.22029,15.1454,15.3904,9.81015,5.10031,3.80952,4.29844
6.22547,15.0635,15.3472,9.74394,5.10395,3.77668,4.23773
6.23037,14.9663,15.3028,9.68563,5.093,3.73054,4.2002
6.23521,14.8665,15.2606,9.63098,5.06608,3.66043,4.17226
6.24039,14.8075,15.3128,9.64472,5.02187,3.64669,4.19611
6.24535,14.7404,15.3553,9.65808,4.95858,3.6323,4.21206
6.25045,14.6721,15.3023,9.61214,4.90289,3.57462,4.21158
6.25533,14.6284,15.2592,9.56768,4.89495,3.55523,4.20254
6.26035,14.5407,15.2534,9.56618,4.83185,3.51969,4.14163
6.26541,14.4581,15.2909,9.58575,4.76193,3.50188,4.13182
6.27033,14.3733,15.2848,9.57274,4.75329,3.45183,4.11623
6.2753,14.2771,15.2874,9.56052,4.73071,3.40202,4.08411
6.2803,14.194,15.2014,9.4844,4.68411,3.33689,4.04244
6.28524,14.0929,15.084,9.39877,4.62989,3.27855,4.03806
6.29055,13.9965,15.0496,9.38469,4.58975,3.27921,4.00314
6.29544,13.8954,14.9583,9.32984,4.55119,3.28648,3.97064
6.3003,13.8071,14.8804,9.29042,4.50543,3.29825,3.91647
6.30523,13.7164,14.8104,9.26159,4.47022,3.30748,3.91049
6.31037,13.6404,14.8291,9.2925,4.43504,3.33215,3.84122
6.31525,13.5464,14.7792,9.26162,4.41679,3.29341,3.82502
6.32035,13.4528,14.7124,9.21293,4.32075,3.27132,3.76777
6.32526,13.3832,14.6533,9.17183,4.30732,3.24228,3.74052
6.33056,13.3168,14.5781,9.12994,4.29217,3.21159,3.68256
6.33544,13.2556,14.5017,9.0856,4.31377,3.19386,3.66024
6.34029,13.1919,14.4457,9.07583,4.30422,3.19254,3.59904
6.34534,13.1372,14.3023,9.03309,4.3275,3.18804,3.56291
6.35056,13.0732,14.1282,8.99799,4.34971,3.1392,3.57295
6.35531,13.0056,13.9398,8.97278,4.36454,3.08103,3.58651
6.36041,12.9667,13.7765,8.96098,4.36315,3.06276,3.5997
6.36526,12.9253,13.6432,8.95498,4.40546,3.03977,3.59703
6.37019,12.8888,13.5394,8.95716,4.42817,3.04034,3.59053
6.37523,12.8561,13.4614,8.96613,4.43342,3.06115,3.58043
6.38038,12.8095,13.3991,8.95668,4.44136,3.09068,3.52132
6.38531,12.7044,13.2964,8.8963,4.42581,3.08386,3.49876
6.39026,12.631,13.2141,8.83441,4.39221,3.10792,3.48807
6.39528,12.5261,13.111,8.74893,4.41473,3.0882,3.42255
6.40022,12.4254,13.0481,8.68915,4.42918,3.07568,3.33407
6.40526,12.3406,13.0439,8.66248,4.4338,3.08416,3.27333
6.41023,12.2313,12.9692,8.56844,4.44743,3.07007,3.24159
6.41529,12.1227,12.9296,8.48421,4.44704,3.02078,3.16632
6.42024,12.024,12.9678,8.42495,4.42633,3.00409,3.1227
6.42533,11.9807,13.0513,8.39619,4.40708,2.98114,3.05358
6.43026,11.932,13.0505,8.29097,4.36321,2.92752,3.01366
6.43521,11.8781,13.1373,8.27161,4.30441,2.87635,2.98042
6.4402,11.829,13.151,8.21718,4.27748,2.80429,2.96623
6.44526,11.7535,13.1598,8.17149,4.24261,2.72273,2.91991
6.45033,11.6872,13.1598,8.12291,4.15439,2.62918,2.92034
6.45527,11.6299,13.1917,8.09585,4.0958,2.57432,2.88696
6.46028,11.5894,13.2606,8.07173,4.04498,2.55622,2.89244
6.4654,11.5341,13.2866,8.01034,3.98784,2.51909,2.88644
6.47016,11.4595,13.2799,7.93281,3.97339,2.48566,2.855
6.47525,11.3914,13.2904,7.88353,3.92762,2.41468,2.87504
6.4803,11.3251,13.2819,7.82653,3.90846,2.30819,2.90671
6.48527,11.2637,13.2638,7.77857,3.87307,2.21915,2.88452
6.49044,11.2014,13.2636,7.74738,3.81324,2.15845,2.89883
6.49519,11.1228,13.2394,7.71518,3.79918,2.09737,2.9339
6.50024,11.0727,13.262,7.71672,3.73196,2.0857,2.94249
6.50518,11.0236,13.239,7.67875,3.69478,2.0854,2.92747
6.51026,10.9721,13.2367,7.63917,3.64499,2.1029,2.91483
6.5153,10.9051,13.2317,7.61292,3.59332,2.0669,2.93954
6.52065,10.8422,13.2092,7.58824,3.56422,1.98342,2.95849
6.52535,10.7722,13.1827,7.56613,3.53313,1.88011,2.9657
6.53046,10.7151,13.122,7.52691,3.49459,1.81097,2.96833
6.53557,10.6392,13.0593,7.48442,3.43567,1.75402,2.99772
6.54058,10.5621,12.9994,7.43568,3.42879,1.71915,3.00678
6.54529,10.4948,12.9561,7.38467,3.35936,1.72184,2.98056
6.55025,10.4095,12.8453,7.29241,3.3221,1.65309,2.99629
6.55524,10.3292,12.7538,7.21232,3.28836,1.58995,2.98009
6.56051,10.267,12.7052,7.17487,3.29476,1.53876,2.93218
6.56523,10.2164,12.6507,7.14553,3.31053,1.43669,2.88379
6.57027,10.1739,12.6544,7.15838,3.34773,1.37715,2.86855
6.57527,10.1206,12.5685,7.11077,3.3409,1.33113,2.84086
6.58027,10.0594,12.5065,7.082,3.32138,1.3003,2.78242
6.5854,9.99251,12.4247,7.03641,3.27931,1.30412,2.76665
6.5904,9.93402,12.3424,6.98127,3.24581,1.3181,2.70593
6.59532,9.87912,12.2715,6.93408,3.2002,1.30826,2.66484
6.60031,9.80963,12.1847,6.87874,3.13516,1.26143,2.62189
6.60542,9.7314,12.0741,6.79627,3.09225,1.18058,2.591
6.61025,9.6576,12.0052,6.74369,3.0363,1.14514,2.53463
6.61544,9.59342,11.9264,6.6771,2.97322,1.12805,2.4859
6.62027,9.51298,11.8202,6.57351,2.9036,1.10917,2.44808
6.62532,9.48463,11.7841,6.51737,2.81613,1.12517,2.38246
6.63025,9.43306,11.7154,6.42169,2.75743,1.11861,2.33084
6.63521,9.37904,11.6536,6.34794,2.68643,1.11175,2.31149
6.64026,9.29527,11.6021,6.27639,2.62805,1.03749,2.32689
6.64526,9.19435,11.4335,6.13302,2.54338,0.945506,2.28393
6.65046,9.09166,11.2822,6.00335,2.45061,0.84282,2.24216
6.65528,9.01696,11.2505,5.95976,2.4248,0.799753,2.187
6.66029,8.94641,11.2234,5.92197,2.39815,0.786072,2.14448
6.66534,8.86379,11.148,5.84687,2.37532,0.775184,2.11276
6.67026,8.80022,11.1293,5.81159,2.32195,0.792386,2.09138
6.6753,8.72378,11.0766,5.76333,2.31377,0.814099,2.03199
6.68036,8.64002,10.987,5.71429,2.27846,0.791731,2.02495
6.68546,8.54751,10.8429,5.62995,2.25392,0.7528,2.01216
6.69031,8.46379,10.7152,5.55665,2.2299,0.717885,2.00085
6.69527,8.39039,10.5874,5.4886,2.19873,0.695901,1.97747
6.70038,8.31807,10.4639,5.43871,2.15115,0.675045,1.98404
6.70525,8.2386,10.3273,5.37526,2.12905,0.680925,1.96129
6.7103,8.17349,10.2085,5.32048,2.1222,0.663132,1.93424
6.71531,8.10139,10.0937,5.26611,2.10234,0.646293,1.91258
6.72021,8.02443,10.0209,5.2384,2.06304,0.638993,1.90009
6.72556,7.92777,9.8245,5.11598,2.00561,0.60049,1.88771
6.73032,7.83689,9.72137,5.05697,1.96771,0.583271,1.83756
6.73529,7.72225,9.525,4.93642,1.9269,0.502531,1.82265
6.74037,7.60035,9.31527,4.80148,1.86034,0.391676,1.79457
6.74527,7.50511,9.16207,4.72126,1.8122,0.306556,1.77092
6.75031,7.40805,9.01472,4.64395,1.76368,0.239945,1.73081
6.75547,7.30645,8.82619,4.5493,1.70756,0.182387,1.71024
6.76029,7.20063,8.6185,4.43642,1.6166,0.108399,1.65945
6.76531,7.11433,8.52905,4.38216,1.56487,0.0957197,1.65217
6.77028,7.02487,8.46198,4.32741,1.508,0.0954788,1.62296
6.77534,6.93205,8.41377,4.27179,1.44667,0.105495,1.57459
6.78046,6.82188,8.28639,4.17366,1.40597,0.063812,1.51561
6.78528,6.71347,8.16362,4.08302,1.36614,0.037549,1.47998
6.79027,6.61294,8.06621,4.02174,1.34483,-0.00263665,1.42708
6.79535,6.51289,7.96276,3.96826,1.31857,-0.0295965,1.41681
6.80036,6.42226,7.86562,3.92675,1.28465,-0.0377531,1.40224
6.80532,6.33671,7.75877,3.8736,1.23165,-0.032462,1.34417
6.81025,6.25562,7.65441,3.81948,1.16495,-0.00090853,1.28118
6.81541,6.15423,7.52097,3.74529,1.09775,-0.00650454,1.22653
6.82026,6.06617,7.36702,3.65721,1.02706,-0.00883484,1.19791
6.82534,5.97911,7.23157,3.58865,0.962173,-0.032307,1.17773
6.83031,5.88531,7.08758,3.50599,0.895219,-0.0738045,1.17109
6.83531,5.77989,6.96853,3.43766,0.828538,-0.106994,1.15979
6.84039,5.67382,6.85498,3.37497,0.770238,-0.100395,1.10054
6.84531,5.56061,6.70729,3.2844,0.706051,-0.134566,1.075
6.85031,5.44141,6.55748,3.19228,0.635911,-0.156178,1.07257
6.8553,5.33217,6.42476,3.11499,0.576272,-0.186895,1.06258
6.86037,5.20143,6.25575,3.01074,0.509685,-0.2494,1.05399
6.86555,5.08064,6.12665,2.93013,0.441106,-0.290765,1.02566
6.87029,4.9519,5.97056,2.8211,0.363966,-0.35094,0.989487
6.87533,4.82922,5.81117,2.70718,0.275745,-0.409347,0.941606
6.88034,4.71475,5.63315,2.58423,0.179822,-0.460661,0.875941
6.88535,4.60112,5.44419,2.48328,0.089094,-0.520967,0.814374
6.89025,4.48127,5.3105,2.42179,0.0157447,-0.558218,0.774428
6.89549,4.35225,5.17684,2.37066,-0.0574421,-0.598793,0.746949
6.90043,4.20864,4.993,2.2841,-0.13682,-0.676537,0.726231
6.90538,4.06268,4.82547,2.20193,-0.206594,-0.746969,0.648922
6.91045,3.91355,4.64188,2.12117,-0.236715,-0.78598,0.517766
6.91571,3.77568,4.46347,2.04699,-0.232566,-0.8277,0.483125
6.92059,3.64411,4.3547,2.006,-0.185248,-0.831129,0.452938
6.92525,3.51226,4.2478,1.963,-0.132715,-0.859403,0.405444
6.93044,3.37675,4.12981,1.91538,-0.086634,-0.877377,0.357951
6.93535,3.24895,3.99098,1.84671,-0.0450775,-0.893407,0.325261
6.94043,3.10647,3.84502,1.77281,-0.0125919,-0.943317,0.290396
6.94532,2.96887,3.70222,1.70278,0.0125027,-0.99234,0.258362
6.95039,2.82438,3.53307,1.60977,0.0292646,-1.05282,0.206105
6.95551,2.66919,3.36564,1.51682,0.0297402,-1.11253,0.163438
6.96026,2.50367,3.2012,1.41753,0.0176675,-1.17018,0.151022
6.9653,2.35164,3.07328,1.34269,0.0163152,-1.22021,0.142602
6.9703,2.2064,2.91726,1.25469,0.000478059,-1.26479,0.14766
6.97541,2.08041,2.77182,1.16041,-0.0267718,-1.27912,0.109824
6.98027,1.95679,2.68118,1.09375,-0.0332545,-1.31701,0.0995757
6.98527,1.82244,2.53403,0.979208,-0.0699748,-1.35373,0.0522524
6.99031,1.70481,2.43522,0.908296,-0.0767666,-1.38431,0.00186757
6.99546,1.59026,2.33334,0.843674,-0.0941009,-1.41396,-0.0444612
7.00033,1.47391,2.22305,0.781927,-0.120007,-1.44071,-0.102276
7.0053,1.35528,2.09938,0.701701,-0.154429,-1.46779,-0.138567
7.01033,1.24842,1.99697,0.638911,-0.19153,-1.48732,-0.190341
7.01534,1.1327,1.90126,0.577796,-0.228128,-1.49184,-0.210907
7.02022,1.01523,1.77928,0.488393,-0.259946,-1.51792,-0.248661
7.02536,0.897396,1.66604,0.407203,-0.290457,-1.52519,-0.274506
7.03029,0.772047,1.53154,0.312795,-0.334587,-1.53098,-0.305599
7.03531,0.66068,1.43421,0.24689,-0.38,-1.51625,-0.310532
7.04054,0.537819,1.31302,0.154736,-0.439807,-1.51857,-0.300858
7.04543,0.41476,1.19323,0.0655139,-0.495415,-1.53024,-0.331379
7.05031,0.276577,1.03196,-0.044974,-0.558753,-1.5363,-0.347355
7.05536,0.171316,0.89302,-0.13002,-0.607699,-1.54632,-0.362554
7.06031,0.0601171,0.794148,-0.198167,-0.664867,-1.54258,-0.404369
7.06532,-0.0389817,0.690149,-0.268751,-0.728325,-1.51716,-0.448722
7.07032,-0.127763,0.58173,-0.341426,-0.796714,-1.47426,-0.495098
7.07519,-0.228492,0.434273,-0.432801,-0.842934,-1.44474,-0.533369
7.0802,-0.31877,0.297612,-0.516628,-0.864006,-1.41511,-0.607793
7.08518,-0.411767,0.172475,-0.59579,-0.886705,-1.37687,-0.680509
7.09054,-0.524983,0.0196603,-0.701098,-0.955801,-1.34889,-0.728615
7.09525,-0.599762,-0.0574505,-0.75158,-1.0048,-1.31849,-0.773307
7.10022,-0.715993,-0.235156,-0.879634,-1.08593,-1.32273,-0.826302
7.1054,-0.825496,-0.367022,-0.979935,-1.1561,-1.37096,-0.832046
7.11023,-0.959734,-0.528653,-1.09192,-1.22791,-1.46529,-0.841513
7.11528,-1.08657,-0.681571,-1.18299,-1.28989,-1.58271,-0.877856
7.1202,-1.21168,-0.811066,-1.25006,-1.34783,-1.71683,-0.917869
7.12536,-1.3518,-0.93778,-1.31196,-1.38398,-1.85957,-0.951069
7.13048,-1.45842,-1.03409,-1.34991,-1.40197,-2.00273,-0.981471
7.13533,-1.57393,-1.11755,-1.37918,-1.4372,-2.13201,-1.00413
7.14037,-1.67904,-1.20984,-1.41532,-1.47481,-2.23752,-1.01527
7.14537,-1.80826,-1.38633,-1.50744,-1.5012,-2.36308,-1.0362
7.15035,-1.92342,-1.55351,-1.57915,-1.51243,-2.46208,-1.06398
7.15526,-2.05683,-1.72169,-1.65562,-1.52308,-2.54015,-1.08385
7.16038,-2.1955,-1.9421,-1.75808,-1.5596,-2.61537,-1.10322
7.16526,-2.32692,-2.13604,-1.8488,-1.60715,-2.66992,-1.1432
7.17027,-2.47317,-2.31796,-1.94234,-1.60517,-2.73323,-1.16418
7.17527,-2.59579,-2.50013,-2.02764,-1.61676,-2.77973,-1.21296
7.18056,-2.74664,-2.72908,-2.13165,-1.66333,-2.80051,-1.27247
7.18558,-2.87347,-2.90427,-2.21693,-1.68792,-2.81652,-1.31325
7.19025,-2.99188,-3.07755,-2.29712,-1.70759,-2.82155,-1.38858
7.19541,-3.10426,-3.22063,-2.35235,-1.68581,-2.78826,-1.4542
7.20042,-3.22772,-3.37491,-2.41987,-1.69956,-2.75047,-1.524
7.2056,-3.35321,-3.5386,-2.49398,-1.74163,-2.71225,-1.59291
7.21026,-3.47477,-3.70551,-2.56216,-1.75751,-2.65564,-1.62964
7.21533,-3.59921,-3.84403,-2.61949,-1.78388,-2.58818,-1.6511
7.22042,-3.72173,-3.9882,-2.67888,-1.78917,-2.50458,-1.67981
7.22552,-3.87237,-4.1943,-2.77289,-1.78364,-2.45253,-1.73926
7.23039,-4.01118,-4.39844,-2.86809,-1.77682,-2.42704,-1.77155
7.23531,-4.1523,-4.59466,-2.95397,-1.77423,-2.39673,-1.81441
7.24048,-4.28339,-4.73311,-3.00104,-1.76416,-2.36884,-1.88796
7.24564,-4.41763,-4.89297,-3.06047,-1.79587,-2.34377,-1.94732
7.2503,-4.54144,-5.05764,-3.12033,-1.77961,-2.34643,-2.01022
7.25536,-4.66537,-5.22763,-3.1944,-1.78583,-2.33416,-2.0599
7.2603,-4.78831,-5.39399,-3.26,-1.77447,-2.34537,-2.10301
7.26551,-4.8994,-5.51749,-3.3227,-1.75486,-2.35324,-2.15031
7.27036,-5.03835,-5.6532,-3.39048,-1.77001,-2.38693,-2.23295
7.27523,-5.17191,-5.79771,-3.4751,-1.80695,-2.41988,-2.24996
7.28045,-5.31404,-5.93344,-3.55589,-1.86977,-2.44131,-2.27009
7.28534,-5.45243,-6.05846,-3.63022,-1.9102,-2.47978,-2.28842
7.29037,-5.58688,-6.15047,-3.6939,-1.92213,-2.4956,-2.30094
7.29533,-5.71696,-6.28514,-3.78084,-1.96109,-2.53492,-2.33221
7.30041,-5.84899,-6.42203,-3.87182,-2.00427,-2.57475,-2.38527
7.3056,-5.98531,-6.55581,-3.95645,-2.06145,-2.6212,-2.43019
7.31036,-6.11021,-6.6852,-4.03246,-2.11444,-2.63634,-2.46199
7.31562,-6.22018,-6.83979,-4.11186,-2.17424,-2.59647,-2.48289
7.32028,-6.31131,-6.9422,-4.14958,-2.18582,-2.59262,-2.53302
7.32534,-6.39792,-7.04685,-4.17906,-2.21001,-2.58062,-2.58114
7.33037,-6.51432,-7.19373,-4.24172,-2.24728,-2.59492,-2.6306
7.33534,-6.63407,-7.31837,-4.29647,-2.28454,-2.59812,-2.63905
7.34064,-6.75586,-7.46744,-4.36602,-2.36348,-2.61535,-2.63154
7.34531,-6.88562,-7.61584,-4.43677,-2.4391,-2.6717,-2.66876
7.35047,-6.99612,-7.72684,-4.48589,-2.45415,-2.69115,-2.66517
7.35529,-7.10354,-7.83167,-4.53548,-2.46983,-2.69798,-2.66976
7.36037,-7.23924,-7.98723,-4.61912,-2.53035,-2.72699,-2.67857
7.36541,-7.36156,-8.13603,-4.69382,-2.58628,-2.7491,-2.66704
7.37036,-7.46156,-8.24458,-4.74782,-2.60864,-2.76283,-2.66053
7.37526,-7.5674,-8.35167,-4.8056,-2.59128,-2.77882,-2.65885
7.38039,-7.66792,-8.45069,-4.85878,-2.56689,-2.77427,-2.657
7.38536,-7.77208,-8.56239,-4.92795,-2.57169,-2.76869,-2.65443
7.39032,-7.88737,-8.66545,-4.9934,-2.58475,-2.73744,-2.67728
7.3952,-8.01704,-8.77643,-5.06938,-2.62204,-2.69417,-2.7307
7.40027,-8.13526,-8.87523,-5.13767,-2.64841,-2.65151,-2.78706
7.40523,-8.23927,-8.94361,-5.18794,-2.65455,-2.6202,-2.81311
7.41028,-8.32566,-8.99688,-5.22901,-2.67217,-2.62098,-2.84926
7.41544,-8.42634,-9.06785,-5.2875,-2.70557,-2.62586,-2.90687
7.42022,-8.54619,-9.08344,-5.34972,-2.74122,-2.69002,-3.02311
7.42528,-8.66903,-9.04587,-5.41158,-2.77645,-2.75202,-3.10819
7.43027,-8.77628,-8.97549,-5.46818,-2.79311,-2.82313,-3.23071
7.43525,-8.90373,-8.91115,-5.54226,-2.81474,-2.89173,-3.31275
7.44023,-9.03299,-8.83998,-5.61176,-2.83885,-2.92384,-3.40318
7.44526,-9.14667,-8.78817,-5.68815,-2.8614,-2.97067,-3.47406
7.45023,-9.26213,-8.77084,-5.75416,-2.87088,-3.00524,-3.56632
7.4554,-9.3751,-8.76848,-5.81349,-2.86798,-3.03121,-3.62136
7.46029,-9.49613,-8.76226,-5.86509,-2.86143,-3.06616,-3.67987
7.46522,-9.60904,-8.7351,-5.89693,-2.83258,-3.09891,-3.73342
7.47025,-9.7094,-8.69682,-5.92747,-2.81809,-3.16269,-3.78816
7.47519,-9.81438,-8.67917,-5.9776,-2.83259,-3.24457,-3.82701
7.4804,-9.90507,-8.65057,-6.02624,-2.84191,-3.32802,-3.83328
7.48531,-10.0085,-8.62833,-6.07906,-2.8626,-3.36978,-3.86709
7.49025,-10.115,-8.62877,-6.14377,-2.87978,-3.42264,-3.87521
7.49527,-10.2145,-8.63738,-6.2092,-2.89269,-3.49959,-3.86254
7.50034,-10.3389,-8.65505,-6.27459,-2.92135,-3.55925,-3.84664
7.50531,-10.4527,-8.67975,-6.33846,-2.93176,-3.65095,-3.84399
7.51025,-10.5788,-8.72379,-6.41037,-2.95053,-3.72591,-3.83538
7.51523,-10.7005,-8.77163,-6.48055,-2.95718,-3.82207,-3.83425
7.52037,-10.8111,-8.79255,-6.53916,-2.96671,-3.91289,-3.8638
7.52545,-10.9099,-8.80396,-6.59254,-2.9827,-3.98023,-3.88677
7.53048,-11.0135,-8.82799,-6.65457,-3.00532,-4.03962,-3.89902
7.53543,-11.1054,-8.86789,-6.71262,-3.02009,-4.08198,-3.92345
7.54041,-11.1901,-8.91202,-6.76173,-3.02817,-4.11655,-3.94245
7.54529,-11.3014,-8.98955,-6.83766,-3.05007,-4.15817,-3.96811
7.55029,-11.3974,-9.06503,-6.90912,-3.06212,-4.17845,-3.99863
7.55543,-11.4817,-9.11488,-6.97669,-3.08044,-4.17521,-4.01523
7.56024,-11.5639,-9.1701,-7.05425,-3.11264,-4.22083,-4.0227
7.56531,-11.6351,-9.21349,-7.1325,-3.12933,-4.25048,-4.0326
7.57031,-11.7142,-9.26218,-7.21236,-3.14965,-4.24211,-4.06205
7.57547,-11.7943,-9.32637,-7.2911,-3.15181,-4.24881,-4.08237
7.5805,-11.8539,-9.3711,-7.36893,-3.15634,-4.2528,-4.06961
7.58534,-11.9406,-9.42276,-7.45513,-3.15388,-4.27177,-4.07653
7.59028,-12.0007,-9.46418,-7.54559,-3.15879,-4.28682,-4.11775
7.59531,-12.0827,-9.53084,-7.66015,-3.18379,-4.33125,-4.11718
7.60045,-12.1575,-9.57539,-7.75553,-3.20429,-4.36775,-4.14442
7.60541,-12.2323,-9.63426,-7.85463,-3.23892,-4.40708,-4.20314
7.61055,-12.3103,-9.67055,-7.94804,-3.26658,-4.44338,-4.21542
7.61541,-12.3937,-9.70555,-8.03859,-3.28293,-4.46614,-4.20615
7.62033,-12.4849,-9.76805,-8.13411,-3.29683,-4.48836,-4.21386
7.62529,-12.5529,-9.84386,-8.2253,-3.31081,-4.50584,-4.20873
7.63025,-12.6305,-9.88083,-8.30257,-3.31728,-4.55236,-4.1965
7.63521,-12.6853,-9.94413,-8.3946,-3.32828,-4.60626,-4.1982
7.64023,-12.759,-10.0268,-8.50097,-3.35182,-4.65141,-4.23678
7.64523,-12.8263,-10.0693,-8.57971,-3.37091,-4.66121,-4.23948
7.65019,-12.9044,-10.0895,-8.64021,-3.40255,-4.65381,-4.23927
7.65524,-12.9902,-10.1206,-8.70452,-3.42953,-4.6981,-4.25303
7.66024,-13.0781,-10.1728,-8.77196,-3.45955,-4.74494,-4.26387
7.66524,-13.1561,-10.2312,-8.84398,-3.48424,-4.80684,-4.26823
7.67041,-13.2182,-10.268,-8.89991,-3.50781,-4.86311,-4.2904
7.67527,-13.3041,-10.338,-8.97175,-3.53308,-4.91372,-4.32157
7.68034,-13.3848,-10.4126,-9.0369,-3.55076,-4.93883,-4.34406
7.68529,-13.4601,-10.4893,-9.09888,-3.57404,-4.954,-4.34347
7.69044,-13.5244,-10.5551,-9.14956,-3.59006,-4.94822,-4.33099
7.69527,-13.6002,-10.637,-9.20387,-3.60981,-4.95072,-4.31084
7.70037,-13.6546,-10.7269,-9.24891,-3.62595,-4.96179,-4.31413
7.70557,-13.7089,-10.8054,-9.29845,-3.64207,-4.98234,-4.32513
7.71037,-13.7826,-10.9068,-9.36415,-3.68149,-4.99717,-4.30497
7.71532,-13.8611,-10.994,-9.41252,-3.72739,-5.00446,-4.32676
7.72044,-13.925,-11.0624,-9.44741,-3.77117,-5.01215,-4.34153
7.72535,-13.974,-11.1437,-9.48354,-3.81972,-5.03017,-4.33015
7.7305,-14.0181,-11.2427,-9.52698,-3.8937,-5.05703,-4.35973
7.73541,-14.0677,-11.2961,-9.54589,-3.98181,-5.10266,-4.37761
7.7404,-14.1272,-11.375,-9.58199,-4.09133,-5.13256,-4.39973
7.7453,-14.18,-11.469,-9.62401,-4.21053,-5.16133,-4.4299
7.7503,-14.2287,-11.5281,-9.6393,-4.33228,-5.17246,-4.4361
7.75535,-14.274,-11.6266,-9.67893,-4.45827,-5.18403,-4.45697
7.76029,-14.3009,-11.725,-9.71383,-4.58973,-5.21406,-4.49719
7.76552,-14.3368,-11.8295,-9.76037,-4.72121,-5.25103,-4.49862
7.77038,-14.3862,-11.9562,-9.81055,-4.8539,-5.29657,-4.50173
7.77529,-14.4205,-12.0078,-9.81126,-4.97783,-5.30883,-4.5122
7.78026,-14.4655,-12.1138,-9.84446,-5.08709,-5.33075,-4.5069
7.78542,-14.5008,-12.2648,-9.90169,-5.18642,-5.36341,-4.55055
7.7905,-14.5553,-12.3512,-9.92355,-5.26872,-5.40166,-4.57743
7.79532,-14.597,-12.4391,-9.95633,-5.33714,-5.43351,-4.61692
7.80031,-14.6271,-12.5299,-9.99403,-5.39501,-5.4789,-4.65546
7.80521,-14.6631,-12.6007,-10.0301,-5.44523,-5.5014,-4.66871
7.81023,-14.7163,-12.6889,-10.0806,-5.48673,-5.53986,-4.71116
7.8153,-14.7594,-12.7649,-10.1252,-5.51848,-5.56149,-4.74441
7.82019,-14.7725,-12.7695,-10.118,-5.56062,-5.53717,-4.77491
7.82541,-14.7889,-12.7967,-10.1309,-5.58798,-5.53747,-4.7548
7.83054,-14.7977,-12.8414,-10.1584,-5.60426,-5.53956,-4.76636
7.83546,-14.8134,-12.8873,-10.1881,-5.60385,-5.56374,-4.76056
7.84031,-14.8367,-12.9577,-10.2159,-5.61205,-5.56986,-4.78381
7.84547,-14.8544,-13.0518,-10.2585,-5.59576,-5.58527,-4.80798
7.85028,-14.8707,-13.07,-10.2548,-5.60316,-5.60866,-4.83004
7.85529,-14.8846,-13.1201,-10.2762,-5.59627,-5.62643,-4.83667
7.86024,-14.8952,-13.16,-10.2947,-5.57339,-5.66479,-4.8527
7.86525,-14.9151,-13.1987,-10.3134,-5.55217,-5.70141,-4.8758
7.87016,-14.9315,-13.2261,-10.3256,-5.5528,-5.71856,-4.89805
7.87519,-14.9403,-13.2649,-10.3586,-5.52938,-5.74487,-4.92887
7.88029,-14.9675,-13.2923,-10.3821,-5.4904,-5.75594,-4.97356
7.88538,-14.9786,-13.2909,-10.392,-5.47041,-5.77942,-4.99104
7.89035,-14.9898,-13.3232,-10.4228,-5.42882,-5.79726,-5.03336
7.89551,-15.0003,-13.3568,-10.4533,-5.40929,-5.84125,-5.04791
7.90033,-15.0155,-13.3174,-10.4542,-5.4008,-5.86251,-5.0998
7.90536,-15.0059,-13.3156,-10.4812,-5.37436,-5.87999,-5.1108
7.91037,-15.0015,-13.2424,-10.47,-5.34861,-5.85896,-5.12838
7.91531,-15.0033,-13.2346,-10.4985,-5.36869,-5.90105,-5.14368
7.92051,-14.9996,-13.2524,-10.5328,-5.39275,-5.92811,-5.1238
7.92527,-14.999,-13.1984,-10.5231,-5.37998,-5.92666,-5.13439
7.93067,-15.0078,-13.1793,-10.5301,-5.38934,-5.90725,-5.12573
7.93539,-15.0157,-13.1659,-10.5427,-5.3575,-5.91434,-5.14332
7.94038,-15.0056,-13.1622,-10.5703,-5.34791,-5.91297,-5.11444
7.94535,-15.0052,-13.1401,-10.5779,-5.34445,-5.91779,-5.09624
7.95051,-15.0073,-13.1141,-10.5944,-5.33874,-5.92673,-5.06561
7.95542,-15.0152,-13.0818,-10.6047,-5.29688,-5.90569,-5.09585
7.9605,-15.0213,-13.053,-10.6156,-5.25932,-5.87952,-5.13348
7.96522,-15.015,-13.0241,-10.6249,-5.25437,-5.86446,-5.14031
7.97032,-15.0206,-12.9459,-10.5941,-5.26539,-5.84831,-5.1372
7.97554,-15.0448,-12.9828,-10.6346,-5.27837,-5.88034,-5.13347
7.98036,-15.0561,-12.9716,-10.6352,-5.24744,-5.88567,-5.14545
7.98533,-15.0742,-12.983,-10.6511,-5.26308,-5.89163,-5.17707
7.9905,-15.0775,-12.976,-10.6539,-5.25101,-5.89054,-5.21436
7.99533,-15.082,-12.932,-10.6299,-5.24833,-5.87021,-5.21489
8.00033,-15.0898,-12.953,-10.6534,-5.22284,-5.8812,-5.23652
8.00538,-15.0838,-12.9934,-10.6837,-5.1551,-5.91126,-5.22901
8.01036,-15.092,-12.9495,-10.6611,-5.14415,-5.92154,-5.24473
8.01528,-15.1001,-12.9211,-10.6443,-5.10606,-5.9158,-5.221
8.02053,-15.1075,-12.9427,-10.6486,-5.06777,-5.93614,-5.23312
8.0255,-15.1081,-12.9402,-10.6381,-5.06009,-5.93134,-5.23293
8.03027,-15.0907,-12.9968,-10.6644,-5.03284,-5.94524,-5.21408
8.03529,-15.0835,-13.0099,-10.6667,-5.00445,-5.95905,-5.20592
8.04029,-15.0703,-13.016,-10.6679,-4.98984,-5.95612,-5.19119
8.0454,-15.0529,-13.0483,-10.6836,-4.99358,-5.93364,-5.15595
8.0503,-15.0348,-13.0109,-10.6547,-5.02388,-5.91837,-5.18683
8.0553,-15.0221,-13.056,-10.6758,-5.03035,-5.91834,-5.23321
8.06059,-14.9827,-13.1004,-10.6949,-5.02375,-5.89725,-5.24063
8.06536,-14.9622,-13.1112,-10.6928,-5.05968,-5.90476,-5.25974
8.07036,-14.9442,-13.1288,-10.6956,-5.0765,-5.90074,-5.26194
8.07534,-14.9308,-13.1286,-10.6859,-5.10851,-5.88993,-5.24928
8.0803,-14.9148,-13.1329,-10.6869,-5.1176,-5.90368,-5.24906
8.08532,-14.8877,-13.1405,-10.7007,-5.11747,-5.91988,-5.26817
8.09058,-14.8814,-13.1434,-10.7137,-5.14224,-5.95737,-5.2378
8.09534,-14.8779,-13.1343,-10.7214,-5.14624,-5.98501,-5.25774
8.1003,-14.8594,-13.1502,-10.7435,-5.15707,-5.98935,-5.24377
8.10531,-14.84,-13.1411,-10.7519,-5.15733,-5.9991,-5.2143
8.11034,-14.8137,-13.1241,-10.7579,-5.15071,-6.00511,-5.18318
8.11532,-14.7937,-13.1195,-10.776,-5.16071,-6.00203,-5.18
8.12029,-14.7643,-13.1163,-10.7861,-5.18969,-6.00227,-5.19931
8.1254,-14.7422,-13.1238,-10.7896,-5.19913,-6.00291,-5.20057
8.13036,-14.7231,-13.106,-10.7678,-5.24153,-6.00664,-5.19081
8.13538,-14.693,-13.0668,-10.737,-5.20505,-5.98967,-5.16188
8.14039,-14.6722,-13.0172,-10.7006,-5.18842,-5.9689,-5.14046
8.14529,-14.6434,-13.0011,-10.6846,-5.14553,-5.98423,-5.14349
8.15034,-14.6117,-12.9799,-10.6646,-5.12068,-5.96739,-5.14202
8.15536,-14.5786,-12.9364,-10.6396,-5.13103,-5.94505,-5.11083
8.16052,-14.5538,-12.8893,-10.6214,-5.10264,-5.93027,-5.13363
8.16531,-14.5322,-12.8367,-10.5984,-5.09961,-5.92575,-5.07207
8.17028,-14.4943,-12.7675,-10.5704,-5.09779,-5.90519,-5.04357
8.1753,-14.461,-12.7311,-10.5701,-5.08905,-5.8976,-5.00723
8.18048,-14.4381,-12.6663,-10.5606,-5.04766,-5.89544,-4.97138
8.18531,-14.407,-12.6241,-10.5602,-5.04411,-5.897,-4.91748
8.1903,-14.3618,-12.5898,-10.5654,-4.98428,-5.88802,-4.88216
8.19529,-14.3334,-12.5368,-10.5582,-4.95517,-5.88296,-4.83425
8.20028,-14.3036,-12.4895,-10.5537,-4.90959,-5.84835,-4.80865
8.20529,-14.2752,-12.4104,-10.533,-4.8989,-5.83301,-4.72964
8.21028,-14.2358,-12.3452,-10.5195,-4.87555,-5.8063,-4.67181
8.21545,-14.1901,-12.2653,-10.5118,-4.87278,-5.79924,-4.63881
8.22029,-14.1527,-12.1769,-10.5015,-4.86779,-5.77712,-4.60622
8.22528,-14.1127,-12.0881,-10.4915,-4.85817,-5.76012,-4.59059
8.23028,-14.0612,-11.9969,-10.4791,-4.8446,-5.73148,-4.57242
8.23523,-14.007,-11.8854,-10.4552,-4.84377,-5.70275,-4.57425
8.24031,-13.9376,-11.7782,-10.4343,-4.82583,-5.67342,-4.57451
8.24528,-13.8671,-11.6928,-10.419,-4.79574,-5.64917,-4.58764
8.25031,-13.7933,-11.6109,-10.4011,-4.77998,-5.62808,-4.59531
8.25536,-13.723,-11.5364,-10.3751,-4.78401,-5.6059,-4.56628
8.26032,-13.6599,-11.4646,-10.3301,-4.7927,-5.59682,-4.50942
8.26554,-13.5942,-11.393,-10.2691,-4.79502,-5.57758,-4.45957
8.2704,-13.5261,-11.3301,-10.1972,-4.78517,-5.55531,-4.44833
8.27533,-13.4753,-11.2222,-10.0892,-4.76922,-5.51932,-4.42228
8.28028,-13.4225,-11.1243,-9.98128,-4.76501,-5.46216,-4.39169
8.28539,-13.3714,-11.0317,-9.87335,-4.70839,-5.40292,-4.35856
8.29035,-13.3253,-10.9368,-9.76236,-4.66917,-5.38767,-4.32183
8.29568,-13.2791,-10.8473,-9.65107,-4.63184,-5.34038,-4.27468
8.30032,-13.2254,-10.7793,-9.54771,-4.617,-5.3113,-4.22941
8.30541,-13.1713,-10.7114,-9.44148,-4.56498,-5.28084,-4.17764
8.31033,-13.1249,-10.6269,-9.32336,-4.59671,-5.25646,-4.13792
8.31528,-13.0812,-10.5408,-9.20776,-4.59829,-5.24381,-4.12996
8.3203,-13.0384,-10.4661,-9.10391,-4.54517,-5.21783,-4.10061
8.32525,-12.9916,-10.3904,-9.00416,-4.52577,-5.18802,-4.11356
8.33045,-12.9506,-10.3128,-8.90541,-4.5032,-5.16511,-4.09629
8.33533,-12.898,-10.255,-8.81787,-4.4512,-5.15235,-4.07143
8.34043,-12.8451,-10.2327,-8.73892,-4.39218,-5.12772,-4.05551
8.34537,-12.7913,-10.2516,-8.65621,-4.34447,-5.12002,-4.06571
8.35029,-12.7366,-10.2886,-8.5606,-4.37056,-5.1358,-4.05723
8.35542,-12.6887,-10.3456,-8.46417,-4.35947,-5.12529,-4.02668
8.36032,-12.6364,-10.3995,-8.37249,-4.3532,-5.10667,-4.01771
8.3654,-12.5819,-10.4509,-8.29174,-4.3431,-5.12302,-4.03395
8.37032,-12.5265,-10.484,-8.21499,-4.31691,-5.10773,-4.05427
8.3753,-12.464,-10.5676,-8.15935,-4.32248,-5.10239,-4.04579
8.38037,-12.4006,-10.656,-8.10268,-4.31844,-5.09229,-4.05612
8.38534,-12.3327,-10.771,-8.05027,-4.26622,-5.09141,-4.03897
8.39028,-12.2541,-10.9296,-8.02216,-4.20335,-5.09664,-4.01787
8.39538,-12.1816,-11.088,-7.9834,-4.14364,-5.08272,-3.99301
8.4003,-12.1165,-11.2353,-7.93542,-4.15002,-5.06585,-3.98576
8.40531,-12.0532,-11.3865,-7.88737,-4.16115,-5.03649,-3.95849
8.41033,-11.9779,-11.5744,-7.86637,-4.07789,-5.0117,-3.98747
8.41572,-11.9111,-11.6873,-7.8175,-4.1193,-4.9579,-3.90205
8.42031,-11.8462,-11.8028,-7.77893,-4.1465,-4.935,-3.85001
8.42525,-11.7793,-11.902,-7.72919,-4.18328,-4.94503,-3.84572
8.43021,-11.7106,-11.9909,-7.6793,-4.19488,-4.96021,-3.85176
8.43527,-11.6446,-12.0529,-7.62303,-4.24109,-4.92718,-3.82616
8.44058,-11.5764,-12.1114,-7.57433,-4.26277,-4.88568,-3.80883
8.44536,-11.5083,-12.1643,-7.53289,-4.26447,-4.83918,-3.79826
8.45033,-11.4422,-12.2208,-7.4957,-4.28451,-4.7663,-3.76893
8.45529,-11.3729,-12.273,-7.44769,-4.29335,-4.68574,-3.76767
8.46029,-11.3039,-12.3245,-7.39673,-4.28941,-4.62443,-3.77465
8.46533,-11.2318,-12.3808,-7.3567,-4.24463,-4.5745,-3.76612
8.47028,-11.1629,-12.4247,-7.31196,-4.20339,-4.52906,-3.74378
8.47528,-11.0968,-12.4594,-7.27132,-4.15783,-4.49216,-3.73166
8.48064,-11.0318,-12.4847,-7.23356,-4.10762,-4.46247,-3.72845
8.48533,-10.9669,-12.4522,-7.16923,-4.06592,-4.43689,-3.72728
8.49041,-10.8981,-12.3982,-7.11002,-4.01644,-4.42217,-3.71957
8.49533,-10.8252,-12.3196,-7.03122,-3.95658,-4.40679,-3.72284
8.50034,-10.7426,-12.301,-6.99417,-3.90821,-4.40625,-3.72176
8.50547,-10.6573,-12.2448,-6.95504,-3.8898,-4.37169,-3.68069
8.51036,-10.5726,-12.1749,-6.91328,-3.8554,-4.36735,-3.63213
8.5153,-10.4929,-12.0969,-6.86291,-3.82421,-4.34394,-3.60589
8.52032,-10.4169,-12.0147,-6.81251,-3.79674,-4.3307,-3.575
8.52533,-10.3389,-11.9695,-6.78585,-3.75198,-4.3285,-3.56527
8.53061,-10.2615,-11.9343,-6.77309,-3.65509,-4.33506,-3.55404
8.53543,-10.1962,-11.8685,-6.75148,-3.62066,-4.3414,-3.52682
8.54044,-10.1438,-11.7458,-6.69044,-3.57693,-4.34104,-3.49229
8.54524,-10.0839,-11.6355,-6.63378,-3.55226,-4.29592,-3.47883
8.55039,-10.0216,-11.5239,-6.57271,-3.52679,-4.25448,-3.45897
8.55524,-9.95468,-11.4462,-6.53666,-3.50432,-4.23688,-3.45354
8.5602,-9.88397,-11.3754,-6.51344,-3.39582,-4.22411,-3.46984
8.56541,-9.80216,-11.2856,-6.47178,-3.33258,-4.20137,-3.4397
8.57026,-9.71993,-11.1655,-6.39751,-3.26975,-4.19445,-3.43138
8.57526,-9.63339,-11.1036,-6.37388,-3.23954,-4.19764,-3.41886
8.58023,-9.5522,-11.0278,-6.34128,-3.18381,-4.18501,-3.39499
8.58522,-9.46802,-10.9563,-6.3101,-3.12142,-4.18356,-3.38473
8.59018,-9.39679,-10.8305,-6.23596,-3.11834,-4.13956,-3.37778
8.59529,-9.31835,-10.7799,-6.20541,-3.09872,-4.12015,-3.35137
8.60029,-9.24156,-10.6951,-6.13952,-3.06722,-4.08481,-3.33722
8.6053,-9.16763,-10.6165,-6.07197,-3.02323,-4.06439,-3.32171
8.61022,-9.0987,-10.5054,-5.99062,-3.00064,-4.05968,-3.34978
8.61545,-9.02873,-10.3811,-5.90699,-2.96888,-4.06064,-3.37192
8.62061,-8.95401,-10.2478,-5.84397,-2.93906,-4.04078,-3.33671
8.62533,-8.86515,-10.1522,-5.79882,-2.85192,-4.02308,-3.31225
8.6303,-8.77135,-10.0416,-5.75233,-2.7495,-3.9942,-3.29242
8.63526,-8.67528,-9.96008,-5.73063,-2.65152,-3.96177,-3.26179
8.64024,-8.58289,-9.87216,-5.70877,-2.56579,-3.93391,-3.23426
8.64525,-8.49913,-9.73631,-5.64664,-2.55957,-3.86013,-3.22813
8.6504,-8.41043,-9.64998,-5.60678,-2.52357,-3.83009,-3.20625
8.65524,-8.32892,-9.51437,-5.53452,-2.51087,-3.81143,-3.13617
8.66028,-8.23093,-9.46124,-5.50509,-2.46316,-3.77756,-3.07448
8.6654,-8.1556,-9.30723,-5.40628,-2.47245,-3.77245,-3.00645
8.67034,-8.05599,-9.2438,-5.361,-2.35532,-3.73885,-2.95108
8.67525,-7.97033,-9.13382,-5.28569,-2.33351,-3.74382,-2.86555
8.68049,-7.87915,-9.0471,-5.22038,-2.31495,-3.72645,-2.80939
8.68528,-7.78376,-8.95608,-5.14405,-2.28065,-3.71774,-2.7685
8.69042,-7.68029,-8.9355,-5.12044,-2.24439,-3.73092,-2.72523
8.69547,-7.59434,-8.83583,-5.03424,-2.22058,-3.70685,-2.67037
8.70036,-7.50016,-8.78097,-4.99293,-2.21799,-3.69693,-2.61555
8.70539,-7.40718,-8.69404,-4.92885,-2.16077,-3.64768,-2.55025
8.71028,-7.29763,-8.63904,-4.88327,-2.08501,-3.63733,-2.46212
8.71525,-7.18587,-8.57331,-4.83505,-2.00804,-3.64538,-2.38046
8.72026,-7.07601,-8.48523,-4.77594,-1.97747,-3.6564,-2.31612
8.72553,-6.972,-8.35098,-4.68731,-1.98177,-3.66471,-2.28107
8.7303,-6.87466,-8.23342,-4.61197,-1.95019,-3.6338,-2.24073
8.73551,-6.75681,-8.17236,-4.57501,-1.88582,-3.60795,-2.20833
8.74036,-6.65702,-8.10293,-4.53815,-1.81587,-3.59723,-2.16917
8.74531,-6.55258,-8.01395,-4.4847,-1.72353,-3.58054,-2.15485
8.75029,-6.46339,-7.8759,-4.39582,-1.65683,-3.57843,-2.14495
8.75519,-6.36287,-7.82033,-4.35116,-1.64123,-3.56462,-2.10384
8.76028,-6.27888,-7.69428,-4.26079,-1.57672,-3.53268,-2.06435
8.76521,-6.20358,-7.55929,-4.16821,-1.5138,-3.50036,-2.03545
8.77028,-6.13503,-7.41566,-4.07318,-1.45207,-3.46741,-2.01544
8.77527,-6.05671,-7.32503,-4.00587,-1.36776,-3.41731,-2.01565
8.78029,-5.98204,-7.22767,-3.93318,-1.28707,-3.36775,-2.01136
8.78551,-5.90201,-7.12222,-3.85245,-1.23072,-3.31036,-2.02256
8.79051,-5.81894,-6.99036,-3.76876,-1.17156,-3.24819,-2.01905
8.79532,-5.73716,-6.87654,-3.68792,-1.122,-3.20061,-2.00164
8.80028,-5.6617,-6.74927,-3.59508,-1.11806,-3.16433,-1.96489
8.80529,-5.58498,-6.62238,-3.50431,-1.10794,-3.15282,-1.91432
8.81049,-5.50647,-6.53423,-3.44057,-1.08034,-3.13362,-1.88624
8.8153,-5.415,-6.47334,-3.39016,-1.00969,-3.12779,-1.83277
8.82038,-5.32357,-6.38115,-3.31637,-0.961655,-3.10962,-1.79178
8.82545,-5.21922,-6.30636,-3.26007,-0.949935,-3.08289,-1.72176
8.83029,-5.13349,-6.18478,-3.17856,-0.876163,-3.05295,-1.67924
8.83523,-5.02897,-6.10377,-3.12796,-0.870713,-3.00997,-1.60421
8.84034,-4.93152,-6.00033,-3.05646,-0.810521,-2.97016,-1.58341
8.84522,-4.84293,-5.86653,-2.96996,-0.74484,-2.92961,-1.56013
8.8503,-4.73562,-5.74485,-2.89244,-0.721181,-2.89091,-1.54294
8.85525,-4.62386,-5.66674,-2.83983,-0.656113,-2.84758,-1.53406
8.86027,-4.51567,-5.57472,-2.78079,-0.598956,-2.81596,-1.50459
8.86518,-4.42613,-5.3857,-2.64881,-0.57352,-2.79119,-1.44659
8.87023,-4.32394,-5.25428,-2.55113,-0.559752,-2.76493,-1.40343
8.87519,-4.22596,-5.14646,-2.47227,-0.498895,-2.74382,-1.33021
8.88029,-4.13603,-5.02448,-2.37132,-0.461931,-2.72599,-1.32721
8.88524,-4.04809,-4.91494,-2.28125,-0.467499,-2.70545,-1.29638
8.89031,-3.96681,-4.78478,-2.17087,-0.493918,-2.68703,-1.21737
8.89518,-3.86835,-4.69193,-2.088,-0.443865,-2.65515,-1.15368
8.90019,-3.75861,-4.60795,-2.00888,-0.401113,-2.61774,-1.08731
8.90523,-3.66406,-4.52011,-1.91838,-0.33918,-2.58041,-1.05763
8.91019,-3.57704,-4.45257,-1.83182,-0.297243,-2.53946,-1.03088
8.9152,-3.46992,-4.45704,-1.81771,-0.155461,-2.43373,-1.03446
8.9205,-3.34346,-4.43827,-1.78704,-0.157289,-2.30455,-1.05427
8.92542,-3.22158,-4.44205,-1.77805,-0.14406,-2.16769,-1.05555
8.9304,-3.12401,-4.37911,-1.73871,-0.139297,-2.05203,-1.02928
8.93536,-3.02452,-4.31289,-1.69192,-0.0992964,-1.9549,-1.05141
8.9403,-2.92582,-4.19452,-1.62022,-0.147326,-1.86527,-1.01115
8.9453,-2.83509,-4.09662,-1.55973,-0.0881388,-1.78723,-0.978436
8.95037,-2.74879,-3.98271,-1.48552,-0.0755402,-1.70389,-0.978196
8.95537,-2.65581,-3.86865,-1.41306,-0.0255461,-1.63188,-0.985491
8.96068,-2.5637,-3.76488,-1.35029,0.00681244,-1.56243,-0.970664
8.96548,-2.48235,-3.62273,-1.24903,0.0791065,-1.51943,-0.958372
8.97037,-2.40141,-3.49674,-1.16639,0.109891,-1.48023,-0.937924
8.97539,-2.29887,-3.36501,-1.09167,0.161179,-1.47769,-0.906539
8.98031,-2.20264,-3.2562,-1.04103,0.193285,-1.44446,-0.8841
8.98546,-2.11416,-3.1282,-0.981106,0.235051,-1.42993,-0.849823
8.99035,-2.02897,-3.00312,-0.903859,0.291733,-1.42752,-0.789106
8.99541,-1.93845,-2.85254,-0.813121,0.333934,-1.4066,-0.744922
9.00029,-1.85286,-2.70338,-0.71697,0.351869,-1.40529,-0.693567
9.00536,-1.76545,-2.60987,-0.649848,0.367268,-1.41327,-0.609818
9.01041,-1.6793,-2.47946,-0.552168,0.380373,-1.41681,-0.529033
9.01538,-1.60261,-2.3229,-0.443267,0.364437,-1.43544,-0.488378
9.02044,-1.53486,-2.17787,-0.346841,0.345832,-1.43688,-0.463501
9.02538,-1.4496,-2.04668,-0.265778,0.438478,-1.43131,-0.425874
9.03045,-1.36495,-1.89822,-0.185048,0.530392,-1.43048,-0.385771
9.03539,-1.28421,-1.75621,-0.108048,0.62775,-1.43512,-0.339018
9.04057,-1.20465,-1.60871,-0.0252584,0.713728,-1.43903,-0.284299
9.04535,-1.11721,-1.46957,0.0623411,0.758211,-1.42961,-0.23401
9.05027,-1.02874,-1.3312,0.150826,0.812155,-1.42038,-0.181562
9.05558,-0.932946,-1.19733,0.223411,0.874951,-1.39896,-0.16028
9.06052,-0.825936,-1.09022,0.303656,0.939979,-1.393,-0.131959
9.06531,-0.720425,-0.984231,0.390911,0.996954,-1.38042,-0.103062
9.07064,-0.624041,-0.821852,0.502095,0.981602,-1.34485,-0.0656292
9.07531,-0.535892,-0.735106,0.567361,1.04289,-1.30367,-0.0224269
9.08029,-0.458276,-0.653413,0.638089,1.10972,-1.27195,0.00488784
9.08537,-0.363657,-0.617757,0.691779,1.19821,-1.25652,0.0365916
9.09028,-0.272643,-0.534136,0.770759,1.24503,-1.20779,0.10398
9.0953,-0.193546,-0.409365,0.872706,1.29097,-1.16992,0.111495
9.10039,-0.0744679,-0.417196,0.887459,1.40744,-1.10367,0.115807
9.10541,0.0295995,-0.34111,0.944572,1.48092,-1.04283,0.0998345
9.11034,0.130979,-0.250748,0.998265,1.55928,-0.997685,0.0899217
9.1153,0.237018,-0.139452,1.06715,1.64041,-0.945262,0.108846
9.12055,0.339594,-0.0491012,1.11809,1.72588,-0.888782,0.131787
9.12536,0.441259,0.0256003,1.15238,1.8053,-0.821188,0.1217
9.13044,0.569368,0.0912103,1.17261,1.91302,-0.753088,0.139228
9.13546,0.666868,0.178588,1.21399,1.94455,-0.717976,0.167368
9.14044,0.765965,0.290544,1.28282,1.97271,-0.695806,0.212551
9.14532,0.847433,0.413138,1.35369,2.01725,-0.685476,0.246111
9.15046,0.943878,0.505239,1.41309,2.01185,-0.641806,0.313181
9.15536,1.02887,0.638148,1.51014,2.00111,-0.61923,0.383014
9.16028,1.11674,0.696656,1.57176,2.09477,-0.601932,0.398491
9.16529,1.23086,0.74512,1.63377,2.18639,-0.586455,0.461086
9.17026,1.31315,0.847814,1.71738,2.23682,-0.574646,0.543937
9.17527,1.41162,0.986717,1.83276,2.28263,-0.561581,0.589711
9.18046,1.50579,1.1475,1.95289,2.34955,-0.537169,0.654855
9.18527,1.60039,1.28009,2.04386,2.34813,-0.513554,0.695072
9.1903,1.72398,1.38328,2.12212,2.40447,-0.473836,0.793028
9.19529,1.83274,1.46917,2.19064,2.49478,-0.417067,0.871075
9.20029,1.94412,1.58761,2.26707,2.59448,-0.356637,0.934695
9.20523,2.04375,1.70808,2.34207,2.6597,-0.328998,1.00507
9.21028,2.14327,1.84442,2.42497,2.71424,-0.326156,1.08158
9.21534,2.26487,1.94212,2.4849,2.80221,-0.290422,1.14127
9.22024,2.35611,2.08106,2.58582,2.81552,-0.294151,1.18132
9.22545,2.46595,2.12993,2.63498,2.87549,-0.252702,1.22904
9.23022,2.56017,2.24889,2.73037,2.90698,-0.254608,1.2899
9.23523,2.66185,2.36986,2.82648,2.89287,-0.259237,1.29722
9.24037,2.74501,2.4957,2.91817,2.90326,-0.244014,1.33404
9.24558,2.83974,2.58983,2.99758,2.96464,-0.233251,1.39069
9.25019,2.92296,2.69566,3.0768,3.00781,-0.214042,1.43753
9.25526,2.9968,2.8138,3.16313,3.04852,-0.19227,1.50527
9.2602,3.06793,2.94367,3.26109,3.12925,-0.172054,1.58046
9.26524,3.14432,3.05571,3.3448,3.15988,-0.148382,1.62138
9.27019,3.21468,3.18855,3.43779,3.17624,-0.108038,1.67251
9.27523,3.28815,3.30175,3.5246,3.22199,-0.0730575,1.75003
9.28025,3.36529,3.38898,3.60012,3.29218,-0.0426322,1.79241
9.28523,3.45127,3.50708,3.67725,3.34399,0.0483173,1.82095
9.29025,3.53471,3.63012,3.75893,3.44144,0.108158,1.8513
9.29532,3.59668,3.7593,3.85367,3.4651,0.16813,1.89634
9.30028,3.67016,3.82327,3.91518,3.55765,0.238441,1.94853
9.30522,3.74413,3.96689,4.03035,3.57336,0.302912,2.01616
9.31021,3.8353,4.05778,4.10614,3.6292,0.389062,2.0722
9.31517,3.93162,4.15082,4.18838,3.67509,0.485031,2.13487
9.32025,4.04715,4.23104,4.25538,3.69927,0.589825,2.20218
9.32519,4.15412,4.32472,4.3307,3.69957,0.687214,2.25243
9.33025,4.24884,4.44856,4.42104,3.65246,0.743124,2.31034
9.33538,4.35814,4.5301,4.48486,3.65046,0.838967,2.35668
9.34038,4.46556,4.64189,4.55678,3.70535,0.911748,2.39792
9.34533,4.56543,4.77561,4.64073,3.72177,0.963434,2.41954
9.35046,4.66064,4.92396,4.72104,3.74263,0.991253,2.43808
9.35522,4.77588,4.99162,4.74286,3.81548,1.05038,2.47265
9.36025,4.88073,5.10301,4.7986,3.86705,1.09636,2.50576
9.36526,4.98589,5.13072,4.804,3.96837,1.13986,2.53799
9.37019,5.07064,5.26128,4.88525,3.95539,1.17925,2.58299
9.37564,5.16903,5.38028,4.97159,4.0038,1.20782,2.60503
9.38029,5.24004,5.52531,5.07266,4.05184,1.20743,2.63673
9.38531,5.34062,5.62038,5.15227,4.07202,1.2548,2.65847
9.39039,5.41554,5.74905,5.25959,4.12039,1.26005,2.6563
9.39528,5.50772,5.85565,5.34092,4.19064,1.30203,2.65086
9.4005,5.58504,6.00973,5.45455,4.13947,1.31711,2.65997
9.40531,5.67845,6.12304,5.54653,4.14045,1.32953,2.70126
9.41024,5.77935,6.23117,5.64332,4.16168,1.36823,2.71434
9.41526,5.88286,6.32543,5.69599,4.2508,1.38644,2.71412
9.42036,6.00526,6.38695,5.71439,4.28516,1.42743,2.72303
9.42542,6.09798,6.44331,5.72981,4.29773,1.48615,2.74039
9.43034,6.19481,6.50828,5.76214,4.29967,1.48546,2.79716
9.43525,6.28575,6.58439,5.81054,4.29995,1.44971,2.87311
9.44044,6.377,6.67413,5.87951,4.24816,1.38732,2.95409
9.44533,6.45756,6.71056,5.91563,4.22901,1.36005,3.00304
9.4503,6.54713,6.74741,5.95492,4.23045,1.34086,3.04005
9.45544,6.62472,6.78189,5.98269,4.27449,1.32163,3.06234
9.46031,6.69831,6.81848,6.01247,4.32139,1.35583,3.07535
9.46524,6.77099,6.89145,6.05816,4.33992,1.35898,3.08921
9.47025,6.84864,6.99796,6.12761,4.34858,1.37251,3.1071
9.47531,6.9034,7.1007,6.19047,4.36574,1.38497,3.13208
9.48046,6.9692,7.24545,6.27786,4.39073,1.39705,3.16448
9.48534,7.03767,7.39231,6.36028,4.40864,1.41021,3.2081
9.49037,7.12595,7.50456,6.39866,4.46271,1.45418,3.24848
9.49521,7.22121,7.61345,6.44172,4.54544,1.4949,3.29752
9.50023,7.32058,7.72965,6.49273,4.60541,1.53992,3.35703
9.50546,7.41084,7.85703,6.55082,4.65008,1.57926,3.37089
9.5103,7.49698,7.94704,6.58611,4.66108,1.59764,3.35666
9.51524,7.57805,8.04472,6.63014,4.65336,1.60869,3.32861
9.52038,7.66492,8.1755,6.70964,4.64566,1.62446,3.28611
9.52522,7.76622,8.28131,6.77775,4.56794,1.64988,3.23743
9.53045,7.84233,8.39917,6.8577,4.58256,1.65938,3.18737
9.53526,7.91378,8.46008,6.89495,4.5985,1.6927,3.13956
9.54039,8.00019,8.53241,6.94962,4.62705,1.71537,3.08535
9.54528,8.08161,8.64964,7.02744,4.58219,1.72113,3.03004
9.5503,8.15958,8.74816,7.10149,4.56896,1.74484,2.97265
9.55524,8.24258,8.84314,7.18387,4.55064,1.77984,2.92513
9.56057,8.34543,8.90586,7.25807,4.54936,1.82348,2.90317
9.56537,8.43065,8.99984,7.3306,4.61093,1.85539,2.89658
9.57019,8.52117,9.1014,7.40111,4.66824,1.8943,2.92954
9.5753,8.62642,9.18471,7.45283,4.72716,1.96054,2.9756
9.58028,8.71422,9.30777,7.5192,4.76259,2.01265,3.02255
9.58564,8.81232,9.43549,7.58472,4.80694,2.07828,3.07063
9.59025,8.91052,9.55607,7.65245,4.85079,2.14064,3.10534
9.59531,8.99163,9.6298,7.70156,4.94036,2.18384,3.1352
9.60042,9.07661,9.68106,7.7471,5.04098,2.24152,3.18923
9.60559,9.1494,9.69371,7.77999,5.14637,2.28372,3.28263
9.61029,9.20633,9.75851,7.84925,5.19668,2.31577,3.34426
9.61521,9.26413,9.81325,7.92178,5.25571,2.34677,3.42989
9.62018,9.32632,9.82823,7.9624,5.34526,2.3771,3.53652
9.62518,9.40275,9.83238,7.98759,5.37085,2.41534,3.64873
9.63034,9.46803,9.85155,8.01423,5.41786,2.45145,3.75641
9.63529,9.53063,9.88938,8.0491,5.45829,2.47831,3.87762
9.64032,9.59356,9.92802,8.08974,5.50118,2.47088,3.9844
9.64548,9.63658,9.99911,8.14563,5.57641,2.44357,4.08563
9.6503,9.69818,10.0139,8.15815,5.63493,2.45458,4.15304
9.65528,9.74753,10.1354,8.23105,5.6226,2.452,4.20751
9.66028,9.78949,10.2101,8.24898,5.6508,2.48794,4.24726
9.66524,9.83829,10.2918,8.25498,5.65481,2.54545,4.28629
9.67039,9.9022,10.4182,8.27043,5.62024,2.60755,4.35152
9.67533,9.96536,10.5505,8.27792,5.60511,2.66013,4.38863
9.68039,10.0532,10.6617,8.27302,5.5899,2.71054,4.40672
9.68524,10.1324,10.7505,8.25405,5.55295,2.74396,4.42686
9.69038,10.2128,10.841,8.24137,5.51591,2.77125,4.46509
9.6954,10.2939,10.9067,8.21934,5.47289,2.81022,4.48343
9.70027,10.3487,11.0291,8.22936,5.47919,2.81312,4.48504
9.70531,10.4083,11.1379,8.24045,5.48432,2.80513,4.48591
9.71032,10.4848,11.1903,8.22885,5.50138,2.80699,4.4779
9.71523,10.5648,11.2561,8.23457,5.5001,2.82834,4.49546
9.72056,10.6259,11.3172,8.24792,5.49368,2.82748,4.47373
9.72543,10.6917,11.3554,8.25024,5.5514,2.81821,4.51847
9.7303,10.7513,11.3675,8.23644,5.61896,2.81769,4.55533
9.73536,10.8183,11.4056,8.24467,5.65036,2.81174,4.58571
9.74032,10.8805,11.4511,8.25225,5.70163,2.82005,4.62849
9.74524,10.9095,11.4651,8.24202,5.73254,2.82657,4.66222
9.75051,10.9575,11.5433,8.27204,5.73945,2.82409,4.69332
9.7554,10.9981,11.6063,8.27857,5.78175,2.84031,4.70936
9.76034,11.0362,11.6951,8.30601,5.7928,2.84579,4.75595
9.76544,11.0851,11.7913,8.34477,5.80639,2.85169,4.80552
9.77027,11.1385,11.8388,8.3505,5.82153,2.88409,4.80952
9.77529,11.1625,11.9246,8.37939,5.85363,2.88909,4.85063
9.78024,11.2154,12.0154,8.42036,5.8748,2.89973,4.90885
9.7854,11.2484,12.107,8.4754,5.87694,2.89222,4.95881
9.7903,11.3008,12.1313,8.49446,5.87688,2.91244,4.99693
9.79528,11.3311,12.1878,8.53743,5.87872,2.92816,5.04792
9.80031,11.3907,12.1923,8.55886,5.88249,2.95339,5.08634
9.80525,11.4159,12.2459,8.61353,5.90498,2.92284,5.09075
9.81034,11.4726,12.2887,8.67158,5.88398,2.91011,5.10336
9.81542,11.5249,12.3474,8.74372,5.91475,2.89481,5.13478
9.82026,11.599,12.3189,8.74849,5.92485,2.93493,5.14137
9.82539,11.6498,12.3604,8.81327,5.91292,2.94109,5.14231
9.83025,11.7119,12.3292,8.82046,5.93255,2.97555,5.14105
9.83526,11.7645,12.3633,8.86878,5.90923,2.9858,5.12804
9.84038,11.8063,12.3797,8.90711,5.90458,3.0011,5.09928
9.84546,11.8884,12.4113,8.96484,5.84697,3.00569,5.0793
9.85028,11.9439,12.4426,9.00503,5.80301,3.04433,5.06729
9.8554,11.9964,12.4709,9.04836,5.76826,3.10008,5.05866
9.86031,12.0459,12.4936,9.09171,5.78895,3.13753,5.07596
9.86557,12.0854,12.54,9.14704,5.74866,3.14457,5.12059
9.87029,12.1377,12.5775,9.19548,5.72815,3.14952,5.13728
9.87535,12.1577,12.6182,9.23015,5.71537,3.15287,5.16989
9.88038,12.2175,12.6682,9.28694,5.69006,3.1511,5.20604
9.88534,12.23,12.7586,9.32923,5.69335,3.13754,5.24591
9.89051,12.2626,12.8585,9.36549,5.68814,3.15927,5.27836
9.89544,12.2935,12.9787,9.40543,5.68823,3.17495,5.26774
9.90029,12.3296,13.0861,9.44606,5.70285,3.21113,5.26062
9.90533,12.3728,13.1784,9.46651,5.67355,3.27398,5.25221
9.91032,12.4143,13.2959,9.54252,5.70235,3.3064,5.3201
9.91523,12.4706,13.2793,9.55437,5.75137,3.39186,5.28592
9.92028,12.503,13.2462,9.55364,5.75591,3.44565,5.25201
9.92529,12.5261,13.2398,9.57049,5.82995,3.5117,5.25178
9.93051,12.5625,13.2432,9.59707,5.85402,3.5641,5.2607
9.93538,12.5641,13.2227,9.59386,5.91274,3.60732,5.24009
9.94058,12.6047,13.1141,9.53552,5.93344,3.66223,5.22073
9.94529,12.6094,13.0801,9.54273,6.00158,3.67657,5.22619
9.95058,12.6273,13.1134,9.58203,6.03019,3.66356,5.21522
9.95527,12.6338,13.0971,9.59199,6.01539,3.67939,5.2064
9.96031,12.6497,13.0637,9.58348,6.05503,3.69363,5.20487
9.96527,12.6634,13.0305,9.57803,6.09459,3.69928,5.22144
9.97032,12.6549,13.007,9.57983,6.08926,3.69691,5.2313
9.97528,12.6532,12.9763,9.58838,6.07135,3.68713,5.23642
9.98024,12.6633,12.9289,9.57161,6.04791,3.70748,5.21672
9.98535,12.6701,12.9074,9.58127,6.06818,3.73072,5.2017
9.99029,12.6862,12.9197,9.61137,6.06982,3.73745,5.15572
9.99534,12.7089,12.8948,9.61324,6.05398,3.75051,5.13641
10.0003,12.7264,12.878,9.62011,6.07828,3.75025,5.14514
10.0055,12.7372,12.9128,9.66071,6.10328,3.72579,5.18979
10.0104,12.7635,12.9188,9.68317,6.12933,3.70785,5.20173
10.0155,12.7865,12.9285,9.69638,6.13398,3.68293,5.2127
10.0203,12.8137,12.9673,9.7316,6.1229,3.64347,5.15979
10.0253,12.8505,12.998,9.75152,6.12513,3.62015,5.14965
10.0305,12.885,13.0015,9.75398,6.11509,3.58791,5.16225
10.0353,12.8998,13.0018,9.75475,6.1152,3.56147,5.14243
10.0405,12.9233,12.9925,9.75427,6.0953,3.53478,5.14237
10.0453,12.9505,12.9803,9.76227,6.07597,3.5045,5.12386
10.0504,12.981,12.9859,9.7885,6.06294,3.48586,5.16521
10.0556,13.0158,12.9771,9.79817,6.04364,3.48731,5.18203
10.0602,13.0384,12.9432,9.78317,6.04646,3.49897,5.20732
10.0652,13.068,12.9199,9.77268,6.02319,3.51037,5.24094
10.0704,13.0933,12.899,9.76375,6.00577,3.51275,5.24374
10.0753,13.1267,12.8873,9.77261,5.9696,3.50035,5.22477
10.0803,13.1525,12.8772,9.78048,5.93143,3.48707,5.22964
10.0855,13.1656,12.8037,9.73888,5.89274,3.49604,5.22361
10.0905,13.1798,12.7631,9.72663,5.86383,3.49023,5.22357
10.0954,13.1932,12.7511,9.7291,5.83062,3.47189,5.2348
10.1004,13.2299,12.7027,9.6945,5.79115,3.48801,5.23081
10.1053,13.235,12.7392,9.6754,5.75152,3.49669,5.21116
10.1103,13.2438,12.809,9.65376,5.7113,3.50767,5.17234
10.1153,13.2563,12.8341,9.59768,5.67763,3.5358,5.17182
10.1205,13.2735,12.8677,9.55088,5.63374,3.56234,5.18792
10.1254,13.2691,12.8935,9.51975,5.57919,3.57886,5.18978
10.1304,13.2544,12.9292,9.48551,5.5341,3.60501,5.21588
10.1355,13.2547,13.0065,9.47757,5.48918,3.62152,5.2489
10.1403,13.2683,13.1002,9.46131,5.45398,3.62696,5.23986
10.1454,13.2629,13.2039,9.4297,5.42977,3.64593,5.25035
10.1505,13.2538,13.3842,9.44421,5.41197,3.65105,5.2747
10.1553,13.2429,13.568,9.45764,5.40017,3.63109,5.30607
10.1604,13.2325,13.747,9.46387,5.39161,3.61458,5.3085
10.1653,13.2316,13.9183,9.44063,5.39502,3.61904,5.31521
10.1703,13.2463,14.1402,9.44247,5.41381,3.59991,5.31789
10.1753,13.2439,14.3209,9.42727,5.46725,3.56706,5.26102
10.1805,13.2522,14.4992,9.40822,5.54378,3.54973,5.26657
10.1856,13.2547,14.6509,9.37342,5.61615,3.53534,5.2464
10.1905,13.2704,14.8357,9.3736,5.68962,3.47326,5.24514
10.1954,13.2832,14.9362,9.32563,5.76997,3.42897,5.23911
10.2003,13.2981,15.0217,9.27437,5.86431,3.36504,5.24274
10.2053,13.3106,15.1438,9.26506,5.95866,3.26539,5.229
10.2102,13.3228,15.2421,9.23191,6.06252,3.17574,5.20957
10.2155,13.333,15.3319,9.20292,6.16306,3.09581,5.18237
10.2203,13.3336,15.3952,9.1591,6.26297,3.03632,5.14105
10.2255,13.3392,15.5011,9.15722,6.34619,2.97952,5.13597
10.2303,13.3458,15.5476,9.12239,6.42221,2.95269,5.14721
10.2354,13.3615,15.576,9.08462,6.48409,2.94328,5.15819
10.2403,13.3773,15.5692,9.03176,6.54463,2.93005,5.15952
10.2453,13.391,15.5658,8.99796,6.5766,2.91296,5.14986
10.2504,13.413,15.5353,8.96428,6.58668,2.90146,5.13997
10.2553,13.4026,15.5623,8.96675,6.5973,2.85861,5.12825
10.2603,13.4006,15.5611,8.96622,6.5885,2.82048,5.13287
10.2653,13.383,15.5631,8.97691,6.56406,2.77671,5.16333
10.2703,13.344,15.5228,8.97239,6.52789,2.74305,5.10943
10.2753,13.3025,15.4631,8.94854,6.49731,2.71896,5.07426
10.2804,13.2571,15.394,8.9233,6.45826,2.70313,4.97417
10.2853,13.2035,15.3001,8.87396,6.42907,2.69391,4.96435
10.2905,13.1607,15.2327,8.85532,6.3805,2.6659,4.94033
10.2953,13.1244,15.1761,8.83817,6.33338,2.63793,4.91318
10.3003,13.1069,15.0614,8.77908,6.27597,2.64706,4.881
10.3053,13.0736,14.9683,8.72774,6.22741,2.64549,4.87421
10.3103,13.0544,14.8527,8.67162,6.18472,2.65094,4.8114
10.3152,13.0494,14.7717,8.65459,6.14963,2.64386,4.80289
10.3202,13.0555,14.6242,8.59523,6.1218,2.66027,4.75118
10.3253,13.0635,14.5614,8.61879,6.0782,2.64909,4.71007
10.3306,13.084,14.3947,8.57267,6.03349,2.67056,4.67264
10.3352,13.0976,14.2425,8.52877,5.97926,2.69435,4.622
10.3404,13.128,14.1223,8.50671,5.93585,2.71793,4.57377
10.3453,13.149,14.034,8.49644,5.86629,2.71865,4.52593
10.3504,13.1907,14.0102,8.52237,5.80083,2.69765,4.50133
10.3553,13.2229,13.8692,8.45631,5.72106,2.72399,4.47124
10.3607,13.265,13.7541,8.41361,5.6481,2.73213,4.43669
10.3657,13.3069,13.6791,8.38399,5.59342,2.73108,4.39356
10.3704,13.3283,13.5851,8.33575,5.53393,2.7317,4.35351
10.3755,13.3499,13.5251,8.29399,5.45611,2.72916,4.33972
10.3806,13.3867,13.4355,8.21829,5.3729,2.76135,4.31215
10.3855,13.4216,13.3926,8.17609,5.31753,2.78285,4.31738
10.3904,13.4523,13.3458,8.11759,5.26986,2.81925,4.32317
10.3953,13.5103,13.284,8.03215,5.21807,2.87984,4.30388
10.4005,13.549,13.2938,7.99089,5.14821,2.91151,4.28045
10.4056,13.5877,13.2993,7.93002,5.07935,2.95151,4.24231
10.4105,13.606,13.2692,7.85284,5.04816,3.01024,4.21674
10.4153,13.6276,13.3125,7.82327,4.98706,3.05502,4.22854
10.4204,13.643,13.3137,7.75465,4.93228,3.11334,4.17839
10.4254,13.628,13.3331,7.74692,4.88171,3.14577,4.15816
10.4303,13.5871,13.1716,7.67823,4.8675,3.19458,4.09616
10.4352,13.5277,13.1315,7.70403,4.79942,3.1572,4.08005
10.4404,13.462,13.0079,7.65882,4.77191,3.16019,4.08767
10.4453,13.4174,12.8916,7.60894,4.74002,3.17766,4.08985
10.4503,13.3432,12.8171,7.58436,4.69649,3.17321,4.0778
10.4553,13.2557,12.6508,7.50366,4.65908,3.18033,4.05324
10.4603,13.2148,12.584,7.49693,4.57862,3.15959,4.02155
10.4655,13.1927,12.4932,7.48095,4.4946,3.13578,3.99689
10.4703,13.1858,12.3751,7.44461,4.4336,3.11974,4.00416
10.4753,13.1479,12.241,7.37725,4.3905,3.09604,3.97301
10.4804,13.0984,12.108,7.29486,4.39209,3.07584,3.96888
10.4853,13.0646,12.0239,7.25072,4.39177,3.03999,3.96936
10.4903,13.0071,11.904,7.17882,4.40281,2.98821,3.89342
10.4954,12.9607,11.7894,7.1015,4.43017,2.93711,3.83524
10.5003,12.9176,11.6941,7.0248,4.43591,2.88382,3.7761
10.5055,12.8497,11.6673,6.99297,4.40006,2.78919,3.74018
10.5105,12.8146,11.6277,6.9427,4.35486,2.68413,3.7056
10.5153,12.7358,11.5482,6.86438,4.35383,2.58175,3.68201
10.5204,12.715,11.4493,6.77712,4.32365,2.50395,3.67985
10.5253,12.656,11.3373,6.67641,4.32388,2.41616,3.64527
10.5304,12.6295,11.2949,6.61272,4.29603,2.32227,3.64146
10.5354,12.5878,11.2766,6.57553,4.24982,2.21864,3.63343
10.5404,12.542,11.208,6.50251,4.24995,2.13233,3.62396
10.5452,12.4911,11.1644,6.45084,4.23511,2.05799,3.61413
10.5505,12.4479,11.1387,6.4288,4.2158,1.9672,3.55166
10.5553,12.3982,11.0251,6.3488,4.19301,1.91318,3.50817
10.5603,12.3682,10.9409,6.29907,4.14972,1.86156,3.4668
10.5654,12.3223,10.8657,6.25412,4.13194,1.81481,3.43709
10.5703,12.2517,10.7755,6.18312,4.08133,1.80154,3.39012
10.5752,12.205,10.7412,6.14933,4.02069,1.7797,3.34835
10.5804,12.1427,10.6716,6.08738,4.0134,1.80852,3.31601
10.5854,12.0614,10.6249,6.03003,3.9626,1.84654,3.29327
10.5904,12.0112,10.6496,6.02963,3.94039,1.89121,3.22152
10.5953,11.945,10.5757,5.95453,3.88217,1.96898,3.17901
10.6003,11.8853,10.4668,5.86466,3.83621,2.08174,3.13405
10.6052,11.7982,10.5065,5.85653,3.78507,2.16105,3.08413
10.6103,11.7232,10.4262,5.7773,3.79286,2.28527,3.03478
10.6153,11.662,10.3308,5.6896,3.79377,2.42304,2.98509
10.6202,11.5905,10.2287,5.57934,3.75503,2.55178,2.96366
10.6252,11.5354,10.1233,5.45893,3.70899,2.67554,2.94306
10.6302,11.4898,9.96215,5.31994,3.6689,2.8272,2.90326
10.6352,11.3759,9.92347,5.2437,3.63556,2.92464,2.8644
10.6404,11.2797,9.8671,5.16228,3.61028,3.02397,2.82553
10.6454,11.1862,9.78946,5.07543,3.56679,3.11459,2.77956
10.6504,11.078,9.67802,4.96774,3.57619,3.18402,2.7146
10.6553,11.0029,9.62731,4.90821,3.52665,3.24353,2.7026
10.6603,10.9455,9.59037,4.85946,3.47951,3.2942,2.68846
10.6654,10.8698,9.44817,4.72774,3.43312,3.3881,2.68311
10.6702,10.7848,9.40742,4.65297,3.42006,3.43708,2.63103
10.6752,10.718,9.3773,4.58595,3.35046,3.47993,2.61131
10.6804,10.6315,9.36838,4.5306,3.32075,3.49097,2.55994
10.6853,10.5759,9.33717,4.47539,3.24249,3.48607,2.56213
10.6903,10.4567,9.35734,4.457,3.20597,3.43231,2.53185
10.6954,10.3686,9.29278,4.38958,3.13232,3.37902,2.48532
10.7003,10.3017,9.19115,4.31701,3.07881,3.33521,2.48928
10.7054,10.198,9.0712,4.23534,2.99697,3.25601,2.42877
10.7104,10.1048,8.93544,4.14868,2.93833,3.16395,2.37693
10.7153,10.0118,8.84164,4.09085,2.88411,3.04888,2.34686
10.7205,9.91495,8.72187,4.01774,2.84117,2.93922,2.31037
10.7253,9.84765,8.62056,3.95492,2.822,2.82694,2.31325
10.7306,9.76396,8.56445,3.91539,2.76853,2.6864,2.30935
10.7355,9.69553,8.55147,3.90356,2.69321,2.54451,2.31002
10.7406,9.62138,8.46312,3.83737,2.66867,2.40271,2.31174
10.7453,9.54992,8.41702,3.80027,2.60907,2.26113,2.33379
10.7503,9.46972,8.3246,3.74334,2.5762,2.1286,2.33666
10.7552,9.36382,8.25241,3.6847,2.56349,1.98012,2.32319
10.7602,9.30419,8.10254,3.57944,2.53648,1.87542,2.31679
10.7653,9.20613,7.93203,3.46564,2.52932,1.76414,2.25379
10.7706,9.13775,7.80033,3.38359,2.51181,1.67636,2.19254
10.7753,9.05096,7.71323,3.33614,2.50394,1.5662,2.20138
10.7802,8.97515,7.6115,3.28508,2.49427,1.46987,2.19753
10.7855,8.90883,7.4656,3.19799,2.4817,1.40065,2.17905
10.7902,8.83942,7.3622,3.1514,2.45041,1.3051,2.1434
10.7953,8.7447,7.30185,3.12236,2.39427,1.20245,2.12069
10.8004,8.64304,7.15275,3.03043,2.41579,1.12128,2.08417
10.8053,8.58238,7.03926,2.96779,2.38001,1.04258,2.03998
10.8103,8.46946,6.97223,2.924,2.33531,0.948562,2.00507
10.8154,8.36589,6.87415,2.85362,2.30529,0.878698,1.96805
10.8204,8.27716,6.74343,2.76121,2.29294,0.812317,1.92124
10.8254,8.15439,6.67866,2.70813,2.25305,0.745237,1.88685
10.8304,8.05923,6.5094,2.59488,2.22444,0.713817,1.79657
10.8352,7.94768,6.38546,2.5121,2.20335,0.651413,1.75226
10.8404,7.81709,6.30779,2.45771,2.16205,0.542248,1.71222
10.8454,7.74494,6.16934,2.36595,2.11826,0.478717,1.62933
10.8503,7.65904,6.0699,2.30516,2.06391,0.413457,1.56755
10.8553,7.54914,5.98755,2.24208,1.99167,0.335471,1.52685
10.8603,7.4086,5.9172,2.17888,1.9499,0.238971,1.48022
10.8654,7.32198,5.84074,2.11646,1.86837,0.168346,1.44008
10.8703,7.22908,5.74612,2.03775,1.80736,0.114111,1.4045
10.8753,7.16167,5.72126,1.99615,1.74418,0.0574965,1.36449
10.8803,7.0933,5.6933,1.9446,1.65305,-0.00763895,1.33708
10.8853,7.00763,5.56713,1.80925,1.58485,-0.0424796,1.31331
10.8903,6.95921,5.40529,1.67302,1.51031,-0.0623042,1.30525
10.8954,6.8929,5.28542,1.55372,1.42874,-0.118245,1.27949
10.9002,6.8254,5.16888,1.44449,1.34167,-0.163137,1.28032
10.9055,6.76527,5.09631,1.36362,1.2791,-0.226351,1.22296
10.9103,6.65685,5.01728,1.28188,1.26776,-0.316751,1.21335
10.9152,6.53349,4.93834,1.24691,1.24569,-0.444355,1.18187
10.9203,6.3194,4.85344,1.20351,1.23969,-0.604468,1.14235
10.9252,6.13754,4.76785,1.15543,1.22298,-0.717617,1.09868
10.9305,5.92505,4.70965,1.1287,1.19558,-0.825863,1.08056
10.9354,5.78376,4.56844,1.0442,1.17572,-0.844467,1.053
10.9403,5.63056,4.53201,1.02759,1.12525,-0.89674,1.00798
10.9452,5.49376,4.43551,0.966484,1.0957,-0.933404,0.939243
10.9503,5.35303,4.27523,0.862876,1.07087,-0.93271,0.899705
10.9552,5.22894,4.19052,0.801562,1.03821,-0.949792,0.879474
10.9603,5.11344,4.01746,0.677264,1.01696,-0.937109,0.842892
10.9653,5.01982,3.84284,0.554572,1.00667,-0.922856,0.800556
10.9702,4.92657,3.7395,0.487415,0.989069,-0.923041,0.763806
10.9752,4.82317,3.66481,0.440061,0.932057,-0.95511,0.736948
10.9805,4.67374,3.56247,0.381844,0.928244,-1.02659,0.660043
10.9856,4.54354,3.49546,0.340742,0.868424,-1.09169,0.592611
10.9902,4.44734,3.31466,0.218888,0.816376,-1.11555,0.57468
10.9953,4.29646,3.23206,0.16049,0.783778,-1.20674,0.54528
11.0004,4.18069,3.05801,0.0366737,0.790284,-1.25321,0.52342
11.0053,4.06198,2.94791,-0.0500672,0.755843,-1.32327,0.491591
11.0102,3.95873,2.76657,-0.18363,0.715509,-1.34709,0.495938
11.0152,3.8379,2.61924,-0.29027,0.684082,-1.34969,0.450419
11.0202,3.71489,2.51818,-0.341672,0.625097,-1.39186,0.410851
11.0252,3.61014,2.39334,-0.390845,0.578864,-1.4264,0.362146
11.0303,3.49556,2.2673,-0.447442,0.52808,-1.43459,0.309379
11.0352,3.38791,2.18913,-0.463562,0.457334,-1.47887,0.258483
11.0403,3.29041,2.11229,-0.476513,0.378182,-1.50569,0.20112
11.0453,3.1786,1.98523,-0.537322,0.318142,-1.51183,0.163557
11.0505,3.08933,1.93379,-0.545419,0.239307,-1.53178,0.126523
11.0554,2.99673,1.87112,-0.562705,0.175811,-1.55531,0.0982023
11.0607,2.84643,1.75004,-0.638165,0.147887,-1.60681,0.0720734
11.0654,2.71607,1.6461,-0.695844,0.0675696,-1.64855,0.0602208
11.0703,2.5862,1.49473,-0.800814,0.0210265,-1.71394,0.0482245
11.0755,2.47754,1.27639,-0.942083,-0.0266438,-1.73326,0.0271953
11.0806,2.3489,1.14754,-1.02781,-0.0918749,-1.80443,0.00779804
11.0854,2.20771,1.03627,-1.09158,-0.13805,-1.90453,-0.0218383
11.0905,2.03911,0.910365,-1.17862,-0.183479,-1.9836,-0.0615388
11.0953,1.8885,0.846056,-1.21263,-0.239435,-2.08428,-0.126739
11.1003,1.7475,0.714313,-1.30324,-0.289845,-2.15704,-0.167819
11.1054,1.63508,0.617651,-1.36547,-0.304151,-2.21856,-0.211788
11.1103,1.54442,0.526079,-1.43478,-0.363208,-2.25486,-0.273409
11.1153,1.38016,0.46007,-1.49082,-0.388563,-2.32252,-0.324255
11.1203,1.25227,0.327556,-1.6026,-0.397369,-2.34698,-0.356053
11.1252,1.16119,0.251736,-1.68281,-0.422969,-2.35978,-0.407227
11.1305,1.03972,0.109595,-1.78591,-0.404548,-2.35859,-0.434698
11.1354,0.890403,-0.0622076,-1.87501,-0.399537,-2.37631,-0.461213
11.1403,0.749498,-0.194957,-1.93758,-0.43834,-2.39699,-0.486241
11.1453,0.599051,-0.273692,-1.96523,-0.465587,-2.46631,-0.528564
11.1504,0.454652,-0.380212,-2.02062,-0.524112,-2.507,-0.584936
11.1553,0.273656,-0.441137,-2.04456,-0.538226,-2.58351,-0.631178
11.1603,0.136745,-0.506336,-2.08833,-0.582773,-2.62781,-0.673721
11.1654,0.00487144,-0.567023,-2.14283,-0.620818,-2.67217,-0.704998
11.1702,-0.110755,-0.66327,-2.22894,-0.698157,-2.70854,-0.733137
11.1752,-0.253435,-0.777092,-2.32289,-0.714191,-2.75209,-0.778945
11.1803,-0.354802,-0.875618,-2.41647,-0.755781,-2.78228,-0.83715
11.1853,-0.471162,-0.974276,-2.52435,-0.791567,-2.82123,-0.913227
11.1904,-0.599863,-1.03467,-2.60701,-0.829871,-2.88275,-0.965643
11.1953,-0.731898,-1.11459,-2.69829,-0.854459,-2.92966,-1.01889
11.2004,-0.850297,-1.25347,-2.80491,-0.905738,-2.93713,-1.04928
11.2053,-0.996315,-1.41083,-2.93559,-0.943287,-2.95948,-1.0763
11.2103,-1.11988,-1.51744,-3.01809,-0.990082,-2.99351,-1.11675
11.2153,-1.24026,-1.62725,-3.10123,-1.04249,-3.03816,-1.17741
11.2202,-1.36341,-1.77525,-3.21247,-1.07299,-3.08227,-1.25847
11.2253,-1.5038,-1.90982,-3.31991,-1.17557,-3.14563,-1.35146
11.2303,-1.64287,-2.03853,-3.42634,-1.24626,-3.19259,-1.46332
11.2352,-1.74849,-2.15661,-3.50963,-1.30057,-3.23827,-1.57933
11.2403,-1.85707,-2.25701,-3.59181,-1.38179,-3.25482,-1.70475
11.2453,-2.01598,-2.3293,-3.64713,-1.46411,-3.32678,-1.82712
11.2502,-2.14815,-2.37427,-3.68747,-1.56016,-3.36698,-1.93542
11.2552,-2.26235,-2.45699,-3.73831,-1.64152,-3.41361,-2.02705
11.2602,-2.3747,-2.57518,-3.82678,-1.74308,-3.43702,-2.10334
11.2652,-2.50119,-2.69542,-3.91049,-1.8144,-3.4618,-2.14684
11.2702,-2.62799,-2.80326,-3.97828,-1.87726,-3.51743,-2.17029
11.2753,-2.78594,-2.87133,-4.01482,-1.94489,-3.58694,-2.14828
11.2803,-2.90565,-2.93027,-4.0492,-1.97529,-3.64452,-2.10186
11.2853,-3.03012,-3.04697,-4.11552,-2.01056,-3.70317,-2.04656
11.2902,-3.17801,-3.13536,-4.17855,-2.04333,-3.76343,-1.99073
11.2953,-3.30632,-3.24187,-4.2401,-2.05834,-3.80537,-1.94045
11.3002,-3.43646,-3.37287,-4.3154,-2.07658,-3.84163,-1.88245
11.3053,-3.57371,-3.50892,-4.39346,-2.08822,-3.88003,-1.8517
11.3102,-3.71841,-3.60388,-4.437,-2.10803,-3.92996,-1.85567
11.3153,-3.82957,-3.72083,-4.49732,-2.14666,-3.95333,-1.86542
11.3204,-3.92881,-3.84848,-4.56866,-2.14259,-3.94447,-1.89818
11.3254,-4.03557,-3.98767,-4.6305,-2.17474,-3.96883,-1.92082
11.3304,-4.1186,-4.10842,-4.69232,-2.19586,-3.97606,-1.96057
11.3353,-4.21613,-4.18561,-4.72427,-2.25215,-3.98003,-1.99255
11.3406,-4.33742,-4.34064,-4.81032,-2.2522,-3.96823,-2.00469
11.3453,-4.48186,-4.49935,-4.9175,-2.28968,-3.9646,-2.01758
11.3502,-4.59525,-4.6131,-4.97389,-2.32331,-3.98396,-2.0454
11.3552,-4.70672,-4.75969,-5.05719,-2.32552,-3.98067,-2.10344
11.3603,-4.8623,-4.88392,-5.11361,-2.37754,-4.03653,-2.16898
11.3652,-5.01735,-5.01774,-5.17849,-2.42734,-4.10547,-2.24594
11.3703,-5.12823,-5.13036,-5.2306,-2.46918,-4.17351,-2.29564
11.3753,-5.24496,-5.24195,-5.28913,-2.51152,-4.24727,-2.35054
11.3804,-5.34775,-5.39198,-5.37651,-2.56286,-4.25212,-2.35113
11.3855,-5.45315,-5.5328,-5.45083,-2.60245,-4.26629,-2.38191
11.3905,-5.51256,-5.67275,-5.52298,-2.63728,-4.27125,-2.40933
11.3953,-5.57746,-5.81522,-5.60286,-2.64433,-4.24434,-2.43455
11.4003,-5.66778,-5.9015,-5.66828,-2.69349,-4.26774,-2.47127
11.4053,-5.7613,-6.03019,-5.75818,-2.70762,-4.28192,-2.48436
11.4102,-5.85216,-6.07862,-5.81727,-2.7722,-4.32154,-2.51524
11.4155,-5.91588,-6.21044,-5.90431,-2.78663,-4.38622,-2.53971
11.4204,-6.03807,-6.29155,-5.94607,-2.84509,-4.51435,-2.59659
11.4254,-6.17864,-6.42322,-6.01563,-2.87082,-4.58354,-2.66401
11.4303,-6.31585,-6.5185,-6.05982,-2.91716,-4.6373,-2.70483
11.4352,-6.44797,-6.64166,-6.12525,-2.96984,-4.63327,-2.74286
11.4404,-6.53805,-6.78535,-6.20708,-3.01058,-4.60382,-2.80112
11.4453,-6.65241,-6.87781,-6.24758,-3.06692,-4.58223,-2.8605
11.4503,-6.77155,-7.01045,-6.30106,-3.14118,-4.59287,-2.89159
11.4553,-6.85043,-7.09353,-6.31414,-3.21816,-4.59541,-2.95743
11.4602,-6.96203,-7.15996,-6.31383,-3.28781,-4.63679,-3.0205
11.4655,-7.07566,-7.27499,-6.36676,-3.33154,-4.63461,-3.08568
11.4703,-7.19922,-7.32926,-6.37113,-3.33452,-4.66854,-3.12448
11.4754,-7.31801,-7.40557,-6.39139,-3.32708,-4.71299,-3.16869
11.4806,-7.43781,-7.55176,-6.44594,-3.37637,-4.74035,-3.22441
11.4856,-7.56693,-7.70865,-6.50775,-3.4143,-4.75996,-3.29407
11.4905,-7.70801,-7.91228,-6.61228,-3.42562,-4.76443,-3.37054
11.4956,-7.7919,-8.10414,-6.70566,-3.4467,-4.74873,-3.44361
11.5003,-7.87784,-8.21799,-6.74683,-3.44161,-4.76947,-3.4999
11.5054,-7.97979,-8.43452,-6.85963,-3.4422,-4.78212,-3.55134
11.5103,-8.06347,-8.53837,-6.89223,-3.45493,-4.81445,-3.62373
11.5155,-8.15151,-8.6729,-6.94929,-3.47024,-4.84201,-3.64491
11.5205,-8.23175,-8.80159,-7.01282,-3.46608,-4.86326,-3.68507
11.5253,-8.33549,-8.86205,-7.0352,-3.46589,-4.92188,-3.74962
11.5304,-8.48051,-8.92296,-7.0665,-3.47183,-4.99376,-3.7705
11.5355,-8.60423,-9.02818,-7.13586,-3.46153,-5.05185,-3.83113
11.5404,-8.68911,-9.06969,-7.16424,-3.48013,-5.08442,-3.83381
11.5453,-8.78992,-9.16883,-7.23224,-3.51496,-5.09201,-3.87404
11.5503,-8.87966,-9.31321,-7.32971,-3.53545,-5.09202,-3.91553
11.5553,-8.9629,-9.38345,-7.36473,-3.54395,-5.08677,-3.95799
11.5606,-9.06956,-9.51327,-7.44212,-3.55812,-5.07401,-4.02861
11.5653,-9.17717,-9.63823,-7.51412,-3.58774,-5.07666,-4.05965
11.5703,-9.30071,-9.73738,-7.57344,-3.56143,-5.13342,-4.09352
11.5753,-9.40243,-9.78263,-7.59569,-3.61884,-5.19573,-4.13335
11.5804,-9.53017,-9.89479,-7.65878,-3.63995,-5.2545,-4.16483
11.5853,-9.6406,-9.95842,-7.68901,-3.69245,-5.31631,-4.19102
11.5904,-9.72064,-10.0534,-7.74314,-3.74204,-5.35688,-4.21264
11.5953,-9.82135,-10.128,-7.78908,-3.7917,-5.39081,-4.24324
11.6005,-9.93923,-10.1842,-7.83148,-3.84191,-5.44928,-4.25149
11.6053,-10.0467,-10.2455,-7.87488,-3.90701,-5.47904,-4.27586
11.6103,-10.1467,-10.2762,-7.90132,-3.96089,-5.52117,-4.29499
11.6154,-10.2328,-10.3326,-7.93526,-3.96289,-5.57206,-4.30584
11.6203,-10.3268,-10.412,-7.9822,-4.00242,-5.64133,-4.31639
11.6254,-10.4145,-10.4947,-8.02135,-4.00499,-5.7081,-4.34405
11.6304,-10.5196,-10.5344,-8.01879,-4.02391,-5.80288,-4.3348
11.6356,-10.6086,-10.6986,-8.11575,-4.05397,-5.79747,-4.33509
11.6403,-10.7094,-10.8187,-8.17363,-4.08827,-5.77708,-4.30169
11.6453,-10.8171,-10.9371,-8.23338,-4.11856,-5.73178,-4.27009
11.6503,-10.925,-11.0639,-8.30077,-4.1243,-5.69934,-4.30544
11.6553,-11.0173,-11.15,-8.34523,-4.11351,-5.65326,-4.33691
11.6604,-11.133,-11.2332,-8.3866,-4.12225,-5.62203,-4.38509
11.6652,-11.212,-11.3046,-8.41251,-4.12955,-5.60736,-4.42948
11.6703,-11.3098,-11.3654,-8.44228,-4.1342,-5.6526,-4.46509
11.6753,-11.3989,-11.4895,-8.50922,-4.16958,-5.65701,-4.48868
11.6803,-11.4757,-11.6231,-8.57657,-4.22768,-5.66871,-4.53288
11.6853,-11.5184,-11.7223,-8.62598,-4.26561,-5.64477,-4.56599
11.6904,-11.6008,-11.8112,-8.67459,-4.27426,-5.62512,-4.58079
11.6953,-11.6986,-11.9064,-8.73662,-4.2883,-5.60554,-4.61254
11.7003,-11.7969,-12.0306,-8.80669,-4.3422,-5.62284,-4.65475
11.7053,-11.8477,-12.0986,-8.83726,-4.3884,-5.62718,-4.72557
11.7103,-11.8959,-12.1291,-8.83316,-4.3983,-5.64411,-4.76255
11.7154,-11.9806,-12.1912,-8.85619,-4.43182,-5.68645,-4.77452
11.7204,-12.0474,-12.2598,-8.87088,-4.46845,-5.72438,-4.77517
11.7255,-12.0621,-12.3447,-8.90493,-4.51008,-5.68996,-4.7764
11.7304,-12.1355,-12.4128,-8.91981,-4.54387,-5.71801,-4.80995
11.7354,-12.2045,-12.4717,-8.93579,-4.57768,-5.71371,-4.84106
11.7405,-12.2892,-12.5493,-8.98672,-4.59353,-5.7227,-4.83125
11.7454,-12.351,-12.6262,-9.02455,-4.63378,-5.72509,-4.84907
11.7503,-12.3938,-12.7352,-9.09231,-4.68411,-5.69981,-4.88214
11.7553,-12.4288,-12.8015,-9.12047,-4.7163,-5.67533,-4.91157
11.7603,-12.5087,-12.8485,-9.14125,-4.75322,-5.71431,-4.9482
11.7652,-12.58,-12.9005,-9.16524,-4.78039,-5.756,-4.9676
11.7703,-12.6295,-12.976,-9.20398,-4.81761,-5.76329,-4.9408
11.7753,-12.6793,-13.0577,-9.25071,-4.84686,-5.7825,-4.9233
11.7806,-12.7414,-13.1006,-9.26683,-4.87849,-5.80362,-4.89615
11.7854,-12.7909,-13.1901,-9.31611,-4.91737,-5.81835,-4.88199
11.7907,-12.8275,-13.2236,-9.32416,-4.95502,-5.8397,-4.86263
11.7953,-12.8693,-13.3181,-9.37634,-4.98136,-5.86219,-4.85296
11.8003,-12.9026,-13.4242,-9.43252,-5.00195,-5.8569,-4.85338
11.8053,-12.947,-13.4881,-9.47303,-5.01529,-5.87071,-4.85865
11.8103,-13.0162,-13.5743,-9.53108,-5.02526,-5.87746,-4.88945
11.8153,-13.071,-13.5822,-9.54283,-5.03634,-5.90453,-4.91913
11.8203,-13.137,-13.613,-9.57295,-5.05387,-5.92273,-4.88379
11.8254,-13.1973,-13.6054,-9.56963,-5.07093,-5.97473,-4.84738
11.8303,-13.2349,-13.6316,-9.58821,-5.08761,-5.98187,-4.82653
11.8353,-13.2936,-13.6835,-9.61296,-5.10788,-6.00204,-4.8118
11.8404,-13.3461,-13.7303,-9.64464,-5.1263,-5.97074,-4.81623
11.8455,-13.3905,-13.8175,-9.70569,-5.15038,-5.93512,-4.84238
11.8504,-13.4014,-13.8897,-9.75484,-5.17589,-5.89426,-4.85362
11.8554,-13.4408,-13.9347,-9.78371,-5.19243,-5.87872,-4.8673
11.8602,-13.4908,-13.9837,-9.80802,-5.20278,-5.8801,-4.87475
11.8653,-13.5264,-14.0057,-9.81548,-5.21076,-5.87004,-4.90816
11.8705,-13.5595,-14.0977,-9.86492,-5.21117,-5.85264,-4.92058
11.8753,-13.6153,-14.1971,-9.91371,-5.20631,-5.84382,-4.97535
11.8803,-13.6412,-14.2315,-9.93332,-5.19579,-5.85552,-5.01374
11.8853,-13.6659,-14.2777,-9.96937,-5.18381,-5.84326,-5.01385
11.8904,-13.6943,-14.3295,-10.014,-5.18185,-5.84105,-5.03331
11.8954,-13.7467,-14.367,-10.0558,-5.18272,-5.84509,-5.06785
11.9004,-13.7848,-14.3739,-10.092,-5.17894,-5.82996,-5.14888
11.9055,-13.8463,-14.4149,-10.1442,-5.19127,-5.85505,-5.22081
11.9105,-13.8989,-14.4442,-10.1983,-5.20455,-5.88674,-5.27185
11.9153,-13.9425,-14.4438,-10.2277,-5.21532,-5.89592,-5.28189
11.9203,-13.9502,-14.412,-10.1974,-5.22579,-5.95681,-5.34834
11.9252,-13.9743,-14.4025,-10.1662,-5.27248,-6.04022,-5.43106
11.9302,-14.024,-14.425,-10.1459,-5.34727,-6.07922,-5.4828
11.9353,-14.051,-14.4488,-10.122,-5.45897,-6.10523,-5.52009
11.9403,-14.0649,-14.448,-10.0798,-5.57073,-6.11704,-5.56285
11.9452,-14.1037,-14.4842,-10.0554,-5.67759,-6.11127,-5.58123
11.9503,-14.132,-14.5373,-10.0414,-5.77529,-6.08814,-5.59365
11.9553,-14.1568,-14.6024,-10.0362,-5.87611,-6.04517,-5.58876
11.9602,-14.1463,-14.6331,-10.0029,-5.97535,-6.02404,-5.58861
11.9654,-14.1454,-14.6804,-9.97965,-6.07476,-5.9952,-5.62516
11.9702,-14.1279,-14.7288,-9.96926,-6.17449,-5.96222,-5.61525
11.9753,-14.1308,-14.7731,-9.95257,-6.26447,-5.94593,-5.64872
11.9803,-14.1219,-14.8114,-9.95168,-6.3443,-5.90754,-5.68308
11.9856,-14.0897,-14.8412,-9.96206,-6.41533,-5.85682,-5.68342
11.9904,-14.0867,-14.9056,-9.98846,-6.47925,-5.81651,-5.67326
11.9953,-14.1178,-14.9905,-10.0339,-6.53118,-5.76923,-5.63894
12.0006,-14.1154,-15.0179,-10.0469,-6.56345,-5.75592,-5.62624
12.0056,-14.1013,-15.0319,-10.0641,-6.56919,-5.71039,-5.61548
12.0104,-14.1017,-15.0454,-10.0822,-6.58852,-5.7069,-5.62553
12.0154,-14.0961,-15.0564,-10.1062,-6.59614,-5.68704,-5.63333
12.0202,-14.1029,-15.0943,-10.1425,-6.60468,-5.66469,-5.63801
12.0253,-14.0945,-15.0847,-10.1536,-6.60837,-5.64166,-5.63152
12.0303,-14.0756,-15.09,-10.1741,-6.60772,-5.59818,-5.62392
12.0352,-14.0716,-15.0935,-10.1838,-6.59148,-5.56816,-5.59911
12.0404,-14.1015,-15.1076,-10.2002,-6.57685,-5.54749,-5.5772
12.0453,-14.1461,-15.1141,-10.2132,-6.55105,-5.52377,-5.55915
12.0505,-14.1785,-15.1309,-10.2155,-6.50686,-5.53587,-5.54938
12.0553,-14.1824,-15.1226,-10.1983,-6.45362,-5.55619,-5.55306
12.0602,-14.1754,-15.1188,-10.1914,-6.39985,-5.5713,-5.53448
12.0654,-14.1636,-15.0918,-10.1648,-6.35322,-5.62849,-5.51249
12.0702,-14.1666,-15.0912,-10.1777,-6.31561,-5.6565,-5.51134
12.0752,-14.1554,-15.0899,-10.1974,-6.27336,-5.66539,-5.50711
12.0803,-14.1424,-15.0556,-10.1957,-6.22467,-5.66321,-5.5435
12.0853,-14.1459,-15.0658,-10.2134,-6.19715,-5.64064,-5.52298
12.0903,-14.1621,-15.0955,-10.2478,-6.16226,-5.62991,-5.53474
12.0952,-14.1591,-15.0812,-10.2541,-6.14838,-5.60353,-5.55422
12.1003,-14.1512,-15.0475,-10.2468,-6.13412,-5.57529,-5.54801
12.1054,-14.1257,-15.0313,-10.2467,-6.11116,-5.53209,-5.53026
12.1104,-14.1107,-15.0052,-10.2268,-6.07808,-5.50709,-5.4931
12.1153,-14.0868,-15.0028,-10.229,-6.04567,-5.45936,-5.47258
12.1202,-14.0435,-15.0291,-10.2421,-6.0346,-5.39494,-5.48519
12.1252,-14.0082,-15.0238,-10.2299,-6.01725,-5.32878,-5.50087
12.1305,-13.968,-15.0283,-10.2244,-6.00218,-5.27875,-5.48128
12.1354,-13.9333,-15.0193,-10.217,-5.98586,-5.20644,-5.47222
12.1402,-13.9367,-15.0293,-10.2213,-5.97864,-5.1446,-5.47434
12.1453,-13.9359,-15.0439,-10.2421,-5.95209,-5.10227,-5.42937
12.1503,-13.9401,-15.0639,-10.2581,-5.94284,-5.07635,-5.41988
12.1552,-13.8945,-15.0054,-10.239,-5.90838,-5.05677,-5.38995
12.1604,-13.8644,-14.9496,-10.2275,-5.9006,-5.05764,-5.40223
12.1657,-13.8235,-14.9341,-10.2417,-5.89393,-5.04562,-5.38919
12.1703,-13.7888,-14.9212,-10.2613,-5.86228,-5.01899,-5.36652
12.1754,-13.7614,-14.8925,-10.2722,-5.8403,-4.98388,-5.33623
12.1806,-13.7493,-14.8573,-10.2819,-5.80693,-4.96665,-5.31758
12.1854,-13.7179,-14.7853,-10.2693,-5.79375,-4.94165,-5.30567
12.1906,-13.6928,-14.7171,-10.2616,-5.7835,-4.90892,-5.30767
12.1953,-13.6841,-14.6729,-10.2616,-5.76593,-4.88562,-5.30983
12.2003,-13.6747,-14.6348,-10.2564,-5.74757,-4.84473,-5.29042
12.2053,-13.64,-14.5373,-10.2067,-5.72834,-4.78267,-5.27949
12.2103,-13.609,-14.4778,-10.1695,-5.69079,-4.72889,-5.25743
12.2153,-13.576,-14.4473,-10.1383,-5.64459,-4.66111,-5.2251
12.2203,-13.5375,-14.3917,-10.0975,-5.60624,-4.58539,-5.2335
12.2253,-13.5164,-14.3975,-10.0958,-5.62667,-4.52914,-5.19709
12.2303,-13.4757,-14.3698,-10.0587,-5.62743,-4.48912,-5.17896
12.2353,-13.431,-14.3315,-10.0164,-5.62763,-4.44974,-5.15495
12.2405,-13.3799,-14.3029,-9.98515,-5.57679,-4.39163,-5.12385
12.2454,-13.326,-14.2281,-9.92734,-5.55124,-4.32676,-5.1103
12.2504,-13.2837,-14.1716,-9.8827,-5.54921,-4.23182,-5.08605
12.2553,-13.2573,-14.1453,-9.86897,-5.55648,-4.12448,-5.0585
12.2603,-13.2286,-14.1231,-9.84412,-5.55384,-4.01462,-5.00754
12.2653,-13.1798,-14.0817,-9.82215,-5.5224,-3.9079,-4.98146
12.2702,-13.1276,-14.0298,-9.80275,-5.49994,-3.79332,-4.95568
12.2753,-13.0956,-13.9936,-9.79423,-5.50348,-3.68484,-4.93358
12.2806,-13.0558,-13.9741,-9.80159,-5.53575,-3.57166,-4.91109
12.2853,-13.0182,-13.9559,-9.8133,-5.5688,-3.46169,-4.90473
12.2902,-12.9676,-13.9052,-9.80273,-5.57464,-3.35903,-4.8978
12.2954,-12.9007,-13.7971,-9.75557,-5.5375,-3.26624,-4.88264
12.3003,-12.8682,-13.7416,-9.73141,-5.55206,-3.20342,-4.88286
12.3053,-12.8294,-13.7239,-9.72293,-5.51763,-3.14132,-4.87884
12.3103,-12.7743,-13.6937,-9.7008,-5.48848,-3.13527,-4.88845
12.3152,-12.7292,-13.6691,-9.67892,-5.45714,-3.17099,-4.8947
12.3204,-12.7002,-13.6531,-9.66804,-5.47655,-3.25224,-4.9038
12.3254,-12.6501,-13.6245,-9.64655,-5.45176,-3.3688,-4.91058
12.3304,-12.5829,-13.5572,-9.59657,-5.39669,-3.51046,-4.90642
12.3353,-12.5215,-13.4962,-9.55919,-5.36356,-3.6486,-4.88979
12.3403,-12.4826,-13.5006,-9.55986,-5.35554,-3.76758,-4.8714
12.3452,-12.4433,-13.4451,-9.5288,-5.3791,-3.89712,-4.86155
12.3502,-12.3992,-13.3662,-9.48979,-5.38979,-4.00973,-4.83565
12.3552,-12.3547,-13.3427,-9.47116,-5.38324,-4.09232,-4.82195
12.3604,-12.303,-13.2563,-9.41131,-5.33015,-4.16146,-4.78676
12.3654,-12.2311,-13.1681,-9.35981,-5.28937,-4.21101,-4.77567
12.3702,-12.191,-13.0898,-9.31899,-5.27446,-4.26975,-4.77206
12.3752,-12.1415,-12.9956,-9.27047,-5.22126,-4.32617,-4.7552
12.3802,-12.0885,-12.9084,-9.23662,-5.14586,-4.36375,-4.75406
12.3852,-12.0438,-12.8357,-9.20806,-5.08136,-4.37366,-4.73176
12.3903,-12.0008,-12.7784,-9.19408,-5.0143,-4.35783,-4.72245
12.3953,-11.956,-12.742,-9.18901,-4.92475,-4.35466,-4.69358
12.4003,-11.8921,-12.6723,-9.15284,-4.80822,-4.35066,-4.67733
12.4053,-11.8457,-12.5982,-9.09523,-4.69285,-4.38252,-4.63092
12.4102,-11.8113,-12.5283,-9.04,-4.66032,-4.40887,-4.61205
12.4155,-11.7663,-12.4818,-8.98196,-4.61004,-4.43581,-4.58052
12.4203,-11.7094,-12.3705,-8.8793,-4.52932,-4.47255,-4.54612
12.4252,-11.6563,-12.2788,-8.78354,-4.44892,-4.50056,-4.5053
12.4303,-11.5994,-12.2319,-8.72129,-4.42791,-4.49584,-4.48839
12.4353,-11.5337,-12.1767,-8.67461,-4.40175,-4.43637,-4.46935
12.4405,-11.4644,-12.1505,-8.66234,-4.39156,-4.30724,-4.45875
12.4453,-11.3803,-12.0712,-8.62576,-4.39001,-4.20674,-4.43617
12.4503,-11.3197,-12.0149,-8.61346,-4.40171,-4.09244,-4.4095
12.4553,-11.2725,-11.9836,-8.61959,-4.39975,-3.96732,-4.40629
12.4603,-11.2016,-11.9276,-8.60475,-4.39487,-3.81568,-4.40921
12.4655,-11.1394,-11.8519,-8.582,-4.39982,-3.6656,-4.40363
12.4703,-11.0632,-11.7839,-8.56197,-4.35922,-3.50587,-4.39037
12.4753,-10.96,-11.675,-8.50491,-4.31219,-3.36648,-4.37512
12.4803,-10.8966,-11.599,-8.46994,-4.27362,-3.22383,-4.34548
12.4855,-10.8031,-11.5237,-8.42783,-4.26502,-3.07235,-4.31308
12.4904,-10.7264,-11.4723,-8.38718,-4.25434,-2.94427,-4.25682
12.4953,-10.6511,-11.4044,-8.33811,-4.24147,-2.81927,-4.18407
12.5002,-10.5768,-11.3259,-8.28341,-4.24166,-2.74216,-4.14527
12.5053,-10.5071,-11.2751,-8.24835,-4.18919,-2.63287,-4.1196
12.5104,-10.4373,-11.2072,-8.19397,-4.12159,-2.54759,-4.0739
12.5154,-10.3581,-11.1456,-8.14844,-4.08113,-2.46274,-4.02503
12.5203,-10.287,-11.0881,-8.11191,-4.06401,-2.39716,-3.96337
12.5254,-10.2138,-11.0207,-8.07376,-4.05041,-2.34632,-3.8872
12.5303,-10.1222,-10.9247,-8.01384,-4.00054,-2.29891,-3.84514
12.5353,-10.0413,-10.8363,-7.96378,-3.99396,-2.25486,-3.81735
12.5403,-9.97325,-10.7658,-7.92578,-3.97926,-2.22106,-3.78651
12.5453,-9.9261,-10.6966,-7.89003,-3.96352,-2.18944,-3.75536
12.5505,-9.85833,-10.5693,-7.82713,-3.93887,-2.14601,-3.7124
12.5552,-9.79813,-10.4363,-7.76809,-3.91335,-2.09138,-3.66504
12.5602,-9.7537,-10.3401,-7.72866,-3.91364,-2.03733,-3.62588
12.5655,-9.69806,-10.2256,-7.68188,-3.88852,-1.95924,-3.6035
12.5702,-9.6448,-10.1065,-7.63313,-3.86486,-1.87397,-3.58255
12.5753,-9.58303,-9.95818,-7.55172,-3.85421,-1.82524,-3.57822
12.5804,-9.50682,-9.83098,-7.48014,-3.83539,-1.74333,-3.57868
12.5853,-9.41734,-9.68249,-7.38941,-3.82962,-1.69457,-3.58434
12.5905,-9.33085,-9.55501,-7.30397,-3.83019,-1.64025,-3.5899
12.5955,-9.25204,-9.43818,-7.2172,-3.84224,-1.59146,-3.58387
12.6003,-9.17731,-9.32753,-7.12833,-3.81972,-1.53636,-3.58175
12.6053,-9.10041,-9.2351,-7.04983,-3.80139,-1.50616,-3.5762
12.6103,-9.01815,-9.15422,-6.97292,-3.7763,-1.45555,-3.564
12.6154,-8.9382,-9.07747,-6.89094,-3.76167,-1.38913,-3.54255
12.6204,-8.84304,-8.96644,-6.76809,-3.68885,-1.33086,-3.51789
12.6253,-8.74938,-8.88205,-6.65068,-3.604,-1.2363,-3.4776
12.6305,-8.65722,-8.7982,-6.52861,-3.5368,-1.13938,-3.45689
12.6352,-8.55784,-8.74889,-6.44223,-3.50375,-1.02159,-3.4403
12.6406,-8.46057,-8.67913,-6.35687,-3.4445,-0.8914,-3.41437
12.6453,-8.37936,-8.60452,-6.28945,-3.39176,-0.772257,-3.4074
12.6504,-8.29565,-8.49002,-6.21713,-3.32891,-0.703588,-3.41123
12.6557,-8.21317,-8.3814,-6.16472,-3.24203,-0.62922,-3.41822
12.6603,-8.12317,-8.27588,-6.11942,-3.16385,-0.533526,-3.43156
12.6655,-8.04514,-8.16858,-6.07471,-3.08812,-0.430253,-3.43442
12.6703,-7.97186,-8.03411,-6.02275,-3.05042,-0.340557,-3.454
12.6753,-7.89825,-7.88165,-5.95454,-3.00529,-0.248325,-3.46371
12.6804,-7.83022,-7.73151,-5.88248,-2.9686,-0.153374,-3.46329
12.6853,-7.76467,-7.61039,-5.82468,-2.92714,-0.070423,-3.47206
12.6904,-7.70608,-7.48595,-5.75754,-2.90594,-0.00206117,-3.47838
12.6952,-7.6404,-7.37938,-5.68679,-2.89808,0.0930364,-3.4941
12.7002,-7.58419,-7.29083,-5.6126,-2.86618,0.162696,-3.50748
12.7054,-7.5188,-7.17571,-5.50308,-2.80928,0.224246,-3.49898
12.7103,-7.4413,-7.02612,-5.37122,-2.79659,0.268842,-3.48848
12.7153,-7.35143,-6.92489,-5.26212,-2.77957,0.322243,-3.43181
12.7203,-7.27467,-6.83092,-5.14282,-2.74407,0.349491,-3.36987
12.7254,-7.17549,-6.73368,-5.01902,-2.72254,0.383008,-3.31585
12.7305,-7.09145,-6.64347,-4.89726,-2.71789,0.390025,-3.24813
12.7353,-7.00014,-6.55911,-4.77694,-2.71114,0.425043,-3.18435
12.7403,-6.9147,-6.46926,-4.65304,-2.70968,0.447657,-3.13511
12.7453,-6.83328,-6.3963,-4.5407,-2.65094,0.474206,-3.08046
12.7503,-6.75552,-6.29636,-4.41579,-2.6211,0.493744,-3.00152
12.7553,-6.67974,-6.20511,-4.30403,-2.598,0.528647,-2.98492
12.7603,-6.59688,-6.06732,-4.18126,-2.57065,0.575437,-2.95015
12.7654,-6.52884,-5.93239,-4.06838,-2.52504,0.586774,-2.89085
12.7703,-6.46306,-5.82558,-3.98662,-2.4959,0.652862,-2.85347
12.7753,-6.38217,-5.71015,-3.90106,-2.47101,0.692004,-2.79746
12.7804,-6.30388,-5.60273,-3.83197,-2.44408,0.769662,-2.74555
12.7853,-6.22103,-5.44527,-3.72857,-2.40649,0.826299,-2.66841
12.7903,-6.1187,-5.2806,-3.62099,-2.32008,0.870956,-2.60687
12.7955,-6.0173,-5.12769,-3.51937,-2.23521,0.920175,-2.53788
12.8004,-5.93465,-5.02402,-3.44882,-2.16931,0.972694,-2.45917
12.8053,-5.85803,-4.93697,-3.39513,-2.1246,1.03985,-2.36464
12.8104,-5.77367,-4.80282,-3.30603,-2.07888,1.07478,-2.29604
12.8153,-5.68776,-4.68274,-3.22249,-2.0492,1.10244,-2.21624
12.8203,-5.59523,-4.57548,-3.1502,-2.06516,1.1257,-2.12472
12.8253,-5.50663,-4.46219,-3.07022,-2.09325,1.15721,-2.04356
12.8303,-5.41487,-4.39765,-3.01059,-2.05743,1.22125,-1.97916
12.8353,-5.31574,-4.30352,-2.92239,-2.03782,1.26957,-1.92412
12.8403,-5.21043,-4.21323,-2.83116,-1.99451,1.33535,-1.84966
12.8455,-5.11908,-4.15534,-2.76142,-1.98181,1.39461,-1.78705
12.8504,-5.02222,-4.06833,-2.67072,-1.93773,1.43597,-1.73849
12.8553,-4.92914,-3.94854,-2.5576,-1.93322,1.43331,-1.68626
12.8603,-4.83244,-3.8496,-2.46795,-1.92059,1.47022,-1.64525
12.8655,-4.74275,-3.76704,-2.39695,-1.90411,1.52635,-1.59406
12.8703,-4.6549,-3.70848,-2.35362,-1.89166,1.5993,-1.55422
12.8753,-4.55995,-3.59227,-2.29479,-1.85949,1.70003,-1.50897
12.8805,-4.46715,-3.47389,-2.24248,-1.82955,1.78226,-1.46089
12.8853,-4.37668,-3.38956,-2.22372,-1.79472,1.89543,-1.38757
12.8905,-4.2876,-3.26506,-2.18615,-1.71473,1.99943,-1.30558
12.8955,-4.1827,-3.11082,-2.12446,-1.63074,2.05512,-1.24121
12.9003,-4.08546,-2.95279,-2.06659,-1.58489,2.07272,-1.16498
12.9053,-3.97997,-2.75648,-1.97765,-1.52319,2.06141,-1.10561
12.9103,-3.88923,-2.62319,-1.94019,-1.40209,2.0956,-1.07585
12.9153,-3.79226,-2.43949,-1.84784,-1.32391,2.07647,-1.0272
12.9206,-3.66212,-2.2538,-1.74839,-1.25404,2.07368,-1.00159
12.9254,-3.52346,-2.09446,-1.66392,-1.17127,2.12702,-0.989967
12.9305,-3.36546,-1.94419,-1.57747,-1.13608,2.21952,-0.964021
12.9355,-3.20707,-1.82636,-1.49865,-1.09202,2.32049,-0.974036
12.9404,-3.04301,-1.70729,-1.41138,-1.02905,2.41291,-0.957016
12.9453,-2.86542,-1.53278,-1.28327,-0.957568,2.46644,-0.957874
12.9503,-2.70536,-1.46515,-1.21651,-0.885736,2.58954,-0.945468
12.9553,-2.53421,-1.33546,-1.10876,-0.85383,2.69943,-0.90615
12.9604,-2.36805,-1.19949,-0.981332,-0.816753,2.79425,-0.870855
12.9654,-2.20048,-1.12123,-0.892725,-0.78425,2.91347,-0.832229
12.9704,-2.03423,-1.04354,-0.802977,-0.760621,3.02585,-0.78314
12.9753,-1.8729,-0.95554,-0.698747,-0.732308,3.10528,-0.769529
12.9803,-1.7273,-0.874232,-0.592895,-0.697968,3.18688,-0.743643
12.9855,-1.56878,-0.722341,-0.447809,-0.650794,3.2185,-0.68496
12.9903,-1.42709,-0.624358,-0.338817,-0.61325,3.22933,-0.648298
12.9952,-1.28689,-0.509432,-0.233438,-0.57313,3.24829,-0.628558
13.0004,-1.14408,-0.393799,-0.144676,-0.534292,3.27412,-0.612659
13.0055,-1.01347,-0.29169,-0.078188,-0.492413,3.33854,-0.576749
13.0107,-0.877785,-0.183692,-0.00894527,-0.461788,3.42627,-0.520244
13.0152,-0.758743,-0.0507267,0.0729356,-0.443949,3.4883,-0.460772
13.0202,-0.629664,0.0942204,0.156927,-0.429214,3.52834,-0.39717
13.0253,-0.502146,0.264158,0.249243,-0.428599,3.54107,-0.313725
13.0304,-0.386117,0.421115,0.323407,-0.417438,3.55519,-0.227078
13.0354,-0.270611,0.584381,0.404477,-0.40131,3.57965,-0.170776
13.0403,-0.140036,0.77388,0.491932,-0.380521,3.57407,-0.115949
13.0453,-0.0244026,0.939674,0.563583,-0.354081,3.57952,-0.0797831
13.0505,0.0776749,1.11644,0.628001,-0.335789,3.6019,-0.0153529
13.0555,0.174846,1.28386,0.691371,-0.326856,3.61284,0.052442
13.0603,0.26943,1.43661,0.746902,-0.322868,3.61071,0.1265
13.0653,0.367009,1.62785,0.839034,-0.317457,3.58464,0.189649
13.0704,0.454489,1.76387,0.892132,-0.31028,3.59155,0.268612
13.0753,0.543087,1.87864,0.932961,-0.296537,3.61511,0.339884
13.0803,0.63402,1.99275,0.975102,-0.281541,3.68075,0.41173
13.0853,0.731121,2.13726,1.05796,-0.262748,3.73392,0.452955
13.0904,0.831306,2.21746,1.09829,-0.232571,3.81936,0.496613
13.0953,0.922977,2.36227,1.18989,-0.199074,3.85971,0.537358
13.1007,1.00076,2.45593,1.24621,-0.153838,3.8776,0.555917
13.1053,1.0932,2.57141,1.32572,-0.0732334,3.87418,0.5899
13.1102,1.18773,2.68003,1.40875,0.0278249,3.85515,0.650181
13.1153,1.28986,2.78059,1.49112,0.159777,3.88913,0.698475
13.1203,1.39692,2.87722,1.57724,0.313233,3.93275,0.759908
13.1252,1.48656,2.94136,1.63972,0.484,4.00222,0.852647
13.1303,1.60168,3.0358,1.72654,0.683268,4.01009,0.912947
13.1352,1.70846,3.12225,1.8097,0.885946,4.02789,0.975811
13.1404,1.81357,3.20591,1.89692,1.09146,4.04902,0.996359
13.1453,1.9193,3.3123,1.99889,1.28054,4.04269,1.06038
13.1503,2.02184,3.36935,2.06534,1.47713,4.08511,1.06754
13.1554,2.1233,3.4214,2.11746,1.65739,4.16206,1.08574
13.1605,2.22421,3.48407,2.1676,1.82868,4.27072,1.11826
13.1655,2.32571,3.57149,2.21467,1.9681,4.38523,1.16404
13.1703,2.41276,3.67659,2.26647,2.0876,4.48157,1.18439
13.1753,2.5137,3.8028,2.32902,2.18173,4.54177,1.20722
13.1804,2.60641,3.99221,2.42507,2.25206,4.57401,1.27349
13.1856,2.69982,4.14998,2.49578,2.31906,4.58146,1.29599
13.1905,2.8079,4.33707,2.57998,2.37105,4.61293,1.27298
13.1952,2.89579,4.48961,2.63881,2.42971,4.65931,1.24266
13.2002,2.98995,4.65672,2.69504,2.45978,4.70241,1.27794
13.2052,3.06059,4.7866,2.74048,2.49151,4.7566,1.30691
13.2105,3.15749,4.96576,2.80816,2.4864,4.78469,1.30206
13.2152,3.21808,5.09384,2.86324,2.50688,4.81573,1.28673
13.2202,3.29486,5.24888,2.9231,2.51128,4.8272,1.30174
13.2252,3.36705,5.39203,2.97505,2.52019,4.84477,1.29841
13.2302,3.43169,5.54985,3.03365,2.52573,4.86038,1.29233
13.2352,3.5023,5.70569,3.09595,2.53482,4.89035,1.30636
13.2403,3.58205,5.86827,3.15554,2.54183,4.95315,1.32981
13.2454,3.65036,6.00622,3.21699,2.52919,5.04402,1.34865
13.2502,3.73434,6.17512,3.30532,2.51179,5.10335,1.37381
13.2552,3.81172,6.32491,3.39574,2.50461,5.13262,1.42217
13.2602,3.90027,6.48007,3.49511,2.48671,5.12636,1.4695
13.2652,3.98874,6.62481,3.58508,2.46697,5.12698,1.49998
13.2703,4.07187,6.7426,3.65468,2.45507,5.19106,1.55218
13.2752,4.16155,6.8467,3.71863,2.43227,5.24942,1.5929
13.2802,4.25153,6.95806,3.77825,2.40828,5.31059,1.64931
13.2854,4.33091,7.06766,3.84671,2.38967,5.38955,1.6746
13.2902,4.42806,7.15168,3.90501,2.40646,5.44458,1.76162
13.2953,4.51596,7.27693,3.98701,2.39214,5.47467,1.79154
13.3002,4.59672,7.38726,4.06678,2.40539,5.46252,1.8417
13.3053,4.69137,7.49458,4.14364,2.40668,5.44225,1.89424
13.3102,4.79486,7.61367,4.22435,2.40014,5.43902,1.9723
13.3152,4.88599,7.71336,4.29619,2.43399,5.43992,2.00396
13.3204,4.96868,7.78672,4.35894,2.44476,5.46524,2.05488
13.3252,5.06261,7.82341,4.40087,2.45438,5.51248,2.10966
13.3302,5.15081,7.92431,4.48828,2.46935,5.53066,2.14806
13.3355,5.2626,8.01113,4.57275,2.49624,5.52444,2.20783
13.3405,5.3542,8.06951,4.64249,2.54416,5.49772,2.27744
13.3453,5.46069,8.13237,4.71737,2.60573,5.4448,2.3108
13.3504,5.57191,8.21645,4.79376,2.67184,5.43505,2.35022
13.3553,5.66482,8.26679,4.84351,2.72961,5.43623,2.39239
13.3605,5.73333,8.31425,4.88684,2.75826,5.49068,2.43797
13.3656,5.80032,8.38028,4.93286,2.78947,5.57091,2.48214
13.3703,5.90055,8.43137,4.98125,2.84192,5.62803,2.51082
13.3753,6.00339,8.47662,5.03765,2.90157,5.67808,2.5301
13.3803,6.09417,8.49488,5.0933,2.95398,5.73234,2.55403
13.3854,6.20133,8.53579,5.16282,3.01933,5.76388,2.59495
13.3904,6.30797,8.6029,5.24961,3.02855,5.75817,2.63643
13.3953,6.40665,8.63908,5.30915,2.99475,5.79854,2.63734
13.4005,6.51414,8.68942,5.37109,2.96216,5.82555,2.65408
13.4053,6.62321,8.70901,5.41123,3.02853,5.86065,2.73417
13.4106,6.71536,8.7417,5.46064,3.05011,5.8865,2.80883
13.4157,6.81745,8.82024,5.51647,3.08455,5.91769,2.82601
13.4202,6.92276,8.9187,5.56617,3.1117,5.95756,2.86855
13.4254,7.02629,9.03384,5.62692,3.13112,5.9945,2.931
13.4303,7.12596,9.1447,5.68568,3.16568,6.03431,2.93583
13.4353,7.22497,9.26451,5.74496,3.22384,6.05252,2.96565
13.4404,7.32009,9.4077,5.81659,3.26852,6.05714,3.00202
13.4453,7.41537,9.4961,5.87097,3.30745,6.08744,3.03473
13.4503,7.50429,9.58081,5.93791,3.33357,6.10572,3.07492
13.4553,7.58771,9.66236,6.01557,3.34886,6.11394,3.12131
13.4603,7.65358,9.67869,6.08325,3.38048,6.1364,3.14987
13.4656,7.72331,9.65964,6.13663,3.3834,6.19067,3.23246
13.4703,7.80826,9.65875,6.19681,3.38813,6.21528,3.26465
13.4753,7.88621,9.65953,6.25652,3.39309,6.23928,3.29895
13.4803,7.96242,9.69236,6.30452,3.42835,6.26965,3.32524
13.4854,8.03528,9.76229,6.34848,3.43405,6.28868,3.35346
13.4904,8.09609,9.87442,6.38483,3.45254,6.28187,3.36394
13.4955,8.16254,9.98259,6.40315,3.42627,6.28673,3.40518
13.5003,8.24499,10.0893,6.40415,3.42762,6.29554,3.4428
13.5057,8.30848,10.1821,6.38765,3.4233,6.31442,3.42075
13.5104,8.39263,10.3096,6.38789,3.4478,6.30408,3.40357
13.5153,8.47392,10.4577,6.40026,3.44792,6.29196,3.41238
13.5204,8.56633,10.5824,6.39129,3.49526,6.33342,3.42887
13.5254,8.64995,10.7123,6.38727,3.55491,6.35489,3.44922
13.5303,8.73011,10.8693,6.39927,3.5669,6.37627,3.46646
13.5354,8.8329,11.0267,6.40528,3.62334,6.39195,3.43303
13.5403,8.89745,11.1501,6.38859,3.70441,6.40917,3.46718
13.5454,8.9591,11.2854,6.38759,3.74546,6.42357,3.50145
13.5502,9.03014,11.423,6.39043,3.74839,6.42178,3.54591
13.5552,9.12295,11.5865,6.41228,3.76718,6.39208,3.61197
13.5604,9.20013,11.722,6.4297,3.79241,6.38181,3.63431
13.5652,9.2793,11.8611,6.45305,3.82403,6.38316,3.63682
13.5703,9.34705,11.9726,6.46057,3.8286,6.40412,3.66264
13.5752,9.43461,12.1363,6.4932,3.85384,6.42325,3.68812
13.5804,9.49963,12.27,6.5025,3.9025,6.44788,3.71464
13.5854,9.57672,12.4024,6.51635,3.91707,6.47622,3.77071
13.5904,9.64465,12.5272,6.53067,3.95085,6.50705,3.81107
13.5953,9.7206,12.6379,6.53557,3.93119,6.53504,3.84135
13.6005,9.79821,12.7384,6.54493,3.92113,6.54594,3.87282
13.6054,9.86992,12.8628,6.58928,3.94465,6.54283,3.88618
13.6107,9.93964,12.9943,6.63461,3.91874,6.5211,3.92856
13.6154,10.0145,13.1362,6.68485,3.88369,6.47086,3.96958
13.6203,10.1128,13.2624,6.71268,4.01985,6.42113,3.98751
13.6254,10.1857,13.404,6.74023,4.11604,6.37735,4.03446
13.6303,10.2637,13.4488,6.71796,4.18189,6.36235,4.121
13.6353,10.3314,13.502,6.7164,4.20092,6.35,4.16393
13.6404,10.3814,13.5541,6.73278,4.25989,6.35021,4.22637
13.6456,10.4306,13.6106,6.76466,4.30611,6.33731,4.2583
13.6503,10.4799,13.6596,6.79631,4.33756,6.3049,4.27216
13.6553,10.5057,13.6929,6.8323,4.31065,6.3304,4.29765
13.6603,10.5517,13.7495,6.88331,4.32222,6.32753,4.2932
13.6654,10.6352,13.8117,6.93385,4.3338,6.34012,4.32034
13.6703,10.6874,13.866,6.986,4.35639,6.37167,4.37749
13.6753,10.7493,13.9099,7.03426,4.25404,6.39352,4.3807
13.6803,10.8004,13.8914,7.05224,4.27434,6.43213,4.39353
13.6854,10.8745,13.907,7.08225,4.33593,6.42938,4.42574
13.6905,10.9257,13.9281,7.11525,4.34983,6.41886,4.42842
13.6955,10.9718,13.9799,7.17788,4.31392,6.38099,4.45539
13.7003,11.0096,13.9427,7.18412,4.37471,6.35968,4.47476
13.7055,11.0499,13.9365,7.19931,4.43195,6.32719,4.4685
13.7103,11.108,13.9309,7.22389,4.42849,6.29964,4.49003
13.7152,11.172,13.9386,7.25544,4.42876,6.25438,4.50014
13.7204,11.2254,14.048,7.34925,4.4465,6.16238,4.49938
13.7252,11.2766,14.1074,7.40773,4.48722,6.0981,4.51792
13.7303,11.3441,14.1542,7.4532,4.51555,6.04647,4.53228
13.7351,11.4164,14.2171,7.49915,4.54043,5.98986,4.5513
13.7403,11.4874,14.2809,7.54392,4.55742,5.9375,4.56975
13.7457,11.5263,14.3043,7.56788,4.52259,5.91003,4.56639
13.7506,11.5839,14.372,7.59624,4.5485,5.91775,4.59492
13.7553,11.6298,14.466,7.62806,4.54993,5.92909,4.61086
13.7605,11.6662,14.5868,7.66394,4.52902,5.94415,4.61564
13.7653,11.6906,14.6509,7.66124,4.56484,5.97197,4.61373
13.7706,11.7168,14.7721,7.68924,4.53804,5.97983,4.567
13.7753,11.7684,14.8799,7.70464,4.56553,6.02158,4.58093
13.7805,11.7924,14.9886,7.72442,4.56941,6.07687,4.58129
13.7855,11.8302,15.116,7.76818,4.62712,6.11897,4.56687
13.7903,11.8588,15.2429,7.81905,4.6208,6.16742,4.55677
13.7952,11.8838,15.3567,7.86017,4.66489,6.21859,4.55211
13.8002,11.9145,15.4752,7.90994,4.67329,6.24564,4.54728
13.8052,11.933,15.5082,7.91726,4.75786,6.29421,4.56138
13.8103,11.9582,15.5473,7.92979,4.82614,6.30751,4.58411
13.8153,11.9839,15.6189,7.96929,4.87671,6.29183,4.60295
13.8202,12.0036,15.7041,8.04289,4.87774,6.26277,4.64916
13.8254,12.0153,15.7983,8.13332,4.8472,6.20926,4.62053
13.8303,12.0471,15.8606,8.20955,4.87093,6.17458,4.6573
13.8352,12.0842,15.8892,8.25559,4.84765,6.12281,4.66495
13.8405,12.1205,15.9388,8.31822,4.81492,6.06592,4.66302
13.8456,12.1644,15.9169,8.33463,4.83031,6.00579,4.70066
13.8503,12.2088,15.9029,8.35326,4.86958,5.93747,4.77557
13.8553,12.2568,15.9018,8.36876,4.89388,5.85098,4.84808
13.8603,12.3056,15.9298,8.38579,4.93726,5.77806,4.90289
13.8655,12.366,15.9369,8.3955,4.96146,5.70697,4.94588
13.8703,12.3983,15.9118,8.38763,4.96105,5.63379,4.97043
13.8753,12.4151,15.962,8.44457,4.95138,5.5553,4.99508
13.8805,12.4375,16.0244,8.51892,4.91778,5.48095,5.03002
13.8853,12.4592,16.0459,8.55799,4.9004,5.41843,5.05619
13.8903,12.4999,16.0823,8.61509,4.9151,5.36146,5.10267
13.8953,12.5391,16.1416,8.67106,4.87374,5.30215,5.10367
13.9003,12.5735,16.224,8.73282,4.76687,5.23486,5.08114
13.9054,12.5985,16.3031,8.80911,4.7396,5.15281,5.08571
13.9104,12.6342,16.3605,8.88374,4.7168,5.06252,5.07279
13.9153,12.6704,16.3704,8.91135,4.69186,5.02945,5.04717
13.9202,12.7215,16.3397,8.86332,4.7947,5.04964,5.06549
13.9252,12.7613,16.3578,8.85181,4.91068,5.09825,5.05289
13.9303,12.7922,16.3333,8.81479,4.98623,5.17815,5.04497
13.9353,12.8091,16.3672,8.81995,5.02022,5.26877,5.01062
13.9403,12.8255,16.4285,8.85977,5.0265,5.36402,5.01506
13.9453,12.8328,16.4506,8.88353,5.07152,5.47066,5.02878
13.9503,12.8517,16.431,8.88896,5.14283,5.58513,5.04489
13.9553,12.8827,16.4607,8.90565,5.17892,5.68934,5.04885
13.9606,12.8901,16.4467,8.9138,5.24891,5.80874,5.02804
13.9653,12.9162,16.4619,8.93035,5.24064,5.91123,5.03093
13.9703,12.9368,16.4987,8.96927,5.27088,5.99655,5.04644
13.9754,12.9517,16.5203,9.00102,5.28286,6.11044,5.03578
13.9803,12.9802,16.5294,9.01942,5.28129,6.19591,5.02397
13.9854,12.9966,16.5439,9.02707,5.27762,6.26936,4.99853
13.9903,13.0155,16.5677,9.03923,5.23595,6.34145,4.99948
13.9955,13.0341,16.5786,9.04298,5.21716,6.39017,4.98682
14.0005,13.0562,16.6671,9.09533,5.19599,6.45313,4.98941
14.0053,13.053,16.7244,9.10951,5.1973,6.48144,4.98873
14.0103,13.054,16.7517,9.10952,5.2503,6.50329,5.04556
14.0154,13.0616,16.7881,9.11326,5.29929,6.49705,5.08803
14.0204,13.0777,16.7872,9.09327,5.36026,6.49929,5.08305
14.0254,13.0986,16.8211,9.08121,5.40213,6.46195,5.12079
14.0304,13.0899,16.885,9.10897,5.37646,6.39143,5.1326
14.0352,13.0879,16.9108,9.12687,5.43486,6.31042,5.10676
14.0403,13.1031,16.8433,9.08853,5.47798,6.24222,5.10109
14.0454,13.106,16.8998,9.124,5.46291,6.13726,5.08321
14.0504,13.1178,16.9515,9.14643,5.43413,6.01528,5.04436
14.0555,13.1321,16.963,9.14911,5.41972,5.91294,5.01783
14.0606,13.1566,16.9514,9.13603,5.4392,5.80383,4.9963
14.0655,13.1499,16.9354,9.11767,5.45465,5.6997,5.00514
14.0705,13.142,16.9437,9.12483,5.36527,5.60284,4.97572
14.0753,13.1266,16.8744,9.071,5.43481,5.53907,4.99122
14.0803,13.1034,16.9039,9.08831,5.45134,5.47919,5.00451
14.0853,13.0665,16.9392,9.12137,5.44745,5.4348,5.01543
14.0904,13.0565,16.9366,9.11295,5.4719,5.3904,4.98735
14.0953,13.0369,16.9434,9.1215,5.39624,5.35624,4.9795
14.1002,13.0188,16.9699,9.14947,5.37727,5.34187,4.97497
14.1056,13.0166,17.0059,9.18001,5.36243,5.32088,4.97123
14.1103,13.026,17.0198,9.2,5.35446,5.30103,4.954
14.1153,13.0273,17.0381,9.21919,5.37557,5.28734,4.94526
14.1206,13.0381,17.0147,9.19853,5.3531,5.30688,4.9354
14.1254,13.0298,16.9496,9.15606,5.34219,5.31796,4.92461
14.1305,13.0452,16.9492,9.15235,5.38234,5.32536,4.90708
14.1354,13.0606,16.9252,9.13252,5.39213,5.31242,4.91531
14.1402,13.07,16.9459,9.15857,5.39623,5.32203,4.90078
14.1452,13.0798,16.9064,9.14557,5.35999,5.30011,4.91832
14.1503,13.0953,16.8995,9.14682,5.33126,5.27439,4.93007
14.1553,13.105,16.8749,9.12979,5.33874,5.21513,4.94992
14.1604,13.1108,16.8773,9.13621,5.387,5.17139,4.94684
14.1652,13.1073,16.893,9.13986,5.3414,5.11789,4.94802
14.1702,13.1037,16.9158,9.15392,5.3268,5.03978,4.93164
14.1753,13.0809,16.9065,9.1464,5.30257,4.98778,4.91682
14.1803,13.0837,16.8977,9.13652,5.31039,4.88931,4.88516
14.1853,13.0804,16.8812,9.12793,5.34015,4.82249,4.88844
14.1904,13.0797,16.85,9.10755,5.33328,4.75146,4.85181
14.1954,13.0685,16.8154,9.11229,5.25604,4.72533,4.81211
14.2003,13.0559,16.8217,9.13166,5.21281,4.69153,4.79565
14.2056,13.0573,16.7497,9.09495,5.28277,4.66856,4.78203
14.2105,13.0499,16.7796,9.13062,5.21398,4.64934,4.75898
14.2153,13.0506,16.7987,9.155,5.16508,4.63147,4.73023
14.2203,13.042,16.7455,9.12871,5.13937,4.60996,4.69352
14.2253,13.0327,16.7706,9.15799,5.12227,4.59088,4.68672
14.2303,13.031,16.7574,9.14773,5.11332,4.54692,4.6852
14.2352,13.0316,16.7809,9.16548,5.08201,4.51666,4.68119
14.2404,13.0276,16.7739,9.1543,5.06077,4.481,4.70178
14.2454,13.0236,16.725,9.12444,5.07517,4.42762,4.67916
14.2503,13.0213,16.7064,9.11022,5.07167,4.37043,4.68665
14.2553,13.0359,16.609,9.03269,5.15282,4.29726,4.70056
14.2603,13.0294,16.6037,9.03397,5.12185,4.25367,4.70947
14.2654,13.0103,16.5782,9.02569,5.11072,4.19698,4.68257
14.2704,12.9838,16.5658,9.03162,5.13182,4.14072,4.67227
14.2753,12.9675,16.4944,8.99812,5.1421,4.10968,4.6817
14.2803,12.9423,16.4562,8.98367,5.10326,4.09226,4.66147
14.2854,12.9124,16.3981,8.94999,5.11677,4.0545,4.62093
14.2903,12.8859,16.3346,8.92222,5.11384,4.04575,4.5644
14.2954,12.8483,16.3517,8.9394,5.06053,4.06573,4.51608
14.3002,12.8071,16.3285,8.9249,5.02214,4.06278,4.49066
14.3053,12.7716,16.2757,8.87803,5.04689,4.05376,4.47205
14.3105,12.7384,16.2221,8.83364,5.06632,3.999,4.44343
14.3153,12.7038,16.1785,8.78846,5.03777,3.91226,4.41279
14.3203,12.6659,16.1391,8.75069,5.03467,3.85769,4.399
14.3255,12.6371,16.1189,8.73616,4.99894,3.78501,4.33782
14.3305,12.6149,16.1186,8.73182,4.94918,3.73587,4.33132
14.3353,12.5911,16.0509,8.70217,4.94232,3.71197,4.32439
14.3403,12.5752,16.0183,8.6856,4.88302,3.68252,4.31424
14.3453,12.5637,15.9753,8.66779,4.81151,3.64605,4.31647
14.3503,12.5473,15.9487,8.66271,4.7575,3.59086,4.32634
14.3552,12.5342,15.9038,8.64554,4.69586,3.52431,4.31998
14.3604,12.524,15.808,8.5966,4.66587,3.4639,4.28382
14.3654,12.5092,15.7561,8.57893,4.61853,3.44391,4.25278
14.3703,12.4912,15.7176,8.55286,4.55807,3.39141,4.22715
14.3753,12.4701,15.6818,8.52185,4.48827,3.33078,4.21061
14.3802,12.453,15.6549,8.49651,4.37565,3.26829,4.21256
14.3853,12.4481,15.5874,8.42233,4.37912,3.20208,4.22219
14.3902,12.4498,15.51,8.33945,4.38513,3.12482,4.24561
14.3953,12.4367,15.4606,8.29624,4.30326,3.05734,4.28006
14.4003,12.4188,15.4267,8.26062,4.23247,2.9856,4.29684
14.4053,12.395,15.3752,8.22202,4.18378,2.94656,4.3105
14.4105,12.3641,15.3975,8.24293,4.05418,2.92258,4.30995
14.4153,12.3483,15.3232,8.20268,3.96854,2.86701,4.27585
14.4203,12.3295,15.2399,8.18087,3.88312,2.79506,4.24618
14.4253,12.3095,15.2264,8.17343,3.87047,2.76901,4.2144
14.4303,12.2894,15.1379,8.07847,3.89151,2.73265,4.19692
14.4353,12.2699,15.0713,8.00237,3.97029,2.71721,4.18681
14.4404,12.246,14.9729,7.91146,3.95654,2.67739,4.1857
14.4454,12.2316,14.9127,7.84863,3.98986,2.66809,4.18835
14.4503,12.2186,14.8806,7.81007,4.0007,2.63607,4.18687
14.4552,12.2033,14.8583,7.7744,4.03266,2.55705,4.18793
14.4602,12.1901,14.8179,7.73272,4.03773,2.50146,4.17775
14.4652,12.1729,14.7658,7.69752,3.99157,2.42584,4.16733
14.4702,12.1556,14.758,7.69452,4.00215,2.38236,4.14533
14.4754,12.1364,14.6965,7.6567,3.99814,2.34228,4.11566
14.4804,12.112,14.6304,7.61271,3.90944,2.28719,4.06901
14.4855,12.0846,14.5686,7.58695,3.91915,2.2428,4.02601
14.4903,12.0569,14.4888,7.55324,3.91769,2.18739,3.97649
14.4952,12.0259,14.4405,7.54201,3.85032,2.12971,3.9217
14.5003,11.9955,14.3841,7.52248,3.80205,2.0604,3.86275
14.5056,11.9597,14.3364,7.49764,3.77757,1.98689,3.80634
14.5106,11.9183,14.2729,7.4544,3.79284,1.93408,3.78654
14.5155,11.8541,14.1857,7.37764,3.79006,1.82296,3.78214
14.5203,11.7735,14.0977,7.29682,3.79079,1.71917,3.79023
14.5253,11.6733,14.0439,7.23319,3.77176,1.62438,3.80972
14.5305,11.5564,13.9775,7.15181,3.7608,1.51374,3.83572
14.5354,11.4345,13.8785,7.05478,3.73062,1.40724,3.86592
14.5404,11.2935,13.8825,7.03212,3.73281,1.33896,3.89842
14.5453,11.1422,13.8713,6.99944,3.74948,1.27795,3.92541
14.5503,10.9745,13.7824,6.92446,3.78326,1.23487,3.95642
14.5553,10.7954,13.6635,6.83356,3.83346,1.19688,3.98574
14.5603,10.6048,13.5369,6.76173,3.80585,1.13747,4.01419
14.5653,10.404,13.4446,6.71563,3.72754,1.08757,4.04306
14.5703,10.2013,13.3521,6.67148,3.65578,1.02825,4.06493
14.5752,9.9949,13.2628,6.6275,3.67171,1.00037,4.08939
14.5804,9.78535,13.2676,6.64466,3.65941,1.03304,4.11216
14.5856,9.5795,13.174,6.57559,3.62311,1.00084,4.12852
14.5907,9.38005,13.1097,6.53124,3.60133,0.974233,4.13771
14.5953,9.18676,13.0126,6.47437,3.55005,0.936242,4.12738
14.6002,8.99951,12.967,6.43563,3.51144,0.884924,4.09546
14.6054,8.82172,12.902,6.38877,3.47372,0.84974,4.03991
14.6104,8.65348,12.8252,6.33589,3.43294,0.811357,3.96511
14.6154,8.48734,12.8335,6.34681,3.39896,0.830344,3.87963
14.6204,8.33095,12.694,6.25579,3.38664,0.789549,3.77605
14.6254,8.18577,12.6324,6.19944,3.34946,0.748867,3.66642
14.6304,8.03625,12.4958,6.12362,3.34351,0.679729,3.55847
14.6352,7.88929,12.3489,6.05519,3.33155,0.596534,3.45032
14.6403,7.75467,12.2569,6.02318,3.28482,0.550404,3.35058
14.6454,7.64,12.2082,6.02056,3.24838,0.532308,3.26434
14.6503,7.54589,12.1413,6.01253,3.23032,0.528835,3.18243
14.6553,7.45066,12.0465,5.98348,3.21769,0.524891,3.10073
14.6603,7.36158,11.8968,5.90446,3.20786,0.546966,3.03525
14.6655,7.2691,11.7889,5.84819,3.20311,0.537277,2.97441
14.6703,7.17568,11.6027,5.74033,3.12597,0.447082,2.89591
14.6755,7.09177,11.4904,5.66113,3.06219,0.376592,2.81567
14.6803,7.01347,11.4173,5.60183,3.07395,0.323386,2.73327
14.6856,6.93761,11.2923,5.49483,3.05589,0.26578,2.64374
14.6905,6.87126,11.2488,5.45823,3.00703,0.247056,2.57777
14.6954,6.801,11.1101,5.36998,2.95676,0.222018,2.50807
14.7003,6.74042,11.0015,5.28968,2.88337,0.182279,2.46231
14.7055,6.67455,10.9083,5.24133,2.81449,0.153249,2.4348
14.7103,6.61385,10.7952,5.17786,2.72544,0.0975065,2.41803
14.7153,6.54977,10.6896,5.11587,2.6732,0.052295,2.38801
14.7204,6.47749,10.5672,5.03851,2.59376,0.00676787,2.34893
14.7253,6.41492,10.4714,4.97733,2.53561,0.00161409,2.29965
14.7307,6.35016,10.3689,4.92855,2.45797,0.000316773,2.25794
14.7355,6.27979,10.2286,4.84475,2.40666,-0.015659,2.19825
14.7407,6.20937,10.0895,4.75856,2.35696,-0.0738593,2.15118
14.7453,6.15028,9.94913,4.66169,2.30771,-0.165602,2.13365
14.7503,6.08998,9.90214,4.63071,2.24502,-0.235874,2.13364
14.7552,6.02868,9.79689,4.55233,2.16001,-0.335003,2.12465
14.7603,5.9625,9.68892,4.46566,2.13349,-0.414289,2.09024
14.7653,5.91193,9.61573,4.41274,2.08629,-0.444721,2.03266
14.7703,5.85997,9.50595,4.3331,2.0329,-0.493197,1.97915
14.7753,5.81118,9.41524,4.2699,2.00347,-0.541724,1.94442
14.7802,5.75575,9.2904,4.19224,1.91749,-0.611241,1.90645
14.7853,5.69603,9.15207,4.11514,1.8354,-0.684153,1.85903
14.7903,5.6343,9.04479,4.07137,1.74153,-0.716866,1.81446
14.7953,5.57624,8.92557,4.02838,1.66145,-0.758554,1.79255
14.8004,5.51699,8.79249,3.96373,1.63787,-0.839262,1.75717
14.8053,5.45803,8.65857,3.90559,1.59594,-0.88822,1.72636
14.8104,5.38857,8.50759,3.83671,1.56107,-0.918973,1.69922
14.8154,5.30745,8.29433,3.72417,1.49734,-0.984536,1.68677
14.8205,5.21866,8.10446,3.61985,1.4697,-1.05463,1.67632
14.8253,5.11869,7.95933,3.5423,1.36204,-1.1108,1.66705
14.8303,5.02233,7.76139,3.41019,1.34268,-1.205,1.66605
14.8352,4.92165,7.6646,3.36086,1.28418,-1.22207,1.63593
14.8404,4.81562,7.56907,3.29072,1.219,-1.25041,1.58432
14.8453,4.70254,7.464,3.20354,1.10595,-1.28556,1.54789
14.8504,4.59235,7.34443,3.09997,1.02268,-1.33744,1.50593
14.8553,4.47835,7.20053,2.97946,1.00112,-1.40679,1.45598
14.8603,4.36806,7.14985,2.92547,0.965226,-1.4266,1.41797
14.8653,4.25545,7.04982,2.84622,0.943651,-1.45634,1.38643
14.8704,4.13566,6.91658,2.75601,0.964467,-1.50206,1.36679
14.8753,4.00989,6.84941,2.70429,0.919075,-1.50378,1.34189
14.8805,3.89322,6.73583,2.6327,0.85784,-1.53044,1.29621
14.8852,3.78365,6.62452,2.57041,0.837871,-1.54977,1.26858
14.8902,3.66346,6.49517,2.51644,0.790987,-1.56959,1.23181
14.8955,3.55539,6.37272,2.44279,0.760302,-1.6049,1.18845
14.9002,3.44453,6.22741,2.348,0.744468,-1.68273,1.16773
14.9055,3.33057,6.1084,2.25917,0.707884,-1.7547,1.1253
14.9103,3.21044,5.93378,2.1583,0.677729,-1.83658,1.06024
14.9153,3.09636,5.81041,2.07995,0.604932,-1.89682,1.01267
14.9203,2.97782,5.64312,1.95826,0.601994,-1.99217,0.9623
14.9253,2.86167,5.54216,1.87438,0.617162,-2.07627,0.931407
14.9303,2.74895,5.36004,1.72717,0.549429,-2.17773,0.933726
14.9354,2.63655,5.25063,1.62971,0.505593,-2.24125,0.941158
14.9404,2.53434,5.17833,1.56013,0.437195,-2.2968,0.935129
14.9454,2.43562,5.09678,1.48955,0.386091,-2.35211,0.930687
14.9503,2.35185,5.03311,1.42834,0.34468,-2.37244,0.91468
14.9552,2.25961,4.90287,1.30746,0.331862,-2.44441,0.878404
14.9602,2.15547,4.77515,1.18487,0.279161,-2.4837,0.834646
14.9652,2.06647,4.69046,1.09923,0.297656,-2.50061,0.784924
14.9703,1.97564,4.56829,1.00382,0.286899,-2.50837,0.753237
14.9753,1.88459,4.48966,0.941512,0.241232,-2.4963,0.746009
14.9804,1.79623,4.40956,0.885141,0.208548,-2.46969,0.696562
14.9854,1.6977,4.24992,0.782225,0.177318,-2.48714,0.650693
14.9904,1.58957,4.17344,0.720386,0.166581,-2.45819,0.60277
14.9953,1.48331,4.07879,0.646926,0.0922773,-2.44549,0.558608
