time,est_tau1,est_tau2,est_tau3,est_tau4,est_tau5,est_tau6
1.00025,0,0,0,0,0,0
1.00541,0,0,0,0,0,0
1.01029,0,0,0,0,0,0
1.01529,0,0,0,0,0,0
1.02027,0,0,0,0,0,0
1.02549,0,0,0,0,0,0
1.0303,0,0,0,0,0,0
1.03536,0,0,0,0,0,0
1.04029,0,0,0,0,0,0
1.04527,0,0,0,0,0,0
1.0503,0,0,0,0,0,0
1.05531,0,0,0,0,0,0
1.06035,0,0,0,0,0,0
1.06536,0,0,0,0,0,0
1.0705,0,0,0,0,0,0
1.07531,0,0,0,0,0,0
1.08028,0,0,0,0,0,0
1.08535,0,0,0,0,0,0
1.09047,0,0,0,0,0,0
1.09543,0,0,0,0,0,0
1.10038,0,0,0,0,0,0
1.10537,0,0,0,0,0,0
1.11031,0,0,0,0,0,0
1.11539,0,0,0,0,0,0
1.12037,0,0,0,0,0,0
1.12553,0,0,0,0,0,0
1.13017,0,0,0,0,0,0
1.13525,0,0,0,0,0,0
1.14025,0,0,0,0,0,0
1.14548,0,0,0,0,0,0
1.1504,0,0,0,0,0,0
1.15517,0,0,0,0,0,0
1.16025,0,0,0,0,0,0
1.16528,0,0,0,0,0,0
1.17019,0,0,0,0,0,0
1.17517,0,0,0,0,0,0
1.18017,0,0,0,0,0,0
1.18519,0,0,0,0,0,0
1.19023,0,0,0,0,0,0
1.19518,0,0,0,0,0,0
1.20026,0,0,0,0,0,0
1.20553,0,0,0,0,0,0
1.21057,0,0,0,0,0,0
1.21558,0,0,0,0,0,0
1.22046,0,0,0,0,0,0
1.22538,0,0,0,0,0,0
1.23042,0,0,0,0,0,0
1.23535,0,0,0,0,0,0
1.24036,0,0,0,0,0,0
1.24567,0,0,0,0,0,0
1.25029,0.318524,0.556898,0.0809205,0.100017,-0.157086,-0.0461968
1.25548,0.323918,0.564841,0.083092,0.0958339,-0.161435,-0.0498581
1.26023,0.328536,0.572603,0.0856366,0.0933314,-0.165588,-0.0518622
1.26529,0.332591,0.579394,0.0882548,0.0929935,-0.168434,-0.054149
1.27036,0.337174,0.585524,0.0903783,0.0930439,-0.171525,-0.0581982
1.27529,0.341123,0.591178,0.0920662,0.071872,-0.175102,-0.0617045
1.28028,0.344078,0.596333,0.0936414,0.0442759,-0.177519,-0.0646671
1.28529,0.347593,0.6019,0.0958623,0.0374644,-0.180323,-0.0676701
1.29055,0.351589,0.607459,0.0983964,0.0370323,-0.183438,-0.0712965
1.29521,0.355121,0.613324,0.10045,0.0567203,-0.186161,-0.0740009
1.30019,0.35764,0.618346,0.10192,0.0616795,-0.187959,-0.0773547
1.30536,0.35985,0.62281,0.103522,0.0599698,-0.188678,-0.0825966
1.31032,0.361873,0.626451,0.105098,0.0585237,-0.19123,-0.0851773
1.31528,0.363982,0.629839,0.107216,0.0569562,-0.194414,-0.085963
1.32055,0.366263,0.633607,0.109804,0.0550863,-0.196334,-0.0874594
1.32526,0.368031,0.636984,0.112066,0.0186076,-0.199045,-0.091525
1.3307,0.369207,0.640653,0.114409,0.0107097,-0.20044,-0.0968495
1.33528,0.369655,0.643224,0.116202,0.0101772,-0.200223,-0.10084
1.34034,0.370597,0.645791,0.118442,0.0292098,-0.202377,-0.103519
1.34532,0.371869,0.647953,0.1209,0.0532707,-0.206923,-0.104971
1.35026,0.37278,0.648974,0.122463,0.0192155,-0.209967,-0.107887
1.35517,0.373777,0.650105,0.123799,-0.0293719,-0.211187,-0.112127
1.36055,0.374952,0.650522,0.124712,-0.0570992,-0.213583,-0.143373
1.36553,0.376142,0.651647,0.125801,-0.0788592,-0.215396,-0.157265
1.37023,0.377165,0.65248,0.126327,-0.100037,-0.215998,-0.15928
1.37553,0.37839,0.653653,0.127546,-0.10016,-0.216695,-0.160072
1.38027,0.379667,0.654751,0.128841,-0.0949508,-0.218171,-0.158789
1.38536,0.380886,0.655799,0.129701,-0.0910957,-0.22014,-0.156631
1.39027,0.382227,0.656533,0.130522,-0.0861084,-0.224259,-0.154757
1.39522,0.383454,0.656835,0.132086,-0.116412,-0.229069,-0.152806
1.40026,0.384679,0.657789,0.134777,-0.154412,-0.23204,-0.150545
1.40522,0.385744,0.658723,0.136887,-0.174615,-0.234252,-0.148559
1.41037,0.386849,0.659171,0.137959,-0.17175,-0.235618,-0.147409
1.41524,0.388099,0.65931,0.138974,-0.162196,-0.236242,-0.146324
1.42023,0.389204,0.660596,0.138482,-0.153819,-0.236464,-0.144914
1.42515,0.390285,0.662599,0.137209,-0.146167,-0.238366,-0.114118
1.43022,0.39138,0.663293,0.136468,-0.137765,-0.242037,-0.0710341
1.43519,0.392346,0.663138,0.135413,-0.167632,-0.244916,-0.0588063
1.44025,0.393493,0.665007,0.135904,-0.170123,-0.246483,-0.0620609
1.44517,0.394266,0.667013,0.136728,-0.163254,-0.248296,-0.0672459
1.45028,0.395005,0.668574,0.136714,-0.155016,-0.25096,-0.0710781
1.45532,0.395791,0.66918,0.135094,-0.165596,-0.255238,-0.104013
1.46031,0.396815,0.670643,0.133601,-0.182119,-0.259641,-0.149874
1.46532,0.397802,0.672571,0.132558,-0.180384,-0.262112,-0.165698
1.47016,0.398826,0.673704,0.131226,-0.173798,-0.263967,-0.166959
1.47529,0.400069,0.674608,0.129718,-0.165271,-0.265178,-0.165553
1.48021,0.401256,0.675116,0.127902,-0.156009,-0.26503,-0.163463
1.48536,0.402444,0.675913,0.126941,-0.108741,-0.265877,-0.161816
1.4906,0.403115,0.675608,0.125606,-0.0897934,-0.268065,-0.159733
1.49534,0.403809,0.675539,0.123975,-0.0816938,-0.270025,-0.156787
1.50036,0.404473,0.675473,0.122417,-0.0739592,-0.271896,-0.153973
1.50535,0.404929,0.675499,0.121401,-0.0695575,-0.27387,-0.152032
1.51042,0.405187,0.675613,0.120901,-0.0683386,-0.275941,-0.150925
1.51531,0.405789,0.676076,0.121036,-0.0649362,-0.277546,-0.149681
1.52029,0.406718,0.676874,0.121777,-0.0594488,-0.278705,-0.148306
1.52527,0.407428,0.677103,0.121636,-0.0555143,-0.281864,-0.147926
1.5303,0.40825,0.677988,0.121335,-0.0153853,-0.284378,-0.147165
1.5354,0.409069,0.679231,0.121309,0.033303,-0.284484,-0.145158
1.54025,0.409618,0.680019,0.120274,0.0430526,-0.285461,-0.143266
1.5454,0.410198,0.681171,0.118695,0.0429282,-0.28701,-0.141435
1.55027,0.411123,0.682072,0.117694,0.0228953,-0.287435,-0.138579
1.55528,0.412294,0.683998,0.117628,0.0543517,-0.2887,-0.136361
1.56034,0.412752,0.685504,0.11711,0.100271,-0.292342,-0.13596
1.56548,0.413136,0.686541,0.117112,0.107563,-0.295203,-0.135602
1.57047,0.413747,0.687653,0.117298,0.10529,-0.295666,-0.119475
1.57567,0.414318,0.687929,0.116417,0.103108,-0.29489,-0.0962947
1.58049,0.415028,0.688205,0.114943,0.0995192,-0.295916,-0.0910381
1.58542,0.415896,0.688988,0.113228,0.0946121,-0.298486,-0.0949176
1.59027,0.41656,0.691056,0.112788,0.088633,-0.301038,-0.0823027
1.59537,0.416991,0.693588,0.113079,0.0830847,-0.302906,-0.0767439
1.60029,0.417255,0.695082,0.113555,0.0595636,-0.304108,-0.0779224
1.60555,0.417562,0.696644,0.114643,0.0496382,-0.305684,-0.0795821
1.61044,0.417783,0.698645,0.115861,0.0451134,-0.307441,-0.0821123
1.61565,0.417817,0.700822,0.11674,0.0434038,-0.309305,-0.0841554
1.62024,0.418453,0.713217,0.132728,0.0242001,-0.307563,-0.0861427
1.62533,0.418634,0.714826,0.147579,-0.000874916,-0.308863,-0.0887503
1.63031,0.418365,0.706247,0.146011,0.0143439,-0.313001,-0.0904456
1.6353,0.418728,0.707815,0.144402,0.0409401,-0.313309,-0.0909941
1.64052,0.419383,0.709798,0.142475,0.0464489,-0.313492,-0.0613349
1.64532,0.42041,0.711561,0.139802,0.0454253,-0.313778,-0.0187639
1.65028,0.420773,0.712703,0.137923,0.0254538,-0.313645,0.00669464
1.65528,0.420998,0.714903,0.137562,0.0200374,-0.314134,0.00900231
1.66045,0.42142,0.717856,0.137558,0.020204,-0.315884,0.0043463
1.66529,0.421911,0.72041,0.137036,0.0186843,-0.316621,-0.00196526
1.67017,0.422469,0.722583,0.13602,0.0155542,-0.316393,-0.00985778
1.67515,0.423002,0.724659,0.13505,0.0125652,-0.316176,-0.0173947
1.68015,0.423511,0.726906,0.134547,0.0117627,-0.316527,-0.0242189
1.68713,0.423997,0.728698,0.133972,0.0130483,-0.316677,-0.0284973
1.69124,0.424461,0.729787,0.132906,0.0142758,-0.316073,-0.0307177
1.69727,0.424921,0.730982,0.13103,-0.00372001,-0.315375,-0.0328506
1.70526,0.42552,0.732679,0.12859,-0.0264179,-0.314457,-0.0348748
1.71022,0.427161,0.746392,0.143191,0.00736492,-0.309797,-0.038659
1.71783,0.427285,0.738164,0.142438,0.0166862,-0.314714,-0.0437807
1.7202,0.428298,0.739372,0.142381,0.0145662,-0.316525,-0.062378
1.72759,0.42905,0.74092,0.142979,0.0122189,-0.31697,-0.0415888
1.73015,0.429439,0.741483,0.142405,0.0104742,-0.317462,-0.0284242
1.73779,0.429852,0.742329,0.142172,-0.0103348,-0.31894,-0.0299142
1.74019,0.430556,0.742839,0.143127,-0.0160041,-0.321988,-0.0502429
1.74868,0.43118,0.74248,0.144071,-0.016253,-0.323109,-0.062621
1.75025,0.431498,0.741794,0.145233,-0.0166898,-0.323708,-0.0638635
1.75966,0.431624,0.742116,0.146955,-0.0167338,-0.324653,-0.0626251
1.76024,0.431466,0.74208,0.149002,-0.016602,-0.32583,-0.0785081
1.76528,0.431001,0.742354,0.150754,-0.0358055,-0.326843,-0.088506
1.77036,0.43156,0.743494,0.151495,-0.0230119,-0.32789,-0.0911686
1.77532,0.432749,0.744627,0.151899,-0.00107495,-0.329393,-0.0931769
1.78037,0.434188,0.793274,0.16245,0.000893118,-0.326248,-0.1108
1.78529,0.433373,0.80514,0.152514,-0.00330164,-0.333402,-0.119211
1.7905,0.433249,0.805791,0.152706,-0.00598826,-0.336433,-0.101957
1.79526,0.432764,0.805714,0.151926,-0.00726061,-0.341655,-0.0773281
1.80029,0.432288,0.805299,0.151959,-0.00904782,-0.344491,-0.0705012
1.80529,0.432467,0.804978,0.152625,-0.0116746,-0.346365,-0.0730674
1.81017,0.433614,0.804583,0.153543,-0.0151158,-0.348714,-0.0745854
1.81535,0.433983,0.804406,0.15396,0.00375069,-0.350146,-0.0745302
1.82021,0.433109,0.804037,0.152935,0.0308241,-0.351765,-0.0743036
1.8253,0.432398,0.803285,0.152264,0.0155436,-0.351949,-0.0761641
1.83024,0.432128,0.802967,0.152351,-0.0128721,-0.350502,-0.0799675
1.83529,0.432031,0.803395,0.152869,-0.0206529,-0.350175,-0.0835869
1.84033,0.431956,0.804137,0.153588,-0.0223837,-0.351046,-0.0870558
1.84528,0.432074,0.804655,0.15406,-0.0230913,-0.351418,-0.071997
1.85023,0.4328,0.803377,0.153234,-0.0440793,-0.351827,-0.0648632
1.85528,0.43411,0.801989,0.152241,-0.071674,-0.352251,-0.0676834
1.86022,0.435361,0.800664,0.151293,-0.0980253,-0.352656,-0.0703766
1.86559,0.436095,0.800486,0.150587,-0.101596,-0.352791,-0.0714436
1.87026,0.436192,0.801004,0.149902,-0.0970686,-0.352799,-0.0709829
1.87519,0.436289,0.801222,0.148792,-0.111739,-0.35296,-0.086502
1.88027,0.436638,0.801627,0.14935,-0.112255,-0.351687,-0.0949954
1.88514,0.436888,0.800673,0.150887,-0.10762,-0.349506,-0.096831
1.89024,0.437215,0.800206,0.151224,-0.104127,-0.349102,-0.0978379
1.89517,0.437439,0.800115,0.15084,-0.100977,-0.34909,-0.0986129
1.90016,0.437474,0.799939,0.150897,-0.0972235,-0.347772,-0.0999124
1.90523,0.437597,0.799505,0.151329,-0.0934525,-0.346513,-0.101153
1.91014,0.437803,0.798913,0.151693,-0.0902245,-0.345125,-0.102898
1.91517,0.438,0.798436,0.151617,-0.0877014,-0.343613,-0.105124
1.92041,0.438366,0.797981,0.151781,-0.0852921,-0.343475,-0.107436
1.92519,0.438892,0.797546,0.152172,-0.0829915,-0.344648,-0.109831
1.93044,0.439493,0.796046,0.152434,-0.117751,-0.34477,-0.141965
1.93529,0.440848,0.796251,0.154273,-0.125076,-0.344086,-0.157946
1.94039,0.441795,0.795451,0.15587,-0.121169,-0.343926,-0.157132
1.94532,0.442624,0.795118,0.15737,-0.115747,-0.342753,-0.137424
1.95026,0.443669,0.794812,0.158169,-0.111701,-0.341721,-0.111197
1.95539,0.445009,0.794444,0.159051,-0.108223,-0.341569,-0.102097
1.96044,0.447138,0.795124,0.160229,-0.0502666,-0.342073,-0.102829
1.96544,0.449223,0.795173,0.160617,0.0191079,-0.342937,-0.105058
1.97041,0.450714,0.794821,0.160259,0.0487834,-0.342026,-0.10572
1.97532,0.451589,0.794684,0.160305,0.0477581,-0.341838,-0.105965
1.98037,0.45223,0.794752,0.161254,0.0403335,-0.344205,-0.107307
1.98546,0.452931,0.795173,0.161878,0.033803,-0.344972,-0.106349
1.99043,0.453423,0.795753,0.162049,0.0275666,-0.345146,-0.104316
1.99529,0.453981,0.796128,0.16259,0.0232902,-0.344938,-0.104799
2.0006,0.454975,0.796021,0.162814,0.00153077,-0.3435,-0.106205
2.00527,0.455996,0.796385,0.163037,-0.02644,-0.34262,-0.106417
2.01046,0.456523,0.797275,0.163613,-0.0334103,-0.341067,-0.0893536
2.0153,0.456958,0.79685,0.163131,-0.0522422,-0.339616,-0.0662376
2.02033,0.45789,0.796466,0.162634,-0.0757385,-0.339099,-0.0458294
2.02534,0.45878,0.796099,0.16216,-0.0981761,-0.338604,-0.0263407
2.0303,0.459688,0.795784,0.160801,-0.102686,-0.338155,-0.0238504
2.03542,0.460497,0.795627,0.158714,-0.103705,-0.337703,-0.0296378
2.04033,0.461459,0.795729,0.158767,-0.100562,-0.336996,-0.0186583
2.04528,0.462442,0.795941,0.159905,-0.0960933,-0.336871,-0.0144747
2.05033,0.463304,0.797019,0.160684,-0.0944249,-0.337223,-0.0173268
2.05536,0.464254,0.797582,0.160847,-0.0383961,-0.336991,-0.018707
2.06046,0.464464,0.796477,0.159621,-0.0238054,-0.3366,-0.0201004
2.06537,0.464703,0.796643,0.158906,-0.0212904,-0.335845,-0.022699
2.0706,0.463776,0.795914,0.159353,-0.0160906,-0.334751,-0.0255536
2.07535,0.473199,0.540428,0.0615361,-0.21371,-0.403856,-0.0599816
2.08033,0.453811,0.368572,0.114493,-0.168232,-0.406353,-0.0705618
2.08532,0.470734,0.0311403,0.0888904,-0.193881,-0.441093,-0.119788
2.09029,0.464412,-0.231741,0.166595,-0.149305,-0.418728,-0.146228
2.09531,0.507744,-0.312654,0.248039,-0.215803,-0.427336,-0.171701
2.1003,0.490845,-0.340726,0.327946,-0.118021,-0.426107,-0.180851
2.10536,0.471883,-0.349942,0.396604,-0.0646734,-0.427838,-0.215471
2.11048,0.487778,-0.336455,0.480043,-0.13687,-0.434854,-0.236531
2.11533,0.469892,-0.453965,0.494913,-0.0577731,-0.473126,-0.26622
2.12055,0.425605,-0.600578,0.510221,-0.0216571,-0.494996,-0.286929
2.12541,0.411154,-0.746268,0.519889,-0.0627302,-0.531979,-0.295778
2.13029,0.369843,-0.863502,0.573651,-0.0287808,-0.543415,-0.306265
2.13531,0.377174,-0.932641,0.626705,-0.21884,-0.523577,-0.341291
2.14029,0.327519,-1.06786,0.670668,-0.133862,-0.474013,-0.328283
2.14538,0.285192,-1.04924,0.767696,-0.0374232,-0.422674,-0.290244
2.15038,0.254871,-1.13802,0.766432,-0.039219,-0.434404,-0.25954
2.15535,0.233883,-1.10988,0.86618,0.0337975,-0.411464,-0.186537
2.16052,0.166396,-1.18731,0.9063,0.0773366,-0.417419,-0.12073
2.16552,0.109198,-1.30142,0.922397,-0.000956793,-0.436224,-0.0547727
2.17029,0.0374906,-1.39501,0.972152,0.0913148,-0.444434,0.052609
2.17531,0.0309299,-1.45387,0.981651,0.229323,-0.437963,0.0952146
2.18053,0.0132344,-1.47916,0.991766,0.205439,-0.398445,0.171707
2.18558,-0.0261612,-1.63284,0.903,0.0501217,-0.388426,0.22896
2.19051,-0.0880257,-1.66047,0.92868,0.077106,-0.343333,0.236495
2.19536,-0.115035,-1.46323,1.08535,0.0795686,-0.23045,0.308213
2.20026,-0.143354,-1.65009,1.04494,0.0512605,-0.237513,0.292387
2.20538,-0.203264,-1.6547,1.05182,0.09133,-0.248638,0.371002
2.21038,-0.215409,-1.67201,1.01988,0.0779843,-0.248218,0.357191
2.21542,-0.291001,-1.51994,1.14162,0.0159447,-0.220074,0.423302
2.22035,-0.352757,-1.49137,1.16464,0.0455596,-0.226615,0.455943
2.22534,-0.397728,-1.64482,1.07088,0.197523,-0.312583,0.538659
2.23033,-0.41126,-1.62939,1.10917,0.0802969,-0.269823,0.635413
2.23529,-0.466371,-1.52364,1.14904,0.060854,-0.263634,0.769117
2.24023,-0.490812,-1.64367,1.07226,0.0924098,-0.309608,0.770857
2.24523,-0.559019,-1.62643,1.07881,0.134048,-0.365783,0.771243
2.25023,-0.655319,-1.58763,1.07567,0.0761096,-0.335211,0.845895
2.25549,-0.61929,-1.72536,0.984983,0.119923,-0.405215,0.901964
2.2603,-0.667862,-1.55771,1.06784,0.101044,-0.303846,0.891377
2.26529,-0.696113,-1.4256,1.12723,0.0994746,-0.283134,0.890307
2.27026,-0.707641,-1.60228,0.990186,0.154047,-0.325307,0.992261
2.27524,-0.687593,-1.30848,1.13713,0.0719503,-0.314497,0.992547
2.28034,-0.705542,-1.24705,1.14379,0.102853,-0.344183,1.04247
2.2853,-0.716892,-1.2743,1.11104,0.221104,-0.397978,1.11388
2.29033,-0.674768,-1.20865,1.12203,0.11521,-0.412047,1.16144
2.29522,-0.726639,-1.15897,1.0885,0.180818,-0.463083,1.17639
2.30038,-0.776172,-1.11152,1.05647,0.24347,-0.511819,1.19067
2.30541,-0.859502,-1.15642,1.02129,0.370272,-0.601736,1.1746
2.31036,-0.838874,-1.23321,0.948641,0.301049,-0.594486,1.21096
2.31536,-0.886861,-1.33959,0.884538,0.223693,-0.660009,1.13903
2.32041,-0.85626,-1.23833,0.963143,0.34567,-0.592504,1.17691
2.32533,-0.852142,-1.20285,0.971408,0.311229,-0.610995,1.12713
2.33019,-0.8562,-1.30486,0.922983,0.387899,-0.605415,1.11478
2.33523,-0.885636,-1.25034,0.958768,0.32186,-0.595852,1.19018
2.34037,-0.900581,-1.1998,1.01916,0.250383,-0.602986,1.23302
2.34529,-0.903225,-1.27322,1.00012,0.124415,-0.596433,1.17885
2.35025,-0.936342,-1.34364,1.04736,0.173035,-0.585135,1.16867
2.35526,-0.966654,-1.29383,1.14157,0.113268,-0.527771,1.17664
2.36029,-1.04266,-1.52933,0.959555,0.337374,-0.696425,1.16578
2.3655,-0.985875,-1.23949,1.14418,0.189275,-0.579271,1.17364
2.37038,-1.03691,-1.39651,1.05869,0.438491,-0.638583,1.03169
2.37533,-1.02938,-1.40084,1.06912,0.454301,-0.642111,1.0537
2.38044,-1.02529,-1.30209,1.10385,0.424462,-0.615914,1.15233
2.38526,-1.01997,-1.22699,1.10742,0.517768,-0.664763,1.12693
2.39032,-1.00446,-1.23634,1.08498,0.474321,-0.727593,1.09712
2.39532,-1.02286,-1.46875,0.927319,0.316953,-0.837169,1.10905
2.40071,-1.01145,-1.16803,1.13773,0.630924,-0.745876,1.08215
2.4053,-1.00345,-1.14852,1.14251,0.54972,-0.791704,0.964764
2.41059,-1.10199,-1.21398,1.15122,0.132964,-0.813945,0.938998
2.41517,-1.36796,-1.31965,1.25649,0.320396,-0.852105,0.953304
2.42042,-1.40843,-1.53175,1.18304,0.324123,-0.917016,0.950577
2.42527,-1.44521,-1.26855,1.36448,0.368238,-0.868176,0.972768
2.43025,-1.47873,-1.26672,1.36534,0.407278,-0.872114,0.969347
2.43524,-1.45693,-1.43398,1.22278,0.480031,-0.943101,1.00353
2.44028,-1.485,-1.38694,1.22105,0.282984,-0.918457,1.05588
2.44517,-1.46712,-1.41302,1.18848,0.416236,-0.919188,1.02828
2.45025,-1.53799,-1.68615,0.961575,0.295388,-0.983606,1.063
2.45529,-1.4115,-1.60538,1.02265,0.0698235,-0.982743,1.03321
2.46031,-1.42753,-1.55798,1.02474,0.129228,-0.980872,1.01591
2.46541,-1.44283,-1.51272,1.02674,0.185957,-0.979085,0.999393
2.47029,-1.44031,-1.40697,1.0684,0.439406,-0.955907,0.978676
2.47534,-1.42147,-1.42428,1.08607,0.441052,-0.983142,1.03843
2.48034,-1.39104,-1.58182,1.02117,0.362888,-0.974039,0.994795
2.48534,-1.39582,-1.51507,1.08125,0.456954,-0.96055,1.07398
2.49041,-1.40914,-1.49587,1.0732,0.425028,-0.972638,1.09531
2.49526,-1.45152,-1.58138,1.02297,0.420858,-1.021,1.05628
2.50043,-1.41315,-1.41243,1.16372,0.195771,-0.949915,1.10076
2.50525,-1.43754,-1.48162,1.10577,0.25184,-0.973269,1.00441
2.51028,-1.41231,-1.32952,1.1661,0.132459,-0.916292,0.978718
2.51525,-1.45301,-1.24757,1.18302,0.178107,-0.91158,1.00419
2.52032,-1.44063,-1.32099,1.13948,0.382424,-0.911129,1.02823
2.52525,-1.51241,-1.43799,0.989379,0.226742,-0.926205,1.03046
2.53025,-1.44003,-1.19419,1.13399,0.144261,-0.831093,1.0398
2.53522,-1.42028,-1.42266,0.987554,0.280398,-0.900913,0.936181
2.54027,-1.46278,-1.36361,1.01615,0.298182,-0.909193,0.899879
2.54538,-1.48659,-0.955239,1.2556,0.392496,-0.791928,0.963809
2.55039,-1.49694,-0.947421,1.21767,0.442232,-0.82487,0.969519
2.55523,-1.55837,-1.10742,1.0703,0.186254,-0.905437,0.955881
2.56049,-1.60217,-1.01064,1.08269,0.31115,-0.886379,0.951499
2.5653,-1.6461,-0.917082,1.09231,0.34206,-0.875628,0.949945
2.57032,-1.63494,-0.817935,1.12846,0.327974,-0.860498,0.908788
2.5754,-1.59648,-0.89423,1.02385,0.325935,-0.88201,0.967711
2.58064,-1.60969,-1.0726,0.96162,0.429227,-0.907999,0.891071
2.58557,-1.55291,-0.865505,1.05858,0.263569,-0.85842,0.873813
2.59027,-1.57144,-0.827423,1.07202,0.314866,-0.868445,0.87802
2.5953,-1.55386,-0.859669,1.05902,0.34184,-0.894302,0.93905
2.60036,-1.59133,-0.878741,1.06148,0.395079,-0.926718,0.925503
2.60541,-1.66084,-0.963301,0.982537,0.310048,-0.979989,0.840649
2.61035,-1.67177,-1.23568,0.898229,0.399834,-1.05579,0.885821
2.61526,-1.7008,-1.28742,0.966229,0.378338,-1.08613,0.83948
2.62038,-1.71173,-0.968736,1.20327,0.372629,-0.994087,0.927762
2.62529,-1.69118,-0.938489,1.20098,0.325084,-1.01131,0.938431
2.63036,-1.71948,-1.13191,1.05373,0.1803,-1.11885,0.791731
2.63526,-1.66857,-1.15234,1.02416,0.226201,-1.1288,0.858292
2.64035,-1.66427,-1.0944,1.01567,0.446397,-1.07278,0.849002
2.64524,-1.64572,-0.838617,1.21839,0.426163,-0.92396,0.878073
2.65028,-1.66508,-0.939435,1.09381,0.477321,-0.912857,0.870824
2.65553,-1.66207,-0.859509,1.10416,0.374343,-0.868678,0.887672
2.66031,-1.69418,-0.992615,1.01185,0.392367,-0.943857,0.911812
2.66554,-1.72297,-1.04117,0.948363,0.483361,-0.982758,0.910338
2.67067,-1.68538,-1.02344,0.909876,0.42748,-0.934857,0.811336
2.67533,-1.73566,-0.94638,0.93087,0.394619,-0.899431,0.804122
2.68035,-1.68633,-0.739039,1.05935,0.232021,-0.853886,0.845781
2.68534,-1.71424,-0.702753,1.06612,0.255084,-0.900714,0.866336
2.69066,-1.77408,-0.792947,0.972439,0.0508049,-0.934887,0.78349
2.69536,-1.80954,-0.705784,0.968298,0.0625525,-0.964246,0.761088
2.70046,-1.75748,-0.777442,0.898703,0.234284,-0.982682,0.77014
2.70536,-1.79558,-0.759488,0.894674,0.290192,-0.997244,0.789855
2.7104,-1.85331,-0.517072,1.00353,0.363918,-0.93632,0.863175
2.71533,-1.77599,-0.838621,0.775847,0.566736,-1.06339,0.7599
2.72051,-1.85372,-0.662702,0.941081,0.295423,-1.08352,0.823862
2.72529,-1.76426,-0.641075,0.965145,0.529524,-1.10834,0.826468
2.73027,-1.79019,-0.607114,0.979272,0.318881,-1.15468,0.818657
2.73552,-1.77062,-0.584169,0.973833,0.533306,-1.17395,0.818858
2.74056,-1.73987,-0.583907,0.934816,0.34488,-1.24358,0.817678
2.74535,-1.75259,-0.538697,0.949284,0.346351,-1.29321,0.761637
2.75043,-1.79924,-0.623593,0.881722,0.387071,-1.3663,0.71026
2.75533,-1.80421,-0.335199,1.07358,0.236237,-1.33088,0.705626
2.76064,-1.79876,-0.663829,0.812628,0.376115,-1.47879,0.682916
2.76538,-1.74626,-0.500911,0.9301,0.478142,-1.41696,0.628375
2.77027,-1.78117,-0.652439,0.821814,0.0556421,-1.50111,0.57969
2.7753,-1.75851,-0.536581,0.853805,0.296752,-1.51741,0.648782
2.78047,-1.7563,-0.557855,0.827175,0.0199354,-1.55054,0.663277
2.78557,-1.68341,-0.588437,0.788767,0.392853,-1.63409,0.620955
2.79036,-1.7298,-0.625405,0.740408,0.486489,-1.69329,0.700096
2.7953,-1.67624,-0.505537,0.830625,0.402822,-1.66104,0.629835
2.80038,-1.6931,-0.368367,0.916221,0.537492,-1.60143,0.692609
2.80528,-1.59103,-0.48199,0.794747,0.543449,-1.64133,0.645866
2.81028,-1.67329,-0.378412,0.853511,0.377727,-1.63853,0.598757
2.81532,-1.63698,-0.432319,0.783042,0.628216,-1.71482,0.677289
2.82027,-1.65163,-0.366183,0.797556,0.600247,-1.73561,0.655998
2.8254,-1.65687,-0.460584,0.681807,0.593351,-1.81817,0.660369
2.83026,-1.61407,-0.343489,0.825949,0.452046,-1.80549,0.60315
2.83525,-1.61128,-0.475207,0.811467,0.467197,-1.94121,0.633199
2.84036,-1.59019,-0.736191,0.730403,0.544636,-2.11705,0.702668
2.84525,-1.59381,-0.790437,0.804338,0.580946,-2.14966,0.700084
2.85037,-1.52924,-0.841905,0.822335,0.458456,-2.18591,0.673541
2.85532,-1.52629,-0.881645,0.797434,0.675082,-2.24064,0.661808
2.86029,-1.53679,-0.76818,0.824961,0.502986,-2.34315,0.712496
2.86527,-1.49422,-0.593042,0.868319,0.613593,-2.32964,0.706557
2.87035,-1.49848,-0.550108,0.840627,0.52839,-2.45008,0.743983
2.87532,-1.46858,-0.463312,0.851274,0.496788,-2.5068,0.721961
2.88068,-1.424,-0.427654,0.81257,0.656346,-2.50997,0.754055
2.88524,-1.44125,-0.307513,0.825222,0.673297,-2.40461,0.788075
2.89058,-1.43671,-0.383019,0.705541,0.521126,-2.521,0.712049
2.89527,-1.37628,-0.341321,0.66755,0.842525,-2.52431,0.671675
2.90024,-1.33063,-0.142829,0.764883,0.635382,-2.44804,0.643058
2.90531,-1.36109,-0.184285,0.674769,0.685555,-2.48541,0.621609
2.91036,-1.29343,0.129414,0.871114,0.54449,-2.45715,0.501723
2.91531,-1.29886,-0.199183,0.566598,0.29768,-2.45356,0.555916
2.92028,-1.57474,-0.0222924,0.641963,0.372966,-2.52054,0.622767
2.92525,-1.45009,0.0259127,0.64972,0.539086,-2.43192,0.549267
2.93052,-1.42343,0.109376,0.685412,0.565882,-2.40267,0.504553
2.93525,-1.38276,0.222099,0.764601,0.592464,-2.37038,0.550638
2.94027,-1.42102,0.24348,0.739267,0.672374,-2.28466,0.540258
2.94529,-1.39012,0.273697,0.724971,0.594516,-2.25063,0.590563
2.95042,-1.37868,0.301813,0.725752,0.558432,-2.15526,0.602463
2.95533,-1.36905,0.310411,0.743261,0.66222,-2.18954,0.663739
2.9604,-1.39403,0.243747,0.611685,0.674254,-2.2822,0.598945
2.96557,-1.38131,0.245224,0.590002,0.562211,-2.34332,0.559666
2.97033,-1.29915,0.20098,0.545694,0.529411,-2.44795,0.603126
2.97525,-1.27092,0.589179,0.753669,0.707758,-2.35886,0.648075
2.98044,-1.32713,0.0718631,0.40836,0.377157,-2.62093,0.64912
2.98545,-1.24747,0.305871,0.597465,0.518873,-2.59244,0.601223
2.99034,-1.22512,0.550254,0.742673,0.662349,-2.5557,0.567983
2.99534,-1.21877,0.537061,0.711362,0.622532,-2.59459,0.605365
3.0003,-1.17404,0.379788,0.565501,0.414868,-2.664,0.580824
3.00531,-1.19217,0.522403,0.658214,0.53082,-2.65441,0.636895
3.01057,-1.27279,0.514568,0.631772,0.548672,-2.73798,0.629544
3.01546,-1.17744,0.49816,0.610552,0.483988,-2.63935,0.629451
3.02027,-1.15286,0.42327,0.598871,0.382865,-2.60257,0.592364
3.02538,-1.12609,0.346137,0.559096,0.333382,-2.65137,0.627167
3.03043,-1.14247,0.358838,0.56136,0.613901,-2.56064,0.599147
3.03539,-1.16268,0.503647,0.66448,0.456609,-2.57695,0.546196
3.04042,-1.07084,0.559242,0.697764,0.385662,-2.52918,0.698706
3.04534,-1.08032,0.42652,0.575135,0.602459,-2.57644,0.696912
3.0503,-1.02768,0.511878,0.633834,0.457121,-2.55177,0.708329
3.05542,-1.11025,0.478754,0.56416,0.512662,-2.66156,0.789656
3.06036,-1.14194,0.545179,0.556185,0.489548,-2.734,0.778963
3.06529,-1.11504,0.707427,0.645644,0.590883,-2.74754,0.662451
3.07034,-1.09353,0.453574,0.508599,0.56056,-2.84473,0.747561
3.0753,-1.04714,0.631111,0.602326,0.460808,-2.77318,0.720636
3.08027,-1.03522,0.44356,0.466123,0.406644,-2.86774,0.706109
3.08529,-0.957262,0.705795,0.675459,0.396117,-2.8003,0.74218
3.09031,-0.957303,0.582213,0.563987,0.572529,-2.80727,0.787602
3.09544,-0.931784,0.556296,0.533866,0.446741,-2.82374,0.803639
3.10044,-0.984595,0.701169,0.565243,0.444453,-2.72228,0.773464
3.10531,-1.02158,0.502181,0.416233,0.560363,-2.77124,0.744213
3.11056,-0.921558,0.503906,0.395646,0.549797,-2.79314,0.761224
3.11528,-0.953072,0.653825,0.476888,0.570635,-2.75492,0.847055
3.12027,-0.908003,0.54399,0.399076,0.566016,-2.8207,0.784699
3.12523,-0.918797,0.395456,0.286393,0.292163,-2.89942,0.731378
3.13035,-0.845652,0.649669,0.44616,0.434041,-2.83934,0.75813
3.13547,-0.782883,0.489172,0.316602,0.590641,-2.94033,0.776785
3.1403,-0.873219,0.503225,0.361727,0.609633,-3.04135,0.734649
3.14551,-0.758341,0.636851,0.40136,0.405657,-2.95254,0.75227
3.15043,-0.762157,0.603479,0.377292,0.570154,-2.9431,0.752715
3.15532,-0.778803,0.526506,0.310369,0.285768,-2.96614,0.769361
3.16031,-0.7376,0.55814,0.306895,0.449905,-2.93133,0.703387
3.1652,-0.634841,0.735633,0.410357,0.47149,-2.92142,0.724649
3.17019,-0.701502,0.642961,0.316938,0.235658,-2.95389,0.879078
3.17531,-0.602305,0.882144,0.484925,0.49266,-2.87691,0.729684
3.18034,-0.673959,0.616175,0.29814,0.409169,-2.96256,0.753553
3.18546,-0.659582,0.599418,0.278644,0.312491,-3.06041,0.696664
3.19039,-0.616932,0.680795,0.346392,0.349231,-3.06976,0.644293
3.19534,-0.529846,0.771325,0.398988,0.3877,-2.93985,0.687878
3.20026,-0.52648,0.767025,0.397986,0.380959,-2.95071,0.743088
3.20542,-0.470276,0.472215,0.249728,0.308043,-3.01499,0.80901
3.21035,-0.513086,0.50312,0.251811,0.311249,-2.99815,0.821133
3.21532,-0.554828,0.771225,0.432375,0.508862,-2.93449,0.792858
3.22027,-0.539645,0.474132,0.230258,0.409375,-3.0464,0.863824
3.22549,-0.471499,0.639091,0.385318,0.412515,-2.9672,0.802817
3.23031,-0.473655,0.598532,0.353429,0.444498,-2.9956,0.84062
3.23522,-0.384745,0.547483,0.322757,0.59112,-3.09893,0.81599
3.24045,-0.476166,0.460671,0.231541,0.373252,-3.15372,0.802956
3.24529,-0.411725,0.451058,0.228151,0.36338,-3.13974,0.826029
3.25042,-0.419797,0.52141,0.278049,0.436375,-3.1466,0.82126
3.2553,-0.513064,0.494278,0.237727,0.405022,-3.19618,0.794001
3.2603,-0.330272,0.672843,0.365343,0.383469,-3.15403,0.841679
3.26525,-0.293686,0.585222,0.290304,0.177638,-3.14393,0.871254
3.27028,-0.309334,0.655238,0.333839,0.380855,-3.08075,0.794363
3.27529,-0.321854,0.549482,0.255056,0.454431,-3.12247,0.859357
3.28032,-0.23878,0.378949,0.167738,0.26017,-3.10498,0.718067
3.28534,-0.277221,0.396632,0.180402,0.331534,-3.14128,0.755279
3.29032,-0.201542,0.383254,0.179181,0.361659,-3.2046,0.798868
3.29573,-0.193009,0.51388,0.272241,0.389444,-3.18804,0.788556
3.30057,-0.212695,0.169162,0.0680374,0.341623,-3.27615,0.764267
3.30556,-0.238705,0.135829,0.0839724,0.451715,-3.16151,0.697463
3.31034,-0.23184,0.350166,0.179363,0.351424,-3.16317,0.81795
3.31541,-0.106032,0.328982,0.214487,0.292269,-3.10854,0.676867
3.32055,-0.128321,0.367727,0.264457,0.440423,-3.06517,0.741081
3.32542,-0.157797,0.343923,0.265545,0.371456,-3.06361,0.723404
3.33038,-0.209695,0.177413,0.138551,0.271582,-3.12273,0.643822
3.33545,-0.116571,0.160139,0.121848,0.220574,-3.16094,0.697819
3.3403,-0.23547,0.116245,0.065535,0.285044,-3.36308,0.748268
3.34537,-0.177971,0.429768,0.228293,0.387737,-3.23405,0.67624
3.35053,-0.203026,0.408656,0.219219,0.279157,-3.33964,0.685536
3.35532,-0.218166,0.298487,0.126364,0.45249,-3.30853,0.709576
3.36041,-0.108366,0.298428,0.132691,0.312418,-3.26435,0.670189
3.36544,-0.152771,0.399261,0.159575,0.415922,-3.27399,0.747863
3.37041,-0.0993141,0.44234,0.20059,0.37082,-3.25012,0.757941
3.37551,-0.20666,0.257842,0.0601859,0.352486,-3.33116,0.658359
3.38034,-0.224415,0.23936,0.0398724,0.393789,-3.31667,0.804373
3.38529,-0.115253,0.236284,0.089322,0.345971,-3.30001,0.705937
3.39028,-0.260759,0.071298,-0.00229739,0.298541,-3.3677,0.770629
3.39528,-0.23105,0.358901,0.234275,0.259802,-3.23446,0.665341
3.40046,-0.264665,0.236688,0.199768,0.206578,-3.24613,0.65765
3.40528,-0.355695,0.201248,0.207012,0.2255,-3.2786,0.69235
3.4106,-0.262295,0.272378,0.291629,0.2252,-3.25849,0.713066
3.41544,-0.236873,-0.189005,-0.0416223,0.219902,-3.19811,0.627581
3.42049,-0.0271813,-0.190278,-0.124438,0.181983,-3.13819,0.615115
3.42531,-0.233141,-0.0975462,-0.150033,0.12756,-3.26337,0.66481
3.4303,-0.140766,-0.164771,-0.190872,0.196856,-3.32721,0.70082
3.43527,-0.125947,-0.228751,-0.234806,0.0878958,-3.31792,0.676612
3.44031,-0.137382,-0.0693539,-0.144683,0.261475,-3.39263,0.666234
3.44528,-0.169056,-0.0596864,-0.147358,0.183088,-3.45819,0.656979
3.45028,-0.117143,-0.144542,-0.149332,0.0985257,-3.38378,0.673634
3.45531,-0.161664,-0.175826,-0.139283,0.0258659,-3.34727,0.662712
3.46032,-0.141748,-0.0697255,-0.0487569,0.127125,-3.31731,0.694244
3.4653,-0.235929,-0.136897,-0.0670084,0.146187,-3.24072,0.614526
3.4703,-0.230838,-0.175854,-0.0529969,0.0575327,-3.22069,0.509923
3.4753,-0.229108,-0.48068,-0.193263,-0.0647565,-3.2634,0.548632
3.48031,-0.270346,-0.250846,-0.0373816,0.0770886,-3.30455,0.604086
3.4853,-0.315296,-0.58722,-0.226063,0.0281344,-3.38944,0.590655
3.49041,-0.292915,-0.345055,-0.0838006,0.0104132,-3.29063,0.525679
3.49528,-0.268913,-0.310635,-0.0746062,0.0447215,-3.32163,0.564577
3.50034,-0.295949,-0.353352,-0.110335,0.0129245,-3.33358,0.552694
3.50531,-0.31059,-0.479433,-0.201594,0.0408607,-3.28354,0.60758
3.51033,-0.426168,-0.406142,-0.18275,0.0611665,-3.39305,0.619081
3.51546,-0.486778,-0.491593,-0.234283,0.0897157,-3.3866,0.626424
3.52042,-0.315184,-0.410382,-0.157441,0.111807,-3.33286,0.633024
3.52523,-0.494694,-0.405774,-0.116418,0.168358,-3.43259,0.656503
3.53041,-0.457742,-0.788183,-0.259884,0.135632,-3.41913,0.538706
3.53538,-0.543093,-0.77917,-0.184025,0.146866,-3.37345,0.670258
3.54029,-0.45452,-0.623228,-0.0164734,0.118246,-3.31785,0.680872
3.54533,-0.48917,-0.682432,0.0521567,0.127822,-3.23102,0.65085
3.55036,-0.417342,-0.707459,0.106915,0.110817,-3.20382,0.65188
3.55544,-0.432425,-0.614136,0.226524,0.100955,-3.1672,0.732853
3.56029,-0.485104,-0.633511,0.265499,0.125642,-3.22063,0.651595
3.56524,-0.490917,-0.644092,0.288255,0.134595,-3.14806,0.574017
3.57026,-0.469417,-0.589687,0.341063,0.208335,-3.17969,0.620513
3.57524,-0.493919,-0.573156,0.363251,0.235442,-3.22182,0.662076
3.58024,-0.571087,-0.727244,0.300425,0.26218,-3.24462,0.595826
3.58522,-0.560894,-0.639948,0.381708,0.358436,-3.16003,0.628656
3.59028,-0.592612,-0.756341,0.366583,0.396952,-3.16534,0.552078
3.59526,-0.778608,-0.91843,0.304467,0.45624,-3.2939,0.526702
3.60045,-0.675664,-1.05333,0.262062,0.476995,-3.27409,0.575988
3.60529,-0.662182,-0.923604,0.352597,0.54742,-3.21083,0.573184
3.6103,-0.558295,-0.910394,0.367019,0.543568,-3.23872,0.564102
3.61527,-0.695075,-0.788017,0.45658,0.659595,-3.25706,0.559209
3.6204,-0.659095,-0.817505,0.443072,0.676947,-3.17313,0.510184
3.62537,-0.622732,-0.953846,0.342372,0.602041,-3.2207,0.543163
3.63024,-0.659717,-0.852757,0.375057,0.69066,-3.19425,0.478857
3.63523,-0.626867,-0.851805,0.381337,0.638336,-3.17034,0.601043
3.64034,-0.741233,-1.01233,0.315726,0.623031,-3.27031,0.507054
3.64523,-0.871424,-1.20267,0.258896,0.673008,-3.35184,0.550614
3.65029,-0.775227,-0.947232,0.441095,0.628962,-3.14652,0.557234
3.65524,-0.909922,-1.17053,0.373752,0.75665,-3.20314,0.53204
3.6602,-0.930432,-1.1152,0.448296,0.657331,-3.22089,0.606806
3.66522,-0.905299,-1.14046,0.49284,0.633454,-3.12813,0.627855
3.67026,-0.935488,-1.11114,0.555428,0.628059,-3.01993,0.547308
3.6753,-0.991716,-1.15119,0.542189,0.685249,-3.05063,0.598275
3.68034,-0.945528,-1.13525,0.561085,0.713545,-3.03751,0.586438
3.68527,-0.987379,-1.10825,0.549082,0.713622,-3.05948,0.580852
3.69029,-1.02319,-1.17575,0.512331,0.900994,-3.10799,0.582977
3.69559,-1.01939,-1.15712,0.552385,0.720729,-3.03015,0.571134
3.70031,-1.1186,-1.0824,0.624912,0.790463,-2.9593,0.612613
3.7054,-1.01347,-1.29141,0.531671,0.781056,-3.02194,0.593355
3.71034,-1.185,-1.43944,0.507453,0.803262,-2.9874,0.654474
3.71535,-1.20893,-1.52592,0.481962,0.821239,-2.97406,0.622247
3.72038,-1.27458,-1.4478,0.580695,1.09904,-2.96352,0.503955
3.72537,-1.26534,-1.51308,0.583537,1.00822,-2.90985,0.455031
3.73041,-1.23896,-1.73173,0.46002,0.766086,-2.91244,0.468774
3.73537,-1.16082,-1.3999,0.636072,0.783297,-2.72794,0.462101
3.74023,-1.35475,-1.67503,0.465241,0.705273,-2.92377,0.368387
3.74524,-1.32358,-1.52625,0.504767,0.685013,-2.76088,0.426892
3.7502,-1.26801,-1.52956,0.502416,0.632226,-2.67049,0.462098
3.75519,-1.32058,-1.67767,0.4559,0.725674,-2.65198,0.450023
3.76018,-1.26781,-1.53033,0.563965,0.762464,-2.5902,0.483551
3.76526,-1.44878,-1.73879,0.480363,0.63237,-2.61767,0.440652
3.77017,-1.42993,-1.5257,0.617828,0.687139,-2.54413,0.449534
3.77519,-1.33009,-1.8027,0.500849,0.619414,-2.52086,0.426721
3.78045,-1.42769,-1.65213,0.596432,0.619854,-2.52002,0.441234
3.78521,-1.36521,-1.69971,0.561456,0.563777,-2.45084,0.457896
3.79028,-1.59687,-1.76163,0.53482,0.565467,-2.44051,0.475144
3.7952,-1.4865,-1.56837,0.636377,0.548598,-2.37836,0.501155
3.80026,-1.62159,-1.78008,0.542719,0.575414,-2.44738,0.434878
3.8052,-1.78412,-1.75445,0.549368,0.447713,-2.44732,0.498409
3.81029,-1.6816,-1.64213,0.638723,0.570943,-2.40854,0.489062
3.81524,-1.68788,-1.86709,0.527184,0.562053,-2.3838,0.518628
3.82047,-1.72423,-1.97346,0.493198,0.566791,-2.3826,0.495363
3.82524,-1.82201,-1.9857,0.515588,0.587035,-2.3302,0.565198
3.83024,-1.81988,-1.84827,0.58808,0.630899,-2.28538,0.551918
3.83524,-1.71519,-1.91277,0.568284,0.558417,-2.28004,0.546191
3.84026,-1.79501,-1.78881,0.647864,0.592162,-2.21464,0.552284
3.84527,-1.80621,-1.88832,0.568195,0.546269,-2.15982,0.596722
3.85036,-1.8597,-2.0048,0.490227,0.507889,-2.17094,0.556321
3.85519,-1.91429,-2.03543,0.488923,0.524173,-2.25343,0.58767
3.86019,-1.90544,-1.98109,0.508604,0.546015,-2.15305,0.579308
3.86526,-1.86681,-1.95881,0.501814,0.480847,-2.08681,0.592381
3.8702,-2.02324,-2.14344,0.371144,0.281619,-2.10381,0.700949
3.87523,-1.95418,-2.21045,0.365393,0.351978,-2.05072,0.669354
3.88049,-1.92796,-1.96098,0.533761,0.416307,-2.00807,0.502902
3.88525,-1.91219,-2.16851,0.47695,0.431613,-2.01719,0.556606
3.89026,-1.93356,-1.97316,0.62029,0.48352,-1.86663,0.551471
3.89517,-1.86528,-2.0714,0.565986,0.420472,-1.95058,0.532078
3.90026,-1.88704,-2.0835,0.524916,0.427296,-1.83688,0.475768
3.90525,-2.07825,-1.6903,0.728562,0.446261,-1.74234,0.491211
3.9102,-2.22131,-1.86314,0.590844,0.442067,-1.85748,0.474517
3.91535,-2.12757,-1.89577,0.545453,0.51066,-1.79803,0.342363
3.92024,-2.32828,-2.25944,0.265804,0.535225,-1.9751,0.33548
3.92535,-2.29165,-2.19945,0.265074,0.530467,-1.98468,0.347183
3.93035,-2.12028,-2.25995,0.296501,0.389237,-1.84582,0.286181
3.93519,-2.33857,-2.0975,0.38949,0.525309,-1.90695,0.386421
3.94021,-2.25702,-2.32387,0.323182,0.247896,-1.73072,0.344916
3.94525,-2.23841,-2.2087,0.411629,0.252506,-1.78245,0.376519
3.95015,-2.16594,-2.23318,0.411669,0.199285,-1.66633,0.379356
3.95522,-2.29414,-2.29064,0.357625,0.264674,-1.64566,0.469047
3.96027,-2.31649,-2.10906,0.480206,0.495973,-1.67175,0.418949
3.96541,-2.17785,-2.03844,0.518329,0.283307,-1.5308,0.373312
3.97019,-2.35872,-2.2699,0.352238,0.361726,-1.68491,0.47082
3.97519,-2.38831,-2.19509,0.401042,0.512655,-1.58572,0.407923
3.98025,-2.30675,-2.05362,0.474514,0.526766,-1.56801,0.43869
3.98528,-2.5033,-2.30169,0.361074,0.504266,-1.72943,0.422145
3.99043,-2.38603,-1.98505,0.575557,0.555204,-1.57813,0.43798
3.99534,-2.37641,-2.34984,0.379533,0.291373,-1.67016,0.459797
4.00038,-2.31859,-2.21341,0.482411,0.506178,-1.63397,0.498876
4.00522,-2.24607,-2.26134,0.439061,0.500627,-1.58079,0.527755
4.01041,-2.27146,-2.2991,0.391876,0.365307,-1.54324,0.547923
4.01546,-2.18367,-2.32467,0.40991,0.341387,-1.46385,0.59331
4.02046,-2.37733,-2.05417,0.560422,0.500496,-1.49529,0.592403
4.02533,-2.46258,-2.32222,0.401275,0.565083,-1.52005,0.564537
4.03027,-2.38847,-2.31377,0.424398,0.485832,-1.47161,0.568577
4.03534,-2.43149,-2.43061,0.352199,0.376227,-1.5113,0.61652
4.0403,-2.48487,-2.21177,0.455673,0.484168,-1.42395,0.620451
4.04529,-2.44092,-2.50885,0.308513,0.193295,-1.45596,0.627931
4.05055,-2.34966,-2.52685,0.325772,0.138711,-1.31293,0.64974
4.05557,-2.48269,-2.58387,0.298958,0.264551,-1.34077,0.662261
4.06029,-2.48492,-2.48111,0.391495,0.29054,-1.3077,0.585075
4.06558,-2.49056,-2.35226,0.475442,0.238843,-1.16774,0.579335
4.07028,-2.54584,-2.4378,0.419494,0.232715,-1.19596,0.605703
4.07531,-2.51801,-2.51386,0.395438,0.279735,-1.15399,0.565931
4.08027,-2.55665,-2.37498,0.432298,0.408759,-1.13441,0.462254
4.08524,-2.41064,-2.49104,0.355342,0.152866,-1.12201,0.555367
4.09037,-2.51479,-2.44005,0.336893,0.279686,-1.1069,0.623239
4.09547,-2.43438,-2.49009,0.292002,0.244085,-1.09666,0.523924
4.10029,-2.54617,-2.2989,0.455905,0.531012,-1.07496,0.637722
4.10527,-2.48511,-2.63694,0.269012,0.341179,-1.10636,0.529191
4.11044,-2.4891,-2.63344,0.295343,0.372692,-1.05751,0.611038
4.11534,-2.47033,-2.70705,0.244598,0.295866,-1.02639,0.734601
4.12059,-2.41317,-2.74537,0.240701,0.11993,-1.01079,0.669407
4.12555,-2.38747,-2.74173,0.240006,0.172324,-0.976282,0.657775
4.13027,-2.41215,-2.75567,0.201895,0.246727,-0.971861,0.727492
4.13528,-2.40768,-2.8168,0.168649,0.125001,-1.00101,0.723005
4.14023,-2.4562,-2.49202,0.354532,0.257867,-0.939062,0.687155
4.14531,-2.45941,-2.62341,0.274307,0.163933,-0.935405,0.608304
4.15042,-2.47268,-2.57215,0.299954,0.124671,-0.918748,0.755021
4.15523,-2.39703,-2.60744,0.332427,0.0640308,-0.865871,0.682265
4.16045,-2.35263,-2.4165,0.461972,0.198292,-0.741335,0.580459
4.16554,-2.47424,-2.49032,0.405345,0.106753,-0.877866,0.511543
4.17061,-2.28121,-2.51408,0.419193,0.0600318,-0.84199,0.513477
4.17546,-2.20678,-2.44912,0.452717,-0.0162801,-0.797083,0.581192
4.18033,-2.1285,-2.56437,0.400091,0.0684161,-0.797419,0.63993
4.1853,-1.97787,-2.65375,0.367407,0.0267547,-0.729311,0.682526
4.19031,-2.0035,-2.60712,0.417358,0.159138,-0.764171,0.597251
4.19522,-1.82783,-2.78809,0.313053,0.0295397,-0.758263,0.59953
4.20031,-1.75462,-2.60408,0.440895,0.213366,-0.662497,0.633477
4.20539,-1.68825,-2.86415,0.289523,-0.0636766,-0.731313,0.633491
4.21044,-1.66917,-2.54526,0.453593,0.126954,-0.678238,0.618313
4.2153,-1.6297,-2.58214,0.393344,0.151074,-0.660667,0.620188
4.22023,-1.34043,-2.55873,0.410579,-0.0689325,-0.628749,0.626717
4.22527,-1.41957,-2.52895,0.398837,0.222129,-0.588998,0.732262
4.23028,-1.35998,-2.75005,0.313093,0.125715,-0.66538,0.561348
4.23522,-1.2006,-2.60543,0.418565,0.00116701,-0.558102,0.494957
4.24024,-1.26532,-2.68014,0.409642,0.285761,-0.558006,0.584688
4.24522,-1.13359,-2.80863,0.342229,0.0272741,-0.478249,0.678141
4.25033,-0.951982,-2.7706,0.377522,0.160832,-0.397096,0.589907
4.25532,-0.992226,-2.57062,0.484907,0.160775,-0.323157,0.646271
4.26024,-0.944195,-2.7308,0.405436,0.0865646,-0.325885,0.614829
4.26517,-0.907707,-2.7053,0.430604,0.0337654,-0.26931,0.604159
4.27026,-0.750666,-2.64485,0.482254,0.232725,-0.164455,0.680549
4.27524,-0.64134,-2.65526,0.465424,0.17936,-0.0654112,0.692067
4.28048,-0.76788,-2.4583,0.531183,0.117342,-0.062218,0.665875
4.2853,-0.598227,-2.48071,0.507691,0.0909557,-0.0466028,0.711002
4.29028,-0.54855,-2.69795,0.361703,-0.0658723,-0.159961,0.645251
4.29524,-0.388073,-2.69979,0.363784,-0.135514,-0.227986,0.631088
4.30046,-0.468131,-2.60295,0.417052,0.180995,-0.321878,0.643529
4.30553,-0.407188,-2.5535,0.440347,0.053311,-0.377096,0.73574
4.31031,-0.373709,-2.53278,0.449034,0.0320913,-0.433193,0.793695
4.31533,-0.37922,-2.63301,0.401489,-0.160156,-0.493001,0.711541
4.3203,-0.321237,-2.73657,0.356764,-0.153222,-0.511415,0.716702
4.32538,-0.345133,-2.63888,0.435794,0.258222,-0.539138,0.728669
4.3304,-0.342959,-2.41441,0.582988,0.2995,-0.514241,0.736214
4.33543,-0.140475,-2.83135,0.366516,-0.00208773,-0.594383,0.619509
4.34034,-0.0848816,-2.79725,0.399572,-0.0402839,-0.577174,0.681035
4.34525,-0.100318,-2.88257,0.369403,0.0471432,-0.559242,0.78242
4.35047,0.0399302,-2.71656,0.465479,0.0452195,-0.526746,0.690111
4.35542,0.0125607,-2.6355,0.524592,0.226927,-0.424711,0.574757
4.36026,0.0756736,-2.75732,0.460622,0.133616,-0.448699,0.570337
4.36538,0.127659,-2.73195,0.462072,0.175738,-0.448729,0.661988
4.37029,0.435478,-2.86098,0.399778,-0.0284953,-0.377658,0.507252
4.37535,0.666553,-2.59393,0.543959,-0.119639,-0.173937,0.601293
4.38029,0.656419,-2.48781,0.579373,0.00672812,-0.0993023,0.577031
4.38546,0.908846,-2.74098,0.422478,-0.266459,-0.207757,0.609871
4.39045,0.967598,-2.59364,0.497583,-0.286482,-0.131621,0.598741
4.39533,0.91251,-2.45481,0.569342,-0.0998934,-0.0922142,0.702772
4.40028,1.05805,-2.68217,0.436592,-0.278869,-0.15002,0.597505
4.40528,1.23934,-2.54972,0.528088,-0.417049,-0.137927,0.654623
4.41031,0.858588,-2.47967,0.565384,-0.209931,-0.181401,0.60231
4.41533,0.287557,-2.64736,0.441549,0.224232,-0.29719,0.472693
4.42027,0.356563,-2.66855,0.409583,0.176984,-0.239384,0.504363
4.42539,0.388427,-2.6532,0.382257,0.19353,-0.265393,0.511882
4.43033,0.729221,-2.85203,0.242881,0.0234806,-0.218516,0.599631
4.43521,0.630226,-2.54677,0.332038,-0.0223489,-0.0245076,0.557835
4.44041,0.65665,-2.66749,0.18959,0.120313,-0.0793505,0.516702
4.44531,0.795865,-2.59916,0.164313,-0.0564278,0.0202073,0.542681
4.4504,0.896274,-2.67881,0.0728821,-0.0723773,0.0020014,0.512924
4.45532,0.907635,-2.61854,0.0372727,-0.0884873,0.075675,0.576226
4.46033,1.00342,-2.74106,-0.0991084,-0.251937,0.00402934,0.510749
4.46534,1.08967,-2.601,-0.0715283,-0.175882,0.165906,0.468009
4.47031,0.903331,-2.60757,-0.143347,-0.0989313,0.0615308,0.488542
4.47533,1.18298,-2.68163,-0.217784,-0.185227,0.0977334,0.625117
4.48042,0.965584,-2.56515,-0.223399,-0.0654696,0.0740331,0.462071
4.48533,0.844077,-2.51779,-0.259731,-0.00458123,0.156431,0.633586
4.49038,0.929776,-2.51224,-0.297925,-0.0146395,0.189192,0.68995
4.49526,1.04374,-2.56452,-0.377506,-0.157932,0.132326,0.641732
4.50042,1.18847,-2.33631,-0.2791,-0.110828,0.114081,0.630227
4.50532,1.26914,-2.36969,-0.319583,-0.154591,0.0903016,0.571448
4.51036,1.27191,-2.4818,-0.443435,-0.299423,0.0930717,0.475886
4.51518,1.30427,-2.45347,-0.50623,-0.339315,0.0866504,0.602306
4.52043,1.45469,-2.42828,-0.528281,-0.285859,0.0781891,0.614915
4.52528,1.29874,-2.33574,-0.523692,-0.056669,0.00910209,0.530379
4.53058,1.56653,-2.3089,-0.501777,-0.150239,0.11888,0.534776
4.53522,1.3157,-2.20981,-0.450973,0.0686848,0.0874627,0.449833
4.5402,1.51901,-2.19905,-0.415899,-0.0536355,0.158732,0.496339
4.54533,1.65971,-2.30397,-0.451381,-0.0496728,0.172834,0.65847
4.55043,1.3819,-2.28688,-0.454805,0.112536,0.0715772,0.548573
4.55529,1.40895,-2.26742,-0.472501,-0.122343,0.147141,0.412798
4.5606,1.50418,-2.27887,-0.481605,-0.087304,0.234517,0.411856
4.56532,1.59512,-2.2898,-0.490298,-0.0538436,0.317957,0.410956
4.57033,1.35662,-2.10773,-0.418498,0.183017,0.379458,0.547152
4.57531,1.44069,-2.15554,-0.442168,0.187047,0.394275,0.555256
4.58055,1.56969,-2.33585,-0.552696,-0.0767893,0.381653,0.688742
4.58553,1.63981,-2.39999,-0.573196,-0.0212876,0.362306,0.752933
4.59052,1.63107,-2.19998,-0.40257,0.0590498,0.387791,0.648631
4.59534,1.41969,-2.25166,-0.439757,0.305002,0.417471,0.605502
4.60028,1.50528,-2.28497,-0.437919,0.298047,0.46672,0.617471
4.6055,1.64519,-2.42033,-0.525985,-0.0603644,0.43677,0.725826
4.61052,1.754,-2.52196,-0.551288,-0.0245007,0.475314,0.681411
4.61529,1.67429,-2.45021,-0.485403,0.107077,0.528838,0.520335
4.6203,1.57903,-2.52162,-0.526587,0.139885,0.561083,0.404658
4.62542,1.40179,-2.66405,-0.593146,0.13953,0.467506,0.530225
4.63028,1.62778,-2.42074,-0.38667,0.197244,0.706053,0.545477
4.6352,1.83027,-2.66234,-0.489503,0.047583,0.614503,0.610051
4.64031,1.57641,-2.54634,-0.405415,-0.102981,0.640043,0.527908
4.64519,1.73543,-2.64666,-0.441313,0.0374933,0.671695,0.547366
4.65035,1.79744,-2.63566,-0.409866,0.0484642,0.639755,0.612488
4.65529,1.81036,-2.59038,-0.355213,0.0358342,0.609053,0.636758
4.66036,1.92713,-2.6774,-0.41084,-0.0423316,0.569144,0.444369
4.66564,1.69647,-2.46024,-0.348673,0.145573,0.58484,0.604822
4.67028,1.91394,-2.53217,-0.50537,0.0591824,0.394608,0.541642
4.67527,1.66452,-2.30831,-0.478746,0.0716699,0.49644,0.590821
4.6804,1.95897,-2.18687,-0.412146,-0.201398,0.576289,0.556127
4.68522,1.73825,-2.18731,-0.499878,0.038436,0.47482,0.66689
4.69038,1.96812,-1.92566,-0.436124,-0.0548164,0.526329,0.689827
4.6954,2.00449,-1.77662,-0.445229,0.000409797,0.536834,0.653545
4.70042,1.75287,-1.24848,-0.227764,0.00381879,0.669156,0.560721
4.70528,1.65937,-1.1551,-0.26551,0.135575,0.634069,0.563622
4.71024,1.70158,-1.05124,-0.292223,0.158956,0.594382,0.592146
4.71529,1.79401,-0.944102,-0.306688,0.147068,0.555313,0.620707
4.72049,1.79058,-0.830762,-0.294956,0.119777,0.600102,0.679947
4.72527,1.82421,-0.631815,-0.224529,-0.0312084,0.655723,0.658559
4.7303,1.76247,-0.608532,-0.271221,0.0969928,0.663534,0.593191
4.73531,1.83877,-0.575518,-0.299852,0.120852,0.607481,0.598061
4.74036,1.82031,-0.463026,-0.291034,0.0725315,0.523715,0.64674
4.74542,2.09027,-0.235345,-0.183639,0.0501503,0.616913,0.690388
4.75049,1.91113,-0.359926,-0.309145,0.253755,0.473183,0.605841
4.75533,1.71313,-0.274485,-0.303133,0.173073,0.509041,0.704119
4.76047,1.74986,-0.318546,-0.305596,0.198549,0.497107,0.616434
4.76537,1.86892,-0.145569,-0.179249,0.139153,0.554999,0.440262
4.77033,1.74152,-0.375196,-0.341091,0.248846,0.464409,0.548316
4.77533,1.94662,-0.262843,-0.255552,0.108496,0.554236,0.488022
4.78047,1.86136,-0.0683611,-0.157923,0.175808,0.617107,0.614024
4.78566,1.88752,-0.0654543,-0.203599,-0.00756123,0.501465,0.735628
4.79035,1.96234,-0.0714803,-0.236729,0.038935,0.515547,0.751285
4.79531,1.81796,-0.131947,-0.295832,0.112381,0.515729,0.59616
4.80044,1.86046,-0.188597,-0.31555,0.110697,0.477078,0.623554
4.80529,1.62355,0.155729,-0.118018,0.0756198,0.652021,0.645967
4.81018,1.8708,-0.208197,-0.300701,0.0905895,0.63414,0.695572
4.81536,1.90598,-0.267469,-0.284338,0.125487,0.660459,0.706958
4.8204,1.92603,-0.139404,-0.189833,0.0750599,0.634629,0.650288
4.82528,2.02229,-0.0774873,-0.1508,0.0246783,0.687382,0.720045
4.83025,2.05429,-0.145495,-0.169703,0.0322234,0.612017,0.705549
4.83525,1.76733,-0.264806,-0.265243,0.0466263,0.478649,0.616534
4.84052,1.82803,-0.282853,-0.274507,0.12301,0.429668,0.642881
4.84533,1.8896,0.0452356,-0.0738316,0.150989,0.485015,0.68305
4.85025,1.7704,-0.124636,-0.180463,0.132541,0.513787,0.575111
4.85519,1.82007,0.0571353,-0.0375816,0.0524749,0.608557,0.721447
4.86026,1.71161,-0.0586099,-0.101752,0.0704084,0.562748,0.686601
4.86523,1.63378,0.0737711,0.00170601,0.138065,0.599188,0.771449
4.87023,1.78819,0.30285,0.0935471,0.152811,0.629689,0.678586
4.87531,1.75383,0.306811,0.0380946,0.239776,0.516362,0.752443
4.88035,1.90475,0.169953,-0.0550404,0.0970539,0.486134,0.88771
4.88535,1.92582,0.211751,-0.0265303,0.278148,0.564761,0.863833
4.89054,2.16968,0.276523,-0.00478435,0.282832,0.679691,0.9478
4.89523,2.07087,0.172054,-0.116774,0.242777,0.561423,0.849531
4.90032,2.16504,0.124611,-0.142978,0.199649,0.477162,0.793482
4.90519,2.14006,0.367697,-0.0373227,0.200449,0.488259,0.784858
4.91041,2.43417,0.117305,-0.184986,0.254078,0.386427,0.640712
4.9153,2.34045,0.323976,-0.11428,0.249314,0.405985,0.737811
4.92025,2.58421,0.536016,-0.014253,0.12701,0.463758,0.633612
4.92535,1.90461,0.685729,0.0976983,0.36643,0.34545,0.714988
4.93037,1.18028,0.854416,0.240353,0.561694,0.527811,0.574686
4.93529,1.32931,0.377569,-0.000669686,0.645914,0.429834,0.509452
4.94051,1.42468,0.865991,0.272415,0.512081,0.565372,0.646935
4.94552,1.57728,0.634703,0.150709,0.411007,0.544501,0.513015
4.95041,1.63064,0.683851,0.129868,0.291342,0.456125,0.554001
4.9553,1.68297,0.583797,0.0728547,0.42248,0.452757,0.496168
4.9605,1.69445,0.446947,-0.0176528,0.490817,0.483194,0.541187
4.96529,1.62361,0.669832,0.152652,0.454512,0.635374,0.630722
4.97026,1.70086,0.446816,0.0455584,0.412857,0.585351,0.535706
4.97539,1.7162,0.511677,0.168476,0.437215,0.592541,0.602583
4.98048,1.86615,0.35932,0.122191,0.359573,0.606503,0.507597
4.98546,1.89863,0.222998,0.157536,0.40104,0.590407,0.536915
4.9906,2.00432,0.319888,0.282861,0.363548,0.626572,0.764317
4.99534,1.77462,0.171096,0.161221,0.404356,0.560557,0.551354
5.00025,1.53534,-0.0580111,0.0285006,0.443194,0.42195,0.584435
5.00538,1.5977,-0.0119401,0.065925,0.444557,0.489877,0.563684
5.01032,1.54147,0.0775988,0.128464,0.51878,0.499241,0.608761
5.01528,1.78024,0.0334102,0.121934,0.503702,0.490338,0.677342
5.02031,1.86778,-0.00524339,0.1291,0.54066,0.474672,0.609013
5.02545,1.60357,0.00286502,0.101972,0.639447,0.34928,0.582003
5.03029,1.77453,0.22625,0.236785,0.611524,0.455449,0.740659
5.03544,1.84487,0.053525,0.134885,0.675391,0.395446,0.723672
5.04061,1.83587,0.00410475,0.0701779,0.658851,0.315232,0.677428
5.04538,1.53099,0.205917,0.147141,0.674141,0.437953,0.646346
5.05037,1.69963,0.356976,0.261154,0.595521,0.424664,0.712863
5.05538,1.80341,0.557043,0.41668,0.522351,0.604087,0.706841
5.06043,1.66694,0.343524,0.263176,0.43617,0.383262,0.738511
5.06528,1.81023,0.550843,0.419325,0.285411,0.471982,0.843176
5.07054,1.9114,0.845324,0.631121,0.187872,0.587013,0.70883
5.07534,1.95705,0.482833,0.445517,0.12902,0.498589,0.76269
5.08048,2.09206,0.702099,0.62898,0.0882019,0.598985,0.678001
5.08535,2.14443,0.690644,0.615249,0.0160817,0.662626,0.863163
5.09035,2.07324,0.888861,0.751748,0.0307302,0.764057,0.801354
5.09537,2.26682,1.01496,0.829896,0.021099,0.780778,0.882732
5.1004,2.39072,0.9696,0.823785,0.0804733,0.805475,0.74431
5.10532,2.28911,1.12898,0.865534,0.123217,0.845939,0.815948
5.11031,2.48356,1.34768,1.03941,0.11471,0.932501,0.810973
5.11535,2.47004,1.01763,0.782546,0.166364,0.848119,0.868475
5.1203,2.57127,0.993581,0.791176,0.252542,0.95301,0.9696
5.12541,1.9337,1.56878,1.11746,0.270414,1.02099,1.06747
5.13038,2.04818,1.60037,1.15878,0.313329,1.01503,1.07686
5.1353,2.29957,1.62637,1.17388,0.262228,1.00988,1.0797
5.14037,2.49139,1.53831,1.13749,0.175217,0.980543,1.08401
5.14529,2.46269,1.66739,1.17653,0.180398,1.04882,1.06785
5.15037,2.80859,1.72289,1.2221,0.270852,1.03781,1.04185
5.15525,2.86698,1.70065,1.23403,0.349715,1.04718,0.999089
5.16038,2.89684,1.78694,1.30451,0.245419,1.09414,1.01408
5.1654,3.12628,1.86297,1.40726,0.187804,1.20451,1.22573
5.17026,3.38994,1.9035,1.4664,0.231136,1.22397,1.19068
5.17529,3.3206,2.1443,1.61999,0.112988,1.26655,1.30394
5.18031,3.34678,2.24897,1.64897,0.139838,1.32921,1.23339
5.18522,3.49633,2.09634,1.54525,0.166758,1.25561,1.44911
5.19054,3.6426,2.39141,1.71456,0.202572,1.35044,1.27633
5.19536,3.59448,2.3347,1.61608,0.389751,1.19011,1.36831
5.20036,3.6382,2.51372,1.71102,0.497249,1.31568,1.34092
5.20528,3.82531,2.73175,1.84057,0.640233,1.31305,1.43418
5.21027,3.79249,2.67969,1.80515,0.602413,1.31463,1.43384
5.21533,3.67943,2.61801,1.78174,0.643246,1.22234,1.50407
5.22046,4.03725,2.79428,1.89156,0.582823,1.33633,1.5238
5.22535,4.02759,3.04584,2.08783,0.812488,1.43308,1.53617
5.23027,4.06318,3.27859,2.25406,0.765018,1.5459,1.67605
5.23527,4.3792,3.54875,2.50499,0.92854,1.65282,1.56696
5.2403,4.35177,3.35181,2.34292,0.760869,1.66255,1.63328
5.24565,4.49127,3.24325,2.28111,0.851608,1.63409,1.56984
5.25029,4.54846,3.35529,2.28791,0.909141,1.65616,1.62815
5.25533,4.65847,3.72969,2.4736,0.90984,1.78443,1.8421
5.2603,4.53695,3.84449,2.52075,0.981075,1.84467,1.69398
5.26528,4.61753,3.92347,2.53758,1.02396,1.83669,1.67549
5.27043,4.87514,4.10233,2.63344,0.993999,1.88513,1.75037
5.27528,5.04926,4.18286,2.68538,0.994984,1.78739,1.83258
5.28064,5.1884,4.15089,2.70803,0.991316,1.86486,1.93474
5.28527,5.41263,4.26629,2.80744,1.14475,1.91505,1.97308
5.29034,5.20738,4.4958,2.95911,1.18021,1.99015,2.00556
5.29544,5.34232,4.36393,2.86358,1.08238,1.86229,1.97778
5.30041,5.4559,4.64474,3.06458,1.3182,2.00684,2.11849
5.30546,5.63678,4.56641,3.01479,1.15314,1.95749,2.20263
5.31046,5.70403,4.66197,3.06945,1.30989,1.9947,2.18387
5.31528,5.64056,5.04233,3.29192,1.26764,2.08952,2.19406
5.32053,5.85851,5.03299,3.29348,1.26636,2.10407,2.30387
5.32534,6.02069,4.7874,3.1476,1.3887,2.05101,2.38143
5.3302,5.95756,5.08994,3.35076,1.41408,2.256,2.35686
5.33532,6.2884,5.26657,3.42993,1.42575,2.28478,2.4797
5.34028,6.33852,5.37262,3.51493,1.44975,2.37933,2.49727
5.34553,6.41769,5.20683,3.39942,1.56284,2.31018,2.50905
5.35029,6.30514,5.35537,3.48376,1.63343,2.31224,2.56676
5.35535,6.64699,5.62836,3.764,1.39666,2.49418,2.56975
5.36036,6.54723,5.70672,3.80586,1.38447,2.45795,2.63119
5.36536,6.61631,5.60362,3.78375,1.36297,2.47253,2.66083
5.37029,6.9655,5.70674,3.86721,1.58607,2.52492,2.4784
5.37534,6.92016,5.74648,3.8603,1.72189,2.49799,2.63816
5.38026,7.20692,5.87101,3.90705,1.62151,2.518,2.56687
5.38567,7.30174,5.85453,3.83049,1.71557,2.57928,2.69
5.39034,7.3849,5.84843,3.77873,1.68784,2.53226,2.78656
5.39535,7.44638,6.07607,3.94364,1.76095,2.65807,2.74171
5.40027,7.6774,6.1115,3.95241,1.95471,2.60819,2.7831
5.40531,7.6189,6.25489,4.07568,2.01339,2.65485,2.76448
5.41054,7.87883,6.66863,4.46443,1.8448,2.9486,2.74712
5.4155,7.99703,6.60103,4.51474,1.99674,2.99253,2.81372
5.42033,7.89187,6.93422,4.7776,1.93988,3.16829,2.90716
5.4253,7.87974,6.74365,4.67979,2.04788,3.05797,3.01482
5.43028,7.99828,7.02555,4.86913,2.18984,3.26271,2.92785
5.43529,8.15401,6.84912,4.76201,2.00808,3.20039,3.0584
5.44026,8.10415,7.00417,4.82774,2.05869,3.247,3.01174
5.4453,8.18509,6.99656,4.7949,2.12074,3.2259,3.01814
5.45029,8.35873,7.1972,4.93791,2.17588,3.25227,3.04129
5.45531,8.38026,7.17231,4.925,2.26711,3.11963,3.03077
5.46032,8.65988,7.41989,5.10693,2.36286,3.1588,3.05847
5.46556,8.90931,7.32208,5.10333,2.2982,3.08872,3.17306
5.47035,8.97382,7.29036,5.1172,2.37134,3.02618,3.18866
5.47536,9.04967,7.38466,5.1946,2.29863,3.07242,3.21589
5.48031,9.06287,7.24008,5.08991,2.35135,2.96854,3.20643
5.48529,9.259,7.63212,5.37028,2.59084,3.14548,3.2671
5.49037,9.1359,7.77633,5.43934,2.47348,3.20659,3.35127
5.49527,9.1404,7.81428,5.45914,2.54798,3.22455,3.3874
5.50024,9.14843,7.85425,5.48054,2.62037,3.24295,3.42315
5.50527,9.42867,7.87849,5.51375,2.69021,3.32646,3.44792
5.51033,9.5991,7.69325,5.41385,2.60808,3.26742,3.50259
5.51523,9.721,8.21194,5.69803,2.76064,3.43726,3.40908
5.52034,9.73004,8.12014,5.58144,2.60109,3.37452,3.44165
5.52522,9.75168,8.30112,5.62004,2.63736,3.38699,3.38173
5.53026,9.72798,8.76813,5.87299,2.68341,3.52468,3.40093
5.53541,10.0776,8.521,5.73582,2.85791,3.4451,3.54009
5.54031,10.0098,8.78949,5.90979,2.70356,3.51777,3.53071
5.54529,10.1806,8.71626,5.88422,2.87343,3.5053,3.50863
5.55033,9.9198,8.85591,5.9519,2.76731,3.42564,3.4962
5.55528,10.4017,8.97191,6.06719,2.78842,3.52443,3.51959
5.56045,10.4661,9.01716,6.11028,2.859,3.6186,3.53106
5.56542,10.4831,9.08636,6.13377,2.8918,3.60512,3.55553
5.57031,10.5404,9.13228,6.13734,2.95008,3.76038,3.52334
5.57529,10.6899,9.27154,6.20586,3.00872,3.7845,3.55837
5.5802,10.7028,9.0679,6.08676,3.13638,3.76245,3.63607
5.58529,10.8682,9.42793,6.29101,3.18725,3.85884,3.67116
5.59022,10.8271,9.38218,6.23745,3.18693,3.78229,3.61455
5.59532,10.6935,9.83092,6.48353,3.09393,3.84619,3.61496
5.60033,11.1,9.54511,6.3511,3.08995,3.80288,3.69925
5.60525,11.0975,9.77156,6.47273,3.00122,3.84747,3.8034
5.61031,11.1577,9.78922,6.52426,2.85731,3.79075,3.8853
5.61527,11.1467,9.79426,6.53997,2.9057,3.7116,3.86691
5.6203,11.2207,9.91919,6.63207,2.91769,3.71701,3.83785
5.62539,11.2647,9.94721,6.69294,3.3968,3.72529,3.82649
5.63032,11.2289,10.3395,7.00845,3.19131,3.78837,3.88314
5.63521,11.3702,10.1766,7.02208,3.2777,3.72549,3.89172
5.64041,11.4111,10.195,7.11074,3.35387,3.67244,3.97648
5.64539,11.5537,10.2476,7.22146,3.29589,3.64028,4.01389
5.65034,11.5351,10.2888,7.28985,3.37166,3.61629,3.94946
5.65523,11.7616,10.3832,7.40415,3.56595,3.60233,3.95218
5.6604,11.8402,10.3465,7.41453,3.70582,3.5653,3.95329
5.66542,11.9806,10.7351,7.66107,3.61154,3.6887,3.98109
5.67035,12.2173,10.5779,7.62857,3.57473,3.75454,4.05792
5.67537,12.1818,10.621,7.65977,3.6293,3.82218,4.10047
5.68034,12.2422,10.5899,7.63969,3.65837,3.83985,4.11957
5.68532,12.1852,10.6944,7.70027,3.61961,3.90383,4.15692
5.69044,12.1421,11.007,7.9029,3.87066,4.08211,4.12296
5.69527,12.3256,10.9655,7.89319,3.73225,4.04568,4.04462
5.70026,12.3502,11.1588,8.00684,3.69529,4.05555,4.06046
5.70543,12.6749,10.9843,7.96983,3.637,4.10645,4.09021
5.71038,12.6146,11.0317,7.98603,3.69304,4.0579,4.09769
5.71532,12.6027,11.3049,8.15838,3.71527,4.10641,4.14892
5.72039,12.7072,11.4234,8.26613,3.90591,4.17399,4.22913
5.72532,12.6532,11.4795,8.28752,3.96136,4.14769,4.3127
5.73034,12.7205,11.4891,8.30326,4.03439,4.14208,4.37747
5.73526,12.8188,11.6238,8.38209,3.85791,4.14039,4.40906
5.74037,12.7723,11.6748,8.38739,3.89588,4.08376,4.42834
5.74539,12.7435,11.6732,8.38585,4.08112,4.05279,4.44085
5.75043,12.8861,11.7606,8.41683,4.21,4.05507,4.42626
5.75534,12.9729,11.7398,8.40587,4.22616,4.02278,4.41491
5.76026,12.8814,11.7776,8.41931,4.15346,3.99703,4.38074
5.76539,13.0604,11.7489,8.43474,4.29364,4.05116,4.34737
5.77025,13.093,12.229,8.79123,4.13193,4.26755,4.31348
5.77541,13.0734,12.1662,8.68701,4.15314,4.33048,4.29135
5.78014,12.9952,12.1171,8.64468,4.23151,4.43957,4.28052
5.78522,13.2622,11.9089,8.53119,4.16729,4.50569,4.38207
5.79028,13.39,12.1359,8.69497,4.26591,4.66816,4.45976
5.79535,13.3552,12.1782,8.68938,4.30419,4.67119,4.51691
5.80037,13.4526,12.5052,8.88635,4.30078,4.77197,4.58556
5.80535,13.3875,12.5212,8.8977,4.31399,4.73519,4.64381
5.81031,13.5198,12.3375,8.78563,4.40105,4.72881,4.72375
5.81542,13.5465,12.4193,8.82617,4.40026,4.76746,4.78371
5.82027,13.4371,12.4636,8.85266,4.44603,4.81639,4.83779
5.82535,13.6561,12.4664,8.86224,4.32707,4.86128,4.88297
5.83045,13.5503,12.6836,9.01104,4.44907,4.93427,4.93758
5.83524,13.69,12.5773,8.95154,4.59724,4.92498,4.96621
5.84029,13.6684,12.5105,8.89015,4.60081,4.80544,5.04692
5.84526,13.6109,12.8813,9.14379,4.59227,4.88469,5.1082
5.85026,13.804,13.014,9.23598,4.67858,4.94927,5.23704
5.85532,13.8725,12.8843,9.17389,4.45376,4.82137,5.29475
5.86032,13.8201,12.8756,9.19221,4.47615,4.81083,5.32506
5.86551,13.7954,13.0079,9.27672,4.55873,4.86663,5.34917
5.87031,13.9858,12.5919,9.03967,4.69379,4.70631,5.29621
5.87529,13.9155,12.6184,9.09103,4.67584,4.6688,5.22657
5.88053,13.8298,12.6032,9.09767,4.65924,4.6495,5.17879
5.88528,13.851,12.6612,9.12704,4.8058,4.75385,5.0893
5.8905,13.9125,12.6224,9.13125,4.94527,4.72324,5.10669
5.8954,13.7638,12.7963,9.20172,4.74914,4.7332,5.10022
5.90041,13.8851,12.7777,9.16596,4.92231,4.85761,5.11044
5.90551,13.8011,12.6983,9.10496,4.8581,4.88058,5.17016
5.91037,14.0057,13.1055,9.32925,5.01038,4.98789,5.21593
5.91532,14.2239,13.2981,9.52353,4.82784,5.20518,5.30648
5.92042,14.0989,13.3854,9.56124,4.84005,5.17344,5.25212
5.92524,14.1276,13.5163,9.63045,4.63628,5.16428,5.13147
5.93028,14.1686,13.5523,9.62804,4.85796,5.14522,5.14249
5.93533,14.189,13.6384,9.66648,4.74462,5.10465,5.13475
5.94033,14.2371,13.6502,9.70608,4.73089,4.98628,5.1851
5.94552,14.1822,13.4289,9.56789,4.9087,4.9331,5.07398
5.95035,14.1046,13.3942,9.55965,4.87565,4.88581,5.12555
5.95527,14.1277,13.4162,9.58484,4.93136,4.79405,5.13428
5.96028,14.0069,13.3653,9.55615,4.9278,4.67886,5.06412
5.96557,13.9738,13.6253,9.74868,5.00489,4.79653,4.95365
5.97029,14.0776,13.5611,9.71646,4.806,4.78078,5.02831
5.97529,13.9702,13.5731,9.69729,4.83611,4.73056,4.94425
5.98034,13.915,13.4599,9.63549,4.87056,4.70135,4.95374
5.98526,13.9614,13.5648,9.70477,4.81477,4.66623,5.02427
5.99054,13.8959,13.6003,9.76633,4.83844,4.72628,4.9891
5.9954,13.9042,13.6281,9.74497,4.79578,4.67125,4.88009
6.00053,13.8959,13.7197,9.80095,4.81617,4.71525,4.95496
6.00538,13.8715,13.7692,9.82031,4.82515,4.70679,4.92989
6.0103,13.799,13.8594,9.84625,4.9833,4.65557,4.9629
6.01546,13.7949,13.6732,9.72064,4.72459,4.58513,4.94003
6.02049,13.7855,13.9908,9.89065,5.03086,4.69163,4.90771
6.02536,13.8421,13.8519,9.79284,4.82028,4.6805,4.95071
6.03044,13.8359,13.9074,9.82078,4.79056,4.67515,4.96073
6.03538,13.9159,14.002,9.87589,4.87635,4.69357,4.86781
6.04038,14.0323,13.7939,9.73083,4.87422,4.71125,4.94378
6.04552,14.0577,13.7762,9.6936,4.9347,4.51488,4.94357
6.05051,14.305,14.0168,9.86076,4.95902,4.68296,4.92753
6.0558,14.2914,14.0518,9.86167,4.99301,4.59697,4.87565
6.06063,14.3662,14.0987,9.87602,5.09268,4.5699,4.89063
6.06541,14.5579,14.0978,9.86005,4.98025,4.61694,4.90329
6.07041,14.5528,14.1633,9.80168,4.99742,4.54986,4.86559
6.07532,14.5743,14.2302,9.80504,5.30029,4.46134,4.89091
6.08032,14.5606,14.2226,9.81634,5.27371,4.38951,4.90525
6.08533,14.7185,14.0075,9.73781,5.09874,4.52219,4.95106
6.09033,14.6571,14.0078,9.77453,5.102,4.53154,4.92844
6.09542,14.6665,13.9805,9.78986,5.11932,4.49223,4.93102
6.10039,14.6705,13.9497,9.80718,5.10237,4.53666,4.94052
6.10554,14.7381,13.9584,9.82956,4.99657,4.57042,4.93958
6.11033,14.653,13.942,9.82526,4.99272,4.56867,4.88244
6.11532,14.5956,13.9464,9.82363,5.16821,4.50531,4.86735
6.12034,14.6815,14.0594,9.9011,5.13113,4.56167,4.78171
6.12524,14.713,14.2094,10.0102,5.0125,4.63524,4.87674
6.13064,14.8293,13.9638,9.83036,5.16212,4.5203,4.89537
6.13529,14.7575,13.9065,9.7795,5.11489,4.37582,4.91968
6.14038,14.7307,14.2399,10.0025,5.22533,4.41411,4.91654
6.14531,14.6225,13.9339,9.78776,4.89071,4.27168,4.86391
6.15043,14.6495,14.0608,9.89681,5.05667,4.36165,4.85334
6.1553,14.6776,13.7486,9.68601,5.04437,4.18638,4.89951
6.16033,14.6432,13.7494,9.6544,5.0198,4.15129,4.91854
6.16542,14.6108,13.8685,9.68162,5.10714,4.20651,4.85546
6.17031,14.6741,13.6809,9.5917,4.83746,4.21083,4.90569
6.17523,14.6613,14.0714,9.87246,4.94296,4.29049,4.87001
6.18043,14.4667,13.8127,9.67798,5.1242,4.11203,4.90377
6.18533,14.5712,13.972,9.73047,4.96581,4.29513,4.78096
6.1903,14.4872,14.1279,9.74754,4.95556,4.2984,4.66685
6.19537,14.4634,14.1219,9.72074,4.90672,4.16371,4.64992
6.20032,14.4414,14.3637,9.84288,4.92851,4.28134,4.67032
6.20525,14.5004,14.2986,9.77863,5.10176,4.39561,4.71388
6.21025,14.3625,14.1976,9.68795,5.13332,4.29714,4.6621
6.21541,14.3683,14.3531,9.77274,5.09707,4.33365,4.72328
6.22029,14.2708,14.1539,9.62241,4.9296,4.1682,4.63446
6.22547,14.2343,13.9528,9.47317,5.03493,4.12852,4.53503
6.23037,14.0911,13.9586,9.47814,4.99164,4.1014,4.54567
6.23521,14.0269,13.9494,9.46113,4.92515,3.98338,4.55716
6.24039,14.1521,14.3279,9.70759,4.86792,4.09222,4.7333
6.24535,14.0806,14.3106,9.7062,4.77619,4.07668,4.70721
6.25045,14.0271,13.9189,9.4663,4.72871,3.91872,4.65298
6.25533,14.1005,13.9505,9.45261,4.88732,4.02774,4.61957
6.26035,13.8703,14.107,9.59382,4.66775,3.962,4.4241
6.26541,13.877,14.2558,9.67103,4.61471,3.99237,4.57076
6.27033,13.7987,14.0773,9.53903,4.81193,3.85462,4.55685
6.2753,13.6941,14.115,9.53084,4.74899,3.82434,4.48227
6.2803,13.6658,13.7638,9.2647,4.64216,3.75553,4.37645
6.28524,13.5775,13.6134,9.16633,4.56812,3.67906,4.53892
6.29055,13.5223,13.9141,9.43063,4.5987,3.86576,4.39426
6.29544,13.4146,13.6387,9.23196,4.57057,3.8966,4.38017
6.3003,13.4065,13.6594,9.27081,4.52473,3.90388,4.2908
6.30523,13.324,13.6464,9.28346,4.51497,3.89084,4.40754
6.31037,13.3073,13.9662,9.52089,4.53318,3.95198,4.17975
6.31525,13.1672,13.6538,9.26263,4.5487,3.72038,4.31897
6.32035,13.1168,13.5573,9.1541,4.24667,3.77027,4.19582
6.32526,13.1421,13.5712,9.17002,4.45588,3.70653,4.2227
6.33056,13.0833,13.5005,9.13055,4.44144,3.66725,4.11488
6.33544,13.0517,13.4406,9.09665,4.57197,3.69248,4.20453
6.34029,12.9809,13.4932,9.18941,4.41894,3.72459,4.03297
6.34534,12.9762,13.1644,9.0618,4.51114,3.73465,4.06487
6.35056,12.8792,12.9236,9.0328,4.52923,3.57979,4.1937
6.35531,12.7995,12.7456,9.04794,4.50143,3.50969,4.19852
6.36041,12.858,12.7163,9.1102,4.44892,3.61218,4.22247
6.36526,12.775,12.6661,9.08194,4.59587,3.51263,4.1417
6.37019,12.7489,12.7085,9.10379,4.53415,3.57909,4.11514
6.37523,12.7211,12.7461,9.12271,4.47424,3.64159,4.08881
6.38038,12.6133,12.7157,9.04814,4.48497,3.64673,3.91279
6.38531,12.3118,12.4976,8.81167,4.39121,3.55143,3.92411
6.39026,12.4033,12.5452,8.79904,4.28353,3.6438,4.02735
6.39528,12.2098,12.3548,8.60941,4.47691,3.52823,3.86606
6.40022,12.1491,12.4522,8.67119,4.45222,3.53821,3.73996
6.40526,12.1331,12.6512,8.79898,4.41148,3.59347,3.66393
6.41023,11.9752,12.3142,8.49747,4.45819,3.58484,3.87485
6.41529,11.8964,12.4,8.48253,4.41031,3.44486,3.68958
6.42024,11.9713,12.6608,8.58291,4.34092,3.44718,3.68961
6.42533,11.9856,12.8409,8.60851,4.35097,3.43822,3.55763
6.43026,11.8907,12.5046,8.26951,4.23597,3.33388,3.61364
6.43521,11.8329,12.9054,8.53978,4.16214,3.30934,3.5741
6.4402,11.783,12.6087,8.35706,4.22321,3.2093,3.63047
6.44526,11.6326,12.5825,8.35882,4.20799,3.14171,3.48614
6.45033,11.5942,12.5095,8.32044,3.97608,2.99699,3.59631
6.45527,11.5622,12.6105,8.38191,4.02752,3.09296,3.47961
6.46028,11.5785,12.7218,8.35764,4.03148,3.16542,3.56326
6.4654,11.4577,12.5879,8.1837,3.97278,3.09219,3.53913
6.47016,11.3056,12.4529,8.04175,4.10413,3.07555,3.416
6.47525,11.3022,12.5352,8.09178,3.93258,2.94496,3.57348
6.4803,11.2255,12.4417,8.03298,4.04604,2.8187,3.58559
6.48527,11.1859,12.3779,8.00704,3.90957,2.76549,3.42875
6.49044,11.1242,12.4462,8.04714,3.82641,2.80017,3.48767
6.49519,10.983,12.3064,7.98691,3.96494,2.70847,3.58005
6.50024,11.0191,12.4911,8.09995,3.74218,2.83756,3.51163
6.50518,10.9696,12.2428,7.92536,3.81077,2.85138,3.40076
6.51026,10.9043,12.3136,7.88051,3.73642,2.89421,3.39351
6.5153,10.7839,12.3621,7.88926,3.68391,2.77034,3.50679
6.52065,10.7601,12.2558,7.85939,3.71957,2.59714,3.50517
6.52535,10.6587,12.2149,7.83735,3.68173,2.4567,3.4612
6.53046,10.642,12.0663,7.7323,3.64871,2.48332,3.43389
6.53557,10.493,12.006,7.69082,3.51687,2.43319,3.50616
6.54058,10.4172,11.9186,7.61206,3.69749,2.42351,3.45626
6.54529,10.3869,11.9708,7.58998,3.41727,2.52065,3.33298
6.55025,10.2399,11.6647,7.33819,3.48136,2.31483,3.49378
6.55524,10.1898,11.6859,7.32934,3.46161,2.28274,3.37867
6.56051,10.2266,11.8565,7.4557,3.55529,2.33478,3.21822
6.56523,10.185,11.7804,7.43811,3.58225,2.09345,3.15845
6.57027,10.1827,11.9719,7.61212,3.66022,2.15236,3.27322
6.57527,10.0485,11.5654,7.30151,3.506,2.0844,3.23196
6.58027,9.9804,11.6028,7.35848,3.473,2.07576,3.09467
6.5854,9.87797,11.4819,7.26552,3.36074,2.16331,3.23157
6.5904,9.87584,11.4389,7.18687,3.37668,2.18506,3.08143
6.59532,9.79784,11.4021,7.15709,3.29747,2.13705,3.06644
6.60031,9.68704,11.2927,7.07922,3.18046,2.00531,3.04041
6.60542,9.59398,11.1346,6.9376,3.22157,1.85093,3.05124
6.61025,9.53682,11.2512,7.0055,3.12424,1.91339,2.93002
6.61544,9.51677,11.1563,6.91167,3.07732,1.86273,2.95459
6.62027,9.40584,10.9558,6.70318,3.00863,1.9099,2.99338
6.62532,9.55723,11.1835,6.83128,2.92197,1.9687,2.82779
6.63025,9.37041,11.0126,6.62492,2.92943,1.89139,2.80187
6.63521,9.28679,11.0036,6.60096,2.8574,1.86531,2.86473
6.64026,9.14124,10.9745,6.55643,2.82288,1.62934,3.00818
6.64526,8.9839,10.4062,6.18426,2.7133,1.52958,2.77691
6.65046,8.90139,10.3808,6.15423,2.6301,1.43502,2.75075
6.65528,8.91703,10.775,6.41839,2.7728,1.4988,2.65673
6.66029,8.86646,10.7478,6.39228,2.73515,1.56372,2.66448
6.66534,8.75482,10.5246,6.1994,2.73345,1.55817,2.71542
6.67026,8.74991,10.6778,6.30315,2.59945,1.63746,2.67694
6.6753,8.67154,10.4961,6.18601,2.6842,1.63289,2.53717
6.68036,8.5643,10.3198,6.11927,2.56618,1.52368,2.67351
6.68546,8.41802,9.98044,5.93156,2.55891,1.41223,2.62874
6.69031,8.37556,9.95078,5.90876,2.52781,1.38965,2.61271
6.69527,8.34139,9.88104,5.86543,2.47854,1.37728,2.54581
6.70038,8.27982,9.80215,5.87081,2.37253,1.36833,2.66691
6.70525,8.1974,9.6601,5.79067,2.45493,1.41682,2.51627
6.7103,8.1868,9.62744,5.75841,2.46357,1.34684,2.47096
6.71531,8.08874,9.55047,5.70322,2.39311,1.32477,2.46508
6.72021,7.9801,9.63414,5.7679,2.32148,1.30578,2.48032
6.72556,7.84325,9.05968,5.34222,2.22423,1.20712,2.49005
6.73032,7.7783,9.33223,5.50298,2.19447,1.23685,2.33306
6.73529,7.58873,8.80389,5.17471,2.16217,1.03,2.40033
6.74037,7.49005,8.64347,5.05409,2.03814,0.857004,2.33565
6.74527,7.50016,8.7465,5.16296,2.06421,0.923889,2.30885
6.75031,7.39214,8.65112,5.1055,2.0294,0.871627,2.23185
6.75547,7.28594,8.34201,4.96462,1.95996,0.850503,2.29935
6.76029,7.17103,8.10866,4.80207,1.7827,0.736375,2.15516
6.76531,7.18043,8.4079,4.96417,1.84969,0.897962,2.29591
6.77028,7.08326,8.40762,4.89851,1.78499,0.914594,2.19783
6.77534,6.98548,8.40238,4.83249,1.72156,0.928816,2.1025
6.78046,6.82629,8.04226,4.58843,1.73201,0.732895,1.96343
6.78528,6.73423,7.94192,4.53536,1.69167,0.750579,2.00919
6.79027,6.68305,7.95571,4.5713,1.72343,0.710645,1.9408
6.79535,6.56258,7.79539,4.52538,1.67381,0.667755,2.06788
6.80036,6.51308,7.71894,4.5156,1.61138,0.703683,2.03145
6.80532,6.45351,7.58534,4.43672,1.52344,0.706563,1.87025
6.81025,6.38707,7.48891,4.36993,1.42602,0.786618,1.81
6.81541,6.24697,7.23975,4.21396,1.3729,0.692795,1.78152
6.82026,6.18422,7.05439,4.08007,1.30127,0.667146,1.84001
6.82534,6.09566,7.02404,4.09674,1.25477,0.656261,1.80362
6.83031,6.00332,6.84417,3.96582,1.19883,0.516122,1.85564
6.83531,5.87388,6.83278,3.96133,1.14313,0.48748,1.82567
6.84039,5.77835,6.74934,3.91348,1.11454,0.580357,1.65041
6.84531,5.64785,6.51055,3.7428,1.04641,0.449191,1.6548
6.85031,5.5218,6.3722,3.65664,0.969958,0.464224,1.71118
6.8553,5.44687,6.3014,3.64156,0.953579,0.444572,1.70325
6.86037,5.25592,6.01781,3.42494,0.871835,0.268916,1.6862
6.86555,5.19513,6.05812,3.47642,0.817942,0.323636,1.65532
6.87029,5.02967,5.79735,3.24781,0.714956,0.229929,1.54968
6.87533,4.95367,5.66206,3.15435,0.618608,0.168875,1.4745
6.88034,4.86517,5.46385,3.03418,0.521987,0.178288,1.37289
6.88535,4.76587,5.29701,2.97741,0.466477,0.0770991,1.36152
6.89025,4.68775,5.34203,3.07548,0.448349,0.132027,1.36235
6.89549,4.54693,5.21837,3.0509,0.388112,0.0862185,1.37225
6.90043,4.32562,4.86072,2.83834,0.300056,-0.113885,1.41219
6.90538,4.22034,4.78676,2.78637,0.263982,-0.15834,1.18023
6.91045,4.04439,4.56626,2.6808,0.290834,-0.0787719,0.928362
6.91571,4.13779,4.41602,2.67509,0.353324,-0.136679,1.18809
6.92059,3.95186,4.56242,2.73758,0.482893,-0.0440674,1.19192
6.92525,3.79775,4.47774,2.66385,0.527652,-0.125102,1.06022
6.93044,3.66854,4.31262,2.58486,0.497182,-0.121765,1.02077
6.93535,3.57352,4.05358,2.43256,0.465302,-0.138833,1.02711
6.94043,3.3875,3.91935,2.32971,0.439163,-0.266457,0.98045
6.94532,3.2791,3.78926,2.27117,0.405259,-0.306995,0.953775
6.95039,3.15824,3.54874,2.11488,0.383121,-0.386241,0.841328
6.95551,2.98719,3.40918,2.03477,0.314426,-0.429907,0.832769
6.96026,2.77792,3.26307,1.93681,0.250045,-0.474679,0.902546
6.9653,2.69179,3.26738,1.92319,0.26479,-0.508669,0.917019
6.9703,2.57466,3.02071,1.80307,0.193939,-0.551305,0.93723
6.97541,2.52217,2.88867,1.6926,0.126265,-0.501917,0.739682
6.98027,2.42668,2.97402,1.7371,0.17479,-0.581482,0.840532
6.98527,2.24293,2.62605,1.44236,0.0620811,-0.63704,0.614272
6.99031,2.19484,2.70603,1.52384,0.117368,-0.616524,0.599507
6.99546,2.091,2.5758,1.478,0.0638782,-0.648552,0.574516
7.00033,1.96632,2.407,1.41301,0.00869056,-0.69568,0.53759
7.0053,1.83258,2.2171,1.2737,-0.046094,-0.745926,0.520123
7.01033,1.74431,2.17939,1.27061,-0.0728261,-0.720825,0.435953
7.01534,1.62926,2.10651,1.22562,-0.121815,-0.724654,0.503328
7.02022,1.48465,1.85976,1.01148,-0.140432,-0.815172,0.390212
7.02536,1.36721,1.77454,0.967448,-0.162532,-0.779867,0.397206
7.03029,1.20965,1.56484,0.848054,-0.213109,-0.800186,0.362212
7.03531,1.16043,1.61604,0.878272,-0.254964,-0.752277,0.418353
7.04054,0.962646,1.37709,0.702144,-0.34179,-0.783908,0.471104
7.04543,0.871463,1.2584,0.626637,-0.364325,-0.875851,0.289711
7.05031,0.665548,0.970631,0.434193,-0.461102,-0.844101,0.34081
7.05536,0.680795,0.915312,0.455073,-0.44444,-0.898338,0.306974
7.06031,0.519743,0.964154,0.465753,-0.499827,-0.884233,0.17916
7.06532,0.457135,0.826193,0.380349,-0.565445,-0.8195,0.135087
7.07032,0.392059,0.68916,0.295266,-0.62987,-0.759447,0.0912361
7.07519,0.24835,0.412176,0.127469,-0.631609,-0.794084,0.0734882
7.0802,0.193306,0.285665,0.0757109,-0.569491,-0.784209,-0.0774193
7.08518,0.0760827,0.205114,0.0146433,-0.604966,-0.750484,-0.121871
7.09054,-0.114419,-0.00380289,-0.150874,-0.762525,-0.7837,-0.106358
7.09525,-0.0659405,0.160783,-0.0329994,-0.774841,-0.755247,-0.125647
7.10022,-0.341321,-0.378078,-0.4148,-0.889433,-0.852552,-0.181418
7.1054,-0.415742,-0.318674,-0.384996,-0.923815,-0.951914,-0.0625313
7.11023,-0.644762,-0.569426,-0.555038,-1.00985,-1.14244,-0.082648
7.11528,-0.731007,-0.660527,-0.57204,-1.02572,-1.29045,-0.261965
7.1202,-0.807677,-0.718637,-0.548374,-1.04972,-1.42249,-0.285819
7.12536,-0.980128,-0.841956,-0.587087,-1.04104,-1.53501,-0.262477
7.13048,-1.00917,-0.823294,-0.564043,-0.985897,-1.62868,-0.299031
7.13533,-1.19088,-0.899754,-0.584906,-1.09977,-1.68072,-0.341426
7.14037,-1.25989,-1.04611,-0.671827,-1.14719,-1.67128,-0.328843
7.14537,-1.47447,-1.52494,-1.00788,-1.1807,-1.80972,-0.355455
7.15035,-1.53487,-1.63478,-1.00174,-1.16018,-1.79345,-0.408487
7.15526,-1.71551,-1.7977,-1.0725,-1.16907,-1.79808,-0.412558
7.16038,-1.85391,-2.12795,-1.25383,-1.28311,-1.85096,-0.438835
7.16526,-1.95374,-2.21031,-1.2949,-1.3481,-1.81693,-0.545268
7.17027,-2.13466,-2.30603,-1.36643,-1.20846,-1.89271,-0.495014
7.17527,-2.14144,-2.444,-1.42522,-1.28921,-1.92286,-0.668763
7.18056,-2.39559,-2.80055,-1.61296,-1.46321,-1.90433,-0.699406
7.18558,-2.44083,-2.78623,-1.58546,-1.40148,-1.89482,-0.688144
7.19025,-2.51705,-2.93328,-1.68265,-1.42049,-1.87783,-0.815066
7.19541,-2.62871,-2.94316,-1.64397,-1.28578,-1.80786,-0.855301
7.20042,-2.77232,-3.1468,-1.75972,-1.44327,-1.80072,-0.954763
7.2056,-2.92758,-3.33026,-1.85785,-1.55651,-1.80967,-0.995393
7.21026,-3.0089,-3.51075,-1.92713,-1.503,-1.74271,-0.906159
7.21533,-3.15548,-3.53815,-1.93781,-1.60781,-1.70174,-0.900701
7.22042,-3.26761,-3.70568,-2.01492,-1.56048,-1.63452,-0.957415
7.22552,-3.51407,-4.11843,-2.24481,-1.49719,-1.70846,-1.10779
7.23039,-3.57836,-4.28884,-2.33266,-1.51847,-1.78143,-1.04321
7.23531,-3.72214,-4.43447,-2.37886,-1.54665,-1.76371,-1.11877
7.24048,-3.83073,-4.36099,-2.28707,-1.53318,-1.73204,-1.29444
7.24564,-3.94371,-4.61391,-2.41983,-1.69754,-1.78545,-1.28081
7.2503,-4.06424,-4.7873,-2.4975,-1.5547,-1.87458,-1.35701
7.25536,-4.18298,-4.96652,-2.59107,-1.6479,-1.84126,-1.35803
7.2603,-4.30344,-5.11194,-2.6585,-1.60154,-1.88618,-1.37354
7.26551,-4.38355,-5.12349,-2.68283,-1.55844,-1.89681,-1.42709
7.27036,-4.59118,-5.29623,-2.81058,-1.67831,-1.98695,-1.58425
7.27523,-4.70644,-5.49603,-2.92566,-1.79533,-2.03664,-1.42285
7.28045,-4.88042,-5.58376,-2.99764,-1.90441,-1.98239,-1.47662
7.28534,-4.99157,-5.70296,-3.05637,-1.85704,-2.11126,-1.50579
7.29037,-5.10418,-5.70675,-3.07858,-1.78445,-2.02343,-1.50095
7.29533,-5.23465,-5.98917,-3.2472,-1.90658,-2.09654,-1.58394
7.30041,-5.36545,-6.13355,-3.34271,-1.94623,-2.14307,-1.73011
7.3056,-5.50466,-6.25612,-3.39851,-2.0254,-2.22933,-1.75225
7.31036,-5.59344,-6.38836,-3.44523,-2.05087,-2.14218,-1.74686
7.31562,-5.6406,-6.60528,-3.53525,-2.12646,-1.96,-1.71172
7.32028,-5.69878,-6.56627,-3.44983,-1.96968,-2.05614,-1.85895
7.32534,-5.78857,-6.70228,-3.47241,-2.0353,-2.03436,-1.89505
7.33037,-6.03454,-7.01075,-3.66147,-2.11526,-2.1221,-1.95354
7.33534,-6.13257,-7.0756,-3.68054,-2.16853,-2.1044,-1.85009
7.34064,-6.2719,-7.30685,-3.82019,-2.3298,-2.12661,-1.82288
7.34531,-6.43248,-7.44266,-3.89696,-2.36376,-2.30381,-1.98783
7.35047,-6.47398,-7.43664,-3.86012,-2.2075,-2.21983,-1.8812
7.35529,-6.58322,-7.54295,-3.92662,-2.23476,-2.19053,-1.93114
7.36037,-6.83322,-7.87041,-4.14294,-2.41245,-2.26672,-2.01631
7.36541,-6.90272,-7.98834,-4.18002,-2.43901,-2.26359,-1.96506
7.37036,-6.94037,-7.97554,-4.15627,-2.39736,-2.21408,-1.98155
7.37526,-7.05945,-8.10125,-4.24429,-2.27334,-2.30615,-1.99279
7.38039,-7.14843,-8.18889,-4.28752,-2.25926,-2.24929,-2.00757
7.38536,-7.27066,-8.36737,-4.40902,-2.32987,-2.237,-2.01106
7.39032,-7.4301,-8.44853,-4.46128,-2.40719,-2.16084,-2.11403
7.3952,-7.62291,-8.61368,-4.58628,-2.51425,-2.10016,-2.23776
7.40027,-7.69541,-8.68288,-4.62383,-2.50525,-2.09139,-2.28475
7.40523,-7.7723,-8.6886,-4.62578,-2.43082,-2.06588,-2.21348
7.41028,-7.8073,-8.72491,-4.64576,-2.48984,-2.17274,-2.27643
7.41544,-7.95534,-8.88348,-4.77208,-2.57895,-2.30959,-2.30529
7.42022,-8.07285,-8.85795,-4.8538,-2.63769,-2.44836,-2.61928
7.42528,-8.24109,-8.69333,-4.89776,-2.66421,-2.49968,-2.53263
7.43027,-8.32991,-8.57486,-4.95859,-2.62121,-2.56413,-2.78702
7.43525,-8.52965,-8.59363,-5.07865,-2.64381,-2.56836,-2.7274
7.44023,-8.64573,-8.57187,-5.13332,-2.6953,-2.47861,-2.79798
7.44526,-8.72655,-8.64116,-5.221,-2.71366,-2.54735,-2.82356
7.45023,-8.83011,-8.75735,-5.26604,-2.6919,-2.54783,-2.92842
7.4554,-8.95219,-8.88403,-5.29322,-2.67001,-2.51041,-2.84984
7.46029,-9.09235,-8.94754,-5.32886,-2.68972,-2.57512,-2.92131
7.46522,-9.17018,-8.89465,-5.30878,-2.60499,-2.57271,-2.95462
7.47025,-9.25418,-8.89483,-5.34208,-2.62878,-2.6857,-3.04086
7.47519,-9.36738,-9.00087,-5.46924,-2.76073,-2.80983,-3.03759
7.4804,-9.41722,-8.97193,-5.50555,-2.73149,-2.84996,-2.97196
7.48531,-9.59381,-9.01415,-5.59096,-2.79838,-2.82289,-3.06676
7.49025,-9.68928,-9.116,-5.70091,-2.80873,-2.8575,-2.99079
7.49527,-9.76454,-9.17592,-5.7614,-2.80233,-2.96499,-2.98108
7.50034,-9.97357,-9.23872,-5.82833,-2.86933,-2.96584,-3.00617
7.50531,-10.0739,-9.30831,-5.88972,-2.85121,-3.08539,-3.07668
7.51025,-10.218,-9.43232,-5.987,-2.87962,-3.1126,-3.05035
7.51523,-10.3239,-9.48572,-6.0405,-2.87959,-3.22042,-3.06836
7.52037,-10.4233,-9.44826,-6.06111,-2.86449,-3.28478,-3.20654
7.52545,-10.4732,-9.44393,-6.10331,-2.93363,-3.28451,-3.21359
7.53048,-10.5988,-9.53408,-6.20147,-2.94205,-3.31646,-3.22428
7.53543,-10.6585,-9.6019,-6.2543,-2.96024,-3.28165,-3.29286
7.54041,-10.7317,-9.66164,-6.27628,-2.95222,-3.2984,-3.30173
7.54529,-10.9571,-9.85162,-6.43262,-3.01679,-3.38559,-3.33376
7.55029,-11.0013,-9.90027,-6.4818,-3.00003,-3.3517,-3.38007
7.55543,-11.0131,-9.86497,-6.50941,-3.02584,-3.26928,-3.38332
7.56024,-11.1397,-9.92119,-6.62348,-3.08073,-3.45469,-3.38104
7.56531,-11.1924,-9.94367,-6.70057,-3.05074,-3.45769,-3.37013
7.57031,-11.3071,-9.98318,-6.78381,-3.10425,-3.40327,-3.50331
7.57547,-11.3968,-10.0965,-6.8671,-3.05481,-3.46329,-3.44974
7.5805,-11.42,-10.0837,-6.90813,-3.09012,-3.47268,-3.37261
7.58534,-11.6178,-10.1548,-7.02766,-3.07153,-3.5497,-3.46306
7.59028,-11.5984,-10.1918,-7.11768,-3.08515,-3.51815,-3.60186
7.59531,-11.7539,-10.3305,-7.29982,-3.14858,-3.66957,-3.49636
7.60045,-11.8129,-10.2574,-7.30661,-3.15789,-3.64617,-3.61107
7.60541,-11.9192,-10.362,-7.40419,-3.23187,-3.72299,-3.7478
7.61055,-12.0178,-10.3532,-7.46062,-3.22871,-3.78106,-3.65002
7.61541,-12.1234,-10.3752,-7.53621,-3.22637,-3.75053,-3.54495
7.62033,-12.2387,-10.5015,-7.64854,-3.24081,-3.81234,-3.60564
7.62529,-12.2515,-10.6125,-7.70533,-3.25299,-3.78063,-3.60387
7.63025,-12.3807,-10.5511,-7.72132,-3.24432,-3.89608,-3.59226
7.63521,-12.3895,-10.6934,-7.86326,-3.26092,-3.95328,-3.66019
7.64023,-12.519,-10.8162,-7.99598,-3.31295,-3.96905,-3.7817
7.64523,-12.5854,-10.7057,-7.97785,-3.31516,-3.90477,-3.68859
7.65019,-12.6988,-10.6744,-7.99773,-3.37313,-3.87573,-3.71344
7.65524,-12.8288,-10.7577,-8.07331,-3.38694,-4.03547,-3.7664
7.66024,-12.8997,-10.8789,-8.16474,-3.41605,-4.08442,-3.79188
7.66524,-12.9708,-10.97,-8.24769,-3.42634,-4.16165,-3.7501
7.67041,-12.9755,-10.9233,-8.25572,-3.442,-4.21729,-3.79433
7.67527,-13.1536,-11.0796,-8.38766,-3.47416,-4.27614,-3.89232
7.68034,-13.2182,-11.1569,-8.43267,-3.46889,-4.22741,-3.88428
7.68529,-13.2946,-11.2578,-8.50168,-3.50639,-4.22242,-3.83588
7.69044,-13.3283,-11.2714,-8.52166,-3.50168,-4.17609,-3.80393
7.69527,-13.4441,-11.3697,-8.58939,-3.52831,-4.19677,-3.74856
7.70037,-13.4313,-11.4646,-8.62646,-3.53491,-4.23109,-3.84037
7.70557,-13.5181,-11.4991,-8.67534,-3.54979,-4.27711,-3.84438
7.71037,-13.6619,-11.6665,-8.81485,-3.62315,-4.31562,-3.77009
7.71532,-13.7496,-11.6718,-8.82893,-3.68397,-4.29862,-3.93745
7.72044,-13.7719,-11.6688,-8.81792,-3.71989,-4.35326,-3.94175
7.72535,-13.7875,-11.805,-8.90271,-3.76565,-4.37303,-3.83595
7.7305,-13.842,-11.9158,-8.95792,-3.85956,-4.40742,-3.9603
7.73541,-13.9264,-11.8083,-8.91539,-3.9566,-4.5187,-3.96671
7.7404,-14.0317,-11.9928,-9.03114,-4.08386,-4.52281,-3.98296
7.7453,-14.086,-12.1153,-9.11096,-4.19234,-4.53653,-4.0744
7.7503,-14.1089,-12.0376,-9.06091,-4.27452,-4.51684,-3.97296
7.75535,-14.1712,-12.288,-9.19579,-4.35606,-4.53337,-4.04137
7.76029,-14.1554,-12.3394,-9.22325,-4.45879,-4.59553,-4.1034
7.76552,-14.2719,-12.4565,-9.3109,-4.53694,-4.64303,-4.0043
7.77038,-14.341,-12.6278,-9.39751,-4.62802,-4.71909,-4.04674
7.77529,-14.3565,-12.4061,-9.23539,-4.68824,-4.63026,-4.0843
7.78026,-14.4374,-12.7273,-9.41292,-4.72956,-4.73742,-4.01369
7.78542,-14.4757,-12.9754,-9.54894,-4.78298,-4.74519,-4.22164
7.7905,-14.593,-12.8286,-9.45973,-4.80349,-4.79916,-4.17476
7.79532,-14.6185,-12.9302,-9.53449,-4.82829,-4.80078,-4.20184
7.80031,-14.6052,-13.0066,-9.60565,-4.8648,-4.89428,-4.28164
7.80521,-14.6703,-13.0247,-9.6359,-4.87625,-4.86,-4.18737
7.81023,-14.816,-13.1623,-9.75331,-4.90244,-4.95582,-4.32168
7.8153,-14.8285,-13.1915,-9.77778,-4.92184,-4.92867,-4.31605
7.82019,-14.7456,-12.9579,-9.60635,-5.00381,-4.78527,-4.32452
7.82541,-14.8063,-13.1016,-9.72232,-5.00474,-4.87092,-4.17028
7.83054,-14.8357,-13.2369,-9.79758,-5.03324,-4.8789,-4.2805
7.83546,-14.865,-13.2717,-9.83582,-5.01756,-4.96921,-4.24837
7.84031,-14.9396,-13.4363,-9.8981,-5.07337,-4.96865,-4.33053
7.84547,-14.9661,-13.5958,-9.99205,-5.02142,-4.97012,-4.33685
7.85028,-14.9871,-13.3917,-9.83513,-5.10997,-5.03025,-4.38596
7.85529,-15.0154,-13.5717,-9.94552,-5.09778,-5.01913,-4.33086
7.86024,-15.035,-13.5988,-9.98157,-5.07106,-5.13552,-4.39532
7.86525,-15.1003,-13.6528,-10.0229,-5.09685,-5.15656,-4.44841
7.87016,-15.1097,-13.642,-10.0087,-5.15848,-5.11677,-4.43928
7.87519,-15.1268,-13.779,-10.1352,-5.11961,-5.16879,-4.5085
7.88029,-15.1949,-13.7599,-10.1327,-5.05414,-5.12223,-4.59182
7.88538,-15.1994,-13.675,-10.0907,-5.15411,-5.18362,-4.52649
7.89035,-15.2149,-13.855,-10.2092,-5.08762,-5.20493,-4.59951
7.89551,-15.2521,-13.8954,-10.249,-5.12612,-5.27532,-4.56094
7.90033,-15.2867,-13.6713,-10.1405,-5.19226,-5.2788,-4.6761
7.90536,-15.234,-13.8295,-10.2857,-5.14434,-5.29625,-4.61217
7.91037,-15.2684,-13.5476,-10.1479,-5.15047,-5.15469,-4.5935
7.91531,-15.279,-13.8213,-10.3559,-5.33765,-5.51915,-4.56065
7.92051,-15.2772,-13.9202,-10.3892,-5.35427,-5.39942,-4.48948
7.92527,-15.3131,-13.6589,-10.2412,-5.2299,-5.31865,-4.62985
7.93067,-15.3532,-13.8212,-10.3293,-5.34112,-5.27737,-4.55565
7.93539,-15.3874,-13.8477,-10.3599,-5.19611,-5.35583,-4.68622
7.94038,-15.3357,-13.9238,-10.4436,-5.24588,-5.3426,-4.55667
7.94535,-15.3497,-13.8385,-10.3913,-5.28603,-5.35501,-4.59281
7.95051,-15.401,-13.8348,-10.4346,-5.29705,-5.39301,-4.51503
7.95542,-15.4296,-13.8004,-10.4398,-5.15723,-5.31817,-4.71487
7.9605,-15.4384,-13.8156,-10.4615,-5.16213,-5.30112,-4.76108
7.96522,-15.4017,-13.8076,-10.4712,-5.28302,-5.30941,-4.70863
7.97032,-15.4611,-13.6168,-10.3385,-5.33785,-5.34477,-4.65761
7.97554,-15.529,-14.0638,-10.6256,-5.33087,-5.4629,-4.66234
7.98036,-15.5325,-13.8627,-10.4934,-5.20133,-5.42435,-4.73222
7.98533,-15.553,-13.9828,-10.5507,-5.36051,-5.42714,-4.79128
7.9905,-15.5374,-13.9262,-10.5265,-5.29228,-5.4257,-4.8592
7.99533,-15.5322,-13.7772,-10.4238,-5.31235,-5.34425,-4.74743
8.00033,-15.5689,-14.0477,-10.6343,-5.20385,-5.46466,-4.83191
8.00538,-15.5419,-14.12,-10.6755,-5.0778,-5.5242,-4.7485
8.01036,-15.5847,-13.7873,-10.4667,-5.23747,-5.47493,-4.82845
8.01528,-15.5893,-13.8568,-10.52,-5.12889,-5.444,-4.70028
8.02053,-15.6194,-14.0464,-10.6048,-5.13385,-5.56227,-4.84899
8.0255,-15.5881,-13.9714,-10.5506,-5.20863,-5.46285,-4.8328
8.03027,-15.5498,-14.2214,-10.6994,-5.1406,-5.54572,-4.73806
8.03529,-15.5702,-14.0591,-10.615,-5.09896,-5.54665,-4.78587
8.04029,-15.5474,-14.0671,-10.6242,-5.15171,-5.51181,-4.75575
8.0454,-15.5367,-14.1599,-10.6967,-5.18286,-5.44067,-4.6914
8.0503,-15.5337,-13.8838,-10.5242,-5.28918,-5.47214,-4.89784
8.0553,-15.5494,-14.2416,-10.7249,-5.23156,-5.52574,-4.98705
8.06059,-15.4428,-14.2546,-10.7396,-5.1399,-5.41975,-4.87178
8.06536,-15.4979,-14.1592,-10.6763,-5.31709,-5.51932,-4.89018
8.07036,-15.4965,-14.1872,-10.6967,-5.25289,-5.48708,-4.87768
8.07534,-15.5098,-14.1179,-10.6481,-5.2989,-5.47386,-4.81663
8.0803,-15.4938,-14.1583,-10.6906,-5.26597,-5.57499,-4.8793
8.08532,-15.4597,-14.1957,-10.7435,-5.19692,-5.57537,-4.94567
8.09058,-15.535,-14.1633,-10.7549,-5.32605,-5.64654,-4.77258
8.09534,-15.5253,-14.1186,-10.7518,-5.23653,-5.64054,-4.94399
8.1003,-15.4652,-14.2291,-10.8152,-5.292,-5.5951,-4.82903
8.10531,-15.4747,-14.1529,-10.7866,-5.25,-5.61679,-4.79512
8.11034,-15.4357,-14.1195,-10.7858,-5.22741,-5.61183,-4.77946
8.11532,-15.449,-14.1493,-10.8307,-5.29895,-5.57973,-4.83358
8.12029,-15.3803,-14.147,-10.8185,-5.3487,-5.62304,-4.89576
8.1254,-15.4103,-14.1782,-10.8133,-5.32632,-5.6575,-4.85625
8.13036,-15.4063,-14.0977,-10.7139,-5.4154,-5.58976,-4.84431
8.13538,-15.3522,-14.0263,-10.6694,-5.18333,-5.53277,-4.79713
8.14039,-15.3741,-13.9729,-10.6357,-5.22711,-5.52247,-4.809
8.14529,-15.3194,-14.0809,-10.707,-5.10514,-5.65037,-4.86678
8.15034,-15.3031,-14.0585,-10.6864,-5.1786,-5.56759,-4.88069
8.15536,-15.2932,-13.9659,-10.6523,-5.29281,-5.52063,-4.78188
8.16052,-15.2783,-13.9229,-10.6639,-5.13245,-5.52305,-4.95072
8.16531,-15.2685,-13.8693,-10.6405,-5.22563,-5.57109,-4.65052
8.17028,-15.1986,-13.7874,-10.6159,-5.22126,-5.53561,-4.71244
8.1753,-15.1958,-13.9085,-10.7175,-5.22691,-5.55297,-4.69661
8.18048,-15.2155,-13.7505,-10.676,-5.08966,-5.58322,-4.70636
8.18531,-15.1584,-13.8011,-10.7179,-5.20327,-5.57856,-4.58699
8.1903,-15.0812,-13.8098,-10.7382,-5.00822,-5.52562,-4.63724
8.19529,-15.1183,-13.7078,-10.6858,-5.09776,-5.59078,-4.55885
8.20028,-15.0957,-13.698,-10.6941,-4.99748,-5.45321,-4.60664
8.20529,-15.0781,-13.5421,-10.6211,-5.10699,-5.50842,-4.43718
8.21028,-15.0151,-13.5506,-10.645,-5.05178,-5.46982,-4.44377
8.21545,-14.9692,-13.4969,-10.6613,-5.0918,-5.51876,-4.53569
8.22029,-14.9582,-13.3797,-10.6422,-5.09469,-5.44229,-4.48843
8.22528,-14.9326,-13.3155,-10.6421,-5.07567,-5.48108,-4.4913
8.23028,-14.8405,-13.2559,-10.63,-5.02933,-5.42103,-4.50286
8.23523,-14.826,-13.1099,-10.5719,-5.09352,-5.41622,-4.54114
8.24031,-14.7244,-13.0601,-10.5723,-5.02782,-5.39796,-4.52544
8.24528,-14.6537,-13.0798,-10.5923,-4.92662,-5.39131,-4.56267
8.25031,-14.5934,-13.0338,-10.5709,-4.96147,-5.38713,-4.53881
8.25536,-14.5481,-13.0164,-10.5417,-5.0736,-5.35235,-4.40601
8.26032,-14.5383,-12.9605,-10.4597,-5.05495,-5.41843,-4.28342
8.26554,-14.484,-12.9067,-10.3696,-5.03192,-5.37343,-4.27621
8.2704,-14.4081,-12.8719,-10.2809,-5.00842,-5.31318,-4.36957
8.27533,-14.4424,-12.6494,-10.092,-4.96875,-5.28078,-4.33278
8.28028,-14.3828,-12.6126,-10.023,-4.98094,-5.15336,-4.28467
8.28539,-14.3522,-12.5639,-9.96541,-4.79589,-5.1443,-4.24821
8.29035,-14.3247,-12.4792,-9.88232,-4.83018,-5.24319,-4.21591
8.29568,-14.2934,-12.4306,-9.82739,-4.8026,-5.12667,-4.13986
8.30032,-14.2186,-12.4323,-9.78424,-4.86889,-5.16954,-4.11388
8.30541,-14.1799,-12.368,-9.70187,-4.70523,-5.14119,-4.0645
8.31033,-14.1554,-12.2398,-9.58894,-4.9971,-5.11587,-4.05801
8.31528,-14.128,-12.1655,-9.50907,-4.89843,-5.1465,-4.15568
8.3203,-14.0807,-12.148,-9.49259,-4.69197,-5.0999,-4.05669
8.32525,-14.0235,-12.0798,-9.43311,-4.78401,-5.04566,-4.17672
8.33045,-14.0036,-11.9955,-9.36462,-4.76725,-5.03357,-4.07589
8.33533,-13.9152,-11.9928,-9.33939,-4.63231,-5.05425,-4.00589
8.34043,-13.885,-12.0386,-9.30739,-4.55539,-5.00027,-4.0233
8.34537,-13.8207,-12.1275,-9.23005,-4.55874,-5.01875,-4.09275
8.35029,-13.7779,-12.1992,-9.11265,-4.81857,-5.13114,-3.99622
8.35542,-13.7495,-12.2965,-9.03816,-4.64505,-5.00817,-3.95255
8.36032,-13.6838,-12.333,-8.97724,-4.66457,-4.98835,-3.97938
8.3654,-13.6389,-12.3461,-8.9547,-4.63883,-5.07518,-4.05846
8.37032,-13.5765,-12.2638,-8.8895,-4.58179,-4.96119,-4.08979
8.3753,-13.503,-12.3922,-8.91306,-4.66359,-4.99975,-3.93708
8.38037,-13.4516,-12.4302,-8.83538,-4.64898,-4.94425,-4.0154
8.38534,-13.3714,-12.5737,-8.81541,-4.4089,-4.97272,-3.93145
8.39028,-13.2777,-12.7943,-8.8477,-4.41355,-5.01189,-3.8982
8.39538,-13.2371,-12.8512,-8.76692,-4.31777,-4.88598,-3.86229
8.4003,-13.2,-12.8841,-8.67386,-4.54117,-4.92477,-3.91774
8.40531,-13.1521,-12.9682,-8.61841,-4.55022,-4.86365,-3.8329
8.41033,-13.0527,-13.1991,-8.66976,-4.18149,-4.80434,-4.04681
8.41572,-13.0334,-13.018,-8.48027,-4.6518,-4.70581,-3.51501
8.42031,-12.9706,-13.0804,-8.49767,-4.61084,-4.79493,-3.60071
8.42525,-12.91,-13.0604,-8.41021,-4.63243,-4.87254,-3.77048
8.43021,-12.8424,-13.0761,-8.35559,-4.54755,-4.88628,-3.7965
8.43527,-12.7921,-13.009,-8.26051,-4.65618,-4.74838,-3.68858
8.44058,-12.7282,-13.0384,-8.23955,-4.58419,-4.69848,-3.69761
8.44536,-12.6637,-13.0632,-8.21726,-4.5143,-4.6497,-3.70509
8.45033,-12.6111,-13.1227,-8.19072,-4.55834,-4.5013,-3.63149
8.45529,-12.5334,-13.1358,-8.11396,-4.52487,-4.4294,-3.69519
8.46029,-12.4729,-13.1784,-8.04924,-4.47977,-4.45244,-3.71489
8.46533,-12.407,-13.2699,-8.04415,-4.34574,-4.45828,-3.71299
8.47028,-12.3415,-13.2494,-7.95814,-4.31931,-4.4463,-3.59235
8.47528,-12.291,-13.2518,-7.92709,-4.28258,-4.44227,-3.61121
8.48064,-12.239,-13.2503,-7.89494,-4.24625,-4.43717,-3.62797
8.48533,-12.1836,-13.073,-7.73712,-4.25025,-4.41501,-3.64602
8.49041,-12.1063,-12.9875,-7.70297,-4.1989,-4.42705,-3.61375
8.49533,-12.0231,-12.8555,-7.58559,-4.11976,-4.41332,-3.64171
8.50034,-11.9213,-13.0809,-7.69755,-4.14061,-4.42629,-3.61392
8.50547,-11.8423,-12.9387,-7.60111,-4.21712,-4.32389,-3.47255
8.51036,-11.7676,-12.8694,-7.55031,-4.13254,-4.35974,-3.42582
8.5153,-11.6998,-12.804,-7.48578,-4.10383,-4.29589,-3.46617
8.52032,-11.646,-12.7611,-7.43477,-4.09405,-4.30813,-3.42944
8.52533,-11.5715,-12.8837,-7.48399,-4.05316,-4.31795,-3.48128
8.53061,-11.5039,-12.9203,-7.49252,-3.8242,-4.3485,-3.41475
8.53543,-11.4755,-12.7772,-7.40917,-3.97197,-4.33353,-3.37449
8.54044,-11.4639,-12.5019,-7.2239,-3.93197,-4.33183,-3.33335
8.54524,-11.386,-12.4976,-7.2008,-3.94162,-4.14259,-3.39256
8.55039,-11.3154,-12.4444,-7.13196,-3.91509,-4.12564,-3.35508
8.55524,-11.224,-12.5369,-7.1672,-3.9077,-4.14959,-3.37883
8.5602,-11.1422,-12.5207,-7.16692,-3.55795,-4.15877,-3.44413
8.56541,-11.0542,-12.3949,-7.07235,-3.68613,-4.10316,-3.27729
8.57026,-10.9748,-12.2057,-6.91086,-3.64568,-4.13436,-3.32735
8.57526,-10.8678,-12.3883,-7.0075,-3.70874,-4.18335,-3.30765
8.58023,-10.8155,-12.287,-6.95219,-3.60184,-4.10329,-3.22134
8.58522,-10.7302,-12.2636,-6.92382,-3.51054,-4.13625,-3.2649
8.59018,-10.6991,-11.989,-6.72279,-3.70094,-3.97369,-3.28721
8.59529,-10.605,-12.2157,-6.8408,-3.60867,-4.01369,-3.20952
8.60029,-10.5381,-12.0237,-6.6514,-3.55261,-3.93884,-3.22019
8.6053,-10.4785,-11.993,-6.58896,-3.47559,-3.96582,-3.20069
8.61022,-10.4306,-11.8415,-6.47621,-3.50149,-4.00884,-3.3325
8.61545,-10.3607,-11.7188,-6.40732,-3.44285,-4.01459,-3.315
8.62061,-10.2713,-11.6089,-6.38081,-3.46311,-3.94854,-3.06716
8.62533,-10.1491,-11.6685,-6.4365,-3.20788,-3.94704,-3.12945
8.6303,-10.0479,-11.5296,-6.38177,-3.09509,-3.88687,-3.12865
8.63526,-9.93943,-11.5482,-6.4271,-3.00246,-3.82584,-3.07929
8.64024,-9.87301,-11.4533,-6.38925,-2.9836,-3.81716,-3.06966
8.64525,-9.83325,-11.1792,-6.20025,-3.19498,-3.62343,-3.15834
8.6504,-9.73268,-11.2975,-6.25351,-3.0598,-3.74658,-3.09601
8.65524,-9.67276,-11.0199,-6.04247,-3.09964,-3.73306,-2.90006
8.66028,-9.5411,-11.2547,-6.17267,-2.98001,-3.67561,-2.86705
8.6654,-9.54663,-10.7785,-5.85721,-3.12482,-3.7564,-2.80283
8.67034,-9.37311,-11.0206,-5.98172,-2.67108,-3.62008,-2.86079
8.67525,-9.34837,-10.7765,-5.80478,-2.93665,-3.75192,-2.67511
8.68049,-9.23764,-10.8169,-5.8079,-2.91986,-3.63157,-2.71516
8.68528,-9.1395,-10.7038,-5.7009,-2.82511,-3.67763,-2.72443
8.69042,-9.02036,-10.9353,-5.84795,-2.80627,-3.72889,-2.6912
8.69547,-8.99119,-10.5459,-5.55783,-2.80152,-3.60738,-2.6367
8.70036,-8.88052,-10.6508,-5.66864,-2.84128,-3.60262,-2.58275
8.70539,-8.80319,-10.4708,-5.52621,-2.6383,-3.48838,-2.51291
8.71028,-8.65431,-10.5112,-5.54313,-2.51679,-3.55329,-2.37632
8.71525,-8.54993,-10.4005,-5.4817,-2.45801,-3.60435,-2.34307
8.72026,-8.44672,-10.2567,-5.38269,-2.54179,-3.62428,-2.38432
8.72553,-8.39204,-9.97562,-5.21539,-2.63153,-3.61355,-2.43211
8.7303,-8.31403,-9.94064,-5.20811,-2.49027,-3.48239,-2.32022
8.73551,-8.13567,-10.0965,-5.27542,-2.32419,-3.48681,-2.32841
8.74036,-8.1142,-9.98623,-5.2636,-2.28449,-3.48507,-2.26434
8.74531,-7.99169,-9.81355,-5.11014,-2.13978,-3.44983,-2.33454
8.75029,-7.97172,-9.5071,-4.91575,-2.17661,-3.49563,-2.3331
8.75519,-7.82627,-9.75852,-5.05218,-2.31207,-3.44163,-2.17294
8.76028,-7.79496,-9.42004,-4.79917,-2.10112,-3.38146,-2.13068
8.76521,-7.74598,-9.27912,-4.71695,-2.05379,-3.35572,-2.13196
8.77028,-7.69427,-9.13961,-4.63513,-2.00695,-3.32949,-2.13154
8.77527,-7.58059,-9.23784,-4.67701,-1.87938,-3.24741,-2.18841
8.78029,-7.51389,-9.12246,-4.5909,-1.83022,-3.21654,-2.15262
8.78551,-7.42318,-9.00337,-4.49078,-1.85147,-3.15944,-2.20926
8.79051,-7.32138,-8.80162,-4.39146,-1.79912,-3.0891,-2.12469
8.79532,-7.24898,-8.74781,-4.34687,-1.76092,-3.10097,-2.03481
8.80028,-7.17994,-8.59969,-4.2192,-1.87892,-3.07631,-1.98505
8.80529,-7.09395,-8.496,-4.15219,-1.82703,-3.13571,-1.9028
8.81049,-6.98044,-8.58251,-4.20737,-1.72639,-3.12126,-1.93839
8.8153,-6.86044,-8.56461,-4.1772,-1.54662,-3.12593,-1.8048
8.82038,-6.7811,-8.36689,-4.02156,-1.57985,-3.09093,-1.80875
8.82545,-6.64248,-8.36954,-4.04199,-1.61772,-3.02876,-1.67593
8.83029,-6.626,-8.07434,-3.84324,-1.40222,-3.01579,-1.72295
8.83523,-6.44965,-8.14623,-3.94079,-1.6194,-2.9302,-1.57234
8.84034,-6.38842,-7.97306,-3.78608,-1.32632,-2.91031,-1.68105
8.84522,-6.3316,-7.74536,-3.64812,-1.2839,-2.86312,-1.67971
8.8503,-6.1789,-7.69521,-3.62043,-1.39468,-2.84786,-1.63679
8.85525,-6.05421,-7.75033,-3.64046,-1.1951,-2.78787,-1.68339
8.86027,-5.97174,-7.60405,-3.55292,-1.17053,-2.79554,-1.58656
8.86518,-5.94526,-7.0723,-3.17213,-1.23035,-2.79881,-1.44905
8.87023,-5.81306,-7.20766,-3.26338,-1.25049,-2.76824,-1.44305
8.87519,-5.73847,-7.17241,-3.22256,-1.02279,-2.75237,-1.29063
8.88029,-5.66276,-7.01174,-3.07571,-1.03557,-2.74553,-1.49591
8.88524,-5.57382,-6.94512,-3.01742,-1.15903,-2.71446,-1.38897
8.89031,-5.54558,-6.76185,-2.87527,-1.22231,-2.69285,-1.16736
8.89518,-5.39252,-6.79179,-2.87112,-0.952113,-2.63732,-1.17562
8.90019,-5.24903,-6.7343,-2.81015,-0.934775,-2.5878,-1.1185
8.90523,-5.17262,-6.60044,-2.68931,-0.809697,-2.55402,-1.17918
8.91019,-5.11282,-6.59605,-2.62414,-0.832898,-2.5082,-1.15571
8.9152,-4.9322,-6.89861,-2.83155,-0.489723,-2.31056,-1.2153
8.9205,-4.75764,-6.78427,-2.72201,-0.88743,-2.12966,-1.24572
8.92542,-4.69289,-6.76195,-2.76522,-0.830315,-2.02695,-1.1869
8.9304,-4.67676,-6.44365,-2.60813,-0.84061,-1.97722,-1.09837
8.93536,-4.5656,-6.32668,-2.52777,-0.638619,-1.95662,-1.22435
8.9403,-4.47736,-6.0325,-2.34564,-0.936445,-1.92395,-0.979766
8.9453,-4.42168,-6.02153,-2.33521,-0.549552,-1.91432,-0.980882
8.95037,-4.33061,-5.88488,-2.23123,-0.679336,-1.84853,-1.08321
8.95537,-4.22263,-5.77696,-2.152,-0.503246,-1.81525,-1.08683
8.96068,-4.14003,-5.71575,-2.15042,-0.518656,-1.74804,-1.01888
8.96548,-4.09021,-5.43903,-1.90576,-0.349698,-1.79044,-0.960389
8.97037,-3.98861,-5.42878,-1.90034,-0.409759,-1.73948,-0.944843
8.97539,-3.83219,-5.29303,-1.82951,-0.337523,-1.80338,-0.862264
8.98031,-3.73887,-5.25137,-1.87285,-0.371361,-1.69086,-0.880801
8.98546,-3.68083,-5.0731,-1.77519,-0.302574,-1.71425,-0.816315
8.99035,-3.59612,-4.97763,-1.63918,-0.195308,-1.74712,-0.715962
8.99541,-3.49822,-4.72524,-1.51188,-0.158296,-1.62168,-0.706219
9.00029,-3.42595,-4.60646,-1.40673,-0.207777,-1.65877,-0.644371
9.00536,-3.32009,-4.7255,-1.46052,-0.220001,-1.71732,-0.479462
9.01041,-3.23766,-4.48141,-1.25184,-0.229699,-1.6591,-0.421936
9.01538,-3.19524,-4.28294,-1.12114,-0.287875,-1.66162,-0.560141
9.02044,-3.13836,-4.17501,-1.08446,-0.286829,-1.57441,-0.572402
9.02538,-2.99925,-4.12818,-1.04976,0.114165,-1.56066,-0.473362
9.03045,-2.915,-3.93747,-0.975865,0.168889,-1.55523,-0.430392
9.03539,-2.83782,-3.81206,-0.923841,0.263223,-1.56004,-0.381032
9.04057,-2.76032,-3.67059,-0.827149,0.28364,-1.54099,-0.315803
9.04535,-2.64442,-3.5618,-0.718802,0.177593,-1.47895,-0.277785
9.05027,-2.55003,-3.43917,-0.633231,0.256455,-1.45885,-0.227773
9.05558,-2.42111,-3.36538,-0.620275,0.347876,-1.37586,-0.287106
9.06052,-2.29563,-3.32426,-0.529475,0.415052,-1.43469,-0.232812
9.06531,-2.19895,-3.21253,-0.414944,0.440517,-1.39107,-0.197165
9.07064,-2.14148,-2.88801,-0.209908,0.234726,-1.2807,-0.178621
9.07531,-2.05685,-3.03489,-0.323996,0.505645,-1.22154,-0.0584016
9.08029,-2.01436,-2.95534,-0.228341,0.576557,-1.2236,-0.0783669
9.08537,-1.86599,-3.07454,-0.235469,0.755163,-1.27788,-0.0998188
9.09028,-1.81739,-2.76819,-0.0425855,0.617598,-1.13054,0.105095
9.0953,-1.74366,-2.52664,0.117485,0.653499,-1.12126,-0.0517014
9.10039,-1.51552,-2.97625,-0.160296,0.980433,-1.01219,-0.0593543
9.10541,-1.47033,-2.56569,0.0893286,0.876536,-0.954592,-0.0891958
9.11034,-1.38308,-2.40958,0.140562,0.956027,-0.967973,-0.0555541
9.1153,-1.26589,-2.21772,0.254514,1.02573,-0.941773,0.0474606
9.12055,-1.18972,-2.21273,0.231656,1.1381,-0.886633,0.0908591
9.12536,-1.06606,-2.19374,0.244869,1.14718,-0.755497,0.0238905
9.13044,-0.868971,-2.15782,0.237081,1.31938,-0.72992,0.110396
9.13546,-0.892396,-1.94508,0.353144,1.13531,-0.795621,0.152902
9.14044,-0.784573,-1.72083,0.536087,1.19002,-0.796173,0.254345
9.14532,-0.777223,-1.58637,0.615804,1.29246,-0.814298,0.242753
9.15046,-0.614084,-1.58878,0.632462,1.17967,-0.705126,0.38112
9.15536,-0.587247,-1.29667,0.847421,1.18309,-0.687911,0.439023
9.16028,-0.454803,-1.50845,0.781395,1.56387,-0.710982,0.32835
9.16529,-0.281148,-1.47214,0.858144,1.6614,-0.672868,0.469529
9.17026,-0.308123,-1.18618,1.02806,1.53399,-0.688661,0.655182
9.17527,-0.149026,-0.929281,1.2093,1.56611,-0.641695,0.505808
9.18046,-0.068417,-0.747792,1.35017,1.7065,-0.593798,0.631546
9.18527,0.020132,-0.714533,1.30702,1.51652,-0.57338,0.585564
9.1903,0.253082,-0.73021,1.32951,1.75787,-0.485338,0.83142
9.19529,0.27905,-0.684014,1.36984,1.94237,-0.387442,0.837391
9.20029,0.429781,-0.471531,1.48373,2.02531,-0.338664,0.857281
9.20523,0.455627,-0.343557,1.54335,1.98681,-0.357321,0.917431
9.21028,0.552419,-0.166032,1.64989,2.0075,-0.415679,0.992713
9.21534,0.759679,-0.191364,1.62427,2.17687,-0.344644,1.01532
9.22024,0.731947,0.0755875,1.84847,1.99189,-0.418103,0.970833
9.22545,0.910504,-0.175297,1.74317,2.17983,-0.241153,1.04774
9.23022,0.93517,0.21047,2.00922,2.15216,-0.343795,1.15011
9.23523,1.06932,0.341549,2.08643,2.01999,-0.348643,1.02135
9.24037,1.09832,0.438753,2.14918,2.12989,-0.245732,1.11985
9.24558,1.26065,0.439183,2.18025,2.34922,-0.270561,1.2509
9.25019,1.29876,0.581778,2.26284,2.33285,-0.220844,1.2461
9.25526,1.34742,0.737662,2.36872,2.37082,-0.187969,1.36546
9.2602,1.40208,0.902014,2.4981,2.5494,-0.159,1.49563
9.26524,1.53077,0.944232,2.53202,2.42425,-0.112654,1.3867
9.27019,1.57732,1.16527,2.6464,2.42588,-0.0560503,1.50748
9.27523,1.68045,1.16726,2.69644,2.57844,-0.0408823,1.6237
9.28025,1.76533,1.19307,2.73891,2.69422,-0.0157853,1.56656
9.28523,1.90198,1.3968,2.83644,2.67529,0.209338,1.60327
9.29025,1.96327,1.54959,2.92315,2.92033,0.131323,1.56949
9.29532,1.97564,1.71116,3.05691,2.74574,0.220156,1.69985
9.30028,2.11302,1.53501,2.98473,3.01914,0.285372,1.76287
9.30522,2.16609,1.96979,3.30809,2.83518,0.305155,1.84827
9.31021,2.32344,1.86256,3.22276,2.98483,0.412656,1.88627
9.31517,2.43713,1.9726,3.32969,3.00231,0.508075,1.96177
9.32025,2.61895,1.9918,3.35265,2.97024,0.634513,2.02711
9.32519,2.67083,2.16216,3.45874,2.94983,0.64765,2.02305
9.33025,2.73939,2.38117,3.60396,2.7835,0.632062,2.13578
9.33538,2.878,2.32098,3.57587,2.91895,0.753943,2.10537
9.34038,2.98458,2.51037,3.66304,3.19453,0.76443,2.14216
9.34533,3.05183,2.72652,3.81979,3.07984,0.788532,2.15031
9.35046,3.12542,2.90416,3.8825,3.12631,0.753919,2.17529
9.35522,3.30016,2.72128,3.68771,3.33251,0.88752,2.26519
9.36025,3.37567,2.9755,3.90863,3.34824,0.848408,2.24481
9.36526,3.44814,2.76386,3.75844,3.54977,0.920419,2.32047
9.37019,3.4948,3.28824,4.11741,3.21588,0.953101,2.4257
9.37564,3.60293,3.34898,4.21518,3.4426,0.948162,2.38522
9.38029,3.5911,3.56724,4.36266,3.50368,0.897547,2.44206
9.38531,3.78572,3.48919,4.36662,3.43509,1.09273,2.44947
9.39039,3.80687,3.71123,4.55723,3.60327,0.987344,2.42064
9.39528,3.95527,3.7242,4.5326,3.7208,1.09625,2.45141
9.4005,3.97587,4.04755,4.7576,3.30098,1.12866,2.46838
9.40531,4.11547,3.99858,4.74474,3.51351,1.09458,2.60045
9.41024,4.25767,4.11604,4.85883,3.63821,1.23058,2.5355
9.41526,4.40033,4.05869,4.77064,3.83046,1.28271,2.52856
9.42036,4.57518,4.02167,4.69192,3.69512,1.31592,2.59296
9.42542,4.55978,4.1532,4.70857,3.71644,1.41519,2.64543
9.43034,4.65579,4.26395,4.81637,3.67915,1.33037,2.78337
9.43525,4.72683,4.40134,4.94313,3.69574,1.22262,2.89821
9.44044,4.81872,4.57525,5.09518,3.55897,1.12547,2.95975
9.44533,4.87825,4.43309,5.03187,3.63976,1.19047,2.94679
9.4503,4.9901,4.49746,5.11317,3.7108,1.2189,2.93796
9.45544,5.05169,4.54635,5.10243,3.86501,1.23619,2.95061
9.46031,5.10065,4.65663,5.16803,3.95029,1.42304,2.9301
9.46524,5.17793,4.85016,5.29951,3.86491,1.33272,2.9666
9.47025,5.27878,5.05765,5.44273,3.85068,1.41735,2.99386
9.47531,5.28669,5.15425,5.46175,3.9254,1.40267,3.03405
9.48046,5.38087,5.4302,5.66304,3.97769,1.43541,3.08968
9.48534,5.47389,5.5601,5.71701,3.97835,1.45819,3.16518
9.49037,5.63426,5.49957,5.59261,4.11158,1.57815,3.19058
9.49521,5.74877,5.62726,5.66373,4.27591,1.59364,3.26024
9.50023,5.85738,5.75988,5.75173,4.24493,1.64004,3.33801
9.50546,5.91257,5.90825,5.83771,4.22021,1.64997,3.29719
9.5103,6.00278,5.86581,5.80253,4.16095,1.63569,3.20819
9.51524,6.06868,5.99567,5.89114,4.11531,1.63127,3.16913
9.52038,6.16806,6.24215,6.07629,4.10754,1.66632,3.11196
9.52522,6.31317,6.2513,6.10288,3.86152,1.73612,3.08339
9.53045,6.31464,6.40658,6.22916,4.15134,1.66454,3.05965
9.53526,6.36254,6.2623,6.12341,4.19394,1.7937,3.06012
9.54039,6.51724,6.42197,6.24315,4.30177,1.75842,3.03817
9.54528,6.57655,6.66554,6.40095,4.05342,1.73684,3.01893
9.5503,6.63753,6.71363,6.44157,4.15416,1.78317,2.99504
9.55524,6.7443,6.79724,6.54666,4.14074,1.84928,3.01022
9.56057,6.92572,6.73361,6.56212,4.17244,1.93865,3.06771
9.56537,6.9278,6.94599,6.66102,4.40983,1.90615,3.0709
9.57019,7.04261,7.08046,6.722,4.43272,1.96226,3.21911
9.5753,7.21407,7.10279,6.7157,4.45416,2.08788,3.30586
9.58028,7.20797,7.36384,6.82828,4.4142,2.07003,3.36503
9.58564,7.33129,7.48174,6.88393,4.46998,2.15062,3.38815
9.59025,7.47964,7.59194,6.95266,4.49198,2.22657,3.38195
9.59531,7.47756,7.52511,6.93986,4.71027,2.22156,3.36882
9.60042,7.58338,7.48194,6.97074,4.80849,2.25764,3.41829
9.60559,7.61491,7.42938,6.97485,4.87793,2.26939,3.56075
9.61029,7.61714,7.70177,7.18729,4.73051,2.26319,3.53508
9.61521,7.69593,7.73684,7.26753,4.80528,2.29331,3.66105
9.62018,7.788,7.62549,7.2063,4.98478,2.35516,3.80676
9.62518,7.94042,7.60182,7.19126,4.80345,2.40403,3.85643
9.63034,7.95799,7.71957,7.23592,4.92459,2.41849,3.9068
9.63529,8.02255,7.85625,7.31656,4.943,2.42038,4.02126
9.64032,8.11717,7.94503,7.38584,5.01405,2.33882,4.05326
9.64548,8.06868,8.13506,7.50077,5.13974,2.28798,4.13631
9.6503,8.2175,7.97127,7.38413,5.153,2.42397,4.07612
9.65528,8.24524,8.47284,7.68208,4.93898,2.33584,4.08676
9.66028,8.27267,8.36399,7.54139,5.12499,2.49312,4.07716
9.66524,8.36485,8.47073,7.52513,5.07076,2.6043,4.11674
9.67039,8.47739,8.74172,7.5959,4.95177,2.69202,4.21507
9.67533,8.5603,8.83948,7.58442,5.00846,2.69471,4.20744
9.68039,8.70951,8.89397,7.55049,5.05903,2.747,4.21493
9.68524,8.78401,8.88088,7.50904,4.95298,2.73292,4.19087
9.69038,8.86322,8.97016,7.55159,4.95448,2.74313,4.28727
9.6954,8.95311,8.97819,7.53962,4.94083,2.81704,4.29801
9.70027,8.90938,9.28508,7.68167,5.09279,2.73612,4.26856
9.70531,8.99563,9.32481,7.71016,5.10328,2.71624,4.28916
9.71032,9.13016,9.1908,7.63329,5.15105,2.74736,4.27092
9.71523,9.24343,9.29619,7.71102,5.09765,2.81401,4.38232
9.72056,9.21732,9.34087,7.75667,5.10448,2.78642,4.23424
9.72543,9.30892,9.31138,7.73858,5.33576,2.77905,4.48244
9.7303,9.36938,9.30093,7.70457,5.41659,2.82689,4.50095
9.73536,9.44983,9.43329,7.81141,5.27671,2.80472,4.54329
9.74032,9.50261,9.51582,7.82266,5.4372,2.83745,4.55296
9.74524,9.4616,9.46834,7.7633,5.3915,2.87489,4.64858
9.75051,9.571,9.77181,7.95018,5.31076,2.86892,4.61448
9.7554,9.61047,9.7518,7.89133,5.4767,2.92042,4.63083
9.76034,9.62199,9.93776,7.95855,5.37026,2.91777,4.74606
9.76544,9.72301,10.0477,8.03173,5.39795,2.93273,4.79409
9.77027,9.81607,9.94498,7.92888,5.43454,3.01452,4.65403
9.77529,9.76883,10.1617,8.06316,5.51142,2.96758,4.81856
9.78024,9.92762,10.2617,8.12052,5.51071,3.02354,4.91821
9.7854,9.89767,10.3775,8.21054,5.44714,2.94122,4.9485
9.7903,10.0325,10.1546,8.10199,5.47922,3.06752,4.93344
9.79528,9.9921,10.3666,8.22718,5.48408,3.04761,5.01604
9.80031,10.1502,10.1865,8.15479,5.50098,3.10868,5.01051
9.80525,10.0774,10.4619,8.35189,5.59565,2.96443,4.96069
9.81034,10.2482,10.4587,8.38459,5.43447,2.98524,4.98893
9.81542,10.2923,10.595,8.49437,5.65727,2.99503,5.10937
9.82026,10.4305,10.2508,8.25898,5.56735,3.18108,5.03956
9.82539,10.4058,10.6211,8.52689,5.53746,3.06576,5.0287
9.83025,10.5147,10.3453,8.34354,5.61313,3.20558,5.06361
9.83526,10.5358,10.6237,8.52428,5.52583,3.13026,4.98332
9.84038,10.5427,10.6227,8.51472,5.58777,3.14967,4.99278
9.84546,10.7412,10.6991,8.64131,5.40107,3.14428,4.99032
9.85028,10.732,10.7496,8.60419,5.40902,3.2411,5.05083
9.8554,10.775,10.7788,8.65235,5.43005,3.32598,5.0699
9.86031,10.8204,10.7953,8.70119,5.6257,3.33343,5.14548
9.86557,10.8055,10.9293,8.76525,5.43571,3.27715,5.27066
9.87029,10.9197,10.9386,8.8073,5.47898,3.26881,5.23402
9.87535,10.8582,10.998,8.78683,5.51289,3.26329,5.28551
9.88038,11.0558,11.0844,8.91903,5.44931,3.25534,5.33561
9.88534,10.9106,11.2712,8.92644,5.55335,3.21056,5.34665
9.89051,11.0153,11.397,8.91633,5.53499,3.30445,5.37632
9.89544,11.0721,11.5544,8.9793,5.53143,3.30502,5.24112
9.90029,11.1031,11.6065,8.99201,5.56688,3.38953,5.30697
9.90533,11.2049,11.6182,8.97489,5.4288,3.52425,5.26143
9.91032,11.2162,11.8583,9.16345,5.64072,3.47704,5.48985
9.91523,11.3729,11.3364,8.92834,5.73691,3.68544,5.21455
9.92028,11.3102,11.2839,8.96292,5.56969,3.63228,5.16877
9.92529,11.3351,11.3865,9.05814,5.81803,3.69615,5.30412
9.93051,11.4036,11.4569,9.13075,5.68334,3.70706,5.39568
9.93538,11.3365,11.3901,9.04376,5.82836,3.69638,5.29212
9.94058,11.4956,11.0369,8.8119,5.72742,3.79626,5.28848
9.94529,11.3903,11.3558,9.0835,5.89357,3.70309,5.38259
9.95058,11.4873,11.6024,9.26096,5.7931,3.59808,5.33344
9.95527,11.469,11.442,9.15061,5.67642,3.6901,5.31959
9.96031,11.5365,11.3862,9.0989,5.83609,3.74137,5.34887
9.96527,11.5558,11.3911,9.12293,5.86174,3.73018,5.41992
9.97032,11.4772,11.4492,9.1546,5.76389,3.71991,5.44665
9.97528,11.5242,11.4217,9.19839,5.72452,3.70501,5.43824
9.98024,11.5983,11.318,9.11505,5.70465,3.78722,5.36668
9.98535,11.5995,11.4389,9.22947,5.81799,3.77934,5.39061
9.99029,11.6518,11.5933,9.358,5.77935,3.80311,5.25721
9.99534,11.7102,11.4416,9.22907,5.73628,3.83428,5.27515
10.0003,11.7078,11.4903,9.28312,5.8728,3.82193,5.38434
10.0055,11.72,11.6984,9.422,5.88059,3.74197,5.55636
10.0104,11.7947,11.5893,9.36868,5.91491,3.78222,5.46238
10.0155,11.8102,11.6062,9.38047,5.88194,3.72718,5.48139
10.0203,11.8728,11.7527,9.4763,5.81255,3.69724,5.25563
10.0253,11.9279,11.7452,9.44116,5.86381,3.72203,5.3713
10.0305,11.9501,11.6557,9.38049,5.81837,3.71223,5.43344
10.0353,11.9251,11.6724,9.38545,5.86429,3.71696,5.3465
10.0405,11.9715,11.6426,9.39147,5.80956,3.70026,5.39347
10.0453,11.9923,11.6483,9.44539,5.80732,3.6893,5.37766
10.0504,12.0488,11.701,9.53097,5.81142,3.68549,5.54928
10.0556,12.104,11.6475,9.48328,5.78866,3.75754,5.49062
10.0602,12.0822,11.5345,9.39396,5.85344,3.80259,5.50105
10.0652,12.1305,11.5813,9.42579,5.76454,3.79955,5.56075
10.0704,12.1216,11.5902,9.4248,5.81411,3.79639,5.47414
10.0753,12.2133,11.624,9.5014,5.73293,3.75437,5.39771
10.0803,12.2248,11.6373,9.52547,5.71443,3.75221,5.48689
10.0855,12.1867,11.3665,9.31352,5.68215,3.80725,5.4508
10.0905,12.2089,11.4758,9.4335,5.70696,3.75835,5.4475
10.0954,12.2417,11.5543,9.49305,5.66518,3.73412,5.5098
10.1004,12.347,11.3734,9.33343,5.63492,3.82792,5.4583
10.1053,12.2545,11.6385,9.40923,5.61868,3.7999,5.4229
10.1103,12.292,11.8199,9.38658,5.58473,3.81662,5.35445
10.1153,12.3176,11.7171,9.21554,5.59865,3.89811,5.43403
10.1205,12.3564,11.7657,9.23431,5.54437,3.90506,5.49218
10.1254,12.2907,11.8038,9.28143,5.48709,3.88273,5.46165
10.1304,12.2823,11.7679,9.23047,5.47331,3.92049,5.53356
10.1355,12.3189,11.9742,9.33184,5.44481,3.90677,5.58217
10.1403,12.38,12.0765,9.31661,5.44876,3.8971,5.47372
10.1454,12.3211,12.1688,9.26274,5.45243,3.91304,5.52609
10.1505,12.3261,12.5655,9.43756,5.45421,3.87043,5.58132
10.1553,12.3174,12.6628,9.41829,5.45718,3.83418,5.66193
10.1604,12.338,12.7492,9.40139,5.45617,3.8245,5.55518
10.1653,12.3602,12.8037,9.29778,5.47415,3.87263,5.56434
10.1703,12.4461,13.1195,9.38571,5.50271,3.81541,5.56388
10.1753,12.3928,13.1102,9.29359,5.6045,3.78342,5.31689
10.1805,12.4451,13.1945,9.29019,5.69206,3.78342,5.52798
10.1856,12.4374,13.1997,9.2114,5.74179,3.79801,5.45337
10.1905,12.4741,13.4548,9.32064,5.76941,3.68303,5.51183
10.1954,12.4862,13.2122,9.11188,5.82805,3.6809,5.4958
10.2003,12.5123,13.2493,9.09861,5.89454,3.60519,5.52581
10.2053,12.5265,13.4771,9.22224,5.94459,3.4583,5.46993
10.2102,12.5408,13.4357,9.12544,6.02593,3.42241,5.43443
10.2155,12.5406,13.5169,9.11526,6.06913,3.39193,5.43205
10.2203,12.5239,13.4971,9.03986,6.12855,3.41376,5.35037
10.2255,12.5531,13.7146,9.17493,6.12325,3.38517,5.44669
10.2303,12.5557,13.5759,9.03887,6.15242,3.45361,5.51148
10.2354,12.6049,13.5636,9.00437,6.14961,3.49274,5.51345
10.2403,12.6094,13.469,8.90643,6.19921,3.49572,5.51217
10.2453,12.6243,13.5501,8.95891,6.148,3.45047,5.44499
10.2504,12.6726,13.4727,8.93638,6.10194,3.45144,5.43918
10.2553,12.5578,13.7293,9.0608,6.12378,3.33408,5.40029
10.2603,12.5967,13.6548,9.03986,6.07609,3.32091,5.45345
10.2653,12.5711,13.6692,9.08477,6.03401,3.27457,5.57558
10.2703,12.484,13.5661,8.99843,6.00636,3.27149,5.32733
10.2753,12.4448,13.4623,8.93199,6.00518,3.28298,5.36861
10.2804,12.4088,13.4377,8.90513,5.97676,3.27472,5.06981
10.2853,12.3456,13.3596,8.78803,5.9989,3.27845,5.33906
10.2905,12.3523,13.4235,8.86869,5.94118,3.2149,5.29321
10.2953,12.3496,13.4485,8.87603,5.93699,3.18718,5.28383
10.3003,12.4086,13.1882,8.66543,5.87621,3.26415,5.22854
10.3053,12.3235,13.2592,8.66568,5.90186,3.2257,5.29803
10.3103,12.3766,13.1638,8.61074,5.87674,3.24319,5.11778
10.3152,12.4215,13.253,8.73548,5.89445,3.18532,5.26578
10.3202,12.4699,12.9412,8.52897,5.89917,3.26463,5.1039
10.3253,12.4808,13.2628,8.83335,5.85792,3.14834,5.13367
10.3306,12.5359,12.7738,8.5608,5.84917,3.25753,5.05787
10.3352,12.5199,12.7425,8.53291,5.77944,3.26581,5.01318
10.3404,12.5976,12.8049,8.61415,5.80209,3.24676,4.98418
10.3453,12.5584,12.8557,8.61408,5.66711,3.19882,4.97283
10.3504,12.6496,13.0913,8.77142,5.6843,3.12581,5.00118
10.3553,12.6387,12.5441,8.36746,5.58573,3.25181,4.94505
10.3607,12.6912,12.6245,8.43965,5.55611,3.20333,4.93087
10.3657,12.7352,12.7097,8.45772,5.58317,3.17824,4.88601
10.3704,12.668,12.5804,8.35196,5.5149,3.17427,4.86211
10.3755,12.6689,12.6276,8.34929,5.44848,3.15435,4.93336
10.3806,12.764,12.4378,8.1775,5.35301,3.24443,4.81577
10.3855,12.7904,12.6061,8.28206,5.39326,3.21672,4.92274
10.3904,12.7927,12.547,8.17368,5.38156,3.27846,4.91397
10.3953,12.9255,12.4098,7.99066,5.35509,3.3891,4.84744
10.4005,12.859,12.682,8.15724,5.24627,3.30571,4.81269
10.4056,12.8841,12.6468,8.03702,5.20311,3.34873,4.73819
10.4105,12.838,12.471,7.88178,5.2794,3.42761,4.72716
10.4153,12.8934,12.7794,8.06538,5.132,3.40118,4.86043
10.4204,12.8542,12.5649,7.8596,5.0949,3.48524,4.63941
10.4254,12.693,12.7478,7.99211,5.11919,3.42867,4.64766
10.4303,12.5652,11.9732,7.66837,5.22351,3.50714,4.4729
10.4352,12.5148,12.3548,8.0891,4.97884,3.29528,4.59583
10.4404,12.4982,11.8808,7.83167,5.07257,3.37876,4.68011
10.4453,12.5379,11.8462,7.77194,5.01377,3.39636,4.6631
10.4503,12.3991,11.9701,7.82959,4.918,3.34405,4.63181
10.4553,12.3385,11.5367,7.54477,4.91566,3.41458,4.54778
10.4603,12.4751,11.8526,7.80732,4.7345,3.33314,4.49555
10.4655,12.535,11.6994,7.74667,4.66993,3.31928,4.49585
10.4703,12.59,11.5018,7.64232,4.67413,3.32134,4.60824
10.4753,12.4473,11.3309,7.47785,4.7018,3.30891,4.46114
10.4804,12.4035,11.2448,7.36823,4.80906,3.30985,4.51857
10.4853,12.4358,11.3789,7.4646,4.75574,3.24161,4.5234
10.4903,12.3217,11.1233,7.28222,4.76851,3.20696,4.24614
10.4954,12.3473,11.0661,7.22817,4.81523,3.18081,4.26235
10.5003,12.3042,11.0564,7.16082,4.75215,3.13289,4.22565
10.5055,12.1873,11.288,7.2969,4.5864,2.97985,4.2846
10.5105,12.2878,11.1519,7.1993,4.52211,2.92753,4.23352
10.5153,12.0744,10.9371,7.0032,4.62366,2.87131,4.23833
10.5204,12.2748,10.8017,6.92461,4.50227,2.87282,4.31405
10.5253,12.0943,10.655,6.81575,4.6116,2.80007,4.1751
10.5304,12.1998,10.8836,6.90362,4.47427,2.72985,4.24824
10.5354,12.0752,10.9294,6.93954,4.38548,2.63795,4.22437
10.5404,12.0543,10.6458,6.73549,4.49914,2.63703,4.19017
10.5452,11.9926,10.7,6.7771,4.42602,2.60938,4.15452
10.5505,12.0016,10.7234,6.84708,4.40685,2.52356,3.99196
10.5553,11.9455,10.3007,6.56064,4.37059,2.59203,4.01026
10.5603,11.9744,10.3574,6.62111,4.28709,2.53894,3.9884
10.5654,11.8872,10.2971,6.60329,4.33813,2.51265,3.98571
10.5703,11.7432,10.1552,6.46556,4.16596,2.55364,3.89794
10.5752,11.8243,10.3478,6.56296,4.12185,2.52879,3.86518
10.5804,11.6846,10.1088,6.38582,4.2497,2.62116,3.91901
10.5854,11.57,10.1315,6.34317,4.10383,2.67177,3.91982
10.5904,11.646,10.3904,6.5335,4.14905,2.67798,3.6927
10.5953,11.5343,9.92163,6.18213,3.98287,2.82646,3.75012
10.6003,11.5327,9.72861,6.0513,4.01104,2.93832,3.69299
10.6052,11.3356,10.2688,6.3617,3.94237,2.859,3.66258
10.6103,11.3476,9.76962,6.02125,4.09566,3.04587,3.61558
10.6153,11.3508,9.63799,5.92309,4.05688,3.14018,3.57578
10.6202,11.2498,9.5126,5.76986,3.91275,3.19218,3.62506
10.6252,11.2647,9.419,5.64567,3.85314,3.23084,3.60025
10.6302,11.2538,9.16416,5.45062,3.83794,3.34757,3.48439
10.6352,10.9323,9.5193,5.63698,3.79814,3.25643,3.48303
10.6404,10.9332,9.39095,5.54887,3.79641,3.31402,3.44852
10.6454,10.8862,9.2369,5.44615,3.7311,3.3502,3.42032
10.6504,10.7397,8.99999,5.28039,3.88568,3.35445,3.27655
10.6553,10.8022,9.18339,5.41743,3.64735,3.32526,3.4091
10.6603,10.8171,9.18155,5.39068,3.62814,3.34671,3.39707
10.6654,10.6857,8.66174,5.00213,3.57916,3.52368,3.40739
10.6702,10.5707,8.99307,5.13883,3.67772,3.42817,3.21987
10.6752,10.5847,8.97667,5.0938,3.45824,3.47408,3.28534
10.6804,10.4492,9.04519,5.06335,3.54335,3.39872,3.1157
10.6853,10.4972,8.8876,4.99812,3.32238,3.39974,3.30429
10.6903,10.1687,9.06101,5.08327,3.448,3.23539,3.15032
10.6954,10.2522,8.66952,4.82707,3.27316,3.25877,3.05785
10.7003,10.2235,8.47668,4.75612,3.30114,3.25063,3.22125
10.7054,10.0311,8.32047,4.64454,3.14896,3.14134,2.94542
10.7104,9.98298,8.18191,4.56378,3.17775,3.09535,2.93095
10.7153,9.92047,8.22696,4.61214,3.14082,2.95111,2.9926
10.7205,9.81707,8.06438,4.48644,3.11384,2.93425,2.91324
10.7253,9.84621,8.01887,4.45078,3.16424,2.86263,3.03401
10.7306,9.73415,8.12383,4.49422,3.01156,2.7552,2.99685
10.7355,9.68948,8.24899,4.5489,2.89606,2.65195,2.98128
10.7406,9.61378,7.86343,4.26439,3.00152,2.62574,2.98195
10.7453,9.56315,7.98216,4.32204,2.84116,2.54477,3.01608
10.7503,9.44518,7.73249,4.20672,2.91969,2.46804,2.971
10.7552,9.26586,7.73126,4.13901,2.90783,2.3659,2.87335
10.7602,9.38499,7.32205,3.8817,2.86985,2.42546,2.91947
10.7653,9.1492,7.16646,3.76409,2.88864,2.33826,2.68273
10.7706,9.19731,7.21996,3.80297,2.8334,2.31147,2.62447
10.7753,9.03645,7.28744,3.87204,2.83453,2.19533,2.84966
10.7802,9.00429,7.13935,3.7985,2.80381,2.17108,2.79309
10.7855,8.95727,6.85246,3.59133,2.7476,2.20449,2.72458
10.7902,8.90433,6.93173,3.67843,2.70137,2.07956,2.6657
10.7953,8.70618,7.00013,3.72344,2.5684,1.96606,2.64972
10.8004,8.59745,6.57797,3.3971,2.78835,1.9665,2.57652
10.8053,8.68926,6.60914,3.43505,2.5761,1.90247,2.52756
10.8103,8.38946,6.70534,3.46594,2.52305,1.77788,2.52504
10.8154,8.35945,6.46033,3.29935,2.51661,1.80175,2.50036
10.8204,8.29584,6.26444,3.13252,2.5736,1.72802,2.42168
10.8254,8.09108,6.41336,3.22469,2.42308,1.66224,2.43884
10.8304,8.11739,5.91862,2.88888,2.44062,1.7538,2.21163
10.8352,7.94474,5.97467,2.94176,2.42052,1.59,2.31742
10.8404,7.78905,6.07099,3.00453,2.36088,1.39551,2.33488
10.8454,7.91109,5.7165,2.7608,2.29312,1.44686,2.11439
10.8503,7.78754,5.78464,2.82826,2.24106,1.36797,2.1015
10.8553,7.60666,5.72794,2.76239,2.12425,1.26713,2.16137
10.8603,7.36985,5.72185,2.70049,2.16364,1.15136,2.11428
10.8654,7.50512,5.58779,2.60786,2.02219,1.13167,2.07966
10.8703,7.41043,5.42497,2.50371,2.00138,1.11727,2.06349
10.8753,7.44469,5.59319,2.58337,1.97637,1.06662,2.03067
10.8803,7.35192,5.54075,2.48654,1.81374,0.987745,2.01524
10.8853,7.18657,5.03674,2.08116,1.82666,1.03237,2.01243
10.8903,7.26759,4.85663,1.9429,1.75269,1.04262,2.02174
10.8954,7.10855,4.87754,1.94403,1.67203,0.86673,1.93348
10.9002,7.039,4.80444,1.88751,1.59655,0.836536,2.01904
10.9055,6.97322,4.86501,1.92503,1.59476,0.702253,1.76444
10.9103,6.66941,4.77011,1.84184,1.73303,0.575504,1.95224
10.9152,6.40376,4.80181,1.86241,1.67503,0.417731,1.72032
10.9203,6.00862,4.61562,1.84261,1.70363,0.191171,1.74794
10.9252,6.01983,4.45426,1.76757,1.60998,0.173193,1.68062
10.9305,5.73616,4.49862,1.80059,1.57374,0.108561,1.7792
10.9354,5.92566,4.05129,1.49582,1.57298,0.296934,1.70368
10.9403,5.74615,4.38764,1.7135,1.39492,0.163791,1.57655
10.9452,5.68096,4.06309,1.48548,1.44152,0.228245,1.48392
10.9503,5.56069,3.74694,1.25135,1.41709,0.224252,1.49764
10.9552,5.52497,3.93048,1.35203,1.36014,0.143371,1.55422
10.9603,5.40813,3.47005,1.00772,1.33376,0.213319,1.47275
10.9653,5.39229,3.33366,0.920078,1.34226,0.189184,1.4175
10.9702,5.32675,3.49274,1.05694,1.33271,0.1164,1.42529
10.9752,5.18481,3.53023,1.07192,1.14961,-0.0191911,1.39188
10.9805,4.89503,3.33089,0.957463,1.30055,-0.15551,1.19988
10.9856,4.86048,3.37438,0.987966,1.08135,-0.22145,1.17234
10.9902,4.88111,2.76946,0.566556,1.04313,-0.152153,1.27937
10.9953,4.50082,3.07874,0.748328,1.05775,-0.407931,1.24202
11.0004,4.56675,2.60105,0.399589,1.18752,-0.326315,1.20317
11.0053,4.4239,2.73717,0.467304,0.998746,-0.452441,1.14993
11.0102,4.38321,2.31425,0.190165,0.953881,-0.39507,1.25208
11.0152,4.17775,2.35301,0.20446,0.935962,-0.382539,1.09514
11.0202,4.02905,2.43759,0.317666,0.802024,-0.524204,1.0413
11.0252,3.99249,2.22789,0.262529,0.802717,-0.543839,0.972521
11.0303,3.87052,2.07725,0.183562,0.794019,-0.508506,0.92908
11.0352,3.7788,2.16187,0.26666,0.646315,-0.654796,0.844484
11.0403,3.71916,2.07354,0.249337,0.577368,-0.633006,0.82972
11.0453,3.55888,1.72971,-0.00390526,0.623475,-0.615196,0.845232
11.0505,3.55327,1.96349,0.158107,0.451143,-0.66518,0.776967
11.0554,3.43189,1.82959,0.0758437,0.447052,-0.714032,0.771935
11.0607,3.09942,1.47663,-0.206491,0.55918,-0.822511,0.776971
11.0654,3.03729,1.45738,-0.201425,0.333998,-0.83381,0.784742
11.0703,2.92155,1.13032,-0.456919,0.379498,-0.957949,0.736958
11.0755,2.90445,0.776524,-0.686373,0.302107,-0.878061,0.745213
11.0806,2.7131,0.961278,-0.552426,0.225208,-1.10202,0.67084
11.0854,2.50641,0.948109,-0.567518,0.215385,-1.24245,0.615052
11.0905,2.29191,0.73852,-0.708695,0.185391,-1.24924,0.580605
11.0953,2.21193,0.889703,-0.588864,0.0827097,-1.3885,0.46095
11.1003,2.12441,0.488024,-0.880725,0.0770844,-1.33767,0.447308
11.1054,2.11794,0.526786,-0.82652,0.131781,-1.38034,0.437109
11.1103,2.07937,0.425751,-0.908766,-0.068302,-1.3845,0.340082
11.1153,1.6643,0.437337,-0.952569,0.0432245,-1.50261,0.29546
11.1203,1.66424,0.0802283,-1.22155,0.0120363,-1.42734,0.316608
11.1252,1.70907,0.196281,-1.17729,-0.0442477,-1.43433,0.230517
11.1305,1.46736,-0.0633593,-1.38817,0.0928693,-1.40926,0.250095
11.1354,1.1698,-0.326821,-1.41327,0.0267307,-1.50192,0.221131
11.1403,1.11983,-0.346971,-1.332,-0.190208,-1.55075,0.187064
11.1453,0.979048,-0.282425,-1.28296,-0.143609,-1.70916,0.135708
11.1504,0.900003,-0.492154,-1.44139,-0.319148,-1.71984,0.0695293
11.1553,0.597942,-0.419819,-1.37489,-0.186288,-1.86155,0.0316816
11.1603,0.628632,-0.520242,-1.48521,-0.327763,-1.80684,-0.0318786
11.1654,0.535557,-0.61668,-1.59896,-0.336592,-1.87288,-0.0287838
11.1702,0.46848,-0.834781,-1.79123,-0.536209,-1.87131,-0.036074
11.1752,0.215393,-0.988079,-1.92447,-0.36119,-1.92063,-0.105279
11.1803,0.284387,-1.04116,-1.96642,-0.490533,-1.93253,-0.186546
11.1853,0.101961,-1.14256,-2.10911,-0.509324,-2.00333,-0.297293
11.1904,-0.0868795,-1.04978,-2.10195,-0.56939,-2.15635,-0.299175
11.1953,-0.233059,-1.22218,-2.21868,-0.557894,-2.15574,-0.348036
11.2004,-0.290554,-1.55672,-2.37293,-0.656961,-2.05534,-0.323443
11.2053,-0.559692,-1.78876,-2.56801,-0.657124,-2.11902,-0.329442
11.2103,-0.603331,-1.69759,-2.46608,-0.712455,-2.18425,-0.389727
11.2153,-0.715717,-1.81738,-2.54819,-0.775762,-2.26253,-0.503473
11.2202,-0.84217,-2.08213,-2.73372,-0.745139,-2.30784,-0.627793
11.2253,-1.04587,-2.18022,-2.83525,-1.01531,-2.43071,-0.715932
11.2303,-1.17668,-2.25381,-2.90527,-1.02147,-2.41174,-0.834649
11.2352,-1.17821,-2.31796,-2.90995,-0.982397,-2.46648,-0.944376
11.2403,-1.28713,-2.36197,-2.96416,-1.12551,-2.45218,-1.04391
11.2453,-1.62757,-2.34341,-2.94811,-1.18967,-2.61114,-1.13651
11.2502,-1.64791,-2.32277,-2.95893,-1.30847,-2.59159,-1.18147
11.2552,-1.67671,-2.57037,-3.05322,-1.32298,-2.67272,-1.21424
11.2602,-1.80197,-2.8156,-3.29036,-1.45233,-2.586,-1.24207
11.2652,-1.99709,-2.92071,-3.34462,-1.43685,-2.65048,-1.22674
11.2702,-2.11558,-2.96744,-3.35764,-1.46658,-2.77623,-1.19921
11.2753,-2.39027,-2.90231,-3.29323,-1.5274,-2.89531,-1.1198
11.2803,-2.35953,-3.00497,-3.35785,-1.46556,-2.90947,-1.03335
11.2853,-2.50494,-3.30013,-3.54714,-1.54996,-2.93523,-1.00102
11.2902,-2.74128,-3.3042,-3.60123,-1.5688,-2.99083,-0.983988
11.2953,-2.79272,-3.46077,-3.66961,-1.55002,-3.02203,-0.995074
11.3002,-2.91159,-3.66351,-3.79097,-1.60001,-3.02416,-0.949234
11.3053,-3.06868,-3.79692,-3.87423,-1.61287,-3.07241,-1.04247
11.3102,-3.23527,-3.75734,-3.80979,-1.68055,-3.14499,-1.1665
11.3153,-3.23174,-3.92687,-3.92464,-1.76677,-3.13757,-1.20161
11.3204,-3.3063,-4.11308,-4.05026,-1.67539,-3.03725,-1.2985
11.3254,-3.48627,-4.23757,-4.09564,-1.79936,-3.19439,-1.33357
11.3304,-3.47751,-4.30496,-4.13454,-1.80429,-3.1482,-1.38197
11.3353,-3.65452,-4.22437,-4.08145,-1.96635,-3.19082,-1.44877
11.3406,-3.83766,-4.66052,-4.35077,-1.81792,-3.12801,-1.38206
11.3453,-4.08282,-4.8067,-4.52327,-1.96203,-3.16784,-1.42277
11.3502,-4.07517,-4.72925,-4.41645,-1.99756,-3.29775,-1.46149
11.3552,-4.17844,-4.98899,-4.59348,-1.94407,-3.21156,-1.60502
11.3603,-4.49584,-5.00899,-4.54089,-2.12327,-3.42158,-1.65717
11.3652,-4.63417,-5.17175,-4.64332,-2.16065,-3.51296,-1.74446
11.3703,-4.5829,-5.2297,-4.66306,-2.17404,-3.56757,-1.7141
11.3753,-4.7264,-5.33688,-4.75152,-2.2165,-3.63659,-1.77155
11.3804,-4.78002,-5.59679,-4.93725,-2.29363,-3.50309,-1.66017
11.3855,-4.887,-5.70914,-4.96109,-2.32348,-3.56399,-1.77443
11.3905,-4.79337,-5.81699,-5.02551,-2.3199,-3.52821,-1.77563
11.3953,-4.93307,-5.98487,-5.12441,-2.28819,-3.41667,-1.77288
11.4003,-5.14341,-5.8863,-5.13233,-2.41436,-3.57095,-1.87368
11.4053,-5.25584,-6.19089,-5.35106,-2.35901,-3.62092,-1.82325
11.4102,-5.34173,-5.94298,-5.21424,-2.55261,-3.71929,-1.91136
11.4155,-5.52325,-6.28095,-5.46916,-2.43291,-3.72466,-1.89267
11.4204,-5.81332,-6.18054,-5.34395,-2.60141,-4.02474,-2.00925
11.4254,-5.93629,-6.55817,-5.53239,-2.53902,-3.9926,-2.12006
11.4303,-6.04939,-6.52265,-5.45776,-2.68325,-4.06781,-2.09677
11.4352,-6.12962,-6.77172,-5.62424,-2.69559,-3.84346,-2.1338
11.4404,-6.07181,-6.93639,-5.74024,-2.73197,-3.76111,-2.206
11.4453,-6.27557,-6.88203,-5.65686,-2.79278,-3.81766,-2.26206
11.4503,-6.4183,-7.11549,-5.76834,-2.93113,-3.87683,-2.2239
11.4553,-6.3498,-7.04113,-5.66661,-2.99719,-3.85893,-2.35354
11.4602,-6.59299,-7.09622,-5.64848,-3.02703,-4.06063,-2.40106
11.4655,-6.7167,-7.41598,-5.8936,-2.98048,-3.94337,-2.4671
11.4703,-6.88583,-7.22864,-5.74725,-2.90398,-4.04876,-2.42743
11.4754,-6.98122,-7.40975,-5.85085,-2.89322,-4.11719,-2.48516
11.4806,-7.06567,-7.79267,-6.04018,-3.10049,-4.12664,-2.54408
11.4856,-7.22235,-7.96467,-6.12678,-3.10473,-4.12699,-2.64031
11.4905,-7.40622,-8.32386,-6.37759,-3.03862,-4.06986,-2.74685
11.4956,-7.29287,-8.40943,-6.3922,-3.10745,-4.02964,-2.77884
11.5003,-7.4065,-8.22834,-6.24972,-3.06932,-4.1648,-2.77472
11.5054,-7.58453,-8.80234,-6.61149,-3.08792,-4.14788,-2.8289
11.5103,-7.62539,-8.48191,-6.36301,-3.15197,-4.27049,-2.90962
11.5155,-7.72577,-8.7488,-6.50298,-3.1941,-4.29192,-2.83773
11.5205,-7.7892,-8.84227,-6.61464,-3.14584,-4.25888,-2.90664
11.5253,-8.00165,-8.69983,-6.48032,-3.18918,-4.40365,-3.04133
11.5304,-8.2604,-8.80233,-6.59048,-3.23014,-4.49136,-2.98615
11.5355,-8.29522,-9.08056,-6.77491,-3.1637,-4.52858,-3.09002
11.5404,-8.26396,-8.88718,-6.66725,-3.29529,-4.45432,-2.94803
11.5453,-8.43389,-9.23393,-6.87174,-3.36761,-4.44746,-3.11595
11.5503,-8.50133,-9.49503,-7.06556,-3.33561,-4.43186,-3.15623
11.5553,-8.56152,-9.31853,-6.86875,-3.3493,-4.42128,-3.25668
11.5606,-8.73629,-9.64241,-7.09932,-3.37391,-4.38937,-3.34117
11.5653,-8.85848,-9.78805,-7.14899,-3.4454,-4.41556,-3.30262
11.5703,-9.01075,-9.80395,-7.16809,-3.28292,-4.62481,-3.3152
11.5753,-9.05828,-9.67875,-7.08377,-3.5421,-4.69175,-3.37005
11.5804,-9.26673,-10.0459,-7.30235,-3.47405,-4.73945,-3.41822
11.5853,-9.33952,-9.92123,-7.19016,-3.6388,-4.76754,-3.43022
11.5904,-9.31245,-10.1674,-7.35664,-3.62799,-4.77848,-3.46413
11.5953,-9.48647,-10.166,-7.35811,-3.66901,-4.80782,-3.49819
11.6005,-9.6623,-10.2086,-7.39779,-3.71711,-4.89448,-3.45326
11.6053,-9.73466,-10.3098,-7.45694,-3.81702,-4.84568,-3.55948
11.6103,-9.81391,-10.2755,-7.45514,-3.83175,-4.90536,-3.56503
11.6154,-9.85917,-10.423,-7.51766,-3.66698,-4.96326,-3.55149
11.6203,-9.98633,-10.6234,-7.6378,-3.81985,-5.03064,-3.5742
11.6254,-10.1361,-10.637,-7.63855,-3.72927,-5.05051,-3.65753
11.6304,-10.283,-10.597,-7.51244,-3.81571,-5.31299,-3.5642
11.6356,-10.2546,-11.2116,-7.93307,-3.86122,-5.01975,-3.62751
11.6403,-10.408,-11.1488,-7.85381,-3.91156,-4.99707,-3.54515
11.6453,-10.5431,-11.2504,-7.91707,-3.9293,-4.91584,-3.55377
11.6503,-10.6457,-11.4003,-7.99712,-3.88059,-4.96496,-3.72574
11.6553,-10.6664,-11.3222,-7.94644,-3.84813,-4.8716,-3.8125
11.6604,-10.8706,-11.4076,-8.00113,-3.9169,-4.92513,-3.87709
11.6652,-10.8456,-11.4487,-7.98531,-3.91249,-4.89892,-3.90663
11.6703,-11.02,-11.5236,-8.03799,-3.93681,-5.16447,-3.86621
11.6753,-11.0889,-11.8524,-8.25176,-4.06099,-5.05031,-3.88781
11.6803,-11.1359,-11.9979,-8.30255,-4.17775,-5.13971,-3.9886
11.6853,-11.0749,-11.9569,-8.28156,-4.14896,-5.03991,-4.00348
11.6904,-11.3291,-12.0132,-8.33126,-4.07566,-5.05095,-3.94854
11.6953,-11.4828,-12.1547,-8.4295,-4.105,-5.03066,-4.04114
11.7003,-11.5778,-12.3463,-8.52541,-4.25876,-5.15909,-4.10411
11.7053,-11.4766,-12.2193,-8.41586,-4.27669,-5.12342,-4.24061
11.7103,-11.5528,-12.1617,-8.33007,-4.18121,-5.17518,-4.16875
11.7154,-11.7838,-12.3781,-8.48654,-4.29176,-5.27874,-4.11321
11.7204,-11.8034,-12.44,-8.469,-4.3212,-5.29255,-4.10904
11.7255,-11.6504,-12.6097,-8.5758,-4.37386,-5.10036,-4.09018
11.7304,-11.9384,-12.6542,-8.54448,-4.36672,-5.30091,-4.23263
11.7354,-12.0066,-12.6884,-8.57025,-4.43079,-5.22257,-4.30574
11.7405,-12.1595,-12.8506,-8.74466,-4.38823,-5.22362,-4.10974
11.7454,-12.174,-12.9074,-8.73373,-4.48133,-5.2391,-4.28563
11.7503,-12.1467,-13.1513,-8.91361,-4.55554,-5.15442,-4.3427
11.7553,-12.1979,-13.0394,-8.80587,-4.51777,-5.1562,-4.34703
11.7603,-12.4687,-13.0399,-8.8085,-4.59285,-5.35465,-4.4375
11.7652,-12.5103,-13.132,-8.85539,-4.59059,-5.38727,-4.40518
11.7703,-12.475,-13.3219,-8.94953,-4.64079,-5.30758,-4.23943
11.7753,-12.5205,-13.4054,-9.01573,-4.66429,-5.33417,-4.2907
11.7806,-12.6161,-13.3304,-8.94219,-4.67751,-5.38242,-4.25151
11.7854,-12.6636,-13.5953,-9.10569,-4.73674,-5.34846,-4.29781
11.7907,-12.6881,-13.4327,-8.98185,-4.76166,-5.41704,-4.26844
11.7953,-12.7802,-13.7722,-9.18582,-4.77042,-5.42742,-4.31634
11.8003,-12.785,-13.8853,-9.25406,-4.78007,-5.36406,-4.38314
11.8053,-12.8913,-13.8284,-9.22395,-4.79018,-5.41449,-4.38116
11.8103,-13.0518,-13.9906,-9.34347,-4.79761,-5.42774,-4.49376
11.8153,-13.0433,-13.741,-9.20609,-4.80858,-5.50366,-4.53047
11.8203,-13.1621,-13.9082,-9.31586,-4.86195,-5.47571,-4.33803
11.8254,-13.2074,-13.7623,-9.21438,-4.86969,-5.58893,-4.23966
11.8303,-13.194,-13.966,-9.33036,-4.89062,-5.49207,-4.36503
11.8353,-13.3455,-14.1102,-9.37756,-4.93371,-5.58973,-4.36799
11.8404,-13.3739,-14.1618,-9.43293,-4.95442,-5.41183,-4.40007
11.8455,-13.4085,-14.3903,-9.5812,-4.99243,-5.3613,-4.52418
11.8504,-13.3034,-14.3797,-9.57825,-5.02298,-5.34336,-4.44663
11.8554,-13.465,-14.3508,-9.53599,-5.01887,-5.43544,-4.49027
11.8602,-13.5625,-14.4293,-9.56548,-5.02474,-5.46575,-4.46813
11.8653,-13.5708,-14.3781,-9.52686,-5.04635,-5.45181,-4.57582
11.8705,-13.5938,-14.7377,-9.73442,-5.0364,-5.3799,-4.53084
11.8753,-13.7386,-14.8395,-9.77613,-5.02664,-5.44586,-4.68726
11.8803,-13.6581,-14.6763,-9.68717,-5.01208,-5.4803,-4.67882
11.8853,-13.7186,-14.7677,-9.78337,-5.01129,-5.41704,-4.56799
11.8904,-13.753,-14.8433,-9.84999,-5.04751,-5.45519,-4.59233
11.8954,-13.9031,-14.841,-9.87805,-5.06823,-5.47952,-4.66413
11.9004,-13.9172,-14.786,-9.89122,-5.06163,-5.4339,-4.85807
11.9055,-14.0611,-14.9554,-10.0032,-5.12276,-5.54496,-4.92534
11.9105,-14.07,-14.9884,-10.0591,-5.14677,-5.57437,-4.80141
11.9153,-14.0985,-14.8763,-10.0127,-5.16747,-5.52689,-4.70046
11.9203,-14.1513,-14.6943,-9.80711,-5.17913,-5.66479,-4.93797
11.9252,-14.1469,-14.8594,-9.79817,-5.27071,-5.80861,-5.05441
11.9302,-14.2685,-15.0086,-9.8333,-5.38814,-5.75313,-5.00885
11.9353,-14.2182,-15.0367,-9.81136,-5.54007,-5.7184,-4.98916
11.9403,-14.188,-14.9555,-9.72524,-5.63102,-5.71759,-5.04936
11.9452,-14.3213,-15.1418,-9.79676,-5.69734,-5.64024,-4.97905
11.9503,-14.3193,-15.2455,-9.83963,-5.73584,-5.55449,-5.00271
11.9553,-14.3582,-15.3629,-9.88039,-5.79412,-5.53899,-4.94855
11.9602,-14.247,-15.2461,-9.7772,-5.85237,-5.54122,-4.9822
11.9654,-14.347,-15.3841,-9.8152,-5.9178,-5.57751,-5.12211
11.9702,-14.2542,-15.4678,-9.87412,-5.99146,-5.48393,-4.98971
11.9753,-14.3561,-15.4538,-9.85238,-6.02094,-5.54258,-5.12264
11.9803,-14.3491,-15.5422,-9.92179,-6.05311,-5.48325,-5.1692
11.9856,-14.2491,-15.5506,-9.97206,-6.08926,-5.39738,-5.10715
11.9904,-14.3813,-15.6948,-10.0691,-6.13556,-5.42724,-5.05101
11.9953,-14.5293,-15.8736,-10.1639,-6.14571,-5.41453,-5.02848
12.0006,-14.425,-15.6772,-10.0575,-6.13746,-5.45012,-5.09749
12.0056,-14.3939,-15.6641,-10.0794,-6.08132,-5.34774,-5.07117
12.0104,-14.48,-15.7148,-10.1105,-6.15556,-5.48012,-5.17162
12.0154,-14.4552,-15.71,-10.1412,-6.14187,-5.41354,-5.14252
12.0202,-14.5137,-15.845,-10.2183,-6.1772,-5.37929,-5.17463
12.0253,-14.473,-15.6971,-10.1451,-6.18868,-5.39834,-5.14375
12.0303,-14.4421,-15.7625,-10.1867,-6.1886,-5.29101,-5.13359
12.0352,-14.5054,-15.7891,-10.1789,-6.17683,-5.31747,-5.09995
12.0404,-14.6267,-15.8559,-10.2051,-6.20331,-5.33478,-5.08204
12.0453,-14.7188,-15.8489,-10.2065,-6.1758,-5.30673,-5.09288
12.0505,-14.7185,-15.8908,-10.1911,-6.13561,-5.3701,-5.13173
12.0553,-14.6321,-15.8179,-10.1048,-6.09778,-5.4044,-5.19027
12.0602,-14.6317,-15.861,-10.1438,-6.07778,-5.36985,-5.08518
12.0654,-14.5762,-15.757,-10.0552,-6.09488,-5.57844,-5.0882
12.0702,-14.6444,-15.9108,-10.1965,-6.0903,-5.47667,-5.13004
12.0752,-14.6114,-15.919,-10.256,-6.08183,-5.43252,-5.10179
12.0803,-14.6032,-15.7424,-10.1748,-6.0551,-5.4358,-5.32351
12.0853,-14.6696,-15.9818,-10.2771,-6.1362,-5.37489,-5.13559
12.0903,-14.7253,-16.0621,-10.3688,-6.07925,-5.3446,-5.21434
12.0952,-14.6472,-15.8987,-10.2607,-6.14458,-5.29322,-5.26351
12.1003,-14.6611,-15.8337,-10.2234,-6.12511,-5.27555,-5.15042
12.1054,-14.606,-15.8891,-10.2458,-6.10547,-5.22447,-5.14547
12.1104,-14.6566,-15.8544,-10.1858,-6.09232,-5.2488,-5.05384
12.1153,-14.6006,-15.9695,-10.269,-6.07471,-5.15832,-5.09984
12.1202,-14.5336,-16.0537,-10.3147,-6.14138,-5.09136,-5.18116
12.1252,-14.5719,-15.9421,-10.2132,-6.0935,-5.04407,-5.23735
12.1305,-14.4814,-16.0351,-10.2404,-6.09536,-5.05493,-5.14743
12.1354,-14.4757,-15.9524,-10.2389,-6.07849,-4.93729,-5.15148
12.1402,-14.599,-16.0603,-10.2817,-6.13137,-4.96448,-5.20698
12.1453,-14.5906,-16.1168,-10.3494,-6.02007,-4.92714,-5.01432
12.1503,-14.6367,-16.1094,-10.3596,-6.07273,-4.95858,-5.11202
12.1552,-14.4446,-15.8556,-10.2235,-5.99332,-4.96232,-5.07985
12.1604,-14.4716,-15.8498,-10.2667,-6.10317,-4.99799,-5.13387
12.1657,-14.4235,-15.9483,-10.3509,-6.07942,-4.97198,-5.12346
12.1703,-14.4302,-15.9887,-10.4027,-5.96251,-4.9163,-5.06714
12.1754,-14.443,-15.9173,-10.3771,-5.98127,-4.86294,-5.02896
12.1806,-14.5042,-15.8673,-10.3599,-5.95162,-4.87252,-5.0441
12.1854,-14.4015,-15.6852,-10.2779,-6.02352,-4.85173,-5.08161
12.1906,-14.3908,-15.7017,-10.3117,-5.99924,-4.79412,-5.07792
12.1953,-14.447,-15.7382,-10.3447,-5.93983,-4.78722,-5.08341
12.2003,-14.4435,-15.7396,-10.3188,-5.96174,-4.70935,-5.00573
12.2053,-14.3379,-15.4777,-10.1451,-5.95118,-4.65939,-5.03441
12.2103,-14.3493,-15.5891,-10.1754,-5.85069,-4.63388,-4.98084
12.2153,-14.3304,-15.6536,-10.1778,-5.79244,-4.52122,-4.95281
12.2203,-14.244,-15.5466,-10.1068,-5.79526,-4.44823,-5.08342
12.2253,-14.318,-15.7699,-10.2639,-5.96962,-4.45749,-4.9162
12.2303,-14.2298,-15.6116,-10.0999,-5.92031,-4.45276,-4.9474
12.2353,-14.1723,-15.545,-10.0892,-5.88835,-4.46222,-4.93341
12.2405,-14.1496,-15.5926,-10.091,-5.7205,-4.33336,-4.83548
12.2454,-14.0391,-15.3541,-9.95794,-5.76457,-4.33859,-4.94577
12.2504,-14.0763,-15.4189,-9.99266,-5.85534,-4.16954,-4.84636
12.2553,-14.1181,-15.4933,-10.0931,-5.86416,-4.03931,-4.85136
12.2603,-14.0865,-15.4495,-10.0395,-5.82385,-3.96856,-4.71552
12.2653,-13.9951,-15.3863,-10.0205,-5.73092,-3.88599,-4.81388
12.2702,-13.9637,-15.2974,-10.0035,-5.74257,-3.80806,-4.78281
12.2753,-13.9753,-15.3316,-10.0522,-5.79385,-3.74473,-4.80063
12.2806,-13.9235,-15.3935,-10.1107,-5.91494,-3.64747,-4.74667
12.2853,-13.8948,-15.3577,-10.1256,-5.90328,-3.57996,-4.8052
12.2902,-13.8337,-15.1957,-10.0292,-5.81216,-3.53552,-4.76637
12.2954,-13.7259,-14.9193,-9.87736,-5.69339,-3.48279,-4.71649
12.3003,-13.8321,-15.1,-9.95506,-5.84249,-3.48608,-4.7712
12.3053,-13.7494,-15.1702,-10.0076,-5.65754,-3.42365,-4.74799
12.3103,-13.6473,-15.1059,-9.92227,-5.66704,-3.49827,-4.78483
12.3152,-13.6496,-15.1012,-9.90647,-5.64092,-3.61626,-4.77014
12.3204,-13.6729,-15.1235,-9.92842,-5.78995,-3.75005,-4.77409
12.3254,-13.5695,-15.0478,-9.88174,-5.64997,-3.88119,-4.77626
12.3304,-13.4653,-14.8514,-9.75218,-5.51129,-4.00925,-4.74943
12.3353,-13.4472,-14.8581,-9.76237,-5.57208,-4.0722,-4.67492
12.3403,-13.4729,-15.0569,-9.90422,-5.64038,-4.06391,-4.66641
12.3452,-13.4481,-14.8246,-9.75753,-5.73564,-4.1369,-4.67726
12.3502,-13.3764,-14.6721,-9.70127,-5.70447,-4.12015,-4.62183
12.3552,-13.3508,-14.8362,-9.78523,-5.63389,-4.07923,-4.61247
12.3604,-13.2756,-14.5595,-9.58176,-5.47394,-4.07515,-4.5459
12.3654,-13.1608,-14.4818,-9.57123,-5.47923,-4.00894,-4.62842
12.3702,-13.2173,-14.476,-9.567,-5.5382,-4.04829,-4.60566
12.3752,-13.1474,-14.3637,-9.52552,-5.39316,-4.04464,-4.55313
12.3802,-13.0854,-14.3185,-9.54177,-5.29736,-4.03583,-4.63742
12.3852,-13.0749,-14.304,-9.54466,-5.29688,-3.97065,-4.50537
12.3903,-13.0464,-14.3283,-9.57658,-5.21596,-3.90456,-4.59027
12.3953,-13.0033,-14.387,-9.62098,-5.13099,-3.89002,-4.51052
12.4003,-12.9063,-14.1608,-9.46827,-4.98313,-3.91184,-4.47147
12.4053,-12.8966,-14.0766,-9.35567,-4.93028,-4.0047,-4.42132
12.4102,-12.8583,-14.0705,-9.32401,-5.15329,-4.09328,-4.45762
12.4155,-12.8499,-14.0673,-9.27273,-5.05299,-4.08757,-4.4045
12.4203,-12.7433,-13.7391,-9.02198,-4.90359,-4.11447,-4.3683
12.4252,-12.7106,-13.7486,-8.99041,-4.84993,-4.10566,-4.32197
12.4303,-12.6653,-13.8761,-9.06849,-4.97515,-4.05377,-4.37591
12.4353,-12.5759,-13.8118,-9.06374,-4.95191,-3.89926,-4.33254
12.4405,-12.5015,-13.8655,-9.16321,-4.96151,-3.6539,-4.34139
12.4453,-12.3821,-13.5962,-9.02824,-4.9464,-3.673,-4.31595
12.4503,-12.3832,-13.6576,-9.11297,-4.9995,-3.54038,-4.27477
12.4553,-12.4195,-13.6877,-9.17087,-4.90934,-3.48986,-4.32075
12.4603,-12.2633,-13.5089,-9.07496,-4.90984,-3.33758,-4.3246
12.4655,-12.2303,-13.4334,-9.02685,-4.91721,-3.25795,-4.31069
12.4703,-12.1357,-13.3952,-9.01474,-4.76424,-3.15429,-4.28204
12.4753,-11.9626,-13.1515,-8.84734,-4.69917,-3.11043,-4.22587
12.4803,-12.057,-13.2299,-8.90349,-4.66938,-3.01321,-4.17946
12.4855,-11.8826,-13.1638,-8.84693,-4.76059,-2.93473,-4.16852
12.4904,-11.8502,-13.1807,-8.81423,-4.73201,-2.89622,-4.05968
12.4953,-11.784,-13.0718,-8.73202,-4.6962,-2.82361,-3.96413
12.5002,-11.7336,-12.9853,-8.67168,-4.71898,-2.87656,-4.02112
12.5053,-11.706,-12.9997,-8.70687,-4.49842,-2.71226,-4.01467
12.5104,-11.6332,-12.8629,-8.58288,-4.45188,-2.76253,-3.96254
12.5154,-11.5299,-12.8505,-8.5773,-4.48981,-2.67782,-3.93428
12.5203,-11.5109,-12.8187,-8.57802,-4.52133,-2.64928,-3.84654
12.5254,-11.438,-12.7189,-8.53636,-4.51047,-2.64163,-3.7567
12.5303,-11.2842,-12.5115,-8.40755,-4.39277,-2.62169,-3.78632
12.5353,-11.2521,-12.4876,-8.40152,-4.46241,-2.59793,-3.81072
12.5403,-11.1976,-12.4705,-8.40181,-4.43363,-2.55272,-3.77669
12.5453,-11.2246,-12.4113,-8.37486,-4.40802,-2.51382,-3.7472
12.5505,-11.1137,-12.1425,-8.23119,-4.35858,-2.45897,-3.69169
12.5552,-11.0783,-12.0122,-8.19514,-4.3275,-2.36153,-3.63691
12.5602,-11.0883,-12.0443,-8.23689,-4.37306,-2.29833,-3.64023
12.5655,-10.9907,-11.9152,-8.17084,-4.2851,-2.17864,-3.63708
12.5702,-10.9388,-11.7953,-8.11598,-4.26399,-2.08122,-3.61514
12.5753,-10.8513,-11.5715,-7.94418,-4.2736,-2.15909,-3.65387
12.5804,-10.7402,-11.534,-7.93032,-4.25104,-1.94341,-3.63164
12.5853,-10.5927,-11.3655,-7.78901,-4.2652,-2.00653,-3.65217
12.5905,-10.5622,-11.3261,-7.75009,-4.2588,-1.95575,-3.6401
12.5955,-10.4842,-11.263,-7.67839,-4.29853,-1.87858,-3.60028
12.6003,-10.4389,-11.1923,-7.59815,-4.16186,-1.82023,-3.58333
12.6053,-10.3665,-11.1928,-7.57868,-4.16498,-1.84328,-3.56103
12.6103,-10.261,-11.1096,-7.51312,-4.11865,-1.74271,-3.52934
12.6154,-10.2071,-11.0403,-7.42882,-4.13738,-1.6388,-3.48328
12.6204,-10.0831,-10.806,-7.1976,-3.93831,-1.65089,-3.45646
12.6253,-10.0079,-10.8255,-7.13401,-3.8496,-1.4595,-3.37684
12.6305,-9.95386,-10.7535,-7.02708,-3.84308,-1.35512,-3.36842
12.6352,-9.81389,-10.8268,-7.07026,-3.91539,-1.19508,-3.37422
12.6406,-9.73111,-10.7018,-7.00714,-3.78607,-1.07487,-3.34679
12.6453,-9.70538,-10.6012,-6.99695,-3.77905,-0.998619,-3.3632
12.6504,-9.63607,-10.3806,-6.9139,-3.66956,-1.08398,-3.39283
12.6557,-9.5631,-10.3175,-6.94911,-3.57632,-0.994126,-3.39675
12.6603,-9.44054,-10.1924,-6.92443,-3.54395,-0.859229,-3.4206
12.6655,-9.41406,-10.0946,-6.87322,-3.50274,-0.757567,-3.37977
12.6703,-9.36643,-9.90725,-6.78945,-3.57008,-0.689233,-3.4185
12.6753,-9.28817,-9.68985,-6.67161,-3.50138,-0.628067,-3.39185
12.6804,-9.23946,-9.58375,-6.59076,-3.49162,-0.53958,-3.35229
12.6853,-9.17896,-9.57479,-6.57598,-3.45657,-0.470623,-3.36274
12.6904,-9.14511,-9.47107,-6.48411,-3.46311,-0.472138,-3.35702
12.6952,-9.03879,-9.42702,-6.42194,-3.51037,-0.319493,-3.36516
12.7002,-8.99253,-9.38284,-6.32205,-3.36266,-0.313989,-3.39293
12.7054,-8.91303,-9.17406,-6.11847,-3.27909,-0.274573,-3.31571
12.7103,-8.7922,-8.93953,-5.92662,-3.3592,-0.249664,-3.33009
12.7153,-8.67137,-8.99989,-5.92656,-3.3353,-0.145898,-3.15657
12.7203,-8.64455,-8.92507,-5.7962,-3.24003,-0.153812,-3.08406
12.7254,-8.47404,-8.84476,-5.69092,-3.25104,-0.12113,-3.06357
12.7305,-8.45144,-8.78836,-5.60685,-3.27267,-0.145579,-2.98173
12.7353,-8.32865,-8.6887,-5.50403,-3.25407,-0.0358918,-2.93915
12.7403,-8.27974,-8.57815,-5.39598,-3.25734,0.044307,-2.95952
12.7453,-8.20867,-8.56306,-5.33858,-3.03897,0.0418338,-2.95291
12.7503,-8.1487,-8.3639,-5.18532,-3.09535,0.0739832,-2.84649
12.7553,-8.06604,-8.30032,-5.13898,-3.0748,0.169917,-2.98597
12.7603,-7.98377,-8.04203,-4.98973,-3.02922,0.262934,-2.90163
12.7654,-7.95169,-7.93497,-4.93318,-2.96683,0.206374,-2.74088
12.7703,-7.89719,-7.91715,-4.96434,-2.96284,0.423498,-2.82754
12.7753,-7.7688,-7.75918,-4.85497,-2.96732,0.374796,-2.76344
12.7804,-7.70257,-7.72452,-4.84547,-2.90262,0.543894,-2.72506
12.7853,-7.59303,-7.36739,-4.62402,-2.85605,0.560346,-2.55735
12.7903,-7.44739,-7.20492,-4.50453,-2.65539,0.580589,-2.57765
12.7955,-7.36518,-7.12688,-4.43531,-2.60698,0.64633,-2.50865
12.8004,-7.33951,-7.22107,-4.47389,-2.60562,0.700467,-2.45154
12.8053,-7.26887,-7.18051,-4.46156,-2.62351,0.826106,-2.3078
12.8104,-7.1925,-6.85692,-4.23539,-2.56484,0.786734,-2.35477
12.8153,-7.10247,-6.79747,-4.17044,-2.58205,0.806288,-2.26102
12.8203,-6.98848,-6.75944,-4.13927,-2.72728,0.831192,-2.16326
12.8253,-6.90173,-6.62007,-4.03142,-2.75715,0.865185,-2.12478
12.8303,-6.82099,-6.69378,-4.03561,-2.5249,1.02816,-2.08815
12.8353,-6.70066,-6.47374,-3.83579,-2.5355,1.00021,-2.0946
12.8403,-6.59516,-6.40821,-3.73534,-2.40996,1.13986,-1.98338
12.8455,-6.53841,-6.45445,-3.74661,-2.50827,1.18231,-1.98556
12.8504,-6.43954,-6.2296,-3.56787,-2.38938,1.19264,-1.95233
12.8553,-6.35233,-6.01756,-3.39618,-2.46487,1.10435,-1.8959
12.8603,-6.27149,-5.99245,-3.39186,-2.42102,1.26469,-1.89461
12.8655,-6.21382,-5.99147,-3.38384,-2.40467,1.33373,-1.802
12.8703,-6.13301,-5.98506,-3.40516,-2.39303,1.46571,-1.77063
12.8753,-6.01422,-5.66079,-3.27167,-2.29086,1.58221,-1.74273
12.8805,-5.93617,-5.57296,-3.23466,-2.27477,1.61805,-1.66211
12.8853,-5.86397,-5.58415,-3.314,-2.22779,1.79889,-1.56291
12.8905,-5.77359,-5.32824,-3.17756,-2.02437,1.84957,-1.43283
12.8955,-5.62406,-5.08173,-3.03671,-1.98535,1.79784,-1.44706
12.9003,-5.55563,-4.96402,-2.97853,-2.06902,1.71336,-1.34894
12.9053,-5.41957,-4.61272,-2.77764,-1.97519,1.66523,-1.34793
12.9103,-5.38337,-4.79736,-2.9091,-1.67858,1.8109,-1.35891
12.9153,-5.22939,-4.37589,-2.63405,-1.75491,1.57868,-1.35401
12.9206,-5.08415,-4.2442,-2.51479,-1.71741,1.68282,-1.31378
12.9254,-4.93707,-4.20082,-2.46732,-1.63731,1.92747,-1.33723
12.9305,-4.74879,-4.07667,-2.38453,-1.77343,2.07214,-1.23183
12.9355,-4.59674,-4.07657,-2.32304,-1.70467,2.19898,-1.27802
12.9404,-4.44613,-3.96051,-2.21895,-1.55135,2.25273,-1.23355
12.9453,-4.23907,-3.59862,-1.95613,-1.49823,2.2259,-1.22877
12.9503,-4.18863,-3.93682,-2.13454,-1.42815,2.48593,-1.16348
12.9553,-4.01916,-3.56244,-1.87901,-1.52155,2.52213,-1.0476
12.9604,-3.89072,-3.40395,-1.71884,-1.43463,2.55398,-1.01023
12.9654,-3.7709,-3.54042,-1.77071,-1.42123,2.74167,-0.972193
12.9704,-3.63923,-3.44159,-1.68124,-1.41316,2.80259,-0.895873
12.9753,-3.49002,-3.28521,-1.53868,-1.38485,2.76533,-0.970667
12.9803,-3.42084,-3.2102,-1.43786,-1.3247,2.8456,-0.897654
12.9855,-3.27581,-2.83714,-1.17914,-1.22322,2.81375,-0.752725
12.9903,-3.18418,-2.94551,-1.22677,-1.19041,2.78234,-0.763508
12.9952,-3.06411,-2.75345,-1.12843,-1.17061,2.82697,-0.786974
13.0004,-2.92138,-2.65383,-1.09649,-1.12817,2.8569,-0.787302
13.0055,-2.85128,-2.59603,-1.10319,-1.09777,2.99818,-0.715126
13.0107,-2.70016,-2.44362,-1.01375,-1.06294,3.15377,-0.550915
13.0152,-2.61382,-2.2281,-0.888106,-1.07928,3.14994,-0.539668
13.0202,-2.46535,-2.0357,-0.779225,-1.04055,3.16921,-0.440394
13.0253,-2.35497,-1.82694,-0.666712,-1.0619,3.14007,-0.358362
13.0304,-2.26499,-1.7453,-0.655237,-0.999948,3.18719,-0.253507
13.0354,-2.15736,-1.57538,-0.558319,-0.990824,3.24992,-0.3168
13.0403,-1.96777,-1.33502,-0.440864,-0.939297,3.21247,-0.255266
13.0453,-1.90458,-1.26388,-0.418491,-0.881102,3.23912,-0.274416
13.0505,-1.80999,-1.09907,-0.36402,-0.876448,3.32473,-0.157738
13.0555,-1.72553,-0.957778,-0.293802,-0.870103,3.34969,-0.0865532
13.0603,-1.65356,-0.867759,-0.251067,-0.863661,3.33149,0.00768172
13.0653,-1.5173,-0.550283,-0.0286486,-0.844269,3.27282,0.0450411
13.0704,-1.4415,-0.626589,-0.0949088,-0.818556,3.37745,0.123529
13.0753,-1.34314,-0.588596,-0.0771372,-0.781496,3.44272,0.169011
13.0803,-1.22445,-0.43318,-0.0046865,-0.75783,3.60744,0.235022
13.0853,-1.08841,-0.210927,0.206502,-0.723872,3.62667,0.173172
13.0904,-0.972875,-0.332077,0.110993,-0.665596,3.78775,0.246853
13.0953,-0.882096,0.058385,0.396483,-0.62987,3.7421,0.279861
13.1007,-0.849613,-0.0593471,0.328331,-0.5654,3.71623,0.239578
13.1053,-0.702678,0.183929,0.496025,-0.435486,3.6789,0.296349
13.1102,-0.586718,0.279692,0.592012,-0.303953,3.64138,0.438445
13.1153,-0.457909,0.363055,0.667501,-0.149049,3.78593,0.471949
13.1203,-0.331247,0.459832,0.761294,0.00408025,3.85596,0.566259
13.1252,-0.259061,0.429599,0.747789,0.161903,3.97402,0.741597
13.1303,-0.0665002,0.672927,0.929315,0.360221,3.83264,0.697117
13.1352,0.0102144,0.748407,0.995167,0.49213,3.89449,0.762072
13.1404,0.112509,0.842715,1.06988,0.629134,3.95743,0.68569
13.1453,0.208942,1.03717,1.22681,0.702862,3.91244,0.877179
13.1503,0.297648,0.913066,1.1682,0.859391,4.05619,0.7466
13.1554,0.420477,0.996139,1.1832,0.936509,4.17861,0.795547
13.1605,0.489454,1.10686,1.24599,1.02687,4.34374,0.894182
13.1655,0.628548,1.27524,1.29254,1.0525,4.44658,0.967602
13.1703,0.667101,1.47696,1.37808,1.09382,4.46419,0.932247
13.1753,0.833745,1.67806,1.47469,1.11519,4.45317,0.96629
13.1804,0.896617,2.04031,1.68555,1.12709,4.40077,1.13887
13.1856,0.993196,2.03818,1.64552,1.18185,4.39563,1.06549
13.1905,1.14948,2.30938,1.78261,1.2112,4.42016,0.945303
13.1952,1.16446,2.32426,1.76034,1.30711,4.54487,0.904564
13.2002,1.32343,2.52385,1.83241,1.27837,4.56133,1.17371
13.2052,1.3086,2.542,1.84793,1.3615,4.63885,1.19131
13.2105,1.51824,2.864,2.00065,1.30042,4.62819,1.08353
13.2152,1.46778,2.80686,2.00694,1.4201,4.67462,1.0849
13.2202,1.60175,3.02514,2.10757,1.41174,4.64823,1.20726
13.2252,1.68865,3.11622,2.14171,1.46028,4.67294,1.17583
13.2302,1.74152,3.31279,2.23114,1.49422,4.69652,1.18195
13.2352,1.82376,3.47208,2.31416,1.55923,4.7582,1.2384
13.2403,1.95812,3.61208,2.36557,1.61863,4.8844,1.30852
13.2454,2.00354,3.6834,2.42836,1.5914,5.04857,1.29931
13.2502,2.16919,3.95576,2.60324,1.55626,4.99167,1.36694
13.2552,2.229,4.01528,2.69618,1.65934,4.99106,1.43795
13.2602,2.32248,4.18056,2.80869,1.64997,4.92031,1.52764
13.2652,2.42764,4.25941,2.87338,1.63682,4.93065,1.44695
13.2703,2.48736,4.28632,2.85586,1.69019,5.16607,1.55373
13.2752,2.6228,4.37531,2.90657,1.70527,5.18051,1.57557
13.2802,2.71804,4.50656,2.96375,1.68112,5.24678,1.68443
13.2854,2.75051,4.62957,3.05417,1.7286,5.32944,1.62555
13.2902,2.9127,4.66455,3.08246,1.86406,5.34153,1.86204
13.2953,3.00653,4.94022,3.25359,1.79149,5.33629,1.71782
13.3002,3.03506,4.98711,3.30902,1.88212,5.24741,1.81324
13.3053,3.16753,5.10294,3.37708,1.86401,5.22318,1.85057
13.3102,3.30569,5.25808,3.46476,1.86717,5.26042,1.99112
13.3152,3.33312,5.29619,3.49644,2.02054,5.30152,1.9133
13.3204,3.4018,5.32562,3.53092,1.94614,5.37264,1.96825
13.3252,3.53697,5.27906,3.52523,1.97065,5.4905,2.06958
13.3302,3.61828,5.62762,3.7633,2.0123,5.41385,2.00479
13.3355,3.77807,5.68765,3.82662,2.0819,5.41592,2.10736
13.3405,3.79903,5.66063,3.85027,2.16381,5.3682,2.2272
13.3453,3.97421,5.79076,3.94397,2.23283,5.28085,2.17252
13.3504,4.09451,5.94021,4.02375,2.31915,5.40842,2.23667
13.3553,4.12654,5.89732,3.99315,2.33288,5.41411,2.25702
13.3605,4.10524,5.97072,4.03278,2.25851,5.57116,2.30781
13.3656,4.17891,6.12763,4.10005,2.29831,5.69837,2.34484
13.3703,4.39055,6.20529,4.16155,2.39523,5.72556,2.35082
13.3753,4.49746,6.25694,4.255,2.46311,5.74022,2.35217
13.3803,4.51916,6.22619,4.31016,2.50815,5.8258,2.38239
13.3854,4.70517,6.35841,4.43235,2.58587,5.78526,2.51822
13.3904,4.80189,6.526,4.5723,2.465,5.6765,2.51326
13.3953,4.85963,6.47034,4.54525,2.32696,5.83655,2.39563
13.4005,4.99057,6.59484,4.61656,2.33718,5.82282,2.47428
13.4053,5.11147,6.55037,4.58971,2.67099,5.8672,2.76236
13.4106,5.1073,6.66189,4.68876,2.58037,5.88755,2.85166
13.4157,5.33779,6.86905,4.77483,2.69849,5.84628,2.57671
13.4202,5.41842,7.04068,4.81233,2.68077,5.94895,2.69674
13.4254,5.51487,7.19803,4.87338,2.6556,6.01837,2.87083
13.4303,5.58127,7.29182,4.93189,2.72573,6.05374,2.74525
13.4353,5.65901,7.43044,5.00989,2.83556,6.03155,2.83093
13.4404,5.73774,7.62838,5.12262,2.82977,6.0079,2.88788
13.4453,5.8402,7.57363,5.11883,2.84951,6.10967,2.91057
13.4503,5.90822,7.64357,5.23253,2.83906,6.09571,2.97292
13.4553,5.97721,7.7144,5.34379,2.83042,6.08371,3.03381
13.4603,5.98595,7.59642,5.37992,2.91835,6.14957,3.04969
13.4656,6.06708,7.46723,5.39963,2.86917,6.27653,3.27261
13.4703,6.24431,7.55067,5.48947,2.85673,6.20577,3.12176
13.4753,6.30328,7.59886,5.54846,2.87766,6.23104,3.16572
13.4803,6.37593,7.69354,5.57015,3.04662,6.29717,3.17648
13.4854,6.44609,7.90978,5.60724,2.97149,6.28563,3.21658
13.4904,6.48567,8.13554,5.63305,3.02351,6.23128,3.20219
13.4955,6.57014,8.25717,5.60965,2.87868,6.27993,3.34177
13.5003,6.72382,8.34557,5.57517,2.96363,6.29006,3.3541
13.5057,6.72966,8.36331,5.53309,2.96053,6.35924,3.20977
13.5104,6.89558,8.61435,5.61997,3.0688,6.26549,3.21541
13.5153,6.94522,8.79533,5.68877,3.00499,6.2779,3.32696
13.5204,7.09052,8.79079,5.62989,3.18344,6.44578,3.35222
13.5254,7.15386,8.93135,5.6705,3.28112,6.4574,3.4095
13.5303,7.22429,9.14368,5.76603,3.12083,6.4452,3.39375
13.5354,7.39931,9.25137,5.7646,3.29658,6.47685,3.26032
13.5403,7.33025,9.2413,5.7036,3.45956,6.49189,3.49054
13.5454,7.41151,9.44465,5.79688,3.36047,6.49507,3.50508
13.5502,7.5268,9.54534,5.82432,3.24367,6.47917,3.60377
13.5552,7.69015,9.7763,5.93314,3.3021,6.36311,3.71094
13.5604,7.69803,9.79906,5.9228,3.36753,6.43063,3.63147
13.5652,7.81136,9.92093,5.99432,3.43475,6.45821,3.5524
13.5703,7.82506,9.90834,5.94785,3.35875,6.56042,3.6639
13.5752,7.99724,10.2158,6.0786,3.43839,6.56632,3.68588
13.5804,7.96979,10.2009,6.0054,3.55154,6.56624,3.70054
13.5854,8.1171,10.3699,6.05857,3.47492,6.62908,3.83343
13.5904,8.14425,10.4499,6.07114,3.54285,6.65612,3.83713
13.5953,8.26201,10.4994,6.0755,3.40074,6.68261,3.80402
13.6005,8.35115,10.5915,6.09999,3.41176,6.64897,3.82514
13.6054,8.395,10.8063,6.26723,3.55826,6.60467,3.82916
13.6107,8.44903,10.894,6.29865,3.4232,6.60598,3.94231
13.6154,8.55589,11.0737,6.36064,3.38838,6.49377,3.97528
13.6203,8.79269,11.1337,6.32313,3.99139,6.42563,3.88752
13.6254,8.76866,11.3151,6.34864,3.91718,6.434,4.01592
13.6303,8.81465,11.0544,6.14541,3.84478,6.53209,4.22822
13.6353,8.85636,11.2125,6.25189,3.70962,6.55163,4.149
13.6404,8.86459,11.2699,6.32374,3.87775,6.59315,4.28778
13.6456,8.92571,11.3677,6.40908,3.87521,6.55115,4.22494
13.6503,8.99211,11.4187,6.4519,3.8785,6.46748,4.15615
13.6553,8.96657,11.4375,6.49366,3.68813,6.632,4.2499
13.6603,9.07964,11.6003,6.59114,3.83247,6.5806,4.13445
13.6654,9.30541,11.6779,6.63228,3.87026,6.63047,4.27215
13.6703,9.26169,11.7619,6.68294,3.93728,6.66717,4.39829
13.6753,9.3678,11.7775,6.69822,3.50182,6.69603,4.28468
13.6803,9.3958,11.6074,6.60573,3.88472,6.7449,4.292
13.6854,9.53183,11.7537,6.68144,4.08773,6.66839,4.39628
13.6905,9.5438,11.8398,6.73081,3.91809,6.63473,4.32745
13.6955,9.5673,12.0386,6.8876,3.76758,6.55331,4.44339
13.7003,9.59,11.7319,6.67131,4.12287,6.57239,4.46164
13.7055,9.65925,11.8589,6.76002,4.14962,6.54708,4.36248
13.7103,9.77582,11.9274,6.81543,3.95339,6.53904,4.49277
13.7152,9.86672,12.0207,6.87379,3.9804,6.46122,4.47551
13.7204,9.88503,12.4631,7.15261,4.09533,6.28167,4.44137
13.7252,9.9438,12.3342,7.0653,4.17207,6.31916,4.53462
13.7303,10.0671,12.3543,7.07154,4.14485,6.33702,4.51822
13.7351,10.1563,12.4837,7.11261,4.15874,6.29051,4.55668
13.7403,10.2295,12.5588,7.14023,4.15922,6.28018,4.61212
13.7457,10.1736,12.4192,7.06859,4.01944,6.32923,4.54822
13.7506,10.3148,12.6395,7.13693,4.24382,6.41087,4.67175
13.7553,10.3263,12.8327,7.18624,4.17429,6.42105,4.65059
13.7605,10.3391,13.0191,7.23464,4.10854,6.43142,4.63103
13.7653,10.3241,12.8938,7.12155,4.26523,6.47594,4.62651
13.7706,10.3597,13.1965,7.25516,4.10003,6.45177,4.4436
13.7753,10.5251,13.2451,7.24078,4.25376,6.52068,4.64714
13.7805,10.456,13.3258,7.26897,4.22642,6.58985,4.65535
13.7855,10.5645,13.5194,7.39256,4.42523,6.56599,4.61018
13.7903,10.5752,13.5936,7.45289,4.22008,6.61168,4.62352
13.7952,10.6015,13.6374,7.45611,4.40641,6.61976,4.64936
13.8002,10.6825,13.7716,7.53524,4.31417,6.61001,4.63418
13.8052,10.6579,13.5126,7.40689,4.59765,6.71835,4.69807
13.8103,10.7239,13.5954,7.44995,4.58587,6.61441,4.7425
13.8153,10.7852,13.7927,7.59641,4.58552,6.50606,4.75154
13.8202,10.8016,13.9136,7.72791,4.44287,6.46037,4.88405
13.8254,10.7821,14.0308,7.84612,4.36065,6.3595,4.64642
13.8303,10.8846,13.9878,7.87736,4.50749,6.406,4.8627
13.8352,10.9633,13.9421,7.82232,4.37292,6.31247,4.82542
13.8405,11.0053,14.0411,7.91762,4.31913,6.2962,4.74526
13.8456,11.0477,13.8242,7.77938,4.53987,6.26729,4.87368
13.8503,11.1212,13.8772,7.82646,4.61809,6.20159,5.04943
13.8553,11.1816,13.9645,7.84147,4.59112,6.10164,5.08192
13.8603,11.2315,14.1262,7.87312,4.66561,6.08424,5.08097
13.8655,11.3263,14.0678,7.85852,4.64415,6.05283,5.0573
13.8703,11.2679,14.0081,7.81839,4.57091,6.01675,5.05174
13.8753,11.2375,14.3364,8.06671,4.52696,5.93667,5.06979
13.8805,11.2879,14.4339,8.20512,4.4379,5.90532,5.11111
13.8853,11.3188,14.3103,8.09884,4.53393,5.89515,5.12476
13.8903,11.4192,14.4287,8.21828,4.60172,5.86827,5.21101
13.8953,11.4847,14.5368,8.29518,4.44269,5.83372,5.09839
13.9003,11.5024,14.7098,8.34185,4.15422,5.76704,4.98639
13.9054,11.4793,14.7962,8.43877,4.45995,5.69452,5.12883
13.9104,11.56,14.766,8.48819,4.46766,5.61005,5.07997
13.9153,11.6209,14.531,8.39167,4.46532,5.73439,4.98009
13.9202,11.727,14.354,8.09943,4.97932,5.81776,5.18957
13.9252,11.742,14.6582,8.22761,4.97243,5.90981,5.09031
13.9303,11.7159,14.5106,8.11966,4.86976,6.03216,5.1232
13.9353,11.6864,14.8031,8.31325,4.77097,6.09519,5.00808
13.9403,11.7401,14.94,8.43684,4.7245,6.14693,5.12203
13.9453,11.7255,14.8348,8.4161,4.86205,6.2218,5.20806
13.9503,11.7781,14.7006,8.38334,4.98166,6.27734,5.19947
13.9553,11.8579,14.9266,8.47589,4.87305,6.30633,5.19913
13.9606,11.785,14.777,8.46157,5.03648,6.37721,5.10044
13.9653,11.9029,14.9461,8.51489,4.77538,6.37239,5.18857
13.9703,11.9103,15.0471,8.61826,4.9493,6.38694,5.24986
13.9754,11.8924,14.9934,8.63439,4.90504,6.48656,5.172
13.9803,11.9821,14.9953,8.61507,4.85865,6.47704,5.14772
13.9854,11.9708,15.0223,8.59354,4.87992,6.49154,5.10376
13.9903,12.0124,15.0976,8.6329,4.75941,6.5241,5.19038
13.9955,12.044,15.0709,8.60644,4.84415,6.48546,5.11453
14.0005,12.0828,15.4044,8.83859,4.80363,6.56746,5.21319
14.0053,12.0159,15.3392,8.71969,4.87713,6.49519,5.17519
14.0103,12.022,15.2587,8.65335,5.07334,6.52125,5.40696
14.0154,12.0669,15.3288,8.68396,5.08916,6.44763,5.38311
14.0204,12.1159,15.2111,8.60565,5.17431,6.48029,5.23215
14.0254,12.1697,15.3758,8.6529,5.12017,6.36943,5.381
14.0304,12.063,15.5356,8.80159,4.93071,6.25881,5.32302
14.0352,12.1172,15.438,8.7782,5.24187,6.20189,5.21617
14.0403,12.2041,15.0837,8.5873,5.23363,6.19738,5.23869
14.0454,12.1478,15.5874,8.91203,5.04995,6.08088,5.25748
14.0504,12.2014,15.609,8.88067,5.00558,5.97924,5.17791
14.0555,12.2487,15.4886,8.80047,5.01205,5.98296,5.16203
14.0606,12.3032,15.4065,8.74871,5.16877,5.91692,5.18327
14.0655,12.2048,15.3786,8.73199,5.19999,5.89195,5.27472
14.0705,12.2192,15.5381,8.82833,4.78281,5.85251,5.12754
14.0753,12.1814,15.1751,8.59199,5.33166,5.89043,5.30445
14.0803,12.1365,15.5985,8.87533,5.19019,5.87056,5.29364
14.0853,12.1025,15.6491,8.93266,5.11926,5.88983,5.30884
14.0904,12.1764,15.4936,8.79852,5.23163,5.85637,5.18161
14.0953,12.1593,15.5709,8.88208,4.90729,5.88245,5.20595
14.1002,12.14,15.664,8.96014,5.10321,5.9082,5.26263
14.1056,12.2076,15.7274,8.98686,5.12422,5.87432,5.24827
14.1103,12.2528,15.6602,8.97003,5.08382,5.84904,5.19671
14.1153,12.2584,15.6949,8.98657,5.22083,5.87451,5.24441
14.1206,12.2978,15.4953,8.85089,5.09521,5.93669,5.19089
14.1254,12.2418,15.3595,8.74644,5.12352,5.90414,5.17185
14.1305,12.3211,15.6392,8.89157,5.30586,5.90058,5.17791
14.1354,12.3309,15.5527,8.8194,5.18218,5.81991,5.2283
14.1402,12.3033,15.7341,9.01617,5.20343,5.88791,5.17173
14.1452,12.3373,15.4957,8.86812,5.05536,5.76925,5.26238
14.1503,12.3675,15.6143,8.94405,5.03823,5.77096,5.26966
14.1553,12.3626,15.5217,8.83657,5.15142,5.60551,5.27934
14.1604,12.3582,15.6549,8.95869,5.3572,5.63448,5.27464
14.1652,12.3355,15.7021,8.95923,4.99303,5.54656,5.23986
14.1702,12.3106,15.7836,9.0046,5.0956,5.46639,5.17386
14.1753,12.2638,15.6276,8.92189,5.08163,5.5068,5.20359
14.1803,12.339,15.6345,8.89692,5.1846,5.29298,5.15529
14.1853,12.3368,15.606,8.90874,5.26968,5.3405,5.20475
14.1904,12.3259,15.5345,8.86041,5.16278,5.26846,5.10005
14.1954,12.3016,15.5226,8.93523,4.90819,5.36215,5.08411
14.2003,12.2833,15.673,9.008,4.9952,5.31312,5.09306
14.2056,12.3527,15.3608,8.80336,5.40251,5.32729,5.09538
14.2105,12.3031,15.751,9.09159,4.89417,5.31075,5.07849
14.2153,12.3398,15.7167,9.05999,4.93672,5.28889,5.04186
14.2203,12.3282,15.4151,8.86379,5.0103,5.24647,4.98935
14.2253,12.3002,15.7405,9.0708,5.03229,5.22707,5.07307
14.2303,12.3479,15.5442,8.93148,5.04582,5.18225,5.0428
14.2352,12.3268,15.7249,9.06386,4.96202,5.11609,5.06276
14.2404,12.3316,15.6002,8.93933,5.02009,5.10638,5.16569
14.2454,12.3319,15.4447,8.85259,5.10019,5.02467,5.0135
14.2503,12.3282,15.5222,8.90221,5.00925,4.98646,5.07919
14.2553,12.4103,15.1967,8.63413,5.34217,4.84272,5.11804
14.2603,12.3216,15.5475,8.93223,4.96131,4.91212,5.10217
14.2654,12.2799,15.4408,8.8737,5.02043,4.81921,5.00366
14.2704,12.2455,15.489,8.94251,5.1161,4.78211,5.03726
14.2753,12.26,15.2067,8.76864,5.08138,4.81001,5.0556
14.2803,12.2193,15.3323,8.85397,4.93483,4.80761,4.97787
14.2854,12.2027,15.2133,8.74886,5.10937,4.73068,4.90825
14.2903,12.1845,15.1751,8.75912,5.04405,4.74655,4.85838
14.2954,12.127,15.4564,8.96248,4.82446,4.90157,4.83055
14.3002,12.1088,15.286,8.79433,4.86477,4.75973,4.85191
14.3053,12.1006,15.1448,8.67518,5.09289,4.72804,4.87028
14.3105,12.0726,15.1166,8.65721,5.0611,4.63479,4.82006
14.3153,12.0579,15.126,8.63135,4.88508,4.46871,4.8055
14.3203,12.0184,15.1044,8.64068,4.99168,4.4712,4.86269
14.3255,12.0212,15.1894,8.68891,4.86273,4.37991,4.66824
14.3305,12.0388,15.2201,8.73857,4.78902,4.3735,4.79499
14.3353,12.0159,14.9393,8.60426,4.9383,4.44913,4.78647
14.3403,12.0292,15.0464,8.64281,4.75821,4.39981,4.74869
14.3453,12.0339,14.9745,8.6241,4.68157,4.34044,4.78165
14.3503,12.0019,15.0255,8.68216,4.69583,4.25306,4.84568
14.3552,12.0018,14.9201,8.62007,4.63583,4.16632,4.78245
14.3604,11.9926,14.6709,8.46637,4.68115,4.10055,4.66333
14.3654,11.9701,14.7612,8.56156,4.60349,4.20607,4.65922
14.3703,11.9423,14.793,8.53377,4.53084,4.03216,4.66442
14.3753,11.9171,14.7801,8.47239,4.45328,3.97329,4.63918
14.3802,11.9199,14.8068,8.47259,4.23719,3.99053,4.66014
14.3853,11.9341,14.5985,8.26856,4.61261,3.91069,4.68558
14.3902,11.9541,14.5062,8.18493,4.60808,3.81511,4.73431
14.3953,11.9055,14.5969,8.28915,4.27317,3.7644,4.78872
14.4003,11.8795,14.6017,8.28334,4.26911,3.6516,4.74976
14.4053,11.8383,14.4919,8.24295,4.30252,3.71397,4.74089
14.4105,11.7899,14.7897,8.46313,3.9783,3.76521,4.72642
14.4153,11.7932,14.348,8.20483,4.06635,3.62065,4.60551
14.4203,11.7875,14.298,8.2226,3.98631,3.54448,4.59223
14.4253,11.7524,14.4356,8.33342,4.30028,3.62126,4.57722
14.4303,11.7429,14.0293,7.98586,4.37708,3.59145,4.57001
14.4353,11.7283,14.1528,7.94641,4.52094,3.59955,4.57789
14.4404,11.7001,13.9813,7.80882,4.17109,3.42142,4.58991
14.4454,11.7199,14.0808,7.87059,4.35448,3.51534,4.60235
14.4503,11.7029,14.1534,7.93051,4.25776,3.44835,4.58713
14.4552,11.6899,14.1486,7.91879,4.28472,3.27556,4.59928
14.4602,11.6798,14.0249,7.83542,4.23076,3.27091,4.55547
14.4652,11.6445,13.9629,7.85294,4.02894,3.11005,4.54989
14.4702,11.634,14.1012,7.93546,4.17448,3.15169,4.50396
14.4754,11.6133,13.8417,7.78371,4.15515,3.0851,4.46234
14.4804,11.5785,13.7903,7.72189,3.83586,3.03122,4.39439
14.4855,11.5444,13.7674,7.77257,4.13841,3.05416,4.37387
14.4903,11.5206,13.6331,7.70706,4.08765,2.96567,4.32255
14.4952,11.4808,13.6766,7.76297,3.81114,2.90888,4.2723
14.5003,11.4614,13.5977,7.70596,3.83944,2.81666,4.22615
14.5056,11.4265,13.6066,7.66523,3.88203,2.70621,4.19723
14.5106,11.3773,13.468,7.57025,4.00872,2.73155,4.24053
14.5155,11.2817,13.3193,7.38393,3.94481,2.49277,4.29302
14.5203,11.1649,13.2496,7.31213,3.944,2.44067,4.32709
14.5253,11.0329,13.3392,7.34913,3.85948,2.43009,4.36608
14.5305,10.909,13.2391,7.23072,3.86849,2.30745,4.38657
14.5354,10.7982,13.0365,7.07153,3.78423,2.23463,4.40899
14.5404,10.6645,13.3963,7.33262,3.85827,2.25126,4.43125
14.5453,10.5305,13.3036,7.2556,3.90182,2.21305,4.41907
14.5503,10.3736,12.9708,7.03885,3.96258,2.14185,4.43771
14.5553,10.2292,12.773,6.90365,4.04759,2.16091,4.43407
14.5603,10.067,12.6732,6.91388,3.7802,2.08115,4.44088
14.5653,9.90143,12.6836,6.97268,3.59856,2.06289,4.45533
14.5703,9.76645,12.6121,6.93735,3.5802,1.97302,4.44108
14.5752,9.62457,12.5541,6.89092,3.81857,1.96232,4.44487
14.5804,9.48489,12.8756,7.11666,3.77004,2.15394,4.45346
14.5856,9.35414,12.4465,6.75769,3.66731,1.88168,4.45399
14.5907,9.23606,12.4899,6.80137,3.6357,1.9149,4.43482
14.5953,9.1034,12.3047,6.68996,3.54727,1.83709,4.38839
14.6002,8.99564,12.4212,6.74411,3.55549,1.76521,4.3105
14.6054,8.89397,12.2994,6.6478,3.54052,1.73068,4.22831
14.6104,8.79492,12.186,6.57636,3.50044,1.67479,4.13316
14.6154,8.6706,12.489,6.77725,3.45682,1.77164,4.07258
14.6204,8.56793,11.8152,6.34058,3.5459,1.56127,3.96359
14.6254,8.47433,12.0216,6.46646,3.4722,1.61002,3.88821
14.6304,8.35722,11.697,6.27654,3.50943,1.44647,3.81647
14.6352,8.23114,11.5511,6.25021,3.47126,1.33531,3.75596
14.6403,8.14053,11.6762,6.35535,3.3,1.37474,3.72038
14.6454,8.06685,11.7816,6.44175,3.30228,1.38748,3.7106
14.6503,8.03836,11.639,6.3924,3.34142,1.40724,3.67061
14.6553,7.9469,11.44,6.28389,3.35426,1.37072,3.6106
14.6603,7.87158,11.1393,6.04197,3.33211,1.41636,3.604
14.6655,7.76815,11.2098,6.09228,3.37214,1.38821,3.59502
14.6703,7.64742,10.7947,5.82001,3.09194,1.04236,3.50639
14.6755,7.59384,10.981,5.89531,3.11029,1.1145,3.43514
14.6803,7.48329,11.0372,5.89776,3.35062,1.08348,3.39133
14.6856,7.42076,10.7595,5.65949,3.1762,0.993623,3.27189
14.6905,7.34329,11.0018,5.8378,3.05258,1.05086,3.27119
14.6954,7.26474,10.5091,5.56605,3.01892,0.981913,3.237
14.7003,7.196,10.5496,5.54603,2.91862,0.942318,3.21616
14.7055,7.10593,10.5171,5.60698,2.8782,0.935664,3.25093
14.7103,7.0135,10.3554,5.51302,2.7781,0.856758,3.25093
14.7153,6.96065,10.2673,5.44977,2.86448,0.812947,3.2107
14.7204,6.81039,10.1203,5.35286,2.70084,0.738264,3.11767
14.7253,6.76702,10.109,5.32914,2.72599,0.813561,3.04686
14.7307,6.68117,10.0016,5.30943,2.65359,0.782804,3.03908
14.7355,6.57581,9.74657,5.14396,2.66008,0.753803,2.92078
14.7407,6.48369,9.63563,5.06339,2.61445,0.658072,2.88141
14.7453,6.44695,9.51423,4.93738,2.59606,0.447755,2.95105
14.7503,6.3717,9.78947,5.14087,2.49683,0.483733,2.97683
14.7552,6.27986,9.44687,4.89153,2.34389,0.278971,2.9356
14.7603,6.17501,9.35707,4.79781,2.50533,0.267426,2.85664
14.7653,6.15992,9.42009,4.85498,2.37894,0.373748,2.719
14.7703,6.09643,9.159,4.66962,2.30438,0.263204,2.65212
14.7753,6.0334,9.14732,4.68322,2.39356,0.2489,2.70114
14.7802,5.94862,8.92534,4.56192,2.15064,0.140176,2.65161
14.7853,5.86083,8.761,4.49761,2.10315,0.0722714,2.57815
14.7903,5.76466,8.77137,4.56109,1.98899,0.155094,2.49067
14.7953,5.70958,8.61821,4.51179,1.97095,0.081011,2.53055
14.8004,5.6406,8.45367,4.38481,2.09228,-0.114586,2.49092
14.8053,5.59176,8.35046,4.35882,2.00323,-0.0915567,2.45946
14.8104,5.47852,8.16395,4.25425,1.98249,-0.0744967,2.43678
14.8154,5.32358,7.74434,3.9767,1.82825,-0.216737,2.46724
14.8205,5.24184,7.68525,3.94176,1.92464,-0.284088,2.44713
14.8253,5.12449,7.73889,3.96423,1.58142,-0.276758,2.41441
14.8303,5.036,7.37722,3.69685,1.81218,-0.455334,2.40571
14.8352,4.9084,7.6704,3.91763,1.66115,-0.297818,2.29473
14.8404,4.82242,7.55294,3.7942,1.56933,-0.373909,2.18183
14.8453,4.69471,7.38952,3.65145,1.36316,-0.411587,2.2091
14.8504,4.60703,7.24047,3.50773,1.37304,-0.494509,2.17743
14.8553,4.49515,7.03374,3.33715,1.54234,-0.622976,2.07415
14.8603,4.43219,7.28102,3.52234,1.40981,-0.515067,2.0626
14.8653,4.30631,6.97888,3.32601,1.45177,-0.605818,2.06152
14.8704,4.17618,6.7454,3.21215,1.55423,-0.691075,2.07059
14.8753,4.05789,6.90264,3.31303,1.32083,-0.588638,2.02533
14.8805,3.9772,6.63659,3.15488,1.20806,-0.664641,1.93908
14.8852,3.90348,6.52152,3.12644,1.2769,-0.738446,1.96133
14.8902,3.76543,6.34099,3.0934,1.16434,-0.716417,1.88704
14.8955,3.72833,6.22754,2.97701,1.15898,-0.797803,1.80489
14.9002,3.59353,6.03925,2.80825,1.1704,-0.95736,1.85469
14.9055,3.4775,6.01489,2.77228,1.12182,-1.05205,1.75871
14.9103,3.36974,5.68198,2.57307,1.10419,-1.13939,1.63091
14.9153,3.2449,5.69216,2.64273,0.882246,-1.14101,1.65839
14.9203,3.14437,5.41074,2.38678,1.05898,-1.26244,1.60351
14.9253,3.05083,5.54099,2.45404,1.08855,-1.2734,1.62362
14.9303,2.94464,5.10242,2.09841,0.801832,-1.45162,1.6969
14.9354,2.85842,5.27653,2.18811,0.829755,-1.40301,1.68887
14.9404,2.7878,5.30951,2.21587,0.698053,-1.41015,1.63543
14.9454,2.70024,5.16873,2.13431,0.705565,-1.46544,1.62009
14.9503,2.66179,5.11144,2.09995,0.728779,-1.43172,1.58743
14.9552,2.53686,4.73939,1.77458,0.743692,-1.62788,1.48111
14.9602,2.38972,4.63104,1.67764,0.577342,-1.578,1.40051
14.9652,2.34053,4.72424,1.71128,0.789013,-1.57149,1.36916
14.9703,2.2527,4.44453,1.56772,0.647129,-1.59285,1.36873
14.9753,2.15521,4.50706,1.63592,0.536203,-1.53549,1.42303
14.9804,2.07995,4.43146,1.60029,0.515988,-1.49142,1.26476
14.9854,1.9417,3.98475,1.33649,0.493897,-1.64647,1.25603
14.9904,1.81852,4.18265,1.42076,0.53466,-1.54207,1.22407
14.9953,1.71274,4.02634,1.29996,0.265052,-1.59872,1.18509
