time,est_tau1,est_tau2,est_tau3,est_tau4,est_tau5,est_tau6,meas_tau1,meas_tau2,meas_tau3,meas_tau4,meas_tau5,meas_tau6,gt_tau1,gt_tau2,gt_tau3,gt_tau4,gt_tau5,gt_tau6
3.00029,0,0,0,0,0,0,-2.96288,17.9625,8.24714,-2.20248,11.6914,3.41964,0,0,0,0,0,0
3.00538,-0.0055761,-0.03861,-0.0226585,-0.0116259,-0.0356682,-0.0054666,-2.96288,17.9625,8.24714,-2.20248,11.6914,3.41964,0,0,0,0,0,0
3.0103,-0.015969,-0.0982142,-0.0613738,-0.0309671,-0.0814193,-0.0155286,-3.69178,18.0688,8.37881,-3.17124,10.1016,2.90628,0,0,0,0,0,0
3.01529,-0.00402473,-0.169076,-0.112194,-0.0448679,-0.128884,-0.0235578,-2.56494,17.7103,8.00052,-3.89988,10.9296,3.6846,0,0,0,0,0,0
3.02032,-0.0148375,-0.239127,-0.1616,-0.0472924,-0.178385,-0.0388508,-2.56494,17.7103,8.00052,-3.89988,10.9296,3.6846,0,0,0,0,0,0
3.0253,-0.0451962,-0.304611,-0.207851,-0.0409636,-0.228246,-0.0592941,-4.0976,17.2769,7.74345,-3.08016,11.2939,2.62476,0,0,0,0,0,0
3.03032,-0.0337505,-0.356901,-0.245879,-0.0358691,-0.279154,-0.0712456,-4.0976,17.2769,7.74345,-3.08016,11.2939,2.62476,0,0,0,0,0,0
3.03529,0.0105379,-0.394717,-0.276713,-0.0310664,-0.32993,-0.074844,-2.89196,16.9735,7.30455,-3.99924,12.0226,2.277,0,0,0,0,0,0
3.04032,0.0329626,-0.414277,-0.293416,-0.0163416,-0.381721,-0.0674281,-3.37264,16.7214,8.0465,-2.99736,11.2277,2.6082,0,0,0,0,0,0
3.04531,0.0550612,-0.413814,-0.318718,-0.00734411,-0.433238,-0.0549821,-3.70754,16.5007,8.55019,-2.59992,10.0105,3.7674,0,0,0,0,0,0
3.05022,0.0883853,-0.391093,-0.360798,-0.00544088,-0.483818,-0.0530381,-3.70754,16.5007,8.55019,-2.59992,10.0105,3.7674,0,0,0,0,0,0
3.05528,0.129893,-0.3506,-0.414905,-0.00805842,-0.535812,-0.0605487,-4.21974,16.5244,8.40807,-2.68272,9.70416,3.77568,0,0,0,0,0,0
3.06032,0.193216,-0.299613,-0.472357,-0.0156741,-0.587368,-0.0764004,-3.5263,16.5559,7.70792,-2.6082,11.4264,3.08016,0,0,0,0,0,0
3.0653,0.247157,-0.243009,-0.516497,-0.0280022,-0.638513,-0.0898447,-3.5263,16.5559,7.70792,-2.6082,11.4264,3.08016,0,0,0,0,0,0
3.07032,0.29482,-0.182597,-0.549516,-0.0439759,-0.690213,-0.101013,-4.26702,16.8593,7.90856,-3.53556,10.6812,3.55212,0,0,0,0,0,0
3.07533,0.359884,-0.127538,-0.578635,-0.0520292,-0.741782,-0.115827,-4.6886,17.2139,7.62014,-3.84192,11.5175,2.74896,0,0,0,0,0,0
3.08033,0.443934,-0.0859965,-0.597759,-0.0512646,-0.793372,-0.123297,-3.81786,18.057,7.6703,-3.0222,10.0022,3.28716,0,0,0,0,0,0
3.0853,0.509857,-0.0798207,-0.611168,-0.0534873,-0.844466,-0.13036,-3.81786,18.057,7.6703,-3.0222,10.0022,3.28716,0,0,0,0,0,0
3.09031,0.559535,-0.105321,-0.620669,-0.0586294,-0.895753,-0.13673,-4.3931,18.7977,7.21886,-2.55024,10.35,2.3184,0,0,0,0,0,0
3.0953,0.617673,-0.167129,-0.614002,-0.0699576,-0.946685,-0.130476,-4.4719,18.652,7.02031,-3.42792,11.592,3.70116,0,0,0,0,0,0
3.10031,0.683082,-0.244533,-0.588489,-0.07672,-0.998018,-0.129965,-3.75088,18.585,7.2523,-2.80692,10.499,3.45276,0,0,0,0,0,0
3.10532,0.728126,-0.329415,-0.555711,-0.0865144,-1.04922,-0.132709,-3.85726,18.7505,7.70374,-2.95596,11.6582,3.91644,0,0,0,0,0,0
3.11032,0.75996,-0.419444,-0.529921,-0.0981673,-1.10051,-0.144193,-3.85726,18.7505,7.70374,-2.95596,11.6582,3.91644,0,0,0,0,0,0
3.11533,0.780299,-0.512679,-0.510716,-0.111821,-1.15203,-0.162669,-3.31748,18.8371,8.37672,-3.2292,10.5984,3.51072,0,0,0,0,0,0
3.12032,0.772772,-0.607063,-0.511966,-0.123825,-1.20322,-0.181729,-3.31748,18.8371,8.37672,-3.2292,10.5984,3.51072,0,0,0,0,0,0
3.12531,0.742704,-0.701907,-0.529514,-0.134315,-1.25426,-0.201043,-3.58934,18.7702,8.16772,-2.3184,12.3952,3.82536,0,0,0,0,0,0
3.13032,0.703782,-0.796343,-0.553086,-0.153265,-1.30578,-0.223872,-3.58934,18.7702,8.16772,-2.3184,12.3952,3.82536,0,0,0,0,0,0
3.13531,0.658354,-0.888952,-0.579666,-0.177486,-1.35728,-0.249038,-3.66814,19.0223,7.86467,-3.59352,13.1238,3.07188,0,0,0,0,0,0
3.14031,0.612257,-0.980874,-0.600543,-0.191058,-1.40914,-0.267428,-3.66814,19.0223,7.86467,-3.59352,13.1238,3.07188,0,0,0,0,0,0
3.14531,0.566663,-1.07136,-0.616563,-0.194248,-1.4612,-0.278967,-3.92424,19.1917,7.60342,-3.53556,12.4117,3.0636,0,0,0,0,0,0
3.15029,0.531791,-1.15972,-0.619803,-0.191982,-1.51312,-0.285037,-3.92424,19.1917,7.60342,-3.53556,12.4117,3.0636,0,0,0,0,0,0
3.15532,0.504661,-1.24624,-0.611321,-0.186245,-1.5656,-0.286786,-4.81862,18.3446,8.11338,-1.50696,12.6353,5.05908,0,0,0,0,0,0
3.1603,0.520439,-1.31795,-0.603343,-0.201293,-1.61761,-0.307443,-4.81862,18.3446,8.11338,-1.50696,12.6353,5.05908,0,0,0,0,0,0
3.16532,0.570326,-1.37163,-0.595174,-0.230363,-1.67008,-0.339798,-3.93212,17.2848,9.39246,-3.41964,12.9913,4.31388,0,0,0,0,0,0
3.17032,0.611939,-1.38062,-0.620129,-0.251948,-1.72242,-0.374178,-4.55464,16.9775,8.83025,-2.22732,12.6518,3.96612,0,0,0,0,0,0
3.17531,0.66739,-1.34717,-0.659327,-0.278625,-1.77467,-0.407209,-3.47508,17.1075,8.88041,-3.51072,12.3041,4.19796,0,0,0,0,0,0
3.18033,0.693132,-1.28489,-0.705911,-0.296304,-1.8272,-0.440103,-3.93606,17.1981,8.01724,-2.49228,12.4945,3.37824,0,0,0,0,0,0
3.18532,0.713079,-1.21112,-0.738771,-0.317853,-1.87939,-0.465141,-4.13306,17.005,8.21161,-3.09672,11.9646,3.22092,0,0,0,0,0,0
3.19032,0.735615,-1.1293,-0.764666,-0.334054,-1.9316,-0.481896,-4.13306,17.005,8.21161,-3.09672,11.9646,3.22092,0,0,0,0,0,0
3.19532,0.758773,-1.04384,-0.784998,-0.344316,-1.98372,-0.491658,-3.60904,16.8317,8.27222,-2.90628,11.6665,5.11704,0,0,0,0,0,0
3.2003,0.762115,-0.956173,-0.802164,-0.3502,-2.0355,-0.516206,-3.60904,16.8317,8.27222,-2.90628,11.6665,5.11704,0,0,0,0,0,0
3.2053,0.748353,-0.867403,-0.817136,-0.351447,-2.08735,-0.549572,-4.55858,17.403,6.66501,-3.2706,10.4328,4.7196,0,0,0,0,0,0
3.21031,0.75558,-0.783909,-0.793106,-0.344494,-2.13896,-0.585463,-4.55858,17.403,6.66501,-3.2706,10.4328,4.7196,0,0,0,0,0,0
3.2153,0.780049,-0.708512,-0.742782,-0.330948,-2.18992,-0.622669,-4.67678,17.4857,7.59715,-3.66804,10.9296,3.4362,0,0,0,0,0,0
3.22032,0.822127,-0.643583,-0.69523,-0.309273,-2.24071,-0.652452,-4.67678,17.4857,7.59715,-3.66804,10.9296,3.4362,0,0,0,0,0,0
3.2253,0.874022,-0.59135,-0.652149,-0.282967,-2.29045,-0.674023,-4.40886,16.9302,7.41114,-3.91644,11.2277,2.53368,0,0,0,0,0,0
3.23032,0.922397,-0.536006,-0.606732,-0.251275,-2.33989,-0.677262,-4.40886,16.9302,7.41114,-3.91644,11.2277,2.53368,0,0,0,0,0,0
3.23532,0.965223,-0.478933,-0.560114,-0.216438,-2.38815,-0.664099,-4.73982,17.0208,7.68911,-2.78208,11.3022,4.72788,0,0,0,0,0,0
3.24031,1.01681,-0.423025,-0.519096,-0.187988,-2.43515,-0.662971,-4.7674,16.9696,7.07883,-3.79224,11.327,3.77568,0,0,0,0,0,0
3.24532,1.07184,-0.367772,-0.470244,-0.156799,-2.48096,-0.661403,-3.60904,16.7135,7.52818,-4.15656,10.5984,4.24764,0,0,0,0,0,0
3.25031,1.08583,-0.308555,-0.425058,-0.1224,-2.52205,-0.665754,-4.41674,16.5283,7.06838,-3.78396,10.408,3.12984,0,0,0,0,0,0
3.2553,1.09748,-0.243084,-0.372981,-0.0896732,-2.55482,-0.661843,-4.01092,16.2998,8.32656,-3.01392,9.8946,4.38012,0,0,0,0,0,0
3.26031,1.0884,-0.174616,-0.346977,-0.0646721,-2.57344,-0.664121,-3.54206,16.5401,7.90856,-3.13812,10.292,3.36168,0,0,0,0,0,0
3.26532,1.04306,-0.110578,-0.335394,-0.0438118,-2.58292,-0.658494,-3.54206,16.5401,7.90856,-3.13812,10.292,3.36168,0,0,0,0,0,0
3.27032,0.973641,-0.0526952,-0.337349,-0.0253556,-2.58467,-0.645483,-3.70754,16.879,8.2346,-3.11328,11.4098,4.18968,0,0,0,0,0,0
3.27532,0.899558,-0.00449187,-0.357349,-0.0104881,-2.59254,-0.636009,-3.70754,16.879,8.2346,-3.11328,11.4098,4.18968,0,0,0,0,0,0
3.28033,0.825373,0.0362098,-0.390477,0.000561191,-2.60497,-0.629505,-4.14488,17.0563,7.76017,-3.8916,11.1449,4.0158,0,0,0,0,0,0
3.28531,0.768255,0.0681705,-0.419733,0.01647,-2.61733,-0.624352,-4.14488,17.0563,7.76017,-3.8916,11.1449,4.0158,0,0,0,0,0,0
3.2903,0.723985,0.0933553,-0.444916,0.0355493,-2.62926,-0.620898,-5.0038,17.5448,7.80406,-2.24388,10.7309,3.59352,0,0,0,0,0,0
3.2953,0.725757,0.100047,-0.467689,0.0395083,-2.63622,-0.614692,-5.0038,17.5448,7.80406,-2.24388,10.7309,3.59352,0,0,0,0,0,0
3.30031,0.764786,0.0898237,-0.488628,0.0314275,-2.63906,-0.606672,-4.98804,18.1989,7.66403,-3.0636,10.3417,2.53368,0,0,0,0,0,0
3.30532,0.827938,0.0483966,-0.505305,0.0214729,-2.63368,-0.585284,-4.98804,18.1989,7.66403,-3.0636,10.3417,2.53368,0,0,0,0,0,0
3.31031,0.901735,-0.0126584,-0.519116,0.00932328,-2.62121,-0.555353,-4.28278,18.4707,8.0047,-2.1528,10.822,4.18968,0,0,0,0,0,0
3.31531,0.961695,-0.0850971,-0.535989,-0.0149452,-2.6082,-0.534692,-4.28278,18.4707,8.0047,-2.1528,10.822,4.18968,0,0,0,0,0,0
3.32031,1.01015,-0.162544,-0.553827,-0.046905,-2.59462,-0.523313,-3.56964,18.2422,7.87094,-3.07188,10.9544,3.933,0,0,0,0,0,0
3.32531,1.02065,-0.239505,-0.568217,-0.0771882,-2.5822,-0.516764,-4.22762,17.4857,7.76226,-3.12156,9.28188,4.10688,0,0,0,0,0,0
3.33031,1.02567,-0.304479,-0.575988,-0.103403,-2.55318,-0.513684,-4.22762,17.4857,7.76226,-3.12156,9.28188,4.10688,0,0,0,0,0,0
3.33531,1.02421,-0.357298,-0.578142,-0.124515,-2.51524,-0.511985,-3.8218,17.6197,7.60969,-2.90628,10.7226,3.0636,0,0,0,0,0,0
3.34032,1.00481,-0.40199,-0.571963,-0.143829,-2.48053,-0.499147,-3.8218,17.6197,7.60969,-2.90628,10.7226,3.0636,0,0,0,0,0,0
3.34532,0.971586,-0.440475,-0.559283,-0.161645,-2.44954,-0.478053,-4.31824,16.5047,8.38926,-3.32856,11.2194,5.175,0,0,0,0,0,0
3.3503,0.945668,-0.442696,-0.559138,-0.175671,-2.42571,-0.475086,-3.66814,16.1146,8.31193,-2.74896,10.9462,4.45464,0,0,0,0,0,0
3.3553,0.905606,-0.405145,-0.567125,-0.193805,-2.40547,-0.480066,-3.66814,16.1146,8.31193,-2.74896,10.9462,4.45464,0,0,0,0,0,0
3.36022,0.858529,-0.344252,-0.582201,-0.214619,-2.3889,-0.492478,-5.72876,15.9294,7.92737,-3.53556,11.0786,4.347,0,0,0,0,0,0
3.36518,0.879514,-0.269364,-0.593656,-0.230476,-2.37756,-0.508686,-4.35764,15.7285,8.24505,-3.17952,11.741,3.34512,0,0,0,0,0,0
3.37032,0.90417,-0.183743,-0.610774,-0.247365,-2.37927,-0.515395,-4.35764,15.7285,8.24505,-3.17952,11.741,3.34512,0,0,0,0,0,0
3.3753,0.927101,-0.097635,-0.632656,-0.26377,-2.39293,-0.512553,-3.56964,16.4022,8.01724,-2.90628,10.9627,3.96612,0,0,0,0,0,0
3.38032,0.918988,-0.0155765,-0.654599,-0.282585,-2.40753,-0.509571,-3.56964,16.4022,8.01724,-2.90628,10.9627,3.96612,0,0,0,0,0,0
3.38532,0.883869,0.0596706,-0.677386,-0.302211,-2.42289,-0.506918,-4.73194,16.5559,7.38606,-2.75724,11.2111,4.83552,0,0,0,0,0,0
3.39031,0.872112,0.124215,-0.686418,-0.324245,-2.44221,-0.516577,-4.05426,16.3865,8.52511,-2.47572,12.2461,4.52088,0,0,0,0,0,0
3.39532,0.855761,0.184542,-0.709458,-0.350656,-2.47312,-0.531822,-4.05426,16.3865,8.52511,-2.47572,12.2461,4.52088,0,0,0,0,0,0
3.4003,0.836333,0.241143,-0.741578,-0.379524,-2.50995,-0.55054,-4.51918,16.4613,7.78734,-3.61008,10.8965,4.35528,0,0,0,0,0,0
3.40531,0.830907,0.294221,-0.761524,-0.398559,-2.54235,-0.570512,-3.83362,16.9775,7.86676,-3.3534,11.8238,3.04704,0,0,0,0,0,0
3.41033,0.817207,0.331291,-0.774632,-0.409197,-2.57787,-0.578445,-3.83362,16.9775,7.86676,-3.3534,11.8238,3.04704,0,0,0,0,0,0
3.41532,0.7989,0.352344,-0.783126,-0.411159,-2.61535,-0.57702,-4.9053,16.4456,8.26386,-3.01392,12.3124,3.73428,0,0,0,0,0,0
3.4203,0.815021,0.371874,-0.798852,-0.409719,-2.65635,-0.576815,-4.11336,16.1855,7.34426,-3.17124,11.3353,4.31388,0,0,0,0,0,0
3.42532,0.831844,0.394116,-0.798684,-0.403643,-2.69603,-0.585699,-4.75558,16.3274,7.4822,-2.4426,11.0041,2.95596,0,0,0,0,0,0
3.43031,0.873885,0.414848,-0.787322,-0.401636,-2.73157,-0.586441,-3.35688,16.4377,8.26595,-3.16296,11.5837,2.59164,0,0,0,0,0,0
3.43533,0.880658,0.428175,-0.788735,-0.395594,-2.76735,-0.575764,-3.743,16.2407,7.32545,-4.20624,12.064,2.7324,0,0,0,0,0,0
3.4403,0.875773,0.440354,-0.777611,-0.373956,-2.80546,-0.555977,-4.4916,16.0122,7.59715,-2.59164,11.0621,3.41136,0,0,0,0,0,0
3.44532,0.888509,0.457762,-0.761678,-0.357495,-2.84001,-0.535981,-4.08184,15.9806,7.09346,-2.10312,9.15768,3.75912,0,0,0,0,0,0
3.4503,0.901585,0.476865,-0.73253,-0.351331,-2.85101,-0.520488,-5.01562,16.2604,7.32754,-3.94956,10.9627,4.23936,0,0,0,0,0,0
3.4553,0.949387,0.492057,-0.698365,-0.332784,-2.85968,-0.514716,-6.62708,16.1973,8.52093,-5.53932,9.9774,4.4712,0,0,0,0,0,0
3.46033,1.05689,0.507724,-0.687733,-0.293611,-2.85381,-0.519561,-4.85408,16.0594,7.80197,-3.99924,11.7742,2.91456,0,0,0,0,0,0
3.46531,1.15116,0.528393,-0.67683,-0.253708,-2.85734,-0.513191,-4.89348,17.1154,8.06113,-3.65976,12.6518,3.519,0,0,0,0,0,0
3.47033,1.2337,0.531029,-0.669062,-0.215527,-2.87774,-0.502049,-4.23156,17.3399,8.22206,-3.51072,11.6168,3.8502,0,0,0,0,0,0
3.47531,1.28135,0.512818,-0.668367,-0.181103,-2.89905,-0.489394,-4.22368,17.2769,8.51884,-2.63304,10.5073,4.53744,0,0,0,0,0,0
3.4803,1.30154,0.478355,-0.681999,-0.156481,-2.90944,-0.483625,-4.72406,17.2572,7.70792,-3.22092,11.534,3.90816,0,0,0,0,0,0
3.4853,1.31908,0.435024,-0.686689,-0.135983,-2.92226,-0.476941,-3.96364,17.3124,8.93893,-3.11328,11.3519,4.0572,0,0,0,0,0,0
3.49032,1.3045,0.386098,-0.713376,-0.118613,-2.93439,-0.472643,-4.63344,17.3005,7.98589,-4.33872,11.4761,3.82536,0,0,0,0,0,0
3.4953,1.28985,0.336927,-0.73247,-0.092052,-2.94625,-0.467562,-3.51842,16.7411,7.99216,-3.44448,11.6417,4.0986,0,0,0,0,0,0
3.50035,1.235,0.300468,-0.744898,-0.0667371,-2.95982,-0.46437,-4.10154,15.9215,8.30148,-2.9394,12.5608,4.94316,0,0,0,0,0,0
3.5053,1.1781,0.296368,-0.758943,-0.0485558,-2.98444,-0.473244,-4.30248,15.6182,8.20325,-3.75912,11.8073,4.93488,0,0,0,0,0,0
3.51034,1.12742,0.327944,-0.769848,-0.0291986,-3.0102,-0.49135,-4.29854,15.5236,7.93364,-2.41776,11.4595,4.58712,0,0,0,0,0,0
3.51523,1.08476,0.385814,-0.768432,-0.0232346,-3.03111,-0.512185,-4.3143,16.0949,7.72464,-3.29544,12.2047,3.99096,0,0,0,0,0,0
3.52024,1.04552,0.447231,-0.754858,-0.0187538,-3.05692,-0.530421,-5.01562,16.2683,7.95454,-2.50884,10.7474,3.40308,0,0,0,0,0,0
3.52528,1.03914,0.505186,-0.737785,-0.0275067,-3.07083,-0.539261,-4.8659,16.8671,7.524,-3.94128,10.557,5.32404,0,0,0,0,0,0
3.53031,1.05258,0.544626,-0.710003,-0.0297738,-3.07177,-0.561759,-4.8659,16.8671,7.524,-3.94128,10.557,5.32404,0,0,0,0,0,0
3.53531,1.07915,0.564059,-0.677168,-0.0262016,-3.06187,-0.592503,-4.02668,17.1193,7.92946,-3.26232,10.8634,4.52088,0,0,0,0,0,0
3.54033,1.0842,0.563727,-0.648541,-0.0251137,-3.04634,-0.622654,-4.02668,17.1193,7.92946,-3.26232,10.8634,4.52088,0,0,0,0,0,0
3.5453,1.06912,0.546172,-0.623979,-0.0257095,-3.02673,-0.651854,-5.6736,16.9026,7.39442,-4.40496,11.8238,4.13172,0,0,0,0,0,0
3.55021,1.1014,0.522018,-0.589864,-0.0138051,-3.01483,-0.676389,-3.88878,16.9065,7.88348,-3.32856,10.4328,4.13172,0,0,0,0,0,0
3.55534,1.109,0.49134,-0.559276,-0.00371275,-2.99324,-0.6971,-4.70436,16.9144,8.16563,-4.52088,10.8965,4.20624,0,0,0,0,0,0
3.56031,1.12659,0.45539,-0.543277,0.017452,-2.97098,-0.715364,-5.51206,16.3352,8.17817,-3.44448,10.7474,5.4648,0,0,0,0,0,0
3.56533,1.18195,0.432263,-0.536549,0.0357648,-2.94575,-0.744851,-4.66102,15.7206,8.16981,-3.07188,10.9379,4.554,0,0,0,0,0,0
3.57032,1.23306,0.437198,-0.537511,0.0487744,-2.92006,-0.772674,-5.66178,15.5985,8.86996,-2.59164,11.0704,3.38652,0,0,0,0,0,0
3.5753,1.31056,0.467134,-0.563178,0.0496923,-2.89574,-0.786785,-4.31036,15.6733,8.10711,-3.67632,11.8156,4.13172,0,0,0,0,0,0
3.58033,1.35873,0.517285,-0.585922,0.053451,-2.8798,-0.79674,-5.0432,16.2289,7.83332,-3.30372,11.6996,4.4712,0,0,0,0,0,0
3.58532,1.41026,0.563557,-0.602991,0.0537488,-2.87186,-0.80622,-4.46796,16.3746,8.47077,-2.74896,10.2838,4.8852,0,0,0,0,0,0
3.59033,1.44186,0.597898,-0.63483,0.0428194,-2.85445,-0.821125,-4.78316,16.7726,7.34844,-3.03876,11.1035,4.79412,0,0,0,0,0,0
3.59533,1.46642,0.61077,-0.650369,0.024998,-2.83921,-0.838467,-5.01562,16.6662,7.48847,-1.81332,11.6831,3.1878,0,0,0,0,0,0
3.60032,1.49579,0.61688,-0.650525,-0.00792865,-2.8311,-0.8371,-5.01562,16.6662,7.48847,-1.81332,11.6831,3.1878,0,0,0,0,0,0
3.60532,1.52613,0.619287,-0.635563,-0.0481988,-2.8281,-0.819094,-4.08972,16.9105,7.25439,-4.4298,11.1283,4.91832,0,0,0,0,0,0
3.61033,1.52096,0.610503,-0.603637,-0.0761359,-2.82378,-0.808856,-4.53888,16.6504,7.54281,-3.21264,11.8487,5.175,0,0,0,0,0,0
3.61532,1.50513,0.596728,-0.567691,-0.101666,-2.82853,-0.808502,-4.4128,15.8309,7.82078,-3.5604,12.1385,4.53744,0,0,0,0,0,0
3.62034,1.47529,0.604065,-0.533577,-0.122265,-2.84367,-0.809315,-4.9447,14.9878,7.61178,-2.68272,10.7474,3.17952,0,0,0,0,0,0
3.62531,1.45785,0.645713,-0.499512,-0.147624,-2.85078,-0.794497,-4.00304,15.9806,7.76644,-3.7674,11.3105,5.44824,0,0,0,0,0,0
3.6303,1.41836,0.68874,-0.469628,-0.164774,-2.8587,-0.793919,-4.48372,15.8979,7.87303,-3.36168,12.5276,5.19156,0,0,0,0,0,0
3.63533,1.37959,0.730211,-0.449172,-0.178825,-2.88187,-0.803579,-4.54282,16.024,7.88557,-5.0094,11.7824,5.58072,0,0,0,0,0,0
3.64034,1.34385,0.764219,-0.438504,-0.16977,-2.90787,-0.824855,-4.24338,16.5638,8.21788,-4.79412,12.1468,3.70944,0,0,0,0,0,0
3.64531,1.30125,0.774227,-0.447221,-0.14501,-2.93854,-0.833776,-6.20156,16.9302,8.08621,-3.4776,11.443,4.04892,0,0,0,0,0,0
3.65033,1.32565,0.763134,-0.464269,-0.121878,-2.96599,-0.836494,-5.0432,16.4337,8.1092,-4.2642,11.7328,6.13548,0,0,0,0,0,0
3.65532,1.36175,0.752116,-0.483614,-0.0933833,-2.99173,-0.858399,-5.32294,16.5716,7.5449,-3.82536,10.7888,3.17124,0,0,0,0,0,0
3.66033,1.41516,0.742324,-0.486632,-0.0662076,-3.00648,-0.860173,-4.92894,16.7174,6.9179,-3.53556,11.7328,4.23108,0,0,0,0,0,0
3.66531,1.46108,0.727393,-0.462393,-0.0440717,-3.02254,-0.856603,-5.12988,15.7718,8.36418,-3.45276,11.0041,4.18968,0,0,0,0,0,0
3.67032,1.50758,0.730664,-0.452838,-0.0274368,-3.03015,-0.846856,-4.74376,15.957,8.19698,-3.46932,10.0188,5.65524,0,0,0,0,0,0
3.67524,1.54084,0.7458,-0.450789,-0.0142504,-3.01834,-0.851113,-4.8462,15.0705,7.07047,-4.44636,10.143,5.1336,0,0,0,0,0,0
3.6802,1.56833,0.787522,-0.430108,0.00802276,-2.99389,-0.860824,-4.6886,15.5906,7.82287,-3.19608,10.1927,3.3534,0,0,0,0,0,0
3.68534,1.58552,0.831464,-0.416754,0.0255288,-2.96207,-0.85443,-4.27884,16.6071,6.98896,-3.48588,10.3997,4.83552,0,0,0,0,0,0
3.69032,1.57559,0.845456,-0.392265,0.0405658,-2.92951,-0.852339,-2.92742,16.7332,7.18751,-2.97252,10.6812,4.35528,0,0,0,0,0,0
3.69531,1.50211,0.831142,-0.365897,0.0491856,-2.8981,-0.848615,-4.73982,16.879,7.68911,-3.04704,9.11628,3.75912,0,0,0,0,0,0
3.70035,1.44718,0.788444,-0.352218,0.0536615,-2.85773,-0.835952,-4.40886,17.1508,7.17497,-3.11328,9.37296,3.88332,0,0,0,0,0,0
3.70531,1.39964,0.72603,-0.33662,0.0542143,-2.81488,-0.81816,-4.40886,17.1508,7.17497,-3.11328,9.37296,3.88332,0,0,0,0,0,0
3.71033,1.35449,0.651565,-0.320906,0.05068,-2.76976,-0.796397,-5.22444,15.5,7.79988,-3.16296,10.3831,5.0508,0,0,0,0,0,0
3.71531,1.34774,0.600889,-0.315598,0.0447267,-2.72651,-0.785031,-5.22444,15.5,7.79988,-3.16296,10.3831,5.0508,0,0,0,0,0,0
3.72031,1.36886,0.576013,-0.317298,0.0369997,-2.68447,-0.782844,-4.48372,15.8979,7.97126,-4.4712,9.80352,4.09032,0,0,0,0,0,0
3.72533,1.38511,0.559538,-0.332965,0.0438735,-2.6418,-0.776649,-4.5704,15.5354,9.0079,-3.44448,10.2258,3.70116,0,0,0,0,0,0
3.73033,1.39594,0.561333,-0.380988,0.0482261,-2.60073,-0.76259,-4.81468,15.9846,7.34426,-3.17124,10.5156,5.6304,0,0,0,0,0,0
3.73532,1.41511,0.569332,-0.414225,0.0464322,-2.56244,-0.765196,-4.33794,16.4534,8.46868,-4.12344,9.78696,6.11064,0,0,0,0,0,0
3.74033,1.42298,0.567102,-0.461992,0.0504236,-2.52299,-0.78713,-4.5704,16.7292,8.01515,-2.99736,10.7392,5.37372,0,0,0,0,0,0
3.74533,1.4317,0.547579,-0.509605,0.0452092,-2.48887,-0.814095,-5.56328,17.6867,7.37143,-3.69288,11.2194,4.32216,0,0,0,0,0,0
3.75032,1.47559,0.492153,-0.54488,0.0419055,-2.46593,-0.833597,-5.05502,17.4463,7.96499,-2.09484,11.2774,5.70492,0,0,0,0,0,0
3.75534,1.52827,0.422834,-0.582629,0.0232058,-2.45509,-0.860736,-4.74376,16.7844,7.59297,-4.17312,10.8716,4.66164,0,0,0,0,0,0
3.76034,1.57059,0.356736,-0.611074,0.0153146,-2.44977,-0.884065,-4.925,17.0641,7.31291,-3.00564,11.2691,4.52088,0,0,0,0,0,0
3.76531,1.61104,0.290173,-0.624833,0.00381731,-2.45334,-0.902359,-4.75558,16.2604,7.27111,-2.88972,10.3086,4.347,0,0,0,0,0,0
3.77031,1.64654,0.240123,-0.623367,-0.0116015,-2.4528,-0.91452,-4.55858,15.3857,8.14055,-3.78396,11.2442,4.85208,0,0,0,0,0,0
3.77531,1.66771,0.227197,-0.629911,-0.0194594,-2.46126,-0.927489,-4.21974,16.615,7.38815,-3.0636,11.8156,5.98644,0,0,0,0,0,0
3.7803,1.66529,0.215155,-0.624369,-0.0289933,-2.48296,-0.952615,-4.45614,16.4062,7.79152,-3.95784,10.4494,3.13812,0,0,0,0,0,0
3.78533,1.64888,0.203484,-0.621557,-0.0297574,-2.50071,-0.955847,-4.61374,17.7576,7.36725,-4.13172,10.2838,4.13172,0,0,0,0,0,0
3.79033,1.62907,0.157235,-0.613147,-0.0198541,-2.51393,-0.951315,-4.77922,17.7142,7.46339,-4.72788,10.2175,4.66992,0,0,0,0,0,0
3.79532,1.61422,0.0913914,-0.604231,0.00431553,-2.52234,-0.946929,-4.26308,17.399,7.76644,-3.59352,9.58824,4.95144,0,0,0,0,0,0
3.80032,1.58964,0.0204882,-0.601599,0.0252292,-2.51885,-0.94608,-5.8903,17.2572,7.64313,-4.13172,10.5239,3.67632,0,0,0,0,0,0
3.80533,1.61632,-0.0505859,-0.600761,0.0477489,-2.51624,-0.932229,-4.4128,16.1304,7.87303,-4.347,11.0786,5.0094,0,0,0,0,0,0
3.81031,1.63256,-0.0967876,-0.603651,0.0735161,-2.52023,-0.923935,-5.07078,15.1651,8.35791,-2.74068,10.1927,5.31576,0,0,0,0,0,0
3.81533,1.66111,-0.094665,-0.621807,0.0854272,-2.5188,-0.924106,-5.04714,16.091,7.36098,-2.93112,10.8385,4.74444,0,0,0,0,0,0
3.82021,1.6993,-0.0773338,-0.62922,0.0888793,-2.52168,-0.922936,-5.23626,15.8467,7.38606,-3.34512,10.7557,4.8024,0,0,0,0,0,0
3.82525,1.75176,-0.0379812,-0.624656,0.0907144,-2.52625,-0.921807,-4.87378,17.6591,7.53654,-4.08204,9.73728,5.64696,0,0,0,0,0,0
3.83032,1.7983,-0.0376302,-0.620297,0.0996489,-2.52072,-0.932723,-6.0479,16.9814,7.75181,-4.27248,9.87804,5.35716,0,0,0,0,0,0
3.83533,1.87782,-0.0480668,-0.618689,0.116499,-2.50856,-0.949988,-6.0479,16.9814,7.75181,-4.27248,9.87804,5.35716,0,0,0,0,0,0
3.8403,1.96963,-0.0687129,-0.619778,0.138874,-2.4916,-0.971725,-5.0432,17.1942,6.46437,-1.96236,10.3914,2.98908,0,0,0,0,0,0
3.84532,2.04278,-0.10502,-0.594199,0.140652,-2.47713,-0.969438,-5.61844,17.4187,7.94409,-4.18968,9.67932,5.40684,0,0,0,0,0,0
3.85024,2.11474,-0.159397,-0.588092,0.149341,-2.45857,-0.975267,-4.71618,15.8979,7.31709,-4.03236,11.0124,6.01128,0,0,0,0,0,0
3.85531,2.16195,-0.188201,-0.575357,0.161353,-2.44999,-0.995188,-5.40962,15.6891,7.36098,-2.95596,10.3914,3.94128,0,0,0,0,0,0
3.86033,2.20854,-0.187409,-0.559174,0.164976,-2.44219,-1.00201,-4.66102,16.0634,8.19071,-3.3534,9.43092,5.2578,0,0,0,0,0,0
3.86531,2.22773,-0.168523,-0.559453,0.167302,-2.42342,-1.01229,-3.68784,15.894,7.70374,-4.57884,9.86148,4.8438,0,0,0,0,0,0
3.87033,2.18528,-0.137285,-0.56527,0.183286,-2.4022,-1.02095,-4.99986,17.0602,7.4822,-3.27888,9.41436,4.25592,0,0,0,0,0,0
3.8753,2.14443,-0.12181,-0.567581,0.195575,-2.37454,-1.02091,-4.43644,16.4653,7.53445,-2.91456,10.3666,4.36356,0,0,0,0,0,0
3.88033,2.08838,-0.104717,-0.567907,0.19981,-2.35151,-1.01485,-4.23156,17.0878,7.15198,-4.10688,10.085,5.00112,0,0,0,0,0,0
3.88518,2.01844,-0.109771,-0.56169,0.20929,-2.33148,-1.01058,-4.77528,16.6504,7.39024,-2.74896,8.56152,4.10688,0,0,0,0,0,0
3.89036,1.95688,-0.115799,-0.54985,0.206924,-2.29762,-0.99623,-4.58222,15.7324,7.11854,-3.59352,10.7557,4.09032,0,0,0,0,0,0
3.89534,1.90524,-0.0988793,-0.528301,0.203239,-2.27561,-0.975463,-4.25126,15.433,7.27738,-2.277,9.74556,3.65976,0,0,0,0,0,0
3.90034,1.8486,-0.0553364,-0.501976,0.184397,-2.25218,-0.946664,-3.51842,14.7514,7.77689,-1.72224,9.55512,5.5476,0,0,0,0,0,0
3.90536,1.76826,0.0102278,-0.489055,0.151628,-2.22748,-0.929719,-4.30642,16.5047,6.13206,-2.17764,9.70416,3.83364,0,0,0,0,0,0
3.91035,1.70238,0.0499129,-0.45548,0.115543,-2.20608,-0.905529,-3.83756,16.4377,8.01306,-2.94768,8.66916,4.35528,0,0,0,0,0,0
3.91539,1.63232,0.0655415,-0.453188,0.0819493,-2.17736,-0.881391,-5.1614,16.2801,6.39122,-2.1528,7.93224,5.10876,0,0,0,0,0,0
3.92038,1.61512,0.0646186,-0.436702,0.0462131,-2.14001,-0.866905,-5.1614,16.2801,6.39122,-2.1528,7.93224,5.10876,0,0,0,0,0,0
3.92539,1.63372,0.0440596,-0.411579,0.00907329,-2.09802,-0.861384,-4.73588,15.9294,7.3777,-2.90628,8.08128,3.15468,0,0,0,0,0,0
3.9304,1.669,0.016852,-0.405071,-0.0245775,-2.05431,-0.840013,-3.02198,14.7947,5.85618,-4.03236,8.20548,4.62852,0,0,0,0,0,0
3.93536,1.6592,0.0148691,-0.376476,-0.04031,-2.01062,-0.824733,-5.30718,14.4716,7.17079,-4.33872,10.1678,5.9202,0,0,0,0,0,0
3.94034,1.69649,0.0400991,-0.36302,-0.0368271,-1.97554,-0.830423,-5.6145,16.217,7.57834,-4.50432,8.79336,6.03612,0,0,0,0,0,0
3.94536,1.77745,0.0546998,-0.365798,-0.0166691,-1.94009,-0.853474,-5.6145,16.217,7.57834,-4.50432,8.79336,6.03612,0,0,0,0,0,0
3.95037,1.87328,0.0594398,-0.382,0.0136126,-1.90402,-0.886465,-4.75164,17.2848,7.73718,-3.75084,9.74556,5.0922,0,0,0,0,0,0
3.95538,1.95547,0.0335554,-0.410195,0.0423402,-1.87465,-0.918275,-4.75164,17.2848,7.73718,-3.75084,9.74556,5.0922,0,0,0,0,0,0
3.96038,2.01722,-0.0180537,-0.448255,0.0684129,-1.85212,-0.948413,-4.74376,16.8947,7.67448,-3.21264,10.0022,4.03236,0,0,0,0,0,0
3.96536,2.06665,-0.0737464,-0.488833,0.0845857,-1.84018,-0.965787,-4.74376,16.8947,7.67448,-3.21264,10.0022,4.03236,0,0,0,0,0,0
3.97034,2.0982,-0.134705,-0.53249,0.0909235,-1.83835,-0.970304,-5.54358,16.0161,8.74665,-2.91456,8.03988,5.02596,0,0,0,0,0,0
3.97533,2.14937,-0.178704,-0.595097,0.0881911,-1.82155,-0.975507,-3.89666,16.087,8.09457,-3.40308,9.24048,4.00752,0,0,0,0,0,0
3.98028,2.15877,-0.206573,-0.656858,0.0821241,-1.80727,-0.967113,-3.89666,16.087,8.09457,-3.40308,9.24048,4.00752,0,0,0,0,0,0
3.98534,2.12947,-0.227437,-0.720659,0.0722929,-1.79526,-0.946316,-4.17246,17.6473,7.89811,-3.23748,9.729,5.11704,0,0,0,0,0,0
3.99035,2.08782,-0.271775,-0.777261,0.0587113,-1.79144,-0.929588,-4.17246,17.6473,7.89811,-3.23748,9.729,5.11704,0,0,0,0,0,0
3.99531,2.03321,-0.33239,-0.82872,0.0430414,-1.79425,-0.917022,-4.91712,17.0996,7.51773,-3.41964,8.86788,5.6718,0,0,0,0,0,0
4.00031,2.00468,-0.387708,-0.863719,0.0299559,-1.79134,-0.915145,-4.91712,17.0996,7.51773,-3.41964,8.86788,5.6718,0,0,0,0,0,0
4.00542,1.99766,-0.436949,-0.883103,0.0204753,-1.78214,-0.92338,-4.91712,17.0996,7.51773,-3.41964,8.86788,5.6718,0,0,0,0,0,0
4.01034,2.00099,-0.483399,-0.891895,0.0155508,-1.76822,-0.940066,-4.79498,15.3305,7.12272,-3.67632,9.78696,4.42152,0,0,0,0,0,0
4.01537,2.01451,-0.486939,-0.882811,0.0174141,-1.76159,-0.948455,-5.0235,16.7923,7.77689,-3.23748,8.67744,5.48136,0,0,0,0,0,0
4.02035,2.04578,-0.483969,-0.870575,0.017386,-1.7474,-0.961918,-5.0235,16.7923,7.77689,-3.23748,8.67744,5.48136,0,0,0,0,0,0
4.02538,2.08054,-0.480217,-0.858091,0.0140786,-1.72693,-0.979392,-5.08654,17.2572,7.50728,-2.34324,8.71056,4.23936,0,0,0,0,0,0
4.03035,2.12719,-0.484584,-0.838215,-0.000224626,-1.70295,-0.985107,-5.08654,17.2572,7.50728,-2.34324,8.71056,4.23936,0,0,0,0,0,0
4.03535,2.17448,-0.5044,-0.817023,-0.0214633,-1.67636,-0.980705,-4.01092,17.1902,8.01724,-3.48588,9.33156,5.81256,0,0,0,0,0,0
4.04035,2.18867,-0.534898,-0.809838,-0.0377084,-1.65576,-0.985695,-4.01092,17.1902,8.01724,-3.48588,9.33156,5.81256,0,0,0,0,0,0
4.04536,2.16712,-0.581097,-0.820599,-0.0510238,-1.64173,-0.99846,-4.47584,16.02,7.11018,-3.1464,9.4806,4.95972,0,0,0,0,0,0
4.05035,2.14712,-0.603511,-0.819485,-0.0639329,-1.63728,-1.00832,-4.47584,16.02,7.11018,-3.1464,9.4806,4.95972,0,0,0,0,0,0
4.05536,2.12257,-0.610732,-0.809889,-0.0754216,-1.64218,-1.0163,-4.9841,16.7805,8.09457,-3.78396,7.97364,4.31388,0,0,0,0,0,0
4.06037,2.11865,-0.627972,-0.820923,-0.0769678,-1.63745,-1.01444,-4.2158,16.5598,6.74025,-2.53368,9.38124,4.38012,0,0,0,0,0,0
4.06546,2.1081,-0.645971,-0.814623,-0.0846645,-1.64184,-1.00453,-4.2158,16.5598,6.74025,-2.53368,9.38124,4.38012,0,0,0,0,0,0
4.07038,2.0848,-0.670274,-0.796883,-0.0966678,-1.65407,-0.988601,-4.13306,15.7285,6.23029,-3.45276,8.2386,4.74444,0,0,0,0,0,0
4.07539,2.05792,-0.673572,-0.756041,-0.105012,-1.65916,-0.971417,-5.19686,16.0003,7.64104,-3.65148,9.12456,5.34888,0,0,0,0,0,0
4.08039,2.07154,-0.660383,-0.728304,-0.10907,-1.66786,-0.960919,-5.19686,16.0003,7.64104,-3.65148,9.12456,5.34888,0,0,0,0,0,0
4.0853,2.10715,-0.639373,-0.714453,-0.110137,-1.67889,-0.956514,-5.64602,16.5244,6.69636,-2.5668,8.1558,3.90816,0,0,0,0,0,0
4.09018,2.17228,-0.623772,-0.688994,-0.119189,-1.68082,-0.940375,-4.30642,15.8546,6.63366,-3.08016,8.86788,6.35076,0,0,0,0,0,0
4.0953,2.2249,-0.592323,-0.650317,-0.128672,-1.68411,-0.941643,-4.30642,15.8546,6.63366,-3.08016,8.86788,6.35076,0,0,0,0,0,0
4.10023,2.26238,-0.555227,-0.607226,-0.13702,-1.68903,-0.958248,-4.9841,16.3628,6.63784,-3.17952,8.23032,5.7546,0,0,0,0,0,0
4.10528,2.30326,-0.529697,-0.562585,-0.144439,-1.68649,-0.980138,-4.36158,15.2517,6.28672,-2.83176,8.34624,5.78772,0,0,0,0,0,0
4.11031,2.33457,-0.481801,-0.508718,-0.155328,-1.67918,-1.0065,-4.36158,15.2517,6.28672,-2.83176,8.34624,5.78772,0,0,0,0,0,0
4.1153,2.35427,-0.423231,-0.451086,-0.168858,-1.66819,-1.03602,-4.31824,15.5985,7.55535,-3.73428,8.61948,5.29092,0,0,0,0,0,0
4.12033,2.35173,-0.37079,-0.420815,-0.174805,-1.65761,-1.06291,-3.9794,16.3195,7.13108,-4.11516,7.89084,5.44824,0,0,0,0,0,0
4.12533,2.32852,-0.337414,-0.403767,-0.167303,-1.63907,-1.08802,-3.9794,16.3195,7.13108,-4.11516,7.89084,5.44824,0,0,0,0,0,0
4.13033,2.28232,-0.328831,-0.402277,-0.147753,-1.61474,-1.11129,-4.36158,17.0169,7.01613,-3.70944,9.19908,4.2642,0,0,0,0,0,0
4.13534,2.24003,-0.357777,-0.412373,-0.124669,-1.6016,-1.11923,-4.89348,16.875,7.84168,-4.04064,8.26344,6.19344,0,0,0,0,0,0
4.1403,2.22968,-0.398596,-0.443509,-0.0984645,-1.58634,-1.13702,-4.89348,16.875,7.84168,-4.04064,8.26344,6.19344,0,0,0,0,0,0
4.14531,2.23633,-0.448066,-0.488806,-0.0708382,-1.56862,-1.16224,-5.52782,16.7686,7.76017,-3.30372,9.80352,6.09408,0,0,0,0,0,0
4.15035,2.2889,-0.492708,-0.536606,-0.0484139,-1.56685,-1.19154,-5.52782,16.7686,7.76017,-3.30372,9.80352,6.09408,0,0,0,0,0,0
4.15537,2.36773,-0.53171,-0.58415,-0.0300249,-1.57862,-1.22327,-5.52782,16.7686,7.76017,-3.30372,9.80352,6.09408,0,0,0,0,0,0
4.16037,2.45109,-0.573844,-0.634233,-0.0144675,-1.60097,-1.25645,-5.62632,16.7844,7.76226,-2.39292,7.7832,5.06736,0,0,0,0,0,0
4.16538,2.54422,-0.606755,-0.679612,-0.012144,-1.60793,-1.28121,-5.62632,16.7844,7.76226,-2.39292,7.7832,5.06736,0,0,0,0,0,0
4.17038,2.63243,-0.637901,-0.722768,-0.0210311,-1.60048,-1.29663,-5.08654,15.8664,6.55424,-3.08016,8.5284,4.35528,0,0,0,0,0,0
4.17537,2.70549,-0.653936,-0.742889,-0.0301074,-1.5934,-1.29507,-4.53888,16.7095,8.55855,-2.88144,8.80992,4.57056,0,0,0,0,0,0
4.18037,2.75487,-0.671,-0.787097,-0.0437213,-1.59055,-1.282,-4.53888,16.7095,8.55855,-2.88144,8.80992,4.57056,0,0,0,0,0,0
4.18538,2.77587,-0.695782,-0.847962,-0.061761,-1.59196,-1.26041,-4.7871,17.9979,6.82803,-2.37636,8.50356,4.98456,0,0,0,0,0,0
4.19038,2.79727,-0.748421,-0.884855,-0.0852299,-1.59414,-1.23694,-4.7871,17.9979,6.82803,-2.37636,8.50356,4.98456,0,0,0,0,0,0
4.19537,2.80792,-0.821558,-0.9061,-0.110841,-1.59741,-1.21224,-4.16064,16.0673,7.05375,-2.76552,7.42716,4.64508,0,0,0,0,0,0
4.20026,2.79732,-0.872041,-0.915383,-0.132245,-1.58884,-1.18405,-4.16064,16.0673,7.05375,-2.76552,7.42716,4.64508,0,0,0,0,0,0
4.20537,2.7563,-0.910045,-0.919025,-0.15028,-1.56997,-1.15175,-4.5704,15.0902,6.12788,-3.38652,7.75008,6.003,0,0,0,0,0,0
4.21037,2.72282,-0.908577,-0.894752,-0.160636,-1.5487,-1.13005,-4.5704,15.0902,6.12788,-3.38652,7.75008,6.003,0,0,0,0,0,0
4.21534,2.68474,-0.889042,-0.856781,-0.167014,-1.52627,-1.11767,-3.72724,15.8861,6.80713,-2.26872,7.22844,5.53104,0,0,0,0,0,0
4.22038,2.63153,-0.861252,-0.817972,-0.184622,-1.49763,-1.10879,-3.72724,15.8861,6.80713,-2.26872,7.22844,5.53104,0,0,0,0,0,0
4.22537,2.56391,-0.834717,-0.783018,-0.210148,-1.4654,-1.10402,-3.92818,14.2313,8.0047,-3.65148,8.25516,6.46668,0,0,0,0,0,0
4.23036,2.50451,-0.770703,-0.777423,-0.22789,-1.44009,-1.11332,-3.92818,14.2313,8.0047,-3.65148,8.25516,6.46668,0,0,0,0,0,0
4.23536,2.44098,-0.694568,-0.801401,-0.238641,-1.42243,-1.13362,-5.19292,15.5709,6.36196,-2.67444,6.417,5.24952,0,0,0,0,0,0
4.24039,2.43119,-0.625159,-0.806731,-0.252869,-1.3928,-1.14813,-5.19292,15.5709,6.36196,-2.67444,6.417,5.24952,0,0,0,0,0,0
4.24537,2.45003,-0.571915,-0.801969,-0.267933,-1.35682,-1.15679,-5.56722,16.1934,6.07563,-3.09672,7.67556,3.79224,0,0,0,0,0,0
4.25029,2.51668,-0.535973,-0.774398,-0.277027,-1.32502,-1.14396,-5.56722,16.1934,6.07563,-3.09672,7.67556,3.79224,0,0,0,0,0,0
4.25537,2.60468,-0.519596,-0.731417,-0.280219,-1.29587,-1.11532,-4.48766,14.6332,5.62628,-2.99736,8.31312,5.6304,0,0,0,0,0,0
4.26036,2.67865,-0.474767,-0.669375,-0.282417,-1.2772,-1.09311,-4.48766,14.6332,5.62628,-2.99736,8.31312,5.6304,0,0,0,0,0,0
4.26537,2.73149,-0.41983,-0.599901,-0.285503,-1.2678,-1.0758,-4.73982,14.2076,6.69845,-2.40948,7.46856,6.17688,0,0,0,0,0,0
4.27038,2.78744,-0.348316,-0.540364,-0.294024,-1.25738,-1.06997,-4.73982,14.2076,6.69845,-2.40948,7.46856,6.17688,0,0,0,0,0,0
4.27537,2.83836,-0.271321,-0.492683,-0.305374,-1.24695,-1.07454,-4.07002,14.5583,6.1655,-3.0222,7.7418,3.96612,0,0,0,0,0,0
4.28038,2.85088,-0.195801,-0.444673,-0.314167,-1.23834,-1.06147,-3.49478,14.7553,7.12063,-2.51712,6.26796,4.95972,0,0,0,0,0,0
4.28537,2.82678,-0.122647,-0.415986,-0.324989,-1.21491,-1.04529,-3.49478,14.7553,7.12063,-2.51712,6.26796,4.95972,0,0,0,0,0,0
4.29024,2.76596,-0.0606479,-0.409824,-0.336016,-1.18334,-1.02718,-3.84938,15.76,6.479,-2.47572,6.61572,5.9616,0,0,0,0,0,0
4.29524,2.70197,-0.0239957,-0.406386,-0.348774,-1.14878,-1.01726,-3.84938,15.76,6.479,-2.47572,6.61572,5.9616,0,0,0,0,0,0
4.30017,2.63955,-0.0171631,-0.408445,-0.362836,-1.11378,-1.01489,-3.84938,15.76,6.479,-2.47572,6.61572,5.9616,0,0,0,0,0,0
4.30531,2.56756,-0.047201,-0.422931,-0.378561,-1.07728,-1.01887,-3.26626,13.9673,6.15505,-4.37184,6.417,5.64696,0,0,0,0,0,0
4.31035,2.4927,-0.0507875,-0.434341,-0.370252,-1.04135,-1.0248,-3.26626,13.9673,6.15505,-4.37184,6.417,5.64696,0,0,0,0,0,0
4.31534,2.41679,-0.0369011,-0.445357,-0.344135,-1.00643,-1.03232,-4.71618,13.8964,6.50199,-2.7738,6.31764,4.23936,0,0,0,0,0,0
4.32034,2.38133,-0.00837418,-0.463706,-0.321,-0.971016,-1.0243,-5.00774,15.0547,6.53961,-3.49416,6.56604,4.4298,0,0,0,0,0,0
4.32534,2.4064,0.0154696,-0.481783,-0.294409,-0.936997,-1.0067,-5.00774,15.0547,6.53961,-3.49416,6.56604,4.4298,0,0,0,0,0,0
4.33033,2.46875,0.0274984,-0.502773,-0.266085,-0.904428,-0.982921,-4.18034,13.6285,6.91999,-3.6846,6.51636,5.77944,0,0,0,0,0,0
4.33532,2.53118,0.06677,-0.532419,-0.233998,-0.873338,-0.968708,-4.28278,15.3857,7.24394,-2.8152,5.89536,5.24124,0,0,0,0,0,0
4.34034,2.60046,0.0898077,-0.572513,-0.206488,-0.838575,-0.955508,-4.28278,15.3857,7.24394,-2.8152,5.89536,5.24124,0,0,0,0,0,0
4.34531,2.66008,0.0882356,-0.622269,-0.183603,-0.801955,-0.942832,-4.23944,16.5125,5.12468,-2.29356,6.85584,4.968,0,0,0,0,0,0
4.35034,2.71744,0.046655,-0.627711,-0.168161,-0.769766,-0.926662,-3.79422,15.3424,7.03076,-2.40948,6.14376,6.51636,0,0,0,0,0,0
4.35532,2.75773,0.00661391,-0.641214,-0.159739,-0.737347,-0.927229,-3.79422,15.3424,7.03076,-2.40948,6.14376,6.51636,0,0,0,0,0,0
4.36032,2.77193,-0.0407851,-0.666731,-0.157913,-0.705029,-0.942334,-3.2111,14.8577,5.87708,-2.86488,6.01956,4.83552,0,0,0,0,0,0
4.36533,2.75653,-0.0736179,-0.66795,-0.155406,-0.672522,-0.951258,-3.2111,14.8577,5.87708,-2.86488,6.01956,4.83552,0,0,0,0,0,0
4.37033,2.70594,-0.103556,-0.653906,-0.151672,-0.640676,-0.955674,-4.23156,15.563,7.00568,-3.56868,6.92208,4.91832,0,0,0,0,0,0
4.37531,2.68291,-0.13764,-0.651384,-0.139322,-0.617145,-0.956194,-4.23156,15.563,7.00568,-3.56868,6.92208,4.91832,0,0,0,0,0,0
4.38034,2.67141,-0.182387,-0.664375,-0.120492,-0.60132,-0.95253,-3.76664,14.6962,6.35569,-3.00564,7.69212,3.84192,0,0,0,0,0,0
4.38534,2.66729,-0.211007,-0.673323,-0.103614,-0.604394,-0.931803,-3.76664,14.6962,6.35569,-3.00564,7.69212,3.84192,0,0,0,0,0,0
4.39032,2.65804,-0.239175,-0.685859,-0.0882459,-0.624527,-0.900078,-3.84544,16.3904,6.29299,-2.65788,6.68196,3.933,0,0,0,0,0,0
4.39534,2.66137,-0.291396,-0.691389,-0.0779107,-0.646657,-0.862444,-3.84544,16.3904,6.29299,-2.65788,6.68196,3.933,0,0,0,0,0,0
4.40032,2.6618,-0.360975,-0.693839,-0.0716612,-0.669919,-0.821863,-3.61692,14.3534,6.65038,-2.22732,5.89536,4.33872,0,0,0,0,0,0
4.40529,2.66381,-0.402329,-0.699056,-0.070878,-0.685943,-0.781041,-3.66814,14.5386,6.19476,-1.29168,4.66164,5.60556,0,0,0,0,0,0
4.41033,2.67769,-0.419477,-0.694667,-0.0862669,-0.679785,-0.747426,-3.66814,14.5386,6.19476,-1.29168,4.66164,5.60556,0,0,0,0,0,0
4.4153,2.69039,-0.4291,-0.68862,-0.113088,-0.655913,-0.724467,-3.43174,15.6339,6.92835,-3.08016,3.88332,3.79224,0,0,0,0,0,0
4.42031,2.70615,-0.456331,-0.700301,-0.127509,-0.617348,-0.69499,-3.43174,15.6339,6.92835,-3.08016,3.88332,3.79224,0,0,0,0,0,0
4.4253,2.71793,-0.502458,-0.731966,-0.12854,-0.573042,-0.662284,-3.65238,14.8302,4.94076,-3.19608,4.8438,5.14188,0,0,0,0,0,0
4.43033,2.74097,-0.543554,-0.73095,-0.116862,-0.528374,-0.637173,-3.65238,14.8302,4.94076,-3.19608,4.8438,5.14188,0,0,0,0,0,0
4.43531,2.75911,-0.58772,-0.707716,-0.0957443,-0.484596,-0.619182,-3.79028,13.0414,5.37339,-2.41776,4.28076,5.51448,0,0,0,0,0,0
4.44019,2.78573,-0.599567,-0.683979,-0.0780992,-0.441051,-0.611594,-1.9306,15.2517,5.54477,0.18216,4.85208,2.74896,0,0,0,0,0,0
4.4452,2.75793,-0.636213,-0.662427,-0.0893535,-0.397972,-0.583688,-1.50902,14.4519,4.80073,-4.11516,3.78396,3.46104,0,0,0,0,0,0
4.45028,2.67674,-0.674001,-0.626216,-0.0735994,-0.352485,-0.549595,-5.57904,15.7915,6.16341,-3.70116,4.57884,8.23032,0,0,0,0,0,0
4.45531,2.70648,-0.728774,-0.60538,-0.0461909,-0.308155,-0.561655,-3.87696,14.4165,6.10489,-4.16484,4.2228,6.72336,0,0,0,0,0,0
4.4603,2.75146,-0.761341,-0.591704,-0.0103886,-0.263443,-0.590894,-3.33718,14.4677,6.3118,-2.4012,4.81068,5.63868,0,0,0,0,0,0
4.46531,2.78261,-0.769821,-0.584337,0.0179828,-0.21946,-0.622339,-3.4869,15.7167,6.45392,-2.277,5.27436,5.07564,0,0,0,0,0,0
4.47033,2.80613,-0.792533,-0.587939,0.0348839,-0.17847,-0.650629,-3.56964,15.4448,7.47384,-2.17764,6.4584,6.40872,0,0,0,0,0,0
4.47533,2.82688,-0.820185,-0.62561,0.0400241,-0.149611,-0.685882,-3.69178,15.3424,6.23865,-2.82348,5.39856,6.42528,0,0,0,0,0,0
4.48031,2.84652,-0.840788,-0.654151,0.0445946,-0.124532,-0.725024,-3.08502,14.4677,6.61276,-2.97252,5.97816,4.89348,0,0,0,0,0,0
4.48532,2.8472,-0.829544,-0.682603,0.0488411,-0.108887,-0.758451,-3.349,13.8452,5.77676,-2.97252,4.03236,5.24952,0,0,0,0,0,0
4.49034,2.84009,-0.780963,-0.690307,0.0518829,-0.0809797,-0.787457,-3.99516,15.1532,6.94298,-2.96424,5.7132,5.175,0,0,0,0,0,0
4.49531,2.85748,-0.739667,-0.713222,0.051741,-0.062112,-0.810334,-4.28672,15.8152,6.06518,-1.95408,6.21828,6.10236,0,0,0,0,0,0
4.50021,2.90261,-0.722157,-0.727048,0.0392119,-0.0578783,-0.836494,-3.6248,15.7364,5.88962,-1.6974,5.19984,3.71772,0,0,0,0,0,0
4.50535,2.94763,-0.717099,-0.726397,0.0123133,-0.053223,-0.840842,-3.63268,15.3857,6.0401,-3.17952,5.66352,6.88068,0,0,0,0,0,0
4.51033,2.99271,-0.721629,-0.722219,-0.00951181,-0.05661,-0.863233,-3.63268,15.3857,6.0401,-3.17952,5.66352,6.88068,0,0,0,0,0,0
4.51532,3.02615,-0.748888,-0.72392,-0.027945,-0.0684645,-0.896623,-3.32536,15.6221,6.62948,-1.83816,5.6718,6.15204,0,0,0,0,0,0
4.52034,3.0438,-0.787694,-0.738491,-0.0535033,-0.0867025,-0.931844,-2.98258,14.9681,5.30442,-2.91456,6.47496,4.7196,0,0,0,0,0,0
4.52531,3.04052,-0.814051,-0.728478,-0.0741594,-0.116515,-0.956269,-2.98258,14.9681,5.30442,-2.91456,6.47496,4.7196,0,0,0,0,0,0
4.53031,3.00863,-0.84043,-0.703473,-0.0912064,-0.153416,-0.969734,-2.57676,14.3692,5.57612,-2.22732,4.44636,5.4234,0,0,0,0,0,0
4.5353,2.95932,-0.837485,-0.666335,-0.109942,-0.180326,-0.981047,-2.57676,14.3692,5.57612,-2.22732,4.44636,5.4234,0,0,0,0,0,0
4.54032,2.89752,-0.813679,-0.622346,-0.12816,-0.196514,-0.990266,-3.2702,15.9215,5.64718,-1.01016,4.28076,5.69664,0,0,0,0,0,0
4.54531,2.84902,-0.811762,-0.575925,-0.157554,-0.199207,-1.00204,-3.152,16.4613,5.97949,-4.38012,3.17952,4.8024,0,0,0,0,0,0
4.5502,2.80947,-0.840824,-0.536738,-0.160175,-0.178856,-1.00488,-3.57358,14.184,6.23865,-2.53368,4.52088,6.0444,0,0,0,0,0,0
4.55533,2.79583,-0.843018,-0.508606,-0.161509,-0.154557,-1.01542,-3.40416,15.4684,5.83528,-3.105,4.08204,4.347,0,0,0,0,0,0
4.56035,2.79533,-0.857252,-0.484144,-0.156,-0.125225,-1.01093,-2.72648,15.9846,6.92835,-2.06172,4.37184,5.33232,0,0,0,0,0,0
4.56532,2.78172,-0.893808,-0.491109,-0.156348,-0.0955677,-1.00633,-3.9991,15.8427,6.34315,-3.66804,3.3534,6.15204,0,0,0,0,0,0
4.57033,2.80483,-0.943792,-0.511956,-0.14286,-0.0584907,-1.01097,-2.8368,13.4984,6.30553,-2.18592,4.57056,5.39856,0,0,0,0,0,0
4.57532,2.81757,-0.94975,-0.542818,-0.137053,-0.0251067,-1.01467,-2.86438,13.9043,6.76115,-2.7324,4.37184,5.3406,0,0,0,0,0,0
4.5803,2.82081,-0.931803,-0.591487,-0.129169,0.00605705,-1.01634,-3.0732,14.775,6.47064,-2.84832,4.12344,6.35076,0,0,0,0,0,0
4.58531,2.8278,-0.915961,-0.645784,-0.121961,0.037074,-1.02646,-4.30642,15.6891,5.44445,-2.84004,3.86676,7.14564,0,0,0,0,0,0
4.59031,2.87963,-0.923175,-0.680611,-0.11608,0.0700857,-1.05135,-2.76982,14.8459,6.38286,-2.33496,2.5668,4.91832,0,0,0,0,0,0
4.59525,2.90835,-0.930214,-0.720219,-0.118173,0.110899,-1.06538,-3.43962,14.2155,4.92404,-3.32856,3.3534,7.17048,0,0,0,0,0,0
4.60015,2.94712,-0.921645,-0.729588,-0.113978,0.152442,-1.09135,-3.0338,14.5347,5.8311,-2.4426,4.57884,5.55588,0,0,0,0,0,0
4.60532,2.98579,-0.899642,-0.732007,-0.112631,0.191348,-1.11173,-3.98728,14.4795,5.45281,-2.14452,4.21452,5.48964,0,0,0,0,0,0
4.61033,3.05145,-0.874067,-0.723044,-0.118925,0.225381,-1.12478,-2.4822,14.2904,5.88126,-2.36808,5.24952,3.79224,0,0,0,0,0,0
4.61534,3.07638,-0.839487,-0.713621,-0.129046,0.245968,-1.11183,-3.00622,14.05,5.5176,-3.65976,4.40496,7.34436,0,0,0,0,0,0
4.62033,3.095,-0.795825,-0.696376,-0.126383,0.261567,-1.11943,-3.55388,13.5891,5.81229,-1.55664,5.53932,6.72336,0,0,0,0,0,0
4.62532,3.12814,-0.740215,-0.681411,-0.136029,0.257178,-1.13641,-3.12048,15.2557,5.61583,-2.50056,5.47308,6.6654,0,0,0,0,0,0
4.63033,3.15498,-0.712478,-0.66532,-0.146873,0.236405,-1.16012,-2.01334,14.5307,4.72131,-3.03048,4.3884,6.22656,0,0,0,0,0,0
4.63534,3.13816,-0.688563,-0.625888,-0.154665,0.214712,-1.18573,-3.53812,14.2076,4.9533,-1.9872,6.09408,5.72148,0,0,0,0,0,0
4.64032,3.1417,-0.665384,-0.579949,-0.169919,0.17877,-1.20697,-2.88802,14.3889,5.63464,-1.45728,4.14,6.3342,0,0,0,0,0,0
4.64532,3.13606,-0.644125,-0.54089,-0.194341,0.148065,-1.23063,-3.50266,15.2714,7.68911,-2.64132,4.46292,7.96536,0,0,0,0,0,0
4.65034,3.1532,-0.639486,-0.554334,-0.214084,0.119848,-1.26738,-3.50266,15.2714,7.68911,-2.64132,4.46292,7.96536,0,0,0,0,0,0
4.65532,3.18055,-0.658572,-0.610209,-0.229481,0.0935254,-1.30958,-2.78952,14.6056,6.67964,-1.22544,3.519,4.6782,0,0,0,0,0,0
4.6603,3.19939,-0.672593,-0.670272,-0.255534,0.0790283,-1.33747,-2.78952,14.6056,6.67964,-1.22544,3.519,4.6782,0,0,0,0,0,0
4.66533,3.20062,-0.694148,-0.73712,-0.287721,0.0745638,-1.3457,-2.17488,16.024,6.08399,-1.27512,2.90628,6.06924,0,0,0,0,0,0
4.67032,3.17477,-0.741306,-0.792857,-0.323515,0.087702,-1.35203,-2.17488,16.024,6.08399,-1.27512,2.90628,6.06924,0,0,0,0,0,0
4.67531,3.12021,-0.80658,-0.840915,-0.36169,0.113728,-1.35653,-2.71072,15.2399,6.23238,-3.15468,4.32216,5.19984,0,0,0,0,0,0
4.68032,3.06697,-0.870398,-0.885206,-0.388971,0.136182,-1.34863,-3.3687,14.1091,5.60747,-3.09672,2.37636,6.35904,0,0,0,0,0,0
4.68532,3.04225,-0.914428,-0.915295,-0.405484,0.171117,-1.34334,-3.67996,14.7553,5.22082,-1.96236,3.8088,6.24312,0,0,0,0,0,0
4.69025,3.05393,-0.949938,-0.919947,-0.425956,0.203782,-1.33917,-2.758,14.05,6.05891,-2.66616,2.47572,7.00488,0,0,0,0,0,0
4.69533,3.06305,-0.959976,-0.923769,-0.442183,0.243998,-1.34409,-3.40416,12.7026,4.98883,-3.22092,3.04704,6.78132,0,0,0,0,0,0
4.70034,3.09785,-0.910985,-0.896407,-0.444364,0.284631,-1.35618,-2.82498,13.4945,5.55731,-1.44072,4.00752,5.97816,0,0,0,0,0,0
4.70532,3.13099,-0.847596,-0.863002,-0.45366,0.319631,-1.36574,-2.85256,13.723,5.33786,-3.44448,2.98908,5.81256,0,0,0,0,0,0
4.71035,3.16056,-0.785666,-0.826725,-0.444039,0.355493,-1.37139,-2.67526,14.1643,5.57821,-2.33496,3.38652,4.06548,0,0,0,0,0,0
4.71535,3.17921,-0.733925,-0.794146,-0.431558,0.388854,-1.35263,-2.78952,13.0178,4.03788,-3.24576,2.40948,7.245,0,0,0,0,0,0
4.72038,3.19014,-0.673512,-0.735673,-0.408573,0.426461,-1.34894,-2.40734,13.1754,5.72242,-1.88784,2.86488,6.64056,0,0,0,0,0,0
4.72537,3.19526,-0.607409,-0.691451,-0.392492,0.463423,-1.35175,-2.40734,13.1754,5.72242,-1.88784,2.86488,6.64056,0,0,0,0,0,0
4.7304,3.19114,-0.542076,-0.663187,-0.38141,0.499435,-1.36092,-2.33248,12.0288,5.83737,-2.1114,3.42792,5.34888,0,0,0,0,0,0
4.73535,3.17264,-0.468122,-0.657443,-0.374304,0.528602,-1.36102,-1.05592,13.5694,6.56678,-1.2834,4.06548,4.94316,0,0,0,0,0,0
4.74036,3.10259,-0.410154,-0.688701,-0.381464,0.544928,-1.34972,-3.10866,15.035,5.63046,-2.92284,1.9458,6.36732,0,0,0,0,0,0
4.74538,3.07105,-0.399865,-0.723381,-0.381666,0.571873,-1.34699,-2.2064,14.8341,4.81536,-1.62288,4.46292,6.19344,0,0,0,0,0,0
4.75024,3.03847,-0.424724,-0.741303,-0.391255,0.578557,-1.34815,-2.47038,12.8523,5.96277,-1.22544,4.32216,6.42528,0,0,0,0,0,0
4.75522,3.01824,-0.419523,-0.7651,-0.409636,0.570255,-1.35374,-2.40734,13.6442,6.23238,-1.58976,3.75084,5.59728,0,0,0,0,0,0
4.76015,3.00898,-0.408738,-0.799236,-0.430946,0.555034,-1.35388,-2.15518,13.9121,4.43498,-2.29356,4.47948,6.10236,0,0,0,0,0,0
4.76531,2.99736,-0.40579,-0.803163,-0.450576,0.52649,-1.35373,-1.72178,12.0997,5.63464,-3.05532,3.92472,5.39028,0,0,0,0,0,0
4.77036,2.97171,-0.366104,-0.812541,-0.457531,0.495213,-1.34426,-3.01804,12.7262,4.93449,-1.12608,3.54384,6.89724,0,0,0,0,0,0
4.77538,2.98732,-0.315998,-0.807789,-0.475616,0.464527,-1.34384,-2.19852,13.5812,4.92613,-3.55212,4.00752,6.22656,0,0,0,0,0,0
4.78036,3.00789,-0.276382,-0.789218,-0.472634,0.431514,-1.34393,-3.41204,13.7427,5.05153,-1.66428,2.1528,6.1272,0,0,0,0,0,0
4.78536,3.07423,-0.248797,-0.763621,-0.473145,0.412711,-1.34321,-2.36794,13.2345,4.47051,-2.92284,3.12984,5.7132,0,0,0,0,0,0
4.79038,3.1347,-0.215604,-0.718091,-0.461237,0.396842,-1.33659,-2.62404,13.2463,5.24172,-1.97892,2.11968,6.24312,0,0,0,0,0,0
4.79539,3.19879,-0.186139,-0.680765,-0.45065,0.395605,-1.33032,-3.14018,13.4984,4.33884,-2.691,2.18592,5.74632,0,0,0,0,0,0
4.80038,3.27866,-0.161326,-0.629688,-0.432455,0.40619,-1.31997,-1.76906,12.2337,5.57612,-1.9458,2.42604,6.09408,0,0,0,0,0,0
4.80537,3.32243,-0.11252,-0.593955,-0.41723,0.423675,-1.30983,-2.9156,13.1754,5.06198,-2.7738,2.83176,6.59088,0,0,0,0,0,0
4.81037,3.38176,-0.0709228,-0.562855,-0.395265,0.441071,-1.30638,-2.9156,13.1754,5.06198,-2.7738,2.83176,6.59088,0,0,0,0,0,0
4.81537,3.44023,-0.0504794,-0.544747,-0.368231,0.456274,-1.30917,-2.23004,14.3613,5.50924,-2.87316,1.41588,6.9966,0,0,0,0,0,0
4.82036,3.47971,-0.0730726,-0.547128,-0.340725,0.484766,-1.32234,-2.23004,14.3613,5.50924,-2.87316,1.41588,6.9966,0,0,0,0,0,0
4.82537,3.49806,-0.132952,-0.571988,-0.314684,0.520664,-1.34349,-1.88332,13.1005,4.94494,-1.49868,2.59992,5.44824,0,0,0,0,0,0
4.83037,3.48944,-0.18887,-0.598043,-0.305151,0.552959,-1.35365,-1.9897,14.0776,5.66808,-1.92096,2.26872,6.31764,0,0,0,0,0,0
4.83536,3.46049,-0.254455,-0.637809,-0.30224,0.5846,-1.36355,-1.96212,14.5347,5.13304,-1.7802,2.41776,6.89724,0,0,0,0,0,0
4.84038,3.41848,-0.329064,-0.672679,-0.306149,0.614581,-1.38202,-1.8321,13.853,4.06296,-2.87316,2.46744,6.40044,0,0,0,0,0,0
4.84537,3.36483,-0.39527,-0.671761,-0.303064,0.642873,-1.40018,-2.43098,13.1517,5.78303,-1.43244,1.60632,6.31764,0,0,0,0,0,0
4.85037,3.32943,-0.441169,-0.68509,-0.309508,0.67676,-1.41647,-1.69026,13.79,4.62517,-1.16748,2.16108,4.42152,0,0,0,0,0,0
4.85541,3.28094,-0.483494,-0.681965,-0.326059,0.709995,-1.40899,-1.96212,14.3889,5.18738,-1.3662,2.47572,6.2514,0,0,0,0,0,0
4.86039,3.24067,-0.531438,-0.676993,-0.348484,0.739033,-1.40287,-2.31278,13.2423,5.1832,-3.12984,2.30184,5.70492,0,0,0,0,0,0
4.86536,3.22347,-0.559635,-0.672158,-0.356898,0.765119,-1.39169,-2.364,13.6324,5.48207,-1.51524,2.898,5.76288,0,0,0,0,0,0
4.87038,3.2273,-0.582127,-0.675307,-0.371943,0.782348,-1.37817,-1.68632,14.0461,4.40781,-0.96876,2.76552,5.86224,0,0,0,0,0,0
4.87537,3.23095,-0.611774,-0.661137,-0.395153,0.790859,-1.36403,-2.46644,13.6954,5.14767,-2.50056,2.97252,6.24312,0,0,0,0,0,0
4.88039,3.26074,-0.634027,-0.647697,-0.409825,0.789016,-1.35317,-1.41446,12.4386,4.92613,-2.80692,4.25592,5.2578,0,0,0,0,0,0
4.8854,3.27756,-0.622753,-0.633447,-0.413682,0.76248,-1.33365,-2.25368,12.872,4.66279,-1.42416,3.54384,6.20172,0,0,0,0,0,0
4.89038,3.30961,-0.597863,-0.613954,-0.426415,0.728168,-1.31791,-2.69102,14.2392,5.6221,-2.2356,3.34512,5.9616,0,0,0,0,0,0
4.8954,3.36457,-0.60006,-0.616435,-0.438145,0.689848,-1.3027,-1.73754,13.1832,4.13611,-2.9394,3.55212,5.68836,0,0,0,0,0,0
4.90036,3.40313,-0.598605,-0.600504,-0.437762,0.648984,-1.28437,-2.33642,13.5654,4.37855,-1.64772,1.73052,6.64884,0,0,0,0,0,0
4.90534,3.44942,-0.615225,-0.58403,-0.443413,0.614653,-1.27485,-2.6201,14.6647,4.24897,-2.09484,2.37636,3.52728,0,0,0,0,0,0
4.91013,3.50857,-0.664624,-0.562981,-0.447144,0.584355,-1.24325,-2.16306,12.6789,5.36294,-2.65788,2.43432,5.85396,0,0,0,0,0,0
4.91529,3.56638,-0.696601,-0.562844,-0.441059,0.555349,-1.2134,-2.16306,12.6789,5.36294,-2.65788,2.43432,5.85396,0,0,0,0,0,0
4.92036,3.60604,-0.716297,-0.587487,-0.425102,0.530598,-1.18861,-2.34036,13.5694,4.68578,-2.84004,1.55664,3.84192,0,0,0,0,0,0
4.92537,3.64546,-0.744739,-0.612324,-0.400852,0.518931,-1.15142,-1.40264,13.2857,3.73274,-1.87128,-0.0414,5.47308,0,0,0,0,0,0
4.93036,3.6526,-0.766542,-0.60953,-0.381068,0.537424,-1.11691,-1.5169,11.0438,3.6575,-3.75912,1.58976,4.5954,0,0,0,0,0,0
4.93539,3.64469,-0.735556,-0.587737,-0.347295,0.558697,-1.0801,-0.79588,12.3755,3.93547,-3.8502,1.47384,7.21188,0,0,0,0,0,0
4.94038,3.60062,-0.702452,-0.563662,-0.30708,0.582356,-1.06411,-0.79588,12.3755,3.93547,-3.8502,1.47384,7.21188,0,0,0,0,0,0
4.94536,3.52795,-0.680811,-0.545959,-0.263538,0.606367,-1.07026,-1.61146,12.4622,4.48305,-3.38652,1.4076,6.98004,0,0,0,0,0,0
4.9503,3.46944,-0.655709,-0.536956,-0.220136,0.631584,-1.09019,-2.02122,12.8759,5.4758,-2.03688,2.35152,6.3342,0,0,0,0,0,0
4.95537,3.43707,-0.626681,-0.552199,-0.182114,0.650492,-1.11334,-2.02122,12.8759,5.4758,-2.03688,2.35152,6.3342,0,0,0,0,0,0
4.96035,3.41737,-0.60094,-0.588693,-0.152745,0.662311,-1.13761,-1.4578,13.7861,5.18738,-2.1114,1.54836,5.66352,0,0,0,0,0,0
4.96537,3.39259,-0.587369,-0.625919,-0.12986,0.679058,-1.1565,-1.15836,13.002,3.84978,-2.4426,0.9522,6.51636,0,0,0,0,0,0
4.97036,3.35129,-0.565027,-0.629635,-0.108917,0.705803,-1.17928,-0.2955,13.9634,4.9115,-2.55024,-0.01656,7.01316,0,0,0,0,0,0
4.97535,3.27486,-0.558167,-0.630968,-0.0897293,0.744622,-1.20777,-0.60282,14.2864,4.26151,-1.06812,0.43884,6.94692,0,0,0,0,0,0
4.98037,3.19803,-0.568004,-0.61275,-0.086173,0.787186,-1.23907,-0.60282,14.2864,4.26151,-1.06812,0.43884,6.94692,0,0,0,0,0,0
4.98538,3.12187,-0.60091,-0.584428,-0.0938289,0.831145,-1.27182,-0.91408,13.3369,5.37339,-1.29168,0.79488,6.417,0,0,0,0,0,0
4.9903,3.06221,-0.617686,-0.570846,-0.109176,0.874373,-1.30007,-0.91408,13.3369,5.37339,-1.29168,0.79488,6.417,0,0,0,0,0,0
4.99534,3.01175,-0.620402,-0.568387,-0.131052,0.918567,-1.32472,-0.91408,13.3369,5.37339,-1.29168,0.79488,6.417,0,0,0,0,0,0
5.00037,2.96205,-0.61928,-0.581248,-0.157406,0.962047,-1.34524,-1.36408,13.935,4.18255,-2.49519,1.13145,5.17209,0.00871792,0.00871792,0.00581195,0.00290597,0.00290597,0.00290597
5.0054,2.94,-0.622648,-0.5726,-0.177482,1.00356,-1.3484,-1.48259,13.8165,4.10354,-2.53469,1.09195,5.13259,0.127233,0.127233,0.084822,0.042411,0.042411,0.042411
5.01027,2.93847,-0.636153,-0.549086,-0.192072,1.04122,-1.3372,-0.746291,13.4692,4.29248,-2.39906,2.36194,5.09434,0.241971,0.241971,0.161314,0.0806569,0.0806569,0.0806569
5.01524,2.93243,-0.645999,-0.515448,-0.20335,1.06758,-1.31528,-1.82473,13.0449,3.87166,-2.13172,1.37072,7.47308,0.35905,0.35905,0.239366,0.119683,0.119683,0.119683
5.02042,2.96578,-0.63961,-0.464562,-0.215189,1.09257,-1.30998,-1.94673,12.9228,3.79033,-2.17239,1.33005,7.43241,0.481052,0.481052,0.320702,0.160351,0.160351,0.160351
5.02539,3.02373,-0.626072,-0.409717,-0.225585,1.11431,-1.31935,-1.23242,12.2227,4.54622,-2.86552,2.591,6.17624,0.598079,0.598079,0.398719,0.19936,0.19936,0.19936
5.0304,3.07962,-0.597302,-0.371249,-0.228144,1.11647,-1.32674,-2.10683,13.208,3.78626,-2.82203,2.51029,7.10569,0.716011,0.716011,0.477341,0.23867,0.23867,0.23867
5.03539,3.15974,-0.577456,-0.328344,-0.224124,1.1024,-1.34249,-2.00755,13.0078,4.24929,-2.45545,1.94123,5.45195,0.833428,0.833428,0.555619,0.277809,0.277809,0.277809
5.04032,3.24677,-0.560863,-0.294295,-0.218258,1.08192,-1.346,-2.72632,12.8248,4.45414,-1.34318,2.29174,6.13366,0.949383,0.949383,0.632922,0.316461,0.316461,0.316461
5.04532,3.35634,-0.541,-0.271807,-0.223998,1.05332,-1.34783,-2.84387,12.7073,4.37578,-1.38236,2.25256,6.09448,1.06693,1.06693,0.711284,0.355642,0.355642,0.355642
5.05028,3.47288,-0.526636,-0.263836,-0.23842,1.01924,-1.34797,-2.33788,11.0108,4.29181,-2.76257,0.251352,5.26075,1.18346,1.18346,0.788976,0.394488,0.394488,0.394488
5.05523,3.58565,-0.470987,-0.259854,-0.24327,0.998652,-1.33607,-1.85917,10.9104,3.78797,-2.62743,1.16481,5.71053,1.29969,1.29969,0.866463,0.433231,0.433231,0.433231
5.06027,3.68686,-0.392335,-0.244264,-0.24062,0.98099,-1.31864,-2.82454,11.9859,2.82296,-2.26941,1.53111,6.14307,1.41796,1.41796,0.945305,0.472653,0.472653,0.472653
5.06534,3.79675,-0.313208,-0.196674,-0.235929,0.963756,-1.30312,-2.38,11.4613,3.84723,-2.01924,-0.0651587,5.52384,1.53684,1.53684,1.02456,0.512279,0.512279,0.512279
5.0702,3.89718,-0.231505,-0.149795,-0.232858,0.967492,-1.28363,-2.49386,11.3474,3.77132,-2.05719,-0.103113,5.48589,1.6507,1.6507,1.10047,0.550233,0.550233,0.550233
5.07529,3.99573,-0.144049,-0.102074,-0.229577,0.987542,-1.25992,-3.07005,10.59,3.69398,-3.41343,1.17369,5.80221,1.76985,1.76985,1.1799,0.589949,0.589949,0.589949
5.08029,4.10417,-0.0517565,-0.0534645,-0.210375,1.00702,-1.23776,-3.18698,10.473,3.61603,-3.45241,1.13471,5.76323,1.88678,1.88678,1.25785,0.628926,0.628926,0.628926
5.08528,4.21728,0.0428346,-0.00564675,-0.180227,1.02573,-1.21662,-3.35872,8.65044,2.52257,-3.83075,-0.361426,5.44285,2.00336,2.00336,1.33557,0.667786,0.667786,0.667786
5.09039,4.33627,0.144262,0.0566721,-0.140839,1.0574,-1.19085,-3.08004,9.98898,2.13374,-2.84378,0.286061,6.80242,2.12262,2.12262,1.41508,0.707539,0.707539,0.707539
5.09538,4.45086,0.243996,0.132567,-0.103999,1.09152,-1.17796,-3.19636,9.87266,2.05619,-2.88255,0.247287,6.76365,2.23894,2.23894,1.49263,0.746313,0.746313,0.746313
5.10039,4.5632,0.344462,0.215614,-0.0686249,1.12735,-1.17618,-2.30043,8.52671,1.90736,-3.54244,-0.230438,4.58024,2.35559,2.35559,1.5704,0.785198,0.785198,0.785198
5.10538,4.65077,0.445572,0.300463,-0.03075,1.16583,-1.15795,-2.39283,9.88817,1.7464,-2.86904,-0.409878,5.42752,2.47163,2.47163,1.64776,0.823878,0.823878,0.823878
5.11031,4.72659,0.545372,0.387958,0.00438246,1.20699,-1.1354,-2.50733,9.77367,1.67007,-2.9072,-0.448044,5.38936,2.58613,2.58613,1.72409,0.862044,0.862044,0.862044
5.11539,4.79891,0.648094,0.480215,0.0389706,1.25134,-1.10787,-3.44861,8.27685,2.77238,-2.46624,-0.578397,5.1348,2.70395,2.70395,1.80263,0.901317,0.901317,0.901317
5.12031,4.88911,0.748499,0.5633,0.0682965,1.29573,-1.0762,-3.56255,8.16291,2.69641,-2.50422,-0.616378,5.09682,2.81789,2.81789,1.8786,0.939298,0.939298,0.939298
5.12539,4.98991,0.852521,0.639588,0.0962192,1.34208,-1.04002,-2.95901,10.5,3.40603,-3.54526,-1.2517,5.90222,2.93537,2.93537,1.95691,0.978456,0.978456,0.978456
5.13031,5.07759,0.952077,0.693138,0.128978,1.38859,-1.00788,-3.112,9.88604,1.56007,-2.49016,-0.428441,5.2682,3.04896,3.04896,2.03264,1.01632,1.01632,1.01632
5.13531,5.16604,1.05236,0.760976,0.157335,1.43535,-0.973567,-3.22726,9.77078,1.48323,-2.52858,-0.466859,5.22978,3.16422,3.16422,2.10948,1.05474,1.05474,1.05474
5.14032,5.25219,1.15133,0.83479,0.181281,1.48137,-0.938142,-3.27557,10.1126,1.43145,-1.80525,-0.687449,5.91171,3.27951,3.27951,2.18634,1.09317,1.09317,1.09317
5.14534,5.3387,1.24866,0.915048,0.194038,1.5275,-0.906106,-3.39088,9.99728,1.35457,-1.84369,-0.725888,5.87327,3.39482,3.39482,2.26322,1.13161,1.13161,1.13161
5.15028,5.41955,1.3417,0.996977,0.198401,1.57268,-0.877194,-4.09516,9.6633,2.43065,-5.68197,-0.233725,7.37559,3.5081,3.5081,2.33873,1.16937,1.16937,1.16937
5.15528,5.51792,1.43449,1.07154,0.232816,1.61714,-0.866424,-4.20959,9.54887,2.35436,-5.72011,-0.271869,7.33745,3.62253,3.62253,2.41502,1.20751,1.20751,1.20751
5.16034,5.6242,1.52533,1.13602,0.278717,1.6605,-0.87366,-4.40397,8.94869,1.95754,-3.64724,-0.111676,3.81304,3.73811,3.73811,2.49207,1.24604,1.24604,1.24604
5.16541,5.7377,1.61859,1.20058,0.323537,1.70173,-0.852172,-4.32254,8.50612,1.66313,-2.64248,-0.257839,5.62924,3.85368,3.85368,2.56912,1.28456,1.28456,1.28456
5.17032,5.84812,1.71087,1.26391,0.360231,1.7398,-0.82904,-4.27663,10.4353,2.25329,-3.56567,0.0858107,4.63153,3.96537,3.96537,2.64358,1.32179,1.32179,1.32179
5.17539,5.96079,1.79712,1.31994,0.396768,1.77476,-0.796063,-4.32473,8.65365,1.02289,-3.27283,-0.49075,3.32633,4.08045,4.08045,2.7203,1.36015,1.36015,1.36015
5.18032,6.06905,1.88631,1.38962,0.430175,1.8093,-0.753586,-4.43639,8.54199,0.948452,-3.31005,-0.527969,3.28911,4.19211,4.19211,2.79474,1.39737,1.39737,1.39737
5.18538,6.17643,1.9804,1.46844,0.463951,1.84452,-0.706073,-4.45617,8.50245,1.36129,-2.76856,-0.367362,4.0376,4.30645,4.30645,2.87096,1.43548,1.43548,1.43548
5.19023,6.28002,2.07262,1.54413,0.491178,1.87683,-0.659774,-4.5655,8.39312,1.28839,-2.80501,-0.403808,4.00115,4.41578,4.41578,2.94386,1.47193,1.47193,1.47193
5.19529,6.3875,2.16934,1.62112,0.515808,1.90792,-0.610949,-4.29318,8.12962,1.28568,-2.74358,-0.251301,5.36254,4.52958,4.52958,3.01972,1.50986,1.50986,1.50986
5.20029,6.48734,2.26523,1.69289,0.535596,1.93524,-0.564644,-4.65751,8.71875,1.00817,-3.31917,-0.313531,4.72899,4.64175,4.64175,3.0945,1.54725,1.54725,1.54725
5.20535,6.59111,2.35926,1.76292,0.557907,1.95877,-0.518726,-4.75498,7.55752,1.24619,-4.44987,0.327688,3.51549,4.75498,4.75498,3.16998,1.58499,1.58499,1.58499
5.21036,6.6968,2.45498,1.82864,0.591182,1.97218,-0.471379,-4.86679,7.44571,1.17165,-4.48714,0.290418,3.47822,4.86679,4.86679,3.24452,1.62226,1.62226,1.62226
5.21535,6.80024,2.55137,1.89014,0.630552,1.97583,-0.423124,-5.91951,7.91385,0.834264,-3.0586,-1.24528,4.6418,4.97785,4.97785,3.31857,1.65928,1.65928,1.65928
5.22027,6.92138,2.64631,1.95423,0.665124,1.99014,-0.376275,-5.78443,7.48155,0.270311,-4.88348,-1.67084,4.92832,5.08705,5.08705,3.39137,1.69568,1.69568,1.69568
5.2253,7.05146,2.74408,2.02835,0.707134,2.01705,-0.329954,-5.89577,7.37021,0.196089,-4.9206,-1.70796,4.8912,5.19839,5.19839,3.46559,1.7328,1.7328,1.7328
5.23024,7.18078,2.83979,2.10416,0.751915,2.05035,-0.286419,-4.64943,7.21389,0.652175,-5.75182,-2.25766,4.26698,5.30741,5.30741,3.53827,1.76914,1.76914,1.76914
5.23537,7.29961,2.93935,2.179,0.801961,2.09183,-0.241106,-5.09721,6.94341,0.624992,-5.06908,-1.51696,3.32684,5.42029,5.42029,3.61353,1.80676,1.80676,1.80676
5.24039,7.40891,3.03744,2.24874,0.851784,2.13357,-0.194603,-5.20733,6.83329,0.551579,-5.10579,-1.55367,3.29013,5.53041,5.53041,3.68694,1.84347,1.84347,1.84347
5.24538,7.5103,3.13479,2.31286,0.901934,2.17539,-0.147251,-6.19901,6.77147,0.474653,-3.89188,-1.87156,5.43968,5.63953,5.63953,3.75969,1.87984,1.87984,1.87984
5.25038,7.62709,3.23244,2.37408,0.951062,2.21867,-0.103921,-5.31906,6.75708,-0.172758,-4.47469,-3.08365,3.09323,5.74852,5.74852,3.83235,1.91617,1.91617,1.91617
5.25536,7.73686,3.32989,2.44312,0.99974,2.26568,-0.058075,-5.42727,6.64887,-0.244894,-4.51076,-3.11972,3.05716,5.85673,5.85673,3.90448,1.95224,1.95224,1.95224
5.26031,7.83977,3.42665,2.51586,1.04795,2.3141,-0.0109769,-6.22002,8.30278,-0.199317,-3.39557,-1.06889,4.56151,5.96392,5.96392,3.97595,1.98797,1.98797,1.98797
5.26538,7.95579,3.52014,2.59225,1.09484,2.36197,0.0359314,-5.46658,6.23526,-0.240915,-3.88745,-2.81933,3.39895,6.07334,6.07334,4.04889,2.02445,2.02445,2.02445
5.27038,8.06335,3.61561,2.66972,1.13917,2.4104,0.0831612,-5.57411,6.12773,-0.312603,-3.92329,-2.85517,3.36311,6.18087,6.18087,4.12058,2.06029,2.06029,2.06029
5.27533,8.16366,3.71166,2.74695,1.18103,2.459,0.130495,-5.95206,7.01444,-1.09392,-4.04973,-1.86381,3.46851,6.28696,6.28696,4.1913,2.09565,2.09565,2.09565
5.28038,8.26714,3.80745,2.83147,1.22275,2.5078,0.179165,-6.55633,6.35501,-1.03623,-4.52452,-1.98256,4.55864,6.39479,6.39479,4.26319,2.1316,2.1316,2.1316
5.2853,8.38018,3.90062,2.91583,1.26381,2.55475,0.224813,-6.661,6.25034,-1.10601,-4.55941,-2.01745,4.52375,6.49946,6.49946,4.33297,2.16649,2.16649,2.16649
5.29033,8.50223,3.9953,3.00265,1.3058,2.60212,0.269088,-6.76761,6.14373,-1.17709,-4.59494,-2.05298,4.48822,6.60607,6.60607,4.40405,2.20202,2.20202,2.20202
5.29538,8.62654,4.08866,3.08885,1.34781,2.64877,0.310471,-6.91757,5.55651,-1.64108,-3.68656,-2.61844,4.03868,6.71269,6.71269,4.47512,2.23756,2.23756,2.23756
5.30038,8.75288,4.18362,3.17776,1.38394,2.69533,0.350504,-7.12121,5.26617,-0.229373,-4.60757,-2.81909,4.16923,6.81783,6.81783,4.54522,2.27261,2.27261,2.27261
5.30524,8.87922,4.27787,3.25588,1.41985,2.74111,0.387881,-7.22301,5.16437,-0.297239,-4.6415,-2.85302,4.1353,6.91963,6.91963,4.61309,2.30654,2.30654,2.30654
5.31027,9.01119,4.37601,3.32524,1.45793,2.78856,0.425246,-6.75665,6.05623,-1.26381,-5.18156,-2.6396,4.11688,7.02457,7.02457,4.68305,2.34152,2.34152,2.34152
5.31534,9.13836,4.47421,3.40168,1.5,2.83625,0.461686,-6.4798,5.947,-1.54302,-4.15683,-2.98935,3.86649,7.1299,7.1299,4.75326,2.37663,2.37663,2.37663
5.32032,9.25222,4.56976,3.48186,1.53911,2.88351,0.497915,-6.94923,5.75329,-1.42151,-4.88669,-2.42753,2.53219,7.23291,7.23291,4.82194,2.41097,2.41097,2.41097
5.32531,9.36444,4.66563,3.56462,1.58019,2.93003,0.540062,-7.03625,4.77981,-1.26849,-4.76363,-3.30635,4.39405,7.33569,7.33569,4.89046,2.44523,2.44523,2.44523
5.33029,9.47577,4.76344,3.64668,1.62188,2.97735,0.578317,-6.66557,5.55239,-2.09524,-4.73971,-3.61363,4.76573,7.43781,7.43781,4.95854,2.47927,2.47927,2.47927
5.33529,9.57624,4.86069,3.73318,1.66383,3.02578,0.609652,-6.83463,4.80811,-0.955274,-4.02026,-2.67062,3.7795,7.53989,7.53989,5.02659,2.5133,2.5133,2.5133
5.34046,9.67598,4.96243,3.8164,1.7023,3.07525,0.64418,-6.93969,4.70305,-1.02531,-4.05528,-2.70564,3.74448,7.64495,7.64495,5.09663,2.54832,2.54832,2.54832
5.34544,9.7666,5.06099,3.88943,1.73346,3.12205,0.679528,-7.00889,4.97263,-1.63377,-4.20477,-2.16789,2.90775,7.74567,7.74567,5.16378,2.58189,2.58189,2.58189
5.35033,9.85402,5.15768,3.96264,1.75941,3.16607,0.719439,-7.10733,4.87419,-1.69939,-4.23758,-2.2007,2.87494,7.84411,7.84411,5.2294,2.6147,2.6147,2.6147
5.35545,9.9424,5.25835,4.03862,1.78268,3.20943,0.764152,-7.51328,3.75122,-1.54206,-4.61125,-3.78325,3.84263,7.94668,7.94668,5.29779,2.64889,2.64889,2.64889
5.36031,10.0358,5.35554,4.10909,1.80726,3.2534,0.805561,-7.44863,4.43833,-2.26709,-4.67667,-2.42451,3.04029,8.04357,8.04357,5.36238,2.68119,2.68119,2.68119
5.3653,10.1352,5.45539,4.18772,1.83479,3.29621,0.849714,-7.54762,4.33934,-2.33308,-4.70967,-2.45751,3.00729,8.14256,8.14256,5.42837,2.71419,2.71419,2.71419
5.37027,10.2337,5.55453,4.26861,1.86393,3.33538,0.894704,-7.40538,4.33584,-2.06617,-4.91625,-2.51505,4.73823,8.24066,8.24066,5.49377,2.74689,2.74689,2.74689
5.37517,10.3277,5.65166,4.34561,1.89452,3.37075,0.933289,-7.4228,3.04972,-1.9255,-4.69164,-4.26936,3.08328,8.33688,8.33688,5.55792,2.77896,2.77896,2.77896
5.38014,10.4219,5.75169,4.42053,1.92508,3.41269,0.973223,-7.5199,2.95262,-1.99023,-4.72401,-4.30173,3.05091,8.43398,8.43398,5.62265,2.81133,2.81133,2.81133
5.38516,10.5148,5.85358,4.49294,1.95574,3.45797,1.01372,-7.06585,3.65887,-1.37184,-4.5992,-2.24768,2.65408,8.53153,8.53153,5.68769,2.84384,2.84384,2.84384
5.39018,10.5956,5.95549,4.55264,1.98367,3.4984,1.05628,-7.16287,3.56185,-1.43652,-4.63154,-2.28002,2.62174,8.62855,8.62855,5.75237,2.87618,2.87618,2.87618
5.3952,10.666,6.05724,4.59824,2.0089,3.5316,1.10041,-7.56667,3.00037,-3.52814,-5.18534,-3.22298,2.22526,8.72503,8.72503,5.81669,2.90834,2.90834,2.90834
5.40018,10.7401,6.15833,4.66824,2.03733,3.56508,1.14618,-7.69731,2.56249,-2.46508,-5.00179,-2.65855,1.34069,8.82021,8.82021,5.88014,2.94007,2.94007,2.94007
5.40517,10.8214,6.26015,4.73885,2.06668,3.59497,1.19438,-7.79214,2.46766,-2.5283,-5.0334,-2.69016,1.30908,8.91504,8.91504,5.94336,2.97168,2.97168,2.97168
5.41019,10.9076,6.3629,4.8095,2.09712,3.62106,1.24397,-7.88304,2.57762,-2.94265,-6.33185,-2.45681,2.38699,9.00988,9.00988,6.00659,3.00329,3.00329,3.00329
5.41518,10.9999,6.46502,4.8808,2.13666,3.64159,1.293,-7.97677,2.48389,-3.00513,-6.3631,-2.48806,2.35574,9.10361,9.10361,6.06907,3.03454,3.03454,3.03454
5.42024,11.0991,6.56832,4.95074,2.18153,3.65699,1.34244,-8.22095,1.83003,-4.66069,-6.17102,-2.91698,3.2599,9.19807,9.19807,6.13205,3.06602,3.06602,3.06602
5.42516,11.206,6.66894,5.03442,2.22726,3.67227,1.38891,-8.28861,1.79383,-2.77158,-6.83074,-4.21426,4.00778,9.28937,9.28937,6.19291,3.09646,3.09646,3.09646
5.43031,11.3261,6.77437,5.1139,2.27725,3.70207,1.43287,-8.38358,1.69886,-2.8349,-6.86239,-4.24591,3.97613,9.38434,9.38434,6.25623,3.12811,3.12811,3.12811
5.43521,11.4458,6.87471,5.18086,2.32587,3.73799,1.46745,-8.35911,0.671371,-4.06516,-5.47644,-3.62172,2.59656,9.47413,9.47413,6.31609,3.15804,3.15804,3.15804
5.4402,11.5718,6.97736,5.25732,2.37477,3.77503,1.50322,-8.34753,1.63641,-3.51545,-4.13225,-3.76793,1.63891,9.56499,9.56499,6.37666,3.18833,3.18833,3.18833
5.4453,11.7035,7.08208,5.33215,2.41999,3.81399,1.54422,-8.29007,2.30065,-4.08065,-3.98084,-3.57512,-1.61276,9.65725,9.65725,6.43817,3.21908,3.21908,3.21908
5.45016,11.8306,7.18133,5.40719,2.45532,3.8507,1.59195,-6.79353,2.28821,-3.1712,-5.50864,-4.78828,4.05476,9.74459,9.74459,6.49639,3.2482,3.2482,3.2482
5.45519,11.9454,7.2836,5.47805,2.49404,3.89335,1.63631,-5.36642,2.65152,-4.01064,-4.42905,-3.84117,6.36807,9.83438,9.83438,6.55626,3.27813,3.27813,3.27813
5.46022,12.006,7.38506,5.55479,2.52616,3.93582,1.64774,-5.45561,2.56233,-4.07009,-4.45878,-3.8709,6.33834,9.92357,9.92357,6.61571,3.30786,3.30786,3.30786
5.46518,12.0283,7.48407,5.63361,2.55049,3.97734,1.62068,-3.19076,2.538,-2.88894,-4.65349,-4.14841,3.07175,10.0109,10.0109,6.67393,3.33697,3.33697,3.33697
5.47027,11.9622,7.58499,5.70543,2.57056,4.0206,1.59867,-3.02365,2.28351,-3.78009,-4.68315,-3.94623,2.96757,10.0999,10.0999,6.73326,3.36663,3.36663,3.36663
5.47522,11.8647,7.68245,5.77649,2.58511,4.06188,1.58513,-2.45948,2.49708,-3.2877,-4.47167,-5.21687,2.69053,10.1858,10.1858,6.79054,3.39527,3.39527,3.39527
5.48027,11.7589,7.78104,5.84376,2.59386,4.10749,1.58127,-2.43618,2.23276,-3.58189,-4.037,-5.16308,2.24752,10.2728,10.2728,6.84856,3.42428,3.42428,3.42428
5.4853,11.6695,7.87868,5.90887,2.5898,4.15461,1.59228,-3.28658,2.21762,-2.80952,-4.2644,-6.13568,2.608,10.3589,10.3589,6.90592,3.45296,3.45296,3.45296
5.49025,11.6444,7.97377,5.9557,2.57821,4.20318,1.61156,-3.0436,2.61818,-4.20733,-5.34397,-5.01277,2.38127,10.4429,10.4429,6.96195,3.48097,3.48097,3.48097
5.49527,11.6748,8.06772,6.01598,2.57458,4.25252,1.64002,-3.64038,1.2807,-4.14668,-4.28749,-5.28937,2.61803,10.5275,10.5275,7.01834,3.50917,3.50917,3.50917
5.50023,11.7652,8.16331,6.08297,2.56537,4.30151,1.6716,-3.43569,1.27257,-4.46112,-4.97753,-4.35653,1.91971,10.6104,10.6104,7.07362,3.53681,3.53681,3.53681
5.50518,11.8764,8.25969,6.15557,2.55876,4.34953,1.70901,-2.98985,2.13215,-4.1125,-5.64246,-4.5909,3.1923,10.6926,10.6926,7.12837,3.56418,3.56418,3.56418
5.51019,11.991,8.35567,6.22813,2.56142,4.39736,1.74347,-3.52541,0.788891,-4.63354,-5.51263,-4.82539,3.57053,10.775,10.775,7.18334,3.59167,3.59167,3.59167
5.51521,12.1139,8.45414,6.30596,2.57174,4.44483,1.77113,-3.8477,1.81804,-4.53142,-4.97691,-5.33295,1.17513,10.857,10.857,7.23797,3.61899,3.61899,3.61899
5.52025,12.2441,8.55176,6.3851,2.58277,4.49288,1.81019,-3.20828,0.897239,-4.59,-4.68119,-4.82195,3.13513,10.9386,10.9386,7.29237,3.64619,3.64619,3.64619
5.52521,12.368,8.64867,6.46268,2.59168,4.53944,1.844,-4.56054,1.3849,-4.04535,-6.05737,-5.06377,1.15451,11.0182,11.0182,7.34546,3.67273,3.67273,3.67273
5.53021,12.5039,8.74558,6.53331,2.61562,4.58602,1.8848,-4.51012,1.849,-4.31369,-5.64507,-4.34511,0.912695,11.0978,11.0978,7.39853,3.69927,3.69927,3.69927
5.53531,12.6462,8.84107,6.60057,2.64593,4.63102,1.9304,-4.09416,-0.0713828,-4.6077,-4.54581,-4.55409,2.48391,11.1783,11.1783,7.45219,3.72609,3.72609,3.72609
5.54022,12.7817,8.93661,6.66583,2.6692,4.6723,1.97177,-4.48617,1.72331,-4.18448,-5.59814,-5.30006,2.31754,11.2551,11.2551,7.5034,3.7517,3.7517,3.7517
5.54521,12.9201,9.0298,6.72257,2.69772,4.715,2.01195,-4.26017,2.24473,-4.33429,-5.29273,-4.82077,3.51719,11.3325,11.3325,7.55498,3.77749,3.77749,3.77749
5.55016,13.0545,9.11505,6.77593,2.72795,4.75609,2.04335,-3.55218,0.0253625,-4.20944,-5.26841,-6.99065,2.82943,11.4085,11.4085,7.60569,3.80285,3.80285,3.80285
5.5552,13.179,9.20855,6.82535,2.75936,4.80359,2.07139,-3.62892,-0.0513799,-4.2606,-5.29399,-7.01623,2.80385,11.4853,11.4853,7.65685,3.82843,3.82843,3.82843
5.56016,13.2855,9.30343,6.86879,2.7901,4.8525,2.09532,-3.4437,1.1819,-4.70131,-5.71637,-6.26285,1.77703,11.5601,11.5601,7.70673,3.85337,3.85337,3.85337
5.56523,13.3784,9.39737,6.91602,2.82415,4.90298,2.12583,-3.51946,1.10614,-4.75182,-5.74162,-6.2881,1.75178,11.6359,11.6359,7.75724,3.87862,3.87862,3.87862
5.57031,13.4591,9.48699,6.96324,2.85972,4.95386,2.16037,-3.67342,0.841778,-4.59084,-5.85775,-5.95711,1.80953,11.711,11.711,7.80735,3.90367,3.90367,3.90367
5.57522,13.5298,9.57083,7.00559,2.89466,5.00302,2.19589,-3.7493,1.23484,-5.13204,-5.61677,-5.31869,1.50403,11.783,11.783,7.85531,3.92765,3.92765,3.92765
5.58024,13.6025,9.6493,7.05537,2.92842,5.05266,2.23529,-4.69681,0.20851,-5.87656,-5.83977,-5.15253,2.14215,11.8558,11.8558,7.90386,3.95193,3.95193,3.95193
5.58521,13.6954,9.73042,7.12064,2.96159,5.10076,2.27363,-4.20871,-0.532667,-5.31595,-6.86544,-5.15976,2.41644,11.9272,11.9272,7.95144,3.97572,3.97572,3.97572
5.59022,13.7873,9.81839,7.18553,3.00075,5.14778,2.31038,-3.62194,0.420518,-4.66537,-5.57266,-5.31598,2.50862,11.9984,11.9984,7.99892,3.99946,3.99946,3.99946
5.59529,13.8596,9.90518,7.23928,3.03716,5.19389,2.3438,-4.19757,-0.269393,-5.5092,-4.78499,-5.83655,2.30269,12.0697,12.0697,8.04646,4.02323,4.02323,4.02323
5.60024,13.9306,9.99394,7.30005,3.06467,5.23879,2.3753,-4.10492,0.902822,-6.20512,-5.89263,-5.80155,1.65045,12.1386,12.1386,8.09239,4.04619,4.04619,4.04619
5.60523,14.0029,10.0769,7.37347,3.09547,5.28358,2.40923,-5.31228,-0.00117677,-5.32504,-5.46013,-5.79133,0.567708,12.2073,12.2073,8.13818,4.06909,4.06909,4.06909
5.61023,14.1027,10.1588,7.43999,3.12391,5.32796,2.44993,-4.24564,-0.723261,-4.73925,-6.39363,-6.59235,3.02901,12.2754,12.2754,8.18357,4.09179,4.09179,4.09179
5.61522,14.1905,10.2446,7.48832,3.15715,5.37389,2.48086,-3.83609,0.300946,-6.10284,-4.74346,-5.77846,0.853815,12.3426,12.3426,8.22837,4.11418,4.11418,4.11418
5.62032,14.2549,10.3268,7.54924,3.18059,5.41989,2.51879,-3.65183,-0.0940451,-5.23477,-5.36226,-5.82594,2.28846,12.4104,12.4104,8.27363,4.13682,4.13682,4.13682
5.6252,14.2908,10.4057,7.60045,3.19988,5.46295,2.55218,-3.4166,-1.05256,-6.07805,-5.71486,-6.0709,2.60654,12.4747,12.4747,8.31644,4.15822,4.15822,4.15822
5.63019,14.3027,10.4945,7.66363,3.22144,5.50663,2.58059,-4.50591,-0.404368,-5.79946,-5.68682,-5.78618,1.45882,12.5396,12.5396,8.35971,4.17986,4.17986,4.17986
5.63524,14.3373,10.5836,7.72696,3.2429,5.54919,2.61345,-4.59445,-1.95857,-5.69434,-4.74797,-6.39569,2.00023,12.6045,12.6045,8.40298,4.20149,4.20149,4.20149
5.64021,14.3927,10.6784,7.78757,3.25446,5.59171,2.64496,-4.10201,-1.37947,-6.05618,-5.56388,-6.65684,2.50084,12.6676,12.6676,8.44505,4.22252,4.22252,4.22252
5.64519,14.442,10.7748,7.85191,3.2664,5.63558,2.67193,-4.28266,-0.756322,-6.50536,-5.98214,-6.62798,1.93354,12.73,12.73,8.48668,4.24334,4.24334,4.24334
5.65043,14.4944,10.8755,7.92823,3.28554,5.68261,2.70123,-4.34753,-0.821193,-6.54861,-6.00376,-6.6496,1.91192,12.7949,12.7949,8.52993,4.26496,4.26496,4.26496
5.65528,14.5372,10.9675,8.00244,3.30778,5.72662,2.72872,-4.59986,-2.37766,-5.49714,-4.54968,-6.76872,1.1304,12.8542,12.8542,8.56944,4.28472,4.28472,4.28472
5.66026,14.5958,11.0655,8.06892,3.31808,5.77232,2.7632,-4.65995,-2.43775,-5.5372,-4.56971,-6.78875,1.11037,12.9142,12.9142,8.6095,4.30475,4.30475,4.30475
5.66528,14.6668,11.1661,8.12616,3.31634,5.81861,2.802,-4.31783,-1.03191,-5.73379,-4.58135,-7.16471,1.48789,12.974,12.974,8.64934,4.32467,4.32467,4.32467
5.67026,14.7312,11.2649,8.17654,3.30358,5.86541,2.84189,-4.25813,-1.81531,-5.99015,-5.42057,-6.76193,2.08939,13.0325,13.0325,8.68834,4.34417,4.34417,4.34417
5.67532,14.7907,11.3655,8.22685,3.29247,5.91272,2.87891,-4.31674,-1.87392,-6.02923,-5.44011,-6.78147,2.06985,13.0911,13.0911,8.72742,4.36371,4.36371,4.36371
5.68034,14.8428,11.4652,8.27415,3.2834,5.95926,2.91097,-4.94538,-1.29296,-6.98078,-5.98914,-6.37002,1.04886,13.1485,13.1485,8.76564,4.38282,4.38282,4.38282
5.68541,14.9091,11.5649,8.33811,3.28359,6.00469,2.9465,-4.07261,-2.09083,-6.30196,-5.13876,-6.76164,3.47244,13.2055,13.2055,8.80369,4.40184,4.40184,4.40184
5.69023,14.949,11.6596,8.39514,3.28095,6.04748,2.96308,-4.1261,-2.14432,-6.33762,-5.15659,-6.77947,3.45461,13.259,13.259,8.83935,4.41967,4.41967,4.41967
5.69518,14.9726,11.7565,8.44871,3.27603,6.09085,2.96337,-4.92096,-1.54046,-7.33929,-5.90328,-6.3918,1.87992,13.3132,13.3132,8.87544,4.43772,4.43772,4.43772
5.70021,15.0115,11.8526,8.51536,3.27835,6.13271,2.9673,-5.19184,-2.25654,-7.05773,-5.18442,-6.1449,-0.133621,13.3673,13.3673,8.91156,4.45578,4.45578,4.45578
5.70528,15.0759,11.9494,8.58495,3.27886,6.17059,2.99659,-5.155,-2.53092,-6.44359,-5.83991,-6.25391,2.91205,13.4211,13.4211,8.94741,4.47371,4.47371,4.47371
5.71022,15.1464,12.044,8.64326,3.28598,6.20356,3.01188,-4.31613,-3.02379,-7.24083,-5.84882,-6.04754,0.137622,13.4727,13.4727,8.9818,4.4909,4.4909,4.4909
5.71523,15.1939,12.1412,8.70656,3.29907,6.23128,3.04278,-4.16273,-2.91767,-6.92611,-6.08954,-5.67554,1.18858,13.5242,13.5242,9.01611,4.50806,4.50806,4.50806
5.72027,15.2203,12.2392,8.76672,3.31916,6.24891,3.07569,-4.63131,-1.66051,-6.99143,-5.99888,-6.35492,2.27284,13.5751,13.5751,9.05008,4.52504,4.52504,4.52504
5.7253,15.2493,12.3321,8.82256,3.34229,6.26456,3.09936,-4.33459,-2.83341,-6.78649,-5.41938,-6.09006,-0.00426181,13.6251,13.6251,9.0834,4.5417,4.5417,4.5417
5.73025,15.2627,12.4229,8.86839,3.36071,6.27548,3.13363,-4.97395,-1.55797,-6.59929,-5.27818,-6.29662,1.96682,13.6735,13.6735,9.11565,4.55782,4.55782,4.55782
5.73526,15.2887,12.5042,8.90155,3.37401,6.28479,3.16092,-4.7896,-1.09778,-7.20611,-5.48466,-6.34578,1.86798,13.7216,13.7216,9.14772,4.57386,4.57386,4.57386
5.74025,15.3208,12.5652,8.93849,3.38485,6.29252,3.18212,-4.86032,-2.65786,-6.67111,-4.92075,-6.48567,1.42173,13.7687,13.7687,9.17911,4.58955,4.58955,4.58955
5.74533,15.3598,12.6354,8.96855,3.38752,6.3004,3.20436,-5.38805,-1.71201,-7.51548,-5.35872,-6.31092,0.735363,13.8157,13.8157,9.21047,4.60524,4.60524,4.60524
5.75031,15.418,12.6934,9.00984,3.38822,6.30589,3.233,-4.05827,-2.88019,-6.44842,-5.72157,-6.62409,0.894151,13.861,13.861,9.24066,4.62033,4.62033,4.62033
5.75528,15.4448,12.7631,9.03679,3.3927,6.31261,3.2641,-5.37522,-2.96002,-7.06318,-5.61215,-6.90383,-0.354348,13.9053,13.9053,9.27022,4.63511,4.63511,4.63511
5.76026,15.499,12.8382,9.06449,3.3991,6.32299,3.30337,-5.9901,-1.2818,-7.57293,-5.81711,-6.98459,1.53553,13.9489,13.9489,9.29927,4.64963,4.64963,4.64963
5.76519,15.581,12.8899,9.10266,3.40946,6.33705,3.33778,-4.46822,-2.4312,-7.71399,-5.81465,-6.67577,1.94371,13.9912,13.9912,9.32747,4.66373,4.66373,4.66373
5.77033,15.637,12.9436,9.15126,3.42385,6.35046,3.36415,-4.51143,-2.47441,-7.74279,-5.82906,-6.69018,1.9293,14.0344,14.0344,9.35627,4.67814,4.67814,4.67814
5.77529,15.6645,12.9936,9.20262,3.44005,6.36151,3.37936,-5.73031,-2.11733,-7.29767,-5.80126,-6.92734,1.84946,14.0752,14.0752,9.38349,4.69174,4.69174,4.69174
5.78021,15.7149,13.0363,9.24818,3.4579,6.37252,3.38848,-4.61161,-2.32639,-7.2405,-5.7648,-7.36284,2.20884,14.1149,14.1149,9.40992,4.70496,4.70496,4.70496
5.78535,15.752,13.0773,9.28807,3.47765,6.38684,3.38872,-4.65213,-2.36691,-7.26752,-5.77831,-7.37635,2.19533,14.1554,14.1554,9.43694,4.71847,4.71847,4.71847
5.79042,15.7773,13.1116,9.31911,3.49735,6.40047,3.38107,-4.9276,-2.86698,-7.62797,-5.70025,-7.80337,1.65239,14.1945,14.1945,9.46299,4.73149,4.73149,4.73149
5.79524,15.7962,13.1519,9.35144,3.51522,6.41582,3.37269,-4.81419,-1.40609,-7.5205,-5.38116,-8.23776,0.298923,14.2308,14.2308,9.48719,4.7436,4.7436,4.7436
5.80019,15.8102,13.163,9.38125,3.52937,6.43487,3.37917,-4.85063,-1.44253,-7.5448,-5.3933,-8.2499,0.286776,14.2672,14.2672,9.51149,4.75574,4.75574,4.75574
5.80519,15.8188,13.1452,9.40611,3.53946,6.45306,3.39901,-5.05598,-2.45956,-7.52486,-4.92504,-9.05676,1.5582,14.3032,14.3032,9.53544,4.76772,4.76772,4.76772
5.81018,15.8374,13.1319,9.42828,3.54052,6.47479,3.41473,-5.97746,-1.90744,-7.69448,-4.75454,-9.22574,0.0809794,14.3381,14.3381,9.55876,4.77938,4.77938,4.77938
5.81533,15.8975,13.1137,9.45512,3.53175,6.49849,3.4427,-6.01264,-1.94262,-7.71793,-4.76627,-9.23747,0.0692535,14.3733,14.3733,9.58221,4.79111,4.79111,4.79111
5.82034,15.9765,13.0942,9.48441,3.51485,6.51967,3.47695,-4.86002,-1.58584,-7.9596,-3.75893,-10.1759,1.80523,14.4066,14.4066,9.60443,4.80221,4.80221,4.80221
5.82526,16.0345,13.0661,9.51972,3.48391,6.54551,3.50153,-5.49469,-2.12599,-7.50431,-3.23135,-10.9649,1.24813,14.4385,14.4385,9.62566,4.81283,4.81283,4.81283
5.8302,16.095,13.0473,9.55093,3.44346,6.57891,3.52282,-5.5258,-2.1571,-7.52505,-3.24172,-10.9752,1.23776,14.4696,14.4696,9.6464,4.8232,4.8232,4.8232
5.83521,16.1533,13.0359,9.57846,3.39866,6.61564,3.54147,-5.17823,-2.34537,-8.10562,-2.65578,-11.7721,0.225657,14.5003,14.5003,9.66685,4.83342,4.83342,4.83342
5.84028,16.1966,13.0383,9.61682,3.35081,6.65734,3.56853,-4.65281,-2.65129,-8.22183,-2.40914,-12.2375,-0.521302,14.5304,14.5304,9.68692,4.84346,4.84346,4.84346
5.84516,16.2023,13.0613,9.66322,3.30435,6.70055,3.60383,-4.64547,-3.09701,-8.43077,-2.0542,-12.4787,1.33232,14.5585,14.5585,9.70567,4.85284,4.85284,4.85284
5.85022,16.182,13.1056,9.71799,3.2578,6.7468,3.6342,-4.42546,-2.29786,-7.6993,-2.14641,-12.5295,1.33947,14.5868,14.5868,9.72451,4.86225,4.86225,4.86225
5.85514,16.1325,13.1449,9.76044,3.22071,6.79188,3.65674,-3.90045,-2.21815,-7.45368,-2.48648,-12.9607,1.7032,14.6133,14.6133,9.74223,4.87112,4.87112,4.87112
5.86016,16.0573,13.1775,9.78641,3.20882,6.83772,3.67076,-3.92667,-2.24437,-7.47117,-2.49522,-12.9694,1.69446,14.6396,14.6396,9.75972,4.87986,4.87986,4.87986
5.86524,15.9717,13.2009,9.79513,3.23023,6.8826,3.67803,-4.07839,-3.34559,-8.5416,-1.67576,-13.4665,0.891044,14.6652,14.6652,9.77679,4.8884,4.8884,4.8884
5.87044,15.8883,13.2439,9.81627,3.26718,6.92707,3.68922,-5.27778,-2.52764,-7.44029,-1.13769,-13.8392,1.56159,14.6904,14.6904,9.79363,4.89681,4.89681,4.89681
5.87518,15.854,13.2785,9.81891,3.30519,6.96571,3.69494,-6.00127,-2.94781,-7.54075,-1.33552,-13.9046,2.10896,14.7126,14.7126,9.8084,4.9042,4.9042,4.9042
5.88021,15.8795,13.3237,9.81289,3.34908,7.00285,3.68888,-6.0239,-2.97044,-7.55584,-1.34307,-13.9121,2.10141,14.7352,14.7352,9.82349,4.91175,4.91175,4.91175
5.88522,15.9495,13.3746,9.79956,3.39486,7.03345,3.67081,-4.63106,-3.43726,-7.9799,-0.977673,-14.1015,-0.679593,14.7569,14.7569,9.83791,4.91895,4.91895,4.91895
5.89025,15.9984,13.4358,9.79,3.44113,7.05794,3.67699,-4.65185,-3.45805,-7.99376,-0.984604,-14.1084,-0.686524,14.7777,14.7777,9.85177,4.92588,4.92588,4.92588
5.89521,16.026,13.4996,9.78223,3.4868,7.07555,3.70256,-4.02525,-3.89135,-7.87933,-1.36374,-14.5538,0.954663,14.7973,14.7973,9.86483,4.93242,4.93242,4.93242
5.90025,16.0181,13.5719,9.7731,3.53429,7.09181,3.72649,-5.63211,-3.17745,-8.3309,-1.85859,-14.6346,-0.749068,14.8162,14.8162,9.8775,4.93875,4.93875,4.93875
5.90516,16.0401,13.6365,9.77423,3.58214,7.10681,3.76147,-5.64972,-3.19506,-8.34264,-1.86446,-14.6405,-0.754939,14.8339,14.8339,9.88924,4.94462,4.94462,4.94462
5.91012,16.085,13.6944,9.78264,3.63138,7.12091,3.80243,-6.41127,-3.70845,-8.69457,-2.44141,-15.085,1.20179,14.8508,14.8508,9.9005,4.95025,4.95025,4.95025
5.91517,16.1679,13.7542,9.80442,3.68267,7.13916,3.83814,-6.42755,-3.72473,-8.70542,-2.44684,-15.0904,1.19636,14.867,14.867,9.91135,4.95568,4.95568,4.95568
5.9204,16.2717,13.8141,9.8357,3.73649,7.16106,3.86788,-6.78226,-5.69482,-8.45684,-2.75021,-14.7479,0.313394,14.8829,14.8829,9.92193,4.96097,4.96097,4.96097
5.92522,16.3764,13.8934,9.86528,3.78661,7.18057,3.89602,-6.32714,-4.82604,-8.048,-1.43827,-15.1665,-0.618545,14.8966,14.8966,9.93109,4.96555,4.96555,4.96555
5.93018,16.4798,13.9766,9.88442,3.83781,7.20386,3.93198,-7.6721,-4.83138,-9.15199,-2.45284,-14.9556,0.24644,14.9099,14.9099,9.93992,4.96996,4.96996,4.96996
5.93524,16.6001,14.0629,9.92163,3.89025,7.22855,3.96836,-5.97866,-6.26628,-8.41633,-2.49843,-15.2911,1.11993,14.9225,14.9225,9.9483,4.97415,4.97415,4.97415
5.94024,16.6888,14.1554,9.95069,3.94214,7.25726,3.99741,-6.19504,-4.04776,-8.73541,-2.64303,-15.6426,2.01861,14.934,14.934,9.95597,4.97799,4.97799,4.97799
5.94533,16.7532,14.2421,9.98319,3.99509,7.29203,4.00845,-7.00956,-6.00486,-9.03101,-2.81221,-15.3233,-0.924375,14.9447,14.9447,9.96315,4.98157,4.98157,4.98157
5.95024,16.8251,14.3304,10.0191,4.04627,7.32673,4.03321,-7.2318,-4.7811,-9.07495,-1.34981,-16.0468,1.80487,14.9542,14.9542,9.96947,4.98473,4.98473,4.98473
5.95525,16.9022,14.4142,10.0571,4.09773,7.36681,4.04008,-1.73636,-2.66626,-8.65651,-1.06293,-15.6606,0.684148,14.963,14.963,9.9753,4.98765,4.98765,4.98765
5.96021,16.8108,14.4586,10.0857,4.14755,7.40663,4.04413,-3.69051,-3.76931,-8.2813,-0.626677,-16.0937,3.03308,14.9707,14.9707,9.98047,4.99024,4.99024,4.99024
5.96537,16.6905,14.4858,10.0977,4.19716,7.44948,4.01781,-3.23661,-3.17361,-7.88476,-0.0742843,-17.7272,0.670916,14.9778,14.9778,9.98521,4.9926,4.9926,4.9926
5.97027,16.5627,14.4888,10.0891,4.23903,7.49558,3.99537,-3.94375,-3.58525,-8.28784,0.0562512,-17.4145,1.47213,14.9836,14.9836,9.9891,4.99455,4.99455,4.99455
5.97527,16.436,14.4835,10.0718,4.27349,7.54424,3.96821,-3.75578,-3.37748,-8.98926,0.104252,-17.5487,-0.119308,14.9887,14.9887,9.99246,4.99623,4.99623,4.99623
5.9803,16.3116,14.4635,10.0642,4.29834,7.59418,3.95247,-3.91352,-2.49512,-7.64187,-1.69389,-17.2934,2.28051,14.9928,14.9928,9.99521,4.99761,4.99761,4.99761
5.98535,16.2,14.4143,10.0315,4.33036,7.64462,3.92445,-4.72443,-4.46833,-8.3149,-2.28284,-16.2761,-0.535756,14.996,14.996,9.99735,4.99868,4.99868,4.99868
5.99026,16.1236,14.3931,9.99956,4.36888,7.69306,3.91788,-4.62814,-2.81574,-8.20352,0.0513852,-16.4755,0.366025,14.9982,14.9982,9.99883,4.99941,4.99941,4.99941
5.99531,16.0771,14.3573,9.96641,4.39978,7.74223,3.91756,-5.39781,-4.28669,-8.54718,-0.984064,-15.5735,1.69038,14.9996,14.9996,9.99973,4.99986,4.99986,4.99986
6.00021,16.0854,14.3556,9.94751,4.43005,7.78741,3.90605,-5.58734,-4.5393,-8.61433,-1.17464,-16.0786,0.62212,15,15,10,5,5,5
6.00525,16.14,14.3841,9.93899,4.4628,7.83158,3.89585,-5.61441,-3.92019,-8.22316,-0.36303,-15.6479,1.35093,14.9995,14.9995,9.99966,4.99983,4.99983,4.99983
6.01018,16.2202,14.4191,9.92881,4.48857,7.8699,3.87854,-5.86122,-4.86048,-8.58588,-2.01856,-15.9538,0.299839,14.9981,14.9981,9.99872,4.99936,4.99936,4.99936
6.01516,16.3194,14.4752,9.92442,4.52235,7.90464,3.86763,-6.31987,-3.60915,-8.85602,-1.28086,-16.069,0.491058,14.9957,14.9957,9.99716,4.99858,4.99858,4.99858
6.0202,16.4315,14.52,9.93209,4.55619,7.93732,3.86037,-4.51205,-3.93285,-8.98341,-0.418643,-16.7551,0.367957,14.9924,14.9924,9.99497,4.99748,4.99748,4.99748
6.02525,16.5095,14.563,9.95357,4.58165,7.97211,3.86011,-4.5078,-3.9286,-8.98058,-0.417228,-16.7537,0.369372,14.9882,14.9882,9.99214,4.99607,4.99607,4.99607
6.03021,16.5545,14.6009,9.98284,4.59774,8.00748,3.86737,-5.11735,-2.98971,-8.99599,-1.39257,-17.9112,0.561509,14.9831,14.9831,9.98874,4.99437,4.99437,4.99437
6.0353,16.5947,14.6141,10.0192,4.61795,8.05048,3.87778,-5.11119,-2.98355,-8.99188,-1.39052,-17.9091,0.563565,14.9769,14.9769,9.98463,4.99232,4.99232,4.99232
6.0402,16.623,14.6033,10.0573,4.63947,8.09534,3.88948,-3.5047,-3.4614,-8.78668,-0.551955,-17.5839,1.15373,14.9701,14.9701,9.98007,4.99003,4.99003,4.99003
6.04523,16.5798,14.5797,10.0913,4.6535,8.14274,3.89646,-3.17366,-3.16976,-8.56193,-1.38559,-17.5647,1.81877,14.9622,14.9622,9.97477,4.98739,4.98739,4.98739
6.05029,16.4835,14.5419,10.1157,4.67124,8.19112,3.89008,-3.90542,-2.72342,-8.84439,-1.53993,-17.0235,0.140913,14.9532,14.9532,9.96881,4.98441,4.98441,4.98441
6.05526,16.3837,14.4863,10.1364,4.69266,8.23809,3.89071,-4.79013,-4.00213,-9.06992,-1.3711,-15.886,1.83326,14.9435,14.9435,9.96235,4.98118,4.98118,4.98118
6.06016,16.311,14.4465,10.1598,4.7165,8.28024,3.87845,-5.02791,-4.38567,-8.90411,-0.796291,-15.7086,1.19091,14.9331,14.9331,9.95538,4.97769,4.97769,4.97769
6.06519,16.2607,14.4259,10.1815,4.73971,8.31647,3.86279,-4.97687,-2.44743,-8.80648,-0.659928,-16.4333,0.366792,14.9214,14.9214,9.94762,4.97381,4.97381,4.97381
6.07012,16.2295,14.3822,10.2001,4.7595,8.34823,3.85697,-4.3775,-4.4129,-9.0616,-1.4507,-17.1744,-0.142461,14.9091,14.9091,9.9394,4.9697,4.9697,4.9697
6.07517,16.1953,14.3603,10.219,4.78386,8.38244,3.86249,-5.7587,-2.89436,-8.76206,-2.01751,-16.284,-1.16467,14.8956,14.8956,9.93037,4.96519,4.96519,4.96519
6.08027,16.2112,14.3172,10.2271,4.81527,8.4107,3.88878,-5.38946,-3.37222,-9.03027,-1.15979,-15.3517,0.0739327,14.8809,14.8809,9.92061,4.96031,4.96031,4.96031
6.08522,16.252,14.2752,10.2346,4.84298,8.4213,3.91594,-5.06309,-4.20421,-9.13933,-0.989148,-15.2473,0.219732,14.8658,14.8658,9.91054,4.95527,4.95527,4.95527
6.09016,16.297,14.2526,10.2445,4.86712,8.41465,3.94211,-5.0471,-4.18822,-9.12867,-0.983821,-15.2419,0.225059,14.8498,14.8498,9.89988,4.94994,4.94994,4.94994
6.09519,16.343,14.2436,10.2551,4.88846,8.39357,3.96744,-5.61697,-3.40663,-8.85805,-0.80421,-15.849,1.62183,14.8326,14.8326,9.88842,4.94421,4.94421,4.94421
6.10018,16.4038,14.2308,10.2615,4.90711,8.36889,3.97614,-4.81494,-3.60146,-8.94221,-1.49374,-15.429,0.00493965,14.8147,14.8147,9.87644,4.93822,4.93822,4.93822
6.10529,16.4439,14.2189,10.2659,4.92923,8.33814,3.98984,-4.70892,-4.19282,-9.09233,-0.973932,-16.0601,1.16231,14.7953,14.7953,9.86354,4.93177,4.93177,4.93177
6.11018,16.4559,14.2195,10.269,4.94593,8.31095,3.99156,-5.05593,-3.12141,-8.87876,-1.60502,-16.0122,0.456697,14.7759,14.7759,9.85061,4.9253,4.9253,4.9253
6.11531,16.4515,14.1983,10.2621,4.96511,8.28481,3.99219,-3.24592,-2.91882,-8.92517,-0.463565,-18.1993,0.712195,14.7546,14.7546,9.83641,4.91821,4.91821,4.91821
6.12034,16.3764,14.1543,10.2462,4.97271,8.28771,3.98921,-3.74411,-2.60551,-9.25757,-0.332095,-17.3723,0.0819048,14.7328,14.7328,9.82187,4.91094,4.91094,4.91094
6.1252,16.2829,14.0944,10.2321,4.96959,8.30483,3.99257,-4.23436,-3.50946,-9.14471,-1.20246,-17.6548,0.57774,14.7109,14.7109,9.80724,4.90362,4.90362,4.90362
6.1303,16.1866,14.0365,10.2159,4.96873,8.3346,3.99691,-4.26951,-3.00871,-9.04096,-0.0021557,-15.908,0.618844,14.6869,14.6869,9.79127,4.89564,4.89564,4.89564
6.13664,16.0896,13.9593,10.1876,4.95209,8.35741,4.00301,-5.03828,-3.54112,-8.49355,0.405648,-16.6595,1.49033,14.6558,14.6558,9.77054,4.88527,4.88527,4.88527
6.14024,16.0532,13.926,10.161,4.92964,8.37152,3.99579,-3.53852,-3.71982,-8.4082,-0.474212,-16.1731,-0.664652,14.6375,14.6375,9.75834,4.87917,4.87917,4.87917
6.14523,15.9889,13.8884,10.116,4.90006,8.38551,3.99648,-4.30038,-3.26028,-8.73354,0.138941,-14.9307,2.07646,14.6114,14.6114,9.74092,4.87046,4.87046,4.87046
6.15025,15.9323,13.8542,10.0712,4.86576,8.37803,3.97715,-2.42537,-3.24087,-8.38309,0.752449,-15.7082,3.12053,14.5842,14.5842,9.72278,4.86139,4.86139,4.86139
6.15529,15.8386,13.8256,10.0211,4.82567,8.35976,3.93915,-4.78869,-2.74385,-8.51894,-0.654023,-16.4771,2.67454,14.5559,14.5559,9.70397,4.85198,4.85198,4.85198
6.16021,15.7986,13.7942,9.97369,4.79169,8.34313,3.89632,-3.02272,-3.26702,-8.46027,0.837575,-17.5937,-0.321625,14.5275,14.5275,9.68501,4.84251,4.84251,4.84251
6.16518,15.7424,13.7679,9.92393,4.75239,8.33936,3.86302,-4.27361,-2.80791,-8.71433,-0.286918,-17.4265,1.02132,14.4979,14.4979,9.66528,4.83264,4.83264,4.83264
6.17019,15.7116,13.7376,9.87954,4.71616,8.34558,3.83164,-4.04198,-4.9442,-8.55172,0.592727,-15.603,-0.682393,14.4672,14.4672,9.64479,4.82239,4.82239,4.82239
6.17525,15.6889,13.7558,9.83575,4.67748,8.33817,3.8196,-2.57583,-2.66643,-8.54923,-1.12714,-16.2215,1.47278,14.4352,14.4352,9.62349,4.81174,4.81174,4.81174
6.18027,15.6207,13.7572,9.79361,4.64988,8.32669,3.80026,-3.05153,-3.44553,-8.60064,-0.188916,-16.8317,-0.710556,14.4026,14.4026,9.60175,4.80088,4.80088,4.80088
6.18534,15.5362,13.7648,9.75443,4.62427,8.31993,3.80255,-3.9987,-2.8049,-8.82053,-0.757239,-15.8517,0.0873213,14.3688,14.3688,9.5792,4.7896,4.7896,4.7896
6.19018,15.4796,13.7601,9.72456,4.60755,8.30559,3.81083,-3.94585,-2.87025,-8.90502,-0.605429,-16.4699,-0.804149,14.3356,14.3356,9.5571,4.77855,4.77855,4.77855
6.19519,15.4449,13.7475,9.70147,4.59571,8.29155,3.83338,-4.17466,-3.70976,-9.43332,-0.419821,-16.3588,1.33554,14.3005,14.3005,9.53364,4.76682,4.76682,4.76682
6.20021,15.4374,13.7433,9.6951,4.58549,8.27699,3.84333,-3.83122,-3.00382,-9.27965,-1.24405,-15.4526,1.10747,14.2643,14.2643,9.50955,4.75477,4.75477,4.75477
6.20519,15.438,13.7288,9.6985,4.58676,8.25214,3.8455,-4.43275,-3.92839,-9.35966,-0.528008,-16.2848,1.37639,14.2276,14.2276,9.48506,4.74253,4.74253,4.74253
6.21031,15.4654,13.7291,9.71359,4.59186,8.22704,3.83686,-4.75261,-3.56271,-9.48227,-1.1858,-16.1808,0.172122,14.1889,14.1889,9.45928,4.72964,4.72964,4.72964
6.2152,15.5166,13.7286,9.73715,4.6062,8.20292,3.83413,-4.45084,-4.41144,-8.98473,-0.27896,-15.0918,0.63184,14.1511,14.1511,9.43408,4.71704,4.71704,4.71704
6.22019,15.5733,13.748,9.75509,4.61787,8.16942,3.8302,-3.97009,-3.28849,-9.00234,-1.15178,-16.0227,0.189582,14.1117,14.1117,9.4078,4.7039,4.7039,4.7039
6.2252,15.6111,13.756,9.768,4.63636,8.13694,3.83195,-3.47654,-4.22124,-9.05479,0.285867,-18.0709,0.459747,14.0712,14.0712,9.38083,4.69041,4.69041,4.69041
6.23017,15.6225,13.7773,9.7759,4.64167,8.12595,3.83466,-3.70354,-2.83274,-8.86862,-0.230388,-17.6183,0.133932,14.0302,14.0302,9.3535,4.67675,4.67675,4.67675
6.23516,15.6119,13.7687,9.77238,4.64276,8.13249,3.84195,-3.10202,-1.54572,-8.71729,0.131378,-16.9585,0.263858,13.9882,13.9882,9.32548,4.66274,4.66274,4.66274
6.24024,15.5534,13.7082,9.75354,4.63408,8.14656,3.84945,-3.16866,-3.68476,-8.69237,-0.0776282,-17.5733,-0.268068,13.9446,13.9446,9.29638,4.64819,4.64819,4.64819
6.24518,15.4709,13.6626,9.72631,4.6204,8.1715,3.86283,-3.12536,-3.64146,-8.66349,-0.0631921,-17.5589,-0.253632,13.9013,13.9013,9.2675,4.63375,4.63375,4.63375
6.25013,15.3789,13.6271,9.69189,4.60279,8.2034,3.88062,-4.53498,-3.22692,-8.53159,-0.114687,-15.9626,0.878913,13.857,13.857,9.23801,4.61901,4.61901,4.61901
6.25533,15.3146,13.5935,9.65072,4.58319,8.22797,3.89047,-4.48761,-3.17955,-8.50001,-0.0988962,-15.9468,0.894704,13.8096,13.8096,9.20643,4.60322,4.60322,4.60322
6.26023,15.279,13.5634,9.60859,4.56384,8.24295,3.8931,-2.89367,-3.50437,-8.53239,1.12514,-17.8775,0.0984246,13.7642,13.7642,9.17611,4.58806,4.58806,4.58806
6.26533,15.2139,13.54,9.56224,4.532,8.27085,3.89952,-3.18826,-2.64846,-8.50443,-0.382307,-16.1309,2.53225,13.716,13.716,9.14397,4.57199,4.57199,4.57199
6.27024,15.1457,13.5,9.51386,4.50521,8.28945,3.87982,-3.22772,-3.60202,-8.57744,-0.73088,-16.3221,0.0722796,13.6687,13.6687,9.11248,4.55624,4.55624,4.55624
6.27522,15.0773,13.4713,9.46551,4.48507,8.3018,3.86569,-4.38068,-3.17898,-8.66198,0.411448,-15.9747,0.933088,13.62,13.62,9.07998,4.53999,4.53999,4.53999
6.28028,15.0489,13.4371,9.4166,4.45881,8.30303,3.84748,-2.447,-2.3997,-8.63467,0.188122,-14.2522,-0.797198,13.5696,13.5696,9.0464,4.5232,4.5232,4.5232
6.28529,14.983,13.3832,9.36848,4.43202,8.27623,3.84826,-2.67597,-1.97857,-8.674,-0.639529,-17.2989,2.47375,13.5189,13.5189,9.01258,4.50629,4.50629,4.50629
6.29036,14.9014,13.3103,9.3199,4.41183,8.26042,3.8252,-2.74988,-1.80038,-8.55352,-0.522773,-16.6853,-0.630413,13.4667,13.4667,8.97779,4.48889,4.48889,4.48889
6.29523,14.8117,13.232,9.27414,4.39687,8.24924,3.81902,-1.62725,-2.52165,-8.79753,0.347045,-16.7346,1.05084,13.4157,13.4157,8.94383,4.47192,4.47192,4.47192
6.30022,14.6983,13.1535,9.23229,4.37698,8.23983,3.80771,-2.27554,-1.12514,-8.79773,0.0666321,-17.7105,-0.910408,13.3627,13.3627,8.9085,4.45425,4.45425,4.45425
6.3053,14.5851,13.0647,9.19532,4.35694,8.24507,3.81616,-3.20574,-3.36338,-8.67341,0.714179,-15.8624,1.37658,13.3079,13.3079,8.87196,4.43598,4.43598,4.43598
6.31026,14.5053,12.9944,9.16232,4.33281,8.23913,3.81317,-2.85992,-1.30362,-8.72706,1.52717,-15.3558,0.483888,13.2536,13.2536,8.83574,4.41787,4.41787,4.41787
6.31524,14.4421,12.9136,9.12989,4.29906,8.21835,3.81161,-2.13866,-2.53266,-8.76122,1.08194,-16.3557,1.3469,13.1983,13.1983,8.79884,4.39942,4.39942,4.39942
6.32017,14.3717,12.8424,9.10141,4.26307,8.19666,3.80023,-3.17447,-1.81127,-8.92898,0.37183,-15.2774,1.96159,13.1427,13.1427,8.76178,4.38089,4.38089,4.38089
6.32523,14.3313,12.7667,9.07504,4.22974,8.16448,3.77455,-3.54605,-1.26479,-9.0764,1.11976,-15.7797,0.937603,13.0848,13.0848,8.72319,4.3616,4.3616,4.3616
6.33029,14.3261,12.6845,9.05299,4.19451,8.12987,3.74877,-3.05395,-1.61589,-9.48453,0.899211,-14.336,0.924051,13.0261,13.0261,8.68406,4.34203,4.34203,4.34203
6.33523,14.3268,12.6043,9.04083,4.16069,8.08742,3.72275,-2.48758,-1.27798,-9.39354,0.96826,-16.0141,1.72174,12.968,12.968,8.64532,4.32266,4.32266,4.32266
6.34018,14.3026,12.5218,9.02863,4.12667,8.04684,3.68972,-2.86587,-0.970771,-9.69069,1.12869,-17.3688,0.86373,12.909,12.909,8.60598,4.30299,4.30299,4.30299
6.34519,14.2769,12.4348,9.01349,4.09107,8.01731,3.65862,-1.42245,-2.02525,-10.0245,-0.333258,-16.7608,0.105582,12.8485,12.8485,8.56564,4.28282,4.28282,4.28282
6.35014,14.1961,12.3554,8.99623,4.06558,7.99609,3.63612,-2.41388,-1.42098,-10.0907,0.928934,-16.1278,0.423854,12.7879,12.7879,8.52525,4.26263,4.26263,4.26263
6.35518,14.118,12.2755,8.96823,4.03867,7.97464,3.6185,-2.25291,-1.54371,-10.2601,-0.217723,-16.6949,1.20644,12.7254,12.7254,8.48361,4.2418,4.2418,4.2418
6.36017,14.0432,12.1996,8.92762,4.02257,7.9588,3.59628,-2.99401,-0.728472,-10.3542,0.912676,-14.7282,-0.552884,12.6628,12.6628,8.44185,4.22092,4.22092,4.22092
6.36521,13.9918,12.1168,8.87249,4.00098,7.92751,3.58853,-2.92996,-0.664419,-10.3115,0.934027,-14.7069,-0.531533,12.5987,12.5987,8.39915,4.19957,4.19957,4.19957
6.37026,13.9618,12.0279,8.80208,3.97427,7.88863,3.59337,-2.42375,-2.04155,-10.0905,1.6098,-16.3495,1.4856,12.5337,12.5337,8.35583,4.17792,4.17792,4.17792
6.37517,13.9269,11.9506,8.72333,3.94181,7.85529,3.5842,-3.0217,-1.40632,-9.76785,-0.736966,-15.8562,0.397394,12.4698,12.4698,8.31321,4.15661,4.15661,4.15661
6.38016,13.9142,11.875,8.63519,3.92315,7.8214,3.57606,-2.95597,-1.34059,-9.72403,-0.715056,-15.8343,0.419304,12.4041,12.4041,8.26939,4.1347,4.1347,4.1347
6.38521,13.9258,11.7985,8.54091,3.91714,7.78747,3.56928,-1.18269,-1.56089,-9.23609,0.897135,-15.8368,-0.493905,12.3368,12.3368,8.22453,4.11226,4.11226,4.11226
6.39019,13.8735,11.7295,8.44445,3.90302,7.75553,3.57491,-1.11557,-1.49377,-9.19134,0.91951,-15.8144,-0.47153,12.2697,12.2697,8.17978,4.08989,4.08989,4.08989
6.39521,13.7786,11.6636,8.34532,3.88282,7.72599,3.59082,-1.71295,-2.34731,-9.57627,-0.440443,-16.9094,1.81172,12.2012,12.2012,8.13417,4.06708,4.06708,4.06708
6.40021,13.6745,11.6167,8.2462,3.87001,7.71036,3.58777,-1.23435,-1.97105,-9.47181,0.0627647,-15.3297,0.716885,12.1323,12.1323,8.08823,4.04412,4.04412,4.04412
6.40511,13.5541,11.5809,8.14891,3.8583,7.69145,3.58301,-1.16609,-1.90279,-9.42631,0.0855152,-15.307,0.739635,12.0641,12.0641,8.04273,4.02136,4.02136,4.02136
6.41016,13.4214,11.5454,8.04842,3.84727,7.67109,3.57731,-3.79387,-2.01693,-9.87843,0.730211,-13.7018,2.00533,11.993,11.993,7.99534,3.99767,3.99767,3.99767
6.41514,13.3259,11.5174,7.95016,3.82828,7.63543,3.55525,-3.72302,-1.94608,-9.8312,0.753825,-13.6782,2.02895,11.9222,11.9222,7.94811,3.97405,3.97405,3.97405
6.42017,13.2752,11.4897,7.85166,3.80252,7.59226,3.52228,-3.22127,-1.48377,-10.0296,-0.687637,-14.507,-0.132877,11.8499,11.8499,7.89991,3.94996,3.94996,3.94996
6.42519,13.2456,11.4527,7.75492,3.79002,7.54845,3.50004,-4.47616,-2.1752,-10.2026,0.272299,-13.754,-0.779261,11.777,11.777,7.85132,3.92566,3.92566,3.92566
6.43016,13.2643,11.4291,7.66229,3.77943,7.50272,3.49492,-4.46238,-2.0905,-10.4278,-0.986806,-14.2183,-0.639046,11.7041,11.7041,7.80273,3.90137,3.90137,3.90137
6.43517,13.312,11.4173,7.57509,3.7847,7.45646,3.50305,-4.84917,-3.53321,-10.5372,0.677364,-11.3535,0.00668439,11.6299,11.6299,7.75327,3.87664,3.87664,3.87664
6.44017,13.3788,11.4435,7.49574,3.78177,7.40656,3.51404,1.45075,0.182155,-11.2815,3.15316,-16.7188,1.22392,11.5551,11.5551,7.70343,3.85172,3.85172,3.85172
6.44519,13.2656,11.4089,7.43401,3.74794,7.36054,3.51182,0.415533,-0.667967,-11.0366,2.12686,-15.5179,2.1517,11.4794,11.4794,7.65291,3.82646,3.82646,3.82646
6.45033,13.1238,11.3517,7.38402,3.7065,7.31672,3.48764,0.682962,-0.948238,-10.2383,1.83005,-16.063,1.84661,11.401,11.401,7.60069,3.80035,3.80035,3.80035
6.4552,12.9809,11.2905,7.33122,3.66461,7.28276,3.4548,0.517462,-0.305938,-10.1424,0.613021,-17.4043,0.745501,11.3261,11.3261,7.55076,3.77538,3.77538,3.77538
6.46021,12.8318,11.2149,7.27069,3.62548,7.27044,3.42278,0.922307,-0.496093,-9.91497,1.30962,-16.9644,0.945296,11.2484,11.2484,7.49893,3.74946,3.74946,3.74946
6.46523,12.6819,11.1342,7.20191,3.58752,7.27501,3.39116,0.110406,0.358606,-9.27319,2.4205,-18.4534,1.3855,11.1698,11.1698,7.44653,3.72326,3.72326,3.72326
6.47017,12.5375,11.0462,7.12284,3.54683,7.30626,3.35695,0.39333,-0.64687,-9.48869,0.359943,-15.7033,-0.0209368,11.0918,11.0918,7.39451,3.69726,3.69726,3.69726
6.47521,12.3942,10.9594,7.03906,3.51597,7.33117,3.33167,-0.416778,-0.665078,-9.36411,1.65355,-16.5211,1.47139,11.0115,11.0115,7.34099,3.67049,3.67049,3.67049
6.48028,12.265,10.8774,6.95333,3.48855,7.35758,3.3018,-2.10047,-0.138312,-9.49789,0.877543,-14.7965,0.455263,10.93,10.93,7.28667,3.64334,3.64334,3.64334
6.48526,12.1938,10.7973,6.87002,3.47065,7.36461,3.27843,-2.01978,-0.0576172,-9.4441,0.904441,-14.7696,0.482161,10.8493,10.8493,7.23288,3.61644,3.61644,3.61644
6.4902,12.1808,10.7165,6.78764,3.45865,7.35465,3.26045,-0.698015,-0.437915,-9.24609,2.04086,-15.8108,0.252382,10.7686,10.7686,7.17908,3.58954,3.58954,3.58954
6.49528,12.1657,10.6411,6.70391,3.44111,7.34252,3.24879,-1.12257,0.201251,-9.42857,0.22231,-14.2097,-0.0095295,10.6849,10.6849,7.1233,3.56165,3.56165,3.56165
6.50016,12.1569,10.566,6.62567,3.43793,7.31309,3.24642,-0.344136,0.983564,-9.3244,2.78299,-15.0272,1.78939,10.6039,10.6039,7.06929,3.53465,3.53465,3.53465
6.50521,12.1267,10.4793,6.54547,3.42017,7.27916,3.23055,-0.216345,-0.760065,-9.63591,2.03284,-15.3303,-0.144802,10.5194,10.5194,7.01296,3.50648,3.50648,3.50648
6.51021,12.0705,10.4047,6.47204,3.39782,7.24523,3.22616,-0.565438,0.0137619,-9.6654,1.89534,-16.2048,1.2081,10.4351,10.4351,6.95676,3.47838,3.47838,3.47838
6.51528,12.0142,10.3319,6.40403,3.37451,7.21729,3.21363,0.139306,-0.329594,-9.95073,1.9903,-14.7271,2.02342,10.349,10.349,6.89933,3.44966,3.44966,3.44966
6.52017,11.9405,10.2722,6.35175,3.35091,7.184,3.18732,-0.139486,-0.277386,-10.2899,1.63732,-15.0635,0.536078,10.2653,10.2653,6.84352,3.42176,3.42176,3.42176
6.52517,11.864,10.2199,6.31695,3.33101,7.14849,3.16456,-0.167569,0.805631,-9.31704,1.17754,-16.1608,2.32846,10.1791,10.1791,6.78605,3.39302,3.39302,3.39302
6.53019,11.7845,10.1518,6.27246,3.31715,7.12098,3.12922,-0.364016,0.187624,-9.24637,0.527641,-16.0904,2.22504,10.0919,10.0919,6.72792,3.36396,3.36396,3.36396
6.53517,11.7086,10.0831,6.22027,3.31667,7.10143,3.08856,-0.0798975,0.585943,-9.14858,1.6248,-15.3243,0.333121,10.0048,10.0048,6.66984,3.33492,3.33492,3.33492
6.54028,11.6248,10.0056,6.15861,3.3149,7.08038,3.05348,-0.379928,1.71617,-8.704,2.37517,-15.5676,2.03569,9.91473,9.91473,6.60982,3.30491,3.30491,3.30491
6.54526,11.5469,9.9188,6.08983,3.30172,7.06148,3.01479,1.81633,1.22923,-8.80812,2.35494,-15.2235,2.06514,9.82637,9.82637,6.55092,3.27546,3.27546,3.27546
6.55022,11.4252,9.82864,6.01615,3.27827,7.04165,2.97377,0.829322,1.60152,-8.68217,2.21059,-15.6825,-1.02689,9.73778,9.73778,6.49185,3.24593,3.24593,3.24593
6.55519,11.3007,9.73501,5.93826,3.25031,7.02522,2.95138,0.347369,0.378889,-9.04895,1.71046,-14.2947,1.37926,9.64841,9.64841,6.43227,3.21614,3.21614,3.21614
6.56023,11.1831,9.64433,5.86221,3.22239,6.99628,2.92629,0.545016,1.15572,-9.00277,1.71603,-12.9644,2.33703,9.55718,9.55718,6.37146,3.18573,3.18573,3.18573
6.56515,11.0705,9.55667,5.79187,3.19664,6.95489,2.89277,-0.0194308,0.768549,-9.66615,1.51407,-15.2613,0.21411,9.46755,9.46755,6.3117,3.15585,3.15585,3.15585
6.57015,10.97,9.47313,5.73657,3.17213,6.91555,2.86928,0.407139,0.00525868,-9.59877,2.77835,-13.9721,0.584146,9.37588,9.37588,6.25059,3.12529,3.12529,3.12529
6.57517,10.8782,9.40309,5.69312,3.13947,6.87234,2.85194,0.614017,2.67854,-9.3113,1.79906,-14.91,2.22134,9.28326,9.28326,6.18884,3.09442,3.09442,3.09442
6.58011,10.7875,9.31632,5.65232,3.11033,6.83102,2.82361,0.473262,0.516602,-9.02236,1.56467,-14.1425,-0.0168126,9.19156,9.19156,6.12771,3.06385,3.06385,3.06385
6.58532,10.6943,9.23062,5.60384,3.08543,6.7864,2.80783,1.61466,1.85896,-9.16857,2.72319,-17.5214,0.959547,9.09424,9.09424,6.06283,3.03141,3.03141,3.03141
6.5902,10.5819,9.14447,5.55743,3.0555,6.76725,2.7935,1.50937,2.05707,-8.44908,2.38944,-15.6361,1.9506,9.00253,9.00253,6.00169,3.00084,3.00084,3.00084
6.59522,10.4584,9.0519,5.49641,3.02289,6.75439,2.76819,0.962054,1.43875,-8.39418,1.85802,-14.793,0.293105,8.90765,8.90765,5.93843,2.96922,2.96922,2.96922
6.60019,10.3426,8.96053,5.42667,2.99238,6.73687,2.75196,0.942283,2.43164,-7.87557,2.82516,-14.8692,1.82328,8.81316,8.81316,5.87544,2.93772,2.93772,2.93772
6.60533,10.2316,8.86245,5.34399,2.95644,6.71517,2.72616,1.39513,2.74263,-8.8007,2.55984,-14.083,1.98852,8.71487,8.71487,5.80991,2.90496,2.90496,2.90496
6.61025,10.1236,8.76678,5.27091,2.92192,6.68593,2.69419,0.697841,1.88774,-8.67284,2.5003,-14.2832,2.15254,8.62026,8.62026,5.74684,2.87342,2.87342,2.87342
6.61514,10.0333,8.67371,5.20442,2.88905,6.65309,2.65787,0.938166,2.95549,-8.41126,1.9605,-13.8626,0.983455,8.52571,8.52571,5.68381,2.8419,2.8419,2.8419
6.62022,9.94527,8.57513,5.13543,2.86017,6.61422,2.62447,0.946297,2.84144,-7.66827,3.01185,-13.2087,0.859052,8.42696,8.42696,5.61798,2.80899,2.80899,2.80899
6.62526,9.86049,8.47639,5.05821,2.82917,6.57056,2.59673,0.670501,3.47974,-7.97044,2.69693,-15.1382,2.24153,8.32846,8.32846,5.55231,2.77615,2.77615,2.77615
6.63016,9.78131,8.3792,4.98376,2.79767,6.53242,2.56324,0.766769,3.57601,-7.90626,2.72902,-15.1061,2.27362,8.23219,8.23219,5.48813,2.74406,2.74406,2.74406
6.6352,9.70278,8.27815,4.90639,2.76313,6.49872,2.52493,1.2997,3.22244,-8.07399,2.53863,-12.4564,2.19087,8.13266,8.13266,5.42178,2.71089,2.71089,2.71089
6.64025,9.61348,8.17658,4.82973,2.72797,6.45487,2.48482,1.54177,2.28247,-7.39061,2.03384,-14.2861,-0.441876,8.03243,8.03243,5.35495,2.67748,2.67748,2.67748
6.64525,9.52346,8.07696,4.74696,2.6953,6.41221,2.46343,2.93781,3.15451,-8.08488,3.68169,-13.019,1.53717,7.93269,7.93269,5.28846,2.64423,2.64423,2.64423
6.65032,9.39982,7.97595,4.66737,2.65409,6.36599,2.44107,4.50505,3.68955,-9.46758,5.71105,-15.4774,2.10097,7.83105,7.83105,5.2207,2.61035,2.61035,2.61035
6.65526,9.25972,7.87722,4.61607,2.60628,6.32681,2.41369,1.59838,3.17436,-8.4273,2.39082,-14.7736,1.1985,7.73154,7.73154,5.15436,2.57718,2.57718,2.57718
6.66031,9.13327,7.77681,4.56706,2.56074,6.28904,2.38993,3.08747,3.26477,-7.65065,3.47645,-14.5243,0.561889,7.62933,7.62933,5.08622,2.54311,2.54311,2.54311
6.6652,9.00913,7.67992,4.50785,2.51723,6.25437,2.37789,2.89929,1.87487,-7.79755,2.68159,-16.0975,1.86187,7.52991,7.52991,5.01994,2.50997,2.50997,2.50997
6.6702,8.88503,7.58555,4.44527,2.47775,6.23427,2.35915,3.67911,2.87921,-7.90921,2.79843,-17.3716,0.471751,7.42779,7.42779,4.95186,2.47593,2.47593,2.47593
6.67526,8.75124,7.49147,4.37998,2.44211,6.2471,2.35144,2.90823,3.08553,-7.82746,1.75664,-14.5549,0.804436,7.32397,7.32397,4.88265,2.44132,2.44132,2.44132
6.68017,8.62642,7.40088,4.31566,2.42113,6.25344,2.34961,1.33883,3.01731,-7.992,3.10688,-13.5525,1.16108,7.22279,7.22279,4.8152,2.4076,2.4076,2.4076
6.6853,8.53049,7.30901,4.25324,2.40095,6.24174,2.34682,2.1345,2.24088,-7.63698,2.63719,-13.5419,2.02447,7.11662,7.11662,4.74442,2.37221,2.37221,2.37221
6.69016,8.44741,7.2334,4.19529,2.38915,6.21783,2.33283,1.42386,1.25444,-8.17783,2.1989,-13.7235,1.76834,7.01562,7.01562,4.67708,2.33854,2.33854,2.33854
6.69514,8.39288,7.1803,4.14171,2.38767,6.18695,2.3122,1.46081,2.80435,-7.32479,3.17746,-11.9501,1.4221,6.91169,6.91169,4.60779,2.3039,2.3039,2.3039
6.70015,8.34873,7.12527,4.08088,2.38048,6.14337,2.29092,1.85341,2.39713,-7.29034,1.78002,-14.6227,1.6227,6.80671,6.80671,4.53781,2.2689,2.2689,2.2689
6.70515,8.30005,7.07087,4.01223,2.38477,6.10329,2.26665,2.14772,3.10908,-7.0342,1.79024,-12.2857,3.27236,6.70152,6.70152,4.46768,2.23384,2.23384,2.23384
6.71015,8.23822,7.00362,3.936,2.39571,6.05744,2.22826,2.19029,3.04527,-8.2178,4.119,-12.3664,2.0904,6.59591,6.59591,4.39728,2.19864,2.19864,2.19864
6.71526,8.16636,6.92798,3.86782,2.38402,6.00833,2.18747,2.10951,3.43335,-7.43914,3.36024,-12.5373,0.503638,6.48757,6.48757,4.32504,2.16252,2.16252,2.16252
6.72021,8.10037,6.84884,3.8005,2.36512,5.95965,2.15662,2.17941,3.80269,-6.94882,2.78264,-12.643,1.85528,6.38221,6.38221,4.25481,2.1274,2.1274,2.1274
6.7253,8.02891,6.76105,3.72391,2.34444,5.90896,2.12266,2.28814,3.91142,-6.87633,2.81888,-12.6068,1.89152,6.27348,6.27348,4.18232,2.09116,2.09116,2.09116
6.73036,7.95674,6.66672,3.63991,2.32078,5.85829,2.08744,3.1019,3.64168,-6.82699,3.55885,-14.0279,2.05189,6.16498,6.16498,4.10999,2.05499,2.05499,2.05499
6.73528,7.86129,6.57586,3.55761,2.29009,5.8098,2.05118,3.20776,3.74754,-6.75641,3.59413,-13.9926,2.08717,6.05912,6.05912,4.03941,2.01971,2.01971,2.01971
6.74017,7.75723,6.48557,3.47493,2.25509,5.76275,2.0138,3.73886,3.93586,-7.87942,3.80321,-13.3943,0.872086,5.95354,5.95354,3.96903,1.98451,1.98451,1.98451
6.74533,7.62959,6.38968,3.39899,2.21371,5.71392,1.98186,3.83489,3.74033,-7.80698,3.12011,-12.082,0.594708,5.84175,5.84175,3.8945,1.94725,1.94725,1.94725
6.75031,7.49471,6.29884,3.34083,2.17555,5.66573,1.96286,5.1645,5.0424,-6.74207,3.18931,-14.6872,2.60143,5.7335,5.7335,3.82234,1.91117,1.91117,1.91117
6.75535,7.3464,6.20337,3.27761,2.13831,5.62145,1.93293,4.45101,4.52981,-6.84644,3.29219,-13.3837,3.59855,5.62359,5.62359,3.74906,1.87453,1.87453,1.87453
6.7602,7.20253,6.11269,3.22057,2.10509,5.58034,1.89305,2.56739,3.60361,-7.30238,3.73328,-13.6962,0.727638,5.51749,5.51749,3.67832,1.83916,1.83916,1.83916
6.76518,7.06288,6.02478,3.17065,2.0722,5.54053,1.86054,3.48831,5.34409,-6.68404,3.62066,-12.3845,0.639864,5.40821,5.40821,3.60547,1.80274,1.80274,1.80274
6.77028,6.92549,5.92965,3.114,2.04089,5.49634,1.83964,2.37129,4.69195,-7.12543,1.85304,-12.107,1.72056,5.29595,5.29595,3.53063,1.76532,1.76532,1.76532
6.77517,6.81814,5.83822,3.064,2.02691,5.45137,1.82052,2.94416,4.77232,-6.0649,3.72719,-13.0232,2.02151,5.188,5.188,3.45867,1.72933,1.72933,1.72933
6.78024,6.71747,5.74237,2.99521,2.00349,5.40531,1.79842,3.65923,5.88535,-5.67656,3.92192,-11.926,2.05064,5.07575,5.07575,3.38383,1.69192,1.69192,1.69192
6.78528,6.60696,5.64341,2.9143,1.97248,5.35774,1.77335,4.14544,5.09106,-5.55389,3.45415,-12.46,1.09435,4.96384,4.96384,3.30923,1.65461,1.65461,1.65461
6.79033,6.48103,5.54391,2.82629,1.94,5.30999,1.75465,4.4864,5.5502,-5.69629,3.69035,-12.1079,1.42163,4.8514,4.8514,3.23427,1.61713,1.61713,1.61713
6.79532,6.34788,5.44509,2.73797,1.90629,5.26234,1.738,3.70342,6.6072,-6.33471,3.53704,-10.63,1.10272,4.74,4.74,3.16,1.58,1.58,1.58
6.8002,6.22478,5.34675,2.65484,1.87456,5.2137,1.7271,3.86387,5.73933,-5.43843,4.85685,-12.0012,2.38113,4.63077,4.63077,3.08718,1.54359,1.54359,1.54359
6.80518,6.10173,5.24636,2.56743,1.8357,5.164,1.70662,4.31445,5.31521,-6.23337,4.17374,-11.7404,2.8655,4.51903,4.51903,3.01268,1.50634,1.50634,1.50634
6.81016,5.97505,5.14681,2.48569,1.79749,5.11413,1.67505,3.45724,6.365,-6.25483,2.66272,-12.5062,1.75192,4.407,4.407,2.938,1.469,1.469,1.469
6.8152,5.85378,5.04557,2.40944,1.76929,5.06417,1.644,4.54407,5.69849,-6.1937,4.24896,-12.4766,1.72356,4.29335,4.29335,2.86224,1.43112,1.43112,1.43112
6.82016,5.72773,4.94636,2.33952,1.73818,5.01567,1.61483,4.28581,6.61435,-6.56413,3.81437,-12.8367,1.71125,4.18125,4.18125,2.7875,1.39375,1.39375,1.39375
6.82519,5.59977,4.84495,2.27793,1.70634,4.96782,1.58663,5.9521,6.2555,-6.28543,5.30135,-14.2974,2.08043,4.0673,4.0673,2.71153,1.35577,1.35577,1.35577
6.83024,5.45753,4.74317,2.22125,1.66605,4.92669,1.55603,4.2662,5.49548,-5.67186,4.04789,-12.2719,2.25113,3.95264,3.95264,2.63509,1.31755,1.31755,1.31755
6.83526,5.32383,4.64304,2.15877,1.629,4.88546,1.52204,5.196,6.61048,-6.26661,4.22673,-12.7556,3.21657,3.83842,3.83842,2.55895,1.27947,1.27947,1.27947
6.84024,5.1895,4.54299,2.10052,1.59346,4.84599,1.48095,5.02981,5.71143,-6.01953,2.74934,-11.277,2.53406,3.72487,3.72487,2.48325,1.24162,1.24162,1.24162
6.84527,5.05574,4.44271,2.04147,1.57005,4.80177,1.43876,3.40719,6.66955,-5.07138,3.715,-12.6297,1.7278,3.60995,3.60995,2.40663,1.20332,1.20332,1.20332
6.85024,4.95047,4.34287,1.96786,1.54798,4.75927,1.40086,4.14742,8.15442,-5.4428,3.66185,-11.7638,0.689326,3.49618,3.49618,2.33079,1.16539,1.16539,1.16539
6.85526,4.85698,4.24022,1.88768,1.52399,4.71461,1.37571,4.03009,6.24437,-4.94804,3.0461,-10.6987,1.44806,3.38105,3.38105,2.25403,1.12702,1.12702,1.12702
6.86026,4.77072,4.13826,1.80281,1.50609,4.667,1.35704,5.61853,7.21033,-5.5946,4.35124,-11.4221,2.44684,3.26617,3.26617,2.17745,1.08872,1.08872,1.08872
6.86525,4.65524,4.0363,1.7215,1.47935,4.61902,1.3321,5.26846,7.77828,-5.05614,4.08316,-11.1603,2.9488,3.15132,3.15132,2.10088,1.05044,1.05044,1.05044
6.87023,4.53345,3.93418,1.63936,1.44949,4.57047,1.29847,4.83168,7.4045,-5.38715,4.95771,-11.9501,2.96223,3.0365,3.0365,2.02434,1.01217,1.01217,1.01217
6.8752,4.41353,3.83242,1.56274,1.41297,4.5224,1.2602,4.94645,7.51927,-5.31063,4.99597,-11.9118,3.00049,2.92173,2.92173,1.94782,0.973911,0.973911,0.973911
6.88021,4.29443,3.72967,1.48648,1.3721,4.47482,1.21894,5.16082,8.09614,-5.58032,4.47155,-9.71209,2.17799,2.80586,2.80586,1.87057,0.935286,0.935286,0.935286
6.88517,4.17607,3.62791,1.42194,1.33115,4.42551,1.17985,5.27571,8.21103,-5.50373,4.50985,-9.67379,2.21629,2.69097,2.69097,1.79398,0.89699,0.89699,0.89699
6.89018,4.05832,3.52498,1.3641,1.2888,4.37485,1.14198,5.9908,7.49584,-5.12112,5.08679,-12.7401,1.49327,2.57476,2.57476,1.71651,0.858253,0.858253,0.858253
6.89519,3.93197,3.42221,1.30429,1.24417,4.3254,1.1117,5.07489,6.72181,-4.59627,3.89186,-10.5236,1.64798,2.45839,2.45839,1.63892,0.819462,0.819462,0.819462
6.90044,3.80274,3.31527,1.23427,1.20023,4.27315,1.08659,5.53978,8.23472,-4.46889,4.47904,-11.9071,2.31796,2.33628,2.33628,1.55752,0.778759,0.778759,0.778759
6.90528,3.67898,3.21634,1.16312,1.16084,4.22604,1.06172,4.67538,8.38684,-3.85452,2.97653,-10.9918,2.86061,2.22356,2.22356,1.48237,0.741187,0.741187,0.741187
6.91023,3.56078,3.11506,1.08384,1.13079,4.17816,1.03004,4.18403,8.68745,-3.75669,4.49712,-8.8254,3.28824,2.10815,2.10815,1.40544,0.702718,0.702718,0.702718
6.91521,3.45284,3.01287,0.998901,1.09637,4.12826,0.992008,4.37512,9.65468,-2.68226,4.46135,-11.2293,2.78051,1.99192,1.99192,1.32794,0.663972,0.663972,0.663972
6.92024,3.34655,2.90908,0.90503,1.05788,4.07851,0.952322,3.37369,8.84241,-3.44618,3.15916,-9.45956,2.46364,1.87439,1.87439,1.24959,0.624796,0.624796,0.624796
6.92521,3.26786,2.80646,0.811735,1.02639,4.02868,0.914035,4.14397,8.50555,-3.29345,4.19979,-5.30565,1.73235,1.75815,1.75815,1.1721,0.586049,0.586049,0.586049
6.93034,3.17032,2.70067,0.715251,0.991062,3.97575,0.880377,3.55487,9.23635,-3.14232,4.47166,-8.98334,2.07046,1.63805,1.63805,1.09203,0.546017,0.546017,0.546017
6.93525,3.08496,2.59944,0.623665,0.952779,3.92499,0.852012,3.44533,8.52789,-3.20775,1.71137,-6.46099,1.15661,1.52301,1.52301,1.01534,0.507669,0.507669,0.507669
6.94036,2.98611,2.49442,0.530076,0.929752,3.87179,0.836049,7.21754,8.73842,-4.64938,7.56387,-12.1342,1.90035,1.40318,1.40318,0.935453,0.467727,0.467727,0.467727
6.94528,2.84584,2.39345,0.450714,0.884059,3.82106,0.823872,8.86958,9.54728,-4.49717,8.81124,-11.011,1.44204,1.28772,1.28772,0.858482,0.429241,0.429241,0.429241
6.95023,2.69533,2.29159,0.379126,0.833035,3.77031,0.819067,7.05918,9.10012,-4.71646,5.19851,-11.9991,3.32723,1.17148,1.17148,0.780989,0.390495,0.390495,0.390495
6.95529,2.5416,2.18751,0.318819,0.781373,3.71925,0.797437,8.13549,7.46963,-4.39476,6.1655,-13.4085,2.69618,1.05259,1.05259,0.701726,0.350863,0.350863,0.350863
6.96026,2.38936,2.08636,0.266216,0.730474,3.67295,0.77029,8.52026,8.18536,-5.01283,5.50065,-12.4338,3.57969,0.935744,0.935744,0.623829,0.311915,0.311915,0.311915
6.96535,2.23281,1.98343,0.226367,0.678917,3.63269,0.732347,8.80152,9.01822,-3.58496,5.81379,-12.0793,2.48523,0.816018,0.816018,0.544012,0.272006,0.272006,0.272006
6.9703,2.07982,1.8836,0.174189,0.628829,3.60191,0.695846,7.59416,8.43732,-4.44781,5.93542,-11.3946,2.52406,0.699536,0.699536,0.466357,0.233179,0.233179,0.233179
6.97526,1.92755,1.78468,0.130652,0.579149,3.57594,0.659749,8.4477,9.25934,-3.52979,5.9909,-11.3392,1.55282,0.582776,0.582776,0.388517,0.194259,0.194259,0.194259
6.98028,1.77377,1.68415,0.070285,0.529134,3.55113,0.631029,6.92687,8.04583,-3.99229,4.64754,-12.2437,2.04762,0.464567,0.464567,0.309712,0.154856,0.154856,0.154856
6.98526,1.62529,1.5866,0.01031,0.482854,3.53612,0.60598,7.12297,7.65093,-3.4313,5.16688,-9.15752,1.07656,0.347272,0.347272,0.231515,0.115757,0.115757,0.115757
6.99025,1.48137,1.49276,-0.058632,0.440259,3.50126,0.59498,6.52344,9.35236,-3.18156,4.19591,-9.66481,1.57115,0.22972,0.22972,0.153147,0.0765733,0.0765733,0.0765733
6.99517,1.35205,1.39795,-0.134888,0.40707,3.4599,0.590861,6.25324,9.618,-3.22759,4.98803,-9.53509,0.773506,0.113803,0.113803,0.0758687,0.0379344,0.0379344,0.0379344
7.0003,1.24151,1.2975,-0.217682,0.375148,3.4129,0.602226,7.52065,8.74205,-3.25151,5.12768,-8.26108,1.42652,-0.00706858,-0.00706858,-0.00471239,-0.00235619,-0.00235619,-0.00235619
7.00524,1.12957,1.20172,-0.298998,0.345728,3.36414,0.618446,6.48262,9.92224,-3.2387,5.51423,-9.87001,1.72199,-0.123463,-0.123463,-0.0823088,-0.0411544,-0.0411544,-0.0411544
7.01026,1.02839,1.1025,-0.382225,0.313861,3.31436,0.63512,8.22024,10.7615,-2.60809,5.90142,-9.40002,2.3079,-0.241735,-0.241735,-0.161157,-0.0805784,-0.0805784,-0.0805784
7.01523,0.906692,1.00201,-0.470041,0.28029,3.26471,0.644463,6.90709,9.38535,-3.25318,5.02136,-9.39412,2.65328,-0.358814,-0.358814,-0.239209,-0.119605,-0.119605,-0.119605
7.02023,0.791923,0.901272,-0.555853,0.250215,3.21447,0.642315,7.76164,9.77104,-2.41809,5.65678,-9.82682,3.22246,-0.476578,-0.476578,-0.317719,-0.158859,-0.158859,-0.158859
7.02528,0.668354,0.79926,-0.646524,0.216722,3.16384,0.622884,8.12089,10.871,-2.8446,5.77922,-9.02542,3.2621,-0.595489,-0.595489,-0.396993,-0.198496,-0.198496,-0.198496
7.03026,0.536638,0.697912,-0.733961,0.181647,3.11365,0.591892,7.8717,10.4248,-2.40906,7.00233,-9.51627,3.29289,-0.712716,-0.712716,-0.475144,-0.237572,-0.237572,-0.237572
7.0352,0.402378,0.597518,-0.819675,0.140374,3.06403,0.55452,9.7373,10.3047,-3.08814,5.90672,-10.024,3.35648,-0.828958,-0.828958,-0.552639,-0.276319,-0.276319,-0.276319
7.04032,0.251781,0.493641,-0.90179,0.0991146,3.01309,0.51169,8.65602,11.3589,-2.15514,5.81438,-10.5883,3.35522,-0.949383,-0.949383,-0.632922,-0.316461,-0.316461,-0.316461
7.04528,0.105357,0.392454,-0.984431,0.0616919,2.96496,0.467901,8.91841,10.0965,-2.4954,3.93229,-9.82907,3.46033,-1.06599,-1.06599,-0.710657,-0.355329,-0.355329,-0.355329
7.05018,-0.0406615,0.292913,-1.06425,0.0377031,2.91787,0.423012,7.84759,10.4992,-2.14695,6.44638,-8.51558,3.39934,-1.18111,-1.18111,-0.78741,-0.393705,-0.393705,-0.393705
7.05522,-0.187459,0.191215,-1.14469,0.00518392,2.8682,0.375925,7.96594,10.6176,-2.06805,6.48583,-8.47613,3.43879,-1.29946,-1.29946,-0.866306,-0.433153,-0.433153,-0.433153
7.06018,-0.329145,0.0911783,-1.22519,-0.0324538,2.81895,0.328982,8.51179,11.3959,-1.90895,5.39027,-8.95897,3.12983,-1.41585,-1.41585,-0.943898,-0.471949,-0.471949,-0.471949
7.06518,-0.471212,-0.00971278,-1.30507,-0.0672081,2.76914,0.281786,8.62903,11.5131,-1.83079,5.42935,-8.91989,3.16891,-1.53309,-1.53309,-1.02206,-0.511029,-0.511029,-0.511029
7.07017,-0.61285,-0.110835,-1.38561,-0.10035,2.71944,0.234835,8.42286,11.303,-2.42374,6.76,-9.0134,3.27412,-1.65,-1.65,-1.1,-0.549999,-0.549999,-0.549999
7.07518,-0.752932,-0.212422,-1.46048,-0.141194,2.6696,0.187705,9.52513,12.0468,-1.8565,6.18637,-9.06539,3.19729,-1.76727,-1.76727,-1.17818,-0.589091,-0.589091,-0.589091
7.08021,-0.897725,-0.314941,-1.53648,-0.183368,2.61967,0.14063,8.07465,12.716,-1.76763,6.5071,-8.77778,3.21994,-1.88491,-1.88491,-1.2566,-0.628302,-0.628302,-0.628302
7.0853,-1.03797,-0.419401,-1.61436,-0.227041,2.56918,0.0932771,9.44649,11.4283,-2.25265,7.08494,-9.34256,2.6717,-2.00383,-2.00383,-1.33588,-0.667942,-0.667942,-0.667942
7.09019,-1.17534,-0.5195,-1.68195,-0.271463,2.52119,0.0494921,7.93733,10.9869,-0.512923,5.98862,-8.51794,2.9747,-2.11795,-2.11795,-1.41197,-0.705983,-0.705983,-0.705983
7.09525,-1.30687,-0.622543,-1.76554,-0.31564,2.47133,0.00505212,9.08757,12.2002,-2.32364,6.69862,-7.70858,2.57518,-2.23591,-2.23591,-1.49061,-0.745304,-0.745304,-0.745304
7.10016,-1.43648,-0.722788,-1.83731,-0.36015,2.42216,-0.0356152,9.03248,12.2357,-0.968343,5.85077,-8.76343,1.73561,-2.35024,-2.35024,-1.56683,-0.783413,-0.783413,-0.783413
7.10517,-1.57039,-0.825405,-1.91869,-0.404626,2.37232,-0.0696982,10.3468,12.7738,-0.575077,5.31001,-9.11375,0.756011,-2.46675,-2.46675,-1.6445,-0.822251,-0.822251,-0.822251
7.11018,-1.71162,-0.928178,-2.00502,-0.443125,2.32269,-0.0854389,10.4631,12.8901,-0.497504,5.3488,-9.07496,0.794798,-2.58311,-2.58311,-1.72208,-0.861038,-0.861038,-0.861038
7.11522,-1.85825,-1.03206,-2.09709,-0.474818,2.27342,-0.0849352,9.35467,13.1292,-1.09882,6.20748,-7.96788,0.154803,-2.70001,-2.70001,-1.80001,-0.900003,-0.900003,-0.900003
7.12023,-2.00012,-1.13532,-2.1848,-0.502971,2.22362,-0.0678188,9.4707,13.2452,-1.02147,6.24616,-7.9292,0.193481,-2.81604,-2.81604,-1.87736,-0.938681,-0.938681,-0.938681
7.12519,-2.13807,-1.23763,-2.2683,-0.527919,2.17403,-0.0467712,9.03775,12.4458,-0.51864,7.79136,-7.81644,0.198595,-2.93075,-2.93075,-1.95383,-0.976915,-0.976915,-0.976915
7.13019,-2.27254,-1.34039,-2.35125,-0.563762,2.12376,-0.0334335,10.6898,12.7819,-1.60998,7.49036,-7.86076,0.344718,-3.04619,-3.04619,-2.0308,-1.0154,-1.0154,-1.0154
7.13528,-2.41704,-1.44469,-2.42204,-0.60525,2.07234,-0.0412872,10.8071,12.8993,-1.53176,7.52947,-7.82165,0.383829,-3.16353,-3.16353,-2.10902,-1.05451,-1.05451,-1.05451
7.14018,-2.56155,-1.54531,-2.48421,-0.649701,2.02292,-0.0718707,9.87185,12.9687,-1.32701,5.71234,-6.74906,-0.158184,-3.27629,-3.27629,-2.18419,-1.0921,-1.0921,-1.0921
7.14525,-2.7098,-1.6495,-2.54541,-0.689906,1.97128,-0.11353,9.21214,13.2506,-0.927502,7.40716,-9.57508,-0.061401,-3.39276,-3.39276,-2.26184,-1.13092,-1.13092,-1.13092
7.15025,-2.85045,-1.75219,-2.60533,-0.730919,1.92104,-0.159962,9.32679,13.3653,-0.851068,7.44538,-9.53686,-0.023184,-3.50741,-3.50741,-2.33827,-1.16914,-1.16914,-1.16914
7.15518,-2.98656,-1.85372,-2.66896,-0.773227,1.87303,-0.208089,10.8186,13.5609,-0.0798754,9.62751,-8.82865,-0.316773,-3.62024,-3.62024,-2.41349,-1.20675,-1.20675,-1.20675
7.16018,-3.12439,-1.95665,-2.74303,-0.82145,1.82476,-0.257847,10.9328,13.6751,-0.00373262,9.66558,-8.79058,-0.278701,-3.73446,-3.73446,-2.48964,-1.24482,-1.24482,-1.24482
7.16519,-3.26074,-2.05992,-2.82533,-0.872002,1.77733,-0.308293,10.8028,13.7617,-0.575492,7.79925,-8.52891,-0.389671,-3.84867,-3.84867,-2.56578,-1.28289,-1.28289,-1.28289
7.1702,-3.39564,-2.16349,-2.90942,-0.92237,1.73067,-0.359068,10.6252,13.5644,-0.0940494,6.9844,-8.06864,-1.85864,-3.96264,-3.96264,-2.64176,-1.32088,-1.32088,-1.32088
7.17525,-3.52395,-2.26762,-2.99344,-0.971215,1.68249,-0.409812,10.7398,13.6791,-0.0176262,7.02261,-8.03043,-1.82043,-4.07728,-4.07728,-2.71818,-1.35909,-1.35909,-1.35909
7.18019,-3.65033,-2.36944,-3.07605,-1.01717,1.63542,-0.458915,11.2733,15.0557,0.698597,6.27331,-6.75941,-2.66909,-4.18917,-4.18917,-2.79278,-1.39639,-1.39639,-1.39639
7.18525,-3.7863,-2.47418,-3.16649,-1.05892,1.58529,-0.507505,10.7375,16.1944,0.781098,7.98398,-6.0589,-2.19214,-4.30351,-4.30351,-2.86901,-1.4345,-1.4345,-1.4345
7.19041,-3.92048,-2.58151,-3.26048,-1.10287,1.53284,-0.555363,10.8539,16.3107,0.858648,8.02276,-6.02012,-2.15336,-4.41984,-4.41984,-2.94656,-1.47328,-1.47328,-1.47328
7.19571,-4.06125,-2.69235,-3.35926,-1.15034,1.47853,-0.602343,10.6106,14.5309,0.965271,6.00905,-6.59311,-1.48435,-4.53902,-4.53902,-3.02601,-1.51301,-1.51301,-1.51301
7.20082,-4.19543,-2.7991,-3.45491,-1.18578,1.42599,-0.647701,9.66925,15.5044,-0.170523,7.33065,-6.77019,-1.65315,-4.65363,-4.65363,-3.10242,-1.55121,-1.55121,-1.55121
7.20568,-4.31221,-2.90074,-3.53952,-1.21968,1.37596,-0.690244,10.7157,15.5304,0.33668,6.34845,-7.42119,-1.13667,-4.76235,-4.76235,-3.1749,-1.58745,-1.58745,-1.58745
7.21037,-4.43259,-2.99891,-3.61761,-1.24726,1.3278,-0.73234,10.123,14.9179,0.611272,8.37054,-7.21242,-1.23426,-4.86701,-4.86701,-3.24467,-1.62234,-1.62234,-1.62234
7.21534,-4.55951,-3.10286,-3.69885,-1.28568,1.27688,-0.777468,10.0484,16.2105,0.960897,7.14057,-7.44051,0.168809,-4.97763,-4.97763,-3.31842,-1.65921,-1.65921,-1.65921
7.22028,-4.68466,-3.20636,-3.78035,-1.32337,1.22639,-0.825216,10.4772,16.1981,0.875157,7.04464,-6.21992,-1.1774,-5.08728,-5.08728,-3.39152,-1.69576,-1.69576,-1.69576
7.22527,-4.81392,-3.31115,-3.86352,-1.35973,1.17523,-0.873396,10.8989,15.9775,0.904899,7.45405,-6.10031,-0.146985,-5.19772,-5.19772,-3.46515,-1.73257,-1.73257,-1.73257
7.23021,-4.94637,-3.4149,-3.9437,-1.39592,1.12441,-0.922144,11.5398,15.669,1.5586,6.48852,-6.55248,-1.22844,-5.30675,-5.30675,-3.53783,-1.76892,-1.76892,-1.76892
7.23521,-5.08697,-3.51981,-4.0277,-1.42731,1.073,-0.971157,11.7917,15.1328,0.275545,7.70095,-6.59033,-2.48345,-5.41678,-5.41678,-3.61118,-1.80559,-1.80559,-1.80559
7.2402,-5.23184,-3.6243,-4.10107,-1.46351,1.02171,-1.01751,11.4796,16.4676,0.971346,8.0852,-5.85832,-2.25652,-5.52625,-5.52625,-3.68417,-1.84208,-1.84208,-1.84208
7.2455,-5.38494,-3.7352,-4.17182,-1.50514,0.967082,-1.06305,11.5955,16.5836,1.04861,8.12384,-5.81968,-2.21788,-5.64215,-5.64215,-3.76143,-1.88072,-1.88072,-1.88072
7.25028,-5.52421,-3.83524,-4.22998,-1.54548,0.917775,-1.09916,12.3774,16.1558,1.28528,7.73629,-5.31299,-1.75259,-5.74635,-5.74635,-3.8309,-1.91545,-1.91545,-1.91545
7.25539,-5.67509,-3.94194,-4.28882,-1.58727,0.864899,-1.13565,12.4884,16.2669,1.3593,7.7733,-5.27598,-1.71558,-5.85738,-5.85738,-3.90492,-1.95246,-1.95246,-1.95246
7.26024,-5.82079,-4.04311,-4.34538,-1.62685,0.814622,-1.16837,11.2853,15.7966,1.52755,6.71535,-7.07085,-1.83789,-5.96241,-5.96241,-3.97494,-1.98747,-1.98747,-1.98747
7.26519,-5.9678,-4.14619,-4.40736,-1.66064,0.763551,-1.19975,11.7271,16.723,1.62595,6.90828,-6.97728,-0.510597,-6.06925,-6.06925,-4.04617,-2.02308,-2.02308,-2.02308
7.27024,-6.11429,-4.25133,-4.47288,-1.68562,0.711565,-1.23841,11.8357,16.8317,1.69836,6.94449,-6.94107,-0.47439,-6.17787,-6.17787,-4.11858,-2.05929,-2.05929,-2.05929
7.27519,-6.25758,-4.35456,-4.54293,-1.70461,0.660856,-1.27987,12.0324,15.9133,1.33228,6.93017,-6.76495,-1.15939,-6.28396,-6.28396,-4.18931,-2.09465,-2.09465,-2.09465
7.28024,-6.40082,-4.45966,-4.61026,-1.71693,0.609237,-1.32229,11.9157,16.7028,2.58502,7.61196,-4.11252,-1.87692,-6.39181,-6.39181,-4.2612,-2.1306,-2.1306,-2.1306
7.28531,-6.53911,-4.56502,-4.68766,-1.73023,0.556885,-1.36176,12.0236,16.8107,2.65693,7.64792,-4.07656,-1.84096,-6.49967,-6.49967,-4.33311,-2.16656,-2.16656,-2.16656
7.29016,-6.67412,-4.66585,-4.76819,-1.74828,0.50659,-1.39657,11.5078,16.4682,2.43705,8.5847,-4.56394,-1.50034,-6.60247,-6.60247,-4.40165,-2.20082,-2.20082,-2.20082
7.2954,-6.81579,-4.77462,-4.8564,-1.77839,0.452106,-1.43302,11.8193,16.3346,1.96532,8.1165,-5.63658,-0.511257,-6.71311,-6.71311,-4.47541,-2.2377,-2.2377,-2.2377
7.30041,-6.94517,-4.87833,-4.93676,-1.80932,0.39997,-1.47238,11.9247,16.4399,2.03555,8.15162,-5.60146,-0.476139,-6.81846,-6.81846,-4.54564,-2.27282,-2.27282,-2.27282
7.30525,-7.07462,-4.97852,-5.01394,-1.84347,0.349646,-1.5128,13.0032,16.2655,1.87533,7.78797,-6.27147,-0.715586,-6.91984,-6.91984,-4.61323,-2.30661,-2.30661,-2.30661
7.3106,-7.22313,-5.08883,-5.09121,-1.87918,0.294088,-1.55821,13.1148,16.3771,1.94973,7.82517,-6.23427,-0.678387,-7.03144,-7.03144,-4.68763,-2.34381,-2.34381,-2.34381
7.31532,-7.36178,-5.18585,-5.15144,-1.91246,0.245258,-1.59876,13.2168,16.4239,2.7654,8.37949,-6.05255,-1.81319,-7.12948,-7.12948,-4.75299,-2.37649,-2.37649,-2.37649
7.32034,-7.51099,-5.2886,-5.2198,-1.9493,0.193452,-1.63725,12.2529,16.5475,2.28496,9.52363,-6.58097,-3.36005,-7.23332,-7.23332,-4.82222,-2.41111,-2.41111,-2.41111
7.32536,-7.65645,-5.39093,-5.28505,-1.99326,0.141832,-1.6557,12.8724,17.2537,3.18571,8.79633,-5.32935,-2.33199,-7.33672,-7.33672,-4.89115,-2.44557,-2.44557,-2.44557
7.33024,-7.79733,-5.4906,-5.35962,-2.03696,0.0916059,-1.66404,11.826,16.7628,2.32237,9.91437,-5.08071,-1.24707,-7.43679,-7.43679,-4.95786,-2.47893,-2.47893,-2.47893
7.33515,-7.92675,-5.59041,-5.42894,-2.08378,0.040935,-1.67762,11.9262,16.863,2.3892,9.94779,-5.04729,-1.21365,-7.53704,-7.53704,-5.02469,-2.51235,-2.51235,-2.51235
7.34029,-8.05867,-5.69476,-5.4977,-2.135,-0.012102,-1.69688,12.5271,17.133,2.46093,7.85465,-5.12839,-1.49347,-7.6415,-7.6415,-5.09433,-2.54717,-2.54717,-2.54717
7.34532,-8.18841,-5.79652,-5.55835,-2.18304,-0.0639924,-1.71818,13.1883,16.8762,2.24452,8.11212,-6.62628,-1.17804,-7.74325,-7.74325,-5.16216,-2.58108,-2.58108,-2.58108
7.35047,-8.32016,-5.89925,-5.60591,-2.22953,-0.116882,-1.74527,13.292,16.9798,2.31364,8.14668,-6.59172,-1.14348,-7.84692,-7.84692,-5.23128,-2.61564,-2.61564,-2.61564
7.35546,-8.45751,-5.99767,-5.64139,-2.27326,-0.167609,-1.77516,13.4235,16.8158,3.16612,8.6354,-5.92912,-1.33372,-7.94688,-7.94688,-5.29792,-2.64896,-2.64896,-2.64896
7.3602,-8.58899,-6.08919,-5.68512,-2.31438,-0.215559,-1.80458,13.518,17.1979,2.31788,8.1701,-5.6989,-1.20286,-8.04138,-8.04138,-5.36092,-2.68046,-2.68046,-2.68046
7.36535,-8.73235,-6.1881,-5.72527,-2.35553,-0.267482,-1.83808,13.0291,17.6192,3.43726,8.61816,-6.03744,0.106317,-8.14355,-8.14355,-5.42903,-2.71452,-2.71452,-2.71452
7.37026,-8.86784,-6.28224,-5.77569,-2.39367,-0.316484,-1.87865,13.7407,16.3096,3.20091,7.74794,-5.01982,-1.50082,-8.24046,-8.24046,-5.49364,-2.74682,-2.74682,-2.74682
7.37529,-9.00525,-6.37161,-5.82995,-2.42411,-0.367039,-1.91781,13.8395,16.4084,3.26676,7.78086,-4.9869,-1.4679,-8.33923,-8.33923,-5.55949,-2.77974,-2.77974,-2.77974
7.38022,-9.14618,-6.45285,-5.88621,-2.44925,-0.416432,-1.95354,14.4953,18.2855,3.22019,8.58301,-6.37067,-1.03835,-8.43554,-8.43554,-5.62369,-2.81185,-2.81185,-2.81185
7.38529,-9.29155,-6.54412,-5.94701,-2.47325,-0.466698,-1.99119,14.5938,18.384,3.28587,8.61584,-6.33784,-1.00552,-8.53405,-8.53405,-5.68937,-2.84468,-2.84468,-2.84468
7.39031,-9.44049,-6.64037,-6.01129,-2.49869,-0.51488,-2.02947,12.8429,17.2912,3.61597,8.59022,-5.30362,-0.956622,-8.63105,-8.63105,-5.75404,-2.87702,-2.87702,-2.87702
7.39523,-9.57964,-6.73197,-6.07547,-2.52318,-0.562316,-2.06724,12.2992,17.7915,3.64347,7.20586,-4.6925,-0.933385,-8.72561,-8.72561,-5.81707,-2.90854,-2.90854,-2.90854
7.40033,-9.70356,-6.82578,-6.14351,-2.53211,-0.61263,-2.10626,12.3966,17.889,3.70845,7.23834,-4.66002,-0.900897,-8.82307,-8.82307,-5.88205,-2.94102,-2.94102,-2.94102
7.4052,-9.79752,-6.91412,-6.20921,-2.52804,-0.661303,-2.14306,12.4892,17.9815,3.77014,7.26919,-4.62917,-0.870051,-8.91561,-8.91561,-5.94374,-2.97187,-2.97187,-2.97187
7.41051,-9.91056,-7.01159,-6.28233,-2.51835,-0.714263,-2.18268,11.9197,18.5231,4.01884,7.83254,-4.8193,-1.19266,-9.01591,-9.01591,-6.01061,-3.0053,-3.0053,-3.0053
7.4152,-9.9796,-7.09774,-6.34643,-2.51084,-0.761265,-2.214,12.0078,18.6112,4.07755,7.8619,-4.78994,-1.1633,-9.10398,-9.10398,-6.06932,-3.03466,-3.03466,-3.03466
7.42022,-10.058,-7.1909,-6.41446,-2.5097,-0.811528,-2.24366,12.3694,18.9413,4.57266,8.19122,-4.41094,0.87998,-9.1977,-9.1977,-6.1318,-3.0659,-3.0659,-3.0659
7.42521,-10.1569,-7.28353,-6.48192,-2.5209,-0.861347,-2.28435,12.6748,18.9985,5.41396,7.61764,-2.26868,-2.23556,-9.29029,-9.29029,-6.19353,-3.09676,-3.09676,-3.09676
7.43019,-10.2641,-7.37288,-6.55419,-2.53627,-0.912035,-2.31467,12.2111,20.7135,3.9892,8.9979,-1.98966,-0.333662,-9.38213,-9.38213,-6.25476,-3.12738,-3.12738,-3.12738
7.43528,-10.3784,-7.46943,-6.60746,-2.56877,-0.964321,-2.34968,12.4068,21.122,4.84976,9.24427,-5.21261,-2.81141,-9.47541,-9.47541,-6.31694,-3.15847,-3.15847,-3.15847
7.4405,-10.5018,-7.57173,-6.65713,-2.61339,-1.01754,-2.36662,16.3433,21.8829,2.81893,14.7738,-5.18094,-1.86894,-9.57043,-9.57043,-6.38029,-3.19014,-3.19014,-3.19014
7.44556,-10.6527,-7.67361,-6.65089,-2.66658,-1.06844,-2.37669,14.7839,20.6269,5.02218,9.00008,-3.74284,-1.15948,-9.66193,-9.66193,-6.44129,-3.22064,-3.22064,-3.22064
7.45022,-10.7932,-7.76755,-6.66125,-2.71529,-1.11538,-2.38823,14.4343,18.9653,3.88879,9.32607,-4.18689,-3.15189,-9.74566,-9.74566,-6.49711,-3.24855,-3.24855,-3.24855
7.45519,-10.9421,-7.86539,-6.65953,-2.76702,-1.16526,-2.38141,15.2952,19.6253,4.24263,9.24801,-6.55851,-1.19307,-9.83438,-9.83438,-6.55626,-3.27813,-3.27813,-3.27813
7.46025,-11.0942,-7.96385,-6.66237,-2.81923,-1.21339,-2.38067,14.6285,19.2619,4.11851,10.0645,-5.16241,-0.202688,-9.9241,-9.9241,-6.61606,-3.30803,-3.30803,-3.30803
7.46524,-11.242,-8.05811,-6.66589,-2.87064,-1.25929,-2.39675,13.9914,19.2355,3.93256,8.99256,-5.721,-1.76316,-10.012,-10.012,-6.67464,-3.33732,-3.33732,-3.33732
7.47025,-11.384,-8.14927,-6.66648,-2.92122,-1.3014,-2.40797,15.1427,18.0189,5.00669,9.66759,-4.30077,-2.06517,-10.0995,-10.0995,-6.73303,-3.36651,-3.36651,-3.36651
7.47528,-11.5268,-8.22268,-6.68701,-2.97139,-1.34461,-2.41163,14.3475,19.6704,4.7514,9.58078,-5.0003,-0.727822,-10.1869,-10.1869,-6.79124,-3.39562,-3.39562,-3.39562
7.48019,-11.6508,-8.2965,-6.7217,-3.01925,-1.38704,-2.42583,14.4321,19.755,4.80781,9.60898,-4.9721,-0.699617,-10.2715,-10.2715,-6.84765,-3.42382,-3.42382,-3.42382
7.48518,-11.7766,-8.37533,-6.76644,-3.06746,-1.42808,-2.44917,14.7302,20.5141,4.70588,11.9227,-4.11564,-1.3998,-10.3568,-10.3568,-6.90456,-3.45228,-3.45228,-3.45228
7.49034,-11.8918,-8.46519,-6.81957,-3.11952,-1.47447,-2.47296,14.8178,20.6017,4.76428,11.9519,-4.08644,-1.3706,-10.4444,-10.4444,-6.96296,-3.48148,-3.48148,-3.48148
7.49529,-12.0148,-8.55576,-6.87125,-3.17079,-1.51939,-2.49545,14.4363,19.4362,5.10203,9.9594,-5.07708,0.26352,-10.5278,-10.5278,-7.01856,-3.50928,-3.50928,-3.50928
7.50024,-12.1156,-8.64162,-6.93029,-3.2213,-1.56349,-2.53045,14.5191,19.5189,5.1572,9.98699,-5.04949,0.291107,-10.6106,-10.6106,-7.07373,-3.53687,-3.53687,-3.53687
7.50546,-12.235,-8.72635,-6.99322,-3.27396,-1.60512,-2.57391,14.0068,20.5945,5.07071,9.35345,-4.08499,-1.05451,-10.6972,-10.6972,-7.13145,-3.56573,-3.56573,-3.56573
7.51039,-12.3062,-8.81346,-7.05877,-3.32117,-1.64863,-2.61285,14.0879,20.6756,5.12478,9.38048,-4.05796,-1.02748,-10.7783,-10.7783,-7.18552,-3.59276,-3.59276,-3.59276
7.51536,-12.3654,-8.90593,-7.12952,-3.36539,-1.69405,-2.6503,14.4369,20.5518,5.48818,10.6495,-3.80736,-0.92592,-10.8594,-10.8594,-7.2396,-3.6198,-3.6198,-3.6198
7.52024,-12.4362,-8.99796,-7.20338,-3.40982,-1.73984,-2.68623,14.4056,21.1588,6.69035,9.91409,-3.89695,-0.394507,-10.9384,-10.9384,-7.29227,-3.64613,-3.64613,-3.64613
7.52528,-12.5116,-9.09414,-7.28955,-3.45391,-1.78751,-2.72567,15.4124,19.7622,4.38468,11.2245,-4.78078,-0.922295,-11.0193,-11.0193,-7.34621,-3.6731,-3.6731,-3.6731
7.53032,-12.6178,-9.18466,-7.35822,-3.50081,-1.83358,-2.76322,14.4879,20.2522,6.42366,9.36337,-3.60311,-0.349074,-11.0995,-11.0995,-7.39969,-3.69985,-3.69985,-3.69985
7.53534,-12.7157,-9.26882,-7.43415,-3.54374,-1.88046,-2.80218,15.2606,20.2289,5.29353,10.3171,-4.40471,-0.736669,-11.1788,-11.1788,-7.4525,-3.72625,-3.72625,-3.72625
7.54042,-12.8268,-9.34718,-7.50061,-3.58715,-1.92678,-2.84075,15.671,21.7425,5.74569,10.8901,-3.74066,-1.68722,-11.2582,-11.2582,-7.50547,-3.75274,-3.75274,-3.75274
7.54529,-12.9457,-9.43031,-7.56121,-3.63149,-1.97183,-2.87004,15.7583,21.1679,4.9851,9.45798,-5.06514,-1.86078,-11.3337,-11.3337,-7.5558,-3.7779,-3.7779,-3.7779
7.55053,-13.0832,-9.52068,-7.60963,-3.67711,-2.01638,-2.89133,15.6458,21.1342,5.86849,9.98161,-3.43199,-0.865188,-11.4142,-11.4142,-7.60946,-3.80473,-3.80473,-3.80473
7.55528,-13.21,-9.59889,-7.65132,-3.716,-2.05828,-2.91277,15.7929,20.8716,5.04516,10.37,-5.01421,-1.15573,-11.4865,-11.4865,-7.65766,-3.82883,-3.82883,-3.82883
7.56024,-13.3452,-9.67632,-7.67951,-3.75481,-2.09743,-2.93456,15.9347,20.052,6.51623,9.79053,-4.59183,-1.29639,-11.5613,-11.5613,-7.70753,-3.85377,-3.85377,-3.85377
7.56527,-13.4847,-9.73611,-7.72442,-3.78675,-2.13308,-2.95396,14.8554,21.4274,6.23611,11.0162,-3.61458,-1.48662,-11.6365,-11.6365,-7.75763,-3.87882,-3.87882,-3.87882
7.57023,-13.6144,-9.80329,-7.77568,-3.82147,-2.17171,-2.96898,16.3078,21.5362,6.82217,9.9808,-3.27548,-0.377479,-11.7098,-11.7098,-7.80656,-3.90328,-3.90328,-3.90328
7.5754,-13.7546,-9.87778,-7.84132,-3.85178,-2.21528,-2.99365,15.2882,22.3921,5.97188,10.8672,-2.80311,-1.33755,-11.7856,-11.7856,-7.85706,-3.92853,-3.92853,-3.92853
7.58047,-13.8807,-9.96075,-7.89639,-3.88631,-2.26127,-3.014,15.5312,21.8706,6.27378,10.1548,-5.23776,-0.0710435,-11.8591,-11.8591,-7.90607,-3.95304,-3.95304,-3.95304
7.58545,-13.9992,-10.043,-7.94878,-3.91835,-2.29962,-3.04395,15.1772,21.7215,6.23993,10.6588,-2.44014,-0.726175,-11.9306,-11.9306,-7.95373,-3.97686,-3.97686,-3.97686
7.59035,-14.0948,-10.1211,-7.99603,-3.9514,-2.34364,-3.07453,15.1562,21.2316,5.93314,9.72983,-3.97357,-2.15197,-12.0002,-12.0002,-8.00015,-4.00007,-4.00007,-4.00007
7.59548,-14.1825,-10.1934,-8.03333,-3.98024,-2.38789,-3.09402,14.5703,22.7971,6.03138,9.76216,-3.35336,1.39936,-12.0724,-12.0724,-8.04823,-4.02412,-4.02412,-4.02412
7.60023,-14.2269,-10.272,-8.06315,-4.00203,-2.43028,-3.13089,15.6293,22.6937,6.94697,11.5478,-3.39757,-0.747974,-12.1384,-12.1384,-8.09229,-4.04615,-4.04615,-4.04615
7.60532,-14.299,-10.3609,-8.10972,-4.03741,-2.47562,-3.1685,15.6599,23.9694,6.28518,10.9253,-3.8793,-2.71182,-12.2085,-12.2085,-8.13901,-4.0695,-4.0695,-4.0695
7.61033,-14.3805,-10.4563,-8.14986,-4.07572,-2.51863,-3.18708,16.1379,23.7815,6.74865,10.5092,-3.59988,-1.05792,-12.2767,-12.2767,-8.18448,-4.09224,-4.09224,-4.09224
7.61544,-14.4733,-10.5559,-8.19289,-4.11468,-2.56172,-3.20599,16.4195,22.7904,6.19467,11.2608,-4.38839,-0.736914,-12.3455,-12.3455,-8.23033,-4.11517,-4.11517,-4.11517
7.62016,-14.5764,-10.646,-8.21765,-4.15387,-2.59711,-3.22638,15.5564,21.5964,5.8938,11.0333,-3.78785,-2.13185,-12.4083,-12.4083,-8.27222,-4.13611,-4.13611,-4.13611
7.62544,-14.6828,-10.7388,-8.2292,-4.19796,-2.63592,-3.23682,15.945,21.2167,6.89942,10.9489,-4.22009,-0.626573,-12.4778,-12.4778,-8.31853,-4.15927,-4.15927,-4.15927
7.63028,-14.7804,-10.8002,-8.24378,-4.23738,-2.66688,-3.25211,16.1852,21.5042,6.12628,10.796,-3.85964,-2.51828,-12.5407,-12.5407,-8.36049,-4.18024,-4.18024,-4.18024
7.63527,-14.887,-10.8404,-8.24361,-4.27573,-2.69685,-3.25012,17.6481,22.4785,6.31533,12.0925,-5.6847,-0.824342,-12.6049,-12.6049,-8.40324,-4.20162,-4.20162,-4.20162
7.64057,-15.0224,-10.8914,-8.24074,-4.32083,-2.70864,-3.25308,16.1393,22.1754,6.50437,11.4525,-4.18844,-1.3898,-12.6721,-12.6721,-8.44807,-4.22404,-4.22404,-4.22404
7.64565,-15.1382,-10.9397,-8.24205,-4.36437,-2.72025,-3.25435,19.158,22.7434,5.21965,12.4176,-7.07355,-3.09911,-12.7358,-12.7358,-8.4905,-4.24525,-4.24525,-4.24525
7.65038,-15.2699,-10.9985,-8.22112,-4.40727,-2.69956,-3.2376,17.542,22.4473,7.00591,14.325,-5.93624,-0.529361,-12.7943,-12.7943,-8.52952,-4.26476,-4.26476,-4.26476
7.65541,-15.4078,-11.0664,-8.22746,-4.45724,-2.67098,-3.23585,17.568,20.7791,6.58918,10.2634,-4.64887,-0.533712,-12.8557,-12.8557,-8.5705,-4.28525,-4.28525,-4.28525
7.6603,-15.535,-11.103,-8.24554,-4.50081,-2.64768,-3.24745,15.5033,22.6071,7.14891,10.1589,-3.54453,-0.721051,-12.9147,-12.9147,-8.60982,-4.30491,-4.30491,-4.30491
7.66517,-15.6131,-11.1489,-8.28205,-4.53434,-2.64133,-3.26716,17.0073,21.4949,6.0527,11.2877,-3.43412,-0.411922,-12.9727,-12.9727,-8.64848,-4.32424,-4.32424,-4.32424
7.6703,-15.6918,-11.1818,-8.30993,-4.56542,-2.65225,-3.29636,15.8698,23.1824,7.07308,11.6142,-4.29172,-0.267636,-13.033,-13.033,-8.68865,-4.34432,-4.34432,-4.34432
7.67528,-15.7273,-11.2384,-8.35177,-4.59168,-2.66674,-3.33083,16.2348,23.4371,6.77505,12.2875,-3.51073,-0.712086,-13.0907,-13.0907,-8.72711,-4.36355,-4.36355,-4.36355
7.68029,-15.7582,-11.3122,-8.39733,-4.62184,-2.69387,-3.3667,16.1068,23.3722,6.75886,11.255,-5.08141,-2.24137,-13.1479,-13.1479,-8.76526,-4.38263,-4.38263,-4.38263
7.68518,-15.7845,-11.3889,-8.43902,-4.64922,-2.71347,-3.39068,16.615,22.064,7.08818,11.232,-5.55157,-1.35361,-13.203,-13.203,-8.80198,-4.40099,-4.40099,-4.40099
7.69025,-15.8175,-11.4539,-8.48508,-4.67512,-2.72198,-3.41343,16.1394,22.1912,7.10897,11.7393,-3.00741,-0.680733,-13.2592,-13.2592,-8.83949,-4.41975,-4.41975,-4.41975
7.69568,-15.8477,-11.5098,-8.53583,-4.70566,-2.75127,-3.4412,16.7424,23.7951,7.57071,11.8915,-2.59019,-1.28195,-13.3186,-13.3186,-8.87905,-4.43953,-4.43953,-4.43953
7.70041,-15.8894,-11.5757,-8.58892,-4.73455,-2.78978,-3.46155,17.1913,23.6411,8.14178,14.1358,-3.66619,-0.793026,-13.3695,-13.3695,-8.91299,-4.45649,-4.45649,-4.45649
7.70528,-15.9642,-11.644,-8.6509,-4.7772,-2.82903,-3.48477,16.8686,24.0473,7.15419,12.969,-3.45025,-0.196214,-13.4211,-13.4211,-8.94741,-4.47371,-4.47371,-4.47371
7.71064,-16.0267,-11.7314,-8.71557,-4.82573,-2.87559,-3.51833,16.9245,24.1032,7.19147,12.9876,-3.43161,-0.177573,-13.477,-13.477,-8.98469,-4.49235,-4.49235,-4.49235
7.71526,-16.1172,-11.8015,-8.7492,-4.86926,-2.91484,-3.552,16.9956,23.2917,7.41747,12.1423,-5.1132,-1.80948,-13.5245,-13.5245,-9.01632,-4.50816,-4.50816,-4.50816
7.72029,-16.1932,-11.8739,-8.78786,-4.91527,-2.95193,-3.58174,17.0465,23.3426,7.45136,12.1593,-5.09626,-1.79254,-13.5753,-13.5753,-9.05021,-4.5251,-4.5251,-4.5251
7.72523,-16.2761,-11.93,-8.81496,-4.95996,-2.97753,-3.60334,16.7843,23.6793,6.30742,11.2069,-5.65953,0.144792,-13.6244,-13.6244,-9.08294,-4.54147,-4.54147,-4.54147
7.7305,-16.3592,-11.9788,-8.80187,-5.00289,-2.98236,-3.63731,16.2211,22.6197,8.14123,12.5074,-3.96977,-1.25393,-13.6759,-13.6759,-9.11726,-4.55863,-4.55863,-4.55863
7.73537,-16.4141,-11.9838,-8.79872,-5.04391,-2.98866,-3.66424,16.8471,22.5364,7.43671,11.488,-4.64971,-0.73327,-13.7226,-13.7226,-9.14842,-4.57421,-4.57421,-4.57421
7.74018,-16.4707,-11.9577,-8.78642,-5.08179,-2.98737,-3.68982,17.9405,23.5195,7.38545,11.8261,-3.51679,-3.43399,-13.768,-13.768,-9.17867,-4.58933,-4.58933,-4.58933
7.74527,-16.5632,-11.9357,-8.76951,-5.12072,-2.99591,-3.68675,17.8182,23.9489,8.19855,13.6468,-2.74759,-1.70431,-13.8152,-13.8152,-9.21011,-4.60505,-4.60505,-4.60505
7.7503,-16.6752,-11.9355,-8.77387,-5.16444,-3.02222,-3.67688,17.0484,24.5462,7.23838,14.6308,-3.10494,-2.56674,-13.8609,-13.8609,-9.2406,-4.6203,-4.6203,-4.6203
7.75528,-16.7835,-11.9717,-8.77417,-5.21277,-3.05745,-3.65325,17.3134,24.9531,7.9159,11.8718,-4.93657,-1.15261,-13.9053,-13.9053,-9.27022,-4.63511,-4.63511,-4.63511
7.76019,-16.88,-12.0353,-8.78701,-5.2576,-3.08383,-3.63416,16.2335,24.4839,7.63522,11.9027,-6.05657,-1.14657,-13.9483,-13.9483,-9.29886,-4.64943,-4.64943,-4.64943
7.76546,-16.9677,-12.107,-8.79777,-5.30355,-3.08968,-3.61869,17.5159,24.2336,7.36857,13.2426,-6.0747,-0.849983,-13.9935,-13.9935,-9.32899,-4.6645,-4.6645,-4.6645
7.77055,-17.0472,-12.1767,-8.80289,-5.34982,-3.07225,-3.61231,16.3254,24.7609,7.38035,12.7186,-5.31521,-1.73825,-14.0362,-14.0362,-9.35749,-4.67875,-4.67875,-4.67875
7.7753,-17.0906,-12.2431,-8.79672,-5.39221,-3.04771,-3.60293,17.5346,24.5439,7.99578,12.6737,-4.01051,-0.367308,-14.0753,-14.0753,-9.38354,-4.69177,-4.69177,-4.69177
7.78034,-17.1494,-12.3101,-8.79451,-5.43572,-3.02768,-3.60863,16.6375,24.1235,8.12527,12.4885,-3.88933,-1.41361,-14.1159,-14.1159,-9.41062,-4.70531,-4.70531,-4.70531
7.78543,-17.1869,-12.3647,-8.79733,-5.47686,-3.01558,-3.61682,17.7493,24.1242,7.67758,14.3069,-3.51164,-0.746121,-14.156,-14.156,-9.43736,-4.71868,-4.71868,-4.71868
7.79031,-17.2417,-12.4128,-8.80051,-5.52077,-3.01848,-3.63316,16.6483,24.3667,8.15618,11.7775,-3.78891,-1.98387,-14.1936,-14.1936,-9.46243,-4.73121,-4.73121,-4.73121
7.79546,-17.2691,-12.4677,-8.81932,-5.55977,-3.03235,-3.64175,16.7658,24.5079,8.3576,14.6139,-2.7741,-0.695817,-14.2324,-14.2324,-9.48829,-4.74414,-4.74414,-4.74414
7.80038,-17.2816,-12.5217,-8.85151,-5.60376,-3.06156,-3.65673,16.0968,23.7364,8.15391,13.7317,-3.38304,-1.22196,-14.2686,-14.2686,-9.51241,-4.7562,-4.7562,-4.7562
7.80517,-17.2583,-12.5563,-8.88474,-5.64825,-3.09394,-3.67058,17.7269,23.7433,7.04616,12.8738,-5.30083,-1.50029,-14.303,-14.303,-9.53535,-4.76767,-4.76767,-4.76767
7.81035,-17.2667,-12.5703,-8.88999,-5.69536,-3.1154,-3.683,17.0894,22.7158,8.14671,12.2897,-5.90973,-1.10731,-14.3393,-14.3393,-9.55955,-4.77977,-4.77977,-4.77977
7.8153,-17.2537,-12.5448,-8.90243,-5.73741,-3.11344,-3.69774,17.1587,23.3603,6.91733,13.278,-5.61696,-0.193521,-14.3731,-14.3731,-9.58208,-4.79104,-4.79104,-4.79104
7.82026,-17.2512,-12.5032,-8.88668,-5.78086,-3.09719,-3.72284,17.7157,24.5161,8.56744,12.8254,-4.7034,-1.73916,-14.4061,-14.4061,-9.60408,-4.80204,-4.80204,-4.80204
7.82527,-17.2792,-12.4817,-8.89085,-5.82265,-3.08087,-3.74112,17.3305,24.3555,8.10418,13.1343,-3.78179,1.54225,-14.4386,-14.4386,-9.6257,-4.81285,-4.81285,-4.81285
7.83042,-17.3282,-12.4708,-8.89924,-5.86399,-3.07519,-3.78162,17.355,24.0333,8.12161,12.8884,-3.70474,-1.6099,-14.471,-14.471,-9.64731,-4.82366,-4.82366,-4.82366
7.83528,-17.3687,-12.4726,-8.9184,-5.90071,-3.08447,-3.81343,17.5424,24.2128,8.04111,14.5957,-3.81904,-1.25224,-14.5007,-14.5007,-9.66713,-4.83356,-4.83356,-4.83356
7.84031,-17.4251,-12.4821,-8.93986,-5.94422,-3.10298,-3.84318,18.2499,24.4318,8.11118,13.5458,-2.26072,-3.07216,-14.5306,-14.5306,-9.68704,-4.84352,-4.84352,-4.84352
7.84521,-17.5026,-12.5021,-8.96206,-5.98732,-3.13952,-3.84981,17.2419,23.802,8.7152,13.638,-2.91371,-1.64687,-14.5588,-14.5588,-9.70586,-4.85293,-4.85293,-4.85293
7.85038,-17.5534,-12.5162,-8.99999,-6.03401,-3.18304,-3.85146,17.1999,23.4329,7.91515,14.8482,-3.35949,-1.19013,-14.5876,-14.5876,-9.72509,-4.86255,-4.86255,-4.86255
7.85533,-17.5836,-12.5064,-9.02287,-6.08204,-3.22562,-3.85544,16.6435,23.7276,8.10225,12.5387,-5.95875,-1.13983,-14.6144,-14.6144,-9.7429,-4.87145,-4.87145,-4.87145
7.86025,-17.5711,-12.4845,-9.03929,-6.12704,-3.25267,-3.861,17.1459,23.7099,7.81423,13.4912,-5.47829,-0.427468,-14.64,-14.64,-9.76002,-4.88001,-4.88001,-4.88001
7.86517,-17.5254,-12.4796,-9.06083,-6.17106,-3.26917,-3.8756,17.1707,23.7347,7.83077,13.4995,-5.47002,-0.419199,-14.6648,-14.6648,-9.77656,-4.88828,-4.88828,-4.88828
7.87019,-17.5169,-12.4464,-9.05569,-6.21494,-3.26793,-3.89767,17.1596,25.0987,8.67468,13.2344,-3.68166,-1.36326,-14.6892,-14.6892,-9.79283,-4.89642,-4.89642,-4.89642
7.87512,-17.4853,-12.4733,-9.08117,-6.25502,-3.2827,-3.91607,17.1827,25.1218,8.69007,13.2421,-3.67397,-1.35557,-14.7123,-14.7123,-9.80822,-4.90411,-4.90411,-4.90411
7.88018,-17.4696,-12.5217,-9.11407,-6.29284,-3.30546,-3.93337,17.631,25.6489,8.64882,12.7529,-3.38486,-1.1327,-14.7351,-14.7351,-9.8234,-4.9117,-4.9117,-4.9117
7.88523,-17.4725,-12.5934,-9.15403,-6.3215,-3.33747,-3.95305,16.8057,25.5328,8.51496,12.8512,-3.69223,-0.198073,-14.7569,-14.7569,-9.83793,-4.91897,-4.91897,-4.91897
7.8902,-17.4642,-12.6732,-9.19462,-6.34104,-3.37202,-3.98176,18.0792,25.5533,8.01243,14.6962,-4.8777,-2.4765,-14.7774,-14.7774,-9.85163,-4.92582,-4.92582,-4.92582
7.89516,-17.494,-12.7566,-9.22292,-6.37061,-3.39971,-3.99502,16.2824,25.5966,8.37871,12.3595,-4.28329,-0.772568,-14.7971,-14.7971,-9.8647,-4.93235,-4.93235,-4.93235
7.90032,-17.4967,-12.8445,-9.24807,-6.38541,-3.42672,-4.01481,17.2002,25.4506,8.58187,12.7303,-6.46277,-1.69345,-14.8165,-14.8165,-9.87767,-4.93883,-4.93883,-4.93883
7.9052,-17.5041,-12.9247,-9.26881,-6.39274,-3.42392,-4.0273,16.0318,25.3341,9.46715,14.2514,-4.93337,-1.06661,-14.834,-14.834,-9.88933,-4.94467,-4.94467,-4.94467
7.91031,-17.4626,-13.0035,-9.30662,-6.41393,-3.41355,-4.04118,17.5345,25.2569,7.72523,11.3675,-4.05818,0.321941,-14.8514,-14.8514,-9.90092,-4.95046,-4.95046,-4.95046
7.91525,-17.416,-13.082,-9.32582,-6.41348,-3.41014,-4.06763,17.5504,25.2728,7.73583,11.3728,-4.05288,0.32724,-14.8673,-14.8673,-9.91152,-4.95576,-4.95576,-4.95576
7.92027,-17.4193,-13.1318,-9.29491,-6.39791,-3.40319,-4.1016,17.0692,25.8987,9.56638,12.0899,-1.73768,2.038,-14.8825,-14.8825,-9.92168,-4.96084,-4.96084,-4.96084
7.92516,-17.4016,-13.2037,-9.30686,-6.38089,-3.4298,-4.14497,17.0832,25.9127,9.57568,12.0946,-1.73303,2.04265,-14.8965,-14.8965,-9.93098,-4.96549,-4.96549,-4.96549
7.93027,-17.4153,-13.2703,-9.32684,-6.36403,-3.47093,-4.19391,16.1985,25.6742,9.91081,12.5711,-1.28964,0.043437,-14.9101,-14.9101,-9.94007,-4.97004,-4.97004,-4.97004
7.93537,-17.3794,-13.3429,-9.37744,-6.35032,-3.51906,-4.2417,16.2111,25.6869,9.91925,12.5753,-1.28542,0.0476561,-14.9228,-14.9228,-9.94851,-4.97426,-4.97426,-4.97426
7.9403,-17.3308,-13.3965,-9.4273,-6.3377,-3.56738,-4.28696,16.2067,24.5832,9.60494,13.4402,-2.45741,-1.33133,-14.9341,-14.9341,-9.95606,-4.97803,-4.97803,-4.97803
7.94557,-17.2849,-13.3741,-9.45058,-6.34211,-3.61812,-4.32897,20.9025,24.0781,7.04792,17.0291,-5.59186,-4.40778,-14.9452,-14.9452,-9.96347,-4.98174,-4.98174,-4.98174
7.95062,-17.3748,-13.3458,-9.43127,-6.3853,-3.65863,-4.32611,20.9122,24.0878,7.05438,17.0324,-5.58863,-4.40455,-14.9549,-14.9549,-9.96993,-4.98497,-4.98497,-4.98497
7.95534,-17.5077,-13.2881,-9.3701,-6.43245,-3.67713,-4.29246,17.2444,22.65,8.08186,13.4416,-5.9999,-1.70254,-14.9631,-14.9631,-9.9754,-4.9877,-4.9877,-4.9877
7.9602,-17.6283,-13.2099,-9.30864,-6.47947,-3.67292,-4.25979,17.8036,22.8389,8.41923,14.2721,-4.73877,-1.62549,-14.9707,-14.9707,-9.98046,-4.99023,-4.99023,-4.99023
7.96525,-17.7261,-13.132,-9.26899,-6.52735,-3.66698,-4.22963,17.8105,22.8458,8.42388,14.2744,-4.73645,-1.62317,-14.9777,-14.9777,-9.98511,-4.99255,-4.99255,-4.99255
7.97043,-17.8231,-13.0388,-9.22197,-6.57458,-3.65279,-4.20359,18.1161,23.1002,8.21898,13.1752,-4.08855,-0.842793,-14.9838,-14.9838,-9.98921,-4.99461,-4.99461,-4.99461
7.97529,-17.905,-12.9539,-9.18826,-6.61262,-3.64679,-4.19109,17.4354,23.1366,8.50021,13.1024,-4.54233,-1.85133,-14.9887,-14.9887,-9.99247,-4.99623,-4.99623,-4.99623
7.98028,-17.9337,-12.8829,-9.18928,-6.64297,-3.64492,-4.17661,17.4395,23.1407,8.50294,13.1037,-4.54096,-1.84996,-14.9928,-14.9928,-9.9952,-4.9976,-4.9976,-4.9976
7.98535,-17.9493,-12.8028,-9.18732,-6.66311,-3.63978,-4.16043,17.8683,22.5608,7.67536,13.436,-5.66592,-1.61704,-14.996,-14.996,-9.99735,-4.99868,-4.99868,-4.99868
7.99055,-17.931,-12.7346,-9.19633,-6.67779,-3.62377,-4.1427,17.8706,22.5631,7.67691,13.4368,-5.66515,-1.61627,-14.9983,-14.9983,-9.9989,-4.99945,-4.99945,-4.99945
7.99524,-17.9286,-12.6559,-9.17415,-6.68518,-3.59589,-4.125,16.9381,22.7693,8.45103,15.2257,-5.23424,-1.5165,-14.9996,-14.9996,-9.99972,-4.99986,-4.99986,-4.99986
8.00029,-17.8856,-12.5807,-9.17181,-6.70674,-3.56613,-4.10722,17.3088,22.9509,9.12011,14.4309,-5.8716,-0.340601,-15,-15,-10,-5,-5,-5
8.00526,-17.8147,-12.5351,-9.214,-6.73099,-3.53333,-4.1062,17.3083,22.9504,9.11977,14.4307,-5.87177,-0.340771,-14.9995,-14.9995,-9.99966,-4.99983,-4.99983,-4.99983
8.0103,-17.7642,-12.4668,-9.24897,-6.75682,-3.49389,-4.1208,17.2438,23.0672,8.50225,14.1901,-5.62385,-3.05709,-14.998,-14.998,-9.99869,-4.99935,-4.99935,-4.99935
8.01534,-17.6877,-12.4439,-9.3031,-6.78435,-3.45669,-4.1139,17.2414,23.0648,8.50066,14.1893,-5.62465,-3.05789,-14.9956,-14.9956,-9.9971,-4.99855,-4.99855,-4.99855
8.02042,-17.6045,-12.4527,-9.35985,-6.81373,-3.42047,-4.08931,16.7889,23.2229,8.33331,14.4615,-4.70673,-1.48581,-14.9923,-14.9923,-9.99486,-4.99743,-4.99743,-4.99743
8.02547,-17.5351,-12.4547,-9.38558,-6.84369,-3.3895,-4.06923,16.7925,23.1241,8.55617,14.2116,-4.91516,-3.4082,-14.988,-14.988,-9.992,-4.996,-4.996,-4.996
8.03027,-17.4491,-12.5079,-9.42248,-6.87171,-3.36666,-4.03664,16.7876,23.1191,8.55287,14.21,-4.91681,-3.40985,-14.983,-14.983,-9.9887,-4.99435,-4.99435,-4.99435
8.03545,-17.3583,-12.5764,-9.44706,-6.90095,-3.34354,-3.99499,17.2777,23.0222,8.49851,13.6283,-6.95575,-1.55723,-14.9768,-14.9768,-9.9845,-4.99225,-4.99225,-4.99225
8.04022,-17.2998,-12.6424,-9.44426,-6.9196,-3.30647,-3.96177,17.2868,22.59,8.85981,14.2885,-5.32688,-1.38558,-14.9701,-14.9701,-9.98005,-4.99002,-4.99002,-4.99002
8.04539,-17.2417,-12.7371,-9.46879,-6.94372,-3.27063,-3.93434,17.2786,22.5819,8.85435,14.2857,-5.3296,-1.3883,-14.9619,-14.9619,-9.97459,-4.9873,-4.9873,-4.9873
8.05029,-17.2279,-12.8282,-9.48029,-6.96882,-3.23859,-3.91863,16.9035,21.7694,8.77124,14.9452,-3.90831,-1.36635,-14.9532,-14.9532,-9.96881,-4.98441,-4.98441,-4.98441
8.05523,-17.21,-12.9238,-9.50327,-6.99955,-3.22423,-3.91055,17.6543,21.4406,8.15245,13.5427,-3.99432,-2.72748,-14.9436,-14.9436,-9.96239,-4.9812,-4.9812,-4.9812
8.06039,-17.2032,-13.027,-9.53367,-7.02308,-3.23072,-3.89205,17.6433,21.4296,8.1451,13.539,-3.998,-2.73116,-14.9326,-14.9326,-9.95504,-4.97752,-4.97752,-4.97752
8.06539,-17.2159,-13.1275,-9.54625,-7.03601,-3.25155,-3.86659,17.1392,20.9807,8.61806,14.5867,-4.81331,-2.33759,-14.9209,-14.9209,-9.9473,-4.97365,-4.97365,-4.97365
8.07037,-17.2224,-13.227,-9.5502,-7.05067,-3.27273,-3.84156,17.5916,20.6333,8.94413,15.4354,-4.55251,-2.40799,-14.9085,-14.9085,-9.93897,-4.96949,-4.96949,-4.96949
8.07534,-17.2191,-13.3273,-9.57831,-7.07678,-3.29895,-3.81605,17.5782,20.6199,8.93522,15.4309,-4.55697,-2.41245,-14.8951,-14.8951,-9.93006,-4.96503,-4.96503,-4.96503
8.08036,-17.226,-13.4266,-9.59173,-7.10887,-3.3239,-3.7903,17.0949,19.916,8.0687,15.3102,-7.47638,-1.77142,-14.8807,-14.8807,-9.92044,-4.96022,-4.96022,-4.96022
8.08527,-17.2005,-13.5242,-9.60555,-7.14407,-3.31713,-3.77064,17.0799,19.901,8.05869,15.3052,-7.48138,-1.77642,-14.8656,-14.8656,-9.91043,-4.95522,-4.95522,-4.95522
8.09024,-17.1759,-13.6166,-9.57892,-7.18073,-3.28292,-3.7558,15.7597,19.3293,9.31868,14.447,-6.21155,-2.98239,-14.8496,-14.8496,-9.8997,-4.94985,-4.94985,-4.94985
8.09526,-17.0953,-13.7104,-9.5893,-7.21432,-3.24638,-3.73265,15.7425,19.3122,9.30724,14.4413,-6.21727,-2.98811,-14.8324,-14.8324,-9.88826,-4.94413,-4.94413,-4.94413
8.10039,-16.9945,-13.8016,-9.61577,-7.24462,-3.20699,-3.70396,18.088,18.7854,8.11405,14.5179,-5.00632,-1.1644,-14.8139,-14.8139,-9.87592,-4.93796,-4.93796,-4.93796
8.10529,-16.972,-13.8601,-9.60211,-7.27019,-3.17519,-3.69219,16.4698,17.703,8.52594,13.8328,-5.63353,-3.01703,-14.7953,-14.7953,-9.86354,-4.93177,-4.93177,-4.93177
8.11049,-16.9229,-13.9115,-9.60349,-7.29097,-3.14689,-3.67236,16.4492,17.6824,8.51217,13.8259,-5.64042,-3.02392,-14.7747,-14.7747,-9.84977,-4.92488,-4.92488,-4.92488
8.1154,-16.8646,-13.9254,-9.60051,-7.30401,-3.12367,-3.64842,17.7092,17.3231,7.74198,15.5248,-4.76124,-2.26896,-14.7542,-14.7542,-9.83616,-4.91808,-4.91808,-4.91808
8.12033,-16.846,-13.8753,-9.55767,-7.32643,-3.10845,-3.62711,16.4507,16.2143,7.90955,14.2839,-6.22565,-1.19969,-14.7328,-14.7328,-9.8219,-4.91095,-4.91095,-4.91095
8.12533,-16.7997,-13.8081,-9.52018,-7.34254,-3.08823,-3.62002,16.4281,16.1917,7.89449,14.2764,-6.23318,-1.20722,-14.7103,-14.7103,-9.80684,-4.90342,-4.90342,-4.90342
8.13036,-16.7435,-13.72,-9.46926,-7.34873,-3.06104,-3.62641,16.4911,15.2264,7.89545,15.4691,-7.30086,-1.34758,-14.6866,-14.6866,-9.79108,-4.89554,-4.89554,-4.89554
8.13541,-16.6863,-13.6199,-9.40289,-7.36525,-3.0216,-3.64322,17.3569,13.7006,8.32209,14.8068,-5.02384,-3.19396,-14.662,-14.662,-9.77464,-4.88732,-4.88732,-4.88732
8.14027,-16.6533,-13.5218,-9.36475,-7.3854,-2.99412,-3.64596,17.3323,13.676,8.30569,14.7986,-5.03204,-3.20216,-14.6374,-14.6374,-9.75824,-4.87912,-4.87912,-4.87912
8.14531,-16.6517,-13.4179,-9.31633,-7.40697,-2.97414,-3.63786,17.034,13.2753,8.35078,14.0197,-4.49436,-2.50716,-14.6109,-14.6109,-9.74063,-4.87032,-4.87032,-4.87032
8.15024,-16.6596,-13.3156,-9.27794,-7.42109,-2.97348,-3.62868,18.2327,12.7482,6.66933,15.1783,-7.64969,-3.99819,-14.5842,-14.5842,-9.72282,-4.86141,-4.86141,-4.86141
8.15536,-16.7115,-13.2092,-9.22991,-7.44367,-2.95452,-3.60453,18.204,12.7195,6.65021,15.1687,-7.65925,-4.00775,-14.5555,-14.5555,-9.7037,-4.85185,-4.85185,-4.85185
8.16063,-16.7946,-13.0994,-9.16301,-7.47039,-2.92062,-3.5714,18.2247,12.4802,7.12521,14.4879,-6.22872,-3.51284,-14.525,-14.525,-9.68337,-4.84168,-4.84168,-4.84168
8.16541,-16.8774,-12.9997,-9.10209,-7.49053,-2.89128,-3.53969,16.699,12.2231,7.58062,13.2778,-9.42603,-1.60139,-14.4965,-14.4965,-9.66435,-4.83217,-4.83217,-4.83217
8.17033,-16.92,-12.8971,-9.04002,-7.49371,-2.84646,-3.52253,16.8382,11.4877,7.91787,12.9365,-6.6291,-2.63818,-14.4663,-14.4663,-9.64421,-4.8221,-4.8221,-4.8221
8.17518,-16.9211,-12.7967,-9.02026,-7.48366,-2.80454,-3.50804,16.8076,11.457,7.89744,12.9263,-6.63931,-2.64839,-14.4357,-14.4357,-9.62378,-4.81189,-4.81189,-4.81189
8.18026,-16.895,-12.6923,-9.01732,-7.46156,-2.76299,-3.49457,16.6485,11.294,8.37915,13.2051,-6.2943,-3.01542,-14.4027,-14.4027,-9.6018,-4.8009,-4.8009,-4.8009
8.18539,-16.8495,-12.5878,-9.02772,-7.4339,-2.72555,-3.47908,16.6931,11.9572,8.43574,15.1229,-6.00761,-1.61923,-14.3685,-14.3685,-9.57897,-4.78949,-4.78949,-4.78949
8.19045,-16.7912,-12.4936,-9.07793,-7.42193,-2.69861,-3.48073,16.6584,11.9225,8.41262,15.1113,-6.01918,-1.6308,-14.3338,-14.3338,-9.55585,-4.77792,-4.77792,-4.77792
8.19535,-16.7298,-12.4124,-9.11622,-7.41587,-2.677,-3.49698,16.2969,11.1788,7.69577,12.914,-5.66636,-0.930199,-14.2993,-14.2993,-9.53288,-4.76644,-4.76644,-4.76644
8.20036,-16.6549,-12.3832,-9.16642,-7.39662,-2.66891,-3.52864,16.2608,11.1427,7.67171,12.9019,-5.67839,-0.942232,-14.2632,-14.2632,-9.50882,-4.75441,-4.75441,-4.75441
8.20536,-16.5724,-12.417,-9.22201,-7.36977,-2.67309,-3.56767,16.2239,11.1058,7.6471,12.8896,-5.69069,-0.954535,-14.2263,-14.2263,-9.48421,-4.74211,-4.74211,-4.74211
8.21036,-16.4862,-12.4713,-9.26725,-7.33742,-2.68514,-3.61041,16.1782,10.4495,7.98139,14.2681,-7.64909,-2.64797,-14.1885,-14.1885,-9.45902,-4.72951,-4.72951,-4.72951
8.21556,-16.3942,-12.4812,-9.28036,-7.30728,-2.67533,-3.64999,16.7172,10.7166,7.31294,13.7661,-8.1593,-3.4811,-14.1483,-14.1483,-9.4322,-4.7161,-4.7161,-4.7161
8.22034,-16.3195,-12.5263,-9.29289,-7.28164,-2.64853,-3.67389,16.6794,10.6788,7.28774,13.7535,-8.1719,-3.4937,-14.1105,-14.1105,-9.407,-4.7035,-4.7035,-4.7035
8.22526,-16.2519,-12.5745,-9.28994,-7.2557,-2.61116,-3.68562,16.5766,10.3199,8.1474,13.2021,-6.55395,-2.08279,-14.0707,-14.0707,-9.3805,-4.69025,-4.69025,-4.69025
8.23027,-16.1922,-12.59,-9.27445,-7.22275,-2.57544,-3.70113,16.7717,10.7632,7.97772,13.5278,-5.48313,-1.57493,-14.0294,-14.0294,-9.35294,-4.67647,-4.67647,-4.67647
8.23522,-16.1489,-12.6446,-9.28365,-7.19202,-2.55685,-3.72366,16.73,10.7215,7.94992,13.5139,-5.49703,-1.58883,-13.9877,-13.9877,-9.32514,-4.66257,-4.66257,-4.66257
8.24022,-16.117,-12.6762,-9.2755,-7.15968,-2.55232,-3.75132,16.0999,10.6548,7.37578,14.0874,-6.04125,-3.15979,-13.9447,-13.9447,-9.29649,-4.64825,-4.64825,-4.64825
8.2453,-16.0774,-12.723,-9.26179,-7.13697,-2.55637,-3.7671,16.2524,11.6859,7.50284,14.0974,-7.6127,-2.45428,-13.9002,-13.9002,-9.2668,-4.6334,-4.6334,-4.6334
8.25027,-16.0294,-12.8053,-9.26573,-7.12535,-2.54717,-3.77876,16.2079,11.6415,7.47321,14.0826,-7.62751,-2.46909,-13.8558,-13.8558,-9.23717,-4.61859,-4.61859,-4.61859
8.25534,-15.9663,-12.8824,-9.2466,-7.11673,-2.52191,-3.78732,15.5707,10.4763,7.26894,13.5207,-8.48751,-2.39341,-13.8096,-13.8096,-9.20637,-4.60319,-4.60319,-4.60319
8.2603,-15.8831,-12.9483,-9.21929,-7.10379,-2.48339,-3.79456,15.1228,10.446,7.14837,12.5863,-8.30416,-2.36736,-13.7635,-13.7635,-9.17567,-4.58784,-4.58784,-4.58784
8.26539,-15.7834,-13.0094,-9.18546,-7.07948,-2.43958,-3.80189,14.8737,10.4885,7.94811,12.7359,-7.2024,-2.77256,-13.7154,-13.7154,-9.14359,-4.5718,-4.5718,-4.5718
8.27033,-15.6786,-13.0603,-9.16486,-7.05057,-2.39878,-3.80368,15.7009,10.0627,7.97912,13.2996,-6.60545,-2.59797,-13.6678,-13.6678,-9.1119,-4.55595,-4.55595,-4.55595
8.2753,-15.5867,-13.0968,-9.15525,-7.02408,-2.36269,-3.80277,16.3732,10.9163,7.6081,13.9624,-6.06697,-3.64919,-13.6192,-13.6192,-9.07946,-4.53973,-4.53973,-4.53973
8.2802,-15.5321,-13.1425,-9.14886,-7.00876,-2.33871,-3.78603,15.5325,11.1828,7.00082,13.3831,-5.46221,-1.63685,-13.5704,-13.5704,-9.04693,-4.52347,-4.52347,-4.52347
8.28525,-15.4786,-13.2046,-9.13387,-6.9992,-2.33257,-3.78023,15.7769,10.2806,7.55612,12.6043,-6.87857,-1.86089,-13.5193,-13.5193,-9.01285,-4.50643,-4.50643,-4.50643
8.2905,-15.4349,-13.2777,-9.14088,-6.98443,-2.32633,-3.78084,15.7228,10.2265,7.52009,12.5862,-6.89659,-1.87891,-13.4652,-13.4652,-8.97682,-4.48841,-4.48841,-4.48841
8.29535,-15.3921,-13.3091,-9.13055,-6.96057,-2.31685,-3.78686,15.676,9.92758,7.39848,11.5509,-7.59251,-3.72571,-13.4145,-13.4145,-8.94299,-4.47149,-4.47149,-4.47149
8.30041,-15.3497,-13.3481,-9.13254,-6.92666,-2.29849,-3.77822,15.6223,9.87381,7.36263,11.533,-7.61043,-3.74363,-13.3607,-13.3607,-8.90714,-4.45357,-4.45357,-4.45357
8.30525,-15.3017,-13.3365,-9.11203,-6.88724,-2.27228,-3.75938,15.4321,9.52215,7.26929,13.2378,-7.32974,-3.6948,-13.3085,-13.3085,-8.87232,-4.43616,-4.43616,-4.43616
8.31037,-15.2435,-13.2978,-9.08316,-6.85031,-2.24258,-3.73426,15.3761,9.1942,7.09815,12.8796,-6.47073,-2.96829,-13.2524,-13.2524,-8.83494,-4.41747,-4.41747,-4.41747
8.31576,-15.1833,-13.2627,-9.06648,-6.81566,-2.2208,-3.7097,15.3161,9.13424,7.05817,12.8596,-6.49072,-2.98828,-13.1924,-13.1924,-8.79496,-4.39748,-4.39748,-4.39748
8.32046,-15.1213,-13.1997,-9.03376,-6.78492,-2.2069,-3.68845,15.2709,10.0465,6.37698,13.6037,-6.59951,-2.69961,-13.1394,-13.1394,-8.75958,-4.37979,-4.37979,-4.37979
8.32535,-15.0579,-13.1437,-8.98655,-6.75995,-2.19734,-3.67024,15.341,9.44679,6.43581,13.2125,-6.80856,-2.69342,-13.0834,-13.0834,-8.72227,-4.36114,-4.36114,-4.36114
8.33061,-15.0034,-13.1115,-8.94596,-6.73742,-2.1923,-3.65367,15.28,9.38573,6.3951,13.1921,-6.82892,-2.71378,-13.0223,-13.0223,-8.68156,-4.34078,-4.34078,-4.34078
8.33526,-14.9625,-13.1039,-8.91687,-6.71979,-2.19221,-3.64049,15.2252,9.331,6.35862,13.1739,-6.84716,-2.73202,-12.9676,-12.9676,-8.64508,-4.32254,-4.32254,-4.32254
8.34018,-14.9151,-13.0662,-8.86633,-6.69788,-2.19299,-3.62789,15.0917,9.06747,6.07499,12.0365,-8.76281,-3.17385,-12.909,-12.909,-8.60598,-4.30299,-4.30299,-4.30299
8.34548,-14.8714,-13.0427,-8.81681,-6.66625,-2.17318,-3.6104,15.0277,9.00343,6.03229,12.0152,-8.78416,-3.1952,-12.8449,-12.8449,-8.56328,-4.28164,-4.28164,-4.28164
8.35025,-14.8237,-12.9845,-8.75116,-6.63036,-2.14024,-3.59205,14.7132,9.2878,6.71859,12.004,-9.18453,-2.49431,-12.7865,-12.7865,-8.52435,-4.26217,-4.26217,-4.26217
8.35517,-14.7634,-12.9309,-8.69463,-6.5921,-2.09895,-3.57745,14.2424,8.50185,6.61523,12.6709,-6.87816,-2.23312,-12.7255,-12.7255,-8.48369,-4.24184,-4.24184,-4.24184
8.3602,-14.6877,-12.8878,-8.6581,-6.55901,-2.06312,-3.56962,14.1793,8.43871,6.57314,12.6498,-6.8992,-2.25416,-12.6624,-12.6624,-8.4416,-4.2208,-4.2208,-4.2208
8.36532,-14.5935,-12.8161,-8.61026,-6.5286,-2.03265,-3.56838,15.1229,9.10647,6.78682,13.2905,-6.449,-3.73314,-12.5973,-12.5973,-8.39821,-4.1991,-4.1991,-4.1991
8.37039,-14.5298,-12.7765,-8.59037,-6.51406,-2.01619,-3.55617,15.0576,9.04122,6.74332,13.2688,-6.47075,-3.75489,-12.5321,-12.5321,-8.35471,-4.17735,-4.17735,-4.17735
8.37525,-14.4762,-12.7227,-8.56195,-6.50815,-2.01028,-3.53741,15.0337,9.67531,6.23714,13.4547,-6.96374,-3.62694,-12.4688,-12.4688,-8.31251,-4.15626,-4.15626,-4.15626
8.38031,-14.4379,-12.6957,-8.53289,-6.51319,-2.00856,-3.51517,14.6755,8.9152,6.74237,10.6587,-7.30897,-2.78805,-12.4021,-12.4021,-8.26807,-4.13403,-4.13403,-4.13403
8.38537,-14.3942,-12.6637,-8.50984,-6.49252,-2.00568,-3.50316,14.4859,8.32373,6.2585,10.3464,-9.03705,-3.40669,-12.3346,-12.3346,-8.2231,-4.11155,-4.11155,-4.11155
8.39037,-14.3533,-12.6396,-8.49653,-6.45518,-1.9834,-3.49135,14.4185,8.25631,6.21355,10.3239,-9.05952,-3.42916,-12.2672,-12.2672,-8.17815,-4.08908,-4.08908,-4.08908
8.39566,-14.3046,-12.5923,-8.47175,-6.4069,-1.9466,-3.47846,14.0469,8.82638,6.45596,11.2603,-8.50397,-3.46149,-12.1951,-12.1951,-8.13005,-4.06503,-4.06503,-4.06503
8.40057,-14.2328,-12.5365,-8.43953,-6.36122,-1.90809,-3.46579,14.1131,9.31026,6.78492,11.8588,-7.25975,-3.84839,-12.1274,-12.1274,-8.0849,-4.04245,-4.04245,-4.04245
8.40544,-14.1664,-12.527,-8.4385,-6.32002,-1.87522,-3.44914,14.0452,9.24237,6.73967,11.8361,-7.28238,-3.87102,-12.0595,-12.0595,-8.03965,-4.01982,-4.01982,-4.01982
8.41039,-14.0972,-12.5356,-8.45004,-6.28342,-1.84694,-3.42943,13.3451,9.28297,6.7747,12.0861,-7.21452,-1.61726,-11.9898,-11.9898,-7.99317,-3.99658,-3.99658,-3.99658
8.41529,-14.0065,-12.5463,-8.4637,-6.25233,-1.82409,-3.43163,13.4054,8.31886,6.584,11.6903,-5.54866,-3.18058,-11.92,-11.92,-7.94668,-3.97334,-3.97334,-3.97334
8.42029,-13.9153,-12.5683,-8.49257,-6.22693,-1.82608,-3.43205,13.3335,8.24698,6.53608,11.6663,-5.57262,-3.20454,-11.8481,-11.8481,-7.89876,-3.94938,-3.94938,-3.94938
8.4256,-13.8137,-12.5696,-8.51518,-6.20397,-1.84901,-3.42905,13.3155,8.7175,6.89638,11.0693,-6.93143,-3.94233,-11.771,-11.771,-7.84733,-3.92367,-3.92367,-3.92367
8.43031,-13.7189,-12.5666,-8.53945,-6.1814,-1.86786,-3.4145,12.3953,7.39547,6.24003,9.58071,-7.66657,-3.16221,-11.7019,-11.7019,-7.80126,-3.90063,-3.90063,-3.90063
8.43536,-13.5996,-12.525,-8.54814,-6.14535,-1.87713,-3.39686,13.5892,8.39234,6.5371,10.7233,-9.57931,-2.22667,-11.6271,-11.6271,-7.75139,-3.87569,-3.87569,-3.87569
8.4402,-13.4939,-12.4743,-8.54414,-6.1093,-1.85321,-3.38818,12.8037,8.46967,5.9956,10.8647,-8.42764,0.282885,-11.5547,-11.5547,-7.70313,-3.85156,-3.85156,-3.85156
8.44528,-13.3793,-12.4188,-8.51722,-6.07398,-1.81746,-3.41268,12.9713,8.00686,7.88399,12.7436,-7.8488,-0.537559,-11.478,-11.478,-7.652,-3.826,-3.826,-3.826
8.45045,-13.2679,-12.3559,-8.52096,-6.05934,-1.77837,-3.451,10.6821,7.21886,5.02041,12.5269,-5.42419,-4.97707,-11.3992,-11.3992,-7.59947,-3.79973,-3.79973,-3.79973
8.45551,-13.1319,-12.2795,-8.47708,-6.0622,-1.7574,-3.45678,15.3126,6.79823,4.61321,13.9002,-10.6251,-7.23862,-11.3213,-11.3213,-7.54757,-3.77378,-3.77378,-3.77378
8.46026,-13.0719,-12.2021,-8.41143,-6.08928,-1.71616,-3.4196,13.5762,6.15713,5.36661,12.0375,-8.9606,-5.3174,-11.2476,-11.2476,-7.49841,-3.7492,-3.7492,-3.7492
8.46554,-13.0327,-12.111,-8.33879,-6.11876,-1.66809,-3.37216,13.5407,7.10278,4.9102,11.4055,-8.24296,-5.6596,-11.1649,-11.1649,-7.44328,-3.72164,-3.72164,-3.72164
8.47031,-13.0066,-12.0328,-8.26889,-6.13942,-1.62521,-3.32636,12.2912,6.40095,5.53293,10.2874,-6.42988,-2.38928,-11.0895,-11.0895,-7.39303,-3.69652,-3.69652,-3.69652
8.47533,-12.9536,-11.9528,-8.20512,-6.14453,-1.58896,-3.28337,12.6013,7.01046,5.06788,10.3021,-7.08585,-3.24395,-11.0096,-11.0096,-7.33971,-3.66985,-3.66985,-3.66985
8.4802,-12.8977,-11.8848,-8.14525,-6.13652,-1.56325,-3.24744,12.263,6.38454,5.67197,10.8888,-5.79543,-4.65279,-10.9313,-10.9313,-7.28754,-3.64377,-3.64377,-3.64377
8.48539,-12.8258,-11.8129,-8.09431,-6.12294,-1.56091,-3.2079,13.0536,6.3753,4.95755,9.76777,-8.52277,-4.34963,-10.8472,-10.8472,-7.23147,-3.61573,-3.61573,-3.61573
8.49032,-12.7694,-11.7422,-8.03993,-6.09348,-1.54645,-3.17102,12.5199,6.97243,4.8704,9.73264,-8.96362,-4.0784,-10.7666,-10.7666,-7.17776,-3.58888,-3.58888,-3.58888
8.49519,-12.7062,-11.6795,-7.98228,-6.05531,-1.5194,-3.13759,12.5737,6.61642,4.96532,9.28363,-8.25345,-4.29557,-10.6864,-10.6864,-7.12429,-3.56215,-3.56215,-3.56215
8.5003,-12.6385,-11.6253,-7.92772,-6.01013,-1.48715,-3.1033,12.3628,6.63008,5.26824,9.53687,-8.46383,-4.09201,-10.6016,-10.6016,-7.06773,-3.53387,-3.53387,-3.53387
8.50529,-12.5692,-11.577,-7.8828,-5.9634,-1.45262,-3.07203,11.9523,6.4796,4.18639,10.395,-7.76307,-3.66445,-10.5181,-10.5181,-7.01207,-3.50603,-3.50603,-3.50603
8.51015,-12.4952,-11.5329,-7.82637,-5.91835,-1.42245,-3.04701,12.2249,5.57419,5.03255,10.9887,-7.60818,-3.965,-10.4362,-10.4362,-6.95744,-3.47872,-3.47872,-3.47872
8.51517,-12.4264,-11.4717,-7.77352,-5.87447,-1.39724,-3.02195,11.5762,5.67803,4.7855,9.76793,-6.75891,-4.10107,-10.3509,-10.3509,-6.90058,-3.45029,-3.45029,-3.45029
8.52046,-12.3402,-11.4041,-7.72096,-5.8277,-1.38647,-2.99529,11.9781,6.15088,4.49731,10.3753,-7.5757,-5.38982,-10.2603,-10.2603,-6.8402,-3.4201,-3.4201,-3.4201
8.52541,-12.2576,-11.3413,-7.66489,-5.78563,-1.37818,-2.96071,12.1489,5.3957,4.06628,9.1214,-8.78826,-4.28392,-10.1749,-10.1749,-6.78328,-3.39164,-3.39164,-3.39164
8.53026,-12.182,-11.2714,-7.60077,-5.74095,-1.35773,-2.92938,11.3199,5.84728,5.05092,8.33983,-9.87615,-3.58337,-10.0907,-10.0907,-6.7271,-3.36355,-3.36355,-3.36355
8.53523,-12.0847,-11.1968,-7.54129,-5.69173,-1.32055,-2.90619,11.9422,5.00778,4.49763,8.48473,-9.74783,-5.30975,-10.0037,-10.0037,-6.66914,-3.33457,-3.33457,-3.33457
8.54017,-11.996,-11.1146,-7.48022,-5.64148,-1.27734,-2.87551,11.339,4.34945,3.59525,9.63148,-9.44564,-4.51076,-9.91667,-9.91667,-6.61112,-3.30556,-3.30556,-3.30556
8.54521,-11.8987,-11.0242,-7.40712,-5.59051,-1.23073,-2.84573,10.9344,5.4578,5.1115,10.2144,-7.14045,-5.36029,-9.82726,-9.82726,-6.55151,-3.27575,-3.27575,-3.27575
8.55018,-11.7935,-10.9398,-7.35326,-5.54179,-1.18983,-2.81054,10.7511,5.53058,4.21632,11.1453,-8.79293,-5.18287,-9.7385,-9.7385,-6.49233,-3.24617,-3.24617,-3.24617
8.55516,-11.6829,-10.8602,-7.298,-5.49708,-1.1483,-2.77384,10.5749,4.83821,3.98315,10.2046,-7.02608,-4.55032,-9.64895,-9.64895,-6.43263,-3.21632,-3.21632,-3.21632
8.56032,-11.5648,-10.7758,-7.23622,-5.45378,-1.11487,-2.73777,11.0094,4.57933,4.39741,9.53594,-8.15012,-4.3165,-9.55555,-9.55555,-6.37037,-3.18518,-3.18518,-3.18518
8.56533,-11.4592,-10.6925,-7.18335,-5.41196,-1.08483,-2.70648,11.3791,4.6417,4.19861,9.23227,-7.87425,-4.62017,-9.46426,-9.46426,-6.30951,-3.15475,-3.15475,-3.15475
8.57024,-11.3757,-10.6139,-7.13717,-5.3711,-1.06042,-2.67625,10.6232,6.04887,3.99228,9.56658,-8.36786,-3.7311,-9.37423,-9.37423,-6.24948,-3.12474,-3.12474,-3.12474
8.5752,-11.2875,-10.5567,-7.09161,-5.33309,-1.03583,-2.65373,10.969,3.34907,4.09011,7.4992,-7.85196,-5.34308,-9.28271,-9.28271,-6.18847,-3.09424,-3.09424,-3.09424
8.58021,-11.2086,-10.4798,-7.04876,-5.28786,-1.01496,-2.6235,10.5963,4.78084,3.99466,9.48023,-8.40457,-5.28301,-9.1897,-9.1897,-6.12646,-3.06323,-3.06323,-3.06323
8.58531,-11.1292,-10.4094,-7.00726,-5.24445,-0.990457,-2.58848,10.1543,5.41841,4.00221,10.0364,-9.93502,-4.39568,-9.09443,-9.09443,-6.06295,-3.03148,-3.03148,-3.03148
8.5902,-11.051,-10.3758,-6.98002,-5.20975,-0.953172,-2.55803,10.0624,5.32651,3.94095,10.0057,-9.96566,-4.42632,-9.00253,-9.00253,-6.00169,-3.00084,-3.00084,-3.00084
8.59527,-10.955,-10.3453,-6.94496,-5.1781,-0.907856,-2.52911,10.4354,5.22674,3.30858,9.2617,-9.1365,-5.61746,-8.9067,-8.9067,-5.9378,-2.9689,-2.9689,-2.9689
8.60038,-10.8646,-10.3236,-6.89668,-5.14511,-0.861454,-2.49297,9.89303,3.76633,4.0171,7.94591,-8.32429,-4.95433,-8.80953,-8.80953,-5.87302,-2.93651,-2.93651,-2.93651
8.60519,-10.7738,-10.2776,-6.85711,-5.10645,-0.819972,-2.45964,9.58042,4.23778,3.54614,6.81401,-7.57665,-5.61427,-8.71756,-8.71756,-5.8117,-2.90585,-2.90585,-2.90585
8.61022,-10.6783,-10.2368,-6.81944,-5.05994,-0.783112,-2.42197,9.4837,4.14106,3.48166,6.78177,-7.60889,-5.64651,-8.62084,-8.62084,-5.74722,-2.87361,-2.87361,-2.87361
8.61515,-10.5786,-10.1902,-6.77773,-5.01128,-0.755311,-2.38323,10.0148,4.44368,3.28645,7.164,-6.64704,-4.66812,-8.52552,-8.52552,-5.68368,-2.84184,-2.84184,-2.84184
8.62028,-10.4804,-10.1393,-6.7247,-4.95938,-0.745058,-2.3475,10.3919,3.98147,3.30984,7.76832,-8.0051,-4.84212,-8.42579,-8.42579,-5.6172,-2.8086,-2.8086,-2.8086
8.62545,-10.3965,-10.0768,-6.66584,-4.90707,-0.73686,-2.31534,9.51856,3.19486,3.25709,7.88367,-8.01389,-4.38729,-8.32474,-8.32474,-5.54982,-2.77491,-2.77491,-2.77491
8.63035,-10.311,-10.0067,-6.61067,-4.85802,-0.729932,-2.29246,9.13465,3.59107,3.22007,8.2573,-8.04598,-6.00086,-8.22845,-8.22845,-5.48563,-2.74282,-2.74282,-2.74282
8.63527,-10.2121,-9.93239,-6.55266,-4.80966,-0.722557,-2.26139,9.6994,4.19522,2.73938,9.63251,-9.26247,-4.89889,-8.13128,-8.13128,-5.42085,-2.71043,-2.71043,-2.71043
8.64037,-10.1218,-9.86716,-6.48837,-4.76404,-0.69959,-2.23038,9.01504,3.89304,3.63329,7.76888,-8.81592,-6.03388,-8.03004,-8.03004,-5.35336,-2.67668,-2.67668,-2.67668
8.64543,-10.022,-9.80144,-6.4333,-4.71813,-0.670939,-2.19344,11.546,2.88589,1.51152,11.3536,-9.96737,-8.01337,-7.92909,-7.92909,-5.28606,-2.64303,-2.64303,-2.64303
8.65035,-9.99545,-9.72429,-6.35566,-4.69058,-0.632763,-2.14763,8.92577,3.34279,2.357,7.95075,-9.67735,-7.97165,-7.83045,-7.83045,-5.2203,-2.61015,-2.61015,-2.61015
8.65534,-9.93275,-9.64494,-6.27487,-4.65487,-0.590714,-2.09846,8.7425,3.52594,3.02566,7.3542,-8.44406,-5.91864,-7.72992,-7.72992,-5.15328,-2.57664,-2.57664,-2.57664
8.6602,-9.85242,-9.57138,-6.20351,-4.6142,-0.553775,-2.05118,8.99086,2.87598,2.66958,7.70229,-6.96987,-5.33871,-7.63156,-7.63156,-5.08771,-2.54385,-2.54385,-2.54385
8.66523,-9.76552,-9.49288,-6.13346,-4.56997,-0.532662,-2.0043,9.125,3.09286,2.80622,8.04909,-7.10331,-4.51167,-7.5293,-7.5293,-5.01953,-2.50977,-2.50977,-2.50977
8.67035,-9.67948,-9.41288,-6.06705,-4.52427,-0.531511,-1.96364,8.09846,3.19316,2.9664,8.13015,-8.07379,-5.21721,-7.42472,-7.42472,-4.94981,-2.47491,-2.47491,-2.47491
8.67543,-9.57421,-9.33765,-6.01036,-4.47926,-0.535629,-1.93014,9.05408,1.74932,2.78196,7.65656,-7.14808,-4.4074,-7.32048,-7.32048,-4.88032,-2.44016,-2.44016,-2.44016
8.68027,-9.48488,-9.2558,-5.96062,-4.4364,-0.552422,-1.91288,8.43031,2.53213,2.65485,7.19275,-9.78129,-5.46737,-7.22073,-7.22073,-4.81382,-2.40691,-2.40691,-2.40691
8.68543,-9.3862,-9.17138,-5.91174,-4.39112,-0.547503,-1.89648,8.51657,2.92571,2.93895,7.04123,-8.68249,-5.50297,-7.11393,-7.11393,-4.74262,-2.37131,-2.37131,-2.37131
8.69032,-9.29368,-9.09586,-5.87122,-4.34734,-0.535882,-1.87956,8.13912,1.9415,2.7019,6.33667,-9.32077,-5.76869,-7.01228,-7.01228,-4.67486,-2.33743,-2.33743,-2.33743
8.6953,-9.19351,-9.01326,-5.82934,-4.30046,-0.510818,-1.86116,7.52692,2.08972,2.26058,5.92114,-9.53762,-4.80974,-6.90834,-6.90834,-4.60556,-2.30278,-2.30278,-2.30278
8.70022,-9.08467,-8.93209,-5.78261,-4.25218,-0.476715,-1.85174,8.75948,2.2112,2.12706,5.67977,-8.08989,-6.47527,-6.80524,-6.80524,-4.53683,-2.26841,-2.26841,-2.26841
8.70537,-8.99781,-8.8538,-5.73306,-4.20074,-0.444519,-1.82968,8.65112,2.10284,2.05482,5.64365,-8.12601,-6.51139,-6.69688,-6.69688,-4.46459,-2.23229,-2.23229,-2.23229
8.71043,-8.91887,-8.77214,-5.67295,-4.14927,-0.415343,-1.79926,7.33859,2.07475,2.14658,6.22902,-7.32534,-6.24066,-6.58999,-6.58999,-4.39333,-2.19666,-2.19666,-2.19666
8.71528,-8.82736,-8.69855,-5.61776,-4.10033,-0.398175,-1.76655,7.97252,1.97978,2.31,7.90042,-8.81692,-5.18198,-6.48714,-6.48714,-4.32476,-2.16238,-2.16238,-2.16238
8.7203,-8.73733,-8.62251,-5.56335,-4.05244,-0.374442,-1.73815,8.19269,1.05735,1.26274,7.92276,-8.38054,-5.88828,-6.38029,-6.38029,-4.25353,-2.12676,-2.12676,-2.12676
8.72529,-8.66405,-8.54136,-5.49799,-4.00978,-0.35043,-1.70918,8.08609,0.95075,1.19167,7.88723,-8.41607,-5.92381,-6.27369,-6.27369,-4.18246,-2.09123,-2.09123,-2.09123
8.73053,-8.59028,-8.44887,-5.41869,-3.97063,-0.324242,-1.67838,7.26453,0.735952,2.20983,6.49186,-8.69362,-6.64022,-6.16133,-6.16133,-4.10755,-2.05378,-2.05378,-2.05378
8.73542,-8.50189,-8.35813,-5.35163,-3.9307,-0.29706,-1.64506,7.2381,0.571622,2.14386,6.9453,-9.623,-6.32754,-6.0561,-6.0561,-4.0374,-2.0187,-2.0187,-2.0187
8.74022,-8.40833,-8.26733,-5.29302,-3.89276,-0.261584,-1.61053,6.79168,0.921081,1.72992,5.78467,-9.68235,-5.73281,-5.95246,-5.95246,-3.96831,-1.98415,-1.98415,-1.98415
8.74517,-8.30316,-8.17365,-5.23127,-3.84991,-0.220474,-1.57878,7.96889,-0.194793,1.54766,6.00561,-10.778,-6.22395,-5.84523,-5.84523,-3.89682,-1.94841,-1.94841,-1.94841
8.75027,-8.21761,-8.07455,-5.16671,-3.80424,-0.172565,-1.54474,6.57359,-0.435666,1.76009,4.7101,-7.82582,-6.74114,-5.73437,-5.73437,-3.82292,-1.91146,-1.91146,-1.91146
8.75519,-8.12057,-7.97729,-5.10823,-3.75623,-0.129974,-1.50807,6.21414,-0.456276,1.42731,5.80869,-8.03547,-6.66099,-5.62708,-5.62708,-3.75139,-1.87569,-1.87569,-1.87569
8.76029,-8.01034,-7.87581,-5.04759,-3.70648,-0.0902763,-1.46789,7.04817,-0.532385,1.4846,4.05754,-6.91346,-5.9447,-5.51551,-5.51551,-3.67701,-1.8385,-1.8385,-1.8385
8.76538,-7.91628,-7.77445,-4.99173,-3.65482,-0.0654755,-1.43123,6.01451,0.214831,1.60032,5.08843,-7.74557,-6.25517,-5.40381,-5.40381,-3.60254,-1.80127,-1.80127,-1.80127
8.77042,-7.81056,-7.67522,-4.94102,-3.60365,-0.0501914,-1.39622,6.45516,-0.0143157,1.37379,7.13801,-7.53415,-5.92783,-5.29286,-5.29286,-3.52858,-1.76429,-1.76429,-1.76429
8.77527,-7.71381,-7.5812,-4.89476,-3.55742,-0.0438733,-1.36578,6.21413,-0.586313,0.930381,5.3718,-8.9112,-4.92852,-5.18579,-5.18579,-3.45719,-1.7286,-1.7286,-1.7286
8.78025,-7.61762,-7.48501,-4.8423,-3.51063,-0.0297892,-1.34666,6.27723,-0.408954,0.881954,4.25864,-8.61676,-5.33788,-5.07553,-5.07553,-3.38368,-1.69184,-1.69184,-1.69184
8.78528,-7.5304,-7.3902,-4.78989,-3.46225,-0.0102563,-1.33385,4.77078,-0.603377,0.113619,4.47809,-10.3845,-7.32919,-4.96384,-4.96384,-3.30923,-1.65461,-1.65461,-1.65461
8.79018,-7.41822,-7.29871,-4.72501,-3.41463,0.0259205,-1.30671,6.78929,-0.393331,0.772389,3.77105,-9.90755,-6.39679,-4.85475,-4.85475,-3.2365,-1.61825,-1.61825,-1.61825
8.79533,-7.32826,-7.20493,-4.65898,-3.36321,0.0696411,-1.27797,5.17318,-0.772282,0.545262,5.14861,-9.58147,-5.90519,-4.73978,-4.73978,-3.15985,-1.57993,-1.57993,-1.57993
8.80027,-7.22349,-7.11423,-4.59242,-3.31455,0.113494,-1.2565,5.92546,-0.930136,0.680546,3.20735,-8.11141,-6.51337,-4.6292,-4.6292,-3.08614,-1.54307,-1.54307,-1.54307
8.80521,-7.12454,-7.02246,-4.52568,-3.26421,0.153632,-1.23368,5.10147,-0.327849,0.111314,3.42708,-8.48784,-6.50064,-4.51835,-4.51835,-3.01223,-1.50612,-1.50612,-1.50612
8.81042,-7.01001,-6.9286,-4.4482,-3.2104,0.193339,-1.20879,5.66195,-1.02029,0.553587,3.83513,-8.18743,-6.74671,-4.40115,-4.40115,-2.9341,-1.46705,-1.46705,-1.46705
8.81529,-6.91098,-6.83906,-4.376,-3.1598,0.224348,-1.18214,4.74836,-0.188459,0.520081,5.59528,-7.1642,-5.88908,-4.29132,-4.29132,-2.86088,-1.43044,-1.43044,-1.43044
8.82021,-6.80001,-6.7524,-4.3037,-3.10939,0.240956,-1.16043,5.82309,-0.595165,-0.302277,4.97033,-7.03567,-6.05863,-4.18011,-4.18011,-2.78674,-1.39337,-1.39337,-1.39337
8.82523,-6.7052,-6.66727,-4.22373,-3.05853,0.242078,-1.14172,5.18141,-1.79633,0.917707,5.11458,-8.00922,-5.98062,-4.06639,-4.06639,-2.71093,-1.35546,-1.35546,-1.35546
8.83026,-6.61003,-6.57651,-4.15347,-3.00859,0.240221,-1.12554,4.28315,-1.42591,0.561511,4.28992,-8.17148,-6.44096,-3.95219,-3.95219,-2.63479,-1.3174,-1.3174,-1.3174
8.83547,-6.49356,-6.48133,-4.08501,-2.95707,0.23857,-1.10597,5.38994,-1.509,-0.0337531,3.84468,-8.56704,-6.52188,-3.83364,-3.83364,-2.55576,-1.27788,-1.27788,-1.27788
8.84027,-6.39909,-6.39269,-4.01701,-2.90918,0.24393,-1.08404,4.96135,-2.20945,-0.501729,4.81836,-10.334,-7.08828,-3.72419,-3.72419,-2.48279,-1.2414,-1.2414,-1.2414
8.84537,-6.29931,-6.29509,-3.93663,-2.85905,0.274009,-1.05304,3.89528,-2.3181,0.34228,5.11071,-9.67735,-7.43349,-3.60766,-3.60766,-2.40511,-1.20255,-1.20255,-1.20255
8.85054,-6.17932,-6.19414,-3.86052,-2.80971,0.312815,-1.01509,4.93923,-2.00699,0.248745,3.97002,-9.013,-6.85194,-3.48931,-3.48931,-2.3262,-1.1631,-1.1631,-1.1631
8.85523,-6.0833,-6.10282,-3.79722,-2.76428,0.349437,-0.981037,4.83166,-2.11456,0.177033,3.93417,-9.04885,-6.88779,-3.38174,-3.38174,-2.25449,-1.12725,-1.12725,-1.12725
8.86026,-5.98822,-6.00455,-3.73112,-2.71494,0.390214,-0.945464,4.08175,-2.02525,0.139697,4.50836,-7.9696,-6.8932,-3.26617,-3.26617,-2.17745,-1.08872,-1.08872,-1.08872
8.86534,-5.88516,-5.90594,-3.66816,-2.66562,0.425635,-0.910406,4.12242,-1.65756,-0.287284,2.82167,-8.81173,-6.77485,-3.14924,-3.14924,-2.0995,-1.04975,-1.04975,-1.04975
8.87033,-5.78616,-5.81181,-3.60488,-2.61566,0.460771,-0.877797,4.14528,-2.2454,-0.781983,2.89096,-8.15456,-7.20236,-3.0342,-3.0342,-2.0228,-1.0114,-1.0114,-1.0114
8.87528,-5.68978,-5.71884,-3.53437,-2.56538,0.491144,-0.845093,3.13264,-2.69856,-0.352411,2.96877,-8.21751,-5.65899,-2.91988,-2.91988,-1.94659,-0.973295,-0.973295,-0.973295
8.88038,-5.57497,-5.6222,-3.46357,-2.5132,0.518935,-0.822567,3.66084,-2.52102,-0.27221,2.24221,-9.15933,-6.98171,-2.80192,-2.80192,-1.86795,-0.933975,-0.933975,-0.933975
8.88528,-5.46482,-5.52891,-3.3973,-2.46238,0.549422,-0.798616,3.0312,-2.6424,-0.212029,3.51262,-6.69662,-8.89082,-2.68842,-2.68842,-1.79228,-0.89614,-0.89614,-0.89614
8.89031,-5.34553,-5.43348,-3.334,-2.41058,0.561104,-0.760518,3.4346,-2.99942,-1.82388,2.94381,-8.76411,-6.33807,-2.57174,-2.57174,-1.71449,-0.857247,-0.857247,-0.857247
8.89529,-5.23139,-5.33831,-3.25477,-2.35924,0.577553,-0.731873,2.83824,-3.17814,-0.906155,3.93197,-6.92311,-5.69767,-2.45606,-2.45606,-1.63737,-0.818687,-0.818687,-0.818687
8.90036,-5.10941,-5.24046,-3.17415,-2.30776,0.577795,-0.719624,3.7329,-3.4379,-0.564681,3.09778,-9.76102,-6.11786,-2.33814,-2.33814,-1.55876,-0.77938,-0.77938,-0.77938
8.90542,-5.00201,-5.14166,-3.09839,-2.25652,0.598797,-0.714226,2.54732,-3.81578,-1.24725,2.25534,-8.4507,-6.94374,-2.2203,-2.2203,-1.4802,-0.7401,-0.7401,-0.7401
8.91045,-4.88368,-5.04202,-3.01907,-2.20499,0.621976,-0.701306,2.39458,-2.952,-1.07255,3.68181,-9.21843,-6.17139,-2.10302,-2.10302,-1.40201,-0.701007,-0.701007,-0.701007
8.9153,-4.76526,-4.94739,-2.94428,-2.15613,0.65319,-0.690512,2.28137,-3.06521,-1.14802,3.64407,-9.25617,-6.20913,-1.98981,-1.98981,-1.32654,-0.663271,-0.663271,-0.663271
8.92025,-4.64169,-4.85194,-2.86802,-2.1071,0.690591,-0.67964,3.51713,-4.03191,-0.129964,1.39476,-7.57248,-5.85024,-1.87415,-1.87415,-1.24944,-0.624718,-0.624718,-0.624718
8.92523,-4.53079,-4.75366,-2.80095,-2.05608,0.721595,-0.671954,3.99954,-1.481,-0.270314,3.14441,-7.11451,-7.83487,-1.75768,-1.75768,-1.17179,-0.585893,-0.585893,-0.585893
8.93027,-4.44838,-4.66025,-2.74257,-2.00489,0.740443,-0.64414,3.88155,-1.59899,-0.348973,3.10508,-7.15384,-7.8742,-1.63969,-1.63969,-1.09313,-0.546564,-0.546564,-0.546564
8.93533,-4.38468,-4.57413,-2.6873,-1.95379,0.746663,-0.605167,1.76147,-2.42281,-1.50436,2.52736,-6.56408,-6.8456,-1.52113,-1.52113,-1.01409,-0.507044,-0.507044,-0.507044
8.94022,-4.27986,-4.49136,-2.61805,-1.90415,0.734998,-0.565132,1.7059,-4.04256,-2.63417,1.47898,-7.57934,-11.0984,-1.40646,-1.40646,-0.937643,-0.468821,-0.468821,-0.468821
8.94534,-4.15928,-4.39959,-2.5313,-1.85164,0.722046,-0.513855,1.58575,-4.16271,-2.71427,1.43893,-7.61939,-11.1384,-1.28631,-1.28631,-0.857543,-0.428771,-0.428771,-0.428771
8.95032,-4.03652,-4.30752,-2.44042,-1.80018,0.710167,-0.462562,1.52397,-4.58303,-2.30944,2.45979,-8.64369,-10.1755,-1.16937,-1.16937,-0.77958,-0.38979,-0.38979,-0.38979
8.95544,-3.90817,-4.20917,-2.34502,-1.74754,0.709753,-0.40948,1.41548,-3.14704,-1.77518,2.08021,-8.44367,-7.93859,-1.04906,-1.04906,-0.699375,-0.349688,-0.349688,-0.349688
8.96021,-3.78945,-4.12238,-2.25932,-1.69869,0.71661,-0.360137,1.30334,-3.25918,-1.84995,2.04283,-8.48105,-7.97597,-0.936919,-0.936919,-0.624613,-0.312306,-0.312306,-0.312306
8.96517,-3.66553,-4.03609,-2.17232,-1.64809,0.729808,-0.308967,1.81707,-4.03777,-1.34461,2.11986,-8.3709,-7.4187,-0.820253,-0.820253,-0.546835,-0.273418,-0.273418,-0.273418
8.97019,-3.55344,-3.95133,-2.09353,-1.59741,0.748781,-0.257489,1.19462,-4.30956,-1.77658,2.43652,-9.13892,-6.01736,-0.702125,-0.702125,-0.468083,-0.234042,-0.234042,-0.234042
8.97526,-3.44311,-3.86719,-2.0202,-1.54732,0.77873,-0.206537,1.07528,-4.4289,-1.85614,2.39674,-9.1787,-6.05714,-0.582776,-0.582776,-0.388517,-0.194259,-0.194259,-0.194259
8.98025,-3.33427,-3.78288,-1.9508,-1.49901,0.814425,-0.158807,0.965654,-5.01527,-2.25843,2.40725,-9.92171,-7.20583,-0.465274,-0.465274,-0.310183,-0.155091,-0.155091,-0.155091
8.98523,-3.22427,-3.6935,-1.87776,-1.45197,0.857116,-0.113295,1.03354,-5.70386,-2.72745,3.12991,-8.14745,-7.57613,-0.347979,-0.347979,-0.231986,-0.115993,-0.115993,-0.115993
8.99029,-3.11942,-3.59896,-1.79978,-1.40957,0.898108,-0.0685479,0.914338,-5.82306,-2.80692,3.09018,-8.18718,-7.61586,-0.228778,-0.228778,-0.152518,-0.0762592,-0.0762592,-0.0762592
8.99525,-3.01691,-3.50282,-1.7184,-1.37477,0.935898,-0.0261332,0.178898,-5.88082,-2.02166,1.87547,-6.79369,-7.96945,-0.111918,-0.111918,-0.0746121,-0.0373061,-0.0373061,-0.0373061
9.00055,-2.89686,-3.39892,-1.63858,-1.33764,0.96246,0.0188102,0.0540209,-6.0057,-2.10491,1.83384,-6.83532,-8.01108,0.0129591,0.0129591,0.00863938,0.00431969,0.00431969,0.00431969
9.00522,-2.78155,-3.30596,-1.57131,-1.3027,0.970484,0.0580882,-0.422432,-5.50897,-3.32567,1.04368,-8.9006,-7.7,0.122992,0.122992,0.0819946,0.0409973,0.0409973,0.0409973
9.01022,-2.65178,-3.20664,-1.49052,-1.26109,0.988603,0.0983532,-0.134413,-5.57949,-2.56403,1.41842,-7.52398,-8.7991,0.240793,0.240793,0.160528,0.0802642,0.0802642,0.0802642
9.01526,-2.52093,-3.10679,-1.41118,-1.21779,0.999317,0.141542,-0.253141,-5.69822,-2.64318,1.37884,-7.56356,-8.83868,0.359521,0.359521,0.239681,0.11984,0.11984,0.11984
9.02028,-2.38904,-3.0069,-1.33132,-1.17297,1.00378,0.186079,-0.312275,-6.73448,-2.35625,1.08275,-9.59845,-7.81825,0.477755,0.477755,0.318504,0.159252,0.159252,0.159252
9.02535,-2.2568,-2.90482,-1.25582,-1.12566,1.02671,0.228543,-0.431657,-6.85386,-2.43584,1.04295,-9.63825,-7.85805,0.597137,0.597137,0.398092,0.199046,0.199046,0.199046
9.03028,-2.12749,-2.80453,-1.18365,-1.07783,1.06,0.267243,0.267873,-7.67517,-3.39728,0.399831,-10.0744,-7.30885,0.713187,0.713187,0.475458,0.237729,0.237729,0.237729
9.03519,-2.01054,-2.70397,-1.10639,-1.02887,1.10146,0.299531,0.152337,-7.7907,-3.4743,0.361319,-10.1129,-7.34736,0.828723,0.828723,0.552482,0.276241,0.276241,0.276241
9.04029,-1.89931,-2.59896,-1.02159,-0.97721,1.14868,0.326078,-1.92186,-8.37952,-3.5898,0.528334,-9.54843,-8.03319,0.948677,0.948677,0.632451,0.316226,0.316226,0.316226
9.04523,-1.77122,-2.4968,-0.937985,-0.926925,1.1956,0.353122,-0.58807,-7.91253,-3.11964,0.936743,-10.1419,-8.14642,1.06481,1.06481,0.709874,0.354937,0.354937,0.354937
9.05032,-1.64671,-2.39139,-0.855409,-0.875412,1.24542,0.381051,-0.707663,-8.03212,-3.19937,0.896879,-10.1818,-8.18628,1.1844,1.1844,0.789602,0.394801,0.394801,0.394801
9.05539,-1.52693,-2.28615,-0.774136,-0.824248,1.29588,0.408045,-1.12615,-8.01327,-3.87648,0.120277,-7.4228,-8.85524,1.30345,1.30345,0.868967,0.434483,0.434483,0.434483
9.06025,-1.41054,-2.18514,-0.691869,-0.774671,1.34196,0.439152,-1.34263,-7.84363,-3.64945,0.405184,-8.2971,-8.48754,1.41749,1.41749,0.944993,0.472496,0.472496,0.472496
9.06545,-1.28614,-2.07707,-0.604143,-0.721637,1.38945,0.472812,-1.36999,-8.22953,-3.65759,-0.513138,-7.33586,-8.37914,1.53941,1.53941,1.02628,0.513138,0.513138,0.513138
9.07027,-1.17188,-1.97685,-0.524062,-0.671939,1.42668,0.5042,-1.48292,-8.34246,-3.73287,-0.550779,-7.3735,-8.41678,1.65234,1.65234,1.10156,0.550779,0.550779,0.550779
9.07523,-1.05461,-1.87361,-0.44116,-0.620468,1.45509,0.536894,-1.46112,-8.18276,-3.72667,-0.614321,-7.06444,-7.9504,1.76844,1.76844,1.17896,0.589481,0.589481,0.589481
9.0806,-0.93375,-1.76194,-0.354351,-0.564605,1.47026,0.570401,-1.5867,-8.30834,-3.81039,-0.656181,-7.1063,-7.99226,1.89402,1.89402,1.26268,0.631341,0.631341,0.631341
9.08528,-0.829197,-1.66464,-0.279629,-0.515674,1.46981,0.59884,-1.79848,-7.46026,-3.70145,-0.742306,-7.94591,-10.4796,2.00336,2.00336,1.33557,0.667786,0.667786,0.667786
9.09028,-0.717249,-1.56094,-0.201637,-0.463231,1.46802,0.641486,-2.28553,-8.04187,-4.09693,0.0467967,-8.82108,-7.8192,2.12005,2.12005,1.41337,0.706683,0.706683,0.706683
9.09529,-0.601134,-1.45728,-0.124356,-0.411,1.47771,0.679514,-2.40232,-8.15866,-4.17479,0.00786557,-8.86001,-7.85813,2.23684,2.23684,1.49123,0.745614,0.745614,0.745614
9.10026,-0.482825,-1.35462,-0.0468563,-0.359486,1.49775,0.711191,-2.09253,-9.35395,-3.90918,-0.659989,-9.56927,-8.77439,2.35257,2.35257,1.56838,0.784189,0.784189,0.784189
9.10555,-0.359025,-1.24509,0.0327213,-0.304507,1.53357,0.747046,-2.21554,-9.47696,-3.99119,-0.700995,-9.61027,-8.81539,2.47558,2.47558,1.65039,0.825195,0.825195,0.825195
9.11038,-0.241875,-1.1447,0.107487,-0.253983,1.57322,0.781742,-4.07708,-8.78932,-4.3523,0.164135,-9.55659,-8.74515,2.58776,2.58776,1.72517,0.862585,0.862585,0.862585
9.1152,-0.108243,-1.04453,0.183642,-0.20388,1.61564,0.816397,-4.18887,-8.90111,-4.42683,0.126871,-9.59385,-8.78241,2.69955,2.69955,1.7997,0.899849,0.899849,0.899849
9.12032,0.0406538,-0.938059,0.267049,-0.151036,1.66231,0.852627,-3.23971,-9.01181,-3.27905,0.236385,-8.55698,-9.13658,2.81813,2.81813,1.87875,0.939375,0.939375,0.939375
9.12542,0.187767,-0.831988,0.337243,-0.0988926,1.7069,0.890741,-2.69572,-8.64906,-4.94398,-0.622647,-7.75173,-9.73065,2.93606,2.93606,1.95737,0.978687,0.978687,0.978687
9.13034,0.323649,-0.729849,0.413129,-0.0484431,1.74425,0.932194,-2.80931,-8.76265,-5.01971,-0.660511,-7.78959,-9.76851,3.04965,3.04965,2.0331,1.01655,1.01655,1.01655
9.13532,0.455019,-0.626572,0.495716,0.00279006,1.77543,0.976957,-3.51511,-9.48421,-4.55911,-0.723616,-7.8941,-9.3017,3.16445,3.16445,2.10963,1.05482,1.05482,1.05482
9.14024,0.584763,-0.524507,0.57562,0.0534084,1.80044,1.02176,-3.62833,-9.59743,-4.63459,-0.761356,-7.93184,-9.33944,3.27767,3.27767,2.18511,1.09256,1.09256,1.09256
9.14521,0.71626,-0.421302,0.656498,0.104532,1.82045,1.06744,-3.30122,-9.70372,-5.02212,-0.194973,-7.32405,-8.52465,3.39184,3.39184,2.26123,1.13061,1.13061,1.13061
9.15026,0.845034,-0.316382,0.740805,0.15589,1.83,1.11143,-2.87724,-10.8006,-5.34384,-1.18577,-9.91289,-12.1154,3.50764,3.50764,2.33842,1.16921,1.16921,1.16921
9.15527,0.958927,-0.21203,0.826394,0.20704,1.85832,1.16049,-2.9919,-10.9152,-5.42029,-1.22399,-9.95111,-12.1536,3.6223,3.6223,2.41487,1.20743,1.20743,1.20743
9.16046,1.06467,-0.103652,0.916969,0.260226,1.89766,1.21291,-3.59901,-11.0614,-5.53903,-1.52847,-7.90407,-10.7938,3.74085,3.74085,2.4939,1.24695,1.24695,1.24695
9.16542,1.16931,0.00017409,1.00514,0.311507,1.92961,1.26317,-4.35823,-10.5322,-5.43675,-1.64896,-7.51948,-9.23344,3.85391,3.85391,2.56927,1.28464,1.28464,1.28464
9.17016,1.28099,0.0993698,1.08819,0.360775,1.95208,1.31052,-4.46605,-10.64,-5.50863,-1.6849,-7.55542,-9.26938,3.96173,3.96173,2.64115,1.32058,1.32058,1.32058
9.17522,1.40685,0.205286,1.17652,0.413571,1.96875,1.35998,-5.4556,-9.47834,-5.46817,-1.41683,-9.87071,-9.06755,4.0766,4.0766,2.71773,1.35887,1.35887,1.35887
9.18037,1.5468,0.312643,1.2635,0.467205,2.00247,1.40822,-5.57224,-9.59498,-5.54593,-1.45571,-9.90959,-9.10643,4.19324,4.19324,2.79549,1.39775,1.39775,1.39775
9.18554,1.69301,0.420012,1.34885,0.520938,2.04456,1.45357,-5.0035,-11.1735,-4.92366,-1.36217,-8.38361,-9.68357,4.31006,4.31006,2.87337,1.43669,1.43669,1.43669
9.19026,1.82592,0.51818,1.4196,0.569862,2.08056,1.49357,-5.14142,-10.4171,-4.82531,-2.21735,-9.61967,-8.64263,4.41646,4.41646,2.94431,1.47215,1.47215,1.47215
9.19524,1.96514,0.621612,1.48501,0.621677,2.12215,1.52909,-5.25342,-10.5291,-4.89997,-2.25469,-9.65701,-8.67997,4.52846,4.52846,3.01897,1.50949,1.50949,1.50949
9.20037,2.10847,0.728133,1.54776,0.675283,2.16721,1.55695,-4.91147,-10.0532,-6.33938,-2.79813,-7.92345,-9.98517,4.64355,4.64355,3.0957,1.54785,1.54785,1.54785
9.2054,2.24509,0.832366,1.6252,0.728244,2.20595,1.58828,-5.45741,-10.8473,-5.07472,-3.09232,-8.1928,-9.40996,4.75609,4.75609,3.17073,1.58536,1.58536,1.58536
9.21028,2.37772,0.933468,1.69295,0.77998,2.2394,1.61765,-5.56632,-10.9562,-5.14732,-3.12863,-8.22911,-9.44627,4.865,4.865,3.24333,1.62167,1.62167,1.62167
9.21534,2.51563,1.03836,1.75958,0.833918,2.27027,1.64774,-5.91535,-10.9704,-5.6216,-2.65281,-8.33289,-9.59973,4.97763,4.97763,3.31842,1.65921,1.65921,1.65921
9.22033,2.65336,1.14176,1.82677,0.887194,2.29778,1.67889,-6.0261,-11.0811,-5.69544,-2.68973,-8.36981,-9.63665,5.08838,5.08838,3.39226,1.69613,1.69613,1.69613
9.22542,2.79504,1.24726,1.89752,0.94162,2.32322,1.71212,-5.92206,-11.1898,-5.07457,-3.34828,-7.95196,-9.5914,5.20104,5.20104,3.46736,1.73368,1.73368,1.73368
9.23042,2.93357,1.35095,1.95918,0.995354,2.34058,1.74581,-6.51308,-11.7651,-5.32369,-5.20666,-7.85626,-8.69254,5.31138,5.31138,3.54092,1.77046,1.77046,1.77046
9.23533,3.07179,1.45287,2.01434,1.04878,2.35123,1.77193,-6.62111,-11.8731,-5.39571,-5.24267,-7.89227,-8.72855,5.41941,5.41941,3.61294,1.80647,1.80647,1.80647
9.2403,3.21321,1.55618,2.06832,1.10343,2.35731,1.79126,-6.71832,-12.2501,-5.66486,-6.06561,-8.68209,-9.57633,5.52844,5.52844,3.68563,1.84281,1.84281,1.84281
9.24537,3.3582,1.66177,2.12635,1.1599,2.3687,1.81348,-6.65583,-11.9867,-6.28426,-7.55985,-8.37129,-10.8967,5.63931,5.63931,3.75954,1.87977,1.87977,1.87977
9.25033,3.49929,1.76508,2.19236,1.2161,2.38158,1.84804,-6.76395,-12.0948,-6.35634,-7.59589,-8.40733,-10.9327,5.74743,5.74743,3.83162,1.91581,1.91581,1.91581
9.25551,3.64626,1.87308,2.26919,1.27547,2.39726,1.8907,-6.90408,-12.3019,-6.44182,-7.07037,-8.94165,-9.40533,5.85998,5.85998,3.90665,1.95333,1.95333,1.95333
9.26052,3.78725,1.97752,2.34609,1.33284,2.42153,1.92823,-7.01256,-12.4104,-6.51414,-7.10653,-8.97781,-9.44149,5.96846,5.96846,3.97897,1.98949,1.98949,1.98949
9.26527,3.92023,2.07661,2.42193,1.3868,2.45047,1.95988,-7.63121,-13.4033,-7.40385,-7.08274,-8.94574,-11.9017,6.07097,6.07097,4.04731,2.02366,2.02366,2.02366
9.27017,4.05907,2.17901,2.50673,1.44189,2.48454,2.00206,-7.73661,-13.5087,-7.47412,-7.11787,-8.98087,-11.9368,6.17637,6.17637,4.11758,2.05879,2.05879,2.05879
9.27514,4.2012,2.28311,2.5971,1.49717,2.52209,2.04894,-8.40261,-13.2015,-6.33502,-7.54254,-9.78642,-10.1425,6.28289,6.28289,4.18859,2.0943,2.0943,2.0943
9.28021,4.34977,2.38947,2.68617,1.55309,2.56547,2.09575,-10.2721,-13.1207,-6.472,-8.87031,-9.73971,-9.21807,6.39117,6.39117,4.26078,2.13039,2.13039,2.13039
9.28531,4.50515,2.49649,2.77211,1.60921,2.61143,2.13862,-10.3806,-13.2292,-6.54433,-8.90648,-9.77588,-9.25424,6.49967,6.49967,4.33311,2.16656,2.16656,2.16656
9.29029,4.65901,2.60112,2.8542,1.66389,2.65749,2.17497,-11.7548,-12.9565,-6.60425,-8.2627,-6.82198,-9.82762,6.60522,6.60522,4.40348,2.20174,2.20174,2.20174
9.29519,4.81217,2.70404,2.9332,1.71741,2.69312,2.20865,-11.6534,-13.5406,-6.75474,-6.60807,-7.82523,-10.1685,6.70868,6.70868,4.47246,2.23623,2.23623,2.23623
9.30027,4.97151,2.81077,3.01275,1.77215,2.72297,2.24376,-11.7602,-13.6475,-6.82596,-6.64368,-7.86084,-10.2041,6.81553,6.81553,4.54368,2.27184,2.27184,2.27184
9.30535,5.13077,2.91758,3.09188,1.82612,2.7455,2.27875,-13.0802,-13.5096,-6.11942,-8.57527,-7.49059,-9.99115,6.92193,6.92193,4.61462,2.30731,2.30731,2.30731
9.31021,5.28308,3.01972,3.15617,1.87764,2.75657,2.31024,-13.1815,-13.611,-6.18701,-8.60907,-7.52439,-10.0249,7.02332,7.02332,4.68221,2.34111,2.34111,2.34111
9.31556,5.44976,3.13209,3.216,1.93418,2.75947,2.34291,-13.2927,-13.7221,-6.2611,-8.64611,-7.56143,-10.062,7.13446,7.13446,4.7563,2.37815,2.37815,2.37815
9.32036,5.5976,3.23297,3.26582,1.98487,2.75357,2.37041,-13.5929,-13.6678,-7.60219,-9.22569,-7.96713,-10.6912,7.23374,7.23374,4.82249,2.41125,2.41125,2.41125
9.32521,5.74409,3.33482,3.33025,2.03609,2.74725,2.40158,-13.6928,-13.7677,-7.66879,-9.25899,-8.00043,-10.7245,7.33364,7.33364,4.88909,2.44455,2.44455,2.44455
9.33049,5.89733,3.44562,3.40881,2.09177,2.74153,2.4381,-13.8011,-13.8759,-7.74097,-9.29508,-8.03652,-10.7606,7.44191,7.44191,4.96127,2.48064,2.48064,2.48064
9.33538,6.02933,3.54822,3.48763,2.14331,2.73737,2.47383,-13.9285,-14.3579,-6.95271,-8.64111,-8.26023,-9.46911,7.54172,7.54172,5.02782,2.51391,2.51391,2.51391
9.34036,6.15034,3.65276,3.5627,2.19545,2.73727,2.50227,-13.0447,-14.2464,-6.99927,-9.23788,-10.0079,-10.8194,7.64292,7.64292,5.09528,2.54764,2.54764,2.54764
9.34547,6.23664,3.76003,3.63525,2.24883,2.76201,2.53618,-14.066,-14.3891,-7.35032,-6.90425,-8.34497,-10.3405,7.74627,7.74627,5.16418,2.58209,2.58209,2.58209
9.35033,6.31059,3.86201,3.70328,2.29797,2.78685,2.568,-14.1639,-14.4869,-7.41554,-6.93686,-8.37758,-10.3731,7.84411,7.84411,5.2294,2.6147,2.6147,2.6147
9.35524,6.38285,3.96507,3.7731,2.34481,2.81306,2.5996,-14.1401,-14.8414,-7.95556,-9.54473,-10.439,-10.9275,7.94248,7.94248,5.29499,2.64749,2.64749,2.64749
9.36034,6.45671,4.07222,3.85267,2.39496,2.85471,2.6351,-14.951,-15.1519,-7.37754,-8.27867,-9.03215,-12.0792,8.04416,8.04416,5.36278,2.68139,2.68139,2.68139
9.36536,6.54814,4.17782,3.92764,2.44354,2.89674,2.67743,-15.0506,-15.2515,-7.44393,-8.31186,-9.06534,-12.1124,8.14375,8.14375,5.42917,2.71458,2.71458,2.71458
9.37056,6.65545,4.28739,4.0043,2.4933,2.94082,2.72475,-14.8656,-14.6449,-7.76523,-8.69383,-9.15751,-10.7141,8.24637,8.24637,5.49758,2.74879,2.74879,2.74879
9.37515,6.74792,4.384,4.07181,2.53626,2.98026,2.76503,-14.9557,-14.7351,-7.82531,-8.72387,-9.18755,-10.7442,8.33649,8.33649,5.55766,2.77883,2.77883,2.77883
9.3803,6.84818,4.49232,4.14808,2.58195,3.0248,2.80856,-13.6182,-13.0311,-7.50782,-8.45933,-9.04721,-10.4714,8.4371,8.4371,5.62473,2.81237,2.81237,2.81237
9.38526,6.90116,4.59608,4.21584,2.62276,3.06736,2.84748,-14.7587,-15.9682,-7.48638,-9.31117,-7.14181,-10.6774,8.53347,8.53347,5.68898,2.84449,2.84449,2.84449
9.39035,6.96345,4.70281,4.28082,2.66641,3.10073,2.8859,-14.9831,-14.8964,-8.31271,-9.02103,-8.90511,-10.2796,8.63182,8.63182,5.75455,2.87727,2.87727,2.87727
9.3952,7.03141,4.80441,4.34999,2.70788,3.13378,2.91908,-14.7651,-14.8163,-7.69769,-9.89666,-7.37126,-9.51578,8.72503,8.72503,5.81669,2.90834,2.90834,2.90834
9.40034,7.09419,4.91188,4.41652,2.75374,3.15808,2.94366,-14.8633,-14.9145,-7.76317,-9.92941,-7.40401,-9.54853,8.82326,8.82326,5.88217,2.94109,2.94109,2.94109
9.40544,7.15441,5.01834,4.47827,2.80078,3.1711,2.95596,-14.3652,-14.511,-7.70028,-7.9745,-7.88342,-10.0528,8.92015,8.92015,5.94677,2.97338,2.97338,2.97338
9.41032,7.19736,5.11996,4.53325,2.84101,3.17956,2.96438,-13.9176,-14.8199,-7.93102,-8.86635,-6.87915,-9.78543,9.01233,9.01233,6.00822,3.00411,3.00411,3.00411
9.41532,7.21786,5.22397,4.59173,2.88165,3.17296,2.9679,-14.6537,-14.9611,-8.13783,-8.89765,-7.53145,-10.2721,9.10623,9.10623,6.07082,3.03541,3.03541,3.03541
9.42033,7.25435,5.32817,4.65595,2.92295,3.15961,2.97628,-14.3454,-14.239,-7.74038,-8.17534,-7.88554,-9.52498,9.19975,9.19975,6.13317,3.06658,3.06658,3.06658
9.42526,7.29946,5.43054,4.71812,2.96112,3.14629,2.98247,-16.2296,-16.1192,-7.14928,-8.95103,-9.07523,-10.251,9.29122,9.29122,6.19415,3.09707,3.09707,3.09707
9.43027,7.4028,5.53495,4.77048,3.00228,3.14747,2.99839,-14.5056,-15.2936,-7.71874,-7.61563,-7.39207,-10.2818,9.3836,9.3836,6.25574,3.12787,3.12787,3.12787
9.43527,7.49814,5.63927,4.82598,3.03924,3.13968,3.02238,-15.2355,-15.5271,-7.50394,-8.15953,-8.22577,-10.2378,9.47522,9.47522,6.31682,3.15841,3.15841,3.15841
9.44035,7.602,5.74535,4.87807,3.07636,3.13611,3.05115,-16.7582,-16.6479,-8.60642,-11.3699,-8.52156,-13.6386,9.56771,9.56771,6.37848,3.18924,3.18924,3.18924
9.44529,7.72721,5.84881,4.94236,3.12344,3.14039,3.09682,-16.556,-16.3038,-9.24073,-11.6315,-8.75006,-13.3537,9.65707,9.65707,6.43804,3.21902,3.21902,3.21902
9.45025,7.85726,5.95277,5.01975,3.17371,3.15525,3.14596,-16.3536,-16.653,-7.90613,-11.0154,-9.38421,-10.5351,9.7462,9.7462,6.49747,3.24873,3.24873,3.24873
9.45517,7.98414,6.056,5.08771,3.22427,3.18429,3.19379,-16.2759,-17.127,-9.33781,-10.2498,-9.14025,-10.1918,9.83403,9.83403,6.55602,3.27801,3.27801,3.27801
9.4602,8.10807,6.16166,5.16617,3.27601,3.22084,3.24058,-16.5385,-17.4723,-8.93746,-11.5877,-9.05406,-11.6126,9.92321,9.92321,6.61547,3.30774,3.30774,3.30774
9.46523,8.22786,6.26746,5.24444,3.32841,3.2609,3.28721,-17.0368,-17.5884,-8.17932,-10.4249,-9.14154,-11.1701,10.0118,10.0118,6.67452,3.33726,3.33726,3.33726
9.47022,8.34966,6.37256,5.31194,3.38022,3.30314,3.33195,-17.2147,-17.1004,-8.77043,-9.07126,-9.23686,-10.4954,10.099,10.099,6.73268,3.36634,3.36634,3.36634
9.47516,8.47244,6.47655,5.37722,3.43016,3.34681,3.37089,-16.3942,-16.1972,-8.56008,-10.7641,-10.317,-9.86989,10.1848,10.1848,6.78985,3.39493,3.39493,3.39493
9.48031,8.58874,6.58469,5.44124,3.48232,3.39591,3.39968,-16.0417,-17.2394,-9.09159,-11.1497,-9.47719,-11.0421,10.2735,10.2735,6.84902,3.42451,3.42451,3.42451
9.48535,8.68397,6.69053,5.50843,3.53384,3.44453,3.42776,-17.0183,-16.648,-9.02784,-10.3836,-8.82696,-10.2842,10.3597,10.3597,6.90649,3.45324,3.45324,3.45324
9.49035,8.78591,6.79536,5.57656,3.58466,3.49221,3.44771,-17.0441,-17.3396,-8.55357,-9.26926,-8.95462,-10.9832,10.4446,10.4446,6.96308,3.48154,3.48154,3.48154
9.4953,8.8894,6.89914,5.63653,3.63332,3.53899,3.46861,-15.9416,-16.7729,-9.63744,-10.7047,-7.93914,-11.1518,10.528,10.528,7.01867,3.50934,3.50934,3.50934
9.50018,8.96559,7.00127,5.70592,3.68143,3.58206,3.49135,-17.2603,-16.622,-8.8015,-8.56249,-9.52297,-11.4771,10.6096,10.6096,7.07307,3.53653,3.53653,3.53653
9.5055,9.06316,7.11234,5.77516,3.7291,3.63067,3.52036,-17.9553,-15.6425,-8.1748,-10.0326,-7.96263,-11.167,10.6978,10.6978,7.13189,3.56595,3.56595,3.56595
9.51041,9.17634,7.21437,5.82303,3.77247,3.67127,3.54861,-16.6413,-17.1693,-9.24021,-9.04939,-7.19467,-10.6971,10.7786,10.7786,7.18574,3.59287,3.59287,3.59287
9.51523,9.27077,7.31448,5.87575,3.80935,3.70096,3.57405,-16.9761,-17.0707,-8.51936,-10.4749,-7.58522,-11.4685,10.8573,10.8573,7.23819,3.6191,3.6191,3.6191
9.52029,9.36266,7.41946,5.92114,3.84974,3.7223,3.60621,-17.4481,-17.8854,-9.23441,-9.39272,-7.14056,-11.206,10.9392,10.9392,7.2928,3.6464,3.6464,3.6464
9.52533,9.45985,7.52419,5.97398,3.88555,3.72735,3.6388,-18.0057,-17.4896,-9.52034,-9.85853,-8.40953,-10.9018,11.0201,11.0201,7.34674,3.67337,3.67337,3.67337
9.5303,9.56688,7.62738,6.0329,3.91928,3.73641,3.6678,-17.1392,-16.8674,-9.19479,-11.6817,-8.70914,-11.425,11.0992,11.0992,7.39948,3.69974,3.69974,3.69974
9.53536,9.66377,7.73219,6.09222,3.96221,3.75227,3.69758,-17.814,-17.5855,-9.13516,-9.43956,-7.46892,-10.7561,11.1791,11.1791,7.45271,3.72636,3.72636,3.72636
9.54027,9.76379,7.83387,6.14749,3.999,3.75911,3.72125,-17.5441,-17.7175,-8.96064,-10.1193,-7.80916,-11.4772,11.2559,11.2559,7.50391,3.75196,3.75196,3.75196
9.54536,9.86188,7.93924,6.19848,4.03537,3.76444,3.74838,-17.1384,-17.9303,-9.64861,-10.5182,-8.19978,-10.7417,11.3348,11.3348,7.55652,3.77826,3.77826,3.77826
9.55021,9.93829,8.03965,6.25393,4.07061,3.77193,3.7704,-17.2129,-18.0049,-9.69829,-10.543,-8.22462,-10.7666,11.4093,11.4093,7.6062,3.8031,3.8031,3.8031
9.55516,10.0081,8.14219,6.31684,4.10668,3.78126,3.79036,-18.2812,-17.442,-9.15916,-11.9012,-8.0179,-12.7044,11.4847,11.4847,7.65645,3.82822,3.82822,3.82822
9.56027,10.1012,8.24784,6.37576,4.15073,3.79135,3.82478,-18.0825,-18.7365,-9.49061,-9.13656,-8.03532,-11.8938,11.5618,11.5618,7.70784,3.85392,3.85392,3.85392
9.56547,10.2016,8.35557,6.43548,4.1861,3.80163,3.86174,-18.1601,-18.8142,-9.54239,-9.16245,-8.06121,-11.9197,11.6394,11.6394,7.75962,3.87981,3.87981,3.87981
9.57043,10.3053,8.45857,6.4948,4.21034,3.81074,3.89784,-17.4731,-17.477,-9.67699,-10.0232,-7.66338,-11.8862,11.7128,11.7128,7.80853,3.90426,3.90426,3.90426
9.57538,10.3956,8.56114,6.55614,4.23452,3.81516,3.93445,-17.5456,-17.5495,-9.72532,-10.0474,-7.68755,-11.9104,11.7853,11.7853,7.85686,3.92843,3.92843,3.92843
9.58026,10.4784,8.66208,6.61933,4.25915,3.81573,3.97109,-18.6329,-17.837,-10.4643,-9.87223,-8.04235,-11.4868,11.8561,11.8561,7.90405,3.95203,3.95203,3.95203
9.58527,10.5818,8.76559,6.69462,4.28373,3.81837,4.00741,-18.1729,-17.7671,-9.69508,-11.7012,-8.34785,-11.9331,11.928,11.928,7.95202,3.97601,3.97601,3.97601
9.59033,10.6812,8.86985,6.7655,4.32087,3.82669,4.04554,-18.5797,-17.4135,-9.33965,-10.4418,-7.91642,-11.245,11.9999,11.9999,7.99996,3.99998,3.99998,3.99998
9.59536,10.7852,8.97303,6.82544,4.35799,3.83449,4.08008,-19.2494,-17.8388,-9.30738,-11.2686,-8.56928,-10.1839,12.0707,12.0707,8.04711,4.02356,4.02356,4.02356
9.60033,10.8988,9.07454,6.87237,4.39843,3.85047,4.10113,-19.2476,-18.1365,-9.69625,-11.7967,-10.6044,-11.482,12.1398,12.1398,8.09322,4.04661,4.04661,4.04661
9.60544,11.0201,9.17857,6.91755,4.4435,3.88907,4.12162,-19.3967,-18.6796,-10.0629,-11.7953,-8.35909,-10.6858,12.2102,12.2102,8.1401,4.07005,4.07005,4.07005
9.61029,11.1406,9.27742,6.96671,4.48846,3.92453,4.13193,-19.1239,-18.726,-9.89583,-9.9129,-8.34798,-10.4263,12.2762,12.2762,8.18412,4.09206,4.09206,4.09206
9.61532,11.2631,9.37998,7.01791,4.53058,3.96004,4.13253,-19.2507,-19.0892,-9.8093,-10.8628,-8.75971,-11.666,12.3439,12.3439,8.22926,4.11463,4.11463,4.11463
9.62043,11.3839,9.48427,7.06604,4.57185,3.99797,4.13656,-19.7048,-18.2273,-9.3614,-9.94986,-8.45946,-12.0613,12.4119,12.4119,8.2746,4.1373,4.1373,4.1373
9.62539,11.5054,9.58502,7.10042,4.6064,4.03385,4.15061,-18.99,-18.9506,-9.55329,-9.69837,-9.93021,-11.7849,12.4771,12.4771,8.3181,4.15905,4.15905,4.15905
9.63047,11.6198,9.68832,7.13088,4.63469,4.07706,4.16982,-19.5524,-20.0292,-9.04764,-9.4637,-9.62102,-10.5318,12.5432,12.5432,8.36212,4.18106,4.18106,4.18106
9.63518,11.7294,9.78484,7.14503,4.65379,4.11925,4.17762,-19.8454,-19.3332,-10.25,-11.1896,-9.60807,-12.6137,12.6037,12.6037,8.40247,4.20123,4.20123,4.20123
9.64025,11.85,9.88879,7.17513,4.68172,4.16628,4.20108,-19.0824,-20.4535,-10.6044,-9.98557,-10.7308,-12.2874,12.6681,12.6681,8.44538,4.22269,4.22269,4.22269
9.64527,11.958,9.99225,7.22417,4.70516,4.21546,4.23046,-20.02,-19.5354,-10.1489,-9.50147,-10.1473,-10.197,12.731,12.731,8.48735,4.24367,4.24367,4.24367
9.65031,12.0732,10.0961,7.27627,4.72145,4.26557,4.24565,-19.8184,-20.0667,-10.3765,-11.6999,-9.08343,-13.1406,12.7934,12.7934,8.52894,4.26447,4.26447,4.26447
9.65546,12.1874,10.2024,7.3326,4.7528,4.31637,4.27842,-20.4566,-20.0823,-9.63262,-11.9941,-8.89741,-14.3953,12.8563,12.8563,8.5709,4.28545,4.28545,4.28545
9.66033,12.2997,10.3028,7.37024,4.78848,4.3637,4.32199,-19.5422,-19.5067,-9.75747,-10.2832,-9.24819,-11.8564,12.9151,12.9151,8.61006,4.30503,4.30503,4.30503
9.66542,12.3987,10.4074,7.39863,4.81695,4.41277,4.36508,-20.2568,-19.4373,-9.8731,-12.1498,-9.1773,-10.7505,12.9757,12.9757,8.65045,4.32522,4.32522,4.32522
9.6704,12.4959,10.5093,7.41831,4.84916,4.46008,4.39636,-19.9094,-18.6132,-10.3217,-11.2999,-7.76435,-11.598,13.0341,13.0341,8.68943,4.34471,4.34471,4.34471
9.67531,12.5835,10.6086,7.44412,4.87752,4.50203,4.42223,-20.317,-18.9971,-10.5122,-8.57819,-7.36103,-10.9049,13.091,13.091,8.72734,4.36367,4.36367,4.36367
9.68028,12.6768,10.7078,7.47988,4.87671,4.53468,4.43776,-18.3762,-19.3612,-10.0735,-10.1538,-8.72959,-12.497,13.1478,13.1478,8.76518,4.38259,4.38259,4.38259
9.6853,12.7193,10.8074,7.51437,4.86848,4.56638,4.46213,-20.3002,-19.264,-9.67022,-10.4624,-8.60767,-11.0751,13.2043,13.2043,8.80287,4.40143,4.40143,4.40143
9.69042,12.7883,10.9078,7.53787,4.85785,4.59682,4.47892,-19.9355,-19.7464,-9.65375,-9.28073,-7.50053,-11.3756,13.2611,13.2611,8.84074,4.42037,4.42037,4.42037
9.69525,12.8593,11.0026,7.5523,4.8354,4.61225,4.49135,-19.9528,-19.4721,-10.0526,-11.2938,-7.72513,-12.5524,13.3139,13.3139,8.87594,4.43797,4.43797,4.43797
9.70024,12.9338,11.0999,7.57097,4.82868,4.61847,4.51315,-20.7158,-18.9231,-10.2327,-11.1296,-7.07237,-12.1977,13.3677,13.3677,8.91178,4.45589,4.45589,4.45589
9.70523,13.0284,11.1947,7.59643,4.8355,4.60837,4.54043,-20.7687,-18.976,-10.2679,-11.1472,-7.09001,-12.2153,13.4206,13.4206,8.94706,4.47353,4.47353,4.47353
9.71028,13.137,11.2884,7.63005,4.85466,4.58525,4.57284,-20.2856,-19.7458,-9.70744,-11.0406,-7.43878,-11.8272,13.4733,13.4733,8.98221,4.4911,4.4911,4.4911
9.71519,13.2392,11.3805,7.65457,4.87981,4.55783,4.60477,-20.2336,-19.4613,-9.98142,-10.8256,-8.2836,-12.7051,13.5238,13.5238,9.01584,4.50792,4.50792,4.50792
9.72028,13.3375,11.4749,7.6796,4.90859,4.5337,4.64307,-21.4158,-19.8319,-9.9781,-9.43511,-6.52883,-11.8612,13.5752,13.5752,9.05014,4.52507,4.52507,4.52507
9.72522,13.452,11.5673,7.70403,4.92638,4.49896,4.67726,-20.1923,-19.8377,-10.8615,-9.02092,-7.44772,-11.7533,13.6243,13.6243,9.08288,4.54144,4.54144,4.54144
9.73037,13.5572,11.6638,7.74912,4.92931,4.46189,4.70914,-20.3608,-19.3364,-9.91689,-9.90709,-6.29701,-12.4242,13.6746,13.6746,9.11642,4.55821,4.55821,4.55821
9.73538,13.6482,11.7541,7.78346,4.92468,4.41971,4.7421,-20.732,-19.286,-10.0367,-9.90656,-7.59644,-11.9434,13.7227,13.7227,9.14848,4.57424,4.57424,4.57424
9.74025,13.7349,11.8366,7.81139,4.91401,4.38076,4.77146,-21.6408,-18.5006,-9.9127,-10.427,-7.83531,-12.3976,13.7687,13.7687,9.17911,4.58955,4.58955,4.58955
9.7453,13.8425,11.9071,7.83279,4.90205,4.34446,4.80312,-20.2928,-19.1975,-10.6001,-11.3037,-8.48847,-11.6514,13.8154,13.8154,9.21029,4.60515,4.60515,4.60515
9.75027,13.9291,11.971,7.86473,4.90273,4.31839,4.83045,-21.5476,-19.1993,-10.9918,-10.0602,-7.46025,-11.799,13.8606,13.8606,9.24042,4.62021,4.62021,4.62021
9.75524,14.0295,12.0284,7.91142,4.89716,4.29241,4.85543,-21.5013,-19.2082,-10.4717,-10.6463,-7.64063,-13.4532,13.905,13.905,9.26998,4.63499,4.63499,4.63499
9.76028,14.1375,12.0823,7.95782,4.89362,4.26795,4.89099,-20.3201,-19.3942,-10.5053,-10.868,-6.72797,-12.3087,13.9491,13.9491,9.29938,4.64969,4.64969,4.64969
9.76532,14.2174,12.1345,8.00286,4.89433,4.23701,4.9254,-20.8558,-19.6817,-10.0911,-8.33214,-7.50414,-11.4868,13.9923,13.9923,9.3282,4.6641,4.6641,4.6641
9.77015,14.288,12.1894,8.03634,4.87232,4.20942,4.94973,-20.6521,-20.53,-9.96346,-9.44692,-6.38332,-11.3596,14.0329,14.0329,9.35527,4.67764,4.67764,4.67764
9.77532,14.3515,12.2634,8.06124,4.84412,4.17315,4.96648,-20.8838,-19.9618,-10.2803,-10.4381,-6.50515,-12.1604,14.0755,14.0755,9.38365,4.69183,4.69183,4.69183
9.78022,14.4093,12.3346,8.08336,4.82365,4.13551,4.98378,-21.4591,-20.0328,-10.363,-11.0392,-7.26351,-12.5793,14.115,14.115,9.40998,4.70499,4.70499,4.70499
9.78519,14.4818,12.4065,8.10585,4.81495,4.09979,5.00718,-20.7931,-20.1114,-10.9744,-10.5803,-6.92882,-12.0624,14.1542,14.1542,9.43611,4.71806,4.71806,4.71806
9.79044,14.5469,12.4831,8.14507,4.81214,4.06244,5.03059,-20.999,-20.8611,-11.1978,-11.1071,-6.45379,-12.4568,14.1946,14.1946,9.46309,4.73155,4.73155,4.73155
9.79526,14.6086,12.5629,8.19586,4.82337,4.02562,5.05551,-20.7516,-21.3545,-11.1718,-11.2517,-6.89645,-12.7587,14.2309,14.2309,9.48729,4.74365,4.74365,4.74365
9.80034,14.6653,12.6538,8.25657,4.84542,3.988,5.08743,-21.9592,-21.4273,-11.0337,-9.88143,-6.43695,-10.726,14.2683,14.2683,9.51221,4.75611,4.75611,4.75611
9.80518,14.7476,12.7441,8.31589,4.861,3.9507,5.10432,-21.3636,-21.5882,-10.664,-9.51214,-6.78802,-13.1885,14.3031,14.3031,9.53539,4.7677,4.7677,4.7677
9.81035,14.8308,12.8426,8.37134,4.86515,3.91227,5.13432,-21.3998,-21.6244,-10.6881,-9.52421,-6.80009,-13.2005,14.3393,14.3393,9.55955,4.77977,4.77977,4.77977
9.81528,14.9102,12.9382,8.41924,4.85928,3.87682,5.16929,-21.6738,-19.9205,-10.1944,-9.12971,-6.84443,-11.8704,14.373,14.373,9.58199,4.79099,4.79099,4.79099
9.82021,14.999,13.0299,8.4542,4.84643,3.843,5.1994,-21.5175,-20.6507,-10.1389,-10.7387,-6.68977,-12.2539,14.4058,14.4058,9.60386,4.80193,4.80193,4.80193
9.82529,15.0873,13.122,8.47543,4.84424,3.80898,5.22812,-22.1374,-20.5575,-10.2089,-10.4847,-6.39437,-11.528,14.4387,14.4387,9.62579,4.81289,4.81289,4.81289
9.83021,15.1863,13.2081,8.48698,4.85229,3.77482,5.24678,-21.8099,-20.6752,-9.97457,-11.3975,-6.72762,-11.6294,14.4697,14.4697,9.64644,4.82322,4.82322,4.82322
9.83517,15.2825,13.2914,8.48354,4.87468,3.74228,5.25992,-20.6385,-19.3777,-10.6197,-10.944,-6.77914,-11.4573,14.5,14.5,9.66669,4.83334,4.83334,4.83334
9.84019,15.3372,13.3538,8.48121,4.89804,3.71173,5.26521,-22.1735,-19.5534,-10.4661,-12.022,-7.02093,-12.1131,14.5299,14.5299,9.68657,4.84329,4.84329,4.84329
9.84517,15.4062,13.3891,8.47485,4.93067,3.68653,5.27144,-21.8476,-20.3031,-10.6002,-8.95973,-7.17125,-12.4787,14.5586,14.5586,9.70571,4.85285,4.85285,4.85285
9.85045,15.4802,13.4247,8.47034,4.94257,3.66688,5.28386,-20.9157,-20.2656,-10.0493,-9.93831,-7.47915,-11.8924,14.588,14.588,9.72535,4.86267,4.86267,4.86267
9.8554,15.5224,13.4598,8.45611,4.95187,3.6585,5.29492,-21.9628,-20.5129,-10.3618,-9.97206,-7.52946,-11.8682,14.6147,14.6147,9.74315,4.87158,4.87158,4.87158
9.86035,15.5801,13.5012,8.44246,4.95715,3.65912,5.30482,-20.1881,-20.2078,-10.3079,-11.9265,-7.29794,-12.1169,14.6405,14.6405,9.76037,4.88018,4.88018,4.88018
9.86529,15.586,13.5392,8.42782,4.98164,3.66529,5.31876,-21.852,-21.0049,-10.4186,-11.231,-7.09924,-11.6864,14.6654,14.6654,9.77696,4.88848,4.88848,4.88848
9.87044,15.6143,13.5932,8.41631,5.01423,3.67416,5.3316,-21.1008,-20.1237,-10.4436,-11.1731,-7.38909,-12.0176,14.6904,14.6904,9.79363,4.89681,4.89681,4.89681
9.87529,15.6344,13.6379,8.41052,5.04985,3.68785,5.34647,-21.7578,-20.9265,-10.4734,-8.90361,-6.93297,-12.5303,14.7131,14.7131,9.80874,4.90437,4.90437,4.90437
9.88025,15.6712,13.6921,8.40914,5.07294,3.7014,5.36765,-22.0756,-21.0709,-10.1267,-8.44736,-7.37924,-12.0492,14.7354,14.7354,9.82361,4.9118,4.9118,4.9118
9.88527,15.7329,13.7565,8.40505,5.07774,3.71962,5.3869,-21.3605,-19.5324,-10.254,-9.34054,-7.09666,-12.0564,14.7571,14.7571,9.83805,4.91902,4.91902,4.91902
9.89032,15.7879,13.7981,8.40131,5.07775,3.73879,5.40445,-22.9219,-20.4712,-10.109,-10.0679,-6.96286,-11.8563,14.7779,14.7779,9.85196,4.92598,4.92598,4.92598
9.89541,15.8847,13.8427,8.39551,5.08272,3.75764,5.41773,-20.5465,-19.132,-10.1621,-9.47011,-6.87847,-11.921,14.798,14.798,9.86535,4.93267,4.93267,4.93267
9.90026,15.9296,13.8505,8.38778,5.08384,3.7756,5.42825,-20.6672,-19.1266,-10.2684,-7.38964,-6.87628,-11.2398,14.8163,14.8163,9.87752,4.93876,4.93876,4.93876
9.90528,15.9452,13.8361,8.38375,5.05913,3.79554,5.4294,-20.5079,-19.6962,-10.2051,-8.45548,-6.89056,-10.8236,14.8343,14.8343,9.88952,4.94476,4.94476,4.94476
9.91029,15.9429,13.8252,8.38749,5.03577,3.81869,5.41789,-20.0679,-18.1806,-10.0806,-5.91092,-6.84656,-12.27,14.8513,14.8513,9.90088,4.95044,4.95044,4.95044
9.91526,15.9205,13.7879,8.39929,4.99696,3.84579,5.41276,-21.1516,-18.9295,-10.1373,-9.57601,-6.84361,-9.94033,14.8673,14.8673,9.91154,4.95577,4.95577,4.95577
9.9203,15.9193,13.7447,8.41934,4.97333,3.87868,5.38713,-21.1669,-18.9447,-10.1475,-9.58111,-6.84871,-9.94543,14.8826,14.8826,9.92174,4.96087,4.96087,4.96087
9.92527,15.9356,13.7008,8.44944,4.96723,3.91635,5.35069,-20.1133,-18.5452,-9.93745,-8.78267,-6.54707,-12.5004,14.8968,14.8968,9.93118,4.96559,4.96559,4.96559
9.9303,15.9315,13.6529,8.48757,4.96286,3.9572,5.32463,-20.2055,-20.4813,-10.0007,-8.49734,-6.45218,-11.5609,14.9102,14.9102,9.94013,4.97006,4.97006,4.97006
9.9353,15.9209,13.6458,8.53263,4.96174,4.00026,5.29994,-20.218,-20.4938,-10.009,-8.50148,-6.45632,-11.5651,14.9226,14.9226,9.9484,4.9742,4.9742,4.9742
9.94024,15.9108,13.6761,8.58551,4.96587,4.04486,5.27622,-21.4074,-19.1222,-9.60067,-8.66259,-5.63211,-12.9516,14.934,14.934,9.95597,4.97799,4.97799,4.97799
9.94547,15.9564,13.7137,8.64352,4.9841,4.09165,5.27129,-23.8455,-21.6548,-8.43346,-12.3757,-4.60079,-13.775,14.945,14.945,9.96334,4.98167,4.98167,4.98167
9.95025,16.0761,13.7855,8.67214,5.02755,4.13149,5.29452,-23.7916,-21.1321,-8.40407,-11.9317,-4.08222,-13.1985,14.9542,14.9542,9.96948,4.98474,4.98474,4.98474
9.95524,16.215,13.8661,8.68728,5.07653,4.17059,5.32913,-21.988,-21.3733,-8.67949,-10.7174,-3.74565,-11.9428,14.9629,14.9629,9.97529,4.98765,4.98765,4.98765
9.96018,16.3409,13.9447,8.70291,5.12385,4.21024,5.36174,-21.9957,-21.381,-8.68464,-10.72,-3.74822,-11.9454,14.9707,14.9707,9.98044,4.99022,4.99022,4.99022
9.96516,16.45,14.0212,8.73435,5.16878,4.25472,5.39296,-20.9545,-21.8489,-8.35065,-11.0286,-3.37791,-12.9413,14.9775,14.9775,9.98503,4.99251,4.99251,4.99251
9.97017,16.5115,14.1015,8.77927,5.21209,4.30251,5.42974,-22.1425,-21.2245,-8.781,-9.00203,-3.57863,-9.91283,14.9835,14.9835,9.98902,4.99451,4.99451,4.99451
9.97522,16.5684,14.1761,8.84208,5.2411,4.35279,5.44461,-21.3951,-20.5992,-8.69036,-8.61457,-3.69625,-12.3489,14.9886,14.9886,9.99243,4.99621,4.99621,4.99621
9.98019,16.592,14.2369,8.91397,5.24369,4.40327,5.46573,-20.2093,-20.5994,-8.08908,-9.0465,-2.55498,-11.0254,14.9927,14.9927,9.99516,4.99758,4.99758,4.99758
9.9852,16.5469,14.2787,8.98143,5.22825,4.45437,5.47969,-20.2125,-20.6026,-8.09122,-9.04757,-2.55605,-11.0265,14.9959,14.9959,9.9973,4.99865,4.99865,4.99865
9.99026,16.458,14.3048,9.04506,5.20016,4.50614,5.48833,-20.2148,-20.6049,-8.09275,-9.04833,-2.55681,-11.0273,14.9982,14.9982,9.99883,4.99941,4.99941,4.99941
9.99522,16.3545,14.3269,9.10642,5.16652,4.55697,5.4923,-21.343,-20.1492,-8.44685,-11.5079,-2.43306,-12.3111,14.9996,14.9996,9.99972,4.99986,4.99986,4.99986
10.0004,16.2648,14.3278,9.17181,5.1486,4.61012,5.50744,-21.3434,-20.1496,-8.44713,-11.5081,-2.4332,-12.3112,15,15,10,5,5,5
10.0053,16.2006,14.325,9.23823,5.15113,4.66041,5.52856,-22.2057,-20.6061,-8.7352,-8.66787,-2.71455,-11.1022,14.9995,14.9995,9.99965,4.99983,4.99983,4.99983
10.0103,16.1853,14.3207,9.3087,5.13648,4.71182,5.54176,-22.2043,-20.6047,-8.73424,-8.66739,-2.71407,-11.1017,14.998,14.998,9.99869,4.99935,4.99935,4.99935
10.0154,16.2137,14.3217,9.3835,5.10948,4.76431,5.54681,-20.8859,-20.6613,-8.61558,-9.37866,-2.3655,-12.6824,14.9956,14.9956,9.99707,4.99854,4.99854,4.99854
10.0202,16.2283,14.3288,9.45325,5.08307,4.8137,5.56233,-20.8552,-20.1263,-8.24355,-7.85408,-3.30836,-11.3565,14.9924,14.9924,9.99497,4.99748,4.99748,4.99748
10.0253,16.227,14.3199,9.51893,5.04319,4.86634,5.57249,-20.8509,-20.122,-8.24068,-7.85265,-3.30693,-11.3551,14.9882,14.9882,9.9921,4.99605,4.99605,4.99605
10.0302,16.2116,14.3063,9.57743,4.99984,4.91703,5.57644,-21.819,-20.1406,-8.09312,-8.31466,-1.93078,-12.0158,14.9831,14.9831,9.98875,4.99438,4.99438,4.99438
10.0352,16.223,14.2875,9.62898,4.95541,4.96864,5.58414,-21.6199,-20.4576,-7.73797,-10.8877,-2.30964,-10.8132,14.9771,14.9771,9.98472,4.99236,4.99236,4.99236
10.0402,16.2584,14.2733,9.66495,4.92745,5.02018,5.58221,-21.6129,-20.4506,-7.73332,-10.8854,-2.30731,-10.8109,14.9701,14.9701,9.98007,4.99003,4.99003,4.99003
10.0454,16.3154,14.2761,9.69535,4.92533,5.07369,5.57254,-21.9948,-19.6741,-7.79471,-9.93045,-2.23005,-12.1247,14.9619,14.9619,9.97458,4.98729,4.98729,4.98729
10.0505,16.3924,14.2598,9.71267,4.93042,5.12607,5.57099,-21.9857,-19.6651,-7.78868,-9.92744,-2.22704,-12.1216,14.9528,14.9528,9.96855,4.98428,4.98428,4.98428
10.0553,16.472,14.2349,9.72233,4.93881,5.17526,5.57464,-21.208,-20.0812,-8.8546,-11.2325,-2.78695,-12.2261,14.9434,14.9434,9.9623,4.98115,4.98115,4.98115
10.0602,16.5309,14.2112,9.751,4.96077,5.22549,5.58441,-21.5561,-20.3465,-8.07014,-9.53166,-3.1395,-11.3947,14.933,14.933,9.95532,4.97766,4.97766,4.97766
10.0652,16.5863,14.1861,9.77157,4.97482,5.27684,5.58698,-21.5445,-20.335,-8.06242,-9.5278,-3.13564,-11.3908,14.9214,14.9214,9.9476,4.9738,4.9738,4.9738
10.0701,16.636,14.1729,9.7908,4.98154,5.32721,5.58127,-20.3188,-19.0737,-7.94349,-8.43904,-1.69084,-11.9498,14.9092,14.9092,9.93944,4.96972,4.96972,4.96972
10.0753,16.6412,14.1293,9.80161,4.96742,5.38035,5.57702,-20.3048,-19.0598,-7.93418,-8.43438,-1.68618,-11.9451,14.8952,14.8952,9.93013,4.96506,4.96506,4.96506
10.0803,16.6095,14.0791,9.81065,4.93969,5.43097,5.57625,-21.2755,-19.9792,-7.69262,-8.81876,-0.613278,-12.3046,14.8808,14.8808,9.92056,4.96028,4.96028,4.96028
10.0854,16.5824,14.0364,9.80977,4.90726,5.4811,5.58218,-20.4167,-20.6255,-7.71775,-8.0932,-2.36344,-10.6103,14.8652,14.8652,9.91016,4.95508,4.95508,4.95508
10.0902,16.5352,14.0142,9.7973,4.87135,5.52803,5.57533,-20.4012,-20.61,-7.70738,-8.08802,-2.35826,-10.6051,14.8497,14.8497,9.89979,4.9499,4.9499,4.9499
10.0953,16.4698,14.0184,9.78119,4.83034,5.57749,5.55887,-21.609,-19.6981,-7.69784,-9.64712,-0.920002,-10.5579,14.8322,14.8322,9.88816,4.94408,4.94408,4.94408
10.1002,16.4468,14.0232,9.762,4.80069,5.62144,5.53681,-21.2841,-19.5189,-7.79057,-8.17568,-0.963796,-11.0488,14.8146,14.8146,9.87639,4.9382,4.9382,4.9382
10.1052,16.4409,14.0166,9.7387,4.76855,5.66097,5.51512,-21.2651,-19.5,-7.77796,-8.16937,-0.957488,-11.0425,14.7957,14.7957,9.86378,4.93189,4.93189,4.93189
10.1102,16.4471,14.0104,9.71846,4.73578,5.69262,5.49393,-20.9931,-20.3706,-7.62052,-8.27868,-2.73936,-11.4251,14.7758,14.7758,9.85055,4.92528,4.92528,4.92528
10.1153,16.4622,14.0199,9.69286,4.70342,5.73052,5.47761,-20.972,-20.3495,-7.60641,-8.27162,-2.7323,-11.418,14.7547,14.7547,9.83644,4.91822,4.91822,4.91822
10.1203,16.484,14.0549,9.67084,4.67313,5.77041,5.46594,-20.9306,-19.855,-7.90337,-7.75103,-0.878634,-11.1624,14.733,14.733,9.82199,4.91099,4.91099,4.91099
10.1252,16.5064,14.0808,9.65139,4.6389,5.80104,5.45394,-20.9085,-19.8329,-7.88862,-7.74366,-0.87126,-11.155,14.7109,14.7109,9.80724,4.90362,4.90362,4.90362
10.1302,16.5234,14.1065,9.63833,4.60019,5.82171,5.44044,-21.2357,-19.9355,-7.26478,-6.86644,-1.35196,-11.9669,14.6874,14.6874,9.79159,4.8958,4.8958,4.8958
10.1352,16.5496,14.1379,9.61689,4.55548,5.83614,5.43503,-20.51,-19.852,-7.40528,-8.38183,0.394971,-11.2881,14.663,14.663,9.77534,4.88767,4.88767,4.88767
10.1402,16.5639,14.167,9.59028,4.513,5.82389,5.42847,-22.3601,-19.7361,-7.13553,-10.874,0.660079,-14.1363,14.6377,14.6377,9.75848,4.87924,4.87924,4.87924
10.1452,16.6319,14.1886,9.55386,4.48806,5.7911,5.45216,-22.1921,-20.0606,-7.13688,-8.65447,0.461808,-11.3455,14.6115,14.6115,9.74102,4.87051,4.87051,4.87051
10.1502,16.7198,14.2073,9.50956,4.46307,5.75003,5.47089,-20.589,-19.868,-7.00388,-8.3308,0.114797,-12.0899,14.5844,14.5844,9.72297,4.86148,4.86148,4.86148
10.1552,16.774,14.2151,9.45761,4.4352,5.70637,5.49264,-20.561,-19.84,-6.98522,-8.32147,0.124127,-12.0806,14.5565,14.5565,9.70431,4.85215,4.85215,4.85215
10.1602,16.7955,14.2309,9.4086,4.40542,5.66093,5.51598,-19.6772,-20.1027,-7.94408,-9.34684,0.191715,-10.4232,14.5276,14.5276,9.68505,4.84252,4.84252,4.84252
10.1654,16.7626,14.2436,9.37393,4.38504,5.61279,5.52458,-19.6462,-20.0717,-7.92342,-9.33651,0.202046,-10.4129,14.4966,14.4966,9.66439,4.83219,4.83219,4.83219
10.1706,16.6847,14.2698,9.36221,4.37685,5.56391,5.51986,-20.3431,-19.7363,-7.25421,-7.72782,-1.10382,-11.7353,14.4646,14.4646,9.64308,4.82154,4.82154,4.82154
10.1752,16.6175,14.2781,9.34324,4.3589,5.52317,5.52112,-20.314,-19.7073,-7.23483,-7.71813,-1.09413,-11.7256,14.4355,14.4355,9.6237,4.81185,4.81185,4.81185
10.1802,16.5399,14.2793,9.3195,4.32922,5.48196,5.52776,-19.005,-18.5913,-7.21528,-6.84619,-0.47887,-11.8059,14.4031,14.4031,9.60206,4.80103,4.80103,4.80103
10.1854,16.4297,14.2491,9.29396,4.28861,5.43984,5.53949,-20.1681,-19.1397,-6.92672,-8.48234,-0.00362341,-10.867,14.3684,14.3684,9.57893,4.78946,4.78946,4.78946
10.1903,16.3436,14.2054,9.25894,4.25493,5.39867,5.54174,-20.1345,-19.1062,-6.90433,-8.47115,0.00756827,-10.8558,14.3348,14.3348,9.55654,4.77827,4.77827,4.77827
10.1955,16.264,14.1669,9.22421,4.22326,5.35351,5.53566,-20.5747,-18.2461,-6.89459,-6.78641,-2.26553,-11.5557,14.2983,14.2983,9.53217,4.76609,4.76609,4.76609
10.2005,16.225,14.106,9.18438,4.18635,5.3221,5.53312,-20.5386,-18.2101,-6.87056,-6.77439,-2.25351,-11.5437,14.2622,14.2622,9.50814,4.75407,4.75407,4.75407
10.2053,16.2099,14.0471,9.15082,4.14812,5.30699,5.53435,-20.054,-17.9973,-6.88664,-7.40841,-0.991415,-9.83445,14.2268,14.2268,9.48451,4.74225,4.74225,4.74225
10.2102,16.2043,13.9767,9.11471,4.11226,5.29387,5.52025,-20.017,-17.9603,-6.86197,-7.39608,-0.979078,-9.82212,14.1898,14.1898,9.45984,4.72992,4.72992,4.72992
10.2154,16.2038,13.9012,9.08096,4.0787,5.28195,5.49326,-20.2447,-18.4599,-6.40254,-7.15912,-0.444039,-11.6138,14.1496,14.1496,9.43304,4.71652,4.71652,4.71652
10.2202,16.2159,13.8439,9.04731,4.04941,5.26596,5.47634,-20.5614,-17.894,-6.98961,-7.12163,-0.398272,-9.80435,14.1116,14.1116,9.40774,4.70387,4.70387,4.70387
10.2252,16.2578,13.7742,9.01467,4.01969,5.2461,5.44987,-20.521,-17.8536,-6.9627,-7.10817,-0.384813,-9.79089,14.0712,14.0712,9.38083,4.69041,4.69041,4.69041
10.2303,16.3134,13.7069,8.9918,3.98931,5.22164,5.41779,-20.7784,-17.65,-6.88657,-7.73999,-2.00195,-12.3602,14.0292,14.0292,9.35277,4.67639,4.67639,4.67639
10.2353,16.3926,13.6334,8.96837,3.96733,5.2141,5.40622,-20.7363,-17.6079,-6.85849,-7.72594,-1.9879,-12.3462,13.987,13.987,9.32469,4.66234,4.66234,4.66234
10.2403,16.4806,13.564,8.95297,3.95263,5.2202,5.4123,-19.9841,-18.479,-6.23209,-7.99313,-1.35257,-10.5351,13.944,13.944,9.29603,4.64801,4.64801,4.64801
10.2453,16.5453,13.516,8.92974,3.94846,5.23014,5.4136,-20.0269,-18.4903,-6.66684,-8.0696,-1.78508,-11.2657,13.9002,13.9002,9.2668,4.6334,4.6334,4.6334
10.2502,16.5889,13.4679,8.90027,3.94728,5.24941,5.41633,-19.9831,-18.4465,-6.63763,-8.055,-1.77048,-11.2511,13.8564,13.8564,9.23759,4.6188,4.6188,4.6188
10.2553,16.601,13.4315,8.87314,3.94315,5.27531,5.4183,-19.8421,-18.9043,-6.46454,-6.68159,-1.18367,-10.5566,13.8099,13.8099,9.20662,4.60331,4.60331,4.60331
10.2603,16.5987,13.4022,8.8376,3.92499,5.29988,5.41234,-19.7957,-18.8579,-6.43359,-6.66612,-1.1682,-10.5412,13.7635,13.7635,9.17567,4.58784,4.58784,4.58784
10.2654,16.5765,13.3999,8.80593,3.89767,5.32259,5.40019,-18.8885,-18.9594,-6.70868,-6.4182,-1.30944,-10.3098,13.7153,13.7153,9.14353,4.57176,4.57176,4.57176
10.2704,16.5167,13.4151,8.78035,3.86696,5.34384,5.38291,-18.7301,-17.883,-5.95973,-6.0958,-0.705523,-10.8651,13.6672,13.6672,9.11145,4.55572,4.55572,4.55572
10.2753,16.4393,13.408,8.73804,3.83235,5.35743,5.36915,-18.6821,-17.835,-5.92774,-6.07981,-0.689529,-10.8491,13.6192,13.6192,9.07946,4.53973,4.53973,4.53973
10.2804,16.3435,13.4029,8.69151,3.79298,5.36313,5.35835,-19.4311,-18.3279,-6.69225,-6.61764,-0.0267567,-10.7576,13.5684,13.5684,9.04559,4.5228,4.5228,4.5228
10.2852,16.2771,13.3943,8.6549,3.75856,5.35506,5.34838,-19.3825,-18.2793,-6.65985,-6.60144,-0.0105554,-10.7414,13.5198,13.5198,9.01319,4.5066,4.5066,4.5066
10.2904,16.2159,13.4074,8.63374,3.72406,5.33415,5.33693,-19.2187,-17.946,-5.97418,-8.57907,-1.23471,-11.0051,13.4663,13.4663,8.97751,4.48875,4.48875,4.48875
10.2952,16.1707,13.4028,8.59995,3.7142,5.31941,5.33021,-19.1685,-17.8958,-5.94071,-8.56234,-1.21798,-10.9884,13.4161,13.4161,8.94404,4.47202,4.47202,4.47202
10.3001,16.1259,13.3969,8.56307,3.72231,5.30673,5.32726,-19.6404,-17.0282,-5.88721,-8.09788,0.413964,-10.7144,13.364,13.364,8.90935,4.45468,4.45468,4.45468
10.3053,16.094,13.38,8.52563,3.73978,5.27702,5.32372,-19.0209,-18.1935,-6.55624,-6.29898,1.15302,-11.2339,13.3079,13.3079,8.87196,4.43598,4.43598,4.43598
10.3103,16.0675,13.3611,8.49602,3.74484,5.23624,5.32514,-18.9662,-18.1388,-6.51973,-6.28073,1.17127,-11.2156,13.2532,13.2532,8.83545,4.41773,4.41773,4.41773
10.3155,16.033,13.3668,8.48379,3.74003,5.18849,5.33006,-19.4994,-17.1472,-5.45081,-6.34425,0.16383,-9.28365,13.1954,13.1954,8.7969,4.39845,4.39845,4.39845
10.3204,16.0209,13.34,8.44801,3.72693,5.14353,5.31565,-19.4441,-17.0919,-5.41395,-6.32582,0.182261,-9.26522,13.1401,13.1401,8.76004,4.38002,4.38002,4.38002
10.3252,16.013,13.2978,8.40138,3.70683,5.09965,5.28958,-19.204,-17.3049,-5.88938,-7.15207,0.672528,-10.166,13.0851,13.0851,8.72342,4.36171,4.36171,4.36171
10.3301,15.9944,13.2593,8.36011,3.68829,5.05373,5.26254,-18.2567,-17.3978,-5.97899,-6.42105,1.27935,-10.7432,13.0283,13.0283,8.68554,4.34277,4.34277,4.34277
10.3352,15.9466,13.2077,8.31612,3.66456,5.00457,5.24148,-18.1967,-17.3378,-5.93901,-6.40106,1.29934,-10.7232,12.9683,12.9683,8.64556,4.32278,4.32278,4.32278
10.3402,15.8718,13.1802,8.28892,3.63813,4.95538,5.22835,-18.1214,-17.2703,-6.30055,-6.69583,-0.38647,-10.4053,12.9087,12.9087,8.60582,4.30291,4.30291,4.30291
10.3452,15.7877,13.1357,8.26614,3.61079,4.90784,5.21814,-18.061,-17.2099,-6.26028,-6.6757,-0.366337,-10.3851,12.8483,12.8483,8.56555,4.28278,4.28278,4.28278
10.3503,15.6949,13.0779,8.24575,3.58111,4.86186,5.21017,-17.9985,-17.1475,-6.21867,-6.65489,-0.345529,-10.3643,12.7859,12.7859,8.52394,4.26197,4.26197,4.26197
10.3552,15.5963,13.0339,8.24075,3.55102,4.82037,5.2041,-18.2609,-17.0946,-5.44876,-6.27032,1.18996,-10.104,12.7252,12.7252,8.48344,4.24172,4.24172,4.24172
10.3604,15.4991,12.9886,8.22327,3.51723,4.77394,5.19628,-18.4044,-16.4817,-5.1398,-6.17404,-0.982475,-11.0675,12.6599,12.6599,8.43991,4.21996,4.21996,4.21996
10.3653,15.4254,12.9242,8.18113,3.48325,4.73697,5.19584,-18.3421,-16.4194,-5.09827,-6.15327,-0.961709,-11.0467,12.5976,12.5976,8.39838,4.19919,4.19919,4.19919
10.3706,15.3488,12.8583,8.12899,3.44364,4.70507,5.19921,-18.2187,-15.6813,-5.52931,-5.56749,-0.607768,-9.31833,12.5293,12.5293,8.3529,4.17645,4.17645,4.17645
10.3753,15.2964,12.7823,8.07866,3.40675,4.68316,5.18658,-18.1575,-15.6201,-5.48849,-5.54708,-0.587359,-9.29792,12.4681,12.4681,8.31208,4.15604,4.15604,4.15604
10.3803,15.2459,12.6993,8.02909,3.3671,4.665,5.16281,-18.5999,-16.3659,-4.55214,-5.80664,0.519282,-10.609,12.4022,12.4022,8.26816,4.13408,4.13408,4.13408
10.3853,15.2154,12.6312,7.9722,3.32892,4.63896,5.14438,-18.1904,-15.9289,-4.39275,-7.55634,-1.31322,-9.65118,12.3356,12.3356,8.22372,4.11186,4.11186,4.11186
10.3902,15.2002,12.5564,7.9021,3.30573,4.62859,5.12155,-18.1244,-15.8628,-4.34872,-7.53433,-1.29121,-9.62917,12.2695,12.2695,8.17969,4.08985,4.08985,4.08985
10.3952,15.1817,12.493,7.83105,3.29563,4.62997,5.09531,-18.1941,-15.5701,-5.69941,-4.03401,-0.672329,-10.0204,12.2014,12.2014,8.13426,4.06713,4.06713,4.06713
10.4002,15.179,12.4184,7.77245,3.26208,4.6364,5.07114,-18.1252,-15.5012,-5.65347,-4.01104,-0.649361,-9.99748,12.1325,12.1325,8.08832,4.04416,4.04416,4.04416
10.4052,15.1816,12.3443,7.73072,3.21866,4.64563,5.04893,-16.9681,-16.4284,-4.87345,-4.37698,-0.584745,-9.65134,12.0628,12.0628,8.04189,4.02094,4.02094,4.02094
10.4101,15.149,12.2866,7.68708,3.17346,4.65661,5.02607,-16.7376,-15.4335,-4.93405,-3.98967,-1.80375,-9.51243,11.9939,11.9939,7.9959,3.99795,3.99795,3.99795
10.4152,15.0855,12.2317,7.64537,3.12473,4.68128,5.00116,-16.5272,-16.2592,-5.35594,-3.61773,-0.338849,-9.97677,11.9213,11.9213,7.94754,3.97377,3.97377,3.97377
10.4202,15.0074,12.1923,7.61144,3.07584,4.6992,4.98117,-16.3292,-15.1748,-4.92973,-2.33521,-2.25241,-9.47257,11.8494,11.8494,7.89962,3.94981,3.94981,3.94981
10.4255,14.9182,12.1408,7.57136,3.02211,4.73178,4.96032,-16.1262,-14.4241,-4.36009,-4.45407,-0.165032,-9.81123,11.7725,11.7725,7.8483,3.92415,3.92415,3.92415
10.4303,14.8311,12.0768,7.52064,2.97447,4.75026,4.94556,-16.1858,-15.5751,-4.60366,-3.24656,-0.630078,-8.57888,11.702,11.702,7.80136,3.90068,3.90068,3.90068
10.4352,14.7501,12.0218,7.46525,2.92624,4.76286,4.92233,-16.4875,-14.4505,-4.22296,-4.18285,0.942473,-6.67513,11.6295,11.6295,7.75297,3.87649,3.87649,3.87649
10.4402,14.6902,11.9607,7.40351,2.87984,4.75041,4.88211,-18.1069,-15.4514,-2.59099,-8.65396,2.61512,-9.94564,11.5547,11.5547,7.70313,3.85156,3.85156,3.85156
10.4454,14.7031,11.9108,7.31665,2.86934,4.70792,4.84868,-20.0851,-16.4485,-3.07787,-9.00867,0.372566,-10.615,11.4762,11.4762,7.65079,3.82539,3.82539,3.82539
10.4503,14.8045,11.8882,7.22882,2.89823,4.66692,4.8308,-17.6582,-14.3013,-3.57148,-6.93862,1.24202,-11.592,11.4015,11.4015,7.601,3.8005,3.8005,3.8005
10.4555,14.8893,11.8356,7.13618,2.93042,4.62048,4.83831,-17.2551,-16.085,-4.70109,-8.54311,1.39289,-8.81635,11.3215,11.3215,7.54767,3.77383,3.77383,3.77383
10.4603,14.9278,11.8037,7.06071,2.96939,4.57577,4.83307,-18.1499,-15.6992,-3.89901,-7.32596,2.35336,-9.28832,11.247,11.247,7.49799,3.749,3.749,3.749
10.4655,14.9641,11.7747,6.98227,3.01076,4.52509,4.82235,-17.0125,-15.8305,-4.58458,-6.00713,0.351911,-8.64017,11.1655,11.1655,7.4437,3.72185,3.72185,3.72185
10.4704,14.9443,11.7582,6.92276,3.03893,4.47887,4.80169,-17.4473,-14.5947,-4.26335,-5.34376,0.89108,-8.06788,11.0881,11.0881,7.39208,3.69604,3.69604,3.69604
10.4752,14.901,11.7211,6.87148,3.04607,4.43435,4.77138,-17.426,-15.0265,-3.81944,-7.63667,0.0471739,-9.52451,11.0116,11.0116,7.34109,3.67055,3.67055,3.67055
10.4803,14.8389,11.6767,6.81569,3.06015,4.39045,4.74419,-16.8751,-14.8342,-5.1254,-6.65715,0.38913,-8.56983,10.9297,10.9297,7.28646,3.64323,3.64323,3.64323
10.4853,14.7577,11.6254,6.78724,3.07068,4.35028,4.71464,-17.4718,-14.7611,-3.38684,-5.66966,0.987458,-9.9173,10.8487,10.8487,7.23244,3.61622,3.61622,3.61622
10.4903,14.6815,11.5724,6.74322,3.0677,4.31029,4.6948,-15.9599,-14.9788,-4.7494,-5.67555,-0.790351,-9.46779,10.767,10.767,7.17798,3.58899,3.58899,3.58899
10.4953,14.576,11.5235,6.71724,3.05403,4.28163,4.67949,-16.441,-13.549,-3.68503,-6.03726,1.15806,-8.61234,10.6846,10.6846,7.12308,3.56154,3.56154,3.56154
10.5002,14.4717,11.455,6.68158,3.03702,4.24998,4.65877,-16.0168,-14.4881,-3.85443,-5.0331,-0.445983,-9.69474,10.6033,10.6033,7.06885,3.53442,3.53442,3.53442
10.5055,14.3487,11.3909,6.64518,3.00442,4.2263,4.64512,-15.9557,-12.851,-2.7503,-3.95198,1.15678,-8.7875,10.5146,10.5146,7.00972,3.50486,3.50486,3.50486
10.5104,14.2323,11.3111,6.58607,2.96172,4.19804,4.62861,-15.5776,-13.2017,-2.30645,-3.51871,-0.612427,-8.19691,10.4319,10.4319,6.95461,3.47731,3.47731,3.47731
10.5153,14.1114,11.226,6.51024,2.91387,4.18201,4.60392,-15.7307,-12.3738,-3.48613,-5.39535,0.632489,-7.22523,10.3487,10.3487,6.8991,3.44955,3.44955,3.44955
10.5204,13.9874,11.1298,6.43397,2.86435,4.16217,4.56606,-16.8136,-12.6923,-2.71523,-6.1694,1.4482,-8.96804,10.2613,10.2613,6.84089,3.42044,3.42044,3.42044
10.5253,13.8894,11.036,6.35612,2.81865,4.13286,4.53253,-15.1255,-12.5684,-3.55132,-5.18075,0.0273669,-7.98767,10.1768,10.1768,6.78455,3.39227,3.39227,3.39227
10.5303,13.7752,10.9405,6.286,2.77196,4.10778,4.49565,-16.0315,-13.1316,-2.39616,-4.39832,3.03712,-9.32492,10.09,10.09,6.72664,3.36332,3.36332,3.36332
10.5352,13.6752,10.8477,6.20984,2.72521,4.06752,4.46536,-16.4225,-14.2791,-3.35893,-6.54738,1.13646,-10.2071,10.0042,10.0042,6.66949,3.33474,3.33474,3.33474
10.5402,13.5914,10.7657,6.14388,2.68147,4.02643,4.45079,-15.5622,-13.2415,-3.25631,-7.61926,2.0435,-8.86954,9.91614,9.91614,6.61076,3.30538,3.30538,3.30538
10.5453,13.4997,10.6825,6.08183,2.64922,3.98159,4.4362,-15.7829,-12.8319,-3.81045,-5.22102,0.831659,-9.51006,9.82566,9.82566,6.55044,3.27522,3.27522,3.27522
10.5503,13.4137,10.6039,6.04193,2.61356,3.93967,4.43047,-15.1302,-13.0696,-3.22841,-5.26577,1.82191,-7.05425,9.73634,9.73634,6.4909,3.24545,3.24545,3.24545
10.5553,13.3178,10.5287,6.00339,2.57785,3.89587,4.40483,-16.0804,-13.7558,-2.25304,-6.62684,1.99264,-9.52484,9.64643,9.64643,6.43095,3.21548,3.21548,3.21548
10.5604,13.2452,10.4664,5.94682,2.55305,3.84949,4.3891,-15.3814,-13.1159,-2.12043,-6.7037,2.05654,-8.13614,9.5541,9.5541,6.3694,3.1847,3.1847,3.1847
10.5653,13.1697,10.4084,5.8806,2.54059,3.80376,4.36753,-15.4733,-13.4875,-2.81957,-4.94342,1.49014,-8.66942,9.46481,9.46481,6.30987,3.15494,3.15494,3.15494
10.5703,13.0914,10.3573,5.81583,2.51721,3.75759,4.34545,-14.9955,-12.7221,-1.4313,-4.23389,2.03407,-7.71149,9.37312,9.37312,6.24875,3.12437,3.12437,3.12437
10.5753,12.9985,10.2969,5.73585,2.48057,3.71089,4.31533,-14.5368,-12.6023,-2.9143,-5.34578,0.847661,-7.8215,9.28086,9.28086,6.18724,3.09362,3.09362,3.09362
10.5803,12.8906,10.2358,5.66587,2.44244,3.66675,4.28127,-15.1098,-13.0689,-2.50965,-5.99379,2.26137,-8.89179,9.18802,9.18802,6.12535,3.06267,3.06267,3.06267
10.5852,12.7875,10.1775,5.59825,2.40675,3.62211,4.25311,-14.5022,-12.6267,-1.84462,-3.57036,0.826317,-8.81988,9.09649,9.09649,6.06433,3.03216,3.03216,3.03216
10.5902,12.675,10.1208,5.525,2.36161,3.57954,4.22915,-15.4602,-12.1506,-1.57507,-4.52436,2.18244,-8.8548,9.00253,9.00253,6.00169,3.00084,3.00084,3.00084
10.5952,12.5785,10.0563,5.44702,2.31522,3.53584,4.2105,-14.4871,-12.2649,-1.7545,-4.94826,1.70058,-8.73222,8.90802,8.90802,5.93868,2.96934,2.96934,2.96934
10.6002,12.4752,9.9878,5.3674,2.26941,3.49285,4.19512,-15.117,-11.4449,-1.31493,-5.67006,1.59978,-7.67382,8.81297,8.81297,5.87531,2.93766,2.93766,2.93766
10.6052,12.3803,9.90833,5.28336,2.22606,3.45103,4.17111,-13.7566,-12.5864,-1.95135,-4.85159,2.51761,-7.73303,8.71736,8.71736,5.81158,2.90579,2.90579,2.90579
10.6102,12.2646,9.84008,5.20477,2.18202,3.40739,4.14337,-14.0781,-12.4233,-1.09723,-4.36414,1.6637,-7.07998,8.62122,8.62122,5.74748,2.87374,2.87374,2.87374
10.6152,12.1476,9.78878,5.12493,2.13597,3.36568,4.1083,-15.0531,-12.5394,-2.68179,-5.19304,0.735443,-8.12416,8.52455,8.52455,5.68303,2.84152,2.84152,2.84152
10.6202,12.048,9.74813,5.0638,2.09071,3.33269,4.07564,-13.6754,-11.0238,-1.3212,-4.73836,2.26652,-7.50388,8.42735,8.42735,5.61824,2.80912,2.80912,2.80912
10.6252,11.9376,9.68736,4.99857,2.0454,3.29766,4.04047,-14.6415,-11.6589,-2.01263,-6.33694,2.00102,-7.31398,8.32963,8.32963,5.55309,2.77654,2.77654,2.77654
10.6302,11.8371,9.62746,4.94281,2.0055,3.26256,4.00347,-14.1808,-11.4977,-1.26371,-6.47808,2.95284,-6.66024,8.2314,8.2314,5.4876,2.7438,2.7438,2.7438
10.6354,11.7323,9.56163,4.87994,1.97138,3.22128,3.96088,-15.0986,-11.9229,-0.722906,-7.84317,1.26483,-9.61509,8.1287,8.1287,5.41914,2.70957,2.70957,2.70957
10.6402,11.6648,9.49232,4.80662,1.96257,3.18995,3.93794,-15.0033,-11.8276,-0.659385,-7.81141,1.29659,-9.58333,8.03342,8.03342,5.35562,2.67781,2.67781,2.67781
10.6454,11.6014,9.45148,4.73059,1.97253,3.16069,3.93499,-14.604,-10.9753,-0.705178,-6.64247,3.53365,-8.91947,7.92969,7.92969,5.28646,2.64323,2.64323,2.64323
10.6505,11.5299,9.37811,4.64829,1.97634,3.12206,3.94114,-14.5018,-10.8731,-0.637007,-6.60838,3.56774,-8.88538,7.82743,7.82743,5.21829,2.60914,2.60914,2.60914
10.6555,11.4431,9.30361,4.56777,1.97076,3.07912,3.95308,-14.0898,-9.85823,-0.417279,-5.60604,2.45868,-5.7468,7.72669,7.72669,5.15113,2.57556,2.57556,2.57556
10.6603,11.3403,9.22044,4.48843,1.94543,3.03861,3.93228,-14.0517,-10.49,-0.651377,-6.00422,2.93818,-7.3373,7.62954,7.62954,5.08636,2.54318,2.54318,2.54318
10.6652,11.2259,9.13731,4.41021,1.90939,2.99619,3.90386,-12.8804,-9.38959,-1.02386,-4.00865,2.50771,-7.00601,7.52991,7.52991,5.01994,2.50997,2.50997,2.50997
10.6702,11.0927,9.04314,4.33332,1.86143,2.95427,3.86878,-12.6562,-8.55463,-0.232638,-3.05553,1.00167,-7.02165,7.42779,7.42779,4.95186,2.47593,2.47593,2.47593
10.6752,10.954,8.94507,4.25499,1.81019,2.92306,3.83075,-13.5071,-9.96107,-0.858131,-3.9901,2.21162,-5.92762,7.32521,7.32521,4.88347,2.44174,2.44174,2.44174
10.6803,10.8177,8.84644,4.18294,1.75735,2.89412,3.78577,-12.6731,-9.59199,-0.733727,-4.24486,1.78298,-7.8301,7.22011,7.22011,4.81341,2.4067,2.4067,2.4067
10.6853,10.6832,8.75028,4.11852,1.70545,2.87327,3.74496,-12.5735,-9.24816,-0.721166,-3.66389,0.765912,-7.19945,7.11662,7.11662,4.74442,2.37221,2.37221,2.37221
10.6903,10.5495,8.65455,4.06171,1.65325,2.87164,3.70494,-12.3435,-9.5737,0.00228702,-4.95405,3.34251,-6.61833,7.0127,7.0127,4.67513,2.33757,2.33757,2.33757
10.6953,10.4162,8.56285,4.00132,1.60154,2.85336,3.66348,-12.4953,-8.47646,0.498219,-5.29186,3.32762,-7.32046,6.90834,6.90834,4.60556,2.30278,2.30278,2.30278
10.7002,10.2893,8.46908,3.93012,1.55176,2.82633,3.625,-12.2113,-9.00024,-0.0519656,-3.65959,2.04533,-7.34419,6.80566,6.80566,4.53711,2.26855,2.26855,2.26855
10.7052,10.1612,8.37499,3.85931,1.50073,2.80156,3.5885,-12.0234,-9.56878,-0.458356,-3.75701,4.21663,-7.82249,6.70046,6.70046,4.46698,2.23349,2.23349,2.23349
10.7104,10.0255,8.28139,3.79388,1.44746,2.76184,3.55699,-11.6417,-9.33286,-0.429018,-4.68915,3.40869,-6.29547,6.59062,6.59062,4.39375,2.19687,2.19687,2.19687
10.7152,9.89804,8.19681,3.73872,1.39896,2.72257,3.52201,-12.6786,-9.77874,0.606506,-4.42339,1.95221,-6.61759,6.48884,6.48884,4.32589,2.16295,2.16295,2.16295
10.7202,9.77635,8.11704,3.67265,1.34888,2.68791,3.48409,-11.7605,-9.49109,-0.43443,-4.32996,3.76788,-7.69164,6.38243,6.38243,4.25495,2.12748,2.12748,2.12748
10.7253,9.65092,8.04111,3.61549,1.29794,2.6476,3.45105,-13.3576,-8.13316,0.712463,-6.09868,3.97808,-5.3866,6.27348,6.27348,4.18232,2.09116,2.09116,2.09116
10.7305,9.55389,7.95382,3.5455,1.24905,2.60261,3.40768,-12.6275,-9.56614,0.953996,-4.94371,3.42737,-7.03027,6.16198,6.16198,4.10798,2.05399,2.05399,2.05399
10.7354,9.47201,7.87916,3.47074,1.20423,2.55991,3.36891,-12.6324,-8.90909,1.77042,-3.95636,4.38988,-5.14868,6.05653,6.05653,4.03769,2.01884,2.01884,2.01884
10.7403,9.4019,7.8125,3.38787,1.15868,2.51469,3.32504,-11.5416,-8.07045,-0.650324,-4.40962,2.7029,-5.9497,5.95073,5.95073,3.96715,1.98358,1.98358,1.98358
10.7453,9.3069,7.72894,3.31751,1.1123,2.47162,3.27963,-11.5712,-7.50509,-0.325217,-5.06903,1.61293,-7.80143,5.84241,5.84241,3.89494,1.94747,1.94747,1.94747
10.7504,9.19718,7.63797,3.26244,1.06677,2.43833,3.23936,-11.9095,-8.49742,0.214761,-5.42951,4.04281,-5.95115,5.73154,5.73154,3.82103,1.91051,1.91051,1.91051
10.7552,9.09548,7.55787,3.21775,1.02682,2.40193,3.19966,-12.2461,-9.09407,1.06621,-4.99718,2.16502,-8.11874,5.62687,5.62687,3.75124,1.87562,1.87562,1.87562
10.7602,8.99692,7.48718,3.16097,0.984592,2.37217,3.16971,-10.9862,-8.51189,1.37948,-5.4658,4.49504,-6.26896,5.51749,5.51749,3.67832,1.83916,1.83916,1.83916
10.7654,8.87485,7.41102,3.08774,0.942782,2.33227,3.13588,-11.5419,-8.45687,1.50153,-4.42588,3.79616,-5.75896,5.40337,5.40337,3.60225,1.80112,1.80112,1.80112
10.7705,8.75653,7.34642,3.01209,0.900413,2.29163,3.09859,-10.6889,-7.17442,2.05081,-4.6203,3.48582,-5.30754,5.2911,5.2911,3.5274,1.7637,1.7637,1.7637
10.7752,8.63676,7.27371,2.93447,0.861172,2.25554,3.05941,-10.4591,-7.33069,0.550397,-3.88191,2.97393,-4.69335,5.18733,5.18733,3.45822,1.72911,1.72911,1.72911
10.7803,8.49895,7.1924,2.86195,0.816015,2.22112,3.01278,-11.1972,-7.0523,0.784515,-4.19203,3.25997,-7.07347,5.07442,5.07442,3.38295,1.69147,1.69147,1.69147
10.7853,8.36838,7.10057,2.79324,0.770613,2.1916,2.97148,-11.0862,-6.94128,0.858528,-4.15503,3.29697,-7.03647,4.9634,4.9634,3.30893,1.65447,1.65447,1.65447
10.7904,8.23824,7.01565,2.74351,0.723567,2.16216,2.9354,-10.6101,-7.55268,1.45046,-4.36557,2.70555,-5.75661,4.84984,4.84984,3.23323,1.61661,1.61661,1.61661
10.7952,8.1129,6.92925,2.68173,0.678394,2.14374,2.89899,-10.503,-7.44552,1.5219,-4.32985,2.74127,-5.72089,4.74268,4.74268,3.16179,1.58089,1.58089,1.58089
10.8003,7.97835,6.84326,2.61603,0.629527,2.13007,2.85878,-10.3415,-6.23211,1.40363,-4.03512,3.58248,-5.92296,4.62853,4.62853,3.08569,1.54284,1.54284,1.54284
10.8053,7.84509,6.75366,2.55249,0.580692,2.11167,2.81947,-12.1914,-7.79835,2.19948,-7.4836,2.29508,-4.03084,4.51633,4.51633,3.01089,1.50544,1.50544,1.50544
10.8103,7.73617,6.66996,2.47788,0.540194,2.10447,2.77368,-10.8379,-4.62843,2.49601,-4.22519,4.77517,-6.30347,4.40385,4.40385,2.9359,1.46795,1.46795,1.46795
10.8153,7.62418,6.57435,2.39627,0.495862,2.07945,2.7305,-10.5596,-7.47856,1.67666,-4.68441,3.95991,-5.45445,4.2911,4.2911,2.86073,1.43037,1.43037,1.43037
10.8202,7.50855,6.48643,2.32083,0.451083,2.05119,2.68807,-10.0982,-6.07942,3.14871,-4.32457,3.71531,-5.69905,4.18034,4.18034,2.78689,1.39345,1.39345,1.39345
10.8253,7.38087,6.39294,2.23268,0.403058,2.02137,2.64487,-10.4358,-4.55336,2.66143,-5.73505,5.93147,-4.81597,4.0648,4.0648,2.70987,1.35493,1.35493,1.35493
10.8303,7.25663,6.29584,2.14561,0.359412,1.97895,2.60026,-10.6453,-5.82672,3.67971,-5.56473,4.54515,-7.03857,3.95128,3.95128,2.63418,1.31709,1.31709,1.31709
10.8353,7.13337,6.199,2.05289,0.317078,1.93572,2.56316,-9.28259,-5.54353,2.21313,-5.55993,3.90411,-5.46885,3.83751,3.83751,2.55834,1.27917,1.27917,1.27917
10.8404,6.99345,6.10013,1.96301,0.273916,1.89406,2.52479,-9.45786,-5.0096,2.75046,-5.28933,5.60715,-5.27277,3.72122,3.72122,2.48081,1.24041,1.24041,1.24041
10.8453,6.85551,6.00484,1.87909,0.231394,1.84999,2.48694,-9.49563,-6.22937,2.74776,-4.80489,4.75851,-6.29529,3.60927,3.60927,2.40618,1.20309,1.20309,1.20309
10.8502,6.71688,5.91183,1.79681,0.187738,1.8064,2.45478,-8.99734,-5.13614,3.60838,-4.70954,6.18694,-4.9331,3.4971,3.4971,2.3314,1.1657,1.1657,1.1657
10.8552,6.57398,5.81711,1.7093,0.142921,1.75879,2.41821,-9.97405,-4.47775,2.31588,-4.64648,4.7596,-3.77708,3.38243,3.38243,2.25495,1.12748,1.12748,1.12748
10.8604,6.43149,5.71513,1.62385,0.0966348,1.70981,2.37301,-10.4574,-5.00049,3.81882,-6.61869,4.54275,-4.36653,3.26295,3.26295,2.1753,1.08765,1.08765,1.08765
10.8652,6.31245,5.6213,1.5401,0.0621398,1.66573,2.32941,-10.0199,-5.78045,3.05647,-5.02522,5.44898,-5.58826,3.15247,3.15247,2.10165,1.05082,1.05082,1.05082
10.8703,6.19085,5.52576,1.45583,0.0232464,1.61805,2.28542,-8.85427,-4.06323,2.46815,-5.15163,4.37037,-4.42299,3.03489,3.03489,2.02326,1.01163,1.01163,1.01163
10.8753,6.06134,5.42998,1.38522,-0.0147357,1.57343,2.24049,-10.1808,-6.00444,2.84609,-4.4673,4.45854,-4.1361,2.91942,2.91942,1.94628,0.973141,0.973141,0.973141
10.8803,5.94739,5.34115,1.32091,-0.053894,1.53086,2.19404,-9.1984,-5.18748,3.35164,-4.46187,4.53849,-4.61919,2.80378,2.80378,1.86918,0.934592,0.934592,0.934592
10.8853,5.8293,5.25347,1.25145,-0.093126,1.49009,2.1478,-10.4261,-3.55476,4.18752,-6.33595,5.03249,-4.16659,2.68796,2.68796,1.79197,0.895986,0.895986,0.895986
10.8903,5.72996,5.16084,1.17309,-0.119588,1.44865,2.10072,-7.87915,-5.00295,4.16661,-3.9292,3.57248,-4.9228,2.57197,2.57197,1.71465,0.857324,0.857324,0.857324
10.8953,5.60185,5.07111,1.09017,-0.154768,1.41511,2.05469,-7.57389,-4.41007,3.21785,-4.52805,5.97099,-4.50321,2.45583,2.45583,1.63722,0.81861,0.81861,0.81861
10.9004,5.45924,4.97921,1.01194,-0.192294,1.37378,2.0079,-7.06127,-3.97231,3.5331,-3.11403,4.60293,-5.84643,2.33721,2.33721,1.55814,0.779069,0.779069,0.779069
10.9053,5.31497,4.8873,0.936227,-0.23571,1.33627,1.9675,-7.19144,-2.51466,3.07414,-2.30595,6.09825,-4.40907,2.2231,2.2231,1.48206,0.741032,0.741032,0.741032
10.9104,5.16383,4.78652,0.865037,-0.285081,1.29285,1.92445,-7.37591,-3.87325,3.35823,-2.77968,4.77168,-3.60768,2.10419,2.10419,1.40279,0.701396,0.701396,0.701396
10.9153,5.01819,4.68801,0.792993,-0.33378,1.25386,1.87995,-7.26153,-3.75887,3.43448,-2.74155,4.80981,-3.56955,1.98981,1.98981,1.32654,0.663271,0.663271,0.663271
10.9203,4.86995,4.58828,0.724675,-0.384018,1.21515,1.83286,-6.28579,-3.08257,3.93245,-1.70073,3.72267,-4.29237,1.87299,1.87299,1.24866,0.624328,0.624328,0.624328
10.9253,4.72028,4.48767,0.650935,-0.435224,1.18594,1.78635,-7.57542,-3.30446,2.45964,-4.01327,4.97053,-4.57631,1.75604,1.75604,1.17069,0.585347,0.585347,0.585347
10.9305,4.56905,4.38261,0.5913,-0.486853,1.15384,1.73929,-6.55536,-3.34426,4.18771,-4.41981,5.02767,-5.17329,1.6343,1.6343,1.08954,0.544768,0.544768,0.544768
10.9354,4.42692,4.28381,0.525068,-0.533109,1.12231,1.69805,-6.79121,-3.96229,2.05931,-4.16626,2.11826,-2.71726,1.51949,1.51949,1.01299,0.506497,0.506497,0.506497
10.9403,4.28705,4.18596,0.486133,-0.576582,1.11621,1.65241,-9.24125,-2.76783,6.78616,-9.94052,7.18252,-4.50056,1.40459,1.40459,0.936392,0.468196,0.468196,0.468196
10.9453,4.17368,4.08552,0.399412,-0.564333,1.08212,1.60714,-12.603,-3.85613,5.10878,-9.24728,7.56112,-4.98308,1.28725,1.28725,0.858169,0.429084,0.429084,0.429084
10.9502,4.20878,3.98904,0.312366,-0.524032,1.03829,1.56641,-8.16963,-2.89397,4.94932,-6.84913,6.30779,-3.19765,1.17219,1.17219,0.781459,0.39073,0.39073,0.39073
10.9553,4.18325,3.88895,0.22175,-0.483081,0.991199,1.52113,-8.10889,-2.23435,5.33435,-9.48362,6.23182,-2.47046,1.05235,1.05235,0.701569,0.350785,0.350785,0.350785
10.9603,4.10798,3.79107,0.13291,-0.43561,0.94446,1.4736,-7.38852,-1.841,5.9185,-9.22088,5.4844,-3.81404,0.934803,0.934803,0.623202,0.311601,0.311601,0.311601
10.9653,3.98745,3.69209,0.0413168,-0.386836,0.899991,1.42672,-7.52307,-2.64929,5.3072,-6.63144,4.93572,-4.68564,0.817195,0.817195,0.544796,0.272398,0.272398,0.272398
10.9703,3.85646,3.59636,-0.0462733,-0.341348,0.860268,1.38298,-6.06188,-1.55058,6.05862,-5.0687,5.18194,-3.54518,0.699536,0.699536,0.466357,0.233179,0.233179,0.233179
10.9753,3.71085,3.49966,-0.135646,-0.312006,0.825594,1.33885,-7.01191,-1.44469,5.94481,-3.58874,6.56254,-2.8187,0.581834,0.581834,0.387889,0.193945,0.193945,0.193945
10.9803,3.56337,3.40189,-0.225202,-0.326076,0.787413,1.29272,-6.6302,0.217524,5.04518,-4.49342,6.77566,-2.6387,0.464096,0.464096,0.309397,0.154699,0.154699,0.154699
10.9853,3.41316,3.30111,-0.308455,-0.362197,0.745753,1.24495,-6.67397,-2.71427,5.06935,-4.91784,6.30156,-2.83128,0.34633,0.34633,0.230887,0.115443,0.115443,0.115443
10.9904,3.25904,3.20039,-0.38632,-0.406603,0.703229,1.19557,-7.41669,-1.12845,6.53721,-5.20072,7.61672,-4.12432,0.226186,0.226186,0.150791,0.0753954,0.0753954,0.0753954
10.9954,3.10996,3.10087,-0.472293,-0.450811,0.656962,1.14911,-6.78274,0.325016,6.04099,-5.63341,7.64771,-3.52201,0.108384,0.108384,0.072256,0.036128,0.036128,0.036128
11.0003,2.96427,3.00115,-0.558611,-0.492882,0.609688,1.10444,-6.52939,-0.875491,7.03965,-6.36496,6.97412,-3.37588,-0.00706858,-0.00706858,-0.00471239,-0.00235619,-0.00235619,-0.00235619
11.0052,2.81922,2.90185,-0.648068,-0.52995,0.562249,1.06028,-6.79218,-0.858539,6.22001,-5.39084,7.04572,-2.69984,-0.122521,-0.122521,-0.0816805,-0.0408403,-0.0408403,-0.0408403
11.0102,2.67217,2.80038,-0.738184,-0.569373,0.513868,1.01396,-6.74924,-0.535858,6.09581,-6.27065,5.76019,-3.00833,-0.240322,-0.240322,-0.160214,-0.0801072,-0.0801072,-0.0801072
11.0152,2.52654,2.69932,-0.824211,-0.605951,0.46772,0.967278,-5.91437,-2.46687,5.96325,-5.47791,5.99817,-2.88627,-0.358108,-0.358108,-0.238738,-0.119369,-0.119369,-0.119369
11.0202,2.37861,2.60108,-0.905057,-0.646429,0.424603,0.920373,-6.75797,-1.29713,6.66458,-5.82782,5.55718,-3.2693,-0.475871,-0.475871,-0.317248,-0.158624,-0.158624,-0.158624
11.0252,2.23218,2.50538,-0.986568,-0.688998,0.387221,0.874352,-6.27381,-0.261374,5.90707,-7.03057,6.88811,-3.28801,-0.593606,-0.593606,-0.395737,-0.197869,-0.197869,-0.197869
11.0303,2.08189,2.40663,-1.06104,-0.729104,0.34798,0.828484,-5.46032,0.130537,5.91186,-6.08803,7.07717,-2.07223,-0.713657,-0.713657,-0.475772,-0.237886,-0.237886,-0.237886
11.0354,1.92853,2.3045,-1.13404,-0.769917,0.30802,0.780725,-5.34032,0.250543,5.99187,-6.04803,7.11717,-2.03223,-0.833663,-0.833663,-0.555775,-0.277888,-0.277888,-0.277888
11.0402,1.78389,2.20922,-1.18995,-0.806141,0.268394,0.734761,-5.66476,-1.38198,6.29285,-6.90464,7.50256,-2.45,-0.946561,-0.946561,-0.631041,-0.31552,-0.31552,-0.31552
11.0453,1.62947,2.10832,-1.25643,-0.839424,0.224811,0.685792,-5.54486,-1.26208,6.37278,-6.86467,7.54253,-2.41003,-1.06646,-1.06646,-0.71097,-0.355485,-0.355485,-0.355485
11.0502,1.48125,2.01499,-1.31803,-0.865397,0.181055,0.638559,-5.57552,0.933364,6.42654,-7.1575,7.47326,-2.38822,-1.18158,-1.18158,-0.787723,-0.393861,-0.393861,-0.393861
11.0552,1.33128,1.92012,-1.37052,-0.883769,0.135186,0.590297,-5.17443,-1.03349,6.76397,-5.62796,7.8022,-3.293,-1.29899,-1.29899,-0.865993,-0.432997,-0.432997,-0.432997
11.0603,1.17698,1.82269,-1.43823,-0.911885,0.0876774,0.542916,-5.05476,-0.913818,6.84375,-5.58807,7.84209,-3.25311,-1.41866,-1.41866,-0.945775,-0.472887,-0.472887,-0.472887
11.0653,1.02601,1.73572,-1.50188,-0.941745,0.040011,0.499142,-4.95722,0.641518,7.0912,-6.89863,6.80477,-2.49367,-1.5359,-1.5359,-1.02393,-0.511966,-0.511966,-0.511966
11.0703,0.874132,1.63934,-1.57709,-0.967916,-0.0057558,0.45545,-4.84008,0.75866,7.1693,-6.85959,6.84381,-2.45463,-1.65304,-1.65304,-1.10203,-0.551013,-0.551013,-0.551013
11.0752,0.725584,1.54408,-1.65159,-0.990989,-0.049035,0.412578,-5.80494,0.207501,8.25105,-6.31627,7.08077,-2.92975,-1.76774,-1.76774,-1.17849,-0.589247,-0.589247,-0.589247
11.0804,0.570279,1.4432,-1.74155,-1.01643,-0.093929,0.368712,-4.10733,0.490649,8.21718,-8.3623,8.88494,-1.16698,-1.88935,-1.88935,-1.25957,-0.629783,-0.629783,-0.629783
11.0853,0.421986,1.34846,-1.82975,-1.02093,-0.139785,0.323253,-6.16773,1.69257,7.59334,-7.66174,6.91934,-0.913538,-2.00383,-2.00383,-1.33588,-0.667942,-0.667942,-0.667942
11.0903,0.276649,1.25206,-1.91389,-1.01431,-0.184676,0.274802,-4.51838,0.973976,8.12049,-5.37896,6.21304,-2.99432,-2.12052,-2.12052,-1.41368,-0.706839,-0.706839,-0.706839
11.0953,0.127998,1.1533,-2.00198,-1.03235,-0.222211,0.228263,-4.40182,1.09054,8.19819,-5.34011,6.25189,-2.95547,-2.23708,-2.23708,-1.49138,-0.745692,-0.745692,-0.745692
11.1003,-0.0216422,1.05501,-2.08963,-1.06559,-0.250811,0.184489,-3.62348,1.58126,8.22356,-6.1293,8.28618,-2.79246,-2.3535,-2.3535,-1.569,-0.784499,-0.784499,-0.784499
11.1052,-0.169149,0.961116,-2.17124,-1.10007,-0.286956,0.144583,-4.05719,0.725971,8.38522,-7.9212,8.24136,-1.99272,-2.46745,-2.46745,-1.64497,-0.822484,-0.822484,-0.822484
11.1102,-0.321088,0.86466,-2.25741,-1.12828,-0.326333,0.103344,-3.94106,0.842099,8.46264,-7.88249,8.28007,-1.95401,-2.58358,-2.58358,-1.72239,-0.861193,-0.861193,-0.861193
11.1155,-0.482394,0.765968,-2.3465,-1.15003,-0.37082,0.0593266,-5.24442,1.33932,7.79427,-7.66763,8.83441,-1.28375,-2.7065,-2.7065,-1.80433,-0.902167,-0.902167,-0.902167
11.1203,-0.625466,0.677313,-2.41916,-1.16213,-0.414038,0.0166361,-3.88034,2.79008,8.59988,-8.2433,8.08486,-1.60274,-2.81766,-2.81766,-1.87844,-0.939221,-0.939221,-0.939221
11.1253,-0.774821,0.580662,-2.49606,-1.1589,-0.459249,-0.028489,-4.23751,2.66931,8.58291,-6.60672,8.44632,-0.512638,-2.93329,-2.93329,-1.95552,-0.977762,-0.977762,-0.977762
11.1302,-0.920274,0.484417,-2.57011,-1.16443,-0.504225,-0.0753557,-3.53732,2.23872,8.46606,-5.21109,7.09299,-0.524605,-3.04642,-3.04642,-2.03095,-1.01547,-1.01547,-1.01547
11.1353,-1.07393,0.382469,-2.64927,-1.19331,-0.546251,-0.125468,-3.41975,2.35629,8.54443,-5.1719,7.13218,-0.485418,-3.16399,-3.16399,-2.10932,-1.05466,-1.05466,-1.05466
11.1402,-1.22133,0.285751,-2.71891,-1.23042,-0.581726,-0.174379,-3.29911,2.81577,7.9947,-7.11323,6.41629,-0.787311,-3.27675,-3.27675,-2.1845,-1.09225,-1.09225,-1.09225
11.1452,-1.37321,0.184939,-2.78712,-1.26574,-0.603233,-0.224545,-3.18425,2.93063,8.07127,-7.07494,6.45458,-0.749023,-3.39161,-3.39161,-2.26107,-1.13054,-1.13054,-1.13054
11.1503,-1.52722,0.0829457,-2.84075,-1.2969,-0.613635,-0.275891,-3.15793,2.40929,9.15244,-8.48496,7.15596,-1.5546,-3.50855,-3.50855,-2.33904,-1.16952,-1.16952,-1.16952
11.1554,-1.68221,-0.0201655,-2.91424,-1.31117,-0.618049,-0.326817,-3.04121,2.52601,9.23025,-8.44606,7.19486,-1.5157,-3.62527,-3.62527,-2.41685,-1.20842,-1.20842,-1.20842
11.1605,-1.83701,-0.123357,-2.99454,-1.3066,-0.620311,-0.377197,-6.16734,2.30366,10.6957,-10.1211,9.95781,-1.80807,-3.74176,-3.74176,-2.49451,-1.24725,-1.24725,-1.24725
11.1652,-1.96528,-0.216685,-3.07769,-1.27441,-0.649422,-0.422661,-3.75136,4.29412,10.2488,-8.91803,9.65405,-2.02075,-3.8489,-3.8489,-2.56593,-1.28297,-1.28297,-1.28297
11.1706,-2.11886,-0.325975,-3.17677,-1.23837,-0.691772,-0.472944,-3.62853,4.41695,10.3307,-8.87709,9.69499,-1.97981,-3.97173,-3.97173,-2.64782,-1.32391,-1.32391,-1.32391
11.1756,-2.26279,-0.427649,-3.2688,-1.20574,-0.73637,-0.516844,-3.08165,2.97807,9.9277,-9.29466,9.91498,-2.0165,-4.08521,-4.08521,-2.72347,-1.36174,-1.36174,-1.36174
11.1803,-2.39875,-0.521164,-3.35048,-1.17035,-0.781173,-0.554913,-3.66077,5.68097,9.5744,-7.29678,9.36258,-1.22754,-4.19165,-4.19165,-2.79444,-1.39722,-1.39722,-1.39722
11.1852,-2.54217,-0.621252,-3.43406,-1.14576,-0.828185,-0.594646,-3.55004,5.7917,9.64822,-7.25987,9.39949,-1.19063,-4.30238,-4.30238,-2.86826,-1.43413,-1.43413,-1.43413
11.1902,-2.68765,-0.724295,-3.51641,-1.1309,-0.876707,-0.635155,-2.85025,3.27645,10.3065,-7.54522,9.09758,-1.29382,-4.41511,-4.41511,-2.94341,-1.4717,-1.4717,-1.4717
11.1954,-2.84027,-0.830979,-3.60338,-1.12057,-0.92705,-0.676636,-2.71361,4.37839,9.4941,-6.86868,8.0022,-1.12236,-4.53205,-4.53205,-3.02137,-1.51068,-1.51068,-1.51068
11.2004,-2.98719,-0.933484,-3.67909,-1.12266,-0.973109,-0.716628,-2.96392,5.0658,9.97433,-7.12109,7.38547,-0.795168,-4.64422,-4.64422,-3.09614,-1.54807,-1.54807,-1.54807
11.2054,-3.13077,-1.036,-3.74963,-1.13092,-1.01423,-0.757915,-3.94343,2.88853,10.4356,-9.37734,8.62336,-0.426675,-4.75609,-4.75609,-3.17073,-1.58536,-1.58536,-1.58536
11.2102,-3.26351,-1.13401,-3.82509,-1.12011,-1.05178,-0.799677,-3.8363,2.99566,10.507,-9.34163,8.65907,-0.390967,-4.86322,-4.86322,-3.24215,-1.62107,-1.62107,-1.62107
11.2152,-3.38913,-1.23501,-3.90453,-1.09112,-1.0899,-0.844496,-2.27115,4.08801,10.4203,-9.38733,7.50385,-0.155149,-4.97451,-4.97451,-3.31634,-1.65817,-1.65817,-1.65817
11.2203,-3.52451,-1.33761,-3.98415,-1.05428,-1.11816,-0.891696,-1.8782,5.8245,10.0568,-8.77829,8.34475,0.0481863,-5.08772,-5.08772,-3.39181,-1.69591,-1.69591,-1.69591
11.2254,-3.6683,-1.44124,-4.05513,-1.02045,-1.1428,-0.94025,-1.59984,4.43624,10.0234,-7.63115,8.16709,0.756492,-5.2006,-5.2006,-3.46706,-1.73353,-1.73353,-1.73353
11.2304,-3.80992,-1.54128,-4.10877,-0.996453,-1.16565,-0.989452,-1.49738,4.05802,10.4836,-7.08101,11.0356,2.34163,-5.31094,-5.31094,-3.54063,-1.77031,-1.77031,-1.77031
11.2352,-3.95175,-1.63695,-4.16535,-0.995432,-1.20421,-1.03823,-1.39176,4.16364,10.554,-7.0458,11.0708,2.37684,-5.41656,-5.41656,-3.61104,-1.80552,-1.80552,-1.80552
11.2403,-4.10382,-1.73701,-4.22368,-1.01169,-1.25177,-1.09065,-2.9268,5.57178,9.99325,-6.75183,8.85597,2.59629,-5.52844,-5.52844,-3.68563,-1.84281,-1.84281,-1.84281
11.2452,-4.24482,-1.83446,-4.26917,-1.04066,-1.29624,-1.14141,-1.66128,3.59862,10.7523,-8.92687,11.6241,3.17021,-5.6356,-5.6356,-3.75707,-1.87853,-1.87853,-1.87853
11.2502,-4.38902,-1.93051,-4.32043,-1.05756,-1.34538,-1.19352,-1.7217,4.0307,11.9452,-8.74973,8.97771,3.30591,-5.7446,-5.7446,-3.82974,-1.91487,-1.91487,-1.91487
11.2552,-4.53138,-2.02033,-4.38982,-1.06606,-1.39364,-1.24588,-1.90067,6.10935,11.0207,-9.28492,8.66616,3.21792,-5.85325,-5.85325,-3.90217,-1.95108,-1.95108,-1.95108
11.2602,-4.67479,-2.11852,-4.46565,-1.06077,-1.4396,-1.29833,-1.79238,6.21764,11.0929,-9.24882,8.70226,3.25402,-5.96154,-5.96154,-3.97436,-1.98718,-1.98718,-1.98718
11.2652,-4.811,-2.21841,-4.54151,-1.03637,-1.48351,-1.3507,-1.63324,4.87564,12.0803,-9.53575,8.80447,3.28999,-6.06946,-6.06946,-4.04631,-2.02315,-2.02315,-2.02315
11.2703,-4.95231,-2.32081,-4.63056,-1.00262,-1.52496,-1.40384,-1.52354,4.98534,12.1534,-9.49918,8.84104,3.32656,-6.17916,-6.17916,-4.11944,-2.05972,-2.05972,-2.05972
11.2753,-5.0882,-2.42087,-4.72206,-0.964207,-1.56303,-1.45553,-0.947525,5.55347,11.7901,-9.79466,9.63852,3.71832,-6.28631,-6.28631,-4.19088,-2.09544,-2.09544,-2.09544
11.2803,-5.22643,-2.52112,-4.81314,-0.921794,-1.60236,-1.50676,-0.891975,7.47264,11.5206,-10.2476,10.6677,3.35647,-6.39308,-6.39308,-4.26206,-2.13103,-2.13103,-2.13103
11.2852,-5.36792,-2.62118,-4.90021,-0.878914,-1.64488,-1.55597,-0.787724,7.5769,11.5901,-10.2128,10.7025,3.39122,-6.49734,-6.49734,-4.33156,-2.16578,-2.16578,-2.16578
11.2903,-5.51444,-2.72566,-4.98428,-0.832787,-1.69202,-1.60475,-0.955425,5.79773,11.4699,-6.52531,10.9207,3.60941,-6.60543,-6.60543,-4.40362,-2.20181,-2.20181,-2.20181
11.2953,-5.66053,-2.82793,-5.0624,-0.809711,-1.73973,-1.64765,-0.849858,5.9033,11.5403,-6.49012,10.9558,3.6446,-6.711,-6.711,-4.474,-2.237,-2.237,-2.237
11.3002,-5.79985,-2.92741,-5.13111,-0.811588,-1.78775,-1.68128,-1.78696,7.14108,12.1378,-10.9435,10.808,5.87315,-6.81406,-6.81406,-4.5427,-2.27135,-2.27135,-2.27135
11.3054,-5.94378,-3.03382,-5.21028,-0.785758,-1.83909,-1.72212,-1.67804,7.25,12.2104,-10.9072,10.8443,5.90946,-6.92298,-6.92298,-4.61532,-2.30766,-2.30766,-2.30766
11.3102,-6.06745,-3.13247,-5.28562,-0.746284,-1.88691,-1.76292,-1.43607,7.35013,12.39,-10.2943,10.4803,5.84348,-7.02311,-7.02311,-4.68207,-2.34104,-2.34104,-2.34104
11.3152,-6.18079,-3.23506,-5.36246,-0.702315,-1.93688,-1.80679,-0.339307,7.37127,11.9096,-9.93674,9.34742,5.88638,-7.12699,-7.12699,-4.75133,-2.37566,-2.37566,-2.37566
11.3204,-6.31935,-3.34213,-5.43992,-0.658347,-1.98763,-1.85347,-0.231737,7.47884,11.9813,-9.90088,9.38328,5.92224,-7.23456,-7.23456,-4.82304,-2.41152,-2.41152,-2.41152
11.3253,-6.44948,-3.4431,-5.50792,-0.616619,-2.0342,-1.8982,-0.0874749,7.30003,11.6703,-7.64814,10.5761,5.6578,-7.33549,-7.33549,-4.89032,-2.44516,-2.44516,-2.44516
11.3303,-6.5902,-3.54624,-5.56912,-0.590938,-2.08172,-1.94349,0.0150592,7.40256,11.7386,-7.61396,10.6103,5.69198,-7.43802,-7.43802,-4.95868,-2.47934,-2.47934,-2.47934
11.3353,-6.72826,-3.64917,-5.61626,-0.581455,-2.12955,-1.98834,0.589934,7.82377,12.7221,-10.6601,9.1208,5.94128,-7.54009,-7.54009,-5.02673,-2.51336,-2.51336,-2.51336
11.3403,-6.87402,-3.75227,-5.67535,-0.557823,-2.17361,-2.03325,0.691545,7.92538,12.7898,-10.6263,9.15467,5.97515,-7.6417,-7.6417,-5.09447,-2.54723,-2.54723,-2.54723
11.3452,-7.01907,-3.85334,-5.73847,-0.524838,-2.21142,-2.07718,0.897045,9.17105,12.1328,-9.66582,9.17944,5.0146,-7.74083,-7.74083,-5.16055,-2.58028,-2.58028,-2.58028
11.3502,-7.16569,-3.95677,-5.79302,-0.490013,-2.24501,-2.11817,0.505216,6.65162,12.6764,-8.09217,11.1422,5.80163,-7.8415,-7.8415,-5.22766,-2.61383,-2.61383,-2.61383
11.3554,-7.32041,-4.0638,-5.85375,-0.473026,-2.28564,-2.16038,0.6094,6.7558,12.7459,-8.05744,11.177,5.83636,-7.94568,-7.94568,-5.29712,-2.64856,-2.64856,-2.64856
11.3604,-7.46718,-4.16586,-5.91146,-0.46999,-2.32898,-2.20075,-1.2097,7.87594,13.7131,-9.05101,11.1605,7.85679,-8.04536,-8.04536,-5.36357,-2.68179,-2.68179,-2.68179
11.3654,-7.60646,-4.26797,-5.98553,-0.471958,-2.37402,-2.24741,-1.11052,7.97512,13.7792,-9.01795,11.1936,7.88985,-8.14454,-8.14454,-5.42969,-2.71485,-2.71485,-2.71485
11.3704,-7.72732,-4.37008,-6.06755,-0.47518,-2.42067,-2.29649,1.1394,10.2644,12.9923,-9.71366,9.23926,6.6973,-8.24322,-8.24322,-5.49548,-2.74774,-2.74774,-2.74774
11.3754,-7.85484,-4.4731,-6.14478,-0.471029,-2.46365,-2.3457,1.25727,8.20743,12.9261,-8.32304,8.62614,5.60394,-8.34139,-8.34139,-5.56093,-2.78046,-2.78046,-2.78046
11.3807,-8.00318,-4.58216,-6.22067,-0.485422,-2.49709,-2.39648,1.36077,8.31093,12.9951,-8.28854,8.66064,5.63844,-8.44489,-8.44489,-5.62992,-2.81496,-2.81496,-2.81496
11.3856,-8.14321,-4.6828,-6.28499,-0.510291,-2.51227,-2.44164,0.297574,9.49747,13.115,-6.6836,9.19744,6.28288,-8.54005,-8.54005,-5.69337,-2.84668,-2.84668,-2.84668
11.3902,-8.2621,-4.77757,-6.34274,-0.54603,-2.52026,-2.48335,-0.468526,8.97959,14.0938,-10.1813,10.2786,7.05771,-8.62893,-8.62893,-5.75262,-2.87631,-2.87631,-2.87631
11.3952,-8.37923,-4.88056,-6.41395,-0.574811,-2.53222,-2.52983,-0.372429,9.07569,14.1579,-10.1493,10.3107,7.08974,-8.72503,-8.72503,-5.81669,-2.90834,-2.90834,-2.90834
11.4002,-8.4575,-4.98341,-6.48951,-0.585404,-2.55053,-2.57723,2.85543,9.51403,12.071,-6.4576,10.6986,7.66808,-8.82059,-8.82059,-5.88039,-2.9402,-2.9402,-2.9402
11.4054,-8.59069,-5.09059,-6.5419,-0.620006,-2.57827,-2.62766,3.15518,9.44342,13.4389,-7.70807,10.4417,5.85457,-8.9194,-8.9194,-5.94626,-2.97313,-2.97313,-2.97313
11.4102,-8.73008,-5.18979,-6.5978,-0.65414,-2.60809,-2.6722,3.24585,9.53409,13.4994,-7.67784,10.4719,5.8848,-9.01007,-9.01007,-6.00671,-3.00336,-3.00336,-3.00336
11.4156,-8.88816,-5.30171,-6.66802,-0.686321,-2.64754,-2.71929,2.56319,7.13753,13.1113,-5.5492,9.893,5.2976,-9.11147,-9.11147,-6.07431,-3.03716,-3.03716,-3.03716
11.4203,-9.02783,-5.39844,-6.72565,-0.727898,-2.68022,-2.7528,2.65091,7.22525,13.1698,-5.51996,9.92224,5.32684,-9.19919,-9.19919,-6.13279,-3.0664,-3.0664,-3.0664
11.4253,-9.17715,-5.50062,-6.78563,-0.775933,-2.71413,-2.77839,2.74368,7.31802,13.2317,-5.48904,9.95316,5.35776,-9.29196,-9.29196,-6.19464,-3.09732,-3.09732,-3.09732
11.4304,-9.32882,-5.60363,-6.84467,-0.826839,-2.74851,-2.79286,1.69905,9.36235,13.5326,-5.38318,7.60814,6.86294,-9.38599,-9.38599,-6.25733,-3.12866,-3.12866,-3.12866
11.4353,-9.46464,-5.70335,-6.90677,-0.876622,-2.76013,-2.81379,3.11661,10.5081,14.0418,-7.02581,10.6106,6.04003,-9.47577,-9.47577,-6.31718,-3.15859,-3.15859,-3.15859
11.4403,-9.60152,-5.8063,-6.98192,-0.925878,-2.78267,-2.83478,2.31327,10.4494,12.8611,-4.55286,12.3549,7.13022,-9.56681,-9.56681,-6.37787,-3.18894,-3.18894,-3.18894
11.4454,-9.73135,-5.91196,-7.05118,-0.977687,-2.8243,-2.86558,4.83649,10.3486,12.1137,-5.28388,7.73228,4.98332,-9.65905,-9.65905,-6.43937,-3.21968,-3.21968,-3.21968
11.4503,-9.86983,-6.01392,-7.09815,-1.0275,-2.84692,-2.88348,-0.871205,8.29323,13.8611,-9.43597,12.0341,6.42855,-9.74709,-9.74709,-6.49806,-3.24903,-3.24903,-3.24903
11.4553,-9.92503,-6.11778,-7.16392,-1.06757,-2.88695,-2.90637,-2.89376,8.8474,16.1047,-12.4946,12.2377,8.33786,-9.83634,-9.83634,-6.55756,-3.27878,-3.27878,-3.27878
11.4603,-9.82062,-6.22137,-7.25286,-1.0445,-2.93356,-2.94421,-1.14252,10.5554,14.8722,-12.6804,11.5386,8.32601,-9.92498,-9.92498,-6.61665,-3.30833,-3.30833,-3.30833
11.4654,-9.69263,-6.32722,-7.34515,-0.995771,-2.98248,-2.98927,2.56816,10.7082,14.7753,-10.4231,10.2024,8.62917,-10.0148,-10.0148,-6.67651,-3.33825,-3.33825,-3.33825
11.4703,-9.64734,-6.42896,-7.43229,-0.947744,-3.02825,-3.03586,2.42923,9.78915,15.288,-8.0927,10.6615,6.95204,-10.1004,-10.1004,-6.73361,-3.3668,-3.3668,-3.3668
11.4754,-9.68572,-6.53447,-7.52342,-0.903018,-3.07519,-3.08304,3.01419,9.81463,15.418,-9.52049,11.0222,6.56755,-10.1889,-10.1889,-6.79262,-3.39631,-3.39631,-3.39631
11.4803,-9.78753,-6.63535,-7.61077,-0.862145,-3.12055,-3.12556,2.66128,11.8178,15.9906,-9.46755,10.6032,6.69505,-10.2734,-10.2734,-6.84891,-3.42445,-3.42445,-3.42445
11.4853,-9.90997,-6.73851,-7.7016,-0.823815,-3.1659,-3.16555,2.50646,12.3959,15.8867,-11.2192,9.47252,8.0732,-10.3589,-10.3589,-6.90592,-3.45296,-3.45296,-3.45296
11.4903,-10.0396,-6.84193,-7.79184,-0.780983,-3.20584,-3.20861,1.33449,10.8535,16.3299,-11.7953,10.3288,7.8117,-10.4438,-10.4438,-6.96251,-3.48126,-3.48126,-3.48126
11.4953,-10.1553,-6.94501,-7.88335,-0.733074,-3.24356,-3.2527,3.06959,9.87003,15.3222,-9.87946,8.65122,7.13598,-10.528,-10.528,-7.01867,-3.50934,-3.50934,-3.50934
11.5002,-10.2814,-7.04523,-7.9683,-0.686808,-3.26417,-3.29417,2.61173,10.4484,16.2379,-8.53556,10.2848,6.59196,-10.6099,-10.6099,-7.07329,-3.53664,-3.53664,-3.53664
11.5054,-10.4137,-7.15101,-8.0606,-0.642626,-3.28533,-3.33336,2.61919,11.165,14.8283,-8.3992,10.504,7.86272,-10.6962,-10.6962,-7.13079,-3.5654,-3.5654,-3.5654
11.5102,-10.5353,-7.24845,-8.13473,-0.61111,-3.30586,-3.37209,2.72969,11.512,15.1756,-8.00028,9.13104,8.70048,-10.7752,-10.7752,-7.18345,-3.59172,-3.59172,-3.59172
11.5153,-10.6615,-7.35208,-8.20511,-0.591465,-3.3149,-3.41753,2.1392,11.5597,15.6784,-8.77573,10.4091,8.84415,-10.8584,-10.8584,-7.23895,-3.61947,-3.61947,-3.61947
11.5203,-10.7725,-7.45373,-8.27335,-0.576971,-3.32791,-3.46458,1.98375,9.44611,14.1042,-8.41754,10.8915,7.5215,-10.9394,-10.9394,-7.29291,-3.64646,-3.64646,-3.64646
11.5253,-10.866,-7.55291,-8.31128,-0.574466,-3.34893,-3.51047,3.27359,10.9251,14.977,-6.51119,10.6781,7.88773,-11.0196,-11.0196,-7.34642,-3.67321,-3.67321,-3.67321
11.5302,-10.979,-7.64904,-8.34043,-0.603586,-3.37308,-3.55494,3.3516,11.0031,15.029,-6.48519,10.7041,7.91373,-11.0976,-11.0976,-7.39842,-3.69921,-3.69921,-3.69921
11.5354,-11.0958,-7.75188,-8.37677,-0.646175,-3.40381,-3.6014,3.17362,10.6793,14.8664,-7.98963,11.0709,9.07545,-11.1797,-11.1797,-7.45313,-3.72657,-3.72657,-3.72657
11.5402,-11.2043,-7.84561,-8.40318,-0.685433,-3.43766,-3.64651,3.52844,11.96,15.1798,-4.83477,10.0527,7.12155,-11.2548,-11.2548,-7.50319,-3.75159,-3.75159,-3.75159
11.5456,-11.3364,-7.95143,-8.42644,-0.739016,-3.47058,-3.69382,3.61215,12.0437,15.2356,-4.80686,10.0806,7.14946,-11.3385,-11.3385,-7.55899,-3.7795,-3.7795,-3.7795
11.5503,-11.4463,-8.04496,-8.44949,-0.787752,-3.49528,-3.73063,2.78602,9.97652,15.3882,-9.51064,11.3715,8.05948,-11.4107,-11.4107,-7.60712,-3.80356,-3.80356,-3.80356
11.5552,-11.549,-8.13873,-8.47736,-0.836227,-3.52621,-3.76878,2.86062,10.0511,15.4379,-9.48577,11.3963,8.08435,-11.4853,-11.4853,-7.65685,-3.82843,-3.82843,-3.82843
11.5603,-11.6295,-8.23321,-8.51802,-0.878215,-3.56243,-3.8081,2.66962,10.8688,16.5112,-9.84933,11.4965,7.29855,-11.5622,-11.5622,-7.70814,-3.85407,-3.85407,-3.85407
11.5653,-11.6868,-8.32602,-8.58449,-0.89786,-3.60169,-3.84072,4.50156,12.3422,15.4408,-6.42963,9.01257,7.72917,-11.6369,-11.6369,-7.75793,-3.87897,-3.87897,-3.87897
11.5702,-11.781,-8.42039,-8.64201,-0.931776,-3.62652,-3.86986,4.2431,14.0104,14.9708,-4.55075,10.1131,8.78833,-11.7094,-11.7094,-7.80627,-3.90313,-3.90313,-3.90313
11.5752,-11.887,-8.52132,-8.6889,-0.978886,-3.64921,-3.90502,4.22969,12.4525,15.2119,-9.06374,10.5019,9.02804,-11.7827,-11.7827,-7.85511,-3.92756,-3.92756,-3.92756
11.5802,-11.9963,-8.62242,-8.72428,-1.0186,-3.67448,-3.94412,3.45119,11.7055,16.1736,-8.28606,10.5178,7.64462,-11.8552,-11.8552,-7.90348,-3.95174,-3.95174,-3.95174
11.5852,-12.0924,-8.72253,-8.76874,-1.05258,-3.70183,-3.97817,3.92094,12.2265,15.2622,-7.87303,11.7258,8.01631,-11.927,-11.927,-7.95135,-3.97567,-3.97567,-3.97567
11.5903,-12.1838,-8.82464,-8.80326,-1.08264,-3.74086,-4.01081,2.87447,13.1894,16.1214,-6.48266,9.19968,9.42324,-11.9995,-11.9995,-7.99968,-3.99984,-3.99984,-3.99984
11.5952,-12.2378,-8.9236,-8.84491,-1.11943,-3.76986,-4.04925,4.62971,13.0731,14.9677,-6.78259,10.0507,9.52901,-12.0684,-12.0684,-8.04562,-4.02281,-4.02281,-4.02281
11.6006,-12.3287,-9.03303,-8.86963,-1.16078,-3.79974,-4.09555,4.18476,12.9434,15.7305,-7.55245,9.46297,8.68465,-12.1436,-12.1436,-8.09571,-4.04785,-4.04785,-4.04785
11.6053,-12.4083,-9.12849,-8.89488,-1.19279,-3.8157,-4.13542,4.59222,13.1972,16.6389,-7.84549,10.445,9.52593,-12.2082,-12.2082,-8.13882,-4.06941,-4.06941,-4.06941
11.6103,-12.5025,-9.23003,-8.9386,-1.22264,-3.83459,-4.17998,4.45147,11.7168,15.518,-5.12354,8.49706,9.57346,-12.2763,-12.2763,-8.18421,-4.0921,-4.0921,-4.0921
11.6153,-12.5966,-9.33007,-8.97181,-1.26562,-3.8322,-4.22602,3.65593,12.7061,16.1272,-8.74426,9.3061,8.46154,-12.3436,-12.3436,-8.22908,-4.11454,-4.11454,-4.11454
11.6203,-12.6681,-9.42979,-9.01283,-1.2933,-3.82049,-4.26994,3.72248,12.7727,16.1716,-8.72207,9.32829,8.48373,-12.4102,-12.4102,-8.27345,-4.13673,-4.13673,-4.13673
11.6253,-12.6976,-9.53097,-9.07377,-1.28987,-3.80372,-4.31125,5.37215,13.8156,16.5373,-7.05244,10.3273,8.93622,-12.476,-12.476,-8.31731,-4.15866,-4.15866,-4.15866
11.6302,-12.7668,-9.63079,-9.13958,-1.28771,-3.79254,-4.35131,4.92762,14.5412,16.5087,-6.5261,11.102,8.86638,-12.5397,-12.5397,-8.3598,-4.1799,-4.1799,-4.1799
11.6352,-12.8524,-9.73321,-9.20639,-1.29849,-3.79527,-4.39105,4.99188,14.6055,16.5515,-6.50468,11.1234,8.8878,-12.604,-12.604,-8.40264,-4.20132,-4.20132,-4.20132
11.6404,-12.9302,-9.84063,-9.28354,-1.31587,-3.8141,-4.43103,4.56145,12.8315,16.6666,-9.23998,10.9632,9.96136,-12.67,-12.67,-8.44664,-4.22332,-4.22332,-4.22332
11.6454,-13.006,-9.94315,-9.35196,-1.30803,-3.84097,-4.4734,4.62412,12.8942,16.7084,-9.21909,10.9841,9.98225,-12.7326,-12.7326,-8.48843,-4.24421,-4.24421,-4.24421
11.6504,-13.0678,-10.0453,-9.42187,-1.27726,-3.87464,-4.51781,2.23922,14.079,18.5073,-8.42016,9.7876,9.07552,-12.7945,-12.7945,-8.52968,-4.26484,-4.26484,-4.26484
11.6555,-13.0565,-10.1488,-9.50525,-1.24483,-3.90269,-4.56132,2.30154,14.1413,18.5489,-8.39939,9.80837,9.09629,-12.8568,-12.8568,-8.57122,-4.28561,-4.28561,-4.28561
11.6602,-12.9896,-10.2441,-9.58897,-1.21385,-3.92308,-4.59966,3.88699,15.0372,17.0359,-10.4091,10.2247,9.22283,-12.9135,-12.9135,-8.60902,-4.30451,-4.30451,-4.30451
11.6654,-12.9405,-10.3497,-9.6742,-1.17005,-3.94364,-4.64039,5.15059,15.2134,17.7543,-8.81526,8.14222,8.01802,-12.9754,-12.9754,-8.65029,-4.32514,-4.32514,-4.32514
11.6703,-12.9485,-10.4501,-9.7573,-1.12938,-3.93713,-4.66832,5.26329,13.3994,16.7978,-4.77196,9.13016,9.1136,-13.033,-13.033,-8.68865,-4.34432,-4.34432,-4.34432
11.6752,-13.012,-10.549,-9.82485,-1.12522,-3.92109,-4.69414,5.32006,13.4562,16.8357,-4.75303,9.14909,9.13253,-13.0897,-13.0897,-8.72649,-4.36325,-4.36325,-4.36325
11.6803,-13.0967,-10.6511,-9.88742,-1.15195,-3.89953,-4.71823,4.60608,14.4088,16.1953,-7.06853,9.08571,9.53283,-13.148,-13.148,-8.76534,-4.38267,-4.38267,-4.38267
11.6853,-13.1755,-10.7502,-9.91867,-1.17831,-3.87287,-4.74428,4.66238,14.4651,16.2328,-7.04977,9.10447,9.55159,-13.2043,-13.2043,-8.80287,-4.40143,-4.40143,-4.40143
11.6903,-13.2402,-10.8498,-9.93504,-1.2,-3.84317,-4.77235,4.99761,14.2369,16.6586,-5.36703,10.6382,8.49369,-13.2598,-13.2598,-8.83986,-4.41993,-4.41993,-4.41993
11.6955,-13.2968,-10.9539,-9.95599,-1.23493,-3.82677,-4.79311,5.87791,14.3371,15.7957,-4.76848,11.659,8.58716,-13.3166,-13.3166,-8.87775,-4.43888,-4.43888,-4.43888
11.7002,-13.3784,-11.0469,-9.94412,-1.27648,-3.83711,-4.80543,5.92852,14.3877,15.8294,-4.75161,11.6759,8.60403,-13.3672,-13.3672,-8.91149,-4.45575,-4.45575,-4.45575
11.7052,-13.4743,-11.1458,-9.91779,-1.32374,-3.86702,-4.81275,5.98156,13.7118,16.3747,-6.64657,9.78919,8.48095,-13.4203,-13.4203,-8.94685,-4.47343,-4.47343,-4.47343
11.7103,-13.5686,-11.2464,-9.90095,-1.3666,-3.89459,-4.81406,5.30196,12.9613,16.406,-5.81743,9.60821,8.48213,-13.4735,-13.4735,-8.98235,-4.49117,-4.49117,-4.49117
11.7152,-13.6494,-11.3359,-9.87768,-1.40856,-3.91545,-4.80948,5.35231,13.0117,16.4396,-5.80064,9.625,8.49892,-13.5239,-13.5239,-9.01591,-4.50796,-4.50796,-4.50796
11.7203,-13.7163,-11.426,-9.86535,-1.45132,-3.93357,-4.79932,5.99879,13.3036,16.7394,-5.46882,9.28614,8.5161,-13.5754,-13.5754,-9.05028,-4.52514,-4.52514,-4.52514
11.7257,-13.8023,-11.5067,-9.85274,-1.49796,-3.94418,-4.78247,6.05242,13.3572,16.7751,-5.45095,9.30401,8.53397,-13.629,-13.629,-9.08603,-4.54301,-4.54301,-4.54301
11.7302,-13.8774,-11.5676,-9.8509,-1.53701,-3.94747,-4.76467,5.81269,14.8195,16.0604,-5.34522,9.7575,10.0887,-13.673,-13.673,-9.11533,-4.55766,-4.55766,-4.55766
11.7353,-13.9558,-11.6462,-9.83818,-1.58105,-3.95187,-4.75658,5.86166,14.8685,16.093,-5.32889,9.77383,10.105,-13.722,-13.722,-9.14798,-4.57399,-4.57399,-4.57399
11.7403,-14.007,-11.7415,-9.84549,-1.6207,-3.96011,-4.76108,5.29025,14.2143,16.8727,-3.50813,10.4519,10.6341,-13.7691,-13.7691,-9.17942,-4.58971,-4.58971,-4.58971
11.7453,-14.0342,-11.8332,-9.86003,-1.66766,-3.9774,-4.78226,5.33656,14.2607,16.9036,-3.49269,10.4674,10.6495,-13.8154,-13.8154,-9.21029,-4.60515,-4.60515,-4.60515
11.7503,-14.0361,-11.9237,-9.88706,-1.7173,-4.00214,-4.81432,5.48052,14.5504,17.866,-6.0857,9.73734,10.1927,-13.8609,-13.8609,-9.2406,-4.6203,-4.6203,-4.6203
11.7553,-14.0293,-12.0086,-9.93333,-1.76488,-4.0255,-4.84891,5.52512,14.595,17.8958,-6.07083,9.75221,10.2076,-13.9055,-13.9055,-9.27033,-4.63517,-4.63517,-4.63517
11.7602,-14.0116,-12.0912,-9.99472,-1.80791,-4.04836,-4.88416,5.0361,14.3975,16.8376,-7.11644,11.2486,10.669,-13.9484,-13.9484,-9.29892,-4.64946,-4.64946,-4.64946
11.7653,-13.9591,-12.1822,-10.0605,-1.83818,-4.08487,-4.92465,6.09243,15.3278,17.9661,-3.61596,9.05244,10.2448,-13.9921,-13.9921,-9.32809,-4.66404,-4.66404,-4.66404
11.7703,-13.935,-12.2698,-10.1292,-1.8801,-4.11138,-4.96497,6.13446,15.3698,17.9941,-3.60195,9.06645,10.2588,-14.0342,-14.0342,-9.3561,-4.67805,-4.67805,-4.67805
11.7755,-13.9252,-12.3639,-10.2071,-1.92777,-4.12964,-5.00732,6.74066,15.2471,16.802,-5.21057,9.60235,11.3246,-14.0769,-14.0769,-9.38463,-4.69231,-4.69231,-4.69231
11.7802,-13.9445,-12.4542,-10.2737,-1.96678,-4.14511,-5.04942,5.42317,13.9966,17.8597,-6.05076,7.94242,9.86338,-14.1148,-14.1148,-9.40987,-4.70494,-4.70494,-4.70494
11.7852,-13.9512,-12.5372,-10.3381,-2.00234,-4.14296,-5.09157,5.4626,14.036,17.886,-6.03762,7.95556,9.87652,-14.1542,-14.1542,-9.43616,-4.71808,-4.71808,-4.71808
11.7903,-13.948,-12.5903,-10.395,-2.03288,-4.12502,-5.13094,5.50193,14.0754,17.9122,-6.02451,7.96867,9.88963,-14.1936,-14.1936,-9.46238,-4.73119,-4.73119,-4.73119
11.7953,-13.93,-12.6325,-10.4545,-2.05445,-4.09859,-5.16527,6.33942,14.3455,17.7973,-5.08461,8.20479,11.2684,-14.2312,-14.2312,-9.48749,-4.74375,-4.74375,-4.74375
11.8004,-13.9303,-12.6713,-10.5146,-2.07591,-4.06644,-5.20608,6.09326,14.6431,17.559,-6.24785,10.3784,9.99749,-14.2688,-14.2688,-9.5125,-4.75625,-4.75625,-4.75625
11.8053,-13.9432,-12.6962,-10.5604,-2.08358,-4.05104,-5.24249,6.12844,14.6782,17.5825,-6.23612,10.3901,10.0092,-14.3039,-14.3039,-9.53596,-4.76798,-4.76798,-4.76798
11.8103,-13.9583,-12.7446,-10.6122,-2.07269,-4.05197,-5.27681,6.36441,15.6628,17.5097,-4.46082,9.6069,10.0871,-14.339,-14.339,-9.55931,-4.77966,-4.77966,-4.77966
11.8153,-13.9899,-12.7976,-10.6497,-2.0757,-4.05814,-5.30916,6.39856,15.697,17.5324,-4.44944,9.61828,10.0985,-14.3731,-14.3731,-9.58208,-4.79104,-4.79104,-4.79104
11.8206,-14.03,-12.8684,-10.685,-2.08971,-4.07125,-5.34168,6.33922,15.5628,17.117,-3.97402,10.6071,9.05042,-14.4083,-14.4083,-9.60556,-4.80278,-4.80278,-4.80278
11.8254,-14.0628,-12.9448,-10.7107,-2.11569,-4.0969,-5.35943,6.98096,14.857,17.1273,-4.02163,9.22637,10.1951,-14.4394,-14.4394,-9.62626,-4.81313,-4.81313,-4.81313
11.8303,-14.1157,-13.018,-10.7292,-2.14785,-4.11947,-5.37861,6.89754,13.895,17.6682,-3.58907,7.87873,10.313,-14.4702,-14.4702,-9.64682,-4.82341,-4.82341,-4.82341
11.8353,-14.1759,-13.064,-10.7502,-2.18498,-4.12249,-5.39893,6.92813,13.9256,17.6886,-3.57888,7.88892,10.3232,-14.5008,-14.5008,-9.66721,-4.8336,-4.8336,-4.8336
11.8404,-14.2335,-13.1142,-10.7924,-2.22124,-4.1085,-5.41948,5.98917,14.866,17.2218,-5.02606,8.37098,10.234,-14.5311,-14.5311,-9.68739,-4.8437,-4.8437,-4.8437
11.8453,-14.2553,-13.1587,-10.8238,-2.24545,-4.08713,-5.4387,6.01738,14.8942,17.2406,-5.01666,8.38038,10.2434,-14.5593,-14.5593,-9.7062,-4.8531,-4.8531,-4.8531
11.8506,-14.2495,-13.2192,-10.8608,-2.25608,-4.0596,-5.45919,7.20528,15.4438,17.4108,-4.21193,9.36727,10.7169,-14.5888,-14.5888,-9.7259,-4.86295,-4.86295,-4.86295
11.8553,-14.2628,-13.2927,-10.903,-2.26031,-4.04256,-5.48158,7.31338,15.7923,18.2595,-3.91368,9.8808,11.6776,-14.6142,-14.6142,-9.7428,-4.8714,-4.8714,-4.8714
11.8604,-14.2996,-13.3694,-10.9534,-2.26942,-4.03666,-5.51546,7.33998,15.8189,18.2773,-3.90481,9.88967,11.6864,-14.6408,-14.6408,-9.76054,-4.88027,-4.88027,-4.88027
11.8653,-14.3536,-13.445,-11.0078,-2.28417,-4.0442,-5.55367,7.04159,15.7135,17.1442,-1.99218,10.6845,10.6017,-14.6655,-14.6655,-9.77699,-4.8885,-4.8885,-4.8885
11.8703,-14.4063,-13.515,-11.0385,-2.32105,-4.06972,-5.59059,7.06587,15.7378,17.1604,-1.98409,10.6926,10.6098,-14.6898,-14.6898,-9.79318,-4.89659,-4.89659,-4.89659
11.8753,-14.4503,-13.596,-11.0665,-2.36526,-4.10623,-5.62563,7.36506,16.0134,17.7382,-2.85397,9.10235,10.3443,-14.7132,-14.7132,-9.80877,-4.90439,-4.90439,-4.90439
11.8804,-14.5033,-13.6707,-11.0838,-2.41201,-4.14021,-5.6565,7.38797,16.0363,17.7535,-2.84634,9.10998,10.352,-14.7361,-14.7361,-9.82405,-4.91202,-4.91202,-4.91202
11.8853,-14.5588,-13.7414,-11.0973,-2.45727,-4.17067,-5.68102,6.55412,15.7343,17.5126,-4.47045,8.73615,10.9717,-14.7572,-14.7572,-9.83813,-4.91907,-4.91907,-4.91907
11.8903,-14.5768,-13.8213,-11.1195,-2.49645,-4.19568,-5.70635,6.68903,14.9197,17.4867,-2.90693,8.91691,10.2666,-14.7779,-14.7779,-9.8519,-4.92595,-4.92595,-4.92595
11.8954,-14.5733,-13.8794,-11.1309,-2.53944,-4.21589,-5.72527,6.70916,14.9398,17.5001,-2.90022,8.92362,10.2733,-14.798,-14.798,-9.86532,-4.93266,-4.93266,-4.93266
11.9005,-14.547,-13.9352,-11.1487,-2.58319,-4.23268,-5.73824,7.867,16.0346,16.727,-1.95819,9.34401,8.75613,-14.8172,-14.8172,-9.87811,-4.93905,-4.93905,-4.93905
11.9052,-14.5457,-13.9866,-11.1396,-2.62645,-4.25035,-5.7274,7.88384,16.0515,16.7383,-1.95257,9.34963,8.76175,-14.834,-14.834,-9.88933,-4.94467,-4.94467,-4.94467
11.9103,-14.5619,-14.058,-11.1231,-2.67366,-4.27288,-5.69854,8.41733,15.7457,16.7143,-2.87415,6.68925,11.7069,-14.8513,-14.8513,-9.9009,-4.95045,-4.95045,-4.95045
11.9154,-14.6082,-14.1339,-11.1014,-2.71772,-4.2647,-5.68679,7.44085,15.6439,17.0053,-2.819,8.93032,10.3214,-14.8677,-14.8677,-9.91183,-4.95592,-4.95592,-4.95592
11.9203,-14.6292,-14.206,-11.0822,-2.75626,-4.25845,-5.67505,7.50298,14.4768,17.6255,-1.67141,8.17351,12.8269,-14.8826,-14.8826,-9.92174,-4.96087,-4.96087,-4.96087
11.9252,-14.6326,-14.2599,-11.0799,-2.79745,-4.24541,-5.6954,8.14736,16.051,16.9618,-0.780793,10.7284,7.63169,-14.8966,-14.8966,-9.93105,-4.96553,-4.96553,-4.96553
11.9303,-14.6402,-14.3348,-11.0844,-2.84297,-4.25928,-5.68544,9.88275,15.907,17.3596,-1.56286,10.3024,9.51578,-14.9102,-14.9102,-9.94013,-4.97006,-4.97006,-4.97006
11.9353,-14.7025,-14.413,-11.1027,-2.88517,-4.28849,-5.67023,9.01654,15.8406,16.9353,-0.44092,8.54288,12.7657,-14.9226,-14.9226,-9.9484,-4.9742,-4.9742,-4.9742
11.9404,-14.7667,-14.4856,-11.1121,-2.93096,-4.31459,-5.69065,9.02825,15.8523,16.9431,-0.437016,8.54678,12.7696,-14.9343,-14.9343,-9.95621,-4.9781,-4.9781,-4.9781
11.9452,-14.826,-14.5517,-11.1173,-2.97567,-4.33737,-5.72871,4.11336,15.2321,19.7024,-2.11447,10.3552,12.0526,-14.9445,-14.9445,-9.96297,-4.98149,-4.98149,-4.98149
11.9503,-14.7317,-14.6146,-11.1812,-3.01908,-4.37387,-5.77319,6.80639,14.8598,17.1341,-3.34491,8.71905,11.261,-14.9543,-14.9543,-9.96954,-4.98477,-4.98477,-4.98477
11.9552,-14.6288,-14.6427,-11.2253,-3.0486,-4.40519,-5.81505,6.55885,14.8565,18.1701,-4.12038,7.74486,11.2059,-14.9629,-14.9629,-9.97525,-4.98762,-4.98762,-4.98762
11.9605,-14.5111,-14.6478,-11.2806,-3.05404,-4.4256,-5.85857,5.94854,16.4053,19.2123,-6.03862,7.89666,11.4571,-14.9711,-14.9711,-9.98076,-4.99038,-4.99038,-4.99038
11.9653,-14.3927,-14.6663,-11.3494,-3.02134,-4.43054,-5.8974,7.62174,16.4946,19.3212,-2.96451,7.30269,11.2771,-14.9777,-14.9777,-9.98515,-4.99257,-4.99257,-4.99257
11.9703,-14.2955,-14.699,-11.4303,-2.98957,-4.41721,-5.93531,7.86804,16.1696,18.88,-2.03516,9.08488,10.2524,-14.9837,-14.9837,-9.98912,-4.99456,-4.99456,-4.99456
11.9753,-14.236,-14.7298,-11.5112,-2.97094,-4.40798,-5.96326,7.29783,16.4308,17.0713,-0.245003,7.80316,11.2642,-14.9887,-14.9887,-9.99247,-4.99624,-4.99624,-4.99624
11.9802,-14.188,-14.7623,-11.5653,-2.98771,-4.38966,-5.98751,7.88499,15.7177,18.2444,-1.87482,7.72998,9.99042,-14.9927,-14.9927,-9.99516,-4.99758,-4.99758,-4.99758
11.9854,-14.1704,-14.7712,-11.6122,-3.0148,-4.36418,-5.99523,6.26502,16.576,17.8432,-1.75779,9.81765,10.3227,-14.9961,-14.9961,-9.99737,-4.99869,-4.99869,-4.99869
11.9903,-14.1121,-14.7762,-11.6371,-3.04631,-4.35841,-5.99081,6.26722,16.5782,17.8447,-1.75706,9.81838,10.3235,-14.9983,-14.9983,-9.99884,-4.99942,-4.99942,-4.99942
11.9952,-14.0306,-14.8115,-11.6656,-3.07756,-4.3698,-5.97643,7.32445,16.5244,17.4338,-0.953462,10.1003,10.8538,-14.9996,-14.9996,-9.99972,-4.99986,-4.99986,-4.99986
12.0004,-13.9573,-14.8421,-11.6705,-3.11641,-4.3975,-5.95829,7.32488,16.5248,17.4341,-0.953321,10.1005,10.854,-15,-15,-10,-5,-5,-5
12.0052,-13.8985,-14.8765,-11.661,-3.15433,-4.43202,-5.93986,8.03358,16.6543,16.788,-1.14393,9.93471,12.2531,-14.9995,-14.9995,-9.99967,-4.99983,-4.99983,-4.99983
12.0103,-13.8717,-14.9151,-11.6211,-3.19331,-4.4728,-5.93463,8.54432,15.6994,16.3544,0.0810256,7.83111,10.3979,-14.998,-14.998,-9.99869,-4.99935,-4.99935,-4.99935
12.0154,-13.8954,-14.928,-11.5539,-3.23808,-4.50366,-5.92103,8.13213,15.3936,16.288,-1.53438,8.14494,10.5213,-14.9956,-14.9956,-9.99707,-4.99854,-4.99854,-4.99854
12.0202,-13.9378,-14.9149,-11.4794,-3.27781,-4.52439,-5.903,8.02653,16.5212,17.1846,-2.01568,7.54772,10.1725,-14.9924,-14.9924,-9.99497,-4.99748,-4.99748,-4.99748
12.0255,-14.002,-14.9184,-11.405,-3.31614,-4.5301,-5.87615,7.74231,16.4891,17.7668,-2.23245,7.20675,10.2703,-14.988,-14.988,-9.99198,-4.99599,-4.99599,-4.99599
12.0305,-14.0463,-14.9359,-11.3534,-3.34145,-4.51556,-5.84669,7.08309,16.3539,17.8636,-2.88002,9.1591,11.5769,-14.9828,-14.9828,-9.98853,-4.99426,-4.99426,-4.99426
12.0354,-14.0537,-14.9591,-11.3206,-3.3483,-4.50978,-5.82782,7.53022,16.4543,17.914,-1.91325,7.03743,9.43863,-14.9768,-14.9768,-9.98454,-4.99227,-4.99227,-4.99227
12.0403,-14.05,-14.9914,-11.3057,-3.34921,-4.48855,-5.79836,7.75582,15.8762,17.3577,-0.325775,8.89815,11.2579,-14.97,-14.97,-9.97997,-4.98999,-4.98999,-4.98999
12.0452,-14.0399,-15.0177,-11.2942,-3.36344,-4.47375,-5.77698,8.34301,15.9393,18.3055,-0.344917,7.29752,10.742,-14.9622,-14.9622,-9.97481,-4.9874,-4.9874,-4.9874
12.0504,-14.0454,-15.0373,-11.3061,-3.38794,-4.44653,-5.75525,7.53794,16.2099,17.4321,-0.198941,8.8925,11.1281,-14.953,-14.953,-9.96868,-4.98434,-4.98434,-4.98434
12.0552,-14.0324,-15.0536,-11.3144,-3.41805,-4.42956,-5.73945,7.39855,16.4014,18.08,-0.914144,7.94546,10.8103,-14.9436,-14.9436,-9.96243,-4.98122,-4.98122,-4.98122
12.0602,-13.9997,-15.0708,-11.3341,-3.44952,-4.41039,-5.72262,7.86069,16.6508,16.3277,-1.55526,9.37434,11.2787,-14.933,-14.933,-9.95532,-4.97766,-4.97766,-4.97766
12.0653,-13.9664,-15.1008,-11.3231,-3.47455,-4.40666,-5.70981,6.97024,16.639,17.1057,-1.15348,9.07232,11.4404,-14.9212,-14.9212,-9.94744,-4.97372,-4.97372,-4.97372
12.0702,-13.901,-15.1314,-11.3021,-3.49632,-4.41357,-5.70225,6.95798,16.5401,17.3149,-0.387528,8.62111,9.88795,-14.9089,-14.9089,-9.93926,-4.96963,-4.96963,-4.96963
12.0752,-13.8195,-15.1729,-11.2873,-3.52228,-4.42208,-5.68082,7.37401,17.0743,17.1325,0.816877,6.94408,11.1255,-14.8955,-14.8955,-9.93031,-4.96516,-4.96516,-4.96516
12.0802,-13.7396,-15.2198,-11.2634,-3.55979,-4.41371,-5.66221,8.11615,16.7014,16.8742,-1.03434,7.71762,9.53922,-14.8811,-14.8811,-9.92075,-4.96038,-4.96038,-4.96038
12.0852,-13.6867,-15.2656,-11.2308,-3.59153,-4.39983,-5.63247,7.43897,16.3434,16.4126,-1.26299,6.76861,10.1137,-14.8659,-14.8659,-9.91058,-4.95529,-4.95529,-4.95529
12.0903,-13.6343,-15.3038,-11.1841,-3.61918,-4.37112,-5.60059,7.97012,16.3347,16.807,-0.929014,7.40895,12.319,-14.8494,-14.8494,-9.89957,-4.94979,-4.94979,-4.94979
12.0952,-13.6035,-15.3323,-11.1385,-3.64302,-4.34021,-5.59193,8.79258,16.5623,16.9693,-0.760721,7.77596,11.5765,-14.8326,-14.8326,-9.8884,-4.9442,-4.9442,-4.9442
12.1002,-13.6158,-15.3588,-11.0946,-3.66401,-4.30961,-5.59478,7.56499,16.5482,16.9364,-1.09792,7.505,9.97244,-14.8146,-14.8146,-9.87639,-4.9382,-4.9382,-4.9382
12.1051,-13.6165,-15.379,-11.0518,-3.67947,-4.27944,-5.58812,7.34551,16.5651,17.2982,-0.930223,6.83642,11.1751,-14.7961,-14.7961,-9.86403,-4.93202,-4.93202,-4.93202
12.1103,-13.5969,-15.3966,-11.0159,-3.69445,-4.24295,-5.58611,7.66372,16.6509,16.6929,0.180701,8.53522,11.4415,-14.7754,-14.7754,-9.85028,-4.92514,-4.92514,-4.92514
12.1156,-13.5647,-15.4192,-10.9788,-3.71945,-4.21481,-5.59178,6.68426,16.4791,16.9019,0.653594,6.07699,10.0431,-14.7534,-14.7534,-9.83559,-4.91779,-4.91779,-4.91779
12.1203,-13.504,-15.4321,-10.9459,-3.74988,-4.17963,-5.58708,8.37382,16.2105,17.1704,0.837234,8.76947,11.4522,-14.733,-14.733,-9.82199,-4.91099,-4.91099,-4.91099
12.1252,-13.4671,-15.4286,-10.9174,-3.78561,-4.15389,-5.58993,8.3517,16.1884,17.1557,0.82986,8.7621,11.4448,-14.7109,-14.7109,-9.80724,-4.90362,-4.90362,-4.90362
12.1303,-13.4542,-15.4316,-10.9067,-3.82343,-4.14126,-5.60023,7.66189,15.9004,17.2881,-0.660244,8.58852,11.4865,-14.6869,-14.6869,-9.79127,-4.89564,-4.89564,-4.89564
12.1354,-13.4347,-15.4131,-10.9048,-3.85294,-4.1379,-5.61597,8.20435,15.844,17.1357,-1.33922,7.82674,10.5012,-14.662,-14.662,-9.77468,-4.88734,-4.88734,-4.88734
12.1402,-13.4262,-15.3723,-10.9034,-3.86697,-4.13385,-5.62258,8.18006,15.8197,17.1195,-1.34732,7.81864,10.4931,-14.6377,-14.6377,-9.75848,-4.87924,-4.87924,-4.87924
12.1453,-13.4206,-15.3221,-10.9089,-3.86573,-4.13037,-5.62143,6.1203,15.8048,16.9658,0.00997436,7.66897,10.7988,-14.611,-14.611,-9.74067,-4.87033,-4.87033,-4.87033
12.1502,-13.3486,-15.2598,-10.9093,-3.87108,-4.12515,-5.61574,6.85417,15.8058,16.1664,-0.810317,6.81556,11.1874,-14.5844,-14.5844,-9.72297,-4.86148,-4.86148,-4.86148
12.1554,-13.2579,-15.1873,-10.8905,-3.87286,-4.10781,-5.61018,4.86292,15.4103,17.5891,-1.44103,9.19049,12.7592,-14.5553,-14.5553,-9.70355,-4.85177,-4.85177,-4.85177
12.1603,-13.1342,-15.1065,-10.8898,-3.86774,-4.10989,-5.62504,7.54137,15.3898,16.7907,-1.53327,6.53145,11.0026,-14.527,-14.527,-9.68466,-4.84233,-4.84233,-4.84233
12.1653,-13.0331,-15.016,-10.8848,-3.85364,-4.09409,-5.63456,8.49657,15.494,17.3184,-1.005,8.50044,11.5889,-14.4972,-14.4972,-9.66479,-4.8324,-4.8324,-4.8324
12.1703,-12.994,-14.9202,-10.8859,-3.83816,-4.08814,-5.64472,7.71333,15.6209,16.1568,-0.866195,5.93996,11.8353,-14.4665,-14.4665,-9.64433,-4.82216,-4.82216,-4.82216
12.1753,-12.9785,-14.8216,-10.8686,-3.82276,-4.06148,-5.65885,8.58795,15.7706,16.3552,-0.644884,9.05928,9.82104,-14.4349,-14.4349,-9.62327,-4.81164,-4.81164,-4.81164
12.1802,-13.0073,-14.7231,-10.8411,-3.80697,-4.051,-5.65345,7.38989,16.377,16.4489,-0.18353,7.06975,10.2493,-14.4031,-14.4031,-9.60206,-4.80103,-4.80103,-4.80103
12.1853,-13.0328,-14.6201,-10.8119,-3.79521,-4.03185,-5.63766,7.36375,16.9419,16.8359,-0.418431,6.77689,12.1423,-14.3691,-14.3691,-9.57938,-4.78969,-4.78969,-4.78969
12.1903,-13.0474,-14.5184,-10.7863,-3.78643,-4.00548,-5.63717,7.96778,17.4198,16.627,0.522352,8.36351,11.3692,-14.3348,-14.3348,-9.55654,-4.77827,-4.77827,-4.77827
12.1955,-13.0687,-14.4128,-10.7652,-3.78909,-3.98875,-5.63907,7.683,17.9979,15.7604,1.33817,9.09653,10.7856,-14.2983,-14.2983,-9.53217,-4.76609,-4.76609,-4.76609
12.2004,-13.0785,-14.3135,-10.7302,-3.81268,-3.99241,-5.6344,7.62403,18.9634,16.1047,0.00987084,7.95039,10.3599,-14.2629,-14.2629,-9.50862,-4.75431,-4.75431,-4.75431
12.2053,-13.0745,-14.2153,-10.6924,-3.83561,-3.99973,-5.61952,8.23008,20.1525,15.5539,0.751295,9.40389,10.3395,-14.2268,-14.2268,-9.48451,-4.74225,-4.74225,-4.74225
12.2105,-13.0772,-14.1155,-10.6429,-3.86293,-4.02605,-5.59592,7.50128,21.5237,15.2915,1.02799,5.79727,10.6494,-14.1875,-14.1875,-9.45831,-4.72915,-4.72915,-4.72915
12.2152,-13.0587,-14.0477,-10.5911,-3.89205,-4.02351,-5.57262,7.53586,22.7206,15.8023,0.12992,8.50928,10.9684,-14.1511,-14.1511,-9.43408,-4.71704,-4.71704,-4.71704
12.2202,-13.0165,-14.0405,-10.5404,-3.91548,-4.02972,-5.55017,6.60591,23.1933,15.4708,0.373432,7.46111,10.2266,-14.1116,-14.1116,-9.40774,-4.70387,-4.70387,-4.70387
12.2256,-12.9278,-14.1039,-10.4839,-3.93499,-4.03271,-5.5221,6.74745,23.7367,15.5065,-0.195876,6.3122,11.6445,-14.068,-14.068,-9.37865,-4.68932,-4.68932,-4.68932
12.2303,-12.8355,-14.1832,-10.4323,-3.94518,-4.01739,-5.50869,7.46118,24.5569,15.211,0.395627,8.36927,11.1762,-14.0292,-14.0292,-9.35277,-4.67639,-4.67639,-4.67639
12.2353,-12.7458,-14.2782,-10.3751,-3.95366,-4.00998,-5.49574,6.93837,24.8772,15.4923,2.1121,7.01386,11.9405,-13.987,-13.987,-9.32469,-4.66234,-4.66234,-4.66234
12.2403,-12.6491,-14.3774,-10.3241,-3.97762,-3.99417,-5.49191,7.13572,25.1651,15.9715,0.706735,6.75941,10.8829,-13.944,-13.944,-9.29603,-4.64801,-4.64801,-4.64801
12.2452,-12.5572,-14.4762,-10.2896,-3.99533,-3.97052,-5.48327,6.81696,25.2995,16.7182,0.369493,7.47373,9.32845,-13.9011,-13.9011,-9.26739,-4.63369,-4.63369,-4.63369
12.2504,-12.4572,-14.5819,-10.2871,-4.00493,-3.9454,-5.45372,7.8185,25.8755,16.4866,0.486475,5.84363,11.7307,-13.8546,-13.8546,-9.23639,-4.61819,-4.61819,-4.61819
12.2554,-12.3851,-14.6836,-10.3019,-4.0081,-3.90937,-5.43322,7.74534,25.9245,16.4102,1.0426,5.62144,10.0678,-13.809,-13.809,-9.206,-4.603,-4.603,-4.603
12.2602,-12.3381,-14.7808,-10.3285,-4.01044,-3.86881,-5.40519,6.20753,26.664,16.0231,-0.562011,8.56255,11.9573,-13.7644,-13.7644,-9.1763,-4.58815,-4.58815,-4.58815
12.2653,-12.2501,-14.8831,-10.3542,-3.9929,-3.83739,-5.38814,6.61243,26.5803,15.7945,0.299603,7.7102,9.68912,-13.7162,-13.7162,-9.14417,-4.57208,-4.57208,-4.57208
12.2702,-12.16,-14.978,-10.3671,-3.97086,-3.81562,-5.36121,6.58105,26.5293,15.4977,1.11189,8.27409,11.5198,-13.6691,-13.6691,-9.11274,-4.55637,-4.55637,-4.55637
12.2753,-12.0616,-15.0658,-10.3634,-3.95238,-3.80789,-5.34347,7.16547,26.2351,16.2858,-0.146751,7.13965,11.2879,-13.6192,-13.6192,-9.07946,-4.53973,-4.53973,-4.53973
12.2804,-11.9788,-15.1186,-10.3666,-3.9253,-3.79914,-5.33129,7.15407,26.862,15.1568,1.17768,7.80996,11.2462,-13.5684,-13.5684,-9.04559,-4.5228,-4.5228,-4.5228
12.2853,-11.9075,-15.135,-10.3501,-3.90538,-3.79699,-5.32246,7.71909,27.2812,15.5877,1.35986,6.95714,10.7742,-13.5188,-13.5188,-9.01251,-4.50626,-4.50626,-4.50626
12.2904,-11.8631,-15.1279,-10.3262,-3.89501,-3.79054,-5.31125,7.16226,27.5163,15.3896,1.84743,7.14663,11.6758,-13.4663,-13.4663,-8.97751,-4.48875,-4.48875,-4.48875
12.2952,-11.8181,-15.0981,-10.2909,-3.89977,-3.78391,-5.30962,7.11206,27.4661,15.3562,1.8307,7.1299,11.6591,-13.4161,-13.4161,-8.94404,-4.47202,-4.47202,-4.47202
12.3002,-11.7683,-15.0522,-10.2468,-3.91414,-3.77761,-5.31515,7.08654,27.5076,14.9529,0.0493593,7.22812,10.4904,-13.363,-13.363,-8.90864,-4.45432,-4.45432,-4.45432
12.3052,-11.7208,-15.0005,-10.1936,-3.91747,-3.77177,-5.31294,7.22567,27.7491,15.1782,1.62114,6.53118,11.0686,-13.309,-13.309,-8.87269,-4.43634,-4.43634,-4.43634
12.3102,-11.681,-14.9513,-10.1402,-3.93068,-3.75746,-5.30903,5.54764,27.9466,16.1219,1.64429,6.33077,11.8535,-13.2543,-13.2543,-8.83619,-4.41809,-4.41809,-4.41809
12.3152,-11.5906,-14.9094,-10.1086,-3.94937,-3.73534,-5.31197,6.41009,28.5568,16.2228,0.68185,6.59377,10.5185,-13.1987,-13.1987,-8.79914,-4.39957,-4.39957,-4.39957
12.3202,-11.5017,-14.8891,-10.0983,-3.96593,-3.70966,-5.3059,6.99593,28.7802,16.1121,-0.0987036,6.83166,9.3819,-13.1423,-13.1423,-8.76155,-4.38078,-4.38078,-4.38078
12.3252,-11.4281,-14.8844,-10.0974,-3.96828,-3.6858,-5.28087,6.2256,27.8522,15.1397,-0.217128,6.63043,10.0666,-13.0851,-13.0851,-8.72342,-4.36171,-4.36171,-4.36171
12.3301,-11.3467,-14.8692,-10.0811,-3.95731,-3.66187,-5.25192,7.37835,27.0783,14.5438,2.57913,7.31529,10.6356,-13.0283,-13.0283,-8.68554,-4.34277,-4.34277,-4.34277
12.3352,-11.2914,-14.8242,-10.0373,-3.96616,-3.64411,-5.22241,5.76207,26.2264,15.2186,0.323538,5.86286,11.8907,-12.9683,-12.9683,-8.64556,-4.32278,-4.32278,-4.32278
12.3402,-11.2117,-14.748,-9.98784,-3.96562,-3.61823,-5.20722,6.95933,25.9186,15.1392,0.45271,7.67287,9.40339,-12.9087,-12.9087,-8.60582,-4.30291,-4.30291,-4.30291
12.3451,-11.1538,-14.6609,-9.93661,-3.9582,-3.60455,-5.17979,6.96713,26.8838,14.619,0.739342,7.66142,10.5594,-12.8495,-12.8495,-8.56636,-4.28318,-4.28318,-4.28318
12.3502,-11.1149,-14.5713,-9.87606,-3.94761,-3.60093,-5.1513,5.43116,26.2146,15.5618,1.61278,6.45658,10.994,-12.7871,-12.7871,-8.52476,-4.26238,-4.26238,-4.26238
12.3555,-11.0318,-14.474,-9.82306,-3.94312,-3.59228,-5.12546,5.70034,26.7439,14.3768,1.05267,7.76775,10.2932,-12.7214,-12.7214,-8.48094,-4.24047,-4.24047,-4.24047
12.3602,-10.9434,-14.3905,-9.76817,-3.93645,-3.59522,-5.09868,5.70829,26.2042,14.6886,0.445118,6.80416,10.9276,-12.6624,-12.6624,-8.4416,-4.2208,-4.2208,-4.2208
12.3652,-10.8467,-14.3013,-9.71093,-3.91899,-3.59557,-5.07193,5.49897,25.262,14.0381,0.274895,6.50974,10.8816,-12.5988,-12.5988,-8.39923,-4.19962,-4.19962,-4.19962
12.3702,-10.741,-14.2066,-9.64223,-3.89241,-3.59193,-5.04782,6.54178,24.7446,13.5625,1.44577,6.76981,11.8289,-12.5345,-12.5345,-8.35635,-4.17817,-4.17817,-4.17817
12.3754,-10.6534,-14.1051,-9.5629,-3.8683,-3.58631,-5.0368,7.05325,25.9613,14.1444,1.78752,5.9772,10.3739,-12.4668,-12.4668,-8.3112,-4.1556,-4.1556,-4.1556
12.3802,-10.605,-14.0135,-9.49388,-3.85324,-3.56833,-5.02193,6.91514,25.6735,14.5411,-0.0303203,5.14468,10.063,-12.4036,-12.4036,-8.26904,-4.13452,-4.13452,-4.13452
12.3853,-10.5762,-13.9179,-9.43121,-3.82617,-3.53452,-4.99859,6.37043,27.1579,14.3244,-0.698818,7.23342,9.59322,-12.3356,-12.3356,-8.22372,-4.11186,-4.11186,-4.11186
12.3902,-10.5454,-13.8379,-9.37596,-3.78955,-3.50842,-4.96853,6.6511,27.1588,13.5823,1.68865,6.15157,9.77821,-12.2695,-12.2695,-8.17969,-4.08985,-4.08985,-4.08985
12.3954,-10.523,-13.7767,-9.31325,-3.7594,-3.47667,-4.93376,5.28,26.2565,12.9102,1.11025,6.11137,9.90361,-12.1986,-12.1986,-8.13243,-4.06621,-4.06621,-4.06621
12.4001,-10.4598,-13.727,-9.24451,-3.73592,-3.44572,-4.90046,5.77865,24.8483,13.6027,0.0867833,6.98402,10.1387,-12.1339,-12.1339,-8.08925,-4.04462,-4.04462,-4.04462
12.4053,-10.3773,-13.6538,-9.17027,-3.70334,-3.41716,-4.86383,6.36025,24.9334,13.7926,0.766438,6.38856,10.2222,-12.0614,-12.0614,-8.04096,-4.02048,-4.02048,-4.02048
12.4102,-10.3116,-13.5773,-9.10642,-3.67323,-3.39015,-4.83009,6.3937,24.5295,14.0476,0.20524,4.8586,9.23044,-11.9924,-11.9924,-7.99496,-3.99748,-3.99748,-3.99748
12.4152,-10.2514,-13.4932,-9.05233,-3.63957,-3.352,-4.79058,6.17285,25.3567,13.4923,1.15857,6.50745,9.62073,-11.9213,-11.9213,-7.94754,-3.97377,-3.97377,-3.97377
12.4203,-10.1812,-13.4119,-8.99826,-3.61142,-3.31678,-4.75016,6.09953,25.2834,13.4434,1.13413,6.48301,9.59629,-11.848,-11.848,-7.89866,-3.94933,-3.94933,-3.94933
12.4253,-10.1075,-13.3379,-8.94727,-3.58979,-3.28651,-4.71122,7.4926,24.9783,13.7336,1.01885,5.82125,9.97781,-11.7754,-11.7754,-7.85025,-3.92513,-3.92513,-3.92513
12.4303,-10.0831,-13.2646,-8.90294,-3.57262,-3.25501,-4.67529,6.91888,23.522,12.6251,2.12048,7.17128,9.86228,-11.702,-11.702,-7.80136,-3.90068,-3.90068,-3.90068
12.4353,-10.0644,-13.1774,-8.84309,-3.57264,-3.23453,-4.64098,6.84481,23.448,12.5757,2.09579,7.14659,9.83759,-11.628,-11.628,-7.75198,-3.87599,-3.87599,-3.87599
12.4407,-10.0469,-13.0771,-8.76989,-3.58653,-3.22402,-4.60508,6.91768,23.8321,12.8939,0.901379,6.38274,9.60366,-11.5472,-11.5472,-7.69812,-3.84906,-3.84906,-3.84906
12.4453,-10.0415,-12.9914,-8.70953,-3.59556,-3.21472,-4.57498,4.49996,25.0234,13.2446,2.3769,5.45706,11.4849,-11.4777,-11.4777,-7.6518,-3.8259,-3.8259,-3.8259
12.4503,-9.9614,-12.9048,-8.65303,-3.61599,-3.19412,-4.55572,4.42376,24.9472,13.1938,2.3515,5.43166,11.4595,-11.4015,-11.4015,-7.601,-3.8005,-3.8005,-3.8005
12.4553,-9.84793,-12.8268,-8.60425,-3.64357,-3.16527,-4.54834,4.41777,25.9735,12.6222,1.95326,6.89642,11.3676,-11.3246,-11.3246,-7.54973,-3.77486,-3.77486,-3.77486
12.4602,-9.72553,-12.7752,-8.5501,-3.66854,-3.14465,-4.5501,4.26687,24.282,13.2904,0.826676,5.84436,9.52896,-11.2485,-11.2485,-7.49903,-3.74952,-3.74952,-3.74952
12.4654,-9.58763,-12.71,-8.50151,-3.68091,-3.11841,-4.53707,4.18544,24.2006,13.2361,0.799534,5.81721,9.50181,-11.1671,-11.1671,-7.44475,-3.72237,-3.72237,-3.72237
12.4703,-9.45439,-12.6408,-8.46167,-3.68168,-3.09053,-4.51367,4.10803,24.1232,13.1845,0.773729,5.79141,9.47601,-11.0897,-11.0897,-7.39314,-3.69657,-3.69657,-3.69657
12.4753,-9.31759,-12.5659,-8.42562,-3.67283,-3.05998,-4.48294,5.30886,24.7882,13.4366,2.02229,5.06105,10.5755,-11.01,-11.01,-7.34003,-3.67001,-3.67001,-3.67001
12.4803,-9.1956,-12.4947,-8.39667,-3.67203,-3.02325,-4.4568,5.55553,24.5424,12.7163,1.32483,5.67183,10.8303,-10.9297,-10.9297,-7.28646,-3.64323,-3.64323,-3.64323
12.4852,-9.09901,-12.4254,-8.35696,-3.66836,-2.9875,-4.43689,5.10183,25.2904,13.2276,2.49896,4.46132,9.57008,-10.8503,-10.8503,-7.23353,-3.61676,-3.61676,-3.61676
12.4904,-9.0046,-12.3573,-8.31235,-3.67693,-2.94464,-4.40971,5.01687,25.2054,13.171,2.47064,4.433,9.54176,-10.7653,-10.7653,-7.17689,-3.58844,-3.58844,-3.58844
12.4953,-8.92668,-12.297,-8.267,-3.69559,-2.9017,-4.38104,4.6446,24.0727,12.9584,1.48326,5.01054,10.8811,-10.6846,-10.6846,-7.12308,-3.56154,-3.56154,-3.56154
12.5002,-8.83947,-12.2301,-8.22329,-3.70765,-2.85862,-4.36051,4.17713,25.134,13.435,1.67142,5.62098,10.0259,-10.6033,-10.6033,-7.06885,-3.53442,-3.53442,-3.53442
12.5053,-8.7308,-12.1701,-8.18695,-3.71556,-2.81608,-4.33665,4.09179,25.0486,13.3781,1.64298,5.59254,9.9975,-10.5179,-10.5179,-7.01196,-3.50598,-3.50598,-3.50598
12.5103,-8.61939,-12.1204,-8.1574,-3.71968,-2.7766,-4.31109,4.77577,24.854,11.9697,0.439112,7.70067,9.41463,-10.4336,-10.4336,-6.95574,-3.47787,-3.47787,-3.47787
12.5153,-8.5157,-12.0742,-8.10482,-3.70729,-2.75694,-4.28011,4.69081,24.7691,11.913,0.410791,7.67235,9.38631,-10.3487,-10.3487,-6.8991,-3.44955,-3.44955,-3.44955
12.5203,-8.41969,-12.0313,-8.04019,-3.683,-2.7612,-4.24618,3.99845,24.2422,12.5749,1.62426,5.49102,9.78006,-10.2631,-10.2631,-6.84204,-3.42102,-3.42102,-3.42102
12.5253,-8.32243,-11.9821,-7.97943,-3.66238,-2.75999,-4.21402,5.00754,23.6871,12.1705,1.39679,5.37119,10.1405,-10.1768,-10.1768,-6.78455,-3.39227,-3.39227,-3.39227
12.5303,-8.24316,-11.9184,-7.9155,-3.64167,-2.75307,-4.18715,4.92068,23.6003,12.1126,1.36784,5.34224,10.1115,-10.09,-10.09,-6.72664,-3.36332,-3.36332,-3.36332
12.5353,-8.18055,-11.8473,-7.84967,-3.61961,-2.7411,-4.16556,4.44708,23.2527,11.8641,1.81064,5.95892,11.018,-10.0025,-10.0025,-6.66832,-3.33416,-3.33416,-3.33416
12.5402,-8.11084,-11.7728,-7.78438,-3.60209,-2.73049,-4.15717,4.36074,23.1663,11.8065,1.78186,5.93014,10.9892,-9.91614,-9.91614,-6.61076,-3.30538,-3.30538,-3.30538
12.5453,-8.03558,-11.6941,-7.71798,-3.58637,-2.71865,-4.15833,4.65244,24.4313,12.2248,0.476581,4.02042,9.59286,-9.82566,-9.82566,-6.55044,-3.27522,-3.27522,-3.27522
12.5503,-7.96779,-11.6357,-7.66211,-3.55864,-2.68769,-4.15092,3.51902,23.2269,12.6167,1.98689,4.92629,9.91913,-9.73634,-9.73634,-6.4909,-3.24545,-3.24545,-3.24545
12.5552,-7.87438,-11.5735,-7.62345,-3.53727,-2.65382,-4.13971,3.43091,23.1388,12.5579,1.95752,4.89692,9.88976,-9.64823,-9.64823,-6.43215,-3.21608,-3.21608,-3.21608
12.5601,-7.77086,-11.5077,-7.59723,-3.52021,-2.61776,-4.12487,3.65348,23.0501,11.435,1.96935,5.30619,8.92455,-9.55954,-9.55954,-6.37303,-3.18651,-3.18651,-3.18651
12.5652,-7.66421,-11.4346,-7.55383,-3.50588,-2.5813,-4.09726,4.80956,23.0714,11.8705,2.57595,3.79311,9.37383,-9.46664,-9.46664,-6.31109,-3.15555,-3.15555,-3.15555
12.5702,-7.58832,-11.3624,-7.51143,-3.50223,-2.5388,-4.06737,3.2128,22.6292,11.6673,1.70083,5.26123,10.9661,-9.37496,-9.37496,-6.24997,-3.12499,-3.12499,-3.12499
12.5753,-7.49122,-11.2829,-7.46383,-3.49532,-2.49778,-4.04962,3.91852,21.3806,11.638,1.92614,4.97318,10.38,-9.28086,-9.28086,-6.18724,-3.09362,-3.09362,-3.09362
12.5804,-7.39542,-11.1911,-7.4138,-3.48875,-2.45784,-4.03541,3.82382,21.2859,11.5748,1.89457,4.94161,10.3485,-9.18616,-9.18616,-6.1241,-3.06205,-3.06205,-3.06205
12.5856,-7.29991,-11.0923,-7.36086,-3.48163,-2.41801,-4.02277,3.61239,22.3629,10.6908,1.70486,4.3793,10.5065,-9.08899,-9.08899,-6.05933,-3.02966,-3.02966,-3.02966
12.5903,-7.21179,-11.0047,-7.30004,-3.47465,-2.37983,-4.01487,3.52405,22.2745,10.6319,1.67542,4.34986,10.4771,-9.00065,-9.00065,-6.00043,-3.00022,-3.00022,-3.00022
12.5953,-7.12256,-10.9138,-7.22943,-3.46548,-2.33761,-4.0087,3.33497,20.7379,11.269,2.37255,3.97059,9.07935,-8.90613,-8.90613,-5.93742,-2.96871,-2.96871,-2.96871
12.6003,-7.02869,-10.8185,-7.16427,-3.4641,-2.29328,-3.98973,3.5354,21.4191,11.1262,2.44022,5.41274,10.2814,-8.81106,-8.81106,-5.87404,-2.93702,-2.93702,-2.93702
12.6051,-6.93886,-10.7271,-7.1063,-3.46984,-2.25382,-3.97614,3.44362,21.3273,11.065,2.40963,5.38215,10.2508,-8.71928,-8.71928,-5.81285,-2.90643,-2.90643,-2.90643
12.6102,-6.84504,-10.6305,-7.04935,-3.48107,-2.21485,-3.96645,1.9508,21.4853,11.2693,2.12026,2.85718,8.40478,-8.62122,-8.62122,-5.74748,-2.87374,-2.87374,-2.87374
12.6152,-6.72863,-10.5372,-7.00235,-3.49372,-2.16914,-3.94119,3.58379,20.4155,10.2288,2.59312,4.43128,8.8114,-8.52455,-8.52455,-5.68303,-2.84152,-2.84152,-2.84152
12.6202,-6.62656,-10.441,-6.94189,-3.51267,-2.12401,-3.90913,3.48659,20.3183,10.164,2.56072,4.39888,8.779,-8.42735,-8.42735,-5.61824,-2.80912,-2.80912,-2.80912
12.6253,-6.53701,-10.3409,-6.8712,-3.53603,-2.07879,-3.87173,3.69424,20.7308,9.50606,3.41345,6.02165,9.30053,-8.32768,-8.32768,-5.55178,-2.77589,-2.77589,-2.77589
12.6304,-6.46714,-10.2407,-6.78877,-3.56965,-2.04219,-3.83363,3.03454,19.3147,10.7162,5.19337,4.59721,10.2607,-8.22746,-8.22746,-5.48498,-2.74249,-2.74249,-2.74249
12.6354,-6.39124,-10.1401,-6.71383,-3.61567,-2.00683,-3.80246,2.93578,19.2159,10.6504,5.16045,4.56429,10.2278,-8.1287,-8.1287,-5.41914,-2.70957,-2.70957,-2.70957
12.6402,-6.32188,-10.0425,-6.6463,-3.66355,-1.97279,-3.77851,1.80822,19.3767,10.683,6.26305,5.07901,11.8603,-8.03342,-8.03342,-5.35562,-2.67781,-2.67781,-2.67781
12.6452,-6.21994,-9.94017,-6.57925,-3.71552,-1.94145,-3.77425,1.70849,19.277,10.6165,6.2298,5.04576,11.8271,-7.93369,-7.93369,-5.28912,-2.64456,-2.64456,-2.64456
12.6503,-6.10345,-9.8353,-6.51216,-3.76946,-1.91318,-3.7875,2.68975,21.2236,10.1011,5.94732,4.60596,10.4268,-7.83145,-7.83145,-5.22097,-2.61048,-2.61048,-2.61048
12.6553,-5.99914,-9.73329,-6.44455,-3.82256,-1.88453,-3.79737,2.58903,21.1228,10.034,5.91375,4.57239,10.3932,-7.73073,-7.73073,-5.15382,-2.57691,-2.57691,-2.57691
12.6604,-5.90464,-9.63056,-6.37617,-3.87571,-1.85373,-3.80365,1.88693,20.0149,9.8293,5.69718,3.56094,9.46458,-7.62751,-7.62751,-5.085,-2.5425,-2.5425,-2.5425
12.6654,-5.80041,-9.5301,-6.3074,-3.9237,-1.81659,-3.79844,1.78525,19.9132,9.76152,5.66329,3.52705,9.43069,-7.52583,-7.52583,-5.01722,-2.50861,-2.50861,-2.50861
12.6705,-5.69239,-9.42784,-6.23569,-3.95608,-1.77465,-3.78513,2.25236,19.1864,9.38065,6.026,4.59356,8.29472,-7.42164,-7.42164,-4.94776,-2.47388,-2.47388,-2.47388
12.6753,-5.59617,-9.33099,-6.16353,-3.95886,-1.73834,-3.75589,2.15387,19.088,9.31499,5.99317,4.56073,8.26189,-7.32315,-7.32315,-4.8821,-2.44105,-2.44105,-2.44105
12.6803,-5.50453,-9.2297,-6.08537,-3.9361,-1.70365,-3.71689,1.93657,19.2292,8.99341,7.0849,4.84102,8.88994,-7.22011,-7.22011,-4.81341,-2.4067,-2.4067,-2.4067
12.6852,-5.41103,-9.1303,-6.00459,-3.9065,-1.67545,-3.67727,2.46556,19.116,9.06583,5.6849,2.6627,9.77522,-7.1187,-7.1187,-4.7458,-2.3729,-2.3729,-2.3729
12.6902,-5.32096,-9.02887,-5.92151,-3.86415,-1.63673,-3.64072,2.36164,19.0121,8.99655,5.65026,2.62806,9.74058,-7.01478,-7.01478,-4.67652,-2.33826,-2.33826,-2.33826
12.6953,-5.23441,-8.92546,-5.83663,-3.81601,-1.59197,-3.60785,1.49872,20.1112,9.42301,5.40778,5.04346,8.66182,-6.90834,-6.90834,-4.60556,-2.30278,-2.30278,-2.30278
12.7004,-5.13075,-8.82361,-5.75761,-3.76516,-1.55402,-3.57149,1.30122,19.4765,9.50642,5.39699,4.44479,9.00707,-6.80146,-6.80146,-4.53431,-2.26715,-2.26715,-2.26715
12.7053,-5.01807,-8.72711,-5.6909,-3.71517,-1.52175,-3.53621,1.19812,19.3734,9.43768,5.36263,4.41043,8.97271,-6.69836,-6.69836,-4.46557,-2.23279,-2.23279,-2.23279
12.7102,-4.90056,-8.63237,-5.63317,-3.66454,-1.49281,-3.50059,1.15766,20.7434,8.88798,5.89117,3.90397,7.50577,-6.59486,-6.59486,-4.39657,-2.19829,-2.19829,-2.19829
12.7153,-4.77709,-8.54304,-5.57158,-3.61168,-1.46121,-3.45752,0.344256,18.5904,9.35929,6.07868,5.1182,10.02,-6.48672,-6.48672,-4.32448,-2.16224,-2.16224,-2.16224
12.7202,-4.6472,-8.45303,-5.51738,-3.56082,-1.44361,-3.42334,0.239965,18.4861,9.28976,6.04392,5.08344,9.9852,-6.38243,-6.38243,-4.25495,-2.12748,-2.12748,-2.12748
12.7252,-4.51042,-8.35809,-5.46339,-3.50882,-1.43835,-3.3961,1.2797,18.4857,8.77756,7.03503,3.78927,9.65151,-6.27562,-6.27562,-4.18374,-2.09187,-2.09187,-2.09187
12.7304,-4.37402,-8.2571,-5.39795,-3.45506,-1.42969,-3.36997,1.1682,18.3742,8.70324,6.99787,3.75211,9.61435,-6.16412,-6.16412,-4.10942,-2.05471,-2.05471,-2.05471
12.7352,-4.25585,-8.16246,-5.33109,-3.40578,-1.41778,-3.34652,1.70714,19.2677,8.80994,5.77112,4.13168,8.33792,-6.06084,-6.06084,-4.04056,-2.02028,-2.02028,-2.02028
12.7402,-4.14864,-8.06591,-5.26386,-3.35393,-1.4053,-3.31302,1.46523,18.6752,7.83928,7.26694,3.1021,8.37646,-5.95289,-5.95289,-3.9686,-1.9843,-1.9843,-1.9843
12.7452,-4.0487,-7.96954,-5.18579,-3.30275,-1.38249,-3.27462,1.5224,17.8774,8.34181,6.18755,4.04303,8.98619,-5.84458,-5.84458,-3.89638,-1.94819,-1.94819,-1.94819
12.7503,-3.95686,-7.87003,-5.1075,-3.25045,-1.36106,-3.23677,1.41154,17.7665,8.26791,6.1506,4.00608,8.94924,-5.73372,-5.73372,-3.82248,-1.91124,-1.91124,-1.91124
12.7553,-3.87926,-7.77186,-5.03263,-3.19918,-1.3403,-3.20164,1.72408,18.6858,8.20776,6.28813,3.84553,8.93773,-5.62468,-5.62468,-3.74979,-1.87489,-1.87489,-1.87489
12.7604,-3.81912,-7.67354,-4.95698,-3.14697,-1.31798,-3.16732,2.0065,18.3063,7.82196,4.62806,2.36762,9.15722,-5.5131,-5.5131,-3.6754,-1.8377,-1.8377,-1.8377
12.7653,-3.77554,-7.58108,-4.88396,-3.09588,-1.28369,-3.13646,1.89897,18.1988,7.75027,4.59222,2.33178,9.12138,-5.40557,-5.40557,-3.60371,-1.80186,-1.80186,-1.80186
12.7703,-3.74387,-7.48939,-4.81045,-3.04317,-1.24179,-3.10615,0.78421,17.8877,6.99138,5.80581,3.02373,8.90253,-5.29551,-5.29551,-3.53034,-1.76517,-1.76517,-1.76517
12.7755,-3.67303,-7.3957,-4.72721,-2.98827,-1.19751,-3.07424,0.669401,17.7729,6.91484,5.76754,2.98546,8.86426,-5.1807,-5.1807,-3.4538,-1.7269,-1.7269,-1.7269
12.7802,-3.59282,-7.3118,-4.64755,-2.93862,-1.15689,-3.04536,-0.825485,17.724,7.49336,7.35573,3.58833,9.06969,-5.07663,-5.07663,-3.38442,-1.69221,-1.69221,-1.69221
12.7852,-3.47438,-7.22133,-4.56336,-2.88635,-1.11588,-3.01678,0.0603219,18.8541,7.13511,6.38309,2.61569,8.76773,-4.96562,-4.96562,-3.31041,-1.65521,-1.65521,-1.65521
12.7903,-3.34981,-7.13451,-4.475,-2.8334,-1.0724,-2.98636,0.0137533,16.7864,6.99672,6.86688,3.6294,8.02608,-4.85207,-4.85207,-3.23472,-1.61736,-1.61736,-1.61736
12.7953,-3.22396,-7.04202,-4.38717,-2.78221,-1.03341,-2.95053,-0.0978713,16.6747,6.9223,6.82967,3.59219,7.98887,-4.74045,-4.74045,-3.1603,-1.58015,-1.58015,-1.58015
12.8003,-3.09792,-6.94625,-4.29892,-2.73185,-0.997591,-2.91121,-0.580148,17.7408,7.24688,6.12996,2.6358,7.80252,-4.62853,-4.62853,-3.08569,-1.54284,-1.54284,-1.54284
12.8054,-2.96342,-6.8506,-4.21232,-2.68066,-0.958469,-2.86845,-0.694598,17.6264,7.17058,6.09181,2.59765,7.76437,-4.51408,-4.51408,-3.00939,-1.50469,-1.50469,-1.50469
12.8105,-2.82811,-6.75711,-4.12918,-2.62971,-0.916821,-2.82411,0.360843,17.3816,7.30309,7.03889,2.55113,9.15029,-4.39934,-4.39934,-2.9329,-1.46645,-1.46645,-1.46645
12.8154,-2.70989,-6.66844,-4.05417,-2.58281,-0.875652,-2.78626,0.467038,16.097,6.60869,5.96705,2.50601,8.74913,-4.28884,-4.28884,-2.85923,-1.42961,-1.42961,-1.42961
12.8203,-2.60215,-6.575,-3.9758,-2.53599,-0.834288,-2.75091,0.356278,15.9863,6.53485,5.93013,2.46909,8.71221,-4.17808,-4.17808,-2.78539,-1.39269,-1.39269,-1.39269
12.8253,-2.50476,-6.47695,-3.89301,-2.48841,-0.791647,-2.71692,-0.418917,17.3544,6.78119,6.38917,3.31729,7.57321,-4.0648,-4.0648,-2.70987,-1.35493,-1.35493,-1.35493
12.8305,-2.3907,-6.37708,-3.80902,-2.43982,-0.751706,-2.67594,-0.536989,17.2363,6.70247,6.34982,3.27794,7.53386,-3.94673,-3.94673,-2.63115,-1.31558,-1.31558,-1.31558
12.8355,-2.27655,-6.28364,-3.73034,-2.39404,-0.717482,-2.63322,-0.599548,17.6821,6.82099,7.34689,1.61713,9.69841,-3.83295,-3.83295,-2.5553,-1.27765,-1.27765,-1.27765
12.8404,-2.1648,-6.19847,-3.65744,-2.35464,-0.677586,-2.59923,-0.719161,16.4356,6.97431,5.62881,1.96077,9.09813,-3.72122,-3.72122,-2.48081,-1.24041,-1.24041,-1.24041
12.8453,-2.04813,-6.11242,-3.59201,-2.31295,-0.63588,-2.57024,-0.831115,16.3237,6.89968,5.59149,1.92345,9.06081,-3.60927,-3.60927,-2.40618,-1.20309,-1.20309,-1.20309
12.8507,-1.91689,-6.01698,-3.52733,-2.26525,-0.588206,-2.54344,-2.1131,16.066,6.35746,7.99288,2.26312,7.33048,-3.48564,-3.48564,-2.32376,-1.16188,-1.16188,-1.16188
12.8552,-1.79588,-5.9346,-3.46839,-2.23746,-0.548783,-2.51234,-1.35739,15.1945,5.98978,5.37512,3.90956,7.3292,-3.38243,-3.38243,-2.25495,-1.12748,-1.12748,-1.12748
12.8602,-1.66298,-5.83911,-3.39721,-2.20002,-0.512552,-2.47352,-0.70397,15.123,6.39599,5.50242,2.25666,7.6635,-3.26755,-3.26755,-2.17837,-1.08918,-1.08918,-1.08918
12.8653,-1.53561,-5.73939,-3.32712,-2.15779,-0.475463,-2.43258,-0.821354,15.0057,6.31773,5.4633,2.21754,7.62438,-3.15017,-3.15017,-2.10011,-1.05006,-1.05006,-1.05006
12.8702,-1.42387,-5.64224,-3.2614,-2.1148,-0.438846,-2.39233,-1.74597,14.9439,5.90802,5.70716,2.37032,8.11664,-3.03719,-3.03719,-2.0248,-1.0124,-1.0124,-1.0124
12.8752,-1.30152,-5.54227,-3.19121,-2.07001,-0.402792,-2.354,-1.86143,14.8284,5.83104,5.66867,2.33183,8.07815,-2.92173,-2.92173,-1.94782,-0.973911,-0.973911,-0.973911
12.8803,-1.17352,-5.43965,-3.11709,-2.02364,-0.366749,-2.31847,-1.23472,14.4701,5.418,6.74715,1.28235,7.50891,-2.80378,-2.80378,-1.86918,-0.934592,-0.934592,-0.934592
12.8855,-1.05325,-5.33428,-3.03555,-1.98028,-0.324272,-2.28103,-1.13454,13.9517,5.46519,5.98664,1.85492,7.3694,-2.68332,-2.68332,-1.78888,-0.89444,-0.89444,-0.89444
12.8905,-0.943326,-5.2323,-2.95598,-1.93904,-0.283294,-2.24325,-1.25053,13.8357,5.38786,5.94798,1.81626,7.33074,-2.56733,-2.56733,-1.71155,-0.855777,-0.855777,-0.855777
12.8956,-0.835857,-5.12789,-2.87453,-1.89724,-0.24114,-2.20342,-1.76694,13.3863,5.21274,6.76961,0.890805,6.25625,-2.44886,-2.44886,-1.63257,-0.816285,-0.816285,-0.816285
12.9002,-0.737506,-5.03326,-2.79976,-1.8649,-0.199714,-2.16294,-1.89364,12.8775,5.31697,6.05498,1.23602,5.87282,-2.34186,-2.34186,-1.56124,-0.780621,-0.780621,-0.780621
12.9052,-0.624638,-4.93002,-2.72045,-1.83002,-0.153931,-2.11593,-2.01007,12.761,5.23935,6.01617,1.19721,5.83401,-2.22543,-2.22543,-1.48362,-0.741809,-0.741809,-0.741809
12.9105,-0.502476,-4.82024,-2.63839,-1.79398,-0.104567,-2.06426,-1.51901,12.9802,4.78077,3.83874,0.0216581,5.95842,-2.10185,-2.10185,-1.40124,-0.700618,-0.700618,-0.700618
12.9154,-0.399925,-4.71861,-2.5599,-1.75098,-0.0565734,-2.01567,-1.4285,13.6223,4.84455,5.69673,0.761853,7.45209,-1.98748,-1.98748,-1.32499,-0.662493,-0.662493,-0.662493
12.9202,-0.308988,-4.61915,-2.48292,-1.71067,-0.00918573,-1.96891,-3.2782,12.1863,4.89727,5.21223,1.92507,5.73387,-1.87532,-1.87532,-1.25022,-0.625108,-0.625108,-0.625108
12.9256,-0.176771,-4.50698,-2.39803,-1.66505,0.0430376,-1.9154,-1.8088,11.1065,5.06386,4.22621,0.781727,6.22169,-1.74902,-1.74902,-1.16601,-0.583007,-0.583007,-0.583007
12.9304,-0.0692284,-4.40675,-2.32611,-1.62215,0.089779,-1.86763,-2.47277,13.1926,4.32224,3.82443,1.70475,6.52371,-1.63665,-1.63665,-1.0911,-0.545549,-0.545549,-0.545549
12.9355,0.0495148,-4.30046,-2.24639,-1.57444,0.138341,-1.81716,-2.20615,13.6878,4.3199,5.70556,1.342,6.81508,-1.51715,-1.51715,-1.01143,-0.505716,-0.505716,-0.505716
12.9403,0.157846,-4.20077,-2.16906,-1.53322,0.183368,-1.77041,-2.14141,12.5351,3.923,9.02144,1.13888,8.18516,-1.40459,-1.40459,-0.936392,-0.468196,-0.468196,-0.468196
12.9453,0.267148,-4.09701,-2.08633,-1.51948,0.230091,-1.72563,-2.56607,15.5934,3.83433,7.53332,0.959004,9.02372,-1.28725,-1.28725,-0.858169,-0.429084,-0.429084,-0.429084
12.9503,0.380398,-3.99443,-2.00125,-1.51883,0.276898,-1.69245,-3.1878,12.5879,4.13225,6.22735,1.20139,8.04067,-1.16984,-1.16984,-0.779893,-0.389947,-0.389947,-0.389947
12.9552,0.500057,-3.89387,-1.91951,-1.51222,0.322287,-1.66603,-2.79862,13.2726,4.71385,5.34441,0.922888,7.01697,-1.0547,-1.0547,-0.703136,-0.351568,-0.351568,-0.351568
12.9602,0.620069,-3.79147,-1.84272,-1.49015,0.3684,-1.63562,-2.17939,12.1938,4.46619,5.4377,-0.159575,7.44974,-0.937155,-0.937155,-0.62477,-0.312385,-0.312385,-0.312385
12.9652,0.726792,-3.68876,-1.76929,-1.459,0.416227,-1.60724,-3.32927,13.5496,4.20804,7.3857,0.844502,7.16214,-0.819547,-0.819547,-0.546365,-0.273182,-0.273182,-0.273182
12.9704,0.847553,-3.58249,-1.69487,-1.4364,0.46564,-1.57684,-3.24282,12.9033,4.01779,6.88951,0.795434,7.89967,-0.697182,-0.697182,-0.464788,-0.232394,-0.232394,-0.232394
12.9753,0.963694,-3.48242,-1.62257,-1.41775,0.511617,-1.55388,-2.63321,13.0952,3.87401,5.68358,1.41938,5.70014,-0.581834,-0.581834,-0.387889,-0.193945,-0.193945,-0.193945
12.9803,1.07199,-3.3806,-1.54713,-1.38855,0.556402,-1.51772,-2.93612,12.7096,3.09328,7.0271,0.361699,7.6481,-0.464096,-0.464096,-0.309397,-0.154699,-0.154699,-0.154699
12.9853,1.1793,-3.27889,-1.46393,-1.36212,0.601752,-1.48633,-3.94827,13.4783,3.34499,5.75412,-0.257157,6.80568,-0.34633,-0.34633,-0.230887,-0.115443,-0.115443,-0.115443
12.9903,1.2995,-3.17796,-1.37848,-1.32741,0.648673,-1.45311,-3.52234,12.2691,3.47755,5.9467,0.912461,6.79126,-0.228542,-0.228542,-0.152361,-0.0761807,-0.0761807,-0.0761807
12.9953,1.42083,-3.07683,-1.29369,-1.29056,0.694122,-1.41886,-4.18386,12.9078,3.37812,4.63231,1.48591,7.19083,-0.11074,-0.11074,-0.0738268,-0.0369134,-0.0369134,-0.0369134
13.0005,1.55345,-2.97196,-1.20476,-1.24554,0.737211,-1.38729,-4.72402,13.0493,3.63084,5.48571,0.583953,7.01751,0.011781,0.011781,0.00785398,0.00392699,0.00392699,0.00392699
13.0054,1.68758,-2.87384,-1.12372,-1.20309,0.77635,-1.35812,-4.83947,12.9339,3.55387,5.44723,0.545469,6.97903,0.127233,0.127233,0.084822,0.042411,0.042411,0.042411
13.0103,1.82518,-2.7764,-1.04506,-1.16081,0.814548,-1.32845,-3.77686,11.6837,3.42884,5.84759,0.556668,6.69215,0.242677,0.242677,0.161785,0.0808925,0.0808925,0.0808925
13.0155,1.96402,-2.67227,-0.964882,-1.11759,0.854569,-1.29348,-3.88753,11.4154,3.45794,6.12968,1.92344,6.80864,0.365174,0.365174,0.243449,0.121725,0.121725,0.121725
13.0203,2.08608,-2.57551,-0.895233,-1.07927,0.880497,-1.25954,-3.41747,11.1921,3.46408,4.36147,0.221471,7.83079,0.478226,0.478226,0.318818,0.159409,0.159409,0.159409
13.0252,2.1971,-2.47628,-0.829267,-1.03534,0.911253,-1.23096,-3.12309,11.9356,3.33073,4.76185,0.0919313,5.18413,0.593606,0.593606,0.395737,0.197869,0.197869,0.197869
13.0302,2.28854,-2.37518,-0.763289,-0.989309,0.945889,-1.19053,-3.6072,10.4231,3.13941,5.2277,-0.129461,7.37222,0.711304,0.711304,0.474203,0.237101,0.237101,0.237101
13.0353,2.37721,-2.27121,-0.697074,-0.943064,0.984908,-1.15398,-4.51127,12.0564,3.02387,5.77558,-0.508944,5.8087,0.831311,0.831311,0.554207,0.277104,0.277104,0.277104
13.0402,2.47822,-2.17187,-0.632347,-0.90187,1.02581,-1.1147,-4.36648,11.9569,3.04318,4.4372,0.4214,5.98556,0.946561,0.946561,0.631041,0.31552,0.31552,0.31552
13.0452,2.5851,-2.07104,-0.566462,-0.857839,1.06544,-1.07345,-3.76301,11.1538,3.08395,4.13306,1.01978,5.9795,1.06411,1.06411,0.709404,0.354702,0.354702,0.354702
13.0507,2.68957,-1.95996,-0.496654,-0.807251,1.10216,-1.02752,-3.90405,11.8363,3.00198,5.74598,0.918744,6.49118,1.19333,1.19333,0.795552,0.397776,0.397776,0.397776
13.0552,2.76885,-1.86993,-0.441762,-0.769758,1.12666,-0.991645,-4.75043,9.96551,2.61804,5.34644,-0.838717,6.49736,1.29899,1.29899,0.865993,0.432997,0.432997,0.432997
13.0603,2.87372,-1.7667,-0.376455,-0.728374,1.1621,-0.953514,-4.74008,11.0199,2.03039,5.62947,0.545553,7.46763,1.41866,1.41866,0.945775,0.472887,0.472887,0.472887
13.0655,2.98612,-1.66125,-0.297932,-0.688509,1.19373,-0.924822,-3.77063,9.50721,1.43705,6.58243,0.521471,6.67351,1.54059,1.54059,1.02706,0.513529,0.513529,0.513529
13.0703,3.07016,-1.56296,-0.216416,-0.658753,1.2186,-0.899026,-4.99416,9.93056,0.914823,6.66087,-0.0128135,6.48699,1.65304,1.65304,1.10203,0.551013,0.551013,0.551013
13.0752,3.17006,-1.4623,-0.127036,-0.635607,1.24537,-0.870445,-4.99066,9.31946,-0.0164537,5.72839,0.238753,5.76979,1.76774,1.76774,1.17849,0.589247,0.589247,0.589247
13.0802,3.27876,-1.35905,-0.0299844,-0.610689,1.27037,-0.834941,-5.33611,8.76123,-0.669159,6.29386,-1.91162,5.7805,1.88467,1.88467,1.25645,0.628225,0.628225,0.628225
13.0852,3.39392,-1.25534,0.0698843,-0.588945,1.30974,-0.797359,-5.20865,9.11321,-0.665527,4.92184,-0.352523,5.8078,2.00149,2.00149,1.33433,0.667163,0.667163,0.667163
13.0903,3.51261,-1.14934,0.172596,-0.555616,1.35001,-0.758105,-6.47816,9.64828,-0.788768,4.7414,-1.41892,5.9834,2.12052,2.12052,1.41368,0.706839,0.706839,0.706839
13.0952,3.64177,-1.04746,0.271375,-0.517933,1.39268,-0.721429,-5.17399,8.37565,-1.01958,3.41992,-0.703515,4.47148,2.23475,2.23475,1.48983,0.744915,0.744915,0.744915
13.1003,3.77006,-0.941114,0.373468,-0.470555,1.43713,-0.677827,-5.61188,9.6202,-1.36,5.07774,-0.502979,7.08978,2.3535,2.3535,1.569,0.784499,0.784499,0.784499
13.1052,3.89212,-0.839049,0.470166,-0.425056,1.47893,-0.643921,-5.71795,8.65125,-1.27922,5.80152,-0.805924,4.78308,2.46745,2.46745,1.64497,0.822484,0.822484,0.822484
13.1102,4.01557,-0.734792,0.565588,-0.38094,1.52197,-0.603764,-5.77498,8.21592,-1.63043,5.54753,-1.01023,6.38381,2.58358,2.58358,1.72239,0.861193,0.861193,0.861193
13.1152,4.13941,-0.63045,0.655774,-0.338063,1.56591,-0.567934,-5.07537,9.20315,-1.70356,4.37451,-1.40493,6.18783,2.69955,2.69955,1.7997,0.899849,0.899849,0.899849
13.1204,4.25461,-0.522064,0.743672,-0.290364,1.61298,-0.533346,-4.96334,8.13322,-1.92596,5.43561,-0.128552,5.82477,2.81998,2.81998,1.87998,0.939992,0.939992,0.939992
13.1255,4.35183,-0.415684,0.823119,-0.244407,1.6559,-0.49885,-5.88897,8.97669,-2.01295,4.09634,-2.25442,6.1001,2.93791,2.93791,1.95861,0.979303,0.979303,0.979303
13.1303,4.45415,-0.315697,0.893522,-0.198788,1.69994,-0.467729,-5.99979,8.86587,-2.08683,4.0594,-2.29136,6.06316,3.04873,3.04873,2.03249,1.01624,1.01624,1.01624
13.1353,4.56388,-0.211619,0.964591,-0.149977,1.74792,-0.435977,-5.74469,8.26991,-1.95675,4.97318,-3.62146,5.19674,3.16399,3.16399,2.10932,1.05466,1.05466,1.05466
13.1403,4.67219,-0.107534,1.02881,-0.102009,1.79804,-0.39952,-5.85975,8.15485,-2.03346,4.93482,-3.65982,5.15838,3.27905,3.27905,2.18603,1.09302,1.09302,1.09302
13.1454,4.77761,-0.00137143,1.0884,-0.0540863,1.85009,-0.359436,-6.3118,8.3214,-2.87441,5.86453,-2.51483,7.68613,3.3962,3.3962,2.26413,1.13207,1.13207,1.13207
13.1503,4.8851,0.100567,1.1543,-0.0121254,1.90025,-0.337043,-7.35793,9.76535,-2.64627,6.18312,-1.73256,6.72132,3.50855,3.50855,2.33904,1.16952,1.16952,1.16952
13.1553,5.0124,0.204076,1.22199,0.0232202,1.95128,-0.320734,-7.47237,9.65091,-2.72255,6.14498,-1.7707,6.68318,3.62299,3.62299,2.41532,1.20766,1.20766,1.20766
13.1603,5.14607,0.307059,1.29059,0.0483322,2.00219,-0.309194,-6.59369,8.19711,-2.30127,4.00379,-0.989051,6.26423,3.73719,3.73719,2.49146,1.24573,1.24573,1.24573
13.1652,5.27134,0.408038,1.35225,0.0841215,2.05152,-0.294465,-6.43748,7.9987,-2.72268,4.61239,-1.34093,5.19199,3.8489,3.8489,2.56593,1.28297,1.28297,1.28297
13.1703,5.39167,0.513229,1.41785,0.12492,2.10233,-0.267082,-6.82535,7.78419,-2.0957,2.719,-1.49552,4.65652,3.96491,3.96491,2.64328,1.32164,1.32164,1.32164
13.1754,5.51197,0.618513,1.47123,0.17362,2.15253,-0.229057,-7.83156,9.26412,-2.25647,4.71729,-3.09075,5.81853,4.08068,4.08068,2.72045,1.36023,1.36023,1.36023
13.1802,5.63625,0.717115,1.51593,0.218565,2.20053,-0.193978,-6.72675,7.62671,-3.24646,5.33518,-2.29898,5.21098,4.18939,4.18939,2.79293,1.39646,1.39646,1.39646
13.1854,5.7644,0.824057,1.57594,0.265307,2.25247,-0.153968,-7.7938,8.0883,-2.52223,4.52597,-2.36299,5.21321,4.3069,4.3069,2.87126,1.43563,1.43563,1.43563
13.1906,5.90005,0.930884,1.63035,0.312313,2.30436,-0.112881,-7.23728,7.73468,-3.48654,4.39581,-2.13711,5.08305,4.42412,4.42412,2.94941,1.47471,1.47471,1.47471
13.1954,6.02161,1.02955,1.69349,0.35569,2.35193,-0.0744631,-7.67617,6.63395,-2.78938,4.128,-1.9578,4.97256,4.53205,4.53205,3.02137,1.51068,1.51068,1.51068
13.2003,6.14656,1.13071,1.75568,0.400314,2.3999,-0.0354414,-7.59304,6.99682,-3.91602,4.61299,-2.16005,4.31491,4.64198,4.64198,3.09465,1.54733,1.54733,1.54733
13.2053,6.27326,1.23407,1.82993,0.444597,2.44836,0.00668895,-7.56702,8.00784,-3.65621,5.58586,-2.1725,4.16998,4.75386,4.75386,3.16924,1.58462,1.58462,1.58462
13.2103,6.39654,1.33705,1.90519,0.483686,2.49635,0.0507593,-7.13883,7.00975,-4.02111,5.1595,-2.20142,5.45758,4.86545,4.86545,3.24363,1.62182,1.62182,1.62182
13.2153,6.50797,1.44008,1.98469,0.519646,2.54387,0.0913757,-7.99478,7.39876,-3.19451,4.93197,-3.12447,6.22365,4.97674,4.97674,3.31782,1.65891,1.65891,1.65891
13.2203,6.62461,1.54295,2.05727,0.554639,2.59223,0.123544,-7.38868,6.17678,-3.58827,5.18477,-3.60031,5.11025,5.08772,5.08772,3.39181,1.69591,1.69591,1.69591
13.2252,6.72972,1.64406,2.12644,0.584865,2.64069,0.156113,-7.58776,5.47332,-3.33245,3.53402,-3.81862,4.1633,5.19618,5.19618,3.46412,1.73206,1.73206,1.73206
13.2303,6.83653,1.74973,2.1924,0.625884,2.69181,0.195877,-6.77047,6.38917,-3.77324,4.19202,-4.27842,4.37418,5.30873,5.30873,3.53916,1.76958,1.76958,1.76958
13.2353,6.91556,1.85335,2.25684,0.666715,2.74259,0.237402,-7.43603,5.57775,-3.93854,3.42671,-4.02529,4.75151,5.41875,5.41875,3.6125,1.80625,1.80625,1.80625
13.2403,6.99738,1.95723,2.32411,0.711621,2.79362,0.278436,-8.3416,5.91726,-3.56859,4.70667,-3.43257,3.92835,5.52844,5.52844,3.68563,1.84281,1.84281,1.84281
13.2453,7.10069,2.06125,2.38763,0.755152,2.84463,0.322171,-7.64324,4.90962,-3.76061,4.38042,-3.45246,5.18358,5.63778,5.63778,3.75852,1.87926,1.87926,1.87926
13.2503,7.19747,2.16561,2.45025,0.797798,2.8956,0.363745,-8.0832,5.88012,-4.93471,3.54921,-3.35631,3.57405,5.74678,5.74678,3.83119,1.91559,1.91559,1.91559
13.2557,7.30735,2.27835,2.53352,0.846358,2.95054,0.412131,-7.4992,5.9835,-4.2856,3.46042,-3.04766,3.97378,5.8641,5.8641,3.9094,1.9547,1.9547,1.9547
13.2604,7.3892,2.37638,2.60512,0.889743,2.99811,0.454967,-7.22667,5.79893,-4.15907,4.90862,-3.00706,4.55258,5.96587,5.96587,3.97724,1.98862,1.98862,1.98862
13.2653,7.45879,2.4785,2.67572,0.932278,3.0474,0.498455,-9.13694,4.86188,-4.70192,4.04537,-3.19963,5.80901,6.07162,6.07162,4.04775,2.02387,2.02387,2.02387
13.2704,7.5688,2.58486,2.75006,0.976947,3.09844,0.537203,-8.10402,6.1036,-4.3445,5.08521,-2.97123,5.94633,6.1813,6.1813,4.12087,2.06043,2.06043,2.06043
13.2753,7.67148,2.68687,2.81984,1.01544,3.14683,0.565449,-7.87413,5.81339,-4.51692,4.2222,-2.94,3.17892,6.28631,6.28631,4.19088,2.09544,2.09544,2.09544
13.2806,7.77353,2.79705,2.89389,1.05725,3.19833,0.60722,-8.26704,4.88472,-4.6885,4.08512,-2.72104,4.14308,6.39948,6.39948,4.26632,2.13316,2.13316,2.13316
13.2853,7.86321,2.89492,2.96218,1.09462,3.24236,0.645261,-7.96908,4.50494,-5.07701,3.86135,-2.91169,3.60467,6.49946,6.49946,4.33297,2.16649,2.16649,2.16649
13.2904,7.95119,3.00132,3.04079,1.13633,3.28846,0.689431,-9.37343,4.79485,-4.86692,2.98076,-3.64324,4.703,6.60755,6.60755,4.40503,2.20252,2.20252,2.20252
13.2956,8.06733,3.10982,3.11877,1.18237,3.33573,0.732411,-9.43198,4.53138,-4.8586,4.04541,-3.99447,3.17601,6.71732,6.71732,4.47822,2.23911,2.23911,2.23911
13.3004,8.18401,3.21001,3.18785,1.22352,3.3804,0.775558,-8.91827,4.91905,-5.06173,3.17549,-3.73003,4.83977,6.81825,6.81825,4.5455,2.27275,2.27275,2.27275
13.3054,8.30475,3.31426,3.2583,1.26868,3.42671,0.817472,-9.023,4.81432,-5.13155,3.14058,-3.76494,4.80486,6.92298,6.92298,4.61532,2.30766,2.30766,2.30766
13.3104,8.42195,3.41843,3.32874,1.31529,3.47326,0.855774,-8.51266,5.65162,-5.94512,3.94209,-3.90735,4.08285,7.02728,7.02728,4.68485,2.34243,2.34243,2.34243
13.3153,8.52575,3.5202,3.40581,1.35992,3.51875,0.893506,-8.61445,5.54983,-6.01298,3.90816,-3.94128,4.04892,7.12907,7.12907,4.75271,2.37636,2.37636,2.37636
13.3203,8.61986,3.62375,3.48929,1.40446,3.56535,0.932138,-9.79744,4.623,-5.39015,3.98133,-4.27383,3.17817,7.2325,7.2325,4.82167,2.41083,2.41083,2.41083
13.3253,8.73107,3.72719,3.56821,1.4484,3.61262,0.973826,-10.3181,4.35841,-5.8977,4.46036,-4.49032,3.18524,7.33549,7.33549,4.89032,2.44516,2.44516,2.44516
13.3304,8.85935,3.83258,3.64813,1.48938,3.66163,1.01784,-8.83877,5.55403,-5.09798,4.74014,-4.5583,3.32426,7.44007,7.44007,4.96004,2.48002,2.48002,2.48002
13.3352,8.96528,3.93135,3.71665,1.52189,3.70821,1.06006,-9.6696,4.27014,-5.68163,5.35331,-4.21837,4.71575,7.53806,7.53806,5.02537,2.51269,2.51269,2.51269
13.3404,9.08297,4.03843,3.79201,1.54862,3.75838,1.1017,-9.33793,4.46787,-5.7479,2.91689,-4.27843,4.09265,7.64373,7.64373,5.09582,2.54791,2.54791,2.54791
13.3453,9.18621,4.13938,3.86518,1.58537,3.80539,1.13874,-9.29126,4.28206,-5.72829,3.15709,-4.77515,4.72201,7.74284,7.74284,5.1619,2.58095,2.58095,2.58095
13.3504,9.289,4.24449,3.94083,1.62931,3.85455,1.17051,-10.2213,4.59309,-6.07261,1.92227,-4.46161,4.35659,7.84551,7.84551,5.23034,2.61517,2.61517,2.61517
13.3554,9.40152,4.3474,4.01791,1.67789,3.90248,1.19778,-9.5926,3.42912,-5.91367,2.61752,-5.02492,2.48504,7.94568,7.94568,5.29712,2.64856,2.64856,2.64856
13.3603,9.50683,4.44849,4.09165,1.72642,3.94977,1.23519,-9.80061,3.15413,-5.80742,3.87664,-4.8422,2.6098,8.04337,8.04337,5.36225,2.68112,2.68112,2.68112
13.3653,9.61262,4.55186,4.16237,1.77481,3.99796,1.27829,-9.6831,3.25584,-5.49525,3.04869,-5.57907,2.75061,8.14256,8.14256,5.42837,2.71419,2.71419,2.71419
13.3707,9.71793,4.66371,4.23078,1.82726,4.0507,1.32697,-8.93862,3.02318,-5.6917,4.53669,-5.50695,3.49341,8.24912,8.24912,5.49942,2.74971,2.74971,2.74971
13.3754,9.77809,4.76124,4.28596,1.86896,4.09675,1.36853,-9.95679,3.30131,-6.5913,4.22442,-5.7033,4.03398,8.34139,8.34139,5.56093,2.78046,2.78046,2.78046
13.3805,9.85271,4.86719,4.35757,1.911,4.1467,1.41134,-10.1234,2.00791,-6.68069,3.62818,-6.62246,3.92626,8.44099,8.44099,5.62733,2.81366,2.81366,2.81366
13.3852,9.93151,4.96521,4.42953,1.94928,4.19326,1.4489,-9.94676,2.1845,-5.80733,3.89582,-7.29874,3.56462,8.5323,8.5323,5.6882,2.8441,2.8441,2.8441
13.3903,10.0182,5.07178,4.49878,1.98974,4.24436,1.48924,-9.935,2.44444,-6.70486,2.81969,-7.59655,2.61269,8.63086,8.63086,5.75391,2.87695,2.87695,2.87695
13.3954,10.1059,5.17841,4.57086,2.03422,4.29582,1.53195,-10.0606,2.93354,-6.08049,3.50738,-8.34958,2.33162,8.72886,8.72886,5.81924,2.90962,2.90962,2.90962
13.4005,10.1952,5.28486,4.63217,2.07984,4.3477,1.57705,-9.86253,2.26089,-7.02534,2.26602,-8.80434,1.33038,8.82631,8.82631,5.8842,2.9421,2.9421,2.9421
13.4055,10.2757,5.38937,4.70358,2.12739,4.39884,1.62483,-9.65413,2.59531,-6.3927,1.721,-9.42388,2.39168,8.92129,8.92129,5.94753,2.97376,2.97376,2.97376
13.4104,10.3458,5.49171,4.76851,2.1756,4.44921,1.67164,-10.7553,2.51456,-5.69782,2.26975,-9.65345,2.33599,9.01384,9.01384,6.00923,3.00461,3.00461,3.00461
13.4153,10.4347,5.59402,4.81928,2.22362,4.49973,1.71855,-10.6543,2.66295,-6.62233,1.5684,-9.93252,3.804,9.10585,9.10585,6.07057,3.03528,3.03528,3.03528
13.4203,10.5324,5.69829,4.87473,2.27277,4.55141,1.76307,-10.4561,0.82021,-6.6114,2.01752,-9.83944,2.90348,9.19919,9.19919,6.13279,3.0664,3.0664,3.0664
13.4254,10.6302,5.80497,4.93198,2.32198,4.60415,1.80718,-10.7043,1.02109,-6.42995,2.99614,-10.0614,2.4331,9.29381,9.29381,6.19587,3.09794,3.09794,3.09794
13.4303,10.7244,5.90765,4.98396,2.36519,4.65481,1.84962,-10.377,1.43504,-6.72426,0.631068,-10.7788,0.945708,9.38416,9.38416,6.2561,3.12805,3.12805,3.12805
13.4353,10.8108,6.01253,5.04173,2.41181,4.70655,1.89639,-9.86977,2.90373,-7.41443,8.24301,-11.3972,3.39089,9.47577,9.47577,6.31718,3.15859,3.15859,3.15859
13.4404,10.8773,6.11908,5.11084,2.40504,4.75942,1.94032,-10.0887,3.45698,-7.63726,5.04906,-10.9645,3.07842,9.56862,9.56862,6.37908,3.18954,3.18954,3.18954
13.4454,10.9357,6.22298,5.18587,2.38062,4.8112,1.97979,-10.4904,3.23265,-8.57953,4.00048,-11.3424,3.9922,9.65905,9.65905,6.43937,3.21968,3.21968,3.21968
13.4503,11.0015,6.3243,5.27006,2.35892,4.86188,2.00723,-10.8109,1.96261,-7.88791,4.55901,-11.8851,3.04377,9.74709,9.74709,6.49806,3.24903,3.24903,3.24903
13.4556,11.0894,6.43385,5.36173,2.33713,4.9166,2.03452,-10.9055,1.86802,-7.95097,4.52748,-11.9166,3.01224,9.84168,9.84168,6.56112,3.28056,3.28056,3.28056
13.4604,11.1747,6.53309,5.44594,2.31944,4.966,2.05877,-12.078,1.93655,-7.38904,2.28836,-12.7481,2.8928,9.92675,9.92675,6.61783,3.30892,3.30892,3.30892
13.4654,11.2903,6.63639,5.52853,2.33106,5.0174,2.08594,-11.7326,1.87224,-7.98694,3.21951,-13.2329,3.04563,10.0148,10.0148,6.67651,3.33825,3.33825,3.33825
13.4706,11.4177,6.74366,5.61323,2.35533,5.07086,2.11447,-11.7447,1.77346,-7.00461,2.54337,-12.8905,2.81661,10.1056,10.1056,6.73709,3.36855,3.36855,3.36855
13.4755,11.5382,6.84457,5.67887,2.3899,5.12113,2.14267,-11.6169,1.03834,-7.92446,2.83795,-12.4966,2.63923,10.1907,10.1907,6.79377,3.39689,3.39689,3.39689
13.4805,11.661,6.94756,5.74416,2.42962,5.17211,2.17217,-11.0884,2.42581,-7.87947,3.4468,-11.954,2.4946,10.2768,10.2768,6.85119,3.4256,3.4256,3.4256
13.4852,11.7685,7.04401,5.8075,2.46721,5.21913,2.20136,-11.1688,2.34542,-7.93307,3.42001,-11.9808,2.46781,10.3572,10.3572,6.90479,3.45239,3.45239,3.45239
13.4904,11.8799,7.15052,5.8819,2.50986,5.26934,2.23487,-11.8639,0.854442,-8.27198,1.3951,-11.6542,3.18358,10.4455,10.4455,6.96364,3.48182,3.48182,3.48182
13.4956,11.995,7.25739,5.9606,2.55925,5.31464,2.26293,-11.4392,0.798359,-8.0106,2.34295,-12.3955,1.15063,10.533,10.533,7.02203,3.51101,3.51101,3.51101
13.5005,12.0941,7.35824,6.03165,2.60637,5.35312,2.29958,-11.8048,-0.0202289,-7.6033,4.05445,-12.1909,3.13537,10.6149,10.6149,7.07662,3.53831,3.53831,3.53831
13.5055,12.1951,7.46155,6.09623,2.65098,5.3859,2.33101,-12.0532,0.385361,-7.8613,2.60265,-13.0631,1.25301,10.6978,10.6978,7.13189,3.56595,3.56595,3.56595
13.5105,12.3009,7.56493,6.15392,2.69695,5.41866,2.36908,-12.8092,-0.34699,-8.29652,1.58164,-13.2147,2.49244,10.7801,10.7801,7.18673,3.59336,3.59336,3.59336
13.5152,12.4117,7.66242,6.21231,2.74269,5.4503,2.40312,-11.8379,0.100301,-8.19509,2.52483,-13.3314,3.04647,10.8568,10.8568,7.23787,3.61893,3.61893,3.61893
13.5203,12.523,7.76828,6.27417,2.7924,5.48584,2.43354,-11.5422,0.135933,-8.33373,2.52214,-14.2532,2.84506,10.9394,10.9394,7.29291,3.64646,3.64646,3.64646
13.5253,12.6137,7.8721,6.33477,2.84059,5.52678,2.45702,-11.8392,0.615165,-8.15107,3.20747,-14.6856,2.03171,11.0196,11.0196,7.34642,3.67321,3.67321,3.67321
13.5303,12.6954,7.9757,6.389,2.88714,5.5723,2.48411,-11.6508,-0.000222438,-8.37551,2.36122,-14.7369,2.41918,11.0992,11.0992,7.39948,3.69974,3.69974,3.69974
13.5353,12.7629,8.07934,6.44473,2.9341,5.61998,2.51087,-11.4854,0.693074,-8.16059,3.08012,-14.7632,1.65596,11.1781,11.1781,7.45208,3.72604,3.72604,3.72604
13.5403,12.8148,8.18265,6.49236,2.98024,5.66886,2.54266,-12.3398,0.520361,-8.17512,1.21589,-14.5906,1.32353,11.2563,11.2563,7.50423,3.75211,3.75211,3.75211
13.5454,12.8831,8.28779,6.53655,3.02993,5.71922,2.58015,-11.2763,1.1544,-9.0053,2.15829,-13.9546,1.04877,11.3354,11.3354,7.55693,3.77847,3.77847,3.77847
13.5504,12.926,8.39041,6.59522,3.07857,5.76818,2.62068,-12.9606,-0.281708,-8.3898,3.25049,-12.9369,2.04161,11.4122,11.4122,7.60814,3.80407,3.80407,3.80407
13.5552,13.0036,8.48906,6.64869,3.12282,5.81303,2.657,-11.9187,0.52782,-9.01953,3.19301,-13.367,3.67325,11.4853,11.4853,7.65685,3.82843,3.82843,3.82843
13.5605,13.0831,8.59753,6.71173,3.1686,5.86026,2.68059,-12.4241,-0.135305,-8.70289,2.15621,-13.7414,1.60145,11.5652,11.5652,7.71014,3.85507,3.85507,3.85507
13.5652,13.1609,8.69363,6.76502,3.2104,5.90065,2.70685,-12.3761,0.708589,-9.20113,2.72069,-14.3527,0.25325,11.6354,11.6354,7.75694,3.87847,3.87847,3.87847
13.5703,13.247,8.79726,6.82794,3.25536,5.94524,2.74664,-11.8409,0.420426,-8.84807,3.0847,-14.5186,2.49682,11.7109,11.7109,7.80725,3.90362,3.90362,3.90362
13.5755,13.317,8.90215,6.88754,3.29935,5.99164,2.78133,-11.9565,0.363956,-8.1778,2.13195,-14.0306,1.55235,11.787,11.787,7.85803,3.92901,3.92901,3.92901
13.5802,13.369,8.99657,6.92966,3.34085,6.03273,2.81437,-11.276,0.236687,-9.49606,1.97674,-14.8647,1.96846,11.8552,11.8552,7.90348,3.95174,3.95174,3.95174
13.5853,13.3918,9.09883,6.99026,3.38786,6.0791,2.84929,-12.0585,-0.301552,-8.98685,1.98545,-15.237,1.81157,11.9285,11.9285,7.9523,3.97615,3.97615,3.97615
13.5903,13.4172,9.19926,7.04862,3.43466,6.12634,2.8833,-11.6646,-0.317413,-7.83875,3.1872,-14.0517,1.9038,11.9995,11.9995,7.99968,3.99984,3.99984,3.99984
13.5953,13.4304,9.29986,7.08523,3.47742,6.17226,2.91509,-11.8689,-1.04963,-10.9788,2.21156,-14.2657,2.24468,12.0698,12.0698,8.04656,4.02328,4.02328,4.02328
13.6003,13.4415,9.40107,7.15897,3.51973,6.21723,2.94237,-11.6075,0.373992,-8.32075,2.63549,-14.7939,2.35397,12.1394,12.1394,8.09294,4.04647,4.04647,4.04647
13.6053,13.4431,9.50076,7.21157,3.56028,6.26278,2.9638,-12.6495,-0.289735,-9.10649,2.62911,-15.3882,0.915148,12.2082,12.2082,8.13882,4.06941,4.06941,4.06941
13.6106,13.4812,9.60593,7.26527,3.60159,6.31265,2.99405,-12.7571,0.0163307,-9.59766,2.5471,-14.9734,0.957344,12.2804,12.2804,8.18691,4.09346,4.09346,4.09346
13.6152,13.5371,9.69635,7.32082,3.63572,6.35625,3.02411,-12.4684,-1.12509,-9.29827,0.795945,-16.3023,2.8825,12.3423,12.3423,8.22819,4.1141,4.1141,4.1141
13.6202,13.6063,9.79535,7.37709,3.67908,6.40535,3.04444,-12.5349,-1.19166,-9.34265,0.773754,-16.3245,2.86031,12.4089,12.4089,8.27257,4.13629,4.13629,4.13629
13.6254,13.6825,9.89869,7.43024,3.72735,6.45751,3.05273,-13.5726,-1.58318,-8.89294,2.42351,-15.2129,1.99295,12.4773,12.4773,8.31819,4.15909,4.15909,4.15909
13.6303,13.7808,9.99709,7.46981,3.77058,6.5066,3.0589,-12.5883,-0.86679,-10.1706,2.12075,-15.5487,1.45007,12.541,12.541,8.36066,4.18033,4.18033,4.18033
13.6353,13.8717,10.0975,7.52889,3.81421,6.55679,3.06973,-12.8771,-1.88054,-10.1173,3.03497,-14.5683,2.12417,12.6052,12.6052,8.40349,4.20175,4.20175,4.20175
13.6403,13.9612,10.1986,7.59433,3.85334,6.60628,3.07731,-12.6805,-1.46331,-9.01428,2.69918,-14.9372,2.06162,12.6687,12.6687,8.4458,4.2229,4.2229,4.2229
13.6452,14.0394,10.2981,7.64922,3.88888,6.6543,3.08275,-12.3874,-1.46965,-11.9394,3.02646,-16.0258,1.58574,12.7301,12.7301,8.48676,4.24338,4.24338,4.24338
13.6503,14.1034,10.4015,7.73376,3.92133,6.70488,3.09111,-12.5687,0.173206,-9.64492,4.47097,-15.8564,1.34941,12.7933,12.7933,8.52886,4.26443,4.26443,4.26443
13.6553,14.1575,10.5008,7.80824,3.9359,6.75469,3.10675,-12.4486,-1.78301,-10.4778,3.82132,-14.5272,0.948158,12.8544,12.8544,8.5696,4.2848,4.2848,4.2848
13.6603,14.1992,10.6005,7.88328,3.94875,6.80342,3.13273,-12.3592,-1.85513,-9.46254,2.87385,-14.7377,1.82229,12.9147,12.9147,8.60982,4.30491,4.30491,4.30491
13.6652,14.2303,10.698,7.93958,3.97312,6.84988,3.1566,-12.9179,-1.97657,-9.08343,1.93532,-14.0037,1.51304,12.9731,12.9731,8.64871,4.32436,4.32436,4.32436
13.6705,14.277,10.8034,7.97317,4.01377,6.89614,3.18362,-12.3025,-2.29091,-10.4834,1.16938,-15.1257,1.35982,13.0353,13.0353,8.6902,4.3451,4.3451,4.3451
13.6752,14.302,10.8975,8.01567,4.05623,6.93645,3.20858,-12.156,-1.37214,-9.72133,0.952513,-15.5826,1.24231,13.0897,13.0897,8.72649,4.36325,4.36325,4.36325
13.6803,14.3116,10.9989,8.05613,4.10565,6.98123,3.23748,-12.7343,-1.4462,-9.67867,2.08401,-15.7097,1.57065,13.148,13.148,8.76534,4.38267,4.38267,4.38267
13.6853,14.328,11.0975,8.08851,4.15354,7.0262,3.26394,-12.436,-1.2109,-10.3871,1.78373,-15.7616,0.0780451,13.2043,13.2043,8.80287,4.40143,4.40143,4.40143
13.6902,14.3382,11.1919,8.12856,4.20025,7.07111,3.29893,-12.4904,-1.54899,-10.0158,1.7656,-14.869,1.12804,13.2587,13.2587,8.83913,4.41956,4.41956,4.41956
13.6954,14.349,11.2898,8.1659,4.24985,7.11675,3.33525,-12.8388,-1.18824,-9.89486,2.50013,-15.4261,2.01989,13.3155,13.3155,8.87703,4.43851,4.43851,4.43851
13.7003,14.3742,11.3782,8.19651,4.29466,7.15926,3.3607,-12.9704,-1.34741,-10.6845,1.3399,-14.9634,0.677498,13.3683,13.3683,8.9122,4.4561,4.4561,4.4561
13.7052,14.4137,11.462,8.2372,4.34004,7.19969,3.3894,-12.6244,-1.48208,-10.3158,0.428335,-15.552,1.44677,13.4203,13.4203,8.94685,4.47343,4.47343,4.47343
13.7104,14.4564,11.5499,8.28331,4.38937,7.24253,3.41641,-12.8481,-2.12346,-10.8201,2.80316,-15.0071,2.63756,13.4746,13.4746,8.98304,4.49152,4.49152,4.49152
13.7154,14.5033,11.638,8.33952,4.42926,7.28078,3.42498,-13.3565,-1.1464,-9.77176,2.67841,-14.1714,1.10521,13.5259,13.5259,9.01727,4.50863,4.50863,4.50863
13.7203,14.5668,11.72,8.38298,4.4595,7.30955,3.43576,-13.2563,-1.98391,-10.8623,2.33898,-14.1631,-0.360298,13.5754,13.5754,9.05028,4.52514,4.52514,4.52514
13.7252,14.6373,11.8024,8.43427,4.48375,7.32842,3.46336,-13.2104,-2.17842,-10.0776,1.26291,-15.5869,1.26291,13.6241,13.6241,9.08275,4.54137,4.54137,4.54137
13.7303,14.714,11.8895,8.47691,4.5143,7.35301,3.48859,-13.2997,-2.59076,-9.27481,1.52781,-14.701,0.0705345,13.674,13.674,9.11597,4.55799,4.55799,4.55799
13.7352,14.7871,11.9775,8.49399,4.54562,7.37262,3.52036,-13.1734,-2.14921,-11.3084,2.15797,-14.8657,1.70257,13.721,13.721,9.14734,4.57367,4.57367,4.57367
13.7402,14.8574,12.0637,8.53123,4.57408,7.39041,3.54557,-13.323,-3.26809,-10.3074,1.55436,-14.7407,1.13208,13.7682,13.7682,9.17879,4.5894,4.5894,4.5894
13.7452,14.9274,12.1538,8.56035,4.60537,7.40418,3.56988,-13.2629,-2.76672,-10.5117,1.62172,-13.5141,1.32364,13.8145,13.8145,9.20968,4.60484,4.60484,4.60484
13.7503,14.9956,12.2458,8.58931,4.63886,7.39944,3.59003,-13.3763,-2.5728,-10.7224,0.322861,-13.7945,0.496741,13.8609,13.8609,9.2406,4.6203,4.6203,4.6203
13.7552,15.0579,12.3302,8.61626,4.67875,7.38339,3.61298,-13.2309,-1.48182,-10.9731,1.46749,-15.9702,0.788528,13.9046,13.9046,9.26974,4.63487,4.63487,4.63487
13.7603,15.1196,12.4053,8.65129,4.71954,7.38173,3.63577,-13.2755,-1.52645,-11.0028,1.45261,-15.985,0.773651,13.9492,13.9492,9.2995,4.64975,4.64975,4.64975
13.7654,15.1721,12.4693,8.69571,4.75967,7.39584,3.65758,-12.9568,-2.83488,-10.2901,0.916392,-13.2838,-0.400128,13.993,13.993,9.32866,4.66433,4.66433,4.66433
13.7702,15.206,12.539,8.72882,4.79706,7.38913,3.68763,-13.2611,-2.15813,-11.782,1.38318,-14.4151,-0.496375,14.0333,14.0333,9.35555,4.67778,4.67778,4.67778
13.7752,15.2425,12.6071,8.78307,4.83163,7.37846,3.72413,-13.3023,-2.1993,-11.8095,1.36946,-14.4288,-0.5101,14.0745,14.0745,9.383,4.6915,4.6915,4.6915
13.7803,15.2764,12.6718,8.85011,4.86162,7.3663,3.76464,-12.9651,-3.3082,-11.4314,1.14048,-16.1316,1.93536,14.1156,14.1156,9.4104,4.7052,4.7052,4.7052
13.7855,15.2966,12.747,8.91741,4.89274,7.37382,3.79232,-12.9194,-2.77788,-11.1411,2.71658,-13.5453,0.696259,14.1566,14.1566,9.43772,4.71886,4.71886,4.71886
13.7905,15.3032,12.8202,8.97773,4.91114,7.36584,3.81626,-12.9422,-2.54849,-10.2033,1.99166,-14.2206,-0.194257,14.1951,14.1951,9.46339,4.7317,4.7317,4.7317
13.7953,15.3025,12.888,9.01492,4.92696,7.35328,3.84408,-12.8404,-2.10784,-10.7248,1.73949,-13.9511,1.36689,14.2312,14.2312,9.48749,4.74375,4.74375,4.74375
13.8005,15.2939,12.9491,9.04583,4.94642,7.33268,3.86374,-13.0678,-1.78758,-10.7377,0.236345,-14.353,0.269465,14.2695,14.2695,9.51299,4.75649,4.75649,4.75649
13.8053,15.2916,12.9991,9.07642,4.97659,7.31239,3.88552,-12.7437,-2.12934,-10.7712,0.978339,-13.9836,1.46686,14.3039,14.3039,9.53596,4.76798,4.76798,4.76798
13.8105,15.2841,13.0502,9.10781,5.01146,7.28646,3.89972,-12.7801,-2.30755,-11.2406,1.28912,-13.6066,0.295522,14.3404,14.3404,9.56024,4.78012,4.78012,4.78012
13.8154,15.2756,13.0967,9.14432,5.04361,7.25709,3.91905,-12.8766,-1.98639,-11.3298,0.772896,-15.3897,0.400296,14.3738,14.3738,9.58253,4.79126,4.79126,4.79126
13.8203,15.2781,13.1369,9.18703,5.07748,7.24029,3.94065,-12.6452,-2.72038,-10.8165,0.612995,-15.5164,-0.0328453,14.4064,14.4064,9.60425,4.80213,4.80213,4.80213
13.8255,15.2896,13.186,9.22296,5.11703,7.23757,3.96929,-12.2415,-2.06842,-10.9977,2.10046,-14.7411,1.06546,14.44,14.44,9.62668,4.81334,4.81334,4.81334
13.8303,15.2995,13.2238,9.25333,5.14615,7.23963,3.9887,-11.8462,-2.76052,-10.9154,1.19615,-14.8008,1.22927,14.4702,14.4702,9.64682,4.82341,4.82341,4.82341
13.8355,15.3042,13.2696,9.27859,5.17861,7.24657,4.00147,-11.3224,-3.82462,-11.154,1.19383,-14.3063,1.71547,14.502,14.502,9.66801,4.83401,4.83401,4.83401
13.8404,15.2926,13.3328,9.2999,5.20956,7.25111,4.00083,-10.8472,-4.33829,-10.9978,-0.397336,-14.2084,1.15102,14.5311,14.5311,9.68739,4.8437,4.8437,4.8437
13.8454,15.2604,13.4133,9.31743,5.24951,7.25294,3.9948,-10.214,-2.74777,-11.1236,1.94459,-15.4103,-0.299289,14.5599,14.5599,9.70658,4.85329,4.85329,4.85329
13.8502,15.2034,13.483,9.33342,5.27914,7.26626,4.0015,-9.72075,-3.90135,-10.3347,0.635704,-14.0282,0.594304,14.5866,14.5866,9.72443,4.86222,4.86222,4.86222
13.8554,15.1205,13.566,9.33304,5.31427,7.27362,4.00833,-9.36665,-2.96413,-11.0139,1.5951,-14.0127,-0.897175,14.6147,14.6147,9.74315,4.87158,4.87158,4.87158
13.8602,15.0335,13.6348,9.33027,5.3426,7.27466,4.03042,-8.98982,-2.78428,-11.5405,1.38803,-15.1637,1.87655,14.6398,14.6398,9.75985,4.87993,4.87993,4.87993
13.8653,14.9357,13.6954,9.33678,5.36926,7.28605,4.03612,-8.80277,-3.44439,-11.1898,1.20558,-16.4143,-0.0529751,14.6655,14.6655,9.77699,4.8885,4.8885,4.8885
13.8704,14.8473,13.7563,9.34255,5.39603,7.3174,4.0483,-8.89845,-3.43765,-11.1395,1.06485,-14.8659,0.51009,14.6903,14.6903,9.7935,4.89675,4.89675,4.89675
13.8756,14.7856,13.8152,9.34563,5.42354,7.34853,4.06113,-8.45387,-3.54463,-11.6823,2.00896,-14.4682,-0.201804,14.7145,14.7145,9.80969,4.90484,4.90484,4.90484
13.8802,14.7549,13.8643,9.35715,5.4403,7.37198,4.0785,-8.36421,-2.79309,-11.1255,0.41231,-14.9139,-0.42397,14.7352,14.7352,9.82346,4.91173,4.91173,4.91173
13.8852,14.7484,13.8988,9.36176,5.46383,7.39854,4.10197,-8.07848,-3.13378,-12.0135,0.819115,-14.118,0.628675,14.7568,14.7568,9.83785,4.91893,4.91893,4.91893
13.8906,14.7755,13.9161,9.3752,5.49204,7.41864,4.11795,-8.5381,-3.96376,-10.4337,-1.68887,-13.935,-0.165355,14.7791,14.7791,9.85271,4.92635,4.92635,4.92635
13.8952,14.8459,13.9517,9.36712,5.53085,7.42709,4.13404,-8.67051,-3.78101,-10.3309,-1.02424,-14.8767,0.830476,14.7972,14.7972,9.86481,4.9324,4.9324,4.9324
13.9002,14.9509,13.9999,9.3418,5.57505,7.44005,4.14166,-8.93364,-2.34206,-10.45,-1.32033,-16.2657,-1.20441,14.8161,14.8161,9.87737,4.93869,4.93869,4.93869
13.9053,15.0774,14.028,9.30732,5.62199,7.47086,4.16414,-9.22773,-3.69995,-10.9492,-0.895862,-14.7235,0.503458,14.8343,14.8343,9.88956,4.94478,4.94478,4.94478
13.9104,15.2152,14.0596,9.2732,5.66927,7.49937,4.17967,-9.01654,-3.08688,-10.9628,1.8142,-13.6528,-0.9182,14.8517,14.8517,9.90112,4.95056,4.95056,4.95056
13.9152,15.3467,14.0771,9.24323,5.70279,7.5145,4.20351,-9.26838,-3.03922,-10.7244,1.52753,-14.2873,-0.393428,14.8671,14.8671,9.91142,4.95571,4.95571,4.95571
13.9203,15.4889,14.0897,9.21309,5.72303,7.52785,4.22972,-9.49268,-3.9176,-10.7389,-0.150188,-14.9631,-0.862268,14.8826,14.8826,9.92174,4.96087,4.96087,4.96087
13.9254,15.6334,14.1294,9.19349,5.74228,7.54741,4.26049,-9.41265,-4.13703,-12.0026,-2.53967,-12.7655,-0.171591,14.8971,14.8971,9.93142,4.96571,4.96571,4.96571
13.9303,15.773,14.1838,9.21107,5.77661,7.54481,4.2863,-9.42571,-4.15009,-12.0113,-2.54402,-12.7698,-0.175943,14.9102,14.9102,9.94013,4.97006,4.97006,4.97006
13.9353,15.9146,14.2468,9.25619,5.81727,7.52533,4.30831,-9.36326,-4.1625,-10.4521,-1.38896,-13.7013,-0.67688,14.9226,14.9226,9.9484,4.9742,4.9742,4.9742
13.9404,16.0568,14.3228,9.296,5.85575,7.50355,4.33237,-8.85095,-3.84321,-11.8539,3.93946,-15.3364,2.0185,14.9343,14.9343,9.95621,4.9781,4.9781,4.9781
13.9454,16.1882,14.3973,9.35539,5.83392,7.50055,4.32544,-8.42023,-1.36767,-13.4368,6.61868,-13.8826,0.715018,14.9449,14.9449,9.96324,4.98162,4.98162,4.98162
13.9503,16.303,14.4226,9.4375,5.78461,7.49469,4.30856,-8.46907,-3.64261,-11.6415,2.88951,-13.4718,-0.223771,14.9543,14.9543,9.96954,4.98477,4.98477,4.98477
13.9553,16.4072,14.4575,9.51714,5.7335,7.48092,4.29386,-8.36354,-4.23444,-11.4697,0.51024,-14.9402,-0.43368,14.963,14.963,9.97536,4.98768,4.98768,4.98768
13.9603,16.4973,14.5155,9.59152,5.6849,7.47938,4.28556,-7.83944,-5.44786,-11.291,0.789159,-12.7652,0.019119,14.9708,14.9708,9.98056,4.99028,4.99028,4.99028
13.9652,16.5549,14.5964,9.65588,5.64266,7.46312,4.27772,-7.29853,-4.20959,-11.6612,0.613028,-13.7445,-0.703492,14.9776,14.9776,9.98506,4.99253,4.99253,4.99253
13.9703,16.5749,14.6744,9.71198,5.61036,7.4433,4.28063,-7.24158,-2.74208,-10.9045,1.38932,-12.5045,1.00844,14.9837,14.9837,9.98912,4.99456,4.99456,4.99456
13.9753,16.5562,14.7152,9.73849,5.58706,7.4106,4.27218,-7.18751,-3.74791,-11.0396,-0.00339713,-13.6157,0.195323,14.9887,14.9887,9.99247,4.99624,4.99624,4.99624
13.9803,16.509,14.7363,9.73828,5.58925,7.37757,4.26423,-6.85672,-2.14052,-11.1071,0.193954,-12.8636,0.00351374,14.9928,14.9928,9.99521,4.99761,4.99761,4.99761
13.9854,16.4327,14.7151,9.72679,5.6096,7.33957,4.25764,-7.09242,-2.92786,-12.1605,0.664835,-13.08,1.13679,14.9961,14.9961,9.99737,4.99869,4.99869,4.99869
13.9902,16.355,14.6825,9.73391,5.63608,7.30299,4.24041,-7.92198,-3.64312,-11.7126,2.26215,-14.0908,0.432272,14.9982,14.9982,9.99882,4.99941,4.99941,4.99941
13.9953,16.2965,14.6629,9.75073,5.65606,7.27041,4.22145,-7.58451,-3.90059,-11.3791,-0.122944,-13.4703,0.307616,14.9996,14.9996,9.99973,4.99986,4.99986,4.99986
14.0003,16.2473,14.6575,9.76254,5.68758,7.2406,4.20401,-7.32094,-3.4597,-11.6929,-0.114799,-11.7316,0.605561,15,15,10,5,5,5
14.0056,16.1993,14.645,9.77445,5.72685,7.19782,4.18205,-7.32036,-3.45912,-11.6925,-0.114607,-11.7314,0.605753,14.9994,14.9994,9.99961,4.99981,4.99981,4.99981
14.0102,16.1509,14.6317,9.7876,5.76327,7.15648,4.16045,-8.00851,-2.59497,-11.2506,0.548242,-13.9832,-0.163838,14.9981,14.9981,9.99872,4.99936,4.99936,4.99936
14.0152,16.1228,14.5896,9.78791,5.80112,7.11599,4.14224,-7.66338,-3.44762,-11.3473,0.491065,-12.492,-0.0222949,14.9957,14.9957,9.99715,4.99857,4.99857,4.99857
14.0202,16.11,14.5533,9.78267,5.83615,7.07424,4.12578,-7.66011,-3.44435,-11.3451,0.492157,-12.4909,-0.0212032,14.9924,14.9924,9.99497,4.99748,4.99748,4.99748
14.0255,16.0976,14.5309,9.78023,5.86996,7.02982,4.10867,-7.58077,-2.20267,-10.7904,1.00701,-12.4563,-0.243269,14.988,14.988,9.99198,4.99599,4.99599,4.99599
14.0302,16.0963,14.4835,9.75672,5.89223,6.98992,4.09773,-7.57593,-2.19783,-10.7871,1.00862,-12.4547,-0.241655,14.9831,14.9831,9.98875,4.99438,4.99438,4.99438
14.0353,16.0976,14.4159,9.71446,5.91036,6.94636,4.08914,-8.43261,-2.77475,-11.4832,0.257205,-11.9806,0.704325,14.9769,14.9769,9.98463,4.99232,4.99232,4.99232
14.0403,16.1283,14.3509,9.67901,5.93022,6.90248,4.07288,-7.34606,-3.24846,-11.4639,1.43529,-13.3693,0.0276949,14.97,14.97,9.97997,4.98999,4.98999,4.98999
14.0455,16.1536,14.2916,9.64411,5.94121,6.86216,4.05747,-7.33781,-3.24021,-11.4584,1.43804,-13.3666,0.0304449,14.9617,14.9617,9.97447,4.98724,4.98724,4.98724
14.0503,16.1569,14.2506,9.61981,5.94458,6.83294,4.04499,-6.65162,-3.8148,-11.25,2.31856,-11.4759,1.5982,14.9532,14.9532,9.9688,4.9844,4.9844,4.9844
14.0552,16.13,14.2307,9.59315,5.93533,6.79689,4.01855,-6.64207,-3.80525,-11.2436,2.32174,-11.4727,1.60138,14.9436,14.9436,9.96243,4.98122,4.98122,4.98122
14.0602,16.0709,14.2329,9.56706,5.91664,6.75664,3.98355,-6.58413,-3.06179,-11.0547,0.0814182,-11.1463,-0.796262,14.933,14.933,9.95532,4.97766,4.97766,4.97766
14.0655,15.9839,14.231,9.53366,5.91118,6.71033,3.95988,-6.2842,-3.70748,-11.3411,0.0938011,-10.7282,-0.394719,14.9207,14.9207,9.94712,4.97356,4.97356,4.97356
14.0703,15.8975,14.2443,9.50789,5.9148,6.66535,3.94783,-6.27216,-3.69544,-11.3331,0.0978143,-10.7241,-0.390706,14.9086,14.9086,9.93909,4.96955,4.96955,4.96955
14.0752,15.8036,14.2768,9.49135,5.92472,6.61805,3.9432,-6.33385,-1.84227,-11.0004,1.29452,-11.5643,-1.3054,14.8955,14.8955,9.93031,4.96516,4.96516,4.96516
14.0803,15.7006,14.2828,9.4764,5.92665,6.5693,3.95651,-6.96537,-2.06003,-12.1589,1.97836,-12.9919,-1.54064,14.8808,14.8808,9.92056,4.96028,4.96028,4.96028
14.0853,15.6251,14.2699,9.4914,5.90958,6.526,3.98513,-6.95009,-2.04475,-12.1488,1.98346,-12.9868,-1.53554,14.8656,14.8656,9.91037,4.95518,4.95518,4.95518
14.0904,15.5651,14.2475,9.53421,5.87836,6.49006,4.02255,-6.051,-2.09922,-12.3028,1.59981,-12.9813,0.581365,14.849,14.849,9.89935,4.94967,4.94967,4.94967
14.0952,15.4992,14.2201,9.59148,5.84511,6.46725,4.04844,-6.03458,-2.0828,-12.2919,1.60528,-12.9758,0.586841,14.8326,14.8326,9.8884,4.9442,4.9442,4.9442
14.1003,15.4154,14.1946,9.66428,5.80829,6.4563,4.06555,-6.61114,-3.27792,-12.4573,0.692327,-12.0837,-0.0528726,14.8142,14.8142,9.87615,4.93807,4.93807,4.93807
14.1053,15.358,14.1849,9.73778,5.77954,6.44434,4.07991,-6.5922,-3.25898,-12.4447,0.698641,-12.0774,-0.0465589,14.7953,14.7953,9.86352,4.93176,4.93176,4.93176
14.1102,15.3152,14.1848,9.80947,5.76017,6.43116,4.09173,-7.05737,-3.07793,-10.8684,1.22676,-10.6219,0.415324,14.7758,14.7758,9.85055,4.92528,4.92528,4.92528
14.1153,15.2969,14.186,9.85641,5.74351,6.40234,4.09729,-7.312,-1.96936,-10.8396,0.563141,-12.4033,0.977141,14.7547,14.7547,9.83644,4.91822,4.91822,4.91822
14.1203,15.3103,14.1575,9.8705,5.73971,6.38031,4.09053,-6.91996,-1.75458,-11.7343,0.330246,-11.4853,-0.563994,14.733,14.733,9.82199,4.91099,4.91099,4.91099
14.1254,15.3339,14.1081,9.88524,5.74989,6.35468,4.08985,-6.43594,-1.98374,-10.8056,1.09969,-9.74711,-0.779873,14.7099,14.7099,9.80663,4.90331,4.90331,4.90331
14.1303,15.334,14.0617,9.88396,5.76105,6.31679,4.09752,-5.69977,-1.84641,-11.1958,0.594004,-11.0228,-0.606596,14.6869,14.6869,9.79127,4.89564,4.89564,4.89564
14.1353,15.305,14.0055,9.87116,5.77902,6.27755,4.11018,-5.67537,-1.82201,-11.1795,0.602137,-11.0147,-0.598463,14.6625,14.6625,9.77501,4.8875,4.8875,4.8875
14.1403,15.248,13.9462,9.85066,5.80149,6.23828,4.12675,-5.65401,-2.79751,-11.8481,-0.0849493,-10.6585,-0.498949,14.6372,14.6372,9.75814,4.87907,4.87907,4.87907
14.1455,15.1696,13.9131,9.84889,5.8301,6.19627,4.1447,-6.47384,-2.32104,-11.8613,0.454061,-11.1131,-0.415339,14.6099,14.6099,9.73996,4.86998,4.86998,4.86998
14.1503,15.1082,13.9051,9.87009,5.85413,6.16097,4.1614,-6.64086,-2.9491,-10.8784,4.11422,-10.3923,-0.911739,14.5839,14.5839,9.7226,4.8613,4.8613,4.8613
14.1552,15.075,13.9224,9.87952,5.84179,6.12318,4.18346,-6.61342,-2.92166,-10.8601,4.12337,-10.3832,-0.902593,14.5565,14.5565,9.70431,4.85215,4.85215,4.85215
14.1602,15.05,13.9689,9.88436,5.80708,6.08348,4.20981,-6.69485,-2.63667,-11.0017,-1.249,-9.88504,-0.255405,14.5276,14.5276,9.68505,4.84252,4.84252,4.84252
14.1652,15.0561,14.0147,9.87504,5.80946,6.04057,4.23332,-6.66507,-2.60689,-10.9819,-1.23908,-9.87512,-0.245478,14.4978,14.4978,9.6652,4.8326,4.8326,4.8326
14.1705,15.0841,14.0608,9.85105,5.84429,5.99309,4.25571,-6.80195,-3.46475,-10.2851,-0.416789,-10.419,0.874891,14.4652,14.4652,9.6435,4.82175,4.82175,4.82175
14.1752,15.1202,14.121,9.81084,5.88248,5.95186,4.26022,-5.51145,-2.03245,-11.4587,-0.28269,-9.68877,-0.37377,14.4355,14.4355,9.6237,4.81185,4.81185,4.81185
14.1802,15.133,14.1551,9.76716,5.92575,5.90637,4.26551,-5.47899,-1.99999,-11.4371,-0.27187,-9.67795,-0.36295,14.4031,14.4031,9.60206,4.80103,4.80103,4.80103
14.1852,15.1038,14.1708,9.73135,5.97038,5.86005,4.27036,-6.84434,-3.37714,-12.1296,-0.103434,-11.4884,-0.00407419,14.3697,14.3697,9.57983,4.78991,4.78991,4.78991
14.1902,15.1125,14.1851,9.70621,6.01412,5.81824,4.27052,-6.81011,-3.34291,-12.1068,-0.092023,-11.477,0.00733704,14.3355,14.3355,9.55701,4.7785,4.7785,4.7785
14.1953,15.1442,14.2028,9.69364,6.05716,5.78254,4.26636,-6.3527,-2.77908,-10.762,-0.403,-10.6868,-0.8584,14.2997,14.2997,9.53312,4.76656,4.76656,4.76656
14.2003,15.1697,14.2195,9.66656,6.09905,5.75117,4.2692,-5.98572,-1.68326,-11.3734,2.15925,-9.01047,0.395606,14.2637,14.2637,9.50911,4.75455,4.75455,4.75455
14.2053,15.1866,14.1982,9.63751,6.12295,5.71173,4.26174,-5.94882,-1.64636,-11.3488,2.17155,-8.99817,0.407905,14.2268,14.2268,9.48451,4.74225,4.74225,4.74225
14.2102,15.1826,14.1611,9.61739,6.12445,5.66944,4.24538,-6.68011,-0.927753,-10.7452,0.304322,-8.30688,-1.20264,14.1898,14.1898,9.45984,4.72992,4.72992,4.72992
14.2153,15.1893,14.1036,9.59349,6.13,5.62195,4.24011,-6.2073,-1.84964,-11.4044,1.22826,-9.99942,0.73146,14.1503,14.1503,9.43356,4.71678,4.71678,4.71678
14.2204,15.1988,14.047,9.57935,6.12426,5.5768,4.22106,-6.16698,-1.80932,-11.3775,1.2417,-9.98598,0.744901,14.11,14.11,9.40668,4.70334,4.70334,4.70334
14.2254,15.1986,14.0015,9.5811,6.10831,5.53611,4.19302,-5.56709,-1.11491,-10.7257,0.269852,-10.9992,-1.19571,14.0696,14.0696,9.37974,4.68987,4.68987,4.68987
14.2305,15.1587,13.9609,9.58945,6.09677,5.50878,4.17656,-5.91503,-2.51879,-11.055,1.67493,-9.71835,0.780689,14.0275,14.0275,9.35166,4.67583,4.67583,4.67583
14.2353,15.1229,13.9425,9.59798,6.07422,5.4855,4.15165,-5.87457,-2.47833,-11.028,1.68842,-9.70486,0.794176,13.987,13.987,9.32469,4.66234,4.66234,4.66234
14.2402,15.0902,13.9374,9.60549,6.04435,5.46335,4.12071,-5.83245,-2.43621,-11,1.70246,-9.69082,0.808216,13.9449,13.9449,9.29661,4.6483,4.6483,4.6483
14.2452,15.046,13.9606,9.62294,6.0099,5.44327,4.08571,-5.92258,-1.03698,-10.651,0.210107,-8.70745,1.30307,13.9011,13.9011,9.26739,4.63369,4.63369,4.63369
14.2505,15.01,13.9503,9.62435,5.98381,5.412,4.04216,-5.87518,-0.98958,-10.6194,0.225907,-8.69165,1.31887,13.8537,13.8537,9.23579,4.61789,4.61789,4.61789
14.2552,14.9767,13.9194,9.61545,5.97106,5.37848,4.00008,-5.36742,-1.35254,-10.2376,1.37455,-8.60285,0.505145,13.8108,13.8108,9.20723,4.60361,4.60361,4.60361
14.2603,14.9189,13.8858,9.59199,5.9538,5.33852,3.95498,-5.96231,-1.65191,-10.6136,0.678243,-8.71128,-0.249117,13.7635,13.7635,9.17567,4.58784,4.58784,4.58784
14.2652,14.8857,13.8395,9.55285,5.94278,5.29785,3.91522,-5.916,-1.6056,-10.5827,0.69368,-8.69584,-0.23368,13.7172,13.7172,9.1448,4.5724,4.5724,4.5724
14.2702,14.8626,13.789,9.50615,5.93711,5.25498,3.8786,-5.79699,-2.03431,-10.651,1.00779,-8.68809,0.73455,13.6691,13.6691,9.11274,4.55637,4.55637,4.55637
14.2754,14.8298,13.7544,9.46117,5.933,5.21028,3.83868,-5.07628,-2.996,-10.6129,-0.29176,-8.49724,-0.8548,13.6182,13.6182,9.0788,4.5394,4.5394,4.5394
14.2806,14.7791,13.7504,9.41315,5.94506,5.16532,3.80868,-5.02446,-2.94418,-10.5783,-0.274487,-8.47997,-0.837527,13.5664,13.5664,9.04425,4.52213,4.52213,4.52213
14.2855,14.7069,13.795,9.38278,5.96781,5.12371,3.79074,-5.07724,-0.629023,-11.1346,0.735666,-7.97489,-1.61585,13.5167,13.5167,9.01115,4.50557,4.50557,4.50557
14.2902,14.6413,13.7934,9.3582,5.98604,5.08234,3.79154,-5.02886,-0.58064,-11.1023,0.751793,-7.95877,-1.59973,13.4683,13.4683,8.97889,4.48945,4.48945,4.48945
14.2952,14.5719,13.7577,9.33778,6.00193,5.03729,3.80811,-5.29178,-1.06026,-9.20529,0.653299,-7.22926,-0.663221,13.4161,13.4161,8.94404,4.47202,4.47202,4.47202
14.3002,14.5072,13.7249,9.29246,6.01688,4.9905,3.82792,-4.79346,-0.593458,-10.3486,0.364641,-6.95488,0.538521,13.363,13.363,8.90864,4.45432,4.45432,4.45432
14.3053,14.4317,13.6744,9.24841,6.03483,4.94136,3.83593,-3.5525,0.00535821,-10.0465,0.565139,-8.20338,-0.353941,13.3079,13.3079,8.87196,4.43598,4.43598,4.43598
14.3103,14.3276,13.5993,9.19509,6.04831,4.89443,3.84453,-3.49774,0.0601246,-10.01,0.583395,-8.18513,-0.335685,13.2532,13.2532,8.83545,4.41773,4.41773,4.41773
14.3152,14.2081,13.5241,9.14843,6.0567,4.85044,3.8535,-4.08943,-0.444911,-10.1681,0.73403,-8.20009,-0.27613,13.1987,13.1987,8.79914,4.39957,4.39957,4.39957
14.3203,14.0912,13.4414,9.0967,6.05775,4.80692,3.86133,-4.03191,-0.387393,-10.1297,0.753202,-8.18092,-0.256958,13.1412,13.1412,8.7608,4.3804,4.3804,4.3804
14.3253,13.9804,13.3612,9.04928,6.05248,4.76694,3.86699,-4.13624,-0.148985,-11.1408,1.07035,-7.17653,0.225792,13.084,13.084,8.72266,4.36133,4.36133,4.36133
14.3304,13.8742,13.2843,9.03543,6.04027,4.72453,3.86407,-3.95886,-0.286801,-9.21615,0.88308,-6.67656,-0.0111602,13.0248,13.0248,8.6832,4.3416,4.3416,4.3416
14.3353,13.7834,13.2056,8.98964,6.02655,4.68081,3.85695,-3.90121,-0.22915,-9.17772,0.902297,-6.65734,0.00805671,12.9671,12.9671,8.64477,4.32238,4.32238,4.32238
14.3403,13.692,13.1318,8.93444,6.01281,4.63471,3.84605,-3.67217,0.0747692,-9.79632,1.64253,-6.62919,-0.0714303,12.9075,12.9075,8.60502,4.30251,4.30251,4.30251
14.3453,13.6034,13.0514,8.87553,5.99011,4.5875,3.83286,-3.61176,0.135185,-9.75604,1.66267,-6.60905,-0.0512918,12.8471,12.8471,8.56474,4.28237,4.28237,4.28237
14.3502,13.5105,12.9789,8.827,5.96229,4.54069,3.81797,-3.55966,-0.37614,-10.6419,-0.0892599,-7.14382,-0.0644199,12.7871,12.7871,8.52476,4.26238,4.26238,4.26238
14.3552,13.4213,12.9053,8.79115,5.9443,4.49353,3.80255,-3.49768,-0.314159,-10.6006,-0.0685996,-7.12316,-0.0437596,12.7252,12.7252,8.48344,4.24172,4.24172,4.24172
14.3602,13.3338,12.8422,8.77737,5.93509,4.44737,3.78766,-2.88331,-2.04019,-10.0404,1.2026,-7.58248,-0.213278,12.6624,12.6624,8.4416,4.2208,4.2208,4.2208
14.3653,13.23,12.8451,8.77928,5.9196,4.40405,3.77456,-4.34721,0.534432,-9.56251,1.16625,-7.14687,-0.779549,12.5976,12.5976,8.39838,4.19919,4.19919,4.19919
14.3702,13.1682,12.8088,8.76151,5.89906,4.36398,3.7705,-4.28416,0.597477,-9.52048,1.18727,-7.12585,-0.758534,12.5345,12.5345,8.35635,4.17817,4.17817,4.17817
14.3756,13.1266,12.75,8.73146,5.87176,4.32117,3.77328,-2.81906,-0.671784,-10.088,1.75719,-6.54765,-1.84461,12.4642,12.4642,8.30946,4.15473,4.15473,4.15473
14.3803,13.0611,12.711,8.71108,5.84142,4.28285,3.79395,-2.97775,0.150566,-9.25464,0.453042,-7.58684,-0.995958,12.4022,12.4022,8.26816,4.13408,4.13408,4.13408
14.3852,12.9827,12.6735,8.68267,5.81601,4.24823,3.81774,-3.84623,-0.276628,-9.5246,-0.204149,-6.12435,-0.137909,12.3369,12.3369,8.22462,4.11231,4.11231,4.11231
14.3904,12.9218,12.6405,8.64881,5.80305,4.20817,3.8362,-3.22452,-0.371924,-9.33992,1.09434,-7.42578,0.0427787,12.2668,12.2668,8.17788,4.08894,4.08894,4.08894
14.3954,12.866,12.6093,8.60606,5.78425,4.17579,3.84594,-3.15634,-0.303745,-9.29447,1.11707,-7.40305,0.0655051,12.1986,12.1986,8.13243,4.06621,4.06621,4.06621
14.4005,12.8033,12.608,8.57286,5.75995,4.15036,3.84876,-3.83857,0.0659735,-8.47847,-0.192575,-4.8211,-1.43458,12.1283,12.1283,8.08555,4.04278,4.04278,4.04278
14.4053,12.7721,12.6099,8.52643,5.74643,4.11363,3.86215,-3.55891,0.794766,-9.40991,0.591482,-6.6618,0.268562,12.0614,12.0614,8.04096,4.02048,4.02048,4.02048
14.4102,12.7543,12.5823,8.48089,5.73198,4.07921,3.86463,-3.48992,0.86376,-9.36391,0.61448,-6.6388,0.29156,11.9924,11.9924,7.99496,3.99748,3.99748,3.99748
14.4153,12.7368,12.5542,8.45132,5.71814,4.04779,3.85644,-3.0076,1.02692,-9.36987,-1.32369,-6.10125,0.174988,11.9199,11.9199,7.94658,3.97329,3.97329,3.97329
14.4202,12.7098,12.4959,8.4178,5.72281,4.01638,3.84086,-2.93716,1.09736,-9.32291,-1.30021,-6.07777,0.198468,11.8494,11.8494,7.89962,3.94981,3.94981,3.94981
14.4252,12.6713,12.425,8.38482,5.73856,3.98354,3.81903,-3.57376,0.823264,-8.90458,-1.26773,-7.35353,-1.30085,11.7768,11.7768,7.85122,3.92561,3.92561,3.92561
14.4302,12.6462,12.3551,8.34881,5.75867,3.96354,3.8112,-2.75577,0.719291,-8.51294,-0.23313,-4.60497,-0.00956972,11.7035,11.7035,7.80234,3.90117,3.90117,3.90117
14.4354,12.6019,12.2948,8.31014,5.76756,3.92891,3.79875,-3.50614,0.623017,-8.59117,-0.464134,-3.08889,0.388706,11.6265,11.6265,7.75099,3.87549,3.87549,3.87549
14.4404,12.5763,12.2372,8.26619,5.7655,3.88297,3.77901,-3.58107,1.10361,-7.43779,-0.687603,-4.89384,0.347397,11.5517,11.5517,7.70113,3.85056,3.85056,3.85056
14.4453,12.5717,12.1725,8.19954,5.75508,3.8374,3.75367,-3.03822,0.570801,-7.33621,1.42362,-5.39082,0.7695,11.4777,11.4777,7.6518,3.8259,3.8259,3.8259
14.4503,12.5576,12.1202,8.12417,5.72265,3.79208,3.72055,-1.92186,-0.964398,-8.42446,2.97254,-5.87878,-0.761739,11.4015,11.4015,7.601,3.8005,3.8005,3.8005
14.4553,12.4946,12.1207,8.06102,5.67578,3.75046,3.69391,0.231407,3.22581,-12.1038,6.85664,-4.80986,-1.53926,11.3246,11.3246,7.54973,3.77486,3.77486,3.77486
14.4602,12.3711,12.0537,8.07932,5.62424,3.70791,3.68338,-1.62313,2.72665,-9.449,3.61968,-6.08448,0.0344436,11.2485,11.2485,7.49903,3.74952,3.74952,3.74952
14.4653,12.247,11.9684,8.10728,5.57018,3.66805,3.66796,-1.82695,0.194306,-8.87327,1.65082,-5.88398,0.814542,11.1687,11.1687,7.4458,3.7229,3.7229,3.7229
14.4703,12.1347,11.9047,8.12682,5.5176,3.63299,3.64107,-2.42959,-0.211408,-9.37446,0.534511,-5.22837,0.600751,11.0897,11.0897,7.39314,3.69657,3.69657,3.69657
14.4752,12.0491,11.8729,8.1485,5.46738,3.59782,3.60975,-2.23332,1.52546,-8.75602,1.50445,-4.79663,0.411494,11.0116,11.0116,7.34109,3.67055,3.67055,3.67055
14.4803,11.9761,11.824,8.15397,5.41633,3.55852,3.57576,-0.354689,1.18581,-8.25622,0.88593,-5.08395,0.0248102,10.9297,10.9297,7.28646,3.64323,3.64323,3.64323
14.4854,11.8646,11.7633,8.12506,5.36833,3.5181,3.54369,0.247961,2.25736,-8.50208,1.0708,-4.25324,-1.35524,10.847,10.847,7.23136,3.61568,3.61568,3.61568
14.4903,11.7355,11.6876,8.0812,5.3272,3.47566,3.52781,-1.06275,2.89303,-8.84789,0.981569,-5.17875,-0.426031,10.767,10.767,7.17798,3.58899,3.58899,3.58899
14.4954,11.6081,11.6003,8.03902,5.29207,3.43359,3.5149,-0.793564,0.888836,-8.32373,1.09237,-6.41759,-1.04387,10.683,10.683,7.12198,3.56099,3.56099,3.56099
14.5003,11.488,11.525,7.98538,5.26895,3.40262,3.51116,-0.365502,1.4706,-8.52028,1.81501,-4.97459,-0.304667,10.6016,10.6016,7.06773,3.53387,3.53387,3.53387
14.5054,11.3626,11.4553,7.93089,5.24921,3.37024,3.50439,-0.303753,2.72605,-8.31291,0.891262,-6.8257,0.435862,10.5163,10.5163,7.01084,3.50542,3.50542,3.50542
14.5103,11.2425,11.3742,7.87068,5.24209,3.35708,3.48785,-0.193515,2.75749,-8.20347,1.92069,-4.91859,-1.13463,10.4336,10.4336,6.95574,3.47787,3.47787,3.47787
14.5153,11.1189,11.2861,7.80462,5.23532,3.33848,3.48025,0.651847,1.24675,-8.64216,1.43565,-5.06415,-0.741991,10.3487,10.3487,6.8991,3.44955,3.44955,3.44955
14.5204,10.9835,11.2042,7.74237,5.23374,3.31804,3.47679,-0.237934,3.02437,-7.68943,2.22652,-5.45732,-0.870205,10.2613,10.2613,6.84089,3.42044,3.42044,3.42044
14.5253,10.8583,11.1178,7.673,5.22695,3.30154,3.47991,-0.326819,3.95198,-7.97794,1.69993,-3.53303,-0.817193,10.1768,10.1768,6.78455,3.39227,3.39227,3.39227
14.5304,10.7377,11.0206,7.59924,5.22071,3.26932,3.48834,-0.683435,4.24549,-8.57722,2.30906,-4.67926,-0.721418,10.0882,10.0882,6.72548,3.36274,3.36274,3.36274
14.5354,10.6396,10.9226,7.53982,5.20506,3.23912,3.49882,0.519081,2.87128,-7.3464,1.26183,-4.74945,-0.551493,10.0007,10.0007,6.66715,3.33357,3.33357,3.33357
14.5402,10.5385,10.8305,7.47519,5.19103,3.21211,3.50786,-0.113423,2.79036,-7.96926,2.46578,-4.40662,0.933979,9.91614,9.91614,6.61076,3.30538,3.30538,3.30538
14.5453,10.4418,10.7355,7.41108,5.16735,3.18211,3.49832,-0.0150627,3.10144,-8.15974,1.53546,-5.52738,0.185819,9.82566,9.82566,6.55044,3.27522,3.27522,3.27522
14.5502,10.3577,10.6457,7.35659,5.14643,3.16407,3.4818,0.730463,1.71146,-7.11282,0.827714,-4.64537,-0.207286,9.73814,9.73814,6.49209,3.24605,3.24605,3.24605
14.5554,10.2575,10.5632,7.28711,5.13402,3.14459,3.46332,-1.2012,3.25098,-7.86767,1.33085,-4.01803,-0.0187939,9.64462,9.64462,6.42975,3.21487,3.21487,3.21487
14.5605,10.2155,10.4779,7.22062,5.12256,3.11835,3.44235,0.2662,2.22442,-7.01818,1.64315,-3.63121,-1.48669,9.55228,9.55228,6.36819,3.18409,3.18409,3.18409
14.5653,10.1645,10.4096,7.15214,5.10743,3.08721,3.43712,0.546691,3.12349,-7.74988,1.82962,-3.17978,-1.07666,9.46481,9.46481,6.30987,3.15494,3.15494,3.15494
14.5704,10.0957,10.3405,7.08847,5.08681,3.04842,3.43937,0.340817,4.22172,-7.5684,2.44868,-3.95176,-1.47604,9.37128,9.37128,6.24752,3.12376,3.12376,3.12376
14.5756,10.0248,10.2589,7.02953,5.05911,3.00966,3.45405,0.306777,2.4383,-7.68416,1.61955,-3.94461,-1.41093,9.2753,9.2753,6.18354,3.09177,3.09177,3.09177
14.5807,9.9585,10.1976,6.98111,5.03312,2.97303,3.4766,0.161172,2.97433,-7.47052,1.55177,-3.33343,-0.0131493,9.18057,9.18057,6.12038,3.06019,3.06019,3.06019
14.5855,9.90732,10.1512,6.94136,5.00862,2.93669,3.48854,0.262693,3.43443,-7.39818,1.81351,-4.16465,-0.413809,9.09087,9.09087,6.06058,3.03029,3.03029,3.03029
14.5903,9.85907,10.1056,6.90495,4.98372,2.90444,3.49671,1.22755,3.19365,-7.45298,2.48114,-4.20082,0.907943,9.00065,9.00065,6.00043,3.00022,3.00022,3.00022
14.5953,9.78441,10.0646,6.87264,4.95334,2.8753,3.48542,0.821731,2.83897,-6.78596,1.19613,-2.28975,-0.15351,8.90613,8.90613,5.93742,2.96871,2.96871,2.96871
14.6004,9.71135,10.0308,6.82637,4.92926,2.83561,3.46905,0.930528,3.68455,-6.91777,3.00866,-1.99246,-0.112904,8.80915,8.80915,5.87277,2.93638,2.93638,2.93638
14.6054,9.63258,9.97579,6.76977,4.89713,2.79044,3.44875,0.604572,4.62337,-7.24485,2.41953,-2.48223,-0.437069,8.71353,8.71353,5.80902,2.90451,2.90451,2.90451
14.6103,9.56831,9.90257,6.71704,4.86264,2.74461,3.42939,0.580605,4.07141,-6.74313,1.91274,-3.50238,-0.372538,8.61929,8.61929,5.7462,2.8731,2.8731,2.8731
14.6156,9.50716,9.82358,6.65818,4.83024,2.69676,3.40795,2.41671,2.97221,-7.86191,1.87239,-4.33761,0.166709,8.51679,8.51679,5.67786,2.83893,2.83893,2.83893
14.6203,9.41134,9.76608,6.62334,4.80291,2.65929,3.38368,2.0668,4.9903,-7.37463,1.24873,-2.75051,-0.572868,8.4254,8.4254,5.61694,2.80847,2.80847,2.80847
14.6253,9.29821,9.67998,6.57682,4.7797,2.6172,3.36078,2.16452,5.08802,-7.30947,1.28131,-2.71793,-0.540292,8.32768,8.32768,5.55178,2.77589,2.77589,2.77589
14.6304,9.17808,9.58586,6.53035,4.76255,2.57281,3.34019,1.39402,5.09764,-6.38159,2.25035,-2.89981,-0.581408,8.22746,8.22746,5.48498,2.74249,2.74249,2.74249
14.6352,9.07905,9.49564,6.47561,4.74084,2.53153,3.32397,1.95374,4.11684,-6.64861,2.40615,-3.01725,-0.425608,8.13266,8.13266,5.42178,2.71089,2.71089,2.71089
14.6403,8.97516,9.40308,6.41526,4.71294,2.48878,3.30767,2.03137,6.07767,-6.18402,2.78766,-2.57778,-1.59246,8.03143,8.03143,5.35429,2.67714,2.67714,2.67714
14.6452,8.87716,9.30935,6.35042,4.6818,2.44723,3.30757,2.92491,5.82081,-6.59955,2.8782,-3.34836,-1.31148,7.93369,7.93369,5.28912,2.64456,2.64456,2.64456
14.6504,8.75975,9.20776,6.28265,4.64607,2.40648,3.31744,3.04886,7.22526,-8.01605,5.28931,-2.94929,-1.33469,7.82944,7.82944,5.21963,2.60981,2.60981,2.60981
14.6552,8.64419,9.11136,6.25292,4.60222,2.36986,3.33508,3.32285,4.74125,-6.0894,4.41074,-2.78458,-1.64194,7.73275,7.73275,5.15517,2.57758,2.57758,2.57758
14.6606,8.50821,9.00469,6.2015,4.55151,2.32932,3.36387,1.91923,6.09955,-6.56829,3.84273,-3.17871,-1.45647,7.62345,7.62345,5.0823,2.54115,2.54115,2.54115
14.6653,8.4148,8.91323,6.16746,4.50778,2.29835,3.39309,3.72083,3.51993,-6.00297,2.76507,-1.82205,-1.08513,7.52787,7.52787,5.01858,2.50929,2.50929,2.50929
14.6705,8.29456,8.82314,6.11775,4.4644,2.25872,3.42457,2.50322,3.72066,-6.12652,2.17948,-3.68276,-0.644001,7.42164,7.42164,4.94776,2.47388,2.47388,2.47388
14.6752,8.2041,8.76777,6.07274,4.43451,2.23171,3.44836,2.82029,5.66099,-5.14054,2.60078,-2.45002,-0.926496,7.32521,7.32521,4.88347,2.44174,2.44174,2.44174
14.6801,8.11749,8.70699,6.01034,4.41053,2.20221,3.47096,1.57772,5.66746,-6.09733,3.28028,-1.09984,-0.47884,7.22424,7.22424,4.81616,2.40808,2.40808,2.40808
14.6854,8.07552,8.64099,5.94978,4.38411,2.16071,3.48733,3.44075,5.20975,-5.50797,2.18248,-2.27216,-0.649277,7.11455,7.11455,4.74303,2.37152,2.37152,2.37152
14.6902,8.0075,8.57663,5.8838,4.36824,2.12335,3.49722,3.33562,5.69562,-6.28791,2.14122,-2.78538,-0.177181,7.01478,7.01478,4.67652,2.33826,2.33826,2.33826
14.6952,7.9292,8.5009,5.8193,4.35518,2.08792,3.49732,3.28627,5.32327,-5.82961,2.5072,-2.585,-0.639198,6.91043,6.91043,4.60696,2.30348,2.30348,2.30348
14.7002,7.84499,8.42139,5.75039,4.3384,2.05399,3.49351,3.57624,5.51474,-5.39192,2.95613,-2.57491,-0.612553,6.80566,6.80566,4.53711,2.26855,2.26855,2.26855
14.7053,7.75245,8.33385,5.66994,4.31094,2.02078,3.48552,4.25874,6.18154,-5.38726,3.48869,-1.54555,-1.08187,6.69836,6.69836,4.46557,2.23279,2.23279,2.23279
14.7103,7.64369,8.24225,5.58761,4.27429,1.98262,3.48028,5.04996,6.57076,-5.81427,3.0685,-1.76702,-1.67594,6.59274,6.59274,4.39516,2.19758,2.19758,2.19758
14.7154,7.5124,8.14428,5.50542,4.23654,1.94175,3.48449,3.24327,5.92251,-5.69619,4.04847,-2.12013,-1.93797,6.48459,6.48459,4.32306,2.16153,2.16153,2.16153
14.7202,7.40699,8.05345,5.4329,4.19694,1.90472,3.49935,4.05857,6.72597,-5.53194,2.98128,-1.42368,-2.23512,6.38243,6.38243,4.25495,2.12748,2.12748,2.12748
14.7256,7.29243,7.95016,5.35518,4.15335,1.86091,3.52622,3.24411,7.23535,-4.84266,2.7051,-2.44506,-2.74314,6.26705,6.26705,4.17804,2.08902,2.08902,2.08902
14.7305,7.21656,7.85423,5.27892,4.1171,1.82573,3.55965,3.71954,6.73362,-5.8594,3.54329,-2.38519,-2.82403,6.16198,6.16198,4.10798,2.05399,2.05399,2.05399
14.7357,7.14543,7.75306,5.20983,4.07617,1.79283,3.59785,5.72663,6.78253,-5.60506,3.99459,-1.08105,-3.33321,6.05007,6.05007,4.03338,2.01669,2.01669,2.01669
14.7403,7.04249,7.66402,5.15534,4.03698,1.75856,3.63258,4.15537,6.25147,-5.06649,3.1997,-1.9339,-3.9211,5.95073,5.95073,3.96715,1.98358,1.98358,1.98358
14.7454,6.94069,7.56712,5.09144,3.9937,1.72245,3.66987,5.45176,6.94506,-5.16421,2.51617,-1.65695,-4.06643,5.84024,5.84024,3.89349,1.94675,1.94675,1.94675
14.7504,6.82666,7.47116,5.02595,3.95442,1.68679,3.69825,4.47306,6.91976,-4.70928,3.18997,-1.34747,-4.57667,5.73154,5.73154,3.82103,1.91051,1.91051,1.91051
14.7553,6.72662,7.37673,4.95462,3.91449,1.64982,3.71401,6.30562,7.86982,-4.82196,3.90455,-1.33669,-4.95505,5.62468,5.62468,3.74979,1.87489,1.87489,1.87489
14.7603,6.60359,7.27927,4.88378,3.8715,1.61092,3.71669,5.4024,6.5844,-4.25788,2.60793,-0.455672,-5.18355,5.5153,5.5153,3.67686,1.83843,1.83843,1.83843
14.7652,6.48396,7.18524,4.80628,3.83287,1.56844,3.7073,4.92293,7.12143,-5.1058,4.96217,-1.42999,-4.94899,5.40777,5.40777,3.60518,1.80259,1.80259,1.80259
14.7706,6.36914,7.08454,4.73213,3.78403,1.52295,3.68214,6.0622,7.3979,-4.48106,4.06615,-2.53301,-4.86797,5.2889,5.2889,3.52593,1.76297,1.76297,1.76297
14.7753,6.25513,6.99583,4.66314,3.74256,1.49068,3.65093,6.16598,7.50168,-4.41188,4.10075,-2.49841,-4.83337,5.18512,5.18512,3.45675,1.72837,1.72837,1.72837
14.7803,6.13136,6.90365,4.59269,3.70079,1.4651,3.61263,5.04748,5.94578,-4.38197,4.65929,-1.89847,-4.89583,5.07442,5.07442,3.38295,1.69147,1.69147,1.69147
14.7851,6.02636,6.82616,4.52459,3.66107,1.44278,3.57303,5.27615,6.71035,-4.68085,3.53561,-1.65595,-4.49599,4.96785,4.96785,3.3119,1.65595,1.65595,1.65595
14.7904,5.92928,6.74807,4.4555,3.62022,1.4196,3.52588,6.05216,8.09306,-3.70139,3.94755,-2.04717,-4.00125,4.84984,4.84984,3.23323,1.61661,1.61661,1.61661
14.7955,5.82959,6.66174,4.37772,3.58198,1.40263,3.4774,4.81064,7.69472,-4.42595,2.66898,-1.01562,-4.45182,4.73598,4.73598,3.15732,1.57866,1.57866,1.57866
14.8003,5.76592,6.57729,4.30603,3.55483,1.37885,3.43097,6.41137,8.54687,-4.4003,4.17036,-1.3938,-3.12432,4.62853,4.62853,3.08569,1.54284,1.54284,1.54284
14.8053,5.6737,6.48217,4.23005,3.5211,1.35165,3.38095,6.20047,9.10817,-3.62117,5.35868,0.00979689,-4.24612,4.51633,4.51633,3.01089,1.50544,1.50544,1.50544
14.8103,5.57522,6.38324,4.14783,3.47887,1.31307,3.33066,7.01425,8.86605,-4.2317,4.39429,-1.11191,-3.83603,4.40385,4.40385,2.9359,1.46795,1.46795,1.46795
14.8152,5.46056,6.28477,4.06805,3.43652,1.27501,3.28099,5.61181,9.07905,-4.37749,3.97572,-2.70624,-4.09728,4.29335,4.29335,2.86224,1.43112,1.43112,1.43112
14.8202,5.36676,6.18374,3.99331,3.3953,1.24841,3.23015,6.87136,8.38826,-4.59265,4.96559,-1.31893,-3.26473,4.18034,4.18034,2.78689,1.39345,1.39345,1.39345
14.8252,5.26095,6.08302,3.92852,3.35201,1.22221,3.17893,6.77583,8.91523,-4.75958,3.68683,0.30031,-3.72377,4.06707,4.06707,2.71138,1.35569,1.35569,1.35569
14.8302,5.15939,5.98236,3.87861,3.31125,1.18511,3.12758,6.62925,9.06025,-3.23344,3.94823,-1.94713,-4.00057,3.95355,3.95355,2.6357,1.31785,1.31785,1.31785
14.8352,5.05903,5.88133,3.81067,3.27163,1.1552,3.07617,5.62409,8.89821,-3.78042,5.14535,-0.501608,-5.50273,3.83979,3.83979,2.55986,1.27993,1.27993,1.27993
14.8403,4.98865,5.77831,3.74017,3.22688,1.1201,3.0241,8.195,9.1327,-2.91914,5.73059,-1.27429,-4.89265,3.7235,3.7235,2.48233,1.24117,1.24117,1.24117
14.8453,4.87553,5.67713,3.66044,3.17945,1.08814,2.97331,8.10433,8.97113,-3.81275,5.07315,-1.02093,-5.20233,3.60927,3.60927,2.40618,1.20309,1.20309,1.20309
14.8502,4.75286,5.57803,3.58542,3.13223,1.05682,2.924,7.3576,9.2212,-3.71289,4.66342,-0.834499,-5.04074,3.4971,3.4971,2.3314,1.1657,1.1657,1.1657
14.8552,4.62872,5.47672,3.51003,3.08449,1.02331,2.87416,7.78357,8.87487,-2.86732,3.7246,-0.829396,-3.63632,3.38243,3.38243,2.25495,1.12748,1.12748,1.12748
14.8602,4.50515,5.37593,3.42969,3.0391,0.989346,2.82386,8.96225,9.73835,-3.52015,4.99662,0.434337,-4.29354,3.26755,3.26755,2.17837,1.08918,1.08918,1.08918
14.8652,4.37001,5.27502,3.35405,2.99255,0.947964,2.77361,8.39563,9.01033,-2.87495,5.92922,0.232577,-3.0463,3.15247,3.15247,2.10165,1.05082,1.05082,1.05082
14.8704,4.23203,5.171,3.27262,2.94151,0.901998,2.72078,7.64092,9.94582,-3.52443,5.2571,-0.80386,-4.24834,3.03258,3.03258,2.02172,1.01086,1.01086,1.01086
14.8752,4.11859,5.0747,3.20407,2.8938,0.861588,2.67208,7.78717,10.0645,-3.08687,6.17173,-1.60319,-3.85535,2.92173,2.92173,1.94782,0.973911,0.973911,0.973911
14.8803,4.00953,4.97184,3.12968,2.84193,0.824907,2.62024,7.96422,9.08322,-2.69891,5.01873,0.075568,-2.59887,2.80378,2.80378,1.86918,0.934592,0.934592,0.934592
14.8853,3.91021,4.87228,3.05436,2.79154,0.78513,2.569,7.63874,9.72304,-2.99581,6.45665,0.503334,-4.36531,2.68796,2.68796,1.79197,0.895986,0.895986,0.895986
14.8903,3.8237,4.77268,2.97979,2.74039,0.741561,2.51792,7.45143,9.42143,-2.83071,4.08584,-0.468164,-4.86484,2.57197,2.57197,1.71465,0.857324,0.857324,0.857324
14.8952,3.76381,4.67608,2.90824,2.69168,0.700223,2.46823,7.90795,9.49585,-2.41416,4.23142,-0.720025,-5.05046,2.45815,2.45815,1.63877,0.819385,0.819385,0.819385
14.9002,3.70495,4.57914,2.8343,2.64339,0.660631,2.41812,7.86274,8.45764,-1.68455,3.67402,1.10722,-3.94358,2.34186,2.34186,1.56124,0.780621,0.780621,0.780621
14.9052,3.64695,4.48764,2.75177,2.59887,0.615917,2.36804,8.68047,10.2802,-1.31433,5.75799,-0.0214488,-2.90289,2.22543,2.22543,1.48362,0.741809,0.741809,0.741809
14.9102,3.56022,4.39178,2.66088,2.55164,0.571747,2.31748,8.79705,10.3967,-1.23661,5.79685,0.017409,-2.86403,2.10885,2.10885,1.4059,0.702951,0.702951,0.702951
14.9151,3.46808,4.29647,2.56893,2.50397,0.529284,2.26763,7.41818,10.8223,-2.38511,6.14961,0.519212,-2.27943,1.99448,1.99448,1.32966,0.664828,0.664828,0.664828
14.9202,3.39279,4.19472,2.47495,2.45289,0.483985,2.21541,7.53734,10.9415,-2.30567,6.18933,0.558932,-2.23971,1.87532,1.87532,1.25022,0.625108,0.625108,0.625108
14.9253,3.34916,4.09236,2.38567,2.40109,0.437891,2.16294,9.69356,10.3713,-2.81761,3.19861,-0.510827,-4.60115,1.75604,1.75604,1.17069,0.585347,0.585347,0.585347
14.9303,3.24672,3.99129,2.30248,2.35288,0.395248,2.11186,9.81061,10.4883,-2.73958,3.23763,-0.47181,-4.56213,1.63899,1.63899,1.09266,0.54633,0.54633,0.54633
14.9352,3.13499,3.89234,2.22932,2.30969,0.356387,2.06226,9.06652,10.548,-0.560499,3.62366,0.56834,-4.73086,1.52418,1.52418,1.01612,0.50806,0.50806,0.50806
14.9402,3.02354,3.79136,2.14184,2.26825,0.314992,2.01249,11.3626,12.6392,-4.29868,10.2536,-0.965778,-6.15734,1.40693,1.40693,0.937955,0.468978,0.468978,0.468978
14.9453,2.87899,3.68647,2.0759,2.21503,0.278902,1.96552,11.4822,12.7588,-4.21889,10.2935,-0.925884,-6.11744,1.28725,1.28725,0.858169,0.429084,0.429084,0.429084
14.9503,2.72984,3.58278,2.04363,2.16109,0.250267,1.92839,12.2932,12.7305,-3.10397,9.32249,-0.770827,-5.77195,1.16984,1.16984,0.779893,0.389947,0.389947,0.389947
14.9552,2.58018,3.48072,2.01788,2.10746,0.227049,1.90335,10.6589,12.7983,-2.13479,6.44631,0.716552,-3.79605,1.0547,1.0547,0.703136,0.351568,0.351568,0.351568
14.9604,2.42262,3.37215,1.9779,2.05069,0.193509,1.8702,11.0884,11.3918,-1.91743,7.55518,0.790423,-2.97698,0.932451,0.932451,0.621634,0.310817,0.310817,0.310817
14.9654,2.27276,3.26808,1.9326,1.99605,0.1559,1.829,11.3046,11.1589,-1.50881,5.54923,1.27675,-4.22117,0.814842,0.814842,0.543228,0.271614,0.271614,0.271614
14.9705,2.12028,3.16222,1.86981,1.94076,0.112287,1.78661,11.4246,11.2789,-1.4288,5.58923,1.31675,-4.18117,0.694829,0.694829,0.463219,0.23161,0.23161,0.23161
14.9753,1.97849,3.06299,1.80466,1.88914,0.0686454,1.74627,10.5566,12.5069,-1.19045,6.9931,0.642335,-5.1371,0.581834,0.581834,0.387889,0.193945,0.193945,0.193945
14.9804,1.83723,2.95766,1.73262,1.8344,0.0224463,1.70714,10.8461,11.4568,-2.16793,6.83441,0.367726,-3.66463,0.461741,0.461741,0.307827,0.153914,0.153914,0.153914
14.9854,1.70312,2.8547,1.66857,1.78095,-0.0222843,1.66538,10.9638,11.5745,-2.08942,6.87366,0.406982,-3.62538,0.343974,0.343974,0.229316,0.114658,0.114658,0.114658
14.9902,1.58558,2.75639,1.61844,1.72992,-0.0646931,1.62343,10.3322,12.5426,-0.960672,7.06867,0.626834,-2.98325,0.230898,0.230898,0.153932,0.076966,0.076966,0.076966
14.9952,1.48155,2.65394,1.55345,1.67695,-0.109194,1.5768,9.9339,12.4555,-1.54467,7.30666,-0.219859,-3.61466,0.113096,0.113096,0.0753975,0.0376988,0.0376988,0.0376988
15.0003,1.39926,2.54942,1.48687,1.62295,-0.151565,1.52892,10.0541,12.5757,-1.46456,7.34672,-0.179804,-3.5746,-0.00706858,-0.00706858,-0.00471239,-0.00235619,-0.00235619,-0.00235619
15.0052,1.36648,2.44942,1.43108,1.57111,-0.188478,1.48287,10.7881,12.5808,-0.754319,7.45144,0.20644,-4.03292,-0.122521,-0.122521,-0.0816805,-0.0408403,-0.0408403,-0.0408403
15.0104,1.30963,2.34329,1.35995,1.51607,-0.226421,1.43506,10.9106,12.7033,-0.672644,7.49228,0.247278,-3.99208,-0.245033,-0.245033,-0.163356,-0.0816778,-0.0816778,-0.0816778
15.0153,1.24763,2.24332,1.28735,1.46421,-0.260984,1.39121,10.6675,12.2396,-1.25613,6.20595,0.418234,-3.30777,-0.360463,-0.360463,-0.240309,-0.120154,-0.120154,-0.120154
15.0203,1.20048,2.14172,1.21777,1.41174,-0.295432,1.34551,11.9475,13.6654,-0.209952,7.76045,0.863209,-4.02199,-0.478226,-0.478226,-0.318818,-0.159409,-0.159409,-0.159409
15.0254,1.1031,2.03713,1.13318,1.35793,-0.333659,1.29993,12.0676,13.7855,-0.129894,7.80048,0.903238,-3.98196,-0.598315,-0.598315,-0.398876,-0.199438,-0.199438,-0.199438
15.0303,0.994024,1.93617,1.0466,1.30604,-0.372714,1.25706,12.6361,13.8497,-0.368588,7.11029,0.552526,-4.16707,-0.713657,-0.713657,-0.475772,-0.237886,-0.237886,-0.237886
15.0352,0.873398,1.83497,0.959868,1.25428,-0.411371,1.21592,11.4552,13.7798,-0.751521,6.66848,1.49348,-3.53248,-0.828958,-0.828958,-0.552639,-0.276319,-0.276319,-0.276319
15.0405,0.75267,1.72529,0.86878,1.19859,-0.457136,1.17043,13.995,13.9083,-0.622437,8.44055,1.42739,-3.46609,-0.953615,-0.953615,-0.635743,-0.317872,-0.317872,-0.317872
15.0452,0.62578,1.62798,0.791988,1.14895,-0.499481,1.12927,12.8841,14.5468,0.0301536,9.47098,-0.398778,-3.42098,-1.06411,-1.06411,-0.709404,-0.354702,-0.354702,-0.354702
15.0503,0.483742,1.52205,0.704308,1.09463,-0.54088,1.08405,13.0039,14.6666,0.110039,9.51092,-0.358836,-3.38104,-1.18393,-1.18393,-0.789289,-0.394644,-0.394644,-0.394644
15.0555,0.337009,1.41378,0.612638,1.03892,-0.576819,1.03764,13.256,14.4144,-0.103252,7.41538,1.51174,-4.96322,-1.30603,-1.30603,-0.870688,-0.435344,-0.435344,-0.435344
15.0604,0.201238,1.31166,0.52731,0.986677,-0.61631,1.00046,11.6965,14.9155,0.364228,7.55307,0.589589,-2.76381,-1.42101,-1.42101,-0.947338,-0.473669,-0.473669,-0.473669
15.0652,0.0794009,1.21131,0.440068,0.935563,-0.654303,0.95953,11.8091,15.0281,0.43926,7.59058,0.627105,-2.7263,-1.53355,-1.53355,-1.02237,-0.511185,-0.511185,-0.511185
15.0706,-0.0365677,1.09815,0.339969,0.878057,-0.696078,0.910425,13.4171,13.4249,0.15367,6.76336,1.1164,-4.13312,-1.66007,-1.66007,-1.10671,-0.553355,-0.553355,-0.553355
15.0752,-0.144462,1.00202,0.255903,0.829462,-0.732854,0.8709,12.78,13.7374,-0.111036,7.02281,1.75673,-4.75135,-1.76774,-1.76774,-1.17849,-0.589247,-0.589247,-0.589247
15.0803,-0.261069,0.895604,0.165094,0.775816,-0.776578,0.83242,12.8993,13.8567,-0.0315226,7.06256,1.79648,-4.7116,-1.88701,-1.88701,-1.25801,-0.629004,-0.629004,-0.629004
15.0852,-0.365347,0.793564,0.0815319,0.724616,-0.820592,0.80278,12.5174,13.8373,0.832727,9.46052,0.948683,-3.91996,-2.00149,-2.00149,-1.33433,-0.667163,-0.667163,-0.667163
15.0903,-0.451754,0.687607,-0.00769413,0.670678,-0.865119,0.773009,13.8184,14.2715,0.657098,9.5416,-0.104601,-4.38536,-2.12052,-2.12052,-1.41368,-0.706839,-0.706839,-0.706839
15.0962,-0.58232,0.565068,-0.112637,0.607734,-0.909618,0.744355,14.1686,14.2947,1.26501,7.85692,0.0902809,-2.83256,-2.25804,-2.25804,-1.50536,-0.752681,-0.752681,-0.752681
15.1002,-0.678151,0.482193,-0.185509,0.565314,-0.934627,0.716566,13.1232,13.9584,0.662477,10.1898,1.65312,-3.52188,-2.35117,-2.35117,-1.56745,-0.783724,-0.783724,-0.783724
15.1052,-0.795935,0.378824,-0.275076,0.511822,-0.97147,0.680426,13.2395,14.0747,0.739997,10.2286,1.69188,-3.48312,-2.46745,-2.46745,-1.64497,-0.822484,-0.822484,-0.822484
15.1103,-0.904019,0.27376,-0.363014,0.456816,-1.01356,0.642179,13.3342,15.3397,0.906743,7.94137,1.36705,-2.13539,-2.5859,-2.5859,-1.72393,-0.861967,-0.861967,-0.861967
15.1153,-1.01155,0.17062,-0.447419,0.403132,-1.05599,0.598284,13.4502,15.4557,0.984053,7.98002,1.4057,-2.09674,-2.70186,-2.70186,-1.80124,-0.900621,-0.900621,-0.900621
15.1202,-1.10774,0.0694993,-0.527195,0.350781,-1.09809,0.552446,14.0995,15.8055,0.664699,8.44841,-0.386351,-3.75631,-2.81535,-2.81535,-1.8769,-0.938449,-0.938449,-0.938449
15.1252,-1.21689,-0.0339304,-0.604967,0.297424,-1.13289,0.507508,14.8928,14.5067,0.894354,7.52647,1.43239,-3.66809,-2.93098,-2.93098,-1.95398,-0.976992,-0.976992,-0.976992
15.1302,-1.34017,-0.13723,-0.683636,0.244336,-1.1706,0.464275,14.8112,15.9223,1.10299,8.47575,0.808475,-2.50353,-3.04642,-3.04642,-2.03095,-1.01547,-1.01547,-1.01547
15.1352,-1.46569,-0.240885,-0.764799,0.191193,-1.20636,0.418947,15.553,16.081,1.45362,9.35045,0.921414,-2.78803,-3.16168,-3.16168,-2.10779,-1.05389,-1.05389,-1.05389
15.1402,-1.60586,-0.345013,-0.85294,0.137663,-1.24197,0.372912,15.668,16.196,1.53033,9.38881,0.959769,-2.74967,-3.27675,-3.27675,-2.1845,-1.09225,-1.09225,-1.09225
15.1453,-1.75344,-0.451649,-0.946842,0.0827287,-1.2785,0.32537,15.3951,16.0768,1.54573,9.95778,1.42938,-3.14946,-3.3939,-3.3939,-2.2626,-1.1313,-1.1313,-1.1313
15.1503,-1.89709,-0.55638,-1.0394,0.0285315,-1.31741,0.279458,15.9511,16.8376,1.30658,9.51576,0.697558,-2.58132,-3.50855,-3.50855,-2.33904,-1.16952,-1.16952,-1.16952
15.1552,-2.04028,-0.659334,-1.12936,-0.0245772,-1.35305,0.233713,16.0632,16.9497,1.38134,9.55314,0.73494,-2.54394,-3.6207,-3.6207,-2.4138,-1.2069,-1.2069,-1.2069
15.1604,-2.18956,-0.768824,-1.2231,-0.0807605,-1.38763,0.184512,15.1458,15.9653,2.57867,9.50993,1.06433,-3.06739,-3.73948,-3.73948,-2.49298,-1.24649,-1.24649,-1.24649
15.1653,-2.32376,-0.871871,-1.31518,-0.133592,-1.42032,0.138505,15.2575,16.077,2.65314,9.54716,1.10156,-3.03016,-3.85117,-3.85117,-2.56745,-1.28372,-1.28372,-1.28372
15.1702,-2.44771,-0.974753,-1.40875,-0.186331,-1.45322,0.0926778,15.0852,16.74,2.18405,9.72508,0.4018,-3.407,-3.96264,-3.96264,-2.64176,-1.32088,-1.32088,-1.32088
15.1752,-2.54817,-1.07971,-1.50326,-0.240095,-1.48058,0.0472907,14.7062,16.2822,2.05072,8.69479,1.49947,-4.74365,-4.07614,-4.07614,-2.71743,-1.35871,-1.35871,-1.35871
15.1803,-2.63469,-1.18666,-1.59839,-0.294701,-1.51331,0.00887334,14.8218,16.3978,2.12773,8.7333,1.53798,-4.70514,-4.19165,-4.19165,-2.79444,-1.39722,-1.39722,-1.39722
15.1855,-2.7031,-1.29559,-1.69379,-0.350174,-1.55008,-0.0174952,14.7384,17.2285,2.05767,10.3953,2.2561,-2.47178,-4.30915,-4.30915,-2.87277,-1.43638,-1.43638,-1.43638
15.1904,-2.74158,-1.39835,-1.78128,-0.402766,-1.59039,-0.0502445,15.3216,17.0276,2.08951,9.07424,0.429924,-4.72024,-4.41961,-4.41961,-2.94641,-1.4732,-1.4732,-1.4732
15.1952,-2.80199,-1.49904,-1.86483,-0.454251,-1.6247,-0.0700078,15.4296,17.1356,2.16147,9.11023,0.465907,-4.68425,-4.52756,-4.52756,-3.01837,-1.50919,-1.50919,-1.50919
15.2002,-2.87107,-1.60396,-1.94931,-0.507846,-1.65437,-0.0783776,15.3801,16.3139,2.66262,8.72534,1.00838,-2.56858,-4.63974,-4.63974,-3.09316,-1.54658,-1.54658,-1.54658
15.2053,-2.95372,-1.71083,-2.03793,-0.562473,-1.68436,-0.100348,17.2949,16.9285,3.11699,9.52514,1.93238,-2.53882,-4.75386,-4.75386,-3.16924,-1.58462,-1.58462,-1.58462
15.2103,-3.07859,-1.81558,-2.12812,-0.616191,-1.7201,-0.13058,17.4064,17.04,3.19138,9.56234,1.96958,-2.50162,-4.86545,-4.86545,-3.24363,-1.62182,-1.62182,-1.62182
15.2152,-3.20829,-1.91816,-2.21769,-0.668907,-1.75857,-0.165258,16.893,16.7315,2.47616,9.72289,0.639731,-2.15063,-4.97451,-4.97451,-3.31634,-1.65817,-1.65817,-1.65817
15.2203,-3.3482,-2.02484,-2.30898,-0.723944,-1.79364,-0.206787,17.0062,16.8447,2.55163,9.76063,0.677466,-2.11289,-5.08772,-5.08772,-3.39181,-1.69591,-1.69591,-1.69591
15.2254,-3.48958,-2.13147,-2.39896,-0.779116,-1.82338,-0.251725,17.2885,16.6187,3.01771,9.85621,1.21189,-2.83703,-5.2006,-5.2006,-3.46706,-1.73353,-1.73353,-1.73353
15.2302,-3.62428,-2.2317,-2.4849,-0.831133,-1.85214,-0.293404,15.9603,17.4338,1.97855,10.3138,1.22236,-3.48068,-5.30653,-5.30653,-3.53769,-1.76884,-1.76884,-1.76884
15.2352,-3.75433,-2.33612,-2.56638,-0.885482,-1.88326,-0.333622,16.1334,17.339,3.11571,9.17472,0.240599,-2.06124,-5.41656,-5.41656,-3.61104,-1.80552,-1.80552,-1.80552
15.2402,-3.86822,-2.4405,-2.64937,-0.939638,-1.90641,-0.376739,17.2792,17.3777,2.65171,10.859,0.956123,-3.89596,-5.52625,-5.52625,-3.68417,-1.84208,-1.84208,-1.84208
15.2452,-3.99029,-2.54471,-2.72539,-0.994039,-1.93005,-0.413881,17.3886,17.4871,2.72461,10.8955,0.992574,-3.85951,-5.6356,-5.6356,-3.75707,-1.87853,-1.87853,-1.87853
15.2502,-4.10763,-2.64869,-2.79197,-1.0486,-1.95433,-0.443765,17.5882,17.2139,3.30933,8.89491,1.67475,-3.70725,-5.7446,-5.7446,-3.82974,-1.91487,-1.91487,-1.91487
15.2554,-4.23692,-2.75655,-2.86234,-1.10502,-1.98617,-0.468585,17.7012,17.3269,3.38465,8.93257,1.71241,-3.66959,-5.85759,-5.85759,-3.90506,-1.95253,-1.95253,-1.95253
15.2602,-4.35686,-2.85594,-2.92953,-1.15679,-2.01966,-0.486068,16.6468,18.4789,3.89494,10.4162,0.977021,-3.41138,-5.96154,-5.96154,-3.97436,-1.98718,-1.98718,-1.98718
15.2654,-4.4672,-2.96392,-3.01178,-1.21294,-2.05329,-0.503479,16.696,18.9261,3.82973,11.6377,0.385151,-3.24977,-6.07377,-6.07377,-4.04918,-2.02459,-2.02459,-2.02459
15.2703,-4.56624,-3.066,-3.09314,-1.26624,-2.07806,-0.519907,16.8014,19.0315,3.89999,11.6728,0.420279,-3.21464,-6.17916,-6.17916,-4.11944,-2.05972,-2.05972,-2.05972
15.2752,-4.66023,-3.16832,-3.17609,-1.31984,-2.09736,-0.536462,18.1318,19.101,3.41615,9.67093,1.46545,-3.56879,-6.28418,-6.28418,-4.18945,-2.09473,-2.09473,-2.09473
15.2802,-4.767,-3.27299,-3.25865,-1.37429,-2.12263,-0.549204,18.8453,18.7429,3.23863,11.1058,2.41184,-2.32432,-6.39095,-6.39095,-4.26064,-2.13032,-2.13032,-2.13032
15.2854,-4.9027,-3.38207,-3.34271,-1.43115,-2.15999,-0.573321,18.9559,18.8535,3.31238,11.1427,2.44871,-2.28745,-6.50158,-6.50158,-4.33439,-2.16719,-2.16719,-2.16719
15.2903,-5.03558,-3.48511,-3.42148,-1.48491,-2.20074,-0.603216,18.7761,19.4065,4.09639,10.4901,2.12729,-2.31079,-6.60543,-6.60543,-4.40362,-2.20181,-2.20181,-2.20181
15.2953,-5.17309,-3.59043,-3.50466,-1.53972,-2.24428,-0.638486,18.6295,19.579,3.54813,9.71384,0.655521,-2.2756,-6.711,-6.711,-4.474,-2.237,-2.237,-2.237
15.3002,-5.30783,-3.69378,-3.58174,-1.59321,-2.28233,-0.676479,18.7326,19.6821,3.61683,9.74819,0.689872,-2.24125,-6.81406,-6.81406,-4.5427,-2.27135,-2.27135,-2.27135
15.3056,-5.45032,-3.80781,-3.66199,-1.65194,-2.31816,-0.721041,19.3579,19.4091,3.96603,9.14005,1.22437,-2.36087,-6.92716,-6.92716,-4.61811,-2.30905,-2.30905,-2.30905
15.3104,-5.58196,-3.9092,-3.73381,-1.70376,-2.34837,-0.761451,19.458,19.5092,4.03277,9.17343,1.25775,-2.32749,-7.02728,-7.02728,-4.68485,-2.34243,-2.34243,-2.34243
15.3154,-5.71965,-4.01486,-3.80964,-1.75743,-2.37821,-0.804033,18.0252,19.8612,4.54509,9.88701,0.911486,-1.39863,-7.13114,-7.13114,-4.75409,-2.37705,-2.37705,-2.37705
15.3204,-5.83999,-4.12049,-3.88682,-1.81098,-2.40431,-0.849563,18.3178,19.4053,4.99442,10.675,1.22748,-3.0036,-7.23456,-7.23456,-4.82304,-2.41152,-2.41152,-2.41152
15.3252,-5.94542,-4.22174,-3.96547,-1.86246,-2.42949,-0.890546,18.9997,19.1337,4.46677,11.5773,0.0929566,-1.56304,-7.33343,-7.33343,-4.88895,-2.44448,-2.44448,-2.44448
15.3303,-6.0572,-4.32916,-4.04806,-1.91744,-2.44315,-0.936091,18.6,19.2107,4.12477,12.2994,0.7571,-2.8033,-7.43802,-7.43802,-4.95868,-2.47934,-2.47934,-2.47934
15.3352,-6.15678,-4.43221,-4.12226,-1.97073,-2.45381,-0.977369,18.9602,20.1619,5.0609,10.1303,1.70953,-4.55015,-7.53806,-7.53806,-5.02537,-2.51269,-2.51269,-2.51269
15.3404,-6.25871,-4.54165,-4.20607,-2.02708,-2.47389,-1.0063,18.3763,18.9751,4.75097,9.90883,2.26639,-2.93345,-7.64373,-7.64373,-5.09582,-2.54791,-2.54791,-2.54791
15.3454,-6.34743,-4.64654,-4.28391,-2.08098,-2.50508,-1.03054,18.4775,19.0763,4.81839,9.94254,2.3001,-2.89974,-7.74486,-7.74486,-5.16324,-2.58162,-2.58162,-2.58162
15.3503,-6.42331,-4.74901,-4.35761,-2.13351,-2.54207,-1.051,18.2451,19.431,4.90714,11.4658,0.842582,-2.95794,-7.8435,-7.8435,-5.229,-2.6145,-2.6145,-2.6145
15.3553,-6.48148,-4.85344,-4.43289,-2.18729,-2.5753,-1.06994,19.2357,20.5872,5.15785,10.191,0.809734,-2.51055,-7.94368,-7.94368,-5.29579,-2.64789,-2.64789,-2.64789
15.3601,-6.56592,-4.95382,-4.5066,-2.23881,-2.60278,-1.09082,19.3314,20.6829,5.22165,10.2229,0.841637,-2.47864,-8.03939,-8.03939,-5.35959,-2.6798,-2.6798,-2.6798
15.3654,-6.67287,-5.06481,-4.58908,-2.29563,-2.62907,-1.11608,20.1536,20.0669,4.92809,9.67833,0.760766,-1.39203,-8.14454,-8.14454,-5.42969,-2.71485,-2.71485,-2.71485
15.3703,-6.78817,-5.16728,-4.6604,-2.34786,-2.64926,-1.15083,20.1991,20.1479,4.70624,10.373,1.44712,-2.4776,-8.24125,-8.24125,-5.49417,-2.74708,-2.74708,-2.74708
15.3752,-6.9116,-5.26959,-4.72204,-2.4,-2.67346,-1.18502,20.2954,20.2442,4.77038,10.405,1.4792,-2.44552,-8.33747,-8.33747,-5.55831,-2.77916,-2.77916,-2.77916
15.3803,-7.03948,-5.37594,-4.77893,-2.45413,-2.70228,-1.21996,20.1901,20.5408,4.92249,10.9433,0.436005,-1.79131,-8.4371,-8.4371,-5.62473,-2.81237,-2.81237,-2.81237
15.3853,-7.16638,-5.48018,-4.83209,-2.50723,-2.72198,-1.2579,20.2872,20.6379,4.98725,10.9757,0.468387,-1.75893,-8.53424,-8.53424,-5.68949,-2.84475,-2.84475,-2.84475
15.3902,-7.28898,-5.58237,-4.88515,-2.55924,-2.73324,-1.29742,20.2204,20.5277,5.70873,10.0634,0.798031,-2.05857,-8.62893,-8.62893,-5.75262,-2.87631,-2.87631,-2.87631
15.3952,-7.41207,-5.68669,-4.95263,-2.61205,-2.74141,-1.33785,19.6821,20.5765,5.18133,10.5922,0.0931438,-1.36414,-8.72503,-8.72503,-5.81669,-2.90834,-2.90834,-2.90834
15.4003,-7.52497,-5.7932,-5.02389,-2.66585,-2.73705,-1.38215,20.5401,20.1027,6.04468,10.6164,0.589312,-3.11185,-8.8225,-8.8225,-5.88166,-2.94083,-2.94083,-2.94083
15.4052,-7.63606,-5.8954,-5.10109,-2.71749,-2.72969,-1.41969,20.3534,21.5315,5.39616,11.9722,2.08591,-2.23625,-8.91561,-8.91561,-5.94374,-2.97187,-2.97187,-2.97187
15.4102,-7.75345,-5.99989,-5.17636,-2.77069,-2.739,-1.45762,20.4479,21.626,5.45913,12.0037,2.1174,-2.20476,-9.01007,-9.01007,-6.00671,-3.00336,-3.00336,-3.00336
15.4152,-7.87161,-6.10456,-5.2482,-2.82428,-2.76314,-1.49509,20.3054,21.7002,5.81225,11.4637,2.38882,-2.95178,-9.10398,-9.10398,-6.06932,-3.03466,-3.03466,-3.03466
15.4204,-7.98949,-6.21363,-5.32527,-2.88011,-2.79912,-1.52847,19.8943,22.3252,6.5792,11.1814,1.56006,-1.13094,-9.20105,-9.20105,-6.13403,-3.06702,-3.06702,-3.06702
15.4254,-8.08829,-6.31875,-5.40666,-2.93373,-2.83517,-1.56753,19.4393,21.3147,5.86147,9.18374,2.51834,-1.17454,-9.29381,-9.29381,-6.19587,-3.09794,-3.09794,-3.09794
15.4304,-8.16559,-6.42394,-5.48757,-2.98676,-2.87666,-1.60968,20.749,20.7529,6.04206,10.4399,1.28222,-1.14382,-9.38599,-9.38599,-6.25733,-3.12866,-3.12866,-3.12866
15.4353,-8.26097,-6.52693,-5.56733,-3.03854,-2.91522,-1.65233,21.2643,22.0602,6.38615,9.55903,1.53571,0.277151,-9.47577,-9.47577,-6.31718,-3.15859,-3.15859,-3.15859
15.4403,-8.37757,-6.6322,-5.6505,-3.09083,-2.95414,-1.69973,20.8155,21.7335,6.46774,10.6078,2.01318,-1.46442,-9.56681,-9.56681,-6.37787,-3.18894,-3.18894,-3.18894
15.4452,-8.49313,-6.73534,-5.73127,-3.14195,-2.9945,-1.74544,20.6559,21.8891,6.92184,12.1609,2.33252,-1.61704,-9.65544,-9.65544,-6.43696,-3.21848,-3.21848,-3.21848
15.4503,-8.60854,-6.84255,-5.81506,-3.19561,-3.03955,-1.79152,18.6554,20.2472,7.02056,9.40107,3.20763,-1.52025,-9.74709,-9.74709,-6.49806,-3.24903,-3.24903,-3.24903
15.4555,-8.67264,-6.95134,-5.90127,-3.2496,-3.08909,-1.83715,22.0972,22.9522,4.37379,10.9472,2.12077,-3.30263,-9.8399,-9.8399,-6.55993,-3.27997,-3.27997,-3.27997
15.4603,-8.78188,-7.05205,-5.94725,-3.29957,-3.13491,-1.86862,22.4306,23.3643,6.0837,11.6546,1.76825,-3.05899,-9.92498,-9.92498,-6.61665,-3.30833,-3.30833,-3.30833
15.4652,-8.90863,-7.15509,-5.99089,-3.35095,-3.18103,-1.89085,21.9219,22.509,6.25826,11.8241,2.26068,-2.33472,-10.0113,-10.0113,-6.67417,-3.33708,-3.33708,-3.33708
15.4703,-9.03875,-7.26243,-6.04215,-3.40475,-3.22895,-1.91215,22.1647,22.1332,7.70546,12.864,1.9592,-2.48716,-10.1004,-10.1004,-6.73361,-3.3668,-3.3668,-3.3668
15.4753,-9.16614,-7.36756,-6.1157,-3.45798,-3.27508,-1.92878,21.5856,22.2554,6.92523,11.7585,2.04609,-1.50603,-10.1872,-10.1872,-6.79147,-3.39573,-3.39573,-3.39573
15.4805,-9.28579,-7.47673,-6.19225,-3.51343,-3.32254,-1.95426,22.8021,21.5885,7.41758,12.2852,2.21672,-2.75956,-10.2768,-10.2768,-6.85119,-3.4256,-3.4256,-3.4256
15.4853,-9.40185,-7.57709,-6.26541,-3.56474,-3.36632,-1.97056,22.8369,22.5453,6.3876,10.226,2.11988,-2.13604,-10.3589,-10.3589,-6.90592,-3.45296,-3.45296,-3.45296
15.4903,-9.52456,-7.68154,-6.33199,-3.61767,-3.41141,-1.98912,22.449,21.4009,7.39305,12.4982,2.52906,-1.0893,-10.4438,-10.4438,-6.96251,-3.48126,-3.48126,-3.48126
15.4952,-9.64041,-7.78352,-6.40302,-3.66987,-3.45614,-2.01874,21.6292,22.7285,6.89842,11.6315,2.15086,-3.57062,-10.5263,-10.5263,-7.01755,-3.50878,-3.50878,-3.50878
15.5002,-9.73786,-7.88757,-6.47256,-3.72317,-3.5012,-2.03508,23.34,22.0044,7.52891,10.4339,2.63412,-0.114836,-10.6099,-10.6099,-7.07329,-3.53664,-3.53664,-3.53664
15.5054,-9.86104,-7.99565,-6.55296,-3.77826,-3.54874,-2.07281,22.4926,22.138,6.24463,11.3569,3.01064,-2.94268,-10.6962,-10.6962,-7.13079,-3.5654,-3.5654,-3.5654
15.5104,-9.97501,-8.09939,-6.61603,-3.83113,-3.59584,-2.10034,22.1139,22.4291,7.7353,11.8397,2.92214,-0.944623,-10.7785,-10.7785,-7.18563,-3.59282,-3.59282,-3.59282
15.5152,-10.0701,-8.1988,-6.68304,-3.88186,-3.64179,-2.13454,22.1685,22.1764,6.45203,11.2448,2.99793,-1.48155,-10.8568,-10.8568,-7.23787,-3.61893,-3.61893,-3.61893
15.5204,-10.1635,-8.30627,-6.74208,-3.93666,-3.69215,-2.17289,20.9052,21.315,7.74125,10.9334,2.80243,-1.81781,-10.941,-10.941,-7.29399,-3.64699,-3.64699,-3.64699
15.5253,-10.201,-8.40699,-6.80865,-3.98805,-3.73975,-2.20781,22.2289,23.139,6.97231,10.3055,2.86177,-2.54507,-11.0196,-11.0196,-7.34642,-3.67321,-3.67321,-3.67321
15.5307,-10.2497,-8.51791,-6.86916,-4.04402,-3.79248,-2.23951,21.4914,20.8137,7.16545,12.2965,2.95665,-1.81263,-11.1056,-11.1056,-7.40371,-3.70185,-3.70185,-3.70185
15.5354,-10.2654,-8.61291,-6.9164,-4.09308,-3.8386,-2.26718,22.1171,22.7121,7.55136,11.013,2.69985,-2.00319,-11.1797,-11.1797,-7.45313,-3.72657,-3.72657,-3.72657
15.5402,-10.2892,-8.70985,-6.9675,-4.14296,-3.88556,-2.29391,21.9283,21.8573,7.48438,11.452,2.70831,-1.77117,-11.2548,-11.2548,-7.50319,-3.75159,-3.75159,-3.75159
15.5452,-10.3193,-8.8101,-7.02467,-4.19488,-3.93426,-2.32209,21.3714,23.2153,7.51726,12.8689,2.8004,-0.486762,-11.3323,-11.3323,-7.55488,-3.77744,-3.77744,-3.77744
15.5502,-10.3291,-8.91089,-7.08123,-4.24736,-3.98284,-2.35972,23.9422,23.6231,8.2122,10.9487,2.25469,-1.62863,-11.4091,-11.4091,-7.6061,-3.80305,-3.80305,-3.80305
15.5552,-10.4118,-9.01245,-7.14839,-4.29951,-4.03043,-2.39634,23.5653,22.6473,8.13337,12.3154,2.47879,-1.05677,-11.4853,-11.4853,-7.65685,-3.82843,-3.82843,-3.82843
15.5601,-10.5192,-9.1116,-7.21737,-4.35091,-4.07648,-2.43481,23.5644,23.5762,7.89214,12.6381,3.31487,-1.45441,-11.5592,-11.5592,-7.70613,-3.85307,-3.85307,-3.85307
15.5652,-10.6403,-9.21505,-7.28574,-4.40467,-4.12534,-2.47501,24.1685,23.6248,8.19584,11.3802,3.19951,-1.87613,-11.6354,-11.6354,-7.75694,-3.87847,-3.87847,-3.87847
15.5703,-10.7725,-9.31859,-7.35339,-4.45808,-4.17471,-2.51202,23.7634,24.1219,7.13218,11.9352,3.2909,-0.708335,-11.7109,-11.7109,-7.80725,-3.90362,-3.90362,-3.90362
15.5753,-10.9039,-9.42055,-7.40113,-4.51034,-4.22357,-2.55187,23.8405,25.1919,8.22184,11.3718,2.89304,-2.45584,-11.7841,-11.7841,-7.85609,-3.92804,-3.92804,-3.92804
15.5803,-11.0364,-9.52337,-7.45748,-4.5623,-4.27222,-2.58362,23.6097,23.2236,7.74978,9.98006,2.97518,-1.2559,-11.8567,-11.8567,-7.90444,-3.95222,-3.95222,-3.95222
15.5853,-11.1629,-9.62581,-7.50693,-4.61274,-4.32073,-2.61607,22.5429,24.9778,8.42673,11.3619,3.10675,-1.21541,-11.9285,-11.9285,-7.9523,-3.97615,-3.97615,-3.97615
15.5903,-11.2647,-9.72869,-7.56348,-4.66269,-4.36925,-2.64823,23.0276,23.0788,7.76142,11.0958,3.354,-1.72992,-11.9995,-11.9995,-7.99968,-3.99984,-3.99984,-3.99984
15.5952,-11.3498,-9.82896,-7.61039,-4.71069,-4.41707,-2.67623,22.8916,24.0618,7.85125,11.4665,3.98969,-2.99035,-12.0684,-12.0684,-8.04562,-4.02281,-4.02281,-4.02281
15.6003,-11.4178,-9.93318,-7.65195,-4.75993,-4.46763,-2.68975,23.2502,23.9791,8.52975,11.1755,3.70699,-0.648291,-12.1394,-12.1394,-8.09294,-4.04647,-4.04647,-4.04647
15.6053,-11.4791,-10.0351,-7.7007,-4.80703,-4.51749,-2.71556,22.8423,24.4301,8.03014,12.2252,3.56433,-1.95015,-12.2082,-12.2082,-8.13882,-4.06941,-4.06941,-4.06941
15.6102,-11.5175,-10.135,-7.74257,-4.85427,-4.56642,-2.73548,23.0785,23.7601,8.06208,12.7525,3.25537,-0.106308,-12.275,-12.275,-8.1833,-4.09165,-4.09165,-4.09165
15.6152,-11.555,-10.2367,-7.78445,-4.90409,-4.61614,-2.76822,23.461,24.7572,7.20409,11.8807,3.84914,-1.66534,-12.3423,-12.3423,-8.22819,-4.1141,-4.1141,-4.1141
15.6203,-11.6084,-10.3407,-7.8051,-4.95505,-4.66706,-2.79754,23.3319,24.963,9.32263,12.0193,3.54057,-0.955473,-12.4102,-12.4102,-8.27345,-4.13673,-4.13673,-4.13673
15.6253,-11.6664,-10.4429,-7.85304,-5.00519,-4.71697,-2.82918,23.0076,23.8114,7.776,11.1635,4.2663,-1.30614,-12.476,-12.476,-8.31731,-4.15866,-4.15866,-4.15866
15.6302,-11.7255,-10.5425,-7.886,-5.05377,-4.76626,-2.85946,23.0713,23.8751,7.81849,11.1848,4.28754,-1.2849,-12.5397,-12.5397,-8.3598,-4.1799,-4.1799,-4.1799
15.6352,-11.7916,-10.6436,-7.91232,-5.10289,-4.81683,-2.88969,25.1687,25.2081,9.47899,12.531,3.78732,-0.6756,-12.604,-12.604,-8.40264,-4.20132,-4.20132,-4.20132
15.6402,-11.9046,-10.7449,-7.96143,-5.15333,-4.86733,-2.9232,25.2321,25.2715,9.52131,12.5522,3.80848,-0.654439,-12.6674,-12.6674,-8.44496,-4.22248,-4.22248,-4.22248
15.6452,-12.0323,-10.8463,-8.02276,-5.20447,-4.91769,-2.95855,24.4555,25.1884,8.7501,13.103,3.6969,-0.964738,-12.7301,-12.7301,-8.48676,-4.24338,-4.24338,-4.24338
15.6505,-12.1633,-10.9535,-8.08023,-5.25944,-4.97071,-2.99541,25.4353,25.4511,8.03308,12.7937,4.02513,-2.74791,-12.7958,-12.7958,-8.5305,-4.26525,-4.26525,-4.26525
15.6553,-12.2882,-11.0508,-8.11483,-5.30948,-5.0183,-3.01307,25.0172,25.7382,8.68873,12.2584,4.44212,-1.801,-12.8544,-12.8544,-8.5696,-4.2848,-4.2848,-4.2848
15.6603,-12.4128,-11.1523,-8.14927,-5.36144,-5.06754,-3.02902,24.4707,24.3289,8.64535,12.3862,5.12463,-1.34205,-12.9147,-12.9147,-8.60982,-4.30491,-4.30491,-4.30491
15.6652,-12.5182,-11.2504,-8.18118,-5.41207,-5.11578,-3.048,23.5638,22.7285,8.4209,12.0248,5.64088,-1.57928,-12.9731,-12.9731,-8.64871,-4.32436,-4.32436,-4.32436
15.6702,-12.5827,-11.3434,-8.20488,-5.4631,-5.16518,-3.06823,23.7998,24.7691,9.27934,11.4482,5.8095,-0.756544,-13.0318,-13.0318,-8.68787,-4.34394,-4.34394,-4.34394
15.6752,-12.6186,-11.433,-8.23717,-5.51284,-5.21468,-3.09707,22.6955,23.6489,9.67535,10.9541,5.71289,-2.07031,-13.0897,-13.0897,-8.72649,-4.36325,-4.36325,-4.36325
15.6802,-12.5984,-11.5107,-8.28517,-5.56033,-5.26383,-3.11995,24.7935,24.8369,8.844,10.733,5.98861,-0.39527,-13.1469,-13.1469,-8.76458,-4.38229,-4.38229,-4.38229
15.6852,-12.6138,-11.5886,-8.32616,-5.604,-5.31233,-3.15255,24.4322,24.0658,9.17623,12.0601,6.25578,-1.95798,-13.2032,-13.2032,-8.80212,-4.40106,-4.40106,-4.40106
15.6905,-12.6473,-11.6621,-8.37177,-5.65081,-5.36243,-3.18151,23.9906,24.9441,8.8058,9.83578,7.66642,-1.85558,-13.262,-13.262,-8.84133,-4.42066,-4.42066,-4.42066
15.6952,-12.6817,-11.7307,-8.40359,-5.68115,-5.40734,-3.20274,25.6653,23.8135,9.23924,10.8714,7.40203,-2.89001,-13.3134,-13.3134,-8.87558,-4.43779,-4.43779,-4.43779
15.7005,-12.7762,-11.7927,-8.44055,-5.71328,-5.45703,-3.21178,26.0848,23.7602,9.36925,11.826,7.82677,0.407894,-13.3704,-13.3704,-8.91363,-4.45681,-4.45681,-4.45681
15.7053,-12.8928,-11.8398,-8.4834,-5.74664,-5.50033,-3.24112,24.4533,24.9025,8.14499,12.2404,7.66158,-2.43174,-13.4213,-13.4213,-8.94755,-4.47378,-4.47378,-4.47378
15.7102,-13.0006,-11.9042,-8.50965,-5.78653,-5.53958,-3.25956,24.2996,23.9017,10.1688,10.8333,6.92515,-0.725571,-13.4725,-13.4725,-8.98166,-4.49083,-4.49083,-4.49083
15.7151,-13.0949,-11.9613,-8.56064,-5.82333,-5.56211,-3.2844,24.1687,25.3428,9.19079,11.6367,7.55466,-2.51382,-13.5228,-13.5228,-9.01523,-4.50762,-4.50762,-4.50762
15.7203,-13.1798,-12.0399,-8.61419,-5.86421,-5.56563,-3.29613,24.6232,25.226,9.276,12.1924,6.95118,-0.484262,-13.5754,-13.5754,-9.05028,-4.52514,-4.52514,-4.52514
15.7254,-13.2604,-12.1215,-8.66333,-5.90718,-5.54071,-3.31761,24.6187,24.6739,10.0371,11.3316,7.88715,-0.33489,-13.6261,-13.6261,-9.08406,-4.54203,-4.54203,-4.54203
15.7304,-13.3311,-12.1973,-8.72143,-5.94733,-5.50629,-3.34579,23.7377,25.4043,9.19395,11.2982,7.92827,-1.59373,-13.6749,-13.6749,-9.11662,-4.55831,-4.55831,-4.55831
15.7353,-13.3629,-12.2741,-8.76741,-5.98428,-5.46703,-3.36725,24.0724,24.5964,9.42177,12.1833,6.21343,-1.73537,-13.722,-13.722,-9.14798,-4.57399,-4.57399,-4.57399
15.7403,-13.3822,-12.3478,-8.81237,-6.02527,-5.41932,-3.38316,24.8996,25.9082,10.2035,12.3481,6.70111,-2.79605,-13.7691,-13.7691,-9.17942,-4.58971,-4.58971,-4.58971
15.7453,-13.4201,-12.4261,-8.86349,-6.06927,-5.36969,-3.38086,24.8316,24.5558,8.81319,11.9578,6.91527,-1.18257,-13.8154,-13.8154,-9.21029,-4.60515,-4.60515,-4.60515
15.7502,-13.4613,-12.4882,-8.88796,-6.11311,-5.32028,-3.3809,24.8762,24.6004,8.8429,11.9726,6.93012,-1.16772,-13.86,-13.86,-9.24,-4.62,-4.62,-4.62
15.7552,-13.504,-12.5382,-8.89334,-6.1584,-5.26942,-3.38235,25.5906,26.1856,10.5049,11.5735,7.79783,-0.540128,-13.9046,-13.9046,-9.26974,-4.63487,-4.63487,-4.63487
15.7604,-13.5771,-12.6074,-8.92299,-6.20439,-5.21654,-3.3921,25.5613,25.7189,9.35442,11.8122,7.0264,-0.508402,-13.9501,-13.9501,-9.30008,-4.65004,-4.65004,-4.65004
15.7653,-13.6621,-12.6767,-8.94212,-6.24641,-5.16647,-3.40934,25.2132,25.7845,10.0826,10.9072,7.40472,-1.71984,-13.9921,-13.9921,-9.32809,-4.66404,-4.66404,-4.66404
15.7703,-13.7511,-12.7495,-8.97033,-6.28356,-5.11533,-3.41981,25.0583,25.8069,10.0834,10.1263,7.80789,-0.496948,-14.0342,-14.0342,-9.3561,-4.67805,-4.67805,-4.67805
15.7753,-13.8337,-12.8244,-9.00633,-6.30825,-5.06428,-3.43831,25.2216,25.7692,9.39817,12.1107,7.59805,-0.408708,-14.0753,-14.0753,-9.38354,-4.69177,-4.69177,-4.69177
15.7803,-13.9106,-12.8942,-9.02523,-6.33966,-5.01327,-3.46387,25.0373,24.6039,10.2757,12.0164,6.95736,-1.2564,-14.1156,-14.1156,-9.4104,-4.7052,-4.7052,-4.7052
15.7856,-13.9793,-12.9454,-9.05515,-6.37666,-4.95905,-3.4884,24.8387,27.0097,10.0841,10.7056,7.02924,-1.75584,-14.1574,-14.1574,-9.43824,-4.71912,-4.71912,-4.71912
15.7904,-14.0319,-13.0182,-9.08775,-6.40187,-4.90985,-3.50197,25.0332,25.1633,9.96867,11.2478,8.1842,-1.16392,-14.1943,-14.1943,-9.46289,-4.73144,-4.73144,-4.73144
15.7954,-14.0759,-13.0798,-9.11671,-6.42716,-4.85884,-3.51559,25.0709,25.201,9.99377,11.2604,8.19675,-1.15137,-14.232,-14.232,-9.48799,-4.74399,-4.74399,-4.74399
15.8004,-14.1072,-13.123,-9.13931,-6.45072,-4.80817,-3.52861,24.7019,25.5608,10.0517,11.6701,6.79313,-1.98367,-14.2688,-14.2688,-9.5125,-4.75625,-4.75625,-4.75625
15.8052,-14.1262,-13.1682,-9.16529,-6.47511,-4.7593,-3.52934,24.6063,25.8868,9.78838,10.8204,6.57278,-0.945456,-14.3032,-14.3032,-9.53549,-4.76774,-4.76774,-4.76774
15.8103,-14.1405,-13.223,-9.18778,-6.49642,-4.70718,-3.53265,24.65,26.2378,10.5688,11.354,7.09806,-1.62078,-14.339,-14.339,-9.55931,-4.77966,-4.77966,-4.77966
15.8153,-14.1543,-13.2873,-9.22439,-6.51868,-4.65609,-3.53178,25.5075,25.9331,10.8821,11.4399,6.93556,-1.60112,-14.3731,-14.3731,-9.58208,-4.79104,-4.79104,-4.79104
15.8203,-14.1927,-13.3452,-9.26946,-6.54174,-4.60499,-3.52875,25.5408,25.9664,10.9042,11.451,6.94665,-1.59003,-14.4064,-14.4064,-9.60425,-4.80213,-4.80213,-4.80213
15.8254,-14.2483,-13.3951,-9.31842,-6.5648,-4.5529,-3.5245,25.8142,26.283,10.3139,11.3709,7.24745,-1.23127,-14.4394,-14.4394,-9.62626,-4.81313,-4.81313,-4.81313
15.8306,-14.3272,-13.4522,-9.36205,-6.58825,-4.49993,-3.52299,24.917,27.3244,10.7056,10.8601,7.99527,-0.367532,-14.4721,-14.4721,-9.64806,-4.82403,-4.82403,-4.82403
15.8354,-14.3815,-13.5252,-9.40777,-6.60435,-4.45147,-3.53475,26.0023,27.2118,11.0407,10.7209,8.07128,-1.02016,-14.5014,-14.5014,-9.66761,-4.8338,-4.8338,-4.8338
15.8403,-14.454,-13.6059,-9.46101,-6.61648,-4.40267,-3.5488,24.6208,25.8068,10.7592,10.4739,8.90898,-2.49258,-14.5305,-14.5305,-9.687,-4.8435,-4.8435,-4.8435
15.8453,-14.4901,-13.6749,-9.51022,-6.61892,-4.35505,-3.54884,24.6496,25.8356,10.7784,10.4835,8.91858,-2.48298,-14.5593,-14.5593,-9.7062,-4.8531,-4.8531,-4.8531
15.8505,-14.4965,-13.73,-9.55569,-6.61043,-4.31011,-3.53671,24.6235,26.2389,10.5824,10.2613,8.52252,-1.55424,-14.5883,-14.5883,-9.72553,-4.86276,-4.86276,-4.86276
15.8553,-14.4797,-13.7799,-9.59364,-6.59212,-4.27339,-3.52591,24.6454,26.0087,8.89844,10.2617,8.349,-0.535442,-14.6142,-14.6142,-9.7428,-4.8714,-4.8714,-4.8714
15.8604,-14.4446,-13.8207,-9.58477,-6.56864,-4.23935,-3.52542,24.7193,25.5861,9.75845,10.4527,6.73499,0.0778682,-14.6408,-14.6408,-9.76054,-4.88027,-4.88027,-4.88027
15.8655,-14.4005,-13.8429,-9.55724,-6.54179,-4.19913,-3.5421,26.3959,24.4298,10.5865,11.3555,8.30018,-0.534575,-14.6665,-14.6665,-9.77765,-4.88882,-4.88882,-4.88882
15.8704,-14.4142,-13.8194,-9.53554,-6.52444,-4.16525,-3.56362,26.4197,24.4536,10.6023,11.3634,8.30811,-0.52665,-14.6903,-14.6903,-9.7935,-4.89675,-4.89675,-4.89675
15.8752,-14.4715,-13.7682,-9.51981,-6.51597,-4.13696,-3.58809,25.2955,25.4295,11.4805,10.4022,9.23467,-2.00129,-14.7127,-14.7127,-9.80847,-4.90423,-4.90423,-4.90423
15.8804,-14.5318,-13.7136,-9.52824,-6.50458,-4.12177,-3.60306,25.3189,25.4529,11.496,10.4099,9.24246,-1.9935,-14.7361,-14.7361,-9.82405,-4.91202,-4.91202,-4.91202
15.8853,-14.5935,-13.6651,-9.55924,-6.491,-4.12405,-3.60692,25.6119,25.9665,10.4923,9.43995,8.90175,-1.37373,-14.7572,-14.7572,-9.83813,-4.91907,-4.91907,-4.91907
15.8903,-14.6628,-13.6289,-9.58283,-6.4675,-4.13556,-3.61139,25.6326,25.9872,10.5061,9.44683,8.90863,-1.36685,-14.7779,-14.7779,-9.8519,-4.92595,-4.92595,-4.92595
15.8953,-14.7346,-13.6052,-9.60034,-6.43822,-4.15428,-3.61711,25.4711,24.3915,10.9205,11.2253,7.44137,-2.95831,-14.7976,-14.7976,-9.86507,-4.93253,-4.93253,-4.93253
15.9002,-14.798,-13.5536,-9.61852,-6.42182,-4.16239,-3.60583,25.2138,26.049,11.9423,10.2048,9.37677,-0.956673,-14.8161,-14.8161,-9.87737,-4.93869,-4.93869,-4.93869
15.9052,-14.8495,-13.5228,-9.6651,-6.40575,-4.1833,-3.60133,23.7463,25.3223,9.74512,10.2107,8.30635,-0.296574,-14.834,-14.834,-9.88933,-4.94467,-4.94467,-4.94467
15.9102,-14.8395,-13.4844,-9.67495,-6.38928,-4.2042,-3.60916,24.3898,26.1273,11.4264,10.3655,8.97442,0.710979,-14.851,-14.851,-9.90068,-4.95034,-4.95034,-4.95034
15.9153,-14.8074,-13.4642,-9.69845,-6.37359,-4.23181,-3.63652,24.4062,26.1437,11.4373,10.3709,8.97989,0.716452,-14.8674,-14.8674,-9.91162,-4.95581,-4.95581,-4.95581
15.9203,-14.7656,-13.464,-9.73344,-6.35845,-4.26303,-3.67336,24.1022,25.0478,10.3502,11.8829,8.68687,-2.29241,-14.8826,-14.8826,-9.92174,-4.96087,-4.96087,-4.96087
15.9252,-14.7151,-13.4514,-9.7486,-6.36182,-4.29467,-3.69316,24.7466,25.8931,10.7357,10.2978,8.60045,-0.606913,-14.8966,-14.8966,-9.93105,-4.96553,-4.96553,-4.96553
15.9302,-14.6875,-13.4536,-9.75996,-6.36178,-4.32684,-3.71447,24.7599,25.9064,10.7446,10.3023,8.6049,-0.602463,-14.9099,-14.9099,-9.93995,-4.96998,-4.96998,-4.96998
15.9355,-14.6879,-13.4745,-9.77095,-6.35843,-4.36067,-3.73798,24.0166,25.8724,10.9582,10.1328,7.53288,0.122279,-14.9231,-14.9231,-9.94872,-4.97436,-4.97436,-4.97436
15.9402,-14.6706,-13.497,-9.77918,-6.34833,-4.38076,-3.76459,22.7272,24.9691,10.9988,11.0472,8.32308,0.390837,-14.9339,-14.9339,-9.95591,-4.97796,-4.97796,-4.97796
15.9453,-14.6037,-13.4993,-9.7838,-6.34295,-4.40296,-3.79719,24.0145,25.3857,10.4793,10.4464,8.21075,-0.441845,-14.9447,-14.9447,-9.96311,-4.98155,-4.98155,-4.98155
15.9505,-14.5442,-13.4974,-9.77386,-6.33514,-4.42348,-3.82609,25.4469,24.0915,11.2154,9.06693,9.05865,-3.75051,-14.9547,-14.9547,-9.96979,-4.98489,-4.98489,-4.98489
15.9552,-14.5474,-13.4594,-9.76868,-6.31276,-4.44875,-3.81256,27.8782,24.7498,10.8907,7.28118,9.0117,-1.60326,-14.9629,-14.9629,-9.97525,-4.98762,-4.98762,-4.98762
15.9604,-14.6539,-13.41,-9.76085,-6.27082,-4.47858,-3.79149,25.8533,25.806,11.2096,8.60041,7.25077,-1.82411,-14.971,-14.971,-9.98066,-4.99033,-4.99033,-4.99033
15.9653,-14.7538,-13.3778,-9.75748,-6.22869,-4.48896,-3.76636,25.3754,25.0089,11.0573,6.90525,8.83449,-0.298346,-14.9777,-14.9777,-9.98515,-4.99257,-4.99257,-4.99257
15.9703,-14.839,-13.3409,-9.75495,-6.18032,-4.50125,-3.75377,26.1378,24.3372,10.9484,5.78116,8.29,-0.8594,-14.9837,-14.9837,-9.98912,-4.99456,-4.99456,-4.99456
15.9755,-14.9311,-13.2861,-9.75035,-6.12682,-4.50888,-3.74575,25.095,25.8594,11.9781,5.4103,9.26878,-2.15762,-14.9889,-14.9889,-9.9926,-4.9963,-4.9963,-4.9963
15.9802,-14.9898,-13.259,-9.77106,-6.07718,-4.52337,-3.72872,27.1082,27.0333,11.2011,5.47782,9.3363,-1.81686,-14.9927,-14.9927,-9.99516,-4.99758,-4.99758,-4.99758
15.9853,-15.0883,-13.2759,-9.79378,-6.02267,-4.54461,-3.70849,26.5638,26.5126,11.1009,5.49547,8.07883,-1.13681,-14.996,-14.996,-9.99733,-4.99867,-4.99867,-4.99867
15.9902,-15.1858,-13.3105,-9.8079,-5.96978,-4.55711,-3.6945,26.1917,25.6047,11.56,5.53761,9.01521,-1.80675,-14.9982,-14.9982,-9.99882,-4.99941,-4.99941,-4.99941
15.9952,-15.2737,-13.3367,-9.82561,-5.91541,-4.57311,-3.67458,24.7471,25.9095,11.0719,4.80114,7.9641,0.238858,-14.9996,-14.9996,-9.99972,-4.99986,-4.99986,-4.99986
16.0006,-15.3102,-13.3722,-9.83923,-5.85638,-4.57819,-3.67341,25.8823,26.2763,12.1631,5.27324,7.79036,-0.928482,-15,-15,-10,-5,-5,-5
16.0053,-15.34,-13.4112,-9.87017,-5.80578,-4.57188,-3.67559,24.7273,25.3499,11.1053,4.33743,8.07171,-1.05285,-14.9995,-14.9995,-9.99965,-4.99983,-4.99983,-4.99983
16.0102,-15.3266,-13.4359,-9.89053,-5.75383,-4.55983,-3.67846,24.9505,25.3091,11.0458,4.486,8.75848,-0.250162,-14.9981,-14.9981,-9.99872,-4.99936,-4.99936,-4.99936
16.0153,-15.284,-13.4457,-9.89913,-5.70105,-4.54989,-3.69402,24.1522,26.0356,11.5395,5.15588,7.24244,-1.8076,-14.9957,-14.9957,-9.99711,-4.99856,-4.99856,-4.99856
16.0203,-15.2085,-13.462,-9.90923,-5.65337,-4.52616,-3.70247,25.2955,26.513,11.4851,3.89622,7.4649,-1.0635,-14.9924,-14.9924,-9.99492,-4.99746,-4.99746,-4.99746
16.0254,-15.1457,-13.4958,-9.91955,-5.61026,-4.4951,-3.71446,24.6135,26.2841,11.7874,4.69794,8.50674,-1.31334,-14.9881,-14.9881,-9.99204,-4.99602,-4.99602,-4.99602
16.0305,-15.0774,-13.5377,-9.93817,-5.58321,-4.46862,-3.72498,25.3214,25.7666,11.3052,4.58026,8.85274,-0.942497,-14.9828,-14.9828,-9.98853,-4.99426,-4.99426,-4.99426
16.0354,-15.0318,-13.5626,-9.94366,-5.57581,-4.45171,-3.73826,25.1499,25.7566,11.3932,5.08335,7.72467,-0.166168,-14.9768,-14.9768,-9.98454,-4.99227,-4.99227,-4.99227
16.0403,-14.9968,-13.5773,-9.94258,-5.59016,-4.42995,-3.76152,24.7215,25.2258,11.6415,2.77923,7.25871,-0.449975,-14.97,-14.97,-9.97997,-4.98999,-4.98999,-4.98999
16.0454,-14.9536,-13.5753,-9.94444,-5.60019,-4.39901,-3.79028,24.1854,25.9781,11.2829,3.01665,8.73813,-0.369869,-14.9619,-14.9619,-9.97458,-4.98729,-4.98729,-4.98729
16.0502,-14.8992,-13.5776,-9.93936,-5.6081,-4.37726,-3.82021,25.0831,25.3786,11.6367,3.78386,8.29646,-1.34146,-14.9534,-14.9534,-9.96893,-4.98446,-4.98446,-4.98446
16.0553,-14.8591,-13.5691,-9.93614,-5.62401,-4.35587,-3.84597,24.1394,26.5585,11.6071,4.21111,7.61419,0.054548,-14.9434,-14.9434,-9.9623,-4.98115,-4.98115,-4.98115
16.0606,-14.7928,-13.576,-9.92818,-5.64953,-4.32906,-3.88017,24.1281,26.5472,11.5996,4.20732,7.6104,0.0507641,-14.9321,-14.9321,-9.95473,-4.97736,-4.97736,-4.97736
16.0653,-14.7232,-13.5922,-9.91544,-5.67534,-4.30292,-3.91446,23.9674,26.3196,10.3926,4.61768,7.5902,-1.13692,-14.9212,-14.9212,-9.94744,-4.97372,-4.97372,-4.97372
16.0704,-14.6418,-13.6151,-9.87198,-5.7076,-4.27272,-3.9462,24.4668,27.3352,10.9379,3.47078,8.2649,-0.0730609,-14.9084,-14.9084,-9.93892,-4.96946,-4.96946,-4.96946
16.0754,-14.5805,-13.6671,-9.82302,-5.7307,-4.24819,-3.98043,24.808,26.7858,11.3637,4.40193,8.30181,-1.31955,-14.8949,-14.8949,-9.92994,-4.96497,-4.96497,-4.96497
16.0803,-14.5474,-13.7246,-9.78044,-5.75624,-4.22888,-4.00718,25.8498,24.8766,11.3167,2.27756,9.0092,-0.984762,-14.8808,-14.8808,-9.92056,-4.96028,-4.96028,-4.96028
16.0854,-14.5728,-13.7491,-9.74035,-5.76523,-4.22034,-4.0321,25.6687,25.1801,11.6992,4.30924,7.45564,-2.06636,-14.8652,-14.8652,-9.91016,-4.95508,-4.95508,-4.95508
16.0903,-14.6399,-13.7463,-9.7133,-5.78465,-4.20469,-4.04234,25.2037,26.2045,11.5026,3.11163,8.63439,-1.06977,-14.8494,-14.8494,-9.89957,-4.94979,-4.94979,-4.94979
16.0953,-14.7221,-13.7508,-9.69204,-5.80177,-4.19635,-4.05103,24.7807,26.3055,11.5602,3.42884,7.57712,-1.00924,-14.8322,-14.8322,-9.88816,-4.94408,-4.94408,-4.94408
16.1004,-14.7971,-13.7652,-9.67779,-5.82146,-4.18115,-4.05824,25.1721,26.5826,10.9669,4.39147,7.05763,-1.54529,-14.8138,-14.8138,-9.8759,-4.93795,-4.93795,-4.93795
16.1053,-14.8721,-13.7921,-9.65453,-5.84951,-4.15691,-4.05793,24.5231,25.1733,11.8072,3.0936,8.40936,-0.938761,-14.7953,-14.7953,-9.86352,-4.93176,-4.93176,-4.93176
16.1104,-14.9262,-13.7889,-9.64011,-5.87356,-4.13852,-4.05798,24.759,25.5588,11.7812,4.13841,9.01533,-0.0181545,-14.775,-14.775,-9.85001,-4.92501,-4.92501,-4.92501
16.1153,-14.9649,-13.7735,-9.63682,-5.90122,-4.13355,-4.06806,23.3517,25.8576,11.7279,3.65966,8.04806,-1.6975,-14.7547,-14.7547,-9.83644,-4.91822,-4.91822,-4.91822
16.1203,-14.9453,-13.7551,-9.64001,-5.92941,-4.12671,-4.06692,25.1307,26.2102,11.471,3.00659,8.22299,-1.10029,-14.733,-14.733,-9.82199,-4.91099,-4.91099,-4.91099
16.1253,-14.9433,-13.7456,-9.64314,-5.94981,-4.1202,-4.06468,23.9497,27.2357,11.3013,4.03407,9.20079,-2.19249,-14.7104,-14.7104,-9.80693,-4.90347,-4.90347,-4.90347
16.1304,-14.9174,-13.7686,-9.63998,-5.97649,-4.1278,-4.04852,24.9934,26.8492,10.93,3.37196,8.63804,-1.72024,-14.6864,-14.6864,-9.79095,-4.89548,-4.89548,-4.89548
16.1353,-14.912,-13.8058,-9.62152,-5.9986,-4.14007,-4.02752,25.0444,25.4936,11.7626,2.85062,8.04218,-0.916777,-14.6625,-14.6625,-9.77501,-4.8875,-4.8875,-4.8875
16.1404,-14.9223,-13.8187,-9.60756,-6.01353,-4.15046,-4.00924,23.9903,24.731,11.6639,3.40506,9.1845,-0.246422,-14.6367,-14.6367,-9.7578,-4.8789,-4.8789,-4.8789
16.1452,-14.9058,-13.7906,-9.59596,-6.02506,-4.17088,-4.00227,27.0067,24.9855,10.5603,1.55851,8.99395,-3.43433,-14.6115,-14.6115,-9.74102,-4.87051,-4.87051,-4.87051
16.1503,-14.9661,-13.7376,-9.55983,-6.01515,-4.19718,-3.97095,25.5726,24.8161,11.4113,2.27794,8.18158,-0.545541,-14.5839,-14.5839,-9.7226,-4.8613,-4.8613,-4.8613
16.1552,-15.0266,-13.6713,-9.52725,-5.99436,-4.2174,-3.95116,23.7958,25.7855,11.8173,2.82355,8.80171,-0.919007,-14.5565,-14.5565,-9.70431,-4.85215,-4.85215,-4.85215
16.1603,-15.0219,-13.6077,-9.50486,-5.97112,-4.24012,-3.9353,23.4471,25.2596,11.875,1.94433,9.49569,0.296609,-14.527,-14.527,-9.68466,-4.84233,-4.84233,-4.84233
16.1652,-14.9569,-13.5438,-9.49349,-5.94001,-4.26943,-3.93998,24.336,25.778,10.6935,2.8454,8.28536,-1.24492,-14.4978,-14.4978,-9.6652,-4.8326,-4.8326,-4.8326
16.1704,-14.8798,-13.4848,-9.46155,-5.90988,-4.29474,-3.94237,24.3041,25.7461,10.6722,2.83476,8.27472,-1.25556,-14.4659,-14.4659,-9.64391,-4.82196,-4.82196,-4.82196
16.1752,-14.8115,-13.4377,-9.41875,-5.88416,-4.31242,-3.94147,24.8686,25.1129,11.256,1.92213,8.81109,0.96165,-14.4355,-14.4355,-9.6237,-4.81185,-4.81185,-4.81185
16.1803,-14.7705,-13.3876,-9.38058,-5.85434,-4.33197,-3.96253,24.0791,25.2216,11.7063,1.16589,8.06313,-1.03659,-14.4024,-14.4024,-9.60162,-4.80081,-4.80081,-4.80081
16.1853,-14.7296,-13.3402,-9.35858,-5.81731,-4.34308,-3.97948,23.7384,24.948,11.6882,1.92481,8.23417,-0.0706711,-14.3691,-14.3691,-9.57938,-4.78969,-4.78969,-4.78969
16.1902,-14.6772,-13.2901,-9.34748,-5.77984,-4.34924,-4.00231,23.7048,24.9144,11.6658,1.91362,8.22298,-0.081857,-14.3355,-14.3355,-9.55701,-4.7785,-4.7785,-4.7785
16.1952,-14.6183,-13.2362,-9.34339,-5.74054,-4.35043,-4.02924,23.5358,25.5176,10.8796,2.821,7.90492,-2.29604,-14.3004,-14.3004,-9.53359,-4.7668,-4.7668,-4.7668
16.2003,-14.5531,-13.1948,-9.32708,-5.70558,-4.34283,-4.03633,23.499,25.4809,10.8551,2.80875,7.89267,-2.30829,-14.2637,-14.2637,-9.50911,-4.75455,-4.75455,-4.75455
16.2053,-14.4916,-13.1654,-9.30105,-5.677,-4.3269,-4.02511,22.1934,25.6686,11.2735,3.47541,8.19501,-1.93971,-14.2268,-14.2268,-9.48451,-4.74225,-4.74225,-4.74225
16.2101,-14.399,-13.1504,-9.27825,-5.65993,-4.30889,-4.00442,22.1572,25.6323,11.2494,3.46333,8.18293,-1.95179,-14.1905,-14.1905,-9.46034,-4.73017,-4.73017,-4.73017
16.2152,-14.2876,-13.1441,-9.25485,-5.65209,-4.28676,-3.97544,23.2683,25.7977,10.8553,2.15852,7.44116,-0.25924,-14.1511,-14.1511,-9.43408,-4.71704,-4.71704,-4.71704
16.2202,-14.1923,-13.1476,-9.22155,-5.63852,-4.25781,-3.95706,23.2288,25.7582,10.8289,2.14535,7.42799,-0.272408,-14.1116,-14.1116,-9.40774,-4.70387,-4.70387,-4.70387
16.2251,-14.1105,-13.1564,-9.18076,-5.62206,-4.2254,-3.94726,23.7132,25.9,11.6657,2.71176,8.0358,-0.798955,-14.0721,-14.0721,-9.38137,-4.69068,-4.69068,-4.69068
16.2303,-14.0501,-13.1706,-9.14845,-5.60763,-4.19313,-3.93764,23.5994,24.9666,11.1481,3.45923,6.98651,-0.705613,-14.0292,-14.0292,-9.35277,-4.67639,-4.67639,-4.67639
16.2352,-14.0089,-13.161,-9.11379,-5.6056,-4.15694,-3.93133,23.105,24.5195,11.7747,1.48311,8.04087,-1.32381,-13.9879,-13.9879,-9.32526,-4.66263,-4.66263,-4.66263
16.2402,-13.9611,-13.1223,-9.09015,-5.59104,-4.12301,-3.92049,24.0234,24.2362,11.558,2.77702,8.4157,-0.626056,-13.9449,-13.9449,-9.29661,-4.6483,-4.6483,-4.6483
16.2452,-13.9504,-13.0601,-9.06994,-5.57898,-4.09593,-3.91426,23.1798,24.2042,11.7315,2.62993,7.79665,-0.864227,-13.9011,-13.9011,-9.26739,-4.63369,-4.63369,-4.63369
16.2502,-13.9361,-12.9861,-9.0567,-5.56857,-4.06955,-3.90882,22.5165,23.9389,11.5052,1.72908,7.92252,-1.65744,-13.8564,-13.8564,-9.23759,-4.6188,-4.6188,-4.6188
16.2551,-13.8976,-12.9053,-9.04355,-5.55155,-4.04562,-3.89568,22.5625,23.7406,11.2456,2.19444,8.5038,-1.91244,-13.8118,-13.8118,-9.20784,-4.60392,-4.60392,-4.60392
16.2602,-13.8432,-12.8163,-9.02474,-5.53652,-4.02797,-3.87435,23.4371,23.4884,11.1869,0.795909,7.30399,-1.85369,-13.7644,-13.7644,-9.1763,-4.58815,-4.58815,-4.58815
16.2652,-13.8158,-12.7253,-9.00082,-5.50927,-4.00388,-3.85013,22.2512,23.5554,11.1826,2.72596,7.79332,-2.57324,-13.7172,-13.7172,-9.1448,-4.5724,-4.5724,-4.5724
16.2705,-13.7641,-12.6275,-8.97168,-5.49091,-3.97825,-3.81476,23.3113,23.6738,11.4349,1.72364,9.28328,-1.1164,-13.6662,-13.6662,-9.1108,-4.5554,-4.5554,-4.5554
16.2752,-13.7463,-12.5411,-8.95104,-5.47108,-3.97297,-3.78762,22.7807,23.6908,11.4606,1.5841,7.89346,-1.38842,-13.6202,-13.6202,-9.08012,-4.54006,-4.54006,-4.54006
16.2802,-13.7265,-12.45,-8.93336,-5.44853,-3.96567,-3.76008,22.5575,23.4834,11.208,1.15351,8.92015,-1.59545,-13.5704,-13.5704,-9.04693,-4.52347,-4.52347,-4.52347
16.2855,-13.6909,-12.3537,-8.91238,-5.41911,-3.969,-3.73023,23.4573,23.5716,11.3854,1.16873,9.04301,0.233094,-13.5167,-13.5167,-9.01115,-4.50557,-4.50557,-4.50557
16.2904,-13.6889,-12.2668,-8.89768,-5.38773,-3.98202,-3.72131,22.6819,23.5488,11.2995,2.50983,8.28927,-2.02761,-13.4663,-13.4663,-8.97751,-4.48875,-4.48875,-4.48875
16.2954,-13.6817,-12.1807,-8.88412,-5.36329,-3.99376,-3.70301,22.6808,23.4965,11.3482,1.002,9.56352,-1.66416,-13.414,-13.414,-8.94264,-4.47132,-4.47132,-4.47132
16.3003,-13.666,-12.0985,-8.87109,-5.33325,-4.01758,-3.68216,23.1173,23.1094,11.046,1.57252,9.25636,-2.435,-13.3619,-13.3619,-8.90792,-4.45396,-4.45396,-4.45396
16.3054,-13.6608,-12.0132,-8.84959,-5.3026,-4.04786,-3.65224,22.3492,22.755,10.978,1.15674,8.74122,-2.36226,-13.3069,-13.3069,-8.87124,-4.43562,-4.43562,-4.43562
16.3104,-13.6358,-11.9293,-8.82039,-5.27018,-4.07687,-3.61838,22.909,22.2904,11.1379,1.70152,8.57392,-1.6022,-13.2521,-13.2521,-8.83471,-4.41736,-4.41736,-4.41736
16.3155,-13.6174,-11.8432,-8.78788,-5.24004,-4.10353,-3.58633,23.6364,21.5954,11.0248,1.48389,7.56141,-1.52175,-13.1954,-13.1954,-8.7969,-4.39845,-4.39845,-4.39845
16.3204,-13.6361,-11.7589,-8.75243,-5.21129,-4.11589,-3.55801,22.2572,20.6655,11.1364,1.37438,9.0665,-0.463781,-13.1401,-13.1401,-8.76004,-4.38002,-4.38002,-4.38002
16.3252,-13.6346,-11.6731,-8.71686,-5.18562,-4.13393,-3.54238,22.0605,18.9439,10.8782,1.25671,7.72339,-1.41773,-13.0851,-13.0851,-8.72342,-4.36171,-4.36171,-4.36171
16.3302,-13.6051,-11.5771,-8.67302,-5.15886,-4.14266,-3.52683,22.0734,17.7039,10.8813,0.757139,8.70594,-0.840901,-13.0271,-13.0271,-8.68476,-4.34238,-4.34238,-4.34238
16.3354,-13.551,-11.4732,-8.62323,-5.12843,-4.15348,-3.51861,21.437,16.1928,10.9492,1.27495,8.22187,-0.894412,-12.966,-12.966,-8.64398,-4.32199,-4.32199,-4.32199
16.3402,-13.4714,-11.3752,-8.57745,-5.10331,-4.15872,-3.51528,21.6674,14.2838,11.0678,1.88515,8.11171,-2.22173,-12.9087,-12.9087,-8.60582,-4.30291,-4.30291,-4.30291
16.3455,-13.3766,-11.2655,-8.52982,-5.08782,-4.15776,-3.49973,22.2416,12.9117,11.3386,0.423081,7.97444,-2.1106,-12.8447,-12.8447,-8.56312,-4.28156,-4.28156,-4.28156
16.3503,-13.3079,-11.1651,-8.49586,-5.0637,-4.15006,-3.47774,21.9622,12.0373,11.7927,1.64549,8.52617,-1.92319,-12.7859,-12.7859,-8.52394,-4.26197,-4.26197,-4.26197
16.3552,-13.2418,-11.0617,-8.47784,-5.04508,-4.14268,-3.45323,22.5121,11.2477,12.2224,1.36856,8.16644,-2.32432,-12.7252,-12.7252,-8.48344,-4.24172,-4.24172,-4.24172
16.3606,-13.1953,-10.9471,-8.4868,-5.02943,-4.12894,-3.42026,21.8454,10.7543,12.892,-0.533607,8.36739,-0.0450873,-12.6573,-12.6573,-8.43823,-4.21911,-4.21911,-4.21911
16.3652,-13.1533,-10.8491,-8.52979,-4.9997,-4.11588,-3.41037,21.4599,10.6485,13.4361,0.796535,7.76002,-1.15754,-12.5988,-12.5988,-8.39923,-4.19962,-4.19962,-4.19962
16.3702,-13.0931,-10.7427,-8.60006,-4.97003,-4.09332,-3.40398,21.0686,10.6236,13.8656,0.932414,8.46721,-2.01527,-12.5345,-12.5345,-8.35635,-4.17817,-4.17817,-4.17817
16.3755,-13.0141,-10.6305,-8.68751,-4.94144,-4.07131,-3.39057,21.3147,9.82964,14.4779,0.429165,8.93273,-1.35103,-12.4655,-12.4655,-8.31033,-4.15517,-4.15517,-4.15517
16.3802,-12.9458,-10.5315,-8.77086,-4.91337,-4.05935,-3.38107,21.1346,9.65344,14.3238,0.955,7.27264,-2.564,-12.4036,-12.4036,-8.26904,-4.13452,-4.13452,-4.13452
16.3852,-12.8673,-10.4268,-8.85756,-4.88659,-4.03522,-3.35997,21.068,9.58681,14.2793,0.932789,7.25043,-2.58621,-12.3369,-12.3369,-8.22462,-4.11231,-4.11231,-4.11231
16.3904,-12.7796,-10.3186,-8.93724,-4.86126,-4.00113,-3.32976,21.3328,10.1392,14.7175,1.10814,6.81306,-2.11278,-12.2668,-12.2668,-8.17788,-4.08894,-4.08894,-4.08894
16.3952,-12.7142,-10.2196,-9.00008,-4.84159,-3.9633,-3.30129,21.2673,10.0738,14.6739,1.08633,6.79125,-2.13459,-12.2014,-12.2014,-8.13426,-4.06713,-4.06713,-4.06713
16.4002,-12.6626,-10.1179,-9.0509,-4.82541,-3.92053,-3.27178,20.5838,10.2373,14.8975,0.326441,8.92936,-0.890719,-12.1325,-12.1325,-8.08832,-4.04416,-4.04416,-4.04416
16.4053,-12.6055,-10.0174,-9.09033,-4.80458,-3.88486,-3.25112,19.6262,10.714,15.5712,2.94408,6.61212,-1.38636,-12.0614,-12.0614,-8.04096,-4.02048,-4.02048,-4.02048
16.4103,-12.5186,-9.93,-9.13182,-4.80646,-3.84425,-3.23487,19.5558,10.6435,15.5243,2.92061,6.58865,-1.40983,-11.991,-11.991,-7.99402,-3.99701,-3.99701,-3.99701
16.4156,-12.4104,-9.86177,-9.17405,-4.8253,-3.79777,-3.22153,18.72,10.7493,15.5471,1.7611,7.13482,-1.7165,-11.9156,-11.9156,-7.94372,-3.97186,-3.97186,-3.97186
16.4203,-12.2988,-9.83578,-9.20994,-4.84215,-3.75683,-3.20959,18.6524,10.6818,15.5021,1.73857,7.11229,-1.73903,-11.848,-11.848,-7.89866,-3.94933,-3.94933,-3.94933
16.4252,-12.1795,-9.83503,-9.24321,-4.86159,-3.71434,-3.19718,18.2897,11.4025,15.045,1.49129,6.98921,-1.43155,-11.7768,-11.7768,-7.85122,-3.92561,-3.92561,-3.92561
16.4304,-12.0475,-9.87262,-9.26112,-4.87616,-3.66981,-3.18641,18.2134,11.3263,14.9942,1.46587,6.96379,-1.45697,-11.7006,-11.7006,-7.80037,-3.90019,-3.90019,-3.90019
16.4353,-11.9191,-9.92866,-9.26017,-4.8822,-3.62842,-3.17753,18.1408,11.2537,14.9458,1.44167,6.93959,-1.48117,-11.628,-11.628,-7.75198,-3.87599,-3.87599,-3.87599
16.4402,-11.7886,-9.99156,-9.24117,-4.88148,-3.58724,-3.16911,22.11,8.76911,16.3913,-3.64184,8.8444,-2.64824,-11.5547,-11.5547,-7.70313,-3.85156,-3.85156,-3.85156
16.4452,-11.7385,-10.0151,-9.24317,-4.83649,-3.55615,-3.1461,22.0345,8.69364,16.3409,-3.66699,8.81925,-2.67339,-11.4792,-11.4792,-7.65281,-3.82641,-3.82641,-3.82641
16.4501,-11.7836,-9.99814,-9.26111,-4.78597,-3.5379,-3.11382,21.9677,9.30454,15.1187,0.26596,8.695,-2.36708,-11.4046,-11.4046,-7.60304,-3.80152,-3.80152,-3.80152
16.4553,-11.8796,-9.96383,-9.26363,-4.73318,-3.52818,-3.07677,21.8877,9.22457,15.0654,0.239304,8.66834,-2.39374,-11.3246,-11.3246,-7.54973,-3.77486,-3.77486,-3.77486
16.4602,-11.9843,-9.91758,-9.24894,-4.68499,-3.52509,-3.04077,19.1561,10.4802,15.023,0.346436,8.46084,-0.299404,-11.2485,-11.2485,-7.49903,-3.74952,-3.74952,-3.74952
16.4652,-12.0206,-9.89085,-9.22113,-4.639,-3.52497,-3.0201,19.0778,10.402,14.9708,0.320342,8.43474,-0.325498,-11.1703,-11.1703,-7.44684,-3.72342,-3.72342,-3.72342
16.4702,-11.9855,-9.87934,-9.18246,-4.59856,-3.52643,-3.01793,19.6726,10.5082,15.2777,-0.277302,8.06894,-2.86894,-11.0913,-11.0913,-7.3942,-3.6971,-3.6971,-3.6971
16.4752,-11.9166,-9.88249,-9.14265,-4.56072,-3.5228,-3.00128,18.9113,9.82176,15.2915,-0.254174,7.25579,-2.70505,-11.0116,-11.0116,-7.34109,-3.67055,-3.67055,-3.67055
16.4802,-11.8185,-9.88501,-9.10488,-4.52515,-3.50702,-2.97689,18.831,9.74142,15.2379,-0.280952,7.22901,-2.73183,-10.9313,-10.9313,-7.28754,-3.64377,-3.64377,-3.64377
16.4853,-11.7065,-9.88483,-9.06701,-4.49072,-3.48184,-2.94721,20.0919,9.41451,14.3865,0.0144221,7.44986,-1.98934,-10.8487,-10.8487,-7.23244,-3.61622,-3.61622,-3.61622
16.4904,-11.6144,-9.86191,-9.00668,-4.45959,-3.45286,-2.91934,19.6934,9.09477,14.9162,0.541405,7.32272,-2.34832,-10.7653,-10.7653,-7.17689,-3.58844,-3.58844,-3.58844
16.4954,-11.5348,-9.81963,-8.9464,-4.43707,-3.4221,-2.8891,19.611,9.0124,14.8612,0.513948,7.29527,-2.37577,-10.683,-10.683,-7.12198,-3.56099,-3.56099,-3.56099
16.5002,-11.4654,-9.76649,-8.88764,-4.42244,-3.39072,-2.85762,19.8426,9.22033,15.1258,-0.274377,9.13998,-1.77306,-10.6033,-10.6033,-7.06885,-3.53442,-3.53442,-3.53442
16.5052,-11.4063,-9.71095,-8.83317,-4.40581,-3.37202,-2.8289,18.569,9.47551,14.0334,-0.534102,6.2555,-3.25822,-10.5196,-10.5196,-7.01308,-3.50654,-3.50654,-3.50654
16.5103,-11.3144,-9.65411,-8.76216,-4.38297,-3.33791,-2.79185,19.5941,9.61803,13.9363,0.314912,8.27199,-1.56465,-10.4336,-10.4336,-6.95574,-3.47787,-3.47787,-3.47787
16.5152,-11.2345,-9.60065,-8.68474,-4.36341,-3.31037,-2.76292,18.4037,8.88862,15.0053,-0.524281,8.27736,-1.70004,-10.3504,-10.3504,-6.90024,-3.45012,-3.45012,-3.45012
16.5202,-11.1336,-9.53663,-8.6125,-4.33814,-3.28852,-2.73784,18.3181,8.80303,14.9482,-0.55281,8.24883,-1.72857,-10.2648,-10.2648,-6.84318,-3.42159,-3.42159,-3.42159
16.5252,-11.0228,-9.46556,-8.54546,-4.30993,-3.27176,-2.71623,18.7165,8.18885,13.9544,-1.11147,8.92389,-2.46939,-10.1786,-10.1786,-6.7857,-3.39285,-3.39285,-3.39285
16.5301,-10.9197,-9.39004,-8.47466,-4.27783,-3.26603,-2.69094,17.934,8.76566,14.4369,0.267762,8.8624,-1.3634,-10.0934,-10.0934,-6.72896,-3.36448,-3.36448,-3.36448
16.5352,-10.8046,-9.31358,-8.40295,-4.25414,-3.27,-2.67302,18.7707,8.40459,13.2655,-0.225656,9.00654,-1.47594,-10.0042,-10.0042,-6.66949,-3.33474,-3.33474,-3.33474
16.5402,-10.7074,-9.23788,-8.32239,-4.23485,-3.28486,-2.66205,18.8087,7.45758,14.3333,-1.07474,8.58802,-3.1613,-9.91614,-9.91614,-6.61076,-3.30538,-3.30538,-3.30538
16.5453,-10.6232,-9.15071,-8.24435,-4.21024,-3.30323,-2.63801,18.5449,7.35922,14.1957,0.567661,8.39226,-1.77558,-9.82566,-9.82566,-6.55044,-3.27522,-3.27522,-3.27522
16.5502,-10.554,-9.0625,-8.17244,-4.19995,-3.32204,-2.61858,18.4574,7.2717,14.1373,0.538486,8.36309,-1.80475,-9.73814,-9.73814,-6.49209,-3.24605,-3.24605,-3.24605
16.5552,-10.4908,-8.96965,-8.10033,-4.2016,-3.34065,-2.60088,18.0247,7.30393,14.0627,-0.940483,7.83632,-1.98376,-9.64823,-9.64823,-6.43215,-3.21608,-3.21608,-3.21608
16.5602,-10.4225,-8.876,-8.03001,-4.19787,-3.34955,-2.58263,18.5449,8.15903,14.2051,-0.515251,8.68383,-1.04517,-9.55773,-9.55773,-6.37182,-3.18591,-3.18591,-3.18591
16.5652,-10.3709,-8.78791,-7.96696,-4.19219,-3.36081,-2.57648,18.4538,8.06794,14.1444,-0.545614,8.65347,-1.07553,-9.46664,-9.46664,-6.31109,-3.15555,-3.15555,-3.15555
16.5702,-10.327,-8.7059,-7.90888,-4.18384,-3.37234,-2.58178,17.515,8.60666,13.82,-0.783173,7.81147,-2.50541,-9.37496,-9.37496,-6.24997,-3.12499,-3.12499,-3.12499
16.5751,-10.2616,-8.63759,-7.85069,-4.16914,-3.37545,-2.58007,17.4246,8.51626,13.7597,-0.813307,7.78133,-2.53555,-9.28456,-9.28456,-6.18971,-3.09485,-3.09485,-3.09485
16.5802,-10.1767,-8.57429,-7.78626,-4.14892,-3.3699,-2.57196,17.4718,7.60206,13.6088,0.223254,7.36061,-3.36199,-9.18988,-9.18988,-6.12659,-3.06329,-3.06329,-3.06329
16.5853,-10.0897,-8.50776,-7.72103,-4.13793,-3.35235,-2.54949,17.3765,7.5068,13.5453,0.191498,7.32886,-3.39374,-9.09462,-9.09462,-6.06308,-3.03154,-3.03154,-3.03154
16.5902,-10.0042,-8.44087,-7.65718,-4.13581,-3.32631,-2.51921,16.4019,7.14285,13.8831,-1.61112,7.89432,-2.0334,-9.00253,-9.00253,-6.00169,-3.00084,-3.00084,-3.00084
16.5952,-9.89883,-8.3664,-7.59643,-4.12184,-3.29939,-2.49263,17.7533,7.58418,13.4146,-0.706978,7.68894,-2.23878,-8.90802,-8.90802,-5.93868,-2.96934,-2.96934,-2.96934
16.6002,-9.81535,-8.29316,-7.53187,-4.10985,-3.27027,-2.46781,16.7284,7.77675,13.1694,-1.7985,7.61586,-2.5437,-8.81297,-8.81297,-5.87531,-2.93766,-2.93766,-2.93766
16.6051,-9.7237,-8.22403,-7.46268,-4.08644,-3.23985,-2.44178,16.0989,7.77762,14.1499,-1.69725,7.36107,-1.88769,-8.71928,-8.71928,-5.81285,-2.90643,-2.90643,-2.90643
16.6102,-9.61266,-8.15573,-7.40203,-4.05538,-3.20487,-2.41985,17.0804,7.08068,13.5432,-1.54778,8.1895,-3.72542,-8.62122,-8.62122,-5.74748,-2.87374,-2.87374,-2.87374
16.6152,-9.51799,-8.08314,-7.34246,-4.0243,-3.17363,-2.38655,17.5984,7.11009,13.7797,-1.29848,8.8528,-2.26724,-8.52455,-8.52455,-5.68303,-2.84152,-2.84152,-2.84152
16.6202,-9.45191,-8.0092,-7.28881,-3.9931,-3.15265,-2.35556,17.5012,7.01289,13.7149,-1.33088,8.8204,-2.29964,-8.42735,-8.42735,-5.61824,-2.80912,-2.80912,-2.80912
16.6252,-9.40158,-7.93212,-7.23623,-3.96135,-3.14032,-2.32591,15.3468,6.11929,13.0144,-1.32206,6.66814,-1.98446,-8.32963,-8.32963,-5.55309,-2.77654,-2.77654,-2.77654
16.6303,-9.30128,-7.84453,-7.1726,-3.92815,-3.11127,-2.30004,15.6603,6.33823,13.3259,-1.53762,8.38182,-2.60574,-8.22943,-8.22943,-5.48629,-2.74314,-2.74314,-2.74314
16.6353,-9.19113,-7.75568,-7.10916,-3.89488,-3.0876,-2.27302,17.1612,6.67682,12.3237,-2.58897,7.06551,-2.82909,-8.13068,-8.13068,-5.42046,-2.71023,-2.71023,-2.71023
16.6403,-9.10509,-7.66693,-7.03176,-3.85629,-3.05524,-2.24329,15.0525,6.25449,13.4509,-1.83546,8.44002,-2.87046,-8.03143,-8.03143,-5.35429,-2.67714,-2.67714,-2.67714
16.6452,-8.99655,-7.57882,-6.96223,-3.81949,-3.02935,-2.21236,14.9548,6.15675,13.3858,-1.86804,8.40744,-2.90304,-7.93369,-7.93369,-5.28912,-2.64456,-2.64456,-2.64456
16.6501,-8.87658,-7.48897,-6.89586,-3.7841,-3.00781,-2.18038,16.7399,6.31857,12.5303,-2.15746,7.05818,-2.24854,-7.83547,-7.83547,-5.22365,-2.61182,-2.61182,-2.61182
16.6554,-8.77445,-7.39206,-6.81586,-3.74578,-2.97457,-2.15089,18.0003,5.70749,14.2189,-3.41848,7.064,-3.06244,-7.72871,-7.72871,-5.15248,-2.57624,-2.57624,-2.57624
16.6602,-8.74809,-7.3024,-6.7654,-3.70467,-2.93876,-2.12219,17.9032,5.61034,14.1541,-3.45087,7.03161,-3.09483,-7.63156,-7.63156,-5.08771,-2.54385,-2.54385,-2.54385
16.6652,-8.75327,-7.20659,-6.72577,-3.65989,-2.89697,-2.09157,15.0632,6.40701,13.2148,-1.07527,7.52765,-1.00903,-7.52991,-7.52991,-5.01994,-2.50997,-2.50997,-2.50997
16.6702,-8.69535,-7.11387,-6.68524,-3.6244,-2.85499,-2.0818,14.9611,6.30489,13.1467,-1.10931,7.49361,-1.04307,-7.42779,-7.42779,-4.95186,-2.47593,-2.47593,-2.47593
16.6752,-8.59815,-7.02433,-6.64196,-3.60302,-2.81261,-2.0921,14.8861,5.69011,11.7596,-1.57406,8.89186,-3.95042,-7.32521,-7.32521,-4.88347,-2.44174,-2.44174,-2.44174
16.6806,-8.47289,-6.92606,-6.56579,-3.58774,-2.77449,-2.08458,14.5187,5.53153,11.7523,-2.70412,7.33124,-2.11624,-7.21391,-7.21391,-4.80928,-2.40464,-2.40464,-2.40464
16.6851,-8.357,-6.84264,-6.49087,-3.56691,-2.74005,-2.08454,15.2569,6.00575,12.499,-2.06449,6.70403,-3.47209,-7.12077,-7.12077,-4.74718,-2.37359,-2.37359,-2.37359
16.6901,-8.2305,-6.74969,-6.40583,-3.5484,-2.69739,-2.07448,15.6652,5.56694,12.5384,-1.44501,6.44583,-2.70357,-7.01686,-7.01686,-4.67791,-2.33895,-2.33895,-2.33895
16.6953,-8.11577,-6.65372,-6.32001,-3.53729,-2.65008,-2.06193,15.5566,5.45842,12.4661,-1.48118,6.40966,-2.73974,-6.90834,-6.90834,-4.60556,-2.30278,-2.30278,-2.30278
16.7002,-8.02581,-6.56427,-6.24184,-3.53057,-2.60396,-2.0474,15.454,5.35574,12.3976,-1.51541,6.37543,-2.77397,-6.80566,-6.80566,-4.53711,-2.26855,-2.26855,-2.26855
16.7052,-7.94254,-6.4718,-6.16063,-3.52764,-2.55568,-2.03013,14.1077,4.7147,12.0244,-1.91479,7.45817,-1.48423,-6.70046,-6.70046,-4.46698,-2.23349,-2.23349,-2.23349
16.7102,-7.84145,-6.37719,-6.07821,-3.52312,-2.50848,-2.02381,14.0021,4.6091,11.954,-1.94999,7.42297,-1.51943,-6.59486,-6.59486,-4.39657,-2.19829,-2.19829,-2.19829
16.7153,-7.72755,-6.27838,-5.99172,-3.51796,-2.46147,-2.02568,13.823,3.5199,11.8819,-1.84528,6.89012,-3.48472,-6.48672,-6.48672,-4.32448,-2.16224,-2.16224,-2.16224
16.7202,-7.6126,-6.18066,-5.90802,-3.51334,-2.41614,-2.01173,14.4634,4.71975,12.2095,-1.43292,8.80944,-3.39528,-6.38243,-6.38243,-4.25495,-2.12748,-2.12748,-2.12748
16.7252,-7.5069,-6.08181,-5.82769,-3.51378,-2.37631,-1.98642,14.3566,4.61294,12.1383,-1.46853,8.77383,-3.43089,-6.27562,-6.27562,-4.18374,-2.09187,-2.09187,-2.09187
16.7305,-7.40124,-5.97738,-5.74464,-3.52007,-2.3435,-1.95191,14.436,4.2038,12.3823,-4.57001,8.83531,-2.21021,-6.16198,-6.16198,-4.10798,-2.05399,-2.05399,-2.05399
16.7352,-7.32454,-5.88533,-5.68155,-3.49315,-2.32778,-1.9258,14.3348,4.10266,12.3149,-4.60372,8.8016,-2.24392,-6.06084,-6.06084,-4.04056,-2.02028,-2.02028,-2.02028
16.7402,-7.2516,-5.78729,-5.61985,-3.45146,-2.32166,-1.90131,13.041,3.45493,11.526,-3.9773,8.79046,-2.71046,-5.95289,-5.95289,-3.9686,-1.9843,-1.9843,-1.9843
16.7452,-7.15267,-5.68839,-5.5533,-3.40536,-2.32628,-1.87681,12.9326,3.34662,11.4538,-4.01341,8.75435,-2.74657,-5.84458,-5.84458,-3.89638,-1.94819,-1.94819,-1.94819
16.7502,-7.03753,-5.58842,-5.48028,-3.35691,-2.33892,-1.85318,13.0643,3.8644,11.511,-3.63563,7.73281,-3.13883,-5.7359,-5.7359,-3.82393,-1.91197,-1.91197,-1.91197
16.7552,-6.91589,-5.48791,-5.40037,-3.30759,-2.34514,-1.82706,12.6834,2.06905,10.8761,-4.17706,9.40214,-3.55606,-5.62687,-5.62687,-3.75124,-1.87562,-1.87562,-1.87562
16.7602,-6.78974,-5.38599,-5.31464,-3.25719,-2.36537,-1.79494,12.574,1.95967,10.8031,-4.21352,9.36568,-3.59252,-5.51749,-5.51749,-3.67832,-1.83916,-1.83916,-1.83916
16.7653,-6.65664,-5.28106,-5.2214,-3.20527,-2.39325,-1.758,13.1477,2.06839,11.9136,-2.24706,7.98702,-2.67762,-5.40557,-5.40557,-3.60371,-1.80186,-1.80186,-1.80186
16.7704,-6.53259,-5.17579,-5.13432,-3.15533,-2.41336,-1.72364,13.0354,1.95613,11.8387,-2.28448,7.9496,-2.71504,-5.29331,-5.29331,-3.52887,-1.76444,-1.76444,-1.76444
16.7753,-6.4207,-5.07436,-5.05622,-3.11043,-2.42491,-1.69263,13.2779,2.71868,11.0811,-3.10715,7.64857,-2.74283,-5.18512,-5.18512,-3.45675,-1.72837,-1.72837,-1.72837
16.7803,-6.31798,-4.97087,-4.97436,-3.06704,-2.42609,-1.66218,11.5124,1.97364,11.3688,-3.85613,7.69447,-4.32809,-5.07442,-5.07442,-3.38295,-1.69147,-1.69147,-1.69147
16.7853,-6.19554,-4.86724,-4.89562,-3.02301,-2.41881,-1.62324,12.6897,2.5009,12.6972,-2.24541,7.26003,-4.77081,-4.9634,-4.9634,-3.30893,-1.65447,-1.65447,-1.65447
16.7902,-6.0847,-4.76571,-4.83837,-2.98774,-2.39904,-1.57947,11.1504,2.0372,12.1354,-3.95434,8.34146,-2.37286,-4.8543,-4.8543,-3.2362,-1.6181,-1.6181,-1.6181
16.7952,-5.9591,-4.6621,-4.79316,-2.9487,-2.38115,-1.5387,11.0388,1.92558,12.061,-3.99155,8.30425,-2.41007,-4.74268,-4.74268,-3.16179,-1.58089,-1.58089,-1.58089
16.8002,-5.82687,-4.55836,-4.75148,-2.90748,-2.36434,-1.50219,12.9087,1.41967,10.2308,-4.21101,6.75171,-4.64157,-4.63077,-4.63077,-3.08718,-1.54359,-1.54359,-1.54359
16.8054,-5.70986,-4.45023,-4.67788,-2.8632,-2.33217,-1.45762,12.1065,2.18948,10.2303,-2.53595,8.02933,-4.45691,-4.51408,-4.51408,-3.00939,-1.50469,-1.50469,-1.50469
16.8102,-5.61409,-4.3506,-4.60137,-2.8291,-2.30577,-1.41402,11.9985,2.0815,10.1584,-2.57194,7.99334,-4.4929,-4.4061,-4.4061,-2.9374,-1.4687,-1.4687,-1.4687
16.8152,-5.52042,-4.24691,-4.51566,-2.80168,-2.28105,-1.36727,11.1017,1.44473,10.2086,-2.87448,6.987,-3.80184,-4.29335,-4.29335,-2.86224,-1.43112,-1.43112,-1.43112
16.8202,-5.41061,-4.14304,-4.42548,-2.77901,-2.24864,-1.32084,10.7838,0.886501,10.6829,-3.68219,7.71109,-4.32803,-4.18034,-4.18034,-2.78689,-1.39345,-1.39345,-1.39345
16.8254,-5.28618,-4.03481,-4.33366,-2.74793,-2.21502,-1.27203,10.666,0.768695,10.6044,-3.72146,7.67182,-4.3673,-4.06254,-4.06254,-2.70836,-1.35418,-1.35418,-1.35418
16.8304,-5.15958,-3.93047,-4.24525,-2.71227,-2.18193,-1.22487,9.90628,1.65592,10.2444,-4.64527,7.88237,-3.80071,-3.949,-3.949,-2.63267,-1.31633,-1.31633,-1.31633
16.8356,-5.01832,-3.822,-4.15147,-2.6681,-2.14785,-1.17676,10.6193,0.895374,9.97955,-2.52363,7.09773,-3.78219,-3.83067,-3.83067,-2.55378,-1.27689,-1.27689,-1.27689
16.8403,-4.89511,-3.72402,-4.06752,-2.63383,-2.11275,-1.13412,10.5121,0.788201,9.9081,-2.55935,7.06201,-3.81791,-3.7235,-3.7235,-2.48233,-1.24117,-1.24117,-1.24117
16.8452,-4.76944,-3.62186,-3.97972,-2.60458,-2.07324,-1.09042,10.7311,1.61791,10.7029,-3.76415,7.77817,-4.16159,-3.61155,-3.61155,-2.4077,-1.20385,-1.20385,-1.20385
16.8502,-4.64976,-3.51787,-3.89571,-2.57317,-2.03426,-1.04578,11.2195,1.66106,10.5117,-3.37174,7.69862,-3.09022,-3.4971,-3.4971,-2.3314,-1.1657,-1.1657,-1.1657
16.8553,-4.54599,-3.41208,-3.81502,-2.54428,-1.99531,-1.00416,10.3973,1.31163,9.96343,-2.54133,6.69087,-3.43557,-3.38013,-3.38013,-2.25342,-1.12671,-1.12671,-1.12671
16.8602,-4.44738,-3.31062,-3.73598,-2.52821,-1.95374,-0.966717,10.6078,2.11707,10.0451,-3.83742,5.9247,-3.3075,-3.26755,-3.26755,-2.17837,-1.08918,-1.08918,-1.08918
16.8652,-4.35457,-3.20745,-3.65353,-2.50801,-1.90717,-0.93162,9.83077,1.15489,10.4554,-3.58598,7.71622,-3.71846,-3.15247,-3.15247,-2.10165,-1.05082,-1.05082,-1.05082
16.8703,-4.2527,-3.10228,-3.57374,-2.48653,-1.86137,-0.896223,10.9031,0.722107,10.2328,-5.35569,6.36879,-3.12009,-3.03489,-3.03489,-2.02326,-1.01163,-1.01163,-1.01163
16.8752,-4.17418,-3.00104,-3.49585,-2.45319,-1.81538,-0.866325,10.0098,1.09357,9.81667,-4.38325,7.52339,-3.53041,-2.92173,-2.92173,-1.94782,-0.973911,-0.973911,-0.973911
16.8805,-4.08404,-2.89178,-3.41331,-2.41722,-1.76684,-0.834175,9.88721,0.970987,9.73495,-4.42411,7.48253,-3.57127,-2.79915,-2.79915,-1.8661,-0.933049,-0.933049,-0.933049
16.8853,-3.99845,-2.79309,-3.34048,-2.38372,-1.72426,-0.8056,9.77602,0.859797,9.66082,-4.46117,7.44547,-3.60833,-2.68796,-2.68796,-1.79197,-0.895986,-0.895986,-0.895986
16.8905,-3.89868,-2.68618,-3.25866,-2.34807,-1.67939,-0.775166,10.5577,1.71629,9.23555,-3.5823,7.4301,-4.02942,-2.56733,-2.56733,-1.71155,-0.855777,-0.855777,-0.855777
16.8953,-3.83136,-2.58841,-3.18244,-2.32241,-1.63936,-0.744095,10.4461,1.60479,9.16122,-3.61947,7.39293,-4.06659,-2.45583,-2.45583,-1.63722,-0.81861,-0.81861,-0.81861
16.9003,-3.77526,-2.48755,-3.10059,-2.30362,-1.59883,-0.70961,8.78538,1.30332,9.32613,-2.03535,8.42229,-4.27095,-2.33954,-2.33954,-1.55969,-0.779845,-0.779845,-0.779845
16.9052,-3.68025,-2.38859,-3.01526,-2.30921,-1.5661,-0.672945,7.24499,1.93387,10.0505,-4.06887,8.00337,-2.60331,-2.22543,-2.22543,-1.48362,-0.741809,-0.741809,-0.741809
16.9103,-3.54923,-2.28744,-2.93478,-2.30331,-1.53752,-0.643067,7.12608,1.81496,9.97126,-4.10851,7.96373,-2.64295,-2.10652,-2.10652,-1.40435,-0.702173,-0.702173,-0.702173
16.9153,-3.40984,-2.1907,-2.86446,-2.28342,-1.51539,-0.622294,7.00937,1.69825,9.89345,-4.14741,7.92483,-2.68185,-1.98981,-1.98981,-1.32654,-0.663271,-0.663271,-0.663271
16.9202,-3.26846,-2.09761,-2.79959,-2.25367,-1.49885,-0.609263,6.44572,0.472683,9.2382,-3.51489,6.28035,-2.67861,-1.87532,-1.87532,-1.25022,-0.625108,-0.625108,-0.625108
16.9253,-3.11781,-1.99868,-2.7265,-2.21917,-1.46978,-0.602331,7.00412,0.0618412,8.55884,-3.63745,5.42915,-6.12145,-1.75604,-1.75604,-1.17069,-0.585347,-0.585347,-0.585347
16.9302,-2.97476,-1.9018,-2.64683,-2.1817,-1.43071,-0.567751,8.46541,-0.379889,9.09265,-3.03813,6.46731,-2.52477,-1.64133,-1.64133,-1.09422,-0.54711,-0.54711,-0.54711
16.9352,-2.84262,-1.80148,-2.56564,-2.14263,-1.38957,-0.542723,7.35538,-0.504921,8.19318,-4.1453,5.40982,-5.5115,-1.52418,-1.52418,-1.01612,-0.50806,-0.50806,-0.50806
16.9402,-2.71786,-1.70023,-2.47798,-2.09863,-1.34426,-0.503621,6.39103,-0.681267,7.15362,-2.03986,5.5943,-4.0519,-1.40693,-1.40693,-0.937955,-0.468978,-0.468978,-0.468978
16.9456,-2.58243,-1.59031,-2.37552,-2.05643,-1.29366,-0.461534,7.35175,-0.11455,8.9355,-4.13554,5.30366,-4.53298,-1.28021,-1.28021,-0.853474,-0.426737,-0.426737,-0.426737
16.9503,-2.4785,-1.49473,-2.28993,-2.0152,-1.24823,-0.422867,5.61416,-0.90654,7.81692,-7.36841,5.82991,-3.58445,-1.16984,-1.16984,-0.779893,-0.389947,-0.389947,-0.389947
16.9553,-2.35765,-1.39284,-2.19817,-1.96399,-1.19995,-0.383994,12.2262,-3.11617,12.4453,-9.85842,7.6289,-5.25478,-1.05235,-1.05235,-0.701569,-0.350785,-0.350785,-0.350785
16.9603,-2.41219,-1.28962,-2.15772,-1.91036,-1.15491,-0.340637,9.37034,-2.2763,9.28625,-6.13024,7.87124,-3.97744,-0.934803,-0.934803,-0.623202,-0.311601,-0.311601,-0.311601
16.9654,-2.48891,-1.18382,-2.11411,-1.85548,-1.11415,-0.298126,7.82016,-3.04242,9.55531,-6.21163,7.84781,-5.58235,-0.814842,-0.814842,-0.543228,-0.271614,-0.271614,-0.271614
16.9705,-2.51656,-1.07736,-2.07002,-1.80069,-1.07973,-0.251622,7.53861,-2.40201,7.69671,-6.54143,6.94669,-4.09883,-0.694829,-0.694829,-0.463219,-0.23161,-0.23161,-0.23161
16.9753,-2.49075,-0.976887,-2.0001,-1.74923,-1.04553,-0.20962,6.91341,-3.28725,8.10208,-5.35366,9.87326,-3.86326,-0.581834,-0.581834,-0.387889,-0.193945,-0.193945,-0.193945
16.9804,-2.40542,-0.869723,-1.91807,-1.6952,-1.03241,-0.168111,7.45524,-3.01728,8.03874,-4.28417,6.90211,-5.07077,-0.461741,-0.461741,-0.307827,-0.153914,-0.153914,-0.153914
16.9854,-2.30894,-0.764385,-1.83306,-1.64366,-1.01062,-0.125276,6.06485,-2.42585,8.26537,-4.44762,8.47746,-3.32154,-0.343974,-0.343974,-0.229316,-0.114658,-0.114658,-0.114658
16.9903,-2.18743,-0.661101,-1.74973,-1.59599,-0.998687,-0.0895133,7.16688,-4.02272,8.49564,-6.53954,7.53646,-3.7823,-0.228542,-0.228542,-0.152361,-0.0761807,-0.0761807,-0.0761807
16.9954,-2.06246,-0.553161,-1.66481,-1.5474,-0.982912,-0.0560632,5.60074,-2.77176,9.34559,-6.14903,8.05945,-4.42679,-0.108384,-0.108384,-0.072256,-0.036128,-0.036128,-0.036128
17.0004,-1.92649,-0.447333,-1.59535,-1.50184,-0.972764,-0.0219196,6.77526,-3.2875,8.55436,-4.6565,8.97238,-3.39794,0.00942478,0.00942478,0.00628318,0.00314159,0.00314159,0.00314159
17.0053,-1.7968,-0.343537,-1.53094,-1.4666,-0.97686,0.00391177,6.17518,-2.18944,7.5766,-4.10711,7.02121,-4.35551,0.124877,0.124877,0.0832512,0.0416256,0.0416256,0.0416256
17.0104,-1.66108,-0.235656,-1.45192,-1.44672,-0.969409,0.0328893,5.86591,-2.89665,7.42752,-5.88596,5.6812,-4.85096,0.245033,0.245033,0.163356,0.0816778,0.0816778,0.0816778
17.0153,-1.531,-0.132042,-1.36977,-1.42582,-0.939782,0.065931,7.5353,-3.58338,7.94831,-5.36967,7.43949,-4.26843,0.360463,0.360463,0.240309,0.120154,0.120154,0.120154
17.0203,-1.42179,-0.026118,-1.28518,-1.40921,-0.909191,0.0990205,6.43253,-3.83117,7.32431,-4.93697,6.96139,-4.39877,0.478226,0.478226,0.318818,0.159409,0.159409,0.159409
17.0253,-1.31658,0.0799686,-1.19717,-1.39895,-0.874868,0.132615,6.0587,-3.86222,8.13407,-4.83545,6.71515,-4.90997,0.59596,0.59596,0.397307,0.198653,0.198653,0.198653
17.0303,-1.21061,0.186154,-1.11372,-1.39315,-0.836876,0.169929,4.76688,-4.01538,7.77346,-5.73581,6.98227,-3.81485,0.713657,0.713657,0.475772,0.237886,0.237886,0.237886
17.0353,-1.08619,0.292439,-1.03181,-1.38041,-0.798056,0.20295,6.50103,-2.95891,7.28329,-6.26354,8.42518,-4.5827,0.831311,0.831311,0.554207,0.277104,0.277104,0.277104
17.0403,-0.978536,0.398549,-0.947062,-1.35865,-0.768151,0.237635,4.16127,-3.15925,7.35537,-6.03778,5.91854,-5.97154,0.948912,0.948912,0.632608,0.316304,0.316304,0.316304
17.0454,-0.846028,0.50662,-0.860347,-1.33214,-0.728174,0.281041,6.08229,-3.78347,6.44362,-6.50003,8.58613,-3.36191,1.06881,1.06881,0.712537,0.356269,0.356269,0.356269
17.0502,-0.737602,0.608328,-0.773336,-1.30032,-0.700585,0.314566,6.53294,-4.12082,6.46249,-5.65166,6.14734,-4.2689,1.18158,1.18158,0.787723,0.393861,0.393861,0.393861
17.0553,-0.648173,0.716504,-0.677736,-1.26836,-0.662972,0.348532,5.28634,-3.35408,7.2082,-5.03746,8.11118,-6.40366,1.30134,1.30134,0.867558,0.433779,0.433779,0.433779
17.0605,-0.55401,0.826563,-0.582915,-1.24159,-0.633236,0.393551,5.19191,-3.53519,7.66399,-5.35137,7.72275,-3.69537,1.42335,1.42335,0.948902,0.474451,0.474451,0.474451
17.0656,-0.45496,0.934302,-0.497534,-1.21811,-0.609208,0.431554,4.51285,-5.19531,8.14021,-6.56699,9.07393,-3.72695,1.54293,1.54293,1.02862,0.51431,0.51431,0.51431
17.0704,-0.35207,1.03591,-0.431044,-1.18863,-0.607211,0.460772,4.1837,-3.03438,6.57507,-7.29171,7.42185,-6.10767,1.65538,1.65538,1.10359,0.551794,0.551794,0.551794
17.0752,-0.241301,1.13712,-0.360423,-1.1531,-0.604429,0.499364,4.33138,-3.72592,6.36641,-6.72473,7.48375,-3.75221,1.76774,1.76774,1.17849,0.589247,0.589247,0.589247
17.0803,-0.122104,1.24447,-0.279065,-1.11461,-0.599266,0.534061,5.07497,-3.75063,6.9745,-6.27596,7.88284,-4.23908,1.88701,1.88701,1.25801,0.629004,0.629004,0.629004
17.0853,-0.0239779,1.34954,-0.200713,-1.07906,-0.597153,0.565447,5.19061,-4.26539,6.94052,-6.45566,7.09042,-6.14102,2.00383,2.00383,1.33588,0.667942,0.667942,0.667942
17.0903,0.0535183,1.45457,-0.123124,-1.04465,-0.586227,0.606499,4.95178,-4.2954,6.45308,-4.22584,8.14448,-4.59844,2.12052,2.12052,1.41368,0.706839,0.706839,0.706839
17.0955,0.125395,1.56378,-0.0385125,-1.03051,-0.581136,0.647658,3.54612,-4.29448,6.85297,-6.05473,8.07923,-5.14393,2.24174,2.24174,1.49449,0.747245,0.747245,0.747245
17.1003,0.218652,1.66458,0.0383898,-1.01477,-0.581569,0.686517,3.82836,-4.79236,6.07413,-5.89326,8.12478,-5.06526,2.3535,2.3535,1.569,0.784499,0.784499,0.784499
17.1053,0.319597,1.76966,0.123052,-0.998095,-0.585151,0.727281,2.51038,-5.31052,5.8315,-6.29634,6.51282,-5.25306,2.46978,2.46978,1.64652,0.823258,0.823258,0.823258
17.1102,0.443879,1.8728,0.210083,-0.977059,-0.572733,0.768218,3.22792,-5.06972,6.08794,-7.45207,7.57613,-3.90823,2.58358,2.58358,1.72239,0.861193,0.861193,0.861193
17.1152,0.569533,1.97799,0.297336,-0.943312,-0.558843,0.804068,2.71007,-5.46543,6.20709,-7.22577,6.70119,-5.73537,2.69955,2.69955,1.7997,0.899849,0.899849,0.899849
17.1204,0.70597,2.08737,0.384381,-0.903301,-0.531282,0.846378,2.58964,-5.58586,6.12681,-7.26591,6.66105,-5.77551,2.81998,2.81998,1.87998,0.939992,0.939992,0.939992
17.1253,0.838867,2.19066,0.468036,-0.862627,-0.498673,0.888956,2.44875,-6.73933,5.51205,-5.15088,7.00416,-4.61268,2.93329,2.93329,1.95552,0.977762,0.977762,0.977762
17.1302,0.972632,2.29427,0.554404,-0.831342,-0.462104,0.929576,2.33562,-6.85246,5.43662,-5.18859,6.96645,-4.65039,3.04642,3.04642,2.03095,1.01547,1.01547,1.01547
17.1352,1.10896,2.40049,0.647316,-0.809949,-0.423155,0.969028,2.66952,-6.4043,5.6691,-7.79381,6.67963,-5.95565,3.16168,3.16168,2.10779,1.05389,1.05389,1.05389
17.1402,1.24062,2.50686,0.739906,-0.776196,-0.380455,1.01217,2.55445,-6.51937,5.59239,-7.83217,6.64127,-5.99401,3.27675,3.27675,2.1845,1.09225,1.09225,1.09225
17.1453,1.36901,2.61562,0.835304,-0.735922,-0.335077,1.05817,3.78478,-8.0825,5.39307,-8.1693,8.42382,-5.6439,3.3939,3.3939,2.2626,1.1313,1.1313,1.1313
17.1504,1.46754,2.72485,0.930187,-0.691074,-0.296452,1.10434,5.09806,-8.1758,5.44678,-8.47324,7.05176,-4.98736,3.51084,3.51084,2.34056,1.17028,1.17028,1.17028
17.1554,1.49,2.83232,1.02151,-0.6447,-0.257259,1.14712,1.92619,-6.65513,5.95778,-8.59418,8.11486,-4.55354,3.62527,3.62527,2.41685,1.20842,1.20842,1.20842
17.1604,1.56824,2.93973,1.10835,-0.596804,-0.224734,1.18485,2.6512,-6.6275,4.98086,-6.96797,7.62139,-5.30369,3.73948,3.73948,2.49298,1.24649,1.24649,1.24649
17.1654,1.65401,3.047,1.19651,-0.5527,-0.194139,1.22183,1.69407,-7.54129,4.79201,-6.84864,7.97256,-4.60476,3.85345,3.85345,2.56897,1.28448,1.28448,1.28448
17.1702,1.75659,3.15004,1.28269,-0.515797,-0.169382,1.2519,1.86068,-6.83884,4.82372,-5.39464,6.098,-4.43416,3.96264,3.96264,2.64176,1.32088,1.32088,1.32088
17.1753,1.87062,3.25939,1.37473,-0.493573,-0.132548,1.27743,0.858411,-7.39195,5.72675,-7.34591,6.21673,-4.97783,4.07841,4.07841,2.71894,1.35947,1.35947,1.35947
17.1803,1.99745,3.36653,1.45711,-0.467502,-0.0915555,1.30215,1.50165,-6.14589,4.85287,-6.81234,6.85794,-5.40474,4.19165,4.19165,2.79444,1.39722,1.39722,1.39722
17.1853,2.12161,3.47334,1.54072,-0.440401,-0.0508176,1.32979,0.0727,-5.97914,5.41291,-5.33476,6.7292,-4.92076,4.30464,4.30464,2.86976,1.43488,1.43488,1.43488
17.1902,2.25425,3.57765,1.61776,-0.429157,-0.0102335,1.35483,0.470491,-7.46467,4.50117,-7.3091,6.46054,-4.67606,4.41511,4.41511,2.94341,1.4717,1.4717,1.4717
17.1953,2.39495,3.68626,1.7024,-0.410413,0.0330076,1.37635,0.548852,-7.82365,3.86877,-7.8607,7.86302,-5.69134,4.52981,4.52981,3.01987,1.50994,1.50994,1.50994
17.2002,2.52833,3.79066,1.78916,-0.383853,0.0682653,1.40354,1.2545,-6.68854,4.06509,-6.04262,6.33598,-5.41334,4.63974,4.63974,3.09316,1.54658,1.54658,1.54658
17.2053,2.65626,3.899,1.87998,-0.368746,0.107222,1.43468,0.687281,-7.87434,5.37468,-8.51498,6.8113,-4.15142,4.75386,4.75386,3.16924,1.58462,1.58462,1.58462
17.2103,2.77455,4.00509,1.95503,-0.339051,0.144162,1.4557,0.599332,-6.66209,4.76734,-8.32034,7.40338,-5.37266,4.86545,4.86545,3.24363,1.62182,1.62182,1.62182
17.2153,2.88571,4.1108,2.02439,-0.301572,0.176097,1.48171,0.342263,-7.65594,5.04845,-7.44663,6.81153,-5.83203,4.97674,4.97674,3.31782,1.65891,1.65891,1.65891
17.2203,2.99539,4.21654,2.09068,-0.264153,0.208233,1.51482,-0.162719,-7.49112,4.1092,-7.91419,8.31459,-6.31615,5.08772,5.08772,3.39181,1.69591,1.69591,1.69591
17.2254,3.11306,4.32428,2.16556,-0.223097,0.229113,1.55594,0.00414292,-7.32032,4.37253,-7.20661,7.29995,-5.57545,5.2006,5.2006,3.46706,1.73353,1.73353,1.73353
17.2302,3.22308,4.42557,2.23771,-0.186322,0.246235,1.59479,0.532549,-8.43095,3.91943,-6.56296,7.67036,-4.24456,5.30653,5.30653,3.53769,1.76884,1.76884,1.76884
17.2352,3.32524,4.53126,2.31867,-0.153604,0.260103,1.62765,-0.530957,-8.671,4.34768,-7.38624,7.69164,-6.15252,5.41656,5.41656,3.61104,1.80552,1.80552,1.80552
17.2406,3.44627,4.64557,2.40377,-0.116727,0.270833,1.66909,-0.32239,-8.51365,4.30215,-8.11296,7.72668,-6.0678,5.53501,5.53501,3.69001,1.845,1.845,1.845
17.2453,3.54915,4.74513,2.47606,-0.0796217,0.276565,1.70797,-0.858565,-8.24212,4.09779,-8.27142,6.64914,-4.5123,5.63778,5.63778,3.75852,1.87926,1.87926,1.87926
17.2506,3.66962,4.85737,2.55832,-0.034266,0.293134,1.74587,-0.82043,-10.0637,3.04056,-8.13605,8.08443,-4.81577,5.75331,5.75331,3.83554,1.91777,1.91777,1.91777
17.2553,3.77735,4.95732,2.64008,0.00718473,0.301033,1.77438,-0.370944,-9.37384,3.59112,-9.44521,6.97403,-5.08165,5.85542,5.85542,3.90362,1.95181,1.95181,1.95181
17.2601,3.8764,5.05952,2.72353,0.0527159,0.314681,1.80088,-0.892541,-9.91514,3.63468,-8.2627,7.29542,-5.50546,5.95938,5.95938,3.97292,1.98646,1.98646,1.98646
17.2653,3.98394,5.17043,2.8118,0.101124,0.330516,1.83131,-1.1545,-8.60504,4.15341,-8.13451,8.33443,-5.94859,6.07162,6.07162,4.04775,2.02387,2.02387,2.02387
17.2702,4.0897,5.27467,2.8852,0.144553,0.337358,1.86456,-1.25989,-8.71043,4.08315,-8.16964,8.2993,-5.98372,6.17701,6.17701,4.11801,2.059,2.059,2.059
17.2753,4.19875,5.38309,2.95729,0.186899,0.331893,1.90202,-0.163555,-9.64319,3.93713,-7.63476,7.22784,-4.29792,6.28631,6.28631,4.19088,2.09544,2.09544,2.09544
17.2806,4.28399,5.49571,3.02341,0.225527,0.335993,1.93051,-0.276718,-9.75636,3.86169,-7.67248,7.19012,-4.33564,6.39948,6.39948,4.26632,2.13316,2.13316,2.13316
17.2854,4.33768,5.59777,3.08045,0.257194,0.34394,1.94557,-1.55688,-9.1532,4.23879,-7.93835,7.80193,-6.16643,6.50158,6.50158,4.33439,2.16719,2.16719,2.16719
17.2902,4.41109,5.69967,3.12664,0.28632,0.35024,1.97104,-1.2528,-8.86094,3.06745,-8.80027,6.73301,-6.90415,6.60332,6.60332,4.40221,2.20111,2.20111,2.20111
17.2953,4.49331,5.80773,3.18951,0.321721,0.36757,2.00943,-2.42822,-10.6707,3.19421,-8.76992,6.59776,-5.56556,6.711,6.711,4.474,2.237,2.237,2.237
17.3002,4.60034,5.91175,3.25355,0.356681,0.39301,2.04513,-1.96392,-10.2182,2.24771,-7.70303,8.23595,-4.79675,6.81406,6.81406,4.5427,2.27135,2.27135,2.27135
17.3055,4.72005,6.02437,3.33822,0.38788,0.411148,2.07678,-2.31527,-9.92341,2.70874,-7.72348,6.66716,-5.521,6.92507,6.92507,4.61671,2.30836,2.30836,2.30836
17.3104,4.83585,6.12842,3.41779,0.412372,0.435492,2.10442,-1.02272,-10.0887,2.60925,-8.78427,7.77577,-6.09327,7.02728,7.02728,4.68485,2.34243,2.34243,2.34243
17.3157,4.94019,6.24083,3.50305,0.447563,0.456679,2.13864,-2.6497,-10.5139,2.80965,-9.48336,7.26708,-6.279,7.13736,7.13736,4.75824,2.37912,2.37912,2.37912
17.3204,5.04601,6.34054,3.57716,0.485985,0.47801,2.17252,-2.27016,-10.6427,2.57347,-8.23236,7.11876,-6.00504,7.23456,7.23456,4.82304,2.41152,2.41152,2.41152
17.3254,5.15511,6.44666,3.65721,0.524964,0.503982,2.20986,-2.87352,-10.131,2.39196,-8.93737,6.14879,-5.65021,7.33754,7.33754,4.89169,2.44585,2.44585,2.44585
17.3303,5.26614,6.55057,3.73805,0.565052,0.537721,2.24488,-2.8361,-9.48682,2.37095,-7.31486,6.95986,-5.45186,7.43802,7.43802,4.95868,2.47934,2.47934,2.47934
17.3355,5.3804,6.66049,3.82285,0.597674,0.574298,2.27879,-3.27321,-11.2399,2.87702,-7.58208,7.73588,-5.77704,7.54417,7.54417,5.02945,2.51472,2.51472,2.51472
17.3403,5.49049,6.76198,3.89211,0.61727,0.600321,2.30962,-1.70806,-10.0175,2.12857,-9.46931,6.46969,-6.21527,7.6417,7.6417,5.09447,2.54723,2.54723,2.54723
17.3453,5.57307,6.86738,3.96404,0.647956,0.632398,2.34475,-3.25912,-10.9815,1.42996,-9.71831,6.22897,-6.43943,7.74284,7.74284,5.1619,2.58095,2.58095,2.58095
17.3504,5.66435,6.97488,4.04674,0.685243,0.66931,2.38383,-2.27041,-10.9305,1.83595,-8.53537,6.93167,-6.18385,7.84551,7.84551,5.23034,2.61517,2.61517,2.61517
17.3554,5.72958,7.08025,4.12908,0.719434,0.704882,2.42254,-3.27678,-12.4452,1.89248,-9.27256,6.19448,-5.29816,7.94568,7.94568,5.29712,2.64856,2.64856,2.64856
17.3603,5.80798,7.18377,4.20839,0.755679,0.742655,2.45557,-3.57541,-11.0338,2.52959,-9.83504,8.10768,-5.67848,8.04337,8.04337,5.36225,2.68112,2.68112,2.68112
17.3655,5.90428,7.29341,4.28041,0.797657,0.770983,2.48771,-4.48626,-10.7666,2.51308,-8.47011,7.67589,-5.32371,8.14652,8.14652,5.43101,2.71551,2.71551,2.71551
17.3706,6.02316,7.40064,4.33787,0.833379,0.790893,2.51294,-3.47581,-12.0217,2.47316,-8.63613,7.17039,-6.01137,8.24715,8.24715,5.4981,2.74905,2.74905,2.74905
17.3754,6.12923,7.5017,4.38692,0.863689,0.810528,2.53876,-4.51959,-12.1553,-0.0454155,-8.87454,7.76824,-6.9453,8.34139,8.34139,5.56093,2.78046,2.78046,2.78046
17.3804,6.24809,7.60708,4.46744,0.895888,0.824404,2.57385,-3.90804,-11.788,1.53013,-7.85553,6.57651,-6.17469,8.43904,8.43904,5.62603,2.81301,2.81301,2.81301
17.3854,6.35858,7.71239,4.54598,0.918664,0.845188,2.60925,-3.3866,-12.5904,2.08819,-10.1152,8.97021,-4.94023,8.53618,8.53618,5.69079,2.84539,2.84539,2.84539
17.3906,6.45229,7.82202,4.61707,0.955512,0.845315,2.6362,-4.4169,-11.8793,0.980399,-9.38696,7.22272,-5.45396,8.63664,8.63664,5.75776,2.87888,2.87888,2.87888
17.3955,6.5444,7.92523,4.69085,0.99263,0.847414,2.65622,-5.11386,-10.9726,1.08066,-6.95918,7.60534,-4.55798,8.73078,8.73078,5.82052,2.91026,2.91026,2.91026
17.4003,6.65066,8.02606,4.76614,1.01457,0.848046,2.66254,-4.19694,-10.5522,0.603606,-8.53811,5.52133,-4.91147,8.8225,8.8225,5.88166,2.94083,2.94083,2.94083
17.4052,6.74669,8.12856,4.84662,1.03827,0.870147,2.66235,-6.12609,-12.631,0.0671026,-7.19467,7.13803,-6.09343,8.91561,8.91561,5.94374,2.97187,2.97187,2.97187
17.4102,6.86671,8.23316,4.93249,1.05745,0.890386,2.67113,-5.04643,-11.3583,1.04286,-7.75608,7.09824,-6.58032,9.01007,9.01007,6.00671,3.00336,3.00336,3.00336
17.4153,6.97804,8.33949,5.01351,1.0812,0.910093,2.69343,-6.16267,-11.5841,0.690581,-7.13388,5.78292,-5.60208,9.10585,9.10585,6.07057,3.03528,3.03528,3.03528
17.4204,7.09887,8.44549,5.09202,1.10397,0.944175,2.71481,-6.25787,-11.6793,0.627116,-7.16562,5.75118,-5.63382,9.20105,9.20105,6.13403,3.06702,3.06702,3.06702
17.4253,7.2174,8.54711,5.1663,1.1268,0.982314,2.73437,-6.34878,-11.8017,-0.0751195,-8.3634,6.77244,-5.57304,9.29196,9.29196,6.19464,3.09732,3.09732,3.09732
17.4305,7.34291,8.65472,5.25019,1.16262,1.02073,2.75255,-6.49193,-11.5076,0.00935588,-9.8278,5.00168,-6.36676,9.38783,9.38783,6.25855,3.12928,3.12928,3.12928
17.4352,7.45559,8.75168,5.32848,1.20324,1.06158,2.77379,-7.69701,-12.2398,-1.44417,-6.01458,5.37042,-4.96302,9.47395,9.47395,6.31596,3.15798,3.15798,3.15798
17.4403,7.58757,8.85668,5.4212,1.23563,1.10751,2.78615,-4.33449,-13.9914,2.39804,-17.1655,7.44256,-3.73542,9.56681,9.56681,6.37787,3.18894,3.18894,3.18894
17.4452,7.66251,8.95806,5.4834,1.28721,1.14635,2.77397,-1.42084,-16.3416,1.8896,-14.5787,8.18312,-5.49548,9.65544,9.65544,6.43696,3.21848,3.21848,3.21848
17.4503,7.58037,9.06448,5.51494,1.34218,1.17157,2.76231,-4.58963,-13.8171,0.842017,-10.1049,8.32637,-6.79287,9.74709,9.74709,6.49806,3.24903,3.24903,3.24903
17.4554,7.50341,9.17105,5.55054,1.39675,1.17856,2.76941,-5.2756,-13.8215,-0.357716,-9.91993,5.60507,-7.04677,9.83812,9.83812,6.55875,3.27937,3.27937,3.27937
17.4603,7.46343,9.2735,5.60839,1.44862,1.20228,2.79394,-5.6225,-12.6593,-0.187813,-9.51005,6.96717,-5.97449,9.92498,9.92498,6.61665,3.30833,3.30833,3.30833
17.4655,7.46464,9.38195,5.68091,1.50272,1.22685,2.82258,-5.69433,-13.6768,0.309194,-8.16608,6.0424,-6.45212,10.0165,10.0165,6.67768,3.33884,3.33884,3.33884
17.4702,7.50114,9.47996,5.74521,1.54876,1.25664,2.85306,-6.09169,-14.5469,-1.0372,-8.93866,6.88438,-5.30374,10.0987,10.0987,6.73245,3.36622,3.36622,3.36622
17.4752,7.5766,9.5844,5.82598,1.59245,1.28623,2.88033,-6.39125,-14.4722,-0.0563341,-10.4828,6.63194,-5.92884,10.1855,10.1855,6.79031,3.39516,3.39516,3.39516
17.4804,7.68177,9.69303,5.90458,1.63657,1.31728,2.9089,-5.64163,-13.9353,0.32074,-10.9019,6.80908,-5.4619,10.2751,10.2751,6.85005,3.42502,3.42502,3.42502
17.4853,7.77153,9.79523,5.96737,1.67841,1.34342,2.9315,-6.30462,-15.2484,-0.610841,-9.191,6.541,-4.7612,10.3589,10.3589,6.90592,3.45296,3.45296,3.45296
17.4903,7.87355,9.89973,6.0379,1.7122,1.37229,2.94296,-6.19251,-14.7699,-0.769841,-10.2791,5.83374,-5.02962,10.4438,10.4438,6.96251,3.48126,3.48126,3.48126
17.4953,7.97622,10.0043,6.11499,1.74565,1.4081,2.94708,-6.28857,-14.1489,0.515778,-9.55374,7.13046,-5.07426,10.528,10.528,7.01867,3.50934,3.50934,3.50934
17.5004,8.08248,10.111,6.18355,1.77279,1.44133,2.94531,-6.72842,-15.6092,-0.408409,-8.82867,7.74785,-5.77335,10.6133,10.6133,7.07551,3.53775,3.53775,3.53775
17.5055,8.19948,10.2179,6.25408,1.78563,1.46458,2.94754,-7.84528,-14.5512,-0.218173,-11.0511,6.48595,-6.40599,10.6978,10.6978,7.13189,3.56595,3.56595,3.56595
17.5104,8.32715,10.3206,6.31732,1.81241,1.49033,2.96127,-7.04727,-14.0447,-0.955344,-10.2085,7.18778,-6.97106,10.7785,10.7785,7.18563,3.59282,3.59282,3.59282
17.5152,8.44838,10.4208,6.38544,1.84112,1.5116,2.9884,-7.25564,-14.7653,-1.40468,-9.94485,4.71075,-6.61629,10.8568,10.8568,7.23787,3.61893,3.61893,3.61893
17.5202,8.57269,10.5251,6.46429,1.87037,1.54983,3.02242,-6.39493,-14.929,-0.670716,-11.7603,7.49898,-6.635,10.9378,10.9378,7.29184,3.64592,3.64592,3.64592
17.5253,8.67902,10.6315,6.54055,1.91024,1.58091,3.06095,-6.75261,-14.9478,-0.359553,-10.1565,6.42839,-6.67057,11.0196,11.0196,7.34642,3.67321,3.67321,3.67321
17.5305,8.7725,10.7397,6.60668,1.94643,1.61335,3.10289,-5.39727,-14.3962,-0.433534,-9.27324,7.974,-5.49756,11.1024,11.1024,7.40159,3.7008,3.7008,3.7008
17.5352,8.80246,10.8372,6.65609,1.96794,1.62817,3.13597,-6.36581,-15.2663,-2.40996,-10.7966,5.8296,-5.85348,11.1766,11.1766,7.45104,3.72552,3.72552,3.72552
17.5402,8.83335,10.9409,6.73262,1.99391,1.65773,3.16897,-6.44404,-15.3445,-2.46211,-10.8227,5.80353,-5.87955,11.2548,11.2548,7.50319,3.75159,3.75159,3.75159
17.5452,8.85814,11.0445,6.82019,2.023,1.69331,3.19972,-6.4152,-15.5324,-2.19403,-10.6581,6.44006,-5.7398,11.3323,11.3323,7.55488,3.77744,3.77744,3.77744
17.5502,8.88156,11.1481,6.90961,2.0525,1.72815,3.22705,-6.48021,-15.487,-0.48338,-9.21817,7.08515,-5.44249,11.4091,11.4091,7.6061,3.80305,3.80305,3.80305
17.5552,8.90034,11.2513,6.98205,2.068,1.7548,3.248,-8.10476,-14.5821,-1.82157,-10.9161,6.81137,-5.64175,11.4853,11.4853,7.65685,3.82843,3.82843,3.82843
17.5604,8.9765,11.358,7.05549,2.09162,1.77818,3.26619,-7.14696,-15.618,-1.17371,-10.5779,7.85333,-5.63477,11.5637,11.5637,7.70914,3.85457,3.85457,3.85457
17.5655,9.04671,11.4619,7.11042,2.11597,1.78318,3.28076,-7.64471,-14.9298,-1.70727,-9.60144,5.9898,-5.03916,11.6399,11.6399,7.75991,3.87996,3.87996,3.87996
17.5703,9.12535,11.5588,7.16217,2.12921,1.79699,3.28427,-7.29413,-15.509,-1.33243,-11.5129,6.50438,-4.87238,11.7109,11.7109,7.80725,3.90362,3.90362,3.90362
17.5753,9.20452,11.6593,7.21011,2.1554,1.81453,3.27753,-8.33663,-16.6579,-0.873396,-11.1565,7.84616,-4.82228,11.7841,11.7841,7.85609,3.92804,3.92804,3.92804
17.5802,9.30095,11.7582,7.23822,2.18542,1.81507,3.26135,-7.93097,-15.3973,-1.07336,-10.3025,8.60076,-4.99502,11.8552,11.8552,7.90348,3.95174,3.95174,3.95174
17.5852,9.39685,11.8578,7.25322,2.21389,1.79384,3.23994,-7.80972,-16.722,-1.98231,-11.5436,7.30173,-4.94443,11.927,11.927,7.95135,3.97567,3.97567,3.97567
17.5902,9.48789,11.9584,7.28608,2.24983,1.77204,3.21471,-7.41982,-16.6434,-1.76844,-10.5157,6.33403,-4.62037,11.9981,11.9981,7.99873,3.99937,3.99937,3.99937
17.5952,9.56011,12.0595,7.32879,2.28268,1.76154,3.18442,-8.23875,-16.8674,-2.02433,-10.2494,6.43479,-4.80941,12.0684,12.0684,8.04562,4.02281,4.02281,4.02281
17.6002,9.63974,12.161,7.38062,2.3092,1.76038,3.15236,-7.6937,-16.3814,-1.83247,-10.405,8.12559,-4.75809,12.138,12.138,8.09202,4.04601,4.04601,4.04601
17.6052,9.70116,12.2623,7.43266,2.33303,1.74648,3.11897,-8.44417,-16.5133,-2.14379,-10.4363,7.29944,-4.51608,12.2069,12.2069,8.13791,4.06896,4.06896,4.06896
17.6102,9.77385,12.3634,7.48866,2.35871,1.73201,3.08355,-8.52013,-15.8367,-2.06169,-10.5087,5.88575,-4.81201,12.275,12.275,8.1833,4.09165,4.09165,4.09165
17.6152,9.8502,12.4634,7.546,2.38753,1.73424,3.04884,-8.75689,-16.1601,-2.44934,-10.6222,7.9747,-5.0249,12.3423,12.3423,8.22819,4.1141,4.1141,4.1141
17.6202,9.9352,12.5626,7.60932,2.42037,1.72636,3.01657,-9.01258,-17.3969,-2.16977,-11.6131,5.80799,-4.40953,12.4089,12.4089,8.27257,4.13629,4.13629,4.13629
17.6252,10.0265,12.6625,7.66934,2.46049,1.73395,2.98213,-10.1028,-16.6274,-2.45399,-9.65614,7.18538,-4.39834,12.4747,12.4747,8.31644,4.15822,4.15822,4.15822
17.6302,10.142,12.7615,7.73076,2.49473,1.74135,2.94633,-8.88732,-16.6373,-2.1525,-10.1332,7.3624,-3.63342,12.5397,12.5397,8.3598,4.1799,4.1799,4.1799
17.6353,10.2464,12.8602,7.78229,2.5262,1.74228,2.90507,-9.53598,-16.9077,-3.5735,-11.1321,6.41325,-3.24127,12.6052,12.6052,8.40349,4.20175,4.20175,4.20175
17.6402,10.3492,12.9523,7.8452,2.56101,1.74942,2.86174,-9.20024,-16.2292,-2.48219,-10.5567,4.34732,-2.78176,12.6674,12.6674,8.44496,4.22248,4.22248,4.22248
17.6452,10.4445,13.0399,7.90226,2.594,1.78364,2.81499,-5.73271,-19.2311,-0.889614,-12.7138,7.55562,-2.2893,12.7301,12.7301,8.48676,4.24338,4.24338,4.24338
17.6503,10.4206,13.1373,7.91374,2.63753,1.80834,2.76568,-7.47035,-17.1273,-2.76464,-13.2896,7.58427,-1.87979,12.7933,12.7933,8.52886,4.26443,4.26443,4.26443
17.6552,10.3722,13.2277,7.93475,2.68374,1.82119,2.71769,-9.86667,-16.218,-2.85265,-10.7097,8.3592,-1.89148,12.8532,12.8532,8.5688,4.2844,4.2844,4.2844
17.6602,10.3936,13.3098,7.96752,2.72511,1.81655,2.66947,-8.20523,-16.9638,-3.21055,-10.2827,5.37481,-1.56383,12.9135,12.9135,8.60902,4.30451,4.30451,4.30451
17.6654,10.4188,13.3951,8.02484,2.75593,1.83682,2.62192,-9.61855,-17.0376,-3.99795,-10.3613,6.38916,-1.03798,12.9754,12.9754,8.65029,4.32514,4.32514,4.32514
17.6702,10.4843,13.4737,8.09866,2.76849,1.86174,2.58342,-9.73797,-18.1341,-2.88394,-11.4151,5.46786,-1.30518,13.0318,13.0318,8.68787,4.34394,4.34394,4.34394
17.6752,10.577,13.5588,8.16887,2.77975,1.89569,2.55671,-10.2293,-18.0147,-3.19217,-10.3414,8.14785,-1.39901,13.0897,13.0897,8.72649,4.36325,4.36325,4.36325
17.6802,10.6916,13.6485,8.2415,2.77964,1.91845,2.5515,-10.2864,-18.0719,-3.23026,-10.3604,8.12881,-1.41805,13.1469,13.1469,8.76458,4.38229,4.38229,4.38229
17.6853,10.8118,13.7388,8.31034,2.77288,1.9199,2.56761,-10.1823,-18.8385,-3.52144,-9.96559,5.26961,-1.21363,13.2043,13.2043,8.80287,4.40143,4.40143,4.40143
17.6902,10.9296,13.8301,8.37905,2.75832,1.94418,2.59631,-10.2367,-18.8929,-3.5577,-9.98372,5.25148,-1.23176,13.2587,13.2587,8.83913,4.41956,4.41956,4.41956
17.6952,11.0452,13.9241,8.44715,2.73958,1.98016,2.63326,-10.252,-17.9902,-4.0226,-9.77839,6.59121,-1.48183,13.3134,13.3134,8.87558,4.43779,4.43779,4.43779
17.7002,11.1594,14.0105,8.51254,2.71509,2.00838,2.6756,-9.84488,-17.3309,-3.52765,-10.8893,6.22545,-1.49979,13.3672,13.3672,8.91149,4.45575,4.45575,4.45575
17.7052,11.2605,14.0868,8.57555,2.70139,2.04127,2.72079,-9.89792,-17.3839,-3.56301,-10.907,6.20777,-1.51747,13.4203,13.4203,8.94685,4.47343,4.47343,4.47343
17.7102,11.3418,14.1443,8.63107,2.70039,2.07489,2.76765,-10.1983,-17.9365,-3.32403,-10.8747,6.83617,-1.79983,13.4725,13.4725,8.98166,4.49083,4.49083,4.49083
17.7152,11.4085,14.1881,8.67029,2.71147,2.10152,2.81595,-9.41839,-18.1494,-2.5181,-10.2294,8.52474,-1.33672,13.5239,13.5239,9.01591,4.50796,4.50796,4.50796
17.7202,11.4457,14.2297,8.67894,2.72216,2.10873,2.86462,-9.46893,-18.2,-2.5518,-10.2463,8.5079,-1.35356,13.5744,13.5744,9.04961,4.5248,4.5248,4.5248
17.7254,11.4573,14.2555,8.6507,2.73173,2.093,2.91555,-10.3677,-18.2595,-4.00954,-10.3049,6.74357,-2.31471,13.6261,13.6261,9.08406,4.54203,4.54203,4.54203
17.7305,11.4795,14.2808,8.63993,2.74134,2.08126,2.96656,-10.0669,-18.7585,-4.56524,-11.8119,7.03337,-2.16571,13.6759,13.6759,9.11726,4.55863,4.55863,4.55863
17.7353,11.4966,14.3128,8.65447,2.76519,2.06812,3.01502,-10.1996,-17.9456,-3.93761,-11.0158,5.90851,-2.30527,13.722,13.722,9.14798,4.57399,4.57399,4.57399
17.7402,11.5166,14.3465,8.68414,2.79159,2.0711,3.06483,-9.75727,-17.0502,-3.50862,-10.7663,7.6402,-2.66016,13.7682,13.7682,9.17879,4.5894,4.5894,4.5894
17.7454,11.5263,14.3649,8.72002,2.82013,2.06448,3.11803,-11.2396,-18.9147,-4.80727,-11.4365,8.04635,-1.78197,13.8164,13.8164,9.2109,4.60545,4.60545,4.60545
17.7506,11.5852,14.4068,8.78102,2.85267,2.0447,3.17123,-10.2664,-17.5514,-4.46048,-11.0382,6.7307,-0.448079,13.8636,13.8636,9.2424,4.6212,4.6212,4.6212
17.7554,11.64,14.4305,8.84432,2.88135,2.03281,3.21985,-10.9159,-18.6068,-4.56006,-10.8455,6.23614,-0.652781,13.9064,13.9064,9.27092,4.63546,4.63546,4.63546
17.7602,11.7097,14.4588,8.90887,2.90437,2.03159,3.26796,-10.2054,-19.6062,-3.4302,-12.0435,7.36484,-0.0126604,13.9484,13.9484,9.29892,4.64946,4.64946,4.64946
17.7655,11.7742,14.509,8.95781,2.93555,2.02378,3.31961,-10.3415,-18.2727,-3.81998,-11.3383,7.71399,-0.375571,13.9938,13.9938,9.32922,4.66461,4.66461,4.66461
17.7702,11.8272,14.5436,8.99253,2.96455,2.00954,3.3636,-9.95149,-19.9276,-4.56527,-11.6413,7.46902,-0.446695,14.0333,14.0333,9.35555,4.67778,4.67778,4.67778
17.7755,11.8659,14.6104,9.04311,2.99811,1.9905,3.41104,-11.1022,-19.6087,-4.11992,-11.8462,6.01369,-1.81087,14.0769,14.0769,9.38463,4.69231,4.69231,4.69231
17.7802,11.9277,14.6773,9.08416,3.0304,1.98858,3.45446,-10.1669,-19.5362,-3.90899,-11.0888,8.24496,-0.829896,14.1148,14.1148,9.40987,4.70494,4.70494,4.70494
17.7854,11.9769,14.7538,9.12068,3.06223,1.97228,3.50128,-10.6728,-20.4677,-3.7315,-10.6802,6.4594,-2.67344,14.1558,14.1558,9.4372,4.7186,4.7186,4.7186
17.7903,12.0254,14.8333,9.1378,3.08303,1.966,3.54829,-11.1992,-19.6229,-5.61469,-11.6615,5.78441,-2.41279,14.1936,14.1936,9.46238,4.73119,4.73119,4.73119
17.7955,12.0902,14.9056,9.17801,3.10829,1.97461,3.59929,-10.7419,-19.532,-4.06493,-11.8154,5.30766,-1.97872,14.2327,14.2327,9.48848,4.74424,4.74424,4.74424
17.8003,12.1397,14.963,9.19908,3.13483,2.00024,3.64663,-10.5566,-20.4932,-4.6674,-10.8418,6.74489,-1.73381,14.268,14.268,9.51202,4.75601,4.75601,4.75601
17.8051,12.1765,15.026,9.22059,3.15544,2.02435,3.69385,-11.4421,-20.0037,-4.87641,-12.0291,6.80789,-1.43895,14.3025,14.3025,9.53502,4.76751,4.76751,4.76751
17.8106,12.234,15.0866,9.24528,3.18706,2.04879,3.74745,-11.323,-19.0966,-4.53843,-10.7999,6.39765,-0.772829,14.341,14.341,9.5607,4.78035,4.78035,4.78035
17.8154,12.29,15.1124,9.26047,3.21056,2.0726,3.79232,-11.0839,-19.2633,-4.72328,-9.85862,7.08224,0.0359763,14.3738,14.3738,9.58253,4.79126,4.79126,4.79126
17.8202,12.3377,15.1219,9.27467,3.2248,2.09191,3.83261,-10.7336,-19.7759,-5.23362,-10.9705,6.01179,-0.802666,14.4057,14.4057,9.60381,4.80191,4.80191,4.80191
17.8253,12.3679,15.1248,9.29779,3.24686,2.11759,3.87288,-11.1173,-19.1076,-4.75822,-11.7267,6.65488,-2.65184,14.4387,14.4387,9.62583,4.81292,4.81292,4.81292
17.8303,12.3902,15.1061,9.31754,3.2777,2.1427,3.91742,-10.5617,-19.2613,-5.05718,-11.9194,6.56989,-1.68529,14.4702,14.4702,9.64682,4.82341,4.82341,4.82341
17.8354,12.3957,15.0722,9.34032,3.31714,2.16613,3.9631,-11.3218,-18.0277,-4.61608,-12.3189,7.1225,-1.5632,14.5014,14.5014,9.66761,4.8338,4.8338,4.8338
17.8403,12.4126,15.0145,9.35974,3.35964,2.18325,4.0069,-10.2989,-19.0733,-4.86537,-11.5255,7.1625,-1.20858,14.5305,14.5305,9.687,4.8435,4.8435,4.8435
17.8452,12.408,14.9593,9.38166,3.4014,2.19324,4.04939,-11.1546,-20.1732,-5.39206,-10.1687,7.44289,-0.837111,14.5587,14.5587,9.70582,4.85291,4.85291,4.85291
17.8504,12.4119,14.9292,9.41994,3.43763,2.19625,4.09098,-11.0142,-18.906,-4.03827,-10.8573,5.79382,-1.31874,14.5877,14.5877,9.72516,4.86258,4.86258,4.86258
17.8552,12.419,14.8958,9.43447,3.4667,2.2123,4.1274,-11.1819,-19.7554,-5.27611,-11.636,7.64818,-1.21974,14.6137,14.6137,9.74244,4.87122,4.87122,4.87122
17.8602,12.435,14.8808,9.46451,3.4979,2.21782,4.16304,-10.9874,-20.538,-5.37294,-11.9593,7.90437,-0.930366,14.6398,14.6398,9.75985,4.87993,4.87993,4.87993
17.8653,12.462,14.9071,9.50948,3.5339,2.20947,4.19448,-12.0375,-20.9695,-4.64186,-11.9431,4.8819,-2.18922,14.6655,14.6655,9.77699,4.8885,4.8885,4.8885
17.8702,12.5233,14.9649,9.54443,3.57066,2.2272,4.22961,-10.8675,-20.3196,-5.67765,-11.9427,7.17577,-3.35635,14.6893,14.6893,9.79286,4.89643,4.89643,4.89643
17.8752,12.5671,15.0263,9.59118,3.60946,2.23834,4.27314,-10.7254,-21.131,-4.79038,-11.8098,6.60497,-0.259153,14.7127,14.7127,9.80847,4.90423,4.90423,4.90423
17.8805,12.5911,15.0998,9.62324,3.64896,2.25172,4.3097,-11.3796,-20.0555,-5.32666,-9.80565,7.30913,0.478109,14.7365,14.7365,9.82434,4.91217,4.91217,4.91217
17.8853,12.6159,15.1482,9.64717,3.66709,2.25519,4.32192,-10.8763,-20.9154,-4.80959,-12.28,5.51373,-0.497546,14.7572,14.7572,9.83813,4.91907,4.91907,4.91907
17.8904,12.6223,15.2042,9.65862,3.69346,2.27429,4.32864,-11.1219,-20.2391,-5.77667,-10.4488,6.93911,-1.00137,14.7783,14.7783,9.85217,4.92609,4.92609,4.92609
17.8952,12.6336,15.2548,9.68549,3.70943,2.28862,4.33373,-11.1409,-20.2581,-5.78931,-10.4552,6.9328,-1.00768,14.7972,14.7972,9.86481,4.9324,4.9324,4.9324
17.9005,12.6525,15.2945,9.71668,3.72149,2.29694,4.33784,-12.0158,-19.3718,-6.08058,-10.1803,6.69435,-1.61049,14.8172,14.8172,9.87811,4.93905,4.93905,4.93905
17.9055,12.6978,15.296,9.75505,3.72199,2.30384,4.34774,-11.6712,-19.437,-5.70376,-10.5423,6.84569,-1.71581,14.835,14.835,9.89003,4.94501,4.94501,4.94501
17.9104,12.741,15.2647,9.78481,3.72181,2.30655,4.36398,-11.5381,-19.032,-6.73059,-10.8542,5.15104,-1.208,14.8517,14.8517,9.90112,4.95056,4.95056,4.95056
17.9157,12.774,15.2095,9.8393,3.72768,2.33013,4.38122,-12.1383,-19.1239,-5.86622,-8.30135,5.77467,-2.15759,14.8687,14.8687,9.91246,4.95623,4.95623,4.95623
17.9204,12.8127,15.1445,9.87863,3.70896,2.35722,4.40389,-12.4322,-18.3107,-5.95093,-8.65385,7.81503,-0.837526,14.8829,14.8829,9.92193,4.96097,4.96097,4.96097
17.9254,12.8614,15.0615,9.91434,3.68147,2.37038,4.42146,-12.0997,-19.44,-5.62393,-11.035,8.73769,-1.18175,14.8971,14.8971,9.93142,4.96571,4.96571,4.96571
17.9303,12.9055,14.9817,9.93616,3.66695,2.35565,4.43743,-12.1088,-19.0748,-5.23763,-12.3724,6.87864,-2.27078,14.9102,14.9102,9.94013,4.97006,4.97006,4.97006
17.9354,12.9396,14.8971,9.93593,3.67596,2.33853,4.46251,-14.1033,-18.3467,-6.91597,-9.8098,8.62152,-2.1508,14.9228,14.9228,9.94856,4.97428,4.97428,4.97428
17.9401,13.0226,14.8197,9.96811,3.68128,2.30806,4.49145,-9.62647,-22.2069,-2.81424,-17.0998,8.33632,-1.26844,14.9337,14.9337,9.95577,4.97788,4.97788,4.97788
17.9452,12.9911,14.7909,9.92839,3.73139,2.26879,4.51956,-7.26146,-22.7929,-3.45262,-15.6047,10.4938,-0.212207,14.9445,14.9445,9.96297,4.98149,4.98149,4.98149
17.9503,12.8523,14.8406,9.85471,3.7848,2.21979,4.53598,-9.92293,-22.2394,-5.92121,-10.5158,8.08103,-0.00021098,14.9543,14.9543,9.96954,4.98477,4.98477,4.98477
17.9552,12.7192,14.9183,9.80593,3.83478,2.17268,4.54037,-11.3657,-21.9209,-6.10666,-11.297,5.79298,-1.12914,14.9629,14.9629,9.97525,4.98762,4.98762,4.98762
17.9603,12.6044,15.007,9.78015,3.88583,2.12947,4.54834,-11.9686,-20.9833,-6.40457,-11.7716,6.03872,-1.52924,14.9708,14.9708,9.98056,4.99028,4.99028,4.99028
17.9654,12.5382,15.0929,9.78467,3.93594,2.09766,4.56376,-11.2073,-21.4749,-6.69975,-11.095,4.48798,-2.42582,14.9779,14.9779,9.98523,4.99262,4.99262,4.99262
17.9702,12.4955,15.173,9.81565,3.98067,2.09995,4.59092,-11.3075,-21.1536,-5.76725,-11.486,5.43828,-0.564723,14.9836,14.9836,9.98905,4.99452,4.99452,4.99452
17.9752,12.4703,15.2503,9.84462,4.02508,2.11965,4.61197,-11.4387,-21.1311,-6.01723,-11.9928,4.83215,0.211913,14.9886,14.9886,9.99241,4.99621,4.99621,4.99621
17.9802,12.4665,15.3217,9.87841,4.0674,2.15542,4.61602,-11.2143,-21.4149,-6.88524,-11.1993,6.42882,-0.783062,14.9927,14.9927,9.99516,4.99758,4.99758,4.99758
17.9853,12.475,15.3909,9.93141,4.10345,2.1904,4.61633,-11.2727,-21.3433,-6.02006,-11.515,5.61633,-2.63887,14.996,14.996,9.99733,4.99867,4.99867,4.99867
17.9905,12.501,15.4547,9.97809,4.13348,2.22945,4.63757,-11.9369,-21.5899,-6.65907,-11.6814,6.79956,-2.73072,14.9983,14.9983,9.99889,4.99944,4.99944,4.99944
17.9953,12.5561,15.5109,10.0272,4.15626,2.26016,4.67034,-11.8673,-22.2098,-6.51152,-11.9716,5.02724,0.117176,14.9996,14.9996,9.99973,4.99986,4.99986,4.99986
18.0002,12.6248,15.5704,10.0742,4.18088,2.29823,4.6903,-12.1277,-21.1503,-6.39475,-11.1686,5.4908,-1.00076,15,15,10,5,5,5
18.0052,12.7082,15.6169,10.1194,4.20102,2.3388,4.70771,-12.1272,-21.1498,-6.39442,-11.1684,5.49097,-1.00059,14.9995,14.9995,9.99967,4.99983,4.99983,4.99983
18.0103,12.7975,15.6399,10.1571,4.21685,2.38086,4.72242,-11.653,-19.9861,-6.59408,-11.8221,6.04615,0.349534,14.998,14.998,9.99869,4.99935,4.99935,4.99935
18.0152,12.8707,15.6101,10.189,4.23553,2.41925,4.71894,-11.6979,-19.8577,-6.36264,-11.0678,7.77743,-2.08401,14.9957,14.9957,9.99715,4.99857,4.99857,4.99857
18.0202,12.9409,15.5466,10.2124,4.24969,2.44213,4.72906,-10.8239,-20.6582,-6.60499,-11.282,6.97542,-0.244763,14.9924,14.9924,9.99497,4.99748,4.99748,4.99748
18.0255,12.9798,15.4703,10.2318,4.25957,2.45416,4.72825,-12.1118,-20.9886,-5.75764,-10.8831,7.68901,1.61973,14.988,14.988,9.99198,4.99599,4.99599,4.99599
18.0305,13.0323,15.3971,10.2214,4.25631,2.44582,4.69786,-11.1176,-20.0772,-6.41881,-11.3947,7.14424,-1.51666,14.9828,14.9828,9.98853,4.99426,4.99426,4.99426
18.0353,13.0581,15.3179,10.2059,4.24741,2.42974,4.67926,-11.2064,-21.8247,-6.40028,-11.2272,7.48568,-0.852315,14.9769,14.9769,9.98463,4.99232,4.99232,4.99232
18.0405,13.0699,15.2474,10.1875,4.23679,2.40347,4.66231,-11.928,-21.9119,-7.07467,-12.0196,5.84031,-1.29701,14.9697,14.9697,9.97977,4.98989,4.98989,4.98989
18.0454,13.0889,15.209,10.1928,4.23709,2.39158,4.65318,-10.9037,-21.3329,-6.7309,-12.1743,6.14101,0.411269,14.9619,14.9619,9.97458,4.98729,4.98729,4.98729
18.0503,13.0922,15.1768,10.2045,4.24789,2.38472,4.63057,-11.0447,-21.4384,-5.92256,-10.9129,6.914,-0.860961,14.9532,14.9532,9.9688,4.9844,4.9844,4.9844
18.0555,13.0791,15.153,10.2034,4.24935,2.37505,4.60947,-11.1646,-20.8806,-6.2669,-9.31145,6.84279,-1.18877,14.943,14.943,9.96202,4.98101,4.98101,4.98101
18.0603,13.0574,15.1295,10.2017,4.22611,2.36472,4.59645,-11.2528,-21.1934,-6.50668,-10.3844,7.44241,-0.0758275,14.9328,14.9328,9.95518,4.97759,4.97759,4.97759
18.0653,13.0364,15.1107,10.204,4.19832,2.34543,4.57655,-11.1939,-21.7886,-5.69847,-10.836,5.57498,0.1102,14.9212,14.9212,9.94744,4.97372,4.97372,4.97372
18.0702,13.0116,15.107,10.1876,4.17256,2.34112,4.55152,-11.1856,-21.3035,-5.85122,-11.7592,7.12747,-1.62451,14.9089,14.9089,9.93926,4.96963,4.96963,4.96963
18.0754,12.9755,15.0952,10.1538,4.15553,2.33142,4.53959,-11.8257,-21.1595,-6.239,-11.0011,6.31243,-0.998852,14.8949,14.8949,9.92994,4.96497,4.96497,4.96497
18.0807,12.9601,15.0702,10.1156,4.13843,2.32747,4.53376,-11.8064,-22.4799,-6.79103,-12.3042,7.31932,-0.935801,14.8796,14.8796,9.91976,4.95988,4.95988,4.95988
18.0853,12.9655,15.0791,10.098,4.14008,2.31474,4.53115,-11.3629,-21.5399,-6.83389,-10.7098,7.74632,0.161855,14.8656,14.8656,9.91037,4.95518,4.95518,4.95518
18.0904,12.9726,15.0892,10.0903,4.13579,2.29071,4.51773,-11.7758,-19.9316,-5.83639,-10.2075,6.02133,-0.619235,14.849,14.849,9.89935,4.94967,4.94967,4.94967
18.0953,13.0009,15.0669,10.0733,4.12509,2.27718,4.50516,-12.1097,-21.4199,-6.61731,-10.3426,6.84662,-0.903442,14.8322,14.8322,9.88816,4.94408,4.94408,4.94408
18.1003,13.0498,15.0347,10.0564,4.10671,2.2619,4.49697,-11.5007,-20.7557,-6.34823,-10.5436,6.70363,-0.292993,14.8142,14.8142,9.87615,4.93807,4.93807,4.93807
18.1055,13.0902,14.9784,10.0301,4.08472,2.24642,4.48493,-11.6228,-21.2876,-5.5367,-10.8103,6.3459,0.37598,14.7945,14.7945,9.863,4.9315,4.9315,4.9315
18.1104,13.1265,14.9258,9.98515,4.06544,2.23681,4.46409,-11.0163,-20.1649,-6.31582,-11.7394,6.73319,-1.50537,14.775,14.775,9.85001,4.92501,4.92501,4.92501
18.1155,13.1425,14.8576,9.94488,4.05862,2.22709,4.45626,-12.378,-20.7229,-7.15231,-10.1923,4.93526,0.977424,14.7538,14.7538,9.83587,4.91794,4.91794,4.91794
18.1203,13.1864,14.8015,9.93998,4.04779,2.24131,4.43243,-10.8166,-22.676,-7.71736,-11.3611,6.00201,0.586926,14.733,14.733,9.82199,4.91099,4.91099,4.91099
18.1252,13.2017,14.7993,9.97559,4.05147,2.26056,4.40175,-10.7945,-22.6539,-7.70261,-11.3537,6.00938,0.5943,14.7109,14.7109,9.80724,4.90362,4.90362,4.90362
18.1302,13.1871,14.8344,10.0342,4.06811,2.28472,4.36653,-11.4802,-21.342,-7.26269,-9.96316,6.0586,-0.167915,14.6874,14.6874,9.79159,4.8958,4.8958,4.8958
18.1354,13.1783,14.8611,10.0964,4.0775,2.31256,4.33308,-10.6826,-21.8959,-6.70447,-10.1369,5.14806,-0.623138,14.662,14.662,9.77468,4.88734,4.88734,4.88734
18.1402,13.1333,14.8836,10.1403,4.07991,2.34743,4.30921,-11.0838,-21.2018,-6.80531,-10.4351,6.47266,1.74476,14.6377,14.6377,9.75848,4.87924,4.87924,4.87924
18.1455,13.0687,14.8775,10.1731,4.08327,2.38251,4.2695,-10.603,-20.9888,-5.99677,-11.1297,5.21502,-0.829339,14.6099,14.6099,9.73996,4.86998,4.86998,4.86998
18.1502,12.9997,14.8518,10.1758,4.09317,2.41832,4.24312,-8.22135,-24.4305,-4.42691,-13.6797,7.42602,1.05872,14.5844,14.5844,9.72297,4.86148,4.86148,4.86148
18.1553,12.8765,14.893,10.1273,4.12867,2.44412,4.20805,-8.19279,-24.402,-4.40787,-13.6702,7.43554,1.06824,14.5559,14.5559,9.70393,4.85196,4.85196,4.85196
18.1602,12.7429,14.9666,10.0516,4.17153,2.45364,4.17032,-9.77593,-21.458,-6.17594,-13.4951,7.66028,-0.172605,14.5276,14.5276,9.68505,4.84252,4.84252,4.84252
18.1653,12.6143,15.0131,9.97596,4.21899,2.4447,4.13585,-11.3649,-21.6956,-6.96869,-10.1647,6.6851,0.0196839,14.4972,14.4972,9.66479,4.8324,4.8324,4.8324
18.1704,12.5384,15.0307,9.91593,4.25217,2.43206,4.106,-11.4636,-22.7872,-7.58735,-9.30144,5.98344,-0.930357,14.4659,14.4659,9.64391,4.82196,4.82196,4.82196
18.1755,12.5218,15.053,9.88677,4.25474,2.42607,4.09115,-11.3171,-21.8566,-7.29625,-10.276,5.09995,0.835751,14.4336,14.4336,9.62242,4.81121,4.81121,4.81121
18.1805,12.5438,15.0444,9.87185,4.23845,2.43791,4.0695,-11.9859,-21.4971,-7.78453,-8.70853,6.68403,0.184189,14.4011,14.4011,9.60074,4.80037,4.80037,4.80037
18.1854,12.6099,15.001,9.87791,4.20285,2.44565,4.05116,-11.1258,-21.0073,-5.93606,-10.4861,7.13374,0.186817,14.3684,14.3684,9.57893,4.78946,4.78946,4.78946
18.1903,12.6733,14.9396,9.8646,4.16971,2.44156,4.03439,-11.0922,-20.9737,-5.91367,-10.4749,7.14493,0.198008,14.3348,14.3348,9.55654,4.77827,4.77827,4.77827
18.1953,12.7326,14.8639,9.83041,4.13769,2.42839,4.01833,-11.5929,-21.2223,-6.45246,-10.4715,7.39674,-0.35332,14.2997,14.2997,9.53312,4.76656,4.76656,4.76656
18.2005,12.801,14.78,9.79111,4.10526,2.40403,4.00989,-10.7004,-20.1919,-6.36687,-9.58959,7.64933,0.793532,14.2622,14.2622,9.50814,4.75407,4.75407,4.75407
18.2055,12.8366,14.6918,9.75456,4.0699,2.37225,3.99396,-11.2939,-22.0304,-6.99223,-8.9066,6.79224,1.62556,14.2253,14.2253,9.48351,4.74176,4.74176,4.74176
18.2105,12.874,14.6193,9.74114,4.03055,2.34154,3.96469,-10.0623,-22.7176,-7.16558,-9.77995,7.58325,1.07513,14.1875,14.1875,9.45831,4.72915,4.72915,4.72915
18.2155,12.8698,14.568,9.74103,3.99231,2.30698,3.9328,-10.7604,-21.5954,-6.96214,-10.9677,7.43874,1.73386,14.1488,14.1488,9.43252,4.71626,4.71626,4.71626
18.2205,12.86,14.5199,9.75021,3.96626,2.26911,3.89482,-10.7208,-21.5558,-6.93576,-10.9545,7.45193,1.74705,14.1092,14.1092,9.40614,4.70307,4.70307,4.70307
18.2254,12.8462,14.4619,9.75635,3.95115,2.23179,3.85428,-10.3384,-21.398,-6.3367,-10.1133,6.49643,0.617612,14.0696,14.0696,9.37974,4.68987,4.68987,4.68987
18.2305,12.8118,14.3977,9.7491,3.93762,2.19832,3.81468,-10.6115,-21.1865,-6.19576,-9.13047,6.63467,0.325289,14.0275,14.0275,9.35166,4.67583,4.67583,4.67583
18.2353,12.7763,14.3372,9.73128,3.9182,2.16956,3.78193,-10.5711,-21.146,-6.16879,-9.11698,6.64816,0.338776,13.987,13.987,9.32469,4.66234,4.66234,4.66234
18.2404,12.7339,14.2647,9.69598,3.89182,2.14483,3.75222,-11.0433,-22.0281,-6.568,-10.7501,7.03537,-0.251045,13.9432,13.9432,9.29545,4.64773,4.64773,4.64773
18.2455,12.71,14.22,9.67302,3.87943,2.11725,3.73304,-10.9986,-21.9833,-6.53816,-10.7352,7.05029,-0.236127,13.8984,13.8984,9.26561,4.63281,4.63281,4.63281
18.2505,12.7007,14.2026,9.66076,3.8768,2.08916,3.72366,-10.3471,-21.9267,-6.95978,-8.83241,5.73211,-0.560693,13.8537,13.8537,9.23579,4.61789,4.61789,4.61789
18.2553,12.6722,14.1966,9.66315,3.86355,2.07809,3.727,-10.0236,-21.2329,-6.44364,-9.92735,6.04479,0.637932,13.8099,13.8099,9.20662,4.60331,4.60331,4.60331
18.2604,12.6213,14.1801,9.66237,3.8558,2.07217,3.7278,-9.97623,-21.1855,-6.41207,-9.91156,6.06058,0.653715,13.7626,13.7626,9.17505,4.58752,4.58752,4.58752
18.2652,12.5651,14.1381,9.64655,3.84951,2.07586,3.72661,-9.04042,-21.7272,-7.06107,-9.77224,6.0094,1.00004,13.7172,13.7172,9.1448,4.5724,4.5724,4.5724
18.2703,12.4724,14.0889,9.63277,3.84345,2.08373,3.71924,-8.99136,-21.6782,-7.02836,-9.75589,6.02575,1.01639,13.6681,13.6681,9.11209,4.55605,4.55605,4.55605
18.2753,12.3661,14.0271,9.61344,3.83329,2.09887,3.70657,-9.75011,-22.1296,-6.40844,-8.99437,5.78547,0.941631,13.6192,13.6192,9.07946,4.53973,4.53973,4.53973
18.2805,12.2671,13.9794,9.58654,3.81547,2.11774,3.69129,-9.69831,-22.0778,-6.3739,-8.9771,5.80274,0.958898,13.5674,13.5674,9.04492,4.52246,4.52246,4.52246
18.2857,12.1799,13.9494,9.55693,3.7918,2.14044,3.67503,-10.5676,-22.4506,-7.1894,-9.34041,6.41641,0.670107,13.5147,13.5147,9.00979,4.50489,4.50489,4.50489
18.2905,12.1298,13.9365,9.54435,3.76694,2.16069,3.66078,-9.82861,-21.8298,-6.96624,-10.1022,5.67939,1.58083,13.4652,13.4652,8.97682,4.48841,4.48841,4.48841
18.2954,12.084,13.9202,9.53581,3.75075,2.18349,3.63848,-9.77733,-21.7786,-6.93206,-10.0852,5.69648,1.59792,13.414,13.414,8.94264,4.47132,4.47132,4.47132
18.3004,12.0416,13.897,9.52815,3.74395,2.20827,3.61061,-9.7242,-21.7254,-6.89663,-10.0674,5.71419,1.61563,13.3608,13.3608,8.90721,4.45361,4.45361,4.45361
18.3057,12.0072,13.8545,9.51295,3.74383,2.2393,3.57788,-10.0531,-20.6635,-6.52826,-9.07961,7.22367,0.27679,13.3036,13.3036,8.86906,4.43453,4.43453,4.43453
18.3103,11.9927,13.8011,9.49651,3.73988,2.25059,3.5592,-10.0027,-20.6131,-6.49465,-9.06281,7.24047,0.293595,13.2532,13.2532,8.83545,4.41773,4.41773,4.41773
18.3153,11.9869,13.7333,9.47593,3.73301,2.25101,3.54874,-9.61219,-20.8057,-6.81498,-9.036,7.6316,1.86876,13.1976,13.1976,8.79839,4.3992,4.3992,4.3992
18.3203,11.9757,13.6606,9.45971,3.71939,2.2379,3.5283,-9.57943,-21.6792,-6.51823,-9.24076,7.4352,1.58948,13.1412,13.1412,8.7608,4.3804,4.3804,4.3804
18.3252,11.9592,13.6014,9.44135,3.70661,2.2122,3.50383,-9.52338,-21.6231,-6.48085,-9.22207,7.45389,1.60817,13.0851,13.0851,8.72342,4.36171,4.36171,4.36171
18.3305,11.9335,13.5437,9.41552,3.69305,2.178,3.4742,-8.85905,-22.0581,-6.83068,-8.29905,7.41639,1.45479,13.0236,13.0236,8.68242,4.34121,4.34121,4.34121
18.3354,11.8846,13.5079,9.39896,3.66983,2.14327,3.4464,-9.43573,-22.0989,-6.67102,-10.5982,6.76491,3.03893,12.966,12.966,8.64398,4.32199,4.32199,4.32199
18.3402,11.8431,13.4892,9.38488,3.66316,2.10848,3.40852,-9.37849,-22.0417,-6.63286,-10.5792,6.78399,3.05801,12.9087,12.9087,8.60582,4.30291,4.30291,4.30291
18.3452,11.8056,13.4772,9.36867,3.66775,2.07233,3.36397,-9.43235,-20.9017,-5.82765,-9.45778,7.54102,-0.473977,12.8483,12.8483,8.56555,4.28278,4.28278,4.28278
18.3502,11.7638,13.4354,9.32907,3.66865,2.03467,3.33149,-8.51618,-20.5726,-5.96242,-9.12274,6.89902,1.7903,12.7871,12.7871,8.52476,4.26238,4.26238,4.26238
18.3552,11.6987,13.3781,9.2821,3.6665,1.99637,3.29744,-8.4542,-20.5106,-5.9211,-9.10208,6.91968,1.81096,12.7252,12.7252,8.48344,4.24172,4.24172,4.24172
18.3603,11.6243,13.3094,9.22926,3.66094,1.95821,3.26212,-9.09543,-21.0139,-5.86587,-8.77438,6.71752,0.929783,12.6611,12.6611,8.44075,4.22038,4.22038,4.22038
18.3652,11.5673,13.2455,9.17481,3.65164,1.92334,3.23402,-9.41927,-21.5151,-6.36357,-9.47398,7.11088,1.24862,12.5988,12.5988,8.39923,4.19962,4.19962,4.19962
18.3702,11.531,13.191,9.12662,3.64962,1.8869,3.20842,-8.06656,-21.7699,-6.57776,-8.55829,7.38073,1.72547,12.5345,12.5345,8.35635,4.17817,4.17817,4.17817
18.3752,11.468,13.1399,9.08254,3.64036,1.85,3.18218,-8.60429,-21.3305,-5.96797,-9.59644,5.59736,0.248485,12.4694,12.4694,8.31295,4.15648,4.15648,4.15648
18.3802,11.4066,13.0808,9.02715,3.64066,1.82293,3.172,-8.53842,-21.2646,-5.92406,-9.57448,5.61932,0.27044,12.4036,12.4036,8.26904,4.13452,4.13452,4.13452
18.3853,11.3437,13.0106,8.9611,3.64895,1.80894,3.17734,-8.95901,-19.3567,-6.47857,-8.99706,5.85726,1.25358,12.3356,12.3356,8.22372,4.11186,4.11186,4.11186
18.3902,11.3021,12.9232,8.90325,3.65694,1.80865,3.18379,-8.45168,-20.6972,-6.17956,-8.03941,6.31815,2.02079,12.2695,12.2695,8.17969,4.08985,4.08985,4.08985
18.3953,11.2588,12.8331,8.84511,3.65069,1.80573,3.18057,-8.38216,-20.6277,-6.13321,-8.01623,6.34133,2.04397,12.2,12.2,8.13334,4.06667,4.06667,4.06667
18.4002,11.2195,12.7476,8.79191,3.62856,1.80183,3.16756,-7.90486,-20.9541,-5.81858,-7.8364,7.34914,1.34612,12.1325,12.1325,8.08832,4.04416,4.04416,4.04416
18.4054,11.1575,12.6605,8.73232,3.5954,1.78891,3.15441,-8.93167,-20.6808,-6.28651,-7.70461,7.22419,2.32247,12.06,12.06,8.04002,4.02001,4.02001,4.02001
18.4102,11.1205,12.5809,8.68302,3.56135,1.76793,3.13419,-8.86408,-20.6132,-6.24145,-7.68208,7.24672,2.345,11.9924,11.9924,7.99496,3.99748,3.99748,3.99748
18.4152,11.0896,12.4969,8.6341,3.52485,1.74355,3.10914,-9.64399,-21.5782,-6.24837,-7.93989,6.66603,2.13687,11.9213,11.9213,7.94754,3.97377,3.97377,3.97377
18.4203,11.0932,12.4239,8.58871,3.48884,1.71942,3.08145,-9.57067,-21.5049,-6.19949,-7.91545,6.69047,2.16131,11.848,11.848,7.89866,3.94933,3.94933,3.94933
18.4254,11.1208,12.3639,8.54702,3.4526,1.70066,3.05158,-8.67708,-19.2993,-5.70912,-6.53284,6.38396,-0.297999,11.7739,11.7739,7.84928,3.92464,3.92464,3.92464
18.4304,11.1345,12.2842,8.49799,3.41101,1.68812,3.04605,-8.88346,-20.2346,-5.36552,-7.72555,5.76257,0.893933,11.7006,11.7006,7.80037,3.90019,3.90019,3.90019
18.4357,11.137,12.199,8.43399,3.37114,1.68794,3.04548,-7.81204,-19.2105,-6.18887,-8.43629,6.77409,-1.39001,11.622,11.622,7.74801,3.87401,3.87401,3.87401
18.4403,11.0946,12.1207,8.39224,3.34521,1.68435,3.07345,-8.92127,-20.2567,-6.22032,-6.53378,8.32054,1.77934,11.5532,11.5532,7.70213,3.85106,3.85106,3.85106
18.4453,11.0492,12.0421,8.35759,3.31324,1.66202,3.09419,-9.59438,-19.078,-7.30277,-3.77622,5.64642,1.89558,11.4777,11.4777,7.6518,3.8259,3.8259,3.8259
18.4503,11.0285,11.9584,8.35733,3.26729,1.65339,3.10277,-4.71532,-23.0875,-4.29253,-11.0869,6.7234,2.6993,11.4015,11.4015,7.601,3.8005,3.8005,3.8005
18.4553,10.9019,11.9371,8.31597,3.25808,1.64303,3.09257,-4.98119,-23.4086,-4.74077,-9.5543,6.0121,5.13442,11.3246,11.3246,7.54973,3.77486,3.77486,3.77486
18.4602,10.7619,11.9812,8.25672,3.27236,1.63746,3.05237,-6.67815,-20.8149,-5.17913,-9.47928,6.19476,0.357364,11.2485,11.2485,7.49903,3.74952,3.74952,3.74952
18.4653,10.6195,12.0112,8.18993,3.30033,1.63422,3.02204,-7.78817,-19.5451,-5.70901,-6.90242,6.4201,2.61958,11.1687,11.1687,7.4458,3.7229,3.7229,3.7229
18.4703,10.4971,11.9865,8.12743,3.30606,1.63073,2.98785,-5.79829,-19.7065,-5.9176,-8.36649,4.50063,1.42047,11.0897,11.0897,7.39314,3.69657,3.69657,3.69657
18.4755,10.3624,11.9223,8.06691,3.31121,1.65115,2.95936,-7.39386,-19.6945,-5.44853,-8.81083,4.93397,2.94677,11.0068,11.0068,7.33789,3.66895,3.66895,3.66895
18.4803,10.2592,11.8459,8.00672,3.32027,1.68106,2.92678,-7.23791,-20.2793,-5.57057,-7.66731,3.94953,1.01841,10.9297,10.9297,7.28646,3.64323,3.64323,3.64323
18.4853,10.1726,11.7655,7.94622,3.32138,1.72283,2.904,-7.82275,-20.9351,-5.60851,-7.20146,5.94718,1.90654,10.8487,10.8487,7.23244,3.61622,3.61622,3.61622
18.4902,10.1243,11.695,7.89155,3.30937,1.76066,2.88332,-6.66707,-20.4965,-6.18424,-7.76266,5.74202,0.889942,10.7686,10.7686,7.17908,3.58954,3.58954,3.58954
18.4952,10.0676,11.6246,7.85069,3.29232,1.79674,2.87671,-7.31363,-21.8168,-4.94222,-7.42057,6.34079,2.01863,10.6863,10.6863,7.12418,3.56209,3.56209,3.56209
18.5003,10.0284,11.5782,7.79668,3.26806,1.82603,2.8691,-5.83026,-19.7976,-5.50232,-7.07771,6.13717,2.27041,10.6016,10.6016,7.06773,3.53387,3.53387,3.53387
18.5053,9.95312,11.5141,7.74492,3.23819,1.8461,2.85841,-5.74659,-19.7139,-5.44655,-7.04982,6.16506,2.2983,10.5179,10.5179,7.01196,3.50598,3.50598,3.50598
18.5102,9.85955,11.4405,7.69481,3.20523,1.86232,2.84557,-6.14465,-21.7825,-5.60673,-6.28536,7.02886,2.41692,10.4353,10.4353,6.95687,3.47844,3.47844,3.47844
18.5153,9.76192,11.3856,7.64533,3.16479,1.86078,2.82861,-6.05799,-21.6959,-5.54896,-6.25647,7.05775,2.44581,10.3487,10.3487,6.8991,3.44955,3.44955,3.44955
18.5204,9.66475,11.3514,7.59784,3.12049,1.84513,2.80814,-6.39225,-20.2453,-5.11455,-8.96804,4.8016,1.68004,10.2613,10.2613,6.84089,3.42044,3.42044,3.42044
18.5253,9.58074,11.3023,7.54579,3.08953,1.84671,2.79316,-6.78448,-20.9645,-4.6423,-7.92971,6.42781,1.65853,10.1768,10.1768,6.78455,3.39227,3.39227,3.39227
18.5303,9.51493,11.2558,7.48146,3.06393,1.84263,2.78254,-5.72838,-21.5475,-6.2543,-7.21352,5.84404,2.2174,10.09,10.09,6.72664,3.36332,3.36332,3.36332
18.5352,9.43559,11.2247,7.43857,3.03658,1.84022,2.76937,-5.55991,-20.2797,-4.99331,-7.6983,6.67576,2.99946,10.0042,10.0042,6.66949,3.33474,3.33474,3.33474
18.5402,9.3458,11.1797,7.38856,3.01293,1.82906,2.74703,-4.9872,-20.1404,-5.04744,-6.88234,7.15222,2.1263,9.91614,9.91614,6.61076,3.30538,3.30538,3.30538
18.5453,9.23882,11.1154,7.32985,2.98543,1.80464,2.72659,-6.19298,-18.667,-5.21075,-6.72798,6.4869,1.04694,9.82566,9.82566,6.55044,3.27522,3.27522,3.27522
18.5503,9.15761,11.0299,7.27258,2.95525,1.77806,2.72286,-5.26444,-20.063,-4.24415,-7.17845,6.05299,3.28747,9.73634,9.73634,6.4909,3.24545,3.24545,3.24545
18.5552,9.0709,10.9446,7.20091,2.92687,1.75547,2.70638,-5.92099,-19.8016,-5.06111,-6.29624,5.99128,1.3876,9.64823,9.64823,6.43215,3.21608,3.21608,3.21608
18.5604,8.99871,10.8518,7.12587,2.89064,1.73414,2.70153,-6.1066,-19.5538,-4.54483,-8.01194,4.83862,4.73098,9.5541,9.5541,6.3694,3.1847,3.1847,3.1847
18.5654,8.95257,10.7622,7.05263,2.8651,1.73068,2.67152,-5.47176,-20.4792,-4.45273,-6.49945,5.00975,3.56075,9.46298,9.46298,6.30865,3.15433,3.15433,3.15433
18.5705,8.90239,10.678,6.97734,2.834,1.73859,2.63674,-5.64614,-19.8143,-4.58893,-7.37079,5.55429,3.51741,9.36944,9.36944,6.2463,3.12315,3.12315,3.12315
18.5754,8.85863,10.5969,6.90561,2.80866,1.74928,2.60008,-4.87015,-18.5616,-5.04068,-8.06928,5.79972,3.7794,9.27901,9.27901,6.186,3.093,3.093,3.093
18.5804,8.79396,10.5073,6.84189,2.79612,1.75869,2.55925,-5.20282,-20.2418,-4.68618,-6.73009,6.42683,1.43399,9.18616,9.18616,6.1241,3.06205,3.06205,3.06205
18.5855,8.72953,10.4215,6.7778,2.77932,1.75872,2.52928,-5.35969,-19.3861,-4.86719,-7.36901,6.66559,3.26251,9.09087,9.09087,6.06058,3.03029,3.03029,3.03029
18.5904,8.67663,10.339,6.72282,2.76657,1.7472,2.49702,-4.81842,-20.2869,-3.77333,-6.03835,6.49757,3.27665,8.99876,8.99876,5.99918,2.99959,2.99959,2.99959
18.5956,8.60563,10.259,6.65056,2.74264,1.72762,2.46063,-4.3261,-18.6992,-4.51661,-6.56033,6.72079,3.15211,8.90044,8.90044,5.93363,2.96681,2.96681,2.96681
18.6002,8.5227,10.1795,6.58819,2.71972,1.70353,2.42816,-4.40017,-20.4202,-3.53869,-6.36558,6.79134,3.46278,8.81297,8.81297,5.87531,2.93766,2.93766,2.93766
18.6052,8.43097,10.1025,6.51113,2.69291,1.67141,2.39163,-4.17848,-20.4665,-5.00066,-7.35215,6.76525,3.34561,8.71736,8.71736,5.81158,2.90579,2.90579,2.90579
18.6103,8.33198,10.0352,6.44382,2.67107,1.63546,2.3545,-3.30029,-19.3952,-4.25185,-7.32774,6.45846,4.14006,8.61929,8.61929,5.7462,2.8731,2.8731,2.8731
18.6153,8.21697,9.9628,6.37637,2.6573,1.59968,2.31352,-4.34227,-19.4679,-3.66489,-5.34143,6.53209,3.82453,8.52261,8.52261,5.68174,2.84087,2.84087,2.84087
18.6207,8.10221,9.87808,6.29253,2.62791,1.55953,2.26756,-4.23726,-19.3629,-3.59489,-5.30643,6.56709,3.85953,8.4176,8.4176,5.61174,2.80587,2.80587,2.80587
18.6252,8.01254,9.80333,6.2175,2.59492,1.5264,2.22803,-3.82227,-17.5965,-4.96789,-7.7197,6.16586,2.84558,8.32963,8.32963,5.55309,2.77654,2.77654,2.77654
18.6302,7.90933,9.70812,6.142,2.57196,1.49442,2.18636,-4.20866,-19.2792,-4.0455,-7.32264,7.00176,2.77896,8.2314,8.2314,5.4876,2.7438,2.7438,2.7438
18.6352,7.81607,9.61301,6.06489,2.5591,1.45764,2.14858,-4.10992,-19.1805,-3.97968,-7.28973,7.03467,2.81187,8.13266,8.13266,5.42178,2.71089,2.71089,2.71089
18.6403,7.72917,9.51665,5.98723,2.55456,1.41898,2.1148,-1.03005,-22.8734,-2.54951,-8.39862,7.0353,4.86594,8.03143,8.03143,5.35429,2.67714,2.67714,2.67714
18.6453,7.59925,9.46026,5.89959,2.5681,1.37773,2.07408,-0.930306,-22.7737,-2.48301,-8.36538,7.06854,4.89918,7.93169,7.93169,5.28779,2.6439,2.6439,2.6439
18.6504,7.45513,9.47274,5.80561,2.59375,1.334,2.02902,-3.67668,-19.3421,-3.5539,-6.86573,6.64723,3.22759,7.82944,7.82944,5.21963,2.60981,2.60981,2.60981
18.6552,7.33761,9.45607,5.72008,2.61077,1.29417,1.99023,-4.40345,-18.9697,-4.42785,-5.35966,6.43106,3.24326,7.73275,7.73275,5.15517,2.57758,2.57758,2.57758
18.6603,7.2591,9.3959,5.63546,2.60651,1.25268,1.95433,-4.30024,-18.8664,-4.35904,-5.32526,6.46546,3.27766,7.62954,7.62954,5.08636,2.54318,2.54318,2.54318
18.6653,7.23036,9.31372,5.55835,2.58434,1.21406,1.92545,-3.08749,-17.8192,-3.88371,-4.85253,6.23439,3.99879,7.52787,7.52787,5.01858,2.50929,2.50929,2.50929
18.6702,7.19185,9.22188,5.48502,2.54829,1.17864,1.89607,-3.30655,-18.9444,-3.70622,-6.49173,5.93655,4.44615,7.42779,7.42779,4.95186,2.47593,2.47593,2.47593
18.6752,7.15051,9.12717,5.41028,2.51482,1.14661,1.86209,-2.12047,-18.7512,-4.28155,-4.14742,5.7389,3.30458,7.32521,7.32521,4.88347,2.44174,2.44174,2.44174
18.6803,7.06894,9.02934,5.34162,2.47095,1.11787,1.83268,-2.98067,-19.5523,-3.29607,-7.05178,4.63958,3.65426,7.22011,7.22011,4.81341,2.4067,2.4067,2.4067
18.6852,6.99333,8.93881,5.27067,2.43734,1.1006,1.80614,-2.87926,-19.4509,-3.22846,-7.01798,4.67338,3.68806,7.1187,7.1187,4.7458,2.3729,2.3729,2.3729
18.6902,6.91715,8.85163,5.19785,2.41413,1.09385,1.78042,-2.5153,-18.4093,-4.05788,-5.86554,3.60678,3.88002,7.01478,7.01478,4.67652,2.33826,2.33826,2.33826
18.6953,6.83265,8.76127,5.13462,2.39154,1.10055,1.75234,-2.40886,-18.3028,-3.98692,-5.83006,3.64226,3.9155,6.90834,6.90834,4.60556,2.30278,2.30278,2.30278
18.7001,6.74842,8.67557,5.08608,2.37195,1.11654,1.72378,-2.1822,-18.1117,-2.08694,-6.06977,2.92231,3.96559,6.80776,6.80776,4.53851,2.26925,2.26925,2.26925
18.7052,6.65017,8.58072,5.00856,2.35394,1.14521,1.69253,-2.09066,-16.3929,-4.1493,-4.60157,2.16319,4.58095,6.70046,6.70046,4.46698,2.23349,2.23349,2.23349
18.7102,6.54971,8.48132,4.943,2.32293,1.18239,1.65805,-2.62728,-17.9224,-2.65769,-6.23065,1.03091,4.69067,6.59486,6.59486,4.39657,2.19829,2.19829,2.19829
18.7152,6.46008,8.38177,4.86755,2.29789,1.22663,1.61975,-1.28804,-17.903,-3.51915,-5.11063,1.10765,4.63493,6.48884,6.48884,4.32589,2.16295,2.16295,2.16295
18.7202,6.3529,8.28225,4.79755,2.26861,1.27304,1.57928,-1.92235,-18.4703,-2.53279,-3.71724,0.406205,4.93536,6.38243,6.38243,4.25495,2.12748,2.12748,2.12748
18.7252,6.24904,8.18366,4.71884,2.22884,1.32004,1.5371,-1.81554,-18.3635,-2.46158,-3.68163,0.441808,4.97097,6.27562,6.27562,4.18374,2.09187,2.09187,2.09187
18.7302,6.14664,8.08605,4.63593,2.18453,1.36591,1.49413,-1.26706,-16.8261,-3.26583,-4.94586,0.9081,3.8475,6.16842,6.16842,4.11228,2.05614,2.05614,2.05614
18.7352,6.03923,7.98643,4.55822,2.14307,1.40545,1.45555,-2.28238,-17.9281,-3.56613,-5.0756,0.894279,3.40312,6.06084,6.06084,4.04056,2.02028,2.02028,2.02028
18.7404,5.95152,7.88347,4.4872,2.10359,1.4299,1.42291,-1.87067,-16.89,-2.98968,-6.25534,0.608784,6.62834,5.94857,5.94857,3.96571,1.98286,1.98286,1.98286
18.7454,5.87709,7.78337,4.41946,2.07601,1.43209,1.37962,-0.458195,-17.869,-2.47647,-5.38295,-0.149985,4.80973,5.84024,5.84024,3.89349,1.94675,1.94675,1.94675
18.7503,5.77446,7.68626,4.34807,2.05166,1.41809,1.33721,-0.35168,-17.7625,-2.40546,-5.34744,-0.11448,4.84524,5.73372,5.73372,3.82248,1.91124,1.91124,1.91124
18.7552,5.65768,7.59046,4.27466,2.02975,1.39043,1.29442,-0.244826,-17.6557,-2.33422,-5.31182,-0.0788619,4.88086,5.62687,5.62687,3.75124,1.87562,1.87562,1.87562
18.7603,5.5286,7.49258,4.19888,2.01014,1.35503,1.24931,-0.334195,-18.1548,-2.93491,-4.81923,0.0245682,4.90977,5.5153,5.5153,3.67686,1.83843,1.83843,1.83843
18.7656,5.39468,7.39574,4.12776,1.98634,1.3111,1.20253,-0.217875,-18.0385,-2.85737,-4.78046,0.0633416,4.94854,5.39898,5.39898,3.59932,1.79966,1.79966,1.79966
18.7705,5.27317,7.31162,4.06803,1.96083,1.26743,1.15964,0.760739,-18.5177,-2.53256,-5.00946,0.48018,4.28898,5.2911,5.2911,3.5274,1.7637,1.7637,1.7637
18.7753,5.14558,7.23452,4.00568,1.93449,1.22283,1.12088,-0.248304,-16.4141,-2.60821,-4.48561,-0.950055,4.98671,5.18512,5.18512,3.45675,1.72837,1.72837,1.72837
18.7802,5.02093,7.14422,3.93748,1.90426,1.17849,1.08145,-0.139815,-16.3056,-2.53588,-4.44945,-0.913892,5.02287,5.07663,5.07663,3.38442,1.69221,1.69221,1.69221
18.7854,4.89349,7.04313,3.86122,1.87094,1.13312,1.03961,-0.430175,-15.6347,-1.88834,-4.94088,-1.89384,4.61424,4.96117,4.96117,3.30745,1.65372,1.65372,1.65372
18.7905,4.7808,6.94033,3.7771,1.84051,1.09818,1.00103,0.034046,-16.6361,-1.51794,-4.52215,-0.233111,4.53617,4.84761,4.84761,3.23174,1.61587,1.61587,1.61587
18.7954,4.67422,6.84128,3.69055,1.80709,1.06037,0.966871,0.143447,-16.5267,-1.44501,-4.48568,-0.196644,4.57264,4.73821,4.73821,3.15881,1.5794,1.5794,1.5794
18.8003,4.56802,6.74222,3.60207,1.77066,1.02035,0.935275,-0.704292,-17.7329,-2.89759,-4.39116,-0.292564,5.3544,4.62853,4.62853,3.08569,1.54284,1.54284,1.54284
18.8053,4.48234,6.64294,3.52129,1.7332,0.977945,0.899888,-0.355689,-17.6168,-1.88647,-4.51936,-0.586363,3.99248,4.51633,4.51633,3.01089,1.50544,1.50544,1.50544
18.8106,4.40286,6.5404,3.43593,1.69419,0.93308,0.869653,0.965249,-16.7017,-2.81017,-3.59366,-0.00841691,3.48574,4.39709,4.39709,2.93139,1.4657,1.4657,1.4657
18.8153,4.30988,6.45003,3.37272,1.65497,0.89184,0.855224,-0.122576,-16.5918,-2.11042,-4.26213,0.109715,5.62419,4.2911,4.2911,2.86073,1.43037,1.43037,1.43037
18.8205,4.2218,6.34907,3.29924,1.61224,0.844434,0.827287,-0.00503211,-16.4743,-2.03206,-4.22294,0.148896,5.66338,4.17355,4.17355,2.78237,1.39118,1.39118,1.39118
18.8254,4.15075,6.25266,3.22674,1.57239,0.798915,0.793232,0.574845,-15.784,-1.01128,-4.88974,-0.915338,4.0361,4.06254,4.06254,2.70836,1.35418,1.35418,1.35418
18.8304,4.07247,6.15283,3.14275,1.53628,0.754626,0.764603,0.408636,-17.0062,-3.52928,-4.64489,-0.844375,6.24331,3.949,3.949,2.63267,1.31633,1.31633,1.31633
18.8352,3.99989,6.05789,3.08196,1.50529,0.714145,0.727802,1.61711,-15.9001,-1.15538,-3.92125,-1.01497,5.94851,3.83979,3.83979,2.55986,1.27993,1.27993,1.27993
18.8406,3.88884,5.95043,3.00121,1.47234,0.672619,0.683651,1.99635,-17.1166,-2.00125,-4.01268,-0.410885,4.68132,3.71665,3.71665,2.47777,1.23888,1.23888,1.23888
18.8457,3.76608,5.85087,2.92631,1.4427,0.63253,0.647583,2.11288,-17,-1.92356,-3.97384,-0.372039,4.72016,3.60012,3.60012,2.40008,1.20004,1.20004,1.20004
18.8503,3.64918,5.76306,2.86006,1.41693,0.596273,0.620333,1.50899,-15.5985,-1.52731,-4.60114,-0.742656,4.31642,3.49481,3.49481,2.32987,1.16494,1.16494,1.16494
18.8553,3.52534,5.66643,2.78768,1.39849,0.559068,0.600039,1.52911,-16.386,-1.27112,-4.03299,-2.47635,5.45589,3.38013,3.38013,2.25342,1.12671,1.12671,1.12671
18.8603,3.40589,5.57107,2.71105,1.38195,0.536912,0.57629,1.64399,-16.2711,-1.19453,-3.9947,-2.43806,5.49418,3.26525,3.26525,2.17683,1.08842,1.08842,1.08842
18.8654,3.28736,5.47508,2.63094,1.36804,0.53352,0.549,1.62742,-16.3902,-1.93764,-3.98041,-1.52125,5.64095,3.14786,3.14786,2.09857,1.04929,1.04929,1.04929
18.8706,3.17134,5.37792,2.55464,1.35274,0.536495,0.518504,1.70004,-15.8882,-1.82427,-3.13728,-2.508,5.772,3.02796,3.02796,2.01864,1.00932,1.00932,1.00932
18.8756,3.06613,5.28255,2.48245,1.32418,0.555562,0.486587,1.81551,-15.7727,-1.74729,-3.09879,-2.46951,5.81049,2.91249,2.91249,1.94166,0.970829,0.970829,0.970829
18.8805,2.96862,5.18763,2.4124,1.28785,0.584875,0.45355,1.92885,-15.4189,-0.961128,-3.78137,-0.568729,5.60815,2.79915,2.79915,1.8661,0.933049,0.933049,0.933049
18.8854,2.87614,5.09174,2.33721,1.25164,0.604871,0.420503,1.20708,-17.1493,-1.83223,-2.60917,-0.704773,4.08107,2.68564,2.68564,1.79043,0.895213,0.895213,0.895213
18.8903,2.80567,4.99985,2.26691,1.21027,0.615289,0.399698,1.32075,-17.0357,-1.75645,-2.57128,-0.666884,4.11896,2.57197,2.57197,1.71465,0.857324,0.857324,0.857324
18.8954,2.74767,4.90981,2.19912,1.16493,0.619521,0.390122,2.75911,-15.3058,-0.77459,-3.83176,-1.72036,5.24312,2.45351,2.45351,1.63567,0.817835,0.817835,0.817835
18.9004,2.65871,4.81743,2.12325,1.1243,0.626972,0.377328,2.87541,-15.1895,-0.697059,-3.79299,-1.68159,5.28189,2.33721,2.33721,1.55814,0.779069,0.779069,0.779069
18.9055,2.55001,4.72101,2.04146,1.08835,0.637347,0.360902,1.00054,-13.4198,-1.13202,-3.85276,1.256,4.55972,2.21844,2.21844,1.47896,0.739479,0.739479,0.739479
18.9104,2.4833,4.62351,1.96603,1.05882,0.614605,0.350723,2.47803,-13.4317,0.133358,-3.5994,-0.577196,6.49392,2.10419,2.10419,1.40279,0.701396,0.701396,0.701396
18.9155,2.39851,4.5202,1.87819,1.03328,0.586153,0.323479,2.36068,-14.8177,-1.70172,-3.19539,-0.206314,6.27693,1.98514,1.98514,1.32343,0.661714,0.661714,0.661714
18.9204,2.31301,4.42109,1.80404,1.00813,0.553097,0.289127,3.26317,-13.6551,-1.15932,-4.33299,-0.366869,4.75845,1.87065,1.87065,1.2471,0.623549,0.623549,0.623549
18.9254,2.20574,4.31921,1.73194,0.994578,0.518104,0.258703,3.5062,-15.13,-2.14934,-3.28385,0.351073,4.73119,1.7537,1.7537,1.16913,0.584567,0.584567,0.584567
18.9303,2.08723,4.2201,1.68118,0.977768,0.478237,0.232741,3.62091,-15.0153,-2.07287,-3.24561,0.38931,4.76943,1.63899,1.63899,1.09266,0.54633,0.54633,0.54633
18.9355,1.95374,4.1161,1.64951,0.957334,0.433057,0.207662,2.86019,-12.8328,0.399319,-0.911436,-1.47448,6.06032,1.51715,1.51715,1.01143,0.505716,0.505716,0.505716
18.9404,1.83605,4.01686,1.58745,0.919023,0.395767,0.174658,2.96722,-14.8888,-0.105098,-1.83361,0.137026,7.62215,1.40224,1.40224,0.934828,0.467414,0.467414,0.467414
18.9453,1.72386,3.919,1.5174,0.876373,0.355462,0.131623,6.32483,-16.0505,0.270431,-3.70796,-1.29848,7.8178,1.28725,1.28725,0.858169,0.429084,0.429084,0.429084
18.9503,1.58034,3.8227,1.43467,0.838352,0.319581,0.0839359,4.22796,-13.5572,0.641307,-2.84083,-1.30075,7.09517,1.16984,1.16984,0.779893,0.389947,0.389947,0.389947
18.9552,1.44124,3.72635,1.34709,0.803944,0.289783,0.036462,4.05548,-14.2104,0.488164,-2.14005,1.15539,5.93295,1.0547,1.0547,0.703136,0.351568,0.351568,0.351568
18.9603,1.30012,3.62594,1.25306,0.767569,0.247286,-0.0112711,3.91534,-14.516,-0.911622,-3.27584,0.375639,5.17804,0.934803,0.934803,0.623202,0.311601,0.311601,0.311601
18.9653,1.16791,3.52708,1.16463,0.73921,0.203548,-0.0538219,3.75715,-14.5008,-0.810226,-3.03792,-2.06916,5.4822,0.817195,0.817195,0.544796,0.272398,0.272398,0.272398
18.9704,1.0446,3.42646,1.07909,0.713571,0.168314,-0.092111,4.4327,-13.9868,0.469442,-1.97119,-0.604994,3.97385,0.697182,0.697182,0.464788,0.232394,0.232394,0.232394
18.9754,0.925331,3.32688,0.989321,0.682622,0.1346,-0.10936,3.99092,-13.8021,-0.29645,-0.76448,0.67624,8.1034,0.57948,0.57948,0.38632,0.19316,0.19316,0.19316
18.9803,0.820001,3.22834,0.902213,0.642632,0.0952478,-0.144088,3.91324,-14.3526,-0.273867,-3.07754,0.549101,5.58334,0.464096,0.464096,0.309397,0.154699,0.154699,0.154699
18.9855,0.720371,3.12368,0.810149,0.606257,0.0503492,-0.173737,4.17362,-13.0363,0.250864,-1.63739,1.11157,6.23689,0.341619,0.341619,0.227746,0.113873,0.113873,0.113873
18.9903,0.631377,3.02601,0.72293,0.567355,0.00558197,-0.201152,4.2867,-12.9232,0.326249,-1.5997,1.14926,6.27458,0.228542,0.228542,0.152361,0.0761807,0.0761807,0.0761807
18.9953,0.537986,2.92367,0.631108,0.52418,-0.0425265,-0.230138,4.8379,-14.4484,-0.420767,-2.45467,1.23821,6.47117,0.11074,0.11074,0.0738268,0.0369134,0.0369134,0.0369134
19.0002,0.440177,2.82387,0.544723,0.483054,-0.0907693,-0.259766,3.97623,-12.7018,-0.187048,-2.81363,-0.0232692,5.61541,-0.00471239,-0.00471239,-0.00314159,-0.0015708,-0.0015708,-0.0015708
19.0054,0.35215,2.7174,0.45557,0.443876,-0.141382,-0.284636,5.00495,-13.8086,0.101542,-2.15179,-1.67155,6.84857,-0.127233,-0.127233,-0.084822,-0.042411,-0.042411,-0.042411
19.0104,0.254397,2.61545,0.372083,0.406934,-0.185632,-0.314282,5.11093,-13.6553,0.518656,-1.60744,0.214158,6.1178,-0.245033,-0.245033,-0.163356,-0.0816778,-0.0816778,-0.0816778
19.0156,0.145081,2.50975,0.28329,0.367763,-0.231781,-0.34261,5.89929,-13.1349,0.56688,-2.03029,0.41231,6.85415,-0.36753,-0.36753,-0.24502,-0.12251,-0.12251,-0.12251
19.0202,0.0347624,2.41606,0.203063,0.334634,-0.273145,-0.372717,5.19205,-13.4717,0.398758,-3.79094,0.556064,7.37878,-0.475871,-0.475871,-0.317248,-0.158624,-0.158624,-0.158624
19.0253,-0.0840622,2.31243,0.114983,0.313455,-0.319881,-0.411665,5.31214,-13.3516,0.478817,-3.75091,0.596093,7.41881,-0.59596,-0.59596,-0.397307,-0.198653,-0.198653,-0.198653
19.0302,-0.194306,2.21319,0.0322658,0.308284,-0.365368,-0.452569,5.99484,-12.5074,1.25168,-2.69402,-0.168619,6.66238,-0.711304,-0.711304,-0.474203,-0.237101,-0.237101,-0.237101
19.0354,-0.31638,2.10752,-0.0597493,0.303989,-0.412448,-0.494887,4.97066,-12.7948,0.865095,-2.43795,0.294448,6.06561,-0.833663,-0.833663,-0.555775,-0.277888,-0.277888,-0.277888
19.0402,-0.412032,2.01001,-0.144578,0.29621,-0.455916,-0.529231,6.19858,-13.9505,-0.0795594,-1.73792,0.33208,6.64972,-0.946561,-0.946561,-0.631041,-0.31552,-0.31552,-0.31552
19.0453,-0.524935,1.90761,-0.22657,0.28024,-0.502123,-0.565624,5.38076,-13.1333,0.68589,-1.48267,-0.878235,7.07057,-1.06646,-1.06646,-0.71097,-0.355485,-0.355485,-0.355485
19.0503,-0.626596,1.80731,-0.3081,0.255262,-0.54255,-0.603565,7.23971,-13.201,1.23446,-1.89892,0.146244,5.12252,-1.18393,-1.18393,-0.789289,-0.394644,-0.394644,-0.394644
19.0552,-0.748841,1.70963,-0.390969,0.228985,-0.582181,-0.629001,5.84575,-13.3026,-0.0703265,-1.23956,-0.0969233,6.61816,-1.29899,-1.29899,-0.865993,-0.432997,-0.432997,-0.432997
19.0602,-0.862942,1.61112,-0.464451,0.196408,-0.621654,-0.656146,6.24282,-13.5242,0.919131,-1.20873,-0.786455,8.58651,-1.41632,-1.41632,-0.944211,-0.472105,-0.472105,-0.472105
19.0652,-0.974336,1.51388,-0.541296,0.160989,-0.655247,-0.696634,6.49795,-12.8907,1.53651,-1.2773,1.58758,7.79758,-1.53355,-1.53355,-1.02237,-0.511185,-0.511185,-0.511185
19.0702,-1.08552,1.41594,-0.626724,0.123745,-0.69742,-0.740344,6.556,-11.7611,0.588416,-2.13249,-0.724887,5.83287,-1.6507,-1.6507,-1.10047,-0.550233,-0.550233,-0.550233
19.0752,-1.19654,1.31639,-0.706525,0.0908835,-0.734669,-0.778071,6.24358,-10.6591,1.89118,-0.735553,-1.85335,7.47821,-1.76774,-1.76774,-1.17849,-0.589247,-0.589247,-0.589247
19.0805,-1.30445,1.2088,-0.798027,0.050633,-0.757014,-0.820652,6.59999,-11.8944,1.12109,-1.43944,-0.884678,6.48452,-1.89169,-1.89169,-1.26112,-0.630562,-0.630562,-0.630562
19.0853,-1.40352,1.11112,-0.879555,0.0146587,-0.769688,-0.854874,6.92883,-12.4718,0.961774,-0.623738,0.0303818,7.4741,-2.00383,-2.00383,-1.33588,-0.667942,-0.667942,-0.667942
19.0905,-1.51732,1.0056,-0.965016,-0.0281142,-0.78839,-0.8941,6.42766,-11.0738,1.60489,-1.21257,-1.26225,7.42347,-2.12518,-2.12518,-1.41679,-0.708394,-0.708394,-0.708394
19.0955,-1.61609,0.903344,-1.05077,-0.0690228,-0.793956,-0.932906,6.99732,-11.4498,2.02953,0.0682853,0.424325,7.04833,-2.24174,-2.24174,-1.49449,-0.747245,-0.747245,-0.747245
19.1002,-1.71183,0.807154,-1.13422,-0.111609,-0.809875,-0.968467,7.07917,-11.9943,0.509907,-2.26332,-0.764636,8.08668,-2.35117,-2.35117,-1.56745,-0.783724,-0.783724,-0.783724
19.1053,-1.81816,0.703224,-1.21362,-0.151309,-0.823628,-1.0109,7.41842,-11.2887,2.44908,-0.186902,-1.46202,7.04982,-2.46978,-2.46978,-1.64652,-0.823258,-0.823258,-0.823258
19.1104,-1.9315,0.598984,-1.30301,-0.194767,-0.822709,-1.05104,7.62354,-11.8637,2.24798,-1.33146,-0.29646,7.1307,-2.58822,-2.58822,-1.72548,-0.86274,-0.86274,-0.86274
19.1155,-2.04916,0.495031,-1.39503,-0.235586,-0.825897,-1.08949,6.46132,-11.2214,1.82941,-0.257033,0.0741666,6.29245,-2.7065,-2.7065,-1.80433,-0.902167,-0.902167,-0.902167
19.1205,-2.14399,0.392889,-1.48509,-0.278473,-0.837196,-1.12045,8.18857,-10.5816,1.64118,-0.408876,0.535044,6.98516,-2.82229,-2.82229,-1.88153,-0.940764,-0.940764,-0.940764
19.1255,-2.25754,0.290419,-1.57223,-0.32234,-0.860735,-1.14916,7.68167,-10.6039,2.26584,-0.130217,0.739183,9.49114,-2.93791,-2.93791,-1.95861,-0.979303,-0.979303,-0.979303
19.1303,-2.36523,0.19187,-1.65708,-0.366196,-0.892091,-1.18922,8.02495,-11.1708,2.07429,-0.416196,0.362124,6.67148,-3.04873,-3.04873,-2.03249,-1.01624,-1.01624,-1.01624
19.1353,-2.47982,0.0894415,-1.7441,-0.411634,-0.927669,-1.22489,8.22689,-11.5992,1.173,0.781422,-0.129378,8.4487,-3.16399,-3.16399,-2.10932,-1.05466,-1.05466,-1.05466
19.1404,-2.59834,-0.0145325,-1.82348,-0.460101,-0.96278,-1.2663,7.38289,-10.8357,2.08306,-0.876858,-0.214458,8.58718,-3.28135,-3.28135,-2.18756,-1.09378,-1.09378,-1.09378
19.1454,-2.69872,-0.116563,-1.90333,-0.504675,-0.995098,-1.30992,8.8334,-11.9265,2.80753,-1.05385,0.502787,8.17835,-3.3962,-3.3962,-2.26413,-1.13207,-1.13207,-1.13207
19.1506,-2.82014,-0.222009,-1.99428,-0.54645,-1.03164,-1.35608,9.18903,-13.4975,2.29346,0.0705685,0.0540085,8.73145,-3.51543,-3.51543,-2.34362,-1.17181,-1.17181,-1.17181
19.1553,-2.93871,-0.31392,-2.07643,-0.58666,-1.06422,-1.39942,9.50541,-10.7068,1.89491,0.0153419,0.520422,8.3533,-3.62299,-3.62299,-2.41532,-1.20766,-1.20766,-1.20766
19.1603,-3.07095,-0.413617,-2.16255,-0.630134,-1.10087,-1.44538,8.41791,-10.3877,2.51863,0.343211,-0.956749,8.68117,-3.73719,-3.73719,-2.49146,-1.24573,-1.24573,-1.24573
19.1653,-3.19234,-0.514862,-2.25155,-0.674852,-1.1286,-1.49166,8.53189,-10.2737,2.59462,0.381204,-0.918756,8.71916,-3.85117,-3.85117,-2.56745,-1.28372,-1.28372,-1.28372
19.1703,-3.30162,-0.617011,-2.34207,-0.720043,-1.14725,-1.53807,8.90567,-8.81649,1.56484,0.195558,1.52036,7.73864,-3.96491,-3.96491,-2.64328,-1.32164,-1.32164,-1.32164
19.1755,-3.41386,-0.724312,-2.42959,-0.76669,-1.18276,-1.58396,8.56272,-10.9876,1.2088,0.0527414,0.764821,8.31618,-4.08294,-4.08294,-2.72196,-1.36098,-1.36098,-1.36098
19.1806,-3.5137,-0.82944,-2.50459,-0.81207,-1.22103,-1.62793,8.67822,-10.8721,1.2858,0.0912402,0.80332,8.35468,-4.19844,-4.19844,-2.79896,-1.39948,-1.39948,-1.39948
19.1853,-3.59879,-0.926213,-2.56316,-0.853807,-1.25807,-1.66744,9.17054,-10.1316,2.99516,0.27568,-0.54404,8.03404,-4.30464,-4.30464,-2.86976,-1.43488,-1.43488,-1.43488
19.1903,-3.69414,-1.02925,-2.63891,-0.89865,-1.29166,-1.70695,8.40858,-10.4167,2.11309,0.321533,1.21577,6.96209,-4.41736,-4.41736,-2.94491,-1.47245,-1.47245,-1.47245
19.1953,-3.77528,-1.13214,-2.71136,-0.943785,-1.33069,-1.73696,9.16719,-10.5368,2.38869,0.0112562,-0.435864,5.96458,-4.52981,-4.52981,-3.01987,-1.50994,-1.50994,-1.50994
19.2003,-3.86327,-1.23474,-2.78294,-0.988275,-1.36387,-1.74474,9.4803,-9.02192,2.79578,-0.381914,0.619966,8.76749,-4.64198,-4.64198,-3.09465,-1.54733,-1.54733,-1.54733
19.2053,-3.9621,-1.33771,-2.859,-1.03065,-1.39902,-1.76396,8.8751,-9.63104,3.19223,1.32794,-0.8083,9.8729,-4.75386,-4.75386,-3.16924,-1.58462,-1.58462,-1.58462
19.2102,-4.04893,-1.43868,-2.94009,-1.07572,-1.42344,-1.79912,10.4147,-8.20578,2.81579,0.379073,-0.540007,8.86607,-4.86322,-4.86322,-3.24215,-1.62107,-1.62107,-1.62107
19.2153,-4.16409,-1.54425,-3.02448,-1.12181,-1.44147,-1.83891,9.36984,-8.68326,2.89982,-0.129568,-0.162688,8.09247,-4.97674,-4.97674,-3.31782,-1.65891,-1.65891,-1.65891
19.2204,-4.27272,-1.64994,-3.10728,-1.16504,-1.45863,-1.87694,8.91174,-10.0042,2.70568,0.761005,0.280765,8.00601,-5.08994,-5.08994,-3.39329,-1.69665,-1.69665,-1.69665
19.2254,-4.36126,-1.75323,-3.18573,-1.20829,-1.47975,-1.91162,9.17212,-9.8187,3.95612,0.739932,1.65073,7.91869,-5.2006,-5.2006,-3.46706,-1.73353,-1.73353,-1.73353
19.2304,-4.44287,-1.85633,-3.27355,-1.25195,-1.5146,-1.94411,10.169,-9.69656,3.04739,1.77031,-1.12769,8.88283,-5.31094,-5.31094,-3.54063,-1.77031,-1.77031,-1.77031
19.2353,-4.5388,-1.95712,-3.35748,-1.29798,-1.53631,-1.97986,10.2374,-9.40355,2.52152,1.33429,0.555971,9.41557,-5.41875,-5.41875,-3.6125,-1.80625,-1.80625,-1.80625
19.2405,-4.64971,-2.06385,-3.43786,-1.34752,-1.56548,-2.02269,10.3081,-8.95458,3.43357,1.28951,1.50479,8.95679,-5.53282,-5.53282,-3.68855,-1.84427,-1.84427,-1.84427
19.2455,-4.76116,-2.16647,-3.51785,-1.39551,-1.60342,-2.06476,11.0557,-9.25495,3.47928,0.920237,0.224717,7.80092,-5.64215,-5.64215,-3.76143,-1.88072,-1.88072,-1.88072
19.2505,-4.88438,-2.26895,-3.59987,-1.44266,-1.63972,-2.10193,10.0182,-8.35797,3.43281,0.890325,0.244485,7.771,-5.75113,-5.75113,-3.83409,-1.91704,-1.91704,-1.91704
19.2554,-4.99533,-2.36969,-3.68141,-1.48772,-1.67348,-2.13296,9.50209,-7.26651,3.09205,0.983771,0.528371,8.37781,-5.85759,-5.85759,-3.90506,-1.95253,-1.95253,-1.95253
19.2604,-5.08798,-2.47305,-3.76151,-1.53246,-1.70855,-2.16351,11.3755,-7.28433,2.58948,1.13578,0.696942,8.89414,-5.96587,-5.96587,-3.97724,-1.98862,-1.98862,-1.98862
19.2655,-5.20561,-2.57891,-3.83422,-1.5775,-1.74537,-2.19647,10.339,-7.84017,3.77892,1.48711,0.576309,7.93723,-6.07593,-6.07593,-4.05062,-2.02531,-2.02531,-2.02531
19.2704,-5.30891,-2.68074,-3.90979,-1.62145,-1.78128,-2.2236,10.1765,-7.4944,3.47924,1.57191,0.205715,8.19591,-6.1813,-6.1813,-4.12087,-2.06043,-2.06043,-2.06043
19.2754,-5.40278,-2.78481,-3.98708,-1.66677,-1.8155,-2.24862,11.0874,-8.12805,3.53813,2.16239,0.556071,8.45519,-6.28845,-6.28845,-4.1923,-2.09615,-2.09615,-2.09615
19.2802,-5.50273,-2.88465,-4.06064,-1.71215,-1.8488,-2.27213,11.1071,-8.21855,3.40792,2.99972,0.937998,7.73588,-6.39095,-6.39095,-4.26064,-2.13032,-2.13032,-2.13032
19.2853,-5.61299,-2.99057,-4.13515,-1.76273,-1.88715,-2.28989,9.92332,-8.29524,3.68298,4.36069,0.833407,9.33697,-6.49946,-6.49946,-4.33297,-2.16649,-2.16649,-2.16649
19.2903,-5.69394,-3.09426,-4.20919,-1.81458,-1.92571,-2.31721,11.7077,-7.33427,4.2406,3.77501,0.520972,8.53601,-6.60543,-6.60543,-4.40362,-2.20181,-2.20181,-2.20181
19.2952,-5.79564,-3.19595,-4.28714,-1.86616,-1.96215,-2.34277,11.3108,-8.37741,3.87904,5.04322,0.480938,8.88514,-6.70889,-6.70889,-4.4726,-2.2363,-2.2363,-2.2363
19.3002,-5.90165,-3.29946,-4.36579,-1.91964,-1.99792,-2.37171,10.628,-6.90504,3.65863,5.63303,0.673312,9.06923,-6.81406,-6.81406,-4.5427,-2.27135,-2.27135,-2.27135
19.3053,-5.99268,-3.40533,-4.44467,-1.97492,-2.03345,-2.40489,12.102,-6.45541,3.26588,5.63552,-1.28656,9.494,-6.92089,-6.92089,-4.61393,-2.30696,-2.30696,-2.30696
19.3103,-6.10314,-3.50948,-4.51566,-2.02942,-2.04795,-2.44293,12.4782,-7.69461,3.7973,6.74669,0.130971,9.04853,-7.02519,-7.02519,-4.68346,-2.34173,-2.34173,-2.34173
19.3153,-6.22723,-3.6135,-4.58554,-2.08383,-2.06138,-2.48148,11.3252,-8.05173,4.54371,6.51636,0.977035,9.0666,-7.12907,-7.12907,-4.75271,-2.37636,-2.37636,-2.37636
19.3204,-6.34335,-3.71939,-4.66639,-2.13883,-2.08268,-2.51974,11.4307,-7.94624,4.61404,6.55152,1.0122,9.10176,-7.23456,-7.23456,-4.82304,-2.41152,-2.41152,-2.41152
19.3252,-6.44274,-3.81888,-4.74763,-2.19011,-2.10781,-2.55425,11.8171,-7.02787,4.12192,7.16408,0.887837,9.25064,-7.33343,-7.33343,-4.88895,-2.44448,-2.44448,-2.44448
19.3302,-6.54717,-3.92254,-4.82982,-2.24311,-2.13725,-2.58882,13.4051,-6.68893,4.00846,7.02438,0.458338,8.48166,-7.43597,-7.43597,-4.95732,-2.47866,-2.47866,-2.47866
19.3352,-6.67578,-4.02627,-4.9084,-2.29558,-2.16494,-2.61753,12.3961,-7.96194,4.64708,7.12465,1.16305,9.02077,-7.53806,-7.53806,-5.02537,-2.51269,-2.51269,-2.51269
19.3402,-6.80237,-4.12956,-4.98805,-2.34736,-2.19787,-2.64703,12.1431,-7.50572,3.92481,6.04072,1.2052,8.67376,-7.63968,-7.63968,-5.09312,-2.54656,-2.54656,-2.54656
19.3452,-6.92137,-4.23257,-5.06066,-2.39701,-2.23456,-2.67471,11.212,-5.63547,4.42487,5.94196,1.73572,8.98072,-7.74083,-7.74083,-5.16055,-2.58028,-2.58028,-2.58028
19.3502,-7.01344,-4.336,-5.13381,-2.4418,-2.2759,-2.70336,12.6641,-6.9335,4.9058,8.45123,0.030472,10.0658,-7.8415,-7.8415,-5.22766,-2.61383,-2.61383,-2.61383
19.3554,-7.12181,-4.44347,-5.21633,-2.48956,-2.31312,-2.74004,12.2088,-6.04132,4.69311,7.05352,2.45812,9.23116,-7.94568,-7.94568,-5.29712,-2.64856,-2.64856,-2.64856
19.3603,-7.21849,-4.54496,-5.29566,-2.53077,-2.3555,-2.77309,12.2079,-6.48733,4.73107,6.34088,1.71236,8.89112,-8.04337,-8.04337,-5.36225,-2.68112,-2.68112,-2.68112
19.3654,-7.31331,-4.65056,-5.37828,-2.5634,-2.40125,-2.80384,12.3564,-6.69746,4.39723,6.98733,0.777326,9.11529,-8.14454,-8.14454,-5.42969,-2.71485,-2.71485,-2.71485
19.3704,-7.40379,-4.75388,-5.4534,-2.58993,-2.44443,-2.83316,12.2029,-5.62948,4.35643,6.87946,1.7293,8.55202,-8.24322,-8.24322,-5.49548,-2.74774,-2.74774,-2.74774
19.3754,-7.48678,-4.85732,-5.522,-2.60946,-2.48928,-2.85701,12.8606,-6.41391,4.95274,6.2829,2.15946,9.4293,-8.34139,-8.34139,-5.56093,-2.78046,-2.78046,-2.78046
19.3805,-7.58163,-4.96262,-5.59417,-2.61694,-2.53717,-2.8863,12.2983,-6.80681,5.37653,6.65558,1.24874,10.3319,-8.44099,-8.44099,-5.62733,-2.81366,-2.81366,-2.81366
19.3856,-7.66593,-5.06766,-5.67466,-2.61537,-2.58406,-2.92464,11.9442,-7.49575,4.75287,7.972,0.263325,10.5636,-8.54005,-8.54005,-5.69337,-2.84668,-2.84668,-2.84668
19.3903,-7.72289,-5.16385,-5.74681,-2.62028,-2.62282,-2.96435,13.221,-5.36004,4.90955,7.55515,0.798674,8.77231,-8.63086,-8.63086,-5.75391,-2.87695,-2.87695,-2.87695
19.3953,-7.80594,-5.26651,-5.82235,-2.62794,-2.66116,-3.00227,13.5101,-6.01655,5.08229,7.07382,2.38734,8.96994,-8.72695,-8.72695,-5.81797,-2.90898,-2.90898,-2.90898
19.4003,-7.90615,-5.36919,-5.89923,-2.6346,-2.70362,-3.03573,12.4079,-4.9596,4.73216,7.04771,-0.669248,8.19035,-8.8225,-8.8225,-5.88166,-2.94083,-2.94083,-2.94083
19.4053,-7.98821,-5.4723,-5.97286,-2.64295,-2.73151,-3.05961,13.4603,-4.514,4.89791,6.05266,1.73878,8.55322,-8.9175,-8.9175,-5.945,-2.9725,-2.9725,-2.9725
19.4102,-8.08148,-5.57376,-6.04305,-2.64393,-2.763,-3.08003,11.8508,-4.34653,4.94081,6.06696,2.08428,10.621,-9.01007,-9.01007,-6.00671,-3.00336,-3.00336,-3.00336
19.4153,-8.13953,-5.67959,-6.11141,-2.64248,-2.80151,-3.11705,13.6093,-4.23105,5.57315,7.26636,3.3582,10.6612,-9.10585,-9.10585,-6.07057,-3.03528,-3.03528,-3.03528
19.4202,-8.22064,-5.78145,-6.18179,-2.65007,-2.84579,-3.15958,14.1932,-4.80547,5.74908,6.01346,2.83394,9.36686,-9.19733,-9.19733,-6.13155,-3.06578,-3.06578,-3.06578
19.4254,-8.33216,-5.8894,-6.25789,-2.65219,-2.89514,-3.2039,13.9745,-3.77119,5.73816,6.7991,3.08138,9.54806,-9.29381,-9.29381,-6.19587,-3.09794,-3.09794,-3.09794
19.4302,-8.43996,-5.98919,-6.32803,-2.6589,-2.9422,-3.24495,13.4051,-3.64328,4.47002,7.56552,1.96824,8.75784,-9.38232,-9.38232,-6.25488,-3.12744,-3.12744,-3.12744
19.4352,-8.54234,-6.0933,-6.3836,-2.67615,-2.99083,-3.28492,12.9175,-2.57855,5.77674,7.31454,0.533222,8.41578,-9.47395,-9.47395,-6.31596,-3.15798,-3.15798,-3.15798
19.4403,-8.62333,-6.19979,-6.44365,-2.70102,-3.03717,-3.32114,13.0301,-6.18139,5.11342,10.2435,0.456535,11.5931,-9.56681,-9.56681,-6.37787,-3.18894,-3.18894,-3.18894
19.4453,-8.68821,-6.30342,-6.49206,-2.74466,-3.07706,-3.3672,14.2395,-6.31155,5.52066,8.6342,0.975203,11.1348,-9.65725,-9.65725,-6.43817,-3.21908,-3.21908,-3.21908
19.4502,-8.7771,-6.40432,-6.54663,-2.78878,-3.11154,-3.41472,13.9729,-4.9036,5.01506,7.33875,1.72491,11.6112,-9.7453,-9.7453,-6.49687,-3.24843,-3.24843,-3.24843
19.4554,-8.8788,-6.51134,-6.60277,-2.82957,-3.14794,-3.46651,13.8569,-3.40028,5.72066,8.21425,2.17813,9.62185,-9.83812,-9.83812,-6.55875,-3.27937,-3.27937,-3.27937
19.4603,-8.9724,-6.61263,-6.6647,-2.86501,-3.18536,-3.51414,13.5695,-4.97612,5.56956,6.89357,2.60453,9.99857,-9.92498,-9.92498,-6.61665,-3.30833,-3.30833,-3.30833
19.4656,-9.06299,-6.7219,-6.73334,-2.88498,-3.23032,-3.5647,13.4224,-4.99313,5.62549,8.94498,1.9815,9.54114,-10.0183,-10.0183,-6.67885,-3.33942,-3.33942,-3.33942
19.4704,-9.12824,-6.82065,-6.79859,-2.91014,-3.27075,-3.60772,13.5063,-4.90924,5.68141,8.97295,2.00947,9.56911,-10.1022,-10.1022,-6.73477,-3.36739,-3.36739,-3.36739
19.4753,-9.18426,-6.92132,-6.86787,-2.93883,-3.31176,-3.64747,13.7647,-5.7422,5.52493,7.34529,1.22637,8.52933,-10.1872,-10.1872,-6.79147,-3.39573,-3.39573,-3.39573
19.4803,-9.24071,-7.02331,-6.93609,-2.95755,-3.34989,-3.677,13.189,-4.41104,5.05151,8.40073,0.683773,9.41089,-10.2734,-10.2734,-6.84891,-3.42445,-3.42445,-3.42445
19.4854,-9.27884,-7.12727,-6.99434,-2.97998,-3.38078,-3.70178,14.6591,-4.07161,5.47123,8.76929,1.70645,11.0794,-10.3606,-10.3606,-6.90706,-3.45353,-3.45353,-3.45353
19.4904,-9.35176,-7.22935,-7.05031,-3.0085,-3.41059,-3.73614,14.7952,-4.93634,5.29164,8.42498,1.5443,10.8759,-10.4455,-10.4455,-6.96364,-3.48182,-3.48182,-3.48182
19.4954,-9.44577,-7.33085,-7.10057,-3.03907,-3.43926,-3.77379,13.855,-5.00971,5.94762,7.72442,1.15838,8.95814,-10.5297,-10.5297,-7.01979,-3.5099,-3.5099,-3.5099
19.5006,-9.5305,-7.43558,-7.16119,-3.06615,-3.46374,-3.80252,14.399,-3.63441,5.92405,9.35142,2.1975,10.4113,-10.6166,-10.6166,-7.07773,-3.53886,-3.53886,-3.53886
19.5054,-9.60881,-7.53296,-7.22257,-3.09868,-3.49131,-3.8319,14.0137,-4.08671,6.03772,8.37608,1.07312,8.88116,-10.6962,-10.6962,-7.13079,-3.5654,-3.5654,-3.5654
19.5104,-9.67815,-7.63445,-7.29071,-3.12899,-3.51407,-3.84996,14.1866,-2.70425,6.20542,8.63534,1.63046,10.0595,-10.7785,-10.7785,-7.18563,-3.59282,-3.59282,-3.59282
19.5154,-9.74343,-7.73682,-7.36336,-3.1581,-3.53713,-3.86842,13.8229,-2.58325,6.79486,9.63958,1.46722,10.5338,-10.8601,-10.8601,-7.24003,-3.62002,-3.62002,-3.62002
19.5202,-9.7914,-7.83565,-7.44166,-3.19357,-3.55681,-3.88998,14.8975,-2.46615,6.46838,8.30756,1.89884,10.1623,-10.9378,-10.9378,-7.29184,-3.64592,-3.64592,-3.64592
19.5254,-9.86749,-7.94295,-7.52562,-3.22793,-3.58222,-3.91258,14.78,-3.91927,6.40699,10.1901,2.89542,9.57738,-11.0212,-11.0212,-7.34749,-3.67374,-3.67374,-3.67374
19.5303,-9.94777,-8.04368,-7.60305,-3.26914,-3.61626,-3.92748,15.3229,-3.21878,6.45062,8.31998,2.42462,9.28874,-11.0992,-11.0992,-7.39948,-3.69974,-3.69974,-3.69974
19.5354,-10.0485,-8.14826,-7.6799,-3.30959,-3.65567,-3.93552,14.836,-2.8191,6.33289,9.40665,0.762326,9.90345,-11.1797,-11.1797,-7.45313,-3.72657,-3.72657,-3.72657
19.5403,-10.1402,-8.24869,-7.74913,-3.35089,-3.68494,-3.94305,14.3453,-3.27436,6.00152,8.03287,3.43747,8.61247,-11.2563,-11.2563,-7.50423,-3.75211,-3.75211,-3.75211
19.5454,-10.2174,-8.35287,-7.81162,-3.38786,-3.72576,-3.93513,14.6135,-3.546,5.68847,9.77319,1.44351,9.87255,-11.3354,-11.3354,-7.55693,-3.77847,-3.77847,-3.77847
19.5504,-10.2847,-8.45442,-7.85875,-3.42795,-3.76102,-3.93072,14.6627,-3.76069,5.4011,9.69943,1.23727,10.3039,-11.4122,-11.4122,-7.60814,-3.80407,-3.80407,-3.80407
19.5555,-10.3483,-8.55723,-7.89051,-3.47037,-3.79036,-3.936,14.4842,-3.26157,5.24384,9.36926,0.898822,9.75014,-11.4898,-11.4898,-7.65988,-3.82994,-3.82994,-3.82994
19.5603,-10.3948,-8.65351,-7.90136,-3.50934,-3.80884,-3.94173,13.6307,-1.7629,5.23985,8.35011,0.186028,9.02079,-11.5622,-11.5622,-7.70814,-3.85407,-3.85407,-3.85407
19.5653,-10.4049,-8.75486,-7.89835,-3.54256,-3.81135,-3.9418,14.4816,-2.8465,5.39414,8.49921,2.53761,11.1157,-11.6369,-11.6369,-7.75793,-3.87897,-3.87897,-3.87897
19.5702,-10.4153,-8.85407,-7.88855,-3.57109,-3.82606,-3.95926,13.2618,-2.447,5.50727,9.29341,1.86625,9.57493,-11.7094,-11.7094,-7.80627,-3.90313,-3.90313,-3.90313
19.5753,-10.3815,-8.95736,-7.87394,-3.60233,-3.84492,-3.9727,13.7187,-2.93177,5.61979,9.34316,0.682283,10.3616,-11.7841,-11.7841,-7.85609,-3.92804,-3.92804,-3.92804
19.5802,-10.3327,-9.05606,-7.85978,-3.63326,-3.85162,-3.99091,13.7898,-2.86069,5.66718,9.36686,0.705978,10.3853,-11.8552,-11.8552,-7.90348,-3.95174,-3.95174,-3.95174
19.5853,-10.2761,-9.1583,-7.84764,-3.66529,-3.85051,-4.01428,14.9465,-3.46515,5.97307,7.85119,1.52527,10.7326,-11.9285,-11.9285,-7.9523,-3.97615,-3.97615,-3.97615
19.5902,-10.2613,-9.25518,-7.85,-3.68165,-3.84899,-4.0435,15.0161,-3.3955,6.0195,7.87441,1.54849,10.7558,-11.9981,-11.9981,-7.99873,-3.99937,-3.99937,-3.99937
19.5953,-10.2804,-9.35482,-7.86944,-3.6846,-3.84773,-4.0788,15.1706,-1.50737,6.18228,9.19828,2.51632,10.9702,-12.0698,-12.0698,-8.04656,-4.02328,-4.02328,-4.02328
19.6004,-10.3345,-9.45662,-7.90447,-3.69247,-3.85845,-4.11706,15.2416,-1.43641,6.22958,9.22193,2.53997,10.9939,-12.1408,-12.1408,-8.09386,-4.04693,-4.04693,-4.04693
19.6053,-10.4076,-9.55549,-7.94829,-3.7045,-3.87931,-4.1551,15.3169,-2.59036,6.15541,8.64825,1.79241,10.1469,-12.2082,-12.2082,-8.13882,-4.06941,-4.06941,-4.06941
19.6103,-10.4941,-9.65581,-7.9977,-3.71545,-3.90011,-4.18925,15.2431,-1.78559,6.30948,9.05182,0.838063,9.3085,-12.2763,-12.2763,-8.18421,-4.0921,-4.0921,-4.0921
19.6154,-10.5852,-9.75806,-8.04954,-3.73132,-3.91166,-4.2117,15.0202,-2.53244,5.77632,8.87599,1.25011,9.25687,-12.345,-12.345,-8.22998,-4.11499,-4.11499,-4.11499
19.6203,-10.6661,-9.85485,-8.08814,-3.74796,-3.92013,-4.22274,15.3455,-1.58072,5.66931,9.73401,1.31325,9.74229,-12.4102,-12.4102,-8.27345,-4.13673,-4.13673,-4.13673
19.6254,-10.7529,-9.95531,-8.11425,-3.77183,-3.92754,-4.23022,15.1998,-1.82492,5.25425,9.34237,0.996133,10.2366,-12.4773,-12.4773,-8.31819,-4.15909,-4.15909,-4.15909
19.6304,-10.833,-10.053,-8.11971,-3.79583,-3.93001,-4.23962,15.2924,-1.36592,4.92974,9.22328,1.85408,11.5914,-12.5423,-12.5423,-8.36152,-4.18076,-4.18076,-4.18076
19.6353,-10.9086,-10.1492,-8.10557,-3.8184,-3.93677,-4.26317,15.2214,-0.877464,4.50564,9.19459,2.34703,10.9251,-12.6052,-12.6052,-8.40349,-4.20175,-4.20175,-4.20175
19.6404,-10.9822,-10.2501,-8.06611,-3.84112,-3.95459,-4.29084,14.1396,-1.67953,3.80893,9.91168,1.20112,10.1518,-12.67,-12.67,-8.44664,-4.22332,-4.22332,-4.22332
19.6454,-11.0092,-10.3475,-8.00229,-3.86948,-3.96766,-4.31256,13.7216,-2.64516,3.78175,10.6033,2.40605,10.388,-12.7326,-12.7326,-8.48843,-4.24421,-4.24421,-4.24421
19.6505,-10.989,-10.442,-7.93163,-3.90716,-3.99108,-4.33346,12.9218,-2.92875,3.42672,11.6676,0.266011,12.272,-12.7958,-12.7958,-8.5305,-4.26525,-4.26525,-4.26525
19.6556,-10.9086,-10.5264,-7.86038,-3.95301,-3.99818,-4.36913,12.5074,-1.64905,3.02099,9.64318,2.32366,10.4795,-12.858,-12.858,-8.57203,-4.28602,-4.28602,-4.28602
19.6603,-10.807,-10.6065,-7.80098,-3.99171,-4.01431,-4.39867,12.3749,-1.08017,2.74946,9.90219,1.27443,10.755,-12.9147,-12.9147,-8.60982,-4.30491,-4.30491,-4.30491
19.6655,-10.6918,-10.7012,-7.74986,-4.0309,-4.02859,-4.42879,12.2832,-0.659685,2.35809,8.54006,2.84342,11.2807,-12.9766,-12.9766,-8.65108,-4.32554,-4.32554,-4.32554
19.6705,-10.6074,-10.7961,-7.71209,-4.05491,-4.05671,-4.46001,12.6965,-1.46389,2.20284,9.82646,2.66426,10.729,-13.0353,-13.0353,-8.6902,-4.3451,-4.3451,-4.3451
19.6753,-10.6208,-10.8868,-7.68841,-4.07838,-4.08924,-4.48852,12.1571,-0.466607,2.34858,10.6316,2.43439,9.65455,-13.0909,-13.0909,-8.72726,-4.36363,-4.36363,-4.36363
19.6803,-10.718,-10.9828,-7.67633,-4.10642,-4.12561,-4.50683,12.3088,-1.3906,2.25708,8.21631,2.18019,9.42519,-13.148,-13.148,-8.76534,-4.38267,-4.38267,-4.38267
19.6855,-10.859,-11.0819,-7.68098,-4.11283,-4.16264,-4.5107,12.2649,-0.53226,2.88548,8.75746,1.90162,11.7383,-13.2065,-13.2065,-8.80436,-4.40218,-4.40218,-4.40218
19.6907,-11.0115,-11.1825,-7.7171,-4.11084,-4.1963,-4.5293,11.6173,-0.541606,3.11202,10.1429,2.59152,11.2855,-13.2642,-13.2642,-8.8428,-4.4214,-4.4214,-4.4214
19.6956,-11.1571,-11.278,-7.77396,-4.11942,-4.23012,-4.5524,11.0128,-0.133487,3.2522,9.8378,1.36736,11.4772,-13.3177,-13.3177,-8.87848,-4.43924,-4.43924,-4.43924
19.7003,-11.2957,-11.3704,-7.84018,-4.13241,-4.25554,-4.5808,11.7687,-1.04029,3.50119,10.6247,2.24534,11.1381,-13.3683,-13.3683,-8.9122,-4.4561,-4.4561,-4.4561
19.7052,-11.4416,-11.4647,-7.91629,-4.15632,-4.28414,-4.6117,10.8908,-0.610025,3.86397,10.0293,2.44483,12.3477,-13.4203,-13.4203,-8.94685,-4.47343,-4.47343,-4.47343
19.7102,-11.5881,-11.5591,-8.00025,-4.18267,-4.3172,-4.65137,11.1794,-1.30251,3.82981,9.34291,2.57815,10.7588,-13.4725,-13.4725,-8.98166,-4.49083,-4.49083,-4.49083
19.7153,-11.736,-11.6492,-8.08916,-4.20278,-4.35368,-4.68829,11.2318,-1.25011,3.86474,9.36038,2.59562,10.7763,-13.5249,-13.5249,-9.01659,-4.5083,-4.5083,-4.5083
19.7202,-11.8763,-11.7298,-8.17698,-4.21604,-4.39099,-4.72025,12.1087,0.150812,4.10885,10.7762,1.90004,10.4367,-13.5744,-13.5744,-9.04961,-4.5248,-4.5248,-4.5248
19.7254,-12.0277,-11.8218,-8.27313,-4.23995,-4.42797,-4.74775,11.4118,-0.467309,3.91758,10.0648,2.26503,11.1329,-13.6261,-13.6261,-9.08406,-4.54203,-4.54203,-4.54203
19.7302,-12.165,-11.9045,-8.36184,-4.26315,-4.46067,-4.77354,11.4587,-0.420412,3.94885,10.0804,2.28066,11.1485,-13.673,-13.673,-9.11533,-4.55766,-4.55766,-4.55766
19.7353,-12.3087,-11.9912,-8.45626,-4.2879,-4.49523,-4.8013,12.1972,0.093464,4.24275,11.1317,1.90783,10.3286,-13.722,-13.722,-9.14798,-4.57399,-4.57399,-4.57399
19.7403,-12.451,-12.0772,-8.54941,-4.32129,-4.52516,-4.82147,12.2759,-0.635475,3.22292,9.72331,2.41207,10.9819,-13.7691,-13.7691,-9.17942,-4.58971,-4.58971,-4.58971
19.7454,-12.597,-12.1583,-8.63869,-4.34836,-4.55633,-4.84365,11.8424,0.924654,3.15199,10.8155,1.98897,10.6995,-13.8164,-13.8164,-9.2109,-4.60545,-4.60545,-4.60545
19.7503,-12.7339,-12.243,-8.71577,-4.37827,-4.58352,-4.86121,12.3361,-0.717104,2.8243,10.0106,1.12614,9.93606,-13.8609,-13.8609,-9.2406,-4.6203,-4.6203,-4.6203
19.7553,-12.8732,-12.3204,-8.78044,-4.40258,-4.59986,-4.86728,10.982,0.194301,2.85403,9.55349,1.48877,12.6419,-13.9055,-13.9055,-9.27033,-4.63517,-4.63517,-4.63517
19.7604,-13.0003,-12.4018,-8.8346,-4.41897,-4.60816,-4.89255,11.9407,0.278314,3.42927,10.0983,2.33992,9.58492,-13.9501,-13.9501,-9.30008,-4.65004,-4.65004,-4.65004
19.7653,-13.1196,-12.4808,-8.88609,-4.43219,-4.62061,-4.9,11.045,0.131234,3.55133,9.83904,1.7826,11.081,-13.9921,-13.9921,-9.32809,-4.66404,-4.66404,-4.66404
19.7703,-13.2237,-12.5613,-8.94185,-4.4375,-4.63147,-4.91185,11.9814,0.0353575,3.41632,10.9709,2.90613,10.0352,-14.0342,-14.0342,-9.3561,-4.67805,-4.67805,-4.67805
19.7754,-13.3311,-12.6386,-8.99516,-4.45295,-4.65336,-4.91609,12.2677,-0.663371,3.83932,8.79892,2.31568,12.1854,-14.0761,-14.0761,-9.38409,-4.69204,-4.69204,-4.69204
19.7805,-13.4445,-12.7022,-9.05408,-4.44933,-4.67783,-4.93923,12.754,0.0119978,3.72458,9.76481,2.98349,10.4686,-14.1172,-14.1172,-9.41147,-4.70573,-4.70573,-4.70573
19.7853,-13.5587,-12.7602,-9.1102,-4.44243,-4.70724,-4.95624,13.0124,0.692023,3.6432,10.8538,2.81394,11.4665,-14.155,-14.155,-9.43668,-4.71834,-4.71834,-4.71834
19.7904,-13.6858,-12.8311,-9.16927,-4.44272,-4.74088,-4.98021,10.7705,1.07413,4.24416,9.87332,2.73596,10.5688,-14.1943,-14.1943,-9.46289,-4.73144,-4.73144,-4.73144
19.7953,-13.7674,-12.9078,-9.23407,-4.44015,-4.77495,-4.99756,11.095,1.11894,3.75253,10.3327,0.405026,10.962,-14.2312,-14.2312,-9.48749,-4.74375,-4.74375,-4.74375
19.8003,-13.8199,-12.9873,-9.2933,-4.44251,-4.79175,-5.0162,11.1988,0.81683,2.86164,10.6597,3.30701,11.3552,-14.268,-14.268,-9.51202,-4.75601,-4.75601,-4.75601
19.8053,-13.8499,-13.0661,-9.33116,-4.45519,-4.82067,-5.03838,11.0298,0.517842,2.97545,10.8372,0.818421,11.9219,-14.3039,-14.3039,-9.53596,-4.76798,-4.76798,-4.76798
19.8103,-13.8595,-13.1383,-9.3512,-4.47753,-4.83406,-5.06755,11.7504,1.33307,4.22145,11.3871,1.47594,11.1139,-14.339,-14.339,-9.55931,-4.77966,-4.77966,-4.77966
19.8152,-13.8773,-13.2113,-9.38405,-4.50953,-4.84073,-5.09534,12.2173,-0.087357,3.6941,12.0193,1.68581,10.1977,-14.3724,-14.3724,-9.58163,-4.79081,-4.79081,-4.79081
19.8203,-13.9213,-13.2733,-9.4213,-4.55176,-4.84282,-5.11431,10.8643,2.12538,3.52235,10.358,2.04489,9.33957,-14.4064,-14.4064,-9.60425,-4.80213,-4.80213,-4.80213
19.8253,-13.9296,-13.3506,-9.45242,-4.58903,-4.84596,-5.11275,11.4601,1.10975,4.05807,11.3127,2.56076,12.6624,-14.4387,-14.4387,-9.62583,-4.81292,-4.81292,-4.81292
19.8303,-13.9336,-13.427,-9.49344,-4.62598,-4.85547,-5.13141,11.5743,1.87012,3.84289,8.69017,3.06805,11.6875,-14.4702,-14.4702,-9.64682,-4.82341,-4.82341,-4.82341
19.8352,-13.9398,-13.5092,-9.53749,-4.64115,-4.87517,-5.15488,11.1039,1.61251,3.63507,11.3166,3.87292,11.2835,-14.5002,-14.5002,-9.66681,-4.8334,-4.8334,-4.8334
19.8403,-13.9304,-13.5952,-9.57848,-4.66535,-4.90982,-5.18027,11.5952,1.5285,3.64481,10.0351,2.4009,11.0204,-14.5305,-14.5305,-9.687,-4.8435,-4.8435,-4.8435
19.8454,-13.9281,-13.6777,-9.6115,-4.68058,-4.94378,-5.20336,12.3298,1.46727,3.62886,11.0384,3.05653,12.1314,-14.5599,-14.5599,-9.70658,-4.85329,-4.85329,-4.85329
19.8503,-13.9564,-13.7557,-9.64014,-4.70004,-4.9794,-5.23386,11.8134,1.404,5.03693,11.1304,1.2606,10.4762,-14.5872,-14.5872,-9.7248,-4.8624,-4.8624,-4.8624
19.8554,-13.9884,-13.8337,-9.69657,-4.72435,-5.00477,-5.25661,11.6321,2.23133,4.64146,9.30966,2.9589,10.4854,-14.6147,-14.6147,-9.74315,-4.87158,-4.87158,-4.87158
19.8605,-14.014,-13.9171,-9.76107,-4.73079,-5.03424,-5.27141,12.3088,2.21062,3.8211,10.9331,1.69264,11.1236,-14.6413,-14.6413,-9.76088,-4.88044,-4.88044,-4.88044
19.8654,-14.0575,-13.9992,-9.81295,-4.74197,-5.05413,-5.28671,10.8048,2.01858,4.24718,10.8006,1.12126,11.1401,-14.666,-14.666,-9.77732,-4.88866,-4.88866,-4.88866
19.8703,-14.0615,-14.078,-9.86157,-4.75426,-5.06005,-5.30437,12.3218,0.525474,3.99761,11.8352,0.0527913,11.5372,-14.6898,-14.6898,-9.79318,-4.89659,-4.89659,-4.89659
19.8753,-14.0916,-14.1328,-9.90225,-4.77656,-5.04169,-5.32722,11.2893,1.39206,3.69134,10.5845,1.61723,12.2156,-14.7132,-14.7132,-9.80877,-4.90439,-4.90439,-4.90439
19.8804,-14.1036,-14.1753,-9.92782,-4.79525,-5.01958,-5.35974,11.4304,0.130472,3.88427,10.9895,1.79046,11.1965,-14.7361,-14.7361,-9.82405,-4.91202,-4.91202,-4.91202
19.8854,-14.1063,-14.1737,-9.94468,-4.81598,-4.99866,-5.38992,11.8775,1.09372,4.06374,10.1853,2.21165,9.91205,-14.7576,-14.7576,-9.83841,-4.91921,-4.91921,-4.91921
19.8902,-14.1203,-14.1611,-9.95799,-4.82858,-4.98377,-5.40328,12.3819,2.23245,4.08532,9.47154,3.4437,10.9371,-14.7774,-14.7774,-9.85163,-4.92582,-4.92582,-4.92582
19.8953,-14.1586,-14.1666,-9.97081,-4.82165,-4.98941,-5.41377,12.2878,1.4962,4.55229,10.505,2.68865,10.5547,-14.7976,-14.7976,-9.86507,-4.93253,-4.93253,-4.93253
19.9003,-14.2065,-14.1699,-9.99337,-4.81784,-5.00057,-5.41454,12.3066,1.51503,4.56484,10.5112,2.69493,10.5609,-14.8164,-14.8164,-9.87762,-4.93881,-4.93881,-4.93881
19.9053,-14.2612,-14.1814,-10.0293,-4.81958,-5.01732,-5.4069,13.2662,2.12785,4.21312,10.3433,3.1977,10.244,-14.8343,-14.8343,-9.88956,-4.94478,-4.94478,-4.94478
19.9103,-14.3434,-14.2092,-10.0621,-4.8244,-5.04331,-5.38988,12.2273,2.01085,4.22446,10.3407,1.77093,11.1687,-14.8513,-14.8513,-9.9009,-4.95045,-4.95045,-4.95045
19.9154,-14.4108,-14.2442,-10.0906,-4.83207,-5.06084,-5.37763,13.1814,3.46145,4.64085,9.6838,5.72596,10.4704,-14.8677,-14.8677,-9.91183,-4.95592,-4.95592,-4.95592
19.9202,-14.4879,-14.3059,-10.1223,-4.83567,-5.10199,-5.36279,12.5538,2.36491,3.8271,8.54601,3.96717,10.1441,-14.8823,-14.8823,-9.92154,-4.96077,-4.96077,-4.96077
19.9252,-14.5501,-14.3607,-10.1316,-4.82794,-5.14598,-5.34253,12.568,2.37918,3.83661,8.55077,3.97193,10.1488,-14.8966,-14.8966,-9.93105,-4.96553,-4.96553,-4.96553
19.9302,-14.5963,-14.4123,-10.1254,-4.81057,-5.19087,-5.31943,12.6681,1.90793,5.12877,9.03546,3.78594,10.8405,-14.9099,-14.9099,-9.93995,-4.96998,-4.96998,-4.96998
19.9352,-14.6306,-14.4545,-10.1404,-4.79361,-5.23565,-5.30354,12.716,2.63346,4.49543,8.98164,2.8296,10.7453,-14.9224,-14.9224,-9.94824,-4.97412,-4.97412,-4.97412
19.9402,-14.6559,-14.4943,-10.1503,-4.77522,-5.27691,-5.29316,10.1547,1.97917,3.6044,14.2019,1.11948,13.7382,-14.9339,-14.9339,-9.95591,-4.97796,-4.97796,-4.97796
19.9453,-14.5817,-14.5151,-10.1312,-4.80983,-5.30259,-5.32032,6.91494,2.62036,3.41096,16.201,0.535195,11.6056,-14.9447,-14.9447,-9.96311,-4.98155,-4.98155,-4.98155
19.9505,-14.4302,-14.5483,-10.0941,-4.86217,-5.2972,-5.35364,9.2732,1.95268,4.91199,11.4019,4.32249,10.6815,-14.9547,-14.9547,-9.96979,-4.98489,-4.98489,-4.98489
19.9552,-14.2911,-14.5737,-10.0873,-4.90783,-5.31396,-5.37876,11.8463,2.38637,3.90171,10.7422,1.67562,11.7275,-14.9629,-14.9629,-9.97525,-4.98762,-4.98762,-4.98762
19.9603,-14.1538,-14.6071,-10.0791,-4.95063,-5.32093,-5.41088,12.0868,2.55194,3.76908,10.0494,3.22664,11.0595,-14.9708,-14.9708,-9.98056,-4.99028,-4.99028,-4.99028
19.9653,-14.0538,-14.6524,-10.0712,-4.97192,-5.3372,-5.44031,11.1283,1.81812,3.67335,11.6828,2.40921,10.4822,-14.9777,-14.9777,-9.98515,-4.99257,-4.99257,-4.99257
19.9702,-13.9716,-14.6855,-10.0591,-4.98595,-5.35141,-5.46114,11.9182,1.22907,3.40137,11.0969,2.25384,8.9772,-14.9836,-14.9836,-9.98905,-4.99452,-4.99452,-4.99452
19.9752,-13.9314,-14.6964,-10.0383,-4.9881,-5.3637,-5.45612,11.0486,2.54612,3.96903,11.5622,2.63641,12.1915,-14.9886,-14.9886,-9.99241,-4.99621,-4.99621,-4.99621
19.9801,-13.8866,-14.7162,-10.0215,-4.98529,-5.37781,-5.46418,9.81551,2.40827,3.36354,10.3796,1.13908,9.8248,-14.9927,-14.9927,-9.99511,-4.99756,-4.99756,-4.99756
19.9853,-13.8037,-14.7366,-9.99011,-4.96659,-5.37916,-5.4549,11.3988,4.4053,3.91961,11.3908,1.39687,10.5794,-14.996,-14.996,-9.99733,-4.99867,-4.99867,-4.99867
19.9903,-13.7496,-14.7993,-9.96549,-4.94927,-5.36864,-5.4419,11.3774,2.80786,3.61807,11.582,1.91098,11.4661,-14.9983,-14.9983,-9.99884,-4.99942,-4.99942,-4.99942
19.9954,-13.7165,-14.8594,-9.938,-4.93494,-5.35428,-5.43537,11.4418,2.99441,3.76736,11.2181,1.14967,10.978,-14.9996,-14.9996,-9.99974,-4.99987,-4.99987,-4.99987
20.0006,-13.6999,-14.924,-9.91653,-4.91876,-5.32899,-5.42887,12.0095,2.74659,4.11038,12.4189,0.851718,11.0527,-15,-15,-10,-5,-5,-5
20.0052,-13.7199,-14.9813,-9.91404,-4.91866,-5.29779,-5.42507,11.1974,3.1086,3.75057,10.8041,1.98591,10.208,-14.9995,-14.9995,-9.99967,-4.99983,-4.99983,-4.99983
20.0104,-13.7472,-15.0499,-9.91765,-4.90986,-5.2664,-5.41402,10.8807,2.3545,4.32014,10.2489,1.20709,11.0189,-14.998,-14.998,-9.99867,-4.99933,-4.99933,-4.99933
20.0152,-13.7566,-15.1009,-9.93767,-4.89123,-5.23459,-5.40762,11.4852,3.16392,4.51717,12.2187,2.39865,10.8691,-14.9957,-14.9957,-9.99715,-4.99857,-4.99857,-4.99857
20.0202,-13.78,-15.1585,-9.97599,-4.88492,-5.20983,-5.40269,11.3479,2.92815,4.23911,9.69224,2.41412,9.7916,-14.9924,-14.9924,-9.99497,-4.99748,-4.99748,-4.99748
20.0253,-13.8045,-15.2132,-10.0187,-4.86322,-5.19234,-5.3878,11.1467,2.83326,3.98962,11.9016,3.15789,10.6347,-14.9882,-14.9882,-9.9921,-4.99605,-4.99605,-4.99605
20.0304,-13.8169,-15.2615,-10.0578,-4.85385,-5.19026,-5.37381,10.4086,2.3355,4.1157,10.8069,1.28486,11.4775,-14.9829,-14.9829,-9.9886,-4.9943,-4.9943,-4.9943
20.0357,-13.7921,-15.2922,-10.0965,-4.84012,-5.17898,-5.37308,11.0167,2.90032,3.84804,11.434,2.4833,10.5894,-14.9764,-14.9764,-9.98428,-4.99214,-4.99214,-4.99214
20.0403,-13.7623,-15.3146,-10.1201,-4.83364,-5.17683,-5.37138,11.4437,3.62666,3.96286,11.3325,1.10667,9.67647,-14.97,-14.97,-9.97997,-4.98999,-4.98999,-4.98999
20.0452,-13.741,-15.3482,-10.1397,-4.82815,-5.1663,-5.35938,10.3169,3.31561,3.84484,12.398,1.43528,11.1063,-14.9622,-14.9622,-9.97481,-4.9874,-4.9874,-4.9874
20.0502,-13.6939,-15.3817,-10.1513,-4.83675,-5.15257,-5.35178,10.9385,2.18389,3.89957,11.6499,2.13614,10.8053,-14.9534,-14.9534,-9.96893,-4.98446,-4.98446,-4.98446
20.0553,-13.6459,-15.3804,-10.1536,-4.85114,-5.14388,-5.34628,9.93964,1.97294,3.44359,10.8765,3.45763,9.50203,-14.9434,-14.9434,-9.9623,-4.98115,-4.98115,-4.98115
20.0603,-13.5736,-15.3522,-10.1416,-4.85858,-5.15711,-5.32562,10.8824,2.47846,4.38324,9.70547,0.721668,10.4093,-14.9328,-14.9328,-9.95518,-4.97759,-4.97759,-4.97759
20.0652,-13.5134,-15.3051,-10.1316,-4.84663,-5.15315,-5.30407,10.7765,2.1046,3.9911,10.2978,3.49168,11.6475,-14.9214,-14.9214,-9.9476,-4.9738,-4.9738,-4.9738
20.0702,-13.4659,-15.2504,-10.1245,-4.82403,-5.17106,-5.2947,11.489,2.423,4.27745,11.3038,1.78183,11.1714,-14.9089,-14.9089,-9.93926,-4.96963,-4.96963,-4.96963
20.0752,-13.4443,-15.1844,-10.1133,-4.80638,-5.18166,-5.29054,11.4756,2.40957,4.2685,11.2994,1.77736,11.1669,-14.8955,-14.8955,-9.93031,-4.96516,-4.96516,-4.96516
20.0802,-13.4485,-15.1228,-10.1109,-4.79101,-5.1926,-5.29157,10.1728,3.81763,4.4554,10.9551,1.09362,10.9965,-14.8811,-14.8811,-9.92075,-4.96038,-4.96038,-4.96038
20.0852,-13.4201,-15.0778,-10.1088,-4.77715,-5.18847,-5.29562,10.1576,3.80237,4.44523,10.95,1.08853,10.9914,-14.8659,-14.8659,-9.91058,-4.95529,-4.95529,-4.95529
20.0904,-13.3686,-15.0595,-10.1163,-4.7625,-5.17474,-5.30357,11.2163,2.29222,3.43289,11.7062,2.41599,10.3814,-14.849,-14.849,-9.89935,-4.94967,-4.94967,-4.94967
20.0953,-13.3452,-15.0386,-10.1134,-4.75437,-5.17405,-5.3076,11.696,3.00834,3.90031,11.0133,1.32572,9.88724,-14.8322,-14.8322,-9.88816,-4.94408,-4.94408,-4.94408
20.1003,-13.3518,-15.0139,-10.1023,-4.74466,-5.16361,-5.30325,11.678,2.99032,3.8883,11.0073,1.31971,9.88123,-14.8142,-14.8142,-9.87615,-4.93807,-4.93807,-4.93807
20.1054,-13.3912,-15.002,-10.0949,-4.73203,-5.14957,-5.29191,10.4688,3.04979,4.07605,11.1085,1.26359,11.4397,-14.7949,-14.7949,-9.86326,-4.93163,-4.93163,-4.93163
20.1103,-13.4026,-15.0066,-10.0974,-4.71958,-5.13333,-5.29421,9.74798,3.32972,4.21564,11.4498,0.611261,9.42118,-14.7754,-14.7754,-9.85028,-4.92514,-4.92514,-4.92514
20.1153,-13.3699,-15.0071,-10.0972,-4.70884,-5.10497,-5.28424,9.72722,3.30896,4.2018,11.4429,0.604339,9.41426,-14.7547,-14.7547,-9.83644,-4.91822,-4.91822,-4.91822
20.1204,-13.3111,-15.0154,-10.1024,-4.69568,-5.07245,-5.26437,10.5404,3.57444,4.11599,10.8228,1.88037,11.7915,-14.7325,-14.7325,-9.82169,-4.91085,-4.91085,-4.91085
20.1252,-13.2568,-15.0329,-10.1066,-4.67606,-5.04762,-5.2626,10.2902,4.22256,4.16842,11.1302,2.17122,10.2359,-14.7109,-14.7109,-9.80724,-4.90362,-4.90362,-4.90362
20.1305,-13.1979,-15.0888,-10.1251,-4.6537,-5.0302,-5.25552,11.2187,2.79895,4.16017,10.3601,1.23556,8.57992,-14.6859,-14.6859,-9.79063,-4.89532,-4.89532,-4.89532
20.1354,-13.1721,-15.1238,-10.1421,-4.62281,-5.01268,-5.22719,10.0956,3.27151,4.25708,11.619,-0.0806625,9.46618,-14.662,-14.662,-9.77468,-4.88734,-4.88734,-4.88734
20.1402,-13.1345,-15.1585,-10.1643,-4.59681,-4.98424,-5.19588,10.5086,2.21882,3.88976,11.6937,1.06216,9.25108,-14.6377,-14.6377,-9.75848,-4.87924,-4.87924,-4.87924
20.1452,-13.0936,-15.1646,-10.1789,-4.5734,-4.95562,-5.15885,8.57152,1.58984,2.88582,13.5231,-1.65413,13.2664,-14.6115,-14.6115,-9.74102,-4.87051,-4.87051,-4.87051
20.1503,-13.0019,-15.1302,-10.1624,-4.57472,-4.9119,-5.15506,9.324,2.496,3.996,14.6565,1.47478,11.3363,-14.5839,-14.5839,-9.7226,-4.8613,-4.8613,-4.8613
20.1553,-12.9082,-15.0928,-10.1522,-4.6031,-4.87632,-5.16008,10.3559,3.55149,4.14662,10.6562,0.173764,11.1779,-14.5559,-14.5559,-9.70393,-4.85196,-4.85196,-4.85196
20.1605,-12.8459,-15.0765,-10.1507,-4.60949,-4.84093,-5.17233,10.771,3.06831,4.13075,10.0997,2.11782,10.2653,-14.5258,-14.5258,-9.68388,-4.84194,-4.84194,-4.84194
20.1653,-12.8203,-15.0594,-10.1512,-4.59227,-4.82278,-5.1784,10.7424,2.94119,3.46376,12.1768,1.52868,9.61824,-14.4972,-14.4972,-9.66479,-4.8324,-4.8324,-4.8324
20.1703,-12.8254,-15.0462,-10.1442,-4.57554,-4.81429,-5.17403,9.53361,2.73319,3.88638,12.0175,1.79996,10.3615,-14.4665,-14.4665,-9.64433,-4.82216,-4.82216,-4.82216
20.1754,-12.8117,-15.0231,-10.1342,-4.56031,-4.81902,-5.1681,10.0057,3.31167,3.97775,11.4603,1.65674,10.3259,-14.4343,-14.4343,-9.62284,-4.81142,-4.81142,-4.81142
20.1802,-12.793,-15.0045,-10.1225,-4.54275,-4.83076,-5.16188,10.6955,2.70519,3.39685,10.3321,1.09159,9.68623,-14.4031,-14.4031,-9.60206,-4.80103,-4.80103,-4.80103
20.1854,-12.7938,-14.9713,-10.0936,-4.51215,-4.84304,-5.14882,9.59705,3.17489,3.78754,11.8689,1.20422,10.4695,-14.3684,-14.3684,-9.57893,-4.78946,-4.78946,-4.78946
20.1902,-12.7631,-14.9385,-10.0609,-4.49117,-4.85319,-5.14046,10.6122,1.69601,2.88991,11.3197,0.414943,11.3528,-14.3355,-14.3355,-9.55701,-4.7785,-4.7785,-4.7785
20.1952,-12.7433,-14.8762,-10.0069,-4.47247,-4.85267,-5.14576,9.71029,2.24399,4.11422,10.9188,1.30576,10.5959,-14.3004,-14.3004,-9.53359,-4.7668,-4.7668,-4.7668
20.2002,-12.7037,-14.8051,-9.96141,-4.45364,-4.85387,-5.15542,10.151,3.56339,3.34618,10.9896,1.02052,9.88012,-14.2644,-14.2644,-9.50959,-4.7548,-4.7548,-4.7548
20.2052,-12.6673,-14.752,-9.91117,-4.43469,-4.85435,-5.15922,9.58225,3.80621,4.0531,13.0473,0.0808636,10.2984,-14.2275,-14.2275,-9.48501,-4.7425,-4.7425,-4.7425
20.2102,-12.6103,-14.7253,-9.87467,-4.43532,-4.84104,-5.16224,10.3995,4.92287,3.89417,11.8424,-0.0807622,9.996,-14.1898,-14.1898,-9.45984,-4.72992,-4.72992,-4.72992
20.2152,-12.5711,-14.7546,-9.84981,-4.43928,-4.81726,-5.16197,10.3175,4.42326,3.20588,10.8939,1.16492,8.86532,-14.1511,-14.1511,-9.43408,-4.71704,-4.71704,-4.71704
20.2202,-12.5487,-14.8021,-9.81207,-4.43115,-4.80039,-5.14665,10.1322,3.11111,3.69159,11.7833,0.522472,10.6241,-14.1116,-14.1116,-9.40774,-4.70387,-4.70387,-4.70387
20.2252,-12.5311,-14.8289,-9.77365,-4.42636,-4.7823,-5.14043,10.1746,4.00844,4.07641,12.0762,1.18797,11.0826,-14.0712,-14.0712,-9.38083,-4.69041,-4.69041,-4.69041
20.2302,-12.5135,-14.8481,-9.73842,-4.43073,-4.76442,-5.14757,10.1333,3.96719,4.04891,12.0624,1.17422,11.0688,-14.03,-14.03,-9.35333,-4.67666,-4.67666,-4.67666
20.2352,-12.5036,-14.8814,-9.71957,-4.44173,-4.75197,-5.16603,9.55932,4.10636,4.11907,11.5267,0.133468,9.15867,-13.9879,-13.9879,-9.32526,-4.66263,-4.66263,-4.66263
20.2403,-12.4778,-14.9392,-9.72581,-4.44834,-4.73505,-5.1708,9.61792,4.63382,4.40752,10.7752,0.466615,10.3778,-13.944,-13.944,-9.29603,-4.64801,-4.64801,-4.64801
20.2452,-12.4389,-14.9923,-9.73872,-4.44456,-4.71125,-5.1772,9.57496,4.59086,4.37888,10.7609,0.452293,10.3635,-13.9011,-13.9011,-9.26739,-4.63369,-4.63369,-4.63369
20.2502,-12.3958,-15.0538,-9.7655,-4.42926,-4.68589,-5.18496,9.77849,3.11599,3.74507,13.3294,1.35648,10.4065,-13.8564,-13.8564,-9.23759,-4.6188,-4.6188,-4.6188
20.2553,-12.3541,-15.086,-9.78272,-4.43384,-4.66746,-5.19308,9.59412,3.16402,3.99625,11.4177,0.802788,9.71207,-13.8099,-13.8099,-9.20662,-4.60331,-4.60331,-4.60331
20.2604,-12.3078,-15.0885,-9.79501,-4.43383,-4.65118,-5.19183,9.12913,4.21201,3.76404,12.0892,-0.968355,10.6568,-13.7626,-13.7626,-9.17505,-4.58752,-4.58752,-4.58752
20.2655,-12.2474,-15.0952,-9.79827,-4.4376,-4.62018,-5.19252,9.34094,3.54914,3.44555,11.684,1.77281,9.64709,-13.7143,-13.7143,-9.14289,-4.57145,-4.57145,-4.57145
20.2702,-12.188,-15.0868,-9.78508,-4.43958,-4.6079,-5.18522,10.2728,3.77577,3.84385,11.0148,-0.17151,9.78933,-13.6691,-13.6691,-9.11274,-4.55637,-4.55637,-4.55637
20.2752,-12.1634,-15.0733,-9.76949,-4.43256,-4.59155,-5.17315,8.62819,4.29419,3.9429,11.4207,-0.643222,10.6838,-13.6202,-13.6202,-9.08012,-4.54006,-4.54006,-4.54006
20.2804,-12.0952,-15.0633,-9.75209,-4.42386,-4.56213,-5.16958,8.90343,4.02571,4.34936,12.0162,0.449037,8.60484,-13.5684,-13.5684,-9.04559,-4.5228,-4.5228,-4.5228
20.2854,-12.0241,-15.0458,-9.74211,-4.4187,-4.53795,-5.14854,8.56122,3.24224,4.7545,11.0057,0.390755,9.38283,-13.5177,-13.5177,-9.01183,-4.50591,-4.50591,-4.50591
20.2904,-11.9402,-15.0025,-9.74694,-4.40363,-4.51586,-5.12454,9.4711,3.80144,3.36586,13.5388,0.696515,10.1854,-13.4663,-13.4663,-8.97751,-4.48875,-4.48875,-4.48875
20.2953,-11.8786,-14.9547,-9.72934,-4.41078,-4.5001,-5.10645,10.003,3.34441,3.86046,11.9568,0.44759,9.29063,-13.415,-13.415,-8.94334,-4.47167,-4.47167,-4.47167
20.3004,-11.8416,-14.894,-9.70366,-4.41599,-4.48549,-5.08153,9.24352,3.51082,3.10537,11.5992,-0.580635,11.2846,-13.3608,-13.3608,-8.90721,-4.45361,-4.45361,-4.45361
20.3053,-11.8015,-14.8315,-9.65707,-4.41938,-4.46254,-5.07479,9.5216,4.48234,3.87059,11.6727,0.395341,8.76642,-13.3079,-13.3079,-8.87196,-4.43598,-4.43598,-4.43598
20.3104,-11.7605,-14.7742,-9.60577,-4.41839,-4.43974,-5.05361,10.4192,4.12309,3.71212,11.8362,-0.227723,9.27772,-13.2521,-13.2521,-8.83471,-4.41736,-4.41736,-4.41736
20.3156,-11.7724,-14.7322,-9.56023,-4.41743,-4.41546,-5.02689,9.10845,4.30559,3.76552,12.2144,0.216677,10.0616,-13.1942,-13.1942,-8.79615,-4.39808,-4.39808,-4.39808
20.3203,-11.7598,-14.7134,-9.5257,-4.41839,-4.39715,-5.00742,9.42577,3.94129,4.26939,9.52228,0.728918,8.6032,-13.1412,-13.1412,-8.7608,-4.3804,-4.3804,-4.3804
20.3252,-11.7505,-14.6888,-9.50055,-4.39605,-4.38724,-4.97867,9.38154,2.79384,3.67607,11.5239,0.586032,9.71059,-13.0851,-13.0851,-8.72342,-4.36171,-4.36171,-4.36171
20.3302,-11.7268,-14.632,-9.46604,-4.37294,-4.38169,-4.95122,8.8862,3.48446,3.24867,13.2351,1.0221,9.44286,-13.0271,-13.0271,-8.68476,-4.34238,-4.34238,-4.34238
20.3354,-11.68,-14.5686,-9.41745,-4.36789,-4.38761,-4.92221,9.57363,3.19871,3.52766,12.3784,-1.06001,9.68743,-12.966,-12.966,-8.64398,-4.32199,-4.32199,-4.32199
20.3404,-11.638,-14.4957,-9.36298,-4.36808,-4.37425,-4.89706,8.56051,3.66309,2.69997,10.5618,-0.19393,9.07139,-12.9063,-12.9063,-8.60422,-4.30211,-4.30211,-4.30211
20.3452,-11.5778,-14.4312,-9.29913,-4.35158,-4.36267,-4.87068,9.42053,3.37263,3.50148,11.6768,-0.0228228,9.33358,-12.8483,-12.8483,-8.56555,-4.28278,-4.28278,-4.28278
20.3503,-11.5193,-14.3568,-9.23185,-4.334,-4.3489,-4.844,8.36523,3.66875,3.46405,12.5999,-0.275471,8.35229,-12.7859,-12.7859,-8.52394,-4.26197,-4.26197,-4.26197
20.3552,-11.443,-14.2956,-9.17529,-4.32845,-4.33423,-4.81158,8.85608,3.15096,3.54059,12.2319,0.25076,10.5842,-12.7252,-12.7252,-8.48344,-4.24172,-4.24172,-4.24172
20.3604,-11.3683,-14.2259,-9.12064,-4.32693,-4.32299,-4.79134,7.95157,2.72713,3.94432,10.3306,-0.209845,10.0077,-12.6599,-12.6599,-8.43991,-4.21996,-4.21996,-4.21996
20.3654,-11.2795,-14.1472,-9.07712,-4.30937,-4.31071,-4.78005,8.06923,2.71477,3.65532,11.3527,-0.247597,10.4916,-12.5963,-12.5963,-8.39753,-4.19876,-4.19876,-4.19876
20.3706,-11.1785,-14.0542,-9.02379,-4.28927,-4.29173,-4.78048,8.93606,2.23804,2.9607,12.7959,-0.551432,9.15273,-12.5293,-12.5293,-8.3529,-4.17645,-4.17645,-4.17645
20.3755,-11.1104,-13.9632,-8.96492,-4.28325,-4.27165,-4.77703,8.40336,2.6549,3.4051,11.6072,-0.903915,7.87289,-12.4655,-12.4655,-8.31033,-4.15517,-4.15517,-4.15517
20.3803,-11.0417,-13.873,-8.90749,-4.27471,-4.24629,-4.75672,9.45511,3.40721,3.40891,11.4867,-0.966402,9.20972,-12.4022,-12.4022,-8.26816,-4.13408,-4.13408,-4.13408
20.3853,-11.0004,-13.7801,-8.84617,-4.26416,-4.21252,-4.73648,9.38847,3.34057,3.36447,11.4645,-0.988618,9.1875,-12.3356,-12.3356,-8.22372,-4.11186,-4.11186,-4.11186
20.3903,-10.9891,-13.6975,-8.79876,-4.25078,-4.17815,-4.71681,8.86402,4.40788,3.56616,12.0962,0.172953,9.93507,-12.2682,-12.2682,-8.17879,-4.08939,-4.08939,-4.08939
20.3952,-10.9661,-13.6282,-8.75287,-4.24248,-4.1472,-4.70491,8.79723,4.34109,3.52163,12.0739,0.150689,9.91281,-12.2014,-12.2014,-8.13426,-4.06713,-4.06713,-4.06713
20.4002,-10.9404,-13.5846,-8.7165,-4.23601,-4.12269,-4.69806,9.94184,3.96092,3.68051,10.1465,-0.658879,7.77844,-12.1325,-12.1325,-8.08832,-4.04416,-4.04416,-4.04416
20.4053,-10.9395,-13.5461,-8.68164,-4.2104,-4.09469,-4.67204,9.53589,2.94821,4.15147,9.57636,0.269638,9.27828,-12.0614,-12.0614,-8.04096,-4.02048,-4.02048,-4.02048
20.4105,-10.9375,-13.4873,-8.65778,-4.17214,-4.0718,-4.64914,10.2901,4.08455,2.81311,12.0277,1.19742,9.99906,-11.9882,-11.9882,-7.99213,-3.99606,-3.99606,-3.99606
20.4157,-10.9534,-13.4405,-8.61157,-4.14723,-4.06441,-4.63849,8.91187,3.36041,5.26548,10.5705,-0.541216,7.15918,-11.9142,-11.9142,-7.94277,-3.97138,-3.97138,-3.97138
20.4202,-10.9354,-13.3927,-8.60857,-4.12501,-4.05214,-4.61079,10.4192,3.23266,3.86801,8.58661,1.57345,8.34649,-11.8494,-11.8494,-7.89962,-3.94981,-3.94981,-3.94981
20.4254,-10.928,-13.3252,-8.59636,-4.08748,-4.05252,-4.57798,9.7133,3.62994,4.9609,10.3748,1.34128,9.14932,-11.7739,-11.7739,-7.84928,-3.92464,-3.92464,-3.92464
20.4304,-10.8941,-13.2568,-8.60146,-4.05558,-4.06257,-4.55084,9.02924,3.529,3.89207,11.0375,1.12639,8.30515,-11.7006,-11.7006,-7.80037,-3.90019,-3.90019,-3.90019
20.4353,-10.8285,-13.1862,-8.59321,-4.03785,-4.07792,-4.52151,9.79587,4.96149,3.526,8.14019,2.68367,7.13003,-11.628,-11.628,-7.75198,-3.87599,-3.87599,-3.87599
20.4405,-10.7565,-13.1271,-8.55809,-4.00671,-4.11137,-4.48107,4.27695,4.44637,0.573224,16.6593,-2.28542,10.6976,-11.5502,-11.5502,-7.70012,-3.85006,-3.85006,-3.85006
20.4453,-10.6154,-13.0787,-8.47421,-4.04705,-4.10418,-4.46423,2.63634,4.86638,1.77681,14.8135,-2.64078,8.80218,-11.4777,-11.4777,-7.6518,-3.8259,-3.8259,-3.8259
20.4502,-10.4633,-13.0569,-8.38444,-4.09547,-4.07203,-4.44843,6.80111,3.35755,3.35096,13.4472,-1.34087,7.92445,-11.403,-11.403,-7.60202,-3.80101,-3.80101,-3.80101
20.4554,-10.3031,-13.0212,-8.29717,-4.14714,-4.0337,-4.42309,7.11513,4.04193,3.10118,11.9136,-0.862451,10.1582,-11.323,-11.323,-7.5487,-3.77435,-3.77435,-3.77435
20.4603,-10.155,-12.9957,-8.22251,-4.19243,-3.9993,-4.41637,7.20849,4.18651,3.49564,11.6564,-3.14824,9.5036,-11.247,-11.247,-7.49799,-3.749,-3.749,-3.749
20.4653,-10.0093,-12.9821,-8.16178,-4.23138,-3.95478,-4.41638,7.41387,3.36749,2.73912,11.9035,-3.24886,9.21254,-11.1687,-11.1687,-7.4458,-3.7229,-3.7229,-3.7229
20.4703,-9.87449,-12.9536,-8.10154,-4.2604,-3.90638,-4.42003,7.16153,4.29715,3.04594,11.5046,-2.35611,7.82001,-11.0897,-11.0897,-7.39314,-3.69657,-3.69657,-3.69657
20.4754,-9.75048,-12.9459,-8.05121,-4.27618,-3.85657,-4.41032,6.65868,4.18436,2.76813,11.5272,-1.69596,10.012,-11.0084,-11.0084,-7.33896,-3.66948,-3.66948,-3.66948
20.4804,-9.63354,-12.9473,-8.00276,-4.27803,-3.80827,-4.41396,7.059,4.33646,2.9758,9.80301,-2.67495,7.99797,-10.9281,-10.9281,-7.28538,-3.64269,-3.64269,-3.64269
20.4854,-9.52838,-12.9593,-7.95937,-4.25134,-3.75929,-4.4052,6.37514,4.0663,3.6073,11.0594,-1.65868,8.4512,-10.847,-10.847,-7.23136,-3.61568,-3.61568,-3.61568
20.4903,-9.42251,-12.9625,-7.92899,-4.21817,-3.71183,-4.39164,7.80015,3.29279,2.89348,12.6639,-1.87581,6.95895,-10.767,-10.767,-7.17798,-3.58899,-3.58899,-3.58899
20.4953,-9.35685,-12.956,-7.90346,-4.19038,-3.66428,-4.36086,7.16226,2.83614,2.11962,12.7358,-1.41474,9.5397,-10.6846,-10.6846,-7.12308,-3.56154,-3.56154,-3.56154
20.5007,-9.29727,-12.9103,-7.85177,-4.16759,-3.6147,-4.33799,6.76525,1.88359,2.17269,11.8862,-1.70132,7.74616,-10.5949,-10.5949,-7.06329,-3.53164,-3.53164,-3.53164
20.5053,-9.23882,-12.8352,-7.79182,-4.14982,-3.57347,-4.31004,7.27531,1.85387,2.98035,11.8936,-0.749942,7.87782,-10.5179,-10.5179,-7.01196,-3.50598,-3.50598,-3.50598
20.5103,-9.18924,-12.7441,-7.73164,-4.13024,-3.5338,-4.27775,7.02157,2.61665,3.04326,11.3273,-2.56653,8.93439,-10.4336,-10.4336,-6.95574,-3.47787,-3.47787,-3.47787
20.5154,-9.13958,-12.6493,-7.67612,-4.10741,-3.49077,-4.25309,6.73003,2.93975,2.835,11.8532,-0.401218,7.96986,-10.3469,-10.3469,-6.89796,-3.44898,-3.44898,-3.44898
20.5202,-9.07521,-12.5614,-7.62698,-4.08588,-3.45873,-4.22692,7.21521,3.06639,2.68826,11.6519,-1.12413,8.50551,-10.2648,-10.2648,-6.84318,-3.42159,-3.42159,-3.42159
20.5252,-9.00944,-12.4698,-7.57204,-4.06069,-3.42767,-4.2022,7.12899,2.98017,2.63078,11.6232,-1.15287,8.47677,-10.1786,-10.1786,-6.7857,-3.39285,-3.39285,-3.39285
20.5302,-8.95764,-12.3877,-7.52955,-4.03469,-3.40506,-4.17891,6.78998,3.63404,2.94908,12.0165,-1.21494,6.94086,-10.0917,-10.0917,-6.7278,-3.3639,-3.3639,-3.3639
20.5352,-8.89116,-12.3061,-7.48258,-4.01088,-3.38233,-4.14444,6.70251,3.54657,2.89077,11.9873,-1.2441,6.9117,-10.0042,-10.0042,-6.66949,-3.33474,-3.33474,-3.33474
20.5402,-8.81755,-12.2281,-7.43535,-3.98905,-3.36126,-4.10402,5.0857,3.45454,1.26036,11.8586,-1.93586,7.61098,-9.91614,-9.91614,-6.61076,-3.30538,-3.30538,-3.30538
20.5455,-8.70617,-12.1596,-7.36579,-3.96853,-3.33772,-4.06083,5.44476,3.27776,2.64186,11.9184,-2.73725,8.46559,-9.8221,-9.8221,-6.54807,-3.27403,-3.27403,-3.27403
20.5504,-8.59032,-12.0893,-7.30281,-3.9456,-3.30473,-4.02603,5.35721,3.19021,2.58349,11.8892,-2.76643,8.43641,-9.73455,-9.73455,-6.4897,-3.24485,-3.24485,-3.24485
20.5552,-8.47658,-12.0259,-7.24954,-3.91927,-3.26935,-3.99686,5.85795,3.42697,1.81952,10.8254,-1.99204,8.37452,-9.64823,-9.64823,-6.43215,-3.21608,-3.21608,-3.21608
20.5603,-8.35827,-11.9618,-7.1841,-3.88005,-3.23226,-3.97045,5.66713,3.28343,2.08193,12.4589,-3.9355,7.11002,-9.55591,-9.55591,-6.37061,-3.1853,-3.1853,-3.1853
20.5652,-8.24681,-11.9095,-7.12551,-3.84494,-3.18909,-3.939,4.97898,3.80486,2.67449,12.396,-2.53281,8.59551,-9.46664,-9.46664,-6.31109,-3.15555,-3.15555,-3.15555
20.5702,-8.12653,-11.8695,-7.07765,-3.81208,-3.14557,-3.91531,5.9905,3.93776,2.28733,12.2744,-1.95065,8.77195,-9.37496,-9.37496,-6.24997,-3.12499,-3.12499,-3.12499
20.5752,-8.01772,-11.8411,-7.03129,-3.78358,-3.1048,-3.90257,4.71231,3.79035,1.64063,12.0118,-1.97312,8.74948,-9.28271,-9.28271,-6.18847,-3.09424,-3.09424,-3.09424
20.5803,-7.89322,-11.8082,-6.96928,-3.75473,-3.06522,-3.89984,5.87842,3.56564,1.51063,12.5102,-2.76645,7.15299,-9.18802,-9.18802,-6.12535,-3.06267,-3.06267,-3.06267
20.5854,-7.79187,-11.7699,-6.89935,-3.7345,-3.02497,-3.88614,4.02984,3.48612,1.7209,11.4848,-3.57653,8.98423,-9.09274,-9.09274,-6.06183,-3.03091,-3.03091,-3.03091
20.5902,-7.67384,-11.7244,-6.83056,-3.70998,-2.98309,-3.88647,5.40137,4.12087,1.85095,12.3407,-2.43912,6.3708,-9.00253,-9.00253,-6.00169,-3.00084,-3.00084,-3.00084
20.5953,-7.5644,-11.6796,-6.75868,-3.68922,-2.94081,-3.86785,4.43029,4.51697,2.27574,11.9194,-2.14005,7.88703,-8.90613,-8.90613,-5.93742,-2.96871,-2.96871,-2.96871
20.6003,-7.44843,-11.6362,-6.69329,-3.66674,-2.90251,-3.8503,5.6039,4.73316,2.35448,11.2005,-1.5673,6.22418,-8.81106,-8.81106,-5.87404,-2.93702,-2.93702,-2.93702
20.6053,-7.36213,-11.5945,-6.63679,-3.63901,-2.87372,-3.81771,4.55087,6.04807,1.96261,12.2698,-3.27173,8.17951,-8.71545,-8.71545,-5.8103,-2.90515,-2.90515,-2.90515
20.6105,-7.26639,-11.568,-6.57618,-3.61819,-2.83836,-3.79129,5.33342,6.95276,2.08404,11.1684,-1.91403,5.19021,-8.61544,-8.61544,-5.74363,-2.87181,-2.87181,-2.87181
20.6153,-7.18678,-11.5633,-6.52118,-3.59325,-2.8112,-3.75152,5.31545,8.61323,2.66378,11.0795,-3.23665,7.76747,-8.52261,-8.52261,-5.68174,-2.84087,-2.84087,-2.84087
20.6202,-7.10881,-11.5987,-6.47644,-3.56326,-2.77775,-3.71419,4.65283,9.79059,2.39128,10.6668,-2.59772,7.2886,-8.42735,-8.42735,-5.61824,-2.80912,-2.80912,-2.80912
20.6254,-7.01711,-11.6713,-6.43378,-3.52626,-2.74334,-3.6755,4.60636,10.7725,2.03928,12.3469,-2.70612,8.43876,-8.32572,-8.32572,-5.55048,-2.77524,-2.77524,-2.77524
20.6302,-6.92477,-11.756,-6.39228,-3.49855,-2.71262,-3.64935,4.33868,11.1273,2.50517,10.999,-2.43948,7.08252,-8.2314,-8.2314,-5.4876,-2.7438,-2.7438,-2.7438
20.6352,-6.82219,-11.8478,-6.35442,-3.46402,-2.68372,-3.61925,2.2266,12.2106,2.75494,11.645,-2.63799,8.56485,-8.13266,-8.13266,-5.42178,-2.71089,-2.71089,-2.71089
20.6401,-6.68947,-11.9364,-6.31952,-3.42787,-2.65463,-3.60084,2.12935,12.1133,2.6901,11.6126,-2.67041,8.53243,-8.03541,-8.03541,-5.35694,-2.67847,-2.67847,-2.67847
20.6452,-6.54183,-12.0093,-6.28328,-3.38773,-2.6233,-3.59175,2.02763,12.0116,2.62228,11.5787,-2.70432,8.49852,-7.93369,-7.93369,-5.28912,-2.64456,-2.64456,-2.64456
20.6505,-6.3855,-12.0284,-6.25866,-3.34617,-2.59246,-3.59034,2.62269,11.929,2.46576,12.8597,-2.4251,6.7657,-7.82743,-7.82743,-5.21829,-2.60914,-2.60914,-2.60914
20.6552,-6.24754,-11.966,-6.24271,-3.31503,-2.57077,-3.57545,4.12765,12.3544,2.30023,10.4767,-3.4751,6.3781,-7.73275,-7.73275,-5.15517,-2.57758,-2.57758,-2.57758
20.6602,-6.11398,-11.876,-6.23747,-3.27292,-2.54544,-3.54743,4.29832,12.1113,2.7281,9.65637,-3.59163,7.25517,-7.63156,-7.63156,-5.08771,-2.54385,-2.54385,-2.54385
20.6652,-6.00587,-11.7754,-6.23621,-3.22479,-2.51636,-3.51853,4.19667,12.0097,2.66033,9.62249,-3.62551,7.22129,-7.52991,-7.52991,-5.01994,-2.50997,-2.50997,-2.50997
20.6703,-5.93785,-11.6705,-6.24146,-3.1739,-2.48559,-3.48779,4.29738,12.0513,1.82803,10.333,-3.78443,6.34201,-7.42574,-7.42574,-4.95049,-2.47525,-2.47525,-2.47525
20.6752,-5.89686,-11.5688,-6.23021,-3.12477,-2.45405,-3.45222,4.15745,12.2187,2.87707,10.4485,-2.1371,6.73906,-7.32521,-7.32521,-4.88347,-2.44174,-2.44174,-2.44174
20.6802,-5.87348,-11.4644,-6.22903,-3.07492,-2.43519,-3.41442,4.01502,13.2977,1.91595,9.81799,-2.65169,7.47475,-7.22218,-7.22218,-4.81478,-2.40739,-2.40739,-2.40739
20.6853,-5.84988,-11.3575,-6.20622,-3.02379,-2.42172,-3.38134,3.96068,12.5853,1.49029,11.356,-2.96011,6.67781,-7.11662,-7.11662,-4.74442,-2.37221,-2.37221,-2.37221
20.6906,-5.80981,-11.2458,-6.15249,-2.97256,-2.40677,-3.34641,3.68503,11.8881,1.57986,12.7021,-4.52036,7.6678,-7.00645,-7.00645,-4.67097,-2.33548,-2.33548,-2.33548
20.6953,-5.74402,-11.1462,-6.09133,-2.93347,-2.37728,-3.32281,3.33082,11.2817,1.60641,12.7356,-3.20342,7.46122,-6.90834,-6.90834,-4.60556,-2.30278,-2.30278,-2.30278
20.7002,-5.66055,-11.0417,-6.01937,-2.90323,-2.34607,-3.30396,2.76716,9.83552,1.78667,11.8071,-4.08221,6.81427,-6.80566,-6.80566,-4.53711,-2.26855,-2.26855,-2.26855
20.7053,-5.55269,-10.9318,-5.94154,-2.8754,-2.30835,-3.282,3.42028,11.4185,2.52814,10.9682,-1.83269,6.46387,-6.69836,-6.69836,-4.46557,-2.23279,-2.23279,-2.23279
20.7103,-5.444,-10.8235,-5.87242,-2.84395,-2.28406,-3.25671,2.75518,11.9905,1.75758,12.2992,-2.85322,5.67518,-6.59274,-6.59274,-4.39516,-2.19758,-2.19758,-2.19758
20.7153,-5.32874,-10.7151,-5.80268,-2.82769,-2.26406,-3.22198,2.97224,12.0382,2.21358,11.262,-3.5758,6.0704,-6.48672,-6.48672,-4.32448,-2.16224,-2.16224,-2.16224
20.7205,-5.21132,-10.602,-5.73668,-2.81138,-2.23987,-3.18288,3.14523,12.3648,1.41038,10.5295,-2.98342,6.31502,-6.37603,-6.37603,-4.25069,-2.12534,-2.12534,-2.12534
20.7252,-5.11221,-10.4998,-5.67165,-2.78961,-2.22309,-3.14738,2.41442,12.0714,1.67156,11.4566,-3.59649,4.48479,-6.27562,-6.27562,-4.18374,-2.09187,-2.09187,-2.09187
20.7303,-4.99825,-10.3888,-5.60406,-2.76803,-2.20373,-3.10173,2.50207,12.0566,1.53388,12.0163,-3.04506,6.9489,-6.16627,-6.16627,-4.11085,-2.05542,-2.05542,-2.05542
20.7352,-4.88449,-10.2821,-5.53806,-2.75484,-2.18821,-3.06217,2.06568,12.3373,1.69767,11.5671,-4.30564,5.45648,-6.06084,-6.06084,-4.04056,-2.02028,-2.02028,-2.02028
20.7403,-4.76101,-10.1709,-5.46793,-2.74262,-2.16054,-3.01848,1.74675,10.9033,0.890674,11.2323,-4.3175,6.47134,-5.95073,-5.95073,-3.96715,-1.98358,-1.98358,-1.98358
20.7455,-4.62977,-10.0571,-5.38761,-2.7266,-2.12449,-2.97623,2.02809,11.9648,1.30462,11.8241,-5.28242,6.41722,-5.83807,-5.83807,-3.89204,-1.94602,-1.94602,-1.94602
20.7503,-4.50665,-9.95188,-5.31106,-2.71449,-2.08296,-2.93981,1.32092,10.7572,1.52766,11.3836,-3.83508,5.6124,-5.73372,-5.73372,-3.82248,-1.91124,-1.91124,-1.91124
20.7553,-4.37692,-9.84185,-5.23166,-2.70276,-2.04059,-2.90011,2.29538,12.3384,1.93567,11.0988,-3.27527,6.62761,-5.62468,-5.62468,-3.74979,-1.87489,-1.87489,-1.87489
20.7603,-4.25501,-9.73184,-5.15853,-2.68789,-2.00181,-2.86453,2.05992,12.363,1.31307,11.1617,-4.30533,6.37587,-5.5153,-5.5153,-3.67686,-1.83843,-1.83843,-1.83843
20.7655,-4.13428,-9.61745,-5.07967,-2.67283,-1.95955,-2.83009,1.04353,12.8911,1.20146,12.1835,-4.69113,5.86587,-5.40117,-5.40117,-3.60078,-1.80039,-1.80039,-1.80039
20.7706,-4.00991,-9.5055,-5.00225,-2.66937,-1.91621,-2.79472,1.76654,12.046,1.16214,10.9703,-3.88399,5.52209,-5.2889,-5.2889,-3.52593,-1.76297,-1.76297,-1.76297
20.7753,-3.90361,-9.4023,-4.93,-2.66145,-1.87822,-2.75959,1.86764,11.5009,1.75967,11.1262,-3.95171,7.06897,-5.18512,-5.18512,-3.45675,-1.72837,-1.72837,-1.72837
20.7807,-3.79848,-9.28346,-4.8505,-2.65355,-1.83591,-2.728,1.96477,10.9164,1.40616,12.4194,-5.10108,4.76868,-5.06555,-5.06555,-3.37703,-1.68852,-1.68852,-1.68852
20.7853,-3.72151,-9.18195,-4.78482,-2.6644,-1.79616,-2.69215,1.37406,11.0862,1.00993,11.1682,-4.65489,5.33079,-4.9634,-4.9634,-3.30893,-1.65447,-1.65447,-1.65447
20.7904,-3.62923,-9.06915,-4.70786,-2.6721,-1.7514,-2.65092,1.42992,10.8386,1.19757,10.9813,-6.22455,6.04641,-4.84984,-4.84984,-3.23323,-1.61661,-1.61661,-1.61661
20.7953,-3.53216,-8.96054,-4.634,-2.66864,-1.70455,-2.61358,0.304009,11.5763,0.537349,11.4582,-3.71905,3.84887,-4.74045,-4.74045,-3.1603,-1.58015,-1.58015,-1.58015
20.8003,-3.41247,-8.84974,-4.55442,-2.65849,-1.65955,-2.5686,1.48835,11.5117,0.262098,12.0998,-4.17864,5.23572,-4.62853,-4.62853,-3.08569,-1.54284,-1.54284,-1.54284
20.8053,-3.3012,-8.73901,-4.47111,-2.65531,-1.61683,-2.52371,0.706349,11.1749,1.25111,13.1057,-4.96124,5.94352,-4.51633,-4.51633,-3.01089,-1.50544,-1.50544,-1.50544
20.8104,-3.18152,-8.62607,-4.39335,-2.6603,-1.5734,-2.48077,0.591616,11.0602,1.17462,13.0675,-4.99948,5.90528,-4.4016,-4.4016,-2.9344,-1.4672,-1.4672,-1.4672
20.8152,-3.06385,-8.51978,-4.32785,-2.67665,-1.53144,-2.4429,0.877373,12.2167,0.500536,10.9531,-4.29864,5.81124,-4.29335,-4.29335,-2.86224,-1.43112,-1.43112,-1.43112
20.8202,-2.94614,-8.40939,-4.25831,-2.67637,-1.49063,-2.4065,0.665861,11.556,0.732424,10.6091,-3.69875,5.56657,-4.18034,-4.18034,-2.78689,-1.39345,-1.39345,-1.39345
20.8254,-2.82753,-8.29474,-4.18786,-2.65653,-1.45678,-2.37069,0.548055,11.4382,0.653887,10.5698,-3.73802,5.5273,-4.06254,-4.06254,-2.70836,-1.35418,-1.35418,-1.35418
20.8305,-2.71166,-8.18238,-4.11967,-2.6313,-1.42969,-2.33671,-0.497589,11.0033,0.0876241,12.1955,-5.11798,6.12626,-3.94673,-3.94673,-2.63115,-1.31558,-1.31558,-1.31558
20.8352,-2.59203,-8.07881,-4.04904,-2.6133,-1.40124,-2.31209,-0.604535,10.8963,0.0163269,12.1598,-5.15363,6.09061,-3.83979,-3.83979,-2.55986,-1.27993,-1.27993,-1.27993
20.8402,-2.45842,-7.96852,-3.96876,-2.60119,-1.36717,-2.29204,-0.399396,9.93128,0.644656,11.211,-5.60563,6.19337,-3.72578,-3.72578,-2.48386,-1.24193,-1.24193,-1.24193
20.8453,-2.3239,-7.85571,-3.89032,-2.58658,-1.32754,-2.27852,-0.523795,10.8431,0.171967,9.88881,-4.50183,4.53165,-3.60927,-3.60927,-2.40618,-1.20309,-1.20309,-1.20309
20.8502,-2.19499,-7.74724,-3.81166,-2.55723,-1.29247,-2.25303,0.226898,10.664,0.671939,12.8157,-5.14366,6.24962,-3.4971,-3.4971,-2.3314,-1.1657,-1.1657,-1.1657
20.8553,-2.07339,-7.63428,-3.73436,-2.54593,-1.25565,-2.2347,0.0705326,10.5903,0.405862,12.0149,-4.97565,6.27687,-3.38013,-3.38013,-2.25342,-1.12671,-1.12671,-1.12671
20.8603,-1.9605,-7.52337,-3.6568,-2.54006,-1.21908,-2.22441,-0.64717,11.1058,0.565443,10.3869,-3.87958,3.43166,-3.26525,-3.26525,-2.17683,-1.08842,-1.08842,-1.08842
20.8652,-1.8475,-7.41472,-3.58329,-2.51955,-1.1921,-2.19243,-0.519611,10.339,-0.0531437,11.9224,-5.12606,5.1991,-3.15247,-3.15247,-2.10165,-1.05082,-1.05082,-1.05082
20.8702,-1.73426,-7.30376,-3.50532,-2.50324,-1.16298,-2.16044,-0.433945,10.6572,0.396687,11.3293,-5.56192,4.88744,-3.03719,-3.03719,-2.0248,-1.0124,-1.0124,-1.0124
20.8753,-1.62692,-7.19056,-3.42853,-2.48764,-1.12859,-2.12672,-1.14272,9.56226,-0.404969,10.0977,-7.17438,3.98706,-2.91942,-2.91942,-1.94628,-0.973141,-0.973141,-0.973141
20.8803,-1.51501,-7.07924,-3.34599,-2.46068,-1.08414,-2.08695,-1.12046,9.87608,0.140754,10.3986,-6.62505,4.49499,-2.80378,-2.80378,-1.86918,-0.934592,-0.934592,-0.934592
20.8853,-1.40396,-6.96767,-3.2637,-2.43059,-1.03697,-2.04564,-1.55542,10.3276,-0.118288,13.465,-6.63881,6.02959,-2.68796,-2.68796,-1.79197,-0.895986,-0.895986,-0.895986
20.8903,-1.28464,-6.85599,-3.17948,-2.42836,-0.988183,-2.01106,-0.0126671,10.255,0.270459,9.77488,-5.52656,2.356,-2.57197,-2.57197,-1.71465,-0.857324,-0.857324,-0.857324
20.8953,-1.18802,-6.74425,-3.09871,-2.40375,-0.94012,-1.96532,0.19033,9.97335,-0.0285102,9.76101,-5.47419,5.04969,-2.45583,-2.45583,-1.63722,-0.81861,-0.81861,-0.81861
20.9003,-1.11813,-6.63246,-3.01983,-2.36595,-0.892926,-1.92136,1.05904,11.0194,0.26807,10.8566,-4.85883,4.42305,-2.33954,-2.33954,-1.55969,-0.779845,-0.779845,-0.779845
20.9054,-1.08898,-6.51868,-2.94467,-2.32582,-0.84743,-1.87678,1.06241,10.2938,-0.128789,11.6699,-4.55894,5.3191,-2.22077,-2.22077,-1.48051,-0.740255,-0.740255,-0.740255
20.9102,-1.09099,-6.41162,-2.87295,-2.29629,-0.808924,-1.83875,0.497393,8.34193,0.555272,11.8562,-4.28989,3.43535,-2.10885,-2.10885,-1.4059,-0.702951,-0.702951,-0.702951
20.9152,-1.07467,-6.29966,-2.80538,-2.27508,-0.776548,-1.79517,0.88501,10.3528,0.18487,11.8586,-3.60843,4.14993,-1.99215,-1.99215,-1.3281,-0.66405,-0.66405,-0.66405
20.9202,-1.04192,-6.18784,-2.73964,-2.2652,-0.759349,-1.75178,-0.252277,10.5354,-1.15746,10.4866,-3.74673,4.90587,-1.87532,-1.87532,-1.25022,-0.625108,-0.625108,-0.625108
20.9253,-0.959368,-6.07391,-2.65591,-2.25425,-0.753917,-1.71109,0.00668118,10.4792,0.957514,11.2831,-5.58325,3.82283,-1.75604,-1.75604,-1.17069,-0.585347,-0.585347,-0.585347
20.9302,-0.862382,-5.96456,-2.58774,-2.2535,-0.736967,-1.67009,0.171711,7.81925,-0.42939,11.1869,-6.08517,3.95019,-1.64133,-1.64133,-1.09422,-0.54711,-0.54711,-0.54711
20.9352,-0.748401,-5.85237,-2.50901,-2.2638,-0.704861,-1.62742,0.909539,9.32932,0.909529,11.2969,-4.1453,2.5615,-1.52418,-1.52418,-1.01612,-0.50806,-0.50806,-0.50806
20.9402,-0.641784,-5.74,-2.43893,-2.28645,-0.678624,-1.5806,-8.80947,12.6674,-2.56488,19.4302,-6.29578,5.72678,-1.40693,-1.40693,-0.937955,-0.468978,-0.468978,-0.468978
20.9455,-0.476649,-5.62182,-2.34297,-2.34135,-0.640956,-1.53805,-6.92052,12.9805,-1.22869,15.7455,-6.42004,3.84716,-1.28256,-1.28256,-0.855039,-0.427519,-0.427519,-0.427519
20.9504,-0.321627,-5.5135,-2.25398,-2.39338,-0.601185,-1.4979,-3.09165,9.31541,-1.40363,12.5608,-7.25328,3.15468,-1.16749,-1.16749,-0.778327,-0.389163,-0.389163,-0.389163
20.9552,-0.170626,-5.40733,-2.16729,-2.44398,-0.558095,-1.45562,-2.44402,8.8165,-1.38895,10.4366,-7.47303,4.07757,-1.0547,-1.0547,-0.703136,-0.351568,-0.351568,-0.351568
20.9602,-0.0151116,-5.29656,-2.07782,-2.49471,-0.510797,-1.41257,-2.76251,8.24585,-1.19771,9.0809,-7.4377,3.47534,-0.937155,-0.937155,-0.62477,-0.312385,-0.312385,-0.312385
20.9653,0.141007,-5.18327,-1.98957,-2.53298,-0.461395,-1.36786,-3.76897,7.70825,-1.34874,8.27916,-7.79232,3.78312,-0.817195,-0.817195,-0.544796,-0.272398,-0.272398,-0.272398
20.9703,0.29181,-5.0718,-1.90474,-2.52124,-0.41188,-1.32444,-4.45004,9.04446,-1.6111,10.3928,-7.9723,1.97198,-0.699536,-0.699536,-0.466357,-0.233179,-0.233179,-0.233179
20.9753,0.441757,-4.96034,-1.82049,-2.49469,-0.361669,-1.27696,-4.66625,7.62655,-1.96963,10.7012,-8.97202,4.11866,-0.581834,-0.581834,-0.387889,-0.193945,-0.193945,-0.193945
20.9803,0.590805,-4.84863,-1.73512,-2.45762,-0.310806,-1.2314,-4.78398,7.50882,-2.04812,10.662,-9.01126,4.07942,-0.464096,-0.464096,-0.309397,-0.154699,-0.154699,-0.154699
20.9852,0.738114,-4.73863,-1.6467,-2.41756,-0.260407,-1.18887,-4.22171,9.14671,-2.03519,9.66307,-8.77649,4.18999,-0.348685,-0.348685,-0.232457,-0.116228,-0.116228,-0.116228
20.9901,0.881553,-4.62886,-1.55939,-2.37161,-0.20985,-1.14943,-4.33715,9.03127,-2.11215,9.62459,-8.81497,4.15151,-0.233254,-0.233254,-0.155503,-0.0777513,-0.0777513,-0.0777513
20.9954,1.03153,-4.51025,-1.46493,-2.3198,-0.154959,-1.11016,-4.22956,8.1578,-1.37611,10.146,-9.02219,3.44749,-0.108384,-0.108384,-0.072256,-0.036128,-0.036128,-0.036128
21.0003,1.16252,-4.40051,-1.38396,-2.27172,-0.104052,-1.07291,-3.99829,8.98401,-1.96095,9.75148,-7.95116,2.57272,0.00706858,0.00706858,0.00471239,0.00235619,0.00235619,0.00235619
21.0052,1.28062,-4.29101,-1.30582,-2.22324,-0.0532053,-1.03137,-3.52274,10.4997,-2.02956,11.7582,-7.32724,4.35584,0.122521,0.122521,0.0816805,0.0408403,0.0408403,0.0408403
21.0104,1.38565,-4.17552,-1.22807,-2.17462,0.000568099,-0.992548,-3.71223,10.129,-1.68488,13.4064,-6.39932,5.3914,0.245033,0.245033,0.163356,0.0816778,0.0816778,0.0816778
21.0155,1.47821,-4.06288,-1.16319,-2.14223,0.0528458,-0.970384,-3.65901,10.3752,-2.10355,13.1594,-5.54512,3.0992,0.365174,0.365174,0.243449,0.121725,0.121725,0.121725
21.0202,1.55427,-3.95972,-1.10748,-2.13143,0.0997758,-0.943366,-4.25039,10.891,-1.04457,11.4996,-6.02914,3.1865,0.475871,0.475871,0.317248,0.158624,0.158624,0.158624
21.0252,1.64417,-3.8506,-1.06803,-2.1203,0.147425,-0.911569,-4.24599,9.17759,-1.7626,12.3546,-6.29195,3.88417,0.593606,0.593606,0.395737,0.197869,0.197869,0.197869
21.0302,1.73625,-3.74162,-1.02675,-2.11916,0.191054,-0.88301,-4.4346,9.5879,-1.87032,12.688,-8.11138,4.3169,0.711304,0.711304,0.474203,0.237101,0.237101,0.237101
21.0353,1.83303,-3.63057,-0.974824,-2.13189,0.237654,-0.862091,-4.26699,11.1266,-1.46545,10.0729,-6.9425,3.87118,0.831311,0.831311,0.554207,0.277104,0.277104,0.277104
21.0403,1.93154,-3.52233,-0.930691,-2.11893,0.280315,-0.844954,-3.85663,8.77107,-1.8051,11.6649,-8.73706,2.9957,0.948912,0.948912,0.632608,0.316304,0.316304,0.316304
21.0452,2.0213,-3.41604,-0.877435,-2.10435,0.326074,-0.820861,-3.77483,8.77013,-2.01565,13.0423,-7.5997,2.2949,1.06411,1.06411,0.709404,0.354702,0.354702,0.354702
21.0502,2.11124,-3.3075,-0.816336,-2.10172,0.372216,-0.785947,-5.18856,9.10182,-1.86407,12.1337,-7.15862,3.54742,1.18158,1.18158,0.787723,0.393861,0.393861,0.393861
21.0553,2.22228,-3.19671,-0.751058,-2.09988,0.418206,-0.753282,-5.4344,9.49816,-2.30339,11.1499,-8.3329,4.03742,1.30134,1.30134,0.867558,0.433779,0.433779,0.433779
21.0602,2.34615,-3.09048,-0.685509,-2.08279,0.463284,-0.729772,-5.82518,10.2855,-2.96106,11.0371,-8.60307,2.79849,1.41632,1.41632,0.944211,0.472105,0.472105,0.472105
21.0652,2.47936,-2.98248,-0.609938,-2.05727,0.510417,-0.700826,-5.96605,9.13205,-2.39759,11.3789,-7.5409,2.59382,1.53355,1.53355,1.02237,0.511185,0.511185,0.511185
21.0703,2.6189,-2.87238,-0.533864,-2.03021,0.557024,-0.665315,-5.8452,8.99676,-2.95168,9.62509,-8.21829,2.31387,1.65304,1.65304,1.10203,0.551013,0.551013,0.551013
21.0756,2.76596,-2.75788,-0.446397,-1.98716,0.606554,-0.623414,-6.08746,7.99016,-2.99258,9.61683,-9.49337,3.10051,1.7771,1.7771,1.18473,0.592366,0.592366,0.592366
21.0803,2.8947,-2.6561,-0.366252,-1.94558,0.652504,-0.587618,-5.16903,9.61779,-2.18179,11.0789,-8.6606,2.7658,1.88701,1.88701,1.25801,0.629004,0.629004,0.629004
21.0853,3.01428,-2.5481,-0.287962,-1.90673,0.70152,-0.548983,-5.21099,8.63807,-3.30675,11.3961,-8.69954,2.1721,2.00383,2.00383,1.33588,0.667942,0.667942,0.667942
21.0903,3.11719,-2.44002,-0.203752,-1.87279,0.750856,-0.507466,-6.13932,8.07228,-3.33439,11.4482,-10.0218,1.03196,2.12052,2.12052,1.41368,0.706839,0.706839,0.706839
21.0955,3.22797,-2.32746,-0.113706,-1.84208,0.803316,-0.459192,-6.04384,8.86516,-2.93032,13.925,-7.79353,0.925315,2.24174,2.24174,1.49449,0.747245,0.747245,0.747245
21.1004,3.33235,-2.22158,-0.0327538,-1.8454,0.852046,-0.411475,-5.96093,8.18367,-2.47761,12.206,-9.46272,1.77324,2.35583,2.35583,1.57055,0.785275,0.785275,0.785275
21.1053,3.44087,-2.11565,0.0413979,-1.855,0.901216,-0.363629,-6.9141,9.78362,-3.91835,10.8184,-8.39946,2.6295,2.46978,2.46978,1.64652,0.823258,0.823258,0.823258
21.1104,3.56525,-2.00586,0.124069,-1.85411,0.951802,-0.314951,-6.96556,9.01118,-2.73495,11.2923,-8.10774,2.19258,2.58822,2.58822,1.72548,0.86274,0.86274,0.86274
21.1153,3.68624,-1.90064,0.194336,-1.85412,0.999273,-0.268535,-7.04374,7.93224,-2.96746,12.5792,-8.5679,2.21266,2.70186,2.70186,1.80124,0.900621,0.900621,0.900621
21.1202,3.80603,-1.79536,0.259331,-1.86747,1.0459,-0.222317,-6.07767,8.25215,-3.8206,11.2498,-6.56057,1.42135,2.81535,2.81535,1.8769,0.938449,0.938449,0.938449
21.1252,3.91319,-1.68795,0.333189,-1.87266,1.08612,-0.174149,-6.9419,8.24682,-3.00107,11.5755,-7.67551,0.977088,2.93098,2.93098,1.95398,0.976992,0.976992,0.976992
21.1305,4.01957,-1.57437,0.396462,-1.86979,1.11858,-0.122041,-7.06426,8.12446,-3.08265,11.5347,-7.7163,0.936298,3.05334,3.05334,2.03556,1.01778,1.01778,1.01778
21.1352,4.12134,-1.47363,0.450734,-1.85972,1.14204,-0.0752377,-7.10956,9.20202,-2.95842,13.6348,-9.93005,1.70335,3.16168,3.16168,2.10779,1.05389,1.05389,1.05389
21.1403,4.23095,-1.36459,0.505735,-1.86726,1.1791,-0.0246389,-7.70367,7.61115,-3.37942,11.6748,-9.62142,2.59158,3.27905,3.27905,2.18603,1.09302,1.09302,1.09302
21.1452,4.34814,-1.25954,0.568106,-1.87227,1.2207,0.0226323,-7.76895,8.06199,-3.80976,9.87356,-11.4557,2.4547,3.39161,3.39161,2.26107,1.13054,1.13054,1.13054
21.1502,4.47015,-1.15234,0.638002,-1.85057,1.26903,0.06885,-10.5195,8.76294,-5.77347,12.2365,-13.0009,3.16997,3.50626,3.50626,2.33751,1.16875,1.16875,1.16875
21.1554,4.61938,-1.04105,0.730773,-1.83729,1.32196,0.111605,-10.7291,8.68723,-3.6186,13.1657,-10.8712,2.0539,3.62527,3.62527,2.41685,1.20842,1.20842,1.20842
21.1603,4.76445,-0.936541,0.807902,-1.84237,1.37198,0.151343,-9.20985,6.59351,-4.11121,9.30297,-9.89005,0.849109,3.73719,3.73719,2.49146,1.24573,1.24573,1.24573
21.1653,4.90813,-0.829568,0.884426,-1.81521,1.42291,0.195703,-8.06697,7.11783,-4.10151,9.06628,-8.93444,0.951876,3.85117,3.85117,2.56745,1.28372,1.28372,1.28372
21.1704,5.03213,-0.720419,0.955871,-1.77114,1.47409,0.242828,-7.48561,7.86071,-4.1475,10.6174,-8.84064,2.30424,3.96719,3.96719,2.64479,1.3224,1.3224,1.3224
21.1754,5.11034,-0.613532,1.02293,-1.72573,1.52315,0.286566,-8.58016,6.62822,-3.95982,8.69997,-9.71475,1.73649,4.08068,4.08068,2.72045,1.36023,1.36023,1.36023
21.1804,5.18159,-0.506481,1.08317,-1.67571,1.57159,0.329055,-8.44912,7.06268,-3.71972,10.3513,-10.0257,1.89747,4.19392,4.19392,2.79594,1.39797,1.39797,1.39797
21.1853,5.2532,-0.401552,1.13304,-1.62634,1.61877,0.36843,-8.34314,6.79436,-4.13212,11.3825,-10.2365,1.85228,4.30464,4.30464,2.86976,1.43488,1.43488,1.43488
21.1905,5.33008,-0.290036,1.19045,-1.57485,1.66907,0.408079,-7.92058,7.11054,-5.19466,10.8135,-12.387,2.62465,4.42186,4.42186,2.94791,1.47395,1.47395,1.47395
21.1955,5.39446,-0.182737,1.26485,-1.52544,1.71945,0.438876,-7.77298,6.2455,-3.83797,9.75767,-10.222,1.21269,4.5343,4.5343,3.02287,1.51143,1.51143,1.51143
21.2003,5.442,-0.0795001,1.32952,-1.47725,1.76771,0.472496,-7.43938,7.18982,-4.2964,11.4606,-12.0132,0.0921143,4.64198,4.64198,3.09465,1.54733,1.54733,1.54733
21.2052,5.46752,0.0258016,1.39374,-1.43034,1.81757,0.514068,-7.47022,7.42688,-4.75406,12.2189,-9.83075,0.337085,4.75162,4.75162,3.16775,1.58387,1.58387,1.58387
21.2102,5.47985,0.133125,1.46478,-1.39061,1.86809,0.559137,-9.53606,7.22868,-4.08024,12.0657,-10.4227,1.15273,4.86322,4.86322,3.24215,1.62107,1.62107,1.62107
21.2154,5.55463,0.244652,1.53236,-1.36293,1.92051,0.605478,-9.179,6.62824,-5.11671,11.8864,-9.63329,2.58799,4.97896,4.97896,3.31931,1.65965,1.65965,1.65965
21.2203,5.64534,0.349827,1.60619,-1.35293,1.96928,0.642161,-8.7795,6.57078,-4.30305,12.3967,-10.423,1.29317,5.08772,5.08772,3.39181,1.69591,1.69591,1.69591
21.2254,5.7396,0.459331,1.67689,-1.35978,2.01979,0.679799,-9.89314,7.4389,-4.61029,10.3636,-10.7091,1.08167,5.2006,5.2006,3.46706,1.73353,1.73353,1.73353
21.2305,5.85177,0.568505,1.74091,-1.35139,2.07002,0.718218,-9.3477,8.10646,-4.75638,11.3611,-10.8294,1.62375,5.31314,5.31314,3.54209,1.77105,1.77105,1.77105
21.2354,5.95526,0.673039,1.80308,-1.34007,2.11826,0.75223,-9.34913,6.91125,-4.98501,11.5735,-10.0207,-0.275184,5.42095,5.42095,3.61397,1.80698,1.80698,1.80698
21.2404,6.05441,0.779644,1.86901,-1.33131,2.16648,0.794366,-9.13179,7.66047,-4.55653,11.1975,-12.6323,0.185057,5.53063,5.53063,3.68709,1.84354,1.84354,1.84354
21.2452,6.1414,0.881762,1.92776,-1.32153,2.21448,0.837233,-9.91444,7.5043,-5.46878,9.45677,-10.1171,-0.545454,5.6356,5.6356,3.75707,1.87853,1.87853,1.87853
21.2502,6.24148,0.987919,1.99719,-1.29176,2.26372,0.884736,-10.642,7.7538,-5.47248,9.98353,-12.563,-0.523828,5.7446,5.7446,3.82974,1.91487,1.91487,1.91487
21.2552,6.35552,1.09378,2.07069,-1.25711,2.31412,0.933652,-10.5497,6.61685,-4.97643,12.0587,-13.0794,-0.0715248,5.85325,5.85325,3.90217,1.95108,1.95108,1.95108
21.2604,6.47676,1.20384,2.1418,-1.23907,2.36729,0.984879,-10.8042,7.84383,-5.63252,10.9862,-12.322,0.379458,5.96587,5.96587,3.97724,1.98862,1.98862,1.98862
21.2653,6.59545,1.30716,2.21138,-1.22693,2.41757,1.03286,-10.248,8.23848,-5.3749,8.71533,-11.2726,1.02317,6.07162,6.07162,4.04775,2.02387,2.02387,2.02387
21.2703,6.70712,1.4122,2.28239,-1.19472,2.4688,1.08055,-9.95368,7.34294,-5.02232,10.6418,-10.6709,0.515361,6.17916,6.17916,4.11944,2.05972,2.05972,2.05972
21.2754,6.79571,1.51905,2.34288,-1.16632,2.52064,1.12848,-9.64927,6.58745,-6.04613,11.4002,-11.8417,0.735609,6.28845,6.28845,4.1923,2.09615,2.09615,2.09615
21.2804,6.85586,1.6239,2.41501,-1.14874,2.57155,1.17419,-10.9302,8.33248,-5.07858,8.90546,-12.283,-0.252179,6.39522,6.39522,4.26348,2.13174,2.13174,2.13174
21.2853,6.92781,1.72598,2.467,-1.11544,2.6214,1.22,-11.0344,8.22824,-5.14807,8.87071,-12.3178,-0.286927,6.49946,6.49946,4.33297,2.16649,2.16649,2.16649
21.2906,7.034,1.83606,2.52145,-1.06928,2.67543,1.27022,-11.9544,6.47692,-5.42986,10.0174,-11.7756,0.0565133,6.61178,6.61178,4.40785,2.20393,2.20393,2.20393
21.2953,7.14948,1.93369,2.56592,-1.02878,2.7232,1.31465,-11.9118,7.5557,-6.38217,12.046,-12.3634,-0.00968058,6.711,6.711,4.474,2.237,2.237,2.237
21.3002,7.26888,2.03515,2.6244,-1.00059,2.77306,1.36084,-11.3372,6.67654,-5.32227,9.77605,-13.4411,0.038768,6.81406,6.81406,4.5427,2.27135,2.27135,2.27135
21.3052,7.38273,2.13862,2.67361,-0.966943,2.82429,1.40764,-11.1582,7.3204,-6.65655,8.14313,-13.0123,-0.832426,6.9188,6.9188,4.61253,2.30627,2.30627,2.30627
21.3102,7.47752,2.24177,2.73672,-0.923171,2.87567,1.45569,-11.3217,5.52969,-5.9507,10.5427,-13.4114,-0.892037,7.02311,7.02311,4.68207,2.34104,2.34104,2.34104
21.3153,7.55869,2.34734,2.79984,-0.884758,2.92828,1.50554,-11.1518,6.42843,-5.85832,12.569,-12.5525,-2.14452,7.12907,7.12907,4.75271,2.37636,2.37636,2.37636
21.3203,7.6208,2.45082,2.85814,-0.872499,2.97985,1.55584,-12.3545,7.3061,-6.81971,8.22897,-13.8455,-1.71531,7.2325,7.2325,4.82167,2.41083,2.41083,2.41083
21.3253,7.70925,2.55402,2.92879,-0.836515,3.0316,1.60663,-12.7451,5.78471,-6.1485,8.66664,-12.7621,-1.61716,7.33549,7.33549,4.89032,2.44516,2.44516,2.44516
21.3302,7.81487,2.65546,2.99873,-0.793188,3.08233,1.65666,-12.1088,5.91673,-6.53945,11.2413,-11.9013,-1.69206,7.43597,7.43597,4.95732,2.47866,2.47866,2.47866
21.3353,7.92356,2.7612,3.07458,-0.753186,3.13495,1.7089,-12.5203,6.65571,-5.86482,9.74934,-10.2883,-0.758005,7.54009,7.54009,5.02673,2.51336,2.51336,2.51336
21.3404,8.02904,2.86669,3.138,-0.712187,3.18679,1.76103,-11.9186,6.58757,-5.727,8.33199,-10.6789,-0.742871,7.64373,7.64373,5.09582,2.54791,2.54791,2.54791
21.3456,8.11459,2.97396,3.18612,-0.665126,3.23813,1.81402,-11.8307,6.3011,-6.50562,9.87013,-13.5871,-0.405326,7.7489,7.7489,5.16593,2.58297,2.58297,2.58297
21.3503,8.17247,3.07063,3.23002,-0.625435,3.28511,1.8616,-11.3501,5.785,-6.57496,10.9647,-12.0537,-0.478262,7.8435,7.8435,5.229,2.6145,2.6145,2.6145
21.3554,8.20901,3.1757,3.28514,-0.59147,3.33553,1.91285,-12.453,5.11152,-7.05481,9.70524,-15.0934,-0.1894,7.94568,7.94568,5.29712,2.64856,2.64856,2.64856
21.3603,8.27056,3.27699,3.3508,-0.556935,3.38538,1.96134,-13.2166,4.90343,-6.23169,10.0784,-13.205,-0.147443,8.04337,8.04337,5.36225,2.68112,2.68112,2.68112
21.3653,8.36241,3.3806,3.41107,-0.525716,3.4363,2.00971,-13.4497,5.37954,-7.90084,10.1695,-15.2253,-0.197067,8.14256,8.14256,5.42837,2.71419,2.71419,2.71419
21.3704,8.46832,3.48642,3.49187,-0.501856,3.48887,2.0575,-13.3455,5.42858,-6.60109,9.00156,-14.5136,-0.247179,8.24322,8.24322,5.49548,2.74774,2.74774,2.74774
21.3753,8.57352,3.58797,3.56006,-0.475539,3.53953,2.10155,-12.8074,5.65547,-6.69867,8.19119,-13.3948,-0.37033,8.33943,8.33943,5.55962,2.77981,2.77981,2.77981
21.3802,8.66745,3.68952,3.62772,-0.43883,3.59021,2.14373,-13.5177,4.86235,-6.99865,9.57518,-12.2923,-0.410516,8.43515,8.43515,5.62343,2.81172,2.81172,2.81172
21.3855,8.76863,3.79941,3.69745,-0.406519,3.64473,2.18725,-12.3442,6.24078,-6.59705,11.851,-12.2438,-0.776039,8.53812,8.53812,5.69208,2.84604,2.84604,2.84604
21.3902,8.82501,3.89647,3.75001,-0.409116,3.69271,2.22568,-13.1599,4.23127,-7.3452,9.24559,-14.6587,-0.682111,8.62893,8.62893,5.75262,2.87631,2.87631,2.87631
21.3952,8.89771,4.00005,3.81268,-0.403263,3.74403,2.26563,-12.3144,5.66777,-7.22535,7.31746,-13.3908,-0.589944,8.72503,8.72503,5.81669,2.90834,2.90834,2.90834
21.4003,8.95992,4.10556,3.88061,-0.369583,3.79631,2.30477,-12.1873,5.2197,-6.42088,9.33017,-13.5558,-0.680392,8.8225,8.8225,5.88166,2.94083,2.94083,2.94083
21.4053,8.98568,4.20857,3.92014,-0.346563,3.84744,2.3424,-12.2823,5.1247,-6.48422,9.2985,-13.5875,-0.71206,8.9175,8.9175,5.945,2.9725,2.9725,2.9725
21.4103,9.01792,4.31159,3.95781,-0.328688,3.8986,2.37913,-11.569,6.31464,-6.42806,7.33771,-13.354,-0.967105,9.01196,9.01196,6.00797,3.00399,3.00399,3.00399
21.4152,9.01071,4.4114,3.97317,-0.301956,3.94854,2.41593,-11.661,6.22262,-6.48941,7.30704,-13.3847,-0.99778,9.10398,9.10398,6.06932,3.03466,3.03466,3.03466
21.4203,8.98367,4.51349,3.9759,-0.267908,4.00032,2.45472,-11.7563,6.12741,-6.55288,7.2753,-13.4164,-1.02952,9.19919,9.19919,6.13279,3.0664,3.0664,3.0664
21.4253,8.96313,4.61166,3.97866,-0.227634,4.05095,2.49295,-11.455,4.27744,-7.27099,10.2087,-17.1816,-0.91968,9.29196,9.29196,6.19464,3.09732,3.09732,3.09732
21.4304,8.959,4.71436,4.01401,-0.195149,4.10363,2.53102,-12.0022,5.13681,-7.36294,9.11744,-16.0289,-1.09178,9.38599,9.38599,6.25733,3.12866,3.12866,3.12866
21.4354,8.99738,4.81466,4.06009,-0.166113,4.15554,2.56838,-11.1245,4.1509,-6.68206,5.7004,-15.9187,-1.14716,9.4776,9.4776,6.3184,3.1592,3.1592,3.1592
21.4403,9.03541,4.91357,4.09891,-0.121546,4.20659,2.60503,-20.0551,5.00329,-8.82526,14.7953,-12.1562,-2.13738,9.56681,9.56681,6.37787,3.18894,3.18894,3.18894
21.4453,9.18822,5.0139,4.16975,-0.134733,4.25831,2.64677,-21.3078,7.66695,-9.45822,14.4753,-16.7072,-3.17768,9.65725,9.65725,6.43817,3.21908,3.21908,3.21908
21.4502,9.34287,5.10194,4.25245,-0.181525,4.30926,2.69259,-21.3959,7.5789,-9.51692,14.446,-16.7365,-3.20703,9.7453,9.7453,6.49687,3.24843,3.24843,3.24843
21.4552,9.50297,5.16814,4.3439,-0.233474,4.3615,2.74126,-20.1101,5.53534,-8.69653,11.5347,-14.6963,-3.51831,9.83456,9.83456,6.55637,3.27819,3.27819,3.27819
21.4603,9.6674,5.24346,4.4385,-0.28628,4.41478,2.79194,-15.1218,4.35752,-9.08285,4.47487,-13.7577,-3.81341,9.92498,9.92498,6.61665,3.30833,3.30833,3.30833
21.4655,9.8331,5.33278,4.53576,-0.316236,4.46891,2.84405,-15.5522,5.05789,-7.40918,5.36344,-12.2481,-3.9764,10.0165,10.0165,6.67768,3.33884,3.33884,3.33884
21.4702,9.98125,5.41551,4.6147,-0.288219,4.51741,2.89094,-16.0047,3.03333,-8.31876,8.18438,-11.7539,-4.2853,10.0987,10.0987,6.73245,3.36622,3.36622,3.36622
21.4753,10.1408,5.51553,4.70068,-0.248318,4.56935,2.94078,-15.3841,4.2214,-7.76332,6.52371,-13.0833,-4.45557,10.1872,10.1872,6.79147,3.39573,3.39573,3.39573
21.4803,10.294,5.61335,4.76977,-0.201646,4.6195,2.98633,-15.4702,4.13524,-7.82076,6.49499,-13.1121,-4.48429,10.2734,10.2734,6.84891,3.42445,3.42445,3.42445
21.4853,10.4429,5.71297,4.83701,-0.150972,4.66897,3.02245,-15.9694,4.54612,-7.48067,9.62944,-15.2934,-4.53764,10.3589,10.3589,6.90592,3.45296,3.45296,3.45296
21.4906,10.5896,5.81683,4.88119,-0.101106,4.72199,3.04225,-16.0594,4.45616,-7.54064,9.59945,-15.3233,-4.56763,10.4488,10.4488,6.96589,3.48295,3.48295,3.48295
21.4953,10.7097,5.9078,4.90522,-0.0627639,4.76941,3.0397,-15.9179,3.97509,-8.27894,6.73306,-13.8013,-5.0577,10.528,10.528,7.01867,3.50934,3.50934,3.50934
21.5003,10.8242,6.00572,4.94397,-0.0161421,4.81953,3.0251,-16.2852,6.1925,-8.25734,8.2618,-15.6343,-5.1518,10.6116,10.6116,7.0744,3.5372,3.5372,3.5372
21.5052,10.9158,6.08991,4.97174,0.0248177,4.86893,3.00294,-16.3665,6.11122,-8.31153,8.23471,-15.6614,-5.17889,10.6929,10.6929,7.12859,3.56429,3.56429,3.56429
21.5103,11.0041,6.15975,5.00248,0.0631755,4.92062,2.97431,-16.541,4.40799,-7.71749,11.5353,-14.3646,-5.74507,10.7768,10.7768,7.18454,3.59227,3.59227,3.59227
21.5155,11.1068,6.24115,5.03045,0.0651431,4.97303,2.9462,-16.2437,4.20092,-8.11683,6.90334,-15.9909,-6.85804,10.8617,10.8617,7.24112,3.62056,3.62056,3.62056
21.5202,11.1816,6.31658,5.04988,0.0829757,5.0207,2.93399,-16.3198,4.12485,-8.16755,6.87798,-16.0162,-6.8834,10.9378,10.9378,7.29184,3.64592,3.64592,3.64592
21.5252,11.2584,6.4024,5.07789,0.117384,5.07171,2.93234,-16.1558,4.46616,-8.60145,7.57152,-15.7118,-7.48976,11.018,11.018,7.34536,3.67268,3.67268,3.67268
21.5303,11.3382,6.49274,5.12702,0.15913,5.12393,2.9491,-16.5285,2.97448,-8.11426,7.31266,-15.5153,-6.8627,11.0992,11.0992,7.39948,3.69974,3.69974,3.69974
21.5352,11.406,6.58403,5.16217,0.199465,5.17407,2.97236,-16.6059,2.89715,-8.16582,7.28688,-15.5411,-6.88848,11.1766,11.1766,7.45104,3.72552,3.72552,3.72552
21.5403,11.4919,6.68343,5.20598,0.245672,5.22635,3.00065,-17.7534,4.33426,-8.25872,6.73039,-16.2963,-6.03739,11.2563,11.2563,7.50423,3.75211,3.75211,3.75211
21.5454,11.5883,6.7801,5.24347,0.292527,5.27878,3.02386,-17.8325,4.2552,-8.31142,6.70403,-16.3227,-6.06375,11.3354,11.3354,7.55693,3.77847,3.77847,3.77847
21.5504,11.6947,6.87396,5.28496,0.340194,5.33035,3.04171,-17.6571,3.53619,-10.1454,9.02163,-15.926,-6.37087,11.4122,11.4122,7.60814,3.80407,3.80407,3.80407
21.5553,11.8026,6.96735,5.35775,0.382622,5.38097,3.05788,-15.872,4.2456,-8.89723,5.14659,-14.3114,-6.85113,11.4868,11.4868,7.65786,3.82893,3.82893,3.82893
21.5602,11.8493,7.05745,5.42562,0.430007,5.4313,3.07839,-15.9459,4.1717,-8.9465,5.12195,-14.3361,-6.87577,11.5607,11.5607,7.70713,3.85357,3.85357,3.85357
21.5654,11.8575,7.1512,5.49742,0.483096,5.48437,3.10326,-17.5563,3.97982,-9.34314,6.14764,-16.8046,-5.84182,11.6384,11.6384,7.75892,3.87946,3.87946,3.87946
21.5705,11.9078,7.24315,5.57533,0.535952,5.53677,3.11803,-18.9161,4.27468,-9.28475,6.78489,-14.445,-5.67653,11.7138,11.7138,7.80921,3.90461,3.90461,3.90461
21.5753,11.9967,7.32263,5.6445,0.585118,5.58563,3.12279,-18.9864,4.20437,-9.33163,6.76146,-14.4684,-5.69996,11.7841,11.7841,7.85609,3.92804,3.92804,3.92804
21.5803,12.1135,7.3992,5.71522,0.635986,5.63585,3.11973,-18.4759,3.46204,-8.78224,7.10988,-15.9416,-7.0241,11.8567,11.8567,7.90444,3.95222,3.95222,3.95222
21.5853,12.2345,7.48018,5.77789,0.686661,5.68616,3.12503,-17.7163,4.18225,-9.61594,8.77505,-15.2784,-7.15567,11.9285,11.9285,7.9523,3.97615,3.97615,3.97615
21.5903,12.3412,7.5559,5.84491,0.733827,5.73605,3.13961,-17.6101,3.59499,-8.56189,7.63356,-15.9644,-8.43792,11.9995,11.9995,7.99968,3.99984,3.99984,3.99984
21.5953,12.4382,7.63442,5.90166,0.7797,5.78614,3.17208,-17.5189,3.07557,-8.79896,5.92928,-13.9179,-7.67476,12.0698,12.0698,8.04656,4.02328,4.02328,4.02328
21.6004,12.5038,7.71821,5.94616,0.826651,5.83488,3.20987,-17.5898,3.00461,-8.84626,5.90563,-13.9415,-7.69841,12.1408,12.1408,8.09386,4.04693,4.04693,4.04693
21.6052,12.5413,7.79954,5.9785,0.871084,5.87585,3.24818,-17.6559,2.93853,-8.89031,5.8836,-13.9636,-7.72044,12.2069,12.2069,8.13791,4.06896,4.06896,4.06896
21.6102,12.576,7.88722,6.01149,0.918826,5.91142,3.28952,-18.6223,4.18635,-9.45402,7.24365,-16.1805,-7.06417,12.275,12.275,8.1833,4.09165,4.09165,4.09165
21.6153,12.641,7.96522,6.05203,0.963344,5.95256,3.33004,-18.8525,4.32647,-9.4998,7.81696,-17.3956,-7.26922,12.3436,12.3436,8.22908,4.11454,4.11454,4.11454
21.6203,12.7328,8.02997,6.1023,1.00103,5.99972,3.36898,-17.5558,3.38532,-8.45319,6.12217,-17.4592,-6.82773,12.4102,12.4102,8.27345,4.13673,4.13673,4.13673
21.6254,12.7814,8.09689,6.13051,1.03848,6.05007,3.40505,-17.6229,3.31822,-8.49793,6.09981,-17.4816,-6.85009,12.4773,12.4773,8.31819,4.15909,4.15909,4.15909
21.6305,12.8079,8.16592,6.14484,1.07944,6.10154,3.43698,-18.4378,3.03123,-9.63728,4.47969,-16.6426,-8.03139,12.5436,12.5436,8.36238,4.18119,4.18119,4.18119
21.6353,12.8459,8.2342,6.17456,1.12506,6.15019,3.47196,-18.4837,2.37856,-9.61778,9.30295,-17.5573,-8.68951,12.6052,12.6052,8.40349,4.20175,4.20175,4.20175
21.6402,12.877,8.31336,6.21116,1.15295,6.20022,3.51354,-18.5459,2.31636,-9.65925,9.28222,-17.5781,-8.71024,12.6674,12.6674,8.44496,4.22248,4.22248,4.22248
21.6452,12.9356,8.40164,6.26136,1.16198,6.25155,3.55901,-21.7843,3.49475,-10.1211,6.18112,-16.2577,-9.33558,12.7301,12.7301,8.48676,4.24338,4.24338,4.24338
21.6504,13.0608,8.48922,6.32412,1.17876,6.30479,3.60902,-21.8486,3.43038,-10.1641,6.15966,-16.2791,-9.35704,12.7945,12.7945,8.52968,4.26484,4.26484,4.26484
21.6553,13.1975,8.56806,6.39116,1.20635,6.35483,3.65737,-21.7706,4.71009,-10.7474,8.3753,-18.2532,-7.09172,12.8544,12.8544,8.5696,4.2848,4.2848,4.2848
21.6602,13.3408,8.62752,6.46895,1.22614,6.40522,3.70398,-18.8944,3.04737,-9.72926,3.36277,-14.7621,-7.35983,12.9135,12.9135,8.60902,4.30451,4.30451,4.30451
21.6653,13.4613,8.69783,6.54247,1.2706,6.45698,3.75045,-18.9552,2.98665,-9.76974,3.34253,-14.7824,-7.38007,12.9743,12.9743,8.6495,4.32475,4.32475,4.32475
21.6703,13.5296,8.77274,6.6097,1.32128,6.50638,3.79321,-19.337,3.66873,-9.26967,2.7682,-13.8001,-8.08688,13.033,13.033,8.68865,4.34432,4.34432,4.34432
21.6752,13.5494,8.84028,6.66223,1.37265,6.5497,3.83475,-19.9493,3.52916,-10.2794,6.75675,-16.0546,-8.51153,13.0897,13.0897,8.72649,4.36325,4.36325,4.36325
21.6804,13.5677,8.90284,6.72216,1.42638,6.59461,3.87977,-20.0087,2.92216,-9.82572,9.17955,-15.0228,-8.96189,13.1491,13.1491,8.76609,4.38305,4.38305,4.38305
21.6852,13.5935,8.96132,6.77362,1.47117,6.63102,3.92321,-19.6214,3.92401,-10.0164,4.95534,-17.9472,-8.5245,13.2032,13.2032,8.80212,4.40106,4.40106,4.40106
21.6903,13.5905,9.0088,6.82722,1.51881,6.67723,3.96924,-19.6781,3.86741,-10.0542,4.93647,-17.966,-8.54337,13.2598,13.2598,8.83986,4.41993,4.41993,4.41993
21.6953,13.5844,9.0435,6.88155,1.56675,6.72566,4.01404,-18.9132,3.59204,-9.54302,4.13165,-17.6365,-7.34443,13.3145,13.3145,8.87631,4.43815,4.43815,4.43815
21.7003,13.557,9.07787,6.92878,1.61689,6.77521,4.05376,-19.5699,3.19149,-10.1495,5.26462,-17.1245,-7.63562,13.3683,13.3683,8.9122,4.4561,4.4561,4.4561
21.7054,13.5476,9.12532,6.98446,1.66763,6.82592,4.08913,-20.8375,3.65362,-10.0079,7.04337,-17.0431,-8.54789,13.4224,13.4224,8.94825,4.47413,4.47413,4.47413
21.7104,13.6161,9.16696,7.04072,1.71413,6.87569,4.12514,-20.8975,2.69914,-9.27146,4.59164,-17.8389,-7.76212,13.4746,13.4746,8.98304,4.49152,4.49152,4.49152
21.7153,13.7039,9.22329,7.07924,1.75915,6.92495,4.15655,-20.9478,2.64881,-9.30501,4.57486,-17.8557,-7.7789,13.5249,13.5249,9.01659,4.5083,4.5083,4.5083
21.7204,13.8116,9.28837,7.10523,1.8065,6.97657,4.18541,-20.8497,2.16388,-10.7229,6.28823,-18.3614,-8.51643,13.5764,13.5764,9.05094,4.52547,4.52547,4.52547
21.7253,13.9203,9.36323,7.15262,1.84786,7.02658,4.21518,-20.7959,2.50129,-10.212,6.6197,-15.0242,-7.94478,13.6251,13.6251,9.0834,4.5417,4.5417,4.5417
21.7303,14.0212,9.44319,7.20382,1.87909,7.07649,4.2423,-20.8448,2.45244,-10.2446,6.60341,-15.0405,-7.96107,13.674,13.674,9.11597,4.55799,4.55799,4.55799
21.7353,14.122,9.52343,7.25667,1.90282,7.12371,4.26627,-19.4665,3.10574,-10.3623,4.05377,-16.0418,-6.67711,13.722,13.722,9.14798,4.57399,4.57399,4.57399
21.7402,14.1776,9.5945,7.31092,1.93912,7.1678,4.27316,-21.1281,3.70571,-9.60097,4.88292,-18.0692,-8.09184,13.7682,13.7682,9.17879,4.5894,4.5894,4.5894
21.7454,14.2591,9.65488,7.35701,1.98083,7.21716,4.28312,-21.6018,2.39675,-10.2935,5.99295,-16.9675,-9.45753,13.8164,13.8164,9.2109,4.60545,4.60545,4.60545
21.7503,14.3595,9.71607,7.40208,2.01777,7.26347,4.30898,-20.8662,2.825,-10.0787,6.2845,-16.0964,-6.55782,13.8609,13.8609,9.2406,4.6203,4.6203,4.6203
21.7552,14.4361,9.77659,7.44295,2.04,7.3075,4.31676,-20.9099,2.78128,-10.1078,6.26993,-16.111,-6.57239,13.9046,13.9046,9.26974,4.63487,4.63487,4.63487
21.7602,14.505,9.83443,7.48049,2.05068,7.34941,4.30701,-20.3627,2.29232,-10.8706,4.92222,-16.3823,-7.93662,13.9484,13.9484,9.29892,4.64946,4.64946,4.64946
21.7653,14.5517,9.89868,7.53161,2.06628,7.38887,4.29814,-21.0526,1.57877,-9.91538,3.88092,-16.3057,-7.83528,13.9921,13.9921,9.32809,4.66404,4.66404,4.66404
21.7706,14.5932,9.97775,7.57211,2.09615,7.4268,4.2888,-20.317,2.51525,-10.5344,5.78702,-15.8652,-9.3074,14.0367,14.0367,9.35777,4.67888,4.67888,4.67888
21.7757,14.6027,10.0508,7.61913,2.1155,7.45791,4.30033,-21.8364,0.88163,-10.1799,6.32784,-19.2077,-10.4723,14.0786,14.0786,9.38571,4.69286,4.69286,4.69286
21.7802,14.6515,10.1287,7.6587,2.12184,7.49799,4.33142,-22.247,2.37799,-10.5238,4.50242,-15.1211,-8.04178,14.1148,14.1148,9.40987,4.70494,4.70494,4.70494
21.7853,14.7314,10.2147,7.7082,2.14058,7.5356,4.36206,-21.7907,2.08958,-9.84632,3.2967,-17.9911,-8.09658,14.155,14.155,9.43668,4.71834,4.71834,4.71834
21.7903,14.8198,10.2955,7.74321,2.17849,7.57844,4.38845,-22.0263,2.22833,-10.6349,4.29401,-18.004,-8.89603,14.1936,14.1936,9.46238,4.73119,4.73119,4.73119
21.7952,14.9096,10.3704,7.78468,2.21756,7.62339,4.41854,-20.8576,2.10081,-10.0638,5.6893,-16.8737,-10.0344,14.2305,14.2305,9.487,4.7435,4.7435,4.7435
21.8004,14.9819,10.4411,7.81673,2.25241,7.66998,4.45999,-22.0936,3.37064,-11.0779,4.51735,-16.8368,-8.93765,14.2688,14.2688,9.5125,4.75625,4.75625,4.75625
21.8054,15.0449,10.4851,7.86385,2.28183,7.71369,4.49987,-22.1295,3.33475,-11.1018,4.50538,-16.8487,-8.94962,14.3047,14.3047,9.53643,4.76822,4.76822,4.76822
21.8103,15.1144,10.5013,7.91775,2.31109,7.75531,4.53846,-21.955,3.01673,-10.6064,5.73594,-17.5723,-8.34834,14.339,14.339,9.55931,4.77966,4.77966,4.77966
21.8152,15.1971,10.5042,7.96981,2.33901,7.79804,4.57288,-21.5511,2.04556,-10.7729,4.39171,-18.8254,-10.0983,14.3724,14.3724,9.58163,4.79081,4.79081,4.79081
21.8204,15.259,10.5347,8.02942,2.36661,7.84731,4.61568,-21.5857,2.01097,-10.796,4.38018,-18.8369,-10.1098,14.407,14.407,9.60469,4.80234,4.80234,4.80234
21.8252,15.3099,10.5791,8.08579,2.39195,7.89439,4.65839,-21.7429,2.31079,-10.7937,5.03222,-16.5537,-9.12658,14.4381,14.4381,9.6254,4.8127,4.8127,4.8127
21.8304,15.3679,10.6279,8.14576,2.41493,7.94358,4.70348,-21.7756,2.21115,-10.5898,3.34874,-15.7201,-8.73178,14.4708,14.4708,9.64723,4.82362,4.82362,4.82362
21.8352,15.4109,10.6791,8.19711,2.44661,7.98313,4.74199,-22.0768,1.31099,-10.9062,3.54596,-17.6012,-8.25304,14.5002,14.5002,9.66681,4.8334,4.8334,4.8334
21.8402,15.4565,10.7456,8.25085,2.4849,8.02503,4.77495,-22.9064,2.46728,-10.4871,3.37873,-16.3525,-9.19859,14.5299,14.5299,9.68661,4.84331,4.84331,4.84331
21.8452,15.5212,10.8031,8.29742,2.5258,8.06231,4.80795,-22.5806,2.21777,-9.72881,5.49709,-17.6455,-9.47315,14.5587,14.5587,9.70582,4.85291,4.85291,4.85291
21.8504,15.5871,10.861,8.32152,2.55591,8.10342,4.84393,-22.7317,1.27465,-10.348,6.31542,-16.1234,-7.99242,14.5877,14.5877,9.72516,4.86258,4.86258,4.86258
21.8554,15.6645,10.9273,8.33971,2.5666,8.13515,4.86722,-22.1756,1.17677,-11.3984,4.31922,-16.298,-8.65554,14.6147,14.6147,9.74315,4.87158,4.87158,4.87158
21.8603,15.7016,11.0052,8.38264,2.57723,8.16149,4.88659,-22.2012,1.15121,-11.4155,4.3107,-16.3065,-8.66406,14.6403,14.6403,9.76019,4.8801,4.8801,4.8801
21.8652,15.7094,11.0894,8.44034,2.58858,8.18374,4.903,-22.2259,1.12651,-11.4319,4.30247,-16.3147,-8.67229,14.665,14.665,9.77666,4.88833,4.88833,4.88833
21.8702,15.7259,11.1747,8.5045,2.60972,8.20104,4.91667,-23.2549,1.1692,-10.4888,6.33957,-17.2833,-8.18359,14.6893,14.6893,9.79286,4.89643,4.89643,4.89643
21.8752,15.751,11.2617,8.55883,2.60089,8.2264,4.9214,-23.2783,1.1458,-10.5044,6.33177,-17.2911,-8.19139,14.7127,14.7127,9.80847,4.90423,4.90423,4.90423
21.8803,15.81,11.346,8.60044,2.5745,8.25678,4.91724,-22.7063,0.539768,-10.503,4.02224,-17.0338,-9.0022,14.7356,14.7356,9.82375,4.91188,4.91188,4.91188
21.8853,15.8612,11.433,8.63351,2.55819,8.28773,4.9157,-23.3779,1.6135,-11.0127,1.46481,-18.3244,-9.52275,14.7572,14.7572,9.83813,4.91907,4.91907,4.91907
21.8902,15.9112,11.5148,8.67261,2.57616,8.32656,4.92382,-23.3982,1.59325,-11.0262,1.45806,-18.3311,-9.5295,14.7774,14.7774,9.85163,4.92582,4.92582,4.92582
21.8954,15.9848,11.5928,8.71375,2.61833,8.37143,4.94107,-23.1153,2.02972,-11.042,1.89834,-15.2579,-9.6771,14.798,14.798,9.86532,4.93266,4.93266,4.93266
21.9004,16.048,11.6521,8.7536,2.6642,8.39965,4.96555,-21.4912,1.1166,-10.8727,4.50027,-16.6137,-8.83881,14.8168,14.8168,9.87786,4.93893,4.93893,4.93893
21.9053,16.0483,11.7091,8.78678,2.70262,8.4226,4.98635,-21.3669,1.08715,-9.85612,5.64532,-16.9177,-9.0765,14.8343,14.8343,9.88956,4.94478,4.94478,4.94478
21.9103,16.0168,11.7618,8.79073,2.72329,8.44396,5.00697,-20.9899,0.672251,-11.6628,3.56967,-16.145,-8.32869,14.8513,14.8513,9.9009,4.95045,4.95045,4.95045
21.9153,15.9344,11.8262,8.82032,2.73946,8.45602,5.01933,-21.006,0.656164,-11.6735,3.56431,-16.1504,-8.33405,14.8674,14.8674,9.91162,4.95581,4.95581,4.95581
21.9203,15.8414,11.8928,8.86605,2.75576,8.4584,5.02445,-20.9147,0.723695,-10.6804,3.92357,-17.0331,-8.95183,14.8826,14.8826,9.92174,4.96087,4.96087,4.96087
21.9252,15.7547,11.9571,8.90225,2.77249,8.464,5.03072,-20.8145,0.68612,-10.1944,4.34947,-17.1288,-8.65013,14.8966,14.8966,9.93105,4.96553,4.96553,4.96553
21.9302,15.6654,12.0214,8.92022,2.77467,8.47411,5.03456,-20.5008,0.609769,-10.2409,4.00554,-17.0671,-9.91314,14.9099,14.9099,9.93995,4.96998,4.96998,4.96998
21.9352,15.5891,12.0794,8.92161,2.77714,8.48558,5.05112,-21.7661,-0.765962,-11.2733,3.2148,-17.9903,-8.63388,14.9224,14.9224,9.94824,4.97412,4.97412,4.97412
21.9402,15.5608,12.1576,8.94066,2.77969,8.50896,5.06378,-21.2339,-0.359772,-10.3844,0.660723,-14.9968,-7.42056,14.9339,14.9339,9.95591,4.97796,4.97796,4.97796
21.9452,15.5608,12.24,8.95296,2.81046,8.50803,5.0596,-19.4164,0.0827385,-8.8072,0.102433,-16.2837,-8.59157,14.9445,14.9445,9.96297,4.98149,4.98149,4.98149
21.9504,15.5262,12.3238,8.92122,2.85512,8.50224,5.05442,-30.813,3.5714,-12.3794,4.38813,-16.1794,-10.1102,14.9545,14.9545,9.96966,4.98483,4.98483,4.98483
21.9552,15.6727,12.3316,8.94167,2.87878,8.4922,5.06811,-29.1351,2.47163,-11.6974,5.49488,-14.8739,-10.2785,14.9629,14.9629,9.97525,4.98762,4.98762,4.98762
21.9602,15.8295,12.3031,8.98307,2.8679,8.46615,5.09435,-24.1864,1.1203,-9.98255,5.04517,-15.6217,-8.29395,14.9707,14.9707,9.98046,4.99023,4.99023,4.99023
21.9653,15.9882,12.2738,8.99889,2.83925,8.43667,5.1083,-24.0988,1.63328,-10.4993,4.81923,-15.0859,-8.71857,14.9777,14.9777,9.98515,4.99257,4.99257,4.99257
21.9702,16.1386,12.2401,9.00631,2.8065,8.40197,5.11611,-24.9596,1.22163,-10.8522,5.18988,-14.2516,-9.7224,14.9836,14.9836,9.98905,4.99452,4.99452,4.99452
21.9752,16.2898,12.2107,9.01627,2.76737,8.36043,5.1295,-24.3028,1.98488,-9.99241,6.19839,-16.4226,-8.47381,14.9886,14.9886,9.99241,4.99621,4.99621,4.99621
21.9802,16.4348,12.1691,9.00595,2.7223,8.32547,5.13243,-23.4165,3.28095,-9.85513,7.03322,-15.2234,-8.69046,14.9927,14.9927,9.99516,4.99758,4.99758,4.99758
21.9852,16.56,12.0976,8.9753,2.6731,8.29003,5.1283,-23.8688,1.38655,-10.8772,7.71945,-17.3855,-11.4074,14.9959,14.9959,9.9973,4.99865,4.99865,4.99865
21.9902,16.6621,12.0381,8.9559,2.62145,8.2735,5.15027,-24.143,2.56628,-10.2475,5.30919,-15.4405,-9.08145,14.9982,14.9982,9.99882,4.99941,4.99941,4.99941
21.9953,16.7469,11.9732,8.93324,2.56915,8.2531,5.1673,-23.7582,2.62401,-11.0719,2.56806,-16.3187,-8.97426,14.9996,14.9996,9.99973,4.99986,4.99986,4.99986
22.0004,16.8101,11.9052,8.93034,2.52191,8.23981,5.17901,-25.3858,0.500003,-10.6145,1.4584,-16.4926,-11.1024,15,15,10,5,5,5
22.0053,16.8879,11.8882,8.93624,2.49759,8.23687,5.20851,-25.3853,0.50052,-10.6141,1.45857,-16.4924,-11.1022,14.9995,14.9995,9.99965,4.99983,4.99983,4.99983
22.0103,16.9956,11.8993,8.94411,2.51109,8.23932,5.2475,-24.0009,0.888063,-11.3384,3.54561,-16.4257,-9.32979,14.998,14.998,9.99869,4.99935,4.99935,4.99935
22.0155,17.0629,11.9427,8.98019,2.53123,8.25092,5.28301,-23.9985,0.890546,-11.3367,3.54644,-16.4249,-9.32896,14.9956,14.9956,9.99704,4.99852,4.99852,4.99852
22.0203,17.1028,11.9956,9.02811,2.55863,8.26752,5.31021,-23.8574,0.456325,-10.4693,4.85574,-16.3659,-10.0897,14.9924,14.9924,9.99492,4.99746,4.99746,4.99746
22.0254,17.1241,12.0641,9.07109,2.57825,8.28831,5.34025,-23.7033,-0.370663,-10.6692,3.26742,-14.5843,-10.1462,14.9881,14.9881,9.99204,4.99602,4.99602,4.99602
22.0304,17.117,12.1449,9.10783,2.60371,8.29042,5.37142,-22.9102,1.3248,-12.0535,3.58378,-14.773,-8.9687,14.9829,14.9829,9.9886,4.9943,4.9943,4.9943
22.0353,17.0605,12.2115,9.16528,2.62811,8.27906,5.39142,-23.972,1.63805,-10.3817,2.17816,-14.3653,-8.29604,14.9769,14.9769,9.98463,4.99232,4.99232,4.99232
22.0402,17.0122,12.2618,9.2077,2.66363,8.25308,5.39449,-24.9738,-0.112404,-11.4619,1.76645,-15.9279,-9.72619,14.9701,14.9701,9.98007,4.99003,4.99003,4.99003
22.0452,17.0066,12.3289,9.25936,2.70665,8.23185,5.39922,-24.1542,0.695392,-10.9634,1.66972,-15.4533,-8.59748,14.9622,14.9622,9.97481,4.9874,4.9874,4.9874
22.0502,16.9953,12.3897,9.30423,2.7531,8.21088,5.39113,-23.2353,1.32671,-10.5855,3.61846,-15.0944,-9.30662,14.9534,14.9534,9.96893,4.98446,4.98446,4.98446
22.0552,16.948,12.432,9.33521,2.79546,8.1874,5.37984,-23.4895,1.80135,-10.7629,5.33568,-16.3745,-9.90782,14.9436,14.9436,9.96243,4.98122,4.98122,4.98122
22.0604,16.8873,12.4454,9.36002,2.81746,8.17513,5.3731,-22.9544,0.78806,-10.1996,4.57761,-13.2741,-8.10735,14.9325,14.9325,9.95503,4.97751,4.97751,4.97751
22.0656,16.7945,12.4614,9.36184,2.81763,8.14041,5.34866,-22.5246,0.953865,-10.2082,4.73068,-15.2324,-9.16316,14.9204,14.9204,9.94696,4.97348,4.97348,4.97348
22.0703,16.6949,12.4729,9.34963,2.80257,8.11191,5.32591,-24.5144,-0.661637,-9.52736,4.37029,-16.3545,-9.89615,14.9086,14.9086,9.93909,4.96955,4.96955,4.96955
22.0752,16.6316,12.5235,9.31441,2.78344,8.09508,5.30891,-25.0292,0.0686278,-10.156,1.55948,-14.1974,-9.73444,14.8955,14.8955,9.93031,4.96516,4.96516,4.96516
22.0804,16.6299,12.5838,9.27243,2.79523,8.06728,5.29496,-23.6943,1.30106,-10.7292,4.2803,-14.9624,-8.27218,14.8805,14.8805,9.92036,4.96018,4.96018,4.96018
22.0853,16.6164,12.6235,9.24456,2.79858,8.04239,5.26994,-24.5619,1.47365,-10.0525,3.87958,-16.0338,-10.5276,14.8656,14.8656,9.91037,4.95518,4.95518,4.95518
22.0904,16.6359,12.6383,9.20673,2.79978,8.02864,5.25823,-23.9268,1.05678,-11.0091,3.76917,-13.9749,-10.224,14.849,14.849,9.89935,4.94967,4.94967,4.94967
22.0952,16.6514,12.644,9.18811,2.7948,8.00325,5.25722,-23.6621,1.0692,-10.4903,3.39376,-14.7891,-9.9536,14.8326,14.8326,9.8884,4.9442,4.9442,4.9442
22.1004,16.647,12.6397,9.1685,2.78806,7.97577,5.26094,-23.3794,0.981652,-10.7077,3.78089,-15.5032,-10.0715,14.8138,14.8138,9.8759,4.93795,4.93795,4.93795
22.1055,16.6193,12.6298,9.15725,2.77617,7.95763,5.27138,-25.0818,0.5833,-10.7032,2.61158,-15.3312,-10.2059,14.7945,14.7945,9.863,4.9315,4.9315,4.9315
22.1103,16.6368,12.6254,9.15338,2.77582,7.94651,5.2873,-23.798,0.551177,-10.2432,3.15614,-14.6376,-8.7919,14.7754,14.7754,9.85028,4.92514,4.92514,4.92514
22.1155,16.65,12.6206,9.14167,2.77674,7.93198,5.29378,-23.7015,0.604292,-11.4473,2.20286,-15.1685,-10.1178,14.7538,14.7538,9.83587,4.91794,4.91794,4.91794
22.1204,16.6397,12.6158,9.15557,2.79078,7.92439,5.30572,-24.0625,0.35376,-10.3275,3.64239,-14.4742,-10.3177,14.7325,14.7325,9.82169,4.91085,4.91085,4.91085
22.1253,16.6411,12.618,9.16399,2.79906,7.91237,5.32304,-23.4927,1.7982,-10.528,5.22293,-13.672,-8.33139,14.7104,14.7104,9.80693,4.90347,4.90347,4.90347
22.1303,16.624,12.5913,9.17271,2.78371,7.88932,5.32243,-23.0239,1.80589,-10.644,3.2022,-15.6596,-10.8821,14.6869,14.6869,9.79127,4.89564,4.89564,4.89564
22.1353,16.5548,12.5453,9.18585,2.76975,7.8827,5.33648,-22.9995,1.83029,-10.6277,3.21034,-15.6515,-10.8739,14.6625,14.6625,9.77501,4.8875,4.8875,4.8875
22.1404,16.4804,12.4777,9.19653,2.7588,7.88826,5.36176,-26.0942,3.33761,-10.529,5.173,-14.9971,-10.9647,14.6367,14.6367,9.7578,4.8789,4.8789,4.8789
22.1454,16.4868,12.3933,9.20977,2.7299,7.89877,5.39342,-26.068,3.36383,-10.5115,5.18174,-14.9884,-10.956,14.6105,14.6105,9.74031,4.87016,4.87016,4.87016
22.1505,16.5691,12.2993,9.22356,2.69255,7.91097,5.42936,-26.4974,2.68231,-11.444,2.42547,-15.1612,-11.3856,14.5828,14.5828,9.72186,4.86093,4.86093,4.86093
22.1552,16.6845,12.2104,9.25262,2.67473,7.9247,5.46714,-23.7997,0.70714,-9.82553,3.27881,-15.55,-10.3915,14.5565,14.5565,9.70431,4.85215,4.85215,4.85215
22.1603,16.7516,12.1268,9.26526,2.66069,7.9486,5.5065,-23.7702,0.736612,-9.80588,3.28863,-15.5401,-10.3816,14.527,14.527,9.68466,4.84233,4.84233,4.84233
22.1654,16.7609,12.066,9.25918,2.6531,7.97747,5.54419,-22.7036,1.11762,-11.9947,4.48281,-12.8472,-9.76707,14.4966,14.4966,9.66439,4.83219,4.83219,4.83219
22.1703,16.6961,12.0248,9.291,2.6367,7.97925,5.57371,-22.8981,-0.987794,-9.358,6.06604,-13.9964,-10.3366,14.4665,14.4665,9.64433,4.82216,4.82216,4.82216
22.1753,16.5949,12.0497,9.29137,2.60124,7.97278,5.60244,-23.3708,-0.487308,-10.3192,4.55304,-13.6547,-10.235,14.4349,14.4349,9.62327,4.81164,4.81164,4.81164
22.1804,16.4941,12.1087,9.28747,2.5653,7.9547,5.6294,-23.452,-0.536873,-10.0087,4.63033,-15.134,-10.58,14.4018,14.4018,9.60118,4.80059,4.80059,4.80059
22.1855,16.3962,12.1854,9.27144,2.52734,7.94532,5.65604,-23.6543,-1.20421,-9.83555,4.45952,-13.8227,-10.3948,14.3677,14.3677,9.57848,4.78924,4.78924,4.78924
22.1902,16.3218,12.2678,9.24498,2.49283,7.92872,5.67921,-22.5149,-0.770109,-10.9991,2.33402,-13.398,-8.99302,14.3355,14.3355,9.55701,4.7785,4.7785,4.7785
22.1954,16.2258,12.3614,9.23513,2.47179,7.90071,5.68771,-22.3129,-0.824168,-10.5149,1.99016,-13.5183,-9.46108,14.299,14.299,9.53265,4.76632,4.76632,4.76632
22.2003,16.123,12.451,9.23096,2.47536,7.86984,5.68548,-23.6093,-0.323962,-9.95637,2.31657,-13.4486,-10.0455,14.2637,14.2637,9.50911,4.75455,4.75455,4.75455
22.2053,16.0472,12.5399,9.21674,2.49515,7.83521,5.68126,-23.4424,-0.377664,-11.3383,3.82755,-13.9993,-8.17845,14.2268,14.2268,9.48451,4.74225,4.74225,4.74225
22.2102,15.9927,12.6245,9.22992,2.50953,7.80282,5.65571,-24.0437,-0.0687533,-9.65421,3.1278,-11.4698,-9.82212,14.1898,14.1898,9.45984,4.72992,4.72992,4.72992
22.2152,15.9791,12.6991,9.21821,2.52003,7.75858,5.63031,-24.1272,-0.71182,-10.2471,2.28784,-12.3181,-9.77612,14.1511,14.1511,9.43408,4.71704,4.71704,4.71704
22.2203,15.9851,12.7724,9.20137,2.53738,7.71139,5.60493,-24.7921,0.648384,-10.8472,1.92039,-12.3295,-9.28245,14.1108,14.1108,9.40721,4.70361,4.70361,4.70361
22.2253,16.0425,12.8117,9.19367,2.56223,7.66386,5.57648,-23.4555,0.416978,-9.68124,3.13446,-11.4632,-10.2377,14.0704,14.0704,9.38028,4.69014,4.69014,4.69014
22.2303,16.0842,12.8281,9.1667,2.58372,7.61462,5.5536,-22.5317,-0.0382603,-9.72897,4.06729,-12.2691,-10.5138,14.0292,14.0292,9.35277,4.67639,4.67639,4.67639
22.2354,16.073,12.8392,9.12824,2.59273,7.5643,5.53913,-23.4146,1.76202,-10.6826,2.46702,-13.1905,-9.97782,13.9862,13.9862,9.32412,4.66206,4.66206,4.66206
22.2404,16.0581,12.7965,9.10338,2.60722,7.51601,5.52546,-23.4425,0.705725,-9.61522,3.79787,-13.7557,-10.2036,13.9432,13.9432,9.29545,4.64773,4.64773,4.64773
22.2452,16.0397,12.7438,9.0663,2.60834,7.47237,5.516,-23.2231,0.101721,-9.67912,4.30043,-12.5163,-9.24565,13.9011,13.9011,9.26739,4.63369,4.63369,4.63369
22.2502,16.0125,12.6941,9.02179,2.59172,7.42724,5.49904,-23.7103,-0.334289,-10.0151,5.20128,-13.0644,-10.3154,13.8564,13.8564,9.23759,4.6188,4.6188,4.6188
22.2554,16.0036,12.6575,8.97979,2.55493,7.38231,5.48742,-23.596,-1.201,-9.78911,3.95852,-11.3346,-10.5149,13.809,13.809,9.206,4.603,4.603,4.603
22.2602,16.0019,12.656,8.93908,2.51971,7.33758,5.48211,-22.9171,-0.431447,-9.57131,2.86385,-9.48163,-8.68675,13.7644,13.7644,9.1763,4.58815,4.58815,4.58815
22.2653,15.9862,12.6617,8.89233,2.49003,7.28664,5.46097,-22.2936,0.156452,-10.2184,3.91492,-12.8438,-10.8152,13.7162,13.7162,9.14417,4.57208,4.57208,4.57208
22.2704,15.927,12.6626,8.85833,2.46035,7.23676,5.45026,-23.395,-1.28377,-9.81369,3.76568,-11.5275,-9.25048,13.6672,13.6672,9.11145,4.55572,4.55572,4.55572
22.2753,15.8829,12.6907,8.82562,2.43304,7.18855,5.43079,-23.284,-0.321687,-9.43476,4.47719,-11.7433,-10.3274,13.6192,13.6192,9.07946,4.53973,4.53973,4.53973
22.2803,15.8217,12.7166,8.78425,2.39964,7.13966,5.4169,-23.2342,-0.271895,-9.40156,4.49379,-11.7267,-10.3109,13.5694,13.5694,9.04626,4.52313,4.52313,4.52313
22.2853,15.7597,12.7317,8.73547,2.36253,7.09097,5.40921,-22.5295,-0.0163655,-10.1766,2.97886,-11.0723,-9.0437,13.5188,13.5188,9.01251,4.50626,4.50626,4.50626
22.2902,15.6852,12.7329,8.70051,2.33499,7.04282,5.39165,-23.2356,-0.41514,-9.75637,3.49247,-12.1402,-10.4759,13.4683,13.4683,8.97889,4.48945,4.48945,4.48945
22.2953,15.6277,12.7329,8.6667,2.31079,6.9936,5.38288,-23.2689,0.0597914,-9.35507,2.83957,-11.3109,-10.2677,13.415,13.415,8.94334,4.47167,4.47167,4.47167
22.3003,15.5857,12.7175,8.62603,2.29882,6.94527,5.37916,-22.0693,-0.391387,-9.7899,3.58592,-11.9142,-10.5563,13.3619,13.3619,8.90792,4.45396,4.45396,4.45396
22.3052,15.517,12.6979,8.59058,2.28474,6.89896,5.38287,-23.1196,0.512471,-10.76,3.18954,-10.3069,-10.4393,13.309,13.309,8.87269,4.43634,4.43634,4.43634
22.3104,15.4588,12.65,8.57953,2.27381,6.84838,5.39331,-22.5899,0.723128,-9.18792,4.13588,-10.6439,-8.49112,13.2521,13.2521,8.83471,4.41736,4.41736,4.41736
22.3154,15.3997,12.5827,8.55036,2.25414,6.79926,5.38385,-21.8881,0.975729,-8.31486,2.77994,-10.0292,-10.6585,13.1965,13.1965,8.79765,4.39882,4.39882,4.39882
22.3204,15.3183,12.5045,8.49346,2.23884,6.74939,5.38338,-22.3518,0.969043,-10.0308,5.18338,-11.2193,-8.53658,13.1401,13.1401,8.76004,4.38002,4.38002,4.38002
22.3253,15.2474,12.4218,8.45281,2.20621,6.70088,5.36617,-23.2965,0.493215,-9.25561,3.08239,-9.47837,-9.29621,13.084,13.084,8.72266,4.36133,4.36133,4.36133
22.3304,15.2077,12.335,8.40525,2.17679,6.64953,5.3426,-22.3114,0.493299,-8.71246,1.59516,-8.54784,-9.69048,13.0248,13.0248,8.6832,4.3416,4.3416,4.3416
22.3353,15.1596,12.2527,8.34769,2.17168,6.59942,5.31826,-22.0291,-0.44185,-9.63961,1.87934,-10.4661,-8.66938,12.9671,12.9671,8.64477,4.32238,4.32238,4.32238
22.3404,15.0946,12.1762,8.29624,2.17885,6.54738,5.28421,-22.1141,-1.00363,-9.58443,3.10849,-10.537,-9.64271,12.9063,12.9063,8.60422,4.30211,4.30211,4.30211
22.3454,15.0296,12.1233,8.25442,2.18396,6.49649,5.25275,-22.0773,-0.828899,-8.96103,3.60059,-9.29965,-9.08437,12.8459,12.8459,8.56393,4.28197,4.28197,4.28197
22.3502,14.9654,12.0934,8.20964,2.18318,6.44741,5.21951,-22.2156,-1.61724,-8.6836,3.00746,-9.72718,-9.89278,12.7871,12.7871,8.52476,4.26238,4.26238,4.26238
22.3553,14.9076,12.1012,8.15563,2.18624,6.39522,5.18717,-22.1878,-1.61311,-9.20784,2.37442,-10.4679,-10.3933,12.7239,12.7239,8.48261,4.2413,4.2413,4.2413
22.3604,14.8619,12.1413,8.10833,2.19887,6.34322,5.16393,-22.5729,-0.280366,-9.76915,1.7168,-9.2956,-9.73444,12.6599,12.6599,8.43991,4.21996,4.21996,4.21996
22.3653,14.8247,12.1683,8.07955,2.22521,6.29316,5.14364,-22.5106,-0.218068,-9.72762,1.73757,-9.27483,-9.71367,12.5976,12.5976,8.39838,4.19919,4.19919,4.19919
22.3703,14.8075,12.1773,8.0606,2.25903,6.24198,5.12501,-21.9735,-1.36723,-9.53843,2.97618,-9.3693,-10.1145,12.5332,12.5332,8.35549,4.17774,4.17774,4.17774
22.3753,14.7775,12.1918,8.04217,2.28723,6.19078,5.11136,-21.4828,-0.916016,-7.88572,4.48,-9.52976,-8.87564,12.4681,12.4681,8.31208,4.15604,4.15604,4.15604
22.3802,14.7183,12.1962,7.98899,2.29262,6.14068,5.08965,-20.9337,-0.792359,-10.4656,2.37356,-9.4006,-8.43184,12.4036,12.4036,8.26904,4.13452,4.13452,4.13452
22.3854,14.6298,12.1928,7.96616,2.30241,6.08754,5.0583,-20.7461,-1.01465,-9.08391,3.72974,-8.88898,-7.29922,12.3342,12.3342,8.22283,4.11142,4.11142,4.11142
22.3904,14.5287,12.1881,7.93862,2.2998,6.03635,5.01648,-21.9986,-0.312824,-8.22804,4.57194,-9.95118,-9.9429,12.2668,12.2668,8.17788,4.08894,4.08894,4.08894
22.3952,14.4598,12.1635,7.89125,2.27685,5.98746,4.98291,-21.22,-1.58309,-9.00997,3.46767,-10.1612,-8.50521,12.2014,12.2014,8.13426,4.06713,4.06713,4.06713
22.4001,14.3904,12.1555,7.84667,2.25105,5.93797,4.94658,-20.4867,-1.72437,-9.80723,2.3227,-8.76422,-8.47442,12.1339,12.1339,8.08925,4.04462,4.04462,4.04462
22.4052,14.3122,12.1585,7.82061,2.23383,5.88624,4.90783,-19.47,-0.699834,-8.62291,3.29858,-9.7921,-10.4297,12.0628,12.0628,8.04189,4.02094,4.02094,4.02094
22.4102,14.1971,12.1476,7.78394,2.21501,5.83602,4.88417,-19.3996,-0.62944,-8.57598,3.32204,-9.76864,-10.4062,11.9924,11.9924,7.99496,3.99748,3.99748,3.99748
22.4151,14.0746,12.1207,7.73974,2.19372,5.78736,4.87674,-19.2275,-1.52904,-8.56504,4.81911,-9.82821,-8.87601,11.9227,11.9227,7.94849,3.97425,3.97425,3.97425
22.4202,13.9448,12.1039,7.68997,2.15818,5.73747,4.86398,-19.3197,-0.163436,-10.0252,3.00539,-9.40633,-9.68785,11.8494,11.8494,7.89962,3.94981,3.94981,3.94981
22.4252,13.8182,12.0605,7.67141,2.13018,5.68909,4.858,-19.452,-1.10734,-9.44171,2.61559,-9.65537,-9.27449,11.7768,11.7768,7.85122,3.92561,3.92561,3.92561
22.4302,13.6955,12.0164,7.66189,2.11363,5.64185,4.85251,-19.8751,-1.67231,-8.2496,3.09543,-10.2022,-6.67497,11.7035,11.7035,7.80234,3.90117,3.90117,3.90117
22.4352,13.5905,11.9857,7.63216,2.1027,5.59742,4.82196,-19.4779,-3.82038,-8.15425,2.08511,-8.81965,-8.24833,11.6295,11.6295,7.75297,3.87649,3.87649,3.87649
22.4402,13.4919,12.0183,7.58626,2.10706,5.55208,4.78926,-17.5396,-1.83865,-7.80763,0.511995,-7.29604,-10.0947,11.5547,11.5547,7.70313,3.85156,3.85156,3.85156
22.4452,13.3705,12.0494,7.52539,2.13665,5.50339,4.76958,-26.6285,0.226485,-10.0041,2.25939,-6.63333,-10.5001,11.4792,11.4792,7.65281,3.82641,3.82641,3.82641
22.4502,13.4805,12.029,7.49736,2.16568,5.45303,4.76484,-21.4579,-0.832028,-8.57596,2.45039,-7.68433,-9.93649,11.403,11.403,7.60202,3.80101,3.80101,3.80101
22.4551,13.5865,11.9904,7.46201,2.19018,5.4034,4.7653,-21.3905,0.433217,-7.51626,2.98059,-6.25989,-9.21585,11.3277,11.3277,7.55179,3.77589,3.77589,3.77589
22.4603,13.688,11.9159,7.39799,2.20692,5.35013,4.76125,-20.3248,-1.71219,-8.12708,4.87048,-7.08584,-9.4208,11.247,11.247,7.49799,3.749,3.749,3.749
22.4652,13.7375,11.8588,7.33311,2.19071,5.29978,4.75613,-19.8107,-0.232866,-8.5002,4.49034,-6.7953,-8.2857,11.1703,11.1703,7.44684,3.72342,3.72342,3.72342
22.4702,13.7409,11.7889,7.27109,2.1565,5.24823,4.73703,-20.3188,0.185006,-8.32007,3.24982,-6.62822,-8.61542,11.0913,11.0913,7.3942,3.6971,3.6971,3.6971
22.4752,13.7211,11.7075,7.20953,2.11991,5.19654,4.71161,-20.2588,-0.594238,-7.95555,4.01329,-5.79851,-10.1703,11.0116,11.0116,7.34109,3.67055,3.67055,3.67055
22.4802,13.6753,11.6258,7.1428,2.07822,5.14465,4.69783,-20.6237,-0.088403,-7.74525,3.46875,-5.13417,-9.14169,10.9313,10.9313,7.28754,3.64377,3.64377,3.64377
22.4851,13.6324,11.5424,7.07266,2.03698,5.09355,4.68237,-19.2008,-0.58822,-7.51258,3.27993,-4.76823,-9.56235,10.8519,10.8519,7.23461,3.61731,3.61731,3.61731
22.4902,13.5452,11.4588,6.99575,1.99531,5.04013,4.66779,-19.7558,-0.548215,-8.54594,2.44658,-3.6061,-9.21994,10.7686,10.7686,7.17908,3.58954,3.58954,3.58954
22.4953,13.4521,11.3767,6.93047,1.96067,4.98638,4.65019,-19.4866,-1.15376,-8.84524,2.61534,-3.77682,-9.29958,10.6846,10.6846,7.12308,3.56154,3.56154,3.56154
22.5002,13.3571,11.3056,6.88421,1.93365,4.93453,4.63337,-19.6653,0.405131,-7.98427,1.73166,-3.3357,-6.92094,10.6033,10.6033,7.06885,3.53442,3.53442,3.53442
22.5052,13.262,11.2232,6.83399,1.91989,4.88142,4.59649,-19.7826,-0.299213,-7.83027,3.98686,-3.05114,-9.03758,10.5196,10.5196,7.01308,3.50654,3.50654,3.50654
22.5102,13.1721,11.141,6.77896,1.89305,4.82819,4.56153,-19.6746,-0.0455073,-7.22439,2.3424,-2.61732,-8.86872,10.4353,10.4353,6.95687,3.47844,3.47844,3.47844
22.5152,13.0839,11.0553,6.71064,1.87255,4.77488,4.52712,-18.9041,0.583142,-8.00167,0.905161,-2.15016,-10.248,10.3504,10.3504,6.90024,3.45012,3.45012,3.45012
22.5204,12.982,10.9617,6.64571,1.87443,4.71942,4.50391,-19.3352,0.435766,-8.91208,3.17872,-2.22812,-7.6598,10.2613,10.2613,6.84089,3.42044,3.42044,3.42044
22.5252,12.8913,10.8738,6.60914,1.86882,4.66834,4.47162,-18.5038,-0.89591,-8.23407,2.71779,-2.28333,-9.38757,10.1786,10.1786,6.7857,3.39285,3.39285,3.39285
22.5306,12.7713,10.7829,6.57259,1.85945,4.61114,4.44085,-18.4099,-0.802087,-8.17152,2.74906,-2.25206,-9.3563,10.0847,10.0847,6.72315,3.36158,3.36158,3.36158
22.5352,12.6656,10.7115,6.54177,1.84883,4.56274,4.4195,-18.5895,-1.58051,-7.6288,3.28098,-2.0265,-9.25494,10.0042,10.0042,6.66949,3.33474,3.33474,3.33474
22.5401,12.5521,10.654,6.50041,1.83113,4.51151,4.40009,-18.5032,-1.49419,-7.57125,3.30975,-1.99773,-9.22617,9.91791,9.91791,6.61194,3.30597,3.30597,3.30597
22.5452,12.4399,10.6128,6.45035,1.80645,4.4586,4.38354,-18.6885,-1.35644,-6.83587,2.53675,-2.29877,-8.16101,9.82744,9.82744,6.55163,3.27581,3.27581,3.27581
22.5502,12.3361,10.58,6.3832,1.78628,4.40738,4.35757,-19.0523,-0.290017,-7.53709,2.43403,-2.20277,-9.07517,9.73814,9.73814,6.49209,3.24605,3.24605,3.24605
22.5552,12.2512,10.5311,6.318,1.77074,4.35755,4.33362,-18.663,-0.69261,-8.64128,2.39776,-1.84988,-7.33124,9.64823,9.64823,6.43215,3.21608,3.21608,3.21608
22.5603,12.1631,10.4758,6.27279,1.75978,4.31051,4.29703,-18.3185,-0.0408123,-8.03007,3.46354,-1.35542,-8.67494,9.55591,9.55591,6.37061,3.1853,3.1853,3.1853
22.5652,12.071,10.4049,6.23145,1.74038,4.2725,4.26371,-17.8155,-0.759237,-7.09693,2.50797,-2.23647,-7.48599,9.46664,9.46664,6.31109,3.15555,3.15555,3.15555
22.5702,11.9639,10.3343,6.17512,1.72644,4.25479,4.2241,-17.578,-1.14036,-6.83517,0.998453,-1.65115,-8.83819,9.37496,9.37496,6.24997,3.12499,3.12499,3.12499
22.5753,11.8483,10.2684,6.1053,1.73551,4.25516,4.18693,-17.0584,-0.880777,-6.77244,0.938741,-1.12298,-8.26862,9.28086,9.28086,6.18724,3.09362,3.09362,3.09362
22.5804,11.7238,10.2046,6.02889,1.76186,4.26546,4.14871,-18.1142,0.064963,-7.32585,2.03843,-0.983772,-8.57653,9.18616,9.18616,6.1241,3.06205,3.06205,3.06205
22.5854,11.6125,10.1294,5.9567,1.78784,4.28317,4.11312,-17.7962,-0.929061,-8.14138,1.64729,-0.778754,-9.52243,9.09274,9.09274,6.06183,3.03091,3.03091,3.03091
22.5902,11.5131,10.0632,5.90331,1.81569,4.30288,4.08809,-17.6233,0.307685,-7.63189,2.0748,-0.533405,-8.13444,9.00253,9.00253,6.00169,3.00084,3.00084,3.00084
22.5952,11.4147,9.98475,5.85355,1.84244,4.32303,4.05919,-17.6272,0.071235,-7.59187,0.988498,0.0528583,-9.20418,8.90802,8.90802,5.93868,2.96934,2.96934,2.96934
22.6005,11.314,9.89663,5.80384,1.87776,4.33785,4.03526,-17.6722,-0.0604451,-6.60927,2.00741,-0.360668,-8.26807,8.80725,8.80725,5.8715,2.93575,2.93575,2.93575
22.6052,11.228,9.81673,5.74433,1.9059,4.35098,4.0105,-16.9401,0.829257,-6.60787,1.63993,-0.0491878,-9.38075,8.71736,8.71736,5.81158,2.90579,2.90579,2.90579
22.6103,11.1223,9.72315,5.67141,1.93495,4.36253,3.99025,-17.2912,0.553025,-6.50487,1.97898,-0.397378,-7.44366,8.61929,8.61929,5.7462,2.8731,2.8731,2.8731
22.6153,11.0217,9.6286,5.59403,1.95821,4.37605,3.95923,-16.7966,0.271468,-6.45086,2.00293,-0.0670706,-8.13179,8.52261,8.52261,5.68174,2.84087,2.84087,2.84087
22.6202,10.9209,9.53609,5.51599,1.97609,4.38669,3.92791,-17.3515,-0.437033,-7.17111,2.72192,0.511162,-7.79368,8.42735,8.42735,5.61824,2.80912,2.80912,2.80912
22.6252,10.8302,9.44483,5.44304,1.98028,4.38938,3.89404,-17.2971,-0.894855,-7.50933,2.86214,0.030375,-7.25602,8.32963,8.32963,5.55309,2.77654,2.77654,2.77654
22.6303,10.7522,9.3607,5.38243,1.96923,4.39057,3.85458,-17.2639,-1.14531,-6.91167,2.56434,0.403256,-8.62194,8.22943,8.22943,5.48629,2.74314,2.74314,2.74314
22.6355,10.686,9.29138,5.32305,1.94938,4.38543,3.82004,-15.7624,-0.569803,-6.5297,2.12661,-0.208348,-7.45335,8.12672,8.12672,5.41782,2.70891,2.70891,2.70891
22.6404,10.5885,9.23008,5.26176,1.93076,4.38407,3.7842,-16.3822,-0.756203,-6.21613,1.49664,0.370559,-9.22596,8.02944,8.02944,5.35296,2.67648,2.67648,2.67648
22.6454,10.4902,9.17554,5.1934,1.91824,4.3786,3.75764,-16.1643,0.170954,-6.04722,1.10761,-0.225469,-7.36283,7.92969,7.92969,5.28646,2.64323,2.64323,2.64323
22.6504,10.3845,9.10834,5.11837,1.91637,4.3793,3.72387,-16.0207,-0.264641,-5.67316,1.33975,-0.0761337,-10.1032,7.82944,7.82944,5.21963,2.60981,2.60981,2.60981
22.6553,10.2776,9.03943,5.03767,1.91973,4.38315,3.70897,-18.9203,1.31551,-6.0149,0.552929,0.900689,-8.14935,7.73073,7.73073,5.15382,2.57691,2.57691,2.57691
22.6603,10.2446,8.95354,4.95449,1.93749,4.37898,3.69013,-17.9365,0.199244,-6.64759,-0.630499,1.26562,-8.02454,7.62954,7.62954,5.08636,2.54318,2.54318,2.54318
22.6653,10.2351,8.86675,4.87683,1.97421,4.36393,3.66668,-15.5576,0.33243,-6.64042,-0.76221,1.03455,-7.46901,7.52787,7.52787,5.01858,2.50929,2.50929,2.50929
22.6702,10.1633,8.78074,4.8064,2.01833,4.34396,3.63647,-15.3629,0.653154,-7.03559,-1.41609,1.33287,-8.18085,7.42779,7.42779,4.95186,2.47593,2.47593,2.47593
22.6752,10.058,8.69209,4.7482,2.06781,4.31756,3.60576,-14.4448,-0.0637867,-6.58055,-2.07742,0.861984,-7.26898,7.32521,7.32521,4.88347,2.44174,2.44174,2.44174
22.6803,9.92399,8.60663,4.69306,2.12054,4.29076,3.56876,-14.3397,0.0413099,-6.51049,-2.04238,0.897017,-7.23394,7.22011,7.22011,4.81341,2.4067,2.4067,2.4067
22.6853,9.78448,8.52491,4.64054,2.17296,4.26305,3.52933,-14.9809,0.278756,-6.128,-2.13209,1.56907,-8.75609,7.11662,7.11662,4.74442,2.37221,2.37221,2.37221
22.6903,9.64473,8.44415,4.58302,2.22551,4.23053,3.49612,-14.8769,0.382681,-6.05871,-2.09745,1.60371,-8.72145,7.0127,7.0127,4.67513,2.33757,2.33757,2.33757
22.6953,9.50622,8.36208,4.52123,2.27697,4.19437,3.46917,-13.9688,1.7636,-5.23465,-2.46838,1.77098,-7.66822,6.90834,6.90834,4.60556,2.30278,2.30278,2.30278
22.7002,9.36597,8.27097,4.4467,2.32372,4.15671,3.43964,-14.1971,1.33438,-5.56957,-1.99531,1.42433,-7.79131,6.80566,6.80566,4.53711,2.26855,2.26855,2.26855
22.7052,9.22245,8.17487,4.36705,2.35492,4.11965,3.40721,-15.0257,0.777656,-5.38658,-2.68061,-0.320808,-8.06261,6.70046,6.70046,4.46698,2.23349,2.23349,2.23349
22.7102,9.08559,8.07867,4.28446,2.36055,4.09806,3.37589,-15.7396,0.193765,-5.5607,-2.58745,1.37039,-5.53513,6.59486,6.59486,4.39657,2.19829,2.19829,2.19829
22.7155,8.96054,7.9784,4.19665,2.33948,4.07481,3.32984,-15.3317,0.558313,-5.97065,-3.5767,1.85498,-8.32114,6.48247,6.48247,4.32164,2.16082,2.16082,2.16082
22.7203,8.86501,7.88913,4.12318,2.31464,4.04786,3.29247,-14.0081,-0.155093,-6.70092,-3.435,2.61768,-7.01196,6.38029,6.38029,4.25353,2.12676,2.12676,2.12676
22.7253,8.75381,7.80131,4.06254,2.28221,4.01135,3.25136,-14.6223,0.487564,-6.35174,-3.29176,3.75452,-8.67376,6.27348,6.27348,4.18232,2.09116,2.09116,2.09116
22.7304,8.64371,7.71177,4.00973,2.24381,3.96544,3.21653,-13.004,0.975156,-6.91629,-3.01519,3.23621,-6.73291,6.16412,6.16412,4.10942,2.05471,2.05471,2.05471
22.7354,8.5167,7.62286,3.98123,2.20165,3.91794,3.17722,-14.1808,1.19307,-6.37849,-3.74108,3.27208,-8.11292,6.05653,6.05653,4.03769,2.01884,2.01884,2.01884
22.7402,8.40201,7.53611,3.95965,2.16127,3.87106,3.14394,-13.7305,0.942107,-5.78899,-3.1021,3.3563,-8.32678,5.95289,5.95289,3.9686,1.9843,1.9843,1.9843
22.7453,8.28092,7.44365,3.92655,2.11573,3.82052,3.1152,-13.8761,1.08017,-5.56903,-1.99715,4.03069,-6.40211,5.84241,5.84241,3.89494,1.94747,1.94747,1.94747
22.7502,8.16837,7.35358,3.88201,2.06803,3.77121,3.07948,-13.6041,0.426262,-5.07166,-2.69857,2.19491,-7.31053,5.7359,5.7359,3.82393,1.91197,1.91197,1.91197
22.7552,8.0537,7.26436,3.8204,2.01817,3.7215,3.04332,-14.7283,1.29571,-5.21215,-4.09466,3.38218,-7.8455,5.62687,5.62687,3.75124,1.87562,1.87562,1.87562
22.7602,7.96199,7.17213,3.75094,1.96906,3.67155,3.01046,-14.0949,1.81091,-5.01383,-4.0996,5.03324,-7.67656,5.51749,5.51749,3.67832,1.83916,1.83916,1.83916
22.7652,7.874,7.0761,3.67485,1.92062,3.62067,2.97832,-13.2168,0.734693,-5.56978,-4.28659,5.98889,-6.33175,5.40777,5.40777,3.60518,1.80259,1.80259,1.80259
22.7702,7.76994,6.98149,3.60195,1.87321,3.56914,2.93898,-12.4173,2.13707,-5.65734,-3.5047,4.89122,-7.33006,5.29771,5.29771,3.53181,1.7659,1.7659,1.7659
22.7754,7.64298,6.87979,3.53097,1.82356,3.51534,2.89883,-13.0708,2.25975,-4.89738,-5.139,4.8384,-6.90264,5.18291,5.18291,3.45528,1.72764,1.72764,1.72764
22.7802,7.52585,6.78422,3.45949,1.78168,3.46554,2.86048,-11.8613,1.10917,-4.80562,-3.50553,5.11395,-8.27481,5.07663,5.07663,3.38442,1.69221,1.69221,1.69221
22.7852,7.39253,6.68525,3.38091,1.73558,3.41352,2.8275,-12.2664,2.46128,-4.83402,-1.97813,5.87959,-7.92317,4.96562,4.96562,3.31041,1.65521,1.65521,1.65521
22.7902,7.25796,6.58484,3.30057,1.68554,3.3613,2.79991,-13.2465,2.14708,-4.62187,-3.44798,4.29382,-6.77654,4.8543,4.8543,3.2362,1.6181,1.6181,1.6181
22.7953,7.1322,6.48188,3.21601,1.63405,3.30807,2.76591,-12.6874,1.00407,-4.58777,-3.30239,4.29865,-6.78827,4.74045,4.74045,3.1603,1.58015,1.58015,1.58015
22.8003,7.01542,6.38234,3.13292,1.58352,3.25592,2.72936,-12.9301,2.31769,-4.75142,-3.6294,5.05632,-6.43632,4.62853,4.62853,3.08569,1.54284,1.54284,1.54284
22.8053,6.91157,6.28242,3.05235,1.53357,3.20373,2.6895,-12.6997,0.715991,-4.89398,-5.33908,6.00452,-7.47532,4.51633,4.51633,3.01089,1.50544,1.50544,1.50544
22.8102,6.81665,6.18718,2.9777,1.48918,3.15242,2.65377,-11.7187,1.37388,-4.66165,-3.4559,5.16358,-5.92334,4.4061,4.4061,2.9374,1.4687,1.4687,1.4687
22.8152,6.70585,6.09116,2.90253,1.44405,3.10005,2.61199,-11.4445,3.26751,-5.01285,-4.22976,5.019,-6.02652,4.29335,4.29335,2.86224,1.43112,1.43112,1.43112
22.8204,6.58112,5.98784,2.83092,1.40047,3.0456,2.56651,-12.0873,2.08484,-4.89687,-4.39758,5.18238,-5.93766,4.17582,4.17582,2.78388,1.39194,1.39194,1.39194
22.8254,6.46369,5.888,2.764,1.36284,2.99325,2.52121,-11.0482,2.82458,-4.45978,-3.79678,3.89534,-7.6801,4.06254,4.06254,2.70836,1.35418,1.35418,1.35418
22.8305,6.33348,5.78506,2.69225,1.32475,2.94005,2.47994,-11.0663,3.34621,-4.57694,-4.2053,4.38934,-7.02878,3.94673,3.94673,2.63115,1.31558,1.31558,1.31558
22.8352,6.21063,5.68935,2.62696,1.29353,2.89114,2.44458,-12.0665,1.51861,-4.4534,-3.39961,4.95491,-8.06953,3.83979,3.83979,2.55986,1.27993,1.27993,1.27993
22.8403,6.08824,5.58616,2.55528,1.25522,2.83811,2.41567,-10.847,2.24166,-4.46992,-3.13729,4.52999,-7.89001,3.7235,3.7235,2.48233,1.24117,1.24117,1.24117
22.8453,5.96355,5.48533,2.4865,1.2135,2.78625,2.39637,-10.7328,2.35589,-4.39377,-3.09921,4.56807,-7.85193,3.60927,3.60927,2.40618,1.20309,1.20309,1.20309
22.8502,5.83939,5.38659,2.41934,1.16924,2.73553,2.38502,-11.2825,2.21984,-4.36079,-5.33054,7.14742,-6.3821,3.4971,3.4971,2.3314,1.1657,1.1657,1.1657
22.8555,5.71239,5.28005,2.34675,1.12796,2.68041,2.36385,-11.161,2.3414,-4.27975,-5.29002,7.18794,-6.34158,3.37554,3.37554,2.25036,1.12518,1.12518,1.12518
22.8604,5.59839,5.18142,2.27826,1.09878,2.62922,2.33855,-10.5677,3.69903,-3.90582,-3.70413,5.29623,-6.08049,3.26295,3.26295,2.1753,1.08765,1.08765,1.08765
22.8653,5.47996,5.08161,2.20575,1.0651,2.57808,2.30726,-10.3367,3.43357,-3.44398,-4.0971,4.8039,-6.92886,3.15017,3.15017,2.10011,1.05006,1.05006,1.05006
22.8703,5.35614,4.97936,2.12657,1.03174,2.52604,2.27759,-9.93777,3.07999,-3.04736,-3.78543,5.65377,-5.88855,3.03489,3.03489,2.02326,1.01163,1.01163,1.01163
22.8753,5.22737,4.87702,2.0422,0.995881,2.474,2.24192,-9.39678,4.3223,-2.5691,-4.86474,6.5451,-6.95958,2.91942,2.91942,1.94628,0.973141,0.973141,0.973141
22.8803,5.09195,4.77411,1.95317,0.966139,2.42188,2.20985,-9.50966,3.2914,-2.26001,-3.52623,5.85501,-5.73699,2.80378,2.80378,1.86918,0.934592,0.934592,0.934592
22.8852,4.9574,4.67325,1.86297,0.932067,2.37082,2.17288,-10.7318,2.65236,-1.78098,-5.31,6.1578,-6.64308,2.69028,2.69028,1.79352,0.896758,0.896758,0.896758
22.8905,4.82554,4.56455,1.76325,0.907274,2.31559,2.13324,-9.43475,1.69969,-1.91428,-4.0767,5.01474,-5.72442,2.56733,2.56733,1.71155,0.855777,0.855777,0.855777
22.8955,4.69667,4.46308,1.66984,0.883031,2.26365,2.09211,-9.94112,1.1421,-1.86402,-3.23482,5.55026,-6.7207,2.45118,2.45118,1.63412,0.81706,0.81706,0.81706
22.9004,4.5758,4.36601,1.58137,0.852578,2.21283,2.05308,-9.16129,2.13075,-1.74833,-4.70379,5.95257,-4.23183,2.33721,2.33721,1.55814,0.779069,0.779069,0.779069
22.9055,4.44694,4.26664,1.49606,0.827,2.15995,2.00586,-8.7746,3.53396,-1.596,-4.82152,5.98388,-5.35972,2.21844,2.21844,1.47896,0.739479,0.739479,0.739479
22.9102,4.32269,4.17333,1.42716,0.810844,2.11124,1.96162,-8.51135,3.97057,-1.41426,-3.21179,6.81529,-7.31039,2.10885,2.10885,1.4059,0.702951,0.702951,0.702951
22.9153,4.18611,4.07083,1.36555,0.783976,2.05829,1.91801,-7.99437,3.02187,-1.21786,-3.21351,7.36005,-4.29819,1.98981,1.98981,1.32654,0.663271,0.663271,0.663271
22.9205,4.04253,3.96655,1.31655,0.754153,2.00415,1.86934,-8.54661,3.31279,-1.06998,-3.73605,4.89999,-6.76653,1.86831,1.86831,1.24554,0.62277,0.62277,0.62277
22.9253,3.91224,3.86997,1.27982,0.729494,1.9544,1.82841,-7.2484,2.5819,-1.03693,-3.60755,7.30549,-5.89283,1.75604,1.75604,1.17069,0.585347,0.585347,0.585347
22.9303,3.77085,3.77015,1.24993,0.705446,1.90244,1.78779,-8.19909,2.17099,-0.866939,-3.08001,6.78147,-6.08565,1.63899,1.63899,1.09266,0.54633,0.54633,0.54633
22.9352,3.63478,3.6739,1.22359,0.67862,1.8515,1.74988,-5.46024,1.51356,-0.775769,-5.89006,5.9669,-5.98942,1.52418,1.52418,1.01612,0.50806,0.50806,0.50806
22.9405,3.47711,3.57396,1.19635,0.676898,1.79648,1.71188,-10.5092,6.38948,-0.412854,-5.81551,8.49233,-5.09515,1.3999,1.3999,0.933264,0.466632,0.466632,0.466632
22.9453,3.36073,3.47655,1.16555,0.694111,1.74639,1.67398,-11.811,6.79369,-0.220719,-6.39896,9.2668,-5.64548,1.28725,1.28725,0.858169,0.429084,0.429084,0.429084
22.9506,3.3422,3.36727,1.12654,0.727047,1.69077,1.63228,-8.50695,5.13333,-0.545295,-4.85052,9.20064,-6.08424,1.16279,1.16279,0.775195,0.387597,0.387597,0.387597
22.9555,3.29935,3.26589,1.09564,0.753045,1.63909,1.59546,-8.03721,5.49275,-0.361945,-5.25926,7.94734,-6.05414,1.04765,1.04765,0.698435,0.349218,0.349218,0.349218
22.9604,3.22512,3.16415,1.06359,0.772569,1.58735,1.56004,-7.68955,4.45353,-0.740764,-5.1215,6.19726,-5.85014,0.932451,0.932451,0.621634,0.310817,0.310817,0.310817
22.9653,3.12684,3.06243,1.04041,0.782772,1.53578,1.52416,-6.92813,5.03371,-0.166506,-3.69204,6.42612,-5.29008,0.817195,0.817195,0.544796,0.272398,0.272398,0.272398
22.9704,2.99957,2.95638,1.00791,0.766683,1.48227,1.48355,-7.65522,5.44134,-0.0593282,-4.80295,7.51769,-5.92075,0.697182,0.697182,0.464788,0.232394,0.232394,0.232394
22.9753,2.87628,2.85424,0.969626,0.745063,1.43087,1.44551,-7.23255,5.06025,0.0698206,-3.65498,5.27914,-5.1785,0.581834,0.581834,0.387889,0.193945,0.193945,0.193945
22.9802,2.74905,2.75202,0.925194,0.710835,1.37979,1.40528,-7.04231,4.15517,-0.0580775,-3.43436,7.14748,-5.198,0.466451,0.466451,0.310968,0.155484,0.155484,0.155484
22.9853,2.61415,2.64585,0.878819,0.667785,1.32669,1.36236,-6.44151,4.39349,-0.247607,-4.77708,5.9538,-5.53884,0.34633,0.34633,0.230887,0.115443,0.115443,0.115443
22.9903,2.47727,2.54198,0.839797,0.627056,1.27487,1.3221,-6.73742,3.3214,-0.123101,-5.33398,5.87714,-4.09198,0.228542,0.228542,0.152361,0.0761807,0.0761807,0.0761807
22.9954,2.33786,2.43658,0.802187,0.590446,1.22231,1.27658,-7.1531,4.32806,-0.417106,-3.85321,8.19419,-6.85057,0.108384,0.108384,0.072256,0.036128,0.036128,0.036128
23.0007,2.19929,2.3273,0.772939,0.547841,1.16754,1.23733,-7.02823,4.45293,-0.333854,-3.81158,8.23582,-6.80894,-0.0164934,-0.0164934,-0.0109956,-0.00549779,-0.00549779,-0.00549779
23.0053,2.08174,2.23251,0.749655,0.508442,1.11989,1.21307,-6.49038,4.65194,-0.552109,-4.43785,7.16243,-6.26773,-0.124877,-0.124877,-0.0832512,-0.0416256,-0.0416256,-0.0416256
23.0104,1.95124,2.12752,0.732948,0.465732,1.06715,1.18987,-6.37023,4.77209,-0.472004,-4.3978,7.20248,-6.22768,-0.245033,-0.245033,-0.163356,-0.0816778,-0.0816778,-0.0816778
23.0157,1.815,2.01841,0.721134,0.422595,1.01244,1.16874,-6.79303,6.22473,0.7043,-4.78674,8.5689,-7.2045,-0.369885,-0.369885,-0.24659,-0.123295,-0.123295,-0.123295
23.0203,1.70069,1.92318,0.685654,0.387387,0.964829,1.1649,-6.55861,5.27321,0.914468,-4.75891,7.88465,-5.80219,-0.478226,-0.478226,-0.318818,-0.159409,-0.159409,-0.159409
23.0252,1.58218,1.82173,0.631859,0.351238,0.914127,1.15805,-6.44323,5.38859,0.991387,-4.72045,7.92311,-5.76373,-0.593606,-0.593606,-0.395737,-0.197869,-0.197869,-0.197869
23.0303,1.46022,1.71611,0.564372,0.314738,0.86136,1.14907,-5.64944,5.63078,0.517572,-4.95367,6.70457,-4.30783,-0.713657,-0.713657,-0.475772,-0.237886,-0.237886,-0.237886
23.0354,1.32981,1.61039,0.497083,0.279044,0.808862,1.12361,-6.12044,6.07386,0.860915,-5.60919,6.75285,-6.53655,-0.833663,-0.833663,-0.555775,-0.277888,-0.277888,-0.277888
23.0404,1.20501,1.50655,0.427277,0.249596,0.757704,1.10922,-5.06118,6.59728,0.811826,-4.96555,8.34869,-5.83495,-0.951264,-0.951264,-0.634176,-0.317088,-0.317088,-0.317088
23.0453,1.07406,1.40448,0.357709,0.22083,0.70747,1.09509,-5.93492,5.52654,0.9973,-6.65767,8.97497,-5.30803,-1.06646,-1.06646,-0.71097,-0.355485,-0.355485,-0.355485
23.0503,0.945324,1.30041,0.285077,0.210039,0.656009,1.07346,-5.19493,7.03089,1.50198,-7.15672,8.83196,-4.2256,-1.18393,-1.18393,-0.789289,-0.394644,-0.394644,-0.394644
23.0553,0.814386,1.196,0.206232,0.221516,0.604446,1.03907,-5.29422,6.4588,0.108888,-6.91886,8.4157,-5.23802,-1.30134,-1.30134,-0.867558,-0.433779,-0.433779,-0.433779
23.0603,0.683981,1.09145,0.139534,0.243203,0.552866,1.00355,-5.433,6.01664,1.00429,-4.37919,9.30765,-4.40403,-1.41866,-1.41866,-0.945775,-0.472887,-0.472887,-0.472887
23.0654,0.555852,0.984827,0.0709065,0.242757,0.500109,0.962023,-4.5924,7.90922,1.15507,-6.00361,8.55263,-4.87753,-1.53824,-1.53824,-1.02549,-0.512747,-0.512747,-0.512747
23.0704,0.425261,0.879887,0.0024663,0.242131,0.448373,0.920479,-4.37282,6.52522,1.49442,-5.29389,10.5292,-3.95253,-1.65538,-1.65538,-1.10359,-0.551794,-0.551794,-0.551794
23.0754,0.291243,0.774946,-0.0706354,0.23485,0.396346,0.875325,-4.88224,6.00792,1.75636,-4.36891,8.06765,-4.82431,-1.77242,-1.77242,-1.18161,-0.590807,-0.590807,-0.590807
23.0803,0.164808,0.672317,-0.145899,0.214601,0.345456,0.830919,-3.86933,5.74427,1.80977,-4.34728,9.76184,-5.05108,-1.88701,-1.88701,-1.25801,-0.629004,-0.629004,-0.629004
23.0853,0.0297138,0.567839,-0.225338,0.183173,0.293391,0.787164,-3.63825,5.96747,2.00677,-5.79046,8.93966,-3.6625,-2.00383,-2.00383,-1.33588,-0.667942,-0.667942,-0.667942
23.0905,-0.113992,0.459402,-0.310596,0.155085,0.23925,0.739089,-4.61616,5.83272,1.6028,-5.53473,8.10243,-6.18057,-2.12518,-2.12518,-1.41679,-0.708394,-0.708394,-0.708394
23.0956,-0.247553,0.353304,-0.391652,0.128928,0.186293,0.698024,-4.37119,6.95631,1.96211,-5.69382,8.48982,-4.35246,-2.24407,-2.24407,-1.49604,-0.748022,-0.748022,-0.748022
23.1004,-0.371237,0.253282,-0.470198,0.106792,0.136542,0.65798,-4.22003,7.15475,1.1003,-6.52596,8.88312,-5.60688,-2.35583,-2.35583,-1.57055,-0.785275,-0.785275,-0.785275
23.1055,-0.498681,0.1469,-0.54449,0.0931844,0.0837191,0.619445,-3.94384,7.8407,1.89624,-6.46159,8.40101,-5.31895,-2.47442,-2.47442,-1.64962,-0.824808,-0.824808,-0.824808
23.1103,-0.617945,0.0465516,-0.615142,0.0883397,0.0341283,0.585925,-3.83236,7.95218,1.97055,-6.42443,8.43817,-5.28179,-2.5859,-2.5859,-1.72393,-0.861967,-0.861967,-0.861967
23.1155,-0.748034,-0.0624336,-0.693065,0.0875665,-0.0194592,0.552058,-3.84966,7.74576,1.6016,-4.59575,9.55477,-5.24159,-2.7065,-2.7065,-1.80433,-0.902167,-0.902167,-0.902167
23.1204,-0.868069,-0.165258,-0.760899,0.0744782,-0.0700192,0.522321,-3.57464,6.80332,2.32306,-7.42281,6.93471,-3.46497,-2.81998,-2.81998,-1.87998,-0.939992,-0.939992,-0.939992
23.1254,-0.992255,-0.270091,-0.83583,0.0798729,-0.121053,0.483165,-3.2108,7.35234,1.95916,-4.64359,10.0534,-3.84043,-2.9356,-2.9356,-1.95707,-0.978533,-0.978533,-0.978533
23.1305,-1.12175,-0.377048,-0.910546,0.0694665,-0.173364,0.440292,-3.06548,7.9941,2.42848,-6.30174,9.19842,-4.25658,-3.05334,-3.05334,-2.03556,-1.01778,-1.01778,-1.01778
23.1356,-1.25197,-0.484153,-0.988251,0.0662682,-0.225645,0.396885,-3.71622,8.81692,1.79834,-6.32879,9.80893,-4.30847,-3.1709,-3.1709,-2.11393,-1.05697,-1.05697,-1.05697
23.1403,-1.36149,-0.583112,-1.05259,0.0691573,-0.273955,0.356731,-2.26059,7.80611,1.68443,-5.74626,9.28194,-4.50426,-3.27905,-3.27905,-2.18603,-1.09302,-1.09302,-1.09302
23.1453,-1.48711,-0.688339,-1.11222,0.0699902,-0.325338,0.314673,-3.87934,9.73336,2.67433,-9.6079,11.8622,-5.50098,-3.3939,-3.3939,-2.2626,-1.1313,-1.1313,-1.1313
23.1504,-1.59838,-0.796175,-1.18226,0.105585,-0.378171,0.277092,-2.7577,8.93228,2.44924,-8.26064,9.649,-4.19516,-3.51084,-3.51084,-2.34056,-1.17028,-1.17028,-1.17028
23.1553,-1.70893,-0.899888,-1.24893,0.14658,-0.428923,0.237903,-2.26731,7.51177,2.13317,-7.57742,10.0921,-5.29214,-3.62299,-3.62299,-2.41532,-1.20766,-1.20766,-1.20766
23.1603,-1.83217,-1.00549,-1.3126,0.188275,-0.480739,0.20118,-2.15311,7.62597,2.20931,-7.53935,10.1302,-5.25407,-3.73719,-3.73719,-2.49146,-1.24573,-1.24573,-1.24573
23.1652,-1.96113,-1.10887,-1.37424,0.228438,-0.531529,0.168274,-1.32826,8.52568,3.08216,-6.04483,9.91901,-3.75127,-3.8489,-3.8489,-2.56593,-1.28297,-1.28297,-1.28297
23.1703,-2.10429,-1.21652,-1.44809,0.258774,-0.584383,0.127798,-1.61019,8.31467,3.21594,-5.0788,10.0322,-3.88648,-3.96491,-3.96491,-2.64328,-1.32164,-1.32164,-1.32164
23.1752,-2.24377,-1.31994,-1.52551,0.262865,-0.635142,0.085905,-1.97964,7.85066,2.30988,-4.32965,9.63043,-4.86785,-4.07614,-4.07614,-2.71743,-1.35871,-1.35871,-1.35871
23.1802,-2.38472,-1.4253,-1.59751,0.23679,-0.686863,0.0445293,-0.972008,8.98437,3.48472,-4.97086,10.7611,-5.7409,-4.18939,-4.18939,-2.79293,-1.39646,-1.39646,-1.39646
23.1852,-2.52883,-1.53074,-1.67659,0.198215,-0.73868,0.0101616,-1.28848,6.96976,3.39703,-5.77775,10.4262,-2.83007,-4.30238,-4.30238,-2.86826,-1.43413,-1.43413,-1.43413
23.1901,-2.66943,-1.63362,-1.75681,0.157729,-0.789489,-0.0325051,-1.58382,8.35286,2.45911,-5.29381,9.94139,-4.53205,-4.41286,-4.41286,-2.9419,-1.47095,-1.47095,-1.47095
23.1952,-2.81264,-1.74063,-1.83214,0.112173,-0.842315,-0.0758525,-1.30364,9.62986,3.1793,-7.05233,11.6605,-4.56833,-4.52756,-4.52756,-3.01837,-1.50919,-1.50919,-1.50919
23.2002,-2.95021,-1.84578,-1.90647,0.0736374,-0.894293,-0.116266,-0.750184,7.68536,3.22274,-6.00478,9.45398,-2.78386,-4.63974,-4.63974,-3.09316,-1.54658,-1.54658,-1.54658
23.2052,-3.08895,-1.95064,-1.98073,0.0363376,-0.946112,-0.161041,-1.55238,9.25504,2.67869,-6.24073,10.8078,-4.42741,-4.75162,-4.75162,-3.16775,-1.58387,-1.58387,-1.58387
23.2103,-3.22324,-2.05774,-2.04882,0.00053629,-0.999006,-0.203999,0.0744082,10.0347,3.52578,-6.00406,9.39674,-3.56974,-4.86545,-4.86545,-3.24363,-1.62182,-1.62182,-1.62182
23.2152,-3.36047,-2.16095,-2.11944,-0.0341805,-1.04963,-0.24602,-0.186886,8.63871,3.69254,-6.43139,10.849,-5.06519,-4.97451,-4.97451,-3.31634,-1.65817,-1.65817,-1.65817
23.2202,-3.50168,-2.26612,-2.19465,-0.0667542,-1.10133,-0.282805,-0.280778,8.83638,3.09982,-6.54343,9.20513,-4.40719,-5.0855,-5.0855,-3.39033,-1.69517,-1.69517,-1.69517
23.2252,-3.64231,-2.37118,-2.26399,-0.094951,-1.15274,-0.317003,-0.796563,9.86114,3.47875,-5.52122,10.5917,-3.5837,-5.19618,-5.19618,-3.46412,-1.73206,-1.73206,-1.73206
23.2302,-3.7774,-2.47642,-2.3333,-0.127403,-1.20413,-0.353809,0.0387506,10.5625,3.16985,-9.59136,10.8851,-4.19276,-5.30653,-5.30653,-3.53769,-1.76884,-1.76884,-1.76884
23.2352,-3.91367,-2.58195,-2.39766,-0.120061,-1.25557,-0.388442,0.148777,10.6725,3.2432,-9.55468,10.9218,-4.15608,-5.41656,-5.41656,-3.61104,-1.80552,-1.80552,-1.80552
23.2402,-4.05093,-2.68781,-2.45924,-0.0836644,-1.30707,-0.421166,-0.624091,11.188,4.06037,-7.00924,10.1718,-3.97048,-5.52625,-5.52625,-3.68417,-1.84208,-1.84208,-1.84208
23.2453,-4.18291,-2.79617,-2.53062,-0.0482672,-1.35947,-0.45373,0.267565,10.677,3.35306,-6.9555,11.3433,-3.6435,-5.63778,-5.63778,-3.75852,-1.87926,-1.87926,-1.87926
23.2502,-4.31029,-2.90042,-2.59287,-0.0180263,-1.40996,-0.487174,0.882645,10.6657,3.859,-6.43965,11.1802,-3.99705,-5.7446,-5.7446,-3.82974,-1.91487,-1.91487,-1.91487
23.2552,-4.44454,-3.00689,-2.65783,0.00339619,-1.46152,-0.520594,0.364834,10.9713,3.90217,-6.49452,10.4298,-3.2736,-5.85325,-5.85325,-3.90217,-1.95108,-1.95108,-1.95108
23.2603,-4.57884,-3.11566,-2.72661,0.0114437,-1.51402,-0.559368,0.376785,10.5459,3.86921,-5.80358,11.8411,-3.9323,-5.9637,-5.9637,-3.9758,-1.9879,-1.9879,-1.9879
23.2653,-4.70723,-3.22232,-2.79342,0.00195706,-1.56566,-0.597321,0.323158,10.0865,4.27974,-6.38033,11.6618,-1.56137,-6.07162,-6.07162,-4.04775,-2.02387,-2.02387,-2.02387
23.2703,-4.82779,-3.32878,-2.86285,-0.0140006,-1.6174,-0.643118,0.371597,9.44542,4.34516,-8.13298,10.7289,-3.4382,-6.17916,-6.17916,-4.11944,-2.05972,-2.05972,-2.05972
23.2752,-4.93845,-3.43276,-2.93264,-0.0140352,-1.66803,-0.687355,1.67044,10.3621,4.32739,-6.67379,10.7308,-3.64331,-6.28418,-6.28418,-4.18945,-2.09473,-2.09473,-2.09473
23.2803,-5.06488,-3.54083,-3.00417,-0.0168404,-1.72065,-0.731591,0.735245,9.01712,4.15129,-6.33941,10.3034,-2.87009,-6.39308,-6.39308,-4.26206,-2.13103,-2.13103,-2.13103
23.2852,-5.18024,-3.64419,-3.06981,-0.0261545,-1.77102,-0.775137,1.8442,10.0552,4.75165,-5.94034,11.1661,-2.67802,-6.49734,-6.49734,-4.33156,-2.16578,-2.16578,-2.16578
23.2902,-5.30835,-3.74951,-3.14212,-0.0462676,-1.8224,-0.820466,2.03292,11.7411,4.24755,-7.56101,10.5887,-3.76877,-6.60332,-6.60332,-4.40221,-2.20111,-2.20111,-2.20111
23.2953,-5.44645,-3.85726,-3.21489,-0.0644812,-1.87465,-0.864108,2.1406,11.8488,4.31934,-7.52512,10.6246,-3.73288,-6.711,-6.711,-4.474,-2.237,-2.237,-2.237
23.3003,-5.58619,-3.96329,-3.2866,-0.0821891,-1.92564,-0.904183,2.42699,11.1462,4.06131,-8.80655,9.16101,-4.62519,-6.81615,-6.81615,-4.5441,-2.27205,-2.27205,-2.27205
23.3053,-5.72859,-4.06939,-3.35304,-0.0834794,-1.9757,-0.935333,2.53173,11.2509,4.13114,-8.77164,9.19592,-4.59028,-6.92089,-6.92089,-4.61393,-2.30696,-2.30696,-2.30696
23.3103,-5.87205,-4.17553,-3.41408,-0.0679558,-2.02385,-0.956231,1.57617,11.9502,4.91336,-8.24007,9.89309,-3.87655,-7.02519,-7.02519,-4.68346,-2.34173,-2.34173,-2.34173
23.3153,-6.01019,-4.28191,-3.48294,-0.044784,-2.06983,-0.976696,2.51927,10.9903,4.83213,-7.38576,10.0188,-2.898,-7.12907,-7.12907,-4.75271,-2.37636,-2.37636,-2.37636
23.3202,-6.14605,-4.38604,-3.55229,-0.0252782,-2.11289,-1.0054,2.96735,11.005,5.08572,-7.44306,11.0627,-2.69862,-7.23043,-7.23043,-4.82029,-2.41014,-2.41014,-2.41014
23.3254,-6.29264,-4.49644,-3.62966,-0.00834297,-2.15959,-1.04255,2.42042,11.4785,5.33268,-6.50483,10.7838,-2.34827,-7.33754,-7.33754,-4.89169,-2.44585,-2.44585,-2.44585
23.3305,-6.43329,-4.60471,-3.70983,-0.00986728,-2.20509,-1.08421,2.84413,11.2482,4.59148,-7.32282,12.0027,-2.58666,-7.44211,-7.44211,-4.96141,-2.4807,-2.4807,-2.4807
23.3354,-6.569,-4.70868,-3.7816,-0.0185754,-2.25151,-1.12617,2.71957,11.423,4.5035,-7.34744,11.9367,-4.3004,-7.54213,-7.54213,-5.02809,-2.51404,-2.51404,-2.51404
23.3404,-6.70445,-4.81466,-3.84617,-0.0302722,-2.30036,-1.16249,2.97483,11.7847,5.52009,-8.08359,13.7259,-2.65193,-7.64373,-7.64373,-5.09582,-2.54791,-2.54791,-2.54791
23.3452,-6.83283,-4.91642,-3.91558,-0.0328749,-2.34898,-1.19974,2.74491,12.0512,4.08838,-7.08248,12.0278,-2.95904,-7.74083,-7.74083,-5.16055,-2.58028,-2.58028,-2.58028
23.3502,-6.96101,-5.02244,-3.97162,-0.0444364,-2.39985,-1.2382,2.84558,11.5333,4.3833,-7.08205,11.9206,-4.06813,-7.8415,-7.8415,-5.22766,-2.61383,-2.61383,-2.61383
23.3552,-7.08299,-5.12833,-4.01619,-0.060715,-2.45079,-1.26846,2.84332,12.1338,5.56198,-7.57027,12.045,-0.590252,-7.94168,-7.94168,-5.29446,-2.64723,-2.64723,-2.64723
23.3603,-7.2021,-5.23641,-4.07705,-0.0820975,-2.50284,-1.31312,2.78347,12.9605,5.27029,-6.97336,12.0541,-1.79836,-8.04337,-8.04337,-5.36225,-2.68112,-2.68112,-2.68112
23.3652,-7.31068,-5.34051,-4.13994,-0.111928,-2.55293,-1.35826,3.37318,12.7937,5.56708,-7.52057,11.3661,-2.01435,-8.14058,-8.14058,-5.42705,-2.71353,-2.71353,-2.71353
23.3702,-7.42444,-5.44688,-4.20913,-0.142285,-2.60385,-1.40507,4.01954,11.9311,5.65796,-8.01757,11.606,-2.77633,-8.23928,-8.23928,-5.49285,-2.74643,-2.74643,-2.74643
23.3752,-7.54461,-5.55303,-4.27942,-0.165215,-2.65469,-1.45086,3.36913,11.852,5.37439,-9.34274,8.2688,-2.98372,-8.33747,-8.33747,-5.55831,-2.77916,-2.77916,-2.77916
23.3801,-7.65671,-5.6569,-4.34551,-0.16686,-2.70156,-1.49406,4.38682,11.467,5.78306,-8.07713,12.5566,-3.09257,-8.4332,-8.4332,-5.62213,-2.81107,-2.81107,-2.81107
23.3852,-7.78164,-5.76468,-4.41569,-0.163513,-2.75163,-1.53689,4.59624,11.9759,6.16054,-8.6485,10.884,-2.56274,-8.5323,-8.5323,-5.6882,-2.8441,-2.8441,-2.8441
23.3903,-7.91232,-5.87229,-4.49166,-0.151751,-2.80044,-1.58035,4.33626,12.1335,5.52401,-7.37365,11.927,-2.81141,-8.63086,-8.63086,-5.75391,-2.87695,-2.87695,-2.87695
23.3954,-8.04419,-5.97987,-4.56438,-0.154921,-2.84938,-1.62274,3.91812,12.3694,5.80461,-4.67486,10.7591,-1.98386,-8.72886,-8.72886,-5.81924,-2.90962,-2.90962,-2.90962
23.4005,-8.16913,-6.08738,-4.63708,-0.193383,-2.89644,-1.66691,5.52065,10.6702,5.83613,-5.5449,9.3177,-2.1087,-8.82631,-8.82631,-5.8842,-2.9421,-2.9421,-2.9421
23.4054,-8.30103,-6.1902,-4.70646,-0.237257,-2.93258,-1.71014,4.01804,11.7168,4.60239,-7.40997,11.8659,-1.96175,-8.9194,-8.9194,-5.94626,-2.97313,-2.97313,-2.97313
23.4103,-8.42431,-6.29287,-4.75746,-0.278726,-2.97202,-1.75395,4.7804,12.6289,5.29737,-7.53641,11.5738,-2.43597,-9.01196,-9.01196,-6.00797,-3.00399,-3.00399,-3.00399
23.4152,-8.54635,-6.39556,-4.80218,-0.3131,-3.01279,-1.79648,4.99062,11.2079,5.31483,-6.84338,11.472,-1.75946,-9.10398,-9.10398,-6.06932,-3.03466,-3.03466,-3.03466
23.4205,-8.67825,-6.50619,-4.84443,-0.342981,-3.0581,-1.84268,5.08955,11.3069,5.38078,-6.8104,11.505,-1.72648,-9.20291,-9.20291,-6.13527,-3.06764,-3.06764,-3.06764
23.4255,-8.80109,-6.6101,-4.87719,-0.361234,-3.10163,-1.8861,6.21852,11.9788,5.81046,-5.12349,9.24231,-3.24393,-9.29566,-9.29566,-6.19711,-3.09855,-3.09855,-3.09855
23.4305,-8.9353,-6.71382,-4.91662,-0.390122,-3.13393,-1.92224,4.67165,12.8314,5.015,-7.05512,13.6035,-0.580163,-9.38783,-9.38783,-6.25855,-3.12928,-3.12928,-3.12928
23.4353,-9.0554,-6.81354,-4.94422,-0.409217,-3.17729,-1.96337,6.98963,12.6002,6.79161,-9.71681,11.1819,-1.08077,-9.47577,-9.47577,-6.31718,-3.15859,-3.15859,-3.15859
23.4403,-9.19491,-6.91746,-5.00148,-0.391556,-3.22194,-2.00811,6.21387,15.7723,7.19088,-13.8431,13.216,-3.53442,-9.56681,-9.56681,-6.37787,-3.18894,-3.18894,-3.18894
23.4454,-9.33542,-7.02425,-5.07607,-0.340088,-3.27086,-2.04386,4.67889,13.7173,6.29934,-9.65572,12.6837,-4.29856,-9.65905,-9.65905,-6.43937,-3.21968,-3.21968,-3.21968
23.4502,-9.44914,-7.12486,-5.14547,-0.291213,-3.31793,-2.05784,4.76514,13.8035,6.35684,-9.62697,12.7125,-4.26981,-9.7453,-9.7453,-6.49687,-3.24843,-3.24843,-3.24843
23.4554,-9.54592,-7.23389,-5.21858,-0.23832,-3.36946,-2.05435,4.85796,13.8963,6.41872,-9.59603,12.7434,-4.23887,-9.83812,-9.83812,-6.55875,-3.27937,-3.27937,-3.27937
23.4606,-9.61096,-7.34294,-5.28664,-0.185546,-3.4212,-2.03513,6.2188,13.559,6.44045,-5.25971,10.6627,-3.20627,-9.93028,-9.93028,-6.62019,-3.31009,-3.31009,-3.31009
23.4653,-9.69622,-7.44148,-5.34907,-0.152541,-3.46604,-2.019,6.30153,13.6417,6.4956,-5.23213,10.6903,-3.17869,-10.013,-10.013,-6.67534,-3.33767,-3.33767,-3.33767
23.4703,-9.79545,-7.54626,-5.41406,-0.162031,-3.50991,-2.00423,6.34165,15.447,7.03039,-6.2794,11.2742,-1.50184,-10.1004,-10.1004,-6.73361,-3.3668,-3.3668,-3.3668
23.4753,-9.90057,-7.65147,-5.485,-0.196588,-3.55024,-2.00932,6.05808,14.2533,6.73295,-7.48417,10.2764,-1.39839,-10.1872,-10.1872,-6.79147,-3.39573,-3.39573,-3.39573
23.4806,-10.0073,-7.76303,-5.55981,-0.238583,-3.58178,-2.03339,6.62613,15.0104,7.42709,-8.28173,10.1826,-2.37811,-10.2785,-10.2785,-6.85234,-3.42617,-3.42617,-3.42617
23.4854,-10.1068,-7.86423,-5.6319,-0.274069,-3.59298,-2.0564,6.54273,14.7537,7.45255,-7.02067,11.8163,-3.34435,-10.3606,-10.3606,-6.90706,-3.45353,-3.45353,-3.45353
23.4902,-10.2104,-7.96554,-5.70925,-0.315654,-3.6111,-2.07142,6.62422,14.8352,7.50687,-6.99351,11.8435,-3.31719,-10.4421,-10.4421,-6.96138,-3.48069,-3.48069,-3.48069
23.4954,-10.3193,-8.07536,-5.79382,-0.363805,-3.6337,-2.0805,6.37299,13.6856,6.94037,-8.3222,12.237,-2.2033,-10.5297,-10.5297,-7.01979,-3.5099,-3.5099,-3.5099
23.5003,-10.4172,-8.17861,-5.87042,-0.406872,-3.66461,-2.09747,6.4549,13.7675,6.99498,-8.2949,12.2643,-2.176,-10.6116,-10.6116,-7.0744,-3.5372,-3.5372,-3.5372
23.5052,-10.5058,-8.28162,-5.94188,-0.446662,-3.70041,-2.12094,7.08384,14.1837,7.31042,-10.6359,14.2372,-2.00815,-10.6929,-10.6929,-7.12859,-3.56429,-3.56429,-3.56429
23.5103,-10.5991,-8.38866,-6.01275,-0.464976,-3.74692,-2.15022,7.60117,14.8981,7.20753,-8.33923,12.634,-1.72349,-10.7768,-10.7768,-7.18454,-3.59227,-3.59227,-3.59227
23.5154,-10.71,-8.49576,-6.08356,-0.484525,-3.79476,-2.18444,7.68441,14.9813,7.26302,-8.31148,12.6618,-1.69574,-10.8601,-10.8601,-7.24003,-3.62002,-3.62002,-3.62002
23.5204,-10.8225,-8.60071,-6.14895,-0.502426,-3.84218,-2.22075,8.67154,14.0339,6.46217,-7.24951,11.7366,-1.25477,-10.941,-10.941,-7.29399,-3.64699,-3.64699,-3.64699
23.5255,-10.9515,-8.70748,-6.19797,-0.530542,-3.88889,-2.26187,7.55957,14.6437,8.38101,-8.09162,11.3498,-1.99752,-11.0228,-11.0228,-7.34855,-3.67428,-3.67428,-3.67428
23.5302,-11.0623,-8.80577,-6.26223,-0.555172,-3.92823,-2.29876,7.11036,13.4616,6.77142,-7.13929,11.913,-1.98915,-11.0976,-11.0976,-7.39842,-3.69921,-3.69921,-3.69921
23.5352,-11.1599,-8.90987,-6.31635,-0.586839,-3.9681,-2.33775,7.40991,14.2261,8.24942,-8.61998,12.3698,-2.91504,-11.1766,-11.1766,-7.45104,-3.72552,-3.72552,-3.72552
23.5402,-11.2494,-9.01379,-6.38529,-0.614697,-4.00773,-2.36937,8.92624,14.6156,7.40496,-6.26721,12.8844,-1.43997,-11.2548,-11.2548,-7.50319,-3.75159,-3.75159,-3.75159
23.5452,-11.3615,-9.1176,-6.44956,-0.655389,-4.04951,-2.4044,8.04636,15.5521,7.31662,-6.87896,10.7078,-1.5466,-11.3323,-11.3323,-7.55488,-3.77744,-3.77744,-3.77744
23.5502,-11.4693,-9.22157,-6.50871,-0.698633,-4.08238,-2.44117,8.28473,15.6446,7.23617,-8.57555,11.0315,-2.09231,-11.4091,-11.4091,-7.6061,-3.80305,-3.80305,-3.80305
23.5552,-11.5748,-9.32564,-6.56016,-0.736153,-4.10591,-2.47535,9.01096,15.1022,8.17726,-9.46927,12.3982,-0.386093,-11.4853,-11.4853,-7.65685,-3.82843,-3.82843,-3.82843
23.5602,-11.6948,-9.42972,-6.62573,-0.758511,-4.136,-2.51659,9.08638,15.1776,8.22754,-9.44413,12.4234,-0.360953,-11.5607,-11.5607,-7.70713,-3.85357,-3.85357,-3.85357
23.5652,-11.8193,-9.53372,-6.696,-0.76225,-4.16904,-2.56121,8.74739,15.3627,7.54794,-10.5618,10.5522,-1.39589,-11.6354,-11.6354,-7.75694,-3.87847,-3.87847,-3.87847
23.5703,-11.9416,-9.63978,-6.76096,-0.739073,-4.18884,-2.60621,9.67783,15.0205,7.32655,-8.61578,12.3906,-1.83442,-11.7109,-11.7109,-7.80725,-3.90362,-3.90362,-3.90362
23.5755,-12.075,-9.74779,-6.81803,-0.715304,-4.21608,-2.65002,9.62398,15.0533,8.06703,-7.62989,12.5402,-1.41159,-11.787,-11.787,-7.85803,-3.92901,-3.92901,-3.92901
23.5802,-12.197,-9.84526,-6.87342,-0.705047,-4.24526,-2.68988,9.55425,16.4138,7.01105,-8.06256,12.3642,-2.70538,-11.8552,-11.8552,-7.90348,-3.95174,-3.95174,-3.95174
23.5853,-12.3302,-9.95133,-6.92252,-0.702401,-4.27937,-2.72754,8.96951,16.3688,8.88862,-7.31775,11.7925,-1.04153,-11.9285,-11.9285,-7.9523,-3.97615,-3.97615,-3.97615
23.5903,-12.4418,-10.0553,-6.98337,-0.712518,-4.30802,-2.7669,9.63551,14.8678,7.54197,-5.98584,12.9505,-0.901922,-11.9995,-11.9995,-7.99968,-3.99984,-3.99984,-3.99984
23.5953,-12.5567,-10.1591,-7.03863,-0.745392,-4.34498,-2.80848,9.70583,14.9382,7.58885,-5.9624,12.974,-0.878482,-12.0698,-12.0698,-8.04656,-4.02328,-4.02328,-4.02328
23.6005,-12.6724,-10.2666,-7.08471,-0.789314,-4.38696,-2.85319,9.55754,15.2942,8.59011,-7.41211,11.665,-1.75689,-12.1422,-12.1422,-8.09478,-4.04739,-4.04739,-4.04739
23.6055,-12.778,-10.3697,-7.14262,-0.831749,-4.42318,-2.89316,9.83121,15.556,8.26814,-5.84084,12.0522,-1.29512,-12.211,-12.211,-8.14065,-4.07032,-4.07032,-4.07032
23.6103,-12.8773,-10.4685,-7.19861,-0.87714,-4.45626,-2.93099,10.3851,15.4362,7.89579,-9.2304,11.3454,-2.09306,-12.2763,-12.2763,-8.18421,-4.0921,-4.0921,-4.0921
23.6152,-12.9859,-10.5693,-7.25056,-0.917234,-4.48232,-2.96479,10.2659,15.5061,8.52497,-9.9867,11.5744,-0.473025,-12.3423,-12.3423,-8.22819,-4.1141,-4.1141,-4.1141
23.6202,-13.0931,-10.6717,-7.3053,-0.937843,-4.5028,-3.00418,11.0456,16.5774,8.65713,-8.13471,10.6692,-1.43615,-12.4089,-12.4089,-8.27257,-4.13629,-4.13629,-4.13629
23.6254,-13.2167,-10.7784,-7.36705,-0.956028,-4.50925,-3.04373,10.4245,14.9398,7.82913,-8.36851,10.2366,-2.00123,-12.4773,-12.4773,-8.31819,-4.15909,-4.15909,-4.15909
23.6304,-13.3308,-10.8804,-7.41536,-0.968526,-4.49689,-3.07526,10.5486,17.2072,8.49528,-6.40104,11.699,-2.69992,-12.5423,-12.5423,-8.36152,-4.18076,-4.18076,-4.18076
23.6353,-13.4356,-10.9807,-7.46353,-0.995831,-4.48689,-3.09467,10.5801,15.7612,8.68773,-7.89535,11.2646,-0.0707346,-12.6052,-12.6052,-8.40349,-4.20175,-4.20175,-4.20175
23.6403,-13.5369,-11.0827,-7.51839,-1.02122,-4.47416,-3.12705,10.151,16.4826,9.11251,-8.3875,13.4551,-1.34126,-12.6687,-12.6687,-8.4458,-4.2229,-4.2229,-4.2229
23.6454,-13.6215,-11.1868,-7.58404,-1.04024,-4.48728,-3.15992,10.5932,16.7002,9.60031,-8.20059,12.9962,-2.51227,-12.7326,-12.7326,-8.48843,-4.24421,-4.24421,-4.24421
23.6505,-13.6981,-11.2908,-7.65857,-1.05768,-4.5141,-3.18312,10.877,16.3418,8.3842,-8.05535,13.0255,-0.479189,-12.7958,-12.7958,-8.5305,-4.26525,-4.26525,-4.26525
23.6553,-13.7798,-11.3885,-7.72262,-1.07679,-4.54828,-3.21402,10.9356,16.4004,8.4233,-8.0358,13.045,-0.459638,-12.8544,-12.8544,-8.5696,-4.2848,-4.2848,-4.2848
23.6603,-13.853,-11.4896,-7.7706,-1.09906,-4.58561,-3.25068,11.1535,16.7326,9.13023,-9.00929,11.7238,-1.39173,-12.9147,-12.9147,-8.60982,-4.30491,-4.30491,-4.30491
23.6652,-13.9381,-11.589,-7.83011,-1.11602,-4.61863,-3.28442,11.2119,16.7909,9.16912,-8.98984,11.7432,-1.37228,-12.9731,-12.9731,-8.64871,-4.32436,-4.32436,-4.32436
23.6703,-14.0244,-11.6923,-7.89216,-1.13112,-4.64609,-3.31743,11.587,15.3694,7.64365,-9.78138,11.5148,-0.449796,-13.033,-13.033,-8.68865,-4.34432,-4.34432,-4.34432
23.6753,-14.1166,-11.7917,-7.9247,-1.13048,-4.66497,-3.35402,11.5425,16.3611,9.57789,-7.61757,10.8469,-2.45909,-13.0909,-13.0909,-8.72726,-4.36363,-4.36363,-4.36363
23.6802,-14.2053,-11.8882,-7.97304,-1.14117,-4.66876,-3.3785,12.3786,16.4131,7.69659,-7.44981,13.3826,-0.72647,-13.1469,-13.1469,-8.76458,-4.38229,-4.38229,-4.38229
23.6853,-14.3138,-11.9882,-7.99877,-1.16423,-4.68933,-3.40847,12.1287,16.0647,8.80287,-6.22177,10.7274,-1.00541,-13.2043,-13.2043,-8.80287,-4.40143,-4.40143,-4.40143
23.6903,-14.4227,-12.0845,-8.03006,-1.20086,-4.69424,-3.43856,11.9281,16.3133,8.7688,-8.89427,11.0605,-1.11939,-13.2598,-13.2598,-8.83986,-4.41993,-4.41993,-4.41993
23.6954,-14.5243,-12.1806,-8.06069,-1.2243,-4.68912,-3.46831,12.3581,17.1098,8.77044,-9.29799,11.1619,-1.16705,-13.3155,-13.3155,-8.87703,-4.43851,-4.43851,-4.43851
23.7003,-14.6268,-12.275,-8.09645,-1.22747,-4.67928,-3.49572,12.5291,16.4651,9.14419,-7.8728,11.2374,-0.644378,-13.3683,-13.3683,-8.9122,-4.4561,-4.4561,-4.4561
23.7053,-14.732,-12.3697,-8.13961,-1.23074,-4.66502,-3.52741,12.5427,16.9516,9.05832,-6.36472,10.957,-1.73622,-13.4213,-13.4213,-8.94755,-4.47378,-4.47378,-4.47378
23.7102,-14.8274,-12.4604,-8.17719,-1.25454,-4.64416,-3.55173,11.7783,16.4551,8.08087,-7.05147,13.3587,-1.27205,-13.4725,-13.4725,-8.98166,-4.49083,-4.49083,-4.49083
23.7152,-14.9107,-12.5536,-8.20953,-1.28602,-4.65336,-3.57365,11.8297,16.5064,8.11512,-7.03434,13.3758,-1.25492,-13.5239,-13.5239,-9.01591,-4.50796,-4.50796,-4.50796
23.7205,-14.9763,-12.6504,-8.22933,-1.32412,-4.68554,-3.59292,12.4742,17.7381,9.92105,-8.73049,13.4351,-0.963834,-13.5774,-13.5774,-9.05161,-4.52581,-4.52581,-4.52581
23.7252,-15.0252,-12.7363,-8.26387,-1.34538,-4.72236,-3.60922,13.1671,16.457,8.75671,-7.63853,12.4157,-1.74315,-13.6241,-13.6241,-9.08275,-4.54137,-4.54137,-4.54137
23.7302,-15.1035,-12.8261,-8.30432,-1.36779,-4.7636,-3.61737,13.2159,16.5058,8.78929,-7.62224,12.4319,-1.72686,-13.673,-13.673,-9.11533,-4.55766,-4.55766,-4.55766
23.7353,-15.1811,-12.9055,-8.32561,-1.39055,-4.80419,-3.61685,14.1908,18.3002,9.18769,-8.38421,10.4528,-1.76021,-13.722,-13.722,-9.14798,-4.57399,-4.57399,-4.57399
23.7402,-15.2905,-12.9957,-8.36369,-1.40427,-4.83279,-3.61086,14.2371,18.3465,9.2185,-8.3688,10.4682,-1.7448,-13.7682,-13.7682,-9.17879,-4.5894,-4.5894,-4.5894
23.7453,-15.4136,-13.093,-8.40636,-1.41169,-4.84737,-3.60103,14.0006,16.4513,9.09952,-8.94925,10.2107,-2.17617,-13.8154,-13.8154,-9.21029,-4.60515,-4.60515,-4.60515
23.7502,-15.5315,-13.1806,-8.44534,-1.40642,-4.84224,-3.58327,14.0806,18.1388,8.64644,-7.2618,11.0039,0.529679,-13.86,-13.86,-9.24,-4.62,-4.62,-4.62
23.7552,-15.6525,-13.2744,-8.4784,-1.41396,-4.83128,-3.58984,13.8219,16.6666,9.47456,-7.66093,11.7308,-0.606368,-13.9046,-13.9046,-9.26974,-4.63487,-4.63487,-4.63487
23.7603,-15.7704,-13.367,-8.52559,-1.43098,-4.82279,-3.60369,14.3511,17.7789,9.75512,-7.76195,10.9177,-0.955811,-13.9492,-13.9492,-9.2995,-4.64975,-4.64975,-4.64975
23.7653,-15.8795,-13.4545,-8.57111,-1.45059,-4.80341,-3.62053,15.2332,17.5421,9.04176,-6.22416,10.5842,-1.29756,-13.9921,-13.9921,-9.32809,-4.66404,-4.66404,-4.66404
23.7704,-16.0092,-13.5478,-8.62488,-1.48785,-4.78161,-3.63752,15.2761,17.5849,9.07033,-6.20987,10.5985,-1.28327,-14.035,-14.035,-9.35666,-4.67833,-4.67833,-4.67833
23.7754,-16.1375,-13.6349,-8.66363,-1.53251,-4.7543,-3.65391,17.4566,18.2604,9.7791,-6.21276,12.0695,-0.433277,-14.0761,-14.0761,-9.38409,-4.69204,-4.69204,-4.69204
23.7802,-16.2786,-13.7246,-8.72091,-1.57746,-4.74508,-3.67686,17.4953,18.2991,9.80488,-6.19986,12.0824,-0.420384,-14.1148,-14.1148,-9.40987,-4.70494,-4.70494,-4.70494
23.7853,-16.4325,-13.8203,-8.78386,-1.62596,-4.74757,-3.70527,18.3669,18.1935,9.91947,-8.55446,13.1805,-1.03626,-14.155,-14.155,-9.43668,-4.71834,-4.71834,-4.71834
23.7902,-16.5833,-13.9113,-8.84577,-1.66467,-4.7725,-3.73043,18.6253,16.805,9.39917,-8.58326,11.3798,-0.295025,-14.1928,-14.1928,-9.46187,-4.73094,-4.73094,-4.73094
23.7952,-16.7389,-13.9996,-8.90964,-1.6896,-4.79955,-3.76065,18.663,16.8427,9.4243,-8.5707,11.3923,-0.282462,-14.2305,-14.2305,-9.487,-4.7435,-4.7435,-4.7435
23.8003,-16.8978,-14.0703,-8.95787,-1.69797,-4.82283,-3.79423,19.3112,17.6486,9.6625,-8.08629,11.6036,0.0529702,-14.268,-14.268,-9.51202,-4.75601,-4.75601,-4.75601
23.8052,-17.0498,-14.1326,-8.99942,-1.6973,-4.84456,-3.83042,20.0241,17.4671,9.75076,-8.93566,9.52046,-1.28494,-14.3032,-14.3032,-9.53549,-4.76774,-4.76774,-4.76774
23.8103,-17.206,-14.2042,-9.05407,-1.67987,-4.84613,-3.86199,20.0599,17.5028,9.77458,-8.92374,9.53238,-1.27302,-14.339,-14.339,-9.55931,-4.77966,-4.77966,-4.77966
23.8153,-17.3501,-14.2708,-9.10662,-1.65271,-4.82549,-3.88644,19.6291,16.9499,9.5152,-8.47356,11.1584,-1.12088,-14.3731,-14.3731,-9.58208,-4.79104,-4.79104,-4.79104
23.8203,-17.4539,-14.3213,-9.15131,-1.62106,-4.80666,-3.90724,19.1068,18.3227,9.33673,-8.77707,9.15741,-1.71423,-14.4064,-14.4064,-9.60425,-4.80213,-4.80213,-4.80213
23.8252,-17.4602,-14.3846,-9.18787,-1.58703,-4.77299,-3.91922,19.3513,17.7398,10.2106,-7.9882,12.1736,0.863142,-14.4381,-14.4381,-9.6254,-4.8127,-4.8127,-4.8127
23.8303,-17.3914,-14.4484,-9.23787,-1.55786,-4.75234,-3.94977,18.2132,17.2597,10.046,-6.22209,11.1162,0.492968,-14.4702,-14.4702,-9.64682,-4.82341,-4.82341,-4.82341
23.8352,-17.2689,-14.5015,-9.2911,-1.55775,-4.73543,-3.9863,19.7207,17.0139,10.3774,-6.444,10.7619,-1.36004,-14.5002,-14.5002,-9.66681,-4.8334,-4.8334,-4.8334
23.8402,-17.1386,-14.5252,-9.34295,-1.58277,-4.71428,-4.01577,20.4439,18.5881,10.0273,-7.11299,12.4857,-2.07049,-14.5299,-14.5299,-9.68661,-4.84331,-4.84331,-4.84331
23.8452,-17.0225,-14.5876,-9.40472,-1.61141,-4.71823,-4.029,20.4727,18.6169,10.0465,-7.10339,12.4954,-2.06089,-14.5587,-14.5587,-9.70582,-4.85291,-4.85291,-4.85291
23.8504,-16.911,-14.6597,-9.46408,-1.64209,-4.7395,-4.02602,21.0454,16.9911,9.55378,-8.72492,10.6255,0.697742,-14.5877,-14.5877,-9.72516,-4.86258,-4.86258,-4.86258
23.8553,-16.8208,-14.6882,-9.49463,-1.66054,-4.74918,-4.04153,20.1538,17.581,9.71981,-8.2027,12.6132,-0.874922,-14.6142,-14.6142,-9.7428,-4.8714,-4.8714,-4.8714
23.8603,-16.7304,-14.7291,-9.53321,-1.67139,-4.77851,-4.0542,20.1799,17.6071,9.7372,-8.194,12.6219,-0.866223,-14.6403,-14.6403,-9.76019,-4.8801,-4.8801,-4.8801
23.8654,-16.6353,-14.7693,-9.57106,-1.67328,-4.81787,-4.06431,21.1552,17.424,9.69999,-7.75494,11.4795,-0.72518,-14.666,-14.666,-9.77732,-4.88866,-4.88866,-4.88866
23.8702,-16.5706,-14.7896,-9.59416,-1.67349,-4.85275,-4.07318,20.8554,18.5584,9.12824,-8.31847,10.8415,-1.10657,-14.6893,-14.6893,-9.79286,-4.89643,-4.89643,-4.89643
23.8753,-16.5117,-14.8292,-9.60136,-1.66376,-4.88454,-4.07748,21.1038,16.6122,10.0429,-8.18631,10.6176,-0.295454,-14.7132,-14.7132,-9.80877,-4.90439,-4.90439,-4.90439
23.8804,-16.457,-14.8119,-9.59943,-1.65133,-4.9043,-4.08805,20.5358,17.3404,10.2818,-6.83728,10.145,-0.933656,-14.7361,-14.7361,-9.82405,-4.91202,-4.91202,-4.91202
23.8854,-16.4116,-14.8182,-9.63118,-1.65279,-4.91598,-4.09603,20.5573,17.362,10.2961,-6.83009,10.1522,-0.926473,-14.7576,-14.7576,-9.83841,-4.91921,-4.91921,-4.91921
23.8905,-16.363,-14.8265,-9.67596,-1.6695,-4.91681,-4.10182,21.717,18.6359,9.79392,-7.68418,10.7967,0.2563,-14.7787,-14.7787,-9.85244,-4.92622,-4.92622,-4.92622
23.8953,-16.3452,-14.8476,-9.70348,-1.68795,-4.91209,-4.1186,19.8566,16.9252,9.94658,-3.72835,8.51777,0.188093,-14.7976,-14.7976,-9.86507,-4.93253,-4.93253,-4.93253
23.9003,-16.3014,-14.8788,-9.74958,-1.73176,-4.8875,-4.1429,19.8754,16.944,9.95913,-3.72207,8.52405,0.19437,-14.8164,-14.8164,-9.87762,-4.93881,-4.93881,-4.93881
23.9052,-16.2351,-14.8967,-9.79474,-1.78074,-4.85087,-4.171,20.287,17.8639,10.1276,-5.73653,9.73051,0.0263458,-14.834,-14.834,-9.88933,-4.94467,-4.94467,-4.94467
23.9103,-16.1659,-14.9344,-9.84901,-1.83236,-4.81332,-4.20203,19.7094,17.9403,8.62809,-6.76575,10.9203,-0.53919,-14.8513,-14.8513,-9.9009,-4.95045,-4.95045,-4.95045
23.9157,-16.0751,-14.9853,-9.87289,-1.88567,-4.78459,-4.23167,19.0333,18.4856,10.3409,-6.50327,9.26183,-1.09645,-14.8687,-14.8687,-9.91246,-4.95623,-4.95623,-4.95623
23.9202,-15.9816,-15.0448,-9.91002,-1.92934,-4.75583,-4.24961,20.7017,17.987,9.21303,-6.92933,11.1045,0.53097,-14.8823,-14.8823,-9.92154,-4.96077,-4.96077,-4.96077
23.9254,-15.9097,-15.1213,-9.94795,-1.97618,-4.73748,-4.27962,20.7165,16.087,9.62837,-5.62439,8.31911,0.0639506,-14.8971,-14.8971,-9.93142,-4.96571,-4.96571,-4.96571
23.9304,-15.8751,-15.1585,-9.98058,-2.02044,-4.70532,-4.31003,20.4343,18.3619,9.3342,-5.33845,8.29043,1.54223,-14.9104,-14.9104,-9.9403,-4.97015,-4.97015,-4.97015
23.9355,-15.8549,-15.2158,-10.0068,-2.06496,-4.66629,-4.3493,21.952,16.8576,10.0867,-8.82844,10.5551,-1.0866,-14.9231,-14.9231,-9.94872,-4.97436,-4.97436,-4.97436
23.9403,-15.9034,-15.2541,-10.0444,-2.08087,-4.64102,-4.3748,25.2884,18.6141,11.4713,-10.0502,10.2855,-0.826249,-14.9341,-14.9341,-9.95606,-4.97803,-4.97803,-4.97803
23.9453,-16.0382,-15.3116,-10.1115,-2.05781,-4.62146,-4.39067,22.0997,18.7822,9.82726,-7.57925,9.38651,-1.17877,-14.9447,-14.9447,-9.96311,-4.98155,-4.98155,-4.98155
23.9502,-16.1622,-15.3781,-10.1673,-2.03719,-4.59849,-4.3938,21.9831,17.8303,11.0353,-6.52449,9.45591,-0.62085,-14.9541,-14.9541,-9.96942,-4.98471,-4.98471,-4.98471
23.9552,-16.2721,-15.4276,-10.2289,-2.02932,-4.57164,-4.39275,22.8705,18.3592,9.65339,-5.95028,11.7441,-0.750415,-14.9629,-14.9629,-9.97525,-4.98762,-4.98762,-4.98762
23.9603,-16.3818,-15.4727,-10.2687,-2.0417,-4.56578,-4.38572,21.3536,19.0566,10.1519,-7.40492,9.51944,-1.1038,-14.9708,-14.9708,-9.98056,-4.99028,-4.99028,-4.99028
23.9654,-16.4427,-15.5282,-10.3006,-2.05416,-4.55159,-4.36967,21.6246,17.4916,10.0688,-7.02998,8.65238,0.148817,-14.9779,-14.9779,-9.98523,-4.99262,-4.99262,-4.99262
23.9705,-16.4702,-15.5594,-10.325,-2.07392,-4.52299,-4.36202,22.8875,18.0098,10.4783,-5.11527,10.7989,-0.668887,-14.9839,-14.9839,-9.98927,-4.99463,-4.99463,-4.99463
23.9753,-16.5174,-15.5812,-10.3515,-2.11273,-4.50669,-4.35357,23.2509,18.0737,10.5129,-4.98116,10.4196,-0.402323,-14.9887,-14.9887,-9.99247,-4.99624,-4.99624,-4.99624
23.9803,-16.5834,-15.5885,-10.376,-2.15979,-4.49455,-4.34801,22.3212,17.6523,10.3254,-6.42879,9.80001,0.940406,-14.9928,-14.9928,-9.99521,-4.99761,-4.99761,-4.99761
23.9852,-16.6311,-15.5764,-10.3964,-2.20503,-4.4822,-4.36085,23.6206,18.2858,10.6745,-7.28885,12.6245,-0.234311,-14.9959,-14.9959,-9.9973,-4.99865,-4.99865,-4.99865
23.9902,-16.705,-15.5622,-10.4213,-2.24705,-4.50282,-4.37556,22.9964,17.0116,9.71667,-9.08489,10.4808,0.958768,-14.9982,-14.9982,-9.99882,-4.99941,-4.99941,-4.99941
23.9953,-16.7757,-15.5191,-10.4281,-2.26937,-4.52802,-4.40328,24.0183,17.3242,10.4658,-7.47814,10.9946,-0.390416,-14.9996,-14.9996,-9.99973,-4.99986,-4.99986,-4.99986
24.0003,-16.8665,-15.4643,-10.4379,-2.28061,-4.55973,-4.42581,23.1873,17.037,10.5162,-6.9977,10.3903,0.503959,-15,-15,-10,-5,-5,-5
24.0051,-16.9396,-15.4024,-10.4509,-2.28768,-4.58959,-4.45188,23.6005,17.726,10.146,-8.52136,8.77552,-0.93692,-14.9995,-14.9995,-9.99968,-4.99984,-4.99984,-4.99984
24.0102,-17.0167,-15.3443,-10.46,-2.27411,-4.60537,-4.46776,23.0278,18.6268,10.0844,-7.24674,10.1081,-0.101122,-14.9981,-14.9981,-9.99872,-4.99936,-4.99936,-4.99936
24.0152,-17.0722,-15.3124,-10.4616,-2.25695,-4.61967,-4.48138,24.0262,18.6323,10.0557,-7.28063,9.26277,-0.813985,-14.9957,-14.9957,-9.99715,-4.99857,-4.99857,-4.99857
24.0202,-17.135,-15.2938,-10.4515,-2.24015,-4.6207,-4.48368,24.2514,17.4668,9.40977,-6.49512,9.36932,0.691883,-14.9924,-14.9924,-9.99497,-4.99748,-4.99748,-4.99748
24.0253,-17.2135,-15.2735,-10.4255,-2.23002,-4.61453,-4.49587,24.3575,19.4088,11.1813,-5.91695,9.62457,-1.44579,-14.9882,-14.9882,-9.9921,-4.99605,-4.99605,-4.99605
24.0303,-17.3033,-15.3207,-10.4469,-2.23299,-4.61004,-4.48995,24.3523,19.4037,11.1779,-5.91866,9.62286,-1.4475,-14.983,-14.983,-9.98868,-4.99434,-4.99434,-4.99434
24.0354,-17.388,-15.3783,-10.4804,-2.25347,-4.60156,-4.46923,23.8064,19.169,10.3733,-8.66143,11.0615,-0.439408,-14.9768,-14.9768,-9.98454,-4.99227,-4.99227,-4.99227
24.0403,-17.4557,-15.4576,-10.5264,-2.25439,-4.61365,-4.44933,23.7995,19.1621,10.3687,-8.66371,11.0592,-0.441695,-14.97,-14.97,-9.97997,-4.98999,-4.98999,-4.98999
24.0452,-17.4958,-15.5322,-10.5598,-2.24845,-4.63532,-4.42934,23.0747,17.0662,10.5579,-5.8511,10.3611,-1.32196,-14.9622,-14.9622,-9.97481,-4.9874,-4.9874,-4.9874
24.0502,-17.4918,-15.581,-10.5968,-2.2637,-4.66009,-4.40121,25.0516,18.0108,10.5499,-7.60114,10.1512,0.571223,-14.9534,-14.9534,-9.96893,-4.98446,-4.98446,-4.98446
24.0553,-17.529,-15.6396,-10.6478,-2.27075,-4.68855,-4.38546,25.0416,18.0009,10.5433,-7.60445,10.1479,0.567908,-14.9434,-14.9434,-9.9623,-4.98115,-4.98115,-4.98115
24.0602,-17.5862,-15.6846,-10.6938,-2.27148,-4.71638,-4.38227,23.3331,17.2339,9.66481,-6.58954,10.5087,-0.371218,-14.933,-14.933,-9.95532,-4.97766,-4.97766,-4.97766
24.0654,-17.5978,-15.7068,-10.7217,-2.27642,-4.7496,-4.37764,23.6441,18.0532,10.1542,-6.51896,10.604,-0.58224,-14.9209,-14.9209,-9.94728,-4.97364,-4.97364,-4.97364
24.0704,-17.5833,-15.7208,-10.7373,-2.28668,-4.7839,-4.37074,24.5456,18.3165,10.0392,-7.56644,9.5483,-1.65454,-14.9084,-14.9084,-9.93892,-4.96946,-4.96946,-4.96946
24.0753,-17.5771,-15.7418,-10.7462,-2.28796,-4.81179,-4.35043,23.902,18.1024,9.91759,-7.49634,9.11334,0.328265,-14.8952,-14.8952,-9.93013,-4.96506,-4.96506,-4.96506
24.0802,-17.5496,-15.7532,-10.7402,-2.27888,-4.82777,-4.34058,24.014,17.4027,9.66368,-7.38512,8.12334,0.307016,-14.8811,-14.8811,-9.92075,-4.96038,-4.96038,-4.96038
24.0852,-17.5043,-15.7403,-10.7166,-2.26225,-4.8224,-4.33828,23.7348,19.125,9.8228,-7.88701,9.57553,0.666249,-14.8659,-14.8659,-9.91058,-4.95529,-4.95529,-4.95529
24.0903,-17.4413,-15.7537,-10.685,-2.23585,-4.8146,-4.34749,23.9114,17.8319,10.1859,-4.76265,9.85983,-0.506734,-14.8494,-14.8494,-9.89957,-4.94979,-4.94979,-4.94979
24.0953,-17.3719,-15.7563,-10.6575,-2.24095,-4.8088,-4.35239,23.9849,18.9259,10.5465,-6.33332,8.32232,-0.346838,-14.8322,-14.8322,-9.88816,-4.94408,-4.94408,-4.94408
24.1003,-17.3033,-15.7844,-10.6476,-2.24949,-4.78776,-4.35733,24.7706,18.2696,9.77374,-8.36793,7.40551,0.375793,-14.8142,-14.8142,-9.87615,-4.93807,-4.93807,-4.93807
24.1053,-17.258,-15.8121,-10.6302,-2.24056,-4.75067,-4.37121,24.1528,18.5343,10.3693,-7.19014,10.2806,-0.168721,-14.7953,-14.7953,-9.86352,-4.93176,-4.93176,-4.93176
24.1103,-17.2037,-15.8453,-10.6229,-2.23236,-4.72391,-4.38572,24.5703,17.7304,9.9297,-5.22616,10.1829,0.081341,-14.7754,-14.7754,-9.85028,-4.92514,-4.92514,-4.92514
24.1154,-17.1604,-15.8702,-10.6177,-2.24497,-4.70919,-4.40436,24.356,19.0094,10.4485,-5.05932,9.9192,-0.571562,-14.7542,-14.7542,-9.83616,-4.91808,-4.91808,-4.91808
24.1202,-17.1231,-15.9157,-10.6279,-2.2733,-4.70423,-4.41677,25.0523,19.2565,10.5287,-6.27516,10.9969,0.282622,-14.7334,-14.7334,-9.82228,-4.91114,-4.91114,-4.91114
24.1252,-17.1027,-15.973,-10.6481,-2.30337,-4.71835,-4.43331,24.1472,17.4925,10.6913,-5.83558,8.8449,-0.40386,-14.7109,-14.7109,-9.80724,-4.90362,-4.90362,-4.90362
24.1302,-17.0576,-15.9975,-10.6768,-2.33806,-4.72199,-4.44359,24.494,17.3942,8.88244,-6.1828,10.5593,1.81564,-14.6874,-14.6874,-9.79159,-4.8958,-4.8958,-4.8958
24.1352,-17.0057,-15.9938,-10.6692,-2.37454,-4.73806,-4.47264,24.5445,16.3454,11.1046,-4.93241,10.1123,-1.72805,-14.663,-14.663,-9.77534,-4.88767,-4.88767,-4.88767
24.1402,-16.9514,-15.9415,-10.6838,-2.41719,-4.75904,-4.47941,26.0637,17.3248,9.88388,-6.14146,8.3734,0.755801,-14.6377,-14.6377,-9.75848,-4.87924,-4.87924,-4.87924
24.1452,-16.9513,-15.8772,-10.6862,-2.45799,-4.7638,-4.49662,25.5174,17.7281,10.3429,-9.66919,10.327,-2.10125,-14.6115,-14.6115,-9.74102,-4.87051,-4.87051,-4.87051
24.1503,-16.9691,-15.8082,-10.6856,-2.4669,-4.77665,-4.48886,26.1714,18.1496,9.67244,-10.2911,7.72618,-1.00094,-14.5839,-14.5839,-9.7226,-4.8613,-4.8613,-4.8613
24.1553,-17.0133,-15.7522,-10.6706,-2.43932,-4.76256,-4.47486,27.1166,17.0223,10.0258,-6.81454,9.1824,-1.2504,-14.5559,-14.5559,-9.70393,-4.85196,-4.85196,-4.85196
24.1603,-17.0941,-15.678,-10.6437,-2.4258,-4.74333,-4.45381,26.9222,17.1077,9.63659,-6.98147,8.43585,0.0564893,-14.527,-14.527,-9.68466,-4.84233,-4.84233,-4.84233
24.1654,-17.1884,-15.6012,-10.6087,-2.41851,-4.71466,-4.4418,26.3875,16.8015,10.6258,-7.09101,8.96391,-0.326246,-14.4966,-14.4966,-9.66439,-4.83219,-4.83219,-4.83219
24.1703,-17.2627,-15.5182,-10.5831,-2.41668,-4.68481,-4.43377,26.3495,17.1378,10.1773,-6.21504,10.2456,-1.3216,-14.4665,-14.4665,-9.64433,-4.82216,-4.82216,-4.82216
24.1754,-17.3347,-15.4352,-10.5607,-2.42683,-4.66522,-4.41812,26.3331,17.4168,9.99277,-6.48248,7.9247,-0.479498,-14.4343,-14.4343,-9.62284,-4.81142,-4.81142,-4.81142
24.1802,-17.3931,-15.3616,-10.5379,-2.44772,-4.63505,-4.40573,26.7195,17.6339,9.66894,-6.34387,8.95759,0.10627,-14.4031,-14.4031,-9.60206,-4.80103,-4.80103,-4.80103
24.1853,-17.4518,-15.2927,-10.5076,-2.4768,-4.60328,-4.40125,26.3664,17.1113,10.0225,-7.87871,9.96469,0.732489,-14.3691,-14.3691,-9.57938,-4.78969,-4.78969,-4.78969
24.1904,-17.4918,-15.2294,-10.4863,-2.49422,-4.58381,-4.41149,25.1967,17.037,10.0472,-5.97766,9.93648,-0.48804,-14.3341,-14.3341,-9.55608,-4.77804,-4.77804,-4.77804
24.1953,-17.4692,-15.1709,-10.4726,-2.51659,-4.57733,-4.41854,24.6974,18.6652,10.4402,-7.07384,10.4632,-0.20972,-14.2997,-14.2997,-9.53312,-4.76656,-4.76656,-4.76656
24.2002,-17.3864,-15.1517,-10.4775,-2.53148,-4.58907,-4.42556,25.194,16.6993,9.77711,-6.357,9.39988,-0.817643,-14.2644,-14.2644,-9.50959,-4.7548,-4.7548,-4.7548
24.2053,-17.2822,-15.122,-10.4844,-2.55121,-4.60469,-4.42465,26.0547,18.4071,10.5149,-5.98035,7.40841,0.353855,-14.2268,-14.2268,-9.48451,-4.74225,-4.74225,-4.74225
24.2103,-17.1906,-15.1265,-10.5103,-2.57507,-4.59746,-4.43258,25.7293,16.5884,9.43634,-7.08594,8.6875,0.0349031,-14.189,-14.189,-9.45933,-4.72966,-4.72966,-4.72966
24.2153,-17.0999,-15.116,-10.5262,-2.58995,-4.58827,-4.44292,25.2375,16.8768,9.74915,-7.96822,8.83194,-0.86394,-14.1503,-14.1503,-9.43356,-4.71678,-4.71678,-4.71678
24.2203,-16.9951,-15.09,-10.536,-2.58701,-4.57726,-4.44418,26.51,16.6364,10.1722,-5.36489,9.78753,0.116485,-14.1108,-14.1108,-9.40721,-4.70361,-4.70361,-4.70361
24.2254,-16.9109,-15.0573,-10.5582,-2.59842,-4.5787,-4.44948,27.0637,17.5132,10.4603,-5.86713,8.10123,-0.683852,-14.0696,-14.0696,-9.37974,-4.68987,-4.68987,-4.68987
24.2304,-16.8725,-15.0532,-10.5989,-2.6123,-4.56978,-4.44799,27.0224,17.4719,10.4327,-5.88089,8.08747,-0.697611,-14.0283,-14.0283,-9.35222,-4.67611,-4.67611,-4.67611
24.2355,-16.8555,-15.0381,-10.6371,-2.63351,-4.55103,-4.44053,26.1166,17.1531,10.402,-8.22192,6.6821,-0.968623,-13.9853,-13.9853,-9.32355,-4.66178,-4.66178,-4.66178
24.2402,-16.8305,-15.0248,-10.6748,-2.6286,-4.51756,-4.42618,26.8326,17.6091,9.17748,-9.1793,7.7947,-2.24066,-13.9449,-13.9449,-9.29661,-4.6483,-4.6483,-4.6483
24.2452,-16.8145,-15.0213,-10.6907,-2.59683,-4.48035,-4.3952,25.7605,16.9034,9.49938,-6.27931,8.47561,1.46245,-13.9011,-13.9011,-9.26739,-4.63369,-4.63369,-4.63369
24.2504,-16.7721,-15.0125,-10.6946,-2.57019,-4.44543,-4.38714,27.8337,16.9632,9.24684,-5.40891,8.23655,-1.64149,-13.8546,-13.8546,-9.23639,-4.61819,-4.61819,-4.61819
24.2552,-16.7903,-15.005,-10.6833,-2.5596,-4.41535,-4.36577,27.1556,17.7863,9.74018,-7.19539,9.65441,0.529855,-13.8108,-13.8108,-9.20723,-4.60361,-4.60361,-4.60361
24.2604,-16.8194,-15.0074,-10.6657,-2.53684,-4.39853,-4.35583,25.756,15.7996,9.48855,-6.66498,8.00716,-0.562635,-13.7626,-13.7626,-9.17505,-4.58752,-4.58752,-4.58752
24.2654,-16.7982,-14.9773,-10.642,-2.51441,-4.37922,-4.34316,26.6897,17.8681,10.1007,-6.13424,8.54616,1.08588,-13.7153,-13.7153,-9.14353,-4.57176,-4.57176,-4.57176
24.2704,-16.765,-14.9659,-10.6239,-2.49725,-4.36288,-4.34886,26.5116,16.2557,8.83766,-5.82738,8.06644,-1.38932,-13.6672,-13.6672,-9.11145,-4.55572,-4.55572,-4.55572
24.2753,-16.712,-14.9323,-10.584,-2.49048,-4.34432,-4.34093,26.5621,17.8862,9.5727,-5.24723,7.42945,0.416289,-13.6192,-13.6192,-9.07946,-4.53973,-4.53973,-4.53973
24.2804,-16.6562,-14.9167,-10.5402,-2.4958,-4.31679,-4.34166,26.0227,17.0868,9.05395,-7.5329,7.14756,-0.826083,-13.5684,-13.5684,-9.04559,-4.5228,-4.5228,-4.5228
24.2853,-16.5769,-14.8965,-10.4887,-2.48819,-4.28379,-4.33435,24.9724,17.4982,9.51202,-6.41504,7.48706,-1.45534,-13.5188,-13.5188,-9.01251,-4.50626,-4.50626,-4.50626
24.2903,-16.4611,-14.8875,-10.441,-2.48392,-4.24818,-4.31506,26.753,15.7604,9.67208,-5.745,8.86094,0.200061,-13.4673,-13.4673,-8.9782,-4.4891,-4.4891,-4.4891
24.2953,-16.3576,-14.8431,-10.3982,-2.49524,-4.2205,-4.30383,26.2673,16.6064,9.67902,-4.91785,7.03019,-0.91033,-13.415,-13.415,-8.94334,-4.47167,-4.47167,-4.47167
24.3002,-16.2536,-14.7984,-10.364,-2.52506,-4.18682,-4.28696,24.852,17.4448,8.90864,-6.52498,6.45808,-0.372921,-13.363,-13.363,-8.90864,-4.45432,-4.45432,-4.45432
24.3053,-16.1239,-14.7724,-10.3206,-2.55545,-4.14619,-4.27079,25.9159,17.0155,9.94413,-8.13302,9.29634,-0.142859,-13.3079,-13.3079,-8.87196,-4.43598,-4.43598,-4.43598
24.3102,-16.0034,-14.7651,-10.3018,-2.56341,-4.12124,-4.25784,26.079,16.0044,9.7119,-5.24467,8.26829,0.716933,-13.2543,-13.2543,-8.83619,-4.41809,-4.41809,-4.41809
24.3155,-15.8794,-14.7309,-10.2871,-2.58832,-4.1018,-4.25867,27.1903,16.6468,9.0268,-5.29743,8.10789,-0.29631,-13.1954,-13.1954,-8.7969,-4.39845,-4.39845,-4.39845
24.3203,-15.7992,-14.7073,-10.2669,-2.61566,-4.08733,-4.25928,26.7972,15.5879,8.98025,-6.9135,8.17264,-0.107362,-13.1412,-13.1412,-8.7608,-4.3804,-4.3804,-4.3804
24.3252,-15.7308,-14.6513,-10.2324,-2.63462,-4.07693,-4.26304,28.1004,16.2568,9.06618,-7.60289,7.47499,-0.349608,-13.0851,-13.0851,-8.72342,-4.36171,-4.36171,-4.36171
24.3303,-15.7147,-14.5916,-10.1911,-2.63086,-4.05996,-4.26693,28.6836,15.65,8.4917,-7.58951,8.57307,-1.26357,-13.026,-13.026,-8.68398,-4.34199,-4.34199,-4.34199
24.3352,-15.7591,-14.5228,-10.1376,-2.61025,-4.05469,-4.25872,27.3769,15.6475,9.55262,-6.24252,7.63478,-0.181542,-12.9683,-12.9683,-8.64556,-4.32278,-4.32278,-4.32278
24.3401,-15.7953,-14.451,-10.098,-2.59413,-4.04716,-4.25381,27.6179,15.5734,9.48442,-7.54539,5.96759,-1.01245,-12.9099,-12.9099,-8.60662,-4.30331,-4.30331,-4.30331
24.3452,-15.8358,-14.3761,-10.068,-2.56274,-4.0179,-4.24091,27.2017,16.4337,8.77455,-7.88882,7.73554,-0.436823,-12.8483,-12.8483,-8.56555,-4.28278,-4.28278,-4.28278
24.3504,-15.8496,-14.309,-10.0269,-2.52158,-3.99061,-4.22888,26.9569,15.3654,9.04144,-8.38204,5.88444,-1.07076,-12.7847,-12.7847,-8.52312,-4.26156,-4.26156,-4.26156
24.3552,-15.8236,-14.2382,-9.98907,-2.47804,-3.9547,-4.21188,26.7713,16.3618,8.98922,-5.34652,8.34032,-2.26636,-12.7252,-12.7252,-8.48344,-4.24172,-4.24172,-4.24172
24.3603,-15.7766,-14.1773,-9.95208,-2.43942,-3.92648,-4.1796,26.8175,16.0259,9.42305,-5.89782,7.04386,1.01602,-12.6611,-12.6611,-8.44075,-4.22038,-4.22038,-4.22038
24.3653,-15.7087,-14.1179,-9.92552,-2.41134,-3.89825,-4.16865,27.3962,16.2066,8.46526,-7.83161,5.92971,-1.96941,-12.5976,-12.5976,-8.39838,-4.19919,-4.19919,-4.19919
24.3705,-15.6334,-14.0696,-9.88871,-2.37468,-3.86034,-4.14233,26.2497,15.6432,9.27336,-7.68832,7.57996,0.21904,-12.5306,-12.5306,-8.35376,-4.17688,-4.17688,-4.17688
24.3753,-15.5368,-14.0201,-9.86264,-2.33721,-3.82981,-4.12963,27.5347,16.3333,8.7886,-5.61436,7.79096,-0.389681,-12.4681,-12.4681,-8.31208,-4.15604,-4.15604,-4.15604
24.3803,-15.4488,-13.9811,-9.83251,-2.30873,-3.8051,-4.11806,26.7674,16.1965,8.98294,-5.66944,7.03208,-0.121842,-12.4022,-12.4022,-8.26816,-4.13408,-4.13408,-4.13408
24.3855,-15.3481,-13.9504,-9.80467,-2.29193,-3.77926,-4.11131,27.0055,16.1232,9.29829,-6.57853,7.49749,-0.997791,-12.3329,-12.3329,-8.22194,-4.11097,-4.11097,-4.11097
24.3904,-15.2633,-13.941,-9.79473,-2.27292,-3.7566,-4.09728,26.9394,16.0571,9.25423,-6.60056,7.47546,-1.01982,-12.2668,-12.2668,-8.17788,-4.08894,-4.08894,-4.08894
24.3955,-15.1625,-13.9126,-9.78345,-2.25698,-3.73963,-4.07703,27.4175,14.6283,8.44711,-4.57028,8.28856,-0.629002,-12.1973,-12.1973,-8.13152,-4.06576,-4.06576,-4.06576
24.4004,-15.093,-13.8698,-9.76497,-2.26113,-3.73381,-4.05718,27.3499,14.5607,8.40207,-4.5928,8.26604,-0.651522,-12.1297,-12.1297,-8.08648,-4.04324,-4.04324,-4.04324
24.4053,-15.0345,-13.8084,-9.73574,-2.28254,-3.74,-4.03763,25.1383,15.9936,8.63034,-5.36904,7.42356,-0.715682,-12.0614,-12.0614,-8.04096,-4.02048,-4.02048,-4.02048
24.4105,-14.9271,-13.7582,-9.70366,-2.30465,-3.74799,-4.01567,26.054,14.9117,8.33489,-4.95462,5.71002,0.998704,-11.9882,-11.9882,-7.99213,-3.99606,-3.99606,-3.99606
24.4154,-14.8276,-13.6986,-9.66307,-2.3261,-3.7359,-4.01385,23.8408,15.0823,7.98743,-5.61542,5.8027,-1.5665,-11.9184,-11.9184,-7.94563,-3.97282,-3.97282,-3.97282
24.4203,-14.696,-13.6403,-9.61441,-2.3396,-3.71223,-3.99718,24.2038,15.3467,8.28322,-6.40067,5.91997,-0.38111,-11.848,-11.848,-7.89866,-3.94933,-3.94933,-3.94933
24.4253,-14.5579,-13.5867,-9.56496,-2.33679,-3.68313,-3.98145,24.1746,12.9298,8.47098,-2.71543,5.16713,-0.579194,-11.7754,-11.7754,-7.85025,-3.92513,-3.92513,-3.92513
24.4303,-14.4167,-13.5073,-9.5233,-2.35858,-3.64543,-3.96577,23.7742,13.5144,6.75845,-2.51632,4.3064,-1.87048,-11.702,-11.702,-7.80136,-3.90068,-3.90068,-3.90068
24.4353,-14.2732,-13.4255,-9.46087,-2.39592,-3.60134,-3.93744,23.5268,13.4601,7.93799,-3.14545,5.67275,1.45823,-11.628,-11.628,-7.75198,-3.87599,-3.87599,-3.87599
24.4404,-14.1258,-13.3398,-9.40394,-2.4364,-3.55721,-3.93347,28.9783,13.3956,10.834,-8.98344,6.63264,-0.719997,-11.5517,-11.5517,-7.70113,-3.85056,-3.85056,-3.85056
24.4453,-14.0661,-13.2568,-9.42326,-2.4202,-3.51941,-3.92521,32.0642,14.7479,8.72815,-9.538,8.8767,-1.81278,-11.4777,-11.4777,-7.6518,-3.8259,-3.8259,-3.8259
24.4503,-14.1853,-13.1783,-9.44307,-2.375,-3.50712,-3.9016,28.4696,14.1319,8.16112,-5.50622,6.80614,-0.587901,-11.4015,-11.4015,-7.601,-3.8005,-3.8005,-3.8005
24.4553,-14.2955,-13.096,-9.44415,-2.33527,-3.49691,-3.88088,27.3604,14.055,8.44843,-7.54394,6.59834,-1.0027,-11.3246,-11.3246,-7.54973,-3.77486,-3.77486,-3.77486
24.4603,-14.3633,-13.0113,-9.4333,-2.29151,-3.48275,-3.85836,27.598,14.2808,8.14589,-8.878,6.1916,-1.99732,-11.247,-11.247,-7.49799,-3.749,-3.749,-3.749
24.4653,-14.3748,-12.9234,-9.40072,-2.24344,-3.46536,-3.82637,29.3518,14.2774,7.59419,-8.8875,6.19862,-0.566142,-11.1687,-11.1687,-7.4458,-3.7229,-3.7229,-3.7229
24.4703,-14.4075,-12.8323,-9.33866,-2.1934,-3.44143,-3.79953,28.7094,14.4032,8.26258,-6.68653,5.48505,-1.99179,-11.0897,-11.0897,-7.39314,-3.69657,-3.69657,-3.69657
24.4752,-14.4302,-12.7429,-9.27424,-2.14652,-3.40858,-3.76545,29.4114,14.3094,7.77372,-6.89475,5.22719,-2.53117,-11.0116,-11.0116,-7.34109,-3.67055,-3.67055,-3.67055
24.4803,-14.468,-12.6481,-9.19613,-2.1011,-3.36744,-3.72369,29.1561,13.6719,7.57279,-6.63227,4.23939,-2.06997,-10.9297,-10.9297,-7.28646,-3.64323,-3.64323,-3.64323
24.4853,-14.4997,-12.553,-9.11427,-2.06351,-3.32101,-3.68095,27.3061,14.7493,7.87407,-8.91968,5.53718,-2.67658,-10.8487,-10.8487,-7.23244,-3.61622,-3.61622,-3.61622
24.4903,-14.4503,-12.4626,-9.03431,-2.02206,-3.27484,-3.6352,26.8264,13.9899,8.71831,-6.47121,8.83851,0.997351,-10.767,-10.767,-7.17798,-3.58899,-3.58899,-3.58899
24.4952,-14.3445,-12.374,-8.96703,-1.98949,-3.24478,-3.60363,28.105,14.9691,8.4158,-6.00131,4.94485,-1.44731,-10.6863,-10.6863,-7.12418,-3.56209,-3.56209,-3.56209
24.5002,-14.2361,-12.2942,-8.90984,-1.96828,-3.20866,-3.57044,27.4547,16.4345,8.2706,-7.10538,6.73878,-0.870537,-10.6033,-10.6033,-7.06885,-3.53442,-3.53442,-3.53442
24.5054,-14.1136,-12.2477,-8.85506,-1.94492,-3.17846,-3.53973,27.6514,13.948,8.17497,-8.52538,5.50918,-0.800182,-10.5163,-10.5163,-7.01084,-3.50542,-3.50542,-3.50542
24.5104,-13.995,-12.1882,-8.80515,-1.9093,-3.14576,-3.51582,27.3463,14.5138,8.32147,-6.40901,4.90147,-2.16965,-10.4319,-10.4319,-6.95461,-3.47731,-3.47731,-3.47731
24.5153,-13.8704,-12.1304,-8.76125,-1.8812,-3.10806,-3.48441,26.7509,15.3328,8.0068,-6.81765,7.79655,0.00507095,-10.3487,-10.3487,-6.8991,-3.44955,-3.44955,-3.44955
24.5202,-13.7369,-12.0882,-8.71551,-1.85729,-3.08798,-3.46682,26.1509,14.6697,8.50682,-5.94309,6.60111,-0.93369,-10.2648,-10.2648,-6.84318,-3.42159,-3.42159,-3.42159
24.5253,-13.5908,-12.0454,-8.67757,-1.84525,-3.07402,-3.45115,27.2055,14.432,8.60285,-6.10489,5.18903,-0.963007,-10.1768,-10.1768,-6.78455,-3.39227,-3.39227,-3.39227
24.5304,-13.4479,-11.9945,-8.64684,-1.84434,-3.0507,-3.43756,25.7615,14.8083,7.80601,-7.88976,6.10342,-0.537142,-10.0882,-10.0882,-6.72548,-3.36274,-3.36274,-3.36274
24.5354,-13.3024,-11.9509,-8.60597,-1.82608,-3.02983,-3.43065,27.5692,14.2086,8.20748,-7.43043,4.87365,-1.89111,-10.0007,-10.0007,-6.66715,-3.33357,-3.33357,-3.33357
24.5402,-13.1688,-11.8971,-8.56512,-1.80173,-3.00087,-3.41396,27.6737,13.3873,8.57118,-6.91212,6.74986,-1.66262,-9.91614,-9.91614,-6.61076,-3.30538,-3.30538,-3.30538
24.5453,-13.0409,-11.8278,-8.53217,-1.77467,-2.97536,-3.39174,27.5833,13.2968,8.51086,-6.94228,6.7197,-1.69278,-9.82566,-9.82566,-6.55044,-3.27522,-3.27522,-3.27522
24.5502,-12.9192,-11.7465,-8.50279,-1.75014,-2.96502,-3.3684,26.5737,13.3354,8.26232,-6.90525,5.56445,-2.02831,-9.73814,-9.73814,-6.49209,-3.24605,-3.24605,-3.24605
24.5552,-12.7959,-11.6626,-8.47404,-1.7227,-2.94339,-3.33878,26.4838,13.2455,8.20238,-6.93522,5.53448,-2.05828,-9.64823,-9.64823,-6.43215,-3.21608,-3.21608,-3.21608
24.5603,-12.6641,-11.5732,-8.44181,-1.69303,-2.91806,-3.30448,26.1512,13.4329,7.41979,-6.7507,4.98206,-1.14514,-9.55591,-9.55591,-6.37061,-3.1853,-3.1853,-3.1853
24.5653,-12.5306,-11.4849,-8.39053,-1.66391,-2.88579,-3.27471,27.9631,13.6688,7.62657,-7.94026,5.64722,-1.00162,-9.46481,-9.46481,-6.30987,-3.15494,-3.15494,-3.15494
24.5703,-12.4203,-11.3983,-8.33275,-1.62704,-2.85409,-3.24873,27.7887,12.6512,6.93845,-6.61291,5.67461,-2.68819,-9.37312,-9.37312,-6.24875,-3.12437,-3.12437,-3.12437
24.5753,-12.3282,-11.3067,-8.26088,-1.59306,-2.82344,-3.21295,27.1843,11.964,7.57082,-6.12202,5.9999,-0.797981,-9.28086,-9.28086,-6.18724,-3.09362,-3.09362,-3.09362
24.5803,-12.2337,-11.211,-8.19112,-1.56609,-2.79627,-3.18399,26.0118,12.9547,7.12646,-6.33513,5.04159,-1.81425,-9.18802,-9.18802,-6.12535,-3.06267,-3.06267,-3.06267
24.5853,-12.1113,-11.1156,-8.11776,-1.54722,-2.7684,-3.15309,26.1863,12.1639,7.02866,-5.99366,5.92954,-1.9613,-9.09462,-9.09462,-6.06308,-3.03154,-3.03154,-3.03154
24.5902,-11.9847,-11.0203,-8.0417,-1.54019,-2.74268,-3.12051,25.7593,11.729,7.01952,-7.41536,5.60076,-0.882475,-9.00253,-9.00253,-6.00169,-3.00084,-3.00084,-3.00084
24.5955,-11.8385,-10.9151,-7.95792,-1.52335,-2.71934,-3.09284,25.9743,11.6012,7.21606,-6.62907,4.90497,-1.86807,-8.90234,-8.90234,-5.93489,-2.96745,-2.96745,-2.96745
24.6004,-11.7021,-10.8168,-7.88198,-1.50683,-2.69195,-3.0648,25.7433,11.8075,6.72758,-6.14678,5.56114,-2.3711,-8.80915,-8.80915,-5.87277,-2.93638,-2.93638,-2.93638
24.6053,-11.5637,-10.7183,-7.80414,-1.49715,-2.66774,-3.03187,25.0703,10.4136,7.26703,-6.29393,5.95219,-1.83101,-8.71545,-8.71545,-5.8103,-2.90515,-2.90515,-2.90515
24.6103,-11.4179,-10.6166,-7.7297,-1.48744,-2.64846,-2.99874,25.514,11.6334,7.55614,-6.55782,5.84562,-2.64966,-8.61929,-8.61929,-5.7462,-2.8731,-2.8731,-2.8731
24.6153,-11.2711,-10.5149,-7.66367,-1.4767,-2.63472,-2.96043,25.5946,11.9228,6.547,-6.04357,4.00835,-1.37365,-8.52261,-8.52261,-5.68174,-2.84087,-2.84087,-2.84087
24.6203,-11.1253,-10.4135,-7.59047,-1.47324,-2.6064,-2.92618,26.6873,11.7232,6.68702,-5.76133,4.35683,-2.89645,-8.4254,-8.4254,-5.61694,-2.80847,-2.80847,-2.80847
24.6253,-10.9877,-10.3123,-7.51463,-1.48321,-2.57241,-2.8866,25.2855,11.9879,6.97507,-5.94295,4.82933,-1.93543,-8.32768,-8.32768,-5.55178,-2.77589,-2.77589,-2.77589
24.6304,-10.8427,-10.2097,-7.44077,-1.50241,-2.53931,-2.84699,25.3704,11.6119,5.89044,-5.44643,3.98449,-1.57139,-8.22746,-8.22746,-5.48498,-2.74249,-2.74249,-2.74249
24.6354,-10.7003,-10.1094,-7.35951,-1.5286,-2.50084,-2.81229,27.4977,11.7062,7.14548,-7.33403,4.11717,-2.17563,-8.1287,-8.1287,-5.41914,-2.70957,-2.70957,-2.70957
24.6403,-10.5787,-10.0112,-7.28487,-1.53912,-2.46052,-2.77758,26.3012,10.2536,6.73787,-5.7519,4.98726,-3.70674,-8.03143,-8.03143,-5.35429,-2.67714,-2.67714,-2.67714
24.6452,-10.4608,-9.91167,-7.20975,-1.55194,-2.42247,-2.73546,26.6448,10.9044,5.93493,-8.32644,3.19104,-1.47888,-7.93369,-7.93369,-5.28912,-2.64456,-2.64456,-2.64456
24.6502,-10.3463,-9.80985,-7.12711,-1.54069,-2.37919,-2.69709,28.0969,11.3322,7.68642,-10.6368,6.32887,-1.74413,-7.83346,-7.83346,-5.22231,-2.61115,-2.61115,-2.61115
24.6552,-10.2686,-9.70794,-7.05569,-1.49838,-2.34622,-2.66269,28.0356,10.8651,7.03408,-7.48262,4.81318,-3.11078,-7.73275,-7.73275,-5.15517,-2.57758,-2.57758,-2.57758
24.6601,-10.2104,-9.60761,-6.98624,-1.4604,-2.31544,-2.62467,28.2516,11.3687,6.64193,-8.56727,4.18397,-1.00759,-7.63359,-7.63359,-5.08906,-2.54453,-2.54453,-2.54453
24.6655,-10.1546,-9.49702,-6.90608,-1.41554,-2.27662,-2.59465,28.0945,12.3109,6.30121,-7.85037,4.45373,-3.00655,-7.52379,-7.52379,-5.01586,-2.50793,-2.50793,-2.50793
24.6702,-10.124,-9.40141,-6.83079,-1.37652,-2.24154,-2.56235,26.4462,11.9627,6.36679,-7.31931,4.82745,-1.44051,-7.42779,-7.42779,-4.95186,-2.47593,-2.47593,-2.47593
24.6754,-10.0433,-9.29629,-6.74657,-1.33566,-2.20431,-2.53387,26.0637,11.0444,6.141,-6.86636,3.583,-2.0474,-7.32109,-7.32109,-4.88073,-2.44036,-2.44036,-2.44036
24.6803,-9.9312,-9.197,-6.66471,-1.3024,-2.16503,-2.50842,27.7357,12.287,6.43316,-6.01406,5.73526,-2.3957,-7.22011,-7.22011,-4.81341,-2.4067,-2.4067,-2.4067
24.6854,-9.8467,-9.09573,-6.58355,-1.28369,-2.13063,-2.47865,27.6302,12.1814,6.36278,-6.04924,5.70008,-2.43088,-7.11455,-7.11455,-4.74303,-2.37152,-2.37152,-2.37152
24.6902,-9.7888,-9.00332,-6.51041,-1.2819,-2.11285,-2.44831,26.7542,12.2629,5.9974,-6.8277,3.20766,-3.29214,-7.01478,-7.01478,-4.67652,-2.33826,-2.33826,-2.33826
24.6953,-9.70901,-8.91038,-6.43285,-1.27984,-2.0809,-2.41012,25.9937,11.6166,5.99959,-7.88162,4.39762,-3.03782,-6.90834,-6.90834,-4.60556,-2.30278,-2.30278,-2.30278
24.7002,-9.6096,-8.82289,-6.35803,-1.2614,-2.04957,-2.37081,24.3229,10.6747,6.31988,-7.23689,3.94111,-2.89817,-6.80566,-6.80566,-4.53711,-2.26855,-2.26855,-2.26855
24.7054,-9.46863,-8.72684,-6.28304,-1.23347,-2.01411,-2.3281,23.8549,10.9357,6.30127,-7.57972,4.7906,-1.73404,-6.69625,-6.69625,-4.46416,-2.23208,-2.23208,-2.23208
24.7104,-9.32188,-8.63362,-6.21451,-1.19886,-1.98413,-2.29249,25.0928,11.8072,7.22361,-8.60853,4.15923,-1.58709,-6.59062,-6.59062,-4.39375,-2.19687,-2.19687,-2.19687
24.7154,-9.17491,-8.54526,-6.16682,-1.15488,-1.9537,-2.26482,25.5542,11.3544,5.8613,-7.52607,5.32449,-2.93895,-6.48459,-6.48459,-4.32306,-2.16153,-2.16153,-2.16153
24.7203,-9.03425,-8.46148,-6.11191,-1.11114,-1.93401,-2.23318,24.7604,11.2147,6.04884,-7.27104,4.1388,-1.44192,-6.38029,-6.38029,-4.25353,-2.12676,-2.12676,-2.12676
24.7253,-8.88743,-8.3745,-6.05108,-1.06899,-1.9138,-2.21016,23.905,10.576,6.48968,-5.6672,3.63124,-1.6928,-6.27348,-6.27348,-4.18232,-2.09116,-2.09116,-2.09116
24.7302,-8.74007,-8.28493,-5.99494,-1.03983,-1.88506,-2.19366,24.7455,10.1557,6.24199,-6.32322,5.48406,-2.83734,-6.16842,-6.16842,-4.11228,-2.05614,-2.05614,-2.05614
24.7354,-8.58338,-8.18503,-5.93129,-1.01782,-1.86847,-2.16904,25.2088,11.017,6.52479,-7.92544,4.17992,-2.63452,-6.05653,-6.05653,-4.03769,-2.01884,-2.01884,-2.01884
24.7402,-8.44158,-8.09298,-5.87436,-0.985823,-1.84871,-2.14411,26.5158,10.279,5.4943,-6.94982,2.18302,-2.39582,-5.95289,-5.95289,-3.9686,-1.9843,-1.9843,-1.9843
24.7453,-8.30265,-7.99361,-5.80149,-0.951461,-1.81028,-2.11844,24.3092,9.95971,5.47289,-8.19553,4.67159,-2.45749,-5.84241,-5.84241,-3.89494,-1.94747,-1.94747,-1.94747
24.7503,-8.16338,-7.89441,-5.72247,-0.910919,-1.77738,-2.09266,23.9089,8.0662,5.09111,-6.83244,4.80924,-3.23064,-5.73372,-5.73372,-3.82248,-1.91124,-1.91124,-1.91124
24.7553,-8.0196,-7.79266,-5.63792,-0.873141,-1.75183,-2.06017,24.3318,9.77744,5.81471,-7.63055,4.40029,-2.40587,-5.62468,-5.62468,-3.74979,-1.87489,-1.87489,-1.87489
24.7603,-7.87466,-7.69099,-5.55788,-0.833873,-1.7325,-2.02971,25.8654,10.4836,5.28407,-7.99821,4.11543,-3.04677,-5.5153,-5.5153,-3.67686,-1.83843,-1.83843,-1.83843
24.7653,-7.74306,-7.59012,-5.47683,-0.791823,-1.71042,-1.99555,25.0859,10.2124,5.44709,-7.0329,3.80562,-3.57186,-5.40557,-5.40557,-3.60371,-1.80186,-1.80186,-1.80186
24.7704,-7.6094,-7.48793,-5.3964,-0.75202,-1.68839,-1.95592,24.3117,8.96933,5.20296,-6.3334,2.30264,-1.8208,-5.29331,-5.29331,-3.52887,-1.76444,-1.76444,-1.76444
24.7753,-7.47546,-7.38861,-5.31612,-0.722456,-1.65278,-1.92503,24.1798,8.07314,5.4736,-5.46695,4.04677,-2.27915,-5.18512,-5.18512,-3.45675,-1.72837,-1.72837,-1.72837
24.7804,-7.33513,-7.28412,-5.2337,-0.710034,-1.61816,-1.89574,24.6895,8.11388,4.95106,-7.83955,2.56841,-4.30399,-5.0722,-5.0722,-3.38147,-1.69073,-1.69073,-1.69073
24.7853,-7.20362,-7.18313,-5.15118,-0.688136,-1.57891,-1.85666,25.2544,9.32104,5.24427,-9.82993,2.97099,-0.870934,-4.9634,-4.9634,-3.30893,-1.65447,-1.65447,-1.65447
24.7902,-7.08056,-7.0822,-5.06968,-0.646889,-1.53762,-1.8326,24.6883,7.72262,5.39726,-6.47974,2.1149,-2.46394,-4.8543,-4.8543,-3.2362,-1.6181,-1.6181,-1.6181
24.7953,-6.95505,-6.97664,-4.98679,-0.609348,-1.49083,-1.80818,22.7856,7.74667,4.3307,-6.68329,3.94823,-4.61329,-4.74045,-4.74045,-3.1603,-1.58015,-1.58015,-1.58015
24.8002,-6.81776,-6.87487,-4.90097,-0.58016,-1.44876,-1.76998,23.8344,6.64017,4.25967,-6.18165,4.20147,-2.14101,-4.63077,-4.63077,-3.08718,-1.54359,-1.54359,-1.54359
24.8052,-6.67613,-6.77047,-4.81022,-0.558102,-1.41053,-1.73694,24.6047,6.74468,4.97071,-8.16485,4.09783,-2.25293,-4.51858,-4.51858,-3.01238,-1.50619,-1.50619,-1.50619
24.8102,-6.54231,-6.66566,-4.72143,-0.525397,-1.37684,-1.70976,24.0273,7.32564,5.26148,-8.724,2.35466,-3.83878,-4.4061,-4.4061,-2.9374,-1.4687,-1.4687,-1.4687
24.8152,-6.41152,-6.56067,-4.63716,-0.484564,-1.33677,-1.67511,24.2889,8.02453,4.22283,-6.22788,4.13868,-1.80636,-4.29335,-4.29335,-2.86224,-1.43112,-1.43112,-1.43112
24.8201,-6.28415,-6.4578,-4.55084,-0.456158,-1.30309,-1.65239,24.5209,7.71284,4.36426,-6.60428,1.78336,-2.43944,-4.1826,-4.1826,-2.7884,-1.3942,-1.3942,-1.3942
24.8253,-6.1635,-6.34866,-4.4589,-0.43994,-1.25733,-1.63155,24.4031,7.59504,4.28573,-6.64355,1.74409,-2.47871,-4.0648,-4.0648,-2.70987,-1.35493,-1.35493,-1.35493
24.8302,-6.04733,-6.24578,-4.37108,-0.43372,-1.21273,-1.61439,22.4834,6.99917,3.30241,-7.60799,1.85605,-2.59859,-3.95355,-3.95355,-2.6357,-1.31785,-1.31785,-1.31785
24.8354,-5.90529,-6.13647,-4.27349,-0.418395,-1.1644,-1.59677,23.5785,7.03057,5.28845,-6.72835,4.16813,-3.16795,-3.83523,-3.83523,-2.55682,-1.27841,-1.27841,-1.27841
24.8402,-5.78038,-6.03542,-4.18931,-0.408966,-1.12243,-1.57505,23.4691,6.92112,5.21549,-6.76483,4.13165,-3.20443,-3.72578,-3.72578,-2.48386,-1.24193,-1.24193,-1.24193
24.8454,-5.63898,-5.92571,-4.10303,-0.395446,-1.08676,-1.54817,22.976,7.45242,3.7736,-7.62415,2.52713,-4.17139,-3.60698,-3.60698,-2.40465,-1.20233,-1.20233,-1.20233
24.8503,-5.5087,-5.82238,-4.01704,-0.374095,-1.04675,-1.51229,22.8638,7.34025,3.69882,-7.66154,2.48974,-4.20878,-3.49481,-3.49481,-2.32987,-1.16494,-1.16494,-1.16494
24.8552,-5.37608,-5.71911,-3.92874,-0.344454,-1.00576,-1.47122,22.6175,6.51079,3.7075,-7.40092,0.854236,-1.95268,-3.38243,-3.38243,-2.25495,-1.12748,-1.12748,-1.12748
24.8603,-5.23263,-5.6115,-3.83609,-0.310544,-0.958275,-1.43621,21.9132,6.77185,4.4821,-7.0591,3.7463,-4.0369,-3.26525,-3.26525,-2.17683,-1.08842,-1.08842,-1.08842
24.8653,-5.08435,-5.50598,-3.74994,-0.276919,-0.918954,-1.39684,23.0905,7.82301,4.04799,-7.88406,2.54874,-3.25554,-3.15017,-3.15017,-2.10011,-1.05006,-1.05006,-1.05006
24.8702,-4.94391,-5.40289,-3.6683,-0.240927,-0.877433,-1.35912,22.9775,7.71003,3.97268,-7.92172,2.51108,-3.2932,-3.03719,-3.03719,-2.0248,-1.0124,-1.0124,-1.0124
24.8752,-4.80424,-5.29797,-3.58712,-0.200995,-0.834861,-1.32177,22.7044,7.45273,3.06597,-7.06597,1.36307,-1.95721,-2.92173,-2.92173,-1.94782,-0.973911,-0.973911,-0.973911
24.8803,-4.66162,-5.19121,-3.49994,-0.161524,-0.789016,-1.29492,21.0578,6.31826,4.00725,-6.02061,3.20331,-4.56333,-2.80378,-2.80378,-1.86918,-0.934592,-0.934592,-0.934592
24.8853,-4.51422,-5.08642,-3.41789,-0.133064,-0.747712,-1.25764,21.2809,6.50188,3.57474,-6.13373,3.03223,-2.58989,-2.68796,-2.68796,-1.79197,-0.895986,-0.895986,-0.895986
24.8902,-4.36814,-4.98367,-3.33653,-0.11313,-0.710792,-1.22675,21.4705,7.14075,3.63691,-6.15506,1.73578,-2.5367,-2.57429,-2.57429,-1.7162,-0.858098,-0.858098,-0.858098
24.8953,-4.21729,-4.8769,-3.25256,-0.096949,-0.668178,-1.20114,21.6909,6.95925,3.5433,-7.99959,2.06889,-3.66915,-2.45583,-2.45583,-1.63722,-0.81861,-0.81861,-0.81861
24.9003,-4.07176,-4.77232,-3.16993,-0.0641091,-0.625633,-1.17091,18.789,6.77598,3.00179,-5.97663,1.74861,-3.93147,-2.33954,-2.33954,-1.55969,-0.779845,-0.779845,-0.779845
24.9052,-3.92258,-4.6699,-3.0852,-0.0378324,-0.582821,-1.13669,18.8325,7.04405,2.91318,-6.29619,3.83853,-1.75047,-2.22543,-2.22543,-1.48362,-0.741809,-0.741809,-0.741809
24.9101,-3.772,-4.56759,-2.99738,-0.0164311,-0.546341,-1.11592,18.5686,6.80373,2.69908,-5.42347,0.140689,-2.55031,-2.11119,-2.11119,-1.40746,-0.703729,-0.703729,-0.703729
24.9152,-3.61452,-4.46118,-2.9032,-0.00721068,-0.499668,-1.10008,16.8183,6.29463,3.70443,-7.27647,4.07541,-3.90651,-1.99215,-1.99215,-1.3281,-0.66405,-0.66405,-0.66405
24.9203,-3.4554,-4.35469,-2.81206,0.0137841,-0.459927,-1.07316,15.4542,6.16759,2.0345,-7.34931,5.27769,-3.10167,-1.87299,-1.87299,-1.24866,-0.624328,-0.624328,-0.624328
24.9254,-3.29474,-4.24818,-2.71613,0.0440548,-0.444658,-1.04671,14.4957,5.97738,3.16299,-5.38531,6.47165,-2.45419,-1.7537,-1.7537,-1.16913,-0.584567,-0.584567,-0.584567
24.9303,-3.13904,-4.14581,-2.62594,0.0626077,-0.46971,-1.02811,15.693,5.63415,3.19729,-4.95987,4.58697,-3.82551,-1.63899,-1.63899,-1.09266,-0.54633,-0.54633,-0.54633
24.9353,-2.97983,-4.04127,-2.53662,0.0712358,-0.503774,-1.00101,13.917,5.38697,2.87675,-4.25372,1.76584,-4.055,-1.52183,-1.52183,-1.01456,-0.507278,-0.507278,-0.507278
24.9403,-2.81987,-3.93671,-2.44976,0.0638551,-0.517883,-0.966821,19.8241,5.13577,3.76834,-7.41436,5.28716,-4.40044,-1.40459,-1.40459,-0.936392,-0.468196,-0.468196,-0.468196
24.9453,-2.66218,-3.83198,-2.37144,0.0797629,-0.5504,-0.927097,21.8305,5.40849,4.59718,-8.6044,3.55064,-3.60328,-1.28725,-1.28725,-0.858169,-0.429084,-0.429084,-0.429084
24.9503,-2.5078,-3.72704,-2.31071,0.115728,-0.583359,-0.887828,21.5711,5.94906,2.7842,-7.79069,3.61087,-4.18889,-1.16984,-1.16984,-0.779893,-0.389947,-0.389947,-0.389947
24.9552,-2.36099,-3.6242,-2.24081,0.15647,-0.616123,-0.847134,22.7799,6.18852,2.69909,-9.19527,-0.435032,-4.32663,-1.0547,-1.0547,-0.703136,-0.351568,-0.351568,-0.351568
24.9603,-2.22669,-3.51721,-2.16132,0.204866,-0.606089,-0.803024,23.0185,6.02134,2.70484,-10.5269,-0.781359,-2.98384,-0.934803,-0.934803,-0.623202,-0.311601,-0.311601,-0.311601
24.9652,-2.14544,-3.41438,-2.08023,0.254971,-0.565381,-0.765869,24.1955,5.69333,2.78475,-8.4291,0.00822246,-3.5025,-0.819547,-0.819547,-0.546365,-0.273182,-0.273182,-0.273182
24.9703,-2.14643,-3.3072,-1.99298,0.306675,-0.517113,-0.729982,24.3001,4.7144,2.51456,-8.02198,0.448459,-4.77622,-0.699536,-0.699536,-0.466357,-0.233179,-0.233179,-0.233179
24.9753,-2.2199,-3.20174,-1.90413,0.356572,-0.467932,-0.689369,25.7387,4.52971,1.83417,-9.0217,1.0799,-4.26898,-0.581834,-0.581834,-0.387889,-0.193945,-0.193945,-0.193945
24.9805,-2.35429,-3.09173,-1.8074,0.408986,-0.416337,-0.646442,23.7763,4.37575,1.66267,-9.99817,-2.32259,-3.32447,-0.459386,-0.459386,-0.306257,-0.153129,-0.153129,-0.153129
24.9853,-2.47169,-2.98986,-1.71521,0.458506,-0.367089,-0.611251,22.8082,4.10115,2.63021,-8.05692,1.34088,-2.90676,-0.34633,-0.34633,-0.230887,-0.115443,-0.115443,-0.115443
24.9903,-2.55032,-2.88345,-1.62104,0.509218,-0.31597,-0.58237,22.4501,3.67998,1.93095,-6.77966,1.67422,-5.5211,-0.228542,-0.228542,-0.152361,-0.0761807,-0.0761807,-0.0761807
24.9952,-2.58577,-2.77881,-1.52803,0.555512,-0.266151,-0.542799,21.9092,3.56454,2.31379,-7.1245,0.849139,-3.4813,-0.113096,-0.113096,-0.0753975,-0.0376988,-0.0376988,-0.0376988
25.0003,-2.55527,-2.66957,-1.43257,0.599267,-0.214358,-0.505169,18.8025,3.73199,2.76663,-8.42312,-0.466036,-3.0908,0.00706858,0.00706858,0.00471239,0.00235619,0.00235619,0.00235619
25.0052,-2.42772,-2.56441,-1.34554,0.641587,-0.164084,-0.476281,18.6871,3.61654,2.68966,-8.4616,-0.50452,-3.12928,0.122521,0.122521,0.0816805,0.0408403,0.0408403,0.0408403
25.0104,-2.27256,-2.45265,-1.25845,0.688914,-0.110613,-0.453779,17.682,4.37659,2.03532,-7.8152,4.22392,-5.44712,0.245033,0.245033,0.163356,0.0816778,0.0816778,0.0816778
25.0154,-2.11829,-2.34531,-1.17617,0.73338,-0.0604286,-0.41753,17.5642,4.2588,1.9568,-7.85446,4.18466,-5.48638,0.362819,0.362819,0.241879,0.12094,0.12094,0.12094
25.0202,-1.96828,-2.24238,-1.09819,0.776476,-0.0166342,-0.376417,16.6158,4.35063,2.52306,-7.64374,2.71454,-3.65278,0.475871,0.475871,0.317248,0.158624,0.158624,0.158624
25.0254,-1.80413,-2.13103,-1.0204,0.822819,0.0244308,-0.334963,15.6463,4.09423,2.16346,-7.81704,1.1088,-3.80952,0.598315,0.598315,0.398876,0.199438,0.199438,0.199438
25.0305,-1.64165,-2.02189,-0.945117,0.86799,0.0667614,-0.296982,15.739,3.4147,1.9225,-6.80549,3.89227,-4.08965,0.718364,0.718364,0.47891,0.239455,0.239455,0.239455
25.0354,-1.48443,-1.91696,-0.871355,0.904512,0.0875833,-0.260928,16.9948,3.69734,1.11622,-8.10249,3.10035,-4.81533,0.833663,0.833663,0.555775,0.277888,0.277888,0.277888
25.0402,-1.33034,-1.81417,-0.790335,0.93934,0.0957429,-0.222239,17.6226,3.3244,1.38581,-7.08856,0.90164,-4.23196,0.946561,0.946561,0.631041,0.31552,0.31552,0.31552
25.0452,-1.17039,-1.70707,-0.703567,0.970148,0.11652,-0.182889,17.7691,2.95075,1.49137,-8.41114,-1.8451,-3.2941,1.06411,1.06411,0.709404,0.354702,0.354702,0.354702
25.0503,-1.00778,-1.59778,-0.615252,1.00704,0.163018,-0.150004,17.5075,3.10673,2.08237,-7.9046,1.52632,-4.94036,1.18393,1.18393,0.789289,0.394644,0.394644,0.394644
25.0552,-0.852148,-1.49277,-0.534332,1.04205,0.206795,-0.113159,18.5744,2.96015,0.684787,-7.04044,0.0306833,-4.9042,1.29899,1.29899,0.865993,0.432997,0.432997,0.432997
25.0602,-0.69456,-1.38566,-0.44499,1.06986,0.254291,-0.0726248,18.0828,2.61824,1.92745,-6.89739,-0.116065,-3.33699,1.41632,1.41632,0.944211,0.472105,0.472105,0.472105
25.0654,-0.531709,-1.27428,-0.355389,1.09043,0.305413,-0.0367414,17.4802,2.23628,0.535735,-7.15331,-1.03439,-4.56167,1.53824,1.53824,1.02549,0.512747,0.512747,0.512747
25.0704,-0.375837,-1.16727,-0.264521,1.10868,0.355967,-0.00111829,18.5016,1.75272,1.07837,-6.00003,0.756446,-4.31919,1.65538,1.65538,1.10359,0.551794,0.551794,0.551794
25.0753,-0.225081,-1.06248,-0.175817,1.11103,0.405437,0.0338573,19.6044,1.39768,0.895316,-7.43759,0.693373,-5.59115,1.77008,1.77008,1.18005,0.590027,0.590027,0.590027
25.0803,-0.0774906,-0.955621,-0.0846006,1.1205,0.455889,0.0755392,18.1164,1.17831,0.888423,-9.48032,-0.471684,-3.80852,1.88701,1.88701,1.25801,0.629004,0.629004,0.629004
25.0853,0.0675219,-0.848911,0.00682952,1.15201,0.506737,0.112943,16.3999,0.407454,0.756206,-7.11806,-0.469222,-3.77294,2.00383,2.00383,1.33588,0.667942,0.667942,0.667942
25.0902,0.212982,-0.744395,0.0970438,1.17841,0.556788,0.143937,16.7386,-0.278204,0.144927,-6.70078,0.867139,-4.20022,2.11818,2.11818,1.41212,0.706061,0.706061,0.706061
25.0955,0.372025,-0.631443,0.196434,1.19779,0.610613,0.17566,16.8043,-1.29614,0.0437494,-8.05021,1.00811,-5.53309,2.24174,2.24174,1.49449,0.747245,0.747245,0.747245
25.1003,0.515931,-0.529038,0.288372,1.22459,0.659021,0.212182,15.2977,-2.38502,0.573251,-8.21166,0.225661,-4.95762,2.3535,2.3535,1.569,0.784499,0.784499,0.784499
25.1053,0.66879,-0.422141,0.383331,1.26072,0.709382,0.251157,14.7638,-3.30112,0.255383,-7.24854,-0.144298,-3.3735,2.46978,2.46978,1.64652,0.823258,0.823258,0.823258
25.1103,0.823548,-0.314939,0.477946,1.29644,0.759872,0.280759,15.479,-4.42194,-0.083283,-7.62673,1.61375,-4.74529,2.5859,2.5859,1.72393,0.861967,0.861967,0.861967
25.1152,0.975405,-0.209413,0.571217,1.33261,0.808284,0.312136,15.3851,-5.80821,0.321652,-6.59649,1.04595,-5.32965,2.69955,2.69955,1.7997,0.899849,0.899849,0.899849
25.1203,1.13378,-0.0988601,0.66692,1.36423,0.857553,0.350493,14.2031,-6.89556,0.502068,-7.10782,1.25498,-5.63398,2.81766,2.81766,1.87844,0.939221,0.939221,0.939221
25.1253,1.28996,0.0104215,0.7584,1.39263,0.903932,0.392876,14.1151,-7.03483,0.556655,-6.3018,1.41516,-4.84452,2.93329,2.93329,1.95552,0.977762,0.977762,0.977762
25.1303,1.44665,0.120388,0.846504,1.41147,0.946859,0.434704,16.0485,-6.87447,0.416993,-7.52432,0.697716,-4.1792,3.04873,3.04873,2.03249,1.01624,1.01624,1.01624
25.1353,1.60211,0.230653,0.930572,1.43581,0.988897,0.472605,15.3461,-6.90305,-0.261764,-7.36402,1.04018,-6.0475,3.16399,3.16399,2.10932,1.05466,1.05466,1.05466
25.1403,1.75657,0.340843,1.01557,1.46496,1.02891,0.515835,14.6716,-7.15995,0.288529,-7.83294,-0.248456,-5.29098,3.27905,3.27905,2.18603,1.09302,1.09302,1.09302
25.1454,1.91354,0.452839,1.09705,1.50126,1.07391,0.560712,19.6843,-7.43864,1.05479,-10.4719,2.26273,-5.43767,3.3962,3.3962,2.26413,1.13207,1.13207,1.13207
25.1503,2.04187,0.559907,1.16286,1.54751,1.10822,0.604392,20.813,-6.98757,-0.117366,-9.4578,-1.02048,-4.2,3.50855,3.50855,2.33904,1.16952,1.16952,1.16952
25.1553,2.07399,0.668374,1.2348,1.59653,1.15153,0.644542,16.9871,-7.30295,0.326756,-8.9743,-0.959262,-5.61262,3.62299,3.62299,2.41532,1.20766,1.20766,1.20766
25.1605,2.15558,0.780374,1.30755,1.6475,1.19979,0.688108,15.6745,-6.681,0.209955,-8.06169,-2.08353,-5.58597,3.74176,3.74176,2.49451,1.24725,1.24725,1.24725
25.1652,2.26718,0.880687,1.37337,1.69147,1.24666,0.728048,15.5674,-6.78814,0.13853,-8.09741,-2.11925,-5.62169,3.8489,3.8489,2.56593,1.28297,1.28297,1.28297
25.1704,2.40862,0.990775,1.44627,1.73871,1.29943,0.772288,17.1827,-6.94977,0.75564,-8.17824,-1.14024,-4.83312,3.96719,3.96719,2.64479,1.3224,1.3224,1.3224
25.1753,2.5253,1.09369,1.50744,1.78182,1.34939,0.81064,17.1385,-7.68351,-0.6373,-8.30639,-1.73207,-3.83519,4.07841,4.07841,2.71894,1.35947,1.35947,1.35947
25.1802,2.62483,1.19605,1.58087,1.82488,1.39968,0.838527,15.1442,-8.36973,0.375512,-8.88158,-1.2971,-4.32758,4.18939,4.18939,2.79293,1.39646,1.39646,1.39646
25.1854,2.75519,1.30423,1.65178,1.8723,1.45313,0.861817,15.1725,-8.81426,-1.07804,-7.66219,-0.226752,-6.29599,4.3069,4.3069,2.87126,1.43563,1.43563,1.43563
25.1902,2.88115,1.40371,1.72771,1.91241,1.50228,0.896272,12.9918,-8.62697,-1.53684,-6.46454,-0.0144229,-5.20598,4.41511,4.41511,2.94341,1.4717,1.4717,1.4717
25.1953,3.02946,1.50899,1.81708,1.94262,1.55428,0.933454,12.4398,-9.88427,-1.0908,-6.75946,-2.3959,-5.01238,4.52981,4.52981,3.01987,1.50994,1.50994,1.50994
25.2002,3.17754,1.61016,1.90517,1.9602,1.60466,0.967431,11.0415,-9.01314,-1.10975,-6.52286,-0.0396188,-4.25414,4.63974,4.63974,3.09316,1.54658,1.54658,1.54658
25.2054,3.33812,1.7171,1.99924,1.96802,1.65792,0.995434,12.2489,-8.95219,-1.49455,-7.35652,0.534315,-6.63616,4.75609,4.75609,3.17073,1.58536,1.58536,1.58536
25.2102,3.48659,1.81523,2.08777,1.97199,1.70666,1.03323,11.1568,-9.42574,-1.68928,-7.27631,-0.851033,-6.04259,4.86322,4.86322,3.24215,1.62107,1.62107,1.62107
25.2152,3.64211,1.91705,2.1815,1.97275,1.75746,1.07575,10.1393,-9.80889,-0.956733,-8.17453,0.569149,-4.17529,4.97451,4.97451,3.31634,1.65817,1.65817,1.65817
25.2202,3.79892,2.01863,2.27253,1.98334,1.80757,1.11151,10.9897,-9.68742,-2.44356,-6.45617,-0.328967,-3.89765,5.0855,5.0855,3.39033,1.69517,1.69517,1.69517
25.2254,3.96229,2.12362,2.37064,1.98224,1.85941,1.13761,11.2134,-10.5669,-1.50246,-7.14037,0.485508,-6.22129,5.2006,5.2006,3.46706,1.73353,1.73353,1.73353
25.2303,4.11608,2.22292,2.46199,1.98116,1.90715,1.17229,10.601,-10.5765,-1.42826,-7.03566,0.871742,-6.72102,5.30873,5.30873,3.53916,1.76958,1.76958,1.76958
25.2353,4.27296,2.32452,2.55392,1.98096,1.95361,1.21467,10.8101,-10.8244,-1.84018,-8.45509,-0.373811,-5.55709,5.41875,5.41875,3.6125,1.80625,1.80625,1.80625
25.2402,4.42643,2.42443,2.64444,1.9968,1.9995,1.2558,12.0029,-10.7861,-2.28805,-7.47248,0.906877,-5.58464,5.52625,5.52625,3.68417,1.84208,1.84208,1.84208
25.2452,4.58168,2.52634,2.73775,2.01947,2.0425,1.29733,11.7004,-9.50074,-1.62945,-7.69109,-0.644814,-5.60453,5.6356,5.6356,3.75707,1.87853,1.87853,1.87853
25.2502,4.73528,2.62707,2.82815,2.0502,2.08719,1.3381,11.5284,-10.579,-2.05533,-7.61979,0.883772,-6.93255,5.7446,5.7446,3.82974,1.91487,1.91487,1.91487
25.2552,4.8862,2.72756,2.91784,2.08513,2.12804,1.38319,12.7671,-8.73733,-1.47568,-7.8216,-0.402725,-6.6624,5.85325,5.85325,3.90217,1.95108,1.95108,1.95108
25.2602,5.02709,2.82368,3.00148,2.12361,2.1701,1.43014,11.5833,-9.85032,-2.55525,-8.0233,-0.695501,-6.95518,5.96154,5.96154,3.97436,1.98718,1.98718,1.98718
25.2652,5.16331,2.91777,3.08852,2.16389,2.2138,1.47863,10.5809,-10.5453,-1.86644,-6.88351,-1.61743,-4.19251,6.06946,6.06946,4.04631,2.02315,2.02315,2.02315
25.2702,5.30322,3.01246,3.17232,2.19805,2.26084,1.52293,9.53969,-9.07685,-1.3195,-6.13276,-0.510643,-5.52832,6.17701,6.17701,4.11801,2.059,2.059,2.059
25.2752,5.45023,3.10093,3.24706,2.21328,2.30813,1.56527,9.43252,-9.18402,-1.39094,-6.16849,-0.546365,-5.56405,6.28418,6.28418,4.18945,2.09473,2.09473,2.09473
25.2804,5.60658,3.18459,3.31673,2.21414,2.35632,1.60687,10.0228,-8.97986,-1.71368,-6.8265,-1.13814,-5.86602,6.39522,6.39522,4.26348,2.13174,2.13174,2.13174
25.2855,5.76024,3.25491,3.38211,2.21013,2.40441,1.6472,10.0404,-9.68723,-1.73584,-7.95562,0.0842578,-6.10918,6.50371,6.50371,4.3358,2.1679,2.1679,2.1679
25.2906,5.9138,3.32691,3.44633,2.21736,2.44979,1.68821,10.342,-9.35402,-1.73056,-7.49485,-0.581047,-5.70637,6.61178,6.61178,4.40785,2.20393,2.20393,2.20393
25.2956,6.06313,3.39118,3.50466,2.22842,2.49447,1.7261,10.2365,-9.45956,-1.80093,-7.53003,-0.616228,-5.74155,6.71732,6.71732,4.47822,2.23911,2.23911,2.23911
25.3004,6.20516,3.44723,3.5575,2.2461,2.53684,1.7602,9.02055,-10.2067,-3.18073,-8.81395,-2.16511,-4.77331,6.81825,6.81825,4.5455,2.27275,2.27275,2.27275
25.3053,6.35221,3.51527,3.63032,2.27927,2.58335,1.78532,9.04401,-10.8727,-2.72875,-8.19404,-0.435683,-7.14248,6.92089,6.92089,4.61393,2.30696,2.30696,2.30696
25.3104,6.50612,3.59646,3.70916,2.31869,2.63044,1.82215,9.61132,-10.6875,-3.32008,-6.03531,-0.694705,-6.95439,7.02728,7.02728,4.68485,2.34243,2.34243,2.34243
25.3154,6.65522,3.68017,3.79337,2.34578,2.6761,1.86363,9.97636,-11.2366,-2.35477,-8.20617,-1.22613,-5.87949,7.13114,7.13114,4.75409,2.37705,2.37705,2.37705
25.3202,6.79275,3.76576,3.86997,2.37901,2.7208,1.90227,9.37277,-10.5282,-2.72402,-8.3469,-0.795545,-5.49858,7.23043,7.23043,4.82029,2.41014,2.41014,2.41014
25.3254,6.93796,3.85656,3.95099,2.42096,2.76888,1.9409,9.20256,-10.7653,-2.45475,-8.29981,-1.68409,-5.43493,7.33754,7.33754,4.89169,2.44585,2.44585,2.44585
25.3303,7.06858,3.94132,4.02205,2.46317,2.81559,1.97277,8.68838,-9.60896,-2.56145,-7.95242,-1.36154,-6.39578,7.43802,7.43802,4.95868,2.47934,2.47934,2.47934
25.3353,7.20247,4.01799,4.09183,2.50684,2.86362,2.00825,8.34991,-11.5116,-2.97644,-8.05268,-1.5032,-6.4712,7.54009,7.54009,5.02673,2.51336,2.51336,2.51336
25.3404,7.3421,4.10457,4.16445,2.55209,2.913,2.0474,8.55357,-10.6775,-3.49488,-8.05411,-1.57087,-6.14143,7.64373,7.64373,5.09582,2.54791,2.54791,2.54791
25.3453,7.47515,4.18631,4.24078,2.59635,2.9607,2.08514,8.65546,-11.5568,-2.94441,-6.43115,-1.27271,-5.79359,7.74284,7.74284,5.1619,2.58095,2.58095,2.58095
25.3503,7.60683,4.27357,4.31513,2.63559,3.00915,2.1215,7.491,-11.4328,-3.975,-7.16022,-1.89414,-5.81058,7.8435,7.8435,5.229,2.6145,2.6145,2.6145
25.3554,7.74606,4.36406,4.39849,2.67215,3.05914,2.1558,8.03102,-12.1103,-2.55086,-6.83824,-0.22252,-6.71404,7.94568,7.94568,5.29712,2.64856,2.64856,2.64856
25.3604,7.87841,4.457,4.46976,2.70139,3.10626,2.1933,8.19924,-10.7403,-3.23804,-8.00583,1.00281,-7.11159,8.04536,8.04536,5.36357,2.68179,2.68179,2.68179
25.3655,8.00113,4.54722,4.54159,2.7363,3.14675,2.23608,6.52208,-11.5073,-4.05161,-7.70835,-1.70535,-6.54087,8.14652,8.14652,5.43101,2.71551,2.71551,2.71551
25.3704,8.13211,4.63406,4.61812,2.76989,3.1889,2.27784,6.09838,-13.0224,-3.52043,-7.51702,0.390381,-6.51514,8.24322,8.24322,5.49548,2.74774,2.74774,2.74774
25.3755,8.27794,4.73186,4.69727,2.80414,3.22475,2.32135,7.16055,-12.571,-3.8129,-7.53384,0.282485,-5.94408,8.34335,8.34335,5.56223,2.78112,2.78112,2.78112
25.3803,8.41246,4.82605,4.77402,2.83305,3.25021,2.35937,6.4443,-12.6174,-3.68103,-7.80521,-1.44617,-5.91737,8.4371,8.4371,5.62473,2.81237,2.81237,2.81237
25.3853,8.55249,4.92499,4.85214,2.86398,3.28389,2.39563,6.39836,-12.6752,-4.42086,-7.81275,0.343053,-7.68027,8.53424,8.53424,5.68949,2.84475,2.84475,2.84475
25.3904,8.69641,5.02671,4.93738,2.89423,3.3085,2.43907,5.68521,-12.5294,-3.92853,-7.98636,0.020404,-6.76092,8.63279,8.63279,5.75519,2.8776,2.8776,2.8776
25.3952,8.8341,5.12231,5.01519,2.9228,3.326,2.48061,4.44247,-12.2789,-4.84275,-6.50186,-1.13642,-6.0713,8.72503,8.72503,5.81669,2.90834,2.90834,2.90834
25.4004,8.98717,5.2254,5.10524,2.94124,3.35376,2.52297,2.3573,-12.2995,-4.54742,-7.98399,-1.16127,-5.80635,8.8244,8.8244,5.88293,2.94147,2.94147,2.94147
25.4055,9.14276,5.32583,5.19437,2.96666,3.38823,2.55888,1.16901,-12.483,-4.6162,-7.387,-0.936883,-6.03736,8.92129,8.92129,5.94753,2.97376,2.97376,2.97376
25.4104,9.29488,5.42187,5.28058,2.99332,3.42411,2.58989,1.69506,-12.1461,-4.54832,-6.87965,-0.570293,-7.01213,9.01384,9.01384,6.00923,3.00461,3.00461,3.00461
25.4152,9.44422,5.51472,5.36482,3.01251,3.46087,2.62411,1.60492,-12.2363,-4.60841,-6.9097,-0.60034,-7.04218,9.10398,9.10398,6.06932,3.03466,3.03466,3.03466
25.4203,9.60258,5.61187,5.45433,3.02781,3.50087,2.66336,1.84461,-11.7366,-5.11496,-8.15032,0.717563,-5.81536,9.19919,9.19919,6.13279,3.0664,3.0664,3.0664
25.4252,9.75383,5.70115,5.54278,3.05068,3.53203,2.69561,0.13437,-13.1474,-4.86208,-8.49526,-0.413983,-7.3195,9.29011,9.29011,6.19341,3.0967,3.0967,3.0967
25.4304,9.91459,5.79813,5.63583,3.08362,3.56738,2.73431,-0.536753,-13.0699,-4.07328,-6.52346,1.41706,-6.78842,9.38599,9.38599,6.25733,3.12866,3.12866,3.12866
25.4353,10.0666,5.89102,5.71731,3.10498,3.58654,2.76993,-0.0473525,-14.2432,-4.99421,-6.57823,0.534289,-4.54963,9.47577,9.47577,6.31718,3.15859,3.15859,3.15859
25.4402,10.2177,5.98743,5.80009,3.1188,3.60315,2.7855,9.17361,-14.5846,-4.72138,-7.26209,-0.0336501,-6.38441,9.56499,9.56499,6.37666,3.18833,3.18833,3.18833
25.4452,10.3015,6.08782,5.88103,3.13157,3.62258,2.80115,9.08316,-14.675,-4.78168,-7.29224,-0.0638016,-6.41456,9.65544,9.65544,6.43696,3.21848,3.21848,3.21848
25.4503,10.2012,6.19126,5.95955,3.14611,3.64045,2.81772,6.03261,-13.2182,-4.16562,-6.61899,-0.0612315,-7.61259,9.74709,9.74709,6.49806,3.24903,3.24903,3.24903
25.4553,10.1023,6.29196,6.0218,3.15576,3.65377,2.84686,6.90076,-13.6463,-5.38716,-8.09774,-3.57686,-6.52454,9.83634,9.83634,6.55756,3.27878,3.27878,3.27878
25.4602,9.99152,6.39021,6.08741,3.17834,3.69308,2.87526,7.98019,-13.7017,-4.26213,-8.42478,-4.25166,-5.94906,9.92321,9.92321,6.61547,3.30774,3.30774,3.30774
25.4652,9.86269,6.49005,6.13872,3.21047,3.74163,2.89845,8.05755,-13.9907,-5.51422,-8.3382,-2.39316,-5.8128,10.0113,10.0113,6.67417,3.33708,3.33708,3.33708
25.4702,9.72572,6.59002,6.20015,3.24652,3.79113,2.91498,7.97013,-14.0781,-5.5725,-8.36734,-2.4223,-5.84194,10.0987,10.0987,6.73245,3.36622,3.36622,3.36622
25.4752,9.58424,6.69017,6.26894,3.28577,3.84114,2.92627,8.56503,-13.8615,-4.38263,-7.08804,-2.98116,-5.78808,10.1855,10.1855,6.79031,3.39516,3.39516,3.39516
25.4802,9.43853,6.78985,6.32142,3.32159,3.89174,2.93236,7.04466,-13.731,-4.9793,-10.1804,-4.42576,-7.2244,10.2716,10.2716,6.84776,3.42388,3.42388,3.42388
25.4853,9.29829,6.89057,6.37169,3.36943,3.94403,2.95086,4.58952,-14.094,-4.85145,-8.3216,-1.58996,-6.59108,10.3589,10.3589,6.90592,3.45296,3.45296,3.45296
25.4902,9.24361,6.98734,6.41353,3.41472,3.99401,2.97166,4.50632,-14.1772,-4.90691,-8.34933,-1.61769,-6.61881,10.4421,10.4421,6.96138,3.48069,3.48069,3.48069
25.4954,9.30266,7.08991,6.45279,3.46233,4.04663,2.99722,2.55111,-13.8984,-5.82849,-7.70786,-1.80422,-6.3665,10.5297,10.5297,7.01979,3.5099,3.5099,3.5099
25.5003,9.43323,7.18607,6.5079,3.50528,4.09586,3.02103,1.1257,-14.8707,-6.35753,-7.90904,-0.25004,-5.50784,10.6116,10.6116,7.0744,3.5372,3.5372,3.5372
25.5053,9.58487,7.28547,6.5793,3.54717,4.14416,3.03505,1.04276,-14.9537,-6.41282,-7.93669,-0.277685,-5.53549,10.6945,10.6945,7.12969,3.56485,3.56485,3.56485
25.5103,9.74019,7.38566,6.65896,3.58774,4.1881,3.03936,0.180288,-14.7247,-5.6881,-7.82335,-0.545231,-6.90427,10.7768,10.7768,7.18454,3.59227,3.59227,3.59227
25.5152,9.89419,7.48379,6.73278,3.62601,4.22551,3.05223,-1.30624,-14.982,-6.42904,-8.27229,-1.03557,-7.54365,10.8568,10.8568,7.23787,3.61893,3.61893,3.61893
25.5203,10.0564,7.58618,6.81358,3.66553,4.26101,3.07929,-1.57793,-15.0921,-5.62091,-7.91894,-0.972016,-7.45526,10.9394,10.9394,7.29291,3.64646,3.64646,3.64646
25.5252,10.2136,7.68468,6.88464,3.70233,4.291,3.11291,0.522264,-16.7035,-6.14152,-8.40884,0.508721,-6.76112,11.018,11.018,7.34536,3.67268,3.67268,3.67268
25.5303,10.3771,7.78877,6.96005,3.74089,4.30546,3.14762,0.441078,-16.7846,-6.19564,-8.4359,0.481659,-6.78818,11.0992,11.0992,7.39948,3.69974,3.69974,3.69974
25.5353,10.537,7.89168,7.03635,3.77951,4.30287,3.18129,1.03977,-16.7966,-6.7373,-8.18896,0.355998,-6.09412,11.1781,11.1781,7.45208,3.72604,3.72604,3.72604
25.5402,10.6926,7.99297,7.11625,3.81745,4.28962,3.20817,2.47222,-16.8378,-6.22202,-7.03875,-1.90515,-7.80879,11.2548,11.2548,7.50319,3.75159,3.75159,3.75159
25.5454,10.8559,8.10071,7.19648,3.84949,4.29677,3.24506,2.3916,-16.9184,-6.27576,-7.06563,-1.93203,-7.83567,11.3354,11.3354,7.55693,3.77847,3.77847,3.77847
25.5503,11.0075,8.2024,7.2676,3.87246,4.32027,3.28464,1.37852,-15.9968,-7.03655,-6.81748,-1.52656,-8.04292,11.4107,11.4107,7.60712,3.80356,3.80356,3.80356
25.5552,11.1562,8.30382,7.34084,3.88779,4.35089,3.32774,2.21012,-15.4568,-6.70172,-6.38695,-2.52847,-8.10091,11.4853,11.4853,7.65685,3.82843,3.82843,3.82843
25.5604,11.3061,8.41105,7.41671,3.88902,4.3937,3.37518,2.1317,-15.5352,-6.75401,-6.41309,-2.55461,-8.12705,11.5637,11.5637,7.70914,3.85457,3.85457,3.85457
25.5652,11.4285,8.50974,7.4878,3.87792,4.43746,3.41989,0.535289,-15.9497,-6.44233,-6.17203,-0.40087,-6.01471,11.6354,11.6354,7.75694,3.87847,3.87847,3.87847
25.5704,11.5634,8.6164,7.55809,3.85467,4.4809,3.46232,0.801053,-15.8887,-6.5814,-8.35048,-0.318876,-6.36328,11.7123,11.7123,7.80823,3.90412,3.90412,3.90412
25.5753,11.6803,8.71663,7.62167,3.84753,4.516,3.4946,-0.763929,-17.308,-7.66799,-6.77636,-1.19564,-7.091,11.7841,11.7841,7.85609,3.92804,3.92804,3.92804
25.5802,11.8122,8.81733,7.69593,3.83305,4.55098,3.52547,-0.835013,-17.3791,-7.71538,-6.80006,-1.21934,-7.1147,11.8552,11.8552,7.90348,3.95174,3.95174,3.95174
25.5852,11.9541,8.92042,7.77772,3.81373,4.58601,3.55661,-0.906824,-17.4509,-7.76325,-6.82399,-1.24327,-7.13863,11.927,11.927,7.95135,3.97567,3.97567,3.97567
25.5903,12.1011,9.02583,7.86504,3.79342,4.62042,3.58882,-1.06601,-16.0459,-6.64118,-7.98252,-0.737518,-7.51884,11.9995,11.9995,7.99968,3.99984,3.99984,3.99984
25.5952,12.2438,9.12676,7.93995,3.78561,4.64923,3.62244,-1.53283,-16.761,-6.43005,-8.51057,-2.23433,-6.77177,12.0684,12.0684,8.04562,4.02281,4.02281,4.02281
25.6004,12.3961,9.23372,8.00526,3.79649,4.6878,3.65464,-0.462592,-16.8688,-6.19196,-7.91369,-0.486531,-6.05069,12.1408,12.1408,8.09386,4.04693,4.04693,4.04693
25.6055,12.5414,9.3385,8.04711,3.81341,4.71948,3.67444,-0.532773,-16.939,-6.23875,-7.93708,-0.509924,-6.07408,12.211,12.211,8.14065,4.07032,4.07032,4.07032
25.6102,12.6718,9.43497,8.06886,3.83286,4.74303,3.68221,-0.596755,-17.003,-6.2814,-7.95841,-0.531252,-6.09541,12.275,12.275,8.1833,4.09165,4.09165,4.09165
25.6151,12.8023,9.53537,8.07782,3.85822,4.76177,3.68196,-2.60915,-16.537,-7.40593,-7.15241,-2.11817,-7.06133,12.3409,12.3409,8.2273,4.11365,4.11365,4.11365
25.6202,12.9472,9.63953,8.10621,3.87894,4.79292,3.68444,-2.67706,-16.605,-7.4512,-7.17505,-2.14081,-7.08397,12.4089,12.4089,8.27257,4.13629,4.13629,4.13629
25.6252,13.0917,9.74134,8.15139,3.89548,4.83037,3.68955,-1.45846,-16.5289,-6.05506,-8.03326,-1.42582,-8.54662,12.4747,12.4747,8.31644,4.15822,4.15822,4.15822
25.6302,13.2284,9.84255,8.17417,3.91711,4.86833,3.71411,-1.9569,-16.6294,-7.19985,-7.02822,-1.01694,-7.54986,12.5397,12.5397,8.3598,4.1799,4.1799,4.1799
25.6353,13.358,9.94538,8.21,3.93206,4.90592,3.74355,-2.48334,-16.8407,-6.90914,-7.57999,-1.14643,-6.84307,12.6052,12.6052,8.40349,4.20175,4.20175,4.20175
25.6402,13.4784,10.0438,8.24342,3.94729,4.94169,3.7683,-2.39984,-17.0014,-6.78968,-9.3064,-1.5646,-6.5326,12.6674,12.6674,8.44496,4.22248,4.22248,4.22248
25.6452,13.5882,10.1438,8.27375,3.98044,4.98035,3.78717,-0.216746,-16.9735,-5.79693,-9.77442,-0.591902,-6.32994,12.7301,12.7301,8.48676,4.24338,4.24338,4.24338
25.6502,13.645,10.2438,8.27677,4.02259,5.01431,3.79732,-0.278664,-17.0354,-5.83821,-9.79506,-0.612541,-6.35058,12.7921,12.7921,8.52804,4.26402,4.26402,4.26402
25.6552,13.6621,10.3435,8.25914,4.06891,5.04264,3.80019,-0.308193,-17.6088,-6.96368,-8.29192,-1.3864,-7.43908,12.8532,12.8532,8.5688,4.2844,4.2844,4.2844
25.6603,13.6695,10.4461,8.25501,4.11437,5.07132,3.80934,-2.15853,-17.2211,-6.97335,-7.21119,-0.843869,-8.28759,12.9147,12.9147,8.60982,4.30491,4.30491,4.30491
25.6655,13.739,10.5502,8.25627,4.15466,5.09498,3.83402,-2.64991,-16.6802,-7.70431,-7.30634,-2.04026,-8.44898,12.9766,12.9766,8.65108,4.32554,4.32554,4.32554
25.6704,13.8375,10.646,8.27551,4.18661,5.12567,3.86798,-3.1999,-17.0175,-7.37691,-7.88855,-2.43203,-7.45799,13.0341,13.0341,8.68943,4.34471,4.34471,4.34471
25.6752,13.9521,10.7386,8.30459,4.21691,5.16274,3.90086,-1.62044,-17.8729,-8.22489,-7.55933,-2.40089,-7.20329,13.0897,13.0897,8.72649,4.36325,4.36325,4.36325
25.6803,14.0538,10.8372,8.35641,4.24619,5.20592,3.93296,-3.21132,-16.9737,-7.92516,-8.31567,-1.46811,-7.13163,13.148,13.148,8.76534,4.38267,4.38267,4.38267
25.6852,14.164,10.9282,8.41104,4.27716,5.24642,3.95999,-5.68961,-18.4355,-7.62127,-6.25578,-1.54446,-6.58698,13.2032,13.2032,8.80212,4.40106,4.40106,4.40106
25.6904,14.3094,11.0273,8.46867,4.29372,5.28887,3.97846,-5.32967,-17.8549,-8.83014,-7.63294,-1.66306,-7.0699,13.2609,13.2609,8.84059,4.4203,4.4203,4.4203
25.6952,14.4474,11.1181,8.53788,4.30932,5.32865,3.99256,-5.51217,-17.478,-7.33734,-6.79759,-0.711791,-6.31735,13.3134,13.3134,8.87558,4.43779,4.43779,4.43779
25.7003,14.5947,11.2125,8.60093,4.31655,5.367,3.99808,-5.57893,-18.0175,-8.40224,-7.75154,-0.142222,-8.02478,13.3683,13.3683,8.9122,4.4561,4.4561,4.4561
25.7054,14.7412,11.3068,8.67086,4.327,5.39548,4.01686,-6.24764,-17.5948,-7.642,-5.46773,1.79383,-8.01797,13.4224,13.4224,8.94825,4.47413,4.47413,4.47413
25.7104,14.8851,11.3955,8.72906,4.31234,5.38971,4.04422,-5.07448,-17.7022,-8.03,-7.7704,0.534441,-8.67292,13.4746,13.4746,8.98304,4.49152,4.49152,4.49152
25.7153,15.015,11.4786,8.78467,4.30571,5.37071,4.08032,-6.12163,-17.2797,-8.3457,-6.9509,0.252705,-6.71078,13.5249,13.5249,9.01659,4.5083,4.5083,4.5083
25.7204,15.15,11.5588,8.8465,4.2936,5.34471,4.11055,-6.17316,-17.3312,-8.38005,-6.96807,0.235528,-6.72795,13.5764,13.5764,9.05094,4.52547,4.52547,4.52547
25.7254,15.2809,11.6328,8.91102,4.27799,5.31517,4.13233,-6.25041,-17.6607,-8.26896,-6.81075,0.14445,-7.58907,13.6261,13.6261,9.08406,4.54203,4.54203,4.54203
25.7304,15.403,11.706,8.97486,4.25926,5.28605,4.15523,-3.93524,-18.3281,-8.42274,-7.02575,-1.21319,-7.55567,13.6749,13.6749,9.11662,4.55831,4.55831,4.55831
25.7354,15.4601,11.7845,9.03867,4.23987,5.27058,4.17811,-5.5947,-17.7378,-8.02001,-6.73539,-0.566785,-7.44747,13.7229,13.7229,9.14861,4.57431,4.57431,4.57431
25.7402,15.5077,11.8539,9.08931,4.21723,5.26112,4.19933,-5.63997,-17.7831,-8.05019,-6.75048,-0.581877,-7.46256,13.7682,13.7682,9.17879,4.5894,4.5894,4.5894
25.7452,15.5424,11.9177,9.13079,4.19198,5.25655,4.22139,-4.89436,-17.4669,-9.1219,-7.52768,-0.58076,-8.06588,13.8145,13.8145,9.20968,4.60484,4.60484,4.60484
25.7502,15.5401,11.9731,9.18718,4.1737,5.25727,4.24946,-5.3693,-17.7409,-8.44371,-7.36068,-1.70544,-8.6358,13.86,13.86,9.24,4.62,4.62,4.62
25.7552,15.5205,12.0233,9.23865,4.16167,5.27634,4.28557,-5.92218,-17.4743,-8.3585,-8.26979,-1.14071,-7.78955,13.9046,13.9046,9.26974,4.63487,4.63487,4.63487
25.7603,15.5171,12.0685,9.28649,4.16607,5.30258,4.32205,-5.96681,-17.5189,-8.38826,-8.28467,-1.15559,-7.80443,13.9492,13.9492,9.2995,4.64975,4.64975,4.64975
25.7653,15.5261,12.1106,9.33206,4.1853,5.33253,4.35744,-5.19411,-18.07,-8.0093,-7.2888,-0.267365,-7.43784,13.9921,13.9921,9.32809,4.66404,4.66404,4.66404
25.7704,15.5177,12.1586,9.36469,4.20526,5.35827,4.38968,-5.90677,-16.923,-7.98562,-7.73365,-0.60457,-7.31137,14.035,14.035,9.35666,4.67833,4.67833,4.67833
25.7757,15.5245,12.1831,9.38457,4.23214,5.38297,4.41697,-6.10007,-18.0856,-7.75551,-7.78958,1.5337,-6.76286,14.0786,14.0786,9.38571,4.69286,4.69286,4.69286
25.7802,15.5464,12.218,9.38962,4.25705,5.37833,4.42955,-7.04251,-17.6569,-8.12034,-8.23222,0.0312243,-6.89086,14.1148,14.1148,9.40987,4.70494,4.70494,4.70494
25.7853,15.6112,12.2484,9.38714,4.29148,5.36805,4.43662,-7.67766,-16.9445,-7.67481,-8.32014,0.514619,-7.03674,14.155,14.155,9.43668,4.71834,4.71834,4.71834
25.7902,15.7049,12.2582,9.37007,4.32866,5.34988,4.43873,-7.47511,-18.1092,-8.62587,-7.09074,-0.243175,-8.48178,14.1928,14.1928,9.46187,4.73094,4.73094,4.73094
25.7952,15.8085,12.2845,9.36586,4.36172,5.3334,4.45453,-7.82011,-18.1587,-7.7941,-7.5173,1.49134,-8.77586,14.2305,14.2305,9.487,4.7435,4.7435,4.7435
25.8002,15.9153,12.321,9.35112,4.39429,5.30253,4.48337,-7.58506,-18.3019,-8.67345,-7.26461,0.833232,-7.82765,14.2673,14.2673,9.51154,4.75577,4.75577,4.75577
25.8053,16.0165,12.3713,9.35209,4.42337,5.26773,4.51297,-7.39318,-18.5552,-8.57874,-7.59974,1.88914,-8.66786,14.3039,14.3039,9.53596,4.76798,4.76798,4.76798
25.8104,16.0989,12.4321,9.36387,4.45137,5.22515,4.5489,-7.49588,-18.5436,-8.76558,-6.80849,2.19187,-6.60149,14.3397,14.3397,9.55978,4.77989,4.77989,4.77989
25.8152,16.1657,12.4933,9.38671,4.46845,5.18093,4.57081,-7.35136,-19.2738,-8.84177,-7.20029,-0.319614,-7.54805,14.3724,14.3724,9.58163,4.79081,4.79081,4.79081
25.8202,16.2225,12.5674,9.41908,4.48354,5.13957,4.59088,-8.33812,-18.4009,-8.65495,-7.60055,0.306854,-6.72287,14.4057,14.4057,9.60381,4.80191,4.80191,4.80191
25.8252,16.2938,12.6369,9.45287,4.50006,5.10186,4.59812,-7.09395,-18.5712,-9.17605,-6.5929,-0.482262,-6.27826,14.4381,14.4381,9.6254,4.8127,4.8127,4.8127
25.8301,16.3288,12.7055,9.49907,4.50574,5.07573,4.58904,-7.62126,-19.4885,-9.32413,-7.77895,-0.865154,-6.15607,14.469,14.469,9.64599,4.82299,4.82299,4.82299
25.8352,16.3346,12.7863,9.55777,4.51779,5.06761,4.56576,-6.80539,-19.8547,-8.71168,-7.069,0.705917,-8.2282,14.5002,14.5002,9.66681,4.8334,4.8334,4.8334
25.8403,16.2876,12.8737,9.60799,4.52535,5.05733,4.55593,-6.83568,-19.885,-8.73187,-7.0791,0.695819,-8.2383,14.5305,14.5305,9.687,4.8435,4.8435,4.8435
25.8452,16.2075,12.9603,9.64822,4.52931,5.04581,4.55901,-8.36111,-19.9526,-8.33269,-8.57891,0.529089,-7.81715,14.5587,14.5587,9.70582,4.85291,4.85291,4.85291
25.8504,16.151,13.0542,9.67545,4.54915,5.03429,4.56816,-8.82747,-19.6546,-9.26327,-7.0485,-0.258902,-8.77902,14.5877,14.5877,9.72516,4.86258,4.86258,4.86258
25.8553,16.1564,13.1436,9.71416,4.56125,5.03222,4.59141,-8.85392,-19.681,-9.28091,-7.05732,-0.267718,-8.78784,14.6142,14.6142,9.7428,4.8714,4.8714,4.8714
25.8602,16.2036,13.2336,9.76192,4.56905,5.03708,4.62308,-8.09544,-19.088,-8.29685,-8.00977,1.12307,-6.93337,14.6398,14.6398,9.75985,4.87993,4.87993,4.87993
25.8653,16.2486,13.3224,9.79217,4.58591,5.03284,4.64596,-8.12115,-19.1137,-8.31399,-8.01834,1.1145,-6.94194,14.6655,14.6655,9.77699,4.8885,4.8885,4.8885
25.8702,16.274,13.4011,9.8039,4.60919,5.02198,4.65771,-8.17648,-19.7246,-9.61939,-7.10719,0.0715677,-7.45495,14.6893,14.6893,9.79286,4.89643,4.89643,4.89643
25.8752,16.277,13.4794,9.83223,4.6281,5.01867,4.66724,-7.90832,-20.3705,-8.98919,-7.18123,0.279047,-6.12139,14.7127,14.7127,9.80847,4.90423,4.90423,4.90423
25.8803,16.2491,13.5649,9.86024,4.645,5.02058,4.65717,-7.93125,-20.3935,-9.00447,-7.18888,0.271403,-6.12904,14.7356,14.7356,9.82375,4.91188,4.91188,4.91188
25.8853,16.1936,13.6522,9.88869,4.66043,5.02801,4.63195,-9.09542,-20.1117,-8.9875,-7.10499,-0.158066,-6.98079,14.7572,14.7572,9.83813,4.91907,4.91907,4.91907
25.8904,16.1626,13.7408,9.91629,4.67422,5.04501,4.60431,-9.64838,-19.9554,-9.06633,-6.59865,0.356554,-6.89673,14.7783,14.7783,9.85217,4.92609,4.92609,4.92609
25.8955,16.1688,13.8274,9.94417,4.6792,5.06361,4.57494,-9.01051,-20.0661,-9.0672,-7.01935,1.10333,-8.79955,14.7984,14.7984,9.86558,4.93279,4.93279,4.93279
25.9004,16.1779,13.9089,9.97032,4.68149,5.07421,4.56612,-9.86422,-19.5566,-8.7409,-8.29233,0.302308,-8.33373,14.8168,14.8168,9.87786,4.93893,4.93893,4.93893
25.9053,16.2007,13.9831,9.98744,4.69643,5.08983,4.57009,-10.193,-19.255,-9.14552,-8.1657,0.967138,-9.12618,14.8343,14.8343,9.88956,4.94478,4.94478,4.94478
25.9103,16.2286,14.0434,10.0047,4.71974,5.10326,4.59372,-10.7301,-18.3225,-8.88307,-6.61473,2.12067,-7.23573,14.8513,14.8513,9.9009,4.95045,4.95045,4.95045
25.9152,16.26,14.0668,10.0155,4.73163,5.10165,4.61232,-11.6875,-19.5872,-8.92076,-6.52063,1.23773,-7.66327,14.8671,14.8671,9.91142,4.95571,4.95571,4.95571
25.9202,16.3113,14.0951,10.026,4.73307,5.09927,4.63133,-12.2071,-19.4724,-9.08136,-8.03265,1.50591,-6.65817,14.8823,14.8823,9.92154,4.96077,4.96077,4.96077
25.9253,16.3793,14.1265,10.042,4.74276,5.09402,4.63873,-13.0963,-18.6871,-9.11196,-8.04578,2.3539,-7.44962,14.8969,14.8969,9.93124,4.96562,4.96562,4.96562
25.9303,16.469,14.1395,10.0627,4.75825,5.07689,4.64493,-12.2743,-18.4641,-8.69658,-6.79994,3.2851,-7.30502,14.9102,14.9102,9.94013,4.97006,4.97006,4.97006
25.9354,16.5331,14.1375,10.0803,4.76401,5.04411,4.64843,-11.9324,-18.6816,-8.46466,-7.45828,3.13184,-6.1252,14.9228,14.9228,9.94856,4.97428,4.97428,4.97428
25.9404,16.5449,14.1303,10.0907,4.7676,5.00562,4.63486,-9.45771,-18.0469,-9.33339,-6.81626,3.1363,-7.2551,14.9343,14.9343,9.95621,4.9781,4.9781,4.9781
25.9455,16.4315,14.0993,10.1148,4.76251,4.96328,4.62062,-4.99657,-20.4768,-9.55374,-6.38101,3.53015,-6.95233,14.9451,14.9451,9.96338,4.98169,4.98169,4.98169
25.9503,16.285,14.1043,10.145,4.74719,4.91945,4.60385,-8.72911,-18.6106,-8.39577,-7.12101,2.30991,-8.56173,14.9543,14.9543,9.96954,4.98477,4.98477,4.98477
25.9552,16.1353,14.0906,10.1517,4.73269,4.87505,4.60297,-9.51779,-19.616,-9.12044,-6.42834,-0.524705,-8.38242,14.9629,14.9629,9.97525,4.98762,4.98762,4.98762
25.9603,15.9829,14.0862,10.1558,4.71212,4.84337,4.61506,-9.73458,-19.8564,-9.83844,-6.0998,-1.42988,-9.27932,14.9708,14.9708,9.98056,4.99028,4.99028,4.99028
25.9652,15.8451,14.0966,10.1741,4.68495,4.84873,4.64524,-9.08729,-19.2801,-9.40822,-5.71289,-0.993292,-8.88413,14.9776,14.9776,9.98506,4.99253,4.99253,4.99253
25.9704,15.7097,14.1077,10.1948,4.6489,4.87871,4.68445,-9.09743,-20.2437,-9.38727,-6.58436,-0.498556,-8.53016,14.9838,14.9838,9.98919,4.9946,4.9946,4.9946
25.9753,15.5928,14.1373,10.2128,4.61662,4.91612,4.72352,-9.85489,-19.2676,-9.66434,-6.40384,2.25704,-7.94392,14.9887,14.9887,9.99247,4.99624,4.99624,4.99624
25.9802,15.504,14.1575,10.2354,4.58495,4.93976,4.7609,-10.3396,-19.0076,-9.79034,-6.83574,1.54362,-7.15866,14.9927,14.9927,9.99516,4.99758,4.99758,4.99758
25.9853,15.4576,14.1618,10.263,4.55682,4.95558,4.79238,-10.3429,-19.0109,-9.79251,-6.83683,1.54253,-7.15975,14.996,14.996,9.99733,4.99867,4.99867,4.99867
25.9902,15.4405,14.1515,10.2929,4.53407,4.96343,4.81436,-11.2119,-18.7964,-9.44706,-6.18345,2.35323,-6.57261,14.9982,14.9982,9.99882,4.99941,4.99941,4.99941
25.9952,15.4843,14.1243,10.3164,4.50808,4.95386,4.8218,-11.2132,-18.7977,-9.44796,-6.1839,2.35278,-6.57306,14.9996,14.9996,9.99972,4.99986,4.99986,4.99986
26.0002,15.5706,14.0866,10.3349,4.47978,4.92958,4.81521,-11.2137,-18.7982,-9.44824,-6.18404,2.35264,-6.5732,15,15,10,5,5,5
26.0052,15.6702,14.0425,10.3502,4.4498,4.8967,4.7968,-10.9492,-19.2862,-9.032,-5.73675,1.95537,-7.09467,14.9995,14.9995,9.99967,4.99983,4.99983,4.99983
26.0103,15.7663,14.0052,10.3525,4.41494,4.86122,4.77477,-11.456,-19.1469,-9.25047,-5.81079,3.15645,-7.64895,14.998,14.998,9.99869,4.99935,4.99935,4.99935
26.0153,15.8589,13.9733,10.3499,4.37831,4.81928,4.75737,-11.6309,-19.2115,-9.05661,-5.70236,3.20692,-8.19464,14.9957,14.9957,9.99711,4.99856,4.99856,4.99856
26.0203,15.949,13.9477,10.3385,4.33998,4.774,4.75086,-11.5015,-18.8496,-9.5184,-5.96622,2.07366,-9.04638,14.9924,14.9924,9.99492,4.99746,4.99746,4.99746
26.0253,16.0216,13.9105,10.3261,4.3023,4.73023,4.76485,-10.5675,-19.9092,-8.97427,-5.72469,1.55343,-9.24369,14.9882,14.9882,9.9921,4.99605,4.99605,4.99605
26.0304,16.0481,13.897,10.3035,4.26322,4.68971,4.79573,-10.1249,-19.3721,-9.24247,-5.76434,2.14306,-9.08462,14.9829,14.9829,9.9886,4.9943,4.9943,4.9943
26.0354,16.0256,13.8861,10.278,4.22493,4.65116,4.83366,-10.7177,-18.0146,-9.06076,-5.73747,1.06869,-8.84247,14.9768,14.9768,9.98454,4.99227,4.99227,4.99227
26.0403,15.9786,13.8467,10.2473,4.1877,4.62313,4.87365,-9.92676,-19.2133,-9.65393,-5.88423,-0.411145,-7.75551,14.97,14.97,9.97997,4.98999,4.98999,4.98999
26.0453,15.8866,13.8164,10.2297,4.15101,4.62432,4.91106,-10.1316,-19.7373,-9.20766,-5.62491,0.916293,-8.00955,14.962,14.962,9.97469,4.98735,4.98735,4.98735
26.0505,15.7687,13.8082,10.2129,4.1125,4.63872,4.94756,-9.87811,-19.2474,-9.51711,-5.16644,1.21744,-7.14536,14.9528,14.9528,9.96855,4.98428,4.98428,4.98428
26.0555,15.6419,13.8073,10.2063,4.07246,4.65912,4.97265,-9.92741,-19.1628,-8.91702,-4.26065,1.19587,-7.20005,14.943,14.943,9.96202,4.98101,4.98101,4.98101
26.0602,15.5204,13.8073,10.1917,4.03008,4.68204,4.98743,-11.2294,-19.9565,-9.37848,-3.78534,1.1247,-6.38526,14.933,14.933,9.95532,4.97766,4.97766,4.97766
26.0652,15.4104,13.8284,10.1811,3.98188,4.70902,4.98554,-11.076,-19.1333,-8.97157,-3.45028,1.79924,-6.99412,14.9214,14.9214,9.9476,4.9738,4.9738,4.9738
26.0702,15.3192,13.8471,10.1649,3.93171,4.73125,4.97446,-11.5205,-19.2114,-9.3248,-2.99071,2.05181,-6.02119,14.9089,14.9089,9.93926,4.96963,4.96963,4.96963
26.0753,15.2504,13.8629,10.1506,3.87947,4.74723,4.94566,-11.3768,-18.9298,-8.75973,-2.49762,1.5513,-7.15926,14.8952,14.8952,9.93013,4.96506,4.96506,4.96506
26.0802,15.1989,13.8724,10.1286,3.82891,4.76212,4.91706,-11.28,-20.2316,-9.47976,-2.45982,1.94514,-7.37814,14.8811,14.8811,9.92075,4.96038,4.96038,4.96038
26.0853,15.1551,13.9113,10.1185,3.77702,4.77167,4.8888,-10.9807,-19.8812,-9.22067,-2.2145,2.2981,-7.42262,14.8656,14.8656,9.91037,4.95518,4.95518,4.95518
26.0902,15.1095,13.957,10.111,3.72989,4.7705,4.86404,-10.7009,-19.7589,-9.1662,-2.63978,2.2123,-8.74214,14.8497,14.8497,9.89979,4.9499,4.9499,4.9499
26.0953,15.0537,14.0066,10.1035,3.69216,4.75995,4.85604,-10.7189,-19.2687,-9.25907,-2.26136,1.74616,-8.59556,14.8322,14.8322,9.88816,4.94408,4.94408,4.94408
26.1002,15.0002,14.0456,10.0994,3.6787,4.7461,4.86299,-11.8162,-19.2944,-8.8502,-2.68604,2.06668,-8.50688,14.8146,14.8146,9.87639,4.9382,4.9382,4.9382
26.1052,14.98,14.078,10.0876,3.69563,4.72492,4.88123,-12.4435,-18.8933,-9.16781,-2.27401,2.22203,-8.25217,14.7957,14.7957,9.86378,4.93189,4.93189,4.93189
26.1104,15.0059,14.0997,10.0796,3.73092,4.69548,4.90543,-12.4228,-18.8726,-9.15404,-2.26713,2.22891,-8.24529,14.775,14.775,9.85001,4.92501,4.92501,4.92501
26.1153,15.0545,14.1116,10.078,3.77178,4.66256,4.93132,-10.2631,-20.1682,-9.48323,-2.5667,1.9045,-7.79138,14.7547,14.7547,9.83644,4.91822,4.91822,4.91822
26.1203,15.0352,14.1443,10.0876,3.81803,4.62753,4.95564,-10.5448,-20.1268,-9.52103,-2.56775,1.58053,-7.27907,14.733,14.733,9.82199,4.91099,4.91099,4.91099
26.1253,14.9732,14.1926,10.1097,3.86661,4.59264,4.97232,-10.8453,-20.6007,-9.02736,-1.73223,1.48869,-7.27983,14.7104,14.7104,9.80693,4.90347,4.90347,4.90347
26.1306,14.8934,14.2571,10.1258,3.9182,4.55507,4.98277,-10.8203,-20.5758,-9.01074,-1.72392,1.497,-7.27152,14.6855,14.6855,9.79031,4.89516,4.89516,4.89516
26.1355,14.8093,14.3213,10.1332,3.96566,4.51846,4.98605,-11.2731,-19.4959,-8.61021,-2.32865,1.38079,-6.67565,14.6615,14.6615,9.77434,4.88717,4.88717,4.88717
26.1402,14.7301,14.3629,10.1216,4.01201,4.48208,4.97726,-12.2304,-20.7171,-9.4408,-1.98952,0.610399,-7.05688,14.6377,14.6377,9.75848,4.87924,4.87924,4.87924
26.1452,14.672,14.4165,10.1155,4.06157,4.44568,4.96152,-12.2042,-20.691,-9.42334,-1.98079,0.619128,-7.04815,14.6115,14.6115,9.74102,4.87051,4.87051,4.87051
26.1502,14.6277,14.4778,10.1184,4.11118,4.41036,4.94037,-7.81947,-20.1989,-9.18584,-2.38576,-0.324043,-6.27736,14.5844,14.5844,9.72297,4.86148,4.86148,4.86148
26.1551,14.5127,14.531,10.1189,4.16028,4.37988,4.90952,-7.79205,-20.1715,-9.16756,-2.37662,-0.314903,-6.26822,14.557,14.557,9.70469,4.85234,4.85234,4.85234
26.1602,14.378,14.5759,10.1137,4.2117,4.34905,4.87159,-10.5364,-19.8229,-9.5283,-1.8286,-0.404445,-6.44056,14.5276,14.5276,9.68505,4.84252,4.84252,4.84252
26.1652,14.2818,14.6011,10.112,4.26171,4.31887,4.83171,-10.8178,-18.8318,-9.17196,-2.3486,-1.34672,-6.52172,14.4978,14.4978,9.6652,4.8326,4.8326,4.8326
26.1701,14.2329,14.5823,10.1024,4.31094,4.29773,4.79149,-11.2566,-19.4518,-9.1143,-0.69914,-2.26406,-7.31486,14.4677,14.4677,9.64516,4.82258,4.82258,4.82258
26.1752,14.216,14.5443,10.0865,4.35994,4.29611,4.75309,-11.6815,-18.8523,-8.90683,-1.21833,-2.26161,-7.96653,14.4355,14.4355,9.6237,4.81185,4.81185,4.81185
26.1803,14.2188,14.4896,10.0666,4.40707,4.31441,4.7239,-12.4758,-19.8987,-8.99552,-2.21745,-2.16777,-8.07969,14.4024,14.4024,9.60162,4.80081,4.80081,4.80081
26.1853,14.2591,14.4459,10.0468,4.45381,4.34347,4.70702,-12.4188,-19.0301,-8.74756,-2.05729,-2.14009,-8.13481,14.3691,14.3691,9.57938,4.78969,4.78969,4.78969
26.1903,14.3083,14.3948,10.0234,4.5002,4.37717,4.70248,-11.8763,-18.6215,-8.92327,-1.27583,-1.49111,-8.18963,14.3348,14.3348,9.55654,4.77827,4.77827,4.77827
26.1952,14.3416,14.3361,10.004,4.54282,4.40532,4.70904,-12.2555,-19.3475,-8.91077,-1.34716,-1.50448,-7.69792,14.3004,14.3004,9.53359,4.7668,4.7668,4.7668
26.2006,14.3706,14.2747,9.9822,4.58734,4.42653,4.72042,-13.1228,-17.8469,-8.74898,-2.1953,-2.00486,-7.6187,14.2615,14.2615,9.50765,4.75382,4.75382,4.75382
26.2052,14.4097,14.2053,9.96258,4.62611,4.43624,4.73209,-12.0645,-18.664,-8.64274,-1.0993,-1.87762,-6.92842,14.2275,14.2275,9.48501,4.7425,4.7425,4.7425
26.2102,14.4111,14.1294,9.93727,4.66357,4.43434,4.73807,-12.3261,-18.0234,-8.80985,-1.50072,-1.99752,-6.44388,14.1898,14.1898,9.45984,4.72992,4.72992,4.72992
26.2158,14.3738,14.0381,9.91119,4.70308,4.41573,4.73068,-13.1378,-18.6932,-8.64093,-2.69516,-2.2232,-6.58676,14.1464,14.1464,9.43095,4.71548,4.71548,4.71548
26.2203,14.3585,13.9701,9.89081,4.7392,4.38858,4.71531,-12.2117,-18.9334,-8.83246,-0.754045,-2.21133,-6.20229,14.1108,14.1108,9.40721,4.70361,4.70361,4.70361
26.2255,14.3053,13.8998,9.87297,4.77355,4.35019,4.68782,-11.3344,-19.4863,-8.90476,0.245284,-2.42916,-6.56916,14.0688,14.0688,9.37919,4.6896,4.6896,4.6896
26.2303,14.2137,13.8556,9.865,4.78665,4.31057,4.65873,-11.0111,-19.0527,-9.0121,-0.809627,-2.73887,-6.09227,14.0292,14.0292,9.35277,4.67639,4.67639,4.67639
26.2353,14.0929,13.8105,9.86084,4.7988,4.26794,4.62302,-11.824,-18.7229,-8.78547,-1.3669,-2.80762,-5.56486,13.987,13.987,9.32469,4.66234,4.66234,4.66234
26.2403,13.9722,13.7626,9.85626,4.81669,4.22439,4.58143,-11.1112,-18.2505,-8.87385,-1.01309,-3.64613,-5.59193,13.944,13.944,9.29603,4.64801,4.64801,4.64801
26.2452,13.8461,13.7041,9.85203,4.83406,4.18419,4.5378,-11.2849,-18.5109,-8.75952,-1.73569,-3.78913,-5.74321,13.9011,13.9011,9.26739,4.63369,4.63369,4.63369
26.2502,13.717,13.6417,9.84445,4.85944,4.14636,4.49199,-10.8935,-18.0879,-9.00142,-0.586436,-3.69972,-5.25636,13.8564,13.8564,9.23759,4.6188,4.6188,4.6188
26.2554,13.5822,13.57,9.84004,4.87913,4.1093,4.44258,-11.6932,-18.6355,-8.56228,-0.313961,-3.64252,-5.87812,13.809,13.809,9.206,4.603,4.603,4.603
26.2603,13.4666,13.5076,9.82945,4.88465,4.07601,4.39602,-11.1158,-17.932,-8.94995,-1.88028,-2.65032,-6.426,13.7635,13.7635,9.17567,4.58784,4.58784,4.58784
26.2653,13.3511,13.435,9.81938,4.89682,4.03693,4.34974,-11.1828,-18.5743,-8.62585,-1.0448,-2.23712,-6.65864,13.7162,13.7162,9.14417,4.57208,4.57208,4.57208
26.2704,13.2387,13.3651,9.80292,4.90501,3.9923,4.30486,-11.7287,-17.4574,-8.75615,0.453677,-1.67428,-7.3792,13.6672,13.6672,9.11145,4.55572,4.55572,4.55572
26.2752,13.1554,13.2914,9.78858,4.8905,3.94665,4.26904,-12.3082,-18.1157,-8.62032,-1.5841,-1.70002,-7.76098,13.6202,13.6202,9.08012,4.54006,4.54006,4.54006
26.2803,13.0974,13.2159,9.77118,4.88146,3.89665,4.24341,-12.0919,-17.7734,-8.4527,-0.830252,-2.15505,-8.03385,13.5694,13.5694,9.04626,4.52313,4.52313,4.52313
26.2853,13.0601,13.1434,9.75192,4.86684,3.84712,4.23668,-12.2737,-18.8023,-8.47329,-1.08662,-2.22098,-8.07494,13.5188,13.5188,9.01251,4.50626,4.50626,4.50626
26.2903,13.0477,13.0851,9.72842,4.85132,3.79732,4.24699,-13.0418,-18.4632,-8.03979,-0.465021,-1.40894,-7.80938,13.4673,13.4673,8.9782,4.4891,4.4891,4.4891
26.2954,13.0793,13.034,9.69229,4.83052,3.74587,4.26851,-12.9884,-18.4099,-8.00423,-0.447238,-1.39116,-7.7916,13.414,13.414,8.94264,4.47132,4.47132,4.47132
26.3002,13.1292,12.991,9.65047,4.80753,3.69708,4.2955,-11.0856,-18.154,-8.23148,-1.05952,-1.96204,-7.6504,13.363,13.363,8.90864,4.45432,4.45432,4.45432
26.3053,13.1242,12.9445,9.60558,4.78795,3.64523,4.32733,-11.0306,-18.099,-8.1948,-1.04118,-1.9437,-7.63206,13.3079,13.3079,8.87196,4.43598,4.43598,4.43598
26.3104,13.0634,12.8965,9.56053,4.77156,3.59338,4.36099,-11.2703,-18.2519,-8.07186,0.0786828,-2.03272,-6.93448,13.2521,13.2521,8.83471,4.41736,4.41736,4.41736
26.3153,12.9839,12.8623,9.52059,4.74693,3.54362,4.38861,-11.5586,-19.277,-8.2738,-0.913317,-2.205,-6.74244,13.1976,13.1976,8.79839,4.3992,4.3992,4.3992
26.3203,12.8928,12.8598,9.48668,4.72525,3.49301,4.41017,-11.4352,-18.8227,-8.08364,-0.331478,-3.08044,-6.40072,13.1412,13.1412,8.7608,4.3804,4.3804,4.3804
26.3253,12.7902,12.8729,9.45431,4.6995,3.44322,4.42131,-11.5986,-19.1989,-8.35064,-0.610488,-3.49193,-6.44789,13.084,13.084,8.72266,4.36133,4.36133,4.36133
26.3303,12.6826,12.9069,9.42938,4.67405,3.39543,4.42356,-11.7612,-18.9596,-8.02772,-0.13575,-3.65475,-5.77443,13.026,13.026,8.68398,4.34199,4.34199,4.34199
26.3354,12.5747,12.945,9.39858,4.64492,3.35101,4.40947,-11.122,-18.0446,-8.1591,-1.14247,-2.84815,-5.93659,12.966,12.966,8.64398,4.32199,4.32199,4.32199
26.3402,12.4687,12.9683,9.37197,4.62353,3.31167,4.38605,-11.25,-19.2915,-8.3592,-1.28071,-2.99467,-6.25699,12.9087,12.9087,8.60582,4.30291,4.30291,4.30291
26.3453,12.3526,13.0085,9.34832,4.60756,3.2738,4.35735,-10.3728,-18.5286,-8.35783,-0.539812,-3.61997,-5.73137,12.8471,12.8471,8.56474,4.28237,4.28237,4.28237
26.3504,12.2239,13.0397,9.32541,4.58851,3.2456,4.3219,-10.8935,-17.7294,-8.56283,-0.601799,-3.18516,-5.68572,12.7847,12.7847,8.52312,4.26156,4.26156,4.26156
26.3552,12.106,13.0457,9.30884,4.56954,3.22364,4.28452,-10.3927,-17.5083,-8.76141,-1.5176,-2.81756,-5.44232,12.7252,12.7252,8.48344,4.24172,4.24172,4.24172
26.3603,11.9781,13.0212,9.2935,4.56208,3.2003,4.24153,-10.5256,-17.9486,-8.75425,-0.709657,-2.86246,-5.57002,12.6611,12.6611,8.44075,4.22038,4.22038,4.22038
26.3653,11.8537,12.984,9.27632,4.55681,3.17822,4.19782,-11.258,-16.0135,-9.12152,-0.291029,-3.41259,-5.05203,12.5976,12.5976,8.39838,4.19919,4.19919,4.19919
26.3703,11.7384,12.9104,9.2627,4.5488,3.16418,4.1518,-12.352,-18.3565,-8.96368,-0.368943,-2.14914,-5.03886,12.5332,12.5332,8.35549,4.17774,4.17774,4.17774
26.3753,11.6637,12.8483,9.23784,4.53914,3.14216,4.10447,-11.0615,-17.8738,-8.9558,0.108161,-2.25992,-5.23244,12.4681,12.4681,8.31208,4.15604,4.15604,4.15604
26.3802,11.5858,12.788,9.19547,4.52467,3.11648,4.05762,-11.19,-17.8683,-8.91903,-1.17028,-2.95048,-5.52556,12.4036,12.4036,8.26904,4.13452,4.13452,4.13452
26.3854,11.4991,12.7205,9.12944,4.52114,3.09315,4.00812,-10.7385,-17.2947,-8.58858,-0.426816,-2.57134,-5.71774,12.3342,12.3342,8.22283,4.11142,4.11142,4.11142
26.3903,11.4154,12.6473,9.04945,4.51776,3.0699,3.96217,-12.1854,-16.22,-9.06704,-1.60539,-2.29263,-5.67915,12.2682,12.2682,8.17879,4.08939,4.08939,4.08939
26.3953,11.3592,12.5611,8.96342,4.52601,3.04382,3.91601,-11.7824,-16.8926,-9.11355,-1.16867,-1.98011,-6.09527,12.2,12.2,8.13334,4.06667,4.06667,4.06667
26.4003,11.3017,12.474,8.87459,4.54029,3.01462,3.87195,-11.7253,-16.3902,-9.10314,-0.6903,-1.77498,-6.7347,12.1311,12.1311,8.0874,4.0437,4.0437,4.0437
26.4053,11.2398,12.3844,8.78412,4.5525,2.98212,3.83361,-12.1954,-16.4388,-9.03371,-0.625678,-1.67724,-6.993,12.0614,12.0614,8.04096,4.02048,4.02048,4.02048
26.4102,11.1794,12.2968,8.6949,4.55984,2.94826,3.80557,-13.5251,-16.5037,-8.75363,-1.36444,-0.99184,-7.0528,11.9924,11.9924,7.99496,3.99748,3.99748,3.99748
26.4155,11.1445,12.2054,8.5977,4.57382,2.90727,3.78774,-12.6893,-17.1927,-8.6302,-1.48834,-0.494738,-7.2181,11.917,11.917,7.94468,3.97234,3.97234,3.97234
26.4202,11.1073,12.1337,8.51048,4.59084,2.86644,3.78545,-12.1725,-14.8596,-8.40958,-0.331452,-1.04353,-7.32805,11.8494,11.8494,7.89962,3.94981,3.94981,3.94981
26.4253,11.0248,12.0458,8.41546,4.60092,2.82216,3.79574,-11.9093,-16.7595,-8.47516,-0.836686,-1.24241,-7.31165,11.7754,11.7754,7.85025,3.92513,3.92513,3.92513
26.4304,10.9146,11.9699,8.32116,4.60674,2.77885,3.81695,-12.4373,-14.3088,-8.35213,-0.058267,-1.41619,-7.30327,11.7006,11.7006,7.80037,3.90019,3.90019,3.90019
26.4354,10.8063,11.8805,8.22841,4.59934,2.73826,3.84498,-12.3633,-14.2348,-8.30275,-0.0335745,-1.39149,-7.27857,11.6265,11.6265,7.75099,3.87549,3.87549,3.87549
26.4404,10.6966,11.7845,8.13503,4.58062,2.69944,3.87727,-12.6588,-15.8345,-8.83809,1.49832,-3.06396,-6.9804,11.5517,11.5517,7.70113,3.85056,3.85056,3.85056
26.4453,10.5922,11.6933,8.04672,4.54335,2.67657,3.90936,-5.06338,-17.4626,-8.84101,2.14398,-3.17178,-7.18758,11.4777,11.4777,7.6518,3.8259,3.8259,3.8259
26.4502,10.4419,11.6131,7.95981,4.4976,2.67081,3.943,-8.42833,-15.8434,-8.67001,-0.174369,-2.74945,-6.90601,11.403,11.403,7.60202,3.80101,3.80101,3.80101
26.4553,10.2845,11.5251,7.86802,4.4522,2.672,3.97696,-10.4223,-15.958,-8.3293,1.09378,-3.24494,-6.5735,11.3246,11.3246,7.54973,3.77486,3.77486,3.77486
26.4603,10.1337,11.4377,7.77581,4.40585,2.68332,4.00632,-9.80101,-16.3887,-9.06131,0.374443,-3.90632,-6.43172,11.247,11.247,7.49799,3.749,3.749,3.749
26.4652,9.99016,11.354,7.68758,4.36134,2.70837,4.03006,-8.86537,-16.4341,-9.01225,0.151618,-4.6011,-6.31506,11.1703,11.1703,7.44684,3.72342,3.72342,3.72342
26.4703,9.84238,11.2689,7.59765,4.3177,2.74734,4.04863,-8.54447,-16.4481,-8.84151,0.609031,-3.58893,-5.95701,11.0897,11.0897,7.39314,3.69657,3.69657,3.69657
26.4753,9.69856,11.1875,7.51043,4.27553,2.78658,4.0564,-8.5633,-17.9563,-8.61284,-0.556733,-2.68469,-5.58269,11.01,11.01,7.34003,3.67001,3.67001,3.67001
26.4804,9.55469,11.1284,7.42146,4.24013,2.82166,4.05036,-9.69092,-17.2597,-8.40771,0.828508,-2.36757,-5.42289,10.9281,10.9281,7.28538,3.64269,3.64269,3.64269
26.4854,9.42574,11.0793,7.3329,4.20274,2.84757,4.03059,-9.2671,-16.1542,-8.28681,1.12876,-2.26604,-5.2634,10.847,10.847,7.23136,3.61568,3.61568,3.61568
26.4903,9.30841,11.02,7.24542,4.16335,2.86386,4.00114,-9.38403,-16.3972,-8.50095,1.08921,-3.36543,-5.43543,10.767,10.767,7.17798,3.58899,3.58899,3.58899
26.4958,9.19438,10.9508,7.14855,4.11807,2.88527,3.96287,-9.97109,-16.2475,-8.81255,-0.346142,-1.95246,-5.48802,10.6763,10.6763,7.11756,3.55878,3.55878,3.55878
26.5004,9.12453,10.8924,7.07293,4.08715,2.88942,3.92834,-10.8245,-17.4437,-8.63412,1.51749,-0.991352,-5.52879,10.5999,10.5999,7.06662,3.53331,3.53331,3.53331
26.5053,9.09568,10.8478,6.99523,4.04961,2.87199,3.89049,-10.2185,-16.3373,-8.72576,0.576062,-0.425818,-5.12058,10.5179,10.5179,7.01196,3.50598,3.50598,3.50598
26.5104,9.08632,10.8002,6.92032,4.0122,2.83427,3.84842,-10.0931,-17.6933,-8.90876,0.712373,-1.47355,-5.05879,10.4319,10.4319,6.95461,3.47731,3.47731,3.47731
26.5154,9.08134,10.7823,6.85517,3.97598,2.79374,3.80527,-10.1815,-17.0686,-8.30244,2.09862,-0.666902,-4.92282,10.3469,10.3469,6.89796,3.44898,3.44898,3.44898
26.5202,9.06872,10.7719,6.79116,3.93481,2.75061,3.76235,-10.4933,-16.1275,-8.29364,0.77637,-1.56687,-4.82919,10.2648,10.2648,6.84318,3.42159,3.42159,3.42159
26.5252,9.04779,10.7455,6.72479,3.89392,2.70609,3.71653,-9.09111,-16.8647,-8.20899,1.31847,-2.64765,-4.72593,10.1786,10.1786,6.7857,3.39285,3.39285,3.39285
26.5303,8.97203,10.7225,6.65653,3.85165,2.66579,3.66881,-8.8922,-16.3073,-8.18128,0.776681,-2.9162,-4.63844,10.09,10.09,6.72664,3.36332,3.36332,3.36332
26.5353,8.86697,10.6886,6.58938,3.81384,2.63559,3.62127,-9.02142,-16.0701,-8.19402,0.698202,-3.72332,-4.46024,10.0025,10.0025,6.66832,3.33416,3.33416,3.33416
26.5404,8.748,10.6405,6.52132,3.77907,2.62549,3.57205,-7.73379,-15.8778,-7.76626,0.314158,-3.19656,-4.38888,9.91261,9.91261,6.6084,3.3042,3.3042,3.3042
26.5455,8.61406,10.5765,6.4465,3.75166,2.62658,3.52223,-8.29732,-15.8858,-8.24933,1.44557,-2.61163,-4.07719,9.8221,9.8221,6.54807,3.27403,3.27403,3.27403
26.5504,8.48441,10.5081,6.37771,3.72246,2.63014,3.47372,-8.33979,-14.2892,-7.01638,0.464589,-2.25953,-4.02317,9.73455,9.73455,6.4897,3.24485,3.24485,3.24485
26.5553,8.35363,10.4216,6.29796,3.69813,2.63223,3.42479,-7.63309,-16.3523,-7.54492,0.154485,-3.38108,-4.16768,9.64643,9.64643,6.43095,3.21548,3.21548,3.21548
26.5604,8.21071,10.3375,6.21451,3.68184,2.64738,3.37367,-8.4312,-15.2474,-7.53353,1.67566,-2.53886,-4.1369,9.5541,9.5541,6.3694,3.1847,3.1847,3.1847
26.5653,8.07596,10.2539,6.13505,3.65901,2.66179,3.32439,-8.88169,-15.166,-7.83139,0.728384,-1.62314,-4.09058,9.46481,9.46481,6.30987,3.15494,3.15494,3.15494
26.5703,7.94459,10.1678,6.05961,3.63889,2.6656,3.274,-8.95154,-15.0782,-7.28121,0.286986,-2.08937,-4.20077,9.37312,9.37312,6.24875,3.12437,3.12437,3.12437
26.5755,7.81952,10.0765,5.9794,3.62829,2.66428,3.22159,-9.09985,-14.4149,-7.72928,0.186495,-0.889905,-4.17706,9.27715,9.27715,6.18477,3.09238,3.09238,3.09238
26.5803,7.71715,9.98787,5.91049,3.62504,2.64405,3.17322,-9.05406,-14.2549,-7.13482,1.13529,-1.42323,-4.13079,9.18802,9.18802,6.12535,3.06267,3.06267,3.06267
26.5853,7.62704,9.89353,5.8372,3.61646,2.61543,3.12287,-8.96066,-14.1615,-7.07255,1.16642,-1.3921,-4.09966,9.09462,9.09462,6.06308,3.03154,3.03154,3.03154
26.5904,7.54531,9.79584,5.76167,3.60164,2.58074,3.07154,-9.20364,-14.3808,-7.16122,1.67033,-1.39327,-4.01803,8.99876,8.99876,5.99918,2.99959,2.99959,2.99959
26.5953,7.48769,9.70171,5.68968,3.57765,2.54423,3.02223,-9.18587,-14.7885,-6.93853,2.18145,-1.62735,-4.06995,8.90613,8.90613,5.93742,2.96871,2.96871,2.96871
26.6005,7.44164,9.60374,5.61306,3.54182,2.50482,2.96998,-8.84271,-14.8236,-7.57276,1.56857,-2.04979,-4.25227,8.80725,8.80725,5.8715,2.93575,2.93575,2.93575
26.6052,7.39687,9.51844,5.55436,3.50758,2.47192,2.92298,-7.6969,-14.8204,-7.27667,2.55901,-2.04467,-4.18091,8.71736,8.71736,5.81158,2.90579,2.90579,2.90579
26.6103,7.30868,9.42852,5.49404,3.46487,2.43878,2.87217,-8.04011,-15.6522,-7.18203,1.4325,-1.5897,-4.31382,8.61929,8.61929,5.7462,2.8731,2.8731,2.8731
26.6151,7.21801,9.35596,5.4407,3.42601,2.40682,2.82474,-8.14825,-13.5973,-7.50681,3.21052,-2.04728,-4.3574,8.52649,8.52649,5.68433,2.84216,2.84216,2.84216
26.6202,7.11629,9.2663,5.38791,3.37979,2.37592,2.77489,-7.59995,-14.0891,-6.93912,2.2334,-1.64992,-4.61416,8.42735,8.42735,5.61824,2.80912,2.80912,2.80912
26.6255,6.99813,9.1713,5.32895,3.33237,2.34395,2.72423,-6.7123,-14.2338,-7.41763,1.90361,-2.13703,-4.69555,8.32376,8.32376,5.54917,2.77459,2.77459,2.77459
26.6301,6.87936,9.08917,5.28575,3.29187,2.32019,2.6818,-7.64237,-13.5957,-7.12957,2.30634,-1.75914,-4.88898,8.23337,8.23337,5.48892,2.74446,2.74446,2.74446
26.6352,6.75048,8.99555,5.23908,3.24689,2.29443,2.63736,-7.44316,-13.164,-7.57657,1.62783,-1.41093,-4.88025,8.13266,8.13266,5.42178,2.71089,2.71089,2.71089
26.6402,6.62382,8.90111,5.20742,3.2053,2.26618,2.59754,-6.8002,-12.7457,-6.40271,1.98383,-0.690608,-4.97965,8.03342,8.03342,5.35562,2.67781,2.67781,2.67781
26.6452,6.49432,8.80393,5.15949,3.16463,2.23034,2.56307,-7.23237,-13.4851,-6.43653,2.32344,-1.40256,-5.04576,7.93369,7.93369,5.28912,2.64456,2.64456,2.64456
26.6502,6.3676,8.70648,5.10067,3.12334,2.19392,2.53552,-3.18426,-14.4999,-6.38226,4.42685,-1.07935,-5.02063,7.83346,7.83346,5.22231,2.61115,2.61115,2.61115
26.6553,6.21619,8.61015,5.03319,3.07471,2.15403,2.51527,-6.09169,-15.264,-6.8509,1.76181,-1.20243,-5.33415,7.73073,7.73073,5.15382,2.57691,2.57691,2.57691
26.6604,6.06817,8.52054,4.96518,3.02961,2.11257,2.50755,-7.21381,-13.0056,-6.10074,2.87262,-1.8387,-5.20866,7.62751,7.62751,5.085,2.5425,2.5425,2.5425
26.6657,5.93156,8.42033,4.88361,2.98348,2.07184,2.51083,-6.88144,-13.1815,-6.2755,0.722628,-1.89385,-5.21413,7.51972,7.51972,5.01314,2.50657,2.50657,2.50657
26.6702,5.8328,8.33327,4.81235,2.95462,2.0399,2.52355,-7.06137,-13.2432,-6.50473,3.11307,-2.46765,-5.42361,7.42779,7.42779,4.95186,2.47593,2.47593,2.47593
26.6753,5.7403,8.23307,4.73128,2.91796,2.01047,2.54799,-6.86611,-13.8399,-6.7213,2.28683,-0.95065,-5.22313,7.32315,7.32315,4.8821,2.44105,2.44105,2.44105
26.6803,5.65926,8.13648,4.65921,2.88355,1.97622,2.57793,-6.69215,-13.859,-6.81145,2.9339,-1.07362,-5.03974,7.22011,7.22011,4.81341,2.4067,2.4067,2.4067
26.6852,5.59125,8.04439,4.59815,2.84749,1.93994,2.60992,-7.70182,-13.797,-6.24015,1.74226,-0.162139,-5.30402,7.1187,7.1187,4.7458,2.3729,2.3729,2.3729
26.6903,5.5413,7.95255,4.53673,2.81284,1.89691,2.64695,-6.92602,-14.0929,-6.10469,1.77759,-0.449726,-5.24385,7.0127,7.0127,4.67513,2.33757,2.33757,2.33757
26.6952,5.48582,7.87085,4.47735,2.78202,1.85345,2.68472,-6.81981,-12.7535,-6.33748,2.07664,-0.498438,-5.20976,6.91043,6.91043,4.60696,2.30348,2.30348,2.30348
26.7002,5.41458,7.78384,4.42203,2.75197,1.80827,2.72441,-6.96326,-14.5359,-5.65317,3.34529,-0.446953,-5.11687,6.80566,6.80566,4.53711,2.26855,2.26855,2.26855
26.7052,5.33824,7.70859,4.35827,2.71482,1.76235,2.76446,-5.77456,-13.2803,-5.85683,2.57719,0.333312,-5.22257,6.70046,6.70046,4.46698,2.23349,2.23349,2.23349
26.7103,5.23163,7.6273,4.2901,2.67703,1.71351,2.80615,-6.69124,-13.2395,-5.27923,2.38954,-0.00337968,-5.20322,6.59274,6.59274,4.39516,2.19758,2.19758,2.19758
26.7153,5.1334,7.54788,4.21685,2.64123,1.66509,2.84749,-6.58522,-13.1335,-5.20855,2.42488,0.0319613,-5.16788,6.48672,6.48672,4.32448,2.16224,2.16224,2.16224
26.7204,5.02275,7.46526,4.13778,2.60466,1.61542,2.88949,-6.20086,-12.8713,-5.97427,3.66995,-1.98529,-5.19793,6.37816,6.37816,4.25211,2.12605,2.12605,2.12605
26.7252,4.91132,7.38467,4.06982,2.56446,1.57231,2.92878,-5.88162,-12.6387,-5.52552,3.91113,-1.09827,-5.08095,6.27562,6.27562,4.18374,2.09187,2.09187,2.09187
26.7302,4.79092,7.29659,3.99746,2.5198,1.52954,2.96881,-5.56166,-13.6229,-5.32239,3.7233,-0.79758,-5.07006,6.16842,6.16842,4.11228,2.05614,2.05614,2.05614
26.7352,4.6639,7.21243,3.92212,2.47426,1.48804,3.00789,-6.32482,-12.487,-5.13154,2.81524,0.414039,-4.96796,6.06084,6.06084,4.04056,2.02028,2.02028,2.02028
26.7401,4.54734,7.1265,3.84627,2.43239,1.44421,3.04472,-4.96612,-12.3221,-5.62532,2.99954,-1.5793,-4.89958,5.95506,5.95506,3.97004,1.98502,1.98502,1.98502
26.7453,4.41853,7.03297,3.77072,2.39046,1.40232,3.08178,-4.85347,-12.2094,-5.55022,3.03709,-1.54175,-4.86203,5.84241,5.84241,3.89494,1.94747,1.94747,1.94747
26.7504,4.28754,6.93878,3.69969,2.35083,1.36686,3.11561,-4.9002,-11.4839,-4.73436,2.08873,-0.941754,-4.96583,5.73154,5.73154,3.82103,1.91051,1.91051,1.91051
26.7552,4.16234,6.84594,3.62474,2.32129,1.33491,3.1462,-5.44957,-12.2342,-4.33226,2.67838,-0.219622,-4.9061,5.62687,5.62687,3.75124,1.87562,1.87562,1.87562
26.7602,4.03368,6.74906,3.54032,2.29312,1.2988,3.17664,-4.24093,-11.7033,-6.14034,3.49316,-0.539202,-4.97728,5.51749,5.51749,3.67832,1.83916,1.83916,1.83916
26.7652,3.89788,6.65094,3.46953,2.25956,1.26227,3.20653,-4.86799,-12.0112,-5.24792,4.42397,0.192891,-4.99039,5.40777,5.40777,3.60518,1.80259,1.80259,1.80259
26.7704,3.75988,6.54885,3.39786,2.21698,1.21992,3.23752,-5.37605,-12.1607,-4.56551,1.8622,-1.76444,-4.77836,5.29331,5.29331,3.52887,1.76444,1.76444,1.76444
26.7753,3.64205,6.45385,3.32569,2.18563,1.1883,3.26496,-4.33408,-12.7893,-4.73792,4.53131,-1.14877,-4.68433,5.18512,5.18512,3.45675,1.72837,1.72837,1.72837
26.7802,3.52066,6.36234,3.2532,2.14597,1.16056,3.29045,-5.18695,-12.0426,-5.30095,4.42671,-1.89093,-4.76409,5.07663,5.07663,3.38442,1.69221,1.69221,1.69221
26.7853,3.40529,6.26825,3.18658,2.10072,1.14272,3.31587,-4.5694,-11.622,-5.11051,3.86001,-0.561506,-4.76775,4.9634,4.9634,3.30893,1.65447,1.65447,1.65447
26.7903,3.29959,6.17377,3.12291,2.05679,1.11903,3.33969,-5.45883,-11.5304,-5.23067,4.36908,0.394682,-4.623,4.85207,4.85207,3.23472,1.61736,1.61736,1.61736
26.7953,3.21867,6.07842,3.06544,2.012,1.08392,3.36062,-4.41343,-11.5488,-5.24612,4.00885,-0.83495,-4.56923,4.74045,4.74045,3.1603,1.58015,1.58015,1.58015
26.8004,3.12934,5.98032,3.01088,1.96774,1.04918,3.37857,-4.57901,-10.7097,-5.04461,2.93738,-0.134497,-4.24966,4.62629,4.62629,3.08419,1.5421,1.5421,1.5421
26.8054,3.04161,5.88201,2.95928,1.92952,1.01206,3.38955,-4.11614,-10.889,-4.56644,2.26271,-0.345494,-4.56001,4.51408,4.51408,3.00939,1.50469,1.50469,1.50469
26.8104,2.94297,5.78293,2.90114,1.90184,0.974109,3.39936,-3.77514,-10.5913,-4.5228,4.13836,-0.465319,-4.39004,4.4016,4.4016,2.9344,1.4672,1.4672,1.4672
26.8152,2.83508,5.68712,2.84254,1.8686,0.937987,3.40575,-3.95451,-11.3814,-4.52379,4.5636,0.655442,-4.26288,4.29335,4.29335,2.86224,1.43112,1.43112,1.43112
26.8201,2.71936,5.58986,2.78076,1.82884,0.896549,3.40775,-3.38278,-11.4992,-4.40397,4.2362,-0.342641,-4.15144,4.1826,4.1826,2.7884,1.3942,1.3942,1.3942
26.8252,2.59129,5.48976,2.7148,1.78595,0.854319,3.40401,-3.81491,-10.6902,-4.47116,4.80463,-1.04933,-4.22885,4.06707,4.06707,2.71138,1.35569,1.35569,1.35569
26.8303,2.4602,5.38931,2.65068,1.73976,0.818317,3.39626,-2.97022,-10.535,-4.75762,4.06491,-1.45785,-4.10745,3.95128,3.95128,2.63418,1.31709,1.31709,1.31709
26.8355,2.31938,5.28621,2.59092,1.69327,0.791972,3.38429,-3.32469,-10.2788,-3.8929,4.90751,-1.04581,-3.87757,3.83295,3.83295,2.5553,1.27765,1.27765,1.27765
26.8403,2.18984,5.19026,2.52599,1.64925,0.773323,3.36886,-3.07734,-10.1102,-4.02266,3.71855,-0.346927,-3.98185,3.7235,3.7235,2.48233,1.24117,1.24117,1.24117
26.8454,2.05327,5.08773,2.45443,1.60577,0.749726,3.35169,-3.80004,-10.9511,-4.18115,4.29559,0.288074,-3.84365,3.60698,3.60698,2.40465,1.20233,1.20233,1.20233
26.8504,1.9309,4.98781,2.38469,1.56275,0.717843,3.33431,-2.72816,-10.4033,-3.55308,3.59683,-0.609412,-3.97109,3.49252,3.49252,2.32834,1.16417,1.16417,1.16417
26.8553,1.80772,4.88979,2.30954,1.52298,0.687673,3.31979,-2.54485,-11.0395,-4.55451,4.52853,0.504449,-3.71835,3.38013,3.38013,2.25342,1.12671,1.12671,1.12671
26.8602,1.68144,4.79304,2.24369,1.48186,0.651409,3.30599,-2.98781,-10.6235,-4.24329,4.82274,-0.981543,-3.5235,3.26755,3.26755,2.17837,1.08918,1.08918,1.08918
26.8651,1.56183,4.69689,2.18177,1.4385,0.619583,3.29188,-2.53225,-10.3926,-2.93291,3.16293,0.563009,-3.48591,3.15477,3.15477,2.10318,1.05159,1.05159,1.05159
26.8702,1.43439,4.59707,2.10362,1.39918,0.580766,3.27783,-2.90717,-10.6808,-3.08861,5.78548,0.105402,-3.47156,3.03719,3.03719,2.0248,1.0124,1.0124,1.0124
26.8752,1.32018,4.50027,2.02125,1.35562,0.541294,3.266,-2.79171,-10.5653,-3.01163,5.82397,0.143889,-3.43307,2.92173,2.92173,1.94782,0.973911,0.973911,0.973911
26.8802,1.20791,4.40376,1.93478,1.30981,0.500762,3.25632,-1.49407,-9.93749,-3.83533,5.98672,-0.653844,-2.98052,2.80609,2.80609,1.87073,0.935364,0.935364,0.935364
26.8852,1.08208,4.30639,1.85305,1.26229,0.463522,3.24384,-2.17808,-9.78622,-3.48224,3.77316,-1.791,-2.80944,2.69028,2.69028,1.79352,0.896758,0.896758,0.896758
26.8902,0.957948,4.20769,1.77129,1.21877,0.439369,3.22779,-2.40487,-8.91769,-3.52405,4.34174,-1.19758,-2.75422,2.57429,2.57429,1.7162,0.858098,0.858098,0.858098
26.8952,0.838704,4.10733,1.69206,1.17674,0.423113,3.20882,-2.69455,-8.59667,-3.4299,4.29766,-0.777985,-2.58302,2.45815,2.45815,1.63877,0.819385,0.819385,0.819385
26.9004,0.724169,4.0016,1.61034,1.13335,0.408258,3.18553,-2.01019,-9.98081,-3.10683,3.51825,0.421531,-2.65035,2.33721,2.33721,1.55814,0.779069,0.779069,0.779069
26.9053,0.615424,3.90248,1.53331,1.09629,0.382438,3.16261,-2.75106,-8.75562,-2.90535,2.50473,0.881848,-2.52951,2.2231,2.2231,1.48206,0.741032,0.741032,0.741032
26.9103,0.515779,3.80117,1.45621,1.06838,0.347159,3.13802,-2.59902,-9.09608,-2.61237,3.87667,-0.0149334,-2.37473,2.10652,2.10652,1.40435,0.702173,0.702173,0.702173
26.9154,0.413856,3.69821,1.37752,1.03761,0.311662,3.11092,-2.29086,-8.98098,-2.01469,4.81887,0.596067,-2.36817,1.98748,1.98748,1.32499,0.662493,0.662493,0.662493
26.9204,0.30475,3.59757,1.2951,1.00002,0.274106,3.08306,-2.29617,-8.33619,-3.22006,3.71517,0.146491,-2.17191,1.87065,1.87065,1.2471,0.623549,0.623549,0.623549
26.9254,0.194103,3.49696,1.22492,0.964758,0.237442,3.05287,-2.7584,-8.12468,-2.40223,4.12675,0.740233,-2.03357,1.7537,1.7537,1.16913,0.584567,0.584567,0.584567
26.9304,0.089004,3.39645,1.15725,0.927624,0.198749,3.02007,-1.23477,-7.82639,-1.89993,4.72053,1.37541,-1.85379,1.63665,1.63665,1.0911,0.545549,0.545549,0.545549
26.9353,-0.033059,3.29775,1.08627,0.888559,0.156933,2.9854,-3.66519,-8.03859,-1.91744,4.5932,-0.0021983,-1.83208,1.52183,1.52183,1.01456,0.507278,0.507278,0.507278
26.9401,-0.124047,3.20133,1.0158,0.84967,0.118849,2.95019,0.300681,-9.14744,-3.42453,8.05036,1.23592,-1.50476,1.40928,1.40928,0.939519,0.46976,0.46976,0.46976
26.9453,-0.268859,3.09951,0.965156,0.798489,0.0756442,2.90986,1.13585,-10.7117,-2.58033,6.26944,0.589356,-1.18256,1.28725,1.28725,0.858169,0.429084,0.429084,0.429084
26.9504,-0.421803,3.00819,0.910733,0.74755,0.033107,2.86785,0.38487,-9.09871,-2.85788,4.73616,1.29168,-1.01016,1.16749,1.16749,0.778327,0.389163,0.389163,0.389163
26.9552,-0.566873,2.92094,0.857653,0.701698,-0.00984948,2.82659,-0.463704,-9.31688,-3.39088,5.94123,0.120392,-1.17129,1.0547,1.0547,0.703136,0.351568,0.351568,0.351568
26.9602,-0.715741,2.82832,0.805826,0.654013,-0.0533149,2.78336,-0.456475,-7.39087,-3.40656,5.15242,-0.527665,-0.900265,0.937155,0.937155,0.62477,0.312385,0.312385,0.312385
26.9652,-0.86096,2.72943,0.757527,0.608546,-0.0928733,2.73935,-0.311287,-9.09355,-2.7743,5.10054,-0.173822,-0.736862,0.819547,0.819547,0.546365,0.273182,0.273182,0.273182
26.9703,-1.00215,2.62832,0.697114,0.56551,-0.130996,2.69364,0.269704,-8.55196,-2.33064,4.58578,0.652781,-0.605779,0.699536,0.699536,0.466357,0.233179,0.233179,0.233179
26.9752,-1.13664,2.53005,0.625895,0.529338,-0.170548,2.649,0.117132,-8.17657,-2.5965,6.06495,-0.0291295,-0.476249,0.584188,0.584188,0.389459,0.194729,0.194729,0.194729
26.9803,-1.27228,2.42673,0.547918,0.488536,-0.210424,2.6019,-0.259216,-7.7728,-2.49763,4.62286,-0.138139,-0.378259,0.464096,0.464096,0.309397,0.154699,0.154699,0.154699
26.9853,-1.3947,2.32457,0.468329,0.45536,-0.247366,2.55508,0.0358502,-8.16329,-2.01366,5.6226,-0.670203,-0.463203,0.34633,0.34633,0.230887,0.115443,0.115443,0.115443
26.9903,-1.51034,2.22213,0.383675,0.420389,-0.278588,2.50808,-0.527982,-8.30554,-2.47017,6.02618,0.180499,-0.241781,0.228542,0.228542,0.152361,0.0761807,0.0761807,0.0761807
26.9952,-1.60567,2.12176,0.302808,0.383013,-0.30986,2.46164,0.706424,-9.3918,-2.49353,5.5927,0.483941,-0.0128588,0.113096,0.113096,0.0753975,0.0376988,0.0376988,0.0376988
27.0002,-1.7141,2.02007,0.222842,0.345039,-0.344729,2.4137,0.0204724,-8.13927,-2.38155,4.95301,0.622571,0.175451,-0.00471239,-0.00471239,-0.00314159,-0.0015708,-0.0015708,-0.0015708
27.0054,-1.80275,1.91437,0.142546,0.311006,-0.384508,2.36329,0.142993,-8.01675,-2.29987,4.99385,0.663411,0.216291,-0.127233,-0.127233,-0.084822,-0.042411,-0.042411,-0.042411
27.0103,-1.88296,1.81474,0.0690218,0.283012,-0.424378,2.31546,0.735177,-8.03526,-2.68062,6.61381,0.0146525,0.229932,-0.242677,-0.242677,-0.161785,-0.0808925,-0.0808925,-0.0808925
27.0152,-1.95633,1.71521,0.00246894,0.247447,-0.462947,2.26753,0.850608,-7.91983,-2.60366,6.65229,0.0531292,0.268409,-0.358108,-0.358108,-0.238738,-0.119369,-0.119369,-0.119369
27.0203,-2.04099,1.61155,-0.0619993,0.205823,-0.501572,2.21774,1.64841,-8.47739,-2.11603,6.92417,-0.652031,0.275329,-0.478226,-0.478226,-0.318818,-0.159409,-0.159409,-0.159409
27.0254,-2.14973,1.50841,-0.129495,0.160938,-0.533741,2.1683,0.633775,-7.46293,-1.44659,7.7922,0.472678,0.307078,-0.598315,-0.598315,-0.398876,-0.199438,-0.199438,-0.199438
27.0304,-2.24596,1.40711,-0.203927,0.113464,-0.56695,2.12037,0.818451,-9.01579,-1.63356,6.43211,-0.29125,0.53675,-0.716011,-0.716011,-0.477341,-0.23867,-0.23867,-0.23867
27.0353,-2.33773,1.30969,-0.27788,0.066857,-0.595365,2.07371,1.63113,-8.58923,-2.09382,5.75846,0.268824,0.533784,-0.831311,-0.831311,-0.554207,-0.277104,-0.277104,-0.277104
27.0402,-2.44658,1.21365,-0.348092,0.0227464,-0.624404,2.02758,0.651061,-6.82312,-1.36909,6.75736,-0.51248,0.76264,-0.946561,-0.946561,-0.631041,-0.31552,-0.31552,-0.31552
27.0454,-2.55282,1.10945,-0.429588,-0.0244209,-0.648103,1.97906,1.31309,-7.89863,-1.1601,5.54783,-0.794651,0.670909,-1.06881,-1.06881,-0.712537,-0.356269,-0.356269,-0.356269
27.0504,-2.65612,1.00938,-0.513239,-0.0665443,-0.661568,1.93357,1.86002,-7.21774,-1.47471,6.88695,-0.0682527,0.743187,-1.18628,-1.18628,-0.790855,-0.395427,-0.395427,-0.395427
27.0554,-2.76333,0.908506,-0.597917,-0.110738,-0.677855,1.88943,2.17048,-6.69846,-0.589697,7.55536,1.39504,0.832002,-1.30368,-1.30368,-0.869123,-0.434562,-0.434562,-0.434562
27.0603,-2.87404,0.808758,-0.686928,-0.157195,-0.709063,1.84766,1.74174,-6.51256,-1.62075,6.82365,0.721287,0.994527,-1.41866,-1.41866,-0.945775,-0.472887,-0.472887,-0.472887
27.0654,-2.98655,0.704331,-0.777066,-0.205352,-0.745615,1.80541,1.84556,-6.00292,-1.66225,7.93163,-0.0420126,1.05095,-1.53824,-1.53824,-1.02549,-0.512747,-0.512747,-0.512747
27.0703,-3.09279,0.603408,-0.860667,-0.252922,-0.778417,1.76589,2.4371,-5.49806,-0.409043,8.08581,0.882213,1.23825,-1.65304,-1.65304,-1.10203,-0.551013,-0.551013,-0.551013
27.0753,-3.20926,0.499958,-0.950479,-0.302438,-0.815421,1.72579,1.64794,-6.25964,-0.761556,6.36119,1.54223,1.38491,-1.77008,-1.77008,-1.18005,-0.590027,-0.590027,-0.590027
27.0803,-3.31584,0.396389,-1.04095,-0.350223,-0.857962,1.68531,2.43467,-5.71325,-0.921863,6.61544,0.504804,1.57292,-1.88701,-1.88701,-1.25801,-0.629004,-0.629004,-0.629004
27.0853,-3.43112,0.292647,-1.12962,-0.396917,-0.899556,1.6439,1.98019,-6.42777,-0.342386,6.62126,0.725902,1.5125,-2.00383,-2.00383,-1.33588,-0.667942,-0.667942,-0.667942
27.0902,-3.53537,0.191124,-1.21736,-0.441868,-0.940146,1.60301,2.2482,-5.07626,-0.698777,5.48362,0.118181,1.91494,-2.11818,-2.11818,-1.41212,-0.706061,-0.706061,-0.706061
27.0952,-3.63905,0.0872406,-1.30558,-0.482164,-0.978582,1.55974,2.15201,-6.10229,-0.190529,7.3358,0.132195,1.9538,-2.23475,-2.23475,-1.48983,-0.744915,-0.744915,-0.744915
27.1002,-3.73549,-0.0165907,-1.39556,-0.525287,-1.014,1.51536,2.47725,-5.42639,-0.959363,7.22556,0.626404,2.34864,-2.35117,-2.35117,-1.56745,-0.783724,-0.783724,-0.783724
27.1052,-3.83163,-0.120473,-1.48036,-0.569884,-1.04982,1.46927,2.77871,-6.42907,-0.798243,7.6452,1.0626,2.553,-2.46745,-2.46745,-1.64497,-0.822484,-0.822484,-0.822484
27.1104,-3.94379,-0.228147,-1.56234,-0.618406,-1.08934,1.41989,2.58822,-7.1554,-1.20052,8.06634,-0.43722,2.66778,-2.58822,-2.58822,-1.72548,-0.86274,-0.86274,-0.86274
27.1155,-4.0466,-0.33305,-1.6307,-0.667788,-1.11948,1.37039,2.88774,-6.76132,-0.607527,7.86565,0.148687,2.83141,-2.7065,-2.7065,-1.80433,-0.902167,-0.902167,-0.902167
27.1203,-4.14579,-0.431232,-1.69391,-0.714813,-1.14437,1.32305,3.4914,-6.3586,-0.757048,6.5779,-0.874099,3.02578,-2.81766,-2.81766,-1.87844,-0.939221,-0.939221,-0.939221
27.1252,-4.25805,-0.531218,-1.75723,-0.76062,-1.15732,1.27415,3.72686,-6.38712,0.317514,7.73347,0.140712,3.12151,-2.93098,-2.93098,-1.95398,-0.976992,-0.976992,-0.976992
27.1302,-4.37771,-0.633045,-1.835,-0.807729,-1.17192,1.22382,2.84942,-4.94784,-1.37366,6.55479,0.651155,3.30903,-3.04642,-3.04642,-2.03095,-1.01547,-1.01547,-1.01547
27.1352,-4.47757,-0.735393,-1.89815,-0.851948,-1.19255,1.17313,2.96468,-4.83258,-1.29682,6.59321,0.689574,3.34745,-3.16168,-3.16168,-2.10779,-1.05389,-1.05389,-1.05389
27.1403,-4.58092,-0.840191,-1.9482,-0.89437,-1.2176,1.12119,3.87793,-5.15649,0.486861,8.81826,-0.827944,3.55218,-3.27905,-3.27905,-2.18603,-1.09302,-1.09302,-1.09302
27.1454,-4.68777,-0.945095,-2.01849,-0.941927,-1.22937,1.06901,3.99508,-5.03934,0.564963,8.85731,-0.788893,3.59123,-3.3962,-3.3962,-2.26413,-1.13207,-1.13207,-1.13207
27.1504,-4.80406,-1.04808,-2.09788,-0.990953,-1.22938,1.01769,6.09942,-5.88606,-0.313737,9.11908,0.0193614,3.86128,-3.51084,-3.51084,-2.34056,-1.17028,-1.17028,-1.17028
27.1552,-4.93553,-1.14686,-2.17407,-1.03922,-1.23246,0.968234,3.62464,-4.9291,-0.635511,8.2035,0.18018,3.90618,-3.6207,-3.6207,-2.4138,-1.2069,-1.2069,-1.2069
27.1603,-5.05594,-1.25215,-2.25264,-1.09021,-1.24326,0.91555,3.57565,-5.48635,-0.534857,7.05829,-0.0873485,4.01953,-3.73719,-3.73719,-2.49146,-1.24573,-1.24573,-1.24573
27.1652,-5.14477,-1.35337,-2.32684,-1.13688,-1.2563,0.864801,4.51476,-5.3313,-0.29319,7.70825,-0.621435,4.20581,-3.8489,-3.8489,-2.56593,-1.28297,-1.28297,-1.28297
27.1703,-5.24461,-1.45881,-2.40491,-1.18335,-1.26453,0.811855,4.04371,-5.19559,-0.102984,6.9686,-0.864282,4.2776,-3.96491,-3.96491,-2.64328,-1.32164,-1.32164,-1.32164
27.1753,-5.32437,-1.56224,-2.48354,-1.22297,-1.26553,0.759839,4.36603,-4.90085,0.14824,7.64399,0.0677898,4.48931,-4.07841,-4.07841,-2.71894,-1.35947,-1.35947,-1.35947
27.1803,-5.41295,-1.66585,-2.56578,-1.26044,-1.27246,0.707713,4.34925,-4.34239,-0.315484,6.90342,0.842458,4.66782,-4.19165,-4.19165,-2.79444,-1.39722,-1.39722,-1.39722
27.1854,-5.49986,-1.7718,-2.64725,-1.28946,-1.29368,0.654438,4.0508,-4.2823,0.611975,7.33099,0.442032,4.79731,-4.3069,-4.3069,-2.87126,-1.43563,-1.43563,-1.43563
27.1903,-5.57217,-1.87374,-2.72969,-1.31355,-1.31917,0.603153,4.4016,-5.34202,-0.104403,8.56013,0.329813,4.91693,-4.41736,-4.41736,-2.94491,-1.47245,-1.47245,-1.47245
27.1955,-5.65432,-1.98171,-2.8133,-1.34603,-1.34787,0.548636,4.79828,-4.07854,0.713417,8.26791,1.22991,4.65783,-4.5343,-4.5343,-3.02287,-1.51143,-1.51143,-1.51143
27.2003,-5.74105,-2.08147,-2.89273,-1.38038,-1.38223,0.49827,3.6688,-5.86992,-0.0528887,8.32037,1.42313,5.08289,-4.64198,-4.64198,-3.09465,-1.54733,-1.54733,-1.54733
27.2055,-5.80606,-2.189,-2.97133,-1.422,-1.42482,0.443629,4.79379,-5.17835,0.196059,8.57443,1.00651,4.94779,-4.75833,-4.75833,-3.17222,-1.58611,-1.58611,-1.58611
27.2105,-5.88742,-2.2921,-3.04309,-1.46594,-1.46747,0.39104,4.91325,-3.64049,1.16078,8.84346,1.1265,5.2665,-4.86991,-4.86991,-3.2466,-1.6233,-1.6233,-1.6233
27.2157,-5.98437,-2.39951,-3.12442,-1.51426,-1.5129,0.336276,5.18657,-4.94317,0.433281,8.08716,1.75296,5.27196,-4.98563,-4.98563,-3.32375,-1.66188,-1.66188,-1.66188
27.2203,-6.06559,-2.49421,-3.19229,-1.55638,-1.5555,0.287777,5.28866,-4.84108,0.501343,8.12119,1.78699,5.30599,-5.08772,-5.08772,-3.39181,-1.69591,-1.69591,-1.69591
27.2253,-6.16339,-2.59684,-3.26287,-1.60154,-1.60302,0.235015,5.67119,-3.41839,0.704701,8.067,0.714356,5.18556,-5.19839,-5.19839,-3.46559,-1.7328,-1.7328,-1.7328
27.2305,-6.2759,-2.70394,-3.33658,-1.64761,-1.65167,0.180122,5.26586,-3.58338,1.26817,9.81921,1.82901,5.10789,-5.31314,-5.31314,-3.54209,-1.77105,-1.77105,-1.77105
27.2354,-6.38335,-2.80505,-3.41226,-1.69483,-1.69884,0.128393,4.77085,-2.85305,1.53024,8.48894,0.374544,4.92026,-5.42095,-5.42095,-3.61397,-1.80698,-1.80698,-1.80698
27.2405,-6.4694,-2.91075,-3.49836,-1.74288,-1.74662,0.0745885,4.88272,-2.74118,1.60482,8.52623,0.411833,4.95755,-5.53282,-5.53282,-3.68855,-1.84427,-1.84427,-1.84427
27.2454,-6.5415,-3.01273,-3.58585,-1.78784,-1.79111,0.022927,6.65649,-2.79557,1.07433,8.42119,0.290229,4.78627,-5.63997,-5.63997,-3.75998,-1.87999,-1.87999,-1.87999
27.2502,-6.65172,-3.11285,-3.66987,-1.83075,-1.83246,-0.0276255,5.96524,-3.30164,1.19216,7.81851,-0.163412,4.63071,-5.7446,-5.7446,-3.82974,-1.91487,-1.91487,-1.91487
27.2553,-6.76144,-3.2192,-3.75742,-1.87211,-1.87148,-0.0812564,6.07606,-3.19082,1.26604,7.85545,-0.126472,4.66765,-5.85542,-5.85542,-3.90362,-1.95181,-1.95181,-1.95181
27.2603,-6.86537,-3.32342,-3.84133,-1.90797,-1.90375,-0.133756,6.2789,-3.2756,1.79175,8.47114,1.71466,4.67062,-5.9637,-5.9637,-3.9758,-1.9879,-1.9879,-1.9879
27.2652,-6.97492,-3.42546,-3.92501,-1.94434,-1.94182,-0.185128,6.49498,-1.87752,0.978189,8.24143,-0.104805,4.43263,-6.06946,-6.06946,-4.04631,-2.02315,-2.02315,-2.02315
27.2704,-7.09931,-3.53402,-4.00726,-1.9814,-1.97561,-0.239529,6.66198,-2.93192,1.02349,9.43791,0.296795,4.22979,-6.1813,-6.1813,-4.12087,-2.06043,-2.06043,-2.06043
27.2752,-7.20813,-3.63418,-4.07717,-2.02031,-2.00378,-0.289606,6.76486,-2.82904,1.09207,9.47221,0.331085,4.26409,-6.28418,-6.28418,-4.18945,-2.09473,-2.09473,-2.09473
27.2806,-7.33563,-3.74681,-4.15018,-2.06674,-2.03209,-0.345802,6.67134,-3.2811,1.32569,10.0488,0.882879,4.41016,-6.39948,-6.39948,-4.26632,-2.13316,-2.13316,-2.13316
27.2854,-7.4422,-3.84676,-4.2148,-2.11174,-2.06073,-0.395631,6.6119,-3.66752,1.31434,9.57779,-1.06201,4.40279,-6.50158,-6.50158,-4.33439,-2.16719,-2.16719,-2.16719
27.2904,-7.54883,-3.95049,-4.27689,-2.15962,-2.07307,-0.447418,7.20249,-3.93985,0.500913,8.26348,0.306397,4.38016,-6.60755,-6.60755,-4.40503,-2.20252,-2.20252,-2.20252
27.2953,-7.65748,-4.05185,-4.3255,-2.2036,-2.08546,-0.498035,7.34534,-4.5889,1.62324,10.3183,-0.735519,4.11656,-6.711,-6.711,-4.474,-2.237,-2.237,-2.237
27.3003,-7.77298,-4.15469,-4.38451,-2.25135,-2.08661,-0.549482,6.68613,-2.67531,1.01409,9.16101,0.251732,3.81213,-6.81615,-6.81615,-4.5441,-2.27205,-2.27205,-2.27205
27.3053,-7.87478,-4.25779,-4.44139,-2.2982,-2.09076,-0.600596,7.51583,-3.24041,1.63359,9.27044,0.791723,3.4496,-6.92089,-6.92089,-4.61393,-2.30696,-2.30696,-2.30696
27.3103,-7.98457,-4.3608,-4.50465,-2.34511,-2.10448,-0.651083,7.11975,-2.60023,2.05215,10.423,1.51373,3.40985,-7.02519,-7.02519,-4.68346,-2.34173,-2.34173,-2.34173
27.3153,-8.07735,-4.46401,-4.57936,-2.39324,-2.13263,-0.700458,7.22363,-2.49635,2.1214,10.4576,1.54836,3.44448,-7.12907,-7.12907,-4.75271,-2.37636,-2.37636,-2.37636
27.3203,-8.15973,-4.56744,-4.66117,-2.44172,-2.16897,-0.747941,7.32706,-2.39292,2.19036,10.4921,1.58283,3.47895,-7.2325,-7.2325,-4.82167,-2.41083,-2.41083,-2.41083
27.3254,-8.24654,-4.67313,-4.7489,-2.49127,-2.2107,-0.79334,8.10978,-1.93722,1.79013,9.82333,-0.435593,3.46429,-7.33754,-7.33754,-4.89169,-2.44585,-2.44585,-2.44585
27.3302,-8.34219,-4.77282,-4.82987,-2.53716,-2.24294,-0.831761,6.93165,-1.68119,1.97698,8.5479,1.12074,3.18246,-7.43597,-7.43597,-4.95732,-2.47866,-2.47866,-2.47866
27.3353,-8.42806,-4.87893,-4.91472,-2.58133,-2.28066,-0.865133,8.46599,-2.25475,1.83948,9.38576,1.30448,3.3248,-7.54009,-7.54009,-5.02673,-2.51336,-2.51336,-2.51336
27.3403,-8.53993,-4.98296,-4.99481,-2.62366,-2.32107,-0.890136,7.74414,-2.16496,2.8937,8.87315,0.187435,3.31727,-7.6417,-7.6417,-5.09447,-2.54723,-2.54723,-2.54723
27.3453,-8.64395,-5.08689,-5.07953,-2.66226,-2.35795,-0.907836,7.12426,-2.00078,1.86806,9.73487,1.34723,3.57455,-7.74284,-7.74284,-5.1619,-2.58095,-2.58095,-2.58095
27.3505,-8.71737,-5.19489,-5.16113,-2.70458,-2.39943,-0.922508,7.22894,-1.8961,1.93784,9.76976,1.38212,3.60944,-7.84752,-7.84752,-5.23168,-2.61584,-2.61584,-2.61584
27.3553,-8.76751,-5.29453,-5.23057,-2.74576,-2.4398,-0.933463,9.49604,-1.97724,2.39487,10.7209,1.10781,3.86505,-7.94368,-7.94368,-5.29579,-2.64789,-2.64789,-2.64789
27.3606,-8.88197,-5.40449,-5.30861,-2.79555,-2.48508,-0.946641,7.63957,-2.84477,1.92608,9.54723,1.57359,4.52127,-8.04933,-8.04933,-5.36622,-2.68311,-2.68311,-2.68311
27.3653,-8.95084,-5.50159,-5.37118,-2.83965,-2.52694,-0.966328,7.7328,-2.75154,1.98823,9.57831,1.60467,4.55235,-8.14256,-8.14256,-5.42837,-2.71419,-2.71419,-2.71419
27.3703,-9.01185,-5.60445,-5.43119,-2.88692,-2.57226,-0.992832,8.46583,-1.33689,1.97252,10.0086,0.966883,4.91644,-8.24125,-8.24125,-5.49417,-2.74708,-2.74708,-2.74708
27.3756,-9.10394,-5.71354,-5.48664,-2.93751,-2.61922,-1.0282,8.82204,-1.7135,2.21118,10.1261,2.09453,5.45621,-8.3453,-8.3453,-5.56354,-2.78177,-2.78177,-2.78177
27.3802,-9.17974,-5.80827,-5.53869,-2.98147,-2.66238,-1.06541,8.91189,-1.62365,2.27107,10.1561,2.12448,5.48616,-8.43515,-8.43515,-5.62343,-2.81172,-2.81172,-2.81172
27.3852,-9.26556,-5.91133,-5.59964,-3.02917,-2.71059,-1.1091,8.81992,-1.05372,2.70995,10.2216,1.65178,5.50198,-8.5323,-8.5323,-5.6882,-2.8441,-2.8441,-2.8441
27.3902,-9.35685,-6.01478,-5.67184,-3.07653,-2.75925,-1.15487,9.09385,-1.70567,2.50685,11.2971,1.62603,5.84055,-8.62893,-8.62893,-5.75262,-2.87631,-2.87631,-2.87631
27.3952,-9.45405,-6.11826,-5.74682,-3.12539,-2.80808,-1.20249,8.63441,-0.762489,3.16657,9.4247,1.82366,5.98022,-8.72503,-8.72503,-5.81669,-2.90834,-2.90834,-2.90834
27.4002,-9.55111,-6.22191,-5.82655,-3.17275,-2.8571,-1.25134,8.96243,0.542651,3.12577,8.76932,1.6568,6.1694,-8.82059,-8.82059,-5.88039,-2.9402,-2.9402,-2.9402
27.4052,-9.6389,-6.32594,-5.90642,-3.21546,-2.90596,-1.30106,9.05745,0.637666,3.18912,8.80099,1.68847,6.20107,-8.91561,-8.91561,-5.94374,-2.97187,-2.97187,-2.97187
27.4102,-9.72748,-6.43022,-5.98478,-3.25156,-2.95459,-1.35131,9.20707,-0.414409,2.71705,9.26304,0.759477,6.15804,-9.01007,-9.01007,-6.00671,-3.00336,-3.00336,-3.00336
27.4153,-9.82606,-6.53652,-6.05647,-3.28647,-3.00256,-1.40289,9.36589,0.445733,3.20518,10.272,1.44552,6.36384,-9.10585,-9.10585,-6.07057,-3.03528,-3.03528,-3.03528
27.4206,-9.9211,-6.64716,-6.13116,-3.32565,-3.05179,-1.45679,9.46481,0.544652,3.27112,10.305,1.4785,6.39682,-9.20477,-9.20477,-6.13651,-3.06826,-3.06826,-3.06826
27.4254,-10.0066,-6.74752,-6.19973,-3.36229,-3.0959,-1.50582,9.71145,0.275149,3.88224,9.58118,1.11074,6.3851,-9.29381,-9.29381,-6.19587,-3.09794,-3.09794,-3.09794
27.4302,-10.0889,-6.8479,-6.27413,-3.39451,-3.1386,-1.55496,9.79996,0.363657,3.94125,9.61068,1.14024,6.4146,-9.38232,-9.38232,-6.25488,-3.12744,-3.12744,-3.12744
27.4354,-10.1871,-6.95663,-6.35784,-3.42484,-3.18336,-1.6083,8.57534,0.864759,3.58886,9.85772,2.621,6.23936,-9.4776,-9.4776,-6.3184,-3.1592,-3.1592,-3.1592
27.4403,-10.2405,-7.05919,-6.43441,-3.45616,-3.22886,-1.65859,10.1263,0.894865,4.32967,10.525,1.2183,6.3519,-9.56681,-9.56681,-6.37787,-3.18894,-3.18894,-3.18894
27.4455,-10.3145,-7.16793,-6.51689,-3.49678,-3.27535,-1.712,9.10531,1.45383,4.15829,6.25904,2.74832,6.16796,-9.66085,-9.66085,-6.44057,-3.22028,-3.22028,-3.22028
27.4503,-10.3579,-7.26826,-6.58919,-3.50633,-3.32028,-1.76129,9.04183,0.168955,2.82384,11.9265,0.0115515,6.23811,-9.74709,-9.74709,-6.49806,-3.24903,-3.24903,-3.24903
27.4555,-10.3938,-7.37652,-6.64177,-3.54788,-3.36187,-1.81466,9.93446,-0.569603,3.00066,13.5803,1.84753,6.52573,-9.8399,-9.8399,-6.55993,-3.27997,-3.27997,-3.27997
27.4603,-10.445,-7.47603,-6.6791,-3.59617,-3.40117,-1.86397,10.2796,-0.752421,3.10127,12.4246,1.00649,5.99933,-9.92498,-9.92498,-6.61665,-3.30833,-3.30833,-3.30833
27.4653,-10.5267,-7.5793,-6.71554,-3.64781,-3.43912,-1.91523,9.65841,-1.21989,2.5246,11.8743,1.39187,6.07835,-10.013,-10.013,-6.67534,-3.33767,-3.33767,-3.33767
27.4702,-10.599,-7.68007,-6.74268,-3.69875,-3.47616,-1.96537,9.90955,-0.413227,2.36435,12.3086,1.20514,5.93302,-10.0987,-10.0987,-6.73245,-3.36622,-3.36622,-3.36622
27.4754,-10.6772,-7.7869,-6.76161,-3.75325,-3.51448,-2.01839,9.95253,-1.00457,3.08496,9.91267,1.83967,5.93827,-10.1889,-10.1889,-6.79262,-3.39631,-3.39631,-3.39631
27.4805,-10.7482,-7.89134,-6.79361,-3.80568,-3.55512,-2.07018,9.13419,1.07689,2.69836,12.368,1.0244,6.04208,-10.2768,-10.2768,-6.85119,-3.4256,-3.4256,-3.4256
27.4852,-10.7825,-7.98815,-6.8219,-3.85434,-3.59055,-2.11773,10.2784,-0.509322,4.25885,12.1712,1.44863,5.77907,-10.3572,-10.3572,-6.90479,-3.45239,-3.45239,-3.45239
27.4903,-10.8356,-8.09296,-6.88092,-3.9072,-3.62903,-2.16894,9.84489,-0.00903307,2.8264,10.453,2.29722,5.54298,-10.4438,-10.4438,-6.96251,-3.48126,-3.48126,-3.48126
27.4954,-10.8848,-8.1977,-6.9319,-3.95882,-3.67206,-2.21944,10.506,0.242386,3.53158,10.7963,1.96982,5.38946,-10.5297,-10.5297,-7.01979,-3.5099,-3.5099,-3.5099
27.5005,-10.948,-8.30261,-6.99326,-4.00912,-3.71665,-2.26872,10.7016,-1.10657,2.52042,10.9903,1.08743,5.27711,-10.6149,-10.6149,-7.07662,-3.53831,-3.53831,-3.53831
27.5053,-11.0202,-8.40078,-7.03846,-4.05532,-3.75641,-2.31323,11.5889,-0.392665,2.99149,10.9423,0.534365,5.14633,-10.6945,-10.6945,-7.12969,-3.56485,-3.56485,-3.56485
27.5102,-11.1239,-8.50083,-7.08447,-4.10038,-3.79151,-2.35571,10.1763,0.188373,2.95538,11.822,0.370804,4.82544,-10.7752,-10.7752,-7.18345,-3.59172,-3.59172,-3.59172
27.5152,-11.2098,-8.60313,-7.13186,-4.14703,-3.81956,-2.39307,11.105,0.340899,3.98374,11.2365,-0.355467,4.72017,-10.8568,-10.8568,-7.23787,-3.61893,-3.61893,-3.61893
27.5205,-11.309,-8.7117,-7.19986,-4.19601,-3.8314,-2.42329,9.91425,0.493691,3.66891,10.5779,0.36865,4.46725,-10.9426,-10.9426,-7.29506,-3.64753,-3.64753,-3.64753
27.5254,-11.3565,-8.81223,-7.26762,-4.23772,-3.8359,-2.43804,9.99289,0.572333,3.72134,10.6041,0.394864,4.49346,-11.0212,-11.0212,-7.34749,-3.67374,-3.67374,-3.67374
27.5305,-11.3808,-8.91696,-7.34064,-4.27669,-3.83592,-2.44161,10.8778,0.826892,4.01997,10.4738,0.885597,4.47912,-11.1024,-11.1024,-7.40159,-3.7008,-3.7008,-3.7008
27.5355,-11.4198,-9.01981,-7.41695,-4.30801,-3.83798,-2.43453,11.6541,1.61495,3.9388,10.9224,1.08577,4.48057,-11.1813,-11.1813,-7.45418,-3.72709,-3.72709,-3.72709
27.5404,-11.4874,-9.12095,-7.49225,-4.33596,-3.84452,-2.4187,10.5448,0.773597,3.47992,11.3371,0.0845922,4.58891,-11.2579,-11.2579,-7.50526,-3.75263,-3.75263,-3.75263
27.5455,-11.5395,-9.22605,-7.5622,-4.36733,-3.84225,-2.39694,11.5261,-0.325455,4.10319,11.6533,0.309662,4.9299,-11.3369,-11.3369,-7.55796,-3.77898,-3.77898,-3.77898
27.5502,-11.6026,-9.32229,-7.6292,-4.39955,-3.8359,-2.37693,10.9797,0.274749,4.1367,11.4786,0.15985,5.56669,-11.4091,-11.4091,-7.6061,-3.80305,-3.80305,-3.80305
27.5552,-11.6612,-9.42425,-7.70108,-4.43453,-3.82356,-2.36286,10.784,0.13018,3.61897,10.9658,0.226627,5.88187,-11.4853,-11.4853,-7.65685,-3.82843,-3.82843,-3.82843
27.5603,-11.7096,-9.52742,-7.76552,-4.46804,-3.80731,-2.35999,11.5977,-0.659697,3.62219,10.8258,0.550348,6.08967,-11.5622,-11.5622,-7.70814,-3.85407,-3.85407,-3.85407
27.5652,-11.7696,-9.62394,-7.81779,-4.49722,-3.79246,-2.36996,10.7568,0.233011,3.68562,11.9515,0.59131,6.44527,-11.6354,-11.6354,-7.75694,-3.87847,-3.87847,-3.87847
27.5706,-11.8108,-9.72913,-7.87107,-4.53457,-3.77898,-2.39601,10.884,1.30579,3.65527,11.2495,0.700737,6.90246,-11.7153,-11.7153,-7.81019,-3.9051,-3.9051,-3.9051
27.5754,-11.8344,-9.82385,-7.91305,-4.56767,-3.77101,-2.43119,12.0259,0.284686,3.91532,11.2894,-0.443311,6.81825,-11.7856,-11.7856,-7.85706,-3.92853,-3.92853,-3.92853
27.5803,-11.8924,-9.91943,-7.95818,-4.60032,-3.75332,-2.47201,11.6715,1.22656,3.3566,12.7704,-0.0387412,7.28906,-11.8567,-11.8567,-7.90444,-3.95222,-3.95222,-3.95222
27.5854,-11.9606,-10.0196,-7.99388,-4.6432,-3.73134,-2.51861,10.7361,0.929381,4.46504,10.7745,0.499027,7.35487,-11.9299,-11.9299,-7.95325,-3.97663,-3.97663,-3.97663
27.5903,-11.9946,-10.1156,-8.04231,-4.68098,-3.71404,-2.56553,11.9365,2.48047,4.03495,10.5162,-0.0159624,7.3698,-11.9995,-11.9995,-7.99968,-3.99984,-3.99984,-3.99984
27.5954,-12.0476,-10.218,-8.09521,-4.71623,-3.69477,-2.61551,11.5512,1.25203,4.20189,12.7923,1.4321,7.50134,-12.0712,-12.0712,-8.04749,-4.02374,-4.02374,-4.02374
27.6004,-12.0923,-10.3186,-8.15225,-4.75926,-3.6938,-2.66529,11.1046,2.73601,3.43316,12.1862,0.519651,7.67357,-12.1408,-12.1408,-8.09386,-4.04693,-4.04693,-4.04693
27.6055,-12.1216,-10.4223,-8.19462,-4.80512,-3.69623,-2.71662,12.1164,2.16397,4.67125,11.2905,1.23028,7.5976,-12.211,-12.211,-8.14065,-4.07032,-4.07032,-4.07032
27.6103,-12.1696,-10.5202,-8.24882,-4.84597,-3.71092,-2.76523,11.8547,2.06781,4.33443,11.097,-0.205217,7.50346,-12.2763,-12.2763,-8.18421,-4.0921,-4.0921,-4.0921
27.6154,-12.2261,-10.6242,-8.30619,-4.88533,-3.71901,-2.81703,11.8722,1.45476,4.55785,11.6912,0.554588,7.57603,-12.345,-12.345,-8.22998,-4.11499,-4.11499,-4.11499
27.6203,-12.2801,-10.7236,-8.36429,-4.92258,-3.73,-2.86693,11.898,2.22138,3.93461,12.1435,1.58649,6.95193,-12.4102,-12.4102,-8.27345,-4.13673,-4.13673,-4.13673
27.6255,-12.3394,-10.8295,-8.41837,-4.96388,-3.75629,-2.91973,12.2185,3.02653,4.55497,11.7937,2.22201,6.75117,-12.4786,-12.4786,-8.31906,-4.15953,-4.15953,-4.15953
27.6304,-12.4046,-10.9297,-8.47238,-5.00107,-3.79348,-2.96922,12.428,2.12888,4.25049,12.3366,1.349,6.8966,-12.5423,-12.5423,-8.36152,-4.18076,-4.18076,-4.18076
27.6353,-12.4792,-11.0295,-8.51855,-5.04006,-3.83198,-3.01845,12.1127,2.27064,4.20468,12.5397,1.87507,6.84307,-12.6052,-12.6052,-8.40349,-4.20175,-4.20175,-4.20175
27.6404,-12.5518,-11.1332,-8.56173,-5.08315,-3.87558,-3.06936,12.4927,1.87047,4.8184,10.8308,0.464202,6.59968,-12.67,-12.67,-8.44664,-4.22332,-4.22332,-4.22332
27.6453,-12.622,-11.2323,-8.61263,-5.11649,-3.91414,-3.11765,12.9639,0.269192,3.99409,14.2378,0.757917,6.8934,-12.7314,-12.7314,-8.48759,-4.2438,-4.2438,-4.2438
27.6503,-12.7062,-11.331,-8.65843,-5.16044,-3.95204,-3.16647,12.289,1.15059,4.04163,13.7202,0.281751,6.47519,-12.7933,-12.7933,-8.52886,-4.26443,-4.26443,-4.26443
27.6553,-12.78,-11.4278,-8.70028,-5.20699,-3.98547,-3.21407,12.0152,1.43631,4.2433,12.2253,0.666442,6.74396,-12.8544,-12.8544,-8.5696,-4.2848,-4.2848,-4.2848
27.6603,-12.8315,-11.5231,-8.74234,-5.24996,-4.01682,-3.26067,12.0755,1.49663,4.28352,12.2454,0.686549,6.76407,-12.9147,-12.9147,-8.60982,-4.30491,-4.30491,-4.30491
27.6652,-12.87,-11.6144,-8.78163,-5.28749,-4.04587,-3.30526,12.4648,1.87407,4.12177,12.6126,0.970956,5.86444,-12.9731,-12.9731,-8.64871,-4.32436,-4.32436,-4.32436
27.6703,-12.9118,-11.7097,-8.81935,-5.32596,-4.07796,-3.34693,12.2529,2.58017,4.70929,11.6804,1.44632,5.8844,-13.033,-13.033,-8.68865,-4.34432,-4.34432,-4.34432
27.6752,-12.9413,-11.8037,-8.8655,-5.35698,-4.11346,-3.38037,11.6556,1.96714,4.25598,11.5668,0.811127,5.83709,-13.0897,-13.0897,-8.72649,-4.36325,-4.36325,-4.36325
27.6802,-12.9438,-11.899,-8.90932,-5.38244,-4.14894,-3.40653,11.4211,2.71767,3.91787,12.4884,1.28557,5.20201,-13.1469,-13.1469,-8.76458,-4.38229,-4.38229,-4.38229
27.6853,-12.9065,-11.9982,-8.94529,-5.41266,-4.18677,-3.41692,11.4786,2.7751,3.95616,12.5076,1.30471,5.22115,-13.2043,-13.2043,-8.80287,-4.40143,-4.40143,-4.40143
27.6904,-12.8473,-12.0984,-8.97255,-5.44714,-4.22594,-3.41213,12.5478,2.35099,5.39,11.5411,0.959257,5.31454,-13.2609,-13.2609,-8.84059,-4.4203,-4.4203,-4.4203
27.6954,-12.8106,-12.1958,-9.02171,-5.47569,-4.26337,-3.39617,11.578,2.94544,4.50684,12.081,1.87999,5.77159,-13.3155,-13.3155,-8.87703,-4.43851,-4.43851,-4.43851
27.7006,-12.7574,-12.2972,-9.06723,-5.50535,-4.30595,-3.37637,12.6978,3.28511,5.3488,11.2882,1.54261,6.12973,-13.3715,-13.3715,-8.91434,-4.45717,-4.45717,-4.45717
27.7055,-12.7367,-12.3929,-9.11959,-5.52336,-4.34666,-3.35952,11.9538,2.23383,4.89644,13.0443,1.60132,6.63556,-13.4234,-13.4234,-8.94895,-4.47448,-4.47448,-4.47448
27.7103,-12.7138,-12.4831,-9.16609,-5.551,-4.38708,-3.35064,12.2955,2.80002,4.73129,12.1999,0.814854,7.26497,-13.4735,-13.4735,-8.98235,-4.49117,-4.49117,-4.49117
27.7154,-12.7008,-12.5754,-9.20472,-5.57994,-4.42633,-3.35665,12.0169,2.9155,5.25527,11.3479,0.865435,7.71299,-13.5259,-13.5259,-9.01727,-4.50863,-4.50863,-4.50863
27.7202,-12.6852,-12.6594,-9.24443,-5.59839,-4.45961,-3.37991,12.3648,2.69211,5.02427,13.608,0.533844,7.88648,-13.5744,-13.5744,-9.04961,-4.5248,-4.5248,-4.5248
27.7252,-12.682,-12.7419,-9.28284,-5.63049,-4.4877,-3.41559,12.3042,2.87582,4.4952,12.6723,1.43637,7.97757,-13.6241,-13.6241,-9.08275,-4.54137,-4.54137,-4.54137
27.7302,-12.6866,-12.8191,-9.30389,-5.66473,-4.51733,-3.45763,12.3058,1.80969,5.43275,12.1753,1.04694,8.25882,-13.673,-13.673,-9.11533,-4.55766,-4.55766,-4.55766
27.7353,-12.6959,-12.8814,-9.33957,-5.69795,-4.54632,-3.50446,12.0317,2.39446,5.28775,12.0508,2.00719,8.44903,-13.722,-13.722,-9.14798,-4.57399,-4.57399,-4.57399
27.7402,-12.698,-12.9373,-9.38024,-5.72742,-4.58099,-3.55164,12.2749,1.88119,5.09911,12.5713,2.1468,8.66316,-13.7682,-13.7682,-9.17879,-4.5894,-4.5894,-4.5894
27.7455,-12.7056,-12.9778,-9.42111,-5.76244,-4.623,-3.60406,12.2019,2.13127,5.04196,11.7762,0.465757,8.86996,-13.8173,-13.8173,-9.21151,-4.60576,-4.60576,-4.60576
27.7503,-12.7103,-13.0047,-9.45449,-5.78642,-4.65387,-3.65235,12.3046,2.7186,4.67395,11.9647,1.69746,8.46222,-13.8609,-13.8609,-9.2406,-4.6203,-4.6203,-4.6203
27.7555,-12.7217,-13.0431,-9.48043,-5.80919,-4.69022,-3.70495,12.2131,3.72627,4.86788,11.8062,0.918036,8.3866,-13.9073,-13.9073,-9.27151,-4.63576,-4.63576,-4.63576
27.7605,-12.7306,-13.1038,-9.5007,-5.8255,-4.72126,-3.75566,11.7052,2.51708,5.22306,12.4335,0.717327,8.29353,-13.951,-13.951,-9.30065,-4.65033,-4.65033,-4.65033
27.7653,-12.7185,-13.1554,-9.5246,-5.84231,-4.74583,-3.80439,11.8488,2.91683,4.59424,13.0931,1.50108,8.08368,-13.9921,-13.9921,-9.32809,-4.66404,-4.66404,-4.66404
27.7702,-12.6952,-13.2138,-9.54164,-5.86564,-4.774,-3.85407,11.8348,3.03283,5.56011,11.8565,1.87914,7.84902,-14.0333,-14.0333,-9.35555,-4.67778,-4.67778,-4.67778
27.7754,-12.66,-13.2812,-9.5765,-5.88395,-4.80936,-3.90657,11.1014,3.79663,4.99927,12.1192,1.61188,7.20916,-14.0761,-14.0761,-9.38409,-4.69204,-4.69204,-4.69204
27.7803,-12.5931,-13.357,-9.60839,-5.90132,-4.8446,-3.95535,10.0771,3.2727,4.85211,11.9088,0.681121,7.48728,-14.1156,-14.1156,-9.4104,-4.7052,-4.7052,-4.7052
27.7853,-12.4854,-13.4357,-9.63628,-5.91495,-4.87497,-4.00446,9.21426,4.9433,4.78434,12.8741,1.0503,7.41762,-14.155,-14.155,-9.43668,-4.71834,-4.71834,-4.71834
27.7902,-12.3556,-13.5234,-9.65418,-5.93641,-4.90232,-4.05166,8.40495,3.07411,5.68733,11.6696,0.922135,7.44678,-14.1928,-14.1928,-9.46187,-4.73094,-4.73094,-4.73094
27.7952,-12.2111,-13.6067,-9.6868,-5.95364,-4.92662,-4.09866,8.15107,3.96289,5.30073,12.2286,0.313698,6.94598,-14.2305,-14.2305,-9.487,-4.7435,-4.7435,-4.7435
27.8004,-12.0565,-13.6952,-9.7231,-5.97112,-4.94039,-4.14444,8.18934,4.00116,5.32623,12.2414,0.326452,6.95873,-14.2688,-14.2688,-9.5125,-4.75625,-4.75625,-4.75625
27.8053,-11.9116,-13.7791,-9.75815,-5.98626,-4.94369,-4.18342,8.31908,3.64624,5.23683,13.5199,0.412701,6.82142,-14.3039,-14.3039,-9.53596,-4.76798,-4.76798,-4.76798
27.8102,-11.776,-13.8582,-9.78768,-6.01297,-4.9404,-4.21668,8.70802,4.17308,5.92852,12.1569,0.391027,6.20359,-14.3383,-14.3383,-9.55885,-4.77943,-4.77943,-4.77943
27.8154,-11.6834,-13.9434,-9.83226,-6.03589,-4.92935,-4.23889,8.74353,4.20859,5.9522,12.1687,0.402864,6.21542,-14.3738,-14.3738,-9.58253,-4.79126,-4.79126,-4.79126
27.8203,-11.7166,-14.0239,-9.88261,-6.05362,-4.9142,-4.2463,8.0748,3.35858,4.01141,13.1649,0.935365,6.15177,-14.4064,-14.4064,-9.60425,-4.80213,-4.80213,-4.80213
27.8254,-11.8177,-14.097,-9.89582,-6.07952,-4.90085,-4.24134,8.27722,3.95508,5.26443,12.0416,0.987768,6.14621,-14.4394,-14.4394,-9.62626,-4.81313,-4.81313,-4.81313
27.8304,-11.9463,-14.1661,-9.907,-6.10057,-4.89113,-4.2252,8.30081,3.23005,5.67623,12.8138,1.34602,6.30574,-14.4708,-14.4708,-9.64723,-4.82362,-4.82362,-4.82362
27.8353,-12.0823,-14.2219,-9.9287,-6.12274,-4.88952,-4.20321,8.31501,2.99601,5.6774,12.5174,1.1904,6.7794,-14.5008,-14.5008,-9.66721,-4.8336,-4.8336,-4.8336
27.8403,-12.2255,-14.2598,-9.95661,-6.14514,-4.89313,-4.18154,7.59216,2.482,5.41504,12.3038,0.380581,7.5759,-14.5305,-14.5305,-9.687,-4.8435,-4.8435,-4.8435
27.8453,-12.3663,-14.2708,-9.98398,-6.16433,-4.89118,-4.16987,7.43972,3.6613,5.58263,12.2389,1.30926,7.6683,-14.5593,-14.5593,-9.7062,-4.8531,-4.8531,-4.8531
27.8502,-12.5006,-14.2981,-10.0185,-6.1788,-4.89732,-4.16869,8.87759,3.69645,5.72626,12.8938,1.2273,7.99206,-14.5866,-14.5866,-9.72443,-4.86222,-4.86222,-4.86222
27.8553,-12.6465,-14.3334,-10.0593,-6.19833,-4.90908,-4.18099,8.1723,3.8738,5.40187,12.0502,0.135238,8.41524,-14.6142,-14.6142,-9.7428,-4.8714,-4.8714,-4.8714
27.8603,-12.7881,-14.3743,-10.0928,-6.21252,-4.91112,-4.20807,7.83985,4.39629,5.00753,11.8187,0.193617,8.6061,-14.6403,-14.6403,-9.76019,-4.8801,-4.8801,-4.8801
27.8653,-12.9255,-14.428,-10.1117,-6.2184,-4.90575,-4.24473,7.96749,3.70439,5.75374,12.6717,1.01346,9.08646,-14.6655,-14.6655,-9.77699,-4.8885,-4.8885,-4.8885
27.8705,-13.0639,-14.4808,-10.1394,-6.22706,-4.9048,-4.28992,7.75239,3.94243,5.26479,12.5228,1.02187,9.02035,-14.6907,-14.6907,-9.79382,-4.89691,-4.89691,-4.89691
27.8753,-13.1834,-14.5314,-10.1591,-6.2376,-4.90839,-4.33456,7.69208,4.17366,5.36543,14.0372,0.532546,8.89535,-14.7132,-14.7132,-9.80877,-4.90439,-4.90439,-4.90439
27.8803,-13.2998,-14.5869,-10.1756,-6.26271,-4.90952,-4.38232,8.34101,4.14093,5.14633,12.5792,0.266797,8.9194,-14.7356,-14.7356,-9.82375,-4.91188,-4.91188,-4.91188
27.8853,-13.4173,-14.6444,-10.1846,-6.28376,-4.90522,-4.4309,7.82674,4.95448,6.03433,12.6195,0.216026,8.74443,-14.7572,-14.7572,-9.83813,-4.91907,-4.91907,-4.91907
27.8905,-13.5293,-14.7189,-10.2124,-6.30465,-4.89535,-4.48174,7.6512,4.62136,5.87726,13.5043,-0.0169397,8.60254,-14.7787,-14.7787,-9.85244,-4.92622,-4.92622,-4.92622
27.8952,-13.6144,-14.7888,-10.2455,-6.33035,-4.87964,-4.52769,8.23317,4.56111,5.65137,12.1029,-0.0190361,8.15332,-14.7972,-14.7972,-9.86481,-4.9324,-4.9324,-4.9324
27.9004,-13.7127,-14.8607,-10.2761,-6.35321,-4.85607,-4.57787,8.79648,4.2064,5.64352,11.5878,-0.418228,8.22609,-14.8168,-14.8168,-9.87786,-4.93893,-4.93893,-4.93893
27.9052,-13.8129,-14.9133,-10.2969,-6.36674,-4.82666,-4.62355,8.77822,4.7673,6.18376,11.3865,-0.586374,8.30635,-14.834,-14.834,-9.88933,-4.94467,-4.94467,-4.94467
27.9102,-13.9203,-14.9609,-10.3209,-6.36966,-4.78987,-4.67048,9.20106,4.20512,4.94738,11.7648,-0.862221,7.75726,-14.851,-14.851,-9.90068,-4.95034,-4.95034,-4.95034
27.9154,-14.0382,-14.9901,-10.3139,-6.36767,-4.74667,-4.717,9.00503,5.20293,6.15401,12.5901,-0.401244,7.52272,-14.8677,-14.8677,-9.91183,-4.95592,-4.95592,-4.95592
27.9202,-14.1432,-15.0266,-10.3138,-6.36799,-4.70607,-4.75611,8.97231,4.53191,6.3769,11.7504,0.24117,7.63521,-14.8823,-14.8823,-9.92154,-4.96077,-4.96077,-4.96077
27.9252,-14.2454,-15.0517,-10.3211,-6.36245,-4.66594,-4.79295,9.2545,3.60058,5.54623,10.0246,0.287327,6.90305,-14.8966,-14.8966,-9.93105,-4.96553,-4.96553,-4.96553
27.9303,-14.3475,-15.0487,-10.3194,-6.33423,-4.62802,-4.81968,9.26811,3.61419,5.55531,10.0291,0.291863,6.90758,-14.9102,-14.9102,-9.94013,-4.97006,-4.97006,-4.97006
27.9354,-14.446,-15.0224,-10.311,-6.29533,-4.59433,-4.83427,9.47382,4.56454,6.28897,10.406,0.65212,6.5392,-14.9228,-14.9228,-9.94856,-4.97428,-4.97428,-4.97428
27.9402,-14.5362,-14.9936,-10.3085,-6.25587,-4.5694,-4.83286,6.33679,3.31877,6.20227,12.637,0.556437,6.98172,-14.9339,-14.9339,-9.95591,-4.97796,-4.97796,-4.97796
27.9453,-14.5341,-14.9422,-10.3137,-6.22448,-4.54781,-4.82283,6.34758,3.32956,6.20947,12.6406,0.560035,6.98531,-14.9447,-14.9447,-9.96311,-4.98155,-4.98155,-4.98155
27.9502,-14.4603,-14.8849,-10.3298,-6.20673,-4.53278,-4.80607,8.47283,3.14593,6.39343,13.422,-0.11577,6.29295,-14.9541,-14.9541,-9.96942,-4.98471,-4.98471,-4.98471
27.9552,-14.4108,-14.8198,-10.3592,-6.20725,-4.51442,-4.7776,8.63129,3.20197,5.53609,12.6466,-0.460615,6.70986,-14.9629,-14.9629,-9.97525,-4.98762,-4.98762,-4.98762
27.9604,-14.3869,-14.7534,-10.3817,-6.21695,-4.49004,-4.74404,6.92157,4.80189,5.3952,12.4837,-0.62351,7.19281,-14.971,-14.971,-9.98066,-4.99033,-4.99033,-4.99033
27.9652,-14.3236,-14.7232,-10.3913,-6.23053,-4.46245,-4.71426,7.28671,3.33489,5.63159,13.4961,-0.786908,7.35233,-14.9776,-14.9776,-9.98506,-4.99253,-4.99253,-4.99253
27.9705,-14.2448,-14.6852,-10.3998,-6.25896,-4.42754,-4.6843,8.54594,3.6406,5.61072,13.2084,-0.594367,8.09963,-14.9839,-14.9839,-9.98927,-4.99463,-4.99463,-4.99463
27.9752,-14.2117,-14.6577,-10.4068,-6.28816,-4.39548,-4.66823,6.96284,3.43262,5.34843,13.2928,-1.05647,8.50693,-14.9886,-14.9886,-9.99241,-4.99621,-4.99621,-4.99621
27.9803,-14.1518,-14.626,-10.4054,-6.32066,-4.35722,-4.66559,7.0025,3.44472,4.35639,12.4993,-0.127714,8.59113,-14.9928,-14.9928,-9.99521,-4.99761,-4.99761,-4.99761
27.9853,-14.0773,-14.5988,-10.3739,-6.34695,-4.3236,-4.678,8.60532,4.1571,5.83405,14.1895,-0.565493,8.69155,-14.996,-14.996,-9.99733,-4.99867,-4.99867,-4.99867
27.9902,-14.0491,-14.5997,-10.3595,-6.38158,-4.29175,-4.70226,8.12292,4.04502,5.51995,12.1864,-0.125912,8.65917,-14.9982,-14.9982,-9.99882,-4.99941,-4.99941,-4.99941
27.9953,-14.0321,-14.617,-10.3482,-6.41145,-4.26375,-4.73501,7.31265,4.89739,5.47906,12.9818,-0.307616,9.03222,-14.9996,-14.9996,-9.99973,-4.99986,-4.99986,-4.99986
28.0005,-13.9957,-14.6595,-10.3326,-6.44146,-4.23679,-4.77539,7.4746,4.2005,5.43753,13.2966,0.0982385,9.23936,-15,-15,-10,-5,-5,-5
28.0053,-13.9553,-14.7041,-10.3184,-6.47113,-4.21931,-4.81695,8.39604,4.88158,6.25228,12.4601,0.156027,8.97423,-14.9995,-14.9995,-9.99965,-4.99983,-4.99983,-4.99983
28.0103,-13.9426,-14.7666,-10.3264,-6.49853,-4.20859,-4.86167,7.65388,3.54444,6.19489,13.0144,-0.564814,8.65083,-14.998,-14.998,-9.99869,-4.99935,-4.99935,-4.99935
28.0152,-13.9267,-14.8105,-10.3487,-6.5272,-4.19519,-4.90551,8.3056,4.04642,4.97488,11.5729,-0.698065,8.34369,-14.9957,-14.9957,-9.99715,-4.99857,-4.99857,-4.99857
28.0202,-13.9308,-14.8534,-10.355,-6.54452,-4.17839,-4.94913,8.03835,3.91315,5.8714,12.5737,-0.434197,8.49164,-14.9924,-14.9924,-9.99497,-4.99748,-4.99748,-4.99748
28.0254,-13.9427,-14.8936,-10.3707,-6.56012,-4.16147,-4.99362,7.37204,4.63766,5.6114,12.5557,-1.2885,7.81122,-14.9881,-14.9881,-9.99204,-4.99602,-4.99602,-4.99602
28.0303,-13.9357,-14.9436,-10.3866,-6.57003,-4.13682,-5.03127,8.18651,3.90371,5.35724,12.8686,-1.4061,8.04966,-14.983,-14.983,-9.98868,-4.99434,-4.99434,-4.99434
28.0352,-13.9448,-14.9809,-10.3926,-6.58006,-4.10556,-5.06564,7.51472,4.02778,5.29476,12.6017,-0.646321,7.69164,-14.9771,-14.9771,-9.98472,-4.99236,-4.99236,-4.99236
28.0405,-13.9412,-15.0127,-10.3884,-6.58906,-4.07349,-5.09599,7.4088,3.72486,5.62003,12.9304,-0.938594,7.01849,-14.9697,-14.9697,-9.97977,-4.98989,-4.98989,-4.98989
28.0453,-13.9212,-15.0254,-10.3828,-6.60049,-4.0431,-5.10892,7.71638,2.93324,5.71109,12.7954,-1.71117,6.65163,-14.962,-14.962,-9.97469,-4.98735,-4.98735,-4.98735
28.0502,-13.8996,-15.0041,-10.3764,-6.61277,-4.00655,-5.10476,7.17583,3.11369,5.47961,12.6021,-1.89622,6.49142,-14.9534,-14.9534,-9.96893,-4.98446,-4.98446,-4.98446
28.0553,-13.8611,-14.9537,-10.359,-6.62378,-3.96381,-5.08288,8.32424,3.17864,4.85852,12.0771,-1.12949,5.90023,-14.9434,-14.9434,-9.9623,-4.98115,-4.98115,-4.98115
28.0603,-13.8544,-14.8916,-10.3217,-6.6255,-3.92253,-5.04622,7.0567,4.26716,6.31858,13.5722,-1.51393,6.28583,-14.9328,-14.9328,-9.95518,-4.97759,-4.97759,-4.97759
28.0654,-13.8213,-14.8349,-10.2991,-6.64031,-3.87913,-5.00369,7.08426,3.14032,4.88112,12.2186,-1.36884,6.3978,-14.9209,-14.9209,-9.94728,-4.97364,-4.97364,-4.97364
28.0704,-13.7733,-14.772,-10.2614,-6.64981,-3.83672,-4.95969,8.23402,4.94018,6.29814,12.024,-1.43926,6.55094,-14.9084,-14.9084,-9.93892,-4.96946,-4.96946,-4.96946
28.0753,-13.7579,-14.7466,-10.2505,-6.65509,-3.7955,-4.91581,8.52421,4.70239,5.14612,12.74,-1.0131,7.6395,-14.8952,-14.8952,-9.93013,-4.96506,-4.96506,-4.96506
28.0804,-13.7769,-14.7426,-10.2294,-6.66729,-3.75491,-4.87359,7.2133,4.08104,5.38506,12.3542,-0.761301,8.10658,-14.8805,-14.8805,-9.92036,-4.96018,-4.96018,-4.96018
28.0852,-13.7721,-14.7495,-10.2128,-6.67661,-3.7213,-4.84113,7.28925,4.75187,6.50179,13.2187,-0.724791,8.17621,-14.8659,-14.8659,-9.91058,-4.95529,-4.95529,-4.95529
28.0904,-13.7541,-14.7754,-10.221,-6.69378,-3.68962,-4.81588,7.35908,4.23462,5.44138,11.1597,-0.887725,8.24511,-14.849,-14.849,-9.89935,-4.94967,-4.94967,-4.94967
28.0954,-13.7267,-14.8046,-10.2267,-6.69295,-3.66293,-4.80306,7.86203,5.43499,5.36935,12.1807,-0.139956,8.67824,-14.8319,-14.8319,-9.88793,-4.94396,-4.94396,-4.94396
28.1003,-13.7091,-14.8518,-10.2223,-6.69148,-3.64739,-4.80577,6.91846,4.75142,6.1246,11.8436,0.135673,8.41567,-14.8142,-14.8142,-9.87615,-4.93807,-4.93807,-4.93807
28.1052,-13.67,-14.9035,-10.232,-6.68424,-3.64564,-4.81855,7.69184,5.78488,6.15403,12.5992,0.170888,8.42605,-14.7957,-14.7957,-9.86378,-4.93189,-4.93189,-4.93189
28.1103,-13.6429,-14.9769,-10.2579,-6.67842,-3.65812,-4.84007,7.4549,4.54722,4.94296,11.781,0.263501,8.30338,-14.7754,-14.7754,-9.85028,-4.92514,-4.92514,-4.92514
28.1153,-13.6159,-15.0424,-10.2648,-6.66508,-3.68234,-4.86565,7.312,4.41216,6.01174,11.6747,0.562939,8.13086,-14.7547,-14.7547,-9.83644,-4.91822,-4.91822,-4.91822
28.1204,-13.5834,-15.1013,-10.285,-6.64236,-3.71697,-4.89304,6.48218,4.03934,5.79844,12.8596,0.588687,7.73433,-14.7325,-14.7325,-9.82169,-4.91085,-4.91085,-4.91085
28.1255,-13.5201,-15.142,-10.308,-6.62489,-3.75697,-4.91676,8.19666,4.46548,5.77262,12.587,0.423679,7.59416,-14.7095,-14.7095,-9.80632,-4.90316,-4.90316,-4.90316
28.1302,-13.5034,-15.173,-10.3291,-6.60935,-3.79563,-4.93389,8.17457,4.44339,5.75789,12.5796,0.416315,7.5868,-14.6874,-14.6874,-9.79159,-4.8958,-4.8958,-4.8958
28.1353,-13.5161,-15.1964,-10.3493,-6.59461,-3.83882,-4.94826,6.95587,5.12771,4.32847,11.7682,0.523943,6.98234,-14.6625,-14.6625,-9.77501,-4.8875,-4.8875,-4.8875
28.1402,-13.5101,-15.2291,-10.3311,-6.57316,-3.88131,-4.95023,6.93108,5.10292,4.31194,11.7599,0.515681,6.97408,-14.6377,-14.6377,-9.75848,-4.87924,-4.87924,-4.87924
28.1455,-13.4852,-15.2698,-10.2807,-6.54626,-3.92798,-4.94136,6.59992,4.45654,5.68536,12.4959,0.746539,7.04762,-14.6099,-14.6099,-9.73996,-4.86998,-4.86998,-4.86998
28.1505,-13.4332,-15.2968,-10.2438,-6.52696,-3.97323,-4.92463,5.24893,2.93619,5.64845,14.3912,0.373171,7.16277,-14.5828,-14.5828,-9.72186,-4.86093,-4.86093,-4.86093
28.1551,-13.3405,-15.2749,-10.2149,-6.53253,-4.01442,-4.90466,6.35395,3.10343,5.22164,11.6171,0.555023,5.80454,-14.557,-14.557,-9.70469,-4.85234,-4.85234,-4.85234
28.1604,-13.2401,-15.221,-10.1786,-6.52423,-4.0617,-4.86711,6.32332,3.0728,5.20122,11.6069,0.544814,5.79433,-14.5264,-14.5264,-9.68427,-4.84213,-4.84213,-4.84213
28.1656,-13.1469,-15.1513,-10.142,-6.50319,-4.10804,-4.82258,6.37897,3.99917,5.44387,12.6316,0.418551,5.91647,-14.4954,-14.4954,-9.66358,-4.83179,-4.83179,-4.83179
28.1704,-13.0672,-15.0913,-10.1137,-6.48799,-4.15009,-4.77865,6.81833,3.03987,5.78577,11.4708,0.0692372,5.799,-14.4659,-14.4659,-9.64391,-4.82196,-4.82196,-4.82196
28.1755,-13.0018,-15.0177,-10.0963,-6.46239,-4.19245,-4.73025,5.73411,3.38983,6.17183,12.2052,0.190969,6.31817,-14.4336,-14.4336,-9.62242,-4.81121,-4.81121,-4.81121
28.1802,-12.9246,-14.9496,-10.1013,-6.43948,-4.22959,-4.68546,6.77525,3.50899,4.8912,12.0377,0.30499,7.30159,-14.4031,-14.4031,-9.60206,-4.80103,-4.80103,-4.80103
28.1852,-12.8614,-14.8755,-10.0883,-6.41583,-4.26698,-4.63968,6.62764,4.13754,5.02781,12.9043,0.426354,7.36499,-14.3697,-14.3697,-9.57983,-4.78991,-4.78991,-4.78991
28.1902,-12.8112,-14.8152,-10.0679,-6.40359,-4.30332,-4.597,6.15213,3.68961,5.97475,13.0171,0.083743,8.03254,-14.3355,-14.3355,-9.55701,-4.7785,-4.7785,-4.7785
28.1952,-12.7541,-14.7571,-10.0633,-6.4023,-4.3351,-4.56249,7.13353,3.57969,5.34941,10.3227,0.237637,8.38516,-14.3004,-14.3004,-9.53359,-4.7668,-4.7668,-4.7668
28.2004,-12.7274,-14.693,-10.0518,-6.3805,-4.36317,-4.54203,6.63509,3.73133,5.37042,12.5044,0.192031,8.24019,-14.2629,-14.2629,-9.50862,-4.75431,-4.75431,-4.75431
28.2053,-12.7071,-14.6323,-10.0347,-6.36908,-4.38313,-4.53699,7.10718,4.08126,4.7423,11.6561,0.469775,8.44341,-14.2268,-14.2268,-9.48451,-4.74225,-4.74225,-4.74225
28.2103,-12.706,-14.5737,-9.99592,-6.35547,-4.39905,-4.5466,7.08911,4.48477,5.59283,12.0326,0.473743,8.69578,-14.189,-14.189,-9.45933,-4.72966,-4.72966,-4.72966
28.2153,-12.7207,-14.5307,-9.96441,-6.34586,-4.41022,-4.57052,6.227,5.17896,5.90355,11.7465,0.22902,8.2275,-14.1503,-14.1503,-9.43356,-4.71678,-4.71678,-4.71678
28.2203,-12.7138,-14.5085,-9.94079,-6.33732,-4.41046,-4.59925,6.24658,3.44922,4.75487,11.2117,0.472525,7.56021,-14.1108,-14.1108,-9.40721,-4.70361,-4.70361,-4.70361
28.2252,-12.6856,-14.4702,-9.90255,-6.32468,-4.40307,-4.62492,7.16442,3.88634,5.79021,12.5316,0.865053,7.31517,-14.0712,-14.0712,-9.38083,-4.69041,-4.69041,-4.69041
28.2303,-12.6772,-14.425,-9.87294,-6.32057,-4.38868,-4.64611,7.12234,3.84426,5.76215,12.5175,0.851027,7.30115,-14.0292,-14.0292,-9.35277,-4.67639,-4.67639,-4.67639
28.2352,-12.6823,-14.3761,-9.85196,-6.32374,-4.36654,-4.66109,5.9424,4.47672,5.90811,11.6675,0.804148,7.21287,-13.9879,-13.9879,-9.32526,-4.66263,-4.66263,-4.66263
28.2403,-12.6594,-14.3325,-9.8372,-6.32404,-4.33462,-4.67083,6.0798,3.92464,4.88404,11.1147,1.36085,7.09061,-13.944,-13.944,-9.29603,-4.64801,-4.64801,-4.64801
28.2453,-12.6207,-14.2849,-9.80443,-6.31641,-4.30005,-4.67384,5.58679,3.47889,5.24564,11.688,1.32968,6.30596,-13.9002,-13.9002,-9.2668,-4.6334,-4.6334,-4.6334
28.2503,-12.556,-14.2296,-9.76915,-6.30634,-4.26194,-4.66127,5.62877,3.23329,5.13641,12.1616,1.77846,6.05922,-13.8555,-13.8555,-9.23699,-4.6185,-4.6185,-4.6185
28.2553,-12.4802,-14.1651,-9.73023,-6.30165,-4.22312,-4.63455,5.49258,4.09782,5.96085,11.9311,1.76327,6.51599,-13.8099,-13.8099,-9.20662,-4.60331,-4.60331,-4.60331
28.2603,-12.3955,-14.1105,-9.70886,-6.2981,-4.1831,-4.60269,5.74955,3.45251,4.75323,11.1539,2.31912,5.39928,-13.7635,-13.7635,-9.17567,-4.58784,-4.58784,-4.58784
28.2654,-12.3137,-14.0499,-9.67073,-6.28812,-4.14359,-4.56067,5.42159,3.47919,5.03041,12.2639,2.59284,5.98764,-13.7153,-13.7153,-9.14353,-4.57176,-4.57176,-4.57176
28.2703,-12.2309,-13.9962,-9.6353,-6.28621,-4.10882,-4.518,5.85906,3.83784,5.76391,12.7864,2.95801,6.74197,-13.6681,-13.6681,-9.11209,-4.55605,-4.55605,-4.55605
28.2752,-12.1584,-13.9498,-9.61525,-6.29574,-4.07902,-4.47646,5.55499,3.43917,4.9879,11.3214,3.50506,7.26418,-13.6202,-13.6202,-9.08012,-4.54006,-4.54006,-4.54006
28.2803,-12.0872,-13.901,-9.58988,-6.29858,-4.05815,-4.43737,5.38601,2.44679,5.65001,11.4866,3.46329,8.25741,-13.5694,-13.5694,-9.04626,-4.52313,-4.52313,-4.52313
28.2852,-12.0157,-13.8359,-9.57673,-6.29724,-4.04555,-4.41315,5.12365,3.24429,4.33577,11.8178,4.11744,7.89312,-13.5198,-13.5198,-9.01319,-4.5066,-4.5066,-4.5066
28.2902,-11.9364,-13.7728,-9.54257,-6.29708,-4.04563,-4.39978,5.9981,3.13374,5.08522,12.7694,4.63021,8.53009,-13.4683,-13.4683,-8.97889,-4.48945,-4.48945,-4.48945
28.2952,-11.8805,-13.711,-9.51046,-6.30856,-4.06222,-4.40506,6.22556,4.61016,5.38895,11.3858,4.33126,8.5375,-13.4161,-13.4161,-8.94404,-4.47202,-4.47202,-4.47202
28.3002,-11.8505,-13.6771,-9.48536,-6.31422,-4.08498,-4.426,5.36476,3.13476,5.2804,10.3911,4.57852,8.437,-13.363,-13.363,-8.90864,-4.45432,-4.45432,-4.45432
28.3056,-11.8096,-13.6283,-9.46009,-6.3007,-4.11345,-4.45849,4.8652,4.00234,5.03882,12.3175,5.28773,8.29337,-13.3047,-13.3047,-8.86979,-4.43489,-4.43489,-4.43489
28.3104,-11.7505,-13.6021,-9.43664,-6.29389,-4.14538,-4.49185,4.80471,5.28539,4.90342,10.9917,5.21224,8.13508,-13.2521,-13.2521,-8.83471,-4.41736,-4.41736,-4.41736
28.3155,-11.6748,-13.6173,-9.40783,-6.27686,-4.18032,-4.52868,5.42961,3.51477,5.24808,10.1448,4.86213,6.81621,-13.1954,-13.1954,-8.7969,-4.39845,-4.39845,-4.39845
28.3203,-11.6152,-13.6201,-9.38359,-6.24756,-4.20795,-4.55426,5.37545,3.46061,5.21198,10.1267,4.84408,6.79816,-13.1412,-13.1412,-8.7608,-4.3804,-4.3804,-4.3804
28.3253,-11.5594,-13.6073,-9.3586,-6.21197,-4.22849,-4.57124,4.77846,3.62404,4.23961,11.6891,5.11481,7.30901,-13.084,-13.084,-8.72266,-4.36133,-4.36133,-4.36133
28.3302,-11.4942,-13.5893,-9.31557,-6.18196,-4.2407,-4.58409,5.34808,3.96908,5.54349,11.9103,5.8659,6.28818,-13.0271,-13.0271,-8.68476,-4.34238,-4.34238,-4.34238
28.3352,-11.4406,-13.579,-9.2896,-6.15793,-4.25254,-4.5809,5.28927,3.91027,5.50429,11.8907,5.8463,6.26858,-12.9683,-12.9683,-8.64556,-4.32278,-4.32278,-4.32278
28.3403,-11.3938,-13.5766,-9.27996,-6.14047,-4.26076,-4.56283,4.76355,4.40107,5.09591,10.5208,5.46171,6.58779,-12.9075,-12.9075,-8.60502,-4.30251,-4.30251,-4.30251
28.3454,-11.3351,-13.5903,-9.27129,-6.1127,-4.25691,-4.53745,4.1976,3.79966,4.74132,12.4046,5.90485,6.42649,-12.8459,-12.8459,-8.56393,-4.28197,-4.28197,-4.28197
28.3503,-11.2577,-13.6081,-9.25915,-6.09624,-4.24762,-4.50702,4.55919,4.12579,5.63765,10.9108,5.61989,5.57849,-12.7859,-12.7859,-8.52394,-4.26197,-4.26197,-4.26197
28.3553,-11.1766,-13.6353,-9.26476,-6.07264,-4.22937,-4.46748,5.06061,3.27185,4.06644,11.7181,6.02978,5.58266,-12.7239,-12.7239,-8.48261,-4.2413,-4.2413,-4.2413
28.3602,-11.1129,-13.6453,-9.24567,-6.05345,-4.20792,-4.42453,4.58539,3.54917,4.4288,11.5155,5.63668,6.36532,-12.6624,-12.6624,-8.4416,-4.2208,-4.2208,-4.2208
28.3652,-11.0467,-13.6449,-9.21236,-6.03519,-4.17931,-4.38072,4.77401,2.85917,4.87549,11.0803,6.10402,6.87406,-12.5988,-12.5988,-8.39923,-4.19962,-4.19962,-4.19962
28.3702,-10.9871,-13.6155,-9.17812,-6.01563,-4.14931,-4.33918,4.47722,3.14156,5.13775,10.4296,6.20677,7.44049,-12.5345,-12.5345,-8.35635,-4.17817,-4.17817,-4.17817
28.3752,-10.9239,-13.5685,-9.14809,-5.98996,-4.11895,-4.30383,3.93933,2.98979,4.70143,10.7391,6.29272,8.23024,-12.4694,-12.4694,-8.31295,-4.15648,-4.15648,-4.15648
28.3802,-10.8456,-13.5084,-9.11147,-5.96146,-4.08864,-4.28388,3.87346,2.92392,4.65752,10.7171,6.27076,8.20828,-12.4036,-12.4036,-8.26904,-4.13452,-4.13452,-4.13452
28.3852,-10.7584,-13.4406,-9.07073,-5.93142,-4.05848,-4.28095,4.15355,4.01565,4.62982,10.7115,6.04983,8.02047,-12.3369,-12.3369,-8.22462,-4.11231,-4.11231,-4.11231
28.3903,-10.676,-13.3874,-9.02812,-5.89966,-4.02643,-4.29059,4.12814,3.84052,5.08559,12.0134,6.30015,8.03895,-12.2682,-12.2682,-8.17879,-4.08939,-4.08939,-4.08939
28.3952,-10.6014,-13.3447,-8.99617,-5.88088,-3.99649,-4.31007,3.74615,2.87147,3.95426,11.1217,5.72313,8.11605,-12.2014,-12.2014,-8.13426,-4.06713,-4.06713,-4.06713
28.4003,-10.5159,-13.278,-8.93814,-5.86372,-3.96013,-4.33772,3.0691,2.4781,3.99727,10.469,5.3685,7.1901,-12.1311,-12.1311,-8.0874,-4.0437,-4.0437,-4.0437
28.4055,-10.4086,-13.1941,-8.8666,-5.8419,-3.91787,-4.36203,5.66401,2.91389,4.87692,11.811,5.02142,6.71054,-12.0586,-12.0586,-8.03909,-4.01954,-4.01954,-4.01954
28.4102,-10.371,-13.1162,-8.80843,-5.83281,-3.87596,-4.3751,5.59782,2.8477,4.83279,11.789,4.99936,6.68848,-11.9924,-11.9924,-7.99496,-3.99748,-3.99748,-3.99748
28.4153,-10.3759,-13.0304,-8.75032,-5.83371,-3.82847,-4.38104,4.73726,2.75938,4.54615,10.4565,5.41401,6.73053,-11.9199,-11.9199,-7.94658,-3.97329,-3.97329,-3.97329
28.4204,-10.388,-12.9441,-8.69334,-5.82375,-3.78057,-4.37974,4.54179,2.66241,4.44293,11.6327,5.27365,6.31693,-11.8465,-11.8465,-7.8977,-3.94885,-3.94885,-3.94885
28.4252,-10.3925,-12.8603,-8.63603,-5.82087,-3.73485,-4.36723,4.28296,3.19158,4.1561,8.40509,4.99373,5.59817,-11.7768,-11.7768,-7.85122,-3.92561,-3.92561,-3.92561
28.4303,-10.3804,-12.7743,-8.57047,-5.79043,-3.68553,-4.33852,4.75976,4.2121,4.76041,9.68012,5.14268,5.62292,-11.702,-11.702,-7.80136,-3.90068,-3.90068,-3.90068
28.4353,-10.3669,-12.7057,-8.5139,-5.7543,-3.63689,-4.30167,4.25623,4.17349,5.48224,10.028,5.45747,4.97723,-11.628,-11.628,-7.75198,-3.87599,-3.87599,-3.87599
28.4403,-10.3325,-12.6514,-8.47646,-5.71747,-3.58844,-4.25798,4.42573,3.31465,4.26408,8.95154,5.92106,5.49878,-11.5532,-11.5532,-7.70213,-3.85106,-3.85106,-3.85106
28.4453,-10.2886,-12.592,-8.42748,-5.67546,-3.54095,-4.21244,4.86244,3.60952,5.58061,8.32194,5.95386,5.87106,-11.4777,-11.4777,-7.6518,-3.8259,-3.8259,-3.8259
28.4506,-10.2503,-12.5273,-8.39403,-5.62658,-3.49185,-4.16402,2.58312,2.88256,4.35844,12.6089,6.64729,7.16893,-11.3969,-11.3969,-7.59794,-3.79897,-3.79897,-3.79897
28.4555,-10.1496,-12.4583,-8.35241,-5.59849,-3.45053,-4.12386,-1.385,2.68896,4.37714,11.2258,6.38203,7.59919,-11.3215,-11.3215,-7.54767,-3.77383,-3.77383,-3.77383
28.4604,-10.0036,-12.3865,-8.30898,-5.57902,-3.41348,-4.09252,3.59789,2.89263,4.7277,10.6788,6.3898,7.73116,-11.2454,-11.2454,-7.49695,-3.74848,-3.74848,-3.74848
28.4655,-9.8596,-12.3161,-8.27385,-5.55878,-3.3805,-4.07249,2.72607,2.96247,3.81546,9.61721,6.33005,7.49753,-11.1655,-11.1655,-7.4437,-3.72185,-3.72185,-3.72185
28.4703,-9.72994,-12.2578,-8.2313,-5.53036,-3.35506,-4.06332,3.52097,3.25699,3.81088,10.5772,6.27165,7.88625,-11.0897,-11.0897,-7.39314,-3.69657,-3.69657,-3.69657
28.4753,-9.61408,-12.2119,-8.18263,-5.50297,-3.33334,-4.06716,3.2837,2.3381,4.06709,11.4615,6.79985,7.41257,-11.01,-11.01,-7.34003,-3.67001,-3.67001,-3.67001
28.4803,-9.51737,-12.1546,-8.1327,-5.4868,-3.32117,-4.0772,4.06227,2.74237,3.9132,9.91947,6.34251,7.17051,-10.9297,-10.9297,-7.28646,-3.64323,-3.64323,-3.64323
28.4853,-9.46013,-12.0994,-8.08116,-5.46405,-3.31235,-4.0892,2.18461,3.08293,4.25419,11.1759,6.70466,7.01102,-10.8487,-10.8487,-7.23244,-3.61622,-3.61622,-3.61622
28.4905,-9.37457,-12.0508,-8.03424,-5.44845,-3.31088,-4.10076,2.87581,1.87111,4.03662,10.038,6.1133,6.1547,-10.7637,-10.7637,-7.1758,-3.5879,-3.5879,-3.5879
28.4952,-9.30197,-11.9887,-7.99009,-5.42812,-3.30771,-4.0997,2.54229,1.94341,3.48131,9.83833,5.89705,6.26137,-10.6863,-10.6863,-7.12418,-3.56209,-3.56209,-3.56209
28.5003,-9.22196,-11.9132,-7.93177,-5.40143,-3.2996,-4.08981,1.24804,1.47262,4.0226,10.1082,5.64527,5.81087,-10.6016,-10.6016,-7.06773,-3.53387,-3.53387,-3.53387
28.5054,-9.10934,-11.8257,-7.87217,-5.37366,-3.28273,-4.06672,1.82067,0.851433,2.99386,11.951,5.31874,4.87162,-10.5163,-10.5163,-7.01084,-3.50542,-3.50542,-3.50542
28.5103,-8.99761,-11.7343,-7.80166,-5.36521,-3.2577,-4.03004,3.12885,1.58437,4.46446,10.6484,5.55615,5.21667,-10.4336,-10.4336,-6.95574,-3.47787,-3.47787,-3.47787
28.5153,-8.9101,-11.6409,-7.7447,-5.35506,-3.22896,-3.98753,2.41349,1.48759,3.9313,9.33663,5.56095,4.54251,-10.3487,-10.3487,-6.8991,-3.44955,-3.44955,-3.44955
28.5204,-8.82479,-11.546,-7.69182,-5.33156,-3.19766,-3.93975,1.48301,2.90929,3.38403,10.1355,5.76368,4.52168,-10.2613,-10.2613,-6.84089,-3.42044,-3.42044,-3.42044
28.5252,-8.72723,-11.4657,-7.6367,-5.30985,-3.16864,-3.89291,2.74771,2.08973,3.84507,10.3398,5.56221,5.95965,-10.1786,-10.1786,-6.7857,-3.39285,-3.39285,-3.39285
28.5308,-8.63937,-11.3755,-7.57748,-5.28698,-3.13321,-3.83891,2.16184,1.232,3.98502,11.2595,5.37245,6.38261,-10.0812,-10.0812,-6.72083,-3.36041,-3.36041,-3.36041
28.5356,-8.5654,-11.2935,-7.53497,-5.2796,-3.10069,-3.79444,1.76261,1.10463,3.60713,9.79908,5.2782,6.5616,-9.99721,-9.99721,-6.6648,-3.3324,-3.3324,-3.3324
28.5403,-8.48676,-11.21,-7.49085,-5.26551,-3.06703,-3.75354,1.67977,1.02179,3.55191,9.77147,5.25059,6.53399,-9.91437,-9.91437,-6.60958,-3.30479,-3.30479,-3.30479
28.5453,-8.39945,-11.1189,-7.44222,-5.24689,-3.02985,-3.71363,1.81958,1.32708,3.3193,11.0833,3.38286,6.98466,-9.82566,-9.82566,-6.55044,-3.27522,-3.27522,-3.27522
28.5502,-8.3145,-11.0284,-7.38585,-5.23919,-2.98504,-3.68183,1.16076,0.372757,3.26095,9.75413,4.00781,6.68225,-9.73814,-9.73814,-6.49209,-3.24605,-3.24605,-3.24605
28.5552,-8.21698,-10.9324,-7.32354,-5.22376,-2.9372,-3.65484,1.07085,0.28285,3.20101,9.72416,3.97784,6.65228,-9.64823,-9.64823,-6.43215,-3.21608,-3.21608,-3.21608
28.5602,-8.11407,-10.8348,-7.26002,-5.20356,-2.88822,-3.63297,1.59499,0.448448,3.42701,9.84303,4.38651,5.71131,-9.55773,-9.55773,-6.37182,-3.18591,-3.18591,-3.18591
28.5653,-8.01884,-10.7347,-7.19891,-5.17985,-2.83798,-3.60546,1.50207,0.355529,3.36506,9.81206,4.35554,5.68034,-9.46481,-9.46481,-6.30987,-3.15494,-3.15494,-3.15494
28.5702,-7.93313,-10.6384,-7.14415,-5.15548,-2.78956,-3.57551,1.09702,0.419342,2.8997,9.77383,4.66507,6.08923,-9.37496,-9.37496,-6.24997,-3.12499,-3.12499,-3.12499
28.5752,-7.84161,-10.54,-7.08247,-5.12981,-2.74033,-3.54598,1.97007,1.95431,3.24993,9.46984,4.87444,5.73556,-9.28271,-9.28271,-6.18847,-3.09424,-3.09424,-3.09424
28.5805,-7.76955,-10.4401,-7.01934,-5.09907,-2.68861,-3.5124,1.90317,0.421734,3.69428,9.39563,4.96583,5.16455,-9.18429,-9.18429,-6.12286,-3.06143,-3.06143,-3.06143
28.5854,-7.72174,-10.3476,-6.97439,-5.06782,-2.6416,-3.47603,2.00862,0.897541,2.92265,8.06515,5.35759,4.51303,-9.09274,-9.09274,-6.06183,-3.03091,-3.03091,-3.03091
28.5902,-7.69082,-10.2601,-6.92865,-5.02849,-2.59735,-3.43494,2.37151,2.31241,3.09241,10.0057,4.5492,4.20144,-9.00253,-9.00253,-6.00169,-3.00084,-3.00084,-3.00084
28.5953,-7.68389,-10.1841,-6.88342,-4.99045,-2.55057,-3.38768,0.285409,2.03477,4.02925,8.54115,4.77375,3.92091,-8.90613,-8.90613,-5.93742,-2.96871,-2.96871,-2.96871
28.6002,-7.62172,-10.1239,-6.85781,-4.95022,-2.50613,-3.34005,1.64611,0.838406,3.13114,10.0916,4.72614,4.5357,-8.81297,-8.81297,-5.87531,-2.93766,-2.93766,-2.93766
28.6052,-7.56981,-10.0511,-6.82022,-4.91369,-2.46093,-3.29096,2.1612,1.79478,3.00889,9.09923,4.36307,5.38151,-8.71736,-8.71736,-5.81158,-2.90579,-2.90579,-2.90579
28.6104,-7.5443,-9.9826,-6.77207,-4.87436,-2.41323,-3.24056,0.776766,1.63569,2.94013,9.38882,4.76858,5.41442,-8.61737,-8.61737,-5.74491,-2.87246,-2.87246,-2.87246
28.6152,-7.49307,-9.92367,-6.72101,-4.83779,-2.36986,-3.19492,0.648491,1.42073,3.06844,8.2732,4.82872,6.6172,-8.52455,-8.52455,-5.68303,-2.84152,-2.84152,-2.84152
28.6202,-7.41929,-9.86331,-6.66752,-4.79541,-2.32549,-3.15178,1.02015,2.24549,3.3276,8.85352,4.29952,6.01348,-8.42735,-8.42735,-5.61824,-2.80912,-2.80912,-2.80912
28.6253,-7.34463,-9.81708,-6.61755,-4.75199,-2.27951,-3.11212,0.971695,1.03868,2.97063,9.61517,5.33441,6.40253,-8.32768,-8.32768,-5.55178,-2.77589,-2.77589,-2.77589
28.6303,-7.27352,-9.75973,-6.56539,-4.71309,-2.23742,-3.08152,1.57083,1.55507,3.10578,8.53914,4.69722,6.58506,-8.22943,-8.22943,-5.48629,-2.74314,-2.74314,-2.74314
28.6353,-7.22659,-9.70538,-6.51503,-4.67198,-2.19581,-3.06172,0.932304,2.05914,3.32837,9.36735,4.31655,5.14455,-8.13068,-8.13068,-5.42046,-2.71023,-2.71023,-2.71023
28.6403,-7.17571,-9.66117,-6.46942,-4.63393,-2.15301,-3.03635,0.0214128,1.13643,2.37604,8.1171,4.02678,5.72418,-8.03143,-8.03143,-5.35429,-2.67714,-2.67714,-2.67714
28.6453,-7.09806,-9.60659,-6.40995,-4.59207,-2.1084,-3.01218,-0.322614,1.14701,2.77979,10.2863,3.70374,5.19414,-7.93169,-7.93169,-5.28779,-2.6439,-2.6439,-2.6439
28.6502,-7.00106,-9.54898,-6.35149,-4.5599,-2.06291,-2.98478,-0.16474,1.22214,2.98183,8.46511,4.27543,5.58367,-7.83346,-7.83346,-5.22231,-2.61115,-2.61115,-2.61115
28.6553,-6.89521,-9.48673,-6.29372,-4.52204,-2.01553,-2.95655,0.717532,-0.0350082,1.7722,8.95251,4.13355,4.07559,-7.73073,-7.73073,-5.15382,-2.57691,-2.57691,-2.57691
28.6602,-6.81531,-9.40961,-6.22248,-4.48439,-1.96982,-2.91906,0.618365,-0.134175,1.70609,8.91945,4.10049,4.04253,-7.63156,-7.63156,-5.08771,-2.54385,-2.54385,-2.54385
28.6655,-6.74972,-9.318,-6.13765,-4.44289,-1.92021,-2.87328,0.841554,0.542114,2.2069,8.46125,4.80149,3.30281,-7.52379,-7.52379,-5.01586,-2.50793,-2.50793,-2.50793
28.6702,-6.71072,-9.23595,-6.06216,-4.40361,-1.87779,-2.82859,0.686446,0.501266,2.62778,9.09993,4.28097,4.10709,-7.42779,-7.42779,-4.95186,-2.47593,-2.47593,-2.47593
28.6753,-6.67953,-9.14702,-5.98527,-4.36234,-1.83204,-2.77936,0.79063,1.01915,2.62699,7.69057,5.01613,4.80913,-7.32315,-7.32315,-4.8821,-2.44105,-2.44105,-2.44105
28.6804,-6.65648,-9.06348,-5.91496,-4.31719,-1.78945,-2.73068,0.256065,1.10316,2.65933,9.11281,4.02061,5.97469,-7.21804,-7.21804,-4.81203,-2.40601,-2.40601,-2.40601
28.6853,-6.61974,-8.9891,-5.85344,-4.27757,-1.74758,-2.68757,0.761404,0.737764,2.1779,8.97965,4.33457,5.58485,-7.11662,-7.11662,-4.74442,-2.37221,-2.37221,-2.37221
28.6904,-6.58902,-8.91359,-5.78776,-4.23963,-1.70474,-2.64672,-0.0735035,-0.365063,2.44162,8.53859,4.25783,6.65903,-7.01062,-7.01062,-4.67374,-2.33687,-2.33687,-2.33687
28.6952,-6.53616,-8.833,-5.72899,-4.20456,-1.66482,-2.62161,-0.591327,-0.228847,2.28706,8.795,5.4002,5.93012,-6.91043,-6.91043,-4.60696,-2.30348,-2.30348,-2.30348
28.7003,-6.45225,-8.74196,-5.66438,-4.16948,-1.62848,-2.60313,-0.237221,-0.0835614,2.66725,8.12181,4.40409,5.61297,-6.80356,-6.80356,-4.53571,-2.26785,-2.26785,-2.26785
28.7053,-6.36428,-8.65045,-5.6063,-4.13233,-1.59268,-2.58889,-0.342425,-0.188765,2.59711,8.08675,4.36903,5.57791,-6.69836,-6.69836,-4.46557,-2.23279,-2.23279,-2.23279
28.7102,-6.27484,-8.55949,-5.55385,-4.09457,-1.55736,-2.57783,-0.698085,-0.441985,2.03905,7.68793,4.18549,5.60965,-6.59486,-6.59486,-4.39657,-2.19829,-2.19829,-2.19829
28.7152,-6.17584,-8.46518,-5.49548,-4.05399,-1.52025,-2.56906,-1.35176,-0.24068,2.57865,9.09331,3.45463,5.21827,-6.48884,-6.48884,-4.32589,-2.16295,-2.16295,-2.16295
28.7202,-6.05978,-8.37025,-5.44174,-4.01863,-1.47885,-2.55748,-1.45817,-0.347095,2.50771,9.05784,3.41916,5.1828,-6.38243,-6.38243,-4.25495,-2.12748,-2.12748,-2.12748
28.7254,-5.93019,-8.27102,-5.38951,-3.98745,-1.4331,-2.54271,0.136756,-0.576384,2.28108,7.70429,3.90377,4.49165,-6.27134,-6.27134,-4.18089,-2.09045,-2.09045,-2.09045
28.7305,-5.82785,-8.17262,-5.33583,-3.95047,-1.38796,-2.51809,-1.00094,-0.461164,2.06187,8.57863,3.71827,4.36411,-6.16198,-6.16198,-4.10798,-2.05399,-2.05399,-2.05399
28.7353,-5.73067,-8.08011,-5.28194,-3.91862,-1.34498,-2.48781,-0.733872,-0.194092,2.08289,7.83212,4.66916,3.9488,-6.05869,-6.05869,-4.03913,-2.01956,-2.01956,-2.01956
28.7403,-5.63685,-7.98464,-5.22384,-3.88328,-1.30286,-2.44967,-0.32963,-0.0774695,2.02972,7.8541,4.45102,3.43258,-5.95073,-5.95073,-3.96715,-1.98358,-1.98358,-1.98358
28.7455,-5.55581,-7.88637,-5.16001,-3.84619,-1.26116,-2.40415,-1.15937,0.353585,1.91281,8.73562,4.36378,3.89182,-5.83807,-5.83807,-3.89204,-1.94602,-1.94602,-1.94602
28.7505,-5.46724,-7.79445,-5.09404,-3.81602,-1.22247,-2.35883,-0.720414,-0.736174,2.0598,8.32679,4.31099,4.78295,-5.72937,-5.72937,-3.81958,-1.90979,-1.90979,-1.90979
28.7553,-5.38922,-7.70468,-5.03276,-3.78832,-1.1868,-2.31692,-1.29396,-0.691139,1.86043,8.07661,4.69837,5.22001,-5.62468,-5.62468,-3.74979,-1.87489,-1.87489,-1.87489
28.7603,-5.29912,-7.6102,-4.96731,-3.75973,-1.15342,-2.27706,-1.99828,-0.583825,1.88573,7.52679,3.52755,6.41727,-5.5153,-5.5153,-3.67686,-1.83843,-1.83843,-1.83843
28.7652,-5.1934,-7.5177,-4.90375,-3.72734,-1.11676,-2.25218,-0.813493,0.183327,2.47449,8.48455,5.25535,5.52859,-5.40777,-5.40777,-3.60518,-1.80259,-1.80259,-1.80259
28.7703,-5.10043,-7.42523,-4.84861,-3.69818,-1.08788,-2.23417,-2.20231,-0.42537,2.01718,7.78473,5.01921,6.01281,-5.29551,-5.29551,-3.53034,-1.76517,-1.76517,-1.76517
28.7753,-4.99254,-7.33648,-4.79799,-3.66854,-1.06794,-2.22999,-1.95022,-0.519996,1.8161,7.58233,4.60153,5.37157,-5.18512,-5.18512,-3.45675,-1.72837,-1.72837,-1.72837
28.7803,-4.88248,-7.24886,-4.74574,-3.63738,-1.05034,-2.22939,-1.58418,-0.224882,1.73394,8.07535,3.79459,5.71555,-5.07442,-5.07442,-3.38295,-1.69147,-1.69147,-1.69147
28.7853,-4.78006,-7.16516,-4.69216,-3.60948,-1.02622,-2.23578,-2.47532,0.247218,2.26184,7.69059,4.20471,4.98303,-4.9634,-4.9634,-3.30893,-1.65447,-1.65447,-1.65447
28.7902,-4.66941,-7.09103,-4.64826,-3.58042,-1.00145,-2.23878,-1.91462,-1.49698,1.21099,7.67906,3.8123,4.61546,-4.8543,-4.8543,-3.2362,-1.6181,-1.6181,-1.6181
28.7952,-4.56269,-7.00395,-4.58824,-3.54948,-0.971846,-2.23377,-2.70392,0.306244,1.60892,8.18005,4.95085,3.87445,-4.74268,-4.74268,-3.16179,-1.58089,-1.58089,-1.58089
28.8002,-4.44601,-6.92404,-4.5256,-3.5203,-0.949611,-2.21295,-2.05541,-0.215427,1.81019,7.50519,4.32567,3.96963,-4.63077,-4.63077,-3.08718,-1.54359,-1.54359,-1.54359
28.8053,-4.33559,-6.84644,-4.46618,-3.4881,-0.927649,-2.18211,-2.21319,-0.798731,1.38905,8.22052,4.52764,3.385,-4.51633,-4.51633,-3.01089,-1.50544,-1.50544,-1.50544
28.8102,-4.23403,-6.76708,-4.40374,-3.45995,-0.908684,-2.14375,-2.08308,-0.806519,1.19016,6.88382,5.18642,4.42466,-4.4061,-4.4061,-2.9374,-1.4687,-1.4687,-1.4687
28.8152,-4.13773,-6.68195,-4.33311,-3.42494,-0.897823,-2.10488,-1.75849,-0.935027,1.24249,7.43412,4.0062,4.4202,-4.29335,-4.29335,-2.86224,-1.43112,-1.43112,-1.43112
28.8202,-4.055,-6.5931,-4.25857,-3.38915,-0.880121,-2.06669,-2.41522,-1.08744,0.979044,7.25569,5.53345,5.56657,-4.18034,-4.18034,-2.78689,-1.39345,-1.39345,-1.39345
28.8253,-3.96649,-6.49998,-4.17836,-3.35172,-0.875063,-2.0369,-2.6135,-2.70018,0.939639,6.65413,4.79941,5.13889,-4.0648,-4.0648,-2.70987,-1.35493,-1.35493,-1.35493
28.8303,-3.87324,-6.40176,-4.09663,-3.31095,-0.871828,-2.01378,-2.8531,-2.36848,1.15028,7.72581,6.21057,5.75517,-3.95128,-3.95128,-2.63418,-1.31709,-1.31709,-1.31709
28.8353,-3.77161,-6.30159,-4.01559,-3.27273,-0.887929,-2.00373,-3.49483,-2.30495,1.38167,5.94909,4.78161,5.38605,-3.83751,-3.83751,-2.55834,-1.27917,-1.27917,-1.27917
28.8404,-3.65413,-6.19878,-3.93855,-3.22822,-0.904559,-2.00064,-2.56308,-1.90116,0.959293,7.89753,4.66005,5.01609,-3.72122,-3.72122,-2.48081,-1.24041,-1.24041,-1.24041
28.8453,-3.55187,-6.09993,-3.8641,-3.18984,-0.917902,-1.99889,-2.67503,-2.01311,0.884657,7.86021,4.62273,4.97877,-3.60927,-3.60927,-2.40618,-1.20309,-1.20309,-1.20309
28.8503,-3.45684,-5.99901,-3.7882,-3.15591,-0.927457,-1.9977,-2.97861,-1.53657,0.687131,6.59662,4.30306,4.64254,-3.49481,-3.49481,-2.32987,-1.16494,-1.16494,-1.16494
28.8553,-3.36344,-5.89857,-3.71035,-3.11845,-0.929336,-1.99255,-3.98373,-2.08465,0.892832,7.40295,4.57119,3.27123,-3.38013,-3.38013,-2.25342,-1.12671,-1.12671,-1.12671
28.8604,-3.24881,-5.79591,-3.63207,-3.08318,-0.927619,-1.96799,-3.98271,-2.69827,0.44269,6.42825,3.92769,3.74553,-3.26295,-3.26295,-2.1753,-1.08765,-1.08765,-1.08765
28.8653,-3.13168,-5.6965,-3.55284,-3.0452,-0.914341,-1.93661,-3.70543,-2.67315,0.806401,6.98682,4.94994,3.03726,-3.15017,-3.15017,-2.10011,-1.05006,-1.05006,-1.05006
28.8705,-3.00801,-5.59055,-3.47019,-3.00581,-0.902661,-1.89471,-3.82533,-2.79305,0.726472,6.94685,4.90997,2.99729,-3.03027,-3.03027,-2.02018,-1.01009,-1.01009,-1.01009
28.8752,-2.89668,-5.49457,-3.39785,-2.97116,-0.893805,-1.85279,-3.01585,-2.10177,0.932082,6.90239,4.51775,3.14327,-2.92173,-2.92173,-1.94782,-0.973911,-0.973911,-0.973911
28.8804,-2.78942,-5.38856,-3.32102,-2.93308,-0.880917,-1.80471,-3.13612,-2.22204,0.851901,6.8623,4.47766,3.10318,-2.80146,-2.80146,-1.86764,-0.93382,-0.93382,-0.93382
28.8852,-2.70488,-5.29095,-3.25354,-2.89777,-0.866423,-1.75927,-4.18108,-2.39626,0.788227,6.25392,4.05144,4.25016,-2.69028,-2.69028,-1.79352,-0.896758,-0.896758,-0.896758
28.8903,-2.60237,-5.18724,-3.18312,-2.85647,-0.844324,-1.71262,-2.81401,-2.02995,0.918359,7.7794,4.69924,4.68268,-2.57197,-2.57197,-1.71465,-0.857324,-0.857324,-0.857324
28.8953,-2.52887,-5.0857,-3.11467,-2.8212,-0.823789,-1.6705,-2.93015,-2.14609,0.84093,7.74069,4.66053,4.64397,-2.45583,-2.45583,-1.63722,-0.81861,-0.81861,-0.81861
28.9003,-2.47516,-4.98417,-3.0455,-2.791,-0.803383,-1.63277,-2.86126,-2.55,-0.35057,6.83253,2.62629,4.00077,-2.33954,-2.33954,-1.55969,-0.779845,-0.779845,-0.779845
28.9053,-2.43881,-4.88254,-2.96468,-2.75822,-0.766678,-1.59586,-2.8595,-3.65144,-0.0937958,6.27207,2.04927,3.38235,-2.2231,-2.2231,-1.48206,-0.741032,-0.741032,-0.741032
28.9102,-2.41167,-4.78224,-2.88204,-2.72091,-0.722223,-1.55723,-4.34881,-2.73735,1.28259,6.49895,2.68187,3.27803,-2.10885,-2.10885,-1.4059,-0.702951,-0.702951,-0.702951
28.9153,-2.33558,-4.67793,-2.80867,-2.68024,-0.673911,-1.51511,-3.93201,-2.42693,0.103893,6.85671,2.79951,3.45363,-1.98981,-1.98981,-1.32654,-0.663271,-0.663271,-0.663271
28.9204,-2.24527,-4.57402,-2.73374,-2.64099,-0.624655,-1.47225,-3.89357,-2.08905,0.0265384,7.69467,3.40563,3.04959,-1.87065,-1.87065,-1.2471,-0.623549,-0.623549,-0.623549
28.9254,-2.14866,-4.47249,-2.65532,-2.60884,-0.57636,-1.42842,-4.70002,-3.43134,-0.469426,5.92517,3.00233,2.39789,-1.7537,-1.7537,-1.16913,-0.584567,-0.584567,-0.584567
28.9303,-2.03591,-4.37259,-2.57368,-2.57253,-0.52873,-1.38273,-3.94399,-2.53347,0.0518391,6.24297,3.36981,1.53993,-1.63899,-1.63899,-1.09266,-0.54633,-0.54633,-0.54633
28.9353,-1.92478,-4.27101,-2.49229,-2.53376,-0.480383,-1.33359,-3.41893,-0.621525,0.260067,4.6804,4.10908,1.6168,-1.52183,-1.52183,-1.01456,-0.507278,-0.507278,-0.507278
28.9402,-1.82882,-4.17397,-2.41499,-2.48885,-0.434484,-1.28441,-4.76311,-1.16589,-0.125855,6.2567,3.16826,2.38166,-1.40693,-1.40693,-0.937955,-0.468978,-0.468978,-0.468978
28.9455,-1.70654,-4.07203,-2.32947,-2.44129,-0.38459,-1.23104,-10.1828,-2.16888,-0.482561,6.42224,4.84076,3.35864,-1.28256,-1.28256,-0.855039,-0.427519,-0.427519,-0.427519
28.9502,-1.56277,-3.98215,-2.25036,-2.40078,-0.344825,-1.18416,-10.2932,-2.27925,-0.556141,6.38545,4.80397,3.32185,-1.17219,-1.17219,-0.781459,-0.39073,-0.39073,-0.39073
28.9552,-1.4062,-3.88682,-2.16452,-2.3598,-0.308479,-1.13482,-5.71816,-2.62526,0.145106,5.80809,3.14193,4.13553,-1.0547,-1.0547,-0.703136,-0.351568,-0.351568,-0.351568
28.9604,-1.24454,-3.78704,-2.08018,-2.31643,-0.266727,-1.08542,-5.52521,-2.05407,0.117944,5.61002,2.50502,3.4655,-0.932451,-0.932451,-0.621634,-0.310817,-0.310817,-0.310817
28.9652,-1.09708,-3.69692,-2.00746,-2.27432,-0.223838,-1.04111,-5.76419,-2.69099,-0.0639151,5.18322,2.11962,3.89154,-0.819547,-0.819547,-0.546365,-0.273182,-0.273182,-0.273182
28.9702,-0.945973,-3.60282,-1.93474,-2.22887,-0.176372,-0.997703,-5.05445,-3.05293,-0.202964,5.89748,2.1632,2.9498,-0.70189,-0.70189,-0.467926,-0.233963,-0.233963,-0.233963
28.9753,-0.79931,-3.50635,-1.86375,-2.18361,-0.126564,-0.95323,-5.40697,-3.13753,-0.0907206,5.97338,2.62826,3.33206,-0.581834,-0.581834,-0.387889,-0.193945,-0.193945,-0.193945
28.9801,-0.671239,-3.41532,-1.80211,-2.14224,-0.0794094,-0.91268,-5.46877,-2.87625,-0.525552,5.88603,2.62371,3.19503,-0.468806,-0.468806,-0.312538,-0.156269,-0.156269,-0.156269
28.9854,-0.543091,-3.31541,-1.73074,-2.09822,-0.0271199,-0.868759,-7.35873,-2.76469,-0.880474,4.8591,3.84894,2.75598,-0.343974,-0.343974,-0.229316,-0.114658,-0.114658,-0.114658
28.9902,-0.41393,-3.22566,-1.65942,-2.05546,0.0189022,-0.827764,-6.07704,-4.12674,-0.544128,5.50865,4.10933,1.82405,-0.230898,-0.230898,-0.153932,-0.076966,-0.076966,-0.076966
28.9952,-0.286989,-3.12894,-1.5867,-2.01133,0.0643937,-0.781824,-6.5652,-3.63778,-0.290352,5.27894,2.86946,1.95038,-0.113096,-0.113096,-0.0753975,-0.0376988,-0.0376988,-0.0376988
29.0003,-0.15835,-3.02992,-1.51905,-1.96594,0.111049,-0.733264,-7.15029,-2.83599,-0.901322,5.13952,3.6988,1.753,0.00706858,0.00706858,0.00471239,0.00235619,0.00235619,0.00235619
29.0052,-0.0297261,-2.9361,-1.44829,-1.92166,0.154176,-0.685464,-6.395,-2.82536,-0.783921,5.38256,1.23428,2.02916,0.122521,0.122521,0.0816805,0.0408403,0.0408403,0.0408403
29.0102,0.0957026,-2.84144,-1.37378,-1.87631,0.202352,-0.636308,-7.63964,-4.17638,-1.2491,4.82993,2.61917,3.38921,0.240322,0.240322,0.160214,0.0801072,0.0801072,0.0801072
29.0152,0.229385,-2.74381,-1.29359,-1.82967,0.250803,-0.58868,-7.13097,-3.84107,-0.416388,5.70975,3.11811,3.20091,0.358108,0.358108,0.238738,0.119369,0.119369,0.119369
29.0202,0.361273,-2.64533,-1.21906,-1.78461,0.298688,-0.542856,-6.80745,-3.61999,-0.910808,5.68706,3.33554,3.57566,0.475871,0.475871,0.317248,0.158624,0.158624,0.158624
29.0252,0.487514,-2.54672,-1.14374,-1.74057,0.345431,-0.500845,-6.90549,-3.72985,-1.4282,4.77013,2.43517,3.55297,0.593606,0.593606,0.395737,0.197869,0.197869,0.197869
29.0302,0.60877,-2.44787,-1.06292,-1.6944,0.392768,-0.463814,-7.81118,-5.34868,-1.36036,4.91306,3.14114,3.33158,0.711304,0.711304,0.474203,0.237101,0.237101,0.237101
29.0352,0.737195,-2.34662,-0.978743,-1.64765,0.439369,-0.430689,-7.1369,-4.635,-1.28205,5.4286,3.97132,2.23252,0.828958,0.828958,0.552639,0.276319,0.276319,0.276319
29.0405,0.867618,-2.23863,-0.888514,-1.59966,0.485225,-0.391403,-7.09608,-4.75966,-1.30245,4.69981,3.53233,3.13489,0.953615,0.953615,0.635743,0.317872,0.317872,0.317872
29.0452,0.976531,-2.14257,-0.809454,-1.55643,0.52296,-0.359432,-7.20657,-4.87015,-1.37611,4.66298,3.4955,3.09806,1.06411,1.06411,0.709404,0.354702,0.354702,0.354702
29.0505,1.09279,-2.03409,-0.722051,-1.50757,0.562337,-0.325861,-7.25623,-4.71493,-1.14563,3.70239,3.21387,1.64067,1.18863,1.18863,0.79242,0.39621,0.39621,0.39621
29.0552,1.18987,-1.93781,-0.6479,-1.46209,0.596414,-0.288747,-7.32325,-5.66451,-1.53688,5.51204,2.43188,2.18348,1.29899,1.29899,0.865993,0.432997,0.432997,0.432997
29.0603,1.29048,-1.83288,-0.566659,-1.41485,0.636896,-0.246902,-8.44368,-4.6928,-1.33869,6.20907,2.11875,1.37355,1.41866,1.41866,0.945775,0.472887,0.472887,0.472887
29.0652,1.4053,-1.73211,-0.490437,-1.37439,0.6793,-0.202797,-7.05743,-4.31913,-1.65982,5.35934,3.70334,1.3187,1.53355,1.53355,1.02237,0.511185,0.511185,0.511185
29.0703,1.50773,-1.62746,-0.409335,-1.33346,0.719465,-0.154737,-7.49212,-4.7026,-1.69559,3.17499,3.29091,1.75083,1.65304,1.65304,1.10203,0.551013,0.551013,0.551013
29.0754,1.60492,-1.52294,-0.328066,-1.28569,0.757029,-0.106207,-8.71864,-4.2822,-1.86086,4.97335,3.68167,2.17471,1.77242,1.77242,1.18161,0.590807,0.590807,0.590807
29.0803,1.71775,-1.42277,-0.247545,-1.2408,0.78816,-0.0600612,-7.80489,-5.61425,-1.86411,5.06764,2.54224,3.16324,1.88701,1.88701,1.25801,0.629004,0.629004,0.629004
29.0852,1.82337,-1.3222,-0.166197,-1.1974,0.82273,-0.0171692,-8.72313,-5.90997,-2.21631,4.80592,4.78936,3.10852,2.00149,2.00149,1.33433,0.667163,0.667163,0.667163
29.0902,1.94112,-1.21911,-0.0793963,-1.15389,0.843089,0.022103,-8.828,-5.60902,-1.89909,4.46066,4.18742,3.5333,2.11818,2.11818,1.41212,0.706061,0.706061,0.706061
29.0954,2.06984,-1.1117,0.0101963,-1.10816,0.853915,0.0534298,-9.26443,-5.99817,-1.61416,4.32917,3.74129,2.74769,2.23941,2.23941,1.49294,0.746469,0.746469,0.746469
29.1003,2.1981,-1.01021,0.0912081,-1.06439,0.861039,0.0801653,-8.23592,-6.15166,-1.80099,5.02806,3.66186,3.08226,2.3535,2.3535,1.569,0.784499,0.784499,0.784499
29.1053,2.31962,-0.906424,0.172314,-1.0217,0.867747,0.101644,-9.11656,-5.74392,-1.92658,4.16958,2.80338,2.35626,2.46978,2.46978,1.64652,0.823258,0.823258,0.823258
29.1103,2.44414,-0.802551,0.253223,-0.978095,0.884364,0.125692,-9.21692,-6.04522,-2.07714,3.81623,2.72327,2.42519,2.5859,2.5859,1.72393,0.861967,0.861967,0.861967
29.1152,2.56791,-0.700634,0.332754,-0.933647,0.907968,0.150468,-8.90111,-5.99733,-2.06513,4.39935,3.89427,1.34403,2.69955,2.69955,1.7997,0.899849,0.899849,0.899849
29.1202,2.68927,-0.596602,0.41262,-0.888764,0.925501,0.184981,-8.71353,-5.66003,-1.856,4.21999,3.66523,1.66147,2.81535,2.81535,1.8769,0.938449,0.938449,0.938449
29.1254,2.80646,-0.488436,0.493024,-0.842275,0.940914,0.224948,-9.34992,-6.83226,-2.22459,4.08055,3.70795,1.37299,2.9356,2.9356,1.95707,0.978533,0.978533,0.978533
29.1302,2.9158,-0.388361,0.567458,-0.799038,0.95203,0.265225,-9.40164,-6.47816,-2.04976,4.64805,3.43089,1.35261,3.04642,3.04642,2.03095,1.01547,1.01547,1.01547
29.1354,3.03586,-0.279769,0.648142,-0.75428,0.965927,0.31087,-9.71851,-6.57439,-2.67725,3.41577,3.58965,2.76165,3.16629,3.16629,2.11086,1.05543,1.05543,1.05543
29.1403,3.15322,-0.177295,0.729287,-0.70947,0.9786,0.34953,-9.05509,-7.08509,-2.52461,3.8667,4.34694,2.06994,3.27905,3.27905,2.18603,1.09302,1.09302,1.09302
29.1453,3.26341,-0.0724757,0.813802,-0.663313,0.983097,0.387874,-10.281,-6.3686,-2.23961,3.6297,1.9737,3.1329,3.3939,3.3939,2.2626,1.1313,1.1313,1.1313
29.1502,3.38176,0.0302557,0.894567,-0.617456,1.00694,0.417092,-11.8985,-6.74888,-2.59458,4.08905,2.98781,2.35853,3.50626,3.50626,2.33751,1.16875,1.16875,1.16875
29.1553,3.52416,0.137217,0.978432,-0.570621,1.03507,0.445476,-12.3698,-6.58587,-2.33381,4.05014,3.50366,2.44382,3.62299,3.62299,2.41532,1.20766,1.20766,1.20766
29.1603,3.67157,0.242007,1.05616,-0.525705,1.05991,0.47121,-9.54081,-6.49125,-2.86766,2.99363,3.01847,1.42871,3.73719,3.73719,2.49146,1.24573,1.24573,1.24573
29.1654,3.81172,0.348823,1.13783,-0.477752,1.08845,0.504256,-10.2717,-6.30019,-2.48537,3.50136,3.195,1.51416,3.85345,3.85345,2.56897,1.28448,1.28448,1.28448
29.1704,3.9405,0.453369,1.21398,-0.430548,1.11691,0.540504,-9.40833,-7.05615,-2.54238,2.83416,2.84244,0.606845,3.96719,3.96719,2.64479,1.3224,1.3224,1.3224
29.1754,4.04512,0.557963,1.28762,-0.381965,1.14817,0.583116,-10.4004,-7.50454,-2.56161,3.61605,3.47529,0.105334,4.08068,4.08068,2.72045,1.36023,1.36023,1.36023
29.1805,4.15082,0.664857,1.36217,-0.332824,1.17711,0.630942,-10.0392,-7.754,-2.55501,3.42851,2.65847,0.331794,4.19618,4.19618,2.79745,1.39873,1.39873,1.39873
29.1852,4.23745,0.763601,1.43034,-0.287746,1.20796,0.676602,-10.1651,-7.89172,-3.12533,3.84023,2.77211,1.25687,4.30238,4.30238,2.86826,1.43413,1.43413,1.43413
29.1903,4.32506,0.871033,1.51124,-0.240025,1.24426,0.725971,-10.6189,-7.30932,-3.3232,3.42931,2.94079,1.05295,4.41736,4.41736,2.94491,1.47245,1.47245,1.47245
29.1953,4.41766,0.976437,1.59569,-0.193455,1.28046,0.774323,-10.7314,-7.42177,-3.39816,3.39182,2.9033,1.01546,4.52981,4.52981,3.01987,1.50994,1.50994,1.50994
29.2004,4.51582,1.08401,1.68449,-0.1462,1.3179,0.823517,-11.5392,-6.8388,-3.40337,2.36009,2.68301,1.36649,4.64422,4.64422,3.09614,1.54807,1.54807,1.54807
29.2057,4.63755,1.19572,1.77889,-0.0948878,1.35819,0.87385,-11.6578,-6.95738,-3.48243,2.32056,2.64348,1.32696,4.7628,4.7628,3.1752,1.5876,1.5876,1.5876
29.2103,4.75172,1.29259,1.86178,-0.0491684,1.39397,0.916794,-10.807,-7.25309,-3.35022,3.6277,2.49334,1.99654,4.86545,4.86545,3.24363,1.62182,1.62182,1.62182
29.2152,4.86639,1.3958,1.94985,-0.00148319,1.43326,0.960208,-11.3652,-8.12257,-3.05091,3.15251,3.06143,1.17359,4.97451,4.97451,3.31634,1.65817,1.65817,1.65817
29.2203,4.98647,1.50337,2.0383,0.0476441,1.47223,1.00502,-10.4934,-7.20744,-3.3521,3.70265,3.39629,1.29317,5.08772,5.08772,3.39181,1.69591,1.69591,1.69591
29.2253,5.0856,1.60872,2.12382,0.0937392,1.50618,1.04825,-11.727,-7.03837,-2.95563,3.42564,2.77152,1.2066,5.19839,5.19839,3.46559,1.7328,1.7328,1.7328
29.2304,5.19895,1.71603,2.20641,0.139076,1.54168,1.09205,-11.8159,-7.56068,-3.64513,3.11489,2.48561,-0.370993,5.31094,5.31094,3.54063,1.77031,1.77031,1.77031
29.2353,5.31435,1.81912,2.28789,0.18213,1.57808,1.13811,-11.904,-7.38087,-3.78597,3.07895,2.77259,-0.605651,5.41875,5.41875,3.6125,1.80625,1.80625,1.80625
29.2404,5.43747,1.92638,2.37522,0.22656,1.61591,1.18813,-11.6179,-8.93085,-3.31298,1.75826,3.05822,-0.510463,5.53063,5.53063,3.68709,1.84354,1.84354,1.84354
29.2452,5.54965,2.02766,2.455,0.271983,1.6495,1.23609,-12.901,-8.23206,-3.52299,2.24491,2.91559,0.729666,5.6356,5.6356,3.75707,1.87853,1.87853,1.87853
29.2505,5.68602,2.13961,2.54279,0.32312,1.68617,1.28872,-11.8463,-7.80781,-3.63972,2.4962,2.8688,1.71788,5.75113,5.75113,3.83409,1.91704,1.91704,1.91704
29.2553,5.80217,2.24096,2.62191,0.369697,1.71921,1.33475,-11.1193,-8.10516,-3.59221,2.28755,2.15507,1.53407,5.85542,5.85542,3.90362,1.95181,1.95181,1.95181
29.2605,5.90615,2.35072,2.70516,0.420534,1.75847,1.38244,-11.9765,-7.15003,-3.79059,2.9207,2.97038,1.70354,5.96803,5.96803,3.97869,1.98934,1.98934,1.98934
29.2653,6.00378,2.45179,2.7824,0.466449,1.79235,1.42287,-12.0801,-7.25362,-3.85965,2.88617,2.93585,1.66901,6.07162,6.07162,4.04775,2.02387,2.02387,2.02387
29.2702,6.10468,2.55477,2.8618,0.512137,1.82527,1.45998,-12.7804,-8.24945,-3.8693,2.68544,1.53452,0.988037,6.17701,6.17701,4.11801,2.059,2.059,2.059
29.2752,6.21961,2.65995,2.94387,0.558043,1.86567,1.49731,-12.4818,-8.98308,-4.14138,2.79875,3.13823,1.30835,6.28418,6.28418,4.18945,2.09473,2.09473,2.09473
29.2802,6.33292,2.7654,3.02854,0.60265,1.90284,1.53201,-12.9865,-8.74707,-4.40903,2.75488,3.73192,0.00592235,6.39095,6.39095,4.26064,2.13032,2.13032,2.13032
29.2852,6.45047,2.87099,3.11593,0.645995,1.93182,1.57201,-12.9471,-9.22776,-3.96163,2.4793,2.95126,-0.675379,6.49734,6.49734,4.33156,2.16578,2.16578,2.16578
29.2902,6.56793,2.97681,3.20168,0.689329,1.96011,1.61725,-11.9341,-9.5465,-4.1326,2.09621,3.05669,-0.164226,6.60332,6.60332,4.40221,2.20111,2.20111,2.20111
29.2953,6.6675,3.08507,3.28935,0.734903,1.98767,1.66488,-13.3578,-10.4579,-4.02674,1.86988,3.16156,0.114519,6.711,6.711,4.474,2.237,2.237,2.237
29.3006,6.78617,3.19808,3.37847,0.783883,2.01248,1.71467,-12.5906,-10.4827,-4.03416,1.98177,3.91929,1.12893,6.82245,6.82245,4.5483,2.27415,2.27415,2.27415
29.3052,6.88152,3.29656,3.45361,0.827023,2.02226,1.75563,-13.211,-9.27098,-4.27813,2.13181,3.28273,1.83373,6.9188,6.9188,4.61253,2.30627,2.30627,2.30627
29.3102,6.98867,3.40362,3.53511,0.873869,2.03086,1.79407,-13.3902,-9.68655,-4.26198,1.7824,3.08236,1.36012,7.02311,7.02311,4.68207,2.34104,2.34104,2.34104
29.3152,7.10014,3.51078,3.61537,0.92132,2.03973,1.82715,-13.0409,-9.00243,-4.57786,1.96306,3.53626,1.20958,7.12699,7.12699,4.75133,2.37566,2.37566,2.37566
29.3202,7.20622,3.61784,3.69748,0.96865,2.0441,1.85568,-13.1444,-9.10587,-4.64682,1.92858,3.50178,1.1751,7.23043,7.23043,4.82029,2.41014,2.41014,2.41014
29.3255,7.314,3.73125,3.7859,1.01862,2.04591,1.88144,-13.2929,-8.99046,-4.11767,2.19027,2.06607,1.07247,7.3396,7.3396,4.89306,2.44653,2.44653,2.44653
29.3303,7.4118,3.83383,3.86123,1.06292,2.06183,1.90225,-13.3914,-9.08888,-4.18329,2.15746,2.03326,1.03966,7.43802,7.43802,4.95868,2.47934,2.47934,2.47934
29.3352,7.51222,3.93844,3.93414,1.10723,2.08754,1.92182,-14.4764,-8.92888,-4.65544,1.96679,3.11771,0.252834,7.53806,7.53806,5.02537,2.51269,2.51269,2.51269
29.3403,7.63274,4.0471,4.01049,1.15272,2.11132,1.94847,-13.6069,-8.85916,-4.41104,2.12269,2.60293,-0.129475,7.6417,7.6417,5.09447,2.54723,2.54723,2.54723
29.3453,7.74511,4.15347,4.08362,1.19599,2.13756,1.9821,-14.1729,-9.40552,-4.76689,2.18833,1.79917,-0.262548,7.74284,7.74284,5.1619,2.58095,2.58095,2.58095
29.3503,7.86031,4.25978,4.15879,1.23748,2.17194,2.02076,-13.9269,-9.30524,-5.12032,2.17962,2.30382,0.134458,7.8435,7.8435,5.229,2.6145,2.6145,2.6145
29.3553,7.97141,4.36606,4.23966,1.27723,2.20849,2.06029,-14.1531,-10.2959,-4.89869,2.04687,2.73411,-0.197014,7.94368,7.94368,5.29579,2.64789,2.64789,2.64789
29.3604,8.08372,4.47467,4.32292,1.31668,2.24446,2.10257,-13.4707,-10.1848,-5.04171,2.07921,2.71677,1.35885,8.04536,8.04536,5.36357,2.68179,2.68179,2.68179
29.3654,8.17677,4.58133,4.40696,1.35416,2.27945,2.13661,-14.8189,-9.96088,-5.03886,1.90539,1.81431,1.66527,8.14454,8.14454,5.42969,2.71485,2.71485,2.71485
29.3702,8.28057,4.68376,4.48766,1.38997,2.31724,2.15792,-13.8735,-9.80346,-4.86585,1.93177,2.40373,2.01457,8.23928,8.23928,5.49285,2.74643,2.74643,2.74643
29.3755,8.3833,4.79683,4.57445,1.42893,2.35874,2.16406,-15.0019,-8.84767,-4.95404,1.83912,3.06456,1.05252,8.34335,8.34335,5.56223,2.78112,2.78112,2.78112
29.3803,8.4899,4.89891,4.65081,1.46408,2.39172,2.16623,-14.2565,-9.29208,-5.09805,1.70023,2.11423,0.416835,8.4371,8.4371,5.62473,2.81237,2.81237,2.81237
29.3854,8.59423,5.00722,4.73188,1.50168,2.42966,2.17399,-14.3201,-9.59998,-4.95093,1.49333,1.30289,0.847487,8.53618,8.53618,5.69079,2.84539,2.84539,2.84539
29.3903,8.68833,5.11121,4.80775,1.53895,2.4714,2.18155,-14.4148,-9.69466,-5.01405,1.46177,1.27133,0.815926,8.63086,8.63086,5.75391,2.87695,2.87695,2.87695
29.3953,8.78056,5.21725,4.88353,1.57753,2.51668,2.19002,-14.5109,-9.79075,-5.07811,1.42974,1.2393,0.783897,8.72695,8.72695,5.81797,2.90898,2.90898,2.90898
29.4006,8.87509,5.32961,4.96237,1.61865,2.56642,2.20024,-14.4112,-10.6603,-5.28146,1.4291,1.91762,-0.0364574,8.82821,8.82821,5.88547,2.94274,2.94274,2.94274
29.4052,8.95174,5.42726,5.03112,1.65378,2.60925,2.2187,-14.4986,-10.7477,-5.33973,1.39997,1.88849,-0.0655887,8.91561,8.91561,5.94374,2.97187,2.97187,2.97187
29.4102,9.03242,5.53349,5.10564,1.69079,2.65536,2.24511,-14.5931,-10.8422,-5.4027,1.36848,1.857,-0.0970771,9.01007,9.01007,6.00671,3.00336,3.00336,3.00336
29.4152,9.11131,5.63981,5.17962,1.72598,2.70099,2.27625,-13.8083,-9.64376,-5.45486,1.29578,3.08426,0.98114,9.10398,9.10398,6.06932,3.03466,3.03466,3.03466
29.4203,9.17064,5.74803,5.2555,1.75969,2.74267,2.30159,-14.5418,-10.3142,-5.43682,1.20608,0.932843,0.245603,9.19919,9.19919,6.13279,3.0664,3.0664,3.0664
29.4254,9.24109,5.85622,5.33098,1.79081,2.788,2.32826,-14.27,-10.5822,-5.33479,1.26562,1.48918,1.00066,9.29381,9.29381,6.19587,3.09794,3.09794,3.09794
29.4303,9.30856,5.96025,5.40341,1.81676,2.83249,2.3468,-14.6441,-12.0279,-5.39293,1.14443,2.97431,0.813228,9.38416,9.38416,6.2561,3.12805,3.12805,3.12805
29.4352,9.38716,6.06472,5.47652,1.83937,2.87302,2.36137,-13.737,-11.3454,-5.55311,1.13934,3.25074,0.418978,9.47395,9.47395,6.31596,3.15798,3.15798,3.15798
29.4403,9.44996,6.17363,5.55325,1.85854,2.9074,2.37774,-17.8881,-10.8985,-5.45618,0.189305,3.01278,-0.150175,9.56681,9.56681,6.37787,3.18894,3.18894,3.18894
29.4455,9.59095,6.28475,5.63141,1.88362,2.93501,2.40188,-17.9821,-10.9926,-5.51888,0.157956,2.98144,-0.181524,9.66085,9.66085,6.44057,3.22028,3.22028,3.22028
29.4503,9.73385,6.38739,5.70314,1.90901,2.95392,2.42916,-19.2346,-11.201,-5.39872,-0.922352,2.18265,-0.483512,9.74709,9.74709,6.49806,3.24903,3.24903,3.24903
29.4553,9.88773,6.49436,5.77489,1.9435,2.97577,2.46279,-15.4863,-9.50144,-5.87413,-1.96226,3.34522,-1.56482,9.83634,9.83634,6.55756,3.27878,3.27878,3.27878
29.4602,10.0352,6.59879,5.84727,1.98563,2.9862,2.5042,-15.4235,-10.7033,-5.75857,-2.29758,2.56278,-0.575337,9.92321,9.92321,6.61547,3.30774,3.30774,3.30774
29.4651,10.1763,6.7032,5.9208,2.03157,2.99805,2.54676,-15.6082,-12.1962,-6.23828,-2.80658,1.89646,-1.36586,10.0095,10.0095,6.673,3.3365,3.3365,3.3365
29.4702,10.3122,6.81219,6.00254,2.0816,3.01963,2.59381,-14.7321,-10.8276,-6.02185,-3.13438,1.83362,0.0782558,10.0987,10.0987,6.73245,3.36622,3.36622,3.36622
29.4752,10.4125,6.91892,6.08233,2.13176,3.04688,2.63808,-16.0049,-11.1271,-6.27199,-3.01428,2.90592,0.678603,10.1855,10.1855,6.79031,3.39516,3.39516,3.39516
29.4803,10.5075,7.02775,6.1654,2.18288,3.06883,2.67819,-16.6562,-10.6831,-6.39329,-3.20917,3.19955,0.152507,10.2734,10.2734,6.84891,3.42445,3.42445,3.42445
29.4852,10.6079,7.13211,6.24608,2.23146,3.08022,2.71375,-15.9638,-10.3217,-6.39274,-3.45239,2.25253,0.199087,10.3572,10.3572,6.90479,3.45239,3.45239,3.45239
29.4902,10.6979,7.23828,6.32792,2.27998,3.09398,2.74692,-16.5688,-10.6942,-6.32811,-3.54693,3.11847,-0.408812,10.4421,10.4421,6.96138,3.48069,3.48069,3.48069
29.4953,10.794,7.34635,6.40969,2.32735,3.09898,2.78183,-16.308,-10.6856,-6.10743,-3.28578,4.0503,-0.569936,10.528,10.528,7.01867,3.50934,3.50934,3.50934
29.5003,10.8825,7.45213,6.48648,2.36867,3.08541,2.81804,-16.9038,-11.7187,-6.17988,-3.42128,3.02884,-0.58952,10.6116,10.6116,7.0744,3.5372,3.5372,3.5372
29.5053,10.9804,7.55802,6.56141,2.40271,3.07009,2.8555,-16.1002,-11.1122,-6.21636,-3.58141,2.95979,-2.82793,10.6945,10.6945,7.12969,3.56485,3.56485,3.56485
29.5105,11.0645,7.6681,6.63854,2.42913,3.05518,2.90378,-17.2259,-12.2103,-6.13964,-3.63476,3.07204,-1.68068,10.7801,10.7801,7.18673,3.59336,3.59336,3.59336
29.5152,11.1569,7.7678,6.70578,2.44452,3.04103,2.94887,-16.5028,-10.8568,-6.20332,-4.09089,3.75855,-1.03557,10.8568,10.8568,7.23787,3.61893,3.61893,3.61893
29.5203,11.248,7.87584,6.77746,2.45813,3.01867,2.99771,-16.5854,-10.9394,-6.25836,-4.11842,3.73102,-1.0631,10.9394,10.9394,7.29291,3.64646,3.64646,3.64646
29.5253,11.3304,7.98159,6.84615,2.46938,2.99164,3.04537,-17.2606,-12.044,-6.24499,-4.38529,3.19919,-0.00517153,11.0196,11.0196,7.34642,3.67321,3.67321,3.67321
29.5304,11.4229,8.08957,6.91366,2.48217,2.96526,3.09133,-16.0652,-11.2229,-6.31583,-4.54483,2.73329,-0.0405091,11.1008,11.1008,7.40054,3.70027,3.70027,3.70027
29.5353,11.4831,8.19313,6.97542,2.49723,2.94501,3.13166,-16.9187,-10.8038,-6.54711,-4.7362,2.04512,-0.463722,11.1781,11.1781,7.45208,3.72604,3.72604,3.72604
29.5403,11.5505,8.29856,7.04051,2.51643,2.9382,3.1705,-16.9536,-12.1547,-6.41534,-5.01895,2.85533,-0.763033,11.2563,11.2563,7.50423,3.75211,3.75211,3.75211
29.5453,11.6202,8.40409,7.10395,2.54054,2.9339,3.20866,-17.0311,-12.2322,-6.46702,-5.04479,2.82949,-0.788873,11.3339,11.3339,7.55591,3.77795,3.77795,3.77795
29.5503,11.6906,8.50967,7.16567,2.56806,2.93201,3.24623,-17.2695,-12.0844,-6.47016,-4.63984,3.7892,-0.40876,11.4107,11.4107,7.60712,3.80356,3.80356,3.80356
29.5553,11.7691,8.61531,7.22757,2.59406,2.92191,3.28087,-16.8846,-11.9044,-6.74035,-3.92829,2.67087,-2.27229,11.4868,11.4868,7.65786,3.82893,3.82893,3.82893
29.5602,11.8389,8.71881,7.29141,2.61049,2.91849,3.32238,-17.5377,-11.5843,-6.89203,-4.07713,3.35003,-2.65297,11.5607,11.5607,7.70713,3.85357,3.85357,3.85357
29.5652,11.9215,8.8243,7.36031,2.62045,2.9128,3.36919,-17.6124,-11.6591,-6.94184,-4.10203,3.32513,-2.67787,11.6354,11.6354,7.75694,3.87847,3.87847,3.87847
29.5703,12.0121,8.93179,7.43304,2.62495,2.9054,3.41906,-17.5184,-11.8015,-6.67865,-3.77942,3.15094,-2.65334,11.7109,11.7109,7.80725,3.90362,3.90362,3.90362
29.5753,12.1003,9.03707,7.50112,2.61979,2.89846,3.46891,-17.9384,-11.6108,-7.12459,-3.47264,2.58832,-1.73384,11.7841,11.7841,7.85609,3.92804,3.92804,3.92804
29.5802,12.1943,9.14009,7.57112,2.6031,2.89978,3.51766,-17.0284,-12.2532,-6.65993,-4.31606,1.86082,-0.283698,11.8552,11.8552,7.90348,3.95174,3.95174,3.95174
29.5853,12.2702,9.24735,7.64005,2.58647,2.91732,3.56661,-17.2041,-12.6101,-6.91357,-4.79587,2.68925,0.180409,11.9285,11.9285,7.9523,3.97615,3.97615,3.97615
29.5902,12.3306,9.35049,7.70569,2.57757,2.93717,3.60894,-18.3927,-12.2266,-6.84923,-4.77769,3.20423,-0.157446,11.9981,11.9981,7.99873,3.99937,3.99937,3.99937
29.5953,12.4195,9.4578,7.77225,2.5747,2.95458,3.64659,-17.9365,-12.5742,-7.01619,-5.464,2.83256,-0.173078,12.0698,12.0698,8.04656,4.02328,4.02328,4.02328
29.6003,12.5052,9.56308,7.8386,2.58663,2.97342,3.6756,-19.0935,-13.0771,-7.12736,-5.43751,2.98325,-1.24783,12.1394,12.1394,8.09294,4.04647,4.04647,4.04647
29.6052,12.611,9.6664,7.90494,2.6093,2.99191,3.70558,-18.1326,-12.6757,-7.29564,-4.839,2.77032,-2.44608,12.2069,12.2069,8.13791,4.06896,4.06896,4.06896
29.6102,12.7113,9.77185,7.97509,2.63364,3.01325,3.74481,-18.2007,-12.7438,-7.34103,-4.86169,2.74763,-2.46877,12.275,12.275,8.1833,4.09165,4.09165,4.09165
29.6153,12.8079,9.87941,8.04821,2.65943,3.0371,3.78944,-17.7296,-12.1427,-7.23633,-4.55338,2.27762,-1.57258,12.3436,12.3436,8.22908,4.11454,4.11454,4.11454
29.6202,12.8782,9.98255,8.1162,2.68111,3.06539,3.83219,-18.1849,-12.2394,-7.18368,-4.83181,3.15839,-1.35421,12.4089,12.4089,8.27257,4.13629,4.13629,4.13629
29.6252,12.9461,10.0876,8.183,2.70254,3.09095,3.87465,-18.2507,-12.3052,-7.22755,-4.85374,3.13646,-1.37614,12.4747,12.4747,8.31644,4.15822,4.15822,4.15822
29.6302,13.0123,10.1925,8.24795,2.72337,3.11385,3.91581,-17.4883,-12.1378,-7.064,-4.46142,2.99058,-1.55514,12.5397,12.5397,8.3598,4.1799,4.1799,4.1799
29.6352,13.051,10.2973,8.30905,2.73945,3.13636,3.9563,-19.034,-12.6355,-7.17163,-5.64204,1.80996,0.39408,12.604,12.604,8.40264,4.20132,4.20132,4.20132
29.6402,13.123,10.402,8.36803,2.76474,3.1681,3.98204,-18.6168,-13.0142,-7.04466,-5.72944,3.76772,-0.256361,12.6674,12.6674,8.44496,4.22248,4.22248,4.22248
29.6454,13.2027,10.5109,8.42556,2.79748,3.19027,3.99683,-18.5796,-12.6538,-7.11112,-5.26265,2.40463,0.367747,12.7326,12.7326,8.48843,4.24421,4.24421,4.24421
29.6504,13.2808,10.6156,8.47855,2.82922,3.21596,3.99196,-20.312,-12.7275,-7.07713,-5.1922,2.49992,-0.456041,12.7945,12.7945,8.52968,4.26484,4.26484,4.26484
29.6554,13.3949,10.7201,8.52923,2.86013,3.24408,3.98156,-19.4709,-12.4971,-7.14921,-4.55845,3.80435,-1.09741,12.8556,12.8556,8.57041,4.28521,4.28521,4.28521
29.6606,13.5125,10.8288,8.58028,2.88456,3.2617,3.97478,-19.5336,-12.5598,-7.19101,-4.57935,3.78345,-1.11831,12.9183,12.9183,8.61221,4.30611,4.30611,4.30611
29.6652,13.614,10.9247,8.62407,2.89995,3.267,3.97261,-18.0714,-12.7248,-7.08748,-4.85428,2.92892,-2.02252,12.9731,12.9731,8.64871,4.32436,4.32436,4.32436
29.6702,13.6856,11.0288,8.67057,2.91412,3.27553,3.98448,-18.3981,-13.0988,-7.37953,-5.63562,3.03354,-1.4625,13.0318,13.0318,8.68787,4.34394,4.34394,4.34394
29.6752,13.7307,11.133,8.72228,2.93513,3.2856,4.00311,-18.7239,-12.9755,-7.16735,-5.91161,3.49447,-1.58117,13.0897,13.0897,8.72649,4.36325,4.36325,4.36325
29.6803,13.7669,11.2393,8.77489,2.9638,3.29107,4.02792,-18.1636,-14.33,-7.32324,-6.05523,2.78781,-0.797428,13.148,13.148,8.76534,4.38267,4.38267,4.38267
29.6853,13.7752,11.3437,8.83014,2.99693,3.30111,4.04781,-18.2199,-14.3863,-7.36077,-6.07399,2.76905,-0.816195,13.2043,13.2043,8.80287,4.40143,4.40143,4.40143
29.6903,13.766,11.4485,8.88912,3.03312,3.31482,4.06364,-17.846,-13.8981,-7.20548,-4.92501,2.89959,0.22515,13.2598,13.2598,8.83986,4.41993,4.41993,4.41993
29.6952,13.7318,11.5512,8.94623,3.06313,3.32878,4.06236,-18.0965,-13.4986,-7.26628,-5.55559,2.69129,-1.24999,13.3134,13.3134,8.87558,4.43779,4.43779,4.43779
29.7001,13.6886,11.6539,9.00495,3.09312,3.34615,4.06489,-18.1493,-13.5513,-7.30148,-5.57319,2.67369,-1.26759,13.3662,13.3662,8.91078,4.45539,4.45539,4.45539
29.7053,13.6396,11.7628,9.07001,3.12507,3.3677,4.07208,-19.1186,-13.7523,-7.24002,-6.4113,3.29286,-2.07258,13.4213,13.4213,8.94755,4.47378,4.47378,4.47378
29.7102,13.6322,11.8655,9.13319,3.16112,3.38394,4.09135,-19.1697,-13.8034,-7.27413,-6.42835,3.27581,-2.08963,13.4725,13.4725,8.98166,4.49083,4.49083,4.49083
29.7153,13.6596,11.9724,9.20213,3.20216,3.39781,4.11952,-19.0409,-13.7258,-7.22337,-6.34646,2.49658,-1.87526,13.5249,13.5249,9.01659,4.5083,4.5083,4.5083
29.7203,13.7077,12.0771,9.27196,3.24384,3.41845,4.15134,-19.0914,-13.7764,-7.25706,-6.3633,2.47974,-1.8921,13.5754,13.5754,9.05028,4.52514,4.52514,4.52514
29.7252,13.7682,12.1797,9.34297,3.2856,3.44372,4.18548,-19.3411,-14.3491,-7.16413,-5.57637,2.99343,-3.14205,13.6241,13.6241,9.08275,4.54137,4.54137,4.54137
29.7302,13.8429,12.2845,9.41629,3.32524,3.46809,4.228,-18.7004,-14.4098,-7.16536,-5.9073,3.20898,-2.56218,13.673,13.673,9.11533,4.55766,4.55766,4.55766
29.7353,13.9044,12.3914,9.49122,3.36412,3.48831,4.27348,-19.5374,-14.3524,-7.10814,-5.62555,3.02705,-0.997028,13.722,13.722,9.14798,4.57399,4.57399,4.57399
29.7403,13.9783,12.4962,9.56406,3.3991,3.50627,4.31372,-19.6949,-14.5217,-7.01,-6.14635,3.06929,-1.99807,13.7691,13.7691,9.17942,4.58971,4.58971,4.58971
29.7452,14.0617,12.5989,9.63385,3.43458,3.5218,4.35292,-19.2635,-13.8539,-6.79155,-7.33724,2.9134,-0.47312,13.8145,13.8145,9.20968,4.60484,4.60484,4.60484
29.7503,14.1415,12.7056,9.70174,3.4782,3.53804,4.38321,-20.3501,-13.5063,-6.67199,-5.99478,2.63298,-1.28346,13.8609,13.8609,9.2406,4.6203,4.6203,4.6203
29.7552,14.2366,12.8079,9.76023,3.51844,3.55634,4.40755,-19.0936,-13.55,-6.4984,-7.19339,1.88977,-1.73687,13.9046,13.9046,9.26974,4.63487,4.63487,4.63487
29.7605,14.3177,12.9181,9.81569,3.56523,3.5862,4.43377,-19.53,-13.427,-6.3642,-5.41209,2.56983,-1.84341,13.951,13.951,9.30065,4.65033,4.65033,4.65033
29.7654,14.3878,13.0197,9.85674,3.6028,3.61413,4.45958,-19.3947,-12.874,-6.26681,-6.75089,1.86031,-1.94849,13.993,13.993,9.32866,4.66433,4.66433,4.66433
29.7702,14.4455,13.1187,9.88762,3.64105,3.64636,4.48665,-19.309,-13.466,-6.08261,-5.96118,2.84874,-3.2619,14.0333,14.0333,9.35555,4.67778,4.67778,4.67778
29.7752,14.495,13.2214,9.91039,3.67756,3.67668,4.52475,-18.8655,-12.7507,-5.83627,-5.63542,2.9675,-2.59666,14.0745,14.0745,9.383,4.6915,4.6915,4.6915
29.7803,14.5149,13.3253,9.91948,3.70774,3.70336,4.5659,-18.9066,-12.7918,-5.86367,-5.64912,2.9538,-2.61036,14.1156,14.1156,9.4104,4.7052,4.7052,4.7052
29.7853,14.5099,13.4258,9.91855,3.73016,3.72564,4.60766,-19.0761,-12.9612,-5.71021,-5.3559,2.26998,-2.30058,14.155,14.155,9.43668,4.71834,4.71834,4.71834
29.7902,14.4959,13.5232,9.91027,3.74256,3.75217,4.64813,-20.0634,-13.8618,-5.38846,-7.1901,2.8701,-1.22022,14.1928,14.1928,9.46187,4.73094,4.73094,4.73094
29.7953,14.5108,13.6248,9.88896,3.76758,3.77782,4.68353,-20.1018,-13.9003,-5.41408,-7.20291,2.85729,-1.23303,14.2312,14.2312,9.48749,4.74375,4.74375,4.74375
29.8004,14.5531,13.7264,9.86032,3.80092,3.80148,4.71056,-19.4262,-14.1151,-5.23636,-5.71673,2.59639,-1.23725,14.2688,14.2688,9.5125,4.75625,4.75625,4.75625
29.8052,14.5877,13.8223,9.82625,3.82564,3.82466,4.72847,-19.4725,-14.2441,-5.06916,-6.11738,2.46898,-2.20094,14.3032,14.3032,9.53549,4.76774,4.76774,4.76774
29.8102,14.6224,13.9225,9.78502,3.84817,3.85113,4.75049,-20.5201,-14.224,-4.87516,-5.37559,3.44261,-2.02219,14.3383,14.3383,9.55885,4.77943,4.77943,4.77943
29.8152,14.6913,14.0228,9.73686,3.85936,3.86947,4.77308,-20.2155,-13.8248,-4.8436,-5.72645,3.11659,-1.47053,14.3724,14.3724,9.58163,4.79081,4.79081,4.79081
29.8203,14.7721,14.1246,9.68511,3.86641,3.88503,4.79134,-20.738,-13.5041,-4.63005,-5.68809,2.07855,-3.38625,14.4064,14.4064,9.60425,4.80213,4.80213,4.80213
29.8252,14.8675,14.2212,9.63184,3.86916,3.90819,4.82327,-20.7697,-13.5358,-4.6512,-5.69866,2.06798,-3.39682,14.4381,14.4381,9.6254,4.8127,4.8127,4.8127
29.8304,14.9779,14.3222,9.57648,3.86909,3.93802,4.86463,-20.0893,-13.8956,-4.61869,-5.29558,3.26594,-2.31478,14.4708,14.4708,9.64723,4.82362,4.82362,4.82362
29.8352,15.068,14.4147,9.52872,3.85999,3.95806,4.90196,-19.7483,-13.8816,-4.58602,-5.71108,3.51284,-1.91884,14.5002,14.5002,9.66681,4.8334,4.8334,4.8334
29.8402,15.1418,14.5101,9.48446,3.84649,3.96925,4.93722,-19.9198,-13.9744,-4.49505,-7.18655,3.05581,-1.50647,14.5299,14.5299,9.68661,4.84331,4.84331,4.84331
29.8452,15.2013,14.6047,9.44621,3.8485,3.9771,4.96456,-19.8896,-14.1096,-4.16523,-6.32675,4.21369,-0.431391,14.5587,14.5587,9.70582,4.85291,4.85291,4.85291
29.8504,15.2501,14.7028,9.40849,3.85475,3.96782,4.97098,-20.0368,-14.3907,-4.17621,-6.68418,4.31166,-1.69134,14.5877,14.5877,9.72516,4.86258,4.86258,4.86258
29.8556,15.2937,14.8015,9.37615,3.86769,3.94299,4.97313,-20.0648,-14.4188,-4.19491,-6.69353,4.30231,-1.70069,14.6158,14.6158,9.74386,4.87193,4.87193,4.87193
29.8602,15.3287,14.8891,9.35453,3.88369,3.91269,4.97192,-19.5608,-14.5295,-3.90158,-5.59201,2.88671,-1.94053,14.6398,14.6398,9.75985,4.87993,4.87993,4.87993
29.8653,15.3473,14.9867,9.33333,3.89291,3.88485,4.97077,-19.5865,-14.5552,-3.91872,-5.60058,2.87814,-1.9491,14.6655,14.6655,9.77699,4.8885,4.8885,4.8885
29.8703,15.3483,15.0829,9.31838,3.89493,3.86414,4.97031,-20.3279,-14.9853,-4.09375,-6.63539,4.55917,-1.95719,14.6898,14.6898,9.79318,4.89659,4.89659,4.89659
29.8755,15.3637,15.1843,9.31557,3.90347,3.8318,4.97104,-19.9306,-14.6589,-4.40255,-5.66645,3.69823,-2.76845,14.7141,14.7141,9.80938,4.90469,4.90469,4.90469
29.8804,15.3736,15.2796,9.33318,3.90484,3.80169,4.98315,-19.9526,-14.6809,-4.41722,-5.67378,3.6909,-2.77578,14.7361,14.7361,9.82405,4.91202,4.91202,4.91202
29.8855,15.3817,15.3787,9.3699,3.90112,3.77104,5.00466,-20.014,-14.3089,-4.52382,-6.26071,4.43705,-3.19711,14.758,14.758,9.83869,4.91935,4.91935,4.91935
29.8902,15.3883,15.4685,9.41741,3.89891,3.73836,5.03372,-20.652,-14.1746,-4.12503,-6.94614,2.94018,-1.8705,14.7774,14.7774,9.85163,4.92582,4.92582,4.92582
29.8953,15.4159,15.5632,9.46976,3.90605,3.71086,5.06041,-20.6721,-14.1948,-4.13847,-6.95285,2.93347,-1.87721,14.7976,14.7976,9.86507,4.93253,4.93253,4.93253
29.9003,15.4585,15.6524,9.52069,3.92248,3.69235,5.08136,-19.9778,-14.2215,-3.99636,-6.84321,3.99531,0.22791,14.8164,14.8164,9.87762,4.93881,4.93881,4.93881
29.9054,15.4852,15.7396,9.56915,3.94485,3.66936,5.07187,-20.5516,-14.0349,-4.26352,-5.5245,4.66818,-0.846299,14.8347,14.8347,9.8898,4.9449,4.9449,4.9449
29.9103,15.5209,15.8168,9.61731,3.95553,3.6382,5.05038,-19.7921,-13.9648,-4.41674,-6.54849,4.01679,-0.54549,14.8513,14.8513,9.9009,4.95045,4.95045,4.95045
29.9153,15.5364,15.8887,9.67048,3.96864,3.60575,5.01847,-20.0682,-14.0125,-4.45045,-6.56213,4.33435,-1.03937,14.8674,14.8674,9.91162,4.95581,4.95581,4.95581
29.9203,15.5456,15.9543,9.7263,3.98402,3.57082,4.98376,-19.4097,-14.5241,-4.40414,-6.84043,4.27133,-2.32783,14.8826,14.8826,9.92174,4.96087,4.96087,4.96087
29.9253,15.5249,16.0233,9.78332,4.00372,3.5352,4.95727,-19.5185,-14.9205,-4.29869,-5.07326,4.49842,-1.7861,14.8969,14.8969,9.93124,4.96562,4.96562,4.96562
29.9303,15.4818,16.0991,9.83873,4.00636,3.49815,4.93425,-20.5089,-14.5989,-4.07977,-7.1891,3.97234,-2.1383,14.9102,14.9102,9.94013,4.97006,4.97006,4.97006
29.9352,15.4644,16.1739,9.88753,4.01874,3.46473,4.91837,-20.2453,-14.8317,-4.01891,-6.93648,3.38868,-3.06972,14.9224,14.9224,9.94824,4.97412,4.97412,4.97412
29.9402,15.4617,16.2522,9.93076,4.03749,3.43815,4.91939,-19.4885,-15.3594,-4.0851,-6.15372,3.74916,-1.7322,14.9339,14.9339,9.95591,4.97796,4.97796,4.97796
29.9453,15.4455,16.3375,9.97001,4.05298,3.4147,4.91923,-19.456,-15.6342,-4.29921,-7.05155,4.60669,-1.16447,14.9447,14.9447,9.96311,4.98155,4.98155,4.98155
29.9504,15.4203,16.4275,10.0093,4.07485,3.38584,4.91007,-19.718,-15.3367,-4.16155,-7.51851,3.92445,-1.01043,14.9545,14.9545,9.96966,4.98483,4.98483,4.98483
29.9552,15.4039,16.5126,10.0429,4.10288,3.36121,4.89257,-22.6065,-15.2426,-4.12534,-6.62706,4.49298,-1.21194,14.9629,14.9629,9.97525,4.98762,4.98762,4.98762
29.9602,15.4869,16.6014,10.0756,4.12974,3.33352,4.86969,-20.7625,-15.2898,-4.12846,-7.41627,4.21713,-1.09035,14.9707,14.9707,9.98046,4.99023,4.99023,4.99023
29.9653,15.5772,16.6916,10.1064,4.16178,3.30651,4.84218,-19.9224,-15.1235,-3.73187,-7.95681,3.78423,-0.927094,14.9777,14.9777,9.98515,4.99257,4.99257,4.99257
29.9704,15.6408,16.7794,10.1237,4.19989,3.28545,4.81074,-19.826,-15.1296,-3.62305,-7.34612,3.7408,-1.98068,14.9838,14.9838,9.98919,4.9946,4.9946,4.9946
29.9755,15.6751,16.8647,10.127,4.23866,3.27088,4.78626,-21.3244,-14.8786,-3.45926,-7.3147,3.95438,-1.49386,14.9889,14.9889,9.9926,4.9963,4.9963,4.9963
29.9802,15.7369,16.9378,10.1148,4.27462,3.26007,4.76542,-19.965,-14.3348,-3.59976,-7.42362,4.45818,-2.34798,14.9927,14.9927,9.99516,4.99758,4.99758,4.99758
29.9853,15.7768,17.0041,10.0919,4.31434,3.24546,4.75388,-20.3899,-13.9519,-3.63537,-7.13491,3.78641,-3.46687,14.996,14.996,9.99733,4.99867,4.99867,4.99867
29.9902,15.8084,17.0474,10.0645,4.35103,3.23715,4.76732,-21.4322,-14.1393,-3.40487,-7.29297,3.28059,-2.68929,14.9982,14.9982,9.99882,4.99941,4.99941,4.99941
29.9952,15.8699,17.0787,10.029,4.38709,3.23957,4.79134,-19.6133,-14.4834,-3.47892,-7.47558,3.70242,-1.48914,14.9996,14.9996,9.99972,4.99986,4.99986,4.99986
