time,est_tau1,est_tau2,est_tau3,est_tau4,est_tau5,est_tau6,meas_tau1,meas_tau2,meas_tau3,meas_tau4,meas_tau5,meas_tau6,gt_tau1,gt_tau2,gt_tau3,gt_tau4,gt_tau5,gt_tau6
3.00029,0,0,0,0,0,0,-2.96288,17.9625,8.24714,-2.20248,11.6914,3.41964,0,0,0,0,0,0
3.00538,-0.00739418,-0.0315037,-0.0228756,-0.0463186,-0.346922,-0.0433973,-2.96288,17.9625,8.24714,-2.20248,11.6914,3.41964,0,0,0,0,0,0
3.0103,0.00331317,-0.0612863,-0.0459926,-0.062084,-0.585718,-0.0578644,-3.69178,18.0688,8.37881,-3.17124,10.1016,2.90628,0,0,0,0,0,0
3.01529,0.00305383,-0.0857163,-0.0647522,-0.0297577,-0.755323,-0.0840843,-2.56494,17.7103,8.00052,-3.89988,10.9296,3.6846,0,0,0,0,0,0
3.02032,-0.0257736,-0.101925,-0.076231,0.00958119,-0.945517,-0.146043,-2.56494,17.7103,8.00052,-3.89988,10.9296,3.6846,0,0,0,0,0,0
3.0253,-0.0156259,-0.110485,-0.0833738,0.0204892,-1.13446,-0.149418,-4.0976,17.2769,7.74345,-3.08016,11.2939,2.62476,0,0,0,0,0,0
3.03032,0.0317845,-0.112147,-0.0869684,0.0149517,-1.32486,-0.0890833,-4.0976,17.2769,7.74345,-3.08016,11.2939,2.62476,0,0,0,0,0,0
3.03529,0.0460955,-0.109477,-0.0854575,0.0358023,-1.53239,-0.0109675,-2.89196,16.9735,7.30455,-3.99924,12.0226,2.277,0,0,0,0,0,0
3.04032,0.0384486,-0.102032,-0.0900555,0.0499378,-1.72174,0.0566032,-3.37264,16.7214,8.0465,-2.99736,11.2277,2.6082,0,0,0,0,0,0
3.04531,0.0504759,-0.0919285,-0.112636,0.0216978,-1.79472,0.037138,-3.70754,16.5007,8.55019,-2.59992,10.0105,3.7674,0,0,0,0,0,0
3.05022,0.0709346,-0.0797371,-0.14132,-0.00429274,-1.79121,-0.0447834,-3.70754,16.5007,8.55019,-2.59992,10.0105,3.7674,0,0,0,0,0,0
3.05528,0.104277,-0.0677694,-0.169074,-0.0207358,-1.76746,-0.12655,-4.21974,16.5244,8.40807,-2.68272,9.70416,3.77568,0,0,0,0,0,0
3.06032,0.13266,-0.0562849,-0.185164,-0.0427952,-1.81672,-0.163994,-3.5263,16.5559,7.70792,-2.6082,11.4264,3.08016,0,0,0,0,0,0
3.0653,0.144981,-0.0443883,-0.190619,-0.0646433,-1.94873,-0.154949,-3.5263,16.5559,7.70792,-2.6082,11.4264,3.08016,0,0,0,0,0,0
3.07032,0.176605,-0.0355057,-0.197968,-0.0615701,-2.03533,-0.16501,-4.26702,16.8593,7.90856,-3.53556,10.6812,3.55212,0,0,0,0,0,0
3.07533,0.234705,-0.0350223,-0.205293,-0.0295382,-2.11869,-0.159882,-4.6886,17.2139,7.62014,-3.84192,11.5175,2.74896,0,0,0,0,0,0
3.08033,0.276731,-0.0480971,-0.210058,-0.0192553,-2.158,-0.136533,-3.81786,18.057,7.6703,-3.0222,10.0022,3.28716,0,0,0,0,0,0
3.0853,0.290003,-0.0721722,-0.216746,-0.0324455,-2.11746,-0.136238,-3.81786,18.057,7.6703,-3.0222,10.0022,3.28716,0,0,0,0,0,0
3.09031,0.313663,-0.106017,-0.218633,-0.0577979,-2.0954,-0.0859444,-4.3931,18.7977,7.21886,-2.55024,10.35,2.3184,0,0,0,0,0,0
3.0953,0.356516,-0.145269,-0.211167,-0.0634359,-2.15678,-0.0614357,-4.4719,18.652,7.02031,-3.42792,11.592,3.70116,0,0,0,0,0,0
3.10031,0.38322,-0.183042,-0.204262,-0.0664471,-2.22322,-0.0959211,-3.75088,18.585,7.2523,-2.80692,10.499,3.45276,0,0,0,0,0,0
3.10532,0.39413,-0.223423,-0.207394,-0.0782439,-2.28971,-0.149802,-3.85726,18.7505,7.70374,-2.95596,11.6582,3.91644,0,0,0,0,0,0
3.11032,0.405706,-0.26699,-0.217428,-0.0913434,-2.41008,-0.222728,-3.85726,18.7505,7.70374,-2.95596,11.6582,3.91644,0,0,0,0,0,0
3.11533,0.402344,-0.312562,-0.23643,-0.0993913,-2.46981,-0.269435,-3.31748,18.8371,8.37672,-3.2292,10.5984,3.51072,0,0,0,0,0,0
3.12032,0.388394,-0.355454,-0.261117,-0.101103,-2.46504,-0.288736,-3.31748,18.8371,8.37672,-3.2292,10.5984,3.51072,0,0,0,0,0,0
3.12531,0.382966,-0.394883,-0.281489,-0.124998,-2.54608,-0.319899,-3.58934,18.7702,8.16772,-2.3184,12.3952,3.82536,0,0,0,0,0,0
3.13032,0.381421,-0.429771,-0.296537,-0.167318,-2.70916,-0.365974,-3.58934,18.7702,8.16772,-2.3184,12.3952,3.82536,0,0,0,0,0,0
3.13531,0.379372,-0.464634,-0.306319,-0.173208,-2.89365,-0.371327,-3.66814,19.0223,7.86467,-3.59352,13.1238,3.07188,0,0,0,0,0,0
3.14031,0.378852,-0.49988,-0.31173,-0.14203,-3.09682,-0.327832,-3.66814,19.0223,7.86467,-3.59352,13.1238,3.07188,0,0,0,0,0,0
3.14531,0.383905,-0.535309,-0.313913,-0.110403,-3.24525,-0.280918,-3.92424,19.1917,7.60342,-3.53556,12.4117,3.0636,0,0,0,0,0,0
3.15029,0.394413,-0.568279,-0.310792,-0.0935741,-3.33452,-0.244553,-3.92424,19.1917,7.60342,-3.53556,12.4117,3.0636,0,0,0,0,0,0
3.15532,0.426118,-0.590882,-0.313496,-0.134883,-3.42162,-0.316337,-4.81862,18.3446,8.11338,-1.50696,12.6353,5.05908,0,0,0,0,0,0
3.1603,0.480733,-0.600437,-0.320413,-0.219313,-3.50208,-0.476313,-4.81862,18.3446,8.11338,-1.50696,12.6353,5.05908,0,0,0,0,0,0
3.16532,0.511894,-0.597519,-0.342835,-0.24895,-3.5892,-0.583656,-3.93212,17.2848,9.39246,-3.41964,12.9913,4.31388,0,0,0,0,0,0
3.17032,0.534722,-0.580273,-0.374756,-0.263612,-3.66551,-0.629744,-4.55464,16.9775,8.83025,-2.22732,12.6518,3.96612,0,0,0,0,0,0
3.17531,0.544176,-0.563079,-0.401768,-0.271791,-3.70637,-0.658808,-3.47508,17.1075,8.88041,-3.51072,12.3041,4.19796,0,0,0,0,0,0
3.18033,0.537554,-0.544581,-0.414645,-0.273784,-3.72448,-0.644456,-3.93606,17.1981,8.01724,-2.49228,12.4945,3.37824,0,0,0,0,0,0
3.18532,0.548045,-0.526341,-0.41934,-0.288905,-3.72423,-0.579002,-4.13306,17.005,8.21161,-3.09672,11.9646,3.22092,0,0,0,0,0,0
3.19032,0.563761,-0.505879,-0.425992,-0.280755,-3.69705,-0.519135,-4.13306,17.005,8.21161,-3.09672,11.9646,3.22092,0,0,0,0,0,0
3.19532,0.565151,-0.484679,-0.433822,-0.272375,-3.65816,-0.566431,-3.60904,16.8317,8.27222,-2.90628,11.6665,5.11704,0,0,0,0,0,0
3.2003,0.55333,-0.463322,-0.442411,-0.263018,-3.61149,-0.7038,-3.60904,16.8317,8.27222,-2.90628,11.6665,5.11704,0,0,0,0,0,0
3.2053,0.564804,-0.449543,-0.431457,-0.241677,-3.51041,-0.80988,-4.55858,17.403,6.66501,-3.2706,10.4328,4.7196,0,0,0,0,0,0
3.21031,0.599634,-0.445534,-0.403649,-0.214502,-3.35997,-0.881384,-4.55858,17.403,6.66501,-3.2706,10.4328,4.7196,0,0,0,0,0,0
3.2153,0.635051,-0.445317,-0.390359,-0.18048,-3.25107,-0.878408,-4.67678,17.4857,7.59715,-3.66804,10.9296,3.4362,0,0,0,0,0,0
3.22032,0.672615,-0.447755,-0.390803,-0.143998,-3.18394,-0.812761,-4.67678,17.4857,7.59715,-3.66804,10.9296,3.4362,0,0,0,0,0,0
3.2253,0.700775,-0.446074,-0.390212,-0.106795,-3.14369,-0.709333,-4.40886,16.9302,7.41114,-3.91644,11.2277,2.53368,0,0,0,0,0,0
3.23032,0.720773,-0.435627,-0.384777,-0.0650325,-3.11722,-0.56962,-4.40886,16.9302,7.41114,-3.91644,11.2277,2.53368,0,0,0,0,0,0
3.23532,0.746518,-0.425027,-0.381826,-0.0535132,-3.09464,-0.553062,-4.73982,17.0208,7.68911,-2.78208,11.3022,4.72788,0,0,0,0,0,0
3.24031,0.783816,-0.414836,-0.37463,-0.0449877,-3.07891,-0.600051,-4.7674,16.9696,7.07883,-3.79224,11.327,3.77568,0,0,0,0,0,0
3.24532,0.788508,-0.401807,-0.365525,-0.0049756,-3.02983,-0.628541,-3.60904,16.7135,7.52818,-4.15656,10.5984,4.24764,0,0,0,0,0,0
3.25031,0.783765,-0.383075,-0.355147,0.0265769,-2.93444,-0.62381,-4.41674,16.5283,7.06838,-3.78396,10.408,3.12984,0,0,0,0,0,0
3.2553,0.787692,-0.358464,-0.353353,0.0196444,-2.80183,-0.627246,-4.01092,16.2998,8.32656,-3.01392,9.8946,4.38012,0,0,0,0,0,0
3.26031,0.765741,-0.339403,-0.366691,-8.2413e-05,-2.68952,-0.626645,-3.54206,16.5401,7.90856,-3.13812,10.292,3.36168,0,0,0,0,0,0
3.26532,0.730396,-0.325788,-0.376792,-0.00597106,-2.61573,-0.568186,-3.54206,16.5401,7.90856,-3.13812,10.292,3.36168,0,0,0,0,0,0
3.27032,0.698783,-0.317868,-0.392113,-0.00568731,-2.61122,-0.550703,-3.70754,16.879,8.2346,-3.11328,11.4098,4.18968,0,0,0,0,0,0
3.27532,0.67794,-0.310893,-0.409163,-0.0110296,-2.65779,-0.575224,-3.70754,16.879,8.2346,-3.11328,11.4098,4.18968,0,0,0,0,0,0
3.28033,0.671023,-0.304911,-0.419068,0.000529772,-2.68402,-0.589455,-4.14488,17.0563,7.76017,-3.8916,11.1449,4.0158,0,0,0,0,0,0
3.28531,0.676815,-0.298896,-0.420683,0.0266574,-2.68881,-0.599545,-4.14488,17.0563,7.76017,-3.8916,11.1449,4.0158,0,0,0,0,0,0
3.2903,0.703247,-0.297593,-0.422058,0.00878309,-2.66938,-0.591622,-5.0038,17.5448,7.80406,-2.24388,10.7309,3.59352,0,0,0,0,0,0
3.2953,0.754618,-0.301604,-0.424204,-0.0416292,-2.63432,-0.570294,-5.0038,17.5448,7.80406,-2.24388,10.7309,3.59352,0,0,0,0,0,0
3.30031,0.804594,-0.31323,-0.425223,-0.0644902,-2.58562,-0.501854,-4.98804,18.1989,7.66403,-3.0636,10.3417,2.53368,0,0,0,0,0,0
3.30532,0.850136,-0.332863,-0.425575,-0.0713293,-2.52457,-0.386495,-4.98804,18.1989,7.66403,-3.0636,10.3417,2.53368,0,0,0,0,0,0
3.31031,0.872628,-0.356608,-0.431246,-0.103444,-2.4951,-0.363981,-4.28278,18.4707,8.0047,-2.1528,10.822,4.18968,0,0,0,0,0,0
3.31531,0.88028,-0.379217,-0.438261,-0.159687,-2.48962,-0.434754,-4.28278,18.4707,8.0047,-2.1528,10.822,4.18968,0,0,0,0,0,0
3.32031,0.870049,-0.398005,-0.442394,-0.191457,-2.49036,-0.491936,-3.56964,18.2422,7.87094,-3.07188,10.9544,3.933,0,0,0,0,0,0
3.32531,0.855801,-0.405386,-0.442842,-0.200561,-2.41334,-0.53583,-4.22762,17.4857,7.76226,-3.12156,9.28188,4.10688,0,0,0,0,0,0
3.33031,0.85785,-0.403521,-0.441122,-0.196497,-2.25323,-0.558584,-4.22762,17.4857,7.76226,-3.12156,9.28188,4.10688,0,0,0,0,0,0
3.33531,0.848195,-0.403077,-0.437755,-0.191157,-2.176,-0.511506,-3.8218,17.6197,7.60969,-2.90628,10.7226,3.0636,0,0,0,0,0,0
3.34032,0.832916,-0.404081,-0.433075,-0.193171,-2.18858,-0.417301,-3.8218,17.6197,7.60969,-2.90628,10.7226,3.0636,0,0,0,0,0,0
3.34532,0.831284,-0.395039,-0.439263,-0.185751,-2.23338,-0.43915,-4.31824,16.5047,8.38926,-3.32856,11.2194,5.175,0,0,0,0,0,0
3.3503,0.823603,-0.367988,-0.452322,-0.193607,-2.27308,-0.534547,-3.66814,16.1146,8.31193,-2.74896,10.9462,4.45464,0,0,0,0,0,0
3.3553,0.80429,-0.336138,-0.463277,-0.218394,-2.29368,-0.595016,-3.66814,16.1146,8.31193,-2.74896,10.9462,4.45464,0,0,0,0,0,0
3.36022,0.837904,-0.303887,-0.469137,-0.223378,-2.31759,-0.645711,-5.72876,15.9294,7.92737,-3.53556,11.0786,4.347,0,0,0,0,0,0
3.36518,0.885525,-0.268711,-0.474176,-0.222338,-2.3874,-0.627664,-4.35764,15.7285,8.24505,-3.17952,11.741,3.34512,0,0,0,0,0,0
3.37032,0.894739,-0.23217,-0.484181,-0.233723,-2.48854,-0.548036,-4.35764,15.7285,8.24505,-3.17952,11.741,3.34512,0,0,0,0,0,0
3.3753,0.879328,-0.205975,-0.491993,-0.252145,-2.53944,-0.502659,-3.56964,16.4022,8.01724,-2.90628,10.9627,3.96612,0,0,0,0,0,0
3.38032,0.844514,-0.189632,-0.498899,-0.27313,-2.54835,-0.498554,-3.56964,16.4022,8.01724,-2.90628,10.9627,3.96612,0,0,0,0,0,0
3.38532,0.839057,-0.177523,-0.499322,-0.293757,-2.56946,-0.543456,-4.73194,16.5559,7.38606,-2.75724,11.2111,4.83552,0,0,0,0,0,0
3.39031,0.846751,-0.167792,-0.507657,-0.325846,-2.66045,-0.623427,-4.05426,16.3865,8.52511,-2.47572,12.2461,4.52088,0,0,0,0,0,0
3.39532,0.840268,-0.152851,-0.527379,-0.363366,-2.78887,-0.671589,-4.05426,16.3865,8.52511,-2.47572,12.2461,4.52088,0,0,0,0,0,0
3.4003,0.845365,-0.137781,-0.536423,-0.369639,-2.83319,-0.69911,-4.51918,16.4613,7.78734,-3.61008,10.8965,4.35528,0,0,0,0,0,0
3.40531,0.843025,-0.127823,-0.535605,-0.348992,-2.84813,-0.652842,-3.83362,16.9775,7.86676,-3.3534,11.8238,3.04704,0,0,0,0,0,0
3.41033,0.830908,-0.124611,-0.53719,-0.326863,-2.91508,-0.563179,-3.83362,16.9775,7.86676,-3.3534,11.8238,3.04704,0,0,0,0,0,0
3.41532,0.84849,-0.11786,-0.545122,-0.309609,-3.00704,-0.527495,-4.9053,16.4456,8.26386,-3.01392,12.3124,3.73428,0,0,0,0,0,0
3.4203,0.869026,-0.104562,-0.547874,-0.29734,-3.06466,-0.569575,-4.11336,16.1855,7.34426,-3.17124,11.3353,4.31388,0,0,0,0,0,0
3.42532,0.886679,-0.0918793,-0.541976,-0.302272,-3.0589,-0.577993,-4.75558,16.3274,7.4822,-2.4426,11.0041,2.95596,0,0,0,0,0,0
3.43031,0.887328,-0.0816162,-0.547035,-0.302895,-3.06027,-0.505121,-3.35688,16.4377,8.26595,-3.16296,11.5837,2.59164,0,0,0,0,0,0
3.43533,0.860171,-0.0732402,-0.552881,-0.265213,-3.11511,-0.425926,-3.743,16.2407,7.32545,-4.20624,12.064,2.7324,0,0,0,0,0,0
3.4403,0.864962,-0.0605247,-0.549931,-0.241894,-3.14164,-0.381636,-4.4916,16.0122,7.59715,-2.59164,11.0621,3.41136,0,0,0,0,0,0
3.44532,0.878487,-0.044745,-0.543304,-0.270113,-3.02189,-0.39001,-4.08184,15.9806,7.09346,-2.10312,9.15768,3.75912,0,0,0,0,0,0
3.4503,0.905416,-0.0340589,-0.535733,-0.261366,-2.90654,-0.444187,-5.01562,16.2604,7.32754,-3.94956,10.9627,4.23936,0,0,0,0,0,0
3.4553,0.996458,-0.0241839,-0.544907,-0.171548,-2.83645,-0.531408,-6.62708,16.1973,8.52093,-5.53932,9.9774,4.4712,0,0,0,0,0,0
3.46033,1.07576,-0.0104688,-0.558083,-0.0811582,-2.81668,-0.536725,-4.85408,16.0594,7.80197,-3.99924,11.7742,2.91456,0,0,0,0,0,0
3.46531,1.10239,-0.00476298,-0.563187,-0.0496136,-2.93334,-0.479876,-4.89348,17.1154,8.06113,-3.65976,12.6518,3.519,0,0,0,0,0,0
3.47033,1.10708,-0.00857469,-0.570199,-0.0409683,-3.02528,-0.453175,-4.23156,17.3399,8.22206,-3.51072,11.6168,3.8502,0,0,0,0,0,0
3.47531,1.09134,-0.0137128,-0.582616,-0.0618491,-2.99493,-0.465964,-4.22368,17.2769,8.51884,-2.63304,10.5073,4.53744,0,0,0,0,0,0
3.4803,1.08873,-0.0190456,-0.589115,-0.0816536,-2.96542,-0.481013,-4.72406,17.2572,7.70792,-3.22092,11.534,3.90816,0,0,0,0,0,0
3.4853,1.08052,-0.0233255,-0.599611,-0.0911621,-2.97888,-0.477473,-3.96364,17.3124,8.93893,-3.11328,11.3519,4.0572,0,0,0,0,0,0
3.49032,1.06966,-0.0271864,-0.612729,-0.0639834,-2.9867,-0.479677,-4.63344,17.3005,7.98589,-4.33872,11.4761,3.82536,0,0,0,0,0,0
3.4953,1.05048,-0.0231903,-0.612241,-0.0332365,-2.99969,-0.483084,-3.51842,16.7411,7.99216,-3.44448,11.6417,4.0986,0,0,0,0,0,0
3.50035,1.01827,-0.00424234,-0.615025,-0.0363601,-3.06612,-0.536376,-4.10154,15.9215,8.30148,-2.9394,12.5608,4.94316,0,0,0,0,0,0
3.5053,1.01109,0.0255572,-0.620193,-0.031057,-3.13897,-0.623627,-4.30248,15.6182,8.20325,-3.75912,11.8073,4.93488,0,0,0,0,0,0
3.51034,1.01096,0.0612873,-0.618852,-0.050197,-3.15236,-0.680802,-4.29854,15.5236,7.93364,-2.41776,11.4595,4.58712,0,0,0,0,0,0
3.51523,1.01119,0.093295,-0.608919,-0.0698667,-3.16914,-0.685178,-4.3143,16.0949,7.72464,-3.29544,12.2047,3.99096,0,0,0,0,0,0
3.52024,1.02644,0.1128,-0.603453,-0.0918521,-3.15633,-0.636112,-5.01562,16.2683,7.95454,-2.50884,10.7474,3.40308,0,0,0,0,0,0
3.52528,1.05801,0.122514,-0.596707,-0.10346,-3.05951,-0.659926,-4.8659,16.8671,7.524,-3.94128,10.557,5.32404,0,0,0,0,0,0
3.53031,1.08285,0.12358,-0.58672,-0.0785096,-2.96498,-0.775435,-4.8659,16.8671,7.524,-3.94128,10.557,5.32404,0,0,0,0,0,0
3.53531,1.08078,0.118841,-0.5844,-0.0703978,-2.90055,-0.839865,-4.02668,17.1193,7.92946,-3.26232,10.8634,4.52088,0,0,0,0,0,0
3.54033,1.05755,0.114053,-0.585166,-0.0767995,-2.85736,-0.858147,-4.02668,17.1193,7.92946,-3.26232,10.8634,4.52088,0,0,0,0,0,0
3.5453,1.07311,0.111324,-0.579091,-0.0524216,-2.86707,-0.854819,-5.6736,16.9026,7.39442,-4.40496,11.8238,4.13172,0,0,0,0,0,0
3.55021,1.09006,0.112229,-0.571321,-0.0269633,-2.85763,-0.830561,-3.88878,16.9065,7.88348,-3.32856,10.4328,4.13172,0,0,0,0,0,0
3.55534,1.08489,0.112214,-0.574284,0.00174421,-2.8028,-0.803805,-4.70436,16.9144,8.16563,-4.52088,10.8965,4.20624,0,0,0,0,0,0
3.56031,1.12014,0.115918,-0.582597,0.0277509,-2.77264,-0.863019,-5.51206,16.3352,8.17817,-3.44448,10.7474,5.4648,0,0,0,0,0,0
3.56533,1.15647,0.13456,-0.589077,0.0186121,-2.74321,-0.941413,-4.66102,15.7206,8.16981,-3.07188,10.9379,4.554,0,0,0,0,0,0
3.57032,1.19588,0.161387,-0.603576,-0.00385125,-2.72681,-0.895104,-5.66178,15.5985,8.86996,-2.59164,11.0704,3.38652,0,0,0,0,0,0
3.5753,1.22388,0.187273,-0.61777,-0.0165241,-2.75979,-0.826239,-4.31036,15.6733,8.10711,-3.67632,11.8156,4.13172,0,0,0,0,0,0
3.58033,1.23037,0.210654,-0.614211,-0.0115071,-2.81762,-0.814131,-5.0432,16.2289,7.83332,-3.30372,11.6996,4.4712,0,0,0,0,0,0
3.58532,1.24256,0.22153,-0.6193,-0.0343925,-2.80463,-0.837081,-4.46796,16.3746,8.47077,-2.74896,10.2838,4.8852,0,0,0,0,0,0
3.59033,1.24684,0.221506,-0.622818,-0.068098,-2.76577,-0.883898,-4.78316,16.7726,7.34844,-3.03876,11.1035,4.79412,0,0,0,0,0,0
3.59533,1.26086,0.217307,-0.613883,-0.128901,-2.80123,-0.836621,-5.01562,16.6662,7.48847,-1.81332,11.6831,3.1878,0,0,0,0,0,0
3.60032,1.28313,0.220961,-0.601309,-0.213944,-2.84925,-0.699811,-5.01562,16.6662,7.48847,-1.81332,11.6831,3.1878,0,0,0,0,0,0
3.60532,1.2794,0.223832,-0.584386,-0.227051,-2.85668,-0.653442,-4.08972,16.9105,7.25439,-4.4298,11.1283,4.91832,0,0,0,0,0,0
3.61033,1.26287,0.225524,-0.569422,-0.200641,-2.87837,-0.726326,-4.53888,16.6504,7.54281,-3.21264,11.8487,5.175,0,0,0,0,0,0
3.61532,1.25759,0.236651,-0.563001,-0.194416,-2.95808,-0.775778,-4.4128,15.8309,7.82078,-3.5604,12.1385,4.53744,0,0,0,0,0,0
3.62034,1.26176,0.267898,-0.555609,-0.205524,-2.96821,-0.722302,-4.9447,14.9878,7.61178,-2.68272,10.7474,3.17952,0,0,0,0,0,0
3.62531,1.25842,0.294794,-0.550047,-0.212495,-2.9346,-0.714,-4.00304,15.9806,7.76644,-3.7674,11.3105,5.44824,0,0,0,0,0,0
3.6303,1.24707,0.311231,-0.54826,-0.198496,-2.9973,-0.810331,-4.48372,15.8979,7.87303,-3.36168,12.5276,5.19156,0,0,0,0,0,0
3.63533,1.24775,0.323411,-0.551335,-0.151295,-3.09043,-0.915121,-4.54282,16.024,7.88557,-5.0094,11.7824,5.58072,0,0,0,0,0,0
3.64034,1.24046,0.326653,-0.55977,-0.0729326,-3.15293,-0.92492,-4.24338,16.5638,8.21788,-4.79412,12.1468,3.70944,0,0,0,0,0,0
3.64531,1.27505,0.317012,-0.573308,-0.0343961,-3.18974,-0.85223,-6.20156,16.9302,8.08621,-3.4776,11.443,4.04892,0,0,0,0,0,0
3.65033,1.32718,0.314817,-0.579942,-0.0104879,-3.18837,-0.907886,-5.0432,16.4337,8.1092,-4.2642,11.7328,6.13548,0,0,0,0,0,0
3.65532,1.35681,0.321379,-0.574794,0.0181989,-3.14202,-0.920319,-5.32294,16.5716,7.5449,-3.82536,10.7888,3.17124,0,0,0,0,0,0
3.66033,1.38214,0.328557,-0.550874,0.0204872,-3.10319,-0.823101,-4.92894,16.7174,6.9179,-3.53556,11.7328,4.23108,0,0,0,0,0,0
3.66531,1.39583,0.341276,-0.539715,0.00963673,-3.08323,-0.77767,-5.12988,15.7718,8.36418,-3.45276,11.0041,4.18968,0,0,0,0,0,0
3.67032,1.40386,0.360256,-0.546862,-0.00369549,-2.97223,-0.804206,-4.74376,15.957,8.19698,-3.46932,10.0188,5.65524,0,0,0,0,0,0
3.67524,1.40768,0.386275,-0.536919,0.01465,-2.82916,-0.885381,-4.8462,15.0705,7.07047,-4.44636,10.143,5.1336,0,0,0,0,0,0
3.6802,1.41071,0.413292,-0.524975,0.0307229,-2.71516,-0.844395,-4.6886,15.5906,7.82287,-3.19608,10.1927,3.3534,0,0,0,0,0,0
3.68534,1.39992,0.418767,-0.516946,0.0275106,-2.64008,-0.796247,-4.27884,16.6071,6.98896,-3.48588,10.3997,4.83552,0,0,0,0,0,0
3.69032,1.34378,0.409032,-0.503747,0.0163624,-2.61197,-0.802765,-2.92742,16.7332,7.18751,-2.97252,10.6812,4.35528,0,0,0,0,0,0
3.69531,1.30535,0.394801,-0.501188,0.000881524,-2.52676,-0.76438,-4.73982,16.879,7.68911,-3.04704,9.11628,3.75912,0,0,0,0,0,0
3.70035,1.30872,0.374638,-0.500238,-0.00837737,-2.38375,-0.702368,-4.40886,17.1508,7.17497,-3.11328,9.37296,3.88332,0,0,0,0,0,0
3.70531,1.3078,0.353157,-0.492796,-0.019119,-2.27131,-0.654303,-4.40886,17.1508,7.17497,-3.11328,9.37296,3.88332,0,0,0,0,0,0
3.71033,1.32312,0.346174,-0.494743,-0.0303941,-2.22374,-0.670631,-5.22444,15.5,7.79988,-3.16296,10.3831,5.0508,0,0,0,0,0,0
3.71531,1.36362,0.363702,-0.498623,-0.0373727,-2.22248,-0.74697,-5.22444,15.5,7.79988,-3.16296,10.3831,5.0508,0,0,0,0,0,0
3.72031,1.38187,0.378953,-0.502907,-0.00988643,-2.18782,-0.770959,-4.48372,15.8979,7.97126,-4.4712,9.80352,4.09032,0,0,0,0,0,0
3.72533,1.38175,0.390375,-0.525442,0.0220147,-2.15887,-0.720965,-4.5704,15.5354,9.0079,-3.44448,10.2258,3.70116,0,0,0,0,0,0
3.73033,1.38386,0.402045,-0.538152,0.00983538,-2.16643,-0.751314,-4.81468,15.9846,7.34426,-3.17124,10.5156,5.6304,0,0,0,0,0,0
3.73532,1.38546,0.405605,-0.542274,0.0123874,-2.14601,-0.898193,-4.33794,16.4534,8.46868,-4.12344,9.78696,6.11064,0,0,0,0,0,0
3.74033,1.38164,0.398505,-0.556922,0.00829136,-2.14327,-1.02192,-4.5704,16.7292,8.01515,-2.99736,10.7392,5.37372,0,0,0,0,0,0
3.74533,1.41087,0.378155,-0.557761,-0.00732145,-2.21707,-1.03222,-5.56328,17.6867,7.37143,-3.69288,11.2194,4.32216,0,0,0,0,0,0
3.75032,1.44923,0.347722,-0.560484,-0.039364,-2.32411,-1.04398,-5.05502,17.4463,7.96499,-2.09484,11.2774,5.70492,0,0,0,0,0,0
3.75534,1.46927,0.328063,-0.565104,-0.0486885,-2.40345,-1.07033,-4.74376,16.7844,7.59297,-4.17312,10.8716,4.66164,0,0,0,0,0,0
3.76034,1.47926,0.314566,-0.559683,-0.0409727,-2.4676,-1.044,-4.925,17.0641,7.31291,-3.00564,11.2691,4.52088,0,0,0,0,0,0
3.76531,1.48969,0.306789,-0.550355,-0.0589521,-2.48848,-1.00216,-4.75558,16.2604,7.27111,-2.88972,10.3086,4.347,0,0,0,0,0,0
3.77031,1.4953,0.319766,-0.549444,-0.0558768,-2.50203,-0.982029,-4.55858,15.3857,8.14055,-3.78396,11.2442,4.85208,0,0,0,0,0,0
3.77531,1.48436,0.329479,-0.54983,-0.0489637,-2.59906,-1.04931,-4.21974,16.615,7.38815,-3.0636,11.8156,5.98644,0,0,0,0,0,0
3.7803,1.47239,0.329032,-0.545515,-0.0350242,-2.64532,-1.02428,-4.45614,16.4062,7.79152,-3.95784,10.4494,3.13812,0,0,0,0,0,0
3.78533,1.46732,0.312266,-0.544542,0.000909102,-2.61338,-0.90643,-4.61374,17.7576,7.36725,-4.13172,10.2838,4.13172,0,0,0,0,0,0
3.79033,1.47301,0.279087,-0.542008,0.0572007,-2.57955,-0.87272,-4.77922,17.7142,7.46339,-4.72788,10.2175,4.66992,0,0,0,0,0,0
3.79532,1.47102,0.248182,-0.546299,0.0946814,-2.5139,-0.891199,-4.26308,17.399,7.76644,-3.59352,9.58824,4.95144,0,0,0,0,0,0
3.80032,1.50365,0.223701,-0.551715,0.105747,-2.47016,-0.859401,-5.8903,17.2572,7.64313,-4.13172,10.5239,3.67632,0,0,0,0,0,0
3.80533,1.53499,0.213182,-0.557644,0.128551,-2.50665,-0.827024,-4.4128,16.1304,7.87303,-4.347,11.0786,5.0094,0,0,0,0,0,0
3.81031,1.54864,0.229836,-0.56852,0.117152,-2.51635,-0.882436,-5.07078,15.1651,8.35791,-2.74068,10.1927,5.31576,0,0,0,0,0,0
3.81533,1.57233,0.247127,-0.572721,0.0740276,-2.50933,-0.922381,-5.04714,16.091,7.36098,-2.93112,10.8385,4.74444,0,0,0,0,0,0
3.82021,1.60275,0.255419,-0.566422,0.0568376,-2.53903,-0.915562,-5.23626,15.8467,7.38606,-3.34512,10.7557,4.8024,0,0,0,0,0,0
3.82525,1.6298,0.25108,-0.558485,0.0708891,-2.50335,-0.958834,-4.87378,17.6591,7.53654,-4.08204,9.73728,5.64696,0,0,0,0,0,0
3.83032,1.67438,0.225977,-0.562799,0.10553,-2.43445,-1.03815,-6.0479,16.9814,7.75181,-4.27248,9.87804,5.35716,0,0,0,0,0,0
3.83533,1.74781,0.212047,-0.56654,0.142971,-2.38175,-1.09599,-6.0479,16.9814,7.75181,-4.27248,9.87804,5.35716,0,0,0,0,0,0
3.8403,1.78779,0.195298,-0.554497,0.121048,-2.3642,-1.0289,-5.0432,17.1942,6.46437,-1.96236,10.3914,2.98908,0,0,0,0,0,0
3.84532,1.81711,0.171567,-0.547544,0.104326,-2.34507,-0.964148,-5.61844,17.4187,7.94409,-4.18968,9.67932,5.40684,0,0,0,0,0,0
3.85024,1.83467,0.156235,-0.556161,0.129536,-2.37036,-1.05385,-4.71618,15.8979,7.31709,-4.03236,11.0124,6.01128,0,0,0,0,0,0
3.85531,1.85294,0.166877,-0.550758,0.120888,-2.41913,-1.07022,-5.40962,15.6891,7.36098,-2.95596,10.3914,3.94128,0,0,0,0,0,0
3.86033,1.86398,0.175537,-0.556773,0.105933,-2.3754,-1.04458,-4.66102,16.0634,8.19071,-3.3534,9.43092,5.2578,0,0,0,0,0,0
3.86531,1.83388,0.184513,-0.565025,0.135295,-2.30143,-1.05138,-3.68784,15.894,7.70374,-4.57884,9.86148,4.8438,0,0,0,0,0,0
3.87033,1.80655,0.178191,-0.567857,0.161573,-2.24411,-1.01314,-4.99986,17.0602,7.4822,-3.27888,9.41436,4.25592,0,0,0,0,0,0
3.8753,1.80053,0.169351,-0.565567,0.148649,-2.20919,-0.955453,-4.43644,16.4653,7.53445,-2.91456,10.3666,4.36356,0,0,0,0,0,0
3.88033,1.77958,0.159766,-0.559015,0.153808,-2.22156,-0.942888,-4.23156,17.0878,7.15198,-4.10688,10.085,5.00112,0,0,0,0,0,0
3.88518,1.76408,0.143342,-0.555667,0.145798,-2.15265,-0.913616,-4.77528,16.6504,7.39024,-2.74896,8.56152,4.10688,0,0,0,0,0,0
3.89036,1.76601,0.14604,-0.546845,0.124975,-2.1135,-0.836209,-4.58222,15.7324,7.11854,-3.59352,10.7557,4.09032,0,0,0,0,0,0
3.89534,1.75864,0.161108,-0.537356,0.0893044,-2.14074,-0.751923,-4.25126,15.433,7.27738,-2.277,9.74556,3.65976,0,0,0,0,0,0
3.90034,1.72426,0.187981,-0.535124,0.0159713,-2.10464,-0.754719,-3.51842,14.7514,7.77689,-1.72224,9.55512,5.5476,0,0,0,0,0,0
3.90536,1.69235,0.197944,-0.523219,-0.0513392,-2.08256,-0.764182,-4.30642,16.5047,6.13206,-2.17764,9.70416,3.83364,0,0,0,0,0,0
3.91035,1.67549,0.181809,-0.522626,-0.0758827,-2.04267,-0.718655,-3.83756,16.4377,8.01306,-2.94768,8.66916,4.35528,0,0,0,0,0,0
3.91539,1.68057,0.166128,-0.526786,-0.0998432,-1.91884,-0.742799,-5.1614,16.2801,6.39122,-2.1528,7.93224,5.10876,0,0,0,0,0,0
3.92038,1.72798,0.152505,-0.510855,-0.137347,-1.77302,-0.812566,-5.1614,16.2801,6.39122,-2.1528,7.93224,5.10876,0,0,0,0,0,0
3.92539,1.75822,0.138051,-0.510289,-0.152422,-1.65092,-0.783595,-4.73588,15.9294,7.3777,-2.90628,8.08128,3.15468,0,0,0,0,0,0
3.9304,1.73651,0.139244,-0.503695,-0.125505,-1.56471,-0.724134,-3.02198,14.7947,5.85618,-4.03236,8.20548,4.62852,0,0,0,0,0,0
3.93536,1.73944,0.156435,-0.494447,-0.0487639,-1.60179,-0.824363,-5.30718,14.4716,7.17079,-4.33872,10.1678,5.9202,0,0,0,0,0,0
3.94034,1.80607,0.158404,-0.507484,0.0271768,-1.66711,-0.99137,-5.6145,16.217,7.57834,-4.50432,8.79336,6.03612,0,0,0,0,0,0
3.94536,1.88065,0.150454,-0.518694,0.0968995,-1.6377,-1.13946,-5.6145,16.217,7.57834,-4.50432,8.79336,6.03612,0,0,0,0,0,0
3.95037,1.91904,0.131082,-0.530787,0.139865,-1.64294,-1.21598,-4.75164,17.2848,7.73718,-3.75084,9.74556,5.0922,0,0,0,0,0,0
3.95538,1.93432,0.10504,-0.541784,0.150029,-1.69528,-1.22589,-4.75164,17.2848,7.73718,-3.75084,9.74556,5.0922,0,0,0,0,0,0
3.96038,1.93547,0.0794229,-0.553944,0.139803,-1.7577,-1.17369,-4.74376,16.8947,7.67448,-3.21264,10.0022,4.03236,0,0,0,0,0,0
3.96536,1.9423,0.0624565,-0.562284,0.108353,-1.83528,-1.06497,-4.74376,16.8947,7.67448,-3.21264,10.0022,4.03236,0,0,0,0,0,0
3.97034,1.95887,0.0503177,-0.586466,0.0674402,-1.81506,-1.01054,-5.54358,16.0161,8.74665,-2.91456,8.03988,5.02596,0,0,0,0,0,0
3.97533,1.96095,0.0510637,-0.613213,0.0463162,-1.75223,-0.960583,-3.89666,16.087,8.09457,-3.40308,9.24048,4.00752,0,0,0,0,0,0
3.98028,1.92881,0.0532071,-0.629728,0.0333836,-1.75835,-0.853297,-3.89666,16.087,8.09457,-3.40308,9.24048,4.00752,0,0,0,0,0,0
3.98534,1.89673,0.0343877,-0.646982,0.0147347,-1.7979,-0.8011,-4.17246,17.6473,7.89811,-3.23748,9.729,5.11704,0,0,0,0,0,0
3.99035,1.88332,0.00576815,-0.656673,-0.00348378,-1.85322,-0.821161,-4.17246,17.6473,7.89811,-3.23748,9.729,5.11704,0,0,0,0,0,0
3.99531,1.88103,-0.0208711,-0.663374,-0.013071,-1.85878,-0.875638,-4.91712,17.0996,7.51773,-3.41964,8.86788,5.6718,0,0,0,0,0,0
4.00031,1.90873,-0.0339055,-0.6596,-0.00799178,-1.8079,-0.958094,-4.91712,17.0996,7.51773,-3.41964,8.86788,5.6718,0,0,0,0,0,0
4.00542,1.93713,-0.0452665,-0.654442,0.00305311,-1.75207,-1.038,-4.91712,17.0996,7.51773,-3.41964,8.86788,5.6718,0,0,0,0,0,0
4.01034,1.95036,-0.0436171,-0.647984,0.0232855,-1.74918,-1.04742,-4.79498,15.3305,7.12272,-3.67632,9.78696,4.42152,0,0,0,0,0,0
4.01537,1.97333,-0.037732,-0.645209,0.0382491,-1.74534,-1.03494,-5.0235,16.7923,7.77689,-3.23748,8.67744,5.48136,0,0,0,0,0,0
4.02035,2.00184,-0.0415394,-0.646793,0.0305164,-1.67818,-1.07432,-5.0235,16.7923,7.77689,-3.23748,8.67744,5.48136,0,0,0,0,0,0
4.02538,2.01926,-0.054775,-0.647814,-0.00548563,-1.61504,-1.05001,-5.08654,17.2572,7.50728,-2.34324,8.71056,4.23936,0,0,0,0,0,0
4.03035,2.04859,-0.0693634,-0.643816,-0.0509763,-1.55995,-0.964467,-5.08654,17.2572,7.50728,-2.34324,8.71056,4.23936,0,0,0,0,0,0
4.03535,2.04167,-0.0901982,-0.651081,-0.0593691,-1.54456,-0.963417,-4.01092,17.1902,8.01724,-3.48588,9.33156,5.81256,0,0,0,0,0,0
4.04035,2.01657,-0.110023,-0.666273,-0.0493104,-1.57869,-1.0364,-4.01092,17.1902,8.01724,-3.48588,9.33156,5.81256,0,0,0,0,0,0
4.04536,1.99205,-0.12627,-0.676205,-0.0536533,-1.6312,-1.05839,-4.47584,16.02,7.11018,-3.1464,9.4806,4.95972,0,0,0,0,0,0
4.05035,1.99772,-0.122633,-0.669332,-0.0592897,-1.69919,-1.04173,-4.47584,16.02,7.11018,-3.1464,9.4806,4.95972,0,0,0,0,0,0
4.05536,2.00899,-0.130501,-0.677128,-0.044061,-1.69543,-0.997873,-4.9841,16.7805,8.09457,-3.78396,7.97364,4.31388,0,0,0,0,0,0
4.06037,2.01825,-0.146712,-0.683225,-0.0424359,-1.68886,-0.928654,-4.2158,16.5598,6.74025,-2.53368,9.38124,4.38012,0,0,0,0,0,0
4.06546,2.01457,-0.158998,-0.670692,-0.0687134,-1.75341,-0.868582,-4.2158,16.5598,6.74025,-2.53368,9.38124,4.38012,0,0,0,0,0,0
4.07038,1.99889,-0.168498,-0.656122,-0.0682922,-1.75836,-0.835517,-4.13306,15.7285,6.23029,-3.45276,8.2386,4.74444,0,0,0,0,0,0
4.07539,2.0206,-0.167086,-0.64958,-0.0546371,-1.74438,-0.852809,-5.19686,16.0003,7.64104,-3.65148,9.12456,5.34888,0,0,0,0,0,0
4.08039,2.07058,-0.164251,-0.658013,-0.0437074,-1.7674,-0.9028,-5.19686,16.0003,7.64104,-3.65148,9.12456,5.34888,0,0,0,0,0,0
4.0853,2.11584,-0.171599,-0.657658,-0.0633996,-1.74026,-0.878819,-5.64602,16.5244,6.69636,-2.5668,8.1558,3.90816,0,0,0,0,0,0
4.09018,2.13858,-0.176271,-0.64441,-0.0861919,-1.70441,-0.902004,-4.30642,15.8546,6.63366,-3.08016,8.86788,6.35076,0,0,0,0,0,0
4.0953,2.14075,-0.171068,-0.627604,-0.0925073,-1.71181,-1.04133,-4.30642,15.8546,6.63366,-3.08016,8.86788,6.35076,0,0,0,0,0,0
4.10023,2.15941,-0.173978,-0.61363,-0.0930323,-1.6937,-1.13221,-4.9841,16.3628,6.63784,-3.17952,8.23032,5.7546,0,0,0,0,0,0
4.10528,2.16458,-0.175716,-0.598791,-0.10276,-1.64291,-1.18594,-4.36158,15.2517,6.28672,-2.83176,8.34624,5.78772,0,0,0,0,0,0
4.11031,2.16997,-0.159082,-0.575746,-0.122309,-1.60541,-1.24175,-4.36158,15.2517,6.28672,-2.83176,8.34624,5.78772,0,0,0,0,0,0
4.1153,2.16989,-0.148063,-0.570477,-0.118493,-1.58952,-1.27171,-4.31824,15.5985,7.55535,-3.73428,8.61948,5.29092,0,0,0,0,0,0
4.12033,2.14573,-0.155971,-0.581584,-0.0869476,-1.55603,-1.2705,-3.9794,16.3195,7.13108,-4.11516,7.89084,5.44824,0,0,0,0,0,0
4.12533,2.12782,-0.168183,-0.585861,-0.0402793,-1.48538,-1.27065,-3.9794,16.3195,7.13108,-4.11516,7.89084,5.44824,0,0,0,0,0,0
4.13033,2.11091,-0.194544,-0.593476,-0.00119398,-1.48616,-1.20904,-4.36158,17.0169,7.01613,-3.70944,9.19908,4.2642,0,0,0,0,0,0
4.13534,2.12485,-0.225983,-0.610727,0.0297745,-1.52344,-1.18738,-4.89348,16.875,7.84168,-4.04064,8.26344,6.19344,0,0,0,0,0,0
4.1403,2.16193,-0.243838,-0.628913,0.0553505,-1.50015,-1.26949,-4.89348,16.875,7.84168,-4.04064,8.26344,6.19344,0,0,0,0,0,0
4.14531,2.20443,-0.261677,-0.645781,0.056148,-1.54971,-1.34706,-5.52782,16.7686,7.76017,-3.30372,9.80352,6.09408,0,0,0,0,0,0
4.15035,2.27095,-0.269983,-0.655112,0.0434914,-1.66603,-1.4112,-5.52782,16.7686,7.76017,-3.30372,9.80352,6.09408,0,0,0,0,0,0
4.15537,2.33241,-0.277239,-0.663103,0.0353361,-1.7684,-1.46775,-5.52782,16.7686,7.76017,-3.30372,9.80352,6.09408,0,0,0,0,0,0
4.16037,2.37914,-0.292413,-0.675991,0.00849078,-1.76132,-1.46688,-5.62632,16.7844,7.76226,-2.39292,7.7832,5.06736,0,0,0,0,0,0
4.16538,2.43733,-0.296995,-0.680989,-0.0385467,-1.63841,-1.40044,-5.62632,16.7844,7.76226,-2.39292,7.7832,5.06736,0,0,0,0,0,0
4.17038,2.46326,-0.297862,-0.673804,-0.0646702,-1.55848,-1.29561,-5.08654,15.8664,6.55424,-3.08016,8.5284,4.35528,0,0,0,0,0,0
4.17537,2.46951,-0.305178,-0.684195,-0.072742,-1.57107,-1.17899,-4.53888,16.7095,8.55855,-2.88144,8.80992,4.57056,0,0,0,0,0,0
4.18037,2.47178,-0.314724,-0.715468,-0.0937057,-1.60268,-1.09008,-4.53888,16.7095,8.55855,-2.88144,8.80992,4.57056,0,0,0,0,0,0
4.18538,2.4686,-0.343413,-0.728704,-0.13061,-1.6226,-1.03606,-4.7871,17.9979,6.82803,-2.37636,8.50356,4.98456,0,0,0,0,0,0
4.19038,2.48857,-0.380064,-0.717235,-0.164689,-1.62711,-1.00902,-4.7871,17.9979,6.82803,-2.37636,8.50356,4.98456,0,0,0,0,0,0
4.19537,2.47991,-0.406297,-0.715005,-0.178896,-1.58249,-0.96862,-4.16064,16.0673,7.05375,-2.76552,7.42716,4.64508,0,0,0,0,0,0
4.20026,2.46933,-0.404879,-0.710912,-0.175534,-1.48902,-0.912506,-4.16064,16.0673,7.05375,-2.76552,7.42716,4.64508,0,0,0,0,0,0
4.20537,2.45471,-0.400336,-0.699537,-0.152345,-1.4196,-0.926399,-4.5704,15.0902,6.12788,-3.38652,7.75008,6.003,0,0,0,0,0,0
4.21037,2.46745,-0.385054,-0.677618,-0.132102,-1.38356,-1.00461,-4.5704,15.0902,6.12788,-3.38652,7.75008,6.003,0,0,0,0,0,0
4.21534,2.44535,-0.38906,-0.672493,-0.149744,-1.33542,-1.05163,-3.72724,15.8861,6.80713,-2.26872,7.22844,5.53104,0,0,0,0,0,0
4.22038,2.42533,-0.39017,-0.668837,-0.200241,-1.25921,-1.07892,-3.72724,15.8861,6.80713,-2.26872,7.22844,5.53104,0,0,0,0,0,0
4.22537,2.40147,-0.380459,-0.683808,-0.215101,-1.24247,-1.15493,-3.92818,14.2313,8.0047,-3.65148,8.25516,6.46668,0,0,0,0,0,0
4.23036,2.3975,-0.347502,-0.710231,-0.196952,-1.29253,-1.26301,-3.92818,14.2313,8.0047,-3.65148,8.25516,6.46668,0,0,0,0,0,0
4.23536,2.40902,-0.33656,-0.721471,-0.203229,-1.26025,-1.2959,-5.19292,15.5709,6.36196,-2.67444,6.417,5.24952,0,0,0,0,0,0
4.24039,2.465,-0.33542,-0.708437,-0.224662,-1.13366,-1.25285,-5.19292,15.5709,6.36196,-2.67444,6.417,5.24952,0,0,0,0,0,0
4.24537,2.51094,-0.350798,-0.698076,-0.227624,-1.08306,-1.13427,-5.56722,16.1934,6.07563,-3.09672,7.67556,3.79224,0,0,0,0,0,0
4.25029,2.58248,-0.361355,-0.676595,-0.213789,-1.09836,-0.964023,-5.56722,16.1934,6.07563,-3.09672,7.67556,3.79224,0,0,0,0,0,0
4.25537,2.61462,-0.361494,-0.651808,-0.198213,-1.14962,-0.903227,-4.48766,14.6332,5.62628,-2.99736,8.31312,5.6304,0,0,0,0,0,0
4.26036,2.62931,-0.337954,-0.61762,-0.19942,-1.2231,-0.94,-4.48766,14.6332,5.62628,-2.99736,8.31312,5.6304,0,0,0,0,0,0
4.26537,2.63395,-0.318055,-0.602775,-0.222149,-1.25062,-1.00188,-4.73982,14.2076,6.69845,-2.40948,7.46856,6.17688,0,0,0,0,0,0
4.27038,2.66036,-0.287141,-0.598165,-0.248398,-1.23744,-1.08848,-4.73982,14.2076,6.69845,-2.40948,7.46856,6.17688,0,0,0,0,0,0
4.27537,2.66212,-0.264474,-0.590276,-0.25122,-1.24427,-1.05869,-4.07002,14.5583,6.1655,-3.0222,7.7418,3.96612,0,0,0,0,0,0
4.28038,2.62019,-0.249712,-0.588804,-0.261379,-1.17958,-0.968755,-3.49478,14.7553,7.12063,-2.51712,6.26796,4.95972,0,0,0,0,0,0
4.28537,2.58418,-0.23264,-0.596148,-0.276516,-1.0427,-0.933157,-3.49478,14.7553,7.12063,-2.51712,6.26796,4.95972,0,0,0,0,0,0
4.29024,2.5453,-0.236402,-0.601854,-0.286816,-0.940294,-0.95255,-3.84938,15.76,6.479,-2.47572,6.61572,5.9616,0,0,0,0,0,0
4.29524,2.53104,-0.248161,-0.599514,-0.301256,-0.87486,-1.01557,-3.84938,15.76,6.479,-2.47572,6.61572,5.9616,0,0,0,0,0,0
4.30017,2.51772,-0.2627,-0.599953,-0.316735,-0.82551,-1.06931,-3.84938,15.76,6.479,-2.47572,6.61572,5.9616,0,0,0,0,0,0
4.30531,2.47615,-0.269238,-0.603426,-0.283088,-0.780329,-1.10128,-3.26626,13.9673,6.15505,-4.37184,6.417,5.64696,0,0,0,0,0,0
4.31035,2.44663,-0.2485,-0.598061,-0.20316,-0.743302,-1.11161,-3.26626,13.9673,6.15505,-4.37184,6.417,5.64696,0,0,0,0,0,0
4.31534,2.45339,-0.230285,-0.599502,-0.166024,-0.715307,-1.04967,-4.71618,13.8964,6.50199,-2.7738,6.31764,4.23936,0,0,0,0,0,0
4.32034,2.49289,-0.224698,-0.605183,-0.151635,-0.691023,-0.935535,-5.00774,15.0547,6.53961,-3.49416,6.56604,4.4298,0,0,0,0,0,0
4.32534,2.56011,-0.220257,-0.604011,-0.126071,-0.676149,-0.851062,-5.00774,15.0547,6.53961,-3.49416,6.56604,4.4298,0,0,0,0,0,0
4.33033,2.59381,-0.208138,-0.611531,-0.0991652,-0.662125,-0.850648,-4.18034,13.6285,6.91999,-3.6846,6.51636,5.77944,0,0,0,0,0,0
4.33532,2.61385,-0.196726,-0.625521,-0.0837645,-0.622166,-0.893793,-4.28278,15.3857,7.24394,-2.8152,5.89536,5.24124,0,0,0,0,0,0
4.34034,2.64273,-0.199233,-0.640256,-0.0917938,-0.547394,-0.897975,-4.28278,15.3857,7.24394,-2.8152,5.89536,5.24124,0,0,0,0,0,0
4.34531,2.6523,-0.221839,-0.633459,-0.111928,-0.528608,-0.880317,-4.23944,16.5125,5.12468,-2.29356,6.85584,4.968,0,0,0,0,0,0
4.35034,2.65841,-0.238258,-0.619817,-0.132372,-0.525182,-0.921802,-3.79422,15.3424,7.03076,-2.40948,6.14376,6.51636,0,0,0,0,0,0
4.35532,2.65625,-0.238684,-0.628223,-0.154316,-0.489856,-1.04129,-3.79422,15.3424,7.03076,-2.40948,6.14376,6.51636,0,0,0,0,0,0
4.36032,2.62291,-0.243116,-0.628558,-0.166223,-0.458368,-1.07116,-3.2111,14.8577,5.87708,-2.86488,6.01956,4.83552,0,0,0,0,0,0
4.36533,2.59271,-0.234112,-0.609079,-0.163006,-0.426738,-1.02387,-3.2111,14.8577,5.87708,-2.86488,6.01956,4.83552,0,0,0,0,0,0
4.37033,2.57525,-0.240742,-0.609664,-0.139124,-0.452227,-0.990194,-4.23156,15.563,7.00568,-3.56868,6.92208,4.91832,0,0,0,0,0,0
4.37531,2.60404,-0.246055,-0.620473,-0.103238,-0.513475,-0.957106,-4.23156,15.563,7.00568,-3.56868,6.92208,4.91832,0,0,0,0,0,0
4.38034,2.60904,-0.250499,-0.628952,-0.084109,-0.610242,-0.868071,-3.76664,14.6962,6.35569,-3.00564,7.69212,3.84192,0,0,0,0,0,0
4.38534,2.62034,-0.242673,-0.627546,-0.0820135,-0.749303,-0.72524,-3.76664,14.6962,6.35569,-3.00564,7.69212,3.84192,0,0,0,0,0,0
4.39032,2.61902,-0.262994,-0.63286,-0.0878583,-0.840845,-0.595541,-3.84544,16.3904,6.29299,-2.65788,6.68196,3.933,0,0,0,0,0,0
4.39534,2.63647,-0.289385,-0.628612,-0.100927,-0.866744,-0.482557,-3.84544,16.3904,6.29299,-2.65788,6.68196,3.933,0,0,0,0,0,0
4.40032,2.63007,-0.302212,-0.632381,-0.121787,-0.851373,-0.402832,-3.61692,14.3534,6.65038,-2.22732,5.89536,4.33872,0,0,0,0,0,0
4.40529,2.63543,-0.28943,-0.631298,-0.161989,-0.73635,-0.414897,-3.66814,14.5386,6.19476,-1.29168,4.66164,5.60556,0,0,0,0,0,0
4.41033,2.65292,-0.277163,-0.623785,-0.224022,-0.559825,-0.505222,-3.66814,14.5386,6.19476,-1.29168,4.66164,5.60556,0,0,0,0,0,0
4.4153,2.6509,-0.287247,-0.632961,-0.237107,-0.366374,-0.50566,-3.43174,15.6339,6.92835,-3.08016,3.88332,3.79224,0,0,0,0,0,0
4.42031,2.65893,-0.305471,-0.651732,-0.191632,-0.159432,-0.428137,-3.43174,15.6339,6.92835,-3.08016,3.88332,3.79224,0,0,0,0,0,0
4.4253,2.66529,-0.321991,-0.650795,-0.137902,-0.029559,-0.431737,-3.65238,14.8302,4.94076,-3.19608,4.8438,5.14188,0,0,0,0,0,0
4.43033,2.68491,-0.32898,-0.624993,-0.0853301,0.0214337,-0.493513,-3.65238,14.8302,4.94076,-3.19608,4.8438,5.14188,0,0,0,0,0,0
4.43531,2.69125,-0.326299,-0.610951,-0.0567555,0.0777525,-0.561293,-3.79028,13.0414,5.37339,-2.41776,4.28076,5.51448,0,0,0,0,0,0
4.44019,2.66532,-0.33386,-0.611219,-0.120963,0.109323,-0.500638,-1.9306,15.2517,5.54477,0.18216,4.85208,2.74896,0,0,0,0,0,0
4.4452,2.59159,-0.353278,-0.602567,-0.123938,0.158243,-0.347692,-1.50902,14.4519,4.80073,-4.11516,3.78396,3.46104,0,0,0,0,0,0
4.45028,2.61498,-0.379328,-0.602545,-0.0291959,0.210175,-0.491911,-5.57904,15.7915,6.16341,-3.70116,4.57884,8.23032,0,0,0,0,0,0
4.45531,2.69895,-0.395124,-0.611564,0.0475236,0.250259,-0.784466,-3.87696,14.4165,6.10489,-4.16484,4.2228,6.72336,0,0,0,0,0,0
4.4603,2.7169,-0.392364,-0.618267,0.0758417,0.286298,-0.899917,-3.33718,14.4677,6.3118,-2.4012,4.81068,5.63868,0,0,0,0,0,0
4.46531,2.71701,-0.397214,-0.624394,0.0531934,0.279726,-0.917298,-3.4869,15.7167,6.45392,-2.277,5.27436,5.07564,0,0,0,0,0,0
4.47033,2.71998,-0.414375,-0.646644,0.0141856,0.185409,-0.967244,-3.56964,15.4448,7.47384,-2.17764,6.4584,6.40872,0,0,0,0,0,0
4.47533,2.72931,-0.428351,-0.665913,-0.00774635,0.092753,-1.07289,-3.69178,15.3424,6.23865,-2.82348,5.39856,6.42528,0,0,0,0,0,0
4.48031,2.72234,-0.425726,-0.667584,-0.00252196,0.0372645,-1.09376,-3.08502,14.4677,6.61276,-2.97252,5.97816,4.89348,0,0,0,0,0,0
4.48532,2.71401,-0.404764,-0.661772,0.000117987,0.0585997,-1.05379,-3.349,13.8452,5.77676,-2.97252,4.03236,5.24952,0,0,0,0,0,0
4.49034,2.72714,-0.392594,-0.660728,-0.00105642,0.0936796,-1.01726,-3.99516,15.1532,6.94298,-2.96424,5.7132,5.175,0,0,0,0,0,0
4.49531,2.77201,-0.404489,-0.66672,-0.035371,0.00515403,-1.01871,-4.28672,15.8152,6.06518,-1.95408,6.21828,6.10236,0,0,0,0,0,0
4.50021,2.80372,-0.423962,-0.660408,-0.0883379,-0.0569452,-0.948103,-3.6248,15.7364,5.88962,-1.6974,5.19984,3.71772,0,0,0,0,0,0
4.50535,2.82119,-0.436057,-0.650841,-0.116342,-0.0814254,-0.924664,-3.63268,15.3857,6.0401,-3.17952,5.66352,6.88068,0,0,0,0,0,0
4.51033,2.84262,-0.448698,-0.649086,-0.110137,-0.138115,-1.06947,-3.63268,15.3857,6.0401,-3.17952,5.66352,6.88068,0,0,0,0,0,0
4.51532,2.84068,-0.47588,-0.664168,-0.137261,-0.206815,-1.17591,-3.32536,15.6221,6.62948,-1.83816,5.6718,6.15204,0,0,0,0,0,0
4.52034,2.82855,-0.48913,-0.662333,-0.150567,-0.304468,-1.1615,-2.98258,14.9681,5.30442,-2.91456,6.47496,4.7196,0,0,0,0,0,0
4.52531,2.81476,-0.490845,-0.641747,-0.141976,-0.430093,-1.07069,-2.98258,14.9681,5.30442,-2.91456,6.47496,4.7196,0,0,0,0,0,0
4.53031,2.77781,-0.495139,-0.630988,-0.152054,-0.451205,-1.01995,-2.57676,14.3692,5.57612,-2.22732,4.44636,5.4234,0,0,0,0,0,0
4.5353,2.75594,-0.481913,-0.61518,-0.167019,-0.357409,-1.00759,-2.57676,14.3692,5.57612,-2.22732,4.44636,5.4234,0,0,0,0,0,0
4.54032,2.74999,-0.487703,-0.601967,-0.203844,-0.261331,-1.01036,-3.2702,15.9215,5.64718,-1.01016,4.28076,5.69664,0,0,0,0,0,0
4.54531,2.75306,-0.514326,-0.593569,-0.184264,-0.103426,-0.992972,-3.152,16.4613,5.97949,-4.38012,3.17952,4.8024,0,0,0,0,0,0
4.5502,2.7657,-0.523398,-0.593455,-0.131992,0.0195913,-0.99387,-3.57358,14.184,6.23865,-2.53368,4.52088,6.0444,0,0,0,0,0,0
4.55533,2.7916,-0.524253,-0.593252,-0.112746,0.0836091,-0.971988,-3.40416,15.4684,5.83528,-3.105,4.08204,4.347,0,0,0,0,0,0
4.56035,2.79039,-0.545506,-0.603381,-0.115014,0.138089,-0.918305,-2.72648,15.9846,6.92835,-2.06172,4.37184,5.33232,0,0,0,0,0,0
4.56532,2.80548,-0.571105,-0.620708,-0.0977506,0.215951,-0.961798,-3.9991,15.8427,6.34315,-3.66804,3.3534,6.15204,0,0,0,0,0,0
4.57033,2.82299,-0.5733,-0.632087,-0.0814624,0.274835,-1.00198,-2.8368,13.4984,6.30553,-2.18592,4.57056,5.39856,0,0,0,0,0,0
4.57532,2.81499,-0.556141,-0.648911,-0.0943276,0.266122,-0.997251,-2.86438,13.9043,6.76115,-2.7324,4.37184,5.3406,0,0,0,0,0,0
4.5803,2.81001,-0.553919,-0.669773,-0.0833003,0.275221,-1.03485,-3.0732,14.775,6.47064,-2.84832,4.12344,6.35076,0,0,0,0,0,0
4.58531,2.84721,-0.570593,-0.674135,-0.0850519,0.306378,-1.14285,-4.30642,15.6891,5.44445,-2.84004,3.86676,7.14564,0,0,0,0,0,0
4.59031,2.87175,-0.586065,-0.675156,-0.102026,0.421317,-1.16756,-2.76982,14.8459,6.38286,-2.33496,2.5668,4.91832,0,0,0,0,0,0
4.59525,2.87404,-0.587313,-0.67014,-0.107902,0.549587,-1.2035,-3.43962,14.2155,4.92404,-3.32856,3.3534,7.17048,0,0,0,0,0,0
4.60015,2.88762,-0.585398,-0.65868,-0.106027,0.559785,-1.24212,-3.0338,14.5347,5.8311,-2.4426,4.57884,5.55588,0,0,0,0,0,0
4.60532,2.92399,-0.580739,-0.649314,-0.12501,0.522249,-1.19357,-3.98728,14.4795,5.45281,-2.14452,4.21452,5.48964,0,0,0,0,0,0
4.61033,2.94162,-0.579398,-0.646114,-0.148035,0.448074,-1.06311,-2.4822,14.2904,5.88126,-2.36808,5.24952,3.79224,0,0,0,0,0,0
4.61534,2.92558,-0.571847,-0.642277,-0.132572,0.368612,-1.04294,-3.00622,14.05,5.5176,-3.65976,4.40496,7.34436,0,0,0,0,0,0
4.62033,2.94396,-0.558749,-0.638975,-0.138869,0.275672,-1.16914,-3.55388,13.5891,5.81229,-1.55664,5.53932,6.72336,0,0,0,0,0,0
4.62532,2.96489,-0.559922,-0.638029,-0.162852,0.125229,-1.25208,-3.12048,15.2557,5.61583,-2.50056,5.47308,6.6654,0,0,0,0,0,0
4.63033,2.94584,-0.572204,-0.625057,-0.158034,0.040992,-1.30471,-2.01334,14.5307,4.72131,-3.03048,4.3884,6.22656,0,0,0,0,0,0
4.63534,2.94285,-0.571464,-0.601741,-0.176547,-0.0657025,-1.31912,-3.53812,14.2076,4.9533,-1.9872,6.09408,5.72148,0,0,0,0,0,0
4.64032,2.96053,-0.573231,-0.594444,-0.22339,-0.147697,-1.33059,-2.88802,14.3889,5.63464,-1.45728,4.14,6.3342,0,0,0,0,0,0
4.64532,2.97425,-0.582897,-0.617867,-0.243244,-0.125386,-1.45042,-3.50266,15.2714,7.68911,-2.64132,4.46292,7.96536,0,0,0,0,0,0
4.65034,3.01224,-0.595148,-0.662366,-0.235907,-0.11445,-1.62894,-3.50266,15.2714,7.68911,-2.64132,4.46292,7.96536,0,0,0,0,0,0
4.65532,3.02015,-0.608459,-0.698299,-0.263743,-0.0689414,-1.61854,-2.78952,14.6056,6.67964,-1.22544,3.519,4.6782,0,0,0,0,0,0
4.6603,3.0231,-0.607627,-0.717117,-0.32193,0.0251582,-1.44221,-2.78952,14.6056,6.67964,-1.22544,3.519,4.6782,0,0,0,0,0,0
4.66533,2.99774,-0.631027,-0.735533,-0.372311,0.132671,-1.34857,-2.17488,16.024,6.08399,-1.27512,2.90628,6.06924,0,0,0,0,0,0
4.67032,2.97162,-0.658165,-0.738532,-0.422701,0.270862,-1.33459,-2.17488,16.024,6.08399,-1.27512,2.90628,6.06924,0,0,0,0,0,0
4.67531,2.94864,-0.682261,-0.745989,-0.424109,0.322063,-1.28139,-2.71072,15.2399,6.23238,-3.15468,4.32216,5.19984,0,0,0,0,0,0
4.68032,2.95832,-0.686605,-0.747183,-0.385207,0.400224,-1.24745,-3.3687,14.1091,5.60747,-3.09672,2.37636,6.35904,0,0,0,0,0,0
4.68532,2.99534,-0.6894,-0.739672,-0.382113,0.483209,-1.26406,-3.67996,14.7553,5.22082,-1.96236,3.8088,6.24312,0,0,0,0,0,0
4.69025,3.01885,-0.687329,-0.734028,-0.394519,0.556201,-1.31441,-2.758,14.05,6.05891,-2.66616,2.47572,7.00488,0,0,0,0,0,0
4.69533,3.03627,-0.662497,-0.724818,-0.37392,0.659459,-1.37969,-3.40416,12.7026,4.98883,-3.22092,3.04704,6.78132,0,0,0,0,0,0
4.70034,3.05955,-0.62757,-0.706091,-0.375271,0.670914,-1.39979,-2.82498,13.4945,5.55731,-1.44072,4.00752,5.97816,0,0,0,0,0,0
4.70532,3.07004,-0.609154,-0.696561,-0.357374,0.66648,-1.37924,-2.85256,13.723,5.33786,-3.44448,2.98908,5.81256,0,0,0,0,0,0
4.71035,3.07255,-0.606722,-0.69455,-0.318156,0.679607,-1.26472,-2.67526,14.1643,5.57821,-2.33496,3.38652,4.06548,0,0,0,0,0,0
4.71535,3.07283,-0.596788,-0.675445,-0.284101,0.725229,-1.23312,-2.78952,13.0178,4.03788,-3.24576,2.40948,7.245,0,0,0,0,0,0
4.72038,3.06288,-0.581729,-0.661386,-0.271771,0.787101,-1.31787,-2.40734,13.1754,5.72242,-1.88784,2.86488,6.64056,0,0,0,0,0,0
4.72537,3.06321,-0.562556,-0.666045,-0.293044,0.816842,-1.37385,-2.40734,13.1754,5.72242,-1.88784,2.86488,6.64056,0,0,0,0,0,0
4.7304,3.05681,-0.538236,-0.676994,-0.30521,0.800805,-1.36181,-2.33248,12.0288,5.83737,-2.1114,3.42792,5.34888,0,0,0,0,0,0
4.73535,3.01279,-0.524564,-0.703796,-0.339631,0.714747,-1.2779,-1.05592,13.5694,6.56678,-1.2834,4.06548,4.94316,0,0,0,0,0,0
4.74036,2.99262,-0.542804,-0.729002,-0.355445,0.708054,-1.26102,-3.10866,15.035,5.63046,-2.92284,1.9458,6.36732,0,0,0,0,0,0
4.74538,3.00693,-0.570267,-0.727698,-0.365244,0.684535,-1.32018,-2.2064,14.8341,4.81536,-1.62288,4.46292,6.19344,0,0,0,0,0,0
4.75024,3.00735,-0.575462,-0.731849,-0.413219,0.538824,-1.36639,-2.47038,12.8523,5.96277,-1.22544,4.32216,6.42528,0,0,0,0,0,0
4.75522,3.01779,-0.558607,-0.74413,-0.446548,0.44321,-1.3621,-2.40734,13.6442,6.23238,-1.58976,3.75084,5.59728,0,0,0,0,0,0
4.76015,3.02304,-0.553664,-0.738031,-0.453676,0.347854,-1.3468,-2.15518,13.9121,4.43498,-2.29356,4.47948,6.10236,0,0,0,0,0,0
4.76531,3.00775,-0.537741,-0.728645,-0.435429,0.250061,-1.30777,-1.72178,12.0997,5.63464,-3.05532,3.92472,5.39028,0,0,0,0,0,0
4.77036,3.02037,-0.511412,-0.727396,-0.446466,0.211227,-1.31364,-3.01804,12.7262,4.93449,-1.12608,3.54384,6.89724,0,0,0,0,0,0
4.77538,3.04679,-0.500055,-0.716716,-0.435316,0.168564,-1.34579,-2.19852,13.5812,4.92613,-3.55212,4.00752,6.22656,0,0,0,0,0,0
4.78036,3.08498,-0.498476,-0.70635,-0.410018,0.205714,-1.34556,-3.41204,13.7427,5.05153,-1.66428,2.1528,6.1272,0,0,0,0,0,0
4.78536,3.12709,-0.493333,-0.691291,-0.393925,0.282744,-1.31786,-2.36794,13.2345,4.47051,-2.92284,3.12984,5.7132,0,0,0,0,0,0
4.79038,3.14703,-0.480108,-0.676061,-0.371669,0.353449,-1.29813,-2.62404,13.2463,5.24172,-1.97892,2.11968,6.24312,0,0,0,0,0,0
4.79539,3.18708,-0.475551,-0.665165,-0.356872,0.45911,-1.2733,-3.14018,13.4984,4.33884,-2.691,2.18592,5.74632,0,0,0,0,0,0
4.80038,3.20472,-0.456879,-0.656492,-0.341999,0.539251,-1.25717,-1.76906,12.2337,5.57612,-1.9458,2.42604,6.09408,0,0,0,0,0,0
4.80537,3.21296,-0.434993,-0.655816,-0.327227,0.577342,-1.27961,-2.9156,13.1754,5.06198,-2.7738,2.83176,6.59088,0,0,0,0,0,0
4.81037,3.25443,-0.426309,-0.652416,-0.292187,0.582646,-1.32882,-2.9156,13.1754,5.06198,-2.7738,2.83176,6.59088,0,0,0,0,0,0
4.81537,3.26438,-0.442779,-0.66408,-0.253238,0.637481,-1.39686,-2.23004,14.3613,5.50924,-2.87316,1.41588,6.9966,0,0,0,0,0,0
4.82036,3.26541,-0.467322,-0.679211,-0.23469,0.769344,-1.47723,-2.23004,14.3613,5.50924,-2.87316,1.41588,6.9966,0,0,0,0,0,0
4.82537,3.24973,-0.486273,-0.692146,-0.261266,0.827772,-1.47243,-1.88332,13.1005,4.94494,-1.49868,2.59992,5.44824,0,0,0,0,0,0
4.83037,3.23276,-0.497706,-0.70391,-0.309103,0.828145,-1.43316,-1.9897,14.0776,5.66808,-1.92096,2.26872,6.31764,0,0,0,0,0,0
4.83536,3.21661,-0.52003,-0.714592,-0.335588,0.836958,-1.45871,-1.96212,14.5347,5.13304,-1.7802,2.41776,6.89724,0,0,0,0,0,0
4.84038,3.2009,-0.536483,-0.702043,-0.333232,0.83685,-1.50791,-1.8321,13.853,4.06296,-2.87316,2.46744,6.40044,0,0,0,0,0,0
4.84537,3.1978,-0.5324,-0.693016,-0.341806,0.885357,-1.51321,-2.43098,13.1517,5.78303,-1.43244,1.60632,6.31764,0,0,0,0,0,0
4.85037,3.19721,-0.527803,-0.692221,-0.383354,0.948533,-1.41137,-1.69026,13.79,4.62517,-1.16748,2.16108,4.42152,0,0,0,0,0,0
4.85541,3.18382,-0.536836,-0.684475,-0.41982,0.952595,-1.32272,-1.96212,14.3889,5.18738,-1.3662,2.47572,6.2514,0,0,0,0,0,0
4.86039,3.19415,-0.537752,-0.682337,-0.409166,0.943108,-1.3042,-2.31278,13.2423,5.1832,-3.12984,2.30184,5.70492,0,0,0,0,0,0
4.86536,3.21906,-0.532261,-0.685794,-0.400292,0.903172,-1.27023,-2.364,13.6324,5.48207,-1.51524,2.898,5.76288,0,0,0,0,0,0
4.87038,3.22843,-0.535995,-0.67984,-0.442627,0.841273,-1.25664,-1.68632,14.0461,4.40781,-0.96876,2.76552,5.86224,0,0,0,0,0,0
4.87537,3.24902,-0.542533,-0.67208,-0.447517,0.766999,-1.26786,-2.46644,13.6954,5.14767,-2.50056,2.97252,6.24312,0,0,0,0,0,0
4.88039,3.25801,-0.529388,-0.668142,-0.414042,0.623527,-1.24252,-1.41446,12.4386,4.92613,-2.80692,4.25592,5.2578,0,0,0,0,0,0
4.8854,3.26974,-0.5118,-0.661967,-0.411944,0.448398,-1.21432,-2.25368,12.872,4.66279,-1.42416,3.54384,6.20172,0,0,0,0,0,0
4.89038,3.30584,-0.515478,-0.666163,-0.428899,0.34197,-1.22221,-2.69102,14.2392,5.6221,-2.2356,3.34512,5.9616,0,0,0,0,0,0
4.8954,3.32411,-0.525537,-0.665772,-0.413732,0.243062,-1.2069,-1.73754,13.1832,4.13611,-2.9394,3.55212,5.68836,0,0,0,0,0,0
4.90036,3.3369,-0.528335,-0.649582,-0.40466,0.23977,-1.21763,-2.33642,13.5654,4.37855,-1.64772,1.73052,6.64884,0,0,0,0,0,0
4.90534,3.36957,-0.555378,-0.644126,-0.418862,0.285491,-1.12463,-2.6201,14.6647,4.24897,-2.09484,2.37636,3.52728,0,0,0,0,0,0
4.91013,3.39959,-0.570517,-0.648998,-0.401503,0.294723,-1.01268,-2.16306,12.6789,5.36294,-2.65788,2.43432,5.85396,0,0,0,0,0,0
4.91529,3.4181,-0.561438,-0.666579,-0.364199,0.318628,-1.02834,-2.16306,12.6789,5.36294,-2.65788,2.43432,5.85396,0,0,0,0,0,0
4.92036,3.42568,-0.568659,-0.680456,-0.319949,0.383617,-0.950216,-2.34036,13.5694,4.68578,-2.84004,1.55664,3.84192,0,0,0,0,0,0
4.92537,3.42284,-0.578783,-0.671119,-0.300184,0.562706,-0.857885,-1.40264,13.2857,3.73274,-1.87128,-0.0414,5.47308,0,0,0,0,0,0
4.93036,3.40464,-0.558463,-0.645167,-0.261158,0.720703,-0.81117,-1.5169,11.0438,3.6575,-3.75912,1.58976,4.5954,0,0,0,0,0,0
4.93539,3.37997,-0.53553,-0.628272,-0.175418,0.761382,-0.880249,-0.79588,12.3755,3.93547,-3.8502,1.47384,7.21188,0,0,0,0,0,0
4.94038,3.34294,-0.532891,-0.621429,-0.0984087,0.793934,-1.07054,-0.79588,12.3755,3.93547,-3.8502,1.47384,7.21188,0,0,0,0,0,0
4.94536,3.31881,-0.542258,-0.629848,-0.0387021,0.811269,-1.23105,-1.61146,12.4622,4.48305,-3.38652,1.4076,6.98004,0,0,0,0,0,0
4.9503,3.33391,-0.543776,-0.646679,-0.0311089,0.790541,-1.3144,-2.02122,12.8759,5.4758,-2.03688,2.35152,6.3342,0,0,0,0,0,0
4.95537,3.36127,-0.53975,-0.667779,-0.0600211,0.740918,-1.34761,-2.02122,12.8759,5.4758,-2.03688,2.35152,6.3342,0,0,0,0,0,0
4.96035,3.3611,-0.549329,-0.686497,-0.0835749,0.730888,-1.33744,-1.4578,13.7861,5.18738,-2.1114,1.54836,5.66352,0,0,0,0,0,0
4.96537,3.34632,-0.549532,-0.675501,-0.0914148,0.80585,-1.33902,-1.15836,13.002,3.84978,-2.4426,0.9522,6.51636,0,0,0,0,0,0
4.97036,3.29901,-0.551511,-0.660337,-0.0837582,0.961556,-1.4059,-0.2955,13.9634,4.9115,-2.55024,-0.01656,7.01316,0,0,0,0,0,0
4.97535,3.24214,-0.564971,-0.649228,-0.116202,1.12929,-1.47387,-0.60282,14.2864,4.26151,-1.06812,0.43884,6.94692,0,0,0,0,0,0
4.98037,3.21236,-0.577833,-0.629088,-0.169106,1.25112,-1.52531,-0.60282,14.2864,4.26151,-1.06812,0.43884,6.94692,0,0,0,0,0,0
4.98538,3.19053,-0.588519,-0.62955,-0.203328,1.32097,-1.54151,-0.91408,13.3369,5.37339,-1.29168,0.79488,6.417,0,0,0,0,0,0
4.9903,3.18275,-0.580383,-0.638147,-0.23353,1.37182,-1.51859,-0.91408,13.3369,5.37339,-1.29168,0.79488,6.417,0,0,0,0,0,0
4.99534,3.17162,-0.571379,-0.646664,-0.265616,1.41833,-1.49141,-0.91408,13.3369,5.37339,-1.29168,0.79488,6.417,0,0,0,0,0,0
5.00037,3.16083,-0.575641,-0.645111,-0.266481,1.42936,-1.40355,-1.36408,13.935,4.18255,-2.49519,1.13145,5.17209,0.00871792,0.00871792,0.00581195,0.00290597,0.00290597,0.00290597
5.0054,3.17682,-0.57881,-0.622716,-0.248924,1.42774,-1.2698,-1.48259,13.8165,4.10354,-2.53469,1.09195,5.13259,0.127233,0.127233,0.084822,0.042411,0.042411,0.042411
5.01027,3.17049,-0.584732,-0.607489,-0.239488,1.35134,-1.15612,-0.746291,13.4692,4.29248,-2.39906,2.36194,5.09434,0.241971,0.241971,0.161314,0.0806569,0.0806569,0.0806569
5.01524,3.1799,-0.580063,-0.586332,-0.236664,1.26589,-1.17971,-1.82473,13.0449,3.87166,-2.13172,1.37072,7.47308,0.35905,0.35905,0.239366,0.119683,0.119683,0.119683
5.02042,3.22254,-0.568054,-0.557714,-0.240257,1.25652,-1.31588,-1.94673,12.9228,3.79033,-2.17239,1.33005,7.43241,0.481052,0.481052,0.320702,0.160351,0.160351,0.160351
5.02539,3.23798,-0.556449,-0.545207,-0.223288,1.18711,-1.36648,-1.23242,12.2227,4.54622,-2.86552,2.591,6.17624,0.598079,0.598079,0.398719,0.19936,0.19936,0.19936
5.0304,3.26579,-0.553784,-0.539584,-0.197362,1.03809,-1.40178,-2.10683,13.208,3.78626,-2.82203,2.51029,7.10569,0.716011,0.716011,0.477341,0.23867,0.23867,0.23867
5.03539,3.31368,-0.556098,-0.527922,-0.182364,0.935515,-1.38868,-2.00755,13.0078,4.24929,-2.45545,1.94123,5.45195,0.833428,0.833428,0.555619,0.277809,0.277809,0.277809
5.04032,3.37272,-0.5551,-0.526011,-0.202706,0.854434,-1.33387,-2.72632,12.8248,4.45414,-1.34318,2.29174,6.13366,0.949383,0.949383,0.632922,0.316461,0.316461,0.316461
5.04532,3.45806,-0.549673,-0.525655,-0.247478,0.765905,-1.31839,-2.84387,12.7073,4.37578,-1.38236,2.25256,6.09448,1.06693,1.06693,0.711284,0.355642,0.355642,0.355642
5.05028,3.52139,-0.535036,-0.529823,-0.250956,0.770114,-1.26665,-2.33788,11.0108,4.29181,-2.76257,0.251352,5.26075,1.18346,1.18346,0.788976,0.394488,0.394488,0.394488
5.05523,3.56111,-0.493828,-0.520429,-0.222367,0.845721,-1.19643,-1.85917,10.9104,3.78797,-2.62743,1.16481,5.71053,1.29969,1.29969,0.866463,0.433231,0.433231,0.433231
5.06027,3.61281,-0.460237,-0.489872,-0.203564,0.849943,-1.1706,-2.82454,11.9859,2.82296,-2.26941,1.53111,6.14307,1.41796,1.41796,0.945305,0.472653,0.472653,0.472653
5.06534,3.67471,-0.432331,-0.459295,-0.202682,0.928352,-1.15076,-2.38,11.4613,3.84723,-2.01924,-0.0651587,5.52384,1.53684,1.53684,1.02456,0.512279,0.512279,0.512279
5.0702,3.72615,-0.395597,-0.43925,-0.206668,1.08249,-1.10629,-2.49386,11.3474,3.77132,-2.05719,-0.103113,5.48589,1.6507,1.6507,1.10047,0.550233,0.550233,0.550233
5.07529,3.78676,-0.354946,-0.421322,-0.173229,1.15541,-1.07984,-3.07005,10.59,3.69398,-3.41343,1.17369,5.80221,1.76985,1.76985,1.1799,0.589949,0.589949,0.589949
5.08029,3.87385,-0.30242,-0.399068,-0.107604,1.1667,-1.07515,-3.18698,10.473,3.61603,-3.45241,1.13471,5.76323,1.88678,1.88678,1.25785,0.628926,0.628926,0.628926
5.08528,3.96034,-0.236556,-0.36618,-0.0331347,1.2422,-1.05636,-3.35872,8.65044,2.52257,-3.83075,-0.361426,5.44285,2.00336,2.00336,1.33557,0.667786,0.667786,0.667786
5.09039,4.03923,-0.173908,-0.321706,0.0216605,1.34515,-1.07216,-3.08004,9.98898,2.13374,-2.84378,0.286061,6.80242,2.12262,2.12262,1.41508,0.707539,0.707539,0.707539
5.09538,4.11673,-0.117806,-0.267075,0.0401002,1.41484,-1.15953,-3.19636,9.87266,2.05619,-2.88255,0.247287,6.76365,2.23894,2.23894,1.49263,0.746313,0.746313,0.746313
5.10039,4.16643,-0.0509998,-0.212537,0.0719509,1.49144,-1.13458,-2.30043,8.52671,1.90736,-3.54244,-0.230438,4.58024,2.35559,2.35559,1.5704,0.785198,0.785198,0.785198
5.10538,4.19212,0.00489497,-0.163743,0.101388,1.57689,-1.04255,-2.39283,9.88817,1.7464,-2.86904,-0.409878,5.42752,2.47163,2.47163,1.64776,0.823878,0.823878,0.823878
5.11031,4.23599,0.0568161,-0.106966,0.114309,1.68052,-0.982785,-2.50733,9.77367,1.67007,-2.9072,-0.448044,5.38936,2.58613,2.58613,1.72409,0.862044,0.862044,0.862044
5.11539,4.30675,0.124469,-0.0637989,0.11886,1.78405,-0.905822,-3.44861,8.27685,2.77238,-2.46624,-0.578397,5.1348,2.70395,2.70395,1.80263,0.901317,0.901317,0.901317
5.12031,4.39923,0.20306,-0.0370409,0.11993,1.87708,-0.820493,-3.56255,8.16291,2.69641,-2.50422,-0.616378,5.09682,2.81789,2.81789,1.8786,0.939298,0.939298,0.939298
5.12539,4.4696,0.25137,-0.0246123,0.154013,1.97826,-0.778736,-2.95901,10.5,3.40603,-3.54526,-1.2517,5.90222,2.93537,2.93537,1.95691,0.978456,0.978456,0.978456
5.13031,4.52645,0.283302,0.00388126,0.181156,2.05464,-0.74928,-3.112,9.88604,1.56007,-2.49016,-0.428441,5.2682,3.04896,3.04896,2.03264,1.01632,1.01632,1.01632
5.13531,4.5956,0.324944,0.0575212,0.178408,2.0836,-0.693666,-3.22726,9.77078,1.48323,-2.52858,-0.466859,5.22978,3.16422,3.16422,2.10948,1.05474,1.05474,1.05474
5.14032,4.66132,0.358005,0.1074,0.157623,2.10501,-0.678087,-3.27557,10.1126,1.43145,-1.80525,-0.687449,5.91171,3.27951,3.27951,2.18634,1.09317,1.09317,1.09317
5.14534,4.73257,0.397222,0.165021,0.125718,2.15377,-0.687095,-3.39088,9.99728,1.35457,-1.84369,-0.725888,5.87327,3.39482,3.39482,2.26322,1.13161,1.13161,1.13161
5.15028,4.81062,0.435388,0.205546,0.196885,2.16471,-0.763186,-4.09516,9.6633,2.43065,-5.68197,-0.233725,7.37559,3.5081,3.5081,2.33873,1.16937,1.16937,1.16937
5.15528,4.91331,0.480315,0.235091,0.348443,2.16775,-0.910689,-4.20959,9.54887,2.35436,-5.72011,-0.271869,7.33745,3.62253,3.62253,2.41502,1.20751,1.20751,1.20751
5.16034,5.01421,0.524896,0.26508,0.437935,2.1544,-0.870446,-4.40397,8.94869,1.95754,-3.64724,-0.111676,3.81304,3.73811,3.73811,2.49207,1.24604,1.24604,1.24604
5.16541,5.11626,0.586941,0.309259,0.442216,2.14963,-0.729179,-4.32254,8.50612,1.66313,-2.64248,-0.257839,5.62924,3.85368,3.85368,2.56912,1.28456,1.28456,1.28456
5.17032,5.20707,0.627,0.343082,0.43737,2.12999,-0.634511,-4.27663,10.4353,2.25329,-3.56567,0.0858107,4.63153,3.96537,3.96537,2.64358,1.32179,1.32179,1.32179
5.17539,5.29864,0.666825,0.386345,0.450738,2.11991,-0.444456,-4.32473,8.65365,1.02289,-3.27283,-0.49075,3.32633,4.08045,4.08045,2.7203,1.36015,1.36015,1.36015
5.18032,5.38939,0.731425,0.44921,0.467056,2.15385,-0.224473,-4.43639,8.54199,0.948452,-3.31005,-0.527969,3.28911,4.19211,4.19211,2.79474,1.39737,1.39737,1.39737
5.18538,5.47374,0.795135,0.50573,0.477932,2.17036,-0.0659048,-4.45617,8.50245,1.36129,-2.76856,-0.367362,4.0376,4.30645,4.30645,2.87096,1.43548,1.43548,1.43548
5.19023,5.56569,0.860567,0.556229,0.47625,2.17875,0.0331759,-4.5655,8.39312,1.28839,-2.80501,-0.403808,4.00115,4.41578,4.41578,2.94386,1.47193,1.47193,1.47193
5.19529,5.64969,0.924649,0.603042,0.476059,2.16197,0.0565255,-4.29318,8.12962,1.28568,-2.74358,-0.251301,5.36254,4.52958,4.52958,3.01972,1.50986,1.50986,1.50986
5.20029,5.73575,0.979836,0.648034,0.488469,2.1471,0.0409483,-4.65751,8.71875,1.00817,-3.31917,-0.313531,4.72899,4.64175,4.64175,3.0945,1.54725,1.54725,1.54725
5.20535,5.83259,1.0362,0.689289,0.543231,2.08889,0.112848,-4.75498,7.55752,1.24619,-4.44987,0.327688,3.51549,4.75498,4.75498,3.16998,1.58499,1.58499,1.58499
5.21036,5.93261,1.10897,0.731993,0.623159,2.01593,0.242258,-4.86679,7.44571,1.17165,-4.48714,0.290418,3.47822,4.86679,4.86679,3.24452,1.62226,1.62226,1.62226
5.21535,6.04759,1.17199,0.776097,0.664998,2.01701,0.30396,-5.91951,7.91385,0.834264,-3.0586,-1.24528,4.6418,4.97785,4.97785,3.31857,1.65928,1.65928,1.65928
5.22027,6.19063,1.23768,0.833201,0.713181,2.12325,0.29757,-5.78443,7.48155,0.270311,-4.88348,-1.67084,4.92832,5.08705,5.08705,3.39137,1.69568,1.69568,1.69568
5.2253,6.32937,1.30811,0.898015,0.80482,2.2521,0.27193,-5.89577,7.37021,0.196089,-4.9206,-1.70796,4.8912,5.19839,5.19839,3.46559,1.7328,1.7328,1.7328
5.23024,6.42248,1.3712,0.950186,0.912722,2.38307,0.278488,-4.64943,7.21389,0.652175,-5.75182,-2.25766,4.26698,5.30741,5.30741,3.53827,1.76914,1.76914,1.76914
5.23537,6.49832,1.44214,0.997946,1.02035,2.49618,0.371707,-5.09721,6.94341,0.624992,-5.06908,-1.51696,3.32684,5.42029,5.42029,3.61353,1.80676,1.80676,1.80676
5.24039,6.58628,1.515,1.04527,1.10505,2.56832,0.492179,-5.20733,6.83329,0.551579,-5.10579,-1.55367,3.29013,5.53041,5.53041,3.68694,1.84347,1.84347,1.84347
5.24538,6.69183,1.58143,1.08825,1.15743,2.63561,0.48755,-6.19901,6.77147,0.474653,-3.89188,-1.87156,5.43968,5.63953,5.63953,3.75969,1.87984,1.87984,1.87984
5.25038,6.80318,1.65027,1.14065,1.18924,2.77575,0.496956,-5.31906,6.75708,-0.172758,-4.47469,-3.08365,3.09323,5.74852,5.74852,3.83235,1.91617,1.91617,1.91617
5.25536,6.89346,1.7215,1.20315,1.23681,2.97022,0.624201,-5.42727,6.64887,-0.244894,-4.51076,-3.11972,3.05716,5.85673,5.85673,3.90448,1.95224,1.95224,1.95224
5.26031,6.99731,1.77289,1.2625,1.25754,3.03826,0.671075,-6.22002,8.30278,-0.199317,-3.39557,-1.06889,4.56151,5.96392,5.96392,3.97595,1.98797,1.98797,1.98797
5.26538,7.10373,1.83089,1.32276,1.2663,3.07126,0.71626,-5.46658,6.23526,-0.240915,-3.88745,-2.81933,3.39895,6.07334,6.07334,4.04889,2.02445,2.02445,2.02445
5.27038,7.19381,1.91291,1.38509,1.28398,3.19466,0.808517,-5.57411,6.12773,-0.312603,-3.92329,-2.85517,3.36311,6.18087,6.18087,4.12058,2.06029,2.06029,2.06029
5.27533,7.28713,1.98221,1.45375,1.30365,3.25321,0.884714,-5.95206,7.01444,-1.09392,-4.04973,-1.86381,3.46851,6.28696,6.28696,4.1913,2.09565,2.09565,2.09565
5.28038,7.40077,2.04565,1.52802,1.34384,3.25153,0.905116,-6.55633,6.35501,-1.03623,-4.52452,-1.98256,4.55864,6.39479,6.39479,4.26319,2.1316,2.1316,2.1316
5.2853,7.53007,2.11332,1.59748,1.38686,3.26372,0.861938,-6.661,6.25034,-1.10601,-4.55941,-2.01745,4.52375,6.49946,6.49946,4.33297,2.16649,2.16649,2.16649
5.29033,7.66093,2.1809,1.66619,1.42672,3.27955,0.818431,-6.76761,6.14373,-1.17709,-4.59494,-2.05298,4.48822,6.60607,6.60607,4.40405,2.20202,2.20202,2.20202
5.29538,7.78585,2.24824,1.73536,1.44104,3.31302,0.800985,-6.91757,5.55651,-1.64108,-3.68656,-2.61844,4.03868,6.71269,6.71269,4.47512,2.23756,2.23756,2.23756
5.30038,7.91878,2.33131,1.79635,1.45415,3.38296,0.807062,-7.12121,5.26617,-0.229373,-4.60757,-2.81909,4.16923,6.81783,6.81783,4.54522,2.27261,2.27261,2.27261
5.30524,8.0527,2.41397,1.83774,1.49082,3.45373,0.811424,-7.22301,5.16437,-0.297239,-4.6415,-2.85302,4.1353,6.91963,6.91963,4.61309,2.30654,2.30654,2.30654
5.31027,8.17096,2.48388,1.88806,1.54381,3.49474,0.819304,-6.75665,6.05623,-1.26381,-5.18156,-2.6396,4.11688,7.02457,7.02457,4.68305,2.34152,2.34152,2.34152
5.31534,8.26588,2.55499,1.96234,1.58642,3.55243,0.841796,-6.4798,5.947,-1.54302,-4.15683,-2.98935,3.86649,7.1299,7.1299,4.75326,2.37663,2.37663,2.37663
5.32032,8.3594,2.62467,2.03356,1.62285,3.59137,0.942579,-6.94923,5.75329,-1.42151,-4.88669,-2.42753,2.53219,7.23291,7.23291,4.82194,2.41097,2.41097,2.41097
5.32531,8.46354,2.70861,2.10277,1.67404,3.64004,0.992576,-7.03625,4.77981,-1.26849,-4.76363,-3.30635,4.39405,7.33569,7.33569,4.89046,2.44523,2.44523,2.44523
5.33029,8.55838,2.79173,2.17788,1.72006,3.74426,0.937531,-6.66557,5.55239,-2.09524,-4.73971,-3.61363,4.76573,7.43781,7.43781,4.95854,2.47927,2.47927,2.47927
5.33529,8.64022,2.8681,2.24303,1.74328,3.80439,0.913209,-6.83463,4.80811,-0.955274,-4.02026,-2.67062,3.7795,7.53989,7.53989,5.02659,2.5133,2.5133,2.5133
5.34046,8.7328,2.95864,2.29761,1.73954,3.81781,0.962942,-6.93969,4.70305,-1.02531,-4.05528,-2.70564,3.74448,7.64495,7.64495,5.09663,2.54832,2.54832,2.54832
5.34544,8.81778,3.03978,2.35478,1.73606,3.78987,1.0628,-7.00889,4.97263,-1.63377,-4.20477,-2.16789,2.90775,7.74567,7.74567,5.16378,2.58189,2.58189,2.58189
5.35033,8.90526,3.11783,2.41948,1.73549,3.7545,1.18968,-7.10733,4.87419,-1.69939,-4.23758,-2.2007,2.87494,7.84411,7.84411,5.2294,2.6147,2.6147,2.6147
5.35545,9.00011,3.20502,2.48063,1.74578,3.79433,1.25837,-7.51328,3.75122,-1.54206,-4.61125,-3.78325,3.84263,7.94668,7.94668,5.29779,2.64889,2.64889,2.64889
5.36031,9.10242,3.29462,2.54757,1.7779,3.84136,1.31863,-7.44863,4.43833,-2.26709,-4.67667,-2.42451,3.04029,8.04357,8.04357,5.36238,2.68119,2.68119,2.68119
5.3653,9.20582,3.37892,2.62496,1.81176,3.81426,1.41042,-7.54762,4.33934,-2.33308,-4.70967,-2.45751,3.00729,8.14256,8.14256,5.42837,2.71419,2.71419,2.71419
5.37027,9.29719,3.45696,2.69411,1.84949,3.77301,1.40574,-7.40538,4.33584,-2.06617,-4.91625,-2.51505,4.73823,8.24066,8.24066,5.49377,2.74689,2.74689,2.74689
5.37517,9.38484,3.54285,2.75207,1.87995,3.82965,1.38487,-7.4228,3.04972,-1.9255,-4.69164,-4.26936,3.08328,8.33688,8.33688,5.55792,2.77896,2.77896,2.77896
5.38014,9.47766,3.64755,2.81181,1.90508,3.97491,1.43264,-7.5199,2.95262,-1.99023,-4.72401,-4.30173,3.05091,8.43398,8.43398,5.62265,2.81133,2.81133,2.81133
5.38516,9.55498,3.74393,2.86236,1.92736,3.99738,1.49142,-7.06585,3.65887,-1.37184,-4.5992,-2.24768,2.65408,8.53153,8.53153,5.68769,2.84384,2.84384,2.84384
5.39018,9.62624,3.83406,2.90532,1.93967,3.9167,1.57582,-7.16287,3.56185,-1.43652,-4.63154,-2.28002,2.62174,8.62855,8.62855,5.75237,2.87618,2.87618,2.87618
5.3952,9.7031,3.92384,2.97007,1.96302,3.87566,1.68058,-7.56667,3.00037,-3.52814,-5.18534,-3.22298,2.22526,8.72503,8.72503,5.81669,2.90834,2.90834,2.90834
5.40018,9.79163,4.01951,3.04515,1.99782,3.87298,1.83862,-7.69731,2.56249,-2.46508,-5.00179,-2.65855,1.34069,8.82021,8.82021,5.88014,2.94007,2.94007,2.94007
5.40517,9.88713,4.12369,3.10945,2.02889,3.85248,2.01168,-7.79214,2.46766,-2.5283,-5.0334,-2.69016,1.30908,8.91504,8.91504,5.94336,2.97168,2.97168,2.97168
5.41019,9.98423,4.22483,3.17698,2.09293,3.81469,2.10658,-7.88304,2.57762,-2.94265,-6.33185,-2.45681,2.38699,9.00988,9.00988,6.00659,3.00329,3.00329,3.00329
5.41518,10.0888,4.31646,3.24254,2.18858,3.77772,2.13559,-7.97677,2.48389,-3.00513,-6.3631,-2.48806,2.35574,9.10361,9.10361,6.06907,3.03454,3.03454,3.03454
5.42024,10.2026,4.40797,3.32335,2.27845,3.76015,2.1156,-8.22095,1.83003,-4.66069,-6.17102,-2.91698,3.2599,9.19807,9.19807,6.13205,3.06602,3.06602,3.06602
5.42516,10.3264,4.50349,3.39796,2.3758,3.8305,2.02292,-8.28861,1.79383,-2.77158,-6.83074,-4.21426,4.00778,9.28937,9.28937,6.19291,3.09646,3.09646,3.09646
5.43031,10.4621,4.60372,3.45164,2.47842,3.97651,1.89912,-8.38358,1.69886,-2.8349,-6.86239,-4.24591,3.97613,9.38434,9.38434,6.25623,3.12811,3.12811,3.12811
5.43521,10.59,4.70515,3.51488,2.53153,4.06859,1.8642,-8.35911,0.671371,-4.06516,-5.47644,-3.62172,2.59656,9.47413,9.47413,6.31609,3.15804,3.15804,3.15804
5.4402,10.7242,4.80862,3.58758,2.53549,4.12126,1.94131,-8.34753,1.63641,-3.51545,-4.13225,-3.76793,1.63891,9.56499,9.56499,6.37666,3.18833,3.18833,3.18833
5.4453,10.8613,4.89076,3.65669,2.49152,4.16721,2.21127,-8.29007,2.30065,-4.08065,-3.98084,-3.57512,-1.61276,9.65725,9.65725,6.43817,3.21908,3.21908,3.21908
5.45016,10.9552,4.96163,3.71671,2.49535,4.2549,2.29838,-6.79353,2.28821,-3.1712,-5.50864,-4.78828,4.05476,9.74459,9.74459,6.49639,3.2482,3.2482,3.2482
5.45519,10.9873,5.03697,3.78148,2.51773,4.34286,1.98093,-5.36642,2.65152,-4.01064,-4.42905,-3.84117,6.36807,9.83438,9.83438,6.55626,3.27813,3.27813,3.27813
5.46022,10.9982,5.11128,3.85922,2.50729,4.38778,1.58906,-5.45561,2.56233,-4.07009,-4.45878,-3.8709,6.33834,9.92357,9.92357,6.61571,3.30786,3.30786,3.30786
5.46518,10.9709,5.1826,3.91931,2.49852,4.43627,1.41938,-3.19076,2.538,-2.88894,-4.65349,-4.14841,3.07175,10.0109,10.0109,6.67393,3.33697,3.33697,3.33697
5.47027,10.9172,5.26484,3.98225,2.4955,4.48611,1.45579,-3.02365,2.28351,-3.78009,-4.68315,-3.94623,2.96757,10.0999,10.0999,6.73326,3.36663,3.36663,3.36663
5.47522,10.89,5.34054,4.04288,2.48517,4.57308,1.5289,-2.45948,2.49708,-3.2877,-4.47167,-5.21687,2.69053,10.1858,10.1858,6.79054,3.39527,3.39527,3.39527
5.48027,10.8949,5.42139,4.10359,2.46146,4.71254,1.62911,-2.43618,2.23276,-3.58189,-4.037,-5.16308,2.24752,10.2728,10.2728,6.84856,3.42428,3.42428,3.42428
5.4853,10.9577,5.50176,4.15449,2.42712,4.8813,1.72747,-3.28658,2.21762,-2.80952,-4.2644,-6.13568,2.608,10.3589,10.3589,6.90592,3.45296,3.45296,3.45296
5.49025,11.0566,5.57378,4.20921,2.42953,5.01921,1.81433,-3.0436,2.61818,-4.20733,-5.34397,-5.01277,2.38127,10.4429,10.4429,6.96195,3.48097,3.48097,3.48097
5.49527,11.1765,5.65609,4.28167,2.43743,5.09907,1.90295,-3.64038,1.2807,-4.14668,-4.28749,-5.28937,2.61803,10.5275,10.5275,7.01834,3.50917,3.50917,3.50917
5.50023,11.3051,5.752,4.35759,2.43836,5.12958,2.00139,-3.43569,1.27257,-4.46112,-4.97753,-4.35653,1.91971,10.6104,10.6104,7.07362,3.53681,3.53681,3.53681
5.50518,11.4111,5.83378,4.42743,2.46748,5.11613,2.0519,-2.98985,2.13215,-4.1125,-5.64246,-4.5909,3.1923,10.6926,10.6926,7.12837,3.56418,3.56418,3.56418
5.51019,11.515,5.92128,4.49915,2.50398,5.12415,2.01689,-3.52541,0.788891,-4.63354,-5.51263,-4.82539,3.57053,10.775,10.775,7.18334,3.59167,3.59167,3.59167
5.51521,11.6369,6.01223,4.57568,2.52547,5.17052,2.0808,-3.8477,1.81804,-4.53142,-4.97691,-5.33295,1.17513,10.857,10.857,7.23797,3.61899,3.61899,3.61899
5.52025,11.7443,6.09859,4.64898,2.52848,5.21369,2.15451,-3.20828,0.897239,-4.59,-4.68119,-4.82195,3.13513,10.9386,10.9386,7.29237,3.64619,3.64619,3.64619
5.52521,11.8659,6.18496,4.71126,2.56319,5.234,2.22044,-4.56054,1.3849,-4.04535,-6.05737,-5.06377,1.15451,11.0182,11.0182,7.34546,3.67273,3.67273,3.67273
5.53021,12.0172,6.26047,4.76876,2.62578,5.22626,2.3752,-4.51012,1.849,-4.31369,-5.64507,-4.34511,0.912695,11.0978,11.0978,7.39853,3.69927,3.69927,3.69927
5.53531,12.1485,6.34716,4.83137,2.64751,5.18898,2.44425,-4.09416,-0.0713828,-4.6077,-4.54581,-4.55409,2.48391,11.1783,11.1783,7.45219,3.72609,3.72609,3.72609
5.54022,12.269,6.43225,4.88969,2.66721,5.20663,2.43001,-4.48617,1.72331,-4.18448,-5.59814,-5.30006,2.31754,11.2551,11.2551,7.5034,3.7517,3.7517,3.7517
5.54521,12.3874,6.48929,4.94044,2.70289,5.23671,2.36743,-4.26017,2.24473,-4.33429,-5.29273,-4.82077,3.51719,11.3325,11.3325,7.55498,3.77749,3.77749,3.77749
5.55016,12.4729,6.56726,4.99399,2.73694,5.35074,2.30469,-3.55218,0.0253625,-4.20944,-5.26841,-6.99065,2.82943,11.4085,11.4085,7.60569,3.80285,3.80285,3.80285
5.5552,12.5364,6.66936,5.04718,2.76686,5.57796,2.28041,-3.62892,-0.0513799,-4.2606,-5.29399,-7.01623,2.80385,11.4853,11.4853,7.65685,3.82843,3.82843,3.82843
5.56016,12.5867,6.7538,5.10222,2.80272,5.74431,2.31161,-3.4437,1.1819,-4.70131,-5.71637,-6.26285,1.77703,11.5601,11.5601,7.70673,3.85337,3.85337,3.85337
5.56523,12.6427,6.82523,5.16169,2.84637,5.85859,2.39374,-3.51946,1.10614,-4.75182,-5.74162,-6.2881,1.75178,11.6359,11.6359,7.75724,3.87862,3.87862,3.87862
5.57031,12.7035,6.89535,5.21551,2.88913,5.93723,2.46719,-3.67342,0.841778,-4.59084,-5.85775,-5.95711,1.80953,11.711,11.711,7.80735,3.90367,3.90367,3.90367
5.57522,12.7637,6.96149,5.27201,2.91818,5.95342,2.54456,-3.7493,1.23484,-5.13204,-5.61677,-5.31869,1.50403,11.783,11.783,7.85531,3.92765,3.92765,3.92765
5.58024,12.8555,7.03331,5.34325,2.94139,5.9155,2.6019,-4.69681,0.20851,-5.87656,-5.83977,-5.15253,2.14215,11.8558,11.8558,7.90386,3.95193,3.95193,3.95193
5.58521,12.9498,7.12098,5.41476,2.99435,5.87114,2.61771,-4.20871,-0.532667,-5.31595,-6.86544,-5.15976,2.41644,11.9272,11.9272,7.95144,3.97572,3.97572,3.97572
5.59022,13.0133,7.20333,5.46748,3.03522,5.83595,2.62003,-3.62194,0.420518,-4.66537,-5.57266,-5.31598,2.50862,11.9984,11.9984,7.99892,3.99946,3.99946,3.99946
5.59529,13.0717,7.28476,5.52311,3.0268,5.84199,2.6103,-4.19757,-0.269393,-5.5092,-4.78499,-5.83655,2.30269,12.0697,12.0697,8.04646,4.02323,4.02323,4.02323
5.60024,13.138,7.36278,5.59967,3.03695,5.87382,2.65622,-4.10492,0.902822,-6.20512,-5.89263,-5.80155,1.65045,12.1386,12.1386,8.09239,4.04619,4.04619,4.04619
5.60523,13.2378,7.43438,5.67062,3.06707,5.89788,2.76607,-5.31228,-0.00117677,-5.32504,-5.46013,-5.79133,0.567708,12.2073,12.2073,8.13818,4.06909,4.06909,4.06909
5.61023,13.3331,7.51569,5.71639,3.10392,5.96147,2.78749,-4.24564,-0.723261,-4.73925,-6.39363,-6.59235,3.02901,12.2754,12.2754,8.18357,4.09179,4.09179,4.09179
5.61522,13.3858,7.59179,5.76945,3.11668,6.01899,2.78714,-3.83609,0.300946,-6.10284,-4.74346,-5.77846,0.853815,12.3426,12.3426,8.22837,4.11418,4.11418,4.11418
5.62032,13.4177,7.66348,5.83042,3.1044,6.03179,2.82501,-3.65183,-0.0940451,-5.23477,-5.36226,-5.82594,2.28846,12.4104,12.4104,8.27363,4.13682,4.13682,4.13682
5.6252,13.4388,7.74749,5.88887,3.11816,6.05151,2.80471,-3.4166,-1.05256,-6.07805,-5.71486,-6.0709,2.60654,12.4747,12.4747,8.31644,4.15822,4.15822,4.15822
5.63019,13.4843,7.83889,5.9579,3.14296,6.06524,2.81896,-4.50591,-0.404368,-5.79946,-5.68682,-5.78618,1.45882,12.5396,12.5396,8.35971,4.17986,4.17986,4.17986
5.63524,13.5613,7.93445,6.01726,3.13665,6.0912,2.86315,-4.59445,-1.95857,-5.69434,-4.74797,-6.39569,2.00023,12.6045,12.6045,8.40298,4.20149,4.20149,4.20149
5.64021,13.6296,8.03902,6.07948,3.135,6.15355,2.85889,-4.10201,-1.37947,-6.05618,-5.56388,-6.65684,2.50084,12.6676,12.6676,8.44505,4.22252,4.22252,4.22252
5.64519,13.683,8.12898,6.15062,3.15859,6.22569,2.86234,-4.28266,-0.756322,-6.50536,-5.98214,-6.62798,1.93354,12.73,12.73,8.48668,4.24334,4.24334,4.24334
5.65043,13.7415,8.21774,6.23155,3.19933,6.29942,2.89527,-4.34753,-0.821193,-6.54861,-6.00376,-6.6496,1.91192,12.7949,12.7949,8.52993,4.26496,4.26496,4.26496
5.65528,13.7941,8.31095,6.28986,3.20156,6.36079,2.96194,-4.59986,-2.37766,-5.49714,-4.54968,-6.76872,1.1304,12.8542,12.8542,8.56944,4.28472,4.28472,4.28472
5.66026,13.8688,8.42564,6.33865,3.16586,6.42616,3.06917,-4.65995,-2.43775,-5.5372,-4.56971,-6.78875,1.11037,12.9142,12.9142,8.6095,4.30475,4.30475,4.30475
5.66528,13.9378,8.52525,6.38902,3.12939,6.49967,3.15283,-4.31783,-1.03191,-5.73379,-4.58135,-7.16471,1.48789,12.974,12.974,8.64934,4.32467,4.32467,4.32467
5.67026,13.9916,8.61384,6.44198,3.11428,6.56371,3.19396,-4.25813,-1.81531,-5.99015,-5.42057,-6.76193,2.08939,13.0325,13.0325,8.68834,4.34417,4.34417,4.34417
5.67532,14.0457,8.71129,6.49818,3.12484,6.60096,3.17641,-4.31674,-1.87392,-6.02923,-5.44011,-6.78147,2.06985,13.0911,13.0911,8.72742,4.36371,4.36371,4.36371
5.68034,14.1104,8.79819,6.56255,3.14988,6.60746,3.1961,-4.94538,-1.29296,-6.98078,-5.98914,-6.37002,1.04886,13.1485,13.1485,8.76564,4.38282,4.38282,4.38282
5.68541,14.1648,8.88945,6.6318,3.16839,6.6117,3.14181,-4.07261,-2.09083,-6.30196,-5.13876,-6.76164,3.47244,13.2055,13.2055,8.80369,4.40184,4.40184,4.40184
5.69023,14.193,8.97875,6.68538,3.16512,6.63601,2.99169,-4.1261,-2.14432,-6.33762,-5.15659,-6.77947,3.45461,13.259,13.259,8.83935,4.41967,4.41967,4.41967
5.69518,14.2371,9.05931,6.74886,3.17907,6.63903,2.93568,-4.92096,-1.54046,-7.33929,-5.90328,-6.3918,1.87992,13.3132,13.3132,8.87544,4.43772,4.43772,4.43772
5.70021,14.3077,9.1412,6.82138,3.1933,6.60754,3.06632,-5.19184,-2.25654,-7.05773,-5.18442,-6.1449,-0.133621,13.3673,13.3673,8.91156,4.45578,4.45578,4.45578
5.70528,14.3922,9.23375,6.88096,3.2081,6.56319,3.14164,-5.155,-2.53092,-6.44359,-5.83991,-6.25391,2.91205,13.4211,13.4211,8.94741,4.47371,4.47371,4.47371
5.71022,14.4428,9.32777,6.93811,3.23859,6.51854,3.18199,-4.31613,-3.02379,-7.24083,-5.84882,-6.04754,0.137622,13.4727,13.4727,8.9818,4.4909,4.4909,4.4909
5.71523,14.4646,9.42425,6.99982,3.27495,6.4499,3.28987,-4.16273,-2.91767,-6.92611,-6.08954,-5.67554,1.18858,13.5242,13.5242,9.01611,4.50806,4.50806,4.50806
5.72027,14.4982,9.5051,7.05653,3.31188,6.39753,3.28881,-4.63131,-1.66051,-6.99143,-5.99888,-6.35492,2.27284,13.5751,13.5751,9.05008,4.52504,4.52504,4.52504
5.7253,14.5379,9.58039,7.1075,3.32607,6.36869,3.33083,-4.33459,-2.83341,-6.78649,-5.41938,-6.09006,-0.00426181,13.6251,13.6251,9.0834,4.5417,4.5417,4.5417
5.73025,14.5769,9.65038,7.15001,3.31958,6.34445,3.37321,-4.97395,-1.55797,-6.59929,-5.27818,-6.29662,1.96682,13.6735,13.6735,9.11565,4.55782,4.55782,4.55782
5.73526,14.6266,9.70068,7.19608,3.31469,6.33359,3.32117,-4.7896,-1.09778,-7.20611,-5.48466,-6.34578,1.86798,13.7216,13.7216,9.14772,4.57386,4.57386,4.57386
5.74025,14.6773,9.76301,7.24301,3.30067,6.32882,3.30294,-4.86032,-2.65786,-6.67111,-4.92075,-6.48567,1.42173,13.7687,13.7687,9.17911,4.58955,4.58955,4.58955
5.74533,14.7415,9.83528,7.29642,3.28724,6.32103,3.35843,-5.38805,-1.71201,-7.51548,-5.35872,-6.31092,0.735363,13.8157,13.8157,9.21047,4.60524,4.60524,4.60524
5.75031,14.7805,9.90586,7.34364,3.2946,6.31999,3.43725,-4.05827,-2.88019,-6.44842,-5.72157,-6.62409,0.894151,13.861,13.861,9.24066,4.62033,4.62033,4.62033
5.75528,14.8209,9.99061,7.38593,3.31197,6.34374,3.55691,-5.37522,-2.96002,-7.06318,-5.61215,-6.90383,-0.354348,13.9053,13.9053,9.27022,4.63511,4.63511,4.63511
5.76026,14.9137,10.0554,7.43916,3.33071,6.37817,3.61648,-5.9901,-1.2818,-7.57293,-5.81711,-6.98459,1.53553,13.9489,13.9489,9.29927,4.64963,4.64963,4.64963
5.76519,14.9725,10.1107,7.49821,3.35355,6.3967,3.56657,-4.46822,-2.4312,-7.71399,-5.81465,-6.67577,1.94371,13.9912,13.9912,9.32747,4.66373,4.66373,4.66373
5.77033,14.9915,10.1793,7.55969,3.37709,6.39342,3.48408,-4.51143,-2.47441,-7.74279,-5.82906,-6.69018,1.9293,14.0344,14.0344,9.35627,4.67814,4.67814,4.67814
5.77529,15.0358,10.2393,7.61046,3.39714,6.39279,3.41167,-5.73031,-2.11733,-7.29767,-5.80126,-6.92734,1.84946,14.0752,14.0752,9.38349,4.69174,4.69174,4.69174
5.78021,15.0799,10.2987,7.65481,3.41642,6.41455,3.35274,-4.61161,-2.32639,-7.2405,-5.7648,-7.36284,2.20884,14.1149,14.1149,9.40992,4.70496,4.70496,4.70496
5.78535,15.1074,10.3605,7.6983,3.43527,6.43767,3.28644,-4.65213,-2.36691,-7.26752,-5.77831,-7.37635,2.19533,14.1554,14.1554,9.43694,4.71847,4.71847,4.71847
5.79042,15.1431,10.4223,7.74236,3.44936,6.45233,3.26016,-4.9276,-2.86698,-7.62797,-5.70025,-7.80337,1.65239,14.1945,14.1945,9.46299,4.73149,4.73149,4.73149
5.79524,15.1717,10.4724,7.78768,3.45334,6.48817,3.32119,-4.81419,-1.40609,-7.5205,-5.38116,-8.23776,0.298923,14.2308,14.2308,9.48719,4.7436,4.7436,4.7436
5.80019,15.2,10.5066,7.82986,3.44893,6.51561,3.4478,-4.85063,-1.44253,-7.5448,-5.3933,-8.2499,0.286776,14.2672,14.2672,9.51149,4.75574,4.75574,4.75574
5.80519,15.2313,10.5477,7.86848,3.4313,6.54502,3.50329,-5.05598,-2.45956,-7.52486,-4.92504,-9.05676,1.5582,14.3032,14.3032,9.53544,4.76772,4.76772,4.76772
5.81018,15.2993,10.596,7.91056,3.40122,6.58447,3.55666,-5.97746,-1.90744,-7.69448,-4.75454,-9.22574,0.0809794,14.3381,14.3381,9.55876,4.77938,4.77938,4.77938
5.81533,15.3906,10.6441,7.95823,3.36924,6.60359,3.67748,-6.01264,-1.94262,-7.71793,-4.76627,-9.23747,0.0692535,14.3733,14.3733,9.58221,4.79111,4.79111,4.79111
5.82034,15.443,10.687,8.00666,3.31518,6.64184,3.69805,-4.86002,-1.58584,-7.9596,-3.75893,-10.1759,1.80523,14.4066,14.4066,9.60443,4.80221,4.80221,4.80221
5.82526,15.4857,10.7304,8.05014,3.23042,6.7342,3.65216,-5.49469,-2.12599,-7.50431,-3.23135,-10.9649,1.24813,14.4385,14.4385,9.62566,4.81283,4.81283,4.81283
5.8302,15.5381,10.7814,8.08944,3.14549,6.83719,3.63508,-5.5258,-2.1571,-7.52505,-3.24172,-10.9752,1.23776,14.4696,14.4696,9.6464,4.8232,4.8232,4.8232
5.83521,15.5749,10.8331,8.13484,3.06468,6.94445,3.6733,-5.17823,-2.34537,-8.10562,-2.65578,-11.7721,0.225657,14.5003,14.5003,9.66685,4.83342,4.83342,4.83342
5.84028,15.5883,10.8914,8.18975,2.99517,7.07925,3.80314,-4.65281,-2.65129,-8.22183,-2.40914,-12.2375,-0.521302,14.5304,14.5304,9.68692,4.84346,4.84346,4.84346
5.84516,15.5827,10.955,8.2465,2.96444,7.2022,3.85152,-4.64547,-3.09701,-8.43077,-2.0542,-12.4787,1.33232,14.5585,14.5585,9.70567,4.85284,4.85284,4.85284
5.85022,15.5728,11.0118,8.29386,2.98664,7.29183,3.80584,-4.42546,-2.29786,-7.6993,-2.14641,-12.5295,1.33947,14.5868,14.5868,9.72451,4.86225,4.86225,4.86225
5.85514,15.5455,11.0568,8.32593,3.07294,7.35202,3.73845,-3.90045,-2.21815,-7.45368,-2.48648,-12.9607,1.7032,14.6133,14.6133,9.74223,4.87112,4.87112,4.87112
5.86016,15.519,11.0994,8.35229,3.20098,7.38114,3.67437,-3.92667,-2.24437,-7.47117,-2.49522,-12.9694,1.69446,14.6396,14.6396,9.75972,4.87986,4.87986,4.87986
5.86524,15.5029,11.1499,8.38889,3.3183,7.38981,3.66923,-4.07839,-3.34559,-8.5416,-1.67576,-13.4665,0.891044,14.6652,14.6652,9.77679,4.8884,4.8884,4.8884
5.87044,15.5287,11.2041,8.42454,3.40355,7.39196,3.67084,-5.27778,-2.52764,-7.44029,-1.13769,-13.8392,1.56159,14.6904,14.6904,9.79363,4.89681,4.89681,4.89681
5.87518,15.5992,11.2497,8.44539,3.47201,7.37229,3.62248,-6.00127,-2.94781,-7.54075,-1.33552,-13.9046,2.10896,14.7126,14.7126,9.8084,4.9042,4.9042,4.9042
5.88021,15.6899,11.3054,8.47133,3.54765,7.32337,3.5302,-6.0239,-2.97044,-7.55584,-1.34307,-13.9121,2.10141,14.7352,14.7352,9.82349,4.91175,4.91175,4.91175
5.88522,15.7381,11.3651,8.5026,3.60939,7.26638,3.57523,-4.63106,-3.43726,-7.9799,-0.977673,-14.1015,-0.679593,14.7569,14.7569,9.83791,4.91895,4.91895,4.91895
5.89025,15.7437,11.4277,8.53798,3.65973,7.21421,3.76503,-4.65185,-3.45805,-7.99376,-0.984604,-14.1084,-0.686524,14.7777,14.7777,9.85177,4.92588,4.92588,4.92588
5.89521,15.7271,11.4897,8.56838,3.71467,7.18568,3.86211,-4.02525,-3.89135,-7.87933,-1.36374,-14.5538,0.954663,14.7973,14.7973,9.86483,4.93242,4.93242,4.93242
5.90025,15.7404,11.5491,8.60295,3.79295,7.18189,3.95221,-5.63211,-3.17745,-8.3309,-1.85859,-14.6346,-0.749068,14.8162,14.8162,9.8775,4.93875,4.93875,4.93875
5.90516,15.7937,11.5984,8.64114,3.87891,7.18111,4.10806,-5.64972,-3.19506,-8.34264,-1.86446,-14.6405,-0.754939,14.8339,14.8339,9.88924,4.94462,4.94462,4.94462
5.91012,15.8627,11.6498,8.68117,3.97439,7.20209,4.154,-6.41127,-3.70845,-8.69457,-2.44141,-15.085,1.20179,14.8508,14.8508,9.9005,4.95025,4.95025,4.95025
5.91517,15.9495,11.7053,8.72401,4.08055,7.24435,4.09348,-6.42755,-3.72473,-8.70542,-2.44684,-15.0904,1.19636,14.867,14.867,9.91135,4.95568,4.95568,4.95568
5.9204,16.0431,11.7804,8.76222,4.19104,7.26752,4.08033,-6.78226,-5.69482,-8.45684,-2.75021,-14.7479,0.313394,14.8829,14.8829,9.92193,4.96097,4.96097,4.96097
5.92522,16.112,11.8589,8.78893,4.25839,7.29601,4.15236,-6.32714,-4.82604,-8.048,-1.43827,-15.1665,-0.618545,14.8966,14.8966,9.93109,4.96555,4.96555,4.96555
5.93018,16.2028,11.9272,8.8229,4.31319,7.33284,4.2313,-7.6721,-4.83138,-9.15199,-2.45284,-14.9556,0.24644,14.9099,14.9099,9.93992,4.96996,4.96996,4.96996
5.93524,16.2694,12.0117,8.8628,4.38989,7.38002,4.22207,-5.97866,-6.26628,-8.41633,-2.49843,-15.2911,1.11993,14.9225,14.9225,9.9483,4.97415,4.97415,4.97415
5.94024,16.2832,12.08,8.89241,4.45981,7.46463,4.12325,-6.19504,-4.04776,-8.73541,-2.64303,-15.6426,2.01861,14.934,14.934,9.95597,4.97799,4.97799,4.97799
5.94533,16.3185,12.1489,8.93187,4.53586,7.54714,4.12281,-7.00956,-6.00486,-9.03101,-2.81221,-15.3233,-0.924375,14.9447,14.9447,9.96315,4.98157,4.98157,4.98157
5.95024,16.3832,12.2166,8.96901,4.56758,7.63592,4.11231,-7.2318,-4.7811,-9.07495,-1.34981,-16.0468,1.80487,14.9542,14.9542,9.96947,4.98473,4.98473,4.98473
5.95525,16.3041,12.2481,8.99949,4.557,7.7361,4.0274,-1.73636,-2.66626,-8.65651,-1.06293,-15.6606,0.684148,14.963,14.963,9.9753,4.98765,4.98765,4.98765
5.96021,16.1615,12.2706,9.0189,4.53974,7.8059,3.89011,-3.69051,-3.76931,-8.2813,-0.626677,-16.0937,3.03308,14.9707,14.9707,9.98047,4.99024,4.99024,4.99024
5.96537,16.073,12.3012,9.02843,4.50359,7.96675,3.75861,-3.23661,-3.17361,-7.88476,-0.0742843,-17.7272,0.670916,14.9778,14.9778,9.98521,4.9926,4.9926,4.9926
5.97027,16.0099,12.3336,9.04124,4.45885,8.16607,3.72716,-3.94375,-3.58525,-8.28784,0.0562512,-17.4145,1.47213,14.9836,14.9836,9.9891,4.99455,4.99455,4.99455
5.97527,15.9678,12.3683,9.06671,4.41489,8.33719,3.75605,-3.75578,-3.37748,-8.98926,0.104252,-17.5487,-0.119308,14.9887,14.9887,9.99246,4.99623,4.99623,4.99623
5.9803,15.9317,12.3901,9.08264,4.42474,8.47929,3.73032,-3.91352,-2.49512,-7.64187,-1.69389,-17.2934,2.28051,14.9928,14.9928,9.99521,4.99761,4.99761,4.99761
5.98535,15.9415,12.4235,9.08937,4.49111,8.52585,3.75803,-4.72443,-4.46833,-8.3149,-2.28284,-16.2761,-0.535756,14.996,14.996,9.99735,4.99868,4.99868,4.99868
5.99026,15.9673,12.4617,9.1048,4.50944,8.5189,3.87991,-4.62814,-2.81574,-8.20352,0.0513852,-16.4755,0.366025,14.9982,14.9982,9.99883,4.99941,4.99941,4.99941
5.99531,16.0144,12.5007,9.12522,4.50223,8.46688,3.87033,-5.39781,-4.28669,-8.54718,-0.984064,-15.5735,1.69038,14.9996,14.9996,9.99973,4.99986,4.99986,4.99986
6.00021,16.0837,12.5619,9.15479,4.52936,8.39612,3.83706,-5.58734,-4.5393,-8.61433,-1.17464,-16.0786,0.62212,15,15,10,5,5,5
6.00525,16.1513,12.6172,9.17837,4.53997,8.33601,3.80816,-5.61441,-3.92019,-8.22316,-0.36303,-15.6479,1.35093,14.9995,14.9995,9.99966,4.99983,4.99983,4.99983
6.01018,16.221,12.6721,9.1991,4.56928,8.27529,3.79502,-5.86122,-4.86048,-8.58588,-2.01856,-15.9538,0.299839,14.9981,14.9981,9.99872,4.99936,4.99936,4.99936
6.01516,16.3046,12.7215,9.22558,4.61399,8.24373,3.83012,-6.31987,-3.60915,-8.85602,-1.28086,-16.069,0.491058,14.9957,14.9957,9.99716,4.99858,4.99858,4.99858
6.0202,16.3379,12.7597,9.25671,4.61625,8.26842,3.86259,-4.51205,-3.93285,-8.98341,-0.418643,-16.7551,0.367957,14.9924,14.9924,9.99497,4.99748,4.99748,4.99748
6.02525,16.3278,12.8018,9.28863,4.594,8.31741,3.9141,-4.5078,-3.9286,-8.98058,-0.417228,-16.7537,0.369372,14.9882,14.9882,9.99214,4.99607,4.99607,4.99607
6.03021,16.3334,12.831,9.31707,4.59412,8.41811,3.96175,-5.11735,-2.98971,-8.99599,-1.39257,-17.9112,0.561509,14.9831,14.9831,9.98874,4.99437,4.99437,4.99437
6.0353,16.3489,12.8516,9.34672,4.62025,8.57791,3.98443,-5.11119,-2.98355,-8.99188,-1.39052,-17.9091,0.563565,14.9769,14.9769,9.98463,4.99232,4.99232,4.99232
6.0402,16.3197,12.8739,9.3712,4.62299,8.71006,3.96849,-3.5047,-3.4614,-8.78668,-0.551955,-17.5839,1.15373,14.9701,14.9701,9.98007,4.99003,4.99003,4.99003
6.04523,16.2327,12.8945,9.38792,4.62263,8.82423,3.89571,-3.17366,-3.16976,-8.56193,-1.38559,-17.5647,1.81877,14.9622,14.9622,9.97477,4.98739,4.98739,4.98739
6.05029,16.1654,12.909,9.40539,4.65139,8.89021,3.87603,-3.90542,-2.72342,-8.84439,-1.53993,-17.0235,0.140913,14.9532,14.9532,9.96881,4.98441,4.98441,4.98441
6.05526,16.1476,12.9297,9.42621,4.67794,8.85521,3.84127,-4.79013,-4.00213,-9.06992,-1.3711,-15.886,1.83326,14.9435,14.9435,9.96235,4.98118,4.98118,4.98118
6.06016,16.1701,12.9684,9.44792,4.69337,8.73917,3.77114,-5.02791,-4.38567,-8.90411,-0.796291,-15.7086,1.19091,14.9331,14.9331,9.95538,4.97769,4.97769,4.97769
6.06519,16.1857,12.9901,9.46607,4.70201,8.66889,3.78079,-4.97687,-2.44743,-8.80648,-0.659928,-16.4333,0.366792,14.9214,14.9214,9.94762,4.97381,4.97381,4.97381
6.07012,16.1863,13.015,9.48738,4.72647,8.67547,3.87753,-4.3775,-4.4129,-9.0616,-1.4507,-17.1744,-0.142461,14.9091,14.9091,9.9394,4.9697,4.9697,4.9697
6.07517,16.2115,13.0401,9.5043,4.77572,8.67478,4.02038,-5.7587,-2.89436,-8.76206,-2.01751,-16.284,-1.16467,14.8956,14.8956,9.93037,4.96519,4.96519,4.96519
6.08027,16.2594,13.051,9.51783,4.81007,8.57735,4.13504,-5.38946,-3.37222,-9.03027,-1.15979,-15.3517,0.0739327,14.8809,14.8809,9.92061,4.96031,4.96031,4.96031
6.08522,16.2882,13.0768,9.53685,4.81704,8.43419,4.1619,-5.06309,-4.20421,-9.13933,-0.989148,-15.2473,0.219732,14.8658,14.8658,9.91054,4.95527,4.95527,4.95527
6.09016,16.3046,13.1107,9.55734,4.82131,8.29455,4.16746,-5.0471,-4.18822,-9.12867,-0.983821,-15.2419,0.225059,14.8498,14.8498,9.89988,4.94994,4.94994,4.94994
6.09519,16.3321,13.1347,9.57297,4.82064,8.19994,4.0988,-5.61697,-3.40663,-8.85805,-0.80421,-15.849,1.62183,14.8326,14.8326,9.88842,4.94421,4.94421,4.94421
6.10018,16.3497,13.1552,9.58814,4.84435,8.12884,4.0496,-4.81494,-3.60146,-8.94221,-1.49374,-15.429,0.00493965,14.8147,14.8147,9.87644,4.93822,4.93822,4.93822
6.10529,16.3381,13.183,9.60561,4.86049,8.08567,4.02755,-4.70892,-4.19282,-9.09233,-0.973932,-16.0601,1.16231,14.7953,14.7953,9.86354,4.93177,4.93177,4.93177
6.11018,16.3277,13.2013,9.61826,4.87481,8.08464,3.97772,-5.05593,-3.12141,-8.87876,-1.60502,-16.0122,0.456697,14.7759,14.7759,9.85061,4.9253,4.9253,4.9253
6.11531,16.266,13.2025,9.62582,4.86724,8.20451,3.95506,-3.24592,-2.91882,-8.92517,-0.463565,-18.1993,0.712195,14.7546,14.7546,9.83641,4.91821,4.91821,4.91821
6.12034,16.1863,13.1967,9.63613,4.83474,8.38066,3.96095,-3.74411,-2.60551,-9.25757,-0.332095,-17.3723,0.0819048,14.7328,14.7328,9.82187,4.91094,4.91094,4.91094
6.1252,16.1382,13.1972,9.64854,4.82465,8.51386,3.98747,-4.23436,-3.50946,-9.14471,-1.20246,-17.6548,0.57774,14.7109,14.7109,9.80724,4.90362,4.90362,4.90362
6.1303,16.1032,13.203,9.65899,4.80917,8.55519,3.99575,-4.26951,-3.00871,-9.04096,-0.0021557,-15.908,0.618844,14.6869,14.6869,9.79127,4.89564,4.89564,4.89564
6.13664,16.109,13.2111,9.65934,4.73879,8.50289,3.9478,-5.03828,-3.54112,-8.49355,0.405648,-16.6595,1.49033,14.6558,14.6558,9.77054,4.88527,4.88527,4.88527
6.14024,16.0926,13.2225,9.65488,4.71383,8.48522,3.96224,-3.53852,-3.71982,-8.4082,-0.474212,-16.1731,-0.664652,14.6375,14.6375,9.75834,4.87917,4.87917,4.87917
6.14523,16.0523,13.2352,9.65191,4.68643,8.37819,3.94346,-4.30038,-3.26028,-8.73354,0.138941,-14.9307,2.07646,14.6114,14.6114,9.74092,4.87046,4.87046,4.87046
6.15025,15.9903,13.2453,9.64936,4.62832,8.25224,3.72823,-2.42537,-3.24087,-8.38309,0.752449,-15.7082,3.12053,14.5842,14.5842,9.72278,4.86139,4.86139,4.86139
6.15529,15.9625,13.2523,9.64496,4.59847,8.20003,3.51732,-4.78869,-2.74385,-8.51894,-0.654023,-16.4771,2.67454,14.5559,14.5559,9.70397,4.85198,4.85198,4.85198
6.16021,15.9581,13.262,9.64343,4.57601,8.25677,3.50064,-3.02272,-3.26702,-8.46027,0.837575,-17.5937,-0.321625,14.5275,14.5275,9.68501,4.84251,4.84251,4.84251
6.16518,15.9462,13.268,9.64097,4.54254,8.35106,3.57597,-4.27361,-2.80791,-8.71433,-0.286918,-17.4265,1.02132,14.4979,14.4979,9.66528,4.83264,4.83264,4.83264
6.17019,15.9482,13.2925,9.64108,4.51967,8.34085,3.66665,-4.04198,-4.9442,-8.55172,0.592727,-15.603,-0.682393,14.4672,14.4672,9.64479,4.82239,4.82239,4.82239
6.17525,15.9028,13.3138,9.63817,4.52202,8.26731,3.72303,-2.57583,-2.66643,-8.54923,-1.12714,-16.2215,1.47278,14.4352,14.4352,9.62349,4.81174,4.81174,4.81174
6.18027,15.8328,13.3194,9.63561,4.54149,8.26137,3.76971,-3.05153,-3.44553,-8.60064,-0.188916,-16.8317,-0.710556,14.4026,14.4026,9.60175,4.80088,4.80088,4.80088
6.18534,15.7916,13.3267,9.63681,4.55254,8.24634,3.89152,-3.9987,-2.8049,-8.82053,-0.757239,-15.8517,0.0873213,14.3688,14.3688,9.5792,4.7896,4.7896,4.7896
6.19018,15.7855,13.3271,9.64116,4.57266,8.2114,3.97964,-3.94585,-2.87025,-8.90502,-0.605429,-16.4699,-0.804149,14.3356,14.3356,9.5571,4.77855,4.77855,4.77855
6.19519,15.7902,13.3373,9.65264,4.58314,8.20586,3.99445,-4.17466,-3.70976,-9.43332,-0.419821,-16.3588,1.33554,14.3005,14.3005,9.53364,4.76682,4.76682,4.76682
6.20021,15.7921,13.3441,9.6652,4.60573,8.14998,3.90727,-3.83122,-3.00382,-9.27965,-1.24405,-15.4526,1.10747,14.2643,14.2643,9.50955,4.75477,4.75477,4.75477
6.20519,15.7997,13.3526,9.67596,4.62823,8.08804,3.82947,-4.43275,-3.92839,-9.35966,-0.528008,-16.2848,1.37639,14.2276,14.2276,9.48506,4.74253,4.74253,4.74253
6.21031,15.8239,13.3674,9.69004,4.65819,8.06595,3.80265,-4.75261,-3.56271,-9.48227,-1.1858,-16.1808,0.172122,14.1889,14.1889,9.45928,4.72964,4.72964,4.72964
6.2152,15.8417,13.382,9.6952,4.67447,7.99037,3.81768,-4.45084,-4.41144,-8.98473,-0.27896,-15.0918,0.63184,14.1511,14.1511,9.43408,4.71704,4.71704,4.71704
6.22019,15.8365,13.394,9.69384,4.68842,7.91175,3.83129,-3.97009,-3.28849,-9.00234,-1.15178,-16.0227,0.189582,14.1117,14.1117,9.4078,4.7039,4.7039,4.7039
6.2252,15.8013,13.4036,9.69316,4.68439,7.99483,3.86127,-3.47654,-4.22124,-9.05479,0.285867,-18.0709,0.459747,14.0712,14.0712,9.38083,4.69041,4.69041,4.69041
6.23017,15.7717,13.4081,9.68904,4.65213,8.14969,3.88389,-3.70354,-2.83274,-8.86862,-0.230388,-17.6183,0.133932,14.0302,14.0302,9.3535,4.67675,4.67675,4.67675
6.23516,15.7207,13.3811,9.67841,4.62702,8.25396,3.91135,-3.10202,-1.54572,-8.71729,0.131378,-16.9585,0.263858,13.9882,13.9882,9.32548,4.66274,4.66274,4.66274
6.24024,15.6466,13.3616,9.66474,4.59391,8.34445,3.93851,-3.16866,-3.68476,-8.69237,-0.0776282,-17.5733,-0.268068,13.9446,13.9446,9.29638,4.64819,4.64819,4.64819
6.24518,15.5784,13.3695,9.6544,4.5704,8.44527,3.98359,-3.12536,-3.64146,-8.66349,-0.0631921,-17.5589,-0.253632,13.9013,13.9013,9.2675,4.63375,4.63375,4.63375
6.25013,15.5525,13.3724,9.64143,4.54912,8.46112,3.96928,-4.53498,-3.22692,-8.53159,-0.114687,-15.9626,0.878913,13.857,13.857,9.23801,4.61901,4.61901,4.61901
6.25533,15.556,13.3748,9.62941,4.534,8.38654,3.90413,-4.48761,-3.17955,-8.50001,-0.0988962,-15.9468,0.894704,13.8096,13.8096,9.20643,4.60322,4.60322,4.60322
6.26023,15.5202,13.3788,9.61788,4.49198,8.41921,3.89429,-2.89367,-3.50437,-8.53239,1.12514,-17.8775,0.0984246,13.7642,13.7642,9.17611,4.58806,4.58806,4.58806
6.26533,15.4612,13.3761,9.60441,4.45685,8.45312,3.80099,-3.18826,-2.64846,-8.50443,-0.382307,-16.1309,2.53225,13.716,13.716,9.14397,4.57199,4.57199,4.57199
6.27024,15.4184,13.3704,9.58879,4.46544,8.4033,3.72075,-3.22772,-3.60202,-8.57744,-0.73088,-16.3221,0.0722796,13.6687,13.6687,9.11248,4.55624,4.55624,4.55624
6.27522,15.4075,13.3725,9.57695,4.45409,8.33647,3.71809,-4.38068,-3.17898,-8.66198,0.411448,-15.9747,0.933088,13.62,13.62,9.07998,4.53999,4.53999,4.53999
6.28028,15.3762,13.3582,9.56226,4.41911,8.16206,3.77143,-2.447,-2.3997,-8.63467,0.188122,-14.2522,-0.797198,13.5696,13.5696,9.0464,4.5232,4.5232,4.5232
6.28529,15.3038,13.3306,9.54765,4.418,8.07716,3.75041,-2.67597,-1.97857,-8.674,-0.639529,-17.2989,2.47375,13.5189,13.5189,9.01258,4.50629,4.50629,4.50629
6.29036,15.2376,13.2948,9.53002,4.42942,8.13177,3.71442,-2.74988,-1.80038,-8.55352,-0.522773,-16.6853,-0.630413,13.4667,13.4667,8.97779,4.48889,4.48889,4.48889
6.29523,15.1393,13.2694,9.51734,4.41516,8.16569,3.74947,-1.62725,-2.52165,-8.79753,0.347045,-16.7346,1.05084,13.4157,13.4157,8.94383,4.47192,4.47192,4.47192
6.30022,15.0412,13.236,9.50651,4.39116,8.23142,3.80985,-2.27554,-1.12514,-8.79773,0.0666321,-17.7105,-0.910408,13.3627,13.3627,8.9085,4.45425,4.45425,4.45425
6.3053,14.9902,13.2141,9.49491,4.36122,8.25233,3.84638,-3.20574,-3.36338,-8.67341,0.714179,-15.8624,1.37658,13.3079,13.3079,8.87196,4.43598,4.43598,4.43598
6.31026,14.9711,13.1979,9.48347,4.30693,8.14302,3.80788,-2.85992,-1.30362,-8.72706,1.52717,-15.3558,0.483888,13.2536,13.2536,8.83574,4.41787,4.41787,4.41787
6.31524,14.9254,13.1698,9.46939,4.245,8.06423,3.77346,-2.13866,-2.53266,-8.76122,1.08194,-16.3557,1.3469,13.1983,13.1983,8.79884,4.39942,4.39942,4.39942
6.32017,14.8916,13.1517,9.45963,4.21586,7.98489,3.66473,-3.17447,-1.81127,-8.92898,0.37183,-15.2774,1.96159,13.1427,13.1427,8.76178,4.38089,4.38089,4.38089
6.32523,14.8946,13.1171,9.44867,4.19006,7.88737,3.58261,-3.54605,-1.26479,-9.0764,1.11976,-15.7797,0.937603,13.0848,13.0848,8.72319,4.3616,4.3616,4.3616
6.33029,14.8894,13.0816,9.44193,4.15583,7.75173,3.56129,-3.05395,-1.61589,-9.48453,0.899211,-14.336,0.924051,13.0261,13.0261,8.68406,4.34203,4.34203,4.34203
6.33523,14.8552,13.0477,9.4336,4.12954,7.64069,3.49407,-2.48758,-1.27798,-9.39354,0.96826,-16.0141,1.72174,12.968,12.968,8.64532,4.32266,4.32266,4.32266
6.34018,14.8038,13.0085,9.42173,4.09576,7.70493,3.43181,-2.86587,-0.970771,-9.69069,1.12869,-17.3688,0.86373,12.909,12.909,8.60598,4.30299,4.30299,4.30299
6.34519,14.7335,12.9757,9.40655,4.09406,7.81417,3.46736,-1.42245,-2.02525,-10.0245,-0.333258,-16.7608,0.105582,12.8485,12.8485,8.56564,4.28282,4.28282,4.28282
6.35014,14.6434,12.9487,9.38785,4.09031,7.84743,3.51337,-2.41388,-1.42098,-10.0907,0.928934,-16.1278,0.423854,12.7879,12.7879,8.52525,4.26263,4.26263,4.26263
6.35518,14.5874,12.9178,9.36135,4.09338,7.86664,3.50845,-2.25291,-1.54371,-10.2601,-0.217723,-16.6949,1.20644,12.7254,12.7254,8.48361,4.2418,4.2418,4.2418
6.36017,14.555,12.881,9.32837,4.09295,7.80137,3.54196,-2.99401,-0.728472,-10.3542,0.912676,-14.7282,-0.552884,12.6628,12.6628,8.44185,4.22092,4.22092,4.22092
6.36521,14.5359,12.834,9.28715,4.05525,7.63766,3.64709,-2.92996,-0.664419,-10.3115,0.934027,-14.7069,-0.531533,12.5987,12.5987,8.39915,4.19957,4.19957,4.19957
6.37026,14.5084,12.7944,9.23287,3.99492,7.57917,3.63726,-2.42375,-2.04155,-10.0905,1.6098,-16.3495,1.4856,12.5337,12.5337,8.35583,4.17792,4.17792,4.17792
6.37517,14.4816,12.7679,9.17288,3.99342,7.58126,3.57736,-3.0217,-1.40632,-9.76785,-0.736966,-15.8562,0.397394,12.4698,12.4698,8.31321,4.15661,4.15661,4.15661
6.38016,14.4734,12.7355,9.10604,4.03984,7.54949,3.57546,-2.95597,-1.34059,-9.72403,-0.715056,-15.8343,0.419304,12.4041,12.4041,8.26939,4.1347,4.1347,4.1347
6.38521,14.4293,12.7002,9.02789,4.03661,7.52266,3.62642,-1.18269,-1.56089,-9.23609,0.897135,-15.8368,-0.493905,12.3368,12.3368,8.22453,4.11226,4.11226,4.11226
6.39019,14.3178,12.672,8.94949,3.99477,7.50991,3.71325,-1.11557,-1.49377,-9.19134,0.91951,-15.8144,-0.47153,12.2697,12.2697,8.17978,4.08989,4.08989,4.08989
6.39521,14.2164,12.6499,8.87505,3.98906,7.57004,3.67796,-1.71295,-2.34731,-9.57627,-0.440443,-16.9094,1.81172,12.2012,12.2012,8.13417,4.06708,4.06708,4.06708
6.40021,14.1151,12.6325,8.8062,3.9897,7.6021,3.58559,-1.23435,-1.97105,-9.47181,0.0627647,-15.3297,0.716885,12.1323,12.1323,8.08823,4.04412,4.04412,4.04412
6.40511,13.9856,12.6129,8.74117,3.98013,7.56449,3.56422,-1.16609,-1.90279,-9.42631,0.0855152,-15.307,0.739635,12.0641,12.0641,8.04273,4.02136,4.02136,4.02136
6.41016,13.919,12.5884,8.67779,3.95574,7.46296,3.49159,-3.79387,-2.01693,-9.87843,0.730211,-13.7018,2.00533,11.993,11.993,7.99534,3.99767,3.99767,3.99767
6.41514,13.9182,12.5672,8.62342,3.90912,7.27167,3.35008,-3.72302,-1.94608,-9.8312,0.753825,-13.6782,2.02895,11.9222,11.9222,7.94811,3.97405,3.97405,3.97405
6.42017,13.9111,12.5377,8.56951,3.89607,7.13124,3.3215,-3.22127,-1.48377,-10.0296,-0.687637,-14.507,-0.132877,11.8499,11.8499,7.89991,3.94996,3.94996,3.94996
6.42519,13.9231,12.5111,8.5218,3.90818,7.02163,3.43758,-4.47616,-2.1752,-10.2026,0.272299,-13.754,-0.779261,11.777,11.777,7.85132,3.92566,3.92566,3.92566
6.43016,13.9448,12.4942,8.48402,3.93497,6.91542,3.55846,-4.46238,-2.0905,-10.4278,-0.986806,-14.2183,-0.639046,11.7041,11.7041,7.80273,3.90137,3.90137,3.90137
6.43517,13.964,12.4938,8.45353,3.94468,6.711,3.62847,-4.84917,-3.53321,-10.5372,0.677364,-11.3535,0.00668439,11.6299,11.6299,7.75327,3.87664,3.87664,3.87664
6.44017,13.8166,12.4645,8.43076,3.84464,6.66093,3.58743,1.45075,0.182155,-11.2815,3.15316,-16.7188,1.22392,11.5551,11.5551,7.70343,3.85172,3.85172,3.85172
6.44519,13.5558,12.4058,8.41184,3.71704,6.81875,3.43415,0.415533,-0.667967,-11.0366,2.12686,-15.5179,2.1517,11.4794,11.4794,7.65291,3.82646,3.82646,3.82646
6.45033,13.3584,12.3607,8.37744,3.63743,6.9075,3.26017,0.682962,-0.948238,-10.2383,1.83005,-16.063,1.84661,11.401,11.401,7.60069,3.80035,3.80035,3.80035
6.4552,13.1828,12.3144,8.33271,3.60098,7.07214,3.18098,0.517462,-0.305938,-10.1424,0.613021,-17.4043,0.745501,11.3261,11.3261,7.55076,3.77538,3.77538,3.77538
6.46021,13.017,12.2623,8.28137,3.58205,7.26498,3.16158,0.922307,-0.496093,-9.91497,1.30962,-16.9644,0.945296,11.2484,11.2484,7.49893,3.74946,3.74946,3.74946
6.46523,12.8963,12.203,8.21722,3.52829,7.47408,3.11785,0.110406,0.358606,-9.27319,2.4205,-18.4534,1.3855,11.1698,11.1698,7.44653,3.72326,3.72326,3.72326
6.47017,12.805,12.1472,8.14917,3.51488,7.58356,3.11853,0.39333,-0.64687,-9.48869,0.359943,-15.7033,-0.0209368,11.0918,11.0918,7.39451,3.69726,3.69726,3.69726
6.47521,12.7404,12.1057,8.08476,3.52438,7.57362,3.12608,-0.416778,-0.665078,-9.36411,1.65355,-16.5211,1.47139,11.0115,11.0115,7.34099,3.67049,3.67049,3.67049
6.48028,12.7486,12.0639,8.02472,3.53926,7.50977,3.11396,-2.10047,-0.138312,-9.49789,0.877543,-14.7965,0.455263,10.93,10.93,7.28667,3.64334,3.64334,3.64334
6.48526,12.7854,12.0176,7.96872,3.56059,7.35597,3.14928,-2.01978,-0.0576172,-9.4441,0.904441,-14.7696,0.482161,10.8493,10.8493,7.23288,3.61644,3.61644,3.61644
6.4902,12.7823,11.972,7.90953,3.54314,7.26838,3.19351,-0.698015,-0.437915,-9.24609,2.04086,-15.8108,0.252382,10.7686,10.7686,7.17908,3.58954,3.58954,3.58954
6.49528,12.7556,11.9315,7.85532,3.55505,7.1675,3.254,-1.12257,0.201251,-9.42857,0.22231,-14.2097,-0.0095295,10.6849,10.6849,7.1233,3.56165,3.56165,3.56165
6.50016,12.7143,11.875,7.80253,3.53383,7.03337,3.22762,-0.344136,0.983564,-9.3244,2.78299,-15.0272,1.78939,10.6039,10.6039,7.06929,3.53465,3.53465,3.53465
6.50521,12.6491,11.825,7.75052,3.4843,6.97672,3.21133,-0.216345,-0.760065,-9.63591,2.03284,-15.3303,-0.144802,10.5194,10.5194,7.01296,3.50648,3.50648,3.50648
6.51021,12.5857,11.7881,7.70662,3.45159,6.98526,3.22003,-0.565438,0.0137619,-9.6654,1.89534,-16.2048,1.2081,10.4351,10.4351,6.95676,3.47838,3.47838,3.47838
6.51528,12.5214,11.7485,7.66716,3.42692,6.95932,3.11067,0.139306,-0.329594,-9.95073,1.9903,-14.7271,2.02342,10.349,10.349,6.89933,3.44966,3.44966,3.44966
6.52017,12.4548,11.7171,7.64079,3.41311,6.8786,3.04258,-0.139486,-0.277386,-10.2899,1.63732,-15.0635,0.536078,10.2653,10.2653,6.84352,3.42176,3.42176,3.42176
6.52517,12.3954,11.6739,7.60608,3.42427,6.87976,2.96872,-0.167569,0.805631,-9.31704,1.17754,-16.1608,2.32846,10.1791,10.1791,6.78605,3.39302,3.39302,3.39302
6.53019,12.3362,11.621,7.55429,3.4504,6.94618,2.80897,-0.364016,0.187624,-9.24637,0.527641,-16.0904,2.22504,10.0919,10.0919,6.72792,3.36396,3.36396,3.36396
6.53517,12.274,11.5695,7.50014,3.46344,6.96602,2.76347,-0.0798975,0.585943,-9.14858,1.6248,-15.3243,0.333121,10.0048,10.0048,6.66984,3.33492,3.33492,3.33492
6.54028,12.2082,11.4992,7.43628,3.43151,6.96039,2.7416,-0.379928,1.71617,-8.704,2.37517,-15.5676,2.03569,9.91473,9.91473,6.60982,3.30491,3.30491,3.30491
6.54526,12.0964,11.4289,7.37421,3.38087,6.94296,2.63792,1.81633,1.22923,-8.80812,2.35494,-15.2235,2.06514,9.82637,9.82637,6.55092,3.27546,3.27546,3.27546
6.55022,11.952,11.3562,7.30913,3.32576,6.94458,2.69747,0.829322,1.60152,-8.68217,2.21059,-15.6825,-1.02689,9.73778,9.73778,6.49185,3.24593,3.24593,3.24593
6.55519,11.8552,11.2935,7.24785,3.29442,6.89237,2.79056,0.347369,0.378889,-9.04895,1.71046,-14.2947,1.37926,9.64841,9.64841,6.43227,3.21614,3.21614,3.21614
6.56023,11.7755,11.2397,7.19399,3.27162,6.69416,2.7087,0.545016,1.15572,-9.00277,1.71603,-12.9644,2.33703,9.55718,9.55718,6.37146,3.18573,3.18573,3.18573
6.56515,11.7041,11.1866,7.15255,3.26136,6.57187,2.68802,-0.0194308,0.768549,-9.66615,1.51407,-15.2613,0.21411,9.46755,9.46755,6.3117,3.15585,3.15585,3.15585
6.57015,11.6351,11.1494,7.12213,3.21538,6.51345,2.75768,0.407139,0.00525868,-9.59877,2.77835,-13.9721,0.584146,9.37588,9.37588,6.25059,3.12529,3.12529,3.12529
6.57517,11.5661,11.0904,7.08478,3.17329,6.43562,2.71713,0.614017,2.67854,-9.3113,1.79906,-14.91,2.22134,9.28326,9.28326,6.18884,3.09442,3.09442,3.09442
6.58011,11.4935,11.0243,7.03901,3.16786,6.37669,2.70595,0.473262,0.516602,-9.02236,1.56467,-14.1425,-0.0168126,9.19156,9.19156,6.12771,3.06385,3.06385,3.06385
6.58532,11.3849,10.9621,6.98864,3.14062,6.48172,2.76239,1.61466,1.85896,-9.16857,2.72319,-17.5214,0.959547,9.09424,9.09424,6.06283,3.03141,3.03141,3.03141
6.5902,11.2565,10.8876,6.93291,3.09597,6.64431,2.70739,1.50937,2.05707,-8.44908,2.38944,-15.6361,1.9506,9.00253,9.00253,6.00169,3.00084,3.00084,3.00084
6.59522,11.1435,10.8164,6.86716,3.06888,6.66134,2.67867,0.962054,1.43875,-8.39418,1.85802,-14.793,0.293105,8.90765,8.90765,5.93843,2.96922,2.96922,2.96922
6.60019,11.0595,10.7418,6.79332,3.02571,6.62104,2.65795,0.942283,2.43164,-7.87557,2.82516,-14.8692,1.82328,8.81316,8.81316,5.87544,2.93772,2.93772,2.93772
6.60533,10.9675,10.6528,6.72423,2.97421,6.53717,2.55279,1.39513,2.74263,-8.8007,2.55984,-14.083,1.98852,8.71487,8.71487,5.80991,2.90496,2.90496,2.90496
6.61025,10.89,10.5798,6.67417,2.94334,6.44547,2.43695,0.697841,1.88774,-8.67284,2.5003,-14.2832,2.15254,8.62026,8.62026,5.74684,2.87342,2.87342,2.87342
6.61514,10.83,10.5121,6.62494,2.93448,6.34874,2.39122,0.938166,2.95549,-8.41126,1.9605,-13.8626,0.983455,8.52571,8.52571,5.68381,2.8419,2.8419,2.8419
6.62022,10.7561,10.4287,6.5588,2.90794,6.20739,2.42002,0.946297,2.84144,-7.66827,3.01185,-13.2087,0.859052,8.42696,8.42696,5.61798,2.80899,2.80899,2.80899
6.62526,10.6873,10.3406,6.48817,2.87765,6.15355,2.38177,0.670501,3.47974,-7.97044,2.69693,-15.1382,2.24153,8.32846,8.32846,5.55231,2.77615,2.77615,2.77615
6.63016,10.615,10.2537,6.42825,2.84143,6.19612,2.27714,0.766769,3.57601,-7.90626,2.72902,-15.1061,2.27362,8.23219,8.23219,5.48813,2.74406,2.74406,2.74406
6.6352,10.5283,10.1644,6.36668,2.80088,6.11566,2.18249,1.2997,3.22244,-8.07399,2.53863,-12.4564,2.19087,8.13266,8.13266,5.42178,2.71089,2.71089,2.71089
6.64025,10.4266,10.0879,6.29693,2.77624,5.99265,2.24089,1.54177,2.28247,-7.39061,2.03384,-14.2861,-0.441876,8.03243,8.03243,5.35495,2.67748,2.67748,2.67748
6.64525,10.3068,10.0122,6.22604,2.71528,5.89675,2.33035,2.93781,3.15451,-8.08488,3.68169,-13.019,1.53717,7.93269,7.93269,5.28846,2.64423,2.64423,2.64423
6.65032,10.0995,9.92648,6.18712,2.56822,5.88332,2.28552,4.50505,3.68955,-9.46758,5.71105,-15.4774,2.10097,7.83105,7.83105,5.2207,2.61035,2.61035,2.61035
6.65526,9.96312,9.84837,6.15527,2.49119,5.94855,2.25709,1.59838,3.17436,-8.4273,2.39082,-14.7736,1.1985,7.73154,7.73154,5.15436,2.57718,2.57718,2.57718
6.66031,9.87945,9.77321,6.09799,2.47306,5.94341,2.30745,3.08747,3.26477,-7.65065,3.47645,-14.5243,0.561889,7.62933,7.62933,5.08622,2.54311,2.54311,2.54311
6.6652,9.76962,9.71213,6.03369,2.4559,6.01599,2.32198,2.89929,1.87487,-7.79755,2.68159,-16.0975,1.86187,7.52991,7.52991,5.01994,2.50997,2.50997,2.50997
6.6702,9.64433,9.659,5.97652,2.46404,6.22837,2.32812,3.67911,2.87921,-7.90921,2.79843,-17.3716,0.471751,7.42779,7.42779,4.95186,2.47593,2.47593,2.47593
6.67526,9.51361,9.58878,5.91524,2.48703,6.34643,2.38794,2.90823,3.08553,-7.82746,1.75664,-14.5549,0.804436,7.32397,7.32397,4.88265,2.44132,2.44132,2.44132
6.68017,9.45495,9.5201,5.85882,2.49949,6.25454,2.40796,1.33883,3.01731,-7.992,3.10688,-13.5525,1.16108,7.22279,7.22279,4.8152,2.4076,2.4076,2.4076
6.6853,9.41086,9.46382,5.80281,2.50002,6.10563,2.351,2.1345,2.24088,-7.63698,2.63719,-13.5419,2.02447,7.11662,7.11662,4.74442,2.37221,2.37221,2.37221
6.69016,9.36044,9.43177,5.75642,2.5276,5.99385,2.26639,1.42386,1.25444,-8.17783,2.1989,-13.7235,1.76834,7.01562,7.01562,4.67708,2.33854,2.33854,2.33854
6.69514,9.32719,9.38696,5.69908,2.53403,5.8143,2.21245,1.46081,2.80435,-7.32479,3.17746,-11.9501,1.4221,6.91169,6.91169,4.60779,2.3039,2.3039,2.3039
6.70015,9.26723,9.33399,5.63527,2.5391,5.69824,2.178,1.85341,2.39713,-7.29034,1.78002,-14.6227,1.6227,6.80671,6.80671,4.53781,2.2689,2.2689,2.2689
6.70515,9.19163,9.27148,5.5625,2.57349,5.60915,2.04711,2.14772,3.10908,-7.0342,1.79024,-12.2857,3.27236,6.70152,6.70152,4.46768,2.23384,2.23384,2.23384
6.71015,9.10846,9.2005,5.50186,2.53483,5.41547,1.90026,2.19029,3.04527,-8.2178,4.119,-12.3664,2.0904,6.59591,6.59591,4.39728,2.19864,2.19864,2.19864
6.71526,9.02638,9.12449,5.44524,2.46032,5.25484,1.90286,2.10951,3.43335,-7.43914,3.36024,-12.5373,0.503638,6.48757,6.48757,4.32504,2.16252,2.16252,2.16252
6.72021,8.96089,9.04694,5.37754,2.43225,5.11622,1.91911,2.17941,3.80269,-6.94882,2.78264,-12.643,1.85528,6.38221,6.38221,4.25481,2.1274,2.1274,2.1274
6.7253,8.88147,8.9631,5.30093,2.40911,4.98479,1.86128,2.28814,3.91142,-6.87633,2.81888,-12.6068,1.89152,6.27348,6.27348,4.18232,2.09116,2.09116,2.09116
6.73036,8.78541,8.86959,5.21531,2.35857,4.96123,1.79806,3.1019,3.64168,-6.82699,3.55885,-14.0279,2.05189,6.16498,6.16498,4.10999,2.05499,2.05499,2.05499
6.73528,8.66691,8.79712,5.14346,2.2971,4.99628,1.72934,3.20776,3.74754,-6.75641,3.59413,-13.9926,2.08717,6.05912,6.05912,4.03941,2.01971,2.01971,2.01971
6.74017,8.54513,8.72137,5.08535,2.23386,5.01235,1.72648,3.73886,3.93586,-7.87942,3.80321,-13.3943,0.872086,5.95354,5.95354,3.96903,1.98451,1.98451,1.98451
6.74533,8.38681,8.6432,5.04056,2.17827,4.94665,1.81091,3.83489,3.74033,-7.80698,3.12011,-12.082,0.594708,5.84175,5.84175,3.8945,1.94725,1.94725,1.94725
6.75031,8.18918,8.56041,4.98784,2.15321,4.96951,1.80361,5.1645,5.0424,-6.74207,3.18931,-14.6872,2.60143,5.7335,5.7335,3.82234,1.91117,1.91117,1.91117
6.75535,7.97794,8.47321,4.92472,2.12519,5.05516,1.6337,4.45101,4.52981,-6.84644,3.29219,-13.3837,3.59855,5.62359,5.62359,3.74906,1.87453,1.87453,1.87453
6.7602,7.86322,8.41173,4.87835,2.10157,5.07827,1.57206,2.56739,3.60361,-7.30238,3.73328,-13.6962,0.727638,5.51749,5.51749,3.67832,1.83916,1.83916,1.83916
6.76518,7.77552,8.33764,4.82577,2.08171,5.03297,1.67134,3.48831,5.34409,-6.68404,3.62066,-12.3845,0.639864,5.40821,5.40821,3.60547,1.80274,1.80274,1.80274
6.77028,7.70305,8.24943,4.76892,2.1114,4.90618,1.72327,2.37129,4.69195,-7.12543,1.85304,-12.107,1.72056,5.29595,5.29595,3.53063,1.76532,1.76532,1.76532
6.77517,7.65586,8.17044,4.70622,2.11672,4.82381,1.70575,2.94416,4.77232,-6.0649,3.72719,-13.0232,2.02151,5.188,5.188,3.45867,1.72933,1.72933,1.72933
6.78024,7.56257,8.07416,4.62037,2.05795,4.74262,1.66882,3.65923,5.88535,-5.67656,3.92192,-11.926,2.05064,5.07575,5.07575,3.38383,1.69192,1.69192,1.69192
6.78528,7.43196,7.97576,4.53016,2.00802,4.64858,1.66852,4.14544,5.09106,-5.55389,3.45415,-12.46,1.09435,4.96384,4.96384,3.30923,1.65461,1.65461,1.65461
6.79033,7.27299,7.88204,4.44111,1.96481,4.57583,1.6888,4.4864,5.5502,-5.69629,3.69035,-12.1079,1.42163,4.8514,4.8514,3.23427,1.61713,1.61713,1.61713
6.79532,7.13819,7.78068,4.36979,1.92882,4.42944,1.70554,3.70342,6.6072,-6.33471,3.53704,-10.63,1.10272,4.74,4.74,3.16,1.58,1.58,1.58
6.8002,7.04338,7.67984,4.29641,1.87452,4.27152,1.674,3.86387,5.73933,-5.43843,4.85685,-12.0012,2.38113,4.63077,4.63077,3.08718,1.54359,1.54359,1.54359
6.80518,6.92434,7.59368,4.22443,1.81199,4.1916,1.55856,4.31445,5.31521,-6.23337,4.17374,-11.7404,2.8655,4.51903,4.51903,3.01268,1.50634,1.50634,1.50634
6.81016,6.81605,7.50696,4.16793,1.81709,4.15665,1.475,3.45724,6.365,-6.25483,2.66272,-12.5062,1.75192,4.407,4.407,2.938,1.469,1.469,1.469
6.8152,6.69325,7.4168,4.11139,1.81058,4.16851,1.45141,4.54407,5.69849,-6.1937,4.24896,-12.4766,1.72356,4.29335,4.29335,2.86224,1.43112,1.43112,1.43112
6.82016,6.56294,7.32471,4.05911,1.77866,4.20636,1.43677,4.28581,6.61435,-6.56413,3.81437,-12.8367,1.71125,4.18125,4.18125,2.7875,1.39375,1.39375,1.39375
6.82519,6.39873,7.22531,4.00643,1.71032,4.32669,1.40556,5.9521,6.2555,-6.28543,5.30135,-14.2974,2.08043,4.0673,4.0673,2.71153,1.35577,1.35577,1.35577
6.83024,6.24382,7.14153,3.94511,1.65021,4.41029,1.34352,4.2662,5.49548,-5.67186,4.04789,-12.2719,2.25113,3.95264,3.95264,2.63509,1.31755,1.31755,1.31755
6.83526,6.12783,7.05498,3.8849,1.63148,4.40187,1.21725,5.196,6.61048,-6.26661,4.22673,-12.7556,3.21657,3.83842,3.83842,2.55895,1.27947,1.27947,1.27947
6.84024,5.99645,6.96407,3.82651,1.64309,4.32349,1.08575,5.02981,5.71143,-6.01953,2.74934,-11.277,2.53406,3.72487,3.72487,2.48325,1.24162,1.24162,1.24162
6.84527,5.91575,6.87473,3.75469,1.65834,4.25604,1.05838,3.40719,6.66955,-5.07138,3.715,-12.6297,1.7278,3.60995,3.60995,2.40663,1.20332,1.20332,1.20332
6.85024,5.86329,6.75936,3.67358,1.64503,4.20145,1.13887,4.14742,8.15442,-5.4428,3.66185,-11.7638,0.689326,3.49618,3.49618,2.33079,1.16539,1.16539,1.16539
6.85526,5.7944,6.64289,3.58663,1.63166,4.05977,1.23509,4.03009,6.24437,-4.94804,3.0461,-10.6987,1.44806,3.38105,3.38105,2.25403,1.12702,1.12702,1.12702
6.86026,5.67723,6.54521,3.50961,1.60445,3.91976,1.23073,5.61853,7.21033,-5.5946,4.35124,-11.4221,2.44684,3.26617,3.26617,2.17745,1.08872,1.08872,1.08872
6.86525,5.53045,6.43752,3.4386,1.55156,3.82646,1.13374,5.26846,7.77828,-5.05614,4.08316,-11.1603,2.9488,3.15132,3.15132,2.10088,1.05044,1.05044,1.05044
6.87023,5.41012,6.3314,3.36813,1.48683,3.76734,1.00694,4.83168,7.4045,-5.38715,4.95771,-11.9501,2.96223,3.0365,3.0365,2.02434,1.01217,1.01217,1.01217
6.8752,5.29814,6.23862,3.30831,1.41274,3.74295,0.893869,4.94645,7.51927,-5.31063,4.99597,-11.9118,3.00049,2.92173,2.92173,1.94782,0.973911,0.973911,0.973911
6.88021,5.18207,6.12816,3.24429,1.35309,3.64104,0.83718,5.16082,8.09614,-5.58032,4.47155,-9.71209,2.17799,2.80586,2.80586,1.87057,0.935286,0.935286,0.935286
6.88517,5.06689,6.02845,3.19545,1.3052,3.41698,0.824183,5.27571,8.21103,-5.50373,4.50985,-9.67379,2.21629,2.69097,2.69097,1.79398,0.89699,0.89699,0.89699
6.89018,4.9405,5.9302,3.13873,1.23683,3.37797,0.849,5.9908,7.49584,-5.12112,5.08679,-12.7401,1.49327,2.57476,2.57476,1.71651,0.858253,0.858253,0.858253
6.89519,4.82079,5.84552,3.06894,1.19311,3.38959,0.911053,5.07489,6.72181,-4.59627,3.89186,-10.5236,1.64798,2.45839,2.45839,1.63892,0.819462,0.819462,0.819462
6.90044,4.69245,5.75281,2.99189,1.16238,3.36836,0.923909,5.53978,8.23472,-4.46889,4.47904,-11.9071,2.31796,2.33628,2.33628,1.55752,0.778759,0.778759,0.778759
6.90528,4.58126,5.64716,2.9094,1.16984,3.3763,0.863635,4.67538,8.38684,-3.85452,2.97653,-10.9918,2.86061,2.22356,2.22356,1.48237,0.741187,0.741187,0.741187
6.91023,4.50184,5.54385,2.82571,1.17135,3.25071,0.746797,4.18403,8.68745,-3.75669,4.49712,-8.8254,3.28824,2.10815,2.10815,1.40544,0.702718,0.702718,0.702718
6.91521,4.41439,5.42537,2.72564,1.11803,3.14818,0.646706,4.37512,9.65468,-2.68226,4.46135,-11.2293,2.78051,1.99192,1.99192,1.32794,0.663972,0.663972,0.663972
6.92024,4.34014,5.30604,2.62414,1.08826,3.09116,0.595494,3.37369,8.84241,-3.44618,3.15916,-9.45956,2.46364,1.87439,1.87439,1.24959,0.624796,0.624796,0.624796
6.92521,4.27077,5.20421,2.53619,1.0704,2.75559,0.605591,4.14397,8.50555,-3.29345,4.19979,-5.30565,1.73235,1.75815,1.75815,1.1721,0.586049,0.586049,0.586049
6.93034,4.16801,5.09899,2.44716,1.0151,2.44691,0.638239,3.55487,9.23635,-3.14232,4.47166,-8.98334,2.07046,1.63805,1.63805,1.09203,0.546017,0.546017,0.546017
6.93525,4.08895,5.00726,2.37002,1.01394,2.22343,0.701385,3.44533,8.52789,-3.20775,1.71137,-6.46099,1.15661,1.52301,1.52301,1.01534,0.507669,0.507669,0.507669
6.94036,3.88195,4.91822,2.31252,0.93188,2.21932,0.774218,7.21754,8.73842,-4.64938,7.56387,-12.1342,1.90035,1.40318,1.40318,0.935453,0.467727,0.467727,0.467727
6.94528,3.57152,4.81827,2.26724,0.691077,2.42508,0.815672,8.86958,9.54728,-4.49717,8.81124,-11.011,1.44204,1.28772,1.28772,0.858482,0.429241,0.429241,0.429241
6.95023,3.33012,4.71148,2.21637,0.545012,2.57755,0.774659,7.05918,9.10012,-4.71646,5.19851,-11.9991,3.32723,1.17148,1.17148,0.780989,0.390495,0.390495,0.390495
6.95529,3.13444,4.62867,2.16519,0.483501,2.8348,0.66044,8.13549,7.46963,-4.39476,6.1655,-13.4085,2.69618,1.05259,1.05259,0.701726,0.350863,0.350863,0.350863
6.96026,2.92421,4.56058,2.11967,0.428436,3.07662,0.535521,8.52026,8.18536,-5.01283,5.50065,-12.4338,3.57969,0.935744,0.935744,0.623829,0.311915,0.311915,0.311915
6.96535,2.71922,4.47121,2.05845,0.388004,3.23066,0.42917,8.80152,9.01822,-3.58496,5.81379,-12.0793,2.48523,0.816018,0.816018,0.544012,0.272006,0.272006,0.272006
6.9703,2.54927,4.38907,1.99825,0.328594,3.29633,0.388944,7.59416,8.43732,-4.44781,5.93542,-11.3946,2.52406,0.699536,0.699536,0.466357,0.233179,0.233179,0.233179
6.97526,2.3981,4.30594,1.93933,0.291925,3.33559,0.405926,8.4477,9.25934,-3.52979,5.9909,-11.3392,1.55282,0.582776,0.582776,0.388517,0.194259,0.194259,0.194259
6.98028,2.28017,4.2208,1.86724,0.279268,3.38566,0.447737,6.92687,8.04583,-3.99229,4.64754,-12.2437,2.04762,0.464567,0.464567,0.309712,0.154856,0.154856,0.154856
6.98526,2.20804,4.15784,1.79818,0.299479,3.30632,0.510017,7.12297,7.65093,-3.4313,5.16688,-9.15752,1.07656,0.347272,0.347272,0.231515,0.115757,0.115757,0.115757
6.99025,2.13676,4.07863,1.71863,0.335012,3.11803,0.592111,6.52344,9.35236,-3.18156,4.19591,-9.66481,1.57115,0.22972,0.22972,0.153147,0.0765733,0.0765733,0.0765733
6.99517,2.09304,3.97909,1.6368,0.355416,2.94652,0.679536,6.25324,9.618,-3.22759,4.98803,-9.53509,0.773506,0.113803,0.113803,0.0758687,0.0379344,0.0379344,0.0379344
7.0003,2.02097,3.88675,1.55695,0.341982,2.7148,0.766585,7.52065,8.74205,-3.25151,5.12768,-8.26108,1.42652,-0.00706858,-0.00706858,-0.00471239,-0.00235619,-0.00235619,-0.00235619
7.00524,1.9393,3.79364,1.47964,0.316758,2.52818,0.792566,6.48262,9.92224,-3.2387,5.51423,-9.87001,1.72199,-0.123463,-0.123463,-0.0823088,-0.0411544,-0.0411544,-0.0411544
7.01026,1.82491,3.6798,1.3958,0.271675,2.41689,0.766611,8.22024,10.7615,-2.60809,5.90142,-9.40002,2.3079,-0.241735,-0.241735,-0.161157,-0.0805784,-0.0805784,-0.0805784
7.01523,1.70529,3.56902,1.31104,0.25541,2.31398,0.69183,6.90709,9.38535,-3.25318,5.02136,-9.39412,2.65328,-0.358814,-0.358814,-0.239209,-0.119605,-0.119605,-0.119605
7.02023,1.59661,3.4764,1.2307,0.234607,2.23503,0.569192,7.76164,9.77104,-2.41809,5.65678,-9.82682,3.22246,-0.476578,-0.476578,-0.317719,-0.158859,-0.158859,-0.158859
7.02528,1.45596,3.36452,1.14307,0.187604,2.15792,0.42187,8.12089,10.871,-2.8446,5.77922,-9.02542,3.2621,-0.595489,-0.595489,-0.396993,-0.198496,-0.198496,-0.198496
7.03026,1.30885,3.25566,1.0649,0.115177,2.08536,0.283763,7.8717,10.4248,-2.40906,7.00233,-9.51627,3.29289,-0.712716,-0.712716,-0.475144,-0.237572,-0.237572,-0.237572
7.0352,1.11943,3.16372,0.998732,0.0548048,2.08843,0.155099,9.7373,10.3047,-3.08814,5.90672,-10.024,3.35648,-0.828958,-0.828958,-0.552639,-0.276319,-0.276319,-0.276319
7.04032,0.91467,3.05826,0.927529,0.0306926,2.13841,0.0318834,8.65602,11.3589,-2.15514,5.81438,-10.5883,3.35522,-0.949383,-0.949383,-0.632922,-0.316461,-0.316461,-0.316461
7.04528,0.752431,2.95896,0.849509,0.0636382,2.16453,-0.0806745,8.91841,10.0965,-2.4954,3.93229,-9.82907,3.46033,-1.06599,-1.06599,-0.710657,-0.355329,-0.355329,-0.355329
7.05018,0.610105,2.86993,0.775614,0.0504048,2.08872,-0.184404,7.84759,10.4992,-2.14695,6.44638,-8.51558,3.39934,-1.18111,-1.18111,-0.78741,-0.393705,-0.393705,-0.393705
7.05522,0.499516,2.78639,0.703515,-0.0147711,1.93916,-0.279324,7.96594,10.6176,-2.06805,6.48583,-8.47613,3.43879,-1.29946,-1.29946,-0.866306,-0.433153,-0.433153,-0.433153
7.06018,0.368426,2.68452,0.624516,-0.0560644,1.87449,-0.347329,8.51179,11.3959,-1.90895,5.39027,-8.95897,3.12983,-1.41585,-1.41585,-0.943898,-0.471949,-0.471949,-0.471949
7.06518,0.233546,2.58671,0.551704,-0.0683126,1.80179,-0.395897,8.62903,11.5131,-1.83079,5.42935,-8.91989,3.16891,-1.53309,-1.53309,-1.02206,-0.511029,-0.511029,-0.511029
7.07017,0.101186,2.48384,0.48279,-0.122168,1.75926,-0.444743,8.42286,11.303,-2.42374,6.76,-9.0134,3.27412,-1.65,-1.65,-1.1,-0.549999,-0.549999,-0.549999
7.07518,-0.0484116,2.37771,0.414743,-0.198712,1.72103,-0.490713,9.52513,12.0468,-1.8565,6.18637,-9.06539,3.19729,-1.76727,-1.76727,-1.17818,-0.589091,-0.589091,-0.589091
7.08021,-0.182551,2.25905,0.340037,-0.260309,1.67195,-0.530225,8.07465,12.716,-1.76763,6.5071,-8.77778,3.21994,-1.88491,-1.88491,-1.2566,-0.628302,-0.628302,-0.628302
7.0853,-0.314046,2.146,0.270972,-0.329169,1.65604,-0.538657,9.44649,11.4283,-2.25265,7.08494,-9.34256,2.6717,-2.00383,-2.00383,-1.33588,-0.667942,-0.667942,-0.667942
7.09019,-0.422528,2.06002,0.192481,-0.377963,1.62134,-0.536285,7.93733,10.9869,-0.512923,5.98862,-8.51794,2.9747,-2.11795,-2.11795,-1.41197,-0.705983,-0.705983,-0.705983
7.09525,-0.527673,1.96436,0.115029,-0.418357,1.51475,-0.531633,9.08757,12.2002,-2.32364,6.69862,-7.70858,2.57518,-2.23591,-2.23591,-1.49061,-0.745304,-0.745304,-0.745304
7.10016,-0.654124,1.85883,0.0447378,-0.464531,1.42582,-0.47091,9.03248,12.2357,-0.968343,5.85077,-8.76343,1.73561,-2.35024,-2.35024,-1.56683,-0.783413,-0.783413,-0.783413
7.10517,-0.822292,1.74216,-0.0498535,-0.48463,1.44057,-0.329814,10.3468,12.7738,-0.575077,5.31001,-9.11375,0.756011,-2.46675,-2.46675,-1.6445,-0.822251,-0.822251,-0.822251
7.11018,-0.997425,1.63341,-0.142067,-0.466136,1.41427,-0.171141,10.4631,12.8901,-0.497504,5.3488,-9.07496,0.794798,-2.58311,-2.58311,-1.72208,-0.861038,-0.861038,-0.861038
7.11522,-1.15275,1.50585,-0.235608,-0.472298,1.37517,-0.0260616,9.35467,13.1292,-1.09882,6.20748,-7.96788,0.154803,-2.70001,-2.70001,-1.80001,-0.900003,-0.900003,-0.900003
7.12023,-1.26444,1.40002,-0.305061,-0.479692,1.24305,0.0726566,9.4707,13.2452,-1.02147,6.24616,-7.9292,0.193481,-2.81604,-2.81604,-1.87736,-0.938681,-0.938681,-0.938681
7.12519,-1.37211,1.3004,-0.380102,-0.524674,1.14928,0.071561,9.03775,12.4458,-0.51864,7.79136,-7.81644,0.198595,-2.93075,-2.93075,-1.95383,-0.976915,-0.976915,-0.976915
7.13019,-1.51933,1.21192,-0.440998,-0.602488,1.05859,-0.0398887,10.6898,12.7819,-1.60998,7.49036,-7.86076,0.344718,-3.04619,-3.04619,-2.0308,-1.0154,-1.0154,-1.0154
7.13528,-1.70252,1.11939,-0.489721,-0.680602,0.960689,-0.242396,10.8071,12.8993,-1.53176,7.52947,-7.82165,0.383829,-3.16353,-3.16353,-2.10902,-1.05451,-1.05451,-1.05451
7.14018,-1.87578,1.01005,-0.550601,-0.731862,0.878432,-0.449968,9.87185,12.9687,-1.32701,5.71234,-6.74906,-0.158184,-3.27629,-3.27629,-2.18419,-1.0921,-1.0921,-1.0921
7.14525,-1.99722,0.901343,-0.617671,-0.753527,0.857636,-0.659891,9.21214,13.2506,-0.927502,7.40716,-9.57508,-0.061401,-3.39276,-3.39276,-2.26184,-1.13092,-1.13092,-1.13092
7.15025,-2.09485,0.799599,-0.683539,-0.803923,0.94998,-0.871554,9.32679,13.3653,-0.851068,7.44538,-9.53686,-0.023184,-3.50741,-3.50741,-2.33827,-1.16914,-1.16914,-1.16914
7.15518,-2.25039,0.683973,-0.764165,-0.917541,1.04569,-1.05296,10.8186,13.5609,-0.0798754,9.62751,-8.82865,-0.316773,-3.62024,-3.62024,-2.41349,-1.20675,-1.20675,-1.20675
7.16018,-2.38399,0.581342,-0.849891,-1.05492,1.03495,-1.21175,10.9328,13.6751,-0.00373262,9.66558,-8.79058,-0.278701,-3.73446,-3.73446,-2.48964,-1.24482,-1.24482,-1.24482
7.16519,-2.50233,0.470115,-0.934116,-1.13962,1.0338,-1.35247,10.8028,13.7617,-0.575492,7.79925,-8.52891,-0.389671,-3.84867,-3.84867,-2.56578,-1.28289,-1.28289,-1.28289
7.1702,-2.62053,0.351507,-1.0222,-1.17158,1.00723,-1.40274,10.6252,13.5644,-0.0940494,6.9844,-8.06864,-1.85864,-3.96264,-3.96264,-2.64176,-1.32088,-1.32088,-1.32088
7.17525,-2.71518,0.25839,-1.10007,-1.16631,0.902767,-1.37591,10.7398,13.6791,-0.0176262,7.02261,-8.03043,-1.82043,-4.07728,-4.07728,-2.71818,-1.35909,-1.35909,-1.35909
7.18019,-2.84941,0.144481,-1.18688,-1.15791,0.796241,-1.30918,11.2733,15.0557,0.698597,6.27331,-6.75941,-2.66909,-4.18917,-4.18917,-2.79278,-1.39639,-1.39639,-1.39639
7.18525,-2.98988,0.00206724,-1.28737,-1.17484,0.561365,-1.23302,10.7375,16.1944,0.781098,7.98398,-6.0589,-2.19214,-4.30351,-4.30351,-2.86901,-1.4345,-1.4345,-1.4345
7.19041,-3.1034,-0.142251,-1.3816,-1.22988,0.283439,-1.19298,10.8539,16.3107,0.858648,8.02276,-6.02012,-2.15336,-4.41984,-4.41984,-2.94656,-1.47328,-1.47328,-1.47328
7.19571,-3.24295,-0.282537,-1.48311,-1.24945,0.119758,-1.19607,10.6106,14.5309,0.965271,6.00905,-6.59311,-1.48435,-4.53902,-4.53902,-3.02601,-1.51301,-1.51301,-1.51301
7.20082,-3.3417,-0.399423,-1.56012,-1.23188,0.0065134,-1.23094,9.66925,15.5044,-0.170523,7.33065,-6.77019,-1.65315,-4.65363,-4.65363,-3.10242,-1.55121,-1.55121,-1.55121
7.20568,-3.44763,-0.51848,-1.62291,-1.23603,-0.0313337,-1.28069,10.7157,15.5304,0.33668,6.34845,-7.42119,-1.13667,-4.76235,-4.76235,-3.1749,-1.58745,-1.58745,-1.58745
7.21037,-3.571,-0.625186,-1.69076,-1.27832,-0.0255422,-1.34916,10.123,14.9179,0.611272,8.37054,-7.21242,-1.23426,-4.86701,-4.86701,-3.24467,-1.62234,-1.62234,-1.62234
7.21534,-3.68877,-0.741819,-1.76762,-1.33949,-0.0060407,-1.48124,10.0484,16.2105,0.960897,7.14057,-7.44051,0.168809,-4.97763,-4.97763,-3.31842,-1.65921,-1.65921,-1.65921
7.22028,-3.81677,-0.867602,-1.84538,-1.36871,-0.0688351,-1.60536,10.4772,16.1981,0.875157,7.04464,-6.21992,-1.1774,-5.08728,-5.08728,-3.39152,-1.69576,-1.69576,-1.69576
7.22527,-3.9618,-0.996207,-1.92602,-1.39994,-0.176901,-1.70764,10.8989,15.9775,0.904899,7.45405,-6.10031,-0.146985,-5.19772,-5.19772,-3.46515,-1.73257,-1.73257,-1.73257
7.23021,-4.12392,-1.1077,-2.00604,-1.40951,-0.275276,-1.7923,11.5398,15.669,1.5586,6.48852,-6.55248,-1.22844,-5.30675,-5.30675,-3.53783,-1.76892,-1.76892,-1.76892
7.23521,-4.30348,-1.20932,-2.07537,-1.43646,-0.30989,-1.75151,11.7917,15.1328,0.275545,7.70095,-6.59033,-2.48345,-5.41678,-5.41678,-3.61118,-1.80559,-1.80559,-1.80559
7.2402,-4.47796,-1.31827,-2.13734,-1.50597,-0.382064,-1.65371,11.4796,16.4676,0.971346,8.0852,-5.85832,-2.25652,-5.52625,-5.52625,-3.68417,-1.84208,-1.84208,-1.84208
7.2455,-4.62984,-1.43303,-2.20178,-1.56921,-0.503854,-1.571,11.5955,16.5836,1.04861,8.12384,-5.81968,-2.21788,-5.64215,-5.64215,-3.76143,-1.88072,-1.88072,-1.88072
7.25028,-4.80286,-1.53631,-2.26244,-1.6225,-0.588123,-1.52843,12.3774,16.1558,1.28528,7.73629,-5.31299,-1.75259,-5.74635,-5.74635,-3.8309,-1.91545,-1.91545,-1.91545
7.25539,-4.98335,-1.63236,-2.32603,-1.6521,-0.734042,-1.51906,12.4884,16.2669,1.3593,7.7733,-5.27598,-1.71558,-5.85738,-5.85738,-3.90492,-1.95246,-1.95246,-1.95246
7.26024,-5.14513,-1.72661,-2.39213,-1.66365,-0.744833,-1.5105,11.2853,15.7966,1.52755,6.71535,-7.07085,-1.83789,-5.96241,-5.96241,-3.97494,-1.98747,-1.98747,-1.98747
7.26519,-5.28562,-1.83006,-2.46382,-1.65107,-0.643796,-1.57121,11.7271,16.723,1.62595,6.90828,-6.97728,-0.510597,-6.06925,-6.06925,-4.04617,-2.02308,-2.02308,-2.02308
7.27024,-5.39783,-1.93711,-2.53591,-1.62639,-0.627378,-1.69297,11.8357,16.8317,1.69836,6.94449,-6.94107,-0.47439,-6.17787,-6.17787,-4.11858,-2.05929,-2.05929,-2.05929
7.27519,-5.54521,-2.04747,-2.60856,-1.61941,-0.575136,-1.76636,12.0324,15.9133,1.33228,6.93017,-6.76495,-1.15939,-6.28396,-6.28396,-4.18931,-2.09465,-2.09465,-2.09465
7.28024,-5.66183,-2.14793,-2.6877,-1.622,-0.715219,-1.7753,11.9157,16.7028,2.58502,7.61196,-4.11252,-1.87692,-6.39181,-6.39181,-4.2612,-2.1306,-2.1306,-2.1306
7.28531,-5.76589,-2.24734,-2.77709,-1.63779,-1.00248,-1.75402,12.0236,16.8107,2.65693,7.64792,-4.07656,-1.84096,-6.49967,-6.49967,-4.33311,-2.16656,-2.16656,-2.16656
7.29016,-5.89992,-2.34938,-2.86232,-1.6948,-1.15564,-1.75594,11.5078,16.4682,2.43705,8.5847,-4.56394,-1.50034,-6.60247,-6.60247,-4.40165,-2.20082,-2.20082,-2.20082
7.2954,-6.02256,-2.44563,-2.94055,-1.75391,-1.25015,-1.8182,11.8193,16.3346,1.96532,8.1165,-5.63658,-0.511257,-6.71311,-6.71311,-4.47541,-2.2377,-2.2377,-2.2377
7.30041,-6.12484,-2.53502,-3.01055,-1.79153,-1.32914,-1.91903,11.9247,16.4399,2.03555,8.15162,-5.60146,-0.476139,-6.81846,-6.81846,-4.54564,-2.27282,-2.27282,-2.27282
7.30525,-6.29337,-2.63309,-3.08155,-1.8376,-1.30732,-1.99466,13.0032,16.2655,1.87533,7.78797,-6.27147,-0.715586,-6.91984,-6.91984,-4.61323,-2.30661,-2.30661,-2.30661
7.3106,-6.46617,-2.71816,-3.14438,-1.85993,-1.30324,-2.05926,13.1148,16.3771,1.94973,7.82517,-6.23427,-0.678387,-7.03144,-7.03144,-4.68763,-2.34381,-2.34381,-2.34381
7.31532,-6.67066,-2.80113,-3.20895,-1.91538,-1.23515,-2.05875,13.2168,16.4239,2.7654,8.37949,-6.05255,-1.81319,-7.12948,-7.12948,-4.75299,-2.37649,-2.37649,-2.37649
7.32034,-6.82404,-2.88218,-3.27747,-1.989,-1.17659,-1.91783,12.2529,16.5475,2.28496,9.52363,-6.58097,-3.36005,-7.23332,-7.23332,-4.82222,-2.41111,-2.41111,-2.41111
7.32536,-6.94736,-2.97247,-3.35302,-2.07663,-1.19444,-1.76417,12.8724,17.2537,3.18571,8.79633,-5.32935,-2.33199,-7.33672,-7.33672,-4.89115,-2.44557,-2.44557,-2.44557
7.33024,-7.05798,-3.06795,-3.43028,-2.1624,-1.27632,-1.73947,11.826,16.7628,2.32237,9.91437,-5.08071,-1.24707,-7.43679,-7.43679,-4.95786,-2.47893,-2.47893,-2.47893
7.33515,-7.11459,-3.14951,-3.49171,-2.26371,-1.40251,-1.78423,11.9262,16.863,2.3892,9.94779,-5.04729,-1.21365,-7.53704,-7.53704,-5.02469,-2.51235,-2.51235,-2.51235
7.34029,-7.24057,-3.24482,-3.55688,-2.33172,-1.44868,-1.82096,12.5271,17.133,2.46093,7.85465,-5.12839,-1.49347,-7.6415,-7.6415,-5.09433,-2.54717,-2.54717,-2.54717
7.34532,-7.38281,-3.32971,-3.61276,-2.33773,-1.41516,-1.87312,13.1883,16.8762,2.24452,8.11212,-6.62628,-1.17804,-7.74325,-7.74325,-5.16216,-2.58108,-2.58108,-2.58108
7.35047,-7.50553,-3.40248,-3.66129,-2.34102,-1.35337,-1.94311,13.292,16.9798,2.31364,8.14668,-6.59172,-1.14348,-7.84692,-7.84692,-5.23128,-2.61564,-2.61564,-2.61564
7.35546,-7.68019,-3.47852,-3.71894,-2.38101,-1.26188,-1.99813,13.4235,16.8158,3.16612,8.6354,-5.92912,-1.33372,-7.94688,-7.94688,-5.29792,-2.64896,-2.64896,-2.64896
7.3602,-7.81623,-3.55014,-3.77392,-2.40614,-1.26123,-2.04604,13.518,17.1979,2.31788,8.1701,-5.6989,-1.20286,-8.04138,-8.04138,-5.36092,-2.68046,-2.68046,-2.68046
7.36535,-7.94714,-3.63808,-3.83834,-2.42147,-1.26017,-2.16183,13.0291,17.6192,3.43726,8.61816,-6.03744,0.106317,-8.14355,-8.14355,-5.42903,-2.71452,-2.71452,-2.71452
7.37026,-8.09209,-3.70919,-3.90526,-2.42614,-1.28228,-2.25686,13.7407,16.3096,3.20091,7.74794,-5.01982,-1.50082,-8.24046,-8.24046,-5.49364,-2.74682,-2.74682,-2.74682
7.37529,-8.21995,-3.7643,-3.96997,-2.40052,-1.38891,-2.25868,13.8395,16.4084,3.26676,7.78086,-4.9869,-1.4679,-8.33923,-8.33923,-5.55949,-2.77974,-2.77974,-2.77974
7.38022,-8.41421,-3.8447,-4.03338,-2.41896,-1.34503,-2.27506,14.4953,18.2855,3.22019,8.58301,-6.37067,-1.03835,-8.43554,-8.43554,-5.62369,-2.81185,-2.81185,-2.81185
7.38529,-8.56526,-3.94451,-4.10109,-2.43145,-1.32681,-2.32649,14.5938,18.384,3.28587,8.61584,-6.33784,-1.00552,-8.53405,-8.53405,-5.68937,-2.84468,-2.84468,-2.84468
7.39031,-8.72529,-4.04253,-4.17455,-2.45773,-1.29569,-2.38514,12.8429,17.2912,3.61597,8.59022,-5.30362,-0.956622,-8.63105,-8.63105,-5.75404,-2.87702,-2.87702,-2.87702
7.39523,-8.79088,-4.11838,-4.24064,-2.44184,-1.38246,-2.43078,12.2992,17.7915,3.64347,7.20586,-4.6925,-0.933385,-8.72561,-8.72561,-5.81707,-2.90854,-2.90854,-2.90854
7.40033,-8.82855,-4.19942,-4.31032,-2.39044,-1.52993,-2.46894,12.3966,17.889,3.70845,7.23834,-4.66002,-0.900897,-8.82307,-8.82307,-5.88205,-2.94102,-2.94102,-2.94102
7.4052,-8.87612,-4.27735,-4.3774,-2.35199,-1.65886,-2.50001,12.4892,17.9815,3.77014,7.26919,-4.62917,-0.870051,-8.91561,-8.91561,-5.94374,-2.97187,-2.97187,-2.97187
7.41051,-8.97917,-4.3729,-4.45207,-2.34984,-1.69223,-2.51206,11.9197,18.5231,4.01884,7.83254,-4.8193,-1.19266,-9.01591,-9.01591,-6.01061,-3.0053,-3.0053,-3.0053
7.4152,-9.02095,-4.45364,-4.51611,-2.36124,-1.77103,-2.49323,12.0078,18.6112,4.07755,7.8619,-4.78994,-1.1633,-9.10398,-9.10398,-6.06932,-3.03466,-3.03466,-3.03466
7.42022,-9.11253,-4.54405,-4.58748,-2.40033,-1.83409,-2.57102,12.3694,18.9413,4.57266,8.19122,-4.41094,0.87998,-9.1977,-9.1977,-6.1318,-3.0659,-3.0659,-3.0659
7.42521,-9.24518,-4.62892,-4.6634,-2.44149,-1.96621,-2.60825,12.6748,18.9985,5.41396,7.61764,-2.26868,-2.23556,-9.29029,-9.29029,-6.19353,-3.09676,-3.09676,-3.09676
7.43019,-9.35037,-4.71788,-4.72057,-2.50447,-2.21181,-2.58893,12.2111,20.7135,3.9892,8.9979,-1.98966,-0.333662,-9.38213,-9.38213,-6.25476,-3.12738,-3.12738,-3.12738
7.43528,-9.47199,-4.82846,-4.76817,-2.60783,-2.26774,-2.53707,12.4068,21.122,4.84976,9.24427,-5.21261,-2.81141,-9.47541,-9.47541,-6.31694,-3.15847,-3.15847,-3.15847
7.4405,-9.7031,-4.94989,-4.7973,-2.87417,-2.17513,-2.42279,16.3433,21.8829,2.81893,14.7738,-5.18094,-1.86894,-9.57043,-9.57043,-6.38029,-3.19014,-3.19014,-3.19014
7.44556,-9.97591,-5.06163,-4.82751,-3.09711,-2.13977,-2.41588,14.7839,20.6269,5.02218,9.00008,-3.74284,-1.15948,-9.66193,-9.66193,-6.44129,-3.22064,-3.22064,-3.22064
7.45022,-10.1495,-5.13736,-4.8718,-3.14405,-2.16506,-2.34835,14.4343,18.9653,3.88879,9.32607,-4.18689,-3.15189,-9.74566,-9.74566,-6.49711,-3.24855,-3.24855,-3.24855
7.45519,-10.3088,-5.20492,-4.90879,-3.18491,-2.06383,-2.29199,15.2952,19.6253,4.24263,9.24801,-6.55851,-1.19307,-9.83438,-9.83438,-6.55626,-3.27813,-3.27813,-3.27813
7.46025,-10.4616,-5.28332,-4.95615,-3.2316,-1.93661,-2.39361,14.6285,19.2619,4.11851,10.0645,-5.16241,-0.202688,-9.9241,-9.9241,-6.61606,-3.30803,-3.30803,-3.30803
7.46524,-10.5662,-5.35464,-4.99761,-3.25938,-1.87292,-2.45681,13.9914,19.2355,3.93256,8.99256,-5.721,-1.76316,-10.012,-10.012,-6.67464,-3.33732,-3.33732,-3.33732
7.47025,-10.6756,-5.41387,-5.05041,-3.27582,-1.86131,-2.41521,15.1427,18.0189,5.00669,9.66759,-4.30077,-2.06517,-10.0995,-10.0995,-6.73303,-3.36651,-3.36651,-3.36651
7.47528,-10.7957,-5.47189,-5.10822,-3.30187,-1.88109,-2.42927,14.3475,19.6704,4.7514,9.58078,-5.0003,-0.727822,-10.1869,-10.1869,-6.79124,-3.39562,-3.39562,-3.39562
7.48019,-10.8462,-5.54905,-5.16725,-3.3167,-1.92954,-2.52035,14.4321,19.755,4.80781,9.60898,-4.9721,-0.699617,-10.2715,-10.2715,-6.84765,-3.42382,-3.42382,-3.42382
7.48518,-10.9678,-5.63822,-5.22311,-3.41088,-1.96085,-2.58017,14.7302,20.5141,4.70588,11.9227,-4.11564,-1.3998,-10.3568,-10.3568,-6.90456,-3.45228,-3.45228,-3.45228
7.49034,-11.0418,-5.73794,-5.28319,-3.53917,-2.1058,-2.60029,14.8178,20.6017,4.76428,11.9519,-4.08644,-1.3706,-10.4444,-10.4444,-6.96296,-3.48148,-3.48148,-3.48148
7.49529,-11.1762,-5.82191,-5.33922,-3.6249,-2.1152,-2.69927,14.4363,19.4362,5.10203,9.9594,-5.07708,0.26352,-10.5278,-10.5278,-7.01856,-3.50928,-3.50928,-3.50928
7.50024,-11.2274,-5.891,-5.40188,-3.63252,-2.13291,-2.86809,14.5191,19.5189,5.1572,9.98699,-5.04949,0.291107,-10.6106,-10.6106,-7.07373,-3.53687,-3.53687,-3.53687
7.50546,-11.3458,-5.97196,-5.45827,-3.64079,-2.1052,-2.96055,14.0068,20.5945,5.07071,9.35345,-4.08499,-1.05451,-10.6972,-10.6972,-7.13145,-3.56573,-3.56573,-3.56573
7.51039,-11.3663,-6.06875,-5.52416,-3.61172,-2.23701,-2.97056,14.0879,20.6756,5.12478,9.38048,-4.05796,-1.02748,-10.7783,-10.7783,-7.18552,-3.59276,-3.59276,-3.59276
7.51536,-11.4293,-6.16758,-5.59518,-3.62426,-2.35031,-2.98302,14.4369,20.5518,5.48818,10.6495,-3.80736,-0.92592,-10.8594,-10.8594,-7.2396,-3.6198,-3.6198,-3.6198
7.52024,-11.5175,-6.26456,-5.67864,-3.65805,-2.44472,-3.03226,14.4056,21.1588,6.69035,9.91409,-3.89695,-0.394507,-10.9384,-10.9384,-7.29227,-3.64613,-3.64613,-3.64613
7.52528,-11.6232,-6.34514,-5.74044,-3.70541,-2.46947,-3.08385,15.4124,19.7622,4.38468,11.2245,-4.78078,-0.922295,-11.0193,-11.0193,-7.34621,-3.6731,-3.6731,-3.6731
7.53032,-11.7397,-6.41434,-5.79589,-3.73959,-2.50567,-3.12149,14.4879,20.2522,6.42366,9.36337,-3.60311,-0.349074,-11.0995,-11.0995,-7.39969,-3.69985,-3.69985,-3.69985
7.53534,-11.8404,-6.4813,-5.85638,-3.75148,-2.54959,-3.16514,15.2606,20.2289,5.29353,10.3171,-4.40471,-0.736669,-11.1788,-11.1788,-7.4525,-3.72625,-3.72625,-3.72625
7.54042,-11.9728,-6.56375,-5.90753,-3.80176,-2.58407,-3.14203,15.671,21.7425,5.74569,10.8901,-3.74066,-1.68722,-11.2582,-11.2582,-7.50547,-3.75274,-3.75274,-3.75274
7.54529,-12.1141,-6.65055,-5.95089,-3.84052,-2.58601,-3.06347,15.7583,21.1679,4.9851,9.45798,-5.06514,-1.86078,-11.3337,-11.3337,-7.5558,-3.7779,-3.7779,-3.7779
7.55053,-12.2675,-6.73716,-5.99845,-3.8662,-2.59036,-3.02857,15.6458,21.1342,5.86849,9.98161,-3.43199,-0.865188,-11.4142,-11.4142,-7.60946,-3.80473,-3.80473,-3.80473
7.55528,-12.4051,-6.80382,-6.03462,-3.88489,-2.58302,-3.047,15.7929,20.8716,5.04516,10.37,-5.01421,-1.15573,-11.4865,-11.4865,-7.65766,-3.82883,-3.82883,-3.82883
7.56024,-12.5505,-6.86502,-6.08436,-3.88586,-2.52936,-3.0507,15.9347,20.052,6.51623,9.79053,-4.59183,-1.29639,-11.5613,-11.5613,-7.70753,-3.85377,-3.85377,-3.85377
7.56527,-12.6709,-6.92854,-6.14511,-3.89244,-2.53883,-3.033,14.8554,21.4274,6.23611,11.0162,-3.61458,-1.48662,-11.6365,-11.6365,-7.75763,-3.87882,-3.87882,-3.87882
7.57023,-12.799,-7.00919,-6.21093,-3.90879,-2.6361,-3.06707,16.3078,21.5362,6.82217,9.9808,-3.27548,-0.377479,-11.7098,-11.7098,-7.80656,-3.90328,-3.90328,-3.90328
7.5754,-12.9259,-7.09949,-6.27195,-3.92198,-2.76787,-3.11038,15.2882,22.3921,5.97188,10.8672,-2.80311,-1.33755,-11.7856,-11.7856,-7.85706,-3.92853,-3.92853,-3.92853
7.58047,-13.0149,-7.18737,-6.32065,-3.95328,-2.77947,-3.16289,15.5312,21.8706,6.27378,10.1548,-5.23776,-0.0710435,-11.8591,-11.8591,-7.90607,-3.95304,-3.95304,-3.95304
7.58545,-13.1056,-7.26646,-6.3712,-3.98073,-2.79907,-3.24804,15.1772,21.7215,6.23993,10.6588,-2.44014,-0.726175,-11.9306,-11.9306,-7.95373,-3.97686,-3.97686,-3.97686
7.59035,-13.1598,-7.33342,-6.41363,-3.99199,-2.90437,-3.2239,15.1562,21.2316,5.93314,9.72983,-3.97357,-2.15197,-12.0002,-12.0002,-8.00015,-4.00007,-4.00007,-4.00007
7.59548,-13.2131,-7.41246,-6.45242,-3.98448,-2.93214,-3.30477,14.5703,22.7971,6.03138,9.76216,-3.35336,1.39936,-12.0724,-12.0724,-8.04823,-4.02412,-4.02412,-4.02412
7.60023,-13.2635,-7.50281,-6.50318,-4.02297,-3.00925,-3.43807,15.6293,22.6937,6.94697,11.5478,-3.39757,-0.747974,-12.1384,-12.1384,-8.09229,-4.04615,-4.04615,-4.04615
7.60532,-13.3658,-7.60912,-6.55843,-4.09539,-3.03124,-3.35328,15.6599,23.9694,6.28518,10.9253,-3.8793,-2.71182,-12.2085,-12.2085,-8.13901,-4.0695,-4.0695,-4.0695
7.61033,-13.4732,-7.72191,-6.6072,-4.1418,-3.04201,-3.26852,16.1379,23.7815,6.74865,10.5092,-3.59988,-1.05792,-12.2767,-12.2767,-8.18448,-4.09224,-4.09224,-4.09224
7.61544,-13.5818,-7.81835,-6.6511,-4.19516,-3.02252,-3.29471,16.4195,22.7904,6.19467,11.2608,-4.38839,-0.736914,-12.3455,-12.3455,-8.23033,-4.11517,-4.11517,-4.11517
7.62016,-13.6876,-7.88043,-6.67602,-4.25307,-2.99789,-3.27192,15.5564,21.5964,5.8938,11.0333,-3.78785,-2.13185,-12.4083,-12.4083,-8.27222,-4.13611,-4.13611,-4.13611
7.62544,-13.7781,-7.93489,-6.71723,-4.29443,-2.99356,-3.25667,15.945,21.2167,6.89942,10.9489,-4.22009,-0.626573,-12.4778,-12.4778,-8.31853,-4.15927,-4.15927,-4.15927
7.63028,-13.8803,-7.97509,-6.74909,-4.31931,-2.97441,-3.21882,16.1852,21.5042,6.12628,10.796,-3.85964,-2.51828,-12.5407,-12.5407,-8.36049,-4.18024,-4.18024,-4.18024
7.63527,-14.0263,-8.02994,-6.77533,-4.3669,-2.8802,-3.17234,17.6481,22.4785,6.31533,12.0925,-5.6847,-0.824342,-12.6049,-12.6049,-8.40324,-4.20162,-4.20162,-4.20162
7.64057,-14.1613,-8.10193,-6.81411,-4.4297,-2.79134,-3.18712,16.1393,22.1754,6.50437,11.4525,-4.18844,-1.3898,-12.6721,-12.6721,-8.44807,-4.22404,-4.22404,-4.22404
7.64565,-14.3173,-8.17374,-6.83816,-4.49976,-2.64443,-3.09949,19.158,22.7434,5.21965,12.4176,-7.07355,-3.09911,-12.7358,-12.7358,-8.4905,-4.24525,-4.24525,-4.24525
7.65038,-14.483,-8.24843,-6.87151,-4.61532,-2.45188,-3.09193,17.542,22.4473,7.00591,14.325,-5.93624,-0.529361,-12.7943,-12.7943,-8.52952,-4.26476,-4.26476,-4.26476
7.65541,-14.6047,-8.30832,-6.92649,-4.66883,-2.42948,-3.22453,17.568,20.7791,6.58918,10.2634,-4.64887,-0.533712,-12.8557,-12.8557,-8.5705,-4.28525,-4.28525,-4.28525
7.6603,-14.6477,-8.36395,-6.97847,-4.60989,-2.51515,-3.33168,15.5033,22.6071,7.14891,10.1589,-3.54453,-0.721051,-12.9147,-12.9147,-8.60982,-4.30491,-4.30491,-4.30491
7.66517,-14.6717,-8.42242,-7.0195,-4.57977,-2.66073,-3.43002,17.0073,21.4949,6.0527,11.2877,-3.43412,-0.411922,-12.9727,-12.9727,-8.64848,-4.32424,-4.32424,-4.32424
7.6703,-14.7168,-8.48969,-7.06073,-4.58818,-2.76356,-3.54051,15.8698,23.1824,7.07308,11.6142,-4.29172,-0.267636,-13.033,-13.033,-8.68865,-4.34432,-4.34432,-4.34432
7.67528,-14.7453,-8.57549,-7.10966,-4.60547,-2.84023,-3.62191,16.2348,23.4371,6.77505,12.2875,-3.51073,-0.712086,-13.0907,-13.0907,-8.72711,-4.36355,-4.36355,-4.36355
7.68029,-14.7945,-8.66395,-7.15435,-4.61937,-2.88596,-3.59935,16.1068,23.3722,6.75886,11.255,-5.08141,-2.24137,-13.1479,-13.1479,-8.76526,-4.38263,-4.38263,-4.38263
7.68518,-14.8585,-8.73056,-7.19599,-4.63083,-2.81641,-3.54571,16.615,22.064,7.08818,11.232,-5.55157,-1.35361,-13.203,-13.203,-8.80198,-4.40099,-4.40099,-4.40099
7.69025,-14.9081,-8.78389,-7.24101,-4.6527,-2.85298,-3.57397,16.1394,22.1912,7.10897,11.7393,-3.00741,-0.680733,-13.2592,-13.2592,-8.83949,-4.41975,-4.41975,-4.41975
7.69568,-14.9741,-8.85904,-7.29407,-4.69298,-3.05546,-3.59109,16.7424,23.7951,7.57071,11.8915,-2.59019,-1.28195,-13.3186,-13.3186,-8.87905,-4.43953,-4.43953,-4.43953
7.70041,-15.0595,-8.93875,-7.35244,-4.78033,-3.20326,-3.60179,17.1913,23.6411,8.14178,14.1358,-3.66619,-0.793026,-13.3695,-13.3695,-8.91299,-4.45649,-4.45649,-4.45649
7.70528,-15.1583,-9.01207,-7.3971,-4.89292,-3.25391,-3.66843,16.8686,24.0473,7.15419,12.969,-3.45025,-0.196214,-13.4211,-13.4211,-8.94741,-4.47371,-4.47371,-4.47371
7.71064,-15.204,-9.10947,-7.44435,-4.96709,-3.38043,-3.77916,16.9245,24.1032,7.19147,12.9876,-3.43161,-0.177573,-13.477,-13.477,-8.98469,-4.49235,-4.49235,-4.49235
7.71526,-15.3398,-9.16054,-7.46248,-5.02005,-3.31768,-3.79965,16.9956,23.2917,7.41747,12.1423,-5.1132,-1.80948,-13.5245,-13.5245,-9.01632,-4.50816,-4.50816,-4.50816
7.72029,-15.3812,-9.22709,-7.50517,-5.04438,-3.23892,-3.73758,17.0465,23.3426,7.45136,12.1593,-5.09626,-1.79254,-13.5753,-13.5753,-9.05021,-4.5251,-4.5251,-4.5251
7.72523,-15.461,-9.28067,-7.51866,-5.05973,-3.10297,-3.7809,16.7843,23.6793,6.30742,11.2069,-5.65953,0.144792,-13.6244,-13.6244,-9.08294,-4.54147,-4.54147,-4.54147
7.7305,-15.5149,-9.3272,-7.53989,-5.08219,-3.01179,-3.84355,16.2211,22.6197,8.14123,12.5074,-3.96977,-1.25393,-13.6759,-13.6759,-9.11726,-4.55863,-4.55863,-4.55863
7.73537,-15.5742,-9.35264,-7.56796,-5.10911,-2.98379,-3.8541,16.8471,22.5364,7.43671,11.488,-4.64971,-0.73327,-13.7226,-13.7226,-9.14842,-4.57421,-4.57421,-4.57421
7.74018,-15.6651,-9.38738,-7.58737,-5.13007,-2.98042,-3.73439,17.9405,23.5195,7.38545,11.8261,-3.51679,-3.43399,-13.768,-13.768,-9.17867,-4.58933,-4.58933,-4.58933
7.74527,-15.782,-9.44588,-7.62317,-5.20207,-3.10395,-3.57799,17.8182,23.9489,8.19855,13.6468,-2.74759,-1.70431,-13.8152,-13.8152,-9.21011,-4.60505,-4.60505,-4.60505
7.7503,-15.8942,-9.51704,-7.6586,-5.31513,-3.24942,-3.48266,17.0484,24.5462,7.23838,14.6308,-3.10494,-2.56674,-13.8609,-13.8609,-9.2406,-4.6203,-4.6203,-4.6203
7.75528,-15.9937,-9.59993,-7.69143,-5.38203,-3.29692,-3.43627,17.3134,24.9531,7.9159,11.8718,-4.93657,-1.15261,-13.9053,-13.9053,-9.27022,-4.63511,-4.63511,-4.63511
7.76019,-16.0384,-9.67859,-7.72739,-5.37708,-3.17519,-3.46578,16.2335,24.4839,7.63522,11.9027,-6.05657,-1.14657,-13.9483,-13.9483,-9.29886,-4.64943,-4.64943,-4.64943
7.76546,-16.1267,-9.74738,-7.75133,-5.42707,-2.99399,-3.52039,17.5159,24.2336,7.36857,13.2426,-6.0747,-0.849983,-13.9935,-13.9935,-9.32899,-4.6645,-4.6645,-4.6645
7.77055,-16.1693,-9.81828,-7.77426,-5.48425,-2.85769,-3.5414,16.3254,24.7609,7.38035,12.7186,-5.31521,-1.73825,-14.0362,-14.0362,-9.35749,-4.67875,-4.67875,-4.67875
7.7753,-16.2269,-9.87829,-7.79501,-5.51624,-2.83381,-3.58515,17.5346,24.5439,7.99578,12.6737,-4.01051,-0.367308,-14.0753,-14.0753,-9.38354,-4.69177,-4.69177,-4.69177
7.78034,-16.2798,-9.93496,-7.82669,-5.53562,-2.88884,-3.65846,16.6375,24.1235,8.12527,12.4885,-3.88933,-1.41361,-14.1159,-14.1159,-9.41062,-4.70531,-4.70531,-4.70531
7.78543,-16.3418,-9.98386,-7.85089,-5.59355,-2.9721,-3.71534,17.7493,24.1242,7.67758,14.3069,-3.51164,-0.746121,-14.156,-14.156,-9.43736,-4.71868,-4.71868,-4.71868
7.79031,-16.3965,-10.039,-7.88036,-5.62086,-3.07061,-3.72717,16.6483,24.3667,8.15618,11.7775,-3.78891,-1.98387,-14.1936,-14.1936,-9.46243,-4.73121,-4.73121,-4.73121
7.79546,-16.4167,-10.1043,-7.92329,-5.65814,-3.21588,-3.72819,16.7658,24.5079,8.3576,14.6139,-2.7741,-0.695817,-14.2324,-14.2324,-9.48829,-4.74414,-4.74414,-4.74414
7.80038,-16.4338,-10.1557,-7.96017,-5.73963,-3.3416,-3.75644,16.0968,23.7364,8.15391,13.7317,-3.38304,-1.22196,-14.2686,-14.2686,-9.51241,-4.7562,-4.7562,-4.7562
7.80517,-16.4696,-10.1939,-7.97646,-5.79157,-3.3252,-3.74455,17.7269,23.7433,7.04616,12.8738,-5.30083,-1.50029,-14.303,-14.303,-9.53535,-4.76767,-4.76767,-4.76767
7.81035,-16.5313,-10.2191,-7.98928,-5.80799,-3.17098,-3.74857,17.0894,22.7158,8.14671,12.2897,-5.90973,-1.10731,-14.3393,-14.3393,-9.55955,-4.77977,-4.77977,-4.77977
7.8153,-16.5465,-10.2431,-8.0036,-5.84103,-3.01566,-3.82428,17.1587,23.3603,6.91733,13.278,-5.61696,-0.193521,-14.3731,-14.3731,-9.58208,-4.79104,-4.79104,-4.79104
7.82026,-16.6077,-10.2825,-8.0195,-5.88708,-2.94292,-3.85363,17.7157,24.5161,8.56744,12.8254,-4.7034,-1.73916,-14.4061,-14.4061,-9.60408,-4.80204,-4.80204,-4.80204
7.82527,-16.6722,-10.3369,-8.05373,-5.91311,-2.98439,-3.97304,17.3305,24.3555,8.10418,13.1343,-3.78179,1.54225,-14.4386,-14.4386,-9.6257,-4.81285,-4.81285,-4.81285
7.83042,-16.739,-10.3852,-8.08056,-5.93044,-3.07652,-4.0851,17.355,24.0333,8.12161,12.8884,-3.70474,-1.6099,-14.471,-14.471,-9.64731,-4.82366,-4.82366,-4.82366
7.83528,-16.7824,-10.4363,-8.11134,-5.98875,-3.18617,-4.05375,17.5424,24.2128,8.04111,14.5957,-3.81904,-1.25224,-14.5007,-14.5007,-9.66713,-4.83356,-4.83356,-4.83356
7.84031,-16.8626,-10.4868,-8.13784,-6.05327,-3.34928,-3.94965,18.2499,24.4318,8.11118,13.5458,-2.26072,-3.07216,-14.5306,-14.5306,-9.68704,-4.84352,-4.84352,-4.84352
7.84521,-16.9237,-10.5295,-8.1694,-6.10757,-3.54157,-3.84197,17.2419,23.802,8.7152,13.638,-2.91371,-1.64687,-14.5588,-14.5588,-9.70586,-4.85293,-4.85293,-4.85293
7.85038,-16.9345,-10.5642,-8.20017,-6.20155,-3.66356,-3.82208,17.1999,23.4329,7.91515,14.8482,-3.35949,-1.19013,-14.5876,-14.5876,-9.72509,-4.86255,-4.86255,-4.86255
7.85533,-16.9432,-10.5889,-8.21509,-6.25755,-3.60192,-3.84744,16.6435,23.7276,8.10225,12.5387,-5.95875,-1.13983,-14.6144,-14.6144,-9.7429,-4.87145,-4.87145,-4.87145
7.86025,-16.9376,-10.6159,-8.22849,-6.27597,-3.42149,-3.90026,17.1459,23.7099,7.81423,13.4912,-5.47829,-0.427468,-14.64,-14.64,-9.76002,-4.88001,-4.88001,-4.88001
7.86517,-16.921,-10.6645,-8.25637,-6.30628,-3.33047,-3.97952,17.1707,23.7347,7.83077,13.4995,-5.47002,-0.419199,-14.6648,-14.6648,-9.77656,-4.88828,-4.88828,-4.88828
7.87019,-16.9882,-10.6919,-8.26372,-6.32918,-3.28056,-4.0082,17.1596,25.0987,8.67468,13.2344,-3.68166,-1.36326,-14.6892,-14.6892,-9.79283,-4.89642,-4.89642,-4.89642
7.87512,-16.985,-10.7708,-8.31391,-6.33716,-3.4072,-3.99746,17.1827,25.1218,8.69007,13.2421,-3.67397,-1.35557,-14.7123,-14.7123,-9.80822,-4.90411,-4.90411,-4.90411
7.88018,-17.0352,-10.8351,-8.34549,-6.33195,-3.50505,-4.00805,17.631,25.6489,8.64882,12.7529,-3.38486,-1.1327,-14.7351,-14.7351,-9.8234,-4.9117,-4.9117,-4.9117
7.88523,-17.0592,-10.9063,-8.37771,-6.30759,-3.60791,-4.09092,16.8057,25.5328,8.51496,12.8512,-3.69223,-0.198073,-14.7569,-14.7569,-9.83793,-4.91897,-4.91897,-4.91897
7.8902,-17.0988,-10.9742,-8.4007,-6.33199,-3.62087,-4.08843,18.0792,25.5533,8.01243,14.6962,-4.8777,-2.4765,-14.7774,-14.7774,-9.85163,-4.92582,-4.92582,-4.92582
7.89516,-17.1235,-11.0398,-8.42006,-6.33908,-3.5985,-4.05584,16.2824,25.5966,8.37871,12.3595,-4.28329,-0.772568,-14.7971,-14.7971,-9.8647,-4.93235,-4.93235,-4.93235
7.90032,-17.1335,-11.1028,-8.4447,-6.29635,-3.48908,-4.06749,17.2002,25.4506,8.58187,12.7303,-6.46277,-1.69345,-14.8165,-14.8165,-9.87767,-4.93883,-4.93883,-4.93883
7.9052,-17.1328,-11.1527,-8.47523,-6.31844,-3.3496,-4.06502,16.0318,25.3341,9.46715,14.2514,-4.93337,-1.06661,-14.834,-14.834,-9.88933,-4.94467,-4.94467,-4.94467
7.91031,-17.1216,-11.2024,-8.49558,-6.31075,-3.33352,-4.15164,17.5345,25.2569,7.72523,11.3675,-4.05818,0.321941,-14.8514,-14.8514,-9.90092,-4.95046,-4.95046,-4.95046
7.91525,-17.1192,-11.2628,-8.50481,-6.24559,-3.38242,-4.27954,17.5504,25.2728,7.73583,11.3728,-4.05288,0.32724,-14.8673,-14.8673,-9.91152,-4.95576,-4.95576,-4.95576
7.92027,-17.176,-11.2867,-8.5002,-6.20772,-3.47573,-4.47838,17.0692,25.8987,9.56638,12.0899,-1.73768,2.038,-14.8825,-14.8825,-9.92168,-4.96084,-4.96084,-4.96084
7.92516,-17.1636,-11.3623,-8.55655,-6.20141,-3.75544,-4.71593,17.0832,25.9127,9.57568,12.0946,-1.73303,2.04265,-14.8965,-14.8965,-9.93098,-4.96549,-4.96549,-4.96549
7.93027,-17.1893,-11.406,-8.59128,-6.21394,-4.00458,-4.83248,16.1985,25.6742,9.91081,12.5711,-1.28964,0.043437,-14.9101,-14.9101,-9.94007,-4.97004,-4.97004,-4.97004
7.93537,-17.14,-11.4684,-8.64735,-6.22606,-4.26357,-4.8389,16.2111,25.6869,9.91925,12.5753,-1.28542,0.0476561,-14.9228,-14.9228,-9.94851,-4.97426,-4.97426,-4.97426
7.9403,-17.125,-11.49,-8.67376,-6.25066,-4.37682,-4.78189,16.2067,24.5832,9.60494,13.4402,-2.45741,-1.33133,-14.9341,-14.9341,-9.95606,-4.97803,-4.97803,-4.97803
7.94557,-17.2472,-11.4717,-8.64197,-6.41288,-4.20755,-4.4954,20.9025,24.0781,7.04792,17.0291,-5.59186,-4.40778,-14.9452,-14.9452,-9.96347,-4.98174,-4.98174,-4.98174
7.95062,-17.4261,-11.5015,-8.62537,-6.62905,-3.99072,-4.11585,20.9122,24.0878,7.05438,17.0324,-5.58863,-4.40455,-14.9549,-14.9549,-9.96993,-4.98497,-4.98497,-4.98497
7.95534,-17.5515,-11.4861,-8.59867,-6.7221,-3.75257,-3.94154,17.2444,22.65,8.08186,13.4416,-5.9999,-1.70254,-14.9631,-14.9631,-9.9754,-4.9877,-4.9877,-4.9877
7.9602,-17.5675,-11.479,-8.60635,-6.74472,-3.61605,-3.94045,17.8036,22.8389,8.41923,14.2721,-4.73877,-1.62549,-14.9707,-14.9707,-9.98046,-4.99023,-4.99023,-4.99023
7.96525,-17.5633,-11.4985,-8.63978,-6.7706,-3.59913,-3.96534,17.8105,22.8458,8.42388,14.2744,-4.73645,-1.62317,-14.9777,-14.9777,-9.98511,-4.99255,-4.99255,-4.99255
7.97043,-17.6166,-11.4822,-8.63872,-6.75515,-3.57208,-4.04117,18.1161,23.1002,8.21898,13.1752,-4.08855,-0.842793,-14.9838,-14.9838,-9.98921,-4.99461,-4.99461,-4.99461
7.97529,-17.6369,-11.4932,-8.65787,-6.72168,-3.60355,-4.09023,17.4354,23.1366,8.50021,13.1024,-4.54233,-1.85133,-14.9887,-14.9887,-9.99247,-4.99623,-4.99623,-4.99623
7.98028,-17.5972,-11.5305,-8.7021,-6.68862,-3.64049,-4.07598,17.4395,23.1407,8.50294,13.1037,-4.54096,-1.84996,-14.9928,-14.9928,-9.9952,-4.9976,-4.9976,-4.9976
7.98535,-17.6116,-11.5219,-8.70212,-6.66292,-3.5623,-4.06975,17.8683,22.5608,7.67536,13.436,-5.66592,-1.61704,-14.996,-14.996,-9.99735,-4.99868,-4.99868,-4.99868
7.99055,-17.5875,-11.5488,-8.72518,-6.64953,-3.47516,-4.05107,17.8706,22.5631,7.67691,13.4368,-5.66515,-1.61627,-14.9983,-14.9983,-9.9989,-4.99945,-4.99945,-4.99945
7.99524,-17.6009,-11.5271,-8.71459,-6.67531,-3.35735,-4.03162,16.9381,22.7693,8.45103,15.2257,-5.23424,-1.5165,-14.9996,-14.9996,-9.99972,-4.99986,-4.99986,-4.99986
8.00029,-17.5663,-11.5486,-8.75379,-6.72257,-3.29902,-4.08794,17.3088,22.9509,9.12011,14.4309,-5.8716,-0.340601,-15,-15,-10,-5,-5,-5
8.00526,-17.5259,-11.5875,-8.81112,-6.75143,-3.23405,-4.20903,17.3083,22.9504,9.11977,14.4307,-5.87177,-0.340771,-14.9995,-14.9995,-9.99966,-4.99983,-4.99983,-4.99983
8.0103,-17.5432,-11.5771,-8.81514,-6.76872,-3.12139,-4.19596,17.2438,23.0672,8.50225,14.1901,-5.62385,-3.05709,-14.998,-14.998,-9.99869,-4.99935,-4.99935,-4.99935
8.01534,-17.498,-11.6286,-8.85634,-6.79651,-3.11863,-4.03118,17.2414,23.0648,8.50066,14.1893,-5.62465,-3.05789,-14.9956,-14.9956,-9.9971,-4.99855,-4.99855,-4.99855
8.02042,-17.4538,-11.6744,-8.88289,-6.83365,-3.15417,-3.95124,16.7889,23.2229,8.33331,14.4615,-4.70673,-1.48581,-14.9923,-14.9923,-9.99486,-4.99743,-4.99743,-4.99743
8.02547,-17.4491,-11.6905,-8.87633,-6.8542,-3.17902,-3.87333,16.7925,23.1241,8.55617,14.2116,-4.91516,-3.4082,-14.988,-14.988,-9.992,-4.996,-4.996,-4.996
8.03027,-17.3935,-11.7559,-8.90617,-6.87461,-3.22737,-3.71627,16.7876,23.1191,8.55287,14.21,-4.91681,-3.40985,-14.983,-14.983,-9.9887,-4.99435,-4.99435,-4.99435
8.03545,-17.3688,-11.8058,-8.91195,-6.87797,-3.1251,-3.65999,17.2777,23.0222,8.49851,13.6283,-6.95575,-1.55723,-14.9768,-14.9768,-9.9845,-4.99225,-4.99225,-4.99225
8.04022,-17.3776,-11.8373,-8.90527,-6.87514,-2.98893,-3.71112,17.2868,22.59,8.85981,14.2885,-5.32688,-1.38558,-14.9701,-14.9701,-9.98005,-4.99002,-4.99002,-4.99002
8.04539,-17.3588,-11.9317,-8.9475,-6.90863,-3.01226,-3.78817,17.2786,22.5819,8.85435,14.2857,-5.3296,-1.3883,-14.9619,-14.9619,-9.97459,-4.9873,-4.9873,-4.9873
8.05029,-17.3849,-11.9775,-8.95045,-6.95477,-3.07567,-3.86983,16.9035,21.7694,8.77124,14.9452,-3.90831,-1.36635,-14.9532,-14.9532,-9.96881,-4.98441,-4.98441,-4.98441
8.05523,-17.3883,-12.0482,-8.96934,-6.97173,-3.22835,-3.86126,17.6543,21.4406,8.15245,13.5427,-3.99432,-2.72748,-14.9436,-14.9436,-9.96239,-4.9812,-4.9812,-4.9812
8.06039,-17.3907,-12.141,-8.99369,-6.9528,-3.39501,-3.77201,17.6433,21.4296,8.1451,13.539,-3.998,-2.73116,-14.9326,-14.9326,-9.95504,-4.97752,-4.97752,-4.97752
8.06539,-17.3939,-12.2049,-9.00133,-6.95485,-3.47283,-3.70842,17.1392,20.9807,8.61806,14.5867,-4.81331,-2.33759,-14.9209,-14.9209,-9.9473,-4.97365,-4.97365,-4.97365
8.07037,-17.3904,-12.2552,-9.01203,-6.99422,-3.49971,-3.68613,17.5916,20.6333,8.94413,15.4354,-4.55251,-2.40799,-14.9085,-14.9085,-9.93897,-4.96949,-4.96949,-4.96949
8.07534,-17.3696,-12.3329,-9.05051,-7.06008,-3.557,-3.66071,17.5782,20.6199,8.93522,15.4309,-4.55697,-2.41245,-14.8951,-14.8951,-9.93006,-4.96503,-4.96503,-4.96503
8.08036,-17.3618,-12.3627,-9.04333,-7.11245,-3.41107,-3.67118,17.0949,19.916,8.0687,15.3102,-7.47638,-1.77142,-14.8807,-14.8807,-9.92044,-4.96022,-4.96022,-4.96022
8.08527,-17.313,-12.4281,-9.05895,-7.16592,-3.16335,-3.70306,17.0799,19.901,8.05869,15.3052,-7.48138,-1.77642,-14.8656,-14.8656,-9.91043,-4.95522,-4.95522,-4.95522
8.09024,-17.2682,-12.4389,-9.04916,-7.1855,-2.94516,-3.67337,15.7597,19.3293,9.31868,14.447,-6.21155,-2.98239,-14.8496,-14.8496,-9.8997,-4.94985,-4.94985,-4.94985
8.09526,-17.1716,-12.4961,-9.09541,-7.19504,-2.87692,-3.58843,15.7425,19.3122,9.30724,14.4413,-6.21727,-2.98811,-14.8324,-14.8324,-9.88826,-4.94413,-4.94413,-4.94413
8.10039,-17.1547,-12.531,-9.11114,-7.20316,-2.87227,-3.60799,18.088,18.7854,8.11405,14.5179,-5.00632,-1.1644,-14.8139,-14.8139,-9.87592,-4.93796,-4.93796,-4.93796
8.10529,-17.1817,-12.5196,-9.09334,-7.19332,-2.89208,-3.63393,16.4698,17.703,8.52594,13.8328,-5.63353,-3.01703,-14.7953,-14.7953,-9.86354,-4.93177,-4.93177,-4.93177
8.11049,-17.1291,-12.5486,-9.12042,-7.18458,-2.933,-3.56269,16.4492,17.6824,8.51217,13.8259,-5.64042,-3.02392,-14.7747,-14.7747,-9.84977,-4.92488,-4.92488,-4.92488
8.1154,-17.1193,-12.5508,-9.11818,-7.21688,-2.99709,-3.53839,17.7092,17.3231,7.74198,15.5248,-4.76124,-2.26896,-14.7542,-14.7542,-9.83616,-4.91808,-4.91808,-4.91808
8.12033,-17.1126,-12.5136,-9.08915,-7.24102,-2.98764,-3.59566,16.4507,16.2143,7.90955,14.2839,-6.22565,-1.19969,-14.7328,-14.7328,-9.8219,-4.91095,-4.91095,-4.91095
8.12533,-17.0565,-12.5103,-9.09784,-7.23068,-2.93807,-3.70167,16.4281,16.1917,7.89449,14.2764,-6.23318,-1.20722,-14.7103,-14.7103,-9.80684,-4.90342,-4.90342,-4.90342
8.13036,-17.0159,-12.471,-9.08511,-7.23417,-2.80346,-3.79445,16.4911,15.2264,7.89545,15.4691,-7.30086,-1.34758,-14.6866,-14.6866,-9.79108,-4.89554,-4.89554,-4.89554
8.13541,-17.003,-12.3916,-9.06565,-7.26829,-2.72841,-3.78035,17.3569,13.7006,8.32209,14.8068,-5.02384,-3.19396,-14.662,-14.662,-9.77464,-4.88732,-4.88732,-4.88732
8.14027,-17.001,-12.3491,-9.09028,-7.30232,-2.83059,-3.67495,17.3323,13.676,8.30569,14.7986,-5.03204,-3.20216,-14.6374,-14.6374,-9.75824,-4.87912,-4.87912,-4.87912
8.14531,-17.0106,-12.2572,-9.08024,-7.30506,-2.92874,-3.61321,17.034,13.2753,8.35078,14.0197,-4.49436,-2.50716,-14.6109,-14.6109,-9.74063,-4.87032,-4.87032,-4.87032
8.15024,-17.0355,-12.1814,-9.06465,-7.322,-2.91641,-3.5237,18.2327,12.7482,6.66933,15.1783,-7.64969,-3.99819,-14.5842,-14.5842,-9.72282,-4.86141,-4.86141,-4.86141
8.15536,-17.0776,-12.1376,-9.05121,-7.37122,-2.76643,-3.38845,18.204,12.7195,6.65021,15.1687,-7.65925,-4.00775,-14.5555,-14.5555,-9.7037,-4.85185,-4.85185,-4.85185
8.16063,-17.1226,-12.0846,-9.027,-7.39119,-2.68117,-3.30578,18.2247,12.4802,7.12521,14.4879,-6.22872,-3.51284,-14.525,-14.525,-9.68337,-4.84168,-4.84168,-4.84168
8.16541,-17.1151,-12.0481,-9.01747,-7.3651,-2.51522,-3.35616,16.699,12.2231,7.58062,13.2778,-9.42603,-1.60139,-14.4965,-14.4965,-9.66435,-4.83217,-4.83217,-4.83217
8.17033,-17.0694,-12.0063,-9.00802,-7.29897,-2.32705,-3.44567,16.8382,11.4877,7.91787,12.9365,-6.6291,-2.63818,-14.4663,-14.4663,-9.64421,-4.8221,-4.8221,-4.8221
8.17518,-17.016,-12.0262,-9.04366,-7.25484,-2.34256,-3.46066,16.8076,11.457,7.89744,12.9263,-6.63931,-2.64839,-14.4357,-14.4357,-9.62378,-4.81189,-4.81189,-4.81189
8.18026,-16.9674,-12.0328,-9.06533,-7.21447,-2.37485,-3.44621,16.6485,11.294,8.37915,13.2051,-6.2943,-3.01542,-14.4027,-14.4027,-9.6018,-4.8009,-4.8009,-4.8009
8.18539,-16.9309,-12.0392,-9.07855,-7.234,-2.4336,-3.49302,16.6931,11.9572,8.43574,15.1229,-6.00761,-1.61923,-14.3685,-14.3685,-9.57897,-4.78949,-4.78949,-4.78949
8.19045,-16.8931,-12.1003,-9.12148,-7.29304,-2.52774,-3.61312,16.6584,11.9225,8.41262,15.1113,-6.01918,-1.6308,-14.3338,-14.3338,-9.55585,-4.77792,-4.77792,-4.77792
8.19535,-16.8524,-12.1047,-9.11064,-7.26301,-2.57554,-3.76267,16.2969,11.1788,7.69577,12.914,-5.66636,-0.930199,-14.2993,-14.2993,-9.53288,-4.76644,-4.76644,-4.76644
8.20036,-16.8016,-12.1576,-9.13213,-7.21102,-2.68386,-3.92205,16.2608,11.1427,7.67171,12.9019,-5.67839,-0.942232,-14.2632,-14.2632,-9.50882,-4.75441,-4.75441,-4.75441
8.20536,-16.7497,-12.2101,-9.15246,-7.16929,-2.77847,-4.057,16.2239,11.1058,7.6471,12.8896,-5.69069,-0.954535,-14.2263,-14.2263,-9.48421,-4.74211,-4.74211,-4.74211
8.21036,-16.6974,-12.2343,-9.15941,-7.1606,-2.74227,-4.08846,16.1782,10.4495,7.98139,14.2681,-7.64909,-2.64797,-14.1885,-14.1885,-9.45902,-4.72951,-4.72951,-4.72951
8.21556,-16.6551,-12.2143,-9.1291,-7.1499,-2.54164,-3.98535,16.7172,10.7166,7.31294,13.7661,-8.1593,-3.4811,-14.1483,-14.1483,-9.4322,-4.7161,-4.7161,-4.7161
8.22034,-16.6227,-12.2505,-9.1342,-7.14702,-2.37572,-3.85792,16.6794,10.6788,7.28774,13.7535,-8.1719,-3.4937,-14.1105,-14.1105,-9.407,-4.7035,-4.7035,-4.7035
8.22526,-16.5899,-12.2641,-9.13429,-7.12261,-2.28986,-3.81325,16.5766,10.3199,8.1474,13.2021,-6.55395,-2.08279,-14.0707,-14.0707,-9.3805,-4.69025,-4.69025,-4.69025
8.23027,-16.566,-12.255,-9.12408,-7.07872,-2.34116,-3.86595,16.7717,10.7632,7.97772,13.5278,-5.48313,-1.57493,-14.0294,-14.0294,-9.35294,-4.67647,-4.67647,-4.67647
8.23522,-16.5493,-12.2991,-9.14976,-7.06817,-2.49625,-3.93509,16.73,10.7215,7.94992,13.5139,-5.49703,-1.58883,-13.9877,-13.9877,-9.32514,-4.66257,-4.66257,-4.66257
8.24022,-16.5171,-12.295,-9.13043,-7.0554,-2.58483,-3.92111,16.0999,10.6548,7.37578,14.0874,-6.04125,-3.15979,-13.9447,-13.9447,-9.29649,-4.64825,-4.64825,-4.64825
8.2453,-16.4814,-12.332,-9.12954,-7.08871,-2.57242,-3.86021,16.2524,11.6859,7.50284,14.0974,-7.6127,-2.45428,-13.9002,-13.9002,-9.2668,-4.6334,-4.6334,-4.6334
8.25027,-16.4361,-12.3997,-9.14807,-7.12339,-2.46758,-3.83228,16.2079,11.6415,7.47321,14.0826,-7.62751,-2.46909,-13.8558,-13.8558,-9.23717,-4.61859,-4.61859,-4.61859
8.25534,-16.3616,-12.4077,-9.12663,-7.11812,-2.27533,-3.81258,15.5707,10.4763,7.26894,13.5207,-8.48751,-2.39341,-13.8096,-13.8096,-9.20637,-4.60319,-4.60319,-4.60319
8.2603,-16.2716,-12.4218,-9.11629,-7.07315,-2.07866,-3.80856,15.1228,10.446,7.14837,12.5863,-8.30416,-2.36736,-13.7635,-13.7635,-9.17567,-4.58784,-4.58784,-4.58784
8.26539,-16.1775,-12.4408,-9.11812,-7.02012,-1.99263,-3.79107,14.8737,10.4885,7.94811,12.7359,-7.2024,-2.77256,-13.7154,-13.7154,-9.14359,-4.5718,-4.5718,-4.5718
8.27033,-16.1136,-12.4513,-9.12657,-6.99189,-2.01462,-3.76422,15.7009,10.0627,7.97912,13.2996,-6.60545,-2.59797,-13.6678,-13.6678,-9.1119,-4.55595,-4.55595,-4.55595
8.2753,-16.0864,-12.4678,-9.13156,-7.00256,-2.09381,-3.6937,16.3732,10.9163,7.6081,13.9624,-6.06697,-3.64919,-13.6192,-13.6192,-9.07946,-4.53973,-4.53973,-4.53973
8.2802,-16.0637,-12.4981,-9.12688,-7.02249,-2.23742,-3.66756,15.5325,11.1828,7.00082,13.3831,-5.46221,-1.63685,-13.5704,-13.5704,-9.04693,-4.52347,-4.52347,-4.52347
8.28525,-16.0278,-12.5286,-9.12559,-7.01995,-2.31736,-3.74525,15.7769,10.2806,7.55612,12.6043,-6.87857,-1.86089,-13.5193,-13.5193,-9.01285,-4.50643,-4.50643,-4.50643
8.2905,-15.9957,-12.5677,-9.14534,-6.99308,-2.3183,-3.8003,15.7228,10.2265,7.52009,12.5862,-6.89659,-1.87891,-13.4652,-13.4652,-8.97682,-4.48841,-4.48841,-4.48841
8.29535,-15.9528,-12.5552,-9.12675,-6.91554,-2.25007,-3.75289,15.676,9.92758,7.39848,11.5509,-7.59251,-3.72571,-13.4145,-13.4145,-8.94299,-4.47149,-4.47149,-4.47149
8.30041,-15.9121,-12.5803,-9.13793,-6.84262,-2.16853,-3.63437,15.6223,9.87381,7.36263,11.533,-7.61043,-3.74363,-13.3607,-13.3607,-8.90714,-4.45357,-4.45357,-4.45357
8.30525,-15.8573,-12.5572,-9.11358,-6.80289,-2.08373,-3.55107,15.4321,9.52215,7.26929,13.2378,-7.32974,-3.6948,-13.3085,-13.3085,-8.87232,-4.43616,-4.43616,-4.43616
8.31037,-15.7986,-12.5467,-9.10112,-6.79781,-2.08015,-3.52735,15.3761,9.1942,7.09815,12.8796,-6.47073,-2.96829,-13.2524,-13.2524,-8.83494,-4.41747,-4.41747,-4.41747
8.31576,-15.7463,-12.5602,-9.10835,-6.79213,-2.14481,-3.52866,15.3161,9.13424,7.05817,12.8596,-6.49072,-2.98828,-13.1924,-13.1924,-8.79496,-4.39748,-4.39748,-4.39748
8.32046,-15.6867,-12.5415,-9.07668,-6.78194,-2.1656,-3.53647,15.2709,10.0465,6.37698,13.6037,-6.59951,-2.69961,-13.1394,-13.1394,-8.75958,-4.37979,-4.37979,-4.37979
8.32535,-15.6375,-12.5467,-9.05325,-6.78847,-2.18966,-3.56175,15.341,9.44679,6.43581,13.2125,-6.80856,-2.69342,-13.0834,-13.0834,-8.72227,-4.36114,-4.36114,-4.36114
8.33061,-15.5999,-12.5735,-9.05073,-6.78848,-2.22422,-3.57696,15.28,9.38573,6.3951,13.1921,-6.82892,-2.71378,-13.0223,-13.0223,-8.68156,-4.34078,-4.34078,-4.34078
8.33526,-15.5676,-12.597,-9.04881,-6.78208,-2.25437,-3.58187,15.2252,9.331,6.35862,13.1739,-6.84716,-2.73202,-12.9676,-12.9676,-8.64508,-4.32254,-4.32254,-4.32254
8.34018,-15.5143,-12.5792,-9.01256,-6.72483,-2.16428,-3.56336,15.0917,9.06747,6.07499,12.0365,-8.76281,-3.17385,-12.909,-12.909,-8.60598,-4.30299,-4.30299,-4.30299
8.34548,-15.4732,-12.5963,-9.00031,-6.66192,-1.98661,-3.51999,15.0277,9.00343,6.03229,12.0152,-8.78416,-3.1952,-12.8449,-12.8449,-8.56328,-4.28164,-4.28164,-4.28164
8.35025,-15.4143,-12.5676,-8.96155,-6.58765,-1.79375,-3.52193,14.7132,9.2878,6.71859,12.004,-9.18453,-2.49431,-12.7865,-12.7865,-8.52435,-4.26217,-4.26217,-4.26217
8.35517,-15.3389,-12.5633,-8.95385,-6.55818,-1.73013,-3.55938,14.2424,8.50185,6.61523,12.6709,-6.87816,-2.23312,-12.7255,-12.7255,-8.48369,-4.24184,-4.24184,-4.24184
8.3602,-15.2616,-12.5709,-8.95886,-6.56669,-1.80063,-3.6064,14.1793,8.43871,6.57314,12.6498,-6.8992,-2.25416,-12.6624,-12.6624,-8.4416,-4.2208,-4.2208,-4.2208
8.36532,-15.192,-12.5453,-8.93468,-6.57508,-1.87126,-3.57652,15.1229,9.10647,6.78682,13.2905,-6.449,-3.73314,-12.5973,-12.5973,-8.39821,-4.1991,-4.1991,-4.1991
8.37039,-15.1692,-12.568,-8.94481,-6.62304,-1.97901,-3.4867,15.0576,9.04122,6.74332,13.2688,-6.47075,-3.75489,-12.5321,-12.5321,-8.35471,-4.17735,-4.17735,-4.17735
8.37525,-15.127,-12.5556,-8.91695,-6.64947,-2.02765,-3.42522,15.0337,9.67531,6.23714,13.4547,-6.96374,-3.62694,-12.4688,-12.4688,-8.31251,-4.15626,-4.15626,-4.15626
8.38031,-15.0914,-12.569,-8.90972,-6.61549,-2.0437,-3.42533,14.6755,8.9152,6.74237,10.6587,-7.30897,-2.78805,-12.4021,-12.4021,-8.26807,-4.13403,-4.13403,-4.13403
8.38537,-15.0348,-12.5579,-8.89523,-6.49953,-1.94324,-3.46689,14.4859,8.32373,6.2585,10.3464,-9.03705,-3.40669,-12.3346,-12.3346,-8.2231,-4.11155,-4.11155,-4.11155
8.39037,-14.9913,-12.5611,-8.89089,-6.38351,-1.77748,-3.46279,14.4185,8.25631,6.21355,10.3239,-9.05952,-3.42916,-12.2672,-12.2672,-8.17815,-4.08908,-4.08908,-4.08908
8.39566,-14.9263,-12.5472,-8.87202,-6.27302,-1.6335,-3.44762,14.0469,8.82638,6.45596,11.2603,-8.50397,-3.46149,-12.1951,-12.1951,-8.13005,-4.06503,-4.06503,-4.06503
8.40057,-14.8429,-12.5313,-8.85166,-6.22583,-1.5884,-3.41783,14.1131,9.31026,6.78492,11.8588,-7.25975,-3.84839,-12.1274,-12.1274,-8.0849,-4.04245,-4.04245,-4.04245
8.40544,-14.791,-12.5619,-8.86723,-6.23865,-1.63201,-3.37302,14.0452,9.24237,6.73967,11.8361,-7.28238,-3.87102,-12.0595,-12.0595,-8.03965,-4.01982,-4.01982,-4.01982
8.41039,-14.7137,-12.5765,-8.87032,-6.25673,-1.67156,-3.44504,13.3451,9.28297,6.7747,12.0861,-7.21452,-1.61726,-11.9898,-11.9898,-7.99317,-3.99658,-3.99658,-3.99658
8.41529,-14.6166,-12.5691,-8.86148,-6.25293,-1.78608,-3.5297,13.4054,8.31886,6.584,11.6903,-5.54866,-3.18058,-11.92,-11.92,-7.94668,-3.97334,-3.97334,-3.97334
8.42029,-14.5432,-12.5779,-8.86822,-6.26178,-1.98238,-3.50917,13.3335,8.24698,6.53608,11.6663,-5.57262,-3.20454,-11.8481,-11.8481,-7.89876,-3.94938,-3.94938,-3.94938
8.4256,-14.4545,-12.5689,-8.86096,-6.24363,-2.08237,-3.43364,13.3155,8.7175,6.89638,11.0693,-6.93143,-3.94233,-11.771,-11.771,-7.84733,-3.92367,-3.92367,-3.92367
8.43031,-14.3504,-12.5521,-8.85063,-6.18743,-2.03786,-3.37139,12.3953,7.39547,6.24003,9.58071,-7.66657,-3.16221,-11.7019,-11.7019,-7.80126,-3.90063,-3.90063,-3.90063
8.43536,-14.2475,-12.5291,-8.83319,-6.12038,-1.84748,-3.38455,13.5892,8.39234,6.5371,10.7233,-9.57931,-2.22667,-11.6271,-11.6271,-7.75139,-3.87569,-3.87569,-3.87569
8.4402,-14.1577,-12.5112,-8.8073,-6.08251,-1.62537,-3.55561,12.8037,8.46967,5.9956,10.8647,-8.42764,0.282885,-11.5547,-11.5547,-7.70313,-3.85156,-3.85156,-3.85156
8.44528,-14.0598,-12.4937,-8.80105,-6.11389,-1.49582,-3.79201,12.9713,8.00686,7.88399,12.7436,-7.8488,-0.537559,-11.478,-11.478,-7.652,-3.826,-3.826,-3.826
8.45045,-13.9167,-12.4655,-8.78319,-6.18563,-1.53907,-3.73688,10.6821,7.21886,5.02041,12.5269,-5.42419,-4.97707,-11.3992,-11.3992,-7.59947,-3.79973,-3.79973,-3.79973
8.45551,-13.8493,-12.4242,-8.72253,-6.27643,-1.43518,-3.33618,15.3126,6.79823,4.61321,13.9002,-10.6251,-7.23862,-11.3213,-11.3213,-7.54757,-3.77378,-3.77378,-3.77378
8.46026,-13.8665,-12.3852,-8.68001,-6.33389,-1.19702,-2.99453,13.5762,6.15713,5.36661,12.0375,-8.9606,-5.3174,-11.2476,-11.2476,-7.49841,-3.7492,-3.7492,-3.7492
8.46554,-13.8418,-12.3544,-8.6458,-6.32567,-1.0999,-2.75845,13.5407,7.10278,4.9102,11.4055,-8.24296,-5.6596,-11.1649,-11.1649,-7.44328,-3.72164,-3.72164,-3.72164
8.47031,-13.7759,-12.3281,-8.61803,-6.28237,-1.15604,-2.73711,12.2912,6.40095,5.53293,10.2874,-6.42988,-2.38928,-11.0895,-11.0895,-7.39303,-3.69652,-3.69652,-3.69652
8.47533,-13.6986,-12.3099,-8.59872,-6.21479,-1.28295,-2.84965,12.6013,7.01046,5.06788,10.3021,-7.08585,-3.24395,-11.0096,-11.0096,-7.33971,-3.66985,-3.66985,-3.66985
8.4802,-13.6298,-12.2928,-8.58233,-6.17619,-1.44255,-2.86372,12.263,6.38454,5.67197,10.8888,-5.79543,-4.65279,-10.9313,-10.9313,-7.28754,-3.64377,-3.64377,-3.64377
8.48539,-13.5698,-12.2676,-8.5628,-6.11852,-1.50937,-2.82568,13.0536,6.3753,4.95755,9.76777,-8.52277,-4.34963,-10.8472,-10.8472,-7.23147,-3.61573,-3.61573,-3.61573
8.49032,-13.5118,-12.2446,-8.5308,-6.0341,-1.39958,-2.82075,12.5199,6.97243,4.8704,9.73264,-8.96362,-4.0784,-10.7666,-10.7666,-7.17776,-3.58888,-3.58888,-3.58888
8.49519,-13.4451,-12.2245,-8.50027,-5.93469,-1.30205,-2.82709,12.5737,6.61642,4.96532,9.28363,-8.25345,-4.29557,-10.6864,-10.6864,-7.12429,-3.56215,-3.56215,-3.56215
8.5003,-13.3743,-12.2126,-8.48305,-5.84586,-1.21895,-2.82003,12.3628,6.63008,5.26824,9.53687,-8.46383,-4.09201,-10.6016,-10.6016,-7.06773,-3.53387,-3.53387,-3.53387
8.50529,-13.2969,-12.1938,-8.45304,-5.78173,-1.18419,-2.84373,11.9523,6.4796,4.18639,10.395,-7.76307,-3.66445,-10.5181,-10.5181,-7.01207,-3.50603,-3.50603,-3.50603
8.51015,-13.231,-12.1672,-8.42244,-5.75774,-1.20543,-2.8686,12.2249,5.57419,5.03255,10.9887,-7.60818,-3.965,-10.4362,-10.4362,-6.95744,-3.47872,-3.47872,-3.47872
8.51517,-13.159,-12.1297,-8.39677,-5.72231,-1.29103,-2.85249,11.5762,5.67803,4.7855,9.76793,-6.75891,-4.10107,-10.3509,-10.3509,-6.90058,-3.45029,-3.45029,-3.45029
8.52046,-13.0779,-12.1024,-8.36661,-5.68661,-1.36935,-2.76161,11.9781,6.15088,4.49731,10.3753,-7.5757,-5.38982,-10.2603,-10.2603,-6.8402,-3.4201,-3.4201,-3.4201
8.52541,-13.008,-12.0673,-8.32411,-5.63543,-1.31951,-2.69046,12.1489,5.3957,4.06628,9.1214,-8.78826,-4.28392,-10.1749,-10.1749,-6.78328,-3.39164,-3.39164,-3.39164
8.53026,-12.9259,-12.0315,-8.29079,-5.52869,-1.15449,-2.72635,11.3199,5.84728,5.05092,8.33983,-9.87615,-3.58337,-10.0907,-10.0907,-6.7271,-3.36355,-3.36355,-3.36355
8.53523,-12.8315,-11.9853,-8.25804,-5.39847,-0.939472,-2.71479,11.9422,5.00778,4.49763,8.48473,-9.74783,-5.30975,-10.0037,-10.0037,-6.66914,-3.33457,-3.33457,-3.33457
8.54017,-12.7496,-11.9278,-8.20995,-5.31278,-0.772815,-2.65722,11.339,4.34945,3.59525,9.63148,-9.44564,-4.51076,-9.91667,-9.91667,-6.61112,-3.30556,-3.30556,-3.30556
8.54521,-12.6456,-11.8794,-8.17383,-5.28229,-0.743279,-2.60268,10.9344,5.4578,5.1115,10.2144,-7.14045,-5.36029,-9.82726,-9.82726,-6.55151,-3.27575,-3.27575,-3.27575
8.55018,-12.5361,-11.8494,-8.15075,-5.30853,-0.753499,-2.51077,10.7511,5.53058,4.21632,11.1453,-8.79293,-5.18287,-9.7385,-9.7385,-6.49233,-3.24617,-3.24617,-3.24617
8.55516,-12.4266,-11.8111,-8.11238,-5.32182,-0.789145,-2.48353,10.5749,4.83821,3.98315,10.2046,-7.02608,-4.55032,-9.64895,-9.64895,-6.43263,-3.21632,-3.21632,-3.21632
8.56032,-12.3278,-11.7623,-8.07535,-5.30143,-0.849523,-2.48567,11.0094,4.57933,4.39741,9.53594,-8.15012,-4.3165,-9.55555,-9.55555,-6.37037,-3.18518,-3.18518,-3.18518
8.56533,-12.2605,-11.7172,-8.04519,-5.2601,-0.869554,-2.48573,11.3791,4.6417,4.19861,9.23227,-7.87425,-4.62017,-9.46426,-9.46426,-6.30951,-3.15475,-3.15475,-3.15475
8.57024,-12.1938,-11.6942,-8.0158,-5.23451,-0.877952,-2.50773,10.6232,6.04887,3.99228,9.56658,-8.36786,-3.7311,-9.37423,-9.37423,-6.24948,-3.12474,-3.12474,-3.12474
8.5752,-12.1169,-11.6585,-7.9856,-5.17911,-0.888479,-2.48712,10.969,3.34907,4.09011,7.4992,-7.85196,-5.34308,-9.28271,-9.28271,-6.18847,-3.09424,-3.09424,-3.09424
8.58021,-12.0451,-11.6109,-7.95518,-5.11965,-0.880421,-2.39344,10.5963,4.78084,3.99466,9.48023,-8.40457,-5.28301,-9.1897,-9.1897,-6.12646,-3.06323,-3.06323,-3.06323
8.58531,-11.9588,-11.5864,-7.92493,-5.12437,-0.756278,-2.35271,10.1543,5.41841,4.00221,10.0364,-9.93502,-4.39568,-9.09443,-9.09443,-6.06295,-3.03148,-3.03148,-3.03148
8.5902,-11.8819,-11.5838,-7.90721,-5.14923,-0.560928,-2.35638,10.0624,5.32651,3.94095,10.0057,-9.96566,-4.42632,-9.00253,-9.00253,-6.00169,-3.00084,-3.00084,-3.00084
8.59527,-11.7849,-11.5573,-7.86341,-5.1325,-0.395262,-2.29861,10.4354,5.22674,3.30858,9.2617,-9.1365,-5.61746,-8.9067,-8.9067,-5.9378,-2.9689,-2.9689,-2.9689
8.60038,-11.6953,-11.5206,-7.82656,-5.06793,-0.351472,-2.2179,9.89303,3.76633,4.0171,7.94591,-8.32429,-4.95433,-8.80953,-8.80953,-5.87302,-2.93651,-2.93651,-2.93651
8.60519,-11.599,-11.477,-7.79465,-4.9603,-0.403651,-2.16035,9.58042,4.23778,3.54614,6.81401,-7.57665,-5.61427,-8.71756,-8.71756,-5.8117,-2.90585,-2.90585,-2.90585
8.61022,-11.5074,-11.4493,-7.76507,-4.83888,-0.495905,-2.07845,9.4837,4.14106,3.48166,6.78177,-7.60889,-5.64651,-8.62084,-8.62084,-5.74722,-2.87361,-2.87361,-2.87361
8.61515,-11.4219,-11.4152,-7.72603,-4.72763,-0.622007,-2.05622,10.0148,4.44368,3.28645,7.164,-6.64704,-4.66812,-8.52552,-8.52552,-5.68368,-2.84184,-2.84184,-2.84184
8.62028,-11.3495,-11.3738,-7.67997,-4.63313,-0.707519,-2.08058,10.3919,3.98147,3.30984,7.76832,-8.0051,-4.84212,-8.42579,-8.42579,-5.6172,-2.8086,-2.8086,-2.8086
8.62545,-11.2641,-11.3179,-7.63376,-4.57563,-0.722462,-2.12243,9.51856,3.19486,3.25709,7.88367,-8.01389,-4.38729,-8.32474,-8.32474,-5.54982,-2.77491,-2.77491,-2.77491
8.63035,-11.1678,-11.2701,-7.59556,-4.55426,-0.722988,-2.09931,9.13465,3.59107,3.22007,8.2573,-8.04598,-6.00086,-8.22845,-8.22845,-5.48563,-2.74282,-2.74282,-2.74282
8.63527,-11.0725,-11.2269,-7.54682,-4.56768,-0.65362,-2.04777,9.6994,4.19522,2.73938,9.63251,-9.26247,-4.89889,-8.13128,-8.13128,-5.42085,-2.71043,-2.71043,-2.71043
8.64037,-10.9865,-11.1953,-7.50973,-4.56459,-0.53752,-1.97204,9.01504,3.89304,3.63329,7.76888,-8.81592,-6.03388,-8.03004,-8.03004,-5.35336,-2.67668,-2.67668,-2.67668
8.64543,-10.9451,-11.1422,-7.45162,-4.60489,-0.396943,-1.76068,11.546,2.88589,1.51152,11.3536,-9.96737,-8.01337,-7.92909,-7.92909,-5.28606,-2.64303,-2.64303,-2.64303
8.65035,-10.9044,-11.0844,-7.37987,-4.62436,-0.241865,-1.47791,8.92577,3.34279,2.357,7.95075,-9.67735,-7.97165,-7.83045,-7.83045,-5.2203,-2.61015,-2.61015,-2.61015
8.65534,-10.7949,-11.0357,-7.33023,-4.54201,-0.187593,-1.33585,8.7425,3.52594,3.02566,7.3542,-8.44406,-5.91864,-7.72992,-7.72992,-5.15328,-2.57664,-2.57664,-2.57664
8.6602,-10.7025,-10.9882,-7.28988,-4.4692,-0.296452,-1.35722,8.99086,2.87598,2.66958,7.70229,-6.96987,-5.33871,-7.63156,-7.63156,-5.08771,-2.54385,-2.54385,-2.54385
8.66523,-10.619,-10.9375,-7.24839,-4.41258,-0.469524,-1.46785,9.125,3.09286,2.80622,8.04909,-7.10331,-4.51167,-7.5293,-7.5293,-5.01953,-2.50977,-2.50977,-2.50977
8.67035,-10.5139,-10.8873,-7.20875,-4.36222,-0.578932,-1.58642,8.09846,3.19316,2.9664,8.13015,-8.07379,-5.21721,-7.42472,-7.42472,-4.94981,-2.47491,-2.47491,-2.47491
8.67543,-10.4168,-10.8286,-7.17208,-4.31103,-0.667748,-1.7052,9.05408,1.74932,2.78196,7.65656,-7.14808,-4.4074,-7.32048,-7.32048,-4.88032,-2.44016,-2.44016,-2.44016
8.68027,-10.3347,-10.7685,-7.134,-4.26026,-0.639248,-1.78725,8.43031,2.53213,2.65485,7.19275,-9.78129,-5.46737,-7.22073,-7.22073,-4.81382,-2.40691,-2.40691,-2.40691
8.68543,-10.2405,-10.7223,-7.09946,-4.21755,-0.513295,-1.79856,8.51657,2.92571,2.93895,7.04123,-8.68249,-5.50297,-7.11393,-7.11393,-4.74262,-2.37131,-2.37131,-2.37131
8.69032,-10.1474,-10.6686,-7.06317,-4.1504,-0.419166,-1.76733,8.13912,1.9415,2.7019,6.33667,-9.32077,-5.76869,-7.01228,-7.01228,-4.67486,-2.33743,-2.33743,-2.33743
8.6953,-10.0314,-10.6062,-7.01803,-4.05677,-0.278184,-1.79452,7.52692,2.08972,2.26058,5.92114,-9.53762,-4.80974,-6.90834,-6.90834,-4.60556,-2.30278,-2.30278,-2.30278
8.70022,-9.94654,-10.5535,-6.97104,-3.9539,-0.21372,-1.77531,8.75948,2.2112,2.12706,5.67977,-8.08989,-6.47527,-6.80524,-6.80524,-4.53683,-2.26841,-2.26841,-2.26841
8.70537,-9.89983,-10.5078,-6.92637,-3.86367,-0.222379,-1.66273,8.65112,2.10284,2.05482,5.64365,-8.12601,-6.51139,-6.69688,-6.69688,-4.46459,-2.23229,-2.23229,-2.23229
8.71043,-9.79581,-10.445,-6.87011,-3.78227,-0.261492,-1.56902,7.33859,2.07475,2.14658,6.22902,-7.32534,-6.24066,-6.58999,-6.58999,-4.39333,-2.19666,-2.19666,-2.19666
8.71528,-9.70699,-10.399,-6.83059,-3.7893,-0.2695,-1.54657,7.97252,1.97978,2.31,7.90042,-8.81692,-5.18198,-6.48714,-6.48714,-4.32476,-2.16238,-2.16238,-2.16238
8.7203,-9.63313,-10.3358,-6.77569,-3.82683,-0.224757,-1.54575,8.19269,1.05735,1.26274,7.92276,-8.38054,-5.88828,-6.38029,-6.38029,-4.25353,-2.12676,-2.12676,-2.12676
8.72529,-9.57516,-10.2696,-6.71309,-3.86048,-0.198642,-1.51222,8.08609,0.95075,1.19167,7.88723,-8.41607,-5.92381,-6.27369,-6.27369,-4.18246,-2.09123,-2.09123,-2.09123
8.73053,-9.48029,-10.1883,-6.65384,-3.84028,-0.153452,-1.44232,7.26453,0.735952,2.20983,6.49186,-8.69362,-6.64022,-6.16133,-6.16133,-4.10755,-2.05378,-2.05378,-2.05378
8.73542,-9.37482,-10.1096,-6.6113,-3.79464,-0.0576548,-1.37809,7.2381,0.571622,2.14386,6.9453,-9.623,-6.32754,-6.0561,-6.0561,-4.0374,-2.0187,-2.0187,-2.0187
8.74022,-9.26734,-10.0404,-6.56835,-3.74573,0.0900681,-1.34487,6.79168,0.921081,1.72992,5.78467,-9.68235,-5.73281,-5.95246,-5.95246,-3.96831,-1.98415,-1.98415,-1.98415
8.74517,-9.18516,-9.96134,-6.51549,-3.67619,0.27807,-1.33932,7.96889,-0.194793,1.54766,6.00561,-10.778,-6.22395,-5.84523,-5.84523,-3.89682,-1.94841,-1.94841,-1.94841
8.75027,-9.09859,-9.87146,-6.46571,-3.58103,0.362086,-1.26529,6.57359,-0.435666,1.76009,4.7101,-7.82582,-6.74114,-5.73437,-5.73437,-3.82292,-1.91146,-1.91146,-1.91146
8.75519,-8.98192,-9.78526,-6.41751,-3.48741,0.305871,-1.18037,6.21414,-0.456276,1.42731,5.80869,-8.03547,-6.66099,-5.62708,-5.62708,-3.75139,-1.87569,-1.87569,-1.87569
8.76029,-8.8853,-9.69964,-6.36793,-3.38903,0.193047,-1.13546,7.04817,-0.532385,1.4846,4.05754,-6.91346,-5.9447,-5.51551,-5.51551,-3.67701,-1.8385,-1.8385,-1.8385
8.76538,-8.79364,-9.62817,-6.32572,-3.28696,0.0814872,-1.13371,6.01451,0.214831,1.60032,5.08843,-7.74557,-6.25517,-5.40381,-5.40381,-3.60254,-1.80127,-1.80127,-1.80127
8.77042,-8.68962,-9.5607,-6.28087,-3.28012,-8.48601e-05,-1.13498,6.45516,-0.0143157,1.37379,7.13801,-7.53415,-5.92783,-5.29286,-5.29286,-3.52858,-1.76429,-1.76429,-1.76429
8.77527,-8.60186,-9.49467,-6.23424,-3.28703,0.00576829,-1.19518,6.21413,-0.586313,0.930381,5.3718,-8.9112,-4.92852,-5.18579,-5.18579,-3.45719,-1.7286,-1.7286,-1.7286
8.78025,-8.51705,-9.42491,-6.1818,-3.22849,0.0568008,-1.27803,6.27723,-0.408954,0.881954,4.25864,-8.61676,-5.33788,-5.07553,-5.07553,-3.38368,-1.69184,-1.69184,-1.69184
8.78528,-8.40773,-9.36255,-6.12549,-3.16362,0.202613,-1.22282,4.77078,-0.603377,0.113619,4.47809,-10.3845,-7.32919,-4.96384,-4.96384,-3.30923,-1.65461,-1.65461,-1.65461
8.79018,-8.31277,-9.29865,-6.06718,-3.08905,0.393525,-1.1251,6.78929,-0.393331,0.772389,3.77105,-9.90755,-6.39679,-4.85475,-4.85475,-3.2365,-1.61825,-1.61825,-1.61825
8.79533,-8.22677,-9.23058,-6.01261,-3.02486,0.53805,-1.11897,5.17318,-0.772282,0.545262,5.14861,-9.58147,-5.90519,-4.73978,-4.73978,-3.15985,-1.57993,-1.57993,-1.57993
8.80027,-8.1237,-9.15714,-5.95723,-2.94974,0.56946,-1.12703,5.92546,-0.930136,0.680546,3.20735,-8.11141,-6.51337,-4.6292,-4.6292,-3.08614,-1.54307,-1.54307,-1.54307
8.80521,-8.01897,-9.08806,-5.89603,-2.83309,0.543682,-1.1003,5.10147,-0.327849,0.111314,3.42708,-8.48784,-6.50064,-4.51835,-4.51835,-3.01223,-1.50612,-1.50612,-1.50612
8.81042,-7.9087,-9.01666,-5.83068,-2.73373,0.518833,-1.059,5.66195,-1.02029,0.553587,3.83513,-8.18743,-6.74671,-4.40115,-4.40115,-2.9341,-1.46705,-1.46705,-1.46705
8.81529,-7.80684,-8.94954,-5.77318,-2.69598,0.416337,-1.04833,4.74836,-0.188459,0.520081,5.59528,-7.1642,-5.88908,-4.29132,-4.29132,-2.86088,-1.43044,-1.43044,-1.43044
8.82021,-7.71014,-8.88793,-5.70622,-2.677,0.279671,-1.06865,5.82309,-0.595165,-0.302277,4.97033,-7.03567,-6.05863,-4.18011,-4.18011,-2.78674,-1.39337,-1.39337,-1.39337
8.82523,-7.63253,-8.81489,-5.64784,-2.65812,0.204663,-1.08703,5.18141,-1.79633,0.917707,5.11458,-8.00922,-5.98062,-4.06639,-4.06639,-2.71093,-1.35546,-1.35546,-1.35546
8.83026,-7.51843,-8.73358,-5.60099,-2.62746,0.190943,-1.07072,4.28315,-1.42591,0.561511,4.28992,-8.17148,-6.44096,-3.95219,-3.95219,-2.63479,-1.3174,-1.3174,-1.3174
8.83547,-7.40902,-8.65288,-5.54065,-2.57141,0.218325,-1.02785,5.38994,-1.509,-0.0337531,3.84468,-8.56704,-6.52188,-3.83364,-3.83364,-2.55576,-1.27788,-1.27788,-1.27788
8.84027,-7.32922,-8.57215,-5.47271,-2.53559,0.361578,-0.947371,4.96135,-2.20945,-0.501729,4.81836,-10.334,-7.08828,-3.72419,-3.72419,-2.48279,-1.2414,-1.2414,-1.2414
8.84537,-7.20663,-8.47645,-5.40521,-2.51817,0.564059,-0.820937,3.89528,-2.3181,0.34228,5.11071,-9.67735,-7.43349,-3.60766,-3.60766,-2.40511,-1.20255,-1.20255,-1.20255
8.85054,-7.08916,-8.38447,-5.34987,-2.47852,0.674241,-0.728142,4.93923,-2.00699,0.248745,3.97002,-9.013,-6.85194,-3.48931,-3.48931,-2.3262,-1.1631,-1.1631,-1.1631
8.85523,-7.01877,-8.31016,-5.30265,-2.42162,0.739793,-0.694103,4.83166,-2.11456,0.177033,3.93417,-9.04885,-6.88779,-3.38174,-3.38174,-2.25449,-1.12725,-1.12725,-1.12725
8.86026,-6.9196,-8.22666,-5.24713,-2.36919,0.757577,-0.670092,4.08175,-2.02525,0.139697,4.50836,-7.9696,-6.8932,-3.26617,-3.26617,-2.17745,-1.08872,-1.08872,-1.08872
8.86534,-6.81198,-8.15258,-5.18952,-2.29194,0.745087,-0.652903,4.12242,-1.65756,-0.287284,2.82167,-8.81173,-6.77485,-3.14924,-3.14924,-2.0995,-1.04975,-1.04975,-1.04975
8.87033,-6.7214,-8.08321,-5.12551,-2.1973,0.746823,-0.623043,4.14528,-2.2454,-0.781983,2.89096,-8.15456,-7.20236,-3.0342,-3.0342,-2.0228,-1.0114,-1.0114,-1.0114
8.87528,-6.60632,-8.00337,-5.06117,-2.11468,0.723017,-0.665773,3.13264,-2.69856,-0.352411,2.96877,-8.21751,-5.65899,-2.91988,-2.91988,-1.94659,-0.973295,-0.973295,-0.973295
8.88038,-6.48485,-7.92068,-5.00365,-2.01851,0.754765,-0.690882,3.66084,-2.52102,-0.27221,2.24221,-9.15933,-6.98171,-2.80192,-2.80192,-1.86795,-0.933975,-0.933975,-0.933975
8.88528,-6.36615,-7.83933,-4.94873,-1.94802,0.696689,-0.56114,3.0312,-2.6424,-0.212029,3.51262,-6.69662,-8.89082,-2.68842,-2.68842,-1.79228,-0.89614,-0.89614,-0.89614
8.89031,-6.24978,-7.75698,-4.87683,-1.904,0.635809,-0.49241,3.4346,-2.99942,-1.82388,2.94381,-8.76411,-6.33807,-2.57174,-2.57174,-1.71449,-0.857247,-0.857247,-0.857247
8.89529,-6.13531,-7.67149,-4.7989,-1.86998,0.586977,-0.606632,2.83824,-3.17814,-0.906155,3.93197,-6.92311,-5.69767,-2.45606,-2.45606,-1.63737,-0.818687,-0.818687,-0.818687
8.90036,-6.02954,-7.58026,-4.73594,-1.84176,0.611528,-0.723512,3.7329,-3.4379,-0.564681,3.09778,-9.76102,-6.11786,-2.33814,-2.33814,-1.55876,-0.77938,-0.77938,-0.77938
8.90542,-5.92454,-7.48441,-4.67068,-1.77615,0.716914,-0.730524,2.54732,-3.81578,-1.24725,2.25534,-8.4507,-6.94374,-2.2203,-2.2203,-1.4802,-0.7401,-0.7401,-0.7401
8.91045,-5.78725,-7.39456,-4.59934,-1.72738,0.799453,-0.702275,2.39458,-2.952,-1.07255,3.68181,-9.21843,-6.17139,-2.10302,-2.10302,-1.40201,-0.701007,-0.701007,-0.701007
8.9153,-5.66239,-7.32381,-4.5377,-1.71952,0.920491,-0.698059,2.28137,-3.06521,-1.14802,3.64407,-9.25617,-6.20913,-1.98981,-1.98981,-1.32654,-0.663271,-0.663271,-0.663271
8.92025,-5.56686,-7.23953,-4.48517,-1.64965,0.956991,-0.705446,3.51713,-4.03191,-0.129964,1.39476,-7.57248,-5.85024,-1.87415,-1.87415,-1.24944,-0.624718,-0.624718,-0.624718
8.92523,-5.50312,-7.16284,-4.43691,-1.56605,0.882953,-0.61997,3.99954,-1.481,-0.270314,3.14441,-7.11451,-7.83487,-1.75768,-1.75768,-1.17179,-0.585893,-0.585893,-0.585893
8.93027,-5.45854,-7.11436,-4.38938,-1.53544,0.783075,-0.426161,3.88155,-1.59899,-0.348973,3.10508,-7.15384,-7.8742,-1.63969,-1.63969,-1.09313,-0.546564,-0.546564,-0.546564
8.93533,-5.35108,-7.05053,-4.32174,-1.48414,0.661455,-0.292988,1.76147,-2.42281,-1.50436,2.52736,-6.56408,-6.8456,-1.52113,-1.52113,-1.01409,-0.507044,-0.507044,-0.507044
8.94022,-5.19468,-6.96234,-4.22798,-1.39766,0.580241,0.0156609,1.7059,-4.04256,-2.63417,1.47898,-7.57934,-11.0984,-1.40646,-1.40646,-0.937643,-0.468821,-0.468821,-0.468821
8.94534,-5.05401,-6.86888,-4.12683,-1.30919,0.576022,0.53835,1.58575,-4.16271,-2.71427,1.43893,-7.61939,-11.1384,-1.28631,-1.28631,-0.857543,-0.428771,-0.428771,-0.428771
8.95032,-4.92375,-6.77631,-4.03539,-1.25706,0.63825,0.956362,1.52397,-4.58303,-2.30944,2.45979,-8.64369,-10.1755,-1.16937,-1.16937,-0.77958,-0.38979,-0.38979,-0.38979
8.95544,-4.7921,-6.68873,-3.95225,-1.2099,0.724657,1.11379,1.41548,-3.14704,-1.77518,2.08021,-8.44367,-7.93859,-1.04906,-1.04906,-0.699375,-0.349688,-0.349688,-0.349688
8.96021,-4.68066,-6.63115,-3.89104,-1.17494,0.786554,1.10077,1.30334,-3.25918,-1.84995,2.04283,-8.48105,-7.97597,-0.936919,-0.936919,-0.624613,-0.312306,-0.312306,-0.312306
8.96517,-4.5728,-6.55789,-3.83012,-1.13628,0.836642,1.03779,1.81707,-4.03777,-1.34461,2.11986,-8.3709,-7.4187,-0.820253,-0.820253,-0.546835,-0.273418,-0.273418,-0.273418
8.97019,-4.48036,-6.48456,-3.77697,-1.12114,0.931419,0.868846,1.19462,-4.30956,-1.77658,2.43652,-9.13892,-6.01736,-0.702125,-0.702125,-0.468083,-0.234042,-0.234042,-0.234042
8.97526,-4.37762,-6.40996,-3.71966,-1.11523,1.05417,0.650942,1.07528,-4.4289,-1.85614,2.39674,-9.1787,-6.05714,-0.582776,-0.582776,-0.388517,-0.194259,-0.194259,-0.194259
8.98025,-4.27119,-6.32594,-3.65455,-1.1013,1.19969,0.52152,0.965654,-5.01527,-2.25843,2.40725,-9.92171,-7.20583,-0.465274,-0.465274,-0.310183,-0.155091,-0.155091,-0.155091
8.98523,-4.16527,-6.22799,-3.57732,-1.10577,1.28828,0.480797,1.03354,-5.70386,-2.72745,3.12991,-8.14745,-7.57613,-0.347979,-0.347979,-0.231986,-0.115993,-0.115993,-0.115993
8.99029,-4.0726,-6.1306,-3.50064,-1.14575,1.28591,0.474455,0.914338,-5.82306,-2.80692,3.09018,-8.18718,-7.61586,-0.228778,-0.228778,-0.152518,-0.0762592,-0.0762592,-0.0762592
8.99525,-3.95652,-6.02761,-3.42988,-1.14769,1.21426,0.49245,0.178898,-5.88082,-2.02166,1.87547,-6.79369,-7.96945,-0.111918,-0.111918,-0.0746121,-0.0373061,-0.0373061,-0.0373061
9.00055,-3.81777,-5.92352,-3.36933,-1.1222,1.07294,0.526985,0.0540209,-6.0057,-2.10491,1.83384,-6.83532,-8.01108,0.0129591,0.0129591,0.00863938,0.00431969,0.00431969,0.00431969
9.00522,-3.67861,-5.83211,-3.29762,-1.07333,1.05646,0.539178,-0.422432,-5.50897,-3.32567,1.04368,-8.9006,-7.7,0.122992,0.122992,0.0819946,0.0409973,0.0409973,0.0409973
9.01022,-3.53764,-5.7425,-3.219,-1.01274,1.07287,0.590874,-0.134413,-5.57949,-2.56403,1.41842,-7.52398,-8.7991,0.240793,0.240793,0.160528,0.0802642,0.0802642,0.0802642
9.01526,-3.40758,-5.65272,-3.15071,-0.963112,1.02352,0.687366,-0.253141,-5.69822,-2.64318,1.37884,-7.56356,-8.83868,0.359521,0.359521,0.239681,0.11984,0.11984,0.11984
9.02028,-3.27269,-5.5464,-3.0813,-0.898828,1.0818,0.720832,-0.312275,-6.73448,-2.35625,1.08275,-9.59845,-7.81825,0.477755,0.477755,0.318504,0.159252,0.159252,0.159252
9.02535,-3.14463,-5.43427,-3.01962,-0.824264,1.24054,0.699311,-0.431657,-6.85386,-2.43584,1.04295,-9.63825,-7.85805,0.597137,0.597137,0.398092,0.199046,0.199046,0.199046
9.03028,-3.03406,-5.31114,-2.94272,-0.724963,1.40512,0.65297,0.267873,-7.67517,-3.39728,0.399831,-10.0744,-7.30885,0.713187,0.713187,0.475458,0.237729,0.237729,0.237729
9.03519,-2.9529,-5.19192,-2.86288,-0.633145,1.59347,0.586037,0.152337,-7.7907,-3.4743,0.361319,-10.1129,-7.34736,0.828723,0.828723,0.552482,0.276241,0.276241,0.276241
9.04029,-2.81322,-5.05975,-2.77618,-0.54681,1.7542,0.558996,-1.92186,-8.37952,-3.5898,0.528334,-9.54843,-8.03319,0.948677,0.948677,0.632451,0.316226,0.316226,0.316226
9.04523,-2.67657,-4.93974,-2.70442,-0.492135,1.90019,0.590965,-0.58807,-7.91253,-3.11964,0.936743,-10.1419,-8.14642,1.06481,1.06481,0.709874,0.354937,0.354937,0.354937
9.05032,-2.57427,-4.82192,-2.63668,-0.450342,2.06486,0.612216,-0.707663,-8.03212,-3.19937,0.896879,-10.1818,-8.18628,1.1844,1.1844,0.789602,0.394801,0.394801,0.394801
9.05539,-2.45889,-4.70005,-2.55627,-0.384455,2.07246,0.65466,-1.12615,-8.01327,-3.87648,0.120277,-7.4228,-8.85524,1.30345,1.30345,0.868967,0.434483,0.434483,0.434483
9.06025,-2.33928,-4.58861,-2.476,-0.314801,1.99375,0.712086,-1.34263,-7.84363,-3.64945,0.405184,-8.2971,-8.48754,1.41749,1.41749,0.944993,0.472496,0.472496,0.472496
9.06545,-2.21692,-4.47299,-2.39717,-0.23219,1.90742,0.741669,-1.36999,-8.22953,-3.65759,-0.513138,-7.33586,-8.37914,1.53941,1.53941,1.02628,0.513138,0.513138,0.513138
9.07027,-2.10937,-4.36603,-2.32688,-0.149008,1.78622,0.771292,-1.48292,-8.34246,-3.73287,-0.550779,-7.3735,-8.41678,1.65234,1.65234,1.10156,0.550779,0.550779,0.550779
9.07523,-1.99661,-4.25262,-2.25052,-0.0630188,1.65536,0.782269,-1.46112,-8.18276,-3.72667,-0.614321,-7.06444,-7.9504,1.76844,1.76844,1.17896,0.589481,0.589481,0.589481
9.0806,-1.88654,-4.14128,-2.17544,0.0172306,1.52148,0.792192,-1.5867,-8.30834,-3.81039,-0.656181,-7.1063,-7.99226,1.89402,1.89402,1.26268,0.631341,0.631341,0.631341
9.08528,-1.78639,-4.051,-2.11036,0.0889941,1.46249,0.929633,-1.79848,-7.46026,-3.70145,-0.742306,-7.94591,-10.4796,2.00336,2.00336,1.33557,0.667786,0.667786,0.667786
9.09028,-1.66318,-3.95611,-2.03625,0.150772,1.49365,1.04452,-2.28553,-8.04187,-4.09693,0.0467967,-8.82108,-7.8192,2.12005,2.12005,1.41337,0.706683,0.706683,0.706683
9.09529,-1.5407,-3.8652,-1.96447,0.1777,1.58642,1.00057,-2.40232,-8.15866,-4.17479,0.00786557,-8.86001,-7.85813,2.23684,2.23684,1.49123,0.745614,0.745614,0.745614
9.10026,-1.42771,-3.76021,-1.8941,0.222323,1.71663,0.990525,-2.09253,-9.35395,-3.90918,-0.659989,-9.56927,-8.77439,2.35257,2.35257,1.56838,0.784189,0.784189,0.784189
9.10555,-1.30806,-3.63386,-1.82211,0.297168,1.8927,1.04705,-2.21554,-9.47696,-3.99119,-0.700995,-9.61027,-8.81539,2.47558,2.47558,1.65039,0.825195,0.825195,0.825195
9.11038,-1.14179,-3.51493,-1.74409,0.358389,2.0407,1.10102,-4.07708,-8.78932,-4.3523,0.164135,-9.55659,-8.74515,2.58776,2.58776,1.72517,0.862585,0.862585,0.862585
9.1152,-0.944307,-3.4113,-1.6691,0.382886,2.16273,1.13672,-4.18887,-8.90111,-4.42683,0.126871,-9.59385,-8.78241,2.69955,2.69955,1.7997,0.899849,0.899849,0.899849
9.12032,-0.762607,-3.29632,-1.60138,0.40572,2.2183,1.18089,-3.23971,-9.01181,-3.27905,0.236385,-8.55698,-9.13658,2.81813,2.81813,1.87875,0.939375,0.939375,0.939375
9.12542,-0.634927,-3.1894,-1.53069,0.448249,2.16812,1.27518,-2.69572,-8.64906,-4.94398,-0.622647,-7.75173,-9.73065,2.93606,2.93606,1.95737,0.978687,0.978687,0.978687
9.13034,-0.53594,-3.09609,-1.44655,0.506838,2.09009,1.40625,-2.80931,-8.76265,-5.01971,-0.660511,-7.78959,-9.76851,3.04965,3.04965,2.0331,1.01655,1.01655,1.01655
9.13532,-0.417494,-2.9909,-1.36443,0.571754,2.02875,1.51385,-3.51511,-9.48421,-4.55911,-0.723616,-7.8941,-9.3017,3.16445,3.16445,2.10963,1.05482,1.05482,1.05482
9.14024,-0.289956,-2.88426,-1.29266,0.623935,1.98573,1.59018,-3.62833,-9.59743,-4.63459,-0.761356,-7.93184,-9.33944,3.27767,3.27767,2.18511,1.09256,1.09256,1.09256
9.14521,-0.168454,-2.77148,-1.21211,0.661123,1.91885,1.61916,-3.30122,-9.70372,-5.02212,-0.194973,-7.32405,-8.52465,3.39184,3.39184,2.26123,1.13061,1.13061,1.13061
9.15026,-0.0704949,-2.64963,-1.12521,0.702059,1.9687,1.77017,-2.87724,-10.8006,-5.34384,-1.18577,-9.91289,-12.1154,3.50764,3.50764,2.33842,1.16921,1.16921,1.16921
9.15527,0.0077925,-2.52363,-1.04062,0.762553,2.14308,2.06814,-2.9919,-10.9152,-5.42029,-1.22399,-9.95111,-12.1536,3.6223,3.6223,2.41487,1.20743,1.20743,1.20743
9.16046,0.105693,-2.38938,-0.95028,0.836066,2.2012,2.2691,-3.59901,-11.0614,-5.53903,-1.52847,-7.90407,-10.7938,3.74085,3.74085,2.4939,1.24695,1.24695,1.24695
9.16542,0.230091,-2.26807,-0.865861,0.919201,2.1448,2.28124,-4.35823,-10.5322,-5.43675,-1.64896,-7.51948,-9.23344,3.85391,3.85391,2.56927,1.28464,1.28464,1.28464
9.17016,0.360825,-2.16434,-0.792355,0.991591,2.08224,2.20953,-4.46605,-10.64,-5.50863,-1.6849,-7.55542,-9.26938,3.96173,3.96173,2.64115,1.32058,1.32058,1.32058
9.17522,0.526879,-2.06156,-0.711724,1.06255,2.1433,2.12636,-5.4556,-9.47834,-5.46817,-1.41683,-9.87071,-9.06755,4.0766,4.0766,2.71773,1.35887,1.35887,1.35887
9.18037,0.707948,-1.97933,-0.636967,1.1115,2.32521,2.04552,-5.57224,-9.59498,-5.54593,-1.45571,-9.90959,-9.10643,4.19324,4.19324,2.79549,1.39775,1.39775,1.39775
9.18554,0.869772,-1.88005,-0.569205,1.15493,2.4146,2.00716,-5.0035,-11.1735,-4.92366,-1.36217,-8.38361,-9.68357,4.31006,4.31006,2.87337,1.43669,1.43669,1.43669
9.19026,1.00074,-1.77959,-0.514679,1.21016,2.47534,1.95307,-5.14142,-10.4171,-4.82531,-2.21735,-9.61967,-8.64263,4.41646,4.41646,2.94431,1.47215,1.47215,1.47215
9.19524,1.13729,-1.68275,-0.459193,1.2843,2.59107,1.85625,-5.25342,-10.5291,-4.89997,-2.25469,-9.65701,-8.67997,4.52846,4.52846,3.01897,1.50949,1.50949,1.50949
9.20037,1.27162,-1.58163,-0.378237,1.37705,2.60993,1.83582,-4.91147,-10.0532,-6.33938,-2.79813,-7.92345,-9.98517,4.64355,4.64355,3.0957,1.54785,1.54785,1.54785
9.2054,1.39982,-1.48209,-0.298901,1.48321,2.55346,1.86339,-5.45741,-10.8473,-5.07472,-3.09232,-8.1928,-9.40996,4.75609,4.75609,3.17073,1.58536,1.58536,1.58536
9.21028,1.53118,-1.38194,-0.240697,1.5865,2.52391,1.87571,-5.56632,-10.9562,-5.14732,-3.12863,-8.22911,-9.44627,4.865,4.865,3.24333,1.62167,1.62167,1.62167
9.21534,1.6782,-1.27324,-0.170443,1.68258,2.5075,1.90135,-5.91535,-10.9704,-5.6216,-2.65281,-8.33289,-9.59973,4.97763,4.97763,3.31842,1.65921,1.65921,1.65921
9.22033,1.82415,-1.17074,-0.0990208,1.75741,2.4998,1.94381,-6.0261,-11.0811,-5.69544,-2.68973,-8.36981,-9.63665,5.08838,5.08838,3.39226,1.69613,1.69613,1.69613
9.22542,1.96854,-1.06302,-0.0328225,1.85049,2.47131,1.98722,-5.92206,-11.1898,-5.07457,-3.34828,-7.95196,-9.5914,5.20104,5.20104,3.46736,1.73368,1.73368,1.73368
9.23042,2.11685,-0.950595,0.0271375,2.00358,2.41463,1.98629,-6.51308,-11.7651,-5.32369,-5.20666,-7.85626,-8.69254,5.31138,5.31138,3.54092,1.77046,1.77046,1.77046
9.23533,2.26848,-0.840451,0.0847525,2.1879,2.37153,1.93559,-6.62111,-11.8731,-5.39571,-5.24267,-7.89227,-8.72855,5.41941,5.41941,3.61294,1.80647,1.80647,1.80647
9.2403,2.42281,-0.723157,0.148607,2.38794,2.37842,1.92508,-6.71832,-12.2501,-5.66486,-6.06561,-8.68209,-9.57633,5.52844,5.52844,3.68563,1.84281,1.84281,1.84281
9.24537,2.57342,-0.604193,0.224137,2.63568,2.40907,2.02594,-6.65583,-11.9867,-6.28426,-7.55985,-8.37129,-10.8967,5.63931,5.63931,3.75954,1.87977,1.87977,1.87977
9.25033,2.71121,-0.495996,0.30232,2.87284,2.43417,2.189,-6.76395,-12.0948,-6.35634,-7.59589,-8.40733,-10.9327,5.74743,5.74743,3.83162,1.91581,1.91581,1.91581
9.25551,2.85989,-0.376547,0.388625,3.02786,2.49136,2.26657,-6.90408,-12.3019,-6.44182,-7.07037,-8.94165,-9.40533,5.85998,5.85998,3.90665,1.95333,1.95333,1.95333
9.26052,2.99362,-0.268377,0.466596,3.05658,2.58743,2.24676,-7.01256,-12.4104,-6.51414,-7.10653,-8.97781,-9.44149,5.96846,5.96846,3.97897,1.98949,1.98949,1.98949
9.26527,3.13394,-0.153662,0.553657,3.02943,2.67673,2.3368,-7.63121,-13.4033,-7.40385,-7.08274,-8.94574,-11.9017,6.07097,6.07097,4.04731,2.02366,2.02366,2.02366
9.27017,3.28489,-0.031522,0.648925,2.97815,2.76819,2.55108,-7.73661,-13.5087,-7.47412,-7.11787,-8.98087,-11.9368,6.17637,6.17637,4.11758,2.05879,2.05879,2.05879
9.27514,3.45188,0.0915816,0.732426,2.93701,2.89548,2.66566,-8.40261,-13.2015,-6.33502,-7.54254,-9.78642,-10.1425,6.28289,6.28289,4.18859,2.0943,2.0943,2.0943
9.28021,3.68021,0.214856,0.806026,2.94482,3.04432,2.63075,-10.2721,-13.1207,-6.472,-8.87031,-9.73971,-9.21807,6.39117,6.39117,4.26078,2.13039,2.13039,2.13039
9.28531,3.93868,0.332694,0.877473,2.98107,3.16828,2.554,-10.3806,-13.2292,-6.54433,-8.90648,-9.77588,-9.25424,6.49967,6.49967,4.33311,2.16656,2.16656,2.16656
9.29029,4.20911,0.449354,0.951164,3.00322,3.12061,2.51689,-11.7548,-12.9565,-6.60425,-8.2627,-6.82198,-9.82762,6.60522,6.60522,4.40348,2.20174,2.20174,2.20174
9.29519,4.46995,0.563,1.02406,2.96399,2.98602,2.53107,-11.6534,-13.5406,-6.75474,-6.60807,-7.82523,-10.1685,6.70868,6.70868,4.47246,2.23623,2.23623,2.23623
9.30027,4.68358,0.679672,1.09669,2.88023,2.91835,2.56386,-11.7602,-13.6475,-6.82596,-6.64368,-7.86084,-10.2041,6.81553,6.81553,4.54368,2.27184,2.27184,2.27184
9.30535,4.87623,0.797511,1.16283,2.85464,2.84681,2.58122,-13.0802,-13.5096,-6.11942,-8.57527,-7.49059,-9.99115,6.92193,6.92193,4.61462,2.30731,2.30731,2.30731
9.31021,5.02616,0.902724,1.21377,2.87932,2.77224,2.5845,-13.1815,-13.611,-6.18701,-8.60907,-7.52439,-10.0249,7.02332,7.02332,4.68221,2.34111,2.34111,2.34111
9.31556,5.13477,1.01882,1.27091,2.91137,2.70125,2.58863,-13.2927,-13.7221,-6.2611,-8.64611,-7.56143,-10.062,7.13446,7.13446,4.7563,2.37815,2.37815,2.37815
9.32036,5.21575,1.12887,1.3434,2.9614,2.66409,2.62036,-13.5929,-13.6678,-7.60219,-9.22569,-7.96713,-10.6912,7.23374,7.23374,4.82249,2.41125,2.41125,2.41125
9.32521,5.27926,1.23128,1.42636,3.00744,2.66611,2.6849,-13.6928,-13.7677,-7.66879,-9.25899,-8.00043,-10.7245,7.33364,7.33364,4.88909,2.44455,2.44455,2.44455
9.33049,5.34104,1.34312,1.51615,3.05025,2.67983,2.75361,-13.8011,-13.8759,-7.74097,-9.29508,-8.03652,-10.7606,7.44191,7.44191,4.96127,2.48064,2.48064,2.48064
9.33538,5.40147,1.45357,1.59028,3.07281,2.70623,2.74862,-13.9285,-14.3579,-6.95271,-8.64111,-8.26023,-9.46911,7.54172,7.54172,5.02782,2.51391,2.51391,2.51391
9.34036,5.43787,1.56597,1.65389,3.09185,2.8299,2.74377,-13.0447,-14.2464,-6.99927,-9.23788,-10.0079,-10.8194,7.64292,7.64292,5.09528,2.54764,2.54764,2.54764
9.34547,5.47711,1.67961,1.72364,3.0651,2.95774,2.79846,-14.066,-14.3891,-7.35032,-6.90425,-8.34497,-10.3405,7.74627,7.74627,5.16418,2.58209,2.58209,2.58209
9.35033,5.53521,1.78371,1.79071,2.99196,2.9945,2.82609,-14.1639,-14.4869,-7.41554,-6.93686,-8.37758,-10.3731,7.84411,7.84411,5.2294,2.6147,2.6147,2.6147
9.35524,5.59982,1.89625,1.86814,2.99558,3.12648,2.87555,-14.1401,-14.8414,-7.95556,-9.54473,-10.439,-10.9275,7.94248,7.94248,5.29499,2.64749,2.64749,2.64749
9.36034,5.68982,2.01965,1.94804,3.03451,3.28875,3.00089,-14.951,-15.1519,-7.37754,-8.27867,-9.03215,-12.0792,8.04416,8.04416,5.36278,2.68139,2.68139,2.68139
9.36536,5.79379,2.14072,2.01622,3.0468,3.36157,3.16948,-15.0506,-15.2515,-7.44393,-8.31186,-9.06534,-12.1124,8.14375,8.14375,5.42917,2.71458,2.71458,2.71458
9.37056,5.90157,2.26398,2.09366,3.07745,3.42596,3.25247,-14.8656,-14.6449,-7.76523,-8.69383,-9.15751,-10.7141,8.24637,8.24637,5.49758,2.74879,2.74879,2.74879
9.37515,5.97765,2.35848,2.15953,3.08075,3.4819,3.25485,-14.9557,-14.7351,-7.82531,-8.72387,-9.18755,-10.7442,8.33649,8.33649,5.55766,2.77883,2.77883,2.77883
9.3803,6.02958,2.44923,2.23106,3.06622,3.52947,3.24023,-13.6182,-13.0311,-7.50782,-8.45933,-9.04721,-10.4714,8.4371,8.4371,5.62473,2.81237,2.81237,2.81237
9.38526,6.06809,2.54423,2.2915,3.07196,3.47093,3.22944,-14.7587,-15.9682,-7.48638,-9.31117,-7.14181,-10.6774,8.53347,8.53347,5.68898,2.84449,2.84449,2.84449
9.39035,6.14757,2.6608,2.36461,3.10644,3.41734,3.21872,-14.9831,-14.8964,-8.31271,-9.02103,-8.90511,-10.2796,8.63182,8.63182,5.75455,2.87727,2.87727,2.87727
9.3952,6.21659,2.75739,2.43446,3.14803,3.38115,3.16446,-14.7651,-14.8163,-7.69769,-9.89666,-7.37126,-9.51578,8.72503,8.72503,5.81669,2.90834,2.90834,2.90834
9.40034,6.27595,2.8522,2.49589,3.20396,3.28363,3.06802,-14.8633,-14.9145,-7.76317,-9.92941,-7.40401,-9.54853,8.82326,8.82326,5.88217,2.94109,2.94109,2.94109
9.40544,6.32468,2.94304,2.55691,3.20774,3.22572,3.00218,-14.3652,-14.511,-7.70028,-7.9745,-7.88342,-10.0528,8.92015,8.92015,5.94677,2.97338,2.97338,2.97338
9.41032,6.35276,3.03035,2.61724,3.19705,3.15027,2.96634,-13.9176,-14.8199,-7.93102,-8.86635,-6.87915,-9.78543,9.01233,9.01233,6.00822,3.00411,3.00411,3.00411
9.41532,6.39419,3.12614,2.68637,3.21704,3.06493,2.95385,-14.6537,-14.9611,-8.13783,-8.89765,-7.53145,-10.2721,9.10623,9.10623,6.07082,3.03541,3.03541,3.03541
9.42033,6.45502,3.2194,2.75433,3.2303,3.02985,2.95961,-14.3454,-14.239,-7.74038,-8.17534,-7.88554,-9.52498,9.19975,9.19975,6.13317,3.06658,3.06658,3.06658
9.42526,6.56542,3.32776,2.81109,3.25242,3.08663,2.99058,-16.2296,-16.1192,-7.14928,-8.95103,-9.07523,-10.251,9.29122,9.29122,6.19415,3.09707,3.09707,3.09707
9.43027,6.67966,3.44788,2.86825,3.26614,3.11932,3.08028,-14.5056,-15.2936,-7.71874,-7.61563,-7.39207,-10.2818,9.3836,9.3836,6.25574,3.12787,3.12787,3.12787
9.43527,6.76959,3.56281,2.93131,3.27195,3.09564,3.17089,-15.2355,-15.5271,-7.50394,-8.15953,-8.22577,-10.2378,9.47522,9.47522,6.31682,3.15841,3.15841,3.15841
9.44035,6.9077,3.68728,3.00281,3.3738,3.14366,3.41517,-16.7582,-16.6479,-8.60642,-11.3699,-8.52156,-13.6386,9.56771,9.56771,6.37848,3.18924,3.18924,3.18924
9.44529,7.06156,3.81038,3.09027,3.538,3.21696,3.76817,-16.556,-16.3038,-9.24073,-11.6315,-8.75006,-13.3537,9.65707,9.65707,6.43804,3.21902,3.21902,3.21902
9.45025,7.18656,3.92682,3.16506,3.66981,3.33674,3.91672,-16.3536,-16.653,-7.90613,-11.0154,-9.38421,-10.5351,9.7462,9.7462,6.49747,3.24873,3.24873,3.24873
9.45517,7.2898,4.04468,3.23626,3.74359,3.47393,3.88095,-16.2759,-17.127,-9.33781,-10.2498,-9.14025,-10.1918,9.83403,9.83403,6.55602,3.27801,3.27801,3.27801
9.4602,7.38846,4.1672,3.31866,3.8375,3.59021,3.88264,-16.5385,-17.4723,-8.93746,-11.5877,-9.05406,-11.6126,9.92321,9.92321,6.61547,3.30774,3.30774,3.30774
9.46523,7.49584,4.28912,3.38228,3.9167,3.69354,3.89977,-17.0368,-17.5884,-8.17932,-10.4249,-9.14154,-11.1701,10.0118,10.0118,6.67452,3.33726,3.33726,3.33726
9.47022,7.61432,4.40368,3.44206,3.92415,3.79574,3.85524,-17.2147,-17.1004,-8.77043,-9.07126,-9.23686,-10.4954,10.099,10.099,6.73268,3.36634,3.36634,3.36634
9.47516,7.70891,4.4989,3.50333,3.93091,3.94712,3.73047,-16.3942,-16.1972,-8.56008,-10.7641,-10.317,-9.86989,10.1848,10.1848,6.78985,3.39493,3.39493,3.39493
9.48031,7.77736,4.60134,3.57243,3.99754,4.10578,3.65236,-16.0417,-17.2394,-9.09159,-11.1497,-9.47719,-11.0421,10.2735,10.2735,6.84902,3.42451,3.42451,3.42451
9.48535,7.85938,4.70478,3.64413,4.05348,4.16684,3.62529,-17.0183,-16.648,-9.02784,-10.3836,-8.82696,-10.2842,10.3597,10.3597,6.90649,3.45324,3.45324,3.45324
9.49035,7.96248,4.80661,3.70768,4.0599,4.19557,3.60003,-17.0441,-17.3396,-8.55357,-9.26926,-8.95462,-10.9832,10.4446,10.4446,6.96308,3.48154,3.48154,3.48154
9.4953,8.03287,4.90594,3.77571,4.07664,4.17182,3.62711,-15.9416,-16.7729,-9.63744,-10.7047,-7.93914,-11.1518,10.528,10.528,7.01867,3.50934,3.50934,3.50934
9.50018,8.10432,4.9945,3.84564,4.07091,4.17619,3.676,-17.2603,-16.622,-8.8015,-8.56249,-9.52297,-11.4771,10.6096,10.6096,7.07307,3.53653,3.53653,3.53653
9.5055,8.23455,5.07614,3.89957,4.05614,4.19252,3.72189,-17.9553,-15.6425,-8.1748,-10.0326,-7.96263,-11.167,10.6978,10.6978,7.13189,3.56595,3.56595,3.56595
9.51041,8.33786,5.15964,3.95549,4.05384,4.08642,3.7373,-16.6413,-17.1693,-9.24021,-9.04939,-7.19467,-10.6971,10.7786,10.7786,7.18574,3.59287,3.59287,3.59287
9.51523,8.40369,5.25075,4.0114,4.05816,3.97123,3.77376,-16.9761,-17.0707,-8.51936,-10.4749,-7.58522,-11.4685,10.8573,10.8573,7.23819,3.6191,3.6191,3.6191
9.52029,8.49302,5.35392,4.06917,4.07388,3.85481,3.84747,-17.4481,-17.8854,-9.23441,-9.39272,-7.14056,-11.206,10.9392,10.9392,7.2928,3.6464,3.6464,3.6464
9.52533,8.60507,5.46055,4.14011,4.07811,3.7898,3.87121,-18.0057,-17.4896,-9.52034,-9.85853,-8.40953,-10.9018,11.0201,11.0201,7.34674,3.67337,3.67337,3.67337
9.5303,8.69878,5.5487,4.20498,4.13413,3.83257,3.88917,-17.1392,-16.8674,-9.19479,-11.6817,-8.70914,-11.425,11.0992,11.0992,7.39948,3.69974,3.69974,3.69974
9.53536,8.78861,5.64084,4.26644,4.17518,3.82701,3.88218,-17.814,-17.5855,-9.13516,-9.43956,-7.46892,-10.7561,11.1791,11.1791,7.45271,3.72636,3.72636,3.72636
9.54027,8.88296,5.73736,4.32183,4.17863,3.78428,3.88651,-17.5441,-17.7175,-8.96064,-10.1193,-7.80916,-11.4772,11.2559,11.2559,7.50391,3.75196,3.75196,3.75196
9.54536,8.95793,5.83801,4.38401,4.20354,3.79057,3.89412,-17.1384,-17.9303,-9.64861,-10.5182,-8.19978,-10.7417,11.3348,11.3348,7.55652,3.77826,3.77826,3.77826
9.55021,9.01351,5.93387,4.45014,4.22955,3.8143,3.88076,-17.2129,-18.0049,-9.69829,-10.543,-8.22462,-10.7666,11.4093,11.4093,7.6062,3.8031,3.8031,3.8031
9.55516,9.10514,6.0305,4.51383,4.2913,3.82198,3.97032,-18.2812,-17.442,-9.15916,-11.9012,-8.0179,-12.7044,11.4847,11.4847,7.65645,3.82822,3.82822,3.82822
9.56027,9.21538,6.13216,4.574,4.31613,3.8316,4.09767,-18.0825,-18.7365,-9.49061,-9.13656,-8.03532,-11.8938,11.5618,11.5618,7.70784,3.85392,3.85392,3.85392
9.56547,9.31972,6.24775,4.6378,4.27358,3.83878,4.16428,-18.1601,-18.8142,-9.54239,-9.16245,-8.06121,-11.9197,11.6394,11.6394,7.75962,3.87981,3.87981,3.87981
9.57043,9.41077,6.34918,4.70318,4.26452,3.82061,4.20953,-17.4731,-17.477,-9.67699,-10.0232,-7.66338,-11.8862,11.7128,11.7128,7.80853,3.90426,3.90426,3.90426
9.57538,9.47994,6.43423,4.76827,4.27898,3.79046,4.25646,-17.5456,-17.5495,-9.72532,-10.0474,-7.68755,-11.9104,11.7853,11.7853,7.85686,3.92843,3.92843,3.92843
9.58026,9.58004,6.52322,4.84296,4.2936,3.78224,4.28182,-18.6329,-17.837,-10.4643,-9.87223,-8.04235,-11.4868,11.8561,11.8561,7.90405,3.95203,3.95203,3.95203
9.58527,9.69241,6.61377,4.9175,4.35377,3.81802,4.32186,-18.1729,-17.7671,-9.69508,-11.7012,-8.34785,-11.9331,11.928,11.928,7.95202,3.97601,3.97601,3.97601
9.59033,9.79009,6.69404,4.97299,4.41411,3.84521,4.34792,-18.5797,-17.4135,-9.33965,-10.4418,-7.91642,-11.245,11.9999,11.9999,7.99996,3.99998,3.99998,3.99998
9.59536,9.91237,6.77395,5.02222,4.46772,3.88152,4.28307,-19.2494,-17.8388,-9.30738,-11.2686,-8.56928,-10.1839,12.0707,12.0707,8.04711,4.02356,4.02356,4.02356
9.60033,10.0368,6.85409,5.07155,4.54405,4.05632,4.23347,-19.2476,-18.1365,-9.69625,-11.7967,-10.6044,-11.482,12.1398,12.1398,8.09322,4.04661,4.04661,4.04661
9.60544,10.1646,6.94421,5.13043,4.62431,4.2084,4.19332,-19.3967,-18.6796,-10.0629,-11.7953,-8.35909,-10.6858,12.2102,12.2102,8.1401,4.07005,4.07005,4.07005
9.61029,10.2834,7.03645,5.18972,4.65124,4.23511,4.11736,-19.1239,-18.726,-9.89583,-9.9129,-8.34798,-10.4263,12.2762,12.2762,8.18412,4.09206,4.09206,4.09206
9.61532,10.3964,7.13439,5.24691,4.65903,4.27215,4.10336,-19.2507,-19.0892,-9.8093,-10.8628,-8.75971,-11.666,12.3439,12.3439,8.22926,4.11463,4.11463,4.11463
9.62043,10.5135,7.22331,5.29492,4.65904,4.32042,4.15281,-19.7048,-18.2273,-9.3614,-9.94986,-8.45946,-12.0613,12.4119,12.4119,8.2746,4.1373,4.1373,4.1373
9.62539,10.619,7.30926,5.33829,4.64287,4.41769,4.22388,-18.99,-18.9506,-9.55329,-9.69837,-9.93021,-11.7849,12.4771,12.4771,8.3181,4.15905,4.15905,4.15905
9.63047,10.7196,7.41628,5.37887,4.62256,4.56531,4.2146,-19.5524,-20.0292,-9.04764,-9.4637,-9.62102,-10.5318,12.5432,12.5432,8.36212,4.18106,4.18106,4.18106
9.63518,10.8363,7.52023,5.42541,4.6467,4.67408,4.24538,-19.8454,-19.3332,-10.25,-11.1896,-9.60807,-12.6137,12.6037,12.6037,8.40247,4.20123,4.20123,4.20123
9.64025,10.9392,7.63123,5.49275,4.67288,4.84837,4.37168,-19.0824,-20.4535,-10.6044,-9.98557,-10.7308,-12.2874,12.6681,12.6681,8.44538,4.22269,4.22269,4.22269
9.64527,11.0439,7.74191,5.55777,4.66145,5.03365,4.35253,-20.02,-19.5354,-10.1489,-9.50147,-10.1473,-10.197,12.731,12.731,8.48735,4.24367,4.24367,4.24367
9.65031,11.1607,7.84711,5.61892,4.70242,5.11795,4.39193,-19.8184,-20.0667,-10.3765,-11.6999,-9.08343,-13.1406,12.7934,12.7934,8.52894,4.26447,4.26447,4.26447
9.65546,11.2799,7.95347,5.67017,4.79566,5.12591,4.63679,-20.4566,-20.0823,-9.63262,-11.9941,-8.89741,-14.3953,12.8563,12.8563,8.5709,4.28545,4.28545,4.28545
9.66033,11.3705,8.04161,5.70676,4.81473,5.13627,4.78196,-19.5422,-19.5067,-9.75747,-10.2832,-9.24819,-11.8564,12.9151,12.9151,8.61006,4.30503,4.30503,4.30503
9.66542,11.4545,8.12485,5.74709,4.84007,5.15429,4.71537,-20.2568,-19.4373,-9.8731,-12.1498,-9.1773,-10.7505,12.9757,12.9757,8.65045,4.32522,4.32522,4.32522
9.6704,11.54,8.19309,5.79066,4.86328,5.09193,4.61936,-19.9094,-18.6132,-10.3217,-11.2999,-7.76435,-11.598,13.0341,13.0341,8.68943,4.34471,4.34471,4.34471
9.67531,11.6258,8.25765,5.84302,4.80123,4.94471,4.54913,-20.317,-18.9971,-10.5122,-8.57819,-7.36103,-10.9049,13.091,13.091,8.72734,4.36367,4.36367,4.36367
9.68028,11.6765,8.331,5.89333,4.73346,4.86731,4.5455,-18.3762,-19.3612,-10.0735,-10.1538,-8.72959,-12.497,13.1478,13.1478,8.76518,4.38259,4.38259,4.38259
9.6853,11.7319,8.40965,5.93419,4.71757,4.86241,4.56244,-20.3002,-19.264,-9.67022,-10.4624,-8.60767,-11.0751,13.2043,13.2043,8.80287,4.40143,4.40143,4.40143
9.69042,11.8265,8.49284,5.9694,4.68314,4.80429,4.52675,-19.9355,-19.7464,-9.65375,-9.28073,-7.50053,-11.3756,13.2611,13.2611,8.84074,4.42037,4.42037,4.42037
9.69525,11.9084,8.57445,6.00822,4.67816,4.70783,4.56683,-19.9528,-19.4721,-10.0526,-11.2938,-7.72513,-12.5524,13.3139,13.3139,8.87594,4.43797,4.43797,4.43797
9.70024,12.0082,8.64922,6.05551,4.74093,4.5944,4.63999,-20.7158,-18.9231,-10.2327,-11.1296,-7.07237,-12.1977,13.3677,13.3677,8.91178,4.45589,4.45589,4.45589
9.70523,12.125,8.71805,6.10416,4.79787,4.46631,4.71777,-20.7687,-18.976,-10.2679,-11.1472,-7.09001,-12.2153,13.4206,13.4206,8.94706,4.47353,4.47353,4.47353
9.71028,12.2357,8.79899,6.14826,4.8536,4.36807,4.78392,-20.2856,-19.7458,-9.70744,-11.0406,-7.43878,-11.8272,13.4733,13.4733,8.98221,4.4911,4.4911,4.4911
9.71519,12.3259,8.88048,6.18613,4.89204,4.34593,4.86904,-20.2336,-19.4613,-9.98142,-10.8256,-8.2836,-12.7051,13.5238,13.5238,9.01584,4.50792,4.50792,4.50792
9.72028,12.4398,8.96356,6.22782,4.89261,4.28139,4.93873,-21.4158,-19.8319,-9.9781,-9.43511,-6.52883,-11.8612,13.5752,13.5752,9.05014,4.52507,4.52507,4.52507
9.72522,12.5484,9.04798,6.27933,4.85527,4.18311,4.92979,-20.1923,-19.8377,-10.8615,-9.02092,-7.44772,-11.7533,13.6243,13.6243,9.08288,4.54144,4.54144,4.54144
9.73037,12.6288,9.12877,6.33107,4.8286,4.07423,4.94798,-20.3608,-19.3364,-9.91689,-9.90709,-6.29701,-12.4242,13.6746,13.6746,9.11642,4.55821,4.55821,4.55821
9.73538,12.7114,9.19692,6.36774,4.80402,3.99346,4.97523,-20.732,-19.286,-10.0367,-9.90656,-7.59644,-11.9434,13.7227,13.7227,9.14848,4.57424,4.57424,4.57424
9.74025,12.8163,9.25145,6.40168,4.79445,4.0054,4.99502,-21.6408,-18.5006,-9.9127,-10.427,-7.83531,-12.3976,13.7687,13.7687,9.17911,4.58955,4.58955,4.58955
9.7453,12.9124,9.30685,6.44351,4.81537,4.07292,4.99926,-20.2928,-19.1975,-10.6001,-11.3037,-8.48847,-11.6514,13.8154,13.8154,9.21029,4.60515,4.60515,4.60515
9.75027,13.0026,9.36821,6.49817,4.83199,4.11272,4.99331,-21.5476,-19.1993,-10.9918,-10.0602,-7.46025,-11.799,13.8606,13.8606,9.24042,4.62021,4.62021,4.62021
9.75524,13.1167,9.427,6.54982,4.82584,4.10853,5.0745,-21.5013,-19.2082,-10.4717,-10.6463,-7.64063,-13.4532,13.905,13.905,9.26998,4.63499,4.63499,4.63499
9.76028,13.2004,9.48946,6.59509,4.84224,4.06327,5.16258,-20.3201,-19.3942,-10.5053,-10.868,-6.72797,-12.3087,13.9491,13.9491,9.29938,4.64969,4.64969,4.64969
9.76532,13.258,9.55424,6.63377,4.7967,4.01576,5.1438,-20.8558,-19.6817,-10.0911,-8.33214,-7.50414,-11.4868,13.9923,13.9923,9.3282,4.6641,4.6641,4.6641
9.77015,13.3212,9.62797,6.66422,4.7315,3.95975,5.06729,-20.6521,-20.53,-9.96346,-9.44692,-6.38332,-11.3596,14.0329,14.0329,9.35527,4.67764,4.67764,4.67764
9.77532,13.3893,9.70957,6.69912,4.72489,3.85176,5.03744,-20.8838,-19.9618,-10.2803,-10.4381,-6.50515,-12.1604,14.0755,14.0755,9.38365,4.69183,4.69183,4.69183
9.78022,13.4687,9.77968,6.73625,4.75328,3.80456,5.07996,-21.4591,-20.0328,-10.363,-11.0392,-7.26351,-12.5793,14.115,14.115,9.40998,4.70499,4.70499,4.70499
9.78519,13.5444,9.84978,6.78148,4.78625,3.78928,5.12423,-20.7931,-20.1114,-10.9744,-10.5803,-6.92882,-12.0624,14.1542,14.1542,9.43611,4.71806,4.71806,4.71806
9.79044,13.6131,9.93232,6.84058,4.82662,3.73414,5.15517,-20.999,-20.8611,-11.1978,-11.1071,-6.45379,-12.4568,14.1946,14.1946,9.46309,4.73155,4.73155,4.73155
9.79526,13.6767,10.0218,6.89726,4.87908,3.68631,5.22232,-20.7516,-21.3545,-11.1718,-11.2517,-6.89645,-12.7587,14.2309,14.2309,9.48729,4.74365,4.74365,4.74365
9.80034,13.7675,10.1189,6.95325,4.89794,3.64277,5.2112,-21.9592,-21.4273,-11.0337,-9.88143,-6.43695,-10.726,14.2683,14.2683,9.51221,4.75611,4.75611,4.75611
9.80518,13.8629,10.2122,6.99885,4.87514,3.60217,5.22974,-21.3636,-21.5882,-10.664,-9.51214,-6.78802,-13.1885,14.3031,14.3031,9.53539,4.7677,4.7677,4.7677
9.81035,13.9411,10.3093,7.03949,4.83371,3.58591,5.36369,-21.3998,-21.6244,-10.6881,-9.52421,-6.80009,-13.2005,14.3393,14.3393,9.55955,4.77977,4.77977,4.77977
9.81528,14.0261,10.3874,7.07356,4.78669,3.57321,5.40879,-21.6738,-19.9205,-10.1944,-9.12971,-6.84443,-11.8704,14.373,14.373,9.58199,4.79099,4.79099,4.79099
9.82021,14.1195,10.4577,7.10211,4.79827,3.55742,5.4005,-21.5175,-20.6507,-10.1389,-10.7387,-6.68977,-12.2539,14.4058,14.4058,9.60386,4.80193,4.80193,4.80193
9.82529,14.2165,10.5308,7.12877,4.83382,3.52261,5.36433,-22.1374,-20.5575,-10.2089,-10.4847,-6.39437,-11.528,14.4387,14.4387,9.62579,4.81289,4.81289,4.81289
9.83021,14.3188,10.6023,7.15349,4.89677,3.49391,5.30457,-21.8099,-20.6752,-9.97457,-11.3975,-6.72762,-11.6294,14.4697,14.4697,9.64644,4.82322,4.82322,4.82322
9.83517,14.3753,10.6582,7.18105,4.95204,3.49092,5.2595,-20.6385,-19.3777,-10.6197,-10.944,-6.77914,-11.4573,14.5,14.5,9.66669,4.83334,4.83334,4.83334
9.84019,14.4303,10.7003,7.21321,4.99665,3.50469,5.23767,-22.1735,-19.5534,-10.4661,-12.022,-7.02093,-12.1131,14.5299,14.5299,9.68657,4.84329,4.84329,4.84329
9.84517,14.5096,10.7469,7.24277,4.98494,3.54435,5.2692,-21.8476,-20.3031,-10.6002,-8.95973,-7.17125,-12.4787,14.5586,14.5586,9.70571,4.85285,4.85285,4.85285
9.85045,14.565,10.8077,7.27029,4.9281,3.60837,5.29256,-20.9157,-20.2656,-10.0493,-9.93831,-7.47915,-11.8924,14.588,14.588,9.72535,4.86267,4.86267,4.86267
9.8554,14.6235,10.8689,7.29451,4.92456,3.6823,5.30057,-21.9628,-20.5129,-10.3618,-9.97206,-7.52946,-11.8682,14.6147,14.6147,9.74315,4.87158,4.87158,4.87158
9.86035,14.6615,10.9294,7.3218,4.96278,3.73871,5.31398,-20.1881,-20.2078,-10.3079,-11.9265,-7.29794,-12.1169,14.6405,14.6405,9.76037,4.88018,4.88018,4.88018
9.86529,14.6961,10.9928,7.34857,5.03289,3.76943,5.33707,-21.852,-21.0049,-10.4186,-11.231,-7.09924,-11.6864,14.6654,14.6654,9.77696,4.88848,4.88848,4.88848
9.87044,14.7556,11.0581,7.37898,5.09139,3.79952,5.35363,-21.1008,-20.1237,-10.4436,-11.1731,-7.38909,-12.0176,14.6904,14.6904,9.79363,4.89681,4.89681,4.89681
9.87529,14.8121,11.1196,7.40874,5.09193,3.81917,5.41561,-21.7578,-20.9265,-10.4734,-8.90361,-6.93297,-12.5303,14.7131,14.7131,9.80874,4.90437,4.90437,4.90437
9.88025,14.89,11.1893,7.43389,5.02994,3.84078,5.46085,-22.0756,-21.0709,-10.1267,-8.44736,-7.37924,-12.0492,14.7354,14.7354,9.82361,4.9118,4.9118,4.9118
9.88527,14.9604,11.2477,7.45763,4.9897,3.86969,5.46097,-21.3605,-19.5324,-10.254,-9.34054,-7.09666,-12.0564,14.7571,14.7571,9.83805,4.91902,4.91902,4.91902
9.89032,15.0518,11.2978,7.48026,4.99484,3.88255,5.45059,-22.9219,-20.4712,-10.109,-10.0679,-6.96286,-11.8563,14.7779,14.7779,9.85196,4.92598,4.92598,4.92598
9.89541,15.1221,11.3454,7.50265,5.00409,3.88994,5.43103,-20.5465,-19.132,-10.1621,-9.47011,-6.87847,-11.921,14.798,14.798,9.86535,4.93267,4.93267,4.93267
9.90026,15.1257,11.3724,7.52366,4.9447,3.90886,5.39144,-20.6672,-19.1266,-10.2684,-7.38964,-6.87628,-11.2398,14.8163,14.8163,9.87752,4.93876,4.93876,4.93876
9.90528,15.1334,11.4104,7.54872,4.86515,3.94465,5.30142,-20.5079,-19.6962,-10.2051,-8.45548,-6.89056,-10.8236,14.8343,14.8343,9.88952,4.94476,4.94476,4.94476
9.91029,15.1435,11.4456,7.57685,4.79907,4.00055,5.28205,-20.0679,-18.1806,-10.0806,-5.91092,-6.84656,-12.27,14.8513,14.8513,9.90088,4.95044,4.95044,4.95044
9.91526,15.1847,11.4777,7.60788,4.78512,4.07608,5.21992,-21.1516,-18.9295,-10.1373,-9.57601,-6.84361,-9.94033,14.8673,14.8673,9.91154,4.95577,4.95577,4.95577
9.9203,15.247,11.5135,7.63974,4.85866,4.18099,5.0507,-21.1669,-18.9447,-10.1475,-9.58111,-6.84871,-9.94543,14.8826,14.8826,9.92174,4.96087,4.96087,4.96087
9.92527,15.2798,11.5458,7.67274,4.90551,4.29,5.02522,-20.1133,-18.5452,-9.93745,-8.78267,-6.54707,-12.5004,14.8968,14.8968,9.93118,4.96559,4.96559,4.96559
9.9303,15.2935,11.5977,7.70962,4.90903,4.3921,5.08468,-20.2055,-20.4813,-10.0007,-8.49734,-6.45218,-11.5609,14.9102,14.9102,9.94013,4.97006,4.97006,4.97006
9.9353,15.3175,11.6658,7.74764,4.92356,4.50653,5.0878,-20.218,-20.4938,-10.009,-8.50148,-6.45632,-11.5651,14.9226,14.9226,9.9484,4.9742,4.9742,4.9742
9.94024,15.3778,11.7223,7.78483,4.95159,4.58672,5.15071,-21.4074,-19.1222,-9.60067,-8.66259,-5.63211,-12.9516,14.934,14.934,9.95597,4.97799,4.97799,4.97799
9.94547,15.5452,11.7989,7.80888,5.10704,4.5869,5.35429,-23.8455,-21.6548,-8.43346,-12.3757,-4.60079,-13.775,14.945,14.945,9.96334,4.98167,4.98167,4.98167
9.95025,15.7399,11.8803,7.81886,5.29537,4.55955,5.55607,-23.7916,-21.1321,-8.40407,-11.9317,-4.08222,-13.1985,14.9542,14.9542,9.96948,4.98474,4.98474,4.98474
9.95524,15.8657,11.9524,7.84048,5.39648,4.57059,5.64221,-21.988,-21.3733,-8.67949,-10.7174,-3.74565,-11.9428,14.9629,14.9629,9.97529,4.98765,4.98765,4.98765
9.96018,15.9158,12.0101,7.87248,5.41396,4.67776,5.65267,-21.9957,-21.381,-8.68464,-10.72,-3.74822,-11.9454,14.9707,14.9707,9.98044,4.99022,4.99022,4.99022
9.96516,15.9282,12.0702,7.91302,5.41434,4.85501,5.70727,-20.9545,-21.8489,-8.35065,-11.0286,-3.37791,-12.9413,14.9775,14.9775,9.98503,4.99251,4.99251,4.99251
9.97017,15.9452,12.1305,7.96291,5.37706,5.07289,5.65606,-22.1425,-21.2245,-8.781,-9.00203,-3.57863,-9.91283,14.9835,14.9835,9.98902,4.99451,4.99451,4.99451
9.97522,15.9693,12.1751,8.01816,5.28778,5.32772,5.57236,-21.3951,-20.5992,-8.69036,-8.61457,-3.69625,-12.3489,14.9886,14.9886,9.99243,4.99621,4.99621,4.99621
9.98019,15.9443,12.216,8.06681,5.20146,5.51359,5.56501,-20.2093,-20.5994,-8.08908,-9.0465,-2.55498,-11.0254,14.9927,14.9927,9.99516,4.99758,4.99758,4.99758
9.9852,15.8876,12.2494,8.10189,5.12883,5.63622,5.51647,-20.2125,-20.6026,-8.09122,-9.04757,-2.55605,-11.0265,14.9959,14.9959,9.9973,4.99865,4.99865,4.99865
9.99026,15.8346,12.2837,8.13715,5.06324,5.7466,5.48062,-20.2148,-20.6049,-8.09275,-9.04833,-2.55681,-11.0273,14.9982,14.9982,9.99883,4.99941,4.99941,4.99941
9.99522,15.8208,12.3203,8.18033,5.07105,5.82912,5.51729,-21.343,-20.1492,-8.44685,-11.5079,-2.43306,-12.3111,14.9996,14.9996,9.99972,4.99986,4.99986,4.99986
10.0004,15.8365,12.3477,8.22488,5.14039,5.90807,5.60991,-21.3434,-20.1496,-8.44713,-11.5081,-2.4332,-12.3112,15,15,10,5,5,5
10.0053,15.8787,12.3887,8.27703,5.13735,5.97904,5.62222,-22.2057,-20.6061,-8.7352,-8.66787,-2.71455,-11.1022,14.9995,14.9995,9.99965,4.99983,4.99983,4.99983
10.0103,15.9459,12.4267,8.32687,5.06858,6.07006,5.56465,-22.2043,-20.6047,-8.73424,-8.66739,-2.71407,-11.1017,14.998,14.998,9.99869,4.99935,4.99935,4.99935
10.0154,15.9832,12.4707,8.37867,5.02483,6.13512,5.58475,-20.8859,-20.6613,-8.61558,-9.37866,-2.3655,-12.6824,14.9956,14.9956,9.99707,4.99854,4.99854,4.99854
10.0202,15.9836,12.506,8.41977,4.96394,6.21827,5.6097,-20.8552,-20.1263,-8.24355,-7.85408,-3.30836,-11.3565,14.9924,14.9924,9.99497,4.99748,4.99748,4.99748
10.0253,15.977,12.5312,8.45401,4.86485,6.35755,5.56819,-20.8509,-20.122,-8.24068,-7.85265,-3.30693,-11.3551,14.9882,14.9882,9.9921,4.99605,4.99605,4.99605
10.0302,15.9952,12.5622,8.48953,4.78875,6.40881,5.56198,-21.819,-20.1406,-8.09312,-8.31466,-1.93078,-12.0158,14.9831,14.9831,9.98875,4.99438,4.99438,4.99438
10.0352,16.0362,12.5953,8.51705,4.8104,6.40396,5.53569,-21.6199,-20.4576,-7.73797,-10.8877,-2.30964,-10.8132,14.9771,14.9771,9.98472,4.99236,4.99236,4.99236
10.0402,16.0801,12.6309,8.53878,4.90568,6.41572,5.46914,-21.6129,-20.4506,-7.73332,-10.8854,-2.30731,-10.8109,14.9701,14.9701,9.98007,4.99003,4.99003,4.99003
10.0454,16.1416,12.67,8.56859,4.98374,6.4122,5.48338,-21.9948,-19.6741,-7.79471,-9.93045,-2.23005,-12.1247,14.9619,14.9619,9.97458,4.98729,4.98729,4.98729
10.0505,16.2018,12.6885,8.59042,5.0079,6.42024,5.54698,-21.9857,-19.6651,-7.78868,-9.92744,-2.22704,-12.1216,14.9528,14.9528,9.96855,4.98428,4.98428,4.98428
10.0553,16.2342,12.7136,8.62623,5.0493,6.45251,5.59678,-21.208,-20.0812,-8.8546,-11.2325,-2.78695,-12.2261,14.9434,14.9434,9.9623,4.98115,4.98115,4.98115
10.0602,16.2518,12.7446,8.66517,5.07012,6.52226,5.60957,-21.5561,-20.3465,-8.07014,-9.53166,-3.1395,-11.3947,14.933,14.933,9.95532,4.97766,4.97766,4.97766
10.0652,16.2793,12.7704,8.68874,5.04274,6.61375,5.55514,-21.5445,-20.335,-8.06242,-9.5278,-3.13564,-11.3908,14.9214,14.9214,9.9476,4.9738,4.9738,4.9738
10.0701,16.2771,12.7924,8.71624,4.99017,6.61565,5.51739,-20.3188,-19.0737,-7.94349,-8.43904,-1.69084,-11.9498,14.9092,14.9092,9.93944,4.96972,4.96972,4.96972
10.0753,16.2465,12.7944,8.73772,4.90823,6.54202,5.53284,-20.3048,-19.0598,-7.93418,-8.43438,-1.68618,-11.9451,14.8952,14.8952,9.93013,4.96506,4.96506,4.96506
10.0803,16.244,12.8154,8.76162,4.84544,6.4097,5.57942,-21.2755,-19.9792,-7.69262,-8.81876,-0.613278,-12.3046,14.8808,14.8808,9.92056,4.96028,4.96028,4.96028
10.0854,16.2414,12.8468,8.77993,4.7855,6.33377,5.54835,-20.4167,-20.6255,-7.71775,-8.0932,-2.36344,-10.6103,14.8652,14.8652,9.91016,4.95508,4.95508,4.95508
10.0902,16.2196,12.878,8.79334,4.72305,6.35752,5.45805,-20.4012,-20.61,-7.70738,-8.08802,-2.35826,-10.6051,14.8497,14.8497,9.89979,4.9499,4.9499,4.9499
10.0953,16.2298,12.9126,8.81408,4.70978,6.29846,5.37683,-21.609,-19.6981,-7.69784,-9.64712,-0.920002,-10.5579,14.8322,14.8322,9.88816,4.94408,4.94408,4.94408
10.1002,16.268,12.9339,8.83363,4.7107,6.17674,5.34321,-21.2841,-19.5189,-7.79057,-8.17568,-0.963796,-11.0488,14.8146,14.8146,9.87639,4.9382,4.9382,4.9382
10.1052,16.2964,12.9468,8.85022,4.6789,6.07612,5.33962,-21.2651,-19.5,-7.77796,-8.16937,-0.957488,-11.0425,14.7957,14.7957,9.86378,4.93189,4.93189,4.93189
10.1102,16.3142,12.9772,8.87018,4.65519,6.07043,5.35426,-20.9931,-20.3706,-7.62052,-8.27868,-2.73936,-11.4251,14.7758,14.7758,9.85055,4.92528,4.92528,4.92528
10.1153,16.3332,13.0106,8.88374,4.63697,6.16664,5.39031,-20.972,-20.3495,-7.60641,-8.27162,-2.7323,-11.418,14.7547,14.7547,9.83644,4.91822,4.91822,4.91822
10.1203,16.3518,13.0485,8.90708,4.6096,6.15313,5.4086,-20.9306,-19.855,-7.90337,-7.75103,-0.878634,-11.1624,14.733,14.733,9.82199,4.91099,4.91099,4.91099
10.1252,16.3631,13.0663,8.92489,4.55687,6.0586,5.40008,-20.9085,-19.8329,-7.88862,-7.74366,-0.87126,-11.155,14.7109,14.7109,9.80724,4.90362,4.90362,4.90362
10.1302,16.377,13.0909,8.93953,4.47717,5.98501,5.42322,-21.2357,-19.9355,-7.26478,-6.86644,-1.35196,-11.9669,14.6874,14.6874,9.79159,4.8958,4.8958,4.8958
10.1352,16.3837,13.1191,8.94882,4.41445,5.84681,5.44531,-20.51,-19.852,-7.40528,-8.38183,0.394971,-11.2881,14.663,14.663,9.77534,4.88767,4.88767,4.88767
10.1402,16.429,13.1414,8.95362,4.46154,5.62424,5.57515,-22.3601,-19.7361,-7.13553,-10.874,0.660079,-14.1363,14.6377,14.6377,9.75848,4.87924,4.87924,4.87924
10.1452,16.5133,13.1632,8.95439,4.49277,5.42175,5.67778,-22.1921,-20.0606,-7.13688,-8.65447,0.461808,-11.3455,14.6115,14.6115,9.74102,4.87051,4.87051,4.87051
10.1502,16.5424,13.1824,8.95124,4.46709,5.26925,5.68194,-20.589,-19.868,-7.00388,-8.3308,0.114797,-12.0899,14.5844,14.5844,9.72297,4.86148,4.86148,4.86148
10.1552,16.5314,13.1961,8.94538,4.43196,5.16079,5.71087,-20.561,-19.84,-6.98522,-8.32147,0.124127,-12.0806,14.5565,14.5565,9.70431,4.85215,4.85215,4.85215
10.1602,16.4943,13.2265,8.96127,4.42549,5.05144,5.65128,-19.6772,-20.1027,-7.94408,-9.34684,0.191715,-10.4232,14.5276,14.5276,9.68505,4.84252,4.84252,4.84252
10.1654,16.4399,13.2465,8.98028,4.45498,4.9638,5.527,-19.6462,-20.0717,-7.92342,-9.33651,0.202046,-10.4129,14.4966,14.4966,9.66439,4.83219,4.83219,4.83219
10.1706,16.4016,13.276,8.99855,4.44822,4.94654,5.49466,-20.3431,-19.7363,-7.25421,-7.72782,-1.10382,-11.7353,14.4646,14.4646,9.64308,4.82154,4.82154,4.82154
10.1752,16.3853,13.2845,8.99724,4.39095,4.99839,5.53682,-20.314,-19.7073,-7.23483,-7.71813,-1.09413,-11.7256,14.4355,14.4355,9.6237,4.81185,4.81185,4.81185
10.1802,16.3307,13.2879,8.99887,4.30281,5.01157,5.58675,-19.005,-18.5913,-7.21528,-6.84619,-0.47887,-11.8059,14.4031,14.4031,9.60206,4.80103,4.80103,4.80103
10.1854,16.2793,13.2888,8.99852,4.2522,4.96518,5.57892,-20.1681,-19.1397,-6.92672,-8.48234,-0.00362341,-10.867,14.3684,14.3684,9.57893,4.78946,4.78946,4.78946
10.1903,16.2696,13.2896,8.99017,4.24673,4.89906,5.51603,-20.1345,-19.1062,-6.90433,-8.47115,0.00756827,-10.8558,14.3348,14.3348,9.55654,4.77827,4.77827,4.77827
10.1955,16.2708,13.2986,8.99169,4.20239,4.93427,5.48458,-20.5747,-18.2461,-6.89459,-6.78641,-2.26553,-11.5557,14.2983,14.2983,9.53217,4.76609,4.76609,4.76609
10.2005,16.2948,13.2855,8.98391,4.13299,5.09715,5.50985,-20.5386,-18.2101,-6.87056,-6.77439,-2.25351,-11.5437,14.2622,14.2622,9.50814,4.75407,4.75407,4.75407
10.2053,16.3016,13.2867,8.98651,4.09171,5.17235,5.46077,-20.054,-17.9973,-6.88664,-7.40841,-0.991415,-9.83445,14.2268,14.2268,9.48451,4.74225,4.74225,4.74225
10.2102,16.3072,13.2731,8.98136,4.08268,5.19283,5.33578,-20.017,-17.9603,-6.86197,-7.39608,-0.979078,-9.82212,14.1898,14.1898,9.45984,4.72992,4.72992,4.72992
10.2154,16.3161,13.2728,8.97575,4.07576,5.17849,5.30889,-20.2447,-18.4599,-6.40254,-7.15912,-0.444039,-11.6138,14.1496,14.1496,9.43304,4.71652,4.71652,4.71652
10.2202,16.3349,13.2801,8.97783,4.05925,5.13576,5.27989,-20.5614,-17.894,-6.98961,-7.12163,-0.398272,-9.80435,14.1116,14.1116,9.40774,4.70387,4.70387,4.70387
10.2252,16.3722,13.2644,8.97512,4.03827,5.09664,5.18617,-20.521,-17.8536,-6.9627,-7.10817,-0.384813,-9.79089,14.0712,14.0712,9.38083,4.69041,4.69041,4.69041
10.2303,16.4069,13.2608,8.97969,4.0298,5.12568,5.24139,-20.7784,-17.65,-6.88657,-7.73999,-2.00195,-12.3602,14.0292,14.0292,9.35277,4.67639,4.67639,4.67639
10.2353,16.4591,13.2431,8.97535,4.04305,5.24808,5.40587,-20.7363,-17.6079,-6.85849,-7.72594,-1.9879,-12.3462,13.987,13.987,9.32469,4.66234,4.66234,4.66234
10.2403,16.4877,13.2475,8.97181,4.06497,5.32188,5.45492,-19.9841,-18.479,-6.23209,-7.99313,-1.35257,-10.5351,13.944,13.944,9.29603,4.64801,4.64801,4.64801
10.2453,16.4875,13.2636,8.96667,4.09767,5.37194,5.45693,-20.0269,-18.4903,-6.66684,-8.0696,-1.78508,-11.2657,13.9002,13.9002,9.2668,4.6334,4.6334,4.6334
10.2502,16.4809,13.2584,8.95471,4.0996,5.45251,5.46408,-19.9831,-18.4465,-6.63763,-8.055,-1.77048,-11.2511,13.8564,13.8564,9.23759,4.6188,4.6188,4.6188
10.2553,16.4526,13.271,8.94885,4.04822,5.48809,5.41887,-19.8421,-18.9043,-6.46454,-6.68159,-1.18367,-10.5566,13.8099,13.8099,9.20662,4.60331,4.60331,4.60331
10.2603,16.4408,13.2737,8.93254,3.98131,5.49634,5.35514,-19.7957,-18.8579,-6.43359,-6.66612,-1.1682,-10.5412,13.7635,13.7635,9.17567,4.58784,4.58784,4.58784
10.2654,16.4009,13.2956,8.9311,3.91782,5.4939,5.29227,-18.8885,-18.9594,-6.70868,-6.4182,-1.30944,-10.3098,13.7153,13.7153,9.14353,4.57176,4.57176,4.57176
10.2704,16.3474,13.301,8.91886,3.86519,5.46581,5.27243,-18.7301,-17.883,-5.95973,-6.0958,-0.705523,-10.8651,13.6672,13.6672,9.11145,4.55572,4.55572,4.55572
10.2753,16.3017,13.2868,8.89147,3.80838,5.41371,5.29157,-18.6821,-17.835,-5.92774,-6.07981,-0.689529,-10.8491,13.6192,13.6192,9.07946,4.53973,4.53973,4.53973
10.2804,16.2665,13.2951,8.88358,3.76359,5.31398,5.31123,-19.4311,-18.3279,-6.69225,-6.61764,-0.0267567,-10.7576,13.5684,13.5684,9.04559,4.5228,4.5228,4.5228
10.2852,16.2707,13.2936,8.87723,3.74804,5.21349,5.3101,-19.3825,-18.2793,-6.65985,-6.60144,-0.0105554,-10.7414,13.5198,13.5198,9.01319,4.5066,4.5066,4.5066
10.2904,16.261,13.3086,8.87374,3.78752,5.16795,5.31208,-19.2187,-17.946,-5.97418,-8.57907,-1.23471,-11.0051,13.4663,13.4663,8.97751,4.48875,4.48875,4.48875
10.2952,16.2541,13.2985,8.85028,3.86103,5.19884,5.33665,-19.1685,-17.8958,-5.94071,-8.56234,-1.21798,-10.9884,13.4161,13.4161,8.94404,4.47202,4.47202,4.47202
10.3001,16.2504,13.2905,8.83336,3.91544,5.13697,5.35155,-19.6404,-17.0282,-5.88721,-8.09788,0.413964,-10.7144,13.364,13.364,8.90935,4.45468,4.45468,4.45468
10.3053,16.2391,13.2947,8.82779,3.90435,4.93822,5.3716,-19.0209,-18.1935,-6.55624,-6.29898,1.15302,-11.2339,13.3079,13.3079,8.87196,4.43598,4.43598,4.43598
10.3103,16.2279,13.2922,8.81963,3.85769,4.7377,5.40217,-18.9662,-18.1388,-6.51973,-6.28073,1.17127,-11.2156,13.2532,13.2532,8.83545,4.41773,4.41773,4.41773
10.3155,16.2196,13.3006,8.81021,3.816,4.58749,5.32336,-19.4994,-17.1472,-5.45081,-6.34425,0.16383,-9.28365,13.1954,13.1954,8.7969,4.39845,4.39845,4.39845
10.3204,16.2261,13.2769,8.77606,3.77434,4.53722,5.17519,-19.4441,-17.0919,-5.41395,-6.32582,0.182261,-9.26522,13.1401,13.1401,8.76004,4.38002,4.38002,4.38002
10.3252,16.2138,13.2619,8.75243,3.75086,4.47345,5.09357,-19.204,-17.3049,-5.88938,-7.15207,0.672528,-10.166,13.0851,13.0851,8.72342,4.36171,4.36171,4.36171
10.3301,16.1666,13.2601,8.74123,3.72741,4.3453,5.09331,-18.2567,-17.3978,-5.97899,-6.42105,1.27935,-10.7432,13.0283,13.0283,8.68554,4.34277,4.34277,4.34277
10.3352,16.1115,13.2411,8.7202,3.69167,4.21256,5.14175,-18.1967,-17.3378,-5.93901,-6.40106,1.29934,-10.7232,12.9683,12.9683,8.64556,4.32278,4.32278,4.32278
10.3402,16.0439,13.2521,8.72288,3.66506,4.16424,5.18074,-18.1214,-17.2703,-6.30055,-6.69583,-0.38647,-10.4053,12.9087,12.9087,8.60582,4.30291,4.30291,4.30291
10.3452,15.986,13.2309,8.71167,3.63747,4.22968,5.19921,-18.061,-17.2099,-6.26028,-6.6757,-0.366337,-10.3851,12.8483,12.8483,8.56555,4.28278,4.28278,4.28278
10.3503,15.9234,13.2069,8.699,3.60397,4.29417,5.21246,-17.9985,-17.1475,-6.21867,-6.65489,-0.345529,-10.3643,12.7859,12.7859,8.52394,4.26197,4.26197,4.26197
10.3552,15.8572,13.2051,8.69051,3.5596,4.25713,5.2094,-18.2609,-17.0946,-5.44876,-6.27032,1.18996,-10.104,12.7252,12.7252,8.48344,4.24172,4.24172,4.24172
10.3604,15.8148,13.1877,8.66119,3.51924,4.2617,5.24209,-18.4044,-16.4817,-5.1398,-6.17404,-0.982475,-11.0675,12.6599,12.6599,8.43991,4.21996,4.21996,4.21996
10.3653,15.7873,13.1516,8.62053,3.47438,4.37056,5.28579,-18.3421,-16.4194,-5.09827,-6.15327,-0.961709,-11.0467,12.5976,12.5976,8.39838,4.19919,4.19919,4.19919
10.3706,15.7421,13.1265,8.59454,3.40671,4.44038,5.21884,-18.2187,-15.6813,-5.52931,-5.56749,-0.607768,-9.31833,12.5293,12.5293,8.3529,4.17645,4.17645,4.17645
10.3753,15.7172,13.0811,8.56704,3.35698,4.49263,5.09571,-18.1575,-15.6201,-5.48849,-5.54708,-0.587359,-9.29792,12.4681,12.4681,8.31208,4.15604,4.15604,4.15604
10.3803,15.698,13.0542,8.5343,3.3226,4.47881,5.04908,-18.5999,-16.3659,-4.55214,-5.80664,0.519282,-10.609,12.4022,12.4022,8.26816,4.13408,4.13408,4.13408
10.3853,15.6785,13.046,8.49738,3.342,4.48924,5.02973,-18.1904,-15.9289,-4.39275,-7.55634,-1.31322,-9.65118,12.3356,12.3356,8.22372,4.11186,4.11186,4.11186
10.3902,15.6662,13.0086,8.44531,3.39472,4.60806,4.97296,-18.1244,-15.8628,-4.34872,-7.53433,-1.29121,-9.62917,12.2695,12.2695,8.17969,4.08985,4.08985,4.08985
10.3952,15.6391,12.996,8.42646,3.34964,4.67326,4.94244,-18.1941,-15.5701,-5.69941,-4.03401,-0.672329,-10.0204,12.2014,12.2014,8.13426,4.06713,4.06713,4.06713
10.4002,15.6312,12.9545,8.41011,3.22352,4.71245,4.9399,-18.1252,-15.5012,-5.65347,-4.01104,-0.649361,-9.99748,12.1325,12.1325,8.08832,4.04416,4.04416,4.04416
10.4052,15.5865,12.9346,8.39102,3.11242,4.73071,4.92302,-16.9681,-16.4284,-4.87345,-4.37698,-0.584745,-9.65134,12.0628,12.0628,8.04189,4.02094,4.02094,4.02094
10.4101,15.5136,12.9162,8.36347,3.01846,4.80699,4.89009,-16.7376,-15.4335,-4.93405,-3.98967,-1.80375,-9.51243,11.9939,11.9939,7.9959,3.99795,3.99795,3.99795
10.4152,15.4355,12.9039,8.3449,2.9229,4.85443,4.88221,-16.5272,-16.2592,-5.35594,-3.61773,-0.338849,-9.97677,11.9213,11.9213,7.94754,3.97377,3.97377,3.97377
10.4202,15.3645,12.8836,8.32115,2.81004,4.90876,4.87945,-16.3292,-15.1748,-4.92973,-2.33521,-2.25241,-9.47257,11.8494,11.8494,7.89962,3.94981,3.94981,3.94981
10.4255,15.2931,12.8432,8.28225,2.73155,4.94304,4.88369,-16.1262,-14.4241,-4.36009,-4.45407,-0.165032,-9.81123,11.7725,11.7725,7.8483,3.92415,3.92415,3.92415
10.4303,15.2322,12.8146,8.24418,2.68985,4.88024,4.85049,-16.1858,-15.5751,-4.60366,-3.24656,-0.630078,-8.57888,11.702,11.702,7.80136,3.90068,3.90068,3.90068
10.4352,15.1952,12.7867,8.20292,2.67308,4.75251,4.66978,-16.4875,-14.4505,-4.22296,-4.18285,0.942473,-6.67513,11.6295,11.6295,7.75297,3.87649,3.87649,3.87649
10.4402,15.2176,12.7631,8.14054,2.80106,4.46699,4.58472,-18.1069,-15.4514,-2.59099,-8.65396,2.61512,-9.94564,11.5547,11.5547,7.70313,3.85156,3.85156,3.85156
10.4454,15.3245,12.7573,8.06102,3.02176,4.22665,4.70036,-20.0851,-16.4485,-3.07787,-9.00867,0.372566,-10.615,11.4762,11.4762,7.65079,3.82539,3.82539,3.82539
10.4503,15.3797,12.7332,7.99883,3.12509,4.11736,4.85918,-17.6582,-14.3013,-3.57148,-6.93862,1.24202,-11.592,11.4015,11.4015,7.601,3.8005,3.8005,3.8005
10.4555,15.3456,12.7033,7.95792,3.19352,3.98504,4.91893,-17.2551,-16.085,-4.70109,-8.54311,1.39289,-8.81635,11.3215,11.3215,7.54767,3.77383,3.77383,3.77383
10.4603,15.3132,12.6898,7.92652,3.24184,3.83023,4.85016,-18.1499,-15.6992,-3.89901,-7.32596,2.35336,-9.28832,11.247,11.247,7.49799,3.749,3.749,3.749
10.4655,15.2693,12.6716,7.89206,3.23282,3.74195,4.76425,-17.0125,-15.8305,-4.58458,-6.00713,0.351911,-8.64017,11.1655,11.1655,7.4437,3.72185,3.72185,3.72185
10.4704,15.2003,12.6477,7.86791,3.16601,3.76219,4.6412,-17.4473,-14.5947,-4.26335,-5.34376,0.89108,-8.06788,11.0881,11.0881,7.39208,3.69604,3.69604,3.69604
10.4752,15.147,12.6148,7.83453,3.13768,3.80121,4.58367,-17.426,-15.0265,-3.81944,-7.63667,0.0471739,-9.52451,11.0116,11.0116,7.34109,3.67055,3.67055,3.67055
10.4803,15.0829,12.5822,7.80988,3.14135,3.85928,4.55999,-16.8751,-14.8342,-5.1254,-6.65715,0.38913,-8.56983,10.9297,10.9297,7.28646,3.64323,3.64323,3.64323
10.4853,15.0286,12.548,7.78049,3.10533,3.86254,4.57584,-17.4718,-14.7611,-3.38684,-5.66966,0.987458,-9.9173,10.8487,10.8487,7.23244,3.61622,3.61622,3.61622
10.4903,14.9515,12.5197,7.74975,3.05394,3.92609,4.62484,-15.9599,-14.9788,-4.7494,-5.67555,-0.790351,-9.46779,10.767,10.767,7.17798,3.58899,3.58899,3.58899
10.4953,14.8576,12.4803,7.72154,3.01789,3.96272,4.60896,-16.441,-13.549,-3.68503,-6.03726,1.15806,-8.61234,10.6846,10.6846,7.12308,3.56154,3.56154,3.56154
10.5002,14.7774,12.4365,7.68356,2.97041,3.98935,4.60139,-16.0168,-14.4881,-3.85443,-5.0331,-0.445983,-9.69474,10.6033,10.6033,7.06885,3.53442,3.53442,3.53442
10.5055,14.6752,12.392,7.63519,2.86183,3.99742,4.60905,-15.9557,-12.851,-2.7503,-3.95198,1.15678,-8.7875,10.5146,10.5146,7.00972,3.50486,3.50486,3.50486
10.5104,14.5765,12.3331,7.56861,2.72614,4.01647,4.54279,-15.5776,-13.2017,-2.30645,-3.51871,-0.612427,-8.19691,10.4319,10.4319,6.95461,3.47731,3.47731,3.47731
10.5153,14.4815,12.2687,7.51047,2.63144,4.0564,4.40225,-15.7307,-12.3738,-3.48613,-5.39535,0.632489,-7.22523,10.3487,10.3487,6.8991,3.44955,3.44955,3.44955
10.5204,14.4238,12.1936,7.45422,2.60686,3.98196,4.30678,-16.8136,-12.6923,-2.71523,-6.1694,1.4482,-8.96804,10.2613,10.2613,6.84089,3.42044,3.42044,3.42044
10.5253,14.3501,12.1322,7.40547,2.5735,3.93756,4.25761,-15.1255,-12.5684,-3.55132,-5.18075,0.0273669,-7.98767,10.1768,10.1768,6.78455,3.39227,3.39227,3.39227
10.5303,14.2632,12.0826,7.35765,2.50784,3.81291,4.24879,-16.0315,-13.1316,-2.39616,-4.39832,3.03712,-9.32492,10.09,10.09,6.72664,3.36332,3.36332,3.36332
10.5352,14.2188,12.0432,7.30655,2.49475,3.66635,4.33472,-16.4225,-14.2791,-3.35893,-6.54738,1.13646,-10.2071,10.0042,10.0042,6.66949,3.33474,3.33474,3.33474
10.5402,14.1592,12.0194,7.27509,2.54352,3.57056,4.40487,-15.5622,-13.2415,-3.25631,-7.61926,2.0435,-8.86954,9.91614,9.91614,6.61076,3.30538,3.30538,3.30538
10.5453,14.087,11.9668,7.24189,2.5504,3.51245,4.43281,-15.7829,-12.8319,-3.81045,-5.22102,0.831659,-9.51006,9.82566,9.82566,6.55044,3.27522,3.27522,3.27522
10.5503,14.0071,11.9273,7.2164,2.50193,3.46614,4.36753,-15.1302,-13.0696,-3.22841,-5.26577,1.82191,-7.05425,9.73634,9.73634,6.4909,3.24545,3.24545,3.24545
10.5553,13.9424,11.8927,7.16783,2.50705,3.36569,4.3131,-16.0804,-13.7558,-2.25304,-6.62684,1.99264,-9.52484,9.64643,9.64643,6.43095,3.21548,3.21548,3.21548
10.5604,13.8941,11.859,7.10557,2.54945,3.25617,4.31145,-15.3814,-13.1159,-2.12043,-6.7037,2.05654,-8.13614,9.5541,9.5541,6.3694,3.1847,3.1847,3.1847
10.5653,13.8267,11.8253,7.05349,2.53975,3.18599,4.27186,-15.4733,-13.4875,-2.81957,-4.94342,1.49014,-8.66942,9.46481,9.46481,6.30987,3.15494,3.15494,3.15494
10.5703,13.7475,11.7853,6.99101,2.46612,3.12799,4.20238,-14.9955,-12.7221,-1.4313,-4.23389,2.03407,-7.71149,9.37312,9.37312,6.24875,3.12437,3.12437,3.12437
10.5753,13.6416,11.735,6.93,2.39722,3.11474,4.10334,-14.5368,-12.6023,-2.9143,-5.34578,0.847661,-7.8215,9.28086,9.28086,6.18724,3.09362,3.09362,3.09362
10.5803,13.5446,11.6965,6.88901,2.36869,3.08933,4.07429,-15.1098,-13.0689,-2.50965,-5.99379,2.26137,-8.89179,9.18802,9.18802,6.12535,3.06267,3.06267,3.06267
10.5852,13.4481,11.6527,6.83183,2.2884,3.07287,4.1004,-14.5022,-12.6267,-1.84462,-3.57036,0.826317,-8.81988,9.09649,9.09649,6.06433,3.03216,3.03216,3.03216
10.5902,13.3651,11.6083,6.76765,2.18647,3.04985,4.12806,-15.4602,-12.1506,-1.57507,-4.52436,2.18244,-8.8548,9.00253,9.00253,6.00169,3.00084,3.00084,3.00084
10.5952,13.2849,11.558,6.70474,2.12927,3.00586,4.15251,-14.4871,-12.2649,-1.7545,-4.94826,1.70058,-8.73222,8.90802,8.90802,5.93868,2.96934,2.96934,2.96934
10.6002,13.203,11.4993,6.63718,2.10955,2.98734,4.11412,-15.117,-11.4449,-1.31493,-5.67006,1.59978,-7.67382,8.81297,8.81297,5.87531,2.93766,2.93766,2.93766
10.6052,13.099,11.4453,6.57339,2.07858,2.9303,4.02648,-13.7566,-12.5864,-1.95135,-4.85159,2.51761,-7.73303,8.71736,8.71736,5.81158,2.90579,2.90579,2.90579
10.6102,12.9726,11.4101,6.51453,2.01559,2.88867,3.93207,-14.0781,-12.4233,-1.09723,-4.36414,1.6637,-7.07998,8.62122,8.62122,5.74748,2.87374,2.87374,2.87374
10.6152,12.8918,11.3844,6.47161,1.96167,2.9428,3.86557,-15.0531,-12.5394,-2.68179,-5.19304,0.735443,-8.12416,8.52455,8.52455,5.68303,2.84152,2.84152,2.84152
10.6202,12.8008,11.338,6.43006,1.91565,2.98134,3.82929,-13.6754,-11.0238,-1.3212,-4.73836,2.26652,-7.50388,8.42735,8.42735,5.61824,2.80912,2.80912,2.80912
10.6252,12.7111,11.2839,6.38084,1.9094,2.94851,3.75323,-14.6415,-11.6589,-2.01263,-6.33694,2.00102,-7.31398,8.32963,8.32963,5.55309,2.77654,2.77654,2.77654
10.6302,12.6262,11.238,6.33238,1.93267,2.87293,3.6558,-14.1808,-11.4977,-1.26371,-6.47808,2.95284,-6.66024,8.2314,8.2314,5.4876,2.7438,2.7438,2.7438
10.6354,12.557,11.1899,6.26597,1.98941,2.8506,3.69039,-15.0986,-11.9229,-0.722906,-7.84317,1.26483,-9.61509,8.1287,8.1287,5.41914,2.70957,2.70957,2.70957
10.6402,12.5208,11.1323,6.1892,2.06558,2.91818,3.86587,-15.0033,-11.8276,-0.659385,-7.81141,1.29659,-9.58333,8.03342,8.03342,5.35562,2.67781,2.67781,2.67781
10.6454,12.4553,11.1082,6.1321,2.10976,2.83868,4.01012,-14.604,-10.9753,-0.705178,-6.64247,3.53365,-8.91947,7.92969,7.92969,5.28646,2.64323,2.64323,2.64323
10.6505,12.3706,11.029,6.05459,2.0824,2.69103,4.0765,-14.5018,-10.8731,-0.637007,-6.60838,3.56774,-8.88538,7.82743,7.82743,5.21829,2.60914,2.60914,2.60914
10.6555,12.2584,10.964,5.98918,2.01331,2.60591,3.96099,-14.0898,-9.85823,-0.417279,-5.60604,2.45868,-5.7468,7.72669,7.72669,5.15113,2.57556,2.57556,2.57556
10.6603,12.1332,10.8951,5.92586,1.9233,2.55666,3.77305,-14.0517,-10.49,-0.651377,-6.00422,2.93818,-7.3373,7.62954,7.62954,5.08636,2.54318,2.54318,2.54318
10.6652,11.9825,10.8302,5.87351,1.78639,2.50802,3.65633,-12.8804,-9.38959,-1.02386,-4.00865,2.50771,-7.00601,7.52991,7.52991,5.01994,2.50997,2.50997,2.50997
10.6702,11.8063,10.7285,5.80651,1.58231,2.57403,3.5495,-12.6562,-8.55463,-0.232638,-3.05553,1.00167,-7.02165,7.42779,7.42779,4.95186,2.47593,2.47593,2.47593
10.6752,11.6706,10.6493,5.7483,1.42315,2.65247,3.4121,-13.5071,-9.96107,-0.858131,-3.9901,2.21162,-5.92762,7.32521,7.32521,4.88347,2.44174,2.44174,2.44174
10.6803,11.5455,10.5834,5.69792,1.32235,2.69091,3.32861,-12.6731,-9.59199,-0.733727,-4.24486,1.78298,-7.8301,7.22011,7.22011,4.81341,2.4067,2.4067,2.4067
10.6853,11.4143,10.514,5.64924,1.2351,2.80008,3.32705,-12.5735,-9.24816,-0.721166,-3.66389,0.765912,-7.19945,7.11662,7.11662,4.74442,2.37221,2.37221,2.37221
10.6903,11.2873,10.45,5.59499,1.17595,2.82161,3.27546,-12.3435,-9.5737,0.00228702,-4.95405,3.34251,-6.61833,7.0127,7.0127,4.67513,2.33757,2.33757,2.33757
10.6953,11.168,10.3894,5.5299,1.16274,2.68994,3.24181,-12.4953,-8.47646,0.498219,-5.29186,3.32762,-7.32046,6.90834,6.90834,4.60556,2.30278,2.30278,2.30278
10.7002,11.0569,10.3101,5.46198,1.12291,2.65132,3.24741,-12.2113,-9.00024,-0.0519656,-3.65959,2.04533,-7.34419,6.80566,6.80566,4.53711,2.26855,2.26855,2.26855
10.7052,10.9384,10.2532,5.40873,1.05644,2.54929,3.28394,-12.0234,-9.56878,-0.458356,-3.75701,4.21663,-7.82249,6.70046,6.70046,4.46698,2.23349,2.23349,2.23349
10.7104,10.7949,10.195,5.35875,1.00904,2.3917,3.2599,-11.6417,-9.33286,-0.429018,-4.68915,3.40869,-6.29547,6.59062,6.59062,4.39375,2.19687,2.19687,2.19687
10.7152,10.6923,10.143,5.30058,0.984144,2.37183,3.1802,-12.6786,-9.77874,0.606506,-4.42339,1.95221,-6.61759,6.48884,6.48884,4.32589,2.16295,2.16295,2.16295
10.7202,10.5922,10.0945,5.24396,0.948588,2.3503,3.17166,-11.7605,-9.49109,-0.43443,-4.32996,3.76788,-7.69164,6.38243,6.38243,4.25495,2.12748,2.12748,2.12748
10.7253,10.5139,10.0276,5.18484,0.946338,2.22816,3.09969,-13.3576,-8.13316,0.712463,-6.09868,3.97808,-5.3866,6.27348,6.27348,4.18232,2.09116,2.09116,2.09116
10.7305,10.4566,9.9609,5.10689,0.946597,2.12575,2.99709,-12.6275,-9.56614,0.953996,-4.94371,3.42737,-7.03027,6.16198,6.16198,4.10798,2.05399,2.05399,2.05399
10.7354,10.3877,9.90818,5.02281,0.902597,2.02229,2.90243,-12.6324,-8.90909,1.77042,-3.95636,4.38988,-5.14868,6.05653,6.05653,4.03769,2.01884,2.01884,2.01884
10.7403,10.3004,9.85368,4.96731,0.859985,1.9708,2.77437,-11.5416,-8.07045,-0.650324,-4.40962,2.7029,-5.9497,5.95073,5.95073,3.96715,1.98358,1.98358,1.98358
10.7453,10.1817,9.76149,4.92733,0.836014,2.07613,2.79153,-11.5712,-7.50509,-0.325217,-5.06903,1.61293,-7.80143,5.84241,5.84241,3.89494,1.94747,1.94747,1.94747
10.7504,10.0678,9.68835,4.88368,0.830352,2.10347,2.80358,-11.9095,-8.49742,0.214761,-5.42951,4.04281,-5.95115,5.73154,5.73154,3.82103,1.91051,1.91051,1.91051
10.7552,9.98239,9.64527,4.83175,0.816962,2.10064,2.84159,-12.2461,-9.09407,1.06621,-4.99718,2.16502,-8.11874,5.62687,5.62687,3.75124,1.87562,1.87562,1.87562
10.7602,9.8694,9.59746,4.76121,0.78736,2.06705,2.89473,-10.9862,-8.51189,1.37948,-5.4658,4.49504,-6.26896,5.51749,5.51749,3.67832,1.83916,1.83916,1.83916
10.7654,9.73586,9.52988,4.67817,0.745269,1.955,2.81651,-11.5419,-8.45687,1.50153,-4.42588,3.79616,-5.75896,5.40337,5.40337,3.60225,1.80112,1.80112,1.80112
10.7705,9.60523,9.46945,4.6013,0.703177,1.90283,2.7111,-10.6889,-7.17442,2.05081,-4.6203,3.48582,-5.30754,5.2911,5.2911,3.5274,1.7637,1.7637,1.7637
10.7752,9.45959,9.39999,4.54146,0.650702,1.91557,2.56187,-10.4591,-7.33069,0.550397,-3.88191,2.97393,-4.69335,5.18733,5.18733,3.45822,1.72911,1.72911,1.72911
10.7803,9.3151,9.32468,4.49452,0.587113,1.9437,2.5039,-11.1972,-7.0523,0.784515,-4.19203,3.25997,-7.07347,5.07442,5.07442,3.38295,1.69147,1.69147,1.69147
10.7853,9.20462,9.22528,4.43522,0.529757,1.96813,2.57459,-11.0862,-6.94128,0.858528,-4.15503,3.29697,-7.03647,4.9634,4.9634,3.30893,1.65447,1.65447,1.65447
10.7904,9.07747,9.18313,4.39462,0.477057,1.98519,2.58026,-10.6101,-7.55268,1.45046,-4.36557,2.70555,-5.75661,4.84984,4.84984,3.23323,1.61661,1.61661,1.61661
10.7952,8.94652,9.09954,4.32183,0.416514,2.05387,2.51557,-10.503,-7.44552,1.5219,-4.32985,2.74127,-5.72089,4.74268,4.74268,3.16179,1.58089,1.58089,1.58089
10.8003,8.80738,9.02912,4.26083,0.340715,2.05612,2.45847,-10.3415,-6.23211,1.40363,-4.03512,3.58248,-5.92296,4.62853,4.62853,3.08569,1.54284,1.54284,1.54284
10.8053,8.71979,8.96194,4.19286,0.352716,2.07209,2.32796,-12.1914,-7.79835,2.19948,-7.4836,2.29508,-4.03084,4.51633,4.51633,3.01089,1.50544,1.50544,1.50544
10.8103,8.6437,8.87469,4.10914,0.35409,2.02687,2.23199,-10.8379,-4.62843,2.49601,-4.22519,4.77517,-6.30347,4.40385,4.40385,2.9359,1.46795,1.46795,1.46795
10.8153,8.52503,8.79029,4.03714,0.28662,1.90927,2.2204,-10.5596,-7.47856,1.67666,-4.68441,3.95991,-5.45445,4.2911,4.2911,2.86073,1.43037,1.43037,1.43037
10.8202,8.39079,8.72678,3.96232,0.214726,1.8576,2.18931,-10.0982,-6.07942,3.14871,-4.32457,3.71531,-5.69905,4.18034,4.18034,2.78689,1.39345,1.39345,1.39345
10.8253,8.25811,8.6278,3.87184,0.178003,1.71292,2.12487,-10.4358,-4.55336,2.66143,-5.73505,5.93147,-4.81597,4.0648,4.0648,2.70987,1.35493,1.35493,1.35493
10.8303,8.14612,8.53676,3.7834,0.180566,1.54698,2.13264,-10.6453,-5.82672,3.67971,-5.56473,4.54515,-7.03857,3.95128,3.95128,2.63418,1.31709,1.31709,1.31709
10.8353,7.99596,8.4549,3.70205,0.156152,1.50463,2.17644,-9.28259,-5.54353,2.21313,-5.55993,3.90411,-5.46885,3.83751,3.83751,2.55834,1.27917,1.27917,1.27917
10.8404,7.81312,8.3657,3.63473,0.110114,1.42763,2.12968,-9.45786,-5.0096,2.75046,-5.28933,5.60715,-5.27277,3.72122,3.72122,2.48081,1.24041,1.24041,1.24041
10.8453,7.65562,8.29739,3.57003,0.0450053,1.32309,2.13272,-9.49563,-6.22937,2.74776,-4.80489,4.75851,-6.29529,3.60927,3.60927,2.40618,1.20309,1.20309,1.20309
10.8502,7.49942,8.22185,3.49209,-0.0135078,1.21868,2.12112,-8.99734,-5.13614,3.60838,-4.70954,6.18694,-4.9331,3.4971,3.4971,2.3314,1.1657,1.1657,1.1657
10.8552,7.3688,8.13612,3.42231,-0.0627301,1.10758,1.98468,-9.97405,-4.47775,2.31588,-4.64648,4.7596,-3.77708,3.38243,3.38243,2.25495,1.12748,1.12748,1.12748
10.8604,7.27669,8.03325,3.34079,-0.0517247,1.08746,1.83117,-10.4574,-5.00049,3.81882,-6.61869,4.54275,-4.36653,3.26295,3.26295,2.1753,1.08765,1.08765,1.08765
10.8652,7.1945,7.96527,3.26701,-0.0517612,1.04418,1.78827,-10.0199,-5.78045,3.05647,-5.02522,5.44898,-5.58826,3.15247,3.15247,2.10165,1.05082,1.05082,1.05082
10.8703,7.06199,7.88793,3.21088,-0.0959038,1.01226,1.75299,-8.85427,-4.06323,2.46815,-5.15163,4.37037,-4.42299,3.03489,3.03489,2.02326,1.01163,1.01163,1.01163
10.8753,6.94308,7.81735,3.16063,-0.144995,1.03876,1.64394,-10.1808,-6.00444,2.84609,-4.4673,4.45854,-4.1361,2.91942,2.91942,1.94628,0.973141,0.973141,0.973141
10.8803,6.84823,7.75826,3.09937,-0.187771,1.0513,1.56061,-9.1984,-5.18748,3.35164,-4.46187,4.53849,-4.61919,2.80378,2.80378,1.86918,0.934592,0.934592,0.934592
10.8853,6.75745,7.66965,3.01674,-0.175736,1.02938,1.49695,-10.4261,-3.55476,4.18752,-6.33595,5.03249,-4.16659,2.68796,2.68796,1.79197,0.895986,0.895986,0.895986
10.8903,6.62957,7.59071,2.93263,-0.184696,1.05144,1.44769,-7.87915,-5.00295,4.16661,-3.9292,3.57248,-4.9228,2.57197,2.57197,1.71465,0.857324,0.857324,0.857324
10.8953,6.43886,7.51655,2.86156,-0.241196,1.02849,1.42375,-7.57389,-4.41007,3.21785,-4.52805,5.97099,-4.50321,2.45583,2.45583,1.63722,0.81861,0.81861,0.81861
10.9004,6.23335,7.43119,2.79793,-0.320786,0.957624,1.45193,-7.06127,-3.97231,3.5331,-3.11403,4.60293,-5.84643,2.33721,2.33721,1.55814,0.779069,0.779069,0.779069
10.9053,6.0309,7.32667,2.73401,-0.445127,0.885892,1.46843,-7.19144,-2.51466,3.07414,-2.30595,6.09825,-4.40907,2.2231,2.2231,1.48206,0.741032,0.741032,0.741032
10.9104,5.86322,7.2192,2.67362,-0.561578,0.826467,1.36907,-7.37591,-3.87325,3.35823,-2.77968,4.77168,-3.60768,2.10419,2.10419,1.40279,0.701396,0.701396,0.701396
10.9153,5.7047,7.10934,2.59997,-0.650001,0.840948,1.23771,-7.26153,-3.75887,3.43448,-2.74155,4.80981,-3.56955,1.98981,1.98981,1.32654,0.663271,0.663271,0.663271
10.9203,5.52977,7.02338,2.53474,-0.756009,0.882442,1.15134,-6.28579,-3.08257,3.93245,-1.70073,3.72267,-4.29237,1.87299,1.87299,1.24866,0.624328,0.624328,0.624328
10.9253,5.38523,6.92242,2.47658,-0.805862,0.921441,1.143,-7.57542,-3.30446,2.45964,-4.01327,4.97053,-4.57631,1.75604,1.75604,1.17069,0.585347,0.585347,0.585347
10.9305,5.25566,6.81893,2.41104,-0.783167,0.881907,1.17857,-6.55536,-3.34426,4.18771,-4.41981,5.02767,-5.17329,1.6343,1.6343,1.08954,0.544768,0.544768,0.544768
10.9354,5.12766,6.73929,2.36243,-0.773506,0.983639,1.10457,-6.79121,-3.96229,2.05931,-4.16626,2.11826,-2.71726,1.51949,1.51949,1.01299,0.506497,0.506497,0.506497
10.9403,5.0686,6.65313,2.27874,-0.628457,0.952975,1.01091,-9.24125,-2.76783,6.78616,-9.94052,7.18252,-4.50056,1.40459,1.40459,0.936392,0.468196,0.468196,0.468196
10.9453,5.15234,6.5639,2.15807,-0.376553,0.661866,1.03799,-12.603,-3.85613,5.10878,-9.24728,7.56112,-4.98308,1.28725,1.28725,0.858169,0.429084,0.429084,0.429084
10.9502,5.17417,6.49034,2.07655,-0.265951,0.474339,1.01429,-8.16963,-2.89397,4.94932,-6.84913,6.30779,-3.19765,1.17219,1.17219,0.781459,0.39073,0.39073,0.39073
10.9553,5.04771,6.3959,1.99032,-0.176922,0.367391,0.863643,-8.10889,-2.23435,5.33435,-9.48362,6.23182,-2.47046,1.05235,1.05235,0.701569,0.350785,0.350785,0.350785
10.9603,4.90211,6.30711,1.90446,-0.0561873,0.329032,0.7608,-7.38852,-1.841,5.9185,-9.22088,5.4844,-3.81404,0.934803,0.934803,0.623202,0.311601,0.311601,0.311601
10.9653,4.72633,6.21662,1.82036,-0.0456655,0.39514,0.787608,-7.52307,-2.64929,5.3072,-6.63144,4.93572,-4.68564,0.817195,0.817195,0.544796,0.272398,0.272398,0.272398
10.9703,4.53743,6.14315,1.74634,-0.11144,0.460164,0.80275,-6.06188,-1.55058,6.05862,-5.0687,5.18194,-3.54518,0.699536,0.699536,0.466357,0.233179,0.233179,0.233179
10.9753,4.33677,6.05034,1.66227,-0.256753,0.445197,0.71912,-7.01191,-1.44469,5.94481,-3.58874,6.56254,-2.8187,0.581834,0.581834,0.387889,0.193945,0.193945,0.193945
10.9803,4.15854,5.93861,1.59249,-0.406016,0.356569,0.5984,-6.6302,0.217524,5.04518,-4.49342,6.77566,-2.6387,0.464096,0.464096,0.309397,0.154699,0.154699,0.154699
10.9853,3.96602,5.84181,1.53376,-0.523091,0.276547,0.479549,-6.67397,-2.71427,5.06935,-4.91784,6.30156,-2.83128,0.34633,0.34633,0.230887,0.115443,0.115443,0.115443
10.9904,3.80658,5.75827,1.45541,-0.62014,0.166934,0.449859,-7.41669,-1.12845,6.53721,-5.20072,7.61672,-4.12432,0.226186,0.226186,0.150791,0.0753954,0.0753954,0.0753954
10.9954,3.67087,5.64577,1.36456,-0.659269,-0.0133523,0.479314,-6.78274,0.325016,6.04099,-5.63341,7.64771,-3.52201,0.108384,0.108384,0.072256,0.036128,0.036128,0.036128
11.0003,3.52422,5.52715,1.26811,-0.664711,-0.136462,0.468021,-6.52939,-0.875491,7.03965,-6.36496,6.97412,-3.37588,-0.00706858,-0.00706858,-0.00471239,-0.00235619,-0.00235619,-0.00235619
11.0052,3.39353,5.44273,1.18587,-0.676023,-0.205861,0.413819,-6.79218,-0.858539,6.22001,-5.39084,7.04572,-2.69984,-0.122521,-0.122521,-0.0816805,-0.0408403,-0.0408403,-0.0408403
11.0102,3.25866,5.33982,1.10943,-0.698838,-0.191798,0.337532,-6.74924,-0.535858,6.09581,-6.27065,5.76019,-3.00833,-0.240322,-0.240322,-0.160214,-0.0801072,-0.0801072,-0.0801072
11.0152,3.10911,5.27241,1.04495,-0.729561,-0.132613,0.269114,-5.91437,-2.46687,5.96325,-5.47791,5.99817,-2.88627,-0.358108,-0.358108,-0.238738,-0.119369,-0.119369,-0.119369
11.0202,2.95939,5.20499,0.972962,-0.785124,-0.0506252,0.231875,-6.75797,-1.29713,6.66458,-5.82782,5.55718,-3.2693,-0.475871,-0.475871,-0.317248,-0.158624,-0.158624,-0.158624
11.0252,2.81912,5.12452,0.90537,-0.815321,-0.0330463,0.227111,-6.27381,-0.261374,5.90707,-7.03057,6.88811,-3.28801,-0.593606,-0.593606,-0.395737,-0.197869,-0.197869,-0.197869
11.0303,2.64006,5.02391,0.847803,-0.84638,-0.0873991,0.162198,-5.46032,0.130537,5.91186,-6.08803,7.07717,-2.07223,-0.713657,-0.713657,-0.475772,-0.237886,-0.237886,-0.237886
11.0354,2.43981,4.89771,0.777087,-0.888491,-0.134682,0.0454183,-5.34032,0.250543,5.99187,-6.04803,7.11717,-2.03223,-0.833663,-0.833663,-0.555775,-0.277888,-0.277888,-0.277888
11.0402,2.29298,4.83777,0.729106,-0.884558,-0.225835,-0.0307499,-5.66476,-1.38198,6.29285,-6.90464,7.50256,-2.45,-0.946561,-0.946561,-0.631041,-0.31552,-0.31552,-0.31552
11.0453,2.11664,4.74608,0.650962,-0.87812,-0.306291,-0.0925646,-5.54486,-1.26208,6.37278,-6.86467,7.54253,-2.41003,-1.06646,-1.06646,-0.71097,-0.355485,-0.355485,-0.355485
11.0502,1.96625,4.66445,0.589157,-0.863644,-0.397916,-0.151511,-5.57552,0.933364,6.42654,-7.1575,7.47326,-2.38822,-1.18158,-1.18158,-0.787723,-0.393861,-0.393861,-0.393861
11.0552,1.82613,4.5989,0.534663,-0.884046,-0.504926,-0.159538,-5.17443,-1.03349,6.76397,-5.62796,7.8022,-3.293,-1.29899,-1.29899,-0.865993,-0.432997,-0.432997,-0.432997
11.0603,1.64265,4.50496,0.449631,-0.943293,-0.587823,-0.108479,-5.05476,-0.913818,6.84375,-5.58807,7.84209,-3.25311,-1.41866,-1.41866,-0.945775,-0.472887,-0.472887,-0.472887
11.0653,1.49035,4.43734,0.384788,-0.946225,-0.639095,-0.091397,-4.95722,0.641518,7.0912,-6.89863,6.80477,-2.49367,-1.5359,-1.5359,-1.02393,-0.511966,-0.511966,-0.511966
11.0703,1.31321,4.31464,0.296306,-0.950639,-0.602705,-0.125293,-4.84008,0.75866,7.1693,-6.85959,6.84381,-2.45463,-1.65304,-1.65304,-1.10203,-0.551013,-0.551013,-0.551013
11.0752,1.19052,4.22745,0.211343,-0.972808,-0.601859,-0.140307,-5.80494,0.207501,8.25105,-6.31627,7.08077,-2.92975,-1.76774,-1.76774,-1.17849,-0.589247,-0.589247,-0.589247
11.0804,1.03364,4.13152,0.105557,-0.945016,-0.705996,-0.229388,-4.10733,0.490649,8.21718,-8.3623,8.88494,-1.16698,-1.88935,-1.88935,-1.25957,-0.629783,-0.629783,-0.629783
11.0853,0.90283,4.03548,0.0234664,-0.902727,-0.767694,-0.402919,-6.16773,1.69257,7.59334,-7.66174,6.91934,-0.913538,-2.00383,-2.00383,-1.33588,-0.667942,-0.667942,-0.667942
11.0903,0.801974,3.95478,-0.04349,-0.924102,-0.703687,-0.466792,-4.51838,0.973976,8.12049,-5.37896,6.21304,-2.99432,-2.12052,-2.12052,-1.41368,-0.706839,-0.706839,-0.706839
11.0953,0.619737,3.84388,-0.135914,-1.02753,-0.575499,-0.411667,-4.40182,1.09054,8.19819,-5.34011,6.25189,-2.95547,-2.23708,-2.23708,-1.49138,-0.745692,-0.745692,-0.745692
11.1003,0.436557,3.75091,-0.215388,-1.10403,-0.579425,-0.361349,-3.62348,1.58126,8.22356,-6.1293,8.28618,-2.79246,-2.3535,-2.3535,-1.569,-0.784499,-0.784499,-0.784499
11.1052,0.283832,3.68978,-0.280938,-1.10463,-0.697744,-0.360103,-4.05719,0.725971,8.38522,-7.9212,8.24136,-1.99272,-2.46745,-2.46745,-1.64497,-0.822484,-0.822484,-0.822484
11.1102,0.0968705,3.59488,-0.369137,-1.09173,-0.778049,-0.40448,-3.94106,0.842099,8.46264,-7.88249,8.28007,-1.95401,-2.58358,-2.58358,-1.72239,-0.861193,-0.861193,-0.861193
11.1155,-0.0422887,3.51257,-0.438686,-1.0815,-0.903377,-0.485248,-5.24442,1.33932,7.79427,-7.66763,8.83441,-1.28375,-2.7065,-2.7065,-1.80433,-0.902167,-0.902167,-0.902167
11.1203,-0.163013,3.42163,-0.501911,-1.05356,-0.985614,-0.573537,-3.88034,2.79008,8.59988,-8.2433,8.08486,-1.60274,-2.81766,-2.81766,-1.87844,-0.939221,-0.939221,-0.939221
11.1253,-0.305848,3.31124,-0.57793,-1.04159,-1.05867,-0.696543,-4.23751,2.66931,8.58291,-6.60672,8.44632,-0.512638,-2.93329,-2.93329,-1.95552,-0.977762,-0.977762,-0.977762
11.1302,-0.451598,3.2149,-0.645244,-1.11572,-1.0637,-0.860265,-3.53732,2.23872,8.46606,-5.21109,7.09299,-0.524605,-3.04642,-3.04642,-2.03095,-1.01547,-1.01547,-1.01547
11.1353,-0.642005,3.09752,-0.72607,-1.22988,-0.971596,-1.01912,-3.41975,2.35629,8.54443,-5.1719,7.13218,-0.485418,-3.16399,-3.16399,-2.10932,-1.05466,-1.05466,-1.05466
11.1402,-0.788669,3.01623,-0.777341,-1.26863,-0.879284,-1.14131,-3.29911,2.81577,7.9947,-7.11323,6.41629,-0.787311,-3.27675,-3.27675,-2.1845,-1.09225,-1.09225,-1.09225
11.1452,-0.974818,2.891,-0.843824,-1.28437,-0.730808,-1.23658,-3.18425,2.93063,8.07127,-7.07494,6.45458,-0.749023,-3.39161,-3.39161,-2.26107,-1.13054,-1.13054,-1.13054
11.1503,-1.1141,2.81017,-0.903527,-1.25134,-0.669758,-1.2793,-3.15793,2.40929,9.15244,-8.48496,7.15596,-1.5546,-3.50855,-3.50855,-2.33904,-1.16952,-1.16952,-1.16952
11.1554,-1.2929,2.69173,-0.999293,-1.19779,-0.624228,-1.26869,-3.04121,2.52601,9.23025,-8.44606,7.19486,-1.5157,-3.62527,-3.62527,-2.41685,-1.20842,-1.20842,-1.20842
11.1605,-1.36598,2.59169,-1.10507,-1.09456,-0.747756,-1.23793,-6.16734,2.30366,10.6957,-10.1211,9.95781,-1.80807,-3.74176,-3.74176,-2.49451,-1.24725,-1.24725,-1.24725
11.1652,-1.40259,2.51162,-1.19536,-0.997764,-0.974138,-1.18798,-3.75136,4.29412,10.2488,-8.91803,9.65405,-2.02075,-3.8489,-3.8489,-2.56593,-1.28297,-1.28297,-1.28297
11.1706,-1.57729,2.37032,-1.30388,-0.979727,-1.15569,-1.12467,-3.62853,4.41695,10.3307,-8.87709,9.69499,-1.97981,-3.97173,-3.97173,-2.64782,-1.32391,-1.32391,-1.32391
11.1756,-1.7376,2.27785,-1.38308,-0.961957,-1.3281,-1.07065,-3.08165,2.97807,9.9277,-9.29466,9.91498,-2.0165,-4.08521,-4.08521,-2.72347,-1.36174,-1.36174,-1.36174
11.1803,-1.8574,2.19964,-1.43563,-0.962382,-1.47423,-1.05972,-3.66077,5.68097,9.5744,-7.29678,9.36258,-1.22754,-4.19165,-4.19165,-2.79444,-1.39722,-1.39722,-1.39722
11.1852,-2.0121,2.04879,-1.51054,-1.02104,-1.55328,-1.09195,-3.55004,5.7917,9.64822,-7.25987,9.39949,-1.19063,-4.30238,-4.30238,-2.86826,-1.43413,-1.43413,-1.43413
11.1902,-2.16075,1.93228,-1.58964,-1.05321,-1.63128,-1.11852,-2.85025,3.27645,10.3065,-7.54522,9.09758,-1.29382,-4.41511,-4.41511,-2.94341,-1.4717,-1.4717,-1.4717
11.1954,-2.32429,1.83203,-1.66419,-1.08974,-1.62211,-1.14903,-2.71361,4.37839,9.4941,-6.86868,8.0022,-1.12236,-4.53205,-4.53205,-3.02137,-1.51068,-1.51068,-1.51068
11.2004,-2.46126,1.726,-1.72865,-1.12803,-1.52151,-1.19815,-2.96392,5.0658,9.97433,-7.12109,7.38547,-0.795168,-4.64422,-4.64422,-3.09614,-1.54807,-1.54807,-1.54807
11.2054,-2.5426,1.64454,-1.79696,-1.09934,-1.48094,-1.27711,-3.94343,2.88853,10.4356,-9.37734,8.62336,-0.426675,-4.75609,-4.75609,-3.17073,-1.58536,-1.58536,-1.58536
11.2102,-2.63279,1.55921,-1.88253,-1.02929,-1.4747,-1.36652,-3.8363,2.99566,10.507,-9.34163,8.65907,-0.390967,-4.86322,-4.86322,-3.24215,-1.62107,-1.62107,-1.62107
11.2152,-2.73309,1.47535,-1.9596,-0.940231,-1.42929,-1.46403,-2.27115,4.08801,10.4203,-9.38733,7.50385,-0.155149,-4.97451,-4.97451,-3.31634,-1.65817,-1.65817,-1.65817
11.2203,-2.88735,1.36541,-2.02928,-0.891293,-1.35922,-1.57667,-1.8782,5.8245,10.0568,-8.77829,8.34475,0.0481863,-5.08772,-5.08772,-3.39181,-1.69591,-1.69591,-1.69591
11.2254,-3.06769,1.25908,-2.08764,-0.915995,-1.32514,-1.72729,-1.59984,4.43624,10.0234,-7.63115,8.16709,0.756492,-5.2006,-5.2006,-3.46706,-1.73353,-1.73353,-1.73353
11.2304,-3.2074,1.1942,-2.13805,-0.960323,-1.4692,-1.97246,-1.49738,4.05802,10.4836,-7.08101,11.0356,2.34163,-5.31094,-5.31094,-3.54063,-1.77031,-1.77031,-1.77031
11.2352,-3.39912,1.10651,-2.20656,-1.04189,-1.70443,-2.26276,-1.39176,4.16364,10.554,-7.0458,11.0708,2.37684,-5.41656,-5.41656,-3.61104,-1.80552,-1.80552,-1.80552
11.2403,-3.53356,1.0119,-2.26406,-1.12302,-1.84098,-2.55084,-2.9268,5.57178,9.99325,-6.75183,8.85597,2.59629,-5.52844,-5.52844,-3.68563,-1.84281,-1.84281,-1.84281
11.2452,-3.64707,0.927269,-2.32187,-1.14013,-1.98559,-2.82798,-1.66128,3.59862,10.7523,-8.92687,11.6241,3.17021,-5.6356,-5.6356,-3.75707,-1.87853,-1.87853,-1.87853
11.2502,-3.78602,0.858631,-2.40301,-1.10052,-2.11899,-3.09285,-1.7217,4.0307,11.9452,-8.74973,8.97771,3.30591,-5.7446,-5.7446,-3.82974,-1.91487,-1.91487,-1.91487
11.2552,-3.90357,0.777257,-2.48024,-1.0605,-2.09304,-3.27642,-1.90067,6.10935,11.0207,-9.28492,8.66616,3.21792,-5.85325,-5.85325,-3.90217,-1.95108,-1.95108,-1.95108
11.2602,-4.04946,0.644954,-2.56373,-1.00975,-2.02504,-3.32344,-1.79238,6.21764,11.0929,-9.24882,8.70226,3.25402,-5.96154,-5.96154,-3.97436,-1.98718,-1.98718,-1.98718
11.2652,-4.13817,0.54551,-2.64849,-0.920177,-2.00253,-3.22472,-1.63324,4.87564,12.0803,-9.53575,8.80447,3.28999,-6.06946,-6.06946,-4.04631,-2.02315,-2.02315,-2.02315
11.2703,-4.28241,0.438032,-2.75669,-0.856298,-1.96279,-3.02209,-1.52354,4.98534,12.1534,-9.49918,8.84104,3.32656,-6.17916,-6.17916,-4.11944,-2.05972,-2.05972,-2.05972
11.2753,-4.40945,0.340155,-2.85046,-0.786952,-1.98922,-2.80613,-0.947525,5.55347,11.7901,-9.79466,9.63852,3.71832,-6.28631,-6.28631,-4.19088,-2.09544,-2.09544,-2.09544
11.2803,-4.55058,0.221178,-2.92944,-0.705909,-2.09364,-2.60075,-0.891975,7.47264,11.5206,-10.2476,10.6677,3.35647,-6.39308,-6.39308,-4.26206,-2.13103,-2.13103,-2.13103
11.2852,-4.72866,0.083857,-3.00332,-0.654732,-2.21942,-2.39978,-0.787724,7.5769,11.5901,-10.2128,10.7025,3.39122,-6.49734,-6.49734,-4.33156,-2.16578,-2.16578,-2.16578
11.2903,-4.86374,-0.0160126,-3.0633,-0.688994,-2.37592,-2.22141,-0.955425,5.79773,11.4699,-6.52531,10.9207,3.60941,-6.60543,-6.60543,-4.40362,-2.20181,-2.20181,-2.20181
11.2953,-5.03026,-0.114731,-3.1306,-0.817474,-2.50059,-2.07939,-0.849858,5.9033,11.5403,-6.49012,10.9558,3.6446,-6.711,-6.711,-4.474,-2.237,-2.237,-2.237
11.3002,-5.11061,-0.204585,-3.1938,-0.798861,-2.63594,-2.06459,-1.78696,7.14108,12.1378,-10.9435,10.808,5.87315,-6.81406,-6.81406,-4.5427,-2.27135,-2.27135,-2.27135
11.3054,-5.2244,-0.33625,-3.28112,-0.680811,-2.73406,-2.17606,-1.67804,7.25,12.2104,-10.9072,10.8443,5.90946,-6.92298,-6.92298,-4.61532,-2.30766,-2.30766,-2.30766
11.3102,-5.30586,-0.452164,-3.35852,-0.572827,-2.81505,-2.27171,-1.43607,7.35013,12.39,-10.2943,10.4803,5.84348,-7.02311,-7.02311,-4.68207,-2.34104,-2.34104,-2.34104
11.3152,-5.39816,-0.55072,-3.42362,-0.512201,-2.83561,-2.35747,-0.339307,7.37127,11.9096,-9.93674,9.34742,5.88638,-7.12699,-7.12699,-4.75133,-2.37566,-2.37566,-2.37566
11.3204,-5.58408,-0.67729,-3.4965,-0.492616,-2.76233,-2.44071,-0.231737,7.47884,11.9813,-9.90088,9.38328,5.92224,-7.23456,-7.23456,-4.82304,-2.41152,-2.41152,-2.41152
11.3253,-5.70579,-0.782571,-3.55371,-0.508333,-2.78661,-2.49735,-0.0874749,7.30003,11.6703,-7.64814,10.5761,5.6578,-7.33549,-7.33549,-4.89032,-2.44516,-2.44516,-2.44516
11.3303,-5.8818,-0.895501,-3.61084,-0.59771,-2.83289,-2.53388,0.0150592,7.40256,11.7386,-7.61396,10.6103,5.69198,-7.43802,-7.43802,-4.95868,-2.47934,-2.47934,-2.47934
11.3353,-6.01437,-0.995388,-3.66917,-0.578381,-2.82327,-2.57614,0.589934,7.82377,12.7221,-10.6601,9.1208,5.94128,-7.54009,-7.54009,-5.02673,-2.51336,-2.51336,-2.51336
11.3403,-6.21343,-1.11062,-3.74664,-0.511935,-2.71273,-2.6231,0.691545,7.92538,12.7898,-10.6263,9.15467,5.97515,-7.6417,-7.6417,-5.09447,-2.54723,-2.54723,-2.54723
11.3452,-6.39007,-1.22874,-3.80988,-0.463403,-2.62252,-2.61551,0.897045,9.17105,12.1328,-9.66582,9.17944,5.0146,-7.74083,-7.74083,-5.16055,-2.58028,-2.58028,-2.58028
11.3502,-6.51386,-1.32705,-3.8682,-0.46856,-2.66625,-2.59315,0.505216,6.65162,12.6764,-8.09217,11.1422,5.80163,-7.8415,-7.8415,-5.22766,-2.61383,-2.61383,-2.61383
11.3554,-6.69974,-1.41158,-3.94015,-0.541825,-2.77879,-2.62113,0.6094,6.7558,12.7459,-8.05744,11.177,5.83636,-7.94568,-7.94568,-5.29712,-2.64856,-2.64856,-2.64856
11.3604,-6.778,-1.4937,-4.01436,-0.557465,-2.90482,-2.75212,-1.2097,7.87594,13.7131,-9.05101,11.1605,7.85679,-8.04536,-8.04536,-5.36357,-2.68179,-2.68179,-2.68179
11.3654,-6.85715,-1.59789,-4.10703,-0.57291,-3.00215,-2.97809,-1.11052,7.97512,13.7792,-9.01795,11.1936,7.88985,-8.14454,-8.14454,-5.42969,-2.71485,-2.71485,-2.71485
11.3704,-6.95832,-1.72181,-4.1876,-0.556617,-3.01494,-3.12697,1.1394,10.2644,12.9923,-9.71366,9.23926,6.6973,-8.24322,-8.24322,-5.49548,-2.74774,-2.74774,-2.74774
11.3754,-7.09563,-1.84057,-4.25052,-0.559627,-2.90853,-3.14253,1.25727,8.20743,12.9261,-8.32304,8.62614,5.60394,-8.34139,-8.34139,-5.56093,-2.78046,-2.78046,-2.78046
11.3807,-7.29404,-1.94702,-4.31687,-0.629429,-2.73633,-3.09506,1.36077,8.31093,12.9951,-8.28854,8.66064,5.63844,-8.44489,-8.44489,-5.62992,-2.81496,-2.81496,-2.81496
11.3856,-7.4205,-2.0519,-4.37639,-0.72036,-2.62819,-3.0854,0.297574,9.49747,13.115,-6.6836,9.19744,6.28288,-8.54005,-8.54005,-5.69337,-2.84668,-2.84668,-2.84668
11.3902,-7.44897,-2.1563,-4.44428,-0.731095,-2.62524,-3.13104,-0.468526,8.97959,14.0938,-10.1813,10.2786,7.05771,-8.62893,-8.62893,-5.75262,-2.87631,-2.87631,-2.87631
11.3952,-7.5223,-2.26225,-4.52754,-0.685102,-2.65369,-3.22697,-0.372429,9.07569,14.1579,-10.1493,10.3107,7.08974,-8.72503,-8.72503,-5.81669,-2.90834,-2.90834,-2.90834
11.4002,-7.62229,-2.36477,-4.57975,-0.708591,-2.73036,-3.34824,2.85543,9.51403,12.071,-6.4576,10.6986,7.66808,-8.82059,-8.82059,-5.88039,-2.9402,-2.9402,-2.9402
11.4054,-7.84403,-2.48297,-4.62962,-0.794323,-2.81123,-3.37632,3.15518,9.44342,13.4389,-7.70807,10.4417,5.85457,-8.9194,-8.9194,-5.94626,-2.97313,-2.97313,-2.97313
11.4102,-8.06208,-2.60006,-4.69897,-0.826795,-2.8816,-3.31384,3.24585,9.53409,13.4994,-7.67784,10.4719,5.8848,-9.01007,-9.01007,-6.00671,-3.00336,-3.00336,-3.00336
11.4156,-8.22544,-2.70809,-4.77283,-0.879489,-2.96185,-3.21822,2.56319,7.13753,13.1113,-5.5492,9.893,5.2976,-9.11147,-9.11147,-6.07431,-3.03716,-3.03716,-3.03716
11.4203,-8.38808,-2.77716,-4.83225,-0.99468,-2.98066,-3.10732,2.65091,7.22525,13.1698,-5.51996,9.92224,5.32684,-9.19919,-9.19919,-6.13279,-3.0664,-3.0664,-3.0664
11.4253,-8.55701,-2.84965,-4.89522,-1.11325,-3.00014,-2.99702,2.74368,7.31802,13.2317,-5.48904,9.95316,5.35776,-9.29196,-9.29196,-6.19464,-3.09732,-3.09732,-3.09732
11.4304,-8.67743,-2.94129,-4.96099,-1.22536,-2.90975,-2.97267,1.69905,9.36235,13.5326,-5.38318,7.60814,6.86294,-9.38599,-9.38599,-6.25733,-3.12866,-3.12866,-3.12866
11.4353,-8.75921,-3.06558,-5.03728,-1.27282,-2.88073,-2.98767,3.11661,10.5081,14.0418,-7.02581,10.6106,6.04003,-9.47577,-9.47577,-6.31718,-3.15859,-3.15859,-3.15859
11.4403,-8.85803,-3.21057,-5.1098,-1.32513,-3.06472,-3.04944,2.31327,10.4494,12.8611,-4.55286,12.3549,7.13022,-9.56681,-9.56681,-6.37787,-3.18894,-3.18894,-3.18894
11.4454,-9.00503,-3.3532,-5.15846,-1.42267,-3.09958,-3.04874,4.83649,10.3486,12.1137,-5.28388,7.73228,4.98332,-9.65905,-9.65905,-6.43937,-3.21968,-3.21968,-3.21968
11.4503,-9.0503,-3.47024,-5.21867,-1.37103,-3.13097,-3.02964,-0.871205,8.29323,13.8611,-9.43597,12.0341,6.42855,-9.74709,-9.74709,-6.49806,-3.24903,-3.24903,-3.24903
11.4553,-8.8924,-3.5731,-5.33156,-1.12655,-3.3827,-3.17609,-2.89376,8.8474,16.1047,-12.4946,12.2377,8.33786,-9.83634,-9.83634,-6.55756,-3.27878,-3.27878,-3.27878
11.4603,-8.75763,-3.68204,-5.44032,-0.845586,-3.58908,-3.3766,-1.14252,10.5554,14.8722,-12.6804,11.5386,8.32601,-9.92498,-9.92498,-6.61665,-3.30833,-3.30833,-3.30833
11.4654,-8.78622,-3.80571,-5.5281,-0.661148,-3.65506,-3.57988,2.56816,10.7082,14.7753,-10.4231,10.2024,8.62917,-10.0148,-10.0148,-6.67651,-3.33825,-3.33825,-3.33825
11.4703,-8.9191,-3.90596,-5.60842,-0.638212,-3.66833,-3.67929,2.42923,9.78915,15.288,-8.0927,10.6615,6.95204,-10.1004,-10.1004,-6.73361,-3.3668,-3.3668,-3.3668
11.4754,-9.07912,-3.99199,-5.69432,-0.658077,-3.70581,-3.65302,3.01419,9.81463,15.418,-9.52049,11.0222,6.56755,-10.1889,-10.1889,-6.79262,-3.39631,-3.39631,-3.39631
11.4803,-9.22516,-4.0891,-5.77994,-0.649893,-3.742,-3.61021,2.66128,11.8178,15.9906,-9.46755,10.6032,6.69505,-10.2734,-10.2734,-6.84891,-3.42445,-3.42445,-3.42445
11.4853,-9.35933,-4.21022,-5.86756,-0.606257,-3.69657,-3.6375,2.50646,12.3959,15.8867,-11.2192,9.47252,8.0732,-10.3589,-10.3589,-6.90592,-3.45296,-3.45296,-3.45296
11.4903,-9.45913,-4.31419,-5.95329,-0.518878,-3.64123,-3.72912,1.33449,10.8535,16.3299,-11.7953,10.3288,7.8117,-10.4438,-10.4438,-6.96251,-3.48126,-3.48126,-3.48126
11.4953,-9.56091,-4.39117,-6.02906,-0.445431,-3.54734,-3.76875,3.06959,9.87003,15.3222,-9.87946,8.65122,7.13598,-10.528,-10.528,-7.01867,-3.50934,-3.50934,-3.50934
11.5002,-9.68793,-4.46357,-6.10258,-0.446607,-3.45874,-3.73816,2.61173,10.4484,16.2379,-8.53556,10.2848,6.59196,-10.6099,-10.6099,-7.07329,-3.53664,-3.53664,-3.53664
11.5054,-9.79621,-4.55723,-6.1756,-0.481446,-3.46693,-3.74591,2.61919,11.165,14.8283,-8.3992,10.504,7.86272,-10.6962,-10.6962,-7.13079,-3.5654,-3.5654,-3.5654
11.5102,-9.9001,-4.64922,-6.2258,-0.532189,-3.41594,-3.85917,2.72969,11.512,15.1756,-8.00028,9.13104,8.70048,-10.7752,-10.7752,-7.18345,-3.59172,-3.59172,-3.59172
11.5153,-9.98522,-4.75195,-6.28944,-0.566753,-3.3792,-4.02239,2.1392,11.5597,15.6784,-8.77573,10.4091,8.84415,-10.8584,-10.8584,-7.23895,-3.61947,-3.61947,-3.61947
11.5203,-10.0473,-4.83057,-6.33732,-0.585605,-3.43716,-4.10276,1.98375,9.44611,14.1042,-8.41754,10.8915,7.5215,-10.9394,-10.9394,-7.29291,-3.64646,-3.64646,-3.64646
11.5253,-10.1324,-4.90031,-6.3748,-0.673777,-3.50328,-4.12207,3.27359,10.9251,14.977,-6.51119,10.6781,7.88773,-11.0196,-11.0196,-7.34642,-3.67321,-3.67321,-3.67321
11.5302,-10.2667,-4.98071,-6.42196,-0.810978,-3.55387,-4.14816,3.3516,11.0031,15.029,-6.48519,10.7041,7.91373,-11.0976,-11.0976,-7.39842,-3.69921,-3.69921,-3.69921
11.5354,-10.3589,-5.07957,-6.48104,-0.881116,-3.65099,-4.23089,3.17362,10.6793,14.8664,-7.98963,11.0709,9.07545,-11.1797,-11.1797,-7.45313,-3.72657,-3.72657,-3.72657
11.5402,-10.4615,-5.17015,-6.53009,-0.985329,-3.70059,-4.26104,3.52844,11.96,15.1798,-4.83477,10.0527,7.12155,-11.2548,-11.2548,-7.50319,-3.75159,-3.75159,-3.75159
11.5456,-10.6035,-5.27328,-6.58066,-1.19728,-3.67011,-4.18626,3.61215,12.0437,15.2356,-4.80686,10.0806,7.14946,-11.3385,-11.3385,-7.55899,-3.7795,-3.7795,-3.7795
11.5503,-10.6655,-5.35467,-6.63223,-1.23811,-3.71555,-4.16785,2.78602,9.97652,15.3882,-9.51064,11.3715,8.05948,-11.4107,-11.4107,-7.60712,-3.80356,-3.80356,-3.80356
11.5552,-10.7343,-5.41262,-6.68618,-1.16415,-3.7995,-4.1951,2.86062,10.0511,15.4379,-9.48577,11.3963,8.08435,-11.4853,-11.4853,-7.65685,-3.82843,-3.82843,-3.82843
11.5603,-10.7701,-5.49411,-6.76398,-1.04963,-3.8919,-4.18168,2.66962,10.8688,16.5112,-9.84933,11.4965,7.29855,-11.5622,-11.5622,-7.70814,-3.85407,-3.85407,-3.85407
11.5653,-10.8556,-5.59606,-6.84023,-1.02804,-3.86633,-4.14534,4.50156,12.3422,15.4408,-6.42963,9.01257,7.72917,-11.6369,-11.6369,-7.75793,-3.87897,-3.87897,-3.87897
11.5702,-10.9781,-5.71595,-6.88471,-1.16005,-3.77891,-4.18099,4.2431,14.0104,14.9708,-4.55075,10.1131,8.78833,-11.7094,-11.7094,-7.80627,-3.90313,-3.90313,-3.90313
11.5752,-11.0887,-5.84328,-6.93109,-1.21591,-3.78837,-4.28376,4.22969,12.4525,15.2119,-9.06374,10.5019,9.02804,-11.7827,-11.7827,-7.85511,-3.92756,-3.92756,-3.92756
11.5802,-11.1722,-5.93726,-6.98458,-1.18082,-3.83402,-4.30942,3.45119,11.7055,16.1736,-8.28606,10.5178,7.64462,-11.8552,-11.8552,-7.90348,-3.95174,-3.95174,-3.95174
11.5852,-11.2506,-6.0227,-7.03481,-1.17525,-3.94029,-4.28322,3.92094,12.2265,15.2622,-7.87303,11.7258,8.01631,-11.927,-11.927,-7.95135,-3.97567,-3.97567,-3.97567
11.5903,-11.2998,-6.12994,-7.08784,-1.20565,-3.99038,-4.35287,2.87447,13.1894,16.1214,-6.48266,9.19968,9.42324,-11.9995,-11.9995,-7.99968,-3.99984,-3.99984,-3.99984
11.5952,-11.3676,-6.23757,-7.13228,-1.26766,-3.96386,-4.48651,4.62971,13.0731,14.9677,-6.78259,10.0507,9.52901,-12.0684,-12.0684,-8.04562,-4.02281,-4.02281,-4.02281
11.6006,-11.4784,-6.34964,-7.1749,-1.28922,-3.93348,-4.57667,4.18476,12.9434,15.7305,-7.55245,9.46297,8.68465,-12.1436,-12.1436,-8.09571,-4.04785,-4.04785,-4.04785
11.6053,-11.5611,-6.45123,-7.23363,-1.27769,-3.91469,-4.64533,4.59222,13.1972,16.6389,-7.84549,10.445,9.52593,-12.2082,-12.2082,-8.13882,-4.06941,-4.06941,-4.06941
11.6103,-11.6585,-6.53567,-7.28655,-1.34351,-3.84463,-4.75648,4.45147,11.7168,15.518,-5.12354,8.49706,9.57346,-12.2763,-12.2763,-8.18421,-4.0921,-4.0921,-4.0921
11.6153,-11.725,-6.61596,-7.33356,-1.37949,-3.72865,-4.8028,3.65593,12.7061,16.1272,-8.74426,9.3061,8.46154,-12.3436,-12.3436,-8.22908,-4.11454,-4.11454,-4.11454
11.6203,-11.7718,-6.7079,-7.39096,-1.30128,-3.65801,-4.77997,3.72248,12.7727,16.1716,-8.72207,9.32829,8.48373,-12.4102,-12.4102,-8.27345,-4.13673,-4.13673,-4.13673
11.6253,-11.8221,-6.83885,-7.47206,-1.22559,-3.66894,-4.77591,5.37215,13.8156,16.5373,-7.05244,10.3273,8.93622,-12.476,-12.476,-8.31731,-4.15866,-4.15866,-4.15866
11.6302,-11.9214,-6.96018,-7.5384,-1.24179,-3.74778,-4.79826,4.92762,14.5412,16.5087,-6.5261,11.102,8.86638,-12.5397,-12.5397,-8.3598,-4.1799,-4.1799,-4.1799
11.6352,-12.0215,-7.08081,-7.59873,-1.29727,-3.8626,-4.81306,4.99188,14.6055,16.5515,-6.50468,11.1234,8.8878,-12.604,-12.604,-8.40264,-4.20132,-4.20132,-4.20132
11.6404,-12.0738,-7.21116,-7.67659,-1.2594,-3.9903,-4.88036,4.56145,12.8315,16.6666,-9.23998,10.9632,9.96136,-12.67,-12.67,-8.44664,-4.22332,-4.22332,-4.22332
11.6454,-12.1497,-7.28326,-7.73087,-1.17544,-4.08505,-4.99158,4.62412,12.8942,16.7084,-9.21909,10.9841,9.98225,-12.7326,-12.7326,-8.48843,-4.24421,-4.24421,-4.24421
11.6504,-12.1403,-7.38317,-7.81747,-1.08707,-4.1314,-5.04657,2.23922,14.079,18.5073,-8.42016,9.7876,9.07552,-12.7945,-12.7945,-8.52968,-4.26484,-4.26484,-4.26484
11.6555,-12.1078,-7.46982,-7.90886,-1.0628,-4.08797,-5.04403,2.30154,14.1413,18.5489,-8.39939,9.80837,9.09629,-12.8568,-12.8568,-8.57122,-4.28561,-4.28561,-4.28561
11.6602,-12.1074,-7.56743,-7.97873,-0.990163,-4.07128,-5.04375,3.88699,15.0372,17.0359,-10.4091,10.2247,9.22283,-12.9135,-12.9135,-8.60902,-4.30451,-4.30451,-4.30451
11.6654,-12.1975,-7.67981,-8.04063,-0.923715,-3.95713,-4.98541,5.15059,15.2134,17.7543,-8.81526,8.14222,8.01802,-12.9754,-12.9754,-8.65029,-4.32514,-4.32514,-4.32514
11.6703,-12.2947,-7.78649,-8.1059,-0.995371,-3.8185,-4.9262,5.26329,13.3994,16.7978,-4.77196,9.13016,9.1136,-13.033,-13.033,-8.68865,-4.34432,-4.34432,-4.34432
11.6752,-12.4122,-7.84487,-8.14009,-1.16911,-3.73756,-4.91578,5.32006,13.4562,16.8357,-4.75303,9.14909,9.13253,-13.0897,-13.0897,-8.72649,-4.36325,-4.36325,-4.36325
11.6803,-12.4834,-7.93923,-8.18265,-1.24595,-3.68603,-4.92238,4.60608,14.4088,16.1953,-7.06853,9.08571,9.53283,-13.148,-13.148,-8.76534,-4.38267,-4.38267,-4.38267
11.6853,-12.5441,-8.0231,-8.20526,-1.26325,-3.62359,-4.95809,4.66238,14.4651,16.2328,-7.04977,9.10447,9.55159,-13.2043,-13.2043,-8.80287,-4.40143,-4.40143,-4.40143
11.6903,-12.5924,-8.12109,-8.24371,-1.29662,-3.64979,-4.94414,4.99761,14.2369,16.6586,-5.36703,10.6382,8.49369,-13.2598,-13.2598,-8.83986,-4.41993,-4.41993,-4.41993
11.6955,-12.6574,-8.22863,-8.28262,-1.39226,-3.8238,-4.88761,5.87791,14.3371,15.7957,-4.76848,11.659,8.58716,-13.3166,-13.3166,-8.87775,-4.43888,-4.43888,-4.43888
11.7002,-12.7555,-8.30451,-8.29589,-1.5034,-4.01419,-4.84251,5.92852,14.3877,15.8294,-4.75161,11.6759,8.60403,-13.3672,-13.3672,-8.91149,-4.45575,-4.45575,-4.45575
11.7052,-12.8477,-8.39157,-8.32699,-1.55477,-4.11757,-4.79315,5.98156,13.7118,16.3747,-6.64657,9.78919,8.48095,-13.4203,-13.4203,-8.94685,-4.47343,-4.47343,-4.47343
11.7103,-12.9008,-8.47718,-8.37381,-1.54205,-4.10382,-4.74885,5.30196,12.9613,16.406,-5.81743,9.60821,8.48213,-13.4735,-13.4735,-8.98235,-4.49117,-4.49117,-4.49117
11.7152,-12.9574,-8.52599,-8.403,-1.58476,-4.0654,-4.70798,5.35231,13.0117,16.4396,-5.80064,9.625,8.49892,-13.5239,-13.5239,-9.01591,-4.50796,-4.50796,-4.50796
11.7203,-13.0146,-8.60472,-8.45261,-1.62148,-4.02626,-4.66948,5.99879,13.3036,16.7394,-5.46882,9.28614,8.5161,-13.5754,-13.5754,-9.05028,-4.52514,-4.52514,-4.52514
11.7257,-13.1061,-8.66358,-8.49078,-1.6787,-3.96515,-4.62316,6.05242,13.3572,16.7751,-5.45095,9.30401,8.53397,-13.629,-13.629,-9.08603,-4.54301,-4.54301,-4.54301
11.7302,-13.166,-8.73863,-8.52217,-1.71092,-3.9499,-4.65376,5.81269,14.8195,16.0604,-5.34522,9.7575,10.0887,-13.673,-13.673,-9.11533,-4.55766,-4.55766,-4.55766
11.7353,-13.2283,-8.82998,-8.54416,-1.75344,-3.95732,-4.76165,5.86166,14.8685,16.093,-5.32889,9.77383,10.105,-13.722,-13.722,-9.14798,-4.57399,-4.57399,-4.57399
11.7403,-13.2389,-8.95772,-8.60505,-1.79649,-4.0294,-4.88171,5.29025,14.2143,16.8727,-3.50813,10.4519,10.6341,-13.7691,-13.7691,-9.17942,-4.58971,-4.58971,-4.58971
11.7453,-13.2606,-9.03074,-8.64514,-1.9271,-4.11054,-5.02111,5.33656,14.2607,16.9036,-3.49269,10.4674,10.6495,-13.8154,-13.8154,-9.21029,-4.60515,-4.60515,-4.60515
11.7503,-13.2748,-9.11529,-8.70285,-1.98223,-4.1578,-5.12776,5.48052,14.5504,17.866,-6.0857,9.73734,10.1927,-13.8609,-13.8609,-9.2406,-4.6203,-4.6203,-4.6203
11.7553,-13.3028,-9.18442,-8.76019,-1.97863,-4.16619,-5.18886,5.52512,14.595,17.8958,-6.07083,9.75221,10.2076,-13.9055,-13.9055,-9.27033,-4.63517,-4.63517,-4.63517
11.7602,-13.3103,-9.26116,-8.80966,-1.9363,-4.25853,-5.25853,5.0361,14.3975,16.8376,-7.11644,11.2486,10.669,-13.9484,-13.9484,-9.29892,-4.64946,-4.64946,-4.64946
11.7653,-13.3206,-9.36754,-8.87499,-1.94183,-4.32299,-5.3369,6.09243,15.3278,17.9661,-3.61596,9.05244,10.2448,-13.9921,-13.9921,-9.32809,-4.66404,-4.66404,-4.66404
11.7703,-13.3751,-9.44801,-8.93105,-2.0543,-4.24981,-5.38914,6.13446,15.3698,17.9941,-3.60195,9.06645,10.2588,-14.0342,-14.0342,-9.3561,-4.67805,-4.67805,-4.67805
11.7755,-13.4361,-9.54321,-8.98126,-2.10903,-4.20889,-5.49517,6.74066,15.2471,16.802,-5.21057,9.60235,11.3246,-14.0769,-14.0769,-9.38463,-4.69231,-4.69231,-4.69231
11.7802,-13.4598,-9.64086,-9.04043,-2.07131,-4.13612,-5.55908,5.42317,13.9966,17.8597,-6.05076,7.94242,9.86338,-14.1148,-14.1148,-9.40987,-4.70494,-4.70494,-4.70494
11.7852,-13.4702,-9.681,-9.0822,-2.05338,-3.98973,-5.53218,5.4626,14.036,17.886,-6.03762,7.95556,9.87652,-14.1542,-14.1542,-9.43616,-4.71808,-4.71808,-4.71808
11.7903,-13.4833,-9.71675,-9.12042,-2.04599,-3.867,-5.49731,5.50193,14.0754,17.9122,-6.02451,7.96867,9.88963,-14.1936,-14.1936,-9.46238,-4.73119,-4.73119,-4.73119
11.7953,-13.5066,-9.77805,-9.17112,-2.04757,-3.79781,-5.53032,6.33942,14.3455,17.7973,-5.08461,8.20479,11.2684,-14.2312,-14.2312,-9.48749,-4.74375,-4.74375,-4.74375
11.8004,-13.5428,-9.84324,-9.21662,-2.02989,-3.83684,-5.58927,6.09326,14.6431,17.559,-6.24785,10.3784,9.99749,-14.2688,-14.2688,-9.5125,-4.75625,-4.75625,-4.75625
11.8053,-13.5798,-9.89497,-9.24859,-1.98975,-3.96962,-5.57966,6.12844,14.6782,17.5825,-6.23612,10.3901,10.0092,-14.3039,-14.3039,-9.53596,-4.76798,-4.76798,-4.76798
11.8103,-13.6085,-9.98588,-9.29801,-1.96454,-4.06874,-5.57204,6.36441,15.6628,17.5097,-4.46082,9.6069,10.0871,-14.339,-14.339,-9.55931,-4.77966,-4.77966,-4.77966
11.8153,-13.6522,-10.0563,-9.32672,-2.01923,-4.11498,-5.57397,6.39856,15.697,17.5324,-4.44944,9.61828,10.0985,-14.3731,-14.3731,-9.58208,-4.79104,-4.79104,-4.79104
11.8206,-13.6865,-10.1422,-9.35947,-2.08135,-4.22263,-5.52419,6.33922,15.5628,17.117,-3.97402,10.6071,9.05042,-14.4083,-14.4083,-9.60556,-4.80278,-4.80278,-4.80278
11.8254,-13.7211,-10.225,-9.3928,-2.14371,-4.2835,-5.48939,6.98096,14.857,17.1273,-4.02163,9.22637,10.1951,-14.4394,-14.4394,-9.62626,-4.81313,-4.81313,-4.81313
11.8303,-13.7732,-10.2816,-9.42804,-2.20884,-4.20189,-5.51222,6.89754,13.895,17.6682,-3.58907,7.87873,10.313,-14.4702,-14.4702,-9.64682,-4.82341,-4.82341,-4.82341
11.8353,-13.8197,-10.3189,-9.4662,-2.2682,-4.04445,-5.53117,6.92813,13.9256,17.6886,-3.57888,7.88892,10.3232,-14.5008,-14.5008,-9.66721,-4.8336,-4.8336,-4.8336
11.8404,-13.8287,-10.3963,-9.51921,-2.25099,-3.93454,-5.53778,5.98917,14.866,17.2218,-5.02606,8.37098,10.234,-14.5311,-14.5311,-9.68739,-4.8437,-4.8437,-4.8437
11.8453,-13.8205,-10.4564,-9.55024,-2.21526,-3.86307,-5.54533,6.01738,14.8942,17.2406,-5.01666,8.38038,10.2434,-14.5593,-14.5593,-9.7062,-4.8531,-4.8531,-4.8531
11.8506,-13.8402,-10.5403,-9.59485,-2.189,-3.86034,-5.58265,7.20528,15.4438,17.4108,-4.21193,9.36727,10.7169,-14.5888,-14.5888,-9.7259,-4.86295,-4.86295,-4.86295
11.8553,-13.8813,-10.6376,-9.6553,-2.17262,-3.9405,-5.67593,7.31338,15.7923,18.2595,-3.91368,9.8808,11.6776,-14.6142,-14.6142,-9.7428,-4.8714,-4.8714,-4.8714
11.8604,-13.9377,-10.708,-9.70431,-2.20077,-4.04643,-5.81492,7.33998,15.8189,18.2773,-3.90481,9.88967,11.6864,-14.6408,-14.6408,-9.76054,-4.88027,-4.88027,-4.88027
11.8653,-13.9841,-10.7828,-9.74152,-2.27732,-4.1912,-5.88152,7.04159,15.7135,17.1442,-1.99218,10.6845,10.6017,-14.6655,-14.6655,-9.77699,-4.8885,-4.8885,-4.8885
11.8703,-14.0185,-10.845,-9.75722,-2.41142,-4.35449,-5.8894,7.06587,15.7378,17.1604,-1.98409,10.6926,10.6098,-14.6898,-14.6898,-9.79318,-4.89659,-4.89659,-4.89659
11.8753,-14.0484,-10.9387,-9.7994,-2.49732,-4.43454,-5.88369,7.36506,16.0134,17.7382,-2.85397,9.10235,10.3443,-14.7132,-14.7132,-9.80877,-4.90439,-4.90439,-4.90439
11.8804,-14.0951,-11.0019,-9.82575,-2.56951,-4.42409,-5.85363,7.38797,16.0363,17.7535,-2.84634,9.10998,10.352,-14.7361,-14.7361,-9.82405,-4.91202,-4.91202,-4.91202
11.8853,-14.1176,-11.0686,-9.85329,-2.57962,-4.40628,-5.85101,6.55412,15.7343,17.5126,-4.47045,8.73615,10.9717,-14.7572,-14.7572,-9.83813,-4.91907,-4.91907,-4.91907
11.8903,-14.1055,-11.1462,-9.89457,-2.5771,-4.37164,-5.8364,6.68903,14.9197,17.4867,-2.90693,8.91691,10.2666,-14.7779,-14.7779,-9.8519,-4.92595,-4.92595,-4.92595
11.8954,-14.1041,-11.1887,-9.91857,-2.64356,-4.33582,-5.79114,6.70916,14.9398,17.5001,-2.90022,8.92362,10.2733,-14.798,-14.798,-9.86532,-4.93266,-4.93266,-4.93266
11.9005,-14.1258,-11.2651,-9.9477,-2.71661,-4.33938,-5.67507,7.867,16.0346,16.727,-1.95819,9.34401,8.75613,-14.8172,-14.8172,-9.87811,-4.93905,-4.93905,-4.93905
11.9052,-14.1698,-11.3271,-9.95445,-2.79475,-4.36812,-5.50484,7.88384,16.0515,16.7383,-1.95257,9.34963,8.76175,-14.834,-14.834,-9.88933,-4.94467,-4.94467,-4.94467
11.9103,-14.2281,-11.4093,-9.97467,-2.82909,-4.27843,-5.48539,8.41733,15.7457,16.7143,-2.87415,6.68925,11.7069,-14.8513,-14.8513,-9.9009,-4.95045,-4.95045,-4.95045
11.9154,-14.264,-11.4874,-10.0008,-2.83141,-4.16746,-5.55136,7.44085,15.6439,17.0053,-2.819,8.93032,10.3214,-14.8677,-14.8677,-9.91183,-4.95592,-4.95592,-4.95592
11.9203,-14.2621,-11.5467,-10.0351,-2.85597,-4.14335,-5.6755,7.50298,14.4768,17.6255,-1.67141,8.17351,12.8269,-14.8826,-14.8826,-9.92174,-4.96087,-4.96087,-4.96087
11.9252,-14.2748,-11.6083,-10.0678,-2.93813,-4.21894,-5.68779,8.14736,16.051,16.9618,-0.780793,10.7284,7.63169,-14.8966,-14.8966,-9.93105,-4.96553,-4.96553,-4.96553
11.9303,-14.3423,-11.6974,-10.105,-2.99446,-4.41886,-5.54818,9.88275,15.907,17.3596,-1.56286,10.3024,9.51578,-14.9102,-14.9102,-9.94013,-4.97006,-4.97006,-4.97006
11.9353,-14.4112,-11.7777,-10.1394,-3.03207,-4.49148,-5.66533,9.01654,15.8406,16.9353,-0.44092,8.54288,12.7657,-14.9226,-14.9226,-9.9484,-4.9742,-4.9742,-4.9742
11.9404,-14.4512,-11.8409,-10.1576,-3.10827,-4.48082,-5.95374,9.02825,15.8523,16.9431,-0.437016,8.54678,12.7696,-14.9343,-14.9343,-9.95621,-4.9781,-4.9781,-4.9781
11.9452,-14.3643,-11.9011,-10.2124,-3.13093,-4.57359,-6.17186,4.11336,15.2321,19.7024,-2.11447,10.3552,12.0526,-14.9445,-14.9445,-9.96297,-4.98149,-4.98149,-4.98149
11.9503,-14.2346,-11.9569,-10.2741,-3.08829,-4.66226,-6.27752,6.80639,14.8598,17.1341,-3.34491,8.71905,11.261,-14.9543,-14.9543,-9.96954,-4.98477,-4.98477,-4.98477
11.9552,-14.181,-11.9912,-10.3037,-3.0091,-4.60235,-6.298,6.55885,14.8565,18.1701,-4.12038,7.74486,11.2059,-14.9629,-14.9629,-9.97525,-4.98762,-4.98762,-4.98762
11.9605,-14.1145,-12.0463,-10.3623,-2.86262,-4.49314,-6.314,5.94854,16.4053,19.2123,-6.03862,7.89666,11.4571,-14.9711,-14.9711,-9.98076,-4.99038,-4.99038,-4.99038
11.9653,-14.0812,-12.1097,-10.4279,-2.77598,-4.36738,-6.32588,7.62174,16.4946,19.3212,-2.96451,7.30269,11.2771,-14.9777,-14.9777,-9.98515,-4.99257,-4.99257,-4.99257
11.9703,-14.1068,-12.172,-10.4902,-2.79522,-4.30507,-6.26165,7.86804,16.1696,18.88,-2.03516,9.08488,10.2524,-14.9837,-14.9837,-9.98912,-4.99456,-4.99456,-4.99456
11.9753,-14.1256,-12.2292,-10.5197,-2.89147,-4.26966,-6.20725,7.29783,16.4308,17.0713,-0.245003,7.80316,11.2642,-14.9887,-14.9887,-9.99247,-4.99624,-4.99624,-4.99624
11.9802,-14.1412,-12.2785,-10.539,-2.98868,-4.19118,-6.12225,7.88499,15.7177,18.2444,-1.87482,7.72998,9.99042,-14.9927,-14.9927,-9.99516,-4.99758,-4.99758,-4.99758
11.9854,-14.1321,-12.3234,-10.5617,-3.05024,-4.23292,-5.99367,6.26502,16.576,17.8432,-1.75779,9.81765,10.3227,-14.9961,-14.9961,-9.99737,-4.99869,-4.99869,-4.99869
11.9903,-14.0742,-12.3696,-10.5765,-3.10073,-4.37121,-5.89957,6.26722,16.5782,17.8447,-1.75706,9.81838,10.3235,-14.9983,-14.9983,-9.99884,-4.99942,-4.99942,-4.99942
11.9952,-14.039,-12.4431,-10.6059,-3.14215,-4.52871,-5.84184,7.32445,16.5244,17.4338,-0.953462,10.1003,10.8538,-14.9996,-14.9996,-9.99972,-4.99986,-4.99986,-4.99986
12.0004,-14.0257,-12.4929,-10.6129,-3.21119,-4.68059,-5.81221,7.32488,16.5248,17.4341,-0.953321,10.1005,10.854,-15,-15,-10,-5,-5,-5
12.0052,-14.026,-12.5499,-10.618,-3.24977,-4.80318,-5.85349,8.03358,16.6543,16.788,-1.14393,9.93471,12.2531,-14.9995,-14.9995,-9.99967,-4.99983,-4.99983,-4.99983
12.0103,-14.0638,-12.5957,-10.605,-3.30737,-4.80635,-5.874,8.54432,15.6994,16.3544,0.0810256,7.83111,10.3979,-14.998,-14.998,-9.99869,-4.99935,-4.99935,-4.99935
12.0154,-14.1035,-12.6253,-10.5849,-3.35896,-4.71799,-5.81579,8.13213,15.3936,16.288,-1.53438,8.14494,10.5213,-14.9956,-14.9956,-9.99707,-4.99854,-4.99854,-4.99854
12.0202,-14.1232,-12.6625,-10.5789,-3.35767,-4.62376,-5.74581,8.02653,16.5212,17.1846,-2.01568,7.54772,10.1725,-14.9924,-14.9924,-9.99497,-4.99748,-4.99748,-4.99748
12.0255,-14.1449,-12.7226,-10.5995,-3.34383,-4.46544,-5.6706,7.74231,16.4891,17.7668,-2.23245,7.20675,10.2703,-14.988,-14.988,-9.99198,-4.99599,-4.99599,-4.99599
12.0305,-14.1181,-12.7775,-10.6282,-3.29201,-4.4139,-5.67154,7.08309,16.3539,17.8636,-2.88002,9.1591,11.5769,-14.9828,-14.9828,-9.98853,-4.99426,-4.99426,-4.99426
12.0354,-14.0872,-12.8285,-10.6564,-3.25353,-4.37368,-5.64231,7.53022,16.4543,17.914,-1.91325,7.03743,9.43863,-14.9768,-14.9768,-9.98454,-4.99227,-4.99227,-4.99227
12.0403,-14.0751,-12.8763,-10.6794,-3.27379,-4.33698,-5.61218,7.75582,15.8762,17.3577,-0.325775,8.89815,11.2579,-14.97,-14.97,-9.97997,-4.98999,-4.98999,-4.98999
12.0452,-14.0782,-12.9186,-10.7084,-3.33151,-4.30508,-5.64619,8.34301,15.9393,18.3055,-0.344917,7.29752,10.742,-14.9622,-14.9622,-9.97481,-4.9874,-4.9874,-4.9874
12.0504,-14.0753,-12.9617,-10.7354,-3.39245,-4.27476,-5.66205,7.53794,16.2099,17.4321,-0.198941,8.8925,11.1281,-14.953,-14.953,-9.96868,-4.98434,-4.98434,-4.98434
12.0552,-14.0463,-13.0052,-10.7565,-3.42723,-4.28664,-5.66611,7.39855,16.4014,18.08,-0.914144,7.94546,10.8103,-14.9436,-14.9436,-9.96243,-4.98122,-4.98122,-4.98122
12.0602,-14.0266,-13.051,-10.7613,-3.43915,-4.3383,-5.67542,7.86069,16.6508,16.3277,-1.55526,9.37434,11.2787,-14.933,-14.933,-9.95532,-4.97766,-4.97766,-4.97766
12.0653,-13.9928,-13.105,-10.7577,-3.43708,-4.44332,-5.70676,6.97024,16.639,17.1057,-1.15348,9.07232,11.4404,-14.9212,-14.9212,-9.94744,-4.97372,-4.97372,-4.97372
12.0702,-13.9327,-13.1495,-10.7628,-3.46155,-4.50478,-5.65614,6.95798,16.5401,17.3149,-0.387528,8.62111,9.88795,-14.9089,-14.9089,-9.93926,-4.96963,-4.96963,-4.96963
12.0752,-13.8887,-13.209,-10.7777,-3.52801,-4.43248,-5.59165,7.37401,17.0743,17.1325,0.816877,6.94408,11.1255,-14.8955,-14.8955,-9.93031,-4.96516,-4.96516,-4.96516
12.0802,-13.8713,-13.2577,-10.7762,-3.57584,-4.33931,-5.51586,8.11615,16.7014,16.8742,-1.03434,7.71762,9.53922,-14.8811,-14.8811,-9.92075,-4.96038,-4.96038,-4.96038
12.0852,-13.8583,-13.3014,-10.7696,-3.56369,-4.24302,-5.41775,7.43897,16.3434,16.4126,-1.26299,6.76861,10.1137,-14.8659,-14.8659,-9.91058,-4.95529,-4.95529,-4.95529
12.0903,-13.8472,-13.3424,-10.7646,-3.5727,-4.13146,-5.48068,7.97012,16.3347,16.807,-0.929014,7.40895,12.319,-14.8494,-14.8494,-9.89957,-4.94979,-4.94979,-4.94979
12.0952,-13.8673,-13.3825,-10.7659,-3.58338,-4.088,-5.61975,8.79258,16.5623,16.9693,-0.760721,7.77596,11.5765,-14.8326,-14.8326,-9.8884,-4.9442,-4.9442,-4.9442
12.1002,-13.8749,-13.4237,-10.7676,-3.57896,-4.05886,-5.63168,7.56499,16.5482,16.9364,-1.09792,7.505,9.97244,-14.8146,-14.8146,-9.87639,-4.9382,-4.9382,-4.9382
12.1051,-13.843,-13.461,-10.771,-3.57617,-4.00088,-5.61376,7.34551,16.5651,17.2982,-0.930223,6.83642,11.1751,-14.7961,-14.7961,-9.86403,-4.93202,-4.93202,-4.93202
12.1103,-13.8105,-13.5015,-10.7718,-3.61436,-4.00097,-5.66024,7.66372,16.6509,16.6929,0.180701,8.53522,11.4415,-14.7754,-14.7754,-9.85028,-4.92514,-4.92514,-4.92514
12.1156,-13.7521,-13.5456,-10.7734,-3.6831,-3.94217,-5.63853,6.68426,16.4791,16.9019,0.653594,6.07699,10.0431,-14.7534,-14.7534,-9.83559,-4.91779,-4.91779,-4.91779
12.1203,-13.7295,-13.5763,-10.7754,-3.74366,-3.93063,-5.6291,8.37382,16.2105,17.1704,0.837234,8.76947,11.4522,-14.733,-14.733,-9.82199,-4.91099,-4.91099,-4.91099
12.1252,-13.7368,-13.5995,-10.7796,-3.80393,-4.04152,-5.68661,8.3517,16.1884,17.1557,0.82986,8.7621,11.4448,-14.7109,-14.7109,-9.80724,-4.90362,-4.90362,-4.90362
12.1303,-13.7292,-13.6385,-10.7993,-3.80714,-4.14667,-5.74359,7.66189,15.9004,17.2881,-0.660244,8.58852,11.4865,-14.6869,-14.6869,-9.79127,-4.89564,-4.89564,-4.89564
12.1354,-13.7175,-13.6576,-10.8078,-3.77075,-4.17469,-5.73525,8.20435,15.844,17.1357,-1.33922,7.82674,10.5012,-14.662,-14.662,-9.77468,-4.88734,-4.88734,-4.88734
12.1402,-13.7116,-13.668,-10.8105,-3.72776,-4.1642,-5.66956,8.18006,15.8197,17.1195,-1.34732,7.81864,10.4931,-14.6377,-14.6377,-9.75848,-4.87924,-4.87924,-4.87924
12.1453,-13.6478,-13.686,-10.8178,-3.71071,-4.15668,-5.61523,6.1203,15.8048,16.9658,0.00997436,7.66897,10.7988,-14.611,-14.611,-9.74067,-4.87033,-4.87033,-4.87033
12.1502,-13.5569,-13.6911,-10.806,-3.72102,-4.0962,-5.59359,6.85417,15.8058,16.1664,-0.810317,6.81556,11.1874,-14.5844,-14.5844,-9.72297,-4.86148,-4.86148,-4.86148
12.1554,-13.4354,-13.6921,-10.8073,-3.69977,-4.11488,-5.67716,4.86292,15.4103,17.5891,-1.44103,9.19049,12.7592,-14.5553,-14.5553,-9.70355,-4.85177,-4.85177,-4.85177
12.1603,-13.3541,-13.6791,-10.8138,-3.67932,-4.11159,-5.73884,7.54137,15.3898,16.7907,-1.53327,6.53145,11.0026,-14.527,-14.527,-9.68466,-4.84233,-4.84233,-4.84233
12.1653,-13.3674,-13.657,-10.8181,-3.66258,-4.06114,-5.72713,8.49657,15.494,17.3184,-1.005,8.50044,11.5889,-14.4972,-14.4972,-9.66479,-4.8324,-4.8324,-4.8324
12.1703,-13.3903,-13.6253,-10.8112,-3.66105,-3.99849,-5.74118,7.71333,15.6209,16.1568,-0.866195,5.93996,11.8353,-14.4665,-14.4665,-9.64433,-4.82216,-4.82216,-4.82216
12.1753,-13.4137,-13.5914,-10.7972,-3.66627,-3.96887,-5.67238,8.58795,15.7706,16.3552,-0.644884,9.05928,9.82104,-14.4349,-14.4349,-9.62327,-4.81164,-4.81164,-4.81164
12.1802,-13.4193,-13.5538,-10.7868,-3.67262,-3.98651,-5.54618,7.38989,16.377,16.4489,-0.18353,7.06975,10.2493,-14.4031,-14.4031,-9.60206,-4.80103,-4.80103,-4.80103
12.1853,-13.3975,-13.5245,-10.7873,-3.68461,-3.89576,-5.55724,7.36375,16.9419,16.8359,-0.418431,6.77689,12.1423,-14.3691,-14.3691,-9.57938,-4.78969,-4.78969,-4.78969
12.1903,-13.385,-13.4905,-10.7837,-3.71817,-3.88849,-5.63045,7.96778,17.4198,16.627,0.522352,8.36351,11.3692,-14.3348,-14.3348,-9.55654,-4.77827,-4.77827,-4.77827
12.1955,-13.3699,-13.4665,-10.7736,-3.78698,-4.00244,-5.62371,7.683,17.9979,15.7604,1.33817,9.09653,10.7856,-14.2983,-14.2983,-9.53217,-4.76609,-4.76609,-4.76609
12.2004,-13.3429,-13.4551,-10.7597,-3.84189,-4.08683,-5.55319,7.62403,18.9634,16.1047,0.00987084,7.95039,10.3599,-14.2629,-14.2629,-9.50862,-4.75431,-4.75431,-4.75431
12.2053,-13.3261,-13.4586,-10.7419,-3.87278,-4.18586,-5.46701,8.23008,20.1525,15.5539,0.751295,9.40389,10.3395,-14.2268,-14.2268,-9.48451,-4.74225,-4.74225,-4.74225
12.2105,-13.3024,-13.4884,-10.7167,-3.91333,-4.16028,-5.40439,7.50128,21.5237,15.2915,1.02799,5.79727,10.6494,-14.1875,-14.1875,-9.45831,-4.72915,-4.72915,-4.72915
12.2152,-13.2634,-13.5423,-10.7029,-3.9281,-4.09011,-5.38575,7.53586,22.7206,15.8023,0.12992,8.50928,10.9684,-14.1511,-14.1511,-9.43408,-4.71704,-4.71704,-4.71704
12.2202,-13.1927,-13.6069,-10.6877,-3.91717,-4.10212,-5.35697,6.60591,23.1933,15.4708,0.373432,7.46111,10.2266,-14.1116,-14.1116,-9.40774,-4.70387,-4.70387,-4.70387
12.2256,-13.1031,-13.6784,-10.6676,-3.89546,-4.00761,-5.3812,6.74745,23.7367,15.5065,-0.195876,6.3122,11.6445,-14.068,-14.068,-9.37865,-4.68932,-4.68932,-4.68932
12.2303,-13.0477,-13.7424,-10.6458,-3.88856,-3.96896,-5.43562,7.46118,24.5569,15.211,0.395627,8.36927,11.1762,-14.0292,-14.0292,-9.35277,-4.67639,-4.67639,-4.67639
12.2353,-12.9959,-13.8172,-10.6256,-3.93137,-3.96575,-5.48157,6.93837,24.8772,15.4923,2.1121,7.01386,11.9405,-13.987,-13.987,-9.32469,-4.66234,-4.66234,-4.66234
12.2403,-12.9323,-13.8947,-10.619,-3.96935,-3.88156,-5.49289,7.13572,25.1651,15.9715,0.706735,6.75941,10.8829,-13.944,-13.944,-9.29603,-4.64801,-4.64801,-4.64801
12.2452,-12.8708,-13.9662,-10.6279,-3.94947,-3.83024,-5.37417,6.81696,25.2995,16.7182,0.369493,7.47373,9.32845,-13.9011,-13.9011,-9.26739,-4.63369,-4.63369,-4.63369
12.2504,-12.8289,-14.038,-10.6446,-3.92876,-3.72314,-5.30231,7.8185,25.8755,16.4866,0.486475,5.84363,11.7307,-13.8546,-13.8546,-9.23639,-4.61819,-4.61819,-4.61819
12.2554,-12.8064,-14.091,-10.6518,-3.92366,-3.55445,-5.2641,7.74534,25.9245,16.4102,1.0426,5.62144,10.0678,-13.809,-13.809,-9.206,-4.603,-4.603,-4.603
12.2602,-12.7562,-14.1348,-10.654,-3.88342,-3.54277,-5.25531,6.20753,26.664,16.0231,-0.562011,8.56255,11.9573,-13.7644,-13.7644,-9.1763,-4.58815,-4.58815,-4.58815
12.2653,-12.6634,-14.1659,-10.6448,-3.82977,-3.65035,-5.24261,6.61243,26.5803,15.7945,0.299603,7.7102,9.68912,-13.7162,-13.7162,-9.14417,-4.57208,-4.57208,-4.57208
12.2702,-12.5919,-14.1787,-10.6264,-3.81934,-3.74548,-5.22603,6.58105,26.5293,15.4977,1.11189,8.27409,11.5198,-13.6691,-13.6691,-9.11274,-4.55637,-4.55637,-4.55637
12.2753,-12.5312,-14.1746,-10.614,-3.80153,-3.80325,-5.28979,7.16547,26.2351,16.2858,-0.146751,7.13965,11.2879,-13.6192,-13.6192,-9.07946,-4.53973,-4.53973,-4.53973
12.2804,-12.4899,-14.1671,-10.5998,-3.78941,-3.82734,-5.32285,7.15407,26.862,15.1568,1.17768,7.80996,11.2462,-13.5684,-13.5684,-9.04559,-4.5228,-4.5228,-4.5228
12.2853,-12.4583,-14.1675,-10.5805,-3.80738,-3.8272,-5.31301,7.71909,27.2812,15.5877,1.35986,6.95714,10.7742,-13.5188,-13.5188,-9.01251,-4.50626,-4.50626,-4.50626
12.2904,-12.4334,-14.1709,-10.5625,-3.85836,-3.79821,-5.33477,7.16226,27.5163,15.3896,1.84743,7.14663,11.6758,-13.4663,-13.4663,-8.97751,-4.48875,-4.48875,-4.48875
12.2952,-12.3863,-14.1688,-10.539,-3.90956,-3.78852,-5.39265,7.11206,27.4661,15.3562,1.8307,7.1299,11.6591,-13.4161,-13.4161,-8.94404,-4.47202,-4.47202,-4.47202
12.3002,-12.3374,-14.1688,-10.5112,-3.9088,-3.79203,-5.3881,7.08654,27.5076,14.9529,0.0493593,7.22812,10.4904,-13.363,-13.363,-8.90864,-4.45432,-4.45432,-4.45432
12.3052,-12.2985,-14.1744,-10.4857,-3.91078,-3.75568,-5.35122,7.22567,27.7491,15.1782,1.62114,6.53118,11.0686,-13.309,-13.309,-8.87269,-4.43634,-4.43634,-4.43634
12.3102,-12.2224,-14.1855,-10.4766,-3.95186,-3.67144,-5.36935,5.54764,27.9466,16.1219,1.64429,6.33077,11.8535,-13.2543,-13.2543,-8.83619,-4.41809,-4.41809,-4.41809
12.3152,-12.1203,-14.2051,-10.4827,-3.95776,-3.60369,-5.3484,6.41009,28.5568,16.2228,0.68185,6.59377,10.5185,-13.1987,-13.1987,-8.79914,-4.39957,-4.39957,-4.39957
12.3202,-12.0685,-14.2335,-10.4886,-3.93961,-3.56031,-5.21592,6.99593,28.7802,16.1121,-0.0987036,6.83166,9.3819,-13.1423,-13.1423,-8.76155,-4.38078,-4.38078,-4.38078
12.3252,-12.0084,-14.2478,-10.4751,-3.88845,-3.54627,-5.07904,6.2256,27.8522,15.1397,-0.217128,6.63043,10.0666,-13.0851,-13.0851,-8.72342,-4.36171,-4.36171,-4.36171
12.3301,-11.9615,-14.2443,-10.4432,-3.90621,-3.55642,-5.03677,7.37835,27.0783,14.5438,2.57913,7.31529,10.6356,-13.0283,-13.0283,-8.68554,-4.34277,-4.34277,-4.34277
12.3352,-11.9019,-14.2209,-10.4103,-3.92941,-3.52846,-5.08136,5.76207,26.2264,15.2186,0.323538,5.86286,11.8907,-12.9683,-12.9683,-8.64556,-4.32278,-4.32278,-4.32278
12.3402,-11.8409,-14.1816,-10.3822,-3.90163,-3.52952,-5.06222,6.95933,25.9186,15.1392,0.45271,7.67287,9.40339,-12.9087,-12.9087,-8.60582,-4.30291,-4.30291,-4.30291
12.3451,-11.8102,-14.1529,-10.3507,-3.88249,-3.61296,-4.9939,6.96713,26.8838,14.619,0.739342,7.66142,10.5594,-12.8495,-12.8495,-8.56636,-4.28318,-4.28318,-4.28318
12.3502,-11.7476,-14.1317,-10.3284,-3.89401,-3.62861,-4.98958,5.43116,26.2146,15.5618,1.61278,6.45658,10.994,-12.7871,-12.7871,-8.52476,-4.26238,-4.26238,-4.26238
12.3555,-11.6429,-14.1043,-10.2977,-3.90377,-3.65462,-4.96505,5.70034,26.7439,14.3768,1.05267,7.76775,10.2932,-12.7214,-12.7214,-8.48094,-4.24047,-4.24047,-4.24047
12.3602,-11.5547,-14.0875,-10.2687,-3.87351,-3.68037,-4.93457,5.70829,26.2042,14.6886,0.445118,6.80416,10.9276,-12.6624,-12.6624,-8.4416,-4.2208,-4.2208,-4.2208
12.3652,-11.4669,-14.0557,-10.2342,-3.82513,-3.63577,-4.92561,5.49897,25.262,14.0381,0.274895,6.50974,10.8816,-12.5988,-12.5988,-8.39923,-4.19962,-4.19962,-4.19962
12.3702,-11.394,-14.0035,-10.1814,-3.80267,-3.61171,-4.97559,6.54178,24.7446,13.5625,1.44577,6.76981,11.8289,-12.5345,-12.5345,-8.35635,-4.17817,-4.17817,-4.17817
12.3754,-11.3647,-13.9665,-10.1373,-3.81434,-3.55016,-5.0032,7.05325,25.9613,14.1444,1.78752,5.9772,10.3739,-12.4668,-12.4668,-8.3112,-4.1556,-4.1556,-4.1556
12.3802,-11.3432,-13.9455,-10.1132,-3.78476,-3.40328,-4.9448,6.91514,25.6735,14.5411,-0.0303203,5.14468,10.063,-12.4036,-12.4036,-8.26904,-4.13452,-4.13452,-4.13452
12.3853,-11.3077,-13.9374,-10.091,-3.70837,-3.32812,-4.83615,6.37043,27.1579,14.3244,-0.698818,7.23342,9.59322,-12.3356,-12.3356,-8.22372,-4.11186,-4.11186,-4.11186
12.3902,-11.2666,-13.9433,-10.0566,-3.68184,-3.3136,-4.74378,6.6511,27.1588,13.5823,1.68865,6.15157,9.77821,-12.2695,-12.2695,-8.17969,-4.08985,-4.08985,-4.08985
12.3954,-11.1979,-13.9461,-10.0082,-3.69694,-3.24278,-4.67913,5.28,26.2565,12.9102,1.11025,6.11137,9.90361,-12.1986,-12.1986,-8.13243,-4.06621,-4.06621,-4.06621
12.4001,-11.1108,-13.9249,-9.96468,-3.66963,-3.23028,-4.63146,5.77865,24.8483,13.6027,0.0867833,6.98402,10.1387,-12.1339,-12.1339,-8.08925,-4.04462,-4.04462,-4.04462
12.4053,-11.0419,-13.8855,-9.92744,-3.63551,-3.23747,-4.59995,6.36025,24.9334,13.7926,0.766438,6.38856,10.2222,-12.0614,-12.0614,-8.04096,-4.02048,-4.02048,-4.02048
12.4102,-10.9957,-13.8483,-9.90149,-3.59895,-3.14082,-4.5254,6.3937,24.5295,14.0476,0.20524,4.8586,9.23044,-11.9924,-11.9924,-7.99496,-3.99748,-3.99748,-3.99748
12.4152,-10.9411,-13.8164,-9.87289,-3.58128,-3.05212,-4.42455,6.17285,25.3567,13.4923,1.15857,6.50745,9.62073,-11.9213,-11.9213,-7.94754,-3.97377,-3.97377,-3.97377
12.4203,-10.8675,-13.7941,-9.83853,-3.59104,-3.06516,-4.37504,6.09953,25.2834,13.4434,1.13413,6.48301,9.59629,-11.848,-11.848,-7.89866,-3.94933,-3.94933,-3.94933
12.4253,-10.8313,-13.7723,-9.81071,-3.59696,-3.05602,-4.36681,7.4926,24.9783,13.7336,1.01885,5.82125,9.97781,-11.7754,-11.7754,-7.85025,-3.92513,-3.92513,-3.92513
12.4303,-10.8234,-13.7318,-9.77143,-3.62961,-3.08381,-4.37358,6.91888,23.522,12.6251,2.12048,7.17128,9.86228,-11.702,-11.702,-7.80136,-3.90068,-3.90068,-3.90068
12.4353,-10.786,-13.6728,-9.71783,-3.68644,-3.1712,-4.36381,6.84481,23.448,12.5757,2.09579,7.14659,9.83759,-11.628,-11.628,-7.75198,-3.87599,-3.87599,-3.87599
12.4407,-10.7489,-13.6148,-9.66599,-3.7075,-3.21505,-4.33286,6.91768,23.8321,12.8939,0.901379,6.38274,9.60366,-11.5472,-11.5472,-7.69812,-3.84906,-3.84906,-3.84906
12.4453,-10.6645,-13.5884,-9.63593,-3.72627,-3.16667,-4.4026,4.49996,25.0234,13.2446,2.3769,5.45706,11.4849,-11.4777,-11.4777,-7.6518,-3.8259,-3.8259,-3.8259
12.4503,-10.5117,-13.5688,-9.60727,-3.77695,-3.05973,-4.52813,4.42376,24.9472,13.1938,2.3515,5.43166,11.4595,-11.4015,-11.4015,-7.601,-3.8005,-3.8005,-3.8005
12.4553,-10.3722,-13.5599,-9.57205,-3.80882,-3.02924,-4.60977,4.41777,25.9735,12.6222,1.95326,6.89642,11.3676,-11.3246,-11.3246,-7.54973,-3.77486,-3.77486,-3.77486
12.4602,-10.2427,-13.5439,-9.53682,-3.78153,-3.02625,-4.58164,4.26687,24.282,13.2904,0.826676,5.84436,9.52896,-11.2485,-11.2485,-7.49903,-3.74952,-3.74952,-3.74952
12.4654,-10.0999,-13.5033,-9.50698,-3.73064,-2.96518,-4.45472,4.18544,24.2006,13.2361,0.799534,5.81721,9.50181,-11.1671,-11.1671,-7.44475,-3.72237,-3.72237,-3.72237
12.4703,-9.97118,-13.4625,-9.47826,-3.68687,-2.90748,-4.34271,4.10803,24.1232,13.1845,0.773729,5.79141,9.47601,-11.0897,-11.0897,-7.39314,-3.69657,-3.69657,-3.69657
12.4753,-9.87899,-13.4282,-9.45251,-3.67832,-2.81773,-4.2981,5.30886,24.7882,13.4366,2.02229,5.06105,10.5755,-11.01,-11.01,-7.34003,-3.67001,-3.67001,-3.67001
12.4803,-9.83345,-13.3953,-9.41846,-3.68773,-2.73115,-4.33052,5.55553,24.5424,12.7163,1.32483,5.67183,10.8303,-10.9297,-10.9297,-7.28646,-3.64323,-3.64323,-3.64323
12.4852,-9.78583,-13.3686,-9.38185,-3.70301,-2.63467,-4.30174,5.10183,25.2904,13.2276,2.49896,4.46132,9.57008,-10.8503,-10.8503,-7.23353,-3.61676,-3.61676,-3.61676
12.4904,-9.71661,-13.3384,-9.34247,-3.75187,-2.49927,-4.22476,5.01687,25.2054,13.171,2.47064,4.433,9.54176,-10.7653,-10.7653,-7.17689,-3.58844,-3.58844,-3.58844
12.4953,-9.65178,-13.2976,-9.30084,-3.7688,-2.42083,-4.23519,4.6446,24.0727,12.9584,1.48326,5.01054,10.8811,-10.6846,-10.6846,-7.12308,-3.56154,-3.56154,-3.56154
12.5002,-9.55326,-13.266,-9.27272,-3.75211,-2.39681,-4.25091,4.17713,25.134,13.435,1.67142,5.62098,10.0259,-10.6033,-10.6033,-7.06885,-3.53442,-3.53442,-3.53442
12.5053,-9.43239,-13.2401,-9.2458,-3.73733,-2.40591,-4.20977,4.09179,25.0486,13.3781,1.64298,5.59254,9.9975,-10.5179,-10.5179,-7.01196,-3.50598,-3.50598,-3.50598
12.5103,-9.34453,-13.2144,-9.20125,-3.693,-2.51446,-4.13632,4.77577,24.854,11.9697,0.439112,7.70067,9.41463,-10.4336,-10.4336,-6.95574,-3.47787,-3.47787,-3.47787
12.5153,-9.26644,-13.1854,-9.14111,-3.62751,-2.72142,-4.04968,4.69081,24.7691,11.913,0.410791,7.67235,9.38631,-10.3487,-10.3487,-6.8991,-3.44955,-3.44955,-3.44955
12.5203,-9.17666,-13.1524,-9.09183,-3.5996,-2.80082,-3.99878,3.99845,24.2422,12.5749,1.62426,5.49102,9.78006,-10.2631,-10.2631,-6.84204,-3.42102,-3.42102,-3.42102
12.5253,-9.11414,-13.1106,-9.04813,-3.59734,-2.75388,-4.00554,5.00754,23.6871,12.1705,1.39679,5.37119,10.1405,-10.1768,-10.1768,-6.78455,-3.39227,-3.39227,-3.39227
12.5303,-9.06142,-13.0607,-8.99864,-3.58538,-2.70543,-4.03648,4.92068,23.6003,12.1126,1.36784,5.34224,10.1115,-10.09,-10.09,-6.72664,-3.36332,-3.36332,-3.36332
12.5353,-9.00241,-13.0095,-8.94703,-3.57839,-2.69248,-4.11397,4.44708,23.2527,11.8641,1.81064,5.95892,11.018,-10.0025,-10.0025,-6.66832,-3.33416,-3.33416,-3.33416
12.5402,-8.92312,-12.9602,-8.89902,-3.58242,-2.69358,-4.20569,4.36074,23.1663,11.8065,1.78186,5.93014,10.9892,-9.91614,-9.91614,-6.61076,-3.30538,-3.30538,-3.30538
12.5453,-8.85453,-12.9262,-8.85832,-3.55154,-2.58317,-4.20782,4.65244,24.4313,12.2248,0.476581,4.02042,9.59286,-9.82566,-9.82566,-6.55044,-3.27522,-3.27522,-3.27522
12.5503,-8.76374,-12.8962,-8.83001,-3.52206,-2.43796,-4.1521,3.51902,23.2269,12.6167,1.98689,4.92629,9.91913,-9.73634,-9.73634,-6.4909,-3.24545,-3.24545,-3.24545
12.5552,-8.64567,-12.8521,-8.80696,-3.5296,-2.35806,-4.10877,3.43091,23.1388,12.5579,1.95752,4.89692,9.88976,-9.64823,-9.64823,-6.43215,-3.21608,-3.21608,-3.21608
12.5601,-8.54356,-12.8069,-8.77015,-3.53564,-2.30985,-4.01976,3.65348,23.0501,11.435,1.96935,5.30619,8.92455,-9.55954,-9.55954,-6.37303,-3.18651,-3.18651,-3.18651
12.5652,-8.48028,-12.7574,-8.72235,-3.55626,-2.21093,-3.91233,4.80956,23.0714,11.8705,2.57595,3.79311,9.37383,-9.46664,-9.46664,-6.31109,-3.15555,-3.15555,-3.15555
12.5702,-8.40373,-12.7077,-8.68123,-3.56444,-2.12257,-3.93343,3.2128,22.6292,11.6673,1.70083,5.26123,10.9661,-9.37496,-9.37496,-6.24997,-3.12499,-3.12499,-3.12499
12.5753,-8.30912,-12.639,-8.63614,-3.55384,-2.10921,-4.00124,3.91852,21.3806,11.638,1.92614,4.97318,10.38,-9.28086,-9.28086,-6.18724,-3.09362,-3.09362,-3.09362
12.5804,-8.22103,-12.5577,-8.59098,-3.54765,-2.08773,-4.01727,3.82382,21.2859,11.5748,1.89457,4.94161,10.3485,-9.18616,-9.18616,-6.1241,-3.06205,-3.06205,-3.06205
12.5856,-8.1305,-12.4878,-8.53392,-3.53569,-2.03455,-4.02838,3.61239,22.3629,10.6908,1.70486,4.3793,10.5065,-9.08899,-9.08899,-6.05933,-3.02966,-3.02966,-3.02966
12.5903,-8.04435,-12.4378,-8.47547,-3.52292,-1.95887,-4.04041,3.52405,22.2745,10.6319,1.67542,4.34986,10.4771,-9.00065,-9.00065,-6.00043,-3.00022,-3.00022,-3.00022
12.5953,-7.96216,-12.3724,-8.42375,-3.52917,-1.85686,-3.98187,3.33497,20.7379,11.269,2.37255,3.97059,9.07935,-8.90613,-8.90613,-5.93742,-2.96871,-2.96871,-2.96871
12.6003,-7.87437,-12.2994,-8.37999,-3.55418,-1.82467,-3.92825,3.5354,21.4191,11.1262,2.44022,5.41274,10.2814,-8.81106,-8.81106,-5.87404,-2.93702,-2.93702,-2.93702
12.6051,-7.78873,-12.2383,-8.33938,-3.57508,-1.85546,-3.9491,3.44362,21.3273,11.065,2.40963,5.38215,10.2508,-8.71928,-8.71928,-5.81285,-2.90643,-2.90643,-2.90643
12.6102,-7.66557,-12.1771,-8.30016,-3.58885,-1.74708,-3.8852,1.9508,21.4853,11.2693,2.12026,2.85718,8.40478,-8.62122,-8.62122,-5.74748,-2.87374,-2.87374,-2.87374
12.6152,-7.56113,-12.11,-8.25321,-3.60632,-1.60384,-3.76257,3.58379,20.4155,10.2288,2.59312,4.43128,8.8114,-8.52455,-8.52455,-5.68303,-2.84152,-2.84152,-2.84152
12.6202,-7.49053,-12.0291,-8.19117,-3.63373,-1.5689,-3.65779,3.48659,20.3183,10.164,2.56072,4.39888,8.779,-8.42735,-8.42735,-5.61824,-2.80912,-2.80912,-2.80912
12.6253,-7.43085,-11.9501,-8.1185,-3.68132,-1.62983,-3.58236,3.69424,20.7308,9.50606,3.41345,6.02165,9.30053,-8.32768,-8.32768,-5.55178,-2.77589,-2.77589,-2.77589
12.6304,-7.36205,-11.8629,-8.05511,-3.79272,-1.69097,-3.57713,3.03454,19.3147,10.7162,5.19337,4.59721,10.2607,-8.22746,-8.22746,-5.48498,-2.74249,-2.74249,-2.74249
12.6354,-7.2755,-11.7619,-8.00803,-3.94094,-1.67204,-3.62001,2.93578,19.2159,10.6504,5.16045,4.56429,10.2278,-8.1287,-8.1287,-5.41914,-2.70957,-2.70957,-2.70957
12.6402,-7.18086,-11.6677,-7.96316,-4.10194,-1.66612,-3.73736,1.80822,19.3767,10.683,6.26305,5.07901,11.8603,-8.03342,-8.03342,-5.35562,-2.67781,-2.67781,-2.67781
12.6452,-7.04464,-11.567,-7.91385,-4.28256,-1.69177,-3.90118,1.70849,19.277,10.6165,6.2298,5.04576,11.8271,-7.93369,-7.93369,-5.28912,-2.64456,-2.64456,-2.64456
12.6503,-6.94099,-11.4831,-7.85525,-4.42257,-1.68854,-3.96367,2.68975,21.2236,10.1011,5.94732,4.60596,10.4268,-7.83145,-7.83145,-5.22097,-2.61048,-2.61048,-2.61048
12.6553,-6.86006,-11.428,-7.79816,-4.44587,-1.65718,-3.93157,2.58903,21.1228,10.034,5.91375,4.57239,10.3932,-7.73073,-7.73073,-5.15382,-2.57691,-2.57691,-2.57691
12.6604,-6.77025,-11.3659,-7.74134,-4.34724,-1.56385,-3.84593,1.88693,20.0149,9.8293,5.69718,3.56094,9.46458,-7.62751,-7.62751,-5.085,-2.5425,-2.5425,-2.5425
12.6654,-6.65552,-11.2916,-7.68323,-4.20652,-1.4425,-3.74999,1.78525,19.9132,9.76152,5.66329,3.52705,9.43069,-7.52583,-7.52583,-5.01722,-2.50861,-2.50861,-2.50861
12.6705,-6.56386,-11.2086,-7.61919,-4.07407,-1.38036,-3.62295,2.25236,19.1864,9.38065,6.026,4.59356,8.29472,-7.42164,-7.42164,-4.94776,-2.47388,-2.47388,-2.47388
12.6753,-6.48027,-11.1226,-7.55493,-3.96076,-1.39774,-3.45504,2.15387,19.088,9.31499,5.99317,4.56073,8.26189,-7.32315,-7.32315,-4.8821,-2.44105,-2.44105,-2.44105
12.6803,-6.39941,-11.0355,-7.48437,-3.87575,-1.42903,-3.32519,1.93657,19.2292,8.99341,7.0849,4.84102,8.88994,-7.22011,-7.22011,-4.81341,-2.4067,-2.4067,-2.4067
12.6852,-6.31846,-10.952,-7.41395,-3.78635,-1.36855,-3.29924,2.46556,19.116,9.06583,5.6849,2.6627,9.77522,-7.1187,-7.1187,-4.7458,-2.3729,-2.3729,-2.3729
12.6902,-6.23636,-10.8687,-7.34607,-3.66511,-1.20411,-3.32763,2.36164,19.0121,8.99655,5.65026,2.62806,9.74058,-7.01478,-7.01478,-4.67652,-2.33826,-2.33826,-2.33826
12.6953,-6.13518,-10.7976,-7.28416,-3.5435,-1.16428,-3.30329,1.49872,20.1112,9.42301,5.40778,5.04346,8.66182,-6.90834,-6.90834,-4.60556,-2.30278,-2.30278,-2.30278
12.7004,-6.00902,-10.735,-7.23296,-3.41769,-1.22759,-3.24854,1.30122,19.4765,9.50642,5.39699,4.44479,9.00707,-6.80146,-6.80146,-4.53431,-2.26715,-2.26715,-2.26715
12.7053,-5.8781,-10.6724,-7.18922,-3.30742,-1.25791,-3.20943,1.19812,19.3734,9.43768,5.36263,4.41043,8.97271,-6.69836,-6.69836,-4.46557,-2.23279,-2.23279,-2.23279
12.7102,-5.75581,-10.6256,-7.14068,-3.21796,-1.25081,-3.09936,1.15766,20.7434,8.88798,5.89117,3.90397,7.50577,-6.59486,-6.59486,-4.39657,-2.19829,-2.19829,-2.19829
12.7153,-5.61603,-10.5695,-7.08933,-3.14752,-1.27267,-3.07372,0.344256,18.5904,9.35929,6.07868,5.1182,10.02,-6.48672,-6.48672,-4.32448,-2.16224,-2.16224,-2.16224
12.7202,-5.45635,-10.4879,-7.04207,-3.07791,-1.37501,-3.1578,0.239965,18.4861,9.28976,6.04392,5.08344,9.9852,-6.38243,-6.38243,-4.25495,-2.12748,-2.12748,-2.12748
12.7252,-5.33107,-10.4013,-6.98491,-3.03191,-1.41101,-3.21063,1.2797,18.4857,8.77756,7.03503,3.78927,9.65151,-6.27562,-6.27562,-4.18374,-2.09187,-2.09187,-2.09187
12.7304,-5.22197,-10.3078,-6.91594,-2.99653,-1.38438,-3.21294,1.1682,18.3742,8.70324,6.99787,3.75211,9.61435,-6.16412,-6.16412,-4.10942,-2.05471,-2.05471,-2.05471
12.7352,-5.14424,-10.2295,-6.85239,-2.92864,-1.37074,-3.13623,1.70714,19.2677,8.80994,5.77112,4.13168,8.33792,-6.06084,-6.06084,-4.04056,-2.02028,-2.02028,-2.02028
12.7402,-5.07182,-10.1618,-6.78517,-2.87031,-1.31087,-3.00963,1.46523,18.6752,7.83928,7.26694,3.1021,8.37646,-5.95289,-5.95289,-3.9686,-1.9843,-1.9843,-1.9843
12.7452,-4.98871,-10.0777,-6.71103,-2.83185,-1.25935,-2.92877,1.5224,17.8774,8.34181,6.18755,4.04303,8.98619,-5.84458,-5.84458,-3.89638,-1.94819,-1.94819,-1.94819
12.7503,-4.9095,-9.98813,-6.647,-2.76923,-1.25472,-2.90742,1.41154,17.7665,8.26791,6.1506,4.00608,8.94924,-5.73372,-5.73372,-3.82248,-1.91124,-1.91124,-1.91124
12.7553,-4.85089,-9.91252,-6.58633,-2.71579,-1.23356,-2.9027,1.72408,18.6858,8.20776,6.28813,3.84553,8.93773,-5.62468,-5.62468,-3.74979,-1.87489,-1.87489,-1.87489
12.7604,-4.80611,-9.84129,-6.51844,-2.62344,-1.13079,-2.90369,2.0065,18.3063,7.82196,4.62806,2.36762,9.15722,-5.5131,-5.5131,-3.6754,-1.8377,-1.8377,-1.8377
12.7653,-4.75408,-9.7752,-6.45521,-2.49391,-0.966427,-2.89938,1.89897,18.1988,7.75027,4.59222,2.33178,9.12138,-5.40557,-5.40557,-3.60371,-1.80186,-1.80186,-1.80186
12.7703,-4.68056,-9.70797,-6.38421,-2.39877,-0.831236,-2.87609,0.78421,17.8877,6.99138,5.80581,3.02373,8.90253,-5.29551,-5.29551,-3.53034,-1.76517,-1.76517,-1.76517
12.7755,-4.56324,-9.63502,-6.30142,-2.32329,-0.757874,-2.84245,0.669401,17.7729,6.91484,5.76754,2.98546,8.86426,-5.1807,-5.1807,-3.4538,-1.7269,-1.7269,-1.7269
12.7802,-4.43067,-9.56873,-6.23353,-2.29093,-0.72477,-2.82552,-0.825485,17.724,7.49336,7.35573,3.58833,9.06969,-5.07663,-5.07663,-3.38442,-1.69221,-1.69221,-1.69221
12.7852,-4.28543,-9.50224,-6.15983,-2.27897,-0.684396,-2.81004,0.0603219,18.8541,7.13511,6.38309,2.61569,8.76773,-4.96562,-4.96562,-3.31041,-1.65521,-1.65521,-1.65521
12.7903,-4.16038,-9.42164,-6.07744,-2.26875,-0.653873,-2.73333,0.0137533,16.7864,6.99672,6.86688,3.6294,8.02608,-4.85207,-4.85207,-3.23472,-1.61736,-1.61736,-1.61736
12.7953,-4.03098,-9.32494,-5.99899,-2.26374,-0.68289,-2.62551,-0.0978713,16.6747,6.9223,6.82967,3.59219,7.98887,-4.74045,-4.74045,-3.1603,-1.58015,-1.58015,-1.58015
12.8003,-3.90044,-9.24164,-5.92716,-2.23992,-0.652473,-2.51853,-0.580148,17.7408,7.24688,6.12996,2.6358,7.80252,-4.62853,-4.62853,-3.08569,-1.54284,-1.54284,-1.54284
12.8054,-3.7522,-9.16953,-5.86154,-2.19774,-0.575699,-2.41571,-0.694598,17.6264,7.17058,6.09181,2.59765,7.76437,-4.51408,-4.51408,-3.00939,-1.50469,-1.50469,-1.50469
12.8105,-3.64762,-9.09652,-5.79941,-2.18295,-0.485299,-2.39817,0.360843,17.3816,7.30309,7.03889,2.55113,9.15029,-4.39934,-4.39934,-2.9329,-1.46645,-1.46645,-1.46645
12.8154,-3.57371,-9.01287,-5.73387,-2.17073,-0.415055,-2.43524,0.467038,16.097,6.60869,5.96705,2.50601,8.74913,-4.28884,-4.28884,-2.85923,-1.42961,-1.42961,-1.42961
12.8203,-3.49325,-8.91411,-5.65833,-2.13204,-0.365425,-2.44156,0.356278,15.9863,6.53485,5.93013,2.46909,8.71221,-4.17808,-4.17808,-2.78539,-1.39269,-1.39269,-1.39269
12.8253,-3.40148,-8.82665,-5.58367,-2.10752,-0.353693,-2.38321,-0.418917,17.3544,6.78119,6.38917,3.31729,7.57321,-4.0648,-4.0648,-2.70987,-1.35493,-1.35493,-1.35493
12.8305,-3.27216,-8.7534,-5.51323,-2.08396,-0.399496,-2.2586,-0.536989,17.2363,6.70247,6.34982,3.27794,7.53386,-3.94673,-3.94673,-2.63115,-1.31558,-1.31558,-1.31558
12.8355,-3.15448,-8.68958,-5.44902,-2.08429,-0.348144,-2.25273,-0.599548,17.6821,6.82099,7.34689,1.61713,9.69841,-3.83295,-3.83295,-2.5553,-1.27765,-1.27765,-1.27765
12.8404,-3.04608,-8.6228,-5.39213,-2.0737,-0.230528,-2.32393,-0.719161,16.4356,6.97431,5.62881,1.96077,9.09813,-3.72122,-3.72122,-2.48081,-1.24041,-1.24041,-1.24041
12.8453,-2.92279,-8.5453,-5.33955,-2.02082,-0.143312,-2.36079,-0.831115,16.3237,6.89968,5.59149,1.92345,9.06081,-3.60927,-3.60927,-2.40618,-1.20309,-1.20309,-1.20309
12.8507,-2.75899,-8.45809,-5.27524,-2.03065,-0.0642377,-2.30181,-2.1131,16.066,6.35746,7.99288,2.26312,7.33048,-3.48564,-3.48564,-2.32376,-1.16188,-1.16188,-1.16188
12.8552,-2.62544,-8.37181,-5.20956,-2.03039,-0.10538,-2.19191,-1.35739,15.1945,5.98978,5.37512,3.90956,7.3292,-3.38243,-3.38243,-2.25495,-1.12748,-1.12748,-1.12748
12.8602,-2.5203,-8.2702,-5.13994,-1.97026,-0.154057,-2.09597,-0.70397,15.123,6.39599,5.50242,2.25666,7.6635,-3.26755,-3.26755,-2.17837,-1.08918,-1.08918,-1.08918
12.8653,-2.42295,-8.16727,-5.07615,-1.9056,-0.123123,-2.02532,-0.821354,15.0057,6.31773,5.4633,2.21754,7.62438,-3.15017,-3.15017,-2.10011,-1.05006,-1.05006,-1.05006
12.8702,-2.31796,-8.06922,-5.01078,-1.84992,-0.0845342,-1.98984,-1.74597,14.9439,5.90802,5.70716,2.37032,8.11664,-3.03719,-3.03719,-2.0248,-1.0124,-1.0124,-1.0124
12.8752,-2.1804,-7.96855,-4.93989,-1.79899,-0.0696837,-2.00033,-1.86143,14.8284,5.83104,5.66867,2.33183,8.07815,-2.92173,-2.92173,-1.94782,-0.973911,-0.973911,-0.973911
12.8803,-2.06542,-7.86243,-4.8627,-1.7765,0.00419893,-1.99351,-1.23472,14.4701,5.418,6.74715,1.28235,7.50891,-2.80378,-2.80378,-1.86918,-0.934592,-0.934592,-0.934592
12.8855,-1.97697,-7.74739,-4.7808,-1.76595,0.105757,-1.9388,-1.13454,13.9517,5.46519,5.98664,1.85492,7.3694,-2.68332,-2.68332,-1.78888,-0.89444,-0.89444,-0.89444
12.8905,-1.87918,-7.63555,-4.70658,-1.73475,0.153373,-1.87683,-1.25053,13.8357,5.38786,5.94798,1.81626,7.33074,-2.56733,-2.56733,-1.71155,-0.855777,-0.855777,-0.855777
12.8956,-1.77028,-7.51962,-4.63072,-1.72494,0.249998,-1.76101,-1.76694,13.3863,5.21274,6.76961,0.890805,6.25625,-2.44886,-2.44886,-1.63257,-0.816285,-0.816285,-0.816285
12.9002,-1.6698,-7.40722,-4.563,-1.71951,0.365261,-1.605,-1.89364,12.8775,5.31697,6.05498,1.23602,5.87282,-2.34186,-2.34186,-1.56124,-0.780621,-0.780621,-0.780621
12.9052,-1.54779,-7.28352,-4.49398,-1.69824,0.449913,-1.42486,-2.01007,12.761,5.23935,6.01617,1.19721,5.83401,-2.22543,-2.22543,-1.48362,-0.741809,-0.741809,-0.741809
12.9105,-1.43907,-7.15722,-4.41634,-1.62187,0.600777,-1.25412,-1.51901,12.9802,4.78077,3.83874,0.0216581,5.95842,-2.10185,-2.10185,-1.40124,-0.700618,-0.700618,-0.700618
12.9154,-1.35864,-7.05371,-4.34231,-1.55783,0.753913,-1.19786,-1.4285,13.6223,4.84455,5.69673,0.761853,7.45209,-1.98748,-1.98748,-1.32499,-0.662493,-0.662493,-0.662493
12.9202,-1.23862,-6.9466,-4.27311,-1.52964,0.791389,-1.14066,-3.2782,12.1863,4.89727,5.21223,1.92507,5.73387,-1.87532,-1.87532,-1.25022,-0.625108,-0.625108,-0.625108
12.9256,-1.09492,-6.80248,-4.20034,-1.46271,0.816362,-1.02005,-1.8088,11.1065,5.06386,4.22621,0.781727,6.22169,-1.74902,-1.74902,-1.16601,-0.583007,-0.583007,-0.583007
12.9304,-0.993298,-6.68699,-4.13061,-1.39051,0.840852,-0.960891,-2.47277,13.1926,4.32224,3.82443,1.70475,6.52371,-1.63665,-1.63665,-1.0911,-0.545549,-0.545549,-0.545549
12.9355,-0.877653,-6.59689,-4.05096,-1.35805,0.835835,-0.955217,-2.20615,13.6878,4.3199,5.70556,1.342,6.81508,-1.51715,-1.51715,-1.01143,-0.505716,-0.505716,-0.505716
12.9403,-0.78075,-6.50664,-3.97187,-1.44934,0.855716,-1.04421,-2.14141,12.5351,3.923,9.02144,1.13888,8.18516,-1.40459,-1.40459,-0.936392,-0.468196,-0.468196,-0.468196
12.9453,-0.6721,-6.43886,-3.89044,-1.56593,0.902246,-1.24317,-2.56607,15.5934,3.83433,7.53332,0.959004,9.02372,-1.28725,-1.28725,-0.858169,-0.429084,-0.429084,-0.429084
12.9503,-0.539988,-6.36873,-3.81185,-1.57867,0.941333,-1.39139,-3.1878,12.5879,4.13225,6.22735,1.20139,8.04067,-1.16984,-1.16984,-0.779893,-0.389947,-0.389947,-0.389947
12.9552,-0.414787,-6.27839,-3.74881,-1.52914,0.980013,-1.39743,-2.79862,13.2726,4.71385,5.34441,0.922888,7.01697,-1.0547,-1.0547,-0.703136,-0.351568,-0.351568,-0.351568
12.9602,-0.31981,-6.1785,-3.68719,-1.45997,1.07048,-1.3657,-2.17939,12.1938,4.46619,5.4377,-0.159575,7.44974,-0.937155,-0.937155,-0.62477,-0.312385,-0.312385,-0.312385
12.9652,-0.213652,-6.0815,-3.61953,-1.44398,1.15026,-1.35283,-3.32927,13.5496,4.20804,7.3857,0.844502,7.16214,-0.819547,-0.819547,-0.546365,-0.273182,-0.273182,-0.273182
12.9704,-0.0816406,-5.9936,-3.54798,-1.45892,1.18591,-1.36238,-3.24282,12.9033,4.01779,6.88951,0.795434,7.89967,-0.697182,-0.697182,-0.464788,-0.232394,-0.232394,-0.232394
12.9753,0.0209323,-5.90294,-3.47464,-1.42166,1.17101,-1.29004,-2.63321,13.0952,3.87401,5.68358,1.41938,5.70014,-0.581834,-0.581834,-0.387889,-0.193945,-0.193945,-0.193945
12.9803,0.112879,-5.81177,-3.39086,-1.39017,1.18096,-1.21793,-2.93612,12.7096,3.09328,7.0271,0.361699,7.6481,-0.464096,-0.464096,-0.309397,-0.154699,-0.154699,-0.154699
12.9853,0.240837,-5.72695,-3.3031,-1.34872,1.27,-1.20509,-3.94827,13.4783,3.34499,5.75412,-0.257157,6.80568,-0.34633,-0.34633,-0.230887,-0.115443,-0.115443,-0.115443
12.9903,0.372092,-5.63771,-3.22128,-1.28199,1.32007,-1.15689,-3.52234,12.2691,3.47755,5.9467,0.912461,6.79126,-0.228542,-0.228542,-0.152361,-0.0761807,-0.0761807,-0.0761807
12.9953,0.509127,-5.54693,-3.14399,-1.20201,1.27556,-1.13376,-4.18386,12.9078,3.37812,4.63231,1.48591,7.19083,-0.11074,-0.11074,-0.0738268,-0.0369134,-0.0369134,-0.0369134
13.0005,0.669768,-5.45722,-3.06403,-1.12579,1.24389,-1.14603,-4.72402,13.0493,3.63084,5.48571,0.583953,7.01751,0.011781,0.011781,0.00785398,0.00392699,0.00392699,0.00392699
13.0054,0.838862,-5.37582,-2.99437,-1.0794,1.24408,-1.12803,-4.83947,12.9339,3.55387,5.44723,0.545469,6.97903,0.127233,0.127233,0.084822,0.042411,0.042411,0.042411
13.0103,0.970653,-5.2833,-2.92444,-1.04957,1.25421,-1.08357,-3.77686,11.6837,3.42884,5.84759,0.556668,6.69215,0.242677,0.242677,0.161785,0.0808925,0.0808925,0.0808925
13.0155,1.07504,-5.17607,-2.85475,-1.03479,1.20448,-1.01744,-3.88753,11.4154,3.45794,6.12968,1.92344,6.80864,0.365174,0.365174,0.243449,0.121725,0.121725,0.121725
13.0203,1.16256,-5.07542,-2.79408,-0.965113,1.17146,-1.00856,-3.41747,11.1921,3.46408,4.36147,0.221471,7.83079,0.478226,0.478226,0.318818,0.159409,0.159409,0.159409
13.0252,1.22814,-4.98099,-2.73318,-0.879838,1.2383,-0.925997,-3.12309,11.9356,3.33073,4.76185,0.0919313,5.18413,0.593606,0.593606,0.395737,0.197869,0.197869,0.197869
13.0302,1.29637,-4.87422,-2.66517,-0.826332,1.31531,-0.83965,-3.6072,10.4231,3.13941,5.2277,-0.129461,7.37222,0.711304,0.711304,0.474203,0.237101,0.237101,0.237101
13.0353,1.40417,-4.77295,-2.59685,-0.803934,1.42162,-0.794827,-4.51127,12.0564,3.02387,5.77558,-0.508944,5.8087,0.831311,0.831311,0.554207,0.277104,0.277104,0.277104
13.0402,1.52141,-4.69099,-2.53012,-0.767712,1.47757,-0.700949,-4.36648,11.9569,3.04318,4.4372,0.4214,5.98556,0.946561,0.946561,0.631041,0.31552,0.31552,0.31552
13.0452,1.61695,-4.59902,-2.46375,-0.696187,1.44287,-0.632391,-3.76301,11.1538,3.08395,4.13306,1.01978,5.9795,1.06411,1.06411,0.709404,0.354702,0.354702,0.354702
13.0507,1.70403,-4.49944,-2.39302,-0.661417,1.37556,-0.599235,-3.90405,11.8363,3.00198,5.74598,0.918744,6.49118,1.19333,1.19333,0.795552,0.397776,0.397776,0.397776
13.0552,1.79922,-4.41166,-2.33383,-0.654409,1.41488,-0.596483,-4.75043,9.96551,2.61804,5.34644,-0.838717,6.49736,1.29899,1.29899,0.865993,0.432997,0.432997,0.432997
13.0603,1.92459,-4.30356,-2.25493,-0.639296,1.46624,-0.656544,-4.74008,11.0199,2.03039,5.62947,0.545553,7.46763,1.41866,1.41866,0.945775,0.472887,0.472887,0.472887
13.0655,2.01721,-4.184,-2.15764,-0.647079,1.44075,-0.71427,-3.77063,9.50721,1.43705,6.58243,0.521471,6.67351,1.54059,1.54059,1.02706,0.513529,0.513529,0.513529
13.0703,2.10582,-4.06825,-2.06075,-0.659709,1.43789,-0.695716,-4.99416,9.93056,0.914823,6.66087,-0.0128135,6.48699,1.65304,1.65304,1.10203,0.551013,0.551013,0.551013
13.0752,2.22408,-3.95034,-1.94952,-0.653776,1.45485,-0.614253,-4.99066,9.31946,-0.0164537,5.72839,0.238753,5.76979,1.76774,1.76774,1.17849,0.589247,0.589247,0.589247
13.0802,2.34928,-3.81601,-1.82074,-0.643992,1.55632,-0.504623,-5.33611,8.76123,-0.669159,6.29386,-1.91162,5.7805,1.88467,1.88467,1.25645,0.628225,0.628225,0.628225
13.0852,2.46905,-3.68718,-1.69824,-0.604786,1.68722,-0.437252,-5.20865,9.11321,-0.665527,4.92184,-0.352523,5.8078,2.00149,2.00149,1.33433,0.667163,0.667163,0.667163
13.0903,2.61795,-3.56895,-1.58895,-0.522617,1.78871,-0.392275,-6.47816,9.64828,-0.788768,4.7414,-1.41892,5.9834,2.12052,2.12052,1.41368,0.706839,0.706839,0.706839
13.0952,2.75203,-3.44751,-1.49592,-0.418592,1.88261,-0.30054,-5.17399,8.37565,-1.01958,3.41992,-0.703515,4.47148,2.23475,2.23475,1.48983,0.744915,0.744915,0.744915
13.1003,2.86732,-3.32753,-1.41359,-0.322965,1.9235,-0.28426,-5.61188,9.6202,-1.36,5.07774,-0.502979,7.08978,2.3535,2.3535,1.569,0.784499,0.784499,0.784499
13.1052,2.98458,-3.21816,-1.34544,-0.288902,1.9591,-0.273628,-5.71795,8.65125,-1.27922,5.80152,-0.805924,4.78308,2.46745,2.46745,1.64497,0.822484,0.822484,0.822484
13.1102,3.10211,-3.09662,-1.28185,-0.271465,2.02247,-0.231851,-5.77498,8.21592,-1.63043,5.54753,-1.01023,6.38381,2.58358,2.58358,1.72239,0.861193,0.861193,0.861193
13.1152,3.20534,-2.99062,-1.22329,-0.213603,2.11212,-0.25659,-5.07537,9.20315,-1.70356,4.37451,-1.40493,6.18783,2.69955,2.69955,1.7997,0.899849,0.899849,0.899849
13.1204,3.28396,-2.87455,-1.15618,-0.154339,2.13831,-0.24457,-4.96334,8.13322,-1.92596,5.43561,-0.128552,5.82477,2.81998,2.81998,1.87998,0.939992,0.939992,0.939992
13.1255,3.38087,-2.7667,-1.09295,-0.0819041,2.205,-0.222931,-5.88897,8.97669,-2.01295,4.09634,-2.25442,6.1001,2.93791,2.93791,1.95861,0.979303,0.979303,0.979303
13.1303,3.5,-2.67043,-1.03058,0.00940467,2.35211,-0.208831,-5.99979,8.86587,-2.08683,4.0594,-2.29136,6.06316,3.04873,3.04873,2.03249,1.01624,1.01624,1.01624
13.1353,3.60641,-2.56187,-0.965055,0.0713198,2.5793,-0.146579,-5.74469,8.26991,-1.95675,4.97318,-3.62146,5.19674,3.16399,3.16399,2.10932,1.05466,1.05466,1.05466
13.1403,3.71196,-2.45228,-0.905625,0.104643,2.84221,-0.0506365,-5.85975,8.15485,-2.03346,4.93482,-3.65982,5.15838,3.27905,3.27905,2.18603,1.09302,1.09302,1.09302
13.1454,3.81861,-2.3444,-0.835603,0.110166,3.0514,-0.0917661,-6.3118,8.3214,-2.87441,5.86453,-2.51483,7.68613,3.3962,3.3962,2.26413,1.13207,1.13207,1.13207
13.1503,3.95907,-2.25755,-0.762072,0.0898017,3.11997,-0.20857,-7.35793,9.76535,-2.64627,6.18312,-1.73256,6.72132,3.50855,3.50855,2.33904,1.16952,1.16952,1.16952
13.1553,4.12676,-2.18411,-0.691754,0.0600135,3.12256,-0.257117,-7.47237,9.65091,-2.72255,6.14498,-1.7707,6.68318,3.62299,3.62299,2.41532,1.20766,1.20766,1.20766
13.1603,4.25859,-2.09576,-0.627011,0.0812449,3.0958,-0.267253,-6.59369,8.19711,-2.30127,4.00379,-0.989051,6.26423,3.73719,3.73719,2.49146,1.24573,1.24573,1.24573
13.1652,4.35682,-1.99219,-0.56384,0.153951,3.03649,-0.177523,-6.43748,7.9987,-2.72268,4.61239,-1.34093,5.19199,3.8489,3.8489,2.56593,1.28297,1.28297,1.28297
13.1703,4.45594,-1.88185,-0.501956,0.265015,3.00987,-0.0230635,-6.82535,7.78419,-2.0957,2.719,-1.49552,4.65652,3.96491,3.96491,2.64328,1.32164,1.32164,1.32164
13.1754,4.59734,-1.78816,-0.449585,0.363981,3.07366,0.0811874,-7.83156,9.26412,-2.25647,4.71729,-3.09075,5.81853,4.08068,4.08068,2.72045,1.36023,1.36023,1.36023
13.1802,4.72111,-1.69832,-0.386033,0.383383,3.16651,0.141248,-6.72675,7.62671,-3.24646,5.33518,-2.29898,5.21098,4.18939,4.18939,2.79293,1.39646,1.39646,1.39646
13.1854,4.85296,-1.59356,-0.317433,0.416561,3.21781,0.214219,-7.7938,8.0883,-2.52223,4.52597,-2.36299,5.21321,4.3069,4.3069,2.87126,1.43563,1.43563,1.43563
13.1906,4.99199,-1.49077,-0.246817,0.47076,3.24957,0.281712,-7.23728,7.73468,-3.48654,4.39581,-2.13711,5.08305,4.42412,4.42412,2.94941,1.47471,1.47471,1.47471
13.1954,5.11119,-1.38216,-0.178598,0.523696,3.2494,0.333624,-7.67617,6.63395,-2.78938,4.128,-1.9578,4.97256,4.53205,4.53205,3.02137,1.51068,1.51068,1.51068
13.2003,5.23346,-1.26393,-0.103535,0.561469,3.24373,0.400935,-7.59304,6.99682,-3.91602,4.61299,-2.16005,4.31491,4.64198,4.64198,3.09465,1.54733,1.54733,1.54733
13.2053,5.3537,-1.1641,-0.0213616,0.563143,3.25012,0.498405,-7.56702,8.00784,-3.65621,5.58586,-2.1725,4.16998,4.75386,4.75386,3.16924,1.58462,1.58462,1.58462
13.2103,5.45331,-1.07145,0.0560598,0.559522,3.26424,0.530037,-7.13883,7.00975,-4.02111,5.1595,-2.20142,5.45758,4.86545,4.86545,3.24363,1.62182,1.62182,1.62182
13.2153,5.55718,-0.972579,0.126845,0.574208,3.32687,0.451704,-7.99478,7.39876,-3.19451,4.93197,-3.12447,6.22365,4.97674,4.97674,3.31782,1.65891,1.65891,1.65891
13.2203,5.66506,-0.866493,0.190271,0.591804,3.4475,0.407403,-7.38868,6.17678,-3.58827,5.18477,-3.60031,5.11025,5.08772,5.08772,3.39181,1.69591,1.69591,1.69591
13.2252,5.75574,-0.746245,0.251594,0.635742,3.59872,0.489757,-7.58776,5.47332,-3.33245,3.53402,-3.81862,4.1633,5.19618,5.19618,3.46412,1.73206,1.73206,1.73206
13.2303,5.83502,-0.624296,0.316789,0.716181,3.76439,0.602627,-6.77047,6.38917,-3.77324,4.19202,-4.27842,4.37418,5.30873,5.30873,3.53916,1.76958,1.76958,1.76958
13.2353,5.90299,-0.511116,0.384211,0.780243,3.92989,0.675892,-7.43603,5.57775,-3.93854,3.42671,-4.02529,4.75151,5.41875,5.41875,3.6125,1.80625,1.80625,1.80625
13.2403,6.01533,-0.391319,0.450185,0.837179,4.02151,0.749801,-8.3416,5.91726,-3.56859,4.70667,-3.43257,3.92835,5.52844,5.52844,3.68563,1.84281,1.84281,1.84281
13.2453,6.12882,-0.265594,0.513428,0.872729,4.06621,0.795688,-7.64324,4.90962,-3.76061,4.38042,-3.45246,5.18358,5.63778,5.63778,3.75852,1.87926,1.87926,1.87926
13.2503,6.22661,-0.1431,0.591992,0.925521,4.09645,0.868906,-8.0832,5.88012,-4.93471,3.54921,-3.35631,3.57405,5.74678,5.74678,3.83119,1.91559,1.91559,1.91559
13.2557,6.3259,-0.0240342,0.682901,1.00354,4.09868,0.987896,-7.4992,5.9835,-4.2856,3.46042,-3.04766,3.97378,5.8641,5.8641,3.9094,1.9547,1.9547,1.9547
13.2604,6.38763,0.0738106,0.746979,1.03295,4.08139,1.02805,-7.22667,5.79893,-4.15907,4.90862,-3.00706,4.55258,5.96587,5.96587,3.97724,1.98862,1.98862,1.98862
13.2653,6.49172,0.182573,0.815278,1.05673,4.07466,0.971488,-9.13694,4.86188,-4.70192,4.04537,-3.19963,5.80901,6.07162,6.07162,4.04775,2.02387,2.02387,2.02387
13.2704,6.62276,0.286063,0.883808,1.07713,4.0673,0.856839,-8.10402,6.1036,-4.3445,5.08521,-2.97123,5.94633,6.1813,6.1813,4.12087,2.06043,2.06043,2.06043
13.2753,6.71324,0.381499,0.951244,1.0953,4.03194,0.900834,-7.87413,5.81339,-4.51692,4.2222,-2.94,3.17892,6.28631,6.28631,4.19088,2.09544,2.09544,2.09544
13.2806,6.80921,0.493471,1.02464,1.13536,3.98937,1.03261,-8.26704,4.88472,-4.6885,4.08512,-2.72104,4.14308,6.39948,6.39948,4.26632,2.13316,2.13316,2.13316
13.2853,6.89122,0.607808,1.09815,1.18158,3.94462,1.11387,-7.96908,4.50494,-5.07701,3.86135,-2.91169,3.60467,6.49946,6.49946,4.33297,2.16649,2.16649,2.16649
13.2904,7.00266,0.730401,1.17754,1.2512,3.94795,1.17186,-9.37343,4.79485,-4.86692,2.98076,-3.64324,4.703,6.60755,6.60755,4.40503,2.20252,2.20252,2.20252
13.2956,7.15396,0.845815,1.24838,1.3042,4.01358,1.24905,-9.43198,4.53138,-4.8586,4.04541,-3.99447,3.17601,6.71732,6.71732,4.47822,2.23911,2.23911,2.23911
13.3004,7.27404,0.948206,1.31291,1.35332,4.08066,1.29759,-8.91827,4.91905,-5.06173,3.17549,-3.73003,4.83977,6.81825,6.81825,4.5455,2.27275,2.27275,2.27275
13.3054,7.38991,1.04934,1.38094,1.42758,4.11641,1.25932,-9.023,4.81432,-5.13155,3.14058,-3.76494,4.80486,6.92298,6.92298,4.61532,2.30766,2.30766,2.30766
13.3104,7.48199,1.14249,1.46005,1.47904,4.1759,1.25952,-8.51266,5.65162,-5.94512,3.94209,-3.90735,4.08285,7.02728,7.02728,4.68485,2.34243,2.34243,2.34243
13.3153,7.56421,1.22505,1.54557,1.51038,4.21414,1.29564,-8.61445,5.54983,-6.01298,3.90816,-3.94128,4.04892,7.12907,7.12907,4.75271,2.37636,2.37636,2.37636
13.3203,7.66881,1.31948,1.62506,1.53858,4.28065,1.37601,-9.79744,4.623,-5.39015,3.98133,-4.27383,3.17817,7.2325,7.2325,4.82167,2.41083,2.41083,2.41083
13.3253,7.81602,1.4172,1.69611,1.56287,4.36837,1.472,-10.3181,4.35841,-5.8977,4.46036,-4.49032,3.18524,7.33549,7.33549,4.89032,2.44516,2.44516,2.44516
13.3304,7.93588,1.50247,1.76024,1.55567,4.46506,1.54422,-8.83877,5.55403,-5.09798,4.74014,-4.5583,3.32426,7.44007,7.44007,4.96004,2.48002,2.48002,2.48002
13.3352,8.0268,1.58989,1.82369,1.53033,4.52435,1.53963,-9.6696,4.27014,-5.68163,5.35331,-4.21837,4.71575,7.53806,7.53806,5.02537,2.51269,2.51269,2.51269
13.3404,8.13607,1.69527,1.90005,1.56753,4.55556,1.5151,-9.33793,4.46787,-5.7479,2.91689,-4.27843,4.09265,7.64373,7.64373,5.09582,2.54791,2.54791,2.54791
13.3453,8.22297,1.79675,1.97311,1.65441,4.60508,1.47784,-9.29126,4.28206,-5.72829,3.15709,-4.77515,4.72201,7.74284,7.74284,5.1619,2.58095,2.58095,2.58095
13.3504,8.33929,1.89767,2.04989,1.77777,4.6492,1.42935,-10.2213,4.59309,-6.07261,1.92227,-4.46161,4.35659,7.84551,7.84551,5.23034,2.61517,2.61517,2.61517
13.3554,8.45187,2.00295,2.12571,1.90271,4.70279,1.4989,-9.5926,3.42912,-5.91367,2.61752,-5.02492,2.48504,7.94568,7.94568,5.29712,2.64856,2.64856,2.64856
13.3603,8.55093,2.11482,2.19217,1.95646,4.75397,1.65383,-9.80061,3.15413,-5.80742,3.87664,-4.8422,2.6098,8.04337,8.04337,5.36225,2.68112,2.68112,2.68112
13.3653,8.64782,2.22712,2.25134,1.99793,4.82748,1.79587,-9.6831,3.25584,-5.49525,3.04869,-5.57907,2.75061,8.14256,8.14256,5.42837,2.71419,2.71419,2.71419
13.3707,8.71771,2.35308,2.31573,2.01778,4.91439,1.87367,-8.93862,3.02318,-5.6917,4.53669,-5.50695,3.49341,8.24912,8.24912,5.49942,2.74971,2.74971,2.74971
13.3754,8.77902,2.45802,2.3817,2.00745,4.97116,1.87008,-9.95679,3.30131,-6.5913,4.22442,-5.7033,4.03398,8.34139,8.34139,5.56093,2.78046,2.78046,2.78046
13.3805,8.87545,2.58616,2.46885,2.02189,5.05024,1.85585,-10.1234,2.00791,-6.68069,3.62818,-6.62246,3.92626,8.44099,8.44099,5.62733,2.81366,2.81366,2.81366
13.3852,8.96434,2.71051,2.53578,2.04919,5.16149,1.87129,-9.94676,2.1845,-5.80733,3.89582,-7.29874,3.56462,8.5323,8.5323,5.6882,2.8441,2.8441,2.8441
13.3903,9.05355,2.83464,2.60333,2.1005,5.28832,1.94827,-9.935,2.44444,-6.70486,2.81969,-7.59655,2.61269,8.63086,8.63086,5.75391,2.87695,2.87695,2.87695
13.3954,9.1468,2.94518,2.66989,2.16324,5.41976,2.04802,-10.0606,2.93354,-6.08049,3.50738,-8.34958,2.33162,8.72886,8.72886,5.81924,2.90962,2.90962,2.90962
13.4005,9.23397,3.05028,2.73507,2.25519,5.5728,2.20371,-9.86253,2.26089,-7.02534,2.26602,-8.80434,1.33038,8.82631,8.82631,5.8842,2.9421,2.9421,2.9421
13.4055,9.30408,3.16522,2.81045,2.36508,5.7241,2.3437,-9.65413,2.59531,-6.3927,1.721,-9.42388,2.39168,8.92129,8.92129,5.94753,2.97376,2.97376,2.97376
13.4104,9.3979,3.26649,2.86125,2.44537,5.8682,2.3982,-10.7553,2.51456,-5.69782,2.26975,-9.65345,2.33599,9.01384,9.01384,6.00923,3.00461,3.00461,3.00461
13.4153,9.50667,3.36855,2.91688,2.50934,5.995,2.38175,-10.6543,2.66295,-6.62233,1.5684,-9.93252,3.804,9.10585,9.10585,6.07057,3.03528,3.03528,3.03528
13.4203,9.60593,3.48532,2.98284,2.55552,6.08844,2.3274,-10.4561,0.82021,-6.6114,2.01752,-9.83944,2.90348,9.19919,9.19919,6.13279,3.0664,3.0664,3.0664
13.4254,9.70448,3.61615,3.0451,2.55766,6.1387,2.35209,-10.7043,1.02109,-6.42995,2.99614,-10.0614,2.4331,9.29381,9.29381,6.19587,3.09794,3.09794,3.09794
13.4303,9.78825,3.73342,3.10557,2.58807,6.20101,2.46266,-10.377,1.43504,-6.72426,0.631068,-10.7788,0.945708,9.38416,9.38416,6.2561,3.12805,3.12805,3.12805
13.4353,9.84869,3.83565,3.18189,2.47897,6.29201,2.50662,-9.86977,2.90373,-7.41443,8.24301,-11.3972,3.39089,9.47577,9.47577,6.31718,3.15859,3.15859,3.15859
13.4404,9.90466,3.9113,3.26508,2.28171,6.35636,2.44101,-10.0887,3.45698,-7.63726,5.04906,-10.9645,3.07842,9.56862,9.56862,6.37908,3.18954,3.18954,3.18954
13.4454,9.97832,3.98002,3.35776,2.23055,6.3656,2.35003,-10.4904,3.23265,-8.57953,4.00048,-11.3424,3.9922,9.65905,9.65905,6.43937,3.21968,3.21968,3.21968
13.4503,10.0686,4.06121,3.44709,2.21786,6.36939,2.26468,-10.8109,1.96261,-7.88791,4.55901,-11.8851,3.04377,9.74709,9.74709,6.49806,3.24903,3.24903,3.24903
13.4556,10.1771,4.1665,3.53362,2.214,6.33942,2.25277,-10.9055,1.86802,-7.95097,4.52748,-11.9166,3.01224,9.84168,9.84168,6.56112,3.28056,3.28056,3.28056
13.4604,10.2963,4.2645,3.60605,2.27611,6.32964,2.26737,-12.078,1.93655,-7.38904,2.28836,-12.7481,2.8928,9.92675,9.92675,6.61783,3.30892,3.30892,3.30892
13.4654,10.4405,4.36099,3.67628,2.37024,6.36452,2.29634,-11.7326,1.87224,-7.98694,3.21951,-13.2329,3.04563,10.0148,10.0148,6.67651,3.33825,3.33825,3.33825
13.4706,10.576,4.45779,3.73964,2.44718,6.38781,2.33225,-11.7447,1.77346,-7.00461,2.54337,-12.8905,2.81661,10.1056,10.1056,6.73709,3.36855,3.36855,3.36855
13.4755,10.6877,4.55313,3.79489,2.52261,6.36772,2.37616,-11.6169,1.03834,-7.92446,2.83795,-12.4966,2.63923,10.1907,10.1907,6.79377,3.39689,3.39689,3.39689
13.4805,10.7893,4.63939,3.85878,2.57167,6.26875,2.41453,-11.0884,2.42581,-7.87947,3.4468,-11.954,2.4946,10.2768,10.2768,6.85119,3.4256,3.4256,3.4256
13.4852,10.8756,4.71644,3.92499,2.61009,6.12341,2.45525,-11.1688,2.34542,-7.93307,3.42001,-11.9808,2.46781,10.3572,10.3572,6.90479,3.45239,3.45239,3.45239
13.4904,10.9815,4.82355,4.00809,2.70437,5.96124,2.4625,-11.8639,0.854442,-8.27198,1.3951,-11.6542,3.18358,10.4455,10.4455,6.96364,3.48182,3.48182,3.48182
13.4956,11.0851,4.93897,4.08571,2.8131,5.83941,2.53657,-11.4392,0.798359,-8.0106,2.34295,-12.3955,1.15063,10.533,10.533,7.02203,3.51101,3.51101,3.51101
13.5005,11.1749,5.04909,4.14463,2.83457,5.76625,2.58557,-11.8048,-0.0202289,-7.6033,4.05445,-12.1909,3.13537,10.6149,10.6149,7.07662,3.53831,3.53831,3.53831
13.5055,11.2774,5.16625,4.20358,2.85332,5.73341,2.63239,-12.0532,0.385361,-7.8613,2.60265,-13.0631,1.25301,10.6978,10.6978,7.13189,3.56595,3.56595,3.56595
13.5105,11.4045,5.27815,4.26456,2.94197,5.75796,2.69237,-12.8092,-0.34699,-8.29652,1.58164,-13.2147,2.49244,10.7801,10.7801,7.18673,3.59336,3.59336,3.59336
13.5152,11.509,5.38918,4.32871,3.02071,5.79426,2.67548,-11.8379,0.100301,-8.19509,2.52483,-13.3314,3.04647,10.8568,10.8568,7.23787,3.61893,3.61893,3.61893
13.5203,11.5873,5.50076,4.39479,3.07328,5.88491,2.62864,-11.5422,0.135933,-8.33373,2.52214,-14.2532,2.84506,10.9394,10.9394,7.29291,3.64646,3.64646,3.64646
13.5253,11.6575,5.60137,4.45643,3.09315,6.0392,2.62419,-11.8392,0.615165,-8.15107,3.20747,-14.6856,2.03171,11.0196,11.0196,7.34642,3.67321,3.67321,3.67321
13.5303,11.7253,5.69706,4.514,3.12763,6.21255,2.65719,-11.6508,-0.000222438,-8.37551,2.36122,-14.7369,2.41918,11.0992,11.0992,7.39948,3.69974,3.69974,3.69974
13.5353,11.7806,5.79542,4.57458,3.16312,6.36599,2.71557,-11.4854,0.693074,-8.16059,3.08012,-14.7632,1.65596,11.1781,11.1781,7.45208,3.72604,3.72604,3.72604
13.5403,11.8531,5.87978,4.62564,3.24112,6.49614,2.81301,-12.3398,0.520361,-8.17512,1.21589,-14.5906,1.32353,11.2563,11.2563,7.50423,3.75211,3.75211,3.75211
13.5454,11.9178,5.96307,4.69039,3.32124,6.5688,2.93078,-11.2763,1.1544,-9.0053,2.15829,-13.9546,1.04877,11.3354,11.3354,7.55693,3.77847,3.77847,3.77847
13.5504,11.9988,6.05579,4.75909,3.34393,6.53264,2.98682,-12.9606,-0.281708,-8.3898,3.25049,-12.9369,2.04161,11.4122,11.4122,7.60814,3.80407,3.80407,3.80407
13.5552,12.0907,6.14699,4.82213,3.34033,6.46368,2.90098,-11.9187,0.52782,-9.01953,3.19301,-13.367,3.67325,11.4853,11.4853,7.65685,3.82843,3.82843,3.82843
13.5605,12.1776,6.23976,4.88927,3.36328,6.43625,2.83887,-12.4241,-0.135305,-8.70289,2.15621,-13.7414,1.60145,11.5652,11.5652,7.71014,3.85507,3.85507,3.85507
13.5652,12.2625,6.3184,4.94896,3.40518,6.45775,2.9636,-12.3761,0.708589,-9.20113,2.72069,-14.3527,0.25325,11.6354,11.6354,7.75694,3.87847,3.87847,3.87847
13.5703,12.3348,6.39872,5.01528,3.4292,6.52709,3.04551,-11.8409,0.420426,-8.84807,3.0847,-14.5186,2.49682,11.7109,11.7109,7.80725,3.90362,3.90362,3.90362
13.5755,12.3933,6.48034,5.06547,3.47318,6.57211,3.05191,-11.9565,0.363956,-8.1778,2.13195,-14.0306,1.55235,11.787,11.787,7.85803,3.92901,3.92901,3.92901
13.5802,12.4295,6.56131,5.12299,3.53759,6.62517,3.08298,-11.276,0.236687,-9.49606,1.97674,-14.8647,1.96846,11.8552,11.8552,7.90348,3.95174,3.95174,3.95174
13.5853,12.4661,6.6564,5.19512,3.60935,6.74726,3.11296,-12.0585,-0.301552,-8.98685,1.98545,-15.237,1.81157,11.9285,11.9285,7.9523,3.97615,3.97615,3.97615
13.5903,12.5127,6.75055,5.24069,3.63873,6.80952,3.13933,-11.6646,-0.317413,-7.83875,3.1872,-14.0517,1.9038,11.9995,11.9995,7.99968,3.99984,3.99984,3.99984
13.5953,12.5538,6.85249,5.31323,3.64857,6.80918,3.1255,-11.8689,-1.04963,-10.9788,2.21156,-14.2657,2.24468,12.0698,12.0698,8.04656,4.02328,4.02328,4.02328
13.6003,12.5919,6.94233,5.38701,3.67043,6.84266,3.09569,-11.6075,0.373992,-8.32075,2.63549,-14.7939,2.35397,12.1394,12.1394,8.09294,4.04647,4.04647,4.04647
13.6053,12.6509,7.01697,5.43038,3.68978,6.9341,3.13033,-12.6495,-0.289735,-9.10649,2.62911,-15.3882,0.915148,12.2082,12.2082,8.13882,4.06941,4.06941,4.06941
13.6106,12.7457,7.10328,5.49594,3.71177,7.02841,3.22115,-12.7571,0.0163307,-9.59766,2.5471,-14.9734,0.957344,12.2804,12.2804,8.18691,4.09346,4.09346,4.09346
13.6152,12.8171,7.18783,5.5568,3.77264,7.14898,3.1954,-12.4684,-1.12509,-9.29827,0.795945,-16.3023,2.8825,12.3423,12.3423,8.22819,4.1141,4.1141,4.1141
13.6202,12.8912,7.28565,5.6126,3.87002,7.33033,3.08483,-12.5349,-1.19166,-9.34265,0.773754,-16.3245,2.86031,12.4089,12.4089,8.27257,4.13629,4.13629,4.13629
13.6254,12.991,7.38799,5.66131,3.91759,7.45849,3.03514,-13.5726,-1.58318,-8.89294,2.42351,-15.2129,1.99295,12.4773,12.4773,8.31819,4.15909,4.15909,4.15909
13.6303,13.0817,7.48355,5.72004,3.93781,7.51979,3.05308,-12.5883,-0.86679,-10.1706,2.12075,-15.5487,1.45007,12.541,12.541,8.36066,4.18033,4.18033,4.18033
13.6353,13.1529,7.58677,5.79741,3.94938,7.53565,3.06273,-12.8771,-1.88054,-10.1173,3.03497,-14.5683,2.12417,12.6052,12.6052,8.40349,4.20175,4.20175,4.20175
13.6403,13.2235,7.68861,5.8536,3.95052,7.51033,3.05012,-12.6805,-1.46331,-9.01428,2.69918,-14.9372,2.06162,12.6687,12.6687,8.4458,4.2229,4.2229,4.2229
13.6452,13.2747,7.7909,5.93684,3.95312,7.5598,3.06482,-12.3874,-1.46965,-11.9394,3.02646,-16.0258,1.58574,12.7301,12.7301,8.48676,4.24338,4.24338,4.24338
13.6503,13.3228,7.8695,6.02182,3.91387,7.66011,3.10554,-12.5687,0.173206,-9.64492,4.47097,-15.8564,1.34941,12.7933,12.7933,8.52886,4.26443,4.26443,4.26443
13.6553,13.3693,7.95033,6.08461,3.87266,7.67072,3.1942,-12.4486,-1.78301,-10.4778,3.82132,-14.5272,0.948158,12.8544,12.8544,8.5696,4.2848,4.2848,4.2848
13.6603,13.4073,8.04656,6.14055,3.90015,7.61913,3.26287,-12.3592,-1.85513,-9.46254,2.87385,-14.7377,1.82229,12.9147,12.9147,8.60982,4.30491,4.30491,4.30491
13.6652,13.4592,8.13563,6.17225,3.98946,7.53933,3.28858,-12.9179,-1.97657,-9.08343,1.93532,-14.0037,1.51304,12.9731,12.9731,8.64871,4.32436,4.32436,4.32436
13.6705,13.5116,8.23698,6.22023,4.11848,7.48431,3.33233,-12.3025,-2.29091,-10.4834,1.16938,-15.1257,1.35982,13.0353,13.0353,8.6902,4.3451,4.3451,4.3451
13.6752,13.537,8.32172,6.27135,4.23308,7.51591,3.36855,-12.156,-1.37214,-9.72133,0.952513,-15.5826,1.24231,13.0897,13.0897,8.72649,4.36325,4.36325,4.36325
13.6803,13.5722,8.40811,6.31951,4.32068,7.59003,3.39844,-12.7343,-1.4462,-9.67867,2.08401,-15.7097,1.57065,13.148,13.148,8.76534,4.38267,4.38267,4.38267
13.6853,13.6137,8.4874,6.37238,4.36933,7.66607,3.48038,-12.436,-1.2109,-10.3871,1.78373,-15.7616,0.0780451,13.2043,13.2043,8.80287,4.40143,4.40143,4.40143
13.6902,13.6467,8.56178,6.42576,4.41552,7.69503,3.56458,-12.4904,-1.54899,-10.0158,1.7656,-14.869,1.12804,13.2587,13.2587,8.83913,4.41956,4.41956,4.41956
13.6954,13.6939,8.63622,6.47263,4.44726,7.69982,3.54873,-12.8388,-1.18824,-9.89486,2.50013,-15.4261,2.01989,13.3155,13.3155,8.87703,4.43851,4.43851,4.43851
13.7003,13.7522,8.70556,6.52604,4.49128,7.69929,3.54514,-12.9704,-1.34741,-10.6845,1.3399,-14.9634,0.677498,13.3683,13.3683,8.9122,4.4561,4.4561,4.4561
13.7052,13.8018,8.77355,6.5804,4.56805,7.71273,3.56209,-12.6244,-1.48208,-10.3158,0.428335,-15.552,1.44677,13.4203,13.4203,8.94685,4.47343,4.47343,4.47343
13.7104,13.8529,8.86031,6.64382,4.57844,7.71829,3.4908,-12.8481,-2.12346,-10.8201,2.80316,-15.0071,2.63756,13.4746,13.4746,8.98304,4.49152,4.49152,4.49152
13.7154,13.9176,8.93886,6.69718,4.52828,7.65429,3.44008,-13.3565,-1.1464,-9.77176,2.67841,-14.1714,1.10521,13.5259,13.5259,9.01727,4.50863,4.50863,4.50863
13.7203,13.9864,9.01564,6.75027,4.50314,7.55891,3.53328,-13.2563,-1.98391,-10.8623,2.33898,-14.1631,-0.360298,13.5754,13.5754,9.05028,4.52514,4.52514,4.52514
13.7252,14.0503,9.09568,6.80121,4.51779,7.53935,3.62101,-13.2104,-2.17842,-10.0776,1.26291,-15.5869,1.26291,13.6241,13.6241,9.08275,4.54137,4.54137,4.54137
13.7303,14.1176,9.18406,6.83274,4.55703,7.54494,3.6747,-13.2997,-2.59076,-9.27481,1.52781,-14.701,0.0705345,13.674,13.674,9.11597,4.55799,4.55799,4.55799
13.7352,14.1738,9.27107,6.88157,4.57681,7.52853,3.69752,-13.1734,-2.14921,-11.3084,2.15797,-14.8657,1.70257,13.721,13.721,9.14734,4.57367,4.57367,4.57367
13.7402,14.2314,9.35437,6.9342,4.59611,7.51027,3.6765,-13.323,-3.26809,-10.3074,1.55436,-14.7407,1.13208,13.7682,13.7682,9.17879,4.5894,4.5894,4.5894
13.7452,14.2889,9.44205,6.97583,4.633,7.42159,3.6789,-13.2629,-2.76672,-10.5117,1.62172,-13.5141,1.32364,13.8145,13.8145,9.20968,4.60484,4.60484,4.60484
13.7503,14.3476,9.52556,7.02399,4.70187,7.29248,3.69841,-13.3763,-2.5728,-10.7224,0.322861,-13.7945,0.496741,13.8609,13.8609,9.2406,4.6203,4.6203,4.6203
13.7552,14.3963,9.58432,7.0694,4.76169,7.30744,3.73036,-13.2309,-1.48182,-10.9731,1.46749,-15.9702,0.788528,13.9046,13.9046,9.26974,4.63487,4.63487,4.63487
13.7603,14.45,9.64017,7.12274,4.79396,7.42511,3.74198,-13.2755,-1.52645,-11.0028,1.45261,-15.985,0.773651,13.9492,13.9492,9.2995,4.64975,4.64975,4.64975
13.7654,14.4855,9.71361,7.17074,4.83939,7.41448,3.81116,-12.9568,-2.83488,-10.2901,0.916392,-13.2838,-0.400128,13.993,13.993,9.32866,4.66433,4.66433,4.66433
13.7702,14.5211,9.78727,7.22486,4.85915,7.32183,3.93004,-13.2611,-2.15813,-11.782,1.38318,-14.4151,-0.496375,14.0333,14.0333,9.35555,4.67778,4.67778,4.67778
13.7752,14.5682,9.85457,7.29581,4.85906,7.28838,4.04113,-13.3023,-2.1993,-11.8095,1.36946,-14.4288,-0.5101,14.0745,14.0745,9.383,4.6915,4.6915,4.6915
13.7803,14.6009,9.93292,7.36169,4.86116,7.36326,4.01575,-12.9651,-3.3082,-11.4314,1.14048,-16.1316,1.93536,14.1156,14.1156,9.4104,4.7052,4.7052,4.7052
13.7855,14.6257,10.0131,7.41547,4.84756,7.37903,3.94149,-12.9194,-2.77788,-11.1411,2.71658,-13.5453,0.696259,14.1566,14.1566,9.43772,4.71886,4.71886,4.71886
13.7905,14.6489,10.0852,7.45324,4.83676,7.30242,3.97735,-12.9422,-2.54849,-10.2033,1.99166,-14.2206,-0.194257,14.1951,14.1951,9.46339,4.7317,4.7317,4.7317
13.7953,14.6712,10.1478,7.48473,4.85022,7.24553,3.97045,-12.8404,-2.10784,-10.7248,1.73949,-13.9511,1.36689,14.2312,14.2312,9.48749,4.74375,4.74375,4.74375
13.8005,14.7009,10.2035,7.52314,4.91203,7.19804,3.94922,-13.0678,-1.78758,-10.7377,0.236345,-14.353,0.269465,14.2695,14.2695,9.51299,4.75649,4.75649,4.75649
13.8053,14.7312,10.2652,7.56804,4.97083,7.15503,3.93673,-12.7437,-2.12934,-10.7712,0.978339,-13.9836,1.46686,14.3039,14.3039,9.53596,4.76798,4.76798,4.76798
13.8105,14.7576,10.3321,7.61824,5.0053,7.08178,3.93353,-12.7801,-2.30755,-11.2406,1.28912,-13.6066,0.295522,14.3404,14.3404,9.56024,4.78012,4.78012,4.78012
13.8154,14.788,10.3902,7.66902,5.04433,7.09976,3.99017,-12.8766,-1.98639,-11.3298,0.772896,-15.3897,0.400296,14.3738,14.3738,9.58253,4.79126,4.79126,4.79126
13.8203,14.8257,10.4534,7.71432,5.08869,7.20822,4.05313,-12.6452,-2.72038,-10.8165,0.612995,-15.5164,-0.0328453,14.4064,14.4064,9.60425,4.80213,4.80213,4.80213
13.8255,14.8582,10.5172,7.75467,5.10994,7.2857,4.07832,-12.2415,-2.06842,-10.9977,2.10046,-14.7411,1.06546,14.44,14.44,9.62668,4.81334,4.81334,4.81334
13.8303,14.8771,10.5769,7.79253,5.11942,7.32245,4.03064,-11.8462,-2.76052,-10.9154,1.19615,-14.8008,1.22927,14.4702,14.4702,9.64682,4.82341,4.82341,4.82341
13.8355,14.8862,10.6558,7.83215,5.15077,7.3314,3.9488,-11.3224,-3.82462,-11.154,1.19383,-14.3063,1.71547,14.502,14.502,9.66801,4.83401,4.83401,4.83401
13.8404,14.8817,10.7417,7.86697,5.22098,7.30869,3.89137,-10.8472,-4.33829,-10.9978,-0.397336,-14.2084,1.15102,14.5311,14.5311,9.68739,4.8437,4.8437,4.8437
13.8454,14.863,10.8201,7.90376,5.25516,7.34293,3.92811,-10.214,-2.74777,-11.1236,1.94459,-15.4103,-0.299289,14.5599,14.5599,9.70658,4.85329,4.85329,4.85329
13.8502,14.8304,10.889,7.92987,5.26019,7.36507,3.98825,-9.72075,-3.90135,-10.3347,0.635704,-14.0282,0.594304,14.5866,14.5866,9.72443,4.86222,4.86222,4.86222
13.8554,14.7905,10.9671,7.95966,5.28178,7.31085,4.07306,-9.36665,-2.96413,-11.0139,1.5951,-14.0127,-0.897175,14.6147,14.6147,9.74315,4.87158,4.87158,4.87158
13.8602,14.7554,11.0227,7.99643,5.29478,7.3207,4.0729,-8.98982,-2.78428,-11.5405,1.38803,-15.1637,1.87655,14.6398,14.6398,9.75985,4.87993,4.87993,4.87993
13.8653,14.7232,11.0842,8.03648,5.30541,7.46897,4.03725,-8.80277,-3.44439,-11.1898,1.20558,-16.4143,-0.0529751,14.6655,14.6655,9.77699,4.8885,4.8885,4.8885
13.8704,14.7238,11.1512,8.06928,5.33315,7.58195,4.06167,-8.89845,-3.43765,-11.1395,1.06485,-14.8659,0.51009,14.6903,14.6903,9.7935,4.89675,4.89675,4.89675
13.8756,14.7413,11.2172,8.10779,5.33367,7.58187,4.1138,-8.45387,-3.54463,-11.6823,2.00896,-14.4682,-0.201804,14.7145,14.7145,9.80969,4.90484,4.90484,4.90484
13.8802,14.7667,11.2647,8.13756,5.36127,7.57806,4.18013,-8.36421,-2.79309,-11.1255,0.41231,-14.9139,-0.42397,14.7352,14.7352,9.82346,4.91173,4.91173,4.91173
13.8852,14.7989,11.3123,8.17342,5.39334,7.56885,4.1934,-8.07848,-3.13378,-12.0135,0.819115,-14.118,0.628675,14.7568,14.7568,9.83785,4.91893,4.91893,4.91893
13.8906,14.8621,11.3682,8.19493,5.49635,7.49927,4.17652,-8.5381,-3.96376,-10.4337,-1.68887,-13.935,-0.165355,14.7791,14.7791,9.85271,4.92635,4.92635,4.92635
13.8952,14.9397,11.4309,8.20354,5.60135,7.48213,4.15233,-8.67051,-3.78101,-10.3309,-1.02424,-14.8767,0.830476,14.7972,14.7972,9.86481,4.9324,4.9324,4.9324
13.9002,15.0405,11.4846,8.21539,5.68212,7.58942,4.18251,-8.93364,-2.34206,-10.45,-1.32033,-16.2657,-1.20441,14.8161,14.8161,9.87737,4.93869,4.93869,4.93869
13.9053,15.159,11.5401,8.23705,5.74772,7.68917,4.22716,-9.22773,-3.69995,-10.9492,-0.895862,-14.7235,0.503458,14.8343,14.8343,9.88956,4.94478,4.94478,4.94478
13.9104,15.2767,11.5919,8.25862,5.73496,7.64015,4.26124,-9.01654,-3.08688,-10.9628,1.8142,-13.6528,-0.9182,14.8517,14.8517,9.90112,4.95056,4.95056,4.95056
13.9152,15.3766,11.6328,8.27616,5.67207,7.58318,4.32847,-9.26838,-3.03922,-10.7244,1.52753,-14.2873,-0.393428,14.8671,14.8671,9.91142,4.95571,4.95571,4.95571
13.9203,15.4924,11.6894,8.29755,5.65768,7.6027,4.38895,-9.49268,-3.9176,-10.7389,-0.150188,-14.9631,-0.862268,14.8826,14.8826,9.92174,4.96087,4.96087,4.96087
13.9254,15.6064,11.765,8.34295,5.72952,7.55192,4.42776,-9.41265,-4.13703,-12.0026,-2.53967,-12.7655,-0.171591,14.8971,14.8971,9.93142,4.96571,4.96571,4.96571
13.9303,15.7135,11.8345,8.39763,5.8266,7.39807,4.41446,-9.42571,-4.15009,-12.0113,-2.54402,-12.7698,-0.175943,14.9102,14.9102,9.94013,4.97006,4.97006,4.97006
13.9353,15.8101,11.903,8.43246,5.87858,7.30757,4.41827,-9.36326,-4.1625,-10.4521,-1.38896,-13.7013,-0.67688,14.9226,14.9226,9.9484,4.9742,4.9742,4.9742
13.9404,15.8882,11.9795,8.4747,5.75598,7.36766,4.31449,-8.85095,-3.84321,-11.8539,3.93946,-15.3364,2.0185,14.9343,14.9343,9.95621,4.9781,4.9781,4.9781
13.9454,15.9354,12.0213,8.55003,5.45065,7.43986,4.15397,-8.42023,-1.36767,-13.4368,6.61868,-13.8826,0.715018,14.9449,14.9449,9.96324,4.98162,4.98162,4.98162
13.9503,15.9755,12.0559,8.61355,5.23057,7.40587,4.11718,-8.46907,-3.64261,-11.6415,2.88951,-13.4718,-0.223771,14.9543,14.9543,9.96954,4.98477,4.98477,4.98477
13.9553,16.0176,12.1211,8.651,5.19698,7.41844,4.14785,-8.36354,-4.23444,-11.4697,0.51024,-14.9402,-0.43368,14.963,14.963,9.97536,4.98768,4.98768,4.98768
13.9603,16.045,12.2097,8.68559,5.24334,7.40311,4.17887,-7.83944,-5.44786,-11.291,0.789159,-12.7652,0.019119,14.9708,14.9708,9.98056,4.99028,4.99028,4.99028
13.9652,16.0403,12.2939,8.7197,5.30863,7.33739,4.22169,-7.29853,-4.20959,-11.6612,0.613028,-13.7445,-0.703492,14.9776,14.9776,9.98506,4.99253,4.99253,4.99253
13.9703,16.0273,12.3381,8.7369,5.3602,7.23915,4.22592,-7.24158,-2.74208,-10.9045,1.38932,-12.5045,1.00844,14.9837,14.9837,9.98912,4.99456,4.99456,4.99456
13.9753,16.0075,12.3715,8.74337,5.42934,7.14551,4.18569,-7.18751,-3.74791,-11.0396,-0.00339713,-13.6157,0.195323,14.9887,14.9887,9.99247,4.99624,4.99624,4.99624
13.9803,15.9836,12.3922,8.74646,5.52543,7.07176,4.1994,-6.85672,-2.14052,-11.1071,0.193954,-12.8636,0.00351374,14.9928,14.9928,9.99521,4.99761,4.99761,4.99761
13.9854,15.9574,12.4168,8.77412,5.59461,6.99024,4.15497,-7.09242,-2.92786,-12.1605,0.664835,-13.08,1.13679,14.9961,14.9961,9.99737,4.99869,4.99869,4.99869
13.9902,15.9622,12.4549,8.80778,5.61033,6.98863,4.10067,-7.92198,-3.64312,-11.7126,2.26215,-14.0908,0.432272,14.9982,14.9982,9.99882,4.99941,4.99941,4.99941
13.9953,15.9817,12.5113,8.83803,5.6493,7.01803,4.09117,-7.58451,-3.90059,-11.3791,-0.122944,-13.4703,0.307616,14.9996,14.9996,9.99973,4.99986,4.99986,4.99986
14.0003,15.9845,12.5593,8.86256,5.72551,6.93275,4.07722,-7.32094,-3.4597,-11.6929,-0.114799,-11.7316,0.605561,15,15,10,5,5,5
14.0056,15.988,12.5991,8.88803,5.79337,6.73838,4.03686,-7.32036,-3.45912,-11.6925,-0.114607,-11.7314,0.605753,14.9994,14.9994,9.99961,4.99981,4.99981,4.99981
14.0102,15.9923,12.6253,8.90665,5.83022,6.69571,4.03459,-8.00851,-2.59497,-11.2506,0.548242,-13.9832,-0.163838,14.9981,14.9981,9.99872,4.99936,4.99936,4.99936
14.0152,16.0127,12.648,8.91775,5.85034,6.69796,4.06384,-7.66338,-3.44762,-11.3473,0.491065,-12.492,-0.0222949,14.9957,14.9957,9.99715,4.99857,4.99857,4.99857
14.0202,16.0328,12.6851,8.93408,5.86276,6.6304,4.06643,-7.66011,-3.44435,-11.3451,0.492157,-12.4909,-0.0212032,14.9924,14.9924,9.99497,4.99748,4.99748,4.99748
14.0255,16.0353,12.7198,8.95211,5.85827,6.58099,4.06956,-7.58077,-2.20267,-10.7904,1.00701,-12.4563,-0.243269,14.988,14.988,9.99198,4.99599,4.99599,4.99599
14.0302,16.0503,12.7268,8.95003,5.84462,6.52455,4.08625,-7.57593,-2.19783,-10.7871,1.00862,-12.4547,-0.241655,14.9831,14.9831,9.98875,4.99438,4.99438,4.99438
14.0353,16.0786,12.7391,8.95628,5.85175,6.45059,4.05944,-8.43261,-2.77475,-11.4832,0.257205,-11.9806,0.704325,14.9769,14.9769,9.98463,4.99232,4.99232,4.99232
14.0403,16.0919,12.7637,8.97283,5.84542,6.44698,4.02219,-7.34606,-3.24846,-11.4639,1.43529,-13.3693,0.0276949,14.97,14.97,9.97997,4.98999,4.98999,4.98999
14.0455,16.0925,12.7924,8.98662,5.82057,6.52074,4.02009,-7.33781,-3.24021,-11.4584,1.43804,-13.3666,0.0304449,14.9617,14.9617,9.97447,4.98724,4.98724,4.98724
14.0503,16.0579,12.8292,9.00178,5.78568,6.51542,3.9456,-6.65162,-3.8148,-11.25,2.31856,-11.4759,1.5982,14.9532,14.9532,9.9688,4.9844,4.9844,4.9844
14.0552,16.0202,12.8702,9.01092,5.74096,6.40713,3.80317,-6.64207,-3.80525,-11.2436,2.32174,-11.4727,1.60138,14.9436,14.9436,9.96243,4.98122,4.98122,4.98122
14.0602,15.9707,12.9067,9.01983,5.76062,6.29351,3.79379,-6.58413,-3.06179,-11.0547,0.0814182,-11.1463,-0.796262,14.933,14.933,9.95532,4.97766,4.97766,4.97766
14.0655,15.9057,12.9395,9.02795,5.81516,6.14417,3.88762,-6.2842,-3.70748,-11.3411,0.0938011,-10.7282,-0.394719,14.9207,14.9207,9.94712,4.97356,4.97356,4.97356
14.0703,15.8627,12.9749,9.03822,5.85227,5.98898,3.94876,-6.27216,-3.69544,-11.3331,0.0978143,-10.7241,-0.390706,14.9086,14.9086,9.93909,4.96955,4.96955,4.96955
14.0752,15.8142,13,9.05189,5.85385,5.89439,4.04984,-6.33385,-1.84227,-11.0004,1.29452,-11.5643,-1.3054,14.8955,14.8955,9.93031,4.96516,4.96516,4.96516
14.0803,15.7727,13.0103,9.07811,5.81011,5.946,4.20276,-6.96537,-2.06003,-12.1589,1.97836,-12.9919,-1.54064,14.8808,14.8808,9.92056,4.96028,4.96028,4.96028
14.0853,15.7697,13.0215,9.11534,5.73973,6.06885,4.34515,-6.95009,-2.04475,-12.1488,1.98346,-12.9868,-1.53554,14.8656,14.8656,9.91037,4.95518,4.95518,4.95518
14.0904,15.7372,13.0388,9.1591,5.676,6.19495,4.36437,-6.051,-2.09922,-12.3028,1.59981,-12.9813,0.581365,14.849,14.849,9.89935,4.94967,4.94967,4.94967
14.0952,15.6948,13.0545,9.19936,5.63548,6.30108,4.27264,-6.03458,-2.0828,-12.2919,1.60528,-12.9758,0.586841,14.8326,14.8326,9.8884,4.9442,4.9442,4.9442
14.1003,15.6483,13.0893,9.24922,5.62455,6.37378,4.21294,-6.61114,-3.27792,-12.4573,0.692327,-12.0837,-0.0528726,14.8142,14.8142,9.87615,4.93807,4.93807,4.93807
14.1053,15.6424,13.1206,9.28588,5.64783,6.36491,4.19189,-6.5922,-3.25898,-12.4447,0.698641,-12.0774,-0.0465589,14.7953,14.7953,9.86352,4.93176,4.93176,4.93176
14.1102,15.6415,13.1465,9.29985,5.66506,6.27863,4.15182,-7.05737,-3.07793,-10.8684,1.22676,-10.6219,0.415324,14.7758,14.7758,9.85055,4.92528,4.92528,4.92528
14.1153,15.6556,13.1582,9.29248,5.68933,6.22044,4.07091,-7.312,-1.96936,-10.8396,0.563141,-12.4033,0.977141,14.7547,14.7547,9.83644,4.91822,4.91822,4.91822
14.1203,15.6657,13.1529,9.29352,5.74042,6.21306,4.0549,-6.91996,-1.75458,-11.7343,0.330246,-11.4853,-0.563994,14.733,14.733,9.82199,4.91099,4.91099,4.91099
14.1254,15.6513,13.1529,9.29868,5.77612,6.08213,4.11323,-6.43594,-1.98374,-10.8056,1.09969,-9.74711,-0.779873,14.7099,14.7099,9.80663,4.90331,4.90331,4.90331
14.1303,15.5924,13.1626,9.30475,5.79955,5.9591,4.16914,-5.69977,-1.84641,-11.1958,0.594004,-11.0228,-0.606596,14.6869,14.6869,9.79127,4.89564,4.89564,4.89564
14.1353,15.5378,13.1621,9.30744,5.83213,5.90341,4.21108,-5.67537,-1.82201,-11.1795,0.602137,-11.0147,-0.598463,14.6625,14.6625,9.77501,4.8875,4.8875,4.8875
14.1403,15.4776,13.1736,9.32056,5.87957,5.84503,4.24374,-5.65401,-2.79751,-11.8481,-0.0849493,-10.6585,-0.498949,14.6372,14.6372,9.75814,4.87907,4.87907,4.87907
14.1455,15.4352,13.2003,9.35108,5.90541,5.80767,4.25509,-6.47384,-2.32104,-11.8613,0.454061,-11.1131,-0.415339,14.6099,14.6099,9.73996,4.86998,4.86998,4.86998
14.1503,15.4142,13.235,9.3746,5.82233,5.80118,4.2869,-6.64086,-2.9491,-10.8784,4.11422,-10.3923,-0.911739,14.5839,14.5839,9.7226,4.8613,4.8613,4.8613
14.1552,15.421,13.2687,9.37712,5.6784,5.73754,4.34418,-6.61342,-2.92166,-10.8601,4.12337,-10.3832,-0.902593,14.5565,14.5565,9.70431,4.85215,4.85215,4.85215
14.1602,15.4101,13.3074,9.38754,5.69313,5.65649,4.36881,-6.69485,-2.63667,-11.0017,-1.249,-9.88504,-0.255405,14.5276,14.5276,9.68505,4.84252,4.84252,4.84252
14.1652,15.4272,13.3286,9.38602,5.84287,5.54171,4.36172,-6.66507,-2.60689,-10.9819,-1.23908,-9.87512,-0.245478,14.4978,14.4978,9.6652,4.8326,4.8326,4.8326
14.1705,15.4411,13.359,9.37452,5.97326,5.46203,4.29744,-6.80195,-3.46475,-10.2851,-0.416789,-10.419,0.874891,14.4652,14.4652,9.6435,4.82175,4.82175,4.82175
14.1752,15.4143,13.3876,9.37661,6.05308,5.41049,4.25001,-5.51145,-2.03245,-11.4587,-0.28269,-9.68877,-0.37377,14.4355,14.4355,9.6237,4.81185,4.81185,4.81185
14.1802,15.3711,13.3838,9.37729,6.11842,5.30796,4.25576,-5.47899,-1.99999,-11.4371,-0.27187,-9.67795,-0.36295,14.4031,14.4031,9.60206,4.80103,4.80103,4.80103
14.1852,15.3388,13.4028,9.39531,6.17223,5.32013,4.23889,-6.84434,-3.37714,-12.1296,-0.103434,-11.4884,-0.00407419,14.3697,14.3697,9.57983,4.78991,4.78991,4.78991
14.1902,15.3692,13.4186,9.40806,6.20125,5.40896,4.20582,-6.81011,-3.34291,-12.1068,-0.092023,-11.477,0.00733704,14.3355,14.3355,9.55701,4.7785,4.7785,4.7785
14.1953,15.3772,13.4329,9.40811,6.22998,5.46052,4.2207,-6.3527,-2.77908,-10.762,-0.403,-10.6868,-0.8584,14.2997,14.2997,9.53312,4.76656,4.76656,4.76656
14.2003,15.3573,13.4388,9.40652,6.19886,5.40345,4.21419,-5.98572,-1.68326,-11.3734,2.15925,-9.01047,0.395606,14.2637,14.2637,9.50911,4.75455,4.75455,4.75455
14.2053,15.3406,13.4255,9.40589,6.11008,5.25749,4.13748,-5.94882,-1.64636,-11.3488,2.17155,-8.99817,0.407905,14.2268,14.2268,9.48451,4.74225,4.74225,4.74225
14.2102,15.3262,13.4168,9.408,6.07752,5.10465,4.14202,-6.68011,-0.927753,-10.7452,0.304322,-8.30688,-1.20264,14.1898,14.1898,9.45984,4.72992,4.72992,4.72992
14.2153,15.3214,13.4155,9.41549,6.07155,5.02547,4.1358,-6.2073,-1.84964,-11.4044,1.22826,-9.99942,0.73146,14.1503,14.1503,9.43356,4.71678,4.71678,4.71678
14.2204,15.318,13.418,9.4258,6.03244,5.05599,4.02705,-6.16698,-1.80932,-11.3775,1.2417,-9.98598,0.744901,14.11,14.11,9.40668,4.70334,4.70334,4.70334
14.2254,15.286,13.4231,9.43537,6.01641,5.15762,4.02203,-5.56709,-1.11491,-10.7257,0.269852,-10.9992,-1.19571,14.0696,14.0696,9.37974,4.68987,4.68987,4.68987
14.2305,15.2367,13.4462,9.44986,5.99522,5.269,4.01548,-5.91503,-2.51879,-11.055,1.67493,-9.71835,0.780689,14.0275,14.0275,9.35166,4.67583,4.67583,4.67583
14.2353,15.2238,13.4666,9.45461,5.94306,5.28582,3.92253,-5.87457,-2.47833,-11.028,1.68842,-9.70486,0.794176,13.987,13.987,9.32469,4.66234,4.66234,4.66234
14.2402,15.2132,13.485,9.45742,5.89293,5.28995,3.83601,-5.83245,-2.43621,-11,1.70246,-9.69082,0.808216,13.9449,13.9449,9.29661,4.6483,4.6483,4.6483
14.2452,15.1857,13.5031,9.46747,5.88509,5.2584,3.73592,-5.92258,-1.03698,-10.651,0.210107,-8.70745,1.30307,13.9011,13.9011,9.26739,4.63369,4.63369,4.63369
14.2505,15.1777,13.4876,9.45685,5.91964,5.14483,3.58508,-5.87518,-0.98958,-10.6194,0.225907,-8.69165,1.31887,13.8537,13.8537,9.23579,4.61789,4.61789,4.61789
14.2552,15.1478,13.4823,9.44708,5.92649,5.04304,3.48565,-5.36742,-1.35254,-10.2376,1.37455,-8.60285,0.505145,13.8108,13.8108,9.20723,4.60361,4.60361,4.60361
14.2603,15.1119,13.4885,9.43971,5.92234,4.95257,3.48973,-5.96231,-1.65191,-10.6136,0.678243,-8.71128,-0.249117,13.7635,13.7635,9.17567,4.58784,4.58784,4.58784
14.2652,15.1145,13.4777,9.42104,5.93767,4.86134,3.52832,-5.916,-1.6056,-10.5827,0.69368,-8.69584,-0.23368,13.7172,13.7172,9.1448,4.5724,4.5724,4.5724
14.2702,15.1067,13.4771,9.40829,5.94771,4.78199,3.51522,-5.79699,-2.03431,-10.651,1.00779,-8.68809,0.73455,13.6691,13.6691,9.11274,4.55637,4.55637,4.55637
14.2754,15.0595,13.5005,9.40339,5.98537,4.7249,3.5345,-5.07628,-2.996,-10.6129,-0.29176,-8.49724,-0.8548,13.6182,13.6182,9.0788,4.5394,4.5394,4.5394
14.2806,15.0127,13.5246,9.39089,6.04387,4.66951,3.62714,-5.02446,-2.94418,-10.5783,-0.274487,-8.47997,-0.837527,13.5664,13.5664,9.04425,4.52213,4.52213,4.52213
14.2855,14.949,13.5472,9.40547,6.07073,4.62589,3.74322,-5.07724,-0.629023,-11.1346,0.735666,-7.97489,-1.61585,13.5167,13.5167,9.01115,4.50557,4.50557,4.50557
14.2902,14.9149,13.5206,9.40401,6.06421,4.54313,3.88227,-5.02886,-0.58064,-11.1023,0.751793,-7.95877,-1.59973,13.4683,13.4683,8.97889,4.48945,4.48945,4.48945
14.2952,14.8817,13.5007,9.38134,6.0583,4.42593,3.9723,-5.29178,-1.06026,-9.20529,0.653299,-7.22926,-0.663221,13.4161,13.4161,8.94404,4.47202,4.47202,4.47202
14.3002,14.8353,13.4982,9.36361,6.06759,4.29832,3.94795,-4.79346,-0.593458,-10.3486,0.364641,-6.95488,0.538521,13.363,13.363,8.90864,4.45432,4.45432,4.45432
14.3053,14.7471,13.4752,9.34991,6.08046,4.23256,3.89953,-3.5525,0.00535821,-10.0465,0.565139,-8.20338,-0.353941,13.3079,13.3079,8.87196,4.43598,4.43598,4.43598
14.3103,14.6399,13.4361,9.3244,6.07099,4.24724,3.90087,-3.49774,0.0601246,-10.01,0.583395,-8.18513,-0.335685,13.2532,13.2532,8.83545,4.41773,4.41773,4.41773
14.3152,14.536,13.4227,9.31755,6.05274,4.28967,3.9031,-4.08943,-0.444911,-10.1681,0.73403,-8.20009,-0.27613,13.1987,13.1987,8.79914,4.39957,4.39957,4.39957
14.3203,14.4699,13.3946,9.29731,6.02524,4.31536,3.89278,-4.03191,-0.387393,-10.1297,0.753202,-8.18092,-0.256958,13.1412,13.1412,8.7608,4.3804,4.3804,4.3804
14.3253,14.4023,13.3725,9.29678,5.99357,4.28975,3.85357,-4.13624,-0.148985,-11.1408,1.07035,-7.17653,0.225792,13.084,13.084,8.72266,4.36133,4.36133,4.36133
14.3304,14.3348,13.3604,9.29277,5.97106,4.20064,3.7998,-3.95886,-0.286801,-9.21615,0.88308,-6.67656,-0.0111602,13.0248,13.0248,8.6832,4.3416,4.3416,4.3416
14.3353,14.2853,13.3299,9.24902,5.95949,4.08104,3.76537,-3.90121,-0.22915,-9.17772,0.902297,-6.65734,0.00805671,12.9671,12.9671,8.64477,4.32238,4.32238,4.32238
14.3403,14.215,13.3145,9.22745,5.93753,3.98137,3.74103,-3.67217,0.0747692,-9.79632,1.64253,-6.62919,-0.0714303,12.9075,12.9075,8.60502,4.30251,4.30251,4.30251
14.3453,14.1512,13.2789,9.19988,5.89257,3.87859,3.71934,-3.61176,0.135185,-9.75604,1.66267,-6.60905,-0.0512918,12.8471,12.8471,8.56474,4.28237,4.28237,4.28237
14.3502,14.0715,13.2699,9.20023,5.89514,3.82782,3.69937,-3.55966,-0.37614,-10.6419,-0.0892599,-7.14382,-0.0644199,12.7871,12.7871,8.52476,4.26238,4.26238,4.26238
14.3552,14.0087,13.2455,9.19545,5.92847,3.81017,3.69077,-3.49768,-0.314159,-10.6006,-0.0685996,-7.12316,-0.0437596,12.7252,12.7252,8.48344,4.24172,4.24172,4.24172
14.3602,13.9274,13.2524,9.19463,5.92445,3.836,3.69803,-2.88331,-2.04019,-10.0404,1.2026,-7.58248,-0.213278,12.6624,12.6624,8.4416,4.2208,4.2208,4.2208
14.3653,13.8637,13.2652,9.19183,5.89624,3.89484,3.73836,-4.34721,0.534432,-9.56251,1.16625,-7.14687,-0.779549,12.5976,12.5976,8.39838,4.19919,4.19919,4.19919
14.3702,13.8525,13.2247,9.16187,5.86253,3.8956,3.79791,-4.28416,0.597477,-9.52048,1.18727,-7.12585,-0.758534,12.5345,12.5345,8.35635,4.17817,4.17817,4.17817
14.3756,13.7926,13.2029,9.14411,5.81083,3.85958,3.91405,-2.81906,-0.671784,-10.088,1.75719,-6.54765,-1.84461,12.4642,12.4642,8.30946,4.15473,4.15473,4.15473
14.3803,13.7129,13.1883,9.12595,5.79062,3.85749,4.00889,-2.97775,0.150566,-9.25464,0.453042,-7.58684,-0.995958,12.4022,12.4022,8.26816,4.13408,4.13408,4.13408
14.3852,13.6564,13.1786,9.10723,5.82014,3.85248,4.00269,-3.84623,-0.276628,-9.5246,-0.204149,-6.12435,-0.137909,12.3369,12.3369,8.22462,4.11231,4.11231,4.11231
14.3904,13.6082,13.1683,9.08381,5.8329,3.84188,3.94306,-3.22452,-0.371924,-9.33992,1.09434,-7.42578,0.0427787,12.2668,12.2668,8.17788,4.08894,4.08894,4.08894
14.3954,13.5557,13.1528,9.05469,5.79754,3.89542,3.88102,-3.15634,-0.303745,-9.29447,1.11707,-7.40305,0.0655051,12.1986,12.1986,8.13243,4.06621,4.06621,4.06621
14.4005,13.5097,13.1577,9.03467,5.79331,3.83395,3.90213,-3.83857,0.0659735,-8.47847,-0.192575,-4.8211,-1.43458,12.1283,12.1283,8.08555,4.04278,4.04278,4.04278
14.4053,13.4878,13.1436,9.01192,5.79686,3.75236,3.90109,-3.55891,0.794766,-9.40991,0.591482,-6.6618,0.268562,12.0614,12.0614,8.04096,4.02048,4.02048,4.02048
14.4102,13.4625,13.1073,8.99044,5.78368,3.76516,3.81459,-3.48992,0.86376,-9.36391,0.61448,-6.6388,0.29156,11.9924,11.9924,7.99496,3.99748,3.99748,3.99748
14.4153,13.4118,13.0903,8.98673,5.82746,3.77351,3.73522,-3.0076,1.02692,-9.36987,-1.32369,-6.10125,0.174988,11.9199,11.9199,7.94658,3.97329,3.97329,3.97329
14.4202,13.3595,13.0445,8.96255,5.8836,3.73681,3.67049,-2.93716,1.09736,-9.32291,-1.30021,-6.07777,0.198468,11.8494,11.8494,7.89962,3.94981,3.94981,3.94981
14.4252,13.3201,13.0072,8.93821,5.92433,3.7654,3.68601,-3.57376,0.823264,-8.90458,-1.26773,-7.35353,-1.30085,11.7768,11.7768,7.85122,3.92561,3.92561,3.92561
14.4302,13.2742,12.9804,8.90971,5.91776,3.74145,3.72948,-2.75577,0.719291,-8.51294,-0.23313,-4.60497,-0.00956972,11.7035,11.7035,7.80234,3.90117,3.90117,3.90117
14.4354,13.2292,12.9662,8.88637,5.87974,3.50663,3.67793,-3.50614,0.623017,-8.59117,-0.464134,-3.08889,0.388706,11.6265,11.6265,7.75099,3.87549,3.87549,3.87549
14.4404,13.2092,12.9363,8.84274,5.83726,3.304,3.61176,-3.58107,1.10361,-7.43779,-0.687603,-4.89384,0.347397,11.5517,11.5517,7.70113,3.85056,3.85056,3.85056
14.4453,13.1868,12.9053,8.78349,5.74366,3.2478,3.51958,-3.03822,0.570801,-7.33621,1.42362,-5.39082,0.7695,11.4777,11.4777,7.6518,3.8259,3.8259,3.8259
14.4503,13.1141,12.9069,8.74671,5.58929,3.26961,3.48865,-1.92186,-0.964398,-8.42446,2.97254,-5.87878,-0.761739,11.4015,11.4015,7.601,3.8005,3.8005,3.8005
14.4553,12.959,12.8852,8.77555,5.31398,3.27808,3.57177,0.231407,3.22581,-12.1038,6.85664,-4.80986,-1.53926,11.3246,11.3246,7.54973,3.77486,3.77486,3.77486
14.4602,12.8136,12.8101,8.79888,5.07656,3.26002,3.6168,-1.62313,2.72665,-9.449,3.61968,-6.08448,0.0344436,11.2485,11.2485,7.49903,3.74952,3.74952,3.74952
14.4653,12.7345,12.7737,8.78546,4.9972,3.30611,3.53775,-1.82695,0.194306,-8.87327,1.65082,-5.88398,0.814542,11.1687,11.1687,7.4458,3.7229,3.7229,3.7229
14.4703,12.6846,12.7715,8.77142,5.0123,3.30565,3.4289,-2.42959,-0.211408,-9.37446,0.534511,-5.22837,0.600751,11.0897,11.0897,7.39314,3.69657,3.69657,3.69657
14.4752,12.6524,12.7559,8.75331,5.0439,3.24561,3.35485,-2.23332,1.52546,-8.75602,1.50445,-4.79663,0.411494,11.0116,11.0116,7.34109,3.67055,3.67055,3.67055
14.4803,12.5641,12.7208,8.71704,5.06684,3.18299,3.32459,-0.354689,1.18581,-8.25622,0.88593,-5.08395,0.0248102,10.9297,10.9297,7.28646,3.64323,3.64323,3.64323
14.4854,12.4115,12.6695,8.67155,5.09695,3.08176,3.38663,0.247961,2.25736,-8.50208,1.0708,-4.25324,-1.35524,10.847,10.847,7.23136,3.61568,3.61568,3.61568
14.4903,12.2832,12.6075,8.63885,5.13185,3.00609,3.46051,-1.06275,2.89303,-8.84789,0.981569,-5.17875,-0.426031,10.767,10.767,7.17798,3.58899,3.58899,3.58899
14.4954,12.1935,12.5682,8.61128,5.16332,3.0753,3.51639,-0.793564,0.888836,-8.32373,1.09237,-6.41759,-1.04387,10.683,10.683,7.12198,3.56099,3.56099,3.56099
14.5003,12.0903,12.5373,8.57405,5.18519,3.1171,3.53754,-0.365502,1.4706,-8.52028,1.81501,-4.97459,-0.304667,10.6016,10.6016,7.06773,3.53387,3.53387,3.53387
14.5054,11.9838,12.4969,8.54338,5.21679,3.1909,3.47285,-0.303753,2.72605,-8.31291,0.891262,-6.8257,0.435862,10.5163,10.5163,7.01084,3.50542,3.50542,3.50542
14.5103,11.8819,12.4352,8.50216,5.23246,3.24745,3.46027,-0.193515,2.75749,-8.20347,1.92069,-4.91859,-1.13463,10.4336,10.4336,6.95574,3.47787,3.47787,3.47787
14.5153,11.7536,12.3904,8.46678,5.24457,3.21097,3.50332,0.651847,1.24675,-8.64216,1.43565,-5.06415,-0.741991,10.3487,10.3487,6.8991,3.44955,3.44955,3.44955
14.5204,11.6289,12.3421,8.42622,5.24259,3.20823,3.53785,-0.237934,3.02437,-7.68943,2.22652,-5.45732,-0.870205,10.2613,10.2613,6.84089,3.42044,3.42044,3.42044
14.5253,11.5383,12.2699,8.38013,5.23584,3.12907,3.57795,-0.326819,3.95198,-7.97794,1.69993,-3.53303,-0.817193,10.1768,10.1768,6.78455,3.39227,3.39227,3.39227
14.5304,11.4699,12.1834,8.34407,5.21997,3.02336,3.60956,-0.683435,4.24549,-8.57722,2.30906,-4.67926,-0.721418,10.0882,10.0882,6.72548,3.36274,3.36274,3.36274
14.5354,11.39,12.1209,8.30914,5.20547,3.01436,3.61362,0.519081,2.87128,-7.3464,1.26183,-4.74945,-0.551493,10.0007,10.0007,6.66715,3.33357,3.33357,3.33357
14.5402,11.3087,12.0784,8.27045,5.17179,2.99948,3.52995,-0.113423,2.79036,-7.96926,2.46578,-4.40662,0.933979,9.91614,9.91614,6.61076,3.30538,3.30538,3.30538
14.5453,11.2372,12.0298,8.23955,5.14568,3.02018,3.41078,-0.0150627,3.10144,-8.15974,1.53546,-5.52738,0.185819,9.82566,9.82566,6.55044,3.27522,3.27522,3.27522
14.5502,11.1546,11.9944,8.19962,5.15655,3.0601,3.36204,0.730463,1.71146,-7.11282,0.827714,-4.64537,-0.207286,9.73814,9.73814,6.49209,3.24605,3.24605,3.24605
14.5554,11.1005,11.9548,8.15334,5.17263,3.01629,3.33434,-1.2012,3.25098,-7.86767,1.33085,-4.01803,-0.0187939,9.64462,9.64462,6.42975,3.21487,3.21487,3.21487
14.5605,11.0663,11.9055,8.10281,5.15974,2.9183,3.37373,0.2662,2.22442,-7.01818,1.64315,-3.63121,-1.48669,9.55228,9.55228,6.36819,3.18409,3.18409,3.18409
14.5653,10.9915,11.8692,8.06191,5.12907,2.80234,3.45768,0.546691,3.12349,-7.74988,1.82962,-3.17978,-1.07666,9.46481,9.46481,6.30987,3.15494,3.15494,3.15494
14.5704,10.9113,11.8147,8.02959,5.08187,2.72011,3.54189,0.340817,4.22172,-7.5684,2.44868,-3.95176,-1.47604,9.37128,9.37128,6.24752,3.12376,3.12376,3.12376
14.5756,10.8412,11.7671,7.9969,5.05677,2.69142,3.63208,0.306777,2.4383,-7.68416,1.61955,-3.94461,-1.41093,9.2753,9.2753,6.18354,3.09177,3.09177,3.09177
14.5807,10.7818,11.7367,7.96661,5.04339,2.64515,3.63222,0.161172,2.97433,-7.47052,1.55177,-3.33343,-0.0131493,9.18057,9.18057,6.12038,3.06019,3.06019,3.06019
14.5855,10.7342,11.7036,7.93911,5.01701,2.62481,3.57996,0.262693,3.43443,-7.39818,1.81351,-4.16465,-0.413809,9.09087,9.09087,6.06058,3.03029,3.03029,3.03029
14.5903,10.6585,11.668,7.91104,4.9797,2.65625,3.48365,1.22755,3.19365,-7.45298,2.48114,-4.20082,0.907943,9.00065,9.00065,6.00043,3.00022,3.00022,3.00022
14.5953,10.5708,11.637,7.87547,4.96624,2.59067,3.37481,0.821731,2.83897,-6.78596,1.19613,-2.28975,-0.15351,8.90613,8.90613,5.93742,2.96871,2.96871,2.96871
14.6004,10.5017,11.5959,7.82934,4.93167,2.41082,3.32599,0.930528,3.68455,-6.91777,3.00866,-1.99246,-0.112904,8.80915,8.80915,5.87277,2.93638,2.93638,2.93638
14.6054,10.4298,11.5288,7.783,4.88248,2.23697,3.29719,0.604572,4.62337,-7.24485,2.41953,-2.48223,-0.437069,8.71353,8.71353,5.80902,2.90451,2.90451,2.90451
14.6103,10.3813,11.466,7.74117,4.84726,2.16763,3.28661,0.580605,4.07141,-6.74313,1.91274,-3.50238,-0.372538,8.61929,8.61929,5.7462,2.8731,2.8731,2.8731
14.6156,10.2765,11.4227,7.7104,4.84732,2.22343,3.24336,2.41671,2.97221,-7.86191,1.87239,-4.33761,0.166709,8.51679,8.51679,5.67786,2.83893,2.83893,2.83893
14.6203,10.1567,11.374,7.68785,4.84408,2.22577,3.21525,2.0668,4.9903,-7.37463,1.24873,-2.75051,-0.572868,8.4254,8.4254,5.61694,2.80847,2.80847,2.80847
14.6253,10.0341,11.2807,7.64107,4.85203,2.13645,3.2248,2.16452,5.08802,-7.30947,1.28131,-2.71793,-0.540292,8.32768,8.32768,5.55178,2.77589,2.77589,2.77589
14.6304,9.93864,11.1996,7.59183,4.83802,2.06384,3.23678,1.39402,5.09764,-6.38159,2.25035,-2.89981,-0.581408,8.22746,8.22746,5.48498,2.74249,2.74249,2.74249
14.6352,9.86399,11.1414,7.54521,4.79455,2.03999,3.24266,1.95374,4.11684,-6.64861,2.40615,-3.01725,-0.425608,8.13266,8.13266,5.42178,2.71089,2.71089,2.71089
14.6403,9.77215,11.0691,7.49247,4.74033,2.00433,3.3003,2.03137,6.07767,-6.18402,2.78766,-2.57778,-1.59246,8.03143,8.03143,5.35429,2.67714,2.67714,2.67714
14.6452,9.66631,10.9879,7.44469,4.69018,1.9932,3.39713,2.92491,5.82081,-6.59955,2.8782,-3.34836,-1.31148,7.93369,7.93369,5.28912,2.64456,2.64456,2.64456
14.6504,9.535,10.8862,7.41561,4.58016,2.0036,3.47604,3.04886,7.22526,-8.01605,5.28931,-2.94929,-1.33469,7.82944,7.82944,5.21963,2.60981,2.60981,2.60981
14.6552,9.41184,10.8135,7.38939,4.46602,1.98156,3.55612,3.32285,4.74125,-6.0894,4.41074,-2.78458,-1.64194,7.73275,7.73275,5.15517,2.57758,2.57758,2.57758
14.6606,9.30877,10.7394,7.33591,4.3974,1.97865,3.64369,1.91923,6.09955,-6.56829,3.84273,-3.17871,-1.45647,7.62345,7.62345,5.0823,2.54115,2.54115,2.54115
14.6653,9.22969,10.7108,7.30655,4.38771,1.94812,3.68302,3.72083,3.51993,-6.00297,2.76507,-1.82205,-1.08513,7.52787,7.52787,5.01858,2.50929,2.50929,2.50929
14.6705,9.12028,10.6857,7.25413,4.42338,1.93298,3.67411,2.50322,3.72066,-6.12652,2.17948,-3.68276,-0.644001,7.42164,7.42164,4.94776,2.47388,2.47388,2.47388
14.6752,9.06155,10.6543,7.20649,4.45182,1.96153,3.65503,2.82029,5.66099,-5.14054,2.60078,-2.45002,-0.926496,7.32521,7.32521,4.88347,2.44174,2.44174,2.44174
14.6801,9.02165,10.5997,7.15467,4.45117,1.86358,3.62317,1.57772,5.66746,-6.09733,3.28028,-1.09984,-0.47884,7.22424,7.22424,4.81616,2.40808,2.40808,2.40808
14.6854,8.96717,10.547,7.10622,4.45592,1.75834,3.5718,3.44075,5.20975,-5.50797,2.18248,-2.27216,-0.649277,7.11455,7.11455,4.74303,2.37152,2.37152,2.37152
14.6902,8.87426,10.4874,7.05684,4.47274,1.75111,3.51161,3.33562,5.69562,-6.28791,2.14122,-2.78538,-0.177181,7.01478,7.01478,4.67652,2.33826,2.33826,2.33826
14.6952,8.78938,10.4221,7.00812,4.46526,1.76607,3.45429,3.28627,5.32327,-5.82961,2.5072,-2.585,-0.639198,6.91043,6.91043,4.60696,2.30348,2.30348,2.30348
14.7002,8.69542,10.3543,6.9464,4.42561,1.75928,3.42236,3.57624,5.51474,-5.39192,2.95613,-2.57491,-0.612553,6.80566,6.80566,4.53711,2.26855,2.26855,2.26855
14.7053,8.58368,10.2705,6.87276,4.34737,1.69769,3.41606,4.25874,6.18154,-5.38726,3.48869,-1.54555,-1.08187,6.69836,6.69836,4.46557,2.23279,2.23279,2.23279
14.7103,8.43957,10.1832,6.81178,4.27181,1.59986,3.46471,5.04996,6.57076,-5.81427,3.0685,-1.76702,-1.67594,6.59274,6.59274,4.39516,2.19758,2.19758,2.19758
14.7154,8.31752,10.096,6.75391,4.20765,1.54216,3.55177,3.24327,5.92251,-5.69619,4.04847,-2.12013,-1.93797,6.48459,6.48459,4.32306,2.16153,2.16153,2.16153
14.7202,8.24426,10.0257,6.70671,4.16323,1.49844,3.64794,4.05857,6.72597,-5.53194,2.98128,-1.42368,-2.23512,6.38243,6.38243,4.25495,2.12748,2.12748,2.12748
14.7256,8.16791,9.93368,6.64344,4.13824,1.47113,3.77164,3.24411,7.23535,-4.84266,2.7051,-2.44506,-2.74314,6.26705,6.26705,4.17804,2.08902,2.08902,2.08902
14.7305,8.1171,9.85147,6.59125,4.10346,1.50633,3.87083,3.71954,6.73362,-5.8594,3.54329,-2.38519,-2.82403,6.16198,6.16198,4.10798,2.05399,2.05399,2.05399
14.7357,8.00039,9.77503,6.55002,4.03529,1.47167,3.94102,5.72663,6.78253,-5.60506,3.99459,-1.08105,-3.33321,6.05007,6.05007,4.03338,2.01669,2.01669,2.01669
14.7403,7.89421,9.71394,6.50638,3.98617,1.42058,3.97527,4.15537,6.25147,-5.06649,3.1997,-1.9339,-3.9211,5.95073,5.95073,3.96715,1.98358,1.98358,1.98358
14.7454,7.78762,9.64031,6.44981,3.96354,1.40057,3.94839,5.45176,6.94506,-5.16421,2.51617,-1.65695,-4.06643,5.84024,5.84024,3.89349,1.94675,1.94675,1.94675
14.7504,7.68531,9.55978,6.38766,3.9337,1.35102,3.86043,4.47306,6.91976,-4.70928,3.18997,-1.34747,-4.57667,5.73154,5.73154,3.82103,1.91051,1.91051,1.91051
14.7553,7.56879,9.47279,6.3234,3.86343,1.2861,3.75594,6.30562,7.86982,-4.82196,3.90455,-1.33669,-4.95505,5.62468,5.62468,3.74979,1.87489,1.87489,1.87489
14.7603,7.43555,9.39947,6.26238,3.83,1.18339,3.65082,5.4024,6.5844,-4.25788,2.60793,-0.455672,-5.18355,5.5153,5.5153,3.67686,1.83843,1.83843,1.83843
14.7652,7.33914,9.32754,6.19959,3.76444,1.09471,3.54029,4.92293,7.12143,-5.1058,4.96217,-1.42999,-4.94899,5.40777,5.40777,3.60518,1.80259,1.80259,1.80259
14.7706,7.23457,9.25514,6.14676,3.67397,1.13488,3.40343,6.0622,7.3979,-4.48106,4.06615,-2.53301,-4.86797,5.2889,5.2889,3.52593,1.76297,1.76297,1.76297
14.7753,7.10308,9.17951,6.08571,3.64271,1.21801,3.28884,6.16598,7.50168,-4.41188,4.10075,-2.49841,-4.83337,5.18512,5.18512,3.45675,1.72837,1.72837,1.72837
14.7803,7.0069,9.12814,6.03116,3.61379,1.27393,3.18109,5.04748,5.94578,-4.38197,4.65929,-1.89847,-4.89583,5.07442,5.07442,3.38295,1.69147,1.69147,1.69147
14.7851,6.93339,9.08149,5.97859,3.60798,1.27215,3.06962,5.27615,6.71035,-4.68085,3.53561,-1.65595,-4.49599,4.96785,4.96785,3.3119,1.65595,1.65595,1.65595
14.7904,6.84705,9.00808,5.9137,3.5856,1.29165,2.90609,6.05216,8.09306,-3.70139,3.94755,-2.04717,-4.00125,4.84984,4.84984,3.23323,1.61661,1.61661,1.61661
14.7955,6.7776,8.92539,5.8457,3.59017,1.27214,2.75482,4.81064,7.69472,-4.42595,2.66898,-1.01562,-4.45182,4.73598,4.73598,3.15732,1.57866,1.57866,1.57866
14.8003,6.70565,8.8411,5.78917,3.57717,1.21147,2.58629,6.41137,8.54687,-4.4003,4.17036,-1.3938,-3.12432,4.62853,4.62853,3.08569,1.54284,1.54284,1.54284
14.8053,6.58909,8.7316,5.71491,3.49005,1.09354,2.41505,6.20047,9.10817,-3.62117,5.35868,0.00979689,-4.24612,4.51633,4.51633,3.01089,1.50544,1.50544,1.50544
14.8103,6.46605,8.62463,5.64431,3.41039,0.970337,2.29146,7.01425,8.86605,-4.2317,4.39429,-1.11191,-3.83603,4.40385,4.40385,2.9359,1.46795,1.46795,1.46795
14.8152,6.3615,8.51886,5.58259,3.36617,0.999764,2.17195,5.61181,9.07905,-4.37749,3.97572,-2.70624,-4.09728,4.29335,4.29335,2.86224,1.43112,1.43112,1.43112
14.8202,6.27933,8.4273,5.53476,3.32089,1.05981,2.03434,6.87136,8.38826,-4.59265,4.96559,-1.31893,-3.26473,4.18034,4.18034,2.78689,1.39345,1.39345,1.39345
14.8252,6.16498,8.33914,5.49269,3.28906,0.966832,1.88411,6.77583,8.91523,-4.75958,3.68683,0.30031,-3.72377,4.06707,4.06707,2.71138,1.35569,1.35569,1.35569
14.8302,6.07906,8.25012,5.43737,3.26691,0.919293,1.78683,6.62925,9.06025,-3.23344,3.94823,-1.94713,-4.00057,3.95355,3.95355,2.6357,1.31785,1.31785,1.31785
14.8352,6.01073,8.15609,5.36541,3.20816,0.905529,1.78653,5.62409,8.89821,-3.78042,5.14535,-0.501608,-5.50273,3.83979,3.83979,2.55986,1.27993,1.27993,1.27993
14.8403,5.90791,8.06282,5.29122,3.1065,0.861331,1.84434,8.195,9.1327,-2.91914,5.73059,-1.27429,-4.89265,3.7235,3.7235,2.48233,1.24117,1.24117,1.24117
14.8453,5.74567,7.97065,5.21982,3.01759,0.84684,1.88669,8.10433,8.97113,-3.81275,5.07315,-1.02093,-5.20233,3.60927,3.60927,2.40618,1.20309,1.20309,1.20309
14.8502,5.62108,7.88087,5.16063,2.95759,0.809718,1.92651,7.3576,9.2212,-3.71289,4.66342,-0.834499,-5.04074,3.4971,3.4971,2.3314,1.1657,1.1657,1.1657
14.8552,5.49571,7.78916,5.08762,2.93821,0.758572,1.88165,7.78357,8.87487,-2.86732,3.7246,-0.829396,-3.63632,3.38243,3.38243,2.25495,1.12748,1.12748,1.12748
14.8602,5.35145,7.70032,5.01947,2.89928,0.656243,1.7979,8.96225,9.73835,-3.52015,4.99662,0.434337,-4.29354,3.26755,3.26755,2.17837,1.08918,1.08918,1.08918
14.8652,5.19694,7.61501,4.95468,2.80859,0.503257,1.68897,8.39563,9.01033,-2.87495,5.92922,0.232577,-3.0463,3.15247,3.15247,2.10165,1.05082,1.05082,1.05082
14.8704,5.09298,7.52673,4.8887,2.71205,0.428189,1.58299,7.64092,9.94582,-3.52443,5.2571,-0.80386,-4.24834,3.03258,3.03258,2.02172,1.01086,1.01086,1.01086
14.8752,5.02364,7.43693,4.83335,2.6136,0.47115,1.52582,7.78717,10.0645,-3.08687,6.17173,-1.60319,-3.85535,2.92173,2.92173,1.94782,0.973911,0.973911,0.973911
14.8803,4.93846,7.34526,4.7604,2.53042,0.465013,1.38836,7.96422,9.08322,-2.69891,5.01873,0.075568,-2.59887,2.80378,2.80378,1.86918,0.934592,0.934592,0.934592
14.8853,4.864,7.268,4.69497,2.45577,0.348363,1.29311,7.63874,9.72304,-2.99581,6.45665,0.503334,-4.36531,2.68796,2.68796,1.79197,0.895986,0.895986,0.895986
14.8903,4.7997,7.18192,4.6286,2.41661,0.265279,1.32418,7.45143,9.42143,-2.83071,4.08584,-0.468164,-4.86484,2.57197,2.57197,1.71465,0.857324,0.857324,0.857324
14.8952,4.74717,7.10607,4.56249,2.42109,0.265237,1.39146,7.90795,9.49585,-2.41416,4.23142,-0.720025,-5.05046,2.45815,2.45815,1.63877,0.819385,0.819385,0.819385
14.9002,4.68006,7.04351,4.48632,2.42613,0.188339,1.40358,7.86274,8.45764,-1.68455,3.67402,1.10722,-3.94358,2.34186,2.34186,1.56124,0.780621,0.780621,0.780621
14.9052,4.591,6.96944,4.39526,2.39604,0.079669,1.31062,8.68047,10.2802,-1.31433,5.75799,-0.0214488,-2.90289,2.22543,2.22543,1.48362,0.741809,0.741809,0.741809
14.9102,4.47025,6.86634,4.29264,2.30583,0.0443194,1.17472,8.79705,10.3967,-1.23661,5.79685,0.017409,-2.86403,2.10885,2.10885,1.4059,0.702951,0.702951,0.702951
14.9151,4.40673,6.76964,4.21454,2.21485,0.000420689,1.02671,7.41818,10.8223,-2.38511,6.14961,0.519212,-2.27943,1.99448,1.99448,1.32966,0.664828,0.664828,0.664828
14.9202,4.35064,6.65345,4.14033,2.11062,-0.0793086,0.860005,7.53734,10.9415,-2.30567,6.18933,0.558932,-2.23971,1.87532,1.87532,1.25022,0.625108,0.625108,0.625108
14.9253,4.26497,6.5581,4.08573,2.09647,-0.0986041,0.830352,9.69356,10.3713,-2.81761,3.19861,-0.510827,-4.60115,1.75604,1.75604,1.17069,0.585347,0.585347,0.585347
14.9303,4.09879,6.45189,4.02268,2.12742,-0.0729041,0.921654,9.81061,10.4883,-2.73958,3.23763,-0.47181,-4.56213,1.63899,1.63899,1.09266,0.54633,0.54633,0.54633
14.9352,3.99435,6.36123,3.94532,2.14389,-0.0977995,1.01119,9.06652,10.548,-0.560499,3.62366,0.56834,-4.73086,1.52418,1.52418,1.01612,0.50806,0.50806,0.50806
14.9402,3.83868,6.24666,3.88814,1.97167,-0.092896,1.1786,11.3626,12.6392,-4.29868,10.2536,-0.965778,-6.15734,1.40693,1.40693,0.937955,0.468978,0.468978,0.468978
14.9453,3.59281,6.0911,3.86402,1.62273,-0.0241608,1.39324,11.4822,12.7588,-4.21889,10.2935,-0.925884,-6.11744,1.28725,1.28725,0.858169,0.429084,0.429084,0.429084
14.9503,3.34748,5.94207,3.82843,1.32216,0.027176,1.55765,12.2932,12.7305,-3.10397,9.32249,-0.770827,-5.77195,1.16984,1.16984,0.779893,0.389947,0.389947,0.389947
14.9552,3.15556,5.80689,3.77279,1.16716,-0.0120184,1.58618,10.6589,12.7983,-2.13479,6.44631,0.716552,-3.79605,1.0547,1.0547,0.703136,0.351568,0.351568,0.351568
14.9604,3.00512,5.68927,3.70473,1.08522,-0.131481,1.46227,11.0884,11.3918,-1.91743,7.55518,0.790423,-2.97698,0.932451,0.932451,0.621634,0.310817,0.310817,0.310817
14.9654,2.8759,5.60547,3.6402,1.04993,-0.260325,1.35394,11.3046,11.1589,-1.50881,5.54923,1.27675,-4.22117,0.814842,0.814842,0.543228,0.271614,0.271614,0.271614
14.9705,2.72257,5.51557,3.56147,1.05639,-0.409888,1.30063,11.4246,11.2789,-1.4288,5.58923,1.31675,-4.18117,0.694829,0.694829,0.463219,0.23161,0.23161,0.23161
14.9753,2.62667,5.42804,3.49132,1.0297,-0.501491,1.29428,10.5566,12.5069,-1.19045,6.9931,0.642335,-5.1371,0.581834,0.581834,0.387889,0.193945,0.193945,0.193945
14.9804,2.55934,5.33987,3.43332,0.987296,-0.536487,1.25985,10.8461,11.4568,-2.16793,6.83441,0.367726,-3.66463,0.461741,0.461741,0.307827,0.153914,0.153914,0.153914
14.9854,2.45359,5.2525,3.37903,0.958082,-0.568258,1.15662,10.9638,11.5745,-2.08942,6.87366,0.406982,-3.62538,0.343974,0.343974,0.229316,0.114658,0.114658,0.114658
14.9902,2.40084,5.17115,3.32373,0.940421,-0.607991,1.03528,10.3322,12.5426,-0.960672,7.06867,0.626834,-2.98325,0.230898,0.230898,0.153932,0.076966,0.076966,0.076966
14.9952,2.35471,5.07155,3.25474,0.904128,-0.622871,0.911049,9.9339,12.4555,-1.54467,7.30666,-0.219859,-3.61466,0.113096,0.113096,0.0753975,0.0376988,0.0376988,0.0376988
15.0003,2.30405,4.96967,3.19,0.846662,-0.590754,0.84092,10.0541,12.5757,-1.46456,7.34672,-0.179804,-3.5746,-0.00706858,-0.00706858,-0.00471239,-0.00235619,-0.00235619,-0.00235619
15.0052,2.28203,4.88892,3.13374,0.794027,-0.574047,0.811361,10.7881,12.5808,-0.754319,7.45144,0.20644,-4.03292,-0.122521,-0.122521,-0.0816805,-0.0408403,-0.0408403,-0.0408403
15.0104,2.18887,4.78653,3.05243,0.729579,-0.58734,0.808659,10.9106,12.7033,-0.672644,7.49228,0.247278,-3.99208,-0.245033,-0.245033,-0.163356,-0.0816778,-0.0816778,-0.0816778
15.0153,2.12162,4.69783,2.9875,0.706014,-0.607053,0.773606,10.6675,12.2396,-1.25613,6.20595,0.418234,-3.30777,-0.360463,-0.360463,-0.240309,-0.120154,-0.120154,-0.120154
15.0203,2.04649,4.59848,2.91667,0.667747,-0.646555,0.732206,11.9475,13.6654,-0.209952,7.76045,0.863209,-4.02199,-0.478226,-0.478226,-0.318818,-0.159409,-0.159409,-0.159409
15.0254,1.89927,4.46882,2.81887,0.576295,-0.724452,0.720175,12.0676,13.7855,-0.129894,7.80048,0.903238,-3.98196,-0.598315,-0.598315,-0.398876,-0.199438,-0.199438,-0.199438
15.0303,1.76454,4.34953,2.73302,0.510687,-0.784184,0.71459,12.6361,13.8497,-0.368588,7.11029,0.552526,-4.16707,-0.713657,-0.713657,-0.475772,-0.237886,-0.237886,-0.237886
15.0352,1.65935,4.23709,2.66165,0.484511,-0.862025,0.689768,11.4552,13.7798,-0.751521,6.66848,1.49348,-3.53248,-0.828958,-0.828958,-0.552639,-0.276319,-0.276319,-0.276319
15.0405,1.50481,4.11374,2.58807,0.417877,-0.991619,0.623637,13.995,13.9083,-0.622437,8.44055,1.42739,-3.46609,-0.953615,-0.953615,-0.635743,-0.317872,-0.317872,-0.317872
15.0452,1.3673,4.00769,2.52209,0.313031,-1.00036,0.558374,12.8841,14.5468,0.0301536,9.47098,-0.398778,-3.42098,-1.06411,-1.06411,-0.709404,-0.354702,-0.354702,-0.354702
15.0503,1.20566,3.87672,2.43291,0.183155,-0.923557,0.496133,13.0039,14.6666,0.110039,9.51092,-0.358836,-3.38104,-1.18393,-1.18393,-0.789289,-0.394644,-0.394644,-0.394644
15.0555,1.04639,3.75053,2.34856,0.123112,-0.952964,0.524499,13.256,14.4144,-0.103252,7.41538,1.51174,-4.96322,-1.30603,-1.30603,-0.870688,-0.435344,-0.435344,-0.435344
15.0604,0.972014,3.63313,2.27052,0.102478,-1.02708,0.519643,11.6965,14.9155,0.364228,7.55307,0.589589,-2.76381,-1.42101,-1.42101,-0.947338,-0.473669,-0.473669,-0.473669
15.0652,0.901789,3.50378,2.17987,0.0550579,-1.05498,0.39549,11.8091,15.0281,0.43926,7.59058,0.627105,-2.7263,-1.53355,-1.53355,-1.02237,-0.511185,-0.511185,-0.511185
15.0706,0.799486,3.38027,2.0863,0.0196564,-1.10578,0.330889,13.4171,13.4249,0.15367,6.76336,1.1164,-4.13312,-1.66007,-1.66007,-1.10671,-0.553355,-0.553355,-0.553355
15.0752,0.705461,3.2939,2.01911,0.0103149,-1.18605,0.377808,12.78,13.7374,-0.111036,7.02281,1.75673,-4.75135,-1.76774,-1.76774,-1.17849,-0.589247,-0.589247,-0.589247
15.0803,0.600406,3.19334,1.94653,-0.00936976,-1.3037,0.46234,12.8993,13.8567,-0.0315226,7.06256,1.79648,-4.7116,-1.88701,-1.88701,-1.25801,-0.629004,-0.629004,-0.629004
15.0852,0.528464,3.1021,1.8712,-0.0821971,-1.36485,0.498103,12.5174,13.8373,0.832727,9.46052,0.948683,-3.91996,-2.00149,-2.00149,-1.33433,-0.667163,-0.667163,-0.667163
15.0903,0.441975,3.00628,1.78692,-0.214125,-1.3219,0.519337,13.8184,14.2715,0.657098,9.5416,-0.104601,-4.38536,-2.12052,-2.12052,-1.41368,-0.706839,-0.706839,-0.706839
15.0962,0.26545,2.88474,1.6787,-0.307331,-1.23704,0.470487,14.1686,14.2947,1.26501,7.85692,0.0902809,-2.83256,-2.25804,-2.25804,-1.50536,-0.752681,-0.752681,-0.752681
15.1002,0.199626,2.81757,1.61669,-0.366969,-1.25977,0.400191,13.1232,13.9584,0.662477,10.1898,1.65312,-3.52188,-2.35117,-2.35117,-1.56745,-0.783724,-0.783724,-0.783724
15.1052,0.0926587,2.72954,1.54101,-0.51049,-1.38228,0.343668,13.2395,14.0747,0.739997,10.2286,1.69188,-3.48312,-2.46745,-2.46745,-1.64497,-0.822484,-0.822484,-0.822484
15.1103,0.0107609,2.63286,1.46913,-0.589302,-1.48809,0.21678,13.3342,15.3397,0.906743,7.94137,1.36705,-2.13539,-2.5859,-2.5859,-1.72393,-0.861967,-0.861967,-0.861967
15.1153,-0.0960709,2.52472,1.39568,-0.608101,-1.55866,0.0393526,13.4502,15.4557,0.984053,7.98002,1.4057,-2.09674,-2.70186,-2.70186,-1.80124,-0.900621,-0.900621,-0.900621
15.1202,-0.189448,2.42018,1.33272,-0.630217,-1.52635,-0.0356025,14.0995,15.8055,0.664699,8.44841,-0.386351,-3.75631,-2.81535,-2.81535,-1.8769,-0.938449,-0.938449,-0.938449
15.1252,-0.330626,2.31729,1.26379,-0.650748,-1.50081,-0.0212026,14.8928,14.5067,0.894354,7.52647,1.43239,-3.66809,-2.93098,-2.93098,-1.95398,-0.976992,-0.976992,-0.976992
15.1302,-0.475321,2.20809,1.18583,-0.686727,-1.54051,-0.0746067,14.8112,15.9223,1.10299,8.47575,0.808475,-2.50353,-3.04642,-3.04642,-2.03095,-1.01547,-1.01547,-1.01547
15.1352,-0.618935,2.08243,1.10112,-0.7692,-1.55075,-0.170251,15.553,16.081,1.45362,9.35045,0.921414,-2.78803,-3.16168,-3.16168,-2.10779,-1.05389,-1.05389,-1.05389
15.1402,-0.818261,1.94411,1.00191,-0.887986,-1.58,-0.250648,15.668,16.196,1.53033,9.38881,0.959769,-2.74967,-3.27675,-3.27675,-2.1845,-1.09225,-1.09225,-1.09225
15.1453,-0.993915,1.80418,0.901179,-1.01929,-1.64023,-0.307551,15.3951,16.0768,1.54573,9.95778,1.42938,-3.14946,-3.3939,-3.3939,-2.2626,-1.1313,-1.1313,-1.1313
15.1503,-1.14415,1.67235,0.816558,-1.12991,-1.6897,-0.358169,15.9511,16.8376,1.30658,9.51576,0.697558,-2.58132,-3.50855,-3.50855,-2.33904,-1.16952,-1.16952,-1.16952
15.1552,-1.31306,1.53736,0.735544,-1.18955,-1.68649,-0.43956,16.0632,16.9497,1.38134,9.55314,0.73494,-2.54394,-3.6207,-3.6207,-2.4138,-1.2069,-1.2069,-1.2069
15.1604,-1.41811,1.41178,0.64045,-1.21578,-1.69158,-0.497404,15.1458,15.9653,2.57867,9.50993,1.06433,-3.06739,-3.73948,-3.73948,-2.49298,-1.24649,-1.24649,-1.24649
15.1653,-1.51152,1.30824,0.538603,-1.25171,-1.71894,-0.534767,15.2575,16.077,2.65314,9.54716,1.10156,-3.03016,-3.85117,-3.85117,-2.56745,-1.28372,-1.28372,-1.28372
15.1702,-1.58425,1.20415,0.44807,-1.29334,-1.71569,-0.556422,15.0852,16.74,2.18405,9.72508,0.4018,-3.407,-3.96264,-3.96264,-2.64176,-1.32088,-1.32088,-1.32088
15.1752,-1.61507,1.09881,0.367382,-1.31256,-1.72527,-0.479503,14.7062,16.2822,2.05072,8.69479,1.49947,-4.74365,-4.07614,-4.07614,-2.71743,-1.35871,-1.35871,-1.35871
15.1803,-1.68165,0.992799,0.284299,-1.3285,-1.80232,-0.33466,14.8218,16.3978,2.12773,8.7333,1.53798,-4.70514,-4.19165,-4.19165,-2.79444,-1.39722,-1.39722,-1.39722
15.1855,-1.73408,0.877555,0.203358,-1.39298,-1.91679,-0.314431,14.7384,17.2285,2.05767,10.3953,2.2561,-2.47178,-4.30915,-4.30915,-2.87277,-1.43638,-1.43638,-1.43638
15.1904,-1.77982,0.763564,0.130028,-1.46521,-1.95918,-0.301713,15.3216,17.0276,2.08951,9.07424,0.429924,-4.72024,-4.41961,-4.41961,-2.94641,-1.4732,-1.4732,-1.4732
15.1952,-1.87413,0.653853,0.0577632,-1.51499,-1.90775,-0.192443,15.4296,17.1356,2.16147,9.11023,0.465907,-4.68425,-4.52756,-4.52756,-3.01837,-1.50919,-1.50919,-1.50919
15.2002,-1.95506,0.549503,-0.0210275,-1.55202,-1.88323,-0.195786,15.3801,16.3139,2.66262,8.72534,1.00838,-2.56858,-4.63974,-4.63974,-3.09316,-1.54658,-1.54658,-1.54658
15.2053,-2.09995,0.441432,-0.116197,-1.62044,-1.95058,-0.31019,17.2949,16.9285,3.11699,9.52514,1.93238,-2.53882,-4.75386,-4.75386,-3.16924,-1.58462,-1.58462,-1.58462
15.2103,-2.29076,0.33337,-0.211769,-1.70553,-2.05763,-0.416985,17.4064,17.04,3.19138,9.56234,1.96958,-2.50162,-4.86545,-4.86545,-3.24363,-1.62182,-1.62182,-1.62182
15.2152,-2.42302,0.234676,-0.29133,-1.77814,-2.0886,-0.527555,16.893,16.7315,2.47616,9.72289,0.639731,-2.15063,-4.97451,-4.97451,-3.31634,-1.65817,-1.65817,-1.65817
15.2203,-2.58106,0.13001,-0.370696,-1.866,-2.05082,-0.662541,17.0062,16.8447,2.55163,9.76063,0.677466,-2.11289,-5.08772,-5.08772,-3.39181,-1.69591,-1.69591,-1.69591
15.2254,-2.73195,0.025645,-0.457265,-1.95191,-2.04269,-0.756688,17.2885,16.6187,3.01771,9.85621,1.21189,-2.83703,-5.2006,-5.2006,-3.46706,-1.73353,-1.73353,-1.73353
15.2302,-2.83921,-0.0764924,-0.530112,-2.03773,-2.07473,-0.757749,15.9603,17.4338,1.97855,10.3138,1.22236,-3.48068,-5.30653,-5.30653,-3.53769,-1.76884,-1.76884,-1.76884
15.2352,-2.91903,-0.182117,-0.600514,-2.09835,-2.06784,-0.794516,16.1334,17.339,3.11571,9.17472,0.240599,-2.06124,-5.41656,-5.41656,-3.61104,-1.80552,-1.80552,-1.80552
15.2402,-3.01155,-0.286864,-0.677082,-2.1626,-2.0483,-0.808269,17.2792,17.3777,2.65171,10.859,0.956123,-3.89596,-5.52625,-5.52625,-3.68417,-1.84208,-1.84208,-1.84208
15.2452,-3.14526,-0.381355,-0.739718,-2.26651,-2.07088,-0.732458,17.3886,17.4871,2.72461,10.8955,0.992574,-3.85951,-5.6356,-5.6356,-3.75707,-1.87853,-1.87853,-1.87853
15.2502,-3.24832,-0.46718,-0.803337,-2.30544,-2.1331,-0.670274,17.5882,17.2139,3.30933,8.89491,1.67475,-3.70725,-5.7446,-5.7446,-3.82974,-1.91487,-1.91487,-1.91487
15.2554,-3.38971,-0.556785,-0.879008,-2.30583,-2.22849,-0.624737,17.7012,17.3269,3.38465,8.93257,1.71241,-3.66959,-5.85759,-5.85759,-3.90506,-1.95253,-1.95253,-1.95253
15.2602,-3.47688,-0.654333,-0.95604,-2.34057,-2.2757,-0.60253,16.6468,18.4789,3.89494,10.4162,0.977021,-3.41138,-5.96154,-5.96154,-3.97436,-1.98718,-1.98718,-1.98718
15.2654,-3.54038,-0.784752,-1.05023,-2.43943,-2.24901,-0.60514,16.696,18.9261,3.82973,11.6377,0.385151,-3.24977,-6.07377,-6.07377,-4.04918,-2.02459,-2.02459,-2.02459
15.2703,-3.62988,-0.909186,-1.13636,-2.5651,-2.20357,-0.616545,16.8014,19.0315,3.89999,11.6728,0.420279,-3.21464,-6.17916,-6.17916,-4.11944,-2.05972,-2.05972,-2.05972
15.2752,-3.74619,-1.03072,-1.2131,-2.63267,-2.22054,-0.610231,18.1318,19.101,3.41615,9.67093,1.46545,-3.56879,-6.28418,-6.28418,-4.18945,-2.09473,-2.09473,-2.09473
15.2802,-3.8831,-1.15416,-1.28479,-2.6795,-2.34024,-0.647447,18.8453,18.7429,3.23863,11.1058,2.41184,-2.32432,-6.39095,-6.39095,-4.26064,-2.13032,-2.13032,-2.13032
15.2854,-4.07325,-1.28422,-1.36268,-2.78271,-2.50351,-0.753066,18.9559,18.8535,3.31238,11.1427,2.44871,-2.28745,-6.50158,-6.50158,-4.33439,-2.16719,-2.16719,-2.16719
15.2903,-4.21511,-1.41701,-1.44853,-2.85961,-2.62883,-0.846948,18.7761,19.4065,4.09639,10.4901,2.12729,-2.31079,-6.60543,-6.60543,-4.40362,-2.20181,-2.20181,-2.20181
15.2953,-4.35522,-1.54462,-1.52726,-2.89085,-2.65743,-0.944192,18.6295,19.579,3.54813,9.71384,0.655521,-2.2756,-6.711,-6.711,-4.474,-2.237,-2.237,-2.237
15.3002,-4.4891,-1.66642,-1.59453,-2.90774,-2.6044,-1.04065,18.7326,19.6821,3.61683,9.74819,0.689872,-2.24125,-6.81406,-6.81406,-4.5427,-2.27135,-2.27135,-2.27135
15.3056,-4.62029,-1.79527,-1.67082,-2.90301,-2.58021,-1.13536,19.3579,19.4091,3.96603,9.14005,1.22437,-2.36087,-6.92716,-6.92716,-4.61811,-2.30905,-2.30905,-2.30905
15.3104,-4.76735,-1.9074,-1.74436,-2.89656,-2.58533,-1.2022,19.458,19.5092,4.03277,9.17343,1.25775,-2.32749,-7.02728,-7.02728,-4.68485,-2.34243,-2.34243,-2.34243
15.3154,-4.87003,-2.02785,-1.82734,-2.90607,-2.57602,-1.30836,18.0252,19.8612,4.54509,9.88701,0.911486,-1.39863,-7.13114,-7.13114,-4.75409,-2.37705,-2.37705,-2.37705
15.3204,-4.93323,-2.13445,-1.91092,-2.9542,-2.57674,-1.36599,18.3178,19.4053,4.99442,10.675,1.22748,-3.0036,-7.23456,-7.23456,-4.82304,-2.41152,-2.41152,-2.41152
15.3252,-5.02779,-2.22831,-1.98874,-3.03712,-2.54285,-1.40285,18.9997,19.1337,4.46677,11.5773,0.0929566,-1.56304,-7.33343,-7.33343,-4.88895,-2.44448,-2.44448,-2.44448
15.3303,-5.12426,-2.32903,-2.06199,-3.1592,-2.47516,-1.44351,18.6,19.2107,4.12477,12.2994,0.7571,-2.8033,-7.43802,-7.43802,-4.95868,-2.47934,-2.47934,-2.47934
15.3352,-5.21589,-2.43495,-2.13797,-3.24389,-2.50926,-1.33825,18.9602,20.1619,5.0609,10.1303,1.70953,-4.55015,-7.53806,-7.53806,-5.02537,-2.51269,-2.51269,-2.51269
15.3404,-5.29526,-2.54312,-2.22404,-3.25705,-2.62572,-1.22781,18.3763,18.9751,4.75097,9.90883,2.26639,-2.93345,-7.64373,-7.64373,-5.09582,-2.54791,-2.54791,-2.54791
15.3454,-5.37447,-2.62724,-2.29622,-3.26293,-2.76202,-1.20614,18.4775,19.0763,4.81839,9.94254,2.3001,-2.89974,-7.74486,-7.74486,-5.16324,-2.58162,-2.58162,-2.58162
15.3503,-5.43527,-2.71193,-2.366,-3.29883,-2.81693,-1.18489,18.2451,19.431,4.90714,11.4658,0.842582,-2.95794,-7.8435,-7.8435,-5.229,-2.6145,-2.6145,-2.6145
15.3553,-5.51009,-2.81783,-2.44383,-3.34768,-2.79181,-1.201,19.2357,20.5872,5.15785,10.191,0.809734,-2.51055,-7.94368,-7.94368,-5.29579,-2.64789,-2.64789,-2.64789
15.3601,-5.62916,-2.9292,-2.51959,-3.38085,-2.76824,-1.23854,19.3314,20.6829,5.22165,10.2229,0.841637,-2.47864,-8.03939,-8.03939,-5.35959,-2.6798,-2.6798,-2.6798
15.3654,-5.77403,-3.0459,-2.5984,-3.40316,-2.74631,-1.33461,20.1536,20.0669,4.92809,9.67833,0.760766,-1.39203,-8.14454,-8.14454,-5.42969,-2.71485,-2.71485,-2.71485
15.3703,-5.91077,-3.1408,-2.65994,-3.42416,-2.76388,-1.4301,20.1991,20.1479,4.70624,10.373,1.44712,-2.4776,-8.24125,-8.24125,-5.49417,-2.74708,-2.74708,-2.74708
15.3752,-6.05134,-3.23138,-2.71494,-3.46008,-2.82077,-1.46233,20.2954,20.2442,4.77038,10.405,1.4792,-2.44552,-8.33747,-8.33747,-5.55831,-2.77916,-2.77916,-2.77916
15.3803,-6.16966,-3.33105,-2.77532,-3.49823,-2.83358,-1.52143,20.1901,20.5408,4.92249,10.9433,0.436005,-1.79131,-8.4371,-8.4371,-5.62473,-2.81237,-2.81237,-2.81237
15.3853,-6.29669,-3.4328,-2.83764,-3.5509,-2.77868,-1.61329,20.2872,20.6379,4.98725,10.9757,0.468387,-1.75893,-8.53424,-8.53424,-5.68949,-2.84475,-2.84475,-2.84475
15.3902,-6.40641,-3.53542,-2.91033,-3.5725,-2.74036,-1.68405,20.2204,20.5277,5.70873,10.0634,0.798031,-2.05857,-8.62893,-8.62893,-5.75262,-2.87631,-2.87631,-2.87631
15.3952,-6.50453,-3.64269,-2.98854,-3.59294,-2.68654,-1.76607,19.6821,20.5765,5.18133,10.5922,0.0931438,-1.36414,-8.72503,-8.72503,-5.81669,-2.90834,-2.90834,-2.90834
15.4003,-6.60669,-3.75076,-3.07487,-3.63113,-2.62184,-1.79534,20.5401,20.1027,6.04468,10.6164,0.589312,-3.11185,-8.8225,-8.8225,-5.88166,-2.94083,-2.94083,-2.94083
15.4052,-6.71197,-3.85811,-3.1547,-3.70571,-2.67763,-1.78097,20.3534,21.5315,5.39616,11.9722,2.08591,-2.23625,-8.91561,-8.91561,-5.94374,-2.97187,-2.97187,-2.97187
15.4102,-6.83467,-3.97773,-3.22308,-3.82604,-2.81873,-1.81134,20.4479,21.626,5.45913,12.0037,2.1174,-2.20476,-9.01007,-9.01007,-6.00671,-3.00336,-3.00336,-3.00336
15.4152,-6.94608,-4.09742,-3.29399,-3.92672,-2.97409,-1.80365,20.3054,21.7002,5.81225,11.4637,2.38882,-2.95178,-9.10398,-9.10398,-6.06932,-3.03466,-3.03466,-3.03466
15.4204,-7.03793,-4.22939,-3.38306,-3.99233,-3.08445,-1.85403,19.8943,22.3252,6.5792,11.1814,1.56006,-1.13094,-9.20105,-9.20105,-6.13403,-3.06702,-3.06702,-3.06702
15.4254,-7.10022,-4.34618,-3.46384,-3.98669,-3.19152,-1.98031,19.4393,21.3147,5.86147,9.18374,2.51834,-1.17454,-9.29381,-9.29381,-6.19587,-3.09794,-3.09794,-3.09794
15.4304,-7.18792,-4.45451,-3.54233,-3.9737,-3.26997,-2.08963,20.749,20.7529,6.04206,10.4399,1.28222,-1.14382,-9.38599,-9.38599,-6.25733,-3.12866,-3.12866,-3.12866
15.4353,-7.31959,-4.56686,-3.62376,-3.97274,-3.2859,-2.23889,21.2643,22.0602,6.38615,9.55903,1.53571,0.277151,-9.47577,-9.47577,-6.31718,-3.15859,-3.15859,-3.15859
15.4403,-7.45468,-4.68608,-3.70745,-3.97907,-3.34246,-2.35171,20.8155,21.7335,6.46774,10.6078,2.01318,-1.46442,-9.56681,-9.56681,-6.37787,-3.18894,-3.18894,-3.18894
15.4452,-7.56537,-4.79335,-3.78819,-4.0467,-3.44302,-2.36209,20.6559,21.8891,6.92184,12.1609,2.33252,-1.61704,-9.65544,-9.65544,-6.43696,-3.21848,-3.21848,-3.21848
15.4503,-7.61476,-4.877,-3.8687,-4.07165,-3.61589,-2.35585,18.6554,20.2472,7.02056,9.40107,3.20763,-1.52025,-9.74709,-9.74709,-6.49806,-3.24903,-3.24903,-3.24903
15.4555,-7.71161,-4.97689,-3.91768,-4.08627,-3.76086,-2.26682,22.0972,22.9522,4.37379,10.9472,2.12077,-3.30263,-9.8399,-9.8399,-6.55993,-3.27997,-3.27997,-3.27997
15.4603,-7.88922,-5.10344,-3.956,-4.16039,-3.80739,-2.12512,22.4306,23.3643,6.0837,11.6546,1.76825,-3.05899,-9.92498,-9.92498,-6.61665,-3.30833,-3.30833,-3.30833
15.4652,-8.04037,-5.21957,-4.01391,-4.24797,-3.84856,-2.06466,21.9219,22.509,6.25826,11.8241,2.26068,-2.33472,-10.0113,-10.0113,-6.67417,-3.33708,-3.33708,-3.33708
15.4703,-8.16661,-5.33255,-4.10071,-4.36109,-3.88239,-2.04842,22.1647,22.1332,7.70546,12.864,1.9592,-2.48716,-10.1004,-10.1004,-6.73361,-3.3668,-3.3668,-3.3668
15.4753,-8.27298,-5.43459,-4.18949,-4.4532,-3.89902,-2.07196,21.5856,22.2554,6.92523,11.7585,2.04609,-1.50603,-10.1872,-10.1872,-6.79147,-3.39573,-3.39573,-3.39573
15.4805,-8.38755,-5.52681,-4.27106,-4.53444,-3.93712,-2.09031,22.8021,21.5885,7.41758,12.2852,2.21672,-2.75956,-10.2768,-10.2768,-6.85119,-3.4256,-3.4256,-3.4256
15.4853,-8.50731,-5.60682,-4.33278,-4.55824,-3.97492,-2.07675,22.8369,22.5453,6.3876,10.226,2.11988,-2.13604,-10.3589,-10.3589,-6.90592,-3.45296,-3.45296,-3.45296
15.4903,-8.62048,-5.69238,-4.39934,-4.58512,-4.02369,-2.15162,22.449,21.4009,7.39305,12.4982,2.52906,-1.0893,-10.4438,-10.4438,-6.96251,-3.48126,-3.48126,-3.48126
15.4952,-8.6997,-5.77854,-4.47114,-4.66147,-4.06843,-2.16043,21.6292,22.7285,6.89842,11.6315,2.15086,-3.57062,-10.5263,-10.5263,-7.01755,-3.50878,-3.50878,-3.50878
15.5002,-8.80029,-5.87073,-4.54474,-4.68902,-4.11822,-2.22316,23.34,22.0044,7.52891,10.4339,2.63412,-0.114836,-10.6099,-10.6099,-7.07329,-3.53664,-3.53664,-3.53664
15.5054,-8.93457,-5.96686,-4.6171,-4.71595,-4.21002,-2.31372,22.4926,22.138,6.24463,11.3569,3.01064,-2.94268,-10.6962,-10.6962,-7.13079,-3.5654,-3.5654,-3.5654
15.5104,-9.02539,-6.05833,-4.68429,-4.76477,-4.31041,-2.34976,22.1139,22.4291,7.7353,11.8397,2.92214,-0.944623,-10.7785,-10.7785,-7.18563,-3.59282,-3.59282,-3.59282
15.5152,-9.09449,-6.13854,-4.74412,-4.79682,-4.40394,-2.44403,22.1685,22.1764,6.45203,11.2448,2.99793,-1.48155,-10.8568,-10.8568,-7.23787,-3.61893,-3.61893,-3.61893
15.5204,-9.14243,-6.21653,-4.81037,-4.81571,-4.48966,-2.48621,20.9052,21.315,7.74125,10.9334,2.80243,-1.81781,-10.941,-10.941,-7.29399,-3.64699,-3.64699,-3.64699
15.5253,-9.18439,-6.30214,-4.88063,-4.82127,-4.55304,-2.47049,22.2289,23.139,6.97231,10.3055,2.86177,-2.54507,-11.0196,-11.0196,-7.34642,-3.67321,-3.67321,-3.67321
15.5307,-9.24378,-6.37471,-4.93712,-4.85636,-4.63658,-2.45431,21.4914,20.8137,7.16545,12.2965,2.95665,-1.81263,-11.1056,-11.1056,-7.40371,-3.70185,-3.70185,-3.70185
15.5354,-9.28284,-6.437,-4.99437,-4.90101,-4.68953,-2.47077,22.1171,22.7121,7.55136,11.013,2.69985,-2.00319,-11.1797,-11.1797,-7.45313,-3.72657,-3.72657,-3.72657
15.5402,-9.34084,-6.51083,-5.05592,-4.93445,-4.72639,-2.48841,21.9283,21.8573,7.48438,11.452,2.70831,-1.77117,-11.2548,-11.2548,-7.50319,-3.75159,-3.75159,-3.75159
15.5452,-9.38889,-6.59848,-5.12348,-5.00969,-4.76207,-2.57952,21.3714,23.2153,7.51726,12.8689,2.8004,-0.486762,-11.3323,-11.3323,-7.55488,-3.77744,-3.77744,-3.77744
15.5502,-9.48094,-6.69837,-5.19443,-5.06514,-4.77459,-2.67556,23.9422,23.6231,8.2122,10.9487,2.25469,-1.62863,-11.4091,-11.4091,-7.6061,-3.80305,-3.80305,-3.80305
15.5552,-9.62664,-6.79361,-5.2727,-5.11496,-4.7691,-2.73056,23.5653,22.6473,8.13337,12.3154,2.47879,-1.05677,-11.4853,-11.4853,-7.65685,-3.82843,-3.82843,-3.82843
15.5601,-9.76028,-6.88235,-5.34154,-5.20066,-4.82213,-2.79322,23.5644,23.5762,7.89214,12.6381,3.31487,-1.45441,-11.5592,-11.5592,-7.70613,-3.85307,-3.85307,-3.85307
15.5652,-9.90327,-6.97982,-5.40923,-5.25133,-4.9159,-2.81877,24.1685,23.6248,8.19584,11.3802,3.19951,-1.87613,-11.6354,-11.6354,-7.75694,-3.87847,-3.87847,-3.87847
15.5703,-10.0413,-7.07904,-5.46286,-5.27709,-5.00336,-2.86736,23.7634,24.1219,7.13218,11.9352,3.2909,-0.708335,-11.7109,-11.7109,-7.80725,-3.90362,-3.90362,-3.90362
15.5753,-10.1704,-7.19286,-5.51676,-5.30065,-5.06827,-2.87557,23.8405,25.1919,8.22184,11.3718,2.89304,-2.45584,-11.7841,-11.7841,-7.85609,-3.92804,-3.92804,-3.92804
15.5803,-10.2906,-7.29851,-5.58122,-5.28589,-5.10609,-2.85197,23.6097,23.2236,7.74978,9.98006,2.97518,-1.2559,-11.8567,-11.8567,-7.90444,-3.95222,-3.95222,-3.95222
15.5853,-10.3593,-7.39614,-5.64242,-5.26803,-5.14907,-2.88696,22.5429,24.9778,8.42673,11.3619,3.10675,-1.21541,-11.9285,-11.9285,-7.9523,-3.97615,-3.97615,-3.97615
15.5903,-10.4126,-7.49049,-5.70276,-5.27905,-5.20942,-2.88525,23.0276,23.0788,7.76142,11.0958,3.354,-1.72992,-11.9995,-11.9995,-7.99968,-3.99984,-3.99984,-3.99984
15.5952,-10.4688,-7.57216,-5.753,-5.29407,-5.30856,-2.8087,22.8916,24.0618,7.85125,11.4665,3.98969,-2.99035,-12.0684,-12.0684,-8.04562,-4.02281,-4.02281,-4.02281
15.6003,-10.5259,-7.66191,-5.81172,-5.30199,-5.42229,-2.80028,23.2502,23.9791,8.52975,11.1755,3.70699,-0.648291,-12.1394,-12.1394,-8.09294,-4.04647,-4.04647,-4.04647
15.6053,-10.5771,-7.75298,-5.87045,-5.33723,-5.50027,-2.85345,22.8423,24.4301,8.03014,12.2252,3.56433,-1.95015,-12.2082,-12.2082,-8.13882,-4.06941,-4.06941,-4.06941
15.6102,-10.6167,-7.83826,-5.92023,-5.40799,-5.54302,-2.91525,23.0785,23.7601,8.06208,12.7525,3.25537,-0.106308,-12.275,-12.275,-8.1833,-4.09165,-4.09165,-4.09165
15.6152,-10.6809,-7.93223,-5.96371,-5.4741,-5.59328,-2.98839,23.461,24.7572,7.20409,11.8807,3.84914,-1.66534,-12.3423,-12.3423,-8.22819,-4.1141,-4.1141,-4.1141
15.6203,-10.7561,-8.03837,-6.02239,-5.52628,-5.65243,-3.0102,23.3319,24.963,9.32263,12.0193,3.54057,-0.955473,-12.4102,-12.4102,-8.27345,-4.13673,-4.13673,-4.13673
15.6253,-10.8178,-8.12768,-6.08185,-5.5562,-5.73251,-3.05146,23.0076,23.8114,7.776,11.1635,4.2663,-1.30614,-12.476,-12.476,-8.31731,-4.15866,-4.15866,-4.15866
15.6302,-10.8854,-8.20375,-6.12087,-5.57913,-5.83766,-3.07411,23.0713,23.8751,7.81849,11.1848,4.28754,-1.2849,-12.5397,-12.5397,-8.3598,-4.1799,-4.1799,-4.1799
15.6352,-11.012,-8.29781,-6.18414,-5.63869,-5.9131,-3.12542,25.1687,25.2081,9.47899,12.531,3.78732,-0.6756,-12.604,-12.604,-8.40264,-4.20132,-4.20132,-4.20132
15.6402,-11.177,-8.39484,-6.25939,-5.73203,-5.94339,-3.19577,25.2321,25.2715,9.52131,12.5522,3.80848,-0.654439,-12.6674,-12.6674,-8.44496,-4.22248,-4.22248,-4.22248
15.6452,-11.3077,-8.48753,-6.32195,-5.83064,-5.95154,-3.23971,24.4555,25.1884,8.7501,13.103,3.6969,-0.964738,-12.7301,-12.7301,-8.48676,-4.24338,-4.24338,-4.24338
15.6505,-11.4391,-8.58264,-6.36499,-5.92798,-5.94965,-3.1748,25.4353,25.4511,8.03308,12.7937,4.02513,-2.74791,-12.7958,-12.7958,-8.5305,-4.26525,-4.26525,-4.26525
15.6553,-11.5572,-8.67837,-6.40734,-5.9919,-5.94911,-3.09239,25.0172,25.7382,8.68873,12.2584,4.44212,-1.801,-12.8544,-12.8544,-8.5696,-4.2848,-4.2848,-4.2848
15.6603,-11.6389,-8.76035,-6.4552,-6.03162,-5.97785,-3.10216,24.4707,24.3289,8.64535,12.3862,5.12463,-1.34205,-12.9147,-12.9147,-8.60982,-4.30491,-4.30491,-4.30491
15.6652,-11.6743,-8.81027,-6.49898,-6.04896,-6.03299,-3.13292,23.5638,22.7285,8.4209,12.0248,5.64088,-1.57928,-12.9731,-12.9731,-8.64871,-4.32436,-4.32436,-4.32436
15.6702,-11.6907,-8.86309,-6.54865,-6.04023,-6.093,-3.19942,23.7998,24.7691,9.27934,11.4482,5.8095,-0.756544,-13.0318,-13.0318,-8.68787,-4.34394,-4.34394,-4.34394
15.6752,-11.6886,-8.91939,-6.6085,-6.01405,-6.13207,-3.23996,22.6955,23.6489,9.67535,10.9541,5.71289,-2.07031,-13.0897,-13.0897,-8.72649,-4.36325,-4.36325,-4.36325
15.6802,-11.7222,-8.98023,-6.664,-5.98619,-6.13467,-3.2928,24.7935,24.8369,8.844,10.733,5.98861,-0.39527,-13.1469,-13.1469,-8.76458,-4.38229,-4.38229,-4.38229
15.6852,-11.8012,-9.04447,-6.71178,-5.99178,-6.11523,-3.34234,24.4322,24.0658,9.17623,12.0601,6.25578,-1.95798,-13.2032,-13.2032,-8.80212,-4.40106,-4.40106,-4.40106
15.6905,-11.8612,-9.11503,-6.76192,-5.96899,-6.13045,-3.31845,23.9906,24.9441,8.8058,9.83578,7.66642,-1.85558,-13.262,-13.262,-8.84133,-4.42066,-4.42066,-4.42066
15.6952,-11.9532,-9.1738,-6.8046,-5.93328,-6.16065,-3.25439,25.6653,23.8135,9.23924,10.8714,7.40203,-2.89001,-13.3134,-13.3134,-8.87558,-4.43779,-4.43779,-4.43779
15.7005,-12.1108,-9.22466,-6.85743,-5.95378,-6.14858,-3.3086,26.0848,23.7602,9.36925,11.826,7.82677,0.407894,-13.3704,-13.3704,-8.91363,-4.45681,-4.45681,-4.45681
15.7053,-12.2208,-9.28874,-6.89872,-6.0076,-6.08982,-3.36619,24.4533,24.9025,8.14499,12.2404,7.66158,-2.43174,-13.4213,-13.4213,-8.94755,-4.47378,-4.47378,-4.47378
15.7102,-12.2837,-9.35854,-6.95163,-6.04305,-5.93208,-3.36212,24.2996,23.9017,10.1688,10.8333,6.92515,-0.725571,-13.4725,-13.4725,-8.98166,-4.49083,-4.49083,-4.49083
15.7151,-12.3391,-9.42849,-7.01249,-6.06374,-5.743,-3.35071,24.1687,25.3428,9.19079,11.6367,7.55466,-2.51382,-13.5228,-13.5228,-9.01523,-4.50762,-4.50762,-4.50762
15.7203,-12.4065,-9.51878,-7.06635,-6.11706,-5.52023,-3.34821,24.6232,25.226,9.276,12.1924,6.95118,-0.484262,-13.5754,-13.5754,-9.05028,-4.52514,-4.52514,-4.52514
15.7254,-12.4773,-9.59377,-7.12466,-6.15287,-5.32024,-3.44572,24.6187,24.6739,10.0371,11.3316,7.88715,-0.33489,-13.6261,-13.6261,-9.08406,-4.54203,-4.54203,-4.54203
15.7304,-12.5141,-9.6663,-7.17775,-6.16626,-5.17548,-3.47371,23.7377,25.4043,9.19395,11.2982,7.92827,-1.59373,-13.6749,-13.6749,-9.11662,-4.55831,-4.55831,-4.55831
15.7353,-12.5332,-9.7329,-7.21904,-6.19693,-4.95829,-3.43221,24.0724,24.5964,9.42177,12.1833,6.21343,-1.73537,-13.722,-13.722,-9.14798,-4.57399,-4.57399,-4.57399
15.7403,-12.586,-9.80943,-7.27606,-6.2581,-4.67998,-3.34289,24.8996,25.9082,10.2035,12.3481,6.70111,-2.79605,-13.7691,-13.7691,-9.17942,-4.58971,-4.58971,-4.58971
15.7453,-12.6549,-9.87441,-7.31556,-6.31695,-4.46745,-3.29226,24.8316,24.5558,8.81319,11.9578,6.91527,-1.18257,-13.8154,-13.8154,-9.21029,-4.60515,-4.60515,-4.60515
15.7502,-12.7104,-9.9231,-7.33657,-6.36675,-4.2887,-3.31634,24.8762,24.6004,8.8429,11.9726,6.93012,-1.16772,-13.86,-13.86,-9.24,-4.62,-4.62,-4.62
15.7552,-12.7805,-9.98903,-7.37995,-6.40474,-4.17134,-3.36663,25.5906,26.1856,10.5049,11.5735,7.79783,-0.540128,-13.9046,-13.9046,-9.26974,-4.63487,-4.63487,-4.63487
15.7604,-12.8763,-10.0681,-7.42968,-6.43556,-4.07125,-3.43948,25.5613,25.7189,9.35442,11.8122,7.0264,-0.508402,-13.9501,-13.9501,-9.30008,-4.65004,-4.65004,-4.65004
15.7653,-12.9583,-10.1405,-7.47175,-6.43703,-3.9667,-3.45215,25.2132,25.7845,10.0826,10.9072,7.40472,-1.71984,-13.9921,-13.9921,-9.32809,-4.66404,-4.66404,-4.66404
15.7703,-13.0335,-10.2125,-7.52094,-6.39659,-3.91675,-3.46751,25.0583,25.8069,10.0834,10.1263,7.80789,-0.496948,-14.0342,-14.0342,-9.3561,-4.67805,-4.67805,-4.67805
15.7753,-13.1021,-10.2853,-7.56253,-6.39706,-3.87887,-3.54668,25.2216,25.7692,9.39817,12.1107,7.59805,-0.408708,-14.0753,-14.0753,-9.38354,-4.69177,-4.69177,-4.69177
15.7803,-13.1599,-10.336,-7.59873,-6.4463,-3.81139,-3.58849,25.0373,24.6039,10.2757,12.0164,6.95736,-1.2564,-14.1156,-14.1156,-9.4104,-4.7052,-4.7052,-4.7052
15.7856,-13.2071,-10.4062,-7.64743,-6.45773,-3.70678,-3.56283,24.8387,27.0097,10.0841,10.7056,7.02924,-1.75584,-14.1574,-14.1574,-9.43824,-4.71912,-4.71912,-4.71912
15.7904,-13.2591,-10.4801,-7.69105,-6.45401,-3.67901,-3.53779,25.0332,25.1633,9.96867,11.2478,8.1842,-1.16392,-14.1943,-14.1943,-9.46289,-4.73144,-4.73144,-4.73144
15.7954,-13.3014,-10.5295,-7.72764,-6.46471,-3.71572,-3.54359,25.0709,25.201,9.99377,11.2604,8.19675,-1.15137,-14.232,-14.232,-9.48799,-4.74399,-4.74399,-4.74399
15.8004,-13.327,-10.5781,-7.7617,-6.48372,-3.6865,-3.50825,24.7019,25.5608,10.0517,11.6701,6.79313,-1.98367,-14.2688,-14.2688,-9.5125,-4.75625,-4.75625,-4.75625
15.8052,-13.3558,-10.642,-7.79996,-6.48907,-3.57186,-3.4746,24.6063,25.8868,9.78838,10.8204,6.57278,-0.945456,-14.3032,-14.3032,-9.53549,-4.76774,-4.76774,-4.76774
15.8103,-13.3924,-10.7134,-7.84387,-6.49522,-3.47966,-3.46527,24.65,26.2378,10.5688,11.354,7.09806,-1.62078,-14.339,-14.339,-9.55931,-4.77966,-4.77966,-4.77966
15.8153,-13.4556,-10.7847,-7.90056,-6.5194,-3.42269,-3.44297,25.5075,25.9331,10.8821,11.4399,6.93556,-1.60112,-14.3731,-14.3731,-9.58208,-4.79104,-4.79104,-4.79104
15.8203,-13.5286,-10.8424,-7.95188,-6.53981,-3.37151,-3.4346,25.5408,25.9664,10.9042,11.451,6.94665,-1.59003,-14.4064,-14.4064,-9.60425,-4.80213,-4.80213,-4.80213
15.8254,-13.6061,-10.8996,-7.99256,-6.55224,-3.3475,-3.45156,25.8142,26.283,10.3139,11.3709,7.24745,-1.23127,-14.4394,-14.4394,-9.62626,-4.81313,-4.81313,-4.81313
15.8306,-13.6718,-10.979,-8.03644,-6.5556,-3.37598,-3.52464,24.917,27.3244,10.7056,10.8601,7.99527,-0.367532,-14.4721,-14.4721,-9.64806,-4.82403,-4.82403,-4.82403
15.8354,-13.7311,-11.0644,-8.08819,-6.54811,-3.43315,-3.60004,26.0023,27.2118,11.0407,10.7209,8.07128,-1.02016,-14.5014,-14.5014,-9.66761,-4.8338,-4.8338,-4.8338
15.8403,-13.7784,-11.132,-8.13728,-6.53497,-3.53904,-3.55492,24.6208,25.8068,10.7592,10.4739,8.90898,-2.49258,-14.5305,-14.5305,-9.687,-4.8435,-4.8435,-4.8435
15.8453,-13.7836,-11.181,-8.1779,-6.5043,-3.68014,-3.44898,24.6496,25.8356,10.7784,10.4835,8.91858,-2.48298,-14.5593,-14.5593,-9.7062,-4.8531,-4.8531,-4.8531
15.8505,-13.7881,-11.2339,-8.21535,-6.46021,-3.79567,-3.4038,24.6235,26.2389,10.5824,10.2613,8.52252,-1.55424,-14.5883,-14.5883,-9.72553,-4.86276,-4.86276,-4.86276
15.8553,-13.7952,-11.2896,-8.23253,-6.42331,-3.85515,-3.45821,24.6454,26.0087,8.89844,10.2617,8.349,-0.535442,-14.6142,-14.6142,-9.7428,-4.8714,-4.8714,-4.8714
15.8604,-13.8044,-11.3343,-8.23374,-6.40172,-3.82732,-3.58063,24.7193,25.5861,9.75845,10.4527,6.73499,0.0778682,-14.6408,-14.6408,-9.76054,-4.88027,-4.88027,-4.88027
15.8655,-13.86,-11.3644,-8.2588,-6.40025,-3.79211,-3.68786,26.3959,24.4298,10.5865,11.3555,8.30018,-0.534575,-14.6665,-14.6665,-9.77765,-4.88882,-4.88882,-4.88882
15.8704,-13.9497,-11.3809,-8.29149,-6.43003,-3.83361,-3.7463,26.4197,24.4536,10.6023,11.3634,8.30811,-0.52665,-14.6903,-14.6903,-9.7935,-4.89675,-4.89675,-4.89675
15.8752,-14.0135,-11.4072,-8.33453,-6.44004,-3.92084,-3.72273,25.2955,25.4295,11.4805,10.4022,9.23467,-2.00129,-14.7127,-14.7127,-9.80847,-4.90423,-4.90423,-4.90423
15.8804,-14.0575,-11.4463,-8.39005,-6.42772,-4.0612,-3.63185,25.3189,25.4529,11.496,10.4099,9.24246,-1.9935,-14.7361,-14.7361,-9.82405,-4.91202,-4.91202,-4.91202
15.8853,-14.1172,-11.4893,-8.42981,-6.39408,-4.17243,-3.58934,25.6119,25.9665,10.4923,9.43995,8.90175,-1.37373,-14.7572,-14.7572,-9.83813,-4.91907,-4.91907,-4.91907
15.8903,-14.1754,-11.5371,-8.45568,-6.34567,-4.24997,-3.59616,25.6326,25.9872,10.5061,9.44683,8.90863,-1.36685,-14.7779,-14.7779,-9.8519,-4.92595,-4.92595,-4.92595
15.8953,-14.2274,-11.5685,-8.48664,-6.34848,-4.24264,-3.53206,25.4711,24.3915,10.9205,11.2253,7.44137,-2.95831,-14.7976,-14.7976,-9.86507,-4.93253,-4.93253,-4.93253
15.9002,-14.2631,-11.5955,-8.52994,-6.36774,-4.26278,-3.50538,25.2138,26.049,11.9423,10.2048,9.37677,-0.956673,-14.8161,-14.8161,-9.87737,-4.93869,-4.93869,-4.93869
15.9052,-14.2567,-11.6384,-8.56445,-6.3638,-4.31968,-3.59478,23.7463,25.3223,9.74512,10.2107,8.30635,-0.296574,-14.834,-14.834,-9.88933,-4.94467,-4.94467,-4.94467
15.9102,-14.2356,-11.6732,-8.58374,-6.35936,-4.36937,-3.74566,24.3898,26.1273,11.4264,10.3655,8.97442,0.710979,-14.851,-14.851,-9.90068,-4.95034,-4.95034,-4.95034
15.9153,-14.2352,-11.7205,-8.62656,-6.35552,-4.44655,-3.92291,24.4062,26.1437,11.4373,10.3709,8.97989,0.716452,-14.8674,-14.8674,-9.91162,-4.95581,-4.95581,-4.95581
15.9203,-14.2358,-11.7582,-8.65641,-6.38775,-4.50253,-3.92069,24.1022,25.0478,10.3502,11.8829,8.68687,-2.29241,-14.8826,-14.8826,-9.92174,-4.96087,-4.96087,-4.96087
15.9252,-14.2534,-11.7905,-8.67412,-6.41423,-4.54127,-3.84747,24.7466,25.8931,10.7357,10.2978,8.60045,-0.606913,-14.8966,-14.8966,-9.93105,-4.96553,-4.96553,-4.96553
15.9302,-14.2953,-11.8351,-8.69891,-6.39918,-4.57027,-3.86414,24.7599,25.9064,10.7446,10.3023,8.6049,-0.602463,-14.9099,-14.9099,-9.93995,-4.96998,-4.96998,-4.96998
15.9355,-14.3291,-11.8836,-8.72972,-6.37782,-4.54266,-3.9257,24.0166,25.8724,10.9582,10.1328,7.53288,0.122279,-14.9231,-14.9231,-9.94872,-4.97436,-4.97436,-4.97436
15.9402,-14.2984,-11.9114,-8.75468,-6.37321,-4.50793,-4.00321,22.7272,24.9691,10.9988,11.0472,8.32308,0.390837,-14.9339,-14.9339,-9.95591,-4.97796,-4.97796,-4.97796
15.9453,-14.2701,-11.9322,-8.77073,-6.37343,-4.51901,-4.03516,24.0145,25.3857,10.4793,10.4464,8.21075,-0.441845,-14.9447,-14.9447,-9.96311,-4.98155,-4.98155,-4.98155
15.9505,-14.3133,-11.9481,-8.79264,-6.32485,-4.56166,-3.84177,25.4469,24.0915,11.2154,9.06693,9.05865,-3.75051,-14.9547,-14.9547,-9.96979,-4.98489,-4.98489,-4.98489
15.9552,-14.4437,-11.9547,-8.81466,-6.21839,-4.63746,-3.6383,27.8782,24.7498,10.8907,7.28118,9.0117,-1.60326,-14.9629,-14.9629,-9.97525,-4.98762,-4.98762,-4.98762
15.9604,-14.5746,-11.9814,-8.84063,-6.10979,-4.59552,-3.56044,25.8533,25.806,11.2096,8.60041,7.25077,-1.82411,-14.971,-14.971,-9.98066,-4.99033,-4.99033,-4.99033
15.9653,-14.6169,-12.0065,-8.86465,-6.00975,-4.53812,-3.58021,25.3754,25.0089,11.0573,6.90525,8.83449,-0.298346,-14.9777,-14.9777,-9.98515,-4.99257,-4.99257,-4.99257
15.9703,-14.6569,-12.0187,-8.8863,-5.84519,-4.52741,-3.65977,26.1378,24.3372,10.9484,5.78116,8.29,-0.8594,-14.9837,-14.9837,-9.98912,-4.99456,-4.99456,-4.99456
15.9755,-14.6851,-12.0394,-8.92009,-5.64502,-4.5458,-3.6353,25.095,25.8594,11.9781,5.4103,9.26878,-2.15762,-14.9889,-14.9889,-9.9926,-4.9963,-4.9963,-4.9963
15.9802,-14.7386,-12.0858,-8.95493,-5.47026,-4.60956,-3.57816,27.1082,27.0333,11.2011,5.47782,9.3363,-1.81686,-14.9927,-14.9927,-9.99516,-4.99758,-4.99758,-4.99758
15.9853,-14.8298,-12.1399,-8.9781,-5.29249,-4.61278,-3.58448,26.5638,26.5126,11.1009,5.49547,8.07883,-1.13681,-14.996,-14.996,-9.99733,-4.99867,-4.99867,-4.99867
15.9902,-14.8847,-12.1709,-8.99943,-5.13391,-4.60763,-3.59017,26.1917,25.6047,11.56,5.53761,9.01521,-1.80675,-14.9982,-14.9982,-9.99882,-4.99941,-4.99941,-4.99941
15.9952,-14.8872,-12.1944,-9.01883,-4.98405,-4.59103,-3.6369,24.7471,25.9095,11.0719,4.80114,7.9641,0.238858,-14.9996,-14.9996,-9.99972,-4.99986,-4.99986,-4.99986
16.0006,-14.8878,-12.2328,-9.05212,-4.95073,-4.49902,-3.725,25.8823,26.2763,12.1631,5.27324,7.79036,-0.928482,-15,-15,-10,-5,-5,-5
16.0053,-14.8835,-12.2578,-9.07843,-5.01981,-4.43554,-3.74218,24.7273,25.3499,11.1053,4.33743,8.07171,-1.05285,-14.9995,-14.9995,-9.99965,-4.99983,-4.99983,-4.99983
16.0102,-14.8566,-12.2722,-9.08991,-5.09988,-4.4274,-3.78193,24.9505,25.3091,11.0458,4.486,8.75848,-0.250162,-14.9981,-14.9981,-9.99872,-4.99936,-4.99936,-4.99936
16.0153,-14.8182,-12.2934,-9.1067,-5.2007,-4.37394,-3.80093,24.1522,26.0356,11.5395,5.15588,7.24244,-1.8076,-14.9957,-14.9957,-9.99711,-4.99856,-4.99856,-4.99856
16.0203,-14.8066,-12.3275,-9.12825,-5.28619,-4.26794,-3.79029,25.2955,26.513,11.4851,3.89622,7.4649,-1.0635,-14.9924,-14.9924,-9.99492,-4.99746,-4.99746,-4.99746
16.0254,-14.803,-12.3648,-9.15318,-5.35542,-4.23307,-3.80313,24.6135,26.2841,11.7874,4.69794,8.50674,-1.31334,-14.9881,-14.9881,-9.99204,-4.99602,-4.99602,-4.99602
16.0305,-14.8082,-12.3955,-9.17602,-5.43984,-4.2779,-3.81347,25.3214,25.7666,11.3052,4.58026,8.85274,-0.942497,-14.9828,-14.9828,-9.98853,-4.99426,-4.99426,-4.99426
16.0354,-14.8243,-12.4112,-9.1859,-5.52663,-4.28829,-3.87941,25.1499,25.7566,11.3932,5.08335,7.72467,-0.166168,-14.9768,-14.9768,-9.98454,-4.99227,-4.99227,-4.99227
16.0403,-14.8263,-12.4235,-9.20124,-5.56123,-4.21625,-3.96266,24.7215,25.2258,11.6415,2.77923,7.25871,-0.449975,-14.97,-14.97,-9.97997,-4.98999,-4.98999,-4.98999
16.0454,-14.8026,-12.4421,-9.21846,-5.55539,-4.18843,-4.033,24.1854,25.9781,11.2829,3.01665,8.73813,-0.369869,-14.9619,-14.9619,-9.97458,-4.98729,-4.98729,-4.98729
16.0502,-14.8005,-12.4616,-9.23365,-5.57876,-4.21835,-4.04119,25.0831,25.3786,11.6367,3.78386,8.29646,-1.34146,-14.9534,-14.9534,-9.96893,-4.98446,-4.98446,-4.98446
16.0553,-14.7896,-12.4874,-9.25296,-5.62503,-4.18916,-4.06887,24.1394,26.5585,11.6071,4.21111,7.61419,0.054548,-14.9434,-14.9434,-9.9623,-4.98115,-4.98115,-4.98115
16.0606,-14.7456,-12.5222,-9.26649,-5.67491,-4.13197,-4.16951,24.1281,26.5472,11.5996,4.20732,7.6104,0.0507641,-14.9321,-14.9321,-9.95473,-4.97736,-4.97736,-4.97736
16.0653,-14.7054,-12.548,-9.26115,-5.72136,-4.08882,-4.19619,23.9674,26.3196,10.3926,4.61768,7.5902,-1.13692,-14.9212,-14.9212,-9.94744,-4.97372,-4.97372,-4.97372
16.0704,-14.6782,-12.5864,-9.24888,-5.7369,-4.07844,-4.20741,24.4668,27.3352,10.9379,3.47078,8.2649,-0.0730609,-14.9084,-14.9084,-9.93892,-4.96946,-4.96946,-4.96946
16.0754,-14.6832,-12.6317,-9.2524,-5.7404,-4.10889,-4.21074,24.808,26.7858,11.3637,4.40193,8.30181,-1.31955,-14.8949,-14.8949,-9.92994,-4.96497,-4.96497,-4.96497
16.0803,-14.7231,-12.6511,-9.26106,-5.71937,-4.17179,-4.17733,25.8498,24.8766,11.3167,2.27756,9.0092,-0.984762,-14.8808,-14.8808,-9.92056,-4.96028,-4.96028,-4.96028
16.0854,-14.7835,-12.6538,-9.27438,-5.71033,-4.17911,-4.11204,25.6687,25.1801,11.6992,4.30924,7.45564,-2.06636,-14.8652,-14.8652,-9.91016,-4.95508,-4.95508,-4.95508
16.0903,-14.831,-12.6676,-9.28786,-5.73518,-4.17285,-4.06277,25.2037,26.2045,11.5026,3.11163,8.63439,-1.06977,-14.8494,-14.8494,-9.89957,-4.94979,-4.94979,-4.94979
16.0953,-14.8618,-12.6959,-9.30114,-5.7461,-4.17095,-4.05593,24.7807,26.3055,11.5602,3.42884,7.57712,-1.00924,-14.8322,-14.8322,-9.88816,-4.94408,-4.94408,-4.94408
16.1004,-14.8846,-12.7285,-9.30773,-5.7938,-4.08426,-4.02159,25.1721,26.5826,10.9669,4.39147,7.05763,-1.54529,-14.8138,-14.8138,-9.8759,-4.93795,-4.93795,-4.93795
16.1053,-14.8983,-12.7475,-9.31579,-5.82434,-4.05128,-4.00273,24.5231,25.1733,11.8072,3.0936,8.40936,-0.938761,-14.7953,-14.7953,-9.86352,-4.93176,-4.93176,-4.93176
16.1104,-14.895,-12.7509,-9.3304,-5.84692,-4.12378,-4.05719,24.759,25.5588,11.7812,4.13841,9.01533,-0.0181545,-14.775,-14.775,-9.85001,-4.92501,-4.92501,-4.92501
16.1153,-14.8599,-12.7646,-9.34609,-5.87919,-4.16469,-4.05598,23.3517,25.8576,11.7279,3.65966,8.04806,-1.6975,-14.7547,-14.7547,-9.83644,-4.91822,-4.91822,-4.91822
16.1203,-14.8391,-12.7844,-9.3565,-5.88628,-4.15464,-4.00262,25.1307,26.2102,11.471,3.00659,8.22299,-1.10029,-14.733,-14.733,-9.82199,-4.91099,-4.91099,-4.91099
16.1253,-14.8346,-12.8193,-9.36149,-5.89741,-4.19739,-3.94298,23.9497,27.2357,11.3013,4.03407,9.20079,-2.19249,-14.7104,-14.7104,-9.80693,-4.90347,-4.90347,-4.90347
16.1304,-14.8349,-12.86,-9.35768,-5.92574,-4.27174,-3.86128,24.9934,26.8492,10.93,3.37196,8.63804,-1.72024,-14.6864,-14.6864,-9.79095,-4.89548,-4.89548,-4.89548
16.1353,-14.861,-12.8806,-9.35918,-5.9202,-4.27693,-3.84976,25.0444,25.4936,11.7626,2.85062,8.04218,-0.916777,-14.6625,-14.6625,-9.77501,-4.8875,-4.8875,-4.8875
16.1404,-14.8587,-12.8758,-9.36716,-5.91549,-4.31409,-3.9075,23.9903,24.731,11.6639,3.40506,9.1845,-0.246422,-14.6367,-14.6367,-9.7578,-4.8789,-4.8789,-4.8789
16.1452,-14.9019,-12.8655,-9.35941,-5.87599,-4.39056,-3.83162,27.0067,24.9855,10.5603,1.55851,8.99395,-3.43433,-14.6115,-14.6115,-9.74102,-4.87051,-4.87051,-4.87051
16.1503,-14.9756,-12.8553,-9.34854,-5.81294,-4.40767,-3.7489,25.5726,24.8161,11.4113,2.27794,8.18158,-0.545541,-14.5839,-14.5839,-9.7226,-4.8613,-4.8613,-4.8613
16.1552,-14.9561,-12.8535,-9.3539,-5.78473,-4.40332,-3.80963,23.7958,25.7855,11.8173,2.82355,8.80171,-0.919007,-14.5565,-14.5565,-9.70431,-4.85215,-4.85215,-4.85215
16.1603,-14.8774,-12.8559,-9.36506,-5.74895,-4.46311,-3.90731,23.4471,25.2596,11.875,1.94433,9.49569,0.296609,-14.527,-14.527,-9.68466,-4.84233,-4.84233,-4.84233
16.1652,-14.8191,-12.8587,-9.36073,-5.72089,-4.49155,-3.9823,24.336,25.778,10.6935,2.8454,8.28536,-1.24492,-14.4978,-14.4978,-9.6652,-4.8326,-4.8326,-4.8326
16.1704,-14.7859,-12.8682,-9.34132,-5.7189,-4.45317,-3.96334,24.3041,25.7461,10.6722,2.83476,8.27472,-1.25556,-14.4659,-14.4659,-9.64391,-4.82196,-4.82196,-4.82196
16.1752,-14.7807,-12.8706,-9.33067,-5.69968,-4.43859,-4.04374,24.8686,25.1129,11.256,1.92213,8.81109,0.96165,-14.4355,-14.4355,-9.6237,-4.81185,-4.81185,-4.81185
16.1803,-14.785,-12.8731,-9.33677,-5.65121,-4.41759,-4.12777,24.0791,25.2216,11.7063,1.16589,8.06313,-1.03659,-14.4024,-14.4024,-9.60162,-4.80081,-4.80081,-4.80081
16.1853,-14.7646,-12.8731,-9.3464,-5.60646,-4.36958,-4.15594,23.7384,24.948,11.6882,1.92481,8.23417,-0.0706711,-14.3691,-14.3691,-9.57938,-4.78969,-4.78969,-4.78969
16.1902,-14.7324,-12.8699,-9.35384,-5.57298,-4.33428,-4.21602,23.7048,24.9144,11.6658,1.91362,8.22298,-0.081857,-14.3355,-14.3355,-9.55701,-4.7785,-4.7785,-4.7785
16.1952,-14.7001,-12.8709,-9.34968,-5.55848,-4.28126,-4.15696,23.5358,25.5176,10.8796,2.821,7.90492,-2.29604,-14.3004,-14.3004,-9.53359,-4.7668,-4.7668,-4.7668
16.2003,-14.6657,-12.8807,-9.33653,-5.56809,-4.21471,-3.9945,23.499,25.4809,10.8551,2.80875,7.89267,-2.30829,-14.2637,-14.2637,-9.50911,-4.75455,-4.75455,-4.75455
16.2053,-14.6091,-12.892,-9.32885,-5.59804,-4.16239,-3.87118,22.1934,25.6686,11.2735,3.47541,8.19501,-1.93971,-14.2268,-14.2268,-9.48451,-4.74225,-4.74225,-4.74225
16.2101,-14.5202,-12.9045,-9.32596,-5.63388,-4.13181,-3.78121,22.1572,25.6323,11.2494,3.46333,8.18293,-1.95179,-14.1905,-14.1905,-9.46034,-4.73017,-4.73017,-4.73017
16.2152,-14.4627,-12.917,-9.31617,-5.63523,-4.05946,-3.78089,23.2683,25.7977,10.8553,2.15852,7.44116,-0.25924,-14.1511,-14.1511,-9.43408,-4.71704,-4.71704,-4.71704
16.2202,-14.4289,-12.9287,-9.29961,-5.6102,-3.97381,-3.85578,23.2288,25.7582,10.8289,2.14535,7.42799,-0.272408,-14.1116,-14.1116,-9.40774,-4.70387,-4.70387,-4.70387
16.2251,-14.4096,-12.9388,-9.29194,-5.60566,-3.93292,-3.89202,23.7132,25.9,11.6657,2.71176,8.0358,-0.798955,-14.0721,-14.0721,-9.38137,-4.69068,-4.69068,-4.69068
16.2303,-14.4005,-12.9384,-9.2855,-5.62722,-3.87793,-3.90248,23.5994,24.9666,11.1481,3.45923,6.98651,-0.705613,-14.0292,-14.0292,-9.35277,-4.67639,-4.67639,-4.67639
16.2352,-14.3743,-12.9222,-9.2793,-5.61843,-3.82841,-3.88877,23.105,24.5195,11.7747,1.48311,8.04087,-1.32381,-13.9879,-13.9879,-9.32526,-4.66263,-4.66263,-4.66263
16.2402,-14.3588,-12.8981,-9.27819,-5.59763,-3.85755,-3.88584,24.0234,24.2362,11.558,2.77702,8.4157,-0.626056,-13.9449,-13.9449,-9.29661,-4.6483,-4.6483,-4.6483
16.2452,-14.3545,-12.8706,-9.27523,-5.59596,-3.88226,-3.90475,23.1798,24.2042,11.7315,2.62993,7.79665,-0.864227,-13.9011,-13.9011,-9.26739,-4.63369,-4.63369,-4.63369
16.2502,-14.3118,-12.8404,-9.27113,-5.57377,-3.87943,-3.8686,22.5165,23.9389,11.5052,1.72908,7.92252,-1.65744,-13.8564,-13.8564,-9.23759,-4.6188,-4.6188,-4.6188
16.2551,-14.2584,-12.8066,-9.26063,-5.55201,-3.90937,-3.79045,22.5625,23.7406,11.2456,2.19444,8.5038,-1.91244,-13.8118,-13.8118,-9.20784,-4.60392,-4.60392,-4.60392
16.2602,-14.2291,-12.7691,-9.2471,-5.51574,-3.90009,-3.71616,23.4371,23.4884,11.1869,0.795909,7.30399,-1.85369,-13.7644,-13.7644,-9.1763,-4.58815,-4.58815,-4.58815
16.2652,-14.1993,-12.7317,-9.23291,-5.49935,-3.85336,-3.63525,22.2512,23.5554,11.1826,2.72596,7.79332,-2.57324,-13.7172,-13.7172,-9.1448,-4.5724,-4.5724,-4.5724
16.2705,-14.168,-12.6958,-9.2217,-5.49994,-3.91008,-3.58094,23.3113,23.6738,11.4349,1.72364,9.28328,-1.1164,-13.6662,-13.6662,-9.1108,-4.5554,-4.5554,-4.5554
16.2752,-14.1607,-12.6679,-9.21652,-5.47662,-3.96759,-3.58555,22.7807,23.6908,11.4606,1.5841,7.89346,-1.38842,-13.6202,-13.6202,-9.08012,-4.54006,-4.54006,-4.54006
16.2802,-14.1295,-12.6366,-9.20776,-5.44125,-4.00434,-3.56754,22.5575,23.4834,11.208,1.15351,8.92015,-1.59545,-13.5704,-13.5704,-9.04693,-4.52347,-4.52347,-4.52347
16.2855,-14.108,-12.6033,-9.19761,-5.39414,-4.0918,-3.63333,23.4573,23.5716,11.3854,1.16873,9.04301,0.233094,-13.5167,-13.5167,-9.01115,-4.50557,-4.50557,-4.50557
16.2904,-14.0997,-12.5771,-9.19112,-5.38676,-4.12257,-3.65731,22.6819,23.5488,11.2995,2.50983,8.28927,-2.02761,-13.4663,-13.4663,-8.97751,-4.48875,-4.48875,-4.48875
16.2954,-14.0723,-12.5516,-9.18364,-5.36523,-4.1738,-3.59478,22.6808,23.4965,11.3482,1.002,9.56352,-1.66416,-13.414,-13.414,-8.94264,-4.47132,-4.47132,-4.47132
16.3003,-14.0512,-12.5226,-9.17095,-5.32918,-4.26575,-3.51619,23.1173,23.1094,11.046,1.57252,9.25636,-2.435,-13.3619,-13.3619,-8.90792,-4.45396,-4.45396,-4.45396
16.3054,-14.0243,-12.4887,-9.1522,-5.29513,-4.31537,-3.41602,22.3492,22.755,10.978,1.15674,8.74122,-2.36226,-13.3069,-13.3069,-8.87124,-4.43562,-4.43562,-4.43562
16.3104,-13.9932,-12.4534,-9.13459,-5.27088,-4.31987,-3.37051,22.909,22.2904,11.1379,1.70152,8.57392,-1.6022,-13.2521,-13.2521,-8.83471,-4.41736,-4.41736,-4.41736
16.3155,-13.9973,-12.4143,-9.11647,-5.25433,-4.25546,-3.37229,23.6364,21.5954,11.0248,1.48389,7.56141,-1.52175,-13.1954,-13.1954,-8.7969,-4.39845,-4.39845,-4.39845
16.3204,-13.9894,-12.3711,-9.09887,-5.23041,-4.22453,-3.42518,22.2572,20.6655,11.1364,1.37438,9.0665,-0.463781,-13.1401,-13.1401,-8.76004,-4.38002,-4.38002,-4.38002
16.3252,-13.945,-12.313,-9.07904,-5.2194,-4.2125,-3.47567,22.0605,18.9439,10.8782,1.25671,7.72339,-1.41773,-13.0851,-13.0851,-8.72342,-4.36171,-4.36171,-4.36171
16.3302,-13.8904,-12.2336,-9.05392,-5.18356,-4.1859,-3.50229,22.0734,17.7039,10.8813,0.757139,8.70594,-0.840901,-13.0271,-13.0271,-8.68476,-4.34238,-4.34238,-4.34238
16.3354,-13.8181,-12.1356,-9.02918,-5.15811,-4.1763,-3.55265,21.437,16.1928,10.9492,1.27495,8.22187,-0.894412,-12.966,-12.966,-8.64398,-4.32199,-4.32199,-4.32199
16.3402,-13.7461,-12.0245,-9.00961,-5.1688,-4.13838,-3.51274,21.6674,14.2838,11.0678,1.88515,8.11171,-2.22173,-12.9087,-12.9087,-8.60582,-4.30291,-4.30291,-4.30291
16.3455,-13.6955,-11.8788,-8.99338,-5.16087,-4.08025,-3.41382,22.2416,12.9117,11.3386,0.423081,7.97444,-2.1106,-12.8447,-12.8447,-8.56312,-4.28156,-4.28156,-4.28156
16.3503,-13.6652,-11.7378,-8.98725,-5.13914,-4.05778,-3.34122,21.9622,12.0373,11.7927,1.64549,8.52617,-1.92319,-12.7859,-12.7859,-8.52394,-4.26197,-4.26197,-4.26197
16.3552,-13.6413,-11.5943,-8.99113,-5.13997,-4.04571,-3.2795,22.5121,11.2477,12.2224,1.36856,8.16644,-2.32432,-12.7252,-12.7252,-8.48344,-4.24172,-4.24172,-4.24172
16.3606,-13.6162,-11.4533,-9.01076,-5.08823,-4.01466,-3.31162,21.8454,10.7543,12.892,-0.533607,8.36739,-0.0450873,-12.6573,-12.6573,-8.43823,-4.21911,-4.21911,-4.21911
16.3652,-13.5732,-11.3612,-9.03977,-5.03799,-3.96998,-3.39065,21.4599,10.6485,13.4361,0.796535,7.76002,-1.15754,-12.5988,-12.5988,-8.39923,-4.19962,-4.19962,-4.19962
16.3702,-13.5051,-11.2962,-9.0777,-5.02466,-3.9217,-3.3824,21.0686,10.6236,13.8656,0.932414,8.46721,-2.01527,-12.5345,-12.5345,-8.35635,-4.17817,-4.17817,-4.17817
16.3755,-13.4416,-11.2485,-9.11905,-4.99677,-3.94968,-3.35993,21.3147,9.82964,14.4779,0.429165,8.93273,-1.35103,-12.4655,-12.4655,-8.31033,-4.15517,-4.15517,-4.15517
16.3802,-13.3927,-11.2126,-9.146,-4.97789,-3.92171,-3.31163,21.1346,9.65344,14.3238,0.955,7.27264,-2.564,-12.4036,-12.4036,-8.26904,-4.13452,-4.13452,-4.13452
16.3852,-13.3287,-11.1796,-9.15409,-4.9658,-3.80953,-3.20324,21.068,9.58681,14.2793,0.932789,7.25043,-2.58621,-12.3369,-12.3369,-8.22462,-4.11231,-4.11231,-4.11231
16.3904,-13.2676,-11.1518,-9.15032,-4.95712,-3.66576,-3.1235,21.3328,10.1392,14.7175,1.10814,6.81306,-2.11278,-12.2668,-12.2668,-8.17788,-4.08894,-4.08894,-4.08894
16.3952,-13.2339,-11.1364,-9.1462,-4.95574,-3.5381,-3.09009,21.2673,10.0738,14.6739,1.08633,6.79125,-2.13459,-12.2014,-12.2014,-8.13426,-4.06713,-4.06713,-4.06713
16.4002,-13.1922,-11.1221,-9.13993,-4.93663,-3.52493,-3.12729,20.5838,10.2373,14.8975,0.326441,8.92936,-0.890719,-12.1325,-12.1325,-8.08832,-4.04416,-4.04416,-4.04416
16.4053,-13.1174,-11.1139,-9.14259,-4.968,-3.50982,-3.1708,19.6262,10.714,15.5712,2.94408,6.61212,-1.38636,-12.0614,-12.0614,-8.04096,-4.02048,-4.02048,-4.02048
16.4103,-13.0189,-11.1097,-9.1517,-5.03747,-3.3856,-3.18996,19.5558,10.6435,15.5243,2.92061,6.58865,-1.40983,-11.991,-11.991,-7.99402,-3.99701,-3.99701,-3.99701
16.4156,-12.894,-11.1038,-9.15858,-5.06591,-3.28312,-3.19397,18.72,10.7493,15.5471,1.7611,7.13482,-1.7165,-11.9156,-11.9156,-7.94372,-3.97186,-3.97186,-3.97186
16.4203,-12.7841,-11.1002,-9.16475,-5.06662,-3.24541,-3.18313,18.6524,10.6818,15.5021,1.73857,7.11229,-1.73903,-11.848,-11.848,-7.89866,-3.94933,-3.94933,-3.94933
16.4252,-12.675,-11.1011,-9.16268,-5.0689,-3.20028,-3.18797,18.2897,11.4025,15.045,1.49129,6.98921,-1.43155,-11.7768,-11.7768,-7.85122,-3.92561,-3.92561,-3.92561
16.4304,-12.551,-11.1062,-9.15199,-5.04361,-3.16787,-3.1958,18.2134,11.3263,14.9942,1.46587,6.96379,-1.45697,-11.7006,-11.7006,-7.80037,-3.90019,-3.90019,-3.90019
16.4353,-12.4339,-11.107,-9.1389,-5.01072,-3.14198,-3.19361,18.1408,11.2537,14.9458,1.44167,6.93959,-1.48117,-11.628,-11.628,-7.75198,-3.87599,-3.87599,-3.87599
16.4402,-12.4161,-11.0797,-9.14067,-4.85418,-3.20113,-3.13039,22.11,8.76911,16.3913,-3.64184,8.8444,-2.64824,-11.5547,-11.5547,-7.70313,-3.85156,-3.85156,-3.85156
16.4452,-12.5011,-11.0297,-9.16156,-4.57926,-3.34442,-2.99205,22.0345,8.69364,16.3409,-3.66699,8.81925,-2.67339,-11.4792,-11.4792,-7.65281,-3.82641,-3.82641,-3.82641
16.4501,-12.5795,-10.9859,-9.16462,-4.42695,-3.44512,-2.87112,21.9677,9.30454,15.1187,0.26596,8.695,-2.36708,-11.4046,-11.4046,-7.60304,-3.80152,-3.80152,-3.80152
16.4553,-12.635,-10.9479,-9.15226,-4.40894,-3.5205,-2.7905,21.8877,9.22457,15.0654,0.239304,8.66834,-2.39374,-11.3246,-11.3246,-7.54973,-3.77486,-3.77486,-3.77486
16.4602,-12.6047,-10.923,-9.13754,-4.42089,-3.55062,-2.83814,19.1561,10.4802,15.023,0.346436,8.46084,-0.299404,-11.2485,-11.2485,-7.49903,-3.74952,-3.74952,-3.74952
16.4652,-12.4963,-10.9123,-9.12388,-4.44416,-3.5708,-2.99048,19.0778,10.402,14.9708,0.320342,8.43474,-0.325498,-11.1703,-11.1703,-7.44684,-3.72342,-3.72342,-3.72342
16.4702,-12.3985,-10.9018,-9.1129,-4.4587,-3.55981,-3.00423,19.6726,10.5082,15.2777,-0.277302,8.06894,-2.86894,-11.0913,-11.0913,-7.3942,-3.6971,-3.6971,-3.6971
16.4752,-12.2974,-10.8849,-9.10506,-4.45047,-3.47368,-2.89358,18.9113,9.82176,15.2915,-0.254174,7.25579,-2.70505,-11.0116,-11.0116,-7.34109,-3.67055,-3.67055,-3.67055
16.4802,-12.1929,-10.8636,-9.09911,-4.43751,-3.36962,-2.80562,18.831,9.74142,15.2379,-0.280952,7.22901,-2.73183,-10.9313,-10.9313,-7.28754,-3.64377,-3.64377,-3.64377
16.4853,-12.1281,-10.838,-9.08102,-4.42925,-3.28626,-2.76952,20.0919,9.41451,14.3865,0.0144221,7.44986,-1.98934,-10.8487,-10.8487,-7.23244,-3.61622,-3.61622,-3.61622
16.4904,-12.0842,-10.7969,-9.05082,-4.43697,-3.21859,-2.74225,19.6934,9.09477,14.9162,0.541405,7.32272,-2.34832,-10.7653,-10.7653,-7.17689,-3.58844,-3.58844,-3.58844
16.4954,-12.0376,-10.7571,-9.03102,-4.45619,-3.16669,-2.68258,19.611,9.0124,14.8612,0.513948,7.29527,-2.37577,-10.683,-10.683,-7.12198,-3.56099,-3.56099,-3.56099
16.5002,-11.9995,-10.7206,-9.01459,-4.45606,-3.20571,-2.64952,19.8426,9.22033,15.1258,-0.274377,9.13998,-1.77306,-10.6033,-10.6033,-7.06885,-3.53442,-3.53442,-3.53442
16.5052,-11.9351,-10.692,-8.99092,-4.43176,-3.18584,-2.59284,18.569,9.47551,14.0334,-0.534102,6.2555,-3.25822,-10.5196,-10.5196,-7.01308,-3.50654,-3.50654,-3.50654
16.5103,-11.8581,-10.6614,-8.94664,-4.4144,-3.11849,-2.55048,19.5941,9.61803,13.9363,0.314912,8.27199,-1.56465,-10.4336,-10.4336,-6.95574,-3.47787,-3.47787,-3.47787
16.5152,-11.7777,-10.6239,-8.91442,-4.38941,-3.14381,-2.59097,18.4037,8.88862,15.0053,-0.524281,8.27736,-1.70004,-10.3504,-10.3504,-6.90024,-3.45012,-3.45012,-3.45012
16.5202,-11.6723,-10.5797,-8.89633,-4.34736,-3.18498,-2.61346,18.3181,8.80303,14.9482,-0.55281,8.24883,-1.72857,-10.2648,-10.2648,-6.84318,-3.42159,-3.42159,-3.42159
16.5252,-11.5802,-10.5278,-8.86378,-4.29815,-3.24913,-2.58903,18.7165,8.18885,13.9544,-1.11147,8.92389,-2.46939,-10.1786,-10.1786,-6.7857,-3.39285,-3.39285,-3.39285
16.5301,-11.4903,-10.4852,-8.83263,-4.28449,-3.32083,-2.5847,17.934,8.76566,14.4369,0.267762,8.8624,-1.3634,-10.0934,-10.0934,-6.72896,-3.36448,-3.36448,-3.36448
16.5352,-11.4075,-10.442,-8.78921,-4.29705,-3.40305,-2.6355,18.7707,8.40459,13.2655,-0.225656,9.00654,-1.47594,-10.0042,-10.0042,-6.66949,-3.33474,-3.33474,-3.33474
16.5402,-11.3558,-10.3891,-8.74865,-4.27763,-3.46241,-2.59246,18.8087,7.45758,14.3333,-1.07474,8.58802,-3.1613,-9.91614,-9.91614,-6.61076,-3.30538,-3.30538,-3.30538
16.5453,-11.3006,-10.3227,-8.71732,-4.28066,-3.48139,-2.54142,18.5449,7.35922,14.1957,0.567661,8.39226,-1.77558,-9.82566,-9.82566,-6.55044,-3.27522,-3.27522,-3.27522
16.5502,-11.2503,-10.2605,-8.68658,-4.32044,-3.49352,-2.5496,18.4574,7.2717,14.1373,0.538486,8.36309,-1.80475,-9.73814,-9.73814,-6.49209,-3.24605,-3.24605,-3.24605
16.5552,-11.1903,-10.1962,-8.65189,-4.32245,-3.46809,-2.54319,18.0247,7.30393,14.0627,-0.940483,7.83632,-1.98376,-9.64823,-9.64823,-6.43215,-3.21608,-3.21608,-3.21608
16.5602,-11.1375,-10.1449,-8.62038,-4.30713,-3.43263,-2.56912,18.5449,8.15903,14.2051,-0.515251,8.68383,-1.04517,-9.55773,-9.55773,-6.37182,-3.18591,-3.18591,-3.18591
16.5652,-11.0989,-10.1082,-8.59575,-4.29212,-3.44681,-2.65081,18.4538,8.06794,14.1444,-0.545614,8.65347,-1.07553,-9.46664,-9.46664,-6.31109,-3.15555,-3.15555,-3.15555
16.5702,-11.0338,-10.076,-8.56556,-4.2686,-3.40806,-2.66249,17.515,8.60666,13.82,-0.783173,7.81147,-2.50541,-9.37496,-9.37496,-6.24997,-3.12499,-3.12499,-3.12499
16.5751,-10.9486,-10.0476,-8.53144,-4.23351,-3.34419,-2.60236,17.4246,8.51626,13.7597,-0.813307,7.78133,-2.53555,-9.28456,-9.28456,-6.18971,-3.09485,-3.09485,-3.09485
16.5802,-10.8597,-10.0028,-8.48929,-4.22432,-3.25302,-2.50223,17.4718,7.60206,13.6088,0.223254,7.36061,-3.36199,-9.18988,-9.18988,-6.12659,-3.06329,-3.06329,-3.06329
16.5853,-10.7811,-9.9543,-8.45074,-4.24596,-3.15591,-2.37336,17.3765,7.5068,13.5453,0.191498,7.32886,-3.39374,-9.09462,-9.09462,-6.06308,-3.03154,-3.03154,-3.03154
16.5902,-10.6831,-9.90345,-8.41695,-4.22686,-3.089,-2.33046,16.4019,7.14285,13.8831,-1.61112,7.89432,-2.0334,-9.00253,-9.00253,-6.00169,-3.00084,-3.00084,-3.00084
16.5952,-10.6032,-9.85191,-8.38012,-4.19503,-3.05621,-2.33878,17.7533,7.58418,13.4146,-0.706978,7.68894,-2.23878,-8.90802,-8.90802,-5.93868,-2.96934,-2.96934,-2.96934
16.6002,-10.5362,-9.80671,-8.33428,-4.16464,-3.01,-2.31951,16.7284,7.77675,13.1694,-1.7985,7.61586,-2.5437,-8.81297,-8.81297,-5.87531,-2.93766,-2.93766,-2.93766
16.6051,-10.4308,-9.76278,-8.29745,-4.10671,-2.95303,-2.31263,16.0989,7.77762,14.1499,-1.69725,7.36107,-1.88769,-8.71928,-8.71928,-5.81285,-2.90643,-2.90643,-2.90643
16.6102,-10.3379,-9.71167,-8.26553,-4.05258,-2.92504,-2.2464,17.0804,7.08068,13.5432,-1.54778,8.1895,-3.72542,-8.62122,-8.62122,-5.74748,-2.87374,-2.87374,-2.87374
16.6152,-10.2916,-9.6564,-8.23025,-4.03096,-2.96476,-2.17413,17.5984,7.11009,13.7797,-1.29848,8.8528,-2.26724,-8.52455,-8.52455,-5.68303,-2.84152,-2.84152,-2.84152
16.6202,-10.2588,-9.60321,-8.19929,-4.00332,-3.04708,-2.16431,17.5012,7.01289,13.7149,-1.33088,8.8204,-2.29964,-8.42735,-8.42735,-5.61824,-2.80912,-2.80912,-2.80912
16.6252,-10.1646,-9.53766,-8.15527,-3.97354,-3.00339,-2.16466,15.3468,6.11929,13.0144,-1.32206,6.66814,-1.98446,-8.32963,-8.32963,-5.55309,-2.77654,-2.77654,-2.77654
16.6303,-10.0298,-9.46587,-8.1073,-3.93427,-2.93159,-2.15141,15.6603,6.33823,13.3259,-1.53762,8.38182,-2.60574,-8.22943,-8.22943,-5.48629,-2.74314,-2.74314,-2.74314
16.6353,-9.95402,-9.4021,-8.0517,-3.87553,-2.88608,-2.10043,17.1612,6.67682,12.3237,-2.58897,7.06551,-2.82909,-8.13068,-8.13068,-5.42046,-2.71023,-2.71023,-2.71023
16.6403,-9.8608,-9.3372,-7.99667,-3.82542,-2.83937,-2.0417,15.0525,6.25449,13.4509,-1.83546,8.44002,-2.87046,-8.03143,-8.03143,-5.35429,-2.67714,-2.67714,-2.67714
16.6452,-9.72821,-9.2723,-7.95982,-3.79841,-2.87325,-1.98907,14.9548,6.15675,13.3858,-1.86804,8.40744,-2.90304,-7.93369,-7.93369,-5.28912,-2.64456,-2.64456,-2.64456
16.6501,-9.64148,-9.20565,-7.90903,-3.76884,-2.83089,-1.97598,16.7399,6.31857,12.5303,-2.15746,7.05818,-2.24854,-7.83547,-7.83547,-5.22365,-2.61182,-2.61182,-2.61182
16.6554,-9.63808,-9.13158,-7.86645,-3.69656,-2.70598,-1.96023,18.0003,5.70749,14.2189,-3.41848,7.064,-3.06244,-7.72871,-7.72871,-5.15248,-2.57624,-2.57624,-2.57624
16.6602,-9.65182,-9.06076,-7.85145,-3.61302,-2.59294,-1.91581,17.9032,5.61034,14.1541,-3.45087,7.03161,-3.09483,-7.63156,-7.63156,-5.08771,-2.54385,-2.54385,-2.54385
16.6652,-9.57759,-8.98775,-7.81638,-3.59919,-2.48323,-1.98219,15.0632,6.40701,13.2148,-1.07527,7.52765,-1.00903,-7.52991,-7.52991,-5.01994,-2.50997,-2.50997,-2.50997
16.6702,-9.44497,-8.93304,-7.77837,-3.64611,-2.42586,-2.14902,14.9611,6.30489,13.1467,-1.10931,7.49361,-1.04307,-7.42779,-7.42779,-4.95186,-2.47593,-2.47593,-2.47593
16.6752,-9.3126,-8.87176,-7.72123,-3.68481,-2.43771,-2.15825,14.8861,5.69011,11.7596,-1.57406,8.89186,-3.95042,-7.32521,-7.32521,-4.88347,-2.44174,-2.44174,-2.44174
16.6806,-9.1622,-8.79386,-7.63765,-3.66679,-2.44922,-2.11014,14.5187,5.53153,11.7523,-2.70412,7.33124,-2.11624,-7.21391,-7.21391,-4.80928,-2.40464,-2.40464,-2.40464
16.6851,-9.04592,-8.73129,-7.57576,-3.64576,-2.3456,-2.08879,15.2569,6.00575,12.499,-2.06449,6.70403,-3.47209,-7.12077,-7.12077,-4.74718,-2.37359,-2.37359,-2.37359
16.6901,-8.95648,-8.65743,-7.51357,-3.6591,-2.19069,-2.03539,15.6652,5.56694,12.5384,-1.44501,6.44583,-2.70357,-7.01686,-7.01686,-4.67791,-2.33895,-2.33895,-2.33895
16.6953,-8.89235,-8.5869,-7.45885,-3.67435,-2.0476,-2.00823,15.5566,5.45842,12.4661,-1.48118,6.40966,-2.73974,-6.90834,-6.90834,-4.60556,-2.30278,-2.30278,-2.30278
16.7002,-8.83537,-8.52187,-7.40793,-3.67936,-1.92851,-1.97646,15.454,5.35574,12.3976,-1.51541,6.37543,-2.77397,-6.80566,-6.80566,-4.53711,-2.26855,-2.26855,-2.26855
16.7052,-8.73883,-8.44121,-7.34253,-3.67525,-1.85195,-2.00838,14.1077,4.7147,12.0244,-1.91479,7.45817,-1.48423,-6.70046,-6.70046,-4.46698,-2.23349,-2.23349,-2.23349
16.7102,-8.62238,-8.3591,-7.27979,-3.66029,-1.85815,-2.08198,14.0021,4.6091,11.954,-1.94999,7.42297,-1.51943,-6.59486,-6.59486,-4.39657,-2.19829,-2.19829,-2.19829
16.7153,-8.49918,-8.25895,-7.2106,-3.65168,-1.83203,-2.04054,13.823,3.5199,11.8819,-1.84528,6.89012,-3.48472,-6.48672,-6.48672,-4.32448,-2.16224,-2.16224,-2.16224
16.7202,-8.40246,-8.16901,-7.1516,-3.65676,-1.87158,-1.91515,14.4634,4.71975,12.2095,-1.43292,8.80944,-3.39528,-6.38243,-6.38243,-4.25495,-2.12748,-2.12748,-2.12748
16.7252,-8.3276,-8.09781,-7.10276,-3.6676,-2.0066,-1.79537,14.3566,4.61294,12.1383,-1.46853,8.77383,-3.43089,-6.27562,-6.27562,-4.18374,-2.09187,-2.09187,-2.09187
16.7305,-8.24646,-8.01304,-7.04796,-3.59898,-2.12074,-1.7458,14.436,4.2038,12.3823,-4.57001,8.83531,-2.21021,-6.16198,-6.16198,-4.10798,-2.05399,-2.05399,-2.05399
16.7352,-8.19178,-7.94358,-7.01242,-3.46608,-2.2282,-1.75908,14.3348,4.10266,12.3149,-4.60372,8.8016,-2.24392,-6.06084,-6.06084,-4.04056,-2.02028,-2.02028,-2.02028
16.7402,-8.09895,-7.8571,-6.95866,-3.34967,-2.31836,-1.74994,13.041,3.45493,11.526,-3.9773,8.79046,-2.71046,-5.95289,-5.95289,-3.9686,-1.9843,-1.9843,-1.9843
16.7452,-7.97318,-7.76811,-6.89865,-3.24623,-2.40233,-1.72846,12.9326,3.34662,11.4538,-4.01341,8.75435,-2.74657,-5.84458,-5.84458,-3.89638,-1.94819,-1.94819,-1.94819
16.7502,-7.84499,-7.67876,-6.83349,-3.15495,-2.4154,-1.69762,13.0643,3.8644,11.511,-3.63563,7.73281,-3.13883,-5.7359,-5.7359,-3.82393,-1.91197,-1.91197,-1.91197
16.7552,-7.71112,-7.56875,-6.75218,-3.06063,-2.4496,-1.63284,12.6834,2.06905,10.8761,-4.17706,9.40214,-3.55606,-5.62687,-5.62687,-3.75124,-1.87562,-1.87562,-1.87562
16.7602,-7.58011,-7.4512,-6.67212,-2.96043,-2.563,-1.53848,12.574,1.95967,10.8031,-4.21352,9.36568,-3.59252,-5.51749,-5.51749,-3.67832,-1.83916,-1.83916,-1.83916
16.7653,-7.459,-7.32396,-6.59505,-2.923,-2.57533,-1.4917,13.1477,2.06839,11.9136,-2.24706,7.98702,-2.67762,-5.40557,-5.40557,-3.60371,-1.80186,-1.80186,-1.80186
16.7704,-7.36706,-7.21074,-6.54475,-2.93961,-2.51842,-1.48575,13.0354,1.95613,11.8387,-2.28448,7.9496,-2.71504,-5.29331,-5.29331,-3.52887,-1.76444,-1.76444,-1.76444
16.7753,-7.28623,-7.10793,-6.4852,-2.93791,-2.4448,-1.47646,13.2779,2.71868,11.0811,-3.10715,7.64857,-2.74283,-5.18512,-5.18512,-3.45675,-1.72837,-1.72837,-1.72837
16.7803,-7.16865,-7.00437,-6.41943,-2.91043,-2.36401,-1.3818,11.5124,1.97364,11.3688,-3.85613,7.69447,-4.32809,-5.07442,-5.07442,-3.38295,-1.69147,-1.69147,-1.69147
16.7853,-7.04691,-6.90413,-6.37866,-2.90263,-2.2765,-1.20621,12.6897,2.5009,12.6972,-2.24541,7.26003,-4.77081,-4.9634,-4.9634,-3.30893,-1.65447,-1.65447,-1.65447
16.7902,-6.92748,-6.80484,-6.34606,-2.89921,-2.22219,-1.14264,11.1504,2.0372,12.1354,-3.95434,8.34146,-2.37286,-4.8543,-4.8543,-3.2362,-1.6181,-1.6181,-1.6181
16.7952,-6.77786,-6.70492,-6.30962,-2.84345,-2.23162,-1.18793,11.0388,1.92558,12.061,-3.99155,8.30425,-2.41007,-4.74268,-4.74268,-3.16179,-1.58089,-1.58089,-1.58089
16.8002,-6.67886,-6.59388,-6.2423,-2.7828,-2.15721,-1.11125,12.9087,1.41967,10.2308,-4.21101,6.75171,-4.64157,-4.63077,-4.63077,-3.08718,-1.54359,-1.54359,-1.54359
16.8054,-6.60399,-6.48208,-6.14923,-2.77004,-2.06867,-0.952551,12.1065,2.18948,10.2303,-2.53595,8.02933,-4.45691,-4.51408,-4.51408,-3.00939,-1.50469,-1.50469,-1.50469
16.8102,-6.53053,-6.39694,-6.07301,-2.79325,-2.07921,-0.829004,11.9985,2.0815,10.1584,-2.57194,7.99334,-4.4929,-4.4061,-4.4061,-2.9374,-1.4687,-1.4687,-1.4687
16.8152,-6.42792,-6.29841,-5.99066,-2.80802,-2.04166,-0.752138,11.1017,1.44473,10.2086,-2.87448,6.987,-3.80184,-4.29335,-4.29335,-2.86224,-1.43112,-1.43112,-1.43112
16.8202,-6.29342,-6.18132,-5.90974,-2.79199,-1.9741,-0.685191,10.7838,0.886501,10.6829,-3.68219,7.71109,-4.32803,-4.18034,-4.18034,-2.78689,-1.39345,-1.39345,-1.39345
16.8254,-6.15257,-6.06199,-5.8405,-2.73337,-1.943,-0.605362,10.666,0.768695,10.6044,-3.72146,7.67182,-4.3673,-4.06254,-4.06254,-2.70836,-1.35418,-1.35418,-1.35418
16.8304,-5.99673,-5.9497,-5.7628,-2.64938,-1.91407,-0.572188,9.90628,1.65592,10.2444,-4.64527,7.88237,-3.80071,-3.949,-3.949,-2.63267,-1.31633,-1.31633,-1.31633
16.8356,-5.84634,-5.83806,-5.67635,-2.6061,-1.84509,-0.563453,10.6193,0.895374,9.97955,-2.52363,7.09773,-3.78219,-3.83067,-3.83067,-2.55378,-1.27689,-1.27689,-1.27689
16.8403,-5.74177,-5.74483,-5.60892,-2.61744,-1.75258,-0.549004,10.5121,0.788201,9.9081,-2.55935,7.06201,-3.81791,-3.7235,-3.7235,-2.48233,-1.24117,-1.24117,-1.24117
16.8452,-5.63892,-5.6519,-5.54469,-2.60192,-1.69156,-0.51484,10.7311,1.61791,10.7029,-3.76415,7.77817,-4.16159,-3.61155,-3.61155,-2.4077,-1.20385,-1.20385,-1.20385
16.8502,-5.56259,-5.56849,-5.48801,-2.57781,-1.66916,-0.52266,11.2195,1.66106,10.5117,-3.37174,7.69862,-3.09022,-3.4971,-3.4971,-2.3314,-1.1657,-1.1657,-1.1657
16.8553,-5.47768,-5.48192,-5.4228,-2.58997,-1.59151,-0.562506,10.3973,1.31163,9.96343,-2.54133,6.69087,-3.43557,-3.38013,-3.38013,-2.25342,-1.12671,-1.12671,-1.12671
16.8602,-5.39072,-5.40405,-5.35354,-2.59223,-1.42992,-0.582963,10.6078,2.11707,10.0451,-3.83742,5.9247,-3.3075,-3.26755,-3.26755,-2.17837,-1.08918,-1.08918,-1.08918
16.8652,-5.29287,-5.31801,-5.28472,-2.56827,-1.32911,-0.58199,9.83077,1.15489,10.4554,-3.58598,7.71622,-3.71846,-3.15247,-3.15247,-2.10165,-1.05082,-1.05082,-1.05082
16.8703,-5.21296,-5.21947,-5.22131,-2.50201,-1.26785,-0.591204,10.9031,0.722107,10.2328,-5.35569,6.36879,-3.12009,-3.03489,-3.03489,-2.02326,-1.01163,-1.01163,-1.01163
16.8752,-5.13569,-5.11714,-5.14594,-2.44295,-1.19582,-0.594984,10.0098,1.09357,9.81667,-4.38325,7.52339,-3.53041,-2.92173,-2.92173,-1.94782,-0.973911,-0.973911,-0.973911
16.8805,-5.03564,-5.0272,-5.07593,-2.40655,-1.19041,-0.574053,9.88721,0.970987,9.73495,-4.42411,7.48253,-3.57127,-2.79915,-2.79915,-1.8661,-0.933049,-0.933049,-0.933049
16.8853,-4.94253,-4.94651,-5.01392,-2.37506,-1.18796,-0.554465,9.77602,0.859797,9.66082,-4.46117,7.44547,-3.60833,-2.68796,-2.68796,-1.79197,-0.895986,-0.895986,-0.895986
16.8905,-4.85857,-4.85794,-4.93213,-2.36683,-1.17866,-0.516323,10.5577,1.71629,9.23555,-3.5823,7.4301,-4.02942,-2.56733,-2.56733,-1.71155,-0.855777,-0.855777,-0.855777
16.8953,-4.80987,-4.79876,-4.86349,-2.38183,-1.17021,-0.456711,10.4461,1.60479,9.16122,-3.61947,7.39293,-4.06659,-2.45583,-2.45583,-1.63722,-0.81861,-0.81861,-0.81861
16.9003,-4.71606,-4.72928,-4.78905,-2.43807,-1.20968,-0.38796,8.78538,1.30332,9.32613,-2.03535,8.42229,-4.27095,-2.33954,-2.33954,-1.55969,-0.779845,-0.779845,-0.779845
16.9052,-4.54251,-4.64613,-4.71104,-2.47089,-1.26611,-0.392616,7.24499,1.93387,10.0505,-4.06887,8.00337,-2.60331,-2.22543,-2.22543,-1.48362,-0.741809,-0.741809,-0.741809
16.9103,-4.34775,-4.58295,-4.65787,-2.41755,-1.31035,-0.468447,7.12608,1.81496,9.97126,-4.10851,7.96373,-2.64295,-2.10652,-2.10652,-1.40435,-0.702173,-0.702173,-0.702173
16.9153,-4.16507,-4.51821,-4.6048,-2.34861,-1.35272,-0.528771,7.00937,1.69825,9.89345,-4.14741,7.92483,-2.68185,-1.98981,-1.98981,-1.32654,-0.663271,-0.663271,-0.663271
16.9202,-3.97875,-4.43638,-4.53976,-2.29295,-1.30968,-0.579203,6.44572,0.472683,9.2382,-3.51489,6.28035,-2.67861,-1.87532,-1.87532,-1.25022,-0.625108,-0.625108,-0.625108
16.9253,-3.8045,-4.33656,-4.45638,-2.23916,-1.14112,-0.451645,7.00412,0.0618412,8.55884,-3.63745,5.42915,-6.12145,-1.75604,-1.75604,-1.17069,-0.585347,-0.585347,-0.585347
16.9302,-3.7156,-4.2339,-4.3763,-2.18799,-1.01149,-0.351069,8.46541,-0.379889,9.09265,-3.03813,6.46731,-2.52477,-1.64133,-1.64133,-1.09422,-0.54711,-0.54711,-0.54711
16.9352,-3.64588,-4.12672,-4.29315,-2.11487,-0.886818,-0.286039,7.35538,-0.504921,8.19318,-4.1453,5.40982,-5.5115,-1.52418,-1.52418,-1.01612,-0.50806,-0.50806,-0.50806
16.9402,-3.53234,-4.01797,-4.18731,-2.07358,-0.737393,-0.152983,6.39103,-0.681267,7.15362,-2.03986,5.5943,-4.0519,-1.40693,-1.40693,-0.937955,-0.468978,-0.468978,-0.468978
16.9456,-3.42913,-3.91129,-4.08891,-2.02737,-0.591577,-0.0797796,7.35175,-0.11455,8.9355,-4.13554,5.30366,-4.53298,-1.28021,-1.28021,-0.853474,-0.426737,-0.426737,-0.426737
16.9503,-3.32674,-3.81756,-4.01479,-1.86274,-0.498046,-0.0455771,5.61416,-0.90654,7.81692,-7.36841,5.82991,-3.58445,-1.16984,-1.16984,-0.779893,-0.389947,-0.389947,-0.389947
16.9553,-3.3557,-3.69603,-3.98817,-1.54424,-0.53378,0.0347614,12.2262,-3.11617,12.4453,-9.85842,7.6289,-5.25478,-1.05235,-1.05235,-0.701569,-0.350785,-0.350785,-0.350785
16.9603,-3.45933,-3.55506,-3.97273,-1.28741,-0.647813,0.111025,9.37034,-2.2763,9.28625,-6.13024,7.87124,-3.97744,-0.934803,-0.934803,-0.623202,-0.311601,-0.311601,-0.311601
16.9654,-3.42189,-3.41333,-3.91828,-1.17075,-0.738809,0.201232,7.82016,-3.04242,9.55531,-6.21163,7.84781,-5.58235,-0.814842,-0.814842,-0.543228,-0.271614,-0.271614,-0.271614
16.9705,-3.32413,-3.26881,-3.8377,-1.09883,-0.758631,0.284786,7.53861,-2.40201,7.69671,-6.54143,6.94669,-4.09883,-0.694829,-0.694829,-0.463219,-0.23161,-0.23161,-0.23161
16.9753,-3.20504,-3.13548,-3.74689,-1.08011,-0.846779,0.26802,6.91341,-3.28725,8.10208,-5.35366,9.87326,-3.86326,-0.581834,-0.581834,-0.387889,-0.193945,-0.193945,-0.193945
16.9804,-3.08217,-2.99447,-3.65921,-1.138,-0.917093,0.29477,7.45524,-3.01728,8.03874,-4.28417,6.90211,-5.07077,-0.461741,-0.461741,-0.307827,-0.153914,-0.153914,-0.153914
16.9854,-2.95019,-2.86747,-3.57649,-1.22144,-0.917275,0.294458,6.06485,-2.42585,8.26537,-4.44762,8.47746,-3.32154,-0.343974,-0.343974,-0.229316,-0.114658,-0.114658,-0.114658
16.9903,-2.82374,-2.73674,-3.50496,-1.24568,-0.934529,0.237052,7.16688,-4.02272,8.49564,-6.53954,7.53646,-3.7823,-0.228542,-0.228542,-0.152361,-0.0761807,-0.0761807,-0.0761807
16.9954,-2.68323,-2.5987,-3.44469,-1.23381,-0.926384,0.243985,5.60074,-2.77176,9.34559,-6.14903,8.05945,-4.42679,-0.108384,-0.108384,-0.072256,-0.036128,-0.036128,-0.036128
17.0004,-2.54898,-2.4774,-3.39107,-1.26988,-1.003,0.236706,6.77526,-3.2875,8.55436,-4.6565,8.97238,-3.39794,0.00942478,0.00942478,0.00628318,0.00314159,0.00314159,0.00314159
17.0053,-2.43398,-2.36831,-3.32037,-1.34823,-1.00967,0.221296,6.17518,-2.18944,7.5766,-4.10711,7.02121,-4.35551,0.124877,0.124877,0.0832512,0.0416256,0.0416256,0.0416256
17.0104,-2.30468,-2.2555,-3.2288,-1.37358,-0.845086,0.286252,5.86591,-2.89665,7.42752,-5.88596,5.6812,-4.85096,0.245033,0.245033,0.163356,0.0816778,0.0816778,0.0816778
17.0153,-2.23167,-2.13915,-3.14885,-1.3733,-0.718525,0.343843,7.5353,-3.58338,7.94831,-5.36967,7.43949,-4.26843,0.360463,0.360463,0.240309,0.120154,0.120154,0.120154
17.0203,-2.17179,-2.00683,-3.06331,-1.39427,-0.656754,0.374116,6.43253,-3.83117,7.32431,-4.93697,6.96139,-4.39877,0.478226,0.478226,0.318818,0.159409,0.159409,0.159409
17.0253,-2.07945,-1.87825,-2.98533,-1.41582,-0.56658,0.436729,6.0587,-3.86222,8.13407,-4.83545,6.71515,-4.90997,0.59596,0.59596,0.397307,0.198653,0.198653,0.198653
17.0303,-1.9537,-1.75282,-2.91713,-1.40674,-0.485898,0.46983,4.76688,-4.01538,7.77346,-5.73581,6.98227,-3.81485,0.713657,0.713657,0.475772,0.237886,0.237886,0.237886
17.0353,-1.84897,-1.63901,-2.8398,-1.36298,-0.501359,0.483889,6.50103,-2.95891,7.28329,-6.26354,8.42518,-4.5827,0.831311,0.831311,0.554207,0.277104,0.277104,0.277104
17.0403,-1.73111,-1.53409,-2.75747,-1.32255,-0.463405,0.605604,4.16127,-3.15925,7.35537,-6.03778,5.91854,-5.97154,0.948912,0.948912,0.632608,0.316304,0.316304,0.316304
17.0454,-1.60855,-1.42302,-2.66663,-1.27507,-0.436531,0.657339,6.08229,-3.78347,6.44362,-6.50003,8.58613,-3.36191,1.06881,1.06881,0.712537,0.356269,0.356269,0.356269
17.0502,-1.56149,-1.31011,-2.57171,-1.24157,-0.4165,0.615097,6.53294,-4.12082,6.46249,-5.65166,6.14734,-4.2689,1.18158,1.18158,0.787723,0.393861,0.393861,0.393861
17.0553,-1.49093,-1.193,-2.48055,-1.24123,-0.379483,0.728238,5.28634,-3.35408,7.2082,-5.03746,8.11118,-6.40366,1.30134,1.30134,0.867558,0.433779,0.433779,0.433779
17.0605,-1.39889,-1.09051,-2.41176,-1.23979,-0.43181,0.807208,5.19191,-3.53519,7.66399,-5.35137,7.72275,-3.69537,1.42335,1.42335,0.948902,0.474451,0.474451,0.474451
17.0656,-1.28215,-0.97405,-2.36089,-1.20404,-0.532971,0.737888,4.51285,-5.19531,8.14021,-6.56699,9.07393,-3.72695,1.54293,1.54293,1.02862,0.51431,0.51431,0.51431
17.0704,-1.16716,-0.871353,-2.29955,-1.13423,-0.608959,0.794367,4.1837,-3.03438,6.57507,-7.29171,7.42185,-6.10767,1.65538,1.65538,1.10359,0.551794,0.551794,0.551794
17.0752,-1.05539,-0.789451,-2.22316,-1.08179,-0.606657,0.85249,4.33138,-3.72592,6.36641,-6.72473,7.48375,-3.75221,1.76774,1.76774,1.17849,0.589247,0.589247,0.589247
17.0803,-0.963743,-0.692552,-2.14401,-1.05191,-0.605381,0.812382,5.07497,-3.75063,6.9745,-6.27596,7.88284,-4.23908,1.88701,1.88701,1.25801,0.629004,0.629004,0.629004
17.0853,-0.908407,-0.592839,-2.07222,-1.03224,-0.583744,0.902071,5.19061,-4.26539,6.94052,-6.45566,7.09042,-6.14102,2.00383,2.00383,1.33588,0.667942,0.667942,0.667942
17.0903,-0.852809,-0.487532,-1.99416,-1.06658,-0.562858,1.00743,4.95178,-4.2954,6.45308,-4.22584,8.14448,-4.59844,2.12052,2.12052,1.41368,0.706839,0.706839,0.706839
17.0955,-0.752115,-0.378204,-1.9136,-1.09912,-0.600875,1.05309,3.54612,-4.29448,6.85297,-6.05473,8.07923,-5.14393,2.24174,2.24174,1.49449,0.747245,0.747245,0.747245
17.1003,-0.641677,-0.269781,-1.83341,-1.08473,-0.637962,1.10473,3.82836,-4.79236,6.07413,-5.89326,8.12478,-5.06526,2.3535,2.3535,1.569,0.784499,0.784499,0.784499
17.1053,-0.509839,-0.152455,-1.74207,-1.05966,-0.579806,1.1619,2.51038,-5.31052,5.8315,-6.29634,6.51282,-5.25306,2.46978,2.46978,1.64652,0.823258,0.823258,0.823258
17.1102,-0.360726,-0.0360479,-1.65357,-0.997535,-0.500499,1.15992,3.22792,-5.06972,6.08794,-7.45207,7.57613,-3.90823,2.58358,2.58358,1.72239,0.861193,0.861193,0.861193
17.1152,-0.235166,0.0710716,-1.57938,-0.916401,-0.435481,1.18203,2.71007,-5.46543,6.20709,-7.22577,6.70119,-5.73537,2.69955,2.69955,1.7997,0.899849,0.899849,0.899849
17.1204,-0.0864038,0.183702,-1.50684,-0.845491,-0.303519,1.30477,2.58964,-5.58586,6.12681,-7.26591,6.66105,-5.77551,2.81998,2.81998,1.87998,0.939992,0.939992,0.939992
17.1253,0.0593202,0.318693,-1.41716,-0.836394,-0.21855,1.355,2.44875,-6.73933,5.51205,-5.15088,7.00416,-4.61268,2.93329,2.93329,1.95552,0.977762,0.977762,0.977762
17.1302,0.194548,0.451845,-1.32831,-0.872149,-0.122257,1.3545,2.33562,-6.85246,5.43662,-5.18859,6.96645,-4.65039,3.04642,3.04642,2.03095,1.01547,1.01547,1.01547
17.1352,0.314074,0.598429,-1.22711,-0.837518,-0.0349531,1.41849,2.66952,-6.4043,5.6691,-7.79381,6.67963,-5.95565,3.16168,3.16168,2.10779,1.05389,1.05389,1.05389
17.1402,0.422548,0.725983,-1.14119,-0.751373,0.0919087,1.54166,2.55445,-6.51937,5.59239,-7.83217,6.64127,-5.99401,3.27675,3.27675,2.1845,1.09225,1.09225,1.09225
17.1453,0.491088,0.879211,-1.04555,-0.665394,0.106347,1.63363,3.78478,-8.0825,5.39307,-8.1693,8.42382,-5.6439,3.3939,3.3939,2.2626,1.1313,1.1313,1.1313
17.1504,0.493595,1.03603,-0.960099,-0.569406,0.0792519,1.65649,5.09806,-8.1758,5.44678,-8.47324,7.05176,-4.98736,3.51084,3.51084,2.34056,1.17028,1.17028,1.17028
17.1554,0.548091,1.16793,-0.888321,-0.485326,0.0830072,1.60774,1.92619,-6.65513,5.95778,-8.59418,8.11486,-4.55354,3.62527,3.62527,2.41685,1.20842,1.20842,1.20842
17.1604,0.666436,1.2843,-0.809553,-0.444737,0.0448375,1.57852,2.6512,-6.6275,4.98086,-6.96797,7.62139,-5.30369,3.73948,3.73948,2.49298,1.24649,1.24649,1.24649
17.1654,0.782972,1.40088,-0.720854,-0.463917,0.0293336,1.5603,1.69407,-7.54129,4.79201,-6.84864,7.97256,-4.60476,3.85345,3.85345,2.56897,1.28448,1.28448,1.28448
17.1702,0.90275,1.51336,-0.635182,-0.518507,0.0926516,1.50463,1.86068,-6.83884,4.82372,-5.39464,6.098,-4.43416,3.96264,3.96264,2.64176,1.32088,1.32088,1.32088
17.1753,1.04187,1.62804,-0.55906,-0.540307,0.24307,1.47825,0.858411,-7.39195,5.72675,-7.34591,6.21673,-4.97783,4.07841,4.07841,2.71894,1.35947,1.35947,1.35947
17.1803,1.1771,1.72836,-0.490688,-0.517172,0.336419,1.51087,1.50165,-6.14589,4.85287,-6.81234,6.85794,-5.40474,4.19165,4.19165,2.79444,1.39722,1.39722,1.39722
17.1853,1.32023,1.81762,-0.415686,-0.526528,0.383256,1.53347,0.0727,-5.97914,5.41291,-5.33476,6.7292,-4.92076,4.30464,4.30464,2.86976,1.43488,1.43488,1.43488
17.1902,1.47286,1.916,-0.339586,-0.525276,0.450598,1.52108,0.470491,-7.46467,4.50117,-7.3091,6.46054,-4.67606,4.41511,4.41511,2.94341,1.4717,1.4717,1.4717
17.1953,1.61828,2.03729,-0.242079,-0.469581,0.449653,1.54557,0.548852,-7.82365,3.86877,-7.8607,7.86302,-5.69134,4.52981,4.52981,3.01987,1.50994,1.50994,1.50994
17.2002,1.7195,2.14063,-0.148596,-0.459291,0.447554,1.60979,1.2545,-6.68854,4.06509,-6.04262,6.33598,-5.41334,4.63974,4.63974,3.09316,1.54658,1.54658,1.54658
17.2053,1.81337,2.24186,-0.0780732,-0.431521,0.491172,1.60391,0.687281,-7.87434,5.37468,-8.51498,6.8113,-4.15142,4.75386,4.75386,3.16924,1.58462,1.58462,1.58462
17.2103,1.90652,2.33027,-0.0265901,-0.353875,0.475641,1.59692,0.599332,-6.66209,4.76734,-8.32034,7.40338,-5.37266,4.86545,4.86545,3.24363,1.62182,1.62182,1.62182
17.2153,2.00065,2.41991,0.0325769,-0.29615,0.465725,1.68352,0.342263,-7.65594,5.04845,-7.44663,6.81153,-5.83203,4.97674,4.97674,3.31782,1.65891,1.65891,1.65891
17.2203,2.11166,2.52788,0.110036,-0.248617,0.417043,1.81582,-0.162719,-7.49112,4.1092,-7.91419,8.31459,-6.31615,5.08772,5.08772,3.39181,1.69591,1.69591,1.69591
17.2254,2.22792,2.62678,0.191222,-0.204372,0.368775,1.93491,0.00414292,-7.32032,4.37253,-7.20661,7.29995,-5.57545,5.2006,5.2006,3.46706,1.73353,1.73353,1.73353
17.2302,2.31594,2.73211,0.271056,-0.198112,0.335873,1.92176,0.532549,-8.43095,3.91943,-6.56296,7.67036,-4.24456,5.30653,5.30653,3.53769,1.76884,1.76884,1.76884
17.2352,2.41563,2.85514,0.354007,-0.183619,0.310374,1.93088,-0.530957,-8.671,4.34768,-7.38624,7.69164,-6.15252,5.41656,5.41656,3.61104,1.80552,1.80552,1.80552
17.2406,2.54123,2.9813,0.432045,-0.121884,0.28394,2.04564,-0.32239,-8.51365,4.30215,-8.11296,7.72668,-6.0678,5.53501,5.53501,3.69001,1.845,1.845,1.845
17.2453,2.64545,3.08653,0.503713,-0.0509349,0.311642,2.06785,-0.858565,-8.24212,4.09779,-8.27142,6.64914,-4.5123,5.63778,5.63778,3.75852,1.87926,1.87926,1.87926
17.2506,2.76706,3.21762,0.598109,0.0263191,0.330743,2.01509,-0.82043,-10.0637,3.04056,-8.13605,8.08443,-4.81577,5.75331,5.75331,3.83554,1.91777,1.91777,1.91777
17.2553,2.85878,3.34508,0.688191,0.114106,0.343168,1.99543,-0.370944,-9.37384,3.59112,-9.44521,6.97403,-5.08165,5.85542,5.85542,3.90362,1.95181,1.95181,1.95181
17.2601,2.94405,3.46816,0.766454,0.189297,0.38216,2.0072,-0.892541,-9.91514,3.63468,-8.2627,7.29542,-5.50546,5.95938,5.95938,3.97292,1.98646,1.98646,1.98646
17.2653,3.05347,3.58525,0.837402,0.223613,0.3512,2.0719,-1.1545,-8.60504,4.15341,-8.13451,8.33443,-5.94859,6.07162,6.07162,4.04775,2.02387,2.02387,2.02387
17.2702,3.16385,3.67571,0.89316,0.237063,0.301082,2.15596,-1.25989,-8.71043,4.08315,-8.16964,8.2993,-5.98372,6.17701,6.17701,4.11801,2.059,2.059,2.059
17.2753,3.23693,3.79138,0.961323,0.234068,0.263902,2.1483,-0.163555,-9.64319,3.93713,-7.63476,7.22784,-4.29792,6.28631,6.28631,4.19088,2.09544,2.09544,2.09544
17.2806,3.29039,3.90594,1.02386,0.230725,0.34364,2.05875,-0.276718,-9.75636,3.86169,-7.67248,7.19012,-4.33564,6.39948,6.39948,4.26632,2.13316,2.13316,2.13316
17.2854,3.3632,4.01049,1.08089,0.245428,0.35067,2.07174,-1.55688,-9.1532,4.23879,-7.93835,7.80193,-6.16643,6.50158,6.50158,4.33439,2.16719,2.16719,2.16719
17.2902,3.45475,4.09923,1.14326,0.27723,0.39597,2.21766,-1.2528,-8.86094,3.06745,-8.80027,6.73301,-6.90415,6.60332,6.60332,4.40221,2.20111,2.20111,2.20111
17.2953,3.5736,4.21227,1.22414,0.333627,0.500984,2.32956,-2.42822,-10.6707,3.19421,-8.76992,6.59776,-5.56556,6.711,6.711,4.474,2.237,2.237,2.237
17.3002,3.70126,4.3283,1.30723,0.343735,0.515206,2.31589,-1.96392,-10.2182,2.24771,-7.70303,8.23595,-4.79675,6.81406,6.81406,4.5427,2.27135,2.27135,2.27135
17.3055,3.83014,4.44835,1.4051,0.336468,0.53542,2.2951,-2.31527,-9.92341,2.70874,-7.72348,6.66716,-5.521,6.92507,6.92507,4.61671,2.30836,2.30836,2.30836
17.3104,3.91666,4.55188,1.48469,0.364377,0.555638,2.32832,-1.02272,-10.0887,2.60925,-8.78427,7.77577,-6.09327,7.02728,7.02728,4.68485,2.34243,2.34243,2.34243
17.3157,4.02063,4.66123,1.56169,0.456205,0.559078,2.41495,-2.6497,-10.5139,2.80965,-9.48336,7.26708,-6.279,7.13736,7.13736,4.75824,2.37912,2.37912,2.37912
17.3204,4.13184,4.76657,1.6336,0.51023,0.602602,2.47905,-2.27016,-10.6427,2.57347,-8.23236,7.11876,-6.00504,7.23456,7.23456,4.82304,2.41152,2.41152,2.41152
17.3254,4.24298,4.87238,1.71451,0.550503,0.709048,2.52085,-2.87352,-10.131,2.39196,-8.93737,6.14879,-5.65021,7.33754,7.33754,4.89169,2.44585,2.44585,2.44585
17.3303,4.35399,4.96595,1.79662,0.565827,0.794633,2.5252,-2.8361,-9.48682,2.37095,-7.31486,6.95986,-5.45186,7.43802,7.43802,4.95868,2.47934,2.47934,2.47934
17.3355,4.46708,5.06639,1.8686,0.537546,0.807263,2.53077,-3.27321,-11.2399,2.87702,-7.58208,7.73588,-5.77704,7.54417,7.54417,5.02945,2.51472,2.51472,2.51472
17.3403,4.54036,5.15841,1.93204,0.554592,0.806921,2.57492,-1.70806,-10.0175,2.12857,-9.46931,6.46969,-6.21527,7.6417,7.6417,5.09447,2.54723,2.54723,2.54723
17.3453,4.61175,5.24754,2.01243,0.633847,0.901827,2.6587,-3.25912,-10.9815,1.42996,-9.71831,6.22897,-6.43943,7.74284,7.74284,5.1619,2.58095,2.58095,2.58095
17.3504,4.68507,5.35164,2.10189,0.672939,0.96055,2.73484,-2.27041,-10.9305,1.83595,-8.53537,6.93167,-6.18385,7.84551,7.84551,5.23034,2.61517,2.61517,2.61517
17.3554,4.75647,5.46812,2.1822,0.709097,1.02648,2.73911,-3.27678,-12.4452,1.89248,-9.27256,6.19448,-5.29816,7.94568,7.94568,5.29712,2.64856,2.64856,2.64856
17.3603,4.86002,5.57668,2.24739,0.773809,1.01477,2.72043,-3.57541,-11.0338,2.52959,-9.83504,8.10768,-5.67848,8.04337,8.04337,5.36225,2.68112,2.68112,2.68112
17.3655,4.9946,5.66608,2.3012,0.807736,0.920356,2.69353,-4.48626,-10.7666,2.51308,-8.47011,7.67589,-5.32371,8.14652,8.14652,5.43101,2.71551,2.71551,2.71551
17.3706,5.11816,5.76117,2.35315,0.808964,0.889567,2.68788,-3.47581,-12.0217,2.47316,-8.63613,7.17039,-6.01137,8.24715,8.24715,5.4981,2.74905,2.74905,2.74905
17.3754,5.23278,5.87117,2.439,0.823152,0.880541,2.77162,-4.51959,-12.1553,-0.0454155,-8.87454,7.76824,-6.9453,8.34139,8.34139,5.56093,2.78046,2.78046,2.78046
17.3804,5.34717,5.97881,2.53607,0.830463,0.899999,2.86225,-3.90804,-11.788,1.53013,-7.85553,6.57651,-6.17469,8.43904,8.43904,5.62603,2.81301,2.81301,2.81301
17.3854,5.42117,6.0857,2.6009,0.865257,0.851399,2.84261,-3.3866,-12.5904,2.08819,-10.1152,8.97021,-4.94023,8.53618,8.53618,5.69079,2.84539,2.84539,2.84539
17.3906,5.50732,6.19374,2.67168,0.943219,0.787305,2.7843,-4.4169,-11.8793,0.980399,-9.38696,7.22272,-5.45396,8.63664,8.63664,5.75776,2.87888,2.87888,2.87888
17.3955,5.61724,6.27912,2.75166,0.935698,0.785046,2.70778,-5.11386,-10.9726,1.08066,-6.95918,7.60534,-4.55798,8.73078,8.73078,5.82052,2.91026,2.91026,2.91026
17.4003,5.721,6.35253,2.83507,0.919905,0.880609,2.62478,-4.19694,-10.5522,0.603606,-8.53811,5.52133,-4.91147,8.8225,8.8225,5.88166,2.94083,2.94083,2.94083
17.4052,5.83959,6.43786,2.92538,0.913041,0.994778,2.63228,-6.12609,-12.631,0.0671026,-7.19467,7.13803,-6.09343,8.91561,8.91561,5.94374,2.97187,2.97187,2.97187
17.4102,5.9665,6.5241,3.00271,0.925514,0.99903,2.73352,-5.04643,-11.3583,1.04286,-7.75608,7.09824,-6.58032,9.01007,9.01007,6.00671,3.00336,3.00336,3.00336
17.4153,6.07791,6.59927,3.0704,0.948108,1.073,2.80745,-6.16267,-11.5841,0.690581,-7.13388,5.78292,-5.60208,9.10585,9.10585,6.07057,3.03528,3.03528,3.03528
17.4204,6.21188,6.67631,3.14292,0.969255,1.24077,2.82215,-6.25787,-11.6793,0.627116,-7.16562,5.75118,-5.63382,9.20105,9.20105,6.13403,3.06702,3.06702,3.06702
17.4253,6.32879,6.75476,3.22179,1.02947,1.30777,2.82753,-6.34878,-11.8017,-0.0751195,-8.3634,6.77244,-5.57304,9.29196,9.29196,6.19464,3.09732,3.09732,3.09732
17.4305,6.45194,6.83351,3.31036,1.15549,1.41302,2.8606,-6.49193,-11.5076,0.00935588,-9.8278,5.00168,-6.36676,9.38783,9.38783,6.25855,3.12928,3.12928,3.12928
17.4352,6.5799,6.91051,3.40617,1.17537,1.54809,2.84799,-7.69701,-12.2398,-1.44417,-6.01458,5.37042,-4.96302,9.47395,9.47395,6.31596,3.15798,3.15798,3.15798
17.4403,6.65197,7.00942,3.46897,1.39789,1.55622,2.70478,-4.33449,-13.9914,2.39804,-17.1655,7.44256,-3.73542,9.56681,9.56681,6.37787,3.18894,3.18894,3.18894
17.4452,6.56895,7.14747,3.4909,1.7813,1.43728,2.61381,-1.42084,-16.3416,1.8896,-14.5787,8.18312,-5.49548,9.65544,9.65544,6.43696,3.21848,3.21848,3.21848
17.4503,6.49665,7.27952,3.5298,1.95457,1.26183,2.688,-4.58963,-13.8171,0.842017,-10.1049,8.32637,-6.79287,9.74709,9.74709,6.49806,3.24903,3.24903,3.24903
17.4554,6.54262,7.39207,3.60628,1.96483,1.25848,2.84975,-5.2756,-13.8215,-0.357716,-9.91993,5.60507,-7.04677,9.83812,9.83812,6.55875,3.27937,3.27937,3.27937
17.4603,6.62178,7.48151,3.68897,1.94062,1.336,2.95957,-5.6225,-12.6593,-0.187813,-9.51005,6.96717,-5.97449,9.92498,9.92498,6.61665,3.30833,3.30833,3.30833
17.4655,6.71696,7.57488,3.76842,1.86652,1.4058,3.03728,-5.69433,-13.6768,0.309194,-8.16608,6.0424,-6.45212,10.0165,10.0165,6.67768,3.33884,3.33884,3.33884
17.4702,6.80943,7.67445,3.84769,1.79434,1.46292,3.06153,-6.09169,-14.5469,-1.0372,-8.93866,6.88438,-5.30374,10.0987,10.0987,6.73245,3.36622,3.36622,3.36622
17.4752,6.92386,7.786,3.93262,1.77488,1.48514,3.05962,-6.39125,-14.4722,-0.0563341,-10.4828,6.63194,-5.92884,10.1855,10.1855,6.79031,3.39516,3.39516,3.39516
17.4804,7.0243,7.88531,3.99383,1.81029,1.51072,3.06059,-5.64163,-13.9353,0.32074,-10.9019,6.80908,-5.4619,10.2751,10.2751,6.85005,3.42502,3.42502,3.42502
17.4853,7.10201,7.98275,4.05551,1.80456,1.51513,3.00933,-6.30462,-15.2484,-0.610841,-9.191,6.541,-4.7612,10.3589,10.3589,6.90592,3.45296,3.45296,3.45296
17.4903,7.19805,8.09346,4.13565,1.79049,1.59962,2.93654,-6.19251,-14.7699,-0.769841,-10.2791,5.83374,-5.02962,10.4438,10.4438,6.96251,3.48126,3.48126,3.48126
17.4953,7.28652,8.19503,4.20309,1.79488,1.65534,2.88761,-6.28857,-14.1489,0.515778,-9.55374,7.13046,-5.07426,10.528,10.528,7.01867,3.50934,3.50934,3.50934
17.5004,7.38854,8.31023,4.26977,1.7618,1.61983,2.8821,-6.72842,-15.6092,-0.408409,-8.82867,7.74785,-5.77335,10.6133,10.6133,7.07551,3.53775,3.53775,3.53775
17.5055,7.5348,8.42249,4.34031,1.77317,1.60866,2.95166,-7.84528,-14.5512,-0.218173,-11.0511,6.48595,-6.40599,10.6978,10.6978,7.13189,3.56595,3.56595,3.56595
17.5104,7.66555,8.50807,4.40945,1.82512,1.62338,3.0779,-7.04727,-14.0447,-0.955344,-10.2085,7.18778,-6.97106,10.7785,10.7785,7.18563,3.59282,3.59282,3.59282
17.5152,7.76405,8.59123,4.49019,1.85341,1.72552,3.2066,-7.25564,-14.7653,-1.40468,-9.94485,4.71075,-6.61629,10.8568,10.8568,7.23787,3.61893,3.61893,3.61893
17.5202,7.8446,8.68597,4.56873,1.91916,1.81492,3.31119,-6.39493,-14.929,-0.670716,-11.7603,7.49898,-6.635,10.9378,10.9378,7.29184,3.64592,3.64592,3.64592
17.5253,7.90358,8.78058,4.63126,1.97248,1.80496,3.40912,-6.75261,-14.9478,-0.359553,-10.1565,6.42839,-6.67057,11.0196,11.0196,7.34642,3.67321,3.67321,3.67321
17.5305,7.92992,8.86474,4.68609,1.95241,1.76156,3.44063,-5.39727,-14.3962,-0.433534,-9.27324,7.974,-5.49756,11.1024,11.1024,7.40159,3.7008,3.7008,3.7008
17.5352,7.94448,8.94043,4.7563,1.9518,1.74592,3.42171,-6.36581,-15.2663,-2.40996,-10.7966,5.8296,-5.85348,11.1766,11.1766,7.45104,3.72552,3.72552,3.72552
17.5402,7.99585,9.03498,4.86184,1.98693,1.89933,3.42132,-6.44404,-15.3445,-2.46211,-10.8227,5.80353,-5.87955,11.2548,11.2548,7.50319,3.75159,3.75159,3.75159
17.5452,8.03733,9.13169,4.96324,2.02011,1.97966,3.4154,-6.4152,-15.5324,-2.19403,-10.6581,6.44006,-5.7398,11.3323,11.3323,7.55488,3.77744,3.77744,3.77744
17.5502,8.08398,9.22016,5.0297,2.00997,1.97527,3.38787,-6.48021,-15.487,-0.48338,-9.21817,7.08515,-5.44249,11.4091,11.4091,7.6061,3.80305,3.80305,3.80305
17.5552,8.16403,9.28603,5.08084,2.00868,1.92255,3.35559,-8.10476,-14.5821,-1.82157,-10.9161,6.81137,-5.64175,11.4853,11.4853,7.65685,3.82843,3.82843,3.82843
17.5604,8.26585,9.3575,5.1423,2.0465,1.84642,3.33647,-7.14696,-15.618,-1.17371,-10.5779,7.85333,-5.63477,11.5637,11.5637,7.70914,3.85457,3.85457,3.85457
17.5655,8.33795,9.42183,5.19347,2.04556,1.81052,3.29156,-7.64471,-14.9298,-1.70727,-9.60144,5.9898,-5.03916,11.6399,11.6399,7.75991,3.87996,3.87996,3.87996
17.5703,8.41083,9.48648,5.24777,2.06668,1.85556,3.2134,-7.29413,-15.509,-1.33243,-11.5129,6.50438,-4.87238,11.7109,11.7109,7.80725,3.90362,3.90362,3.90362
17.5753,8.5023,9.57454,5.29585,2.1292,1.83043,3.12994,-8.33663,-16.6579,-0.873396,-11.1565,7.84616,-4.82228,11.7841,11.7841,7.85609,3.92804,3.92804,3.92804
17.5802,8.59729,9.65405,5.33438,2.15407,1.67231,3.06428,-7.93097,-15.3973,-1.07336,-10.3025,8.60076,-4.99502,11.8552,11.8552,7.90348,3.95174,3.95174,3.95174
17.5852,8.6718,9.73051,5.38431,2.19949,1.55809,3.01382,-7.80972,-16.722,-1.98231,-11.5436,7.30173,-4.94443,11.927,11.927,7.95135,3.97567,3.97567,3.97567
17.5902,8.73335,9.827,5.44944,2.24607,1.59247,2.95254,-7.41982,-16.6434,-1.76844,-10.5157,6.33403,-4.62037,11.9981,11.9981,7.99873,3.99937,3.99937,3.99937
17.5952,8.79796,9.92606,5.51669,2.25167,1.67968,2.89291,-8.23875,-16.8674,-2.02433,-10.2494,6.43479,-4.80941,12.0684,12.0684,8.04562,4.02281,4.02281,4.02281
17.6002,8.86377,10.0173,5.58109,2.24779,1.67378,2.847,-7.6937,-16.3814,-1.83247,-10.405,8.12559,-4.75809,12.138,12.138,8.09202,4.04601,4.04601,4.04601
17.6052,8.92399,10.1014,5.64351,2.25737,1.61982,2.79327,-8.44417,-16.5133,-2.14379,-10.4363,7.29944,-4.51608,12.2069,12.2069,8.13791,4.06896,4.06896,4.06896
17.6102,9.00538,10.178,5.70599,2.28951,1.68196,2.75288,-8.52013,-15.8367,-2.06169,-10.5087,5.88575,-4.81201,12.275,12.275,8.1833,4.09165,4.09165,4.09165
17.6152,9.08525,10.2501,5.77231,2.33283,1.7063,2.74345,-8.75689,-16.1601,-2.44934,-10.6222,7.9747,-5.0249,12.3423,12.3423,8.22819,4.1141,4.1141,4.1141
17.6202,9.17709,10.3368,5.83785,2.40895,1.73951,2.7178,-9.01258,-17.3969,-2.16977,-11.6131,5.80799,-4.40953,12.4089,12.4089,8.27257,4.13629,4.13629,4.13629
17.6252,9.29195,10.4218,5.89876,2.44849,1.78866,2.66389,-10.1028,-16.6274,-2.45399,-9.65614,7.18538,-4.39834,12.4747,12.4747,8.31644,4.15822,4.15822,4.15822
17.6302,9.40035,10.497,5.95816,2.45447,1.78124,2.57745,-8.88732,-16.6373,-2.1525,-10.1332,7.3624,-3.63342,12.5397,12.5397,8.3598,4.1799,4.1799,4.1799
17.6353,9.48376,10.5652,6.02337,2.49042,1.78012,2.44385,-9.53598,-16.9077,-3.5735,-11.1321,6.41325,-3.24127,12.6052,12.6052,8.40349,4.20175,4.20175,4.20175
17.6402,9.56786,10.6212,6.08416,2.53465,1.92482,2.29759,-9.20024,-16.2292,-2.48219,-10.5567,4.34732,-2.78176,12.6674,12.6674,8.44496,4.22248,4.22248,4.22248
17.6452,9.55119,10.7052,6.11589,2.60514,2.03694,2.14067,-5.73271,-19.2311,-0.889614,-12.7138,7.55562,-2.2893,12.7301,12.7301,8.48676,4.24338,4.24338,4.24338
17.6503,9.50308,10.7926,6.14718,2.73591,1.95459,2.00457,-7.47035,-17.1273,-2.76464,-13.2896,7.58427,-1.87979,12.7933,12.7933,8.52886,4.26443,4.26443,4.26443
17.6552,9.56605,10.8464,6.20249,2.78231,1.83064,1.94928,-9.86667,-16.218,-2.85265,-10.7097,8.3592,-1.89148,12.8532,12.8532,8.5688,4.2844,4.2844,4.2844
17.6602,9.64869,10.9007,6.26651,2.73882,1.84146,1.98591,-8.20523,-16.9638,-3.21055,-10.2827,5.37481,-1.56383,12.9135,12.9135,8.60902,4.30451,4.30451,4.30451
17.6654,9.73412,10.9756,6.3566,2.69053,1.99274,2.08363,-9.61855,-17.0376,-3.99795,-10.3613,6.38916,-1.03798,12.9754,12.9754,8.65029,4.32514,4.32514,4.32514
17.6702,9.83681,11.0544,6.43318,2.66309,2.11008,2.22094,-9.73797,-18.1341,-2.88394,-11.4151,5.46786,-1.30518,13.0318,13.0318,8.68787,4.34394,4.34394,4.34394
17.6752,9.95525,11.1331,6.49028,2.64079,2.09971,2.40213,-10.2293,-18.0147,-3.19217,-10.3414,8.14785,-1.39901,13.0897,13.0897,8.72649,4.36325,4.36325,4.36325
17.6802,10.0859,11.2214,6.55943,2.60761,2.00649,2.58736,-10.2864,-18.0719,-3.23026,-10.3604,8.12881,-1.41805,13.1469,13.1469,8.76458,4.38229,4.38229,4.38229
17.6853,10.189,11.3043,6.61971,2.57917,1.98494,2.75531,-10.1823,-18.8385,-3.52144,-9.96559,5.26961,-1.21363,13.2043,13.2043,8.80287,4.40143,4.40143,4.40143
17.6902,10.2936,11.3966,6.68624,2.55347,2.17257,2.89491,-10.2367,-18.8929,-3.5577,-9.98372,5.25148,-1.23176,13.2587,13.2587,8.83913,4.41956,4.41956,4.41956
17.6952,10.3797,11.4725,6.75254,2.5321,2.27014,3.03922,-10.252,-17.9902,-4.0226,-9.77839,6.59121,-1.48183,13.3134,13.3134,8.87558,4.43779,4.43779,4.43779
17.7002,10.4615,11.5186,6.80429,2.53064,2.22608,3.18489,-9.84488,-17.3309,-3.52765,-10.8893,6.22545,-1.49979,13.3672,13.3672,8.91149,4.45575,4.45575,4.45575
17.7052,10.5255,11.5724,6.86289,2.57241,2.30324,3.31799,-9.89792,-17.3839,-3.56301,-10.907,6.20777,-1.51747,13.4203,13.4203,8.94685,4.47343,4.47343,4.47343
17.7102,10.5783,11.6216,6.90946,2.6232,2.31448,3.45334,-10.1983,-17.9365,-3.32403,-10.8747,6.83617,-1.79983,13.4725,13.4725,8.98166,4.49083,4.49083,4.49083
17.7152,10.6055,11.6716,6.93585,2.66053,2.17851,3.56853,-9.41839,-18.1494,-2.5181,-10.2294,8.52474,-1.33672,13.5239,13.5239,9.01591,4.50796,4.50796,4.50796
17.7202,10.6273,11.7285,6.95569,2.6686,2.02664,3.6538,-9.46893,-18.2,-2.5518,-10.2463,8.5079,-1.35356,13.5744,13.5744,9.04961,4.5248,4.5248,4.5248
17.7254,10.6674,11.7743,6.98341,2.67162,1.93878,3.78676,-10.3677,-18.2595,-4.00954,-10.3049,6.74357,-2.31471,13.6261,13.6261,9.08406,4.54203,4.54203,4.54203
17.7305,10.7157,11.8331,7.04494,2.71902,1.94852,3.94998,-10.0669,-18.7585,-4.56524,-11.8119,7.03337,-2.16571,13.6759,13.6759,9.11726,4.55863,4.55863,4.55863
17.7353,10.7541,11.8814,7.09816,2.7719,1.98505,4.08937,-10.1996,-17.9456,-3.93761,-11.0158,5.90851,-2.30527,13.722,13.722,9.14798,4.57399,4.57399,4.57399
17.7402,10.7872,11.9266,7.14956,2.79549,2.03477,4.24262,-9.75727,-17.0502,-3.50862,-10.7663,7.6402,-2.66016,13.7682,13.7682,9.17879,4.5894,4.5894,4.5894
17.7454,10.8534,11.987,7.21744,2.8368,1.94513,4.35951,-11.2396,-18.9147,-4.80727,-11.4365,8.04635,-1.78197,13.8164,13.8164,9.2109,4.60545,4.60545,4.60545
17.7506,10.9318,12.0441,7.29023,2.87075,1.90882,4.34674,-10.2664,-17.5514,-4.46048,-11.0382,6.7307,-0.448079,13.8636,13.8636,9.2424,4.6212,4.6212,4.6212
17.7554,10.9986,12.093,7.35305,2.88318,1.97354,4.27637,-10.9159,-18.6068,-4.56006,-10.8455,6.23614,-0.652781,13.9064,13.9064,9.27092,4.63546,4.63546,4.63546
17.7602,11.057,12.1549,7.39634,2.90327,2.00721,4.19079,-10.2054,-19.6062,-3.4302,-12.0435,7.36484,-0.0126604,13.9484,13.9484,9.29892,4.64946,4.64946,4.64946
17.7655,11.1053,12.2144,7.43006,2.93708,1.94452,4.08947,-10.3415,-18.2727,-3.81998,-11.3383,7.71399,-0.375571,13.9938,13.9938,9.32922,4.66461,4.66461,4.66461
17.7702,11.142,12.2713,7.47402,2.9749,1.89325,4.0334,-9.95149,-19.9276,-4.56527,-11.6413,7.46902,-0.446695,14.0333,14.0333,9.35555,4.67778,4.67778,4.67778
17.7755,11.1976,12.3545,7.53164,3.01469,1.93888,4.05579,-11.1022,-19.6087,-4.11992,-11.8462,6.01369,-1.81087,14.0769,14.0769,9.38463,4.69231,4.69231,4.69231
17.7802,11.2557,12.4191,7.57018,3.0368,1.93436,4.09622,-10.1669,-19.5362,-3.90899,-11.0888,8.24496,-0.829896,14.1148,14.1148,9.40987,4.70494,4.70494,4.70494
17.7854,11.2992,12.4991,7.60722,3.03186,1.91228,4.18848,-10.6728,-20.4677,-3.7315,-10.6802,6.4594,-2.67344,14.1558,14.1558,9.4372,4.7186,4.7186,4.7186
17.7903,11.3628,12.5663,7.65587,3.03427,2.00363,4.34625,-11.1992,-19.6229,-5.61469,-11.6615,5.78441,-2.41279,14.1936,14.1936,9.46238,4.73119,4.73119,4.73119
17.7955,11.4239,12.6157,7.70245,3.07184,2.15202,4.46351,-10.7419,-19.532,-4.06493,-11.8154,5.30766,-1.97872,14.2327,14.2327,9.48848,4.74424,4.74424,4.74424
17.8003,11.4575,12.6716,7.73501,3.08332,2.23149,4.52931,-10.5566,-20.4932,-4.6674,-10.8418,6.74489,-1.73381,14.268,14.268,9.51202,4.75601,4.75601,4.75601
17.8051,11.5086,12.7308,7.77647,3.10363,2.23032,4.55311,-11.4421,-20.0037,-4.87641,-12.0291,6.80789,-1.43895,14.3025,14.3025,9.53502,4.76751,4.76751,4.76751
17.8106,11.5797,12.777,7.81844,3.13187,2.24258,4.52081,-11.323,-19.0966,-4.53843,-10.7999,6.39765,-0.772829,14.341,14.341,9.5607,4.78035,4.78035,4.78035
17.8154,11.6287,12.8071,7.85018,3.11648,2.23535,4.42468,-11.0839,-19.2633,-4.72328,-9.85862,7.08224,0.0359763,14.3738,14.3738,9.58253,4.79126,4.79126,4.79126
17.8202,11.6588,12.8458,7.89118,3.1202,2.25783,4.34786,-10.7336,-19.7759,-5.23362,-10.9705,6.01179,-0.802666,14.4057,14.4057,9.60381,4.80191,4.80191,4.80191
17.8253,11.6902,12.8816,7.93215,3.18392,2.29121,4.41515,-11.1173,-19.1076,-4.75822,-11.7267,6.65488,-2.65184,14.4387,14.4387,9.62583,4.81292,4.81292,4.81292
17.8303,11.7073,12.9108,7.97051,3.25712,2.31318,4.51874,-10.5617,-19.2613,-5.05718,-11.9194,6.56989,-1.68529,14.4702,14.4702,9.64682,4.82341,4.82341,4.82341
17.8354,11.7439,12.9285,8.00543,3.35399,2.28342,4.5667,-11.3218,-18.0277,-4.61608,-12.3189,7.1225,-1.5632,14.5014,14.5014,9.66761,4.8338,4.8338,4.8338
17.8403,11.7665,12.9502,8.04186,3.42117,2.24692,4.5899,-10.2989,-19.0733,-4.86537,-11.5255,7.1625,-1.20858,14.5305,14.5305,9.687,4.8435,4.8435,4.8435
17.8452,11.7937,12.9918,8.08622,3.42397,2.18192,4.57358,-11.1546,-20.1732,-5.39206,-10.1687,7.44289,-0.837111,14.5587,14.5587,9.70582,4.85291,4.85291,4.85291
17.8504,11.8343,13.0365,8.12335,3.41232,2.21378,4.5531,-11.0142,-18.906,-4.03827,-10.8573,5.79382,-1.31874,14.5877,14.5877,9.72516,4.86258,4.86258,4.86258
17.8552,11.8713,13.0717,8.15477,3.43602,2.22932,4.54278,-11.1819,-19.7554,-5.27611,-11.636,7.64818,-1.21974,14.6137,14.6137,9.74244,4.87122,4.87122,4.87122
17.8602,11.9076,13.1282,8.20642,3.47665,2.13754,4.51713,-10.9874,-20.538,-5.37294,-11.9593,7.90437,-0.930366,14.6398,14.6398,9.75985,4.87993,4.87993,4.87993
17.8653,11.9793,13.2006,8.25154,3.5328,2.18791,4.5402,-12.0375,-20.9695,-4.64186,-11.9431,4.8819,-2.18922,14.6655,14.6655,9.77699,4.8885,4.8885,4.8885
17.8702,12.032,13.2625,8.29534,3.58277,2.27966,4.68035,-10.8675,-20.3196,-5.67765,-11.9427,7.17577,-3.35635,14.6893,14.6893,9.79286,4.89643,4.89643,4.89643
17.8752,12.0474,13.3205,8.33627,3.62717,2.2677,4.71506,-10.7254,-21.131,-4.79038,-11.8098,6.60497,-0.259153,14.7127,14.7127,9.80847,4.90423,4.90423,4.90423
17.8805,12.0751,13.372,8.36876,3.60074,2.25197,4.53874,-11.3796,-20.0555,-5.32666,-9.80565,7.30913,0.478109,14.7365,14.7365,9.82434,4.91217,4.91217,4.91217
17.8853,12.0958,13.4062,8.39118,3.60003,2.27906,4.40496,-10.8763,-20.9154,-4.80959,-12.28,5.51373,-0.497546,14.7572,14.7572,9.83813,4.91907,4.91907,4.91907
17.8904,12.1079,13.4508,8.42559,3.60501,2.34354,4.37354,-11.1219,-20.2391,-5.77667,-10.4488,6.93911,-1.00137,14.7783,14.7783,9.85217,4.92609,4.92609,4.92609
17.8952,12.1412,13.4931,8.47276,3.58805,2.32765,4.36401,-11.1409,-20.2581,-5.78931,-10.4552,6.9328,-1.00768,14.7972,14.7972,9.86481,4.9324,4.9324,4.9324
17.9005,12.2017,13.5176,8.51758,3.57017,2.29165,4.38261,-12.0158,-19.3718,-6.08058,-10.1803,6.69435,-1.61049,14.8172,14.8172,9.87811,4.93905,4.93905,4.93905
17.9055,12.2553,13.5304,8.5568,3.55266,2.27899,4.43285,-11.6712,-19.437,-5.70376,-10.5423,6.84569,-1.71581,14.835,14.835,9.89003,4.94501,4.94501,4.94501
17.9104,12.286,13.5333,8.59727,3.56703,2.335,4.46667,-11.5381,-19.032,-6.73059,-10.8542,5.15104,-1.208,14.8517,14.8517,9.90112,4.95056,4.95056,4.95056
17.9157,12.3221,13.5458,8.65135,3.52963,2.48486,4.52377,-12.1383,-19.1239,-5.86622,-8.30135,5.77467,-2.15759,14.8687,14.8687,9.91246,4.95623,4.95623,4.95623
17.9204,12.3671,13.5384,8.67939,3.46273,2.46733,4.53246,-12.4322,-18.3107,-5.95093,-8.65385,7.81503,-0.837526,14.8829,14.8829,9.92193,4.96097,4.96097,4.96097
17.9254,12.4066,13.539,8.70783,3.47646,2.29206,4.50351,-12.0997,-19.44,-5.62393,-11.035,8.73769,-1.18175,14.8971,14.8971,9.93142,4.96571,4.96571,4.96571
17.9303,12.4381,13.5449,8.72484,3.55972,2.16834,4.55685,-12.1088,-19.0748,-5.23763,-12.3724,6.87864,-2.27078,14.9102,14.9102,9.94013,4.97006,4.97006,4.97006
17.9354,12.5109,13.5409,8.75766,3.59185,2.06011,4.64149,-14.1033,-18.3467,-6.91597,-9.8098,8.62152,-2.1508,14.9228,14.9228,9.94856,4.97428,4.97428,4.97428
17.9401,12.5127,13.5815,8.76944,3.76502,1.92302,4.68564,-9.62647,-22.2069,-2.81424,-17.0998,8.33632,-1.26844,14.9337,14.9337,9.95577,4.97788,4.97788,4.97788
17.9452,12.3317,13.6635,8.73309,4.0913,1.68731,4.62213,-7.26146,-22.7929,-3.45262,-15.6047,10.4938,-0.212207,14.9445,14.9445,9.96297,4.98149,4.98149,4.98149
17.9503,12.1784,13.7425,8.73734,4.21177,1.47456,4.52811,-9.92293,-22.2394,-5.92121,-10.5158,8.08103,-0.00021098,14.9543,14.9543,9.96954,4.98477,4.98477,4.98477
17.9552,12.159,13.8102,8.77886,4.19343,1.52633,4.50808,-11.3657,-21.9209,-6.10666,-11.297,5.79298,-1.12914,14.9629,14.9629,9.97525,4.98762,4.98762,4.98762
17.9603,12.2094,13.8648,8.82669,4.21444,1.69287,4.56107,-11.9686,-20.9833,-6.40457,-11.7716,6.03872,-1.52924,14.9708,14.9708,9.98056,4.99028,4.99028,4.99028
17.9654,12.2501,13.9125,8.88091,4.21927,1.92966,4.6768,-11.2073,-21.4749,-6.69975,-11.095,4.48798,-2.42582,14.9779,14.9779,9.98523,4.99262,4.99262,4.99262
17.9702,12.2748,13.9527,8.91876,4.22002,2.15205,4.72167,-11.3075,-21.1536,-5.76725,-11.486,5.43828,-0.564723,14.9836,14.9836,9.98905,4.99452,4.99452,4.99452
17.9752,12.3048,13.9876,8.94727,4.23889,2.34196,4.63585,-11.4387,-21.1311,-6.01723,-11.9928,4.83215,0.211913,14.9886,14.9886,9.99241,4.99621,4.99621,4.99621
17.9802,12.3316,14.0259,8.99112,4.23187,2.46103,4.56122,-11.2143,-21.4149,-6.88524,-11.1993,6.42882,-0.783062,14.9927,14.9927,9.99516,4.99758,4.99758,4.99758
17.9853,12.3569,14.0642,9.03228,4.21257,2.5199,4.62983,-11.2727,-21.3433,-6.02006,-11.515,5.61633,-2.63887,14.996,14.996,9.99733,4.99867,4.99867,4.99867
17.9905,12.4048,14.1023,9.06839,4.20186,2.54087,4.80947,-11.9369,-21.5899,-6.65907,-11.6814,6.79956,-2.73072,14.9983,14.9983,9.99889,4.99944,4.99944,4.99944
17.9953,12.4576,14.1427,9.10504,4.20021,2.58435,4.83656,-11.8673,-22.2098,-6.51152,-11.9716,5.02724,0.117176,14.9996,14.9996,9.99973,4.99986,4.99986,4.99986
18.0002,12.5098,14.1742,9.13435,4.20238,2.69274,4.77407,-12.1277,-21.1503,-6.39475,-11.1686,5.4908,-1.00076,15,15,10,5,5,5
18.0052,12.5668,14.1998,9.16628,4.19491,2.76828,4.76061,-12.1272,-21.1498,-6.39442,-11.1684,5.49097,-1.00059,14.9995,14.9995,9.99967,4.99983,4.99983,4.99983
18.0103,12.6071,14.2038,9.19408,4.20411,2.7972,4.67934,-11.653,-19.9861,-6.59408,-11.8221,6.04615,0.349534,14.998,14.998,9.99869,4.99935,4.99935,4.99935
18.0152,12.6329,14.1905,9.21649,4.21077,2.71149,4.67592,-11.6979,-19.8577,-6.36264,-11.0678,7.77743,-2.08401,14.9957,14.9957,9.99715,4.99857,4.99857,4.99857
18.0202,12.6449,14.1875,9.24048,4.20775,2.57276,4.69812,-10.8239,-20.6582,-6.60499,-11.282,6.97542,-0.244763,14.9924,14.9924,9.99497,4.99748,4.99748,4.99748
18.0255,12.6692,14.1927,9.25438,4.1868,2.43727,4.51988,-12.1118,-20.9886,-5.75764,-10.8831,7.68901,1.61973,14.988,14.988,9.99198,4.99599,4.99599,4.99599
18.0305,12.6914,14.1877,9.26123,4.15903,2.318,4.43472,-11.1176,-20.0772,-6.41881,-11.3947,7.14424,-1.51666,14.9828,14.9828,9.98853,4.99426,4.99426,4.99426
18.0353,12.692,14.1914,9.27648,4.13421,2.23177,4.49177,-11.2064,-21.8247,-6.40028,-11.2272,7.48568,-0.852315,14.9769,14.9769,9.98463,4.99232,4.99232,4.99232
18.0405,12.7139,14.2209,9.30633,4.15171,2.22592,4.54124,-11.928,-21.9119,-7.07467,-12.0196,5.84031,-1.29701,14.9697,14.9697,9.97977,4.98989,4.98989,4.98989
18.0454,12.7187,14.2493,9.34289,4.1952,2.30839,4.51181,-10.9037,-21.3329,-6.7309,-12.1743,6.14101,0.411269,14.9619,14.9619,9.97458,4.98729,4.98729,4.98729
18.0503,12.723,14.2683,9.36087,4.2106,2.31336,4.45677,-11.0447,-21.4384,-5.92256,-10.9129,6.914,-0.860961,14.9532,14.9532,9.9688,4.9844,4.9844,4.9844
18.0555,12.7236,14.2857,9.37538,4.13684,2.29948,4.48508,-11.1646,-20.8806,-6.2669,-9.31145,6.84279,-1.18877,14.943,14.943,9.96202,4.98101,4.98101,4.98101
18.0603,12.7291,14.3005,9.397,4.06658,2.2586,4.47801,-11.2528,-21.1934,-6.50668,-10.3844,7.44241,-0.0758275,14.9328,14.9328,9.95518,4.97759,4.97759,4.97759
18.0653,12.7416,14.3248,9.41136,4.04697,2.27354,4.40753,-11.1939,-21.7886,-5.69847,-10.836,5.57498,0.1102,14.9212,14.9212,9.94744,4.97372,4.97372,4.97372
18.0702,12.7466,14.3448,9.41392,4.0641,2.30533,4.42806,-11.1856,-21.3035,-5.85122,-11.7592,7.12747,-1.62451,14.9089,14.9089,9.93926,4.96963,4.96963,4.96963
18.0754,12.7584,14.3533,9.41955,4.08023,2.30774,4.50898,-11.8257,-21.1595,-6.239,-11.0011,6.31243,-0.998852,14.8949,14.8949,9.92994,4.96497,4.96497,4.96497
18.0807,12.7887,14.3715,9.43566,4.11051,2.29441,4.55182,-11.8064,-22.4799,-6.79103,-12.3042,7.31932,-0.935801,14.8796,14.8796,9.91976,4.95988,4.95988,4.95988
18.0853,12.8082,14.3947,9.46023,4.13098,2.2004,4.51874,-11.3629,-21.5399,-6.83389,-10.7098,7.74632,0.161855,14.8656,14.8656,9.91037,4.95518,4.95518,4.95518
18.0904,12.8299,14.394,9.47453,4.09388,2.18136,4.46244,-11.7758,-19.9316,-5.83639,-10.2075,6.02133,-0.619235,14.849,14.849,9.89935,4.94967,4.94967,4.94967
18.0953,12.875,14.3974,9.48892,4.07233,2.205,4.46997,-12.1097,-21.4199,-6.61731,-10.3426,6.84662,-0.903442,14.8322,14.8322,9.88816,4.94408,4.94408,4.94408
18.1003,12.9032,14.3929,9.49832,4.04193,2.19298,4.46984,-11.5007,-20.7557,-6.34823,-10.5436,6.70363,-0.292993,14.8142,14.8142,9.87615,4.93807,4.93807,4.93807
18.1055,12.9157,14.3847,9.49131,4.02658,2.20421,4.4019,-11.6228,-21.2876,-5.5367,-10.8103,6.3459,0.37598,14.7945,14.7945,9.863,4.9315,4.9315,4.9315
18.1104,12.9176,14.3737,9.48701,4.04532,2.2136,4.40935,-11.0163,-20.1649,-6.31582,-11.7394,6.73319,-1.50537,14.775,14.775,9.85001,4.92501,4.92501,4.92501
18.1155,12.9433,14.3627,9.50762,4.05168,2.30154,4.38372,-12.378,-20.7229,-7.15231,-10.1923,4.93526,0.977424,14.7538,14.7538,9.83587,4.91794,4.91794,4.91794
18.1203,12.9574,14.3856,9.55105,4.06187,2.42575,4.25922,-10.8166,-22.676,-7.71736,-11.3611,6.00201,0.586926,14.733,14.733,9.82199,4.91099,4.91099,4.91099
18.1252,12.9394,14.4334,9.60404,4.11643,2.47279,4.16035,-10.7945,-22.6539,-7.70261,-11.3537,6.00938,0.5943,14.7109,14.7109,9.80724,4.90362,4.90362,4.90362
18.1302,12.9318,14.459,9.6446,4.13495,2.51992,4.11169,-11.4802,-21.342,-7.26269,-9.96316,6.0586,-0.167915,14.6874,14.6874,9.79159,4.8958,4.8958,4.8958
18.1354,12.9298,14.47,9.66596,4.11312,2.60807,4.13972,-10.6826,-21.8959,-6.70447,-10.1369,5.14806,-0.623138,14.662,14.662,9.77468,4.88734,4.88734,4.88734
18.1402,12.9009,14.4709,9.67417,4.10014,2.67434,4.07652,-11.0838,-21.2018,-6.80531,-10.4351,6.47266,1.74476,14.6377,14.6377,9.75848,4.87924,4.87924,4.87924
18.1455,12.8635,14.4563,9.66943,4.11859,2.72494,4.0142,-10.603,-20.9888,-5.99677,-11.1297,5.21502,-0.829339,14.6099,14.6099,9.73996,4.86998,4.86998,4.86998
18.1502,12.7785,14.4787,9.64106,4.20683,2.71194,3.99948,-8.22135,-24.4305,-4.42691,-13.6797,7.42602,1.05872,14.5844,14.5844,9.72297,4.86148,4.86148,4.86148
18.1553,12.6385,14.5437,9.59624,4.34265,2.5691,3.89109,-8.19279,-24.402,-4.40787,-13.6702,7.43554,1.06824,14.5559,14.5559,9.70393,4.85196,4.85196,4.85196
18.1602,12.5547,14.5687,9.57171,4.44277,2.43675,3.85639,-9.77593,-21.458,-6.17594,-13.4951,7.66028,-0.172605,14.5276,14.5276,9.68505,4.84252,4.84252,4.84252
18.1653,12.5642,14.5604,9.57535,4.44336,2.33597,3.8811,-11.3649,-21.6956,-6.96869,-10.1647,6.6851,0.0196839,14.4972,14.4972,9.66479,4.8324,4.8324,4.8324
18.1704,12.6235,14.5632,9.59593,4.32147,2.33988,3.95769,-11.4636,-22.7872,-7.58735,-9.30144,5.98344,-0.930357,14.4659,14.4659,9.64391,4.82196,4.82196,4.82196
18.1755,12.674,14.5686,9.6221,4.22769,2.43568,3.98723,-11.3171,-21.8566,-7.29625,-10.276,5.09995,0.835751,14.4336,14.4336,9.62242,4.81121,4.81121,4.81121
18.1805,12.7324,14.5521,9.64332,4.11292,2.49547,3.95449,-11.9859,-21.4971,-7.78453,-8.70853,6.68403,0.184189,14.4011,14.4011,9.60074,4.80037,4.80037,4.80037
18.1854,12.7736,14.5247,9.64446,4.04233,2.44926,3.9655,-11.1258,-21.0073,-5.93606,-10.4861,7.13374,0.186817,14.3684,14.3684,9.57893,4.78946,4.78946,4.78946
18.1903,12.7852,14.5053,9.63077,4.0337,2.35532,3.96734,-11.0922,-20.9737,-5.91367,-10.4749,7.14493,0.198008,14.3348,14.3348,9.55654,4.77827,4.77827,4.77827
18.1953,12.8073,14.4821,9.6192,4.02286,2.2681,3.9919,-11.5929,-21.2223,-6.45246,-10.4715,7.39674,-0.35332,14.2997,14.2997,9.53312,4.76656,4.76656,4.76656
18.2005,12.8129,14.4491,9.61255,3.98328,2.15457,3.98725,-10.7004,-20.1919,-6.36687,-9.58959,7.64933,0.793532,14.2622,14.2622,9.50814,4.75407,4.75407,4.75407
18.2055,12.8074,14.4323,9.61787,3.91949,2.09356,3.87909,-11.2939,-22.0304,-6.99223,-8.9066,6.79224,1.62556,14.2253,14.2253,9.48351,4.74176,4.74176,4.74176
18.2105,12.7896,14.4512,9.64043,3.88305,2.03985,3.76205,-10.0623,-22.7176,-7.16558,-9.77995,7.58325,1.07513,14.1875,14.1875,9.45831,4.72915,4.72915,4.72915
18.2155,12.7658,14.4517,9.65157,3.89098,1.9727,3.6667,-10.7604,-21.5954,-6.96214,-10.9677,7.43874,1.73386,14.1488,14.1488,9.43252,4.71626,4.71626,4.71626
18.2205,12.7615,14.4469,9.66278,3.93951,1.8883,3.54442,-10.7208,-21.5558,-6.93576,-10.9545,7.45193,1.74705,14.1092,14.1092,9.40614,4.70307,4.70307,4.70307
18.2254,12.7507,14.4247,9.65487,3.95263,1.89557,3.49227,-10.3384,-21.398,-6.3367,-10.1133,6.49643,0.617612,14.0696,14.0696,9.37974,4.68987,4.68987,4.68987
18.2305,12.7331,14.4053,9.64231,3.92805,1.93415,3.51078,-10.6115,-21.1865,-6.19576,-9.13047,6.63467,0.325289,14.0275,14.0275,9.35166,4.67583,4.67583,4.67583
18.2353,12.7225,14.3909,9.63261,3.89454,1.94241,3.543,-10.5711,-21.146,-6.16879,-9.11698,6.64816,0.338776,13.987,13.987,9.32469,4.66234,4.66234,4.66234
18.2404,12.7216,14.3722,9.61934,3.89304,1.96301,3.6074,-11.0433,-22.0281,-6.568,-10.7501,7.03537,-0.251045,13.9432,13.9432,9.29545,4.64773,4.64773,4.64773
18.2455,12.7339,14.3844,9.6269,3.93632,1.91753,3.68571,-10.9986,-21.9833,-6.53816,-10.7352,7.05029,-0.236127,13.8984,13.8984,9.26561,4.63281,4.63281,4.63281
18.2505,12.7303,14.3954,9.63999,3.91907,1.94933,3.76787,-10.3471,-21.9267,-6.95978,-8.83241,5.73211,-0.560693,13.8537,13.8537,9.23579,4.61789,4.61789,4.61789
18.2553,12.6939,14.391,9.64659,3.90099,2.06086,3.8015,-10.0236,-21.2329,-6.44364,-9.92735,6.04479,0.637932,13.8099,13.8099,9.20662,4.60331,4.60331,4.60331
18.2604,12.6533,14.3776,9.64342,3.91577,2.10596,3.77375,-9.97623,-21.1855,-6.41207,-9.91156,6.06058,0.653715,13.7626,13.7626,9.17505,4.58752,4.58752,4.58752
18.2652,12.602,14.3527,9.63548,3.91301,2.1761,3.73793,-9.04042,-21.7272,-7.06107,-9.77224,6.0094,1.00004,13.7172,13.7172,9.1448,4.5724,4.5724,4.5724
18.2703,12.5175,14.3356,9.63675,3.9081,2.20375,3.68227,-8.99136,-21.6782,-7.02836,-9.75589,6.02575,1.01639,13.6681,13.6681,9.11209,4.55605,4.55605,4.55605
18.2753,12.4589,14.3095,9.62041,3.86764,2.27109,3.63835,-9.75011,-22.1296,-6.40844,-8.99437,5.78547,0.941631,13.6192,13.6192,9.07946,4.53973,4.53973,4.53973
18.2805,12.4234,14.3073,9.6097,3.82804,2.30012,3.61119,-9.69831,-22.0778,-6.3739,-8.9771,5.80274,0.958898,13.5674,13.5674,9.04492,4.52246,4.52246,4.52246
18.2857,12.4153,14.3109,9.612,3.79982,2.3059,3.61012,-10.5676,-22.4506,-7.1894,-9.34041,6.41641,0.670107,13.5147,13.5147,9.00979,4.50489,4.50489,4.50489
18.2905,12.4012,14.3043,9.61683,3.78874,2.34759,3.56396,-9.82861,-21.8298,-6.96624,-10.1022,5.67939,1.58083,13.4652,13.4652,8.97682,4.48841,4.48841,4.48841
18.2954,12.3782,14.2927,9.61769,3.81336,2.37799,3.48082,-9.77733,-21.7786,-6.93206,-10.0852,5.69648,1.59792,13.414,13.414,8.94264,4.47132,4.47132,4.47132
18.3004,12.3539,14.2775,9.61549,3.84167,2.40585,3.40643,-9.7242,-21.7254,-6.89663,-10.0674,5.71419,1.61563,13.3608,13.3608,8.90721,4.45361,4.45361,4.45361
18.3057,12.3479,14.2392,9.60059,3.8358,2.39242,3.41216,-10.0531,-20.6635,-6.52826,-9.07961,7.22367,0.27679,13.3036,13.3036,8.86906,4.43453,4.43453,4.43453
18.3103,12.3431,14.2085,9.59299,3.82154,2.27401,3.48484,-10.0027,-20.6131,-6.49465,-9.06281,7.24047,0.293595,13.2532,13.2532,8.83545,4.41773,4.41773,4.41773
18.3153,12.3278,14.1759,9.58879,3.80187,2.15202,3.48381,-9.61219,-20.8057,-6.81498,-9.036,7.6316,1.86876,13.1976,13.1976,8.79839,4.3992,4.3992,4.3992
18.3203,12.3028,14.1512,9.58306,3.77339,2.05558,3.40797,-9.57943,-21.6792,-6.51823,-9.24076,7.4352,1.58948,13.1412,13.1412,8.7608,4.3804,4.3804,4.3804
18.3252,12.2757,14.1398,9.57485,3.76579,1.93337,3.34715,-9.52338,-21.6231,-6.48085,-9.22207,7.45389,1.60817,13.0851,13.0851,8.72342,4.36171,4.36171,4.36171
18.3305,12.2277,14.1264,9.56659,3.73036,1.83819,3.2956,-8.85905,-22.0581,-6.83068,-8.29905,7.41639,1.45479,13.0236,13.0236,8.68242,4.34121,4.34121,4.34121
18.3354,12.1888,14.12,9.5635,3.73475,1.80647,3.1903,-9.43573,-22.0989,-6.67102,-10.5982,6.76491,3.03893,12.966,12.966,8.64398,4.32199,4.32199,4.32199
18.3402,12.1665,14.1164,9.55906,3.78731,1.76287,3.00856,-9.37849,-22.0417,-6.63286,-10.5792,6.78399,3.05801,12.9087,12.9087,8.60582,4.30291,4.30291,4.30291
18.3452,12.1472,14.0962,9.54092,3.79902,1.69273,3.00527,-9.43235,-20.9017,-5.82765,-9.45778,7.54102,-0.473977,12.8483,12.8483,8.56555,4.28278,4.28278,4.28278
18.3502,12.0923,14.0525,9.50999,3.77182,1.66829,3.06933,-8.51618,-20.5726,-5.96242,-9.12274,6.89902,1.7903,12.7871,12.7871,8.52476,4.26238,4.26238,4.26238
18.3552,12.0259,14.0156,9.48735,3.75397,1.62027,3.02274,-8.4542,-20.5106,-5.9211,-9.10208,6.91968,1.81096,12.7252,12.7252,8.48344,4.24172,4.24172,4.24172
18.3603,11.987,13.9816,9.46339,3.72715,1.60754,3.02535,-9.09543,-21.0139,-5.86587,-8.77438,6.71752,0.929783,12.6611,12.6611,8.44075,4.22038,4.22038,4.22038
18.3652,11.9725,13.96,9.44586,3.72465,1.58238,3.04923,-9.41927,-21.5151,-6.36357,-9.47398,7.11088,1.24862,12.5988,12.5988,8.39923,4.19962,4.19962,4.19962
18.3702,11.9314,13.946,9.43705,3.72398,1.52378,3.03636,-8.06656,-21.7699,-6.57776,-8.55829,7.38073,1.72547,12.5345,12.5345,8.35635,4.17817,4.17817,4.17817
18.3752,11.8759,13.9182,9.4148,3.71776,1.57208,3.08423,-8.60429,-21.3305,-5.96797,-9.59644,5.59736,0.248485,12.4694,12.4694,8.31295,4.15648,4.15648,4.15648
18.3802,11.8331,13.8827,9.38101,3.74735,1.66432,3.20667,-8.53842,-21.2646,-5.92406,-9.57448,5.61932,0.27044,12.4036,12.4036,8.26904,4.13452,4.13452,4.13452
18.3853,11.7996,13.8204,9.34949,3.75969,1.76157,3.27613,-8.95901,-19.3567,-6.47857,-8.99706,5.85726,1.25358,12.3356,12.3356,8.22372,4.11186,4.11186,4.11186
18.3902,11.7718,13.758,9.32548,3.73676,1.84029,3.24753,-8.45168,-20.6972,-6.17956,-8.03941,6.31815,2.02079,12.2695,12.2695,8.17969,4.08985,4.08985,4.08985
18.3953,11.7329,13.7144,9.30099,3.67586,1.81838,3.16249,-8.38216,-20.6277,-6.13321,-8.01623,6.34133,2.04397,12.2,12.2,8.13334,4.06667,4.06667,4.06667
18.4002,11.6894,13.676,9.2744,3.59878,1.75527,3.11358,-7.90486,-20.9541,-5.81858,-7.8364,7.34914,1.34612,12.1325,12.1325,8.08832,4.04416,4.04416,4.04416
18.4054,11.6498,13.6353,9.24837,3.52441,1.68442,3.05748,-8.93167,-20.6808,-6.28651,-7.70461,7.22419,2.32247,12.06,12.06,8.04002,4.02001,4.02001,4.02001
18.4102,11.6317,13.5942,9.22807,3.48053,1.60026,2.98472,-8.86408,-20.6132,-6.24145,-7.68208,7.24672,2.345,11.9924,11.9924,7.99496,3.99748,3.99748,3.99748
18.4152,11.6272,13.557,9.20493,3.44854,1.58525,2.93785,-9.64399,-21.5782,-6.24837,-7.93989,6.66603,2.13687,11.9213,11.9213,7.94754,3.97377,3.97377,3.97377
18.4203,11.6369,13.5343,9.18333,3.42534,1.57226,2.8932,-9.57067,-21.5049,-6.19949,-7.91545,6.69047,2.16131,11.848,11.848,7.89866,3.94933,3.94933,3.94933
18.4254,11.6189,13.4874,9.15524,3.35942,1.61939,2.97102,-8.67708,-19.2993,-5.70912,-6.53284,6.38396,-0.297999,11.7739,11.7739,7.84928,3.92464,3.92464,3.92464
18.4304,11.5868,13.4297,9.11633,3.30873,1.68983,3.09462,-8.88346,-20.2346,-5.36552,-7.72555,5.76257,0.893933,11.7006,11.7006,7.80037,3.90019,3.90019,3.90019
18.4357,11.5218,13.3695,9.08106,3.32287,1.73045,3.25552,-7.81204,-19.2105,-6.18887,-8.43629,6.77409,-1.39001,11.622,11.622,7.74801,3.87401,3.87401,3.87401
18.4403,11.4671,13.3281,9.06934,3.31199,1.63322,3.34072,-8.92127,-20.2567,-6.22032,-6.53378,8.32054,1.77934,11.5532,11.5532,7.70213,3.85106,3.85106,3.85106
18.4453,11.4538,13.2819,9.06835,3.19291,1.58977,3.24927,-9.59438,-19.078,-7.30277,-3.77622,5.64642,1.89558,11.4777,11.4777,7.6518,3.8259,3.8259,3.8259
18.4503,11.3319,13.2644,9.04128,3.21492,1.63132,3.10853,-4.71532,-23.0875,-4.29253,-11.0869,6.7234,2.6993,11.4015,11.4015,7.601,3.8005,3.8005,3.8005
18.4553,11.107,13.2937,8.9857,3.37499,1.64931,2.83546,-4.98119,-23.4086,-4.74077,-9.5543,6.0121,5.13442,11.3246,11.3246,7.54973,3.77486,3.77486,3.77486
18.4602,10.9675,13.2936,8.94012,3.46243,1.66781,2.71244,-6.67815,-20.8149,-5.17913,-9.47928,6.19476,0.357364,11.2485,11.2485,7.49903,3.74952,3.74952,3.74952
18.4653,10.9064,13.2469,8.9034,3.46042,1.66986,2.72824,-7.78817,-19.5451,-5.70901,-6.90242,6.4201,2.61958,11.1687,11.1687,7.4458,3.7229,3.7229,3.7229
18.4703,10.8317,13.1839,8.87349,3.41532,1.75765,2.71599,-5.79829,-19.7065,-5.9176,-8.36649,4.50063,1.42047,11.0897,11.0897,7.39314,3.69657,3.69657,3.69657
18.4755,10.7528,13.1163,8.83636,3.41879,1.92249,2.69204,-7.39386,-19.6945,-5.44853,-8.81083,4.93397,2.94677,11.0068,11.0068,7.33789,3.66895,3.66895,3.66895
18.4803,10.7231,13.0585,8.79713,3.4059,2.08891,2.69803,-7.23791,-20.2793,-5.57057,-7.66731,3.94953,1.01841,10.9297,10.9297,7.28646,3.64323,3.64323,3.64323
18.4853,10.7088,13.0161,8.76314,3.35914,2.19251,2.75428,-7.82275,-20.9351,-5.60851,-7.20146,5.94718,1.90654,10.8487,10.8487,7.23244,3.61622,3.61622,3.61622
18.4902,10.6792,12.9801,8.74032,3.31869,2.17947,2.80913,-6.66707,-20.4965,-6.18424,-7.76266,5.74202,0.889942,10.7686,10.7686,7.17908,3.58954,3.58954,3.58954
18.4952,10.6408,12.9515,8.70824,3.28154,2.13476,2.86416,-7.31363,-21.8168,-4.94222,-7.42057,6.34079,2.01863,10.6863,10.6863,7.12418,3.56209,3.56209,3.56209
18.5003,10.5818,12.916,8.66831,3.2301,2.07148,2.84395,-5.83026,-19.7976,-5.50232,-7.07771,6.13717,2.27041,10.6016,10.6016,7.06773,3.53387,3.53387,3.53387
18.5053,10.4845,12.8593,8.63377,3.18188,1.9966,2.81412,-5.74659,-19.7139,-5.44655,-7.04982,6.16506,2.2983,10.5179,10.5179,7.01196,3.50598,3.50598,3.50598
18.5102,10.4002,12.8212,8.60137,3.11899,1.92767,2.78366,-6.14465,-21.7825,-5.60673,-6.28536,7.02886,2.41692,10.4353,10.4353,6.95687,3.47844,3.47844,3.47844
18.5153,10.3234,12.8022,8.56802,3.04041,1.78061,2.74162,-6.05799,-21.6959,-5.54896,-6.25647,7.05775,2.44581,10.3487,10.3487,6.8991,3.44955,3.44955,3.44955
18.5204,10.2583,12.7667,8.5291,3.03263,1.78139,2.73772,-6.39225,-20.2453,-5.11455,-8.96804,4.8016,1.68004,10.2613,10.2613,6.84089,3.42044,3.42044,3.42044
18.5253,10.2137,12.7248,8.48104,3.06475,1.82453,2.76341,-6.78448,-20.9645,-4.6423,-7.92971,6.42781,1.65853,10.1768,10.1768,6.78455,3.39227,3.39227,3.39227
18.5303,10.1544,12.6955,8.44655,3.05708,1.81163,2.76373,-5.72838,-21.5475,-6.2543,-7.21352,5.84404,2.2174,10.09,10.09,6.72664,3.36332,3.36332,3.36332
18.5352,10.0692,12.6594,8.41717,3.03942,1.78279,2.69506,-5.55991,-20.2797,-4.99331,-7.6983,6.67576,2.99946,10.0042,10.0042,6.66949,3.33474,3.33474,3.33474
18.5402,9.97168,12.611,8.37487,3.01954,1.68886,2.64683,-4.9872,-20.1404,-5.04744,-6.88234,7.15222,2.1263,9.91614,9.91614,6.61076,3.30538,3.30538,3.30538
18.5453,9.89471,12.5371,8.32822,2.98026,1.60225,2.70261,-6.19298,-18.667,-5.21075,-6.72798,6.4869,1.04694,9.82566,9.82566,6.55044,3.27522,3.27522,3.27522
18.5503,9.83495,12.4682,8.2756,2.95372,1.57939,2.70796,-5.26444,-20.063,-4.24415,-7.17845,6.05299,3.28747,9.73634,9.73634,6.4909,3.24545,3.24545,3.24545
18.5552,9.77099,12.4073,8.21873,2.91556,1.59857,2.69538,-5.92099,-19.8016,-5.06111,-6.29624,5.99128,1.3876,9.64823,9.64823,6.43215,3.21608,3.21608,3.21608
18.5604,9.73494,12.3393,8.16324,2.8952,1.66841,2.60915,-6.1066,-19.5538,-4.54483,-8.01194,4.83862,4.73098,9.5541,9.5541,6.3694,3.1847,3.1847,3.1847
18.5654,9.69094,12.2888,8.11084,2.88066,1.78361,2.44619,-5.47176,-20.4792,-4.45273,-6.49945,5.00975,3.56075,9.46298,9.46298,6.30865,3.15433,3.15433,3.15433
18.5705,9.63874,12.2416,8.06,2.85437,1.84475,2.36078,-5.64614,-19.8143,-4.58893,-7.37079,5.55429,3.51741,9.36944,9.36944,6.2463,3.12315,3.12315,3.12315
18.5754,9.57438,12.1743,8.01659,2.8718,1.85555,2.26595,-4.87015,-18.5616,-5.04068,-8.06928,5.79972,3.7794,9.27901,9.27901,6.186,3.093,3.093,3.093
18.5804,9.5019,12.1156,7.97818,2.87893,1.81044,2.27528,-5.20282,-20.2418,-4.68618,-6.73009,6.42683,1.43399,9.18616,9.18616,6.1241,3.06205,3.06205,3.06205
18.5855,9.44759,12.0607,7.93394,2.86741,1.72086,2.31178,-5.35969,-19.3861,-4.86719,-7.36901,6.66559,3.26251,9.09087,9.09087,6.06058,3.03029,3.03029,3.03029
18.5904,9.39042,12.0129,7.88418,2.83634,1.6362,2.24734,-4.81842,-20.2869,-3.77333,-6.03835,6.49757,3.27665,8.99876,8.99876,5.99918,2.99959,2.99959,2.99959
18.5956,9.29833,11.9516,7.82466,2.78941,1.55305,2.18754,-4.3261,-18.6992,-4.51661,-6.56033,6.72079,3.15211,8.90044,8.90044,5.93363,2.96681,2.96681,2.96681
18.6002,9.2074,11.8979,7.76897,2.76266,1.47771,2.13778,-4.40017,-20.4202,-3.53869,-6.36558,6.79134,3.46278,8.81297,8.81297,5.87531,2.93766,2.93766,2.93766
18.6052,9.12232,11.8604,7.71633,2.75345,1.38249,2.08541,-4.17848,-20.4665,-5.00066,-7.35215,6.76525,3.34561,8.71736,8.71736,5.81158,2.90579,2.90579,2.90579
18.6103,9.0103,11.8097,7.6715,2.75653,1.32246,2.00851,-3.30029,-19.3952,-4.25185,-7.32774,6.45846,4.14006,8.61929,8.61929,5.7462,2.8731,2.8731,2.8731
18.6153,8.91069,11.7495,7.61108,2.72284,1.27624,1.90526,-4.34227,-19.4679,-3.66489,-5.34143,6.53209,3.82453,8.52261,8.52261,5.68174,2.84087,2.84087,2.84087
18.6207,8.8285,11.6787,7.53271,2.63856,1.2132,1.81116,-4.23726,-19.3629,-3.59489,-5.30643,6.56709,3.85953,8.4176,8.4176,5.61174,2.80587,2.80587,2.80587
18.6252,8.74942,11.6012,7.48273,2.62727,1.2062,1.78172,-3.82227,-17.5965,-4.96789,-7.7197,6.16586,2.84558,8.32963,8.32963,5.55309,2.77654,2.77654,2.77654
18.6302,8.66632,11.5099,7.43169,2.66956,1.20129,1.79945,-4.20866,-19.2792,-4.0455,-7.32264,7.00176,2.77896,8.2314,8.2314,5.4876,2.7438,2.7438,2.7438
18.6352,8.5961,11.4392,7.37007,2.69467,1.10519,1.8316,-4.10992,-19.1805,-3.97968,-7.28973,7.03467,2.81187,8.13266,8.13266,5.42178,2.71089,2.71089,2.71089
18.6403,8.45113,11.408,7.29367,2.74459,1.04625,1.76303,-1.03005,-22.8734,-2.54951,-8.39862,7.0353,4.86594,8.03143,8.03143,5.35429,2.67714,2.67714,2.67714
18.6453,8.25144,11.4161,7.20231,2.80493,0.94106,1.61162,-0.930306,-22.7737,-2.48301,-8.36538,7.06854,4.89918,7.93169,7.93169,5.28779,2.6439,2.6439,2.6439
18.6504,8.13463,11.3902,7.1271,2.81808,0.873347,1.56192,-3.67668,-19.3421,-3.5539,-6.86573,6.64723,3.22759,7.82944,7.82944,5.21963,2.60981,2.60981,2.60981
18.6552,8.11847,11.3274,7.08199,2.75646,0.869942,1.60445,-4.40345,-18.9697,-4.42785,-5.35966,6.43106,3.24326,7.73275,7.73275,5.15517,2.57758,2.57758,2.57758
18.6603,8.12059,11.2443,7.03368,2.66239,0.841697,1.65981,-4.30024,-18.8664,-4.35904,-5.32526,6.46546,3.27766,7.62954,7.62954,5.08636,2.54318,2.54318,2.54318
18.6653,8.09018,11.1462,6.97719,2.56979,0.84827,1.67874,-3.08749,-17.8192,-3.88371,-4.85253,6.23439,3.99879,7.52787,7.52787,5.01858,2.50929,2.50929,2.50929
18.6702,8.03251,11.0606,6.91945,2.50864,0.862551,1.62775,-3.30655,-18.9444,-3.70622,-6.49173,5.93655,4.44615,7.42779,7.42779,4.95186,2.47593,2.47593,2.47593
18.6752,7.94656,10.9837,6.86612,2.44061,0.890305,1.60894,-2.12047,-18.7512,-4.28155,-4.14742,5.7389,3.30458,7.32521,7.32521,4.88347,2.44174,2.44174,2.44174
18.6803,7.85238,10.9125,6.80599,2.40002,0.954851,1.62463,-2.98067,-19.5523,-3.29607,-7.05178,4.63958,3.65426,7.22011,7.22011,4.81341,2.4067,2.4067,2.4067
18.6852,7.78193,10.8583,6.73988,2.43423,1.01823,1.62159,-2.87926,-19.4509,-3.22846,-7.01798,4.67338,3.68806,7.1187,7.1187,4.7458,2.3729,2.3729,2.3729
18.6902,7.70431,10.7965,6.68864,2.44125,1.13882,1.60591,-2.5153,-18.4093,-4.05788,-5.86554,3.60678,3.88002,7.01478,7.01478,4.67652,2.33826,2.33826,2.33826
18.6953,7.61671,10.724,6.64547,2.42759,1.2246,1.56366,-2.40886,-18.3028,-3.98692,-5.83006,3.64226,3.9155,6.90834,6.90834,4.60556,2.30278,2.30278,2.30278
18.7001,7.53022,10.6555,6.58478,2.42827,1.32183,1.51338,-2.1822,-18.1117,-2.08694,-6.06977,2.92231,3.96559,6.80776,6.80776,4.53851,2.26925,2.26925,2.26925
18.7052,7.42983,10.553,6.5145,2.38577,1.46124,1.44194,-2.09066,-16.3929,-4.1493,-4.60157,2.16319,4.58095,6.70046,6.70046,4.46698,2.23349,2.23349,2.23349
18.7102,7.34864,10.4506,6.4521,2.34742,1.63753,1.35971,-2.62728,-17.9224,-2.65769,-6.23065,1.03091,4.69067,6.59486,6.59486,4.39657,2.19829,2.19829,2.19829
18.7152,7.24924,10.3683,6.38627,2.32541,1.79669,1.2665,-1.28804,-17.903,-3.51915,-5.11063,1.10765,4.63493,6.48884,6.48884,4.32589,2.16295,2.16295,2.16295
18.7202,7.14594,10.2932,6.32129,2.24813,1.93119,1.16737,-1.92235,-18.4703,-2.53279,-3.71724,0.406205,4.93536,6.38243,6.38243,4.25495,2.12748,2.12748,2.12748
18.7252,7.05561,10.2224,6.2417,2.14748,1.9675,1.08216,-1.81554,-18.3635,-2.46158,-3.68163,0.441808,4.97097,6.27562,6.27562,4.18374,2.09187,2.09187,2.09187
18.7302,6.95269,10.1364,6.17484,2.08912,1.90562,1.07244,-1.26706,-16.8261,-3.26583,-4.94586,0.9081,3.8475,6.16842,6.16842,4.11228,2.05614,2.05614,2.05614
18.7352,6.87417,10.0475,6.12338,2.08224,1.74928,1.14385,-2.28238,-17.9281,-3.56613,-5.0756,0.894279,3.40312,6.06084,6.06084,4.04056,2.02028,2.02028,2.02028
18.7404,6.8156,9.95917,6.06764,2.10422,1.54964,1.05033,-1.87067,-16.89,-2.98968,-6.25534,0.608784,6.62834,5.94857,5.94857,3.96571,1.98286,1.98286,1.98286
18.7454,6.71834,9.87334,6.0012,2.11543,1.40847,0.91705,-0.458195,-17.869,-2.47647,-5.38295,-0.149985,4.80973,5.84024,5.84024,3.89349,1.94675,1.94675,1.94675
18.7503,6.58296,9.80347,5.93176,2.10777,1.26419,0.864312,-0.35168,-17.7625,-2.40546,-5.34744,-0.11448,4.84524,5.73372,5.73372,3.82248,1.91124,1.91124,1.91124
18.7552,6.44586,9.73576,5.86461,2.09913,1.11619,0.803556,-0.244826,-17.6557,-2.33422,-5.31182,-0.0788619,4.88086,5.62687,5.62687,3.75124,1.87562,1.87562,1.87562
18.7603,6.31133,9.67212,5.80702,2.08133,0.996883,0.734698,-0.334195,-18.1548,-2.93491,-4.81923,0.0245682,4.90977,5.5153,5.5153,3.67686,1.83843,1.83843,1.83843
18.7656,6.18597,9.61169,5.75178,2.0463,0.833392,0.683042,-0.217875,-18.0385,-2.85737,-4.78046,0.0633416,4.94854,5.39898,5.39898,3.59932,1.79966,1.79966,1.79966
18.7705,6.05714,9.56063,5.69769,2.01998,0.687716,0.680778,0.760739,-18.5177,-2.53256,-5.00946,0.48018,4.28898,5.2911,5.2911,3.5274,1.7637,1.7637,1.7637
18.7753,5.93549,9.48462,5.63604,1.97901,0.635947,0.685766,-0.248304,-16.4141,-2.60821,-4.48561,-0.950055,4.98671,5.18512,5.18512,3.45675,1.72837,1.72837,1.72837
18.7802,5.83672,9.38225,5.56792,1.93394,0.630863,0.651584,-0.139815,-16.3056,-2.53588,-4.44945,-0.913892,5.02287,5.07663,5.07663,3.38442,1.69221,1.69221,1.69221
18.7854,5.74126,9.26593,5.48692,1.90753,0.686119,0.632686,-0.430175,-15.6347,-1.88834,-4.94088,-1.89384,4.61424,4.96117,4.96117,3.30745,1.65372,1.65372,1.65372
18.7905,5.65171,9.14994,5.39387,1.88134,0.736944,0.642439,0.034046,-16.6361,-1.51794,-4.52215,-0.233111,4.53617,4.84761,4.84761,3.23174,1.61587,1.61587,1.61587
18.7954,5.55255,9.05697,5.30489,1.8292,0.64626,0.654047,0.143447,-16.5267,-1.44501,-4.48568,-0.196644,4.57264,4.73821,4.73821,3.15881,1.5794,1.5794,1.5794
18.8003,5.47545,8.98141,5.24035,1.77231,0.568359,0.624385,-0.704292,-17.7329,-2.89759,-4.39116,-0.292564,5.3544,4.62853,4.62853,3.08569,1.54284,1.54284,1.54284
18.8053,5.41665,8.91995,5.18316,1.73619,0.503345,0.62352,-0.355689,-17.6168,-1.88647,-4.51936,-0.586363,3.99248,4.51633,4.51633,3.01089,1.50544,1.50544,1.50544
18.8106,5.31402,8.84432,5.12138,1.67699,0.426958,0.709879,0.965249,-16.7017,-2.81017,-3.59366,-0.00841691,3.48574,4.39709,4.39709,2.93139,1.4657,1.4657,1.4657
18.8153,5.22542,8.77029,5.07216,1.62334,0.343943,0.70209,-0.122576,-16.5918,-2.11042,-4.26213,0.109715,5.62419,4.2911,4.2911,2.86073,1.43037,1.43037,1.43037
18.8205,5.15734,8.67708,4.99917,1.58143,0.230055,0.5759,-0.00503211,-16.4743,-2.03206,-4.22294,0.148896,5.66338,4.17355,4.17355,2.78237,1.39118,1.39118,1.39118
18.8254,5.08174,8.57747,4.91623,1.56325,0.198828,0.541005,0.574845,-15.784,-1.01128,-4.88974,-0.915338,4.0361,4.06254,4.06254,2.70836,1.35418,1.35418,1.35418
18.8304,5.0002,8.48691,4.85507,1.55619,0.225001,0.474903,0.408636,-17.0062,-3.52928,-4.64489,-0.844375,6.24331,3.949,3.949,2.63267,1.31633,1.31633,1.31633
18.8352,4.89927,8.40271,4.79841,1.53339,0.248061,0.338695,1.61711,-15.9001,-1.15538,-3.92125,-1.01497,5.94851,3.83979,3.83979,2.55986,1.27993,1.27993,1.27993
18.8406,4.7467,8.31382,4.71899,1.50993,0.258515,0.304237,1.99635,-17.1166,-2.00125,-4.01268,-0.410885,4.68132,3.71665,3.71665,2.47777,1.23888,1.23888,1.23888
18.8457,4.59841,8.24192,4.65146,1.49301,0.209005,0.353516,2.11288,-17,-1.92356,-3.97384,-0.372039,4.72016,3.60012,3.60012,2.40008,1.20004,1.20004,1.20004
18.8503,4.48649,8.16481,4.58748,1.49468,0.190878,0.417416,1.50899,-15.5985,-1.52731,-4.60114,-0.742656,4.31642,3.49481,3.49481,2.32987,1.16494,1.16494,1.16494
18.8553,4.38205,8.08058,4.51617,1.5019,0.282981,0.443216,1.52911,-16.386,-1.27112,-4.03299,-2.47635,5.45589,3.38013,3.38013,2.25342,1.12671,1.12671,1.12671
18.8603,4.27826,8.00375,4.43951,1.49372,0.431694,0.399951,1.64399,-16.2711,-1.19453,-3.9947,-2.43806,5.49418,3.26525,3.26525,2.17683,1.08842,1.08842,1.08842
18.8654,4.17605,7.92723,4.37351,1.48983,0.537741,0.343354,1.62742,-16.3902,-1.93764,-3.98041,-1.52125,5.64095,3.14786,3.14786,2.09857,1.04929,1.04929,1.04929
18.8706,4.07529,7.84019,4.31017,1.44889,0.641596,0.285111,1.70004,-15.8882,-1.82427,-3.13728,-2.508,5.772,3.02796,3.02796,2.01864,1.00932,1.00932,1.00932
18.8756,3.98284,7.74746,4.2436,1.37116,0.765897,0.229023,1.81551,-15.7727,-1.74729,-3.09879,-2.46951,5.81049,2.91249,2.91249,1.94166,0.970829,0.970829,0.970829
18.8805,3.89593,7.65194,4.16909,1.30682,0.790967,0.187579,1.92885,-15.4189,-0.961128,-3.78137,-0.568729,5.60815,2.79915,2.79915,1.8661,0.933049,0.933049,0.933049
18.8854,3.8324,7.57645,4.10275,1.24265,0.723141,0.230692,1.20708,-17.1493,-1.83223,-2.60917,-0.704773,4.08107,2.68564,2.68564,1.79043,0.895213,0.895213,0.895213
18.8903,3.78127,7.51668,4.04371,1.1568,0.644949,0.335966,1.32075,-17.0357,-1.75645,-2.57128,-0.666884,4.11896,2.57197,2.57197,1.71465,0.857324,0.857324,0.857324
18.8954,3.69231,7.43657,3.97214,1.11241,0.645397,0.371204,2.75911,-15.3058,-0.77459,-3.83176,-1.72036,5.24312,2.45351,2.45351,1.63567,0.817835,0.817835,0.817835
18.9004,3.56643,7.34237,3.88863,1.10965,0.668155,0.336749,2.87541,-15.1895,-0.697059,-3.79299,-1.68159,5.28189,2.33721,2.33721,1.55814,0.779069,0.779069,0.779069
18.9055,3.48622,7.23003,3.81219,1.1161,0.542855,0.333955,1.00054,-13.4198,-1.13202,-3.85276,1.256,4.55972,2.21844,2.21844,1.47896,0.739479,0.739479,0.739479
18.9104,3.42354,7.10941,3.7332,1.11212,0.374206,0.270203,2.47803,-13.4317,0.133358,-3.5994,-0.577196,6.49392,2.10419,2.10419,1.40279,0.701396,0.701396,0.701396
18.9155,3.32508,6.99909,3.65781,1.10162,0.287029,0.11908,2.36068,-14.8177,-1.70172,-3.19539,-0.206314,6.27693,1.98514,1.98514,1.32343,0.661714,0.661714,0.661714
18.9204,3.21308,6.89809,3.60274,1.10756,0.208113,0.0652317,3.26317,-13.6551,-1.15932,-4.33299,-0.366869,4.75845,1.87065,1.87065,1.2471,0.623549,0.623549,0.623549
18.9254,3.07735,6.79848,3.55218,1.11433,0.126145,0.0888807,3.5062,-15.13,-2.14934,-3.28385,0.351073,4.73119,1.7537,1.7537,1.16913,0.584567,0.584567,0.584567
18.9303,2.93536,6.72156,3.51607,1.08669,-0.00102219,0.100487,3.62091,-15.0153,-2.07287,-3.24561,0.38931,4.76943,1.63899,1.63899,1.09266,0.54633,0.54633,0.54633
18.9355,2.80876,6.62092,3.44881,0.995077,-0.0192316,0.0355842,2.86019,-12.8328,0.399319,-0.911436,-1.47448,6.06032,1.51715,1.51715,1.01143,0.505716,0.505716,0.505716
18.9404,2.7149,6.53041,3.36501,0.892816,-0.0324953,-0.17008,2.96722,-14.8888,-0.105098,-1.83361,0.137026,7.62215,1.40224,1.40224,0.934828,0.467414,0.467414,0.467414
18.9453,2.53976,6.4733,3.28374,0.852291,-0.0529103,-0.416537,6.32483,-16.0505,0.270431,-3.70796,-1.29848,7.8178,1.28725,1.28725,0.858169,0.429084,0.429084,0.429084
18.9503,2.34058,6.39126,3.18457,0.841175,0.00369837,-0.595653,4.22796,-13.5572,0.641307,-2.84083,-1.30075,7.09517,1.16984,1.16984,0.779893,0.389947,0.389947,0.389947
18.9552,2.21692,6.2963,3.09084,0.811985,-0.072526,-0.646939,4.05548,-14.2104,0.488164,-2.14005,1.15539,5.93295,1.0547,1.0547,0.703136,0.351568,0.351568,0.351568
18.9603,2.10587,6.20613,3.01326,0.801348,-0.24352,-0.56803,3.91534,-14.516,-0.911622,-3.27584,0.375639,5.17804,0.934803,0.934803,0.623202,0.311601,0.311601,0.311601
18.9653,2.00986,6.11129,2.94582,0.808818,-0.221021,-0.489728,3.75715,-14.5008,-0.810226,-3.03792,-2.06916,5.4822,0.817195,0.817195,0.544796,0.272398,0.272398,0.272398
18.9704,1.91187,6.01526,2.86472,0.772915,-0.158985,-0.347363,4.4327,-13.9868,0.469442,-1.97119,-0.604994,3.97385,0.697182,0.697182,0.464788,0.232394,0.232394,0.232394
18.9754,1.81568,5.91163,2.77723,0.690509,-0.236454,-0.355159,3.99092,-13.8021,-0.29645,-0.76448,0.67624,8.1034,0.57948,0.57948,0.38632,0.19316,0.19316,0.19316
18.9803,1.74166,5.81163,2.70094,0.646667,-0.362083,-0.425659,3.91324,-14.3526,-0.273867,-3.07754,0.549101,5.58334,0.464096,0.464096,0.309397,0.154699,0.154699,0.154699
18.9855,1.65903,5.69824,2.61251,0.614773,-0.510927,-0.402876,4.17362,-13.0363,0.250864,-1.63739,1.11157,6.23689,0.341619,0.341619,0.227746,0.113873,0.113873,0.113873
18.9903,1.57211,5.58274,2.52472,0.542516,-0.670247,-0.420812,4.2867,-12.9232,0.326249,-1.5997,1.14926,6.27458,0.228542,0.228542,0.152361,0.0761807,0.0761807,0.0761807
18.9953,1.46793,5.47952,2.44629,0.489704,-0.815066,-0.45819,4.8379,-14.4484,-0.420767,-2.45467,1.23821,6.47117,0.11074,0.11074,0.0738268,0.0369134,0.0369134,0.0369134
19.0002,1.38606,5.37959,2.3772,0.468063,-0.896674,-0.452631,3.97623,-12.7018,-0.187048,-2.81363,-0.0232692,5.61541,-0.00471239,-0.00471239,-0.00314159,-0.0015708,-0.0015708,-0.0015708
19.0054,1.29347,5.27015,2.29924,0.44696,-0.819438,-0.471749,5.00495,-13.8086,0.101542,-2.15179,-1.67155,6.84857,-0.127233,-0.127233,-0.084822,-0.042411,-0.042411,-0.042411
19.0104,1.17981,5.1821,2.22223,0.404853,-0.76369,-0.509149,5.11093,-13.6553,0.518656,-1.60744,0.214158,6.1178,-0.245033,-0.245033,-0.163356,-0.0816778,-0.0816778,-0.0816778
19.0156,1.04404,5.08289,2.13518,0.371107,-0.817441,-0.548123,5.89929,-13.1349,0.56688,-2.03029,0.41231,6.85415,-0.36753,-0.36753,-0.24502,-0.12251,-0.12251,-0.12251
19.0202,0.929626,4.99062,2.05866,0.396048,-0.880984,-0.651193,5.19205,-13.4717,0.398758,-3.79094,0.556064,7.37878,-0.475871,-0.475871,-0.317248,-0.158624,-0.158624,-0.158624
19.0253,0.823608,4.89588,1.97928,0.452454,-0.964262,-0.780292,5.31214,-13.3516,0.478817,-3.75091,0.596093,7.41881,-0.59596,-0.59596,-0.397307,-0.198653,-0.198653,-0.198653
19.0302,0.710171,4.79934,1.89784,0.472435,-0.997253,-0.853882,5.99484,-12.5074,1.25168,-2.69402,-0.168619,6.66238,-0.711304,-0.711304,-0.474203,-0.237101,-0.237101,-0.237101
19.0354,0.611149,4.69258,1.80609,0.458763,-1.02295,-0.848934,4.97066,-12.7948,0.865095,-2.43795,0.294448,6.06561,-0.833663,-0.833663,-0.555775,-0.277888,-0.277888,-0.277888
19.0402,0.517299,4.61057,1.73934,0.42107,-1.06835,-0.835791,6.19858,-13.9505,-0.0795594,-1.73792,0.33208,6.64972,-0.946561,-0.946561,-0.631041,-0.31552,-0.31552,-0.31552
19.0453,0.412075,4.52794,1.67291,0.368197,-1.05329,-0.888647,5.38076,-13.1333,0.68589,-1.48267,-0.878235,7.07057,-1.06646,-1.06646,-0.71097,-0.355485,-0.355485,-0.355485
19.0503,0.281835,4.43484,1.58696,0.32254,-1.02026,-0.861708,7.23971,-13.201,1.23446,-1.89892,0.146244,5.12252,-1.18393,-1.18393,-0.789289,-0.394644,-0.394644,-0.394644
19.0552,0.15402,4.35193,1.51883,0.276051,-1.03976,-0.820037,5.84575,-13.3026,-0.0703265,-1.23956,-0.0969233,6.61816,-1.29899,-1.29899,-0.865993,-0.432997,-0.432997,-0.432997
19.0602,0.0606725,4.27394,1.45563,0.216468,-1.02109,-0.947551,6.24282,-13.5242,0.919131,-1.20873,-0.786455,8.58651,-1.41632,-1.41632,-0.944211,-0.472105,-0.472105,-0.472105
19.0652,-0.0459124,4.18696,1.3684,0.168758,-1.07891,-1.12318,6.49795,-12.8907,1.53651,-1.2773,1.58758,7.79758,-1.53355,-1.53355,-1.02237,-0.511185,-0.511185,-0.511185
19.0702,-0.153178,4.07948,1.28258,0.142868,-1.13927,-1.15272,6.556,-11.7611,0.588416,-2.13249,-0.724887,5.83287,-1.6507,-1.6507,-1.10047,-0.550233,-0.550233,-0.550233
19.0752,-0.250834,3.95974,1.20233,0.10359,-1.02934,-1.15559,6.24358,-10.6591,1.89118,-0.735553,-1.85335,7.47821,-1.76774,-1.76774,-1.17849,-0.589247,-0.589247,-0.589247
19.0805,-0.347639,3.8359,1.11138,0.0480688,-0.905864,-1.187,6.59999,-11.8944,1.12109,-1.43944,-0.884678,6.48452,-1.89169,-1.89169,-1.26112,-0.630562,-0.630562,-0.630562
19.0853,-0.454603,3.74091,1.03969,0.000991461,-0.892061,-1.20144,6.92883,-12.4718,0.961774,-0.623738,0.0303818,7.4741,-2.00383,-2.00383,-1.33588,-0.667942,-0.667942,-0.667942
19.0905,-0.561238,3.63082,0.957271,-0.0609347,-0.870698,-1.26685,6.42766,-11.0738,1.60489,-1.21257,-1.26225,7.42347,-2.12518,-2.12518,-1.41679,-0.708394,-0.708394,-0.708394
19.0955,-0.656625,3.51353,0.863182,-0.130948,-0.866801,-1.30226,6.99732,-11.4498,2.02953,0.0682853,0.424325,7.04833,-2.24174,-2.24174,-1.49449,-0.747245,-0.747245,-0.747245
19.1002,-0.756601,3.4209,0.794694,-0.16421,-0.898158,-1.37064,7.07917,-11.9943,0.509907,-2.26332,-0.764636,8.08668,-2.35117,-2.35117,-1.56745,-0.783724,-0.783724,-0.783724
19.1053,-0.871203,3.32505,0.720581,-0.190489,-0.84138,-1.43606,7.41842,-11.2887,2.44908,-0.186902,-1.46202,7.04982,-2.46978,-2.46978,-1.64652,-0.823258,-0.823258,-0.823258
19.1104,-0.997139,3.21931,0.617426,-0.236396,-0.793919,-1.43776,7.62354,-11.8637,2.24798,-1.33146,-0.29646,7.1307,-2.58822,-2.58822,-1.72548,-0.86274,-0.86274,-0.86274
19.1155,-1.0885,3.11847,0.527812,-0.281074,-0.845767,-1.40236,6.46132,-11.2214,1.82941,-0.257033,0.0741666,6.29245,-2.7065,-2.7065,-1.80433,-0.902167,-0.902167,-0.902167
19.1205,-1.19318,3.00504,0.445944,-0.345581,-0.937362,-1.37693,8.18857,-10.5816,1.64118,-0.408876,0.535044,6.98516,-2.82229,-2.82229,-1.88153,-0.940764,-0.940764,-0.940764
19.1255,-1.31974,2.89226,0.364896,-0.40936,-1.06427,-1.49735,7.68167,-10.6039,2.26584,-0.130217,0.739183,9.49114,-2.93791,-2.93791,-1.95861,-0.979303,-0.979303,-0.979303
19.1303,-1.42951,2.79234,0.283654,-0.471097,-1.1657,-1.57442,8.02495,-11.1708,2.07429,-0.416196,0.362124,6.67148,-3.04873,-3.04873,-2.03249,-1.01624,-1.01624,-1.01624
19.1353,-1.54904,2.70292,0.216565,-0.548048,-1.21685,-1.59431,8.22689,-11.5992,1.173,0.781422,-0.129378,8.4487,-3.16399,-3.16399,-2.10932,-1.05466,-1.05466,-1.05466
19.1404,-1.64417,2.60829,0.147883,-0.595841,-1.23247,-1.72067,7.38289,-10.8357,2.08306,-0.876858,-0.214458,8.58718,-3.28135,-3.28135,-2.18756,-1.09378,-1.09378,-1.09378
19.1454,-1.75174,2.5163,0.0578554,-0.590865,-1.27364,-1.81537,8.8334,-11.9265,2.80753,-1.05385,0.502787,8.17835,-3.3962,-3.3962,-2.26413,-1.13207,-1.13207,-1.13207
19.1506,-1.90684,2.44648,-0.040222,-0.614918,-1.32083,-1.91967,9.18903,-13.4975,2.29346,0.0705685,0.0540085,8.73145,-3.51543,-3.51543,-2.34362,-1.17181,-1.17181,-1.17181
19.1553,-2.04992,2.37349,-0.113557,-0.670428,-1.37101,-2.00222,9.50541,-10.7068,1.89491,0.0153419,0.520422,8.3533,-3.62299,-3.62299,-2.41532,-1.20766,-1.20766,-1.20766
19.1603,-2.17286,2.25749,-0.199258,-0.7336,-1.36313,-2.06545,8.41791,-10.3877,2.51863,0.343211,-0.956749,8.68117,-3.73719,-3.73719,-2.49146,-1.24573,-1.24573,-1.24573
19.1653,-2.26041,2.13473,-0.292998,-0.795357,-1.28654,-2.12862,8.53189,-10.2737,2.59462,0.381204,-0.918756,8.71916,-3.85117,-3.85117,-2.56745,-1.28372,-1.28372,-1.28372
19.1703,-2.34901,1.9966,-0.371412,-0.843791,-1.34001,-2.13294,8.90567,-8.81649,1.56484,0.195558,1.52036,7.73864,-3.96491,-3.96491,-2.64328,-1.32164,-1.32164,-1.32164
19.1755,-2.44481,1.86735,-0.431499,-0.885233,-1.4871,-2.12788,8.56272,-10.9876,1.2088,0.0527414,0.764821,8.31618,-4.08294,-4.08294,-2.72196,-1.36098,-1.36098,-1.36098
19.1806,-2.5312,1.76334,-0.489029,-0.926519,-1.57818,-2.14143,8.67822,-10.8721,1.2858,0.0912402,0.80332,8.35468,-4.19844,-4.19844,-2.79896,-1.39948,-1.39948,-1.39948
19.1853,-2.61904,1.66193,-0.561175,-0.968925,-1.5825,-2.13554,9.17054,-10.1316,2.99516,0.27568,-0.54404,8.03404,-4.30464,-4.30464,-2.86976,-1.43488,-1.43488,-1.43488
19.1903,-2.70128,1.55567,-0.64475,-1.02434,-1.61311,-2.06357,8.40858,-10.4167,2.11309,0.321533,1.21577,6.96209,-4.41736,-4.41736,-2.94491,-1.47245,-1.47245,-1.47245
19.1953,-2.78711,1.45934,-0.716777,-1.06698,-1.64587,-1.90586,9.16719,-10.5368,2.38869,0.0112562,-0.435864,5.96458,-4.52981,-4.52981,-3.01987,-1.50994,-1.50994,-1.50994
19.2003,-2.89249,1.35346,-0.79358,-1.09388,-1.64928,-1.85689,9.4803,-9.02192,2.79578,-0.381914,0.619966,8.76749,-4.64198,-4.64198,-3.09465,-1.54733,-1.54733,-1.54733
19.2053,-2.98914,1.23973,-0.880826,-1.15442,-1.63404,-2.00197,8.8751,-9.63104,3.19223,1.32794,-0.8083,9.8729,-4.75386,-4.75386,-3.16924,-1.58462,-1.58462,-1.58462
19.2102,-3.10123,1.11986,-0.966939,-1.22029,-1.5598,-2.14825,10.4147,-8.20578,2.81579,0.379073,-0.540007,8.86607,-4.86322,-4.86322,-3.24215,-1.62107,-1.62107,-1.62107
19.2153,-3.22367,0.990165,-1.0492,-1.24435,-1.52447,-2.20239,9.36984,-8.68326,2.89982,-0.129568,-0.162688,8.09247,-4.97674,-4.97674,-3.31782,-1.65891,-1.65891,-1.65891
19.2204,-3.30576,0.88713,-1.12375,-1.27594,-1.55043,-2.20854,8.91174,-10.0042,2.70568,0.761005,0.280765,8.00601,-5.08994,-5.08994,-3.39329,-1.69665,-1.69665,-1.69665
19.2254,-3.37654,0.79695,-1.21124,-1.32489,-1.67015,-2.19926,9.17212,-9.8187,3.95612,0.739932,1.65073,7.91869,-5.2006,-5.2006,-3.46706,-1.73353,-1.73353,-1.73353
19.2304,-3.47753,0.700438,-1.30501,-1.39822,-1.7057,-2.24798,10.169,-9.69656,3.04739,1.77031,-1.12769,8.88283,-5.31094,-5.31094,-3.54063,-1.77031,-1.77031,-1.77031
19.2353,-3.59415,0.607119,-1.37313,-1.48136,-1.68444,-2.35681,10.2374,-9.40355,2.52152,1.33429,0.555971,9.41557,-5.41875,-5.41875,-3.6125,-1.80625,-1.80625,-1.80625
19.2405,-3.71635,0.505926,-1.4459,-1.55027,-1.81273,-2.46363,10.3081,-8.95458,3.43357,1.28951,1.50479,8.95679,-5.53282,-5.53282,-3.68855,-1.84427,-1.84427,-1.84427
19.2455,-3.85069,0.406934,-1.5291,-1.59821,-1.90661,-2.46998,11.0557,-9.25495,3.47928,0.920237,0.224717,7.80092,-5.64215,-5.64215,-3.76143,-1.88072,-1.88072,-1.88072
19.2505,-3.96825,0.301295,-1.61217,-1.62961,-1.92568,-2.41573,10.0182,-8.35797,3.43281,0.890325,0.244485,7.771,-5.75113,-5.75113,-3.83409,-1.91704,-1.91704,-1.91704
19.2554,-4.04045,0.177865,-1.68941,-1.65684,-1.94948,-2.39969,9.50209,-7.26651,3.09205,0.983771,0.528371,8.37781,-5.85759,-5.85759,-3.90506,-1.95253,-1.95253,-1.95253
19.2604,-4.14516,0.0443548,-1.75473,-1.68707,-2.00108,-2.43495,11.3755,-7.28433,2.58948,1.13578,0.696942,8.89414,-5.96587,-5.96587,-3.97724,-1.98862,-1.98862,-1.98862
19.2655,-4.26808,-0.0861196,-1.82982,-1.73254,-2.04707,-2.43244,10.339,-7.84017,3.77892,1.48711,0.576309,7.93723,-6.07593,-6.07593,-4.05062,-2.02531,-2.02531,-2.02531
19.2704,-4.34737,-0.20353,-1.90965,-1.78387,-2.07475,-2.42024,10.1765,-7.4944,3.47924,1.57191,0.205715,8.19591,-6.1813,-6.1813,-4.12087,-2.06043,-2.06043,-2.06043
19.2754,-4.44489,-0.319023,-1.98727,-1.85116,-2.09332,-2.42457,11.0874,-8.12805,3.53813,2.16239,0.556071,8.45519,-6.28845,-6.28845,-4.1923,-2.09615,-2.09615,-2.09615
19.2802,-4.55704,-0.418735,-2.0578,-1.94696,-2.15022,-2.40118,11.1071,-8.21855,3.40792,2.99972,0.937998,7.73588,-6.39095,-6.39095,-4.26064,-2.13032,-2.13032,-2.13032
19.2853,-4.63979,-0.518084,-2.13082,-2.10284,-2.22765,-2.43083,9.92332,-8.29524,3.68298,4.36069,0.833407,9.33697,-6.49946,-6.49946,-4.33297,-2.16649,-2.16649,-2.16649
19.2903,-4.7321,-0.625517,-2.21386,-2.26593,-2.26915,-2.49402,11.7077,-7.33427,4.2406,3.77501,0.520972,8.53601,-6.60543,-6.60543,-4.40362,-2.20181,-2.20181,-2.20181
19.2952,-4.851,-0.726212,-2.29487,-2.43898,-2.28381,-2.52258,11.3108,-8.37741,3.87904,5.04322,0.480938,8.88514,-6.70889,-6.70889,-4.4726,-2.2363,-2.2363,-2.2363
19.3002,-4.93994,-0.830852,-2.36775,-2.64542,-2.30693,-2.5854,10.628,-6.90504,3.65863,5.63303,0.673312,9.06923,-6.81406,-6.81406,-4.5427,-2.27135,-2.27135,-2.27135
19.3053,-5.04386,-0.962819,-2.43833,-2.82402,-2.22719,-2.67934,12.102,-6.45541,3.26588,5.63552,-1.28656,9.494,-6.92089,-6.92089,-4.61393,-2.30696,-2.30696,-2.30696
19.3103,-5.19034,-1.08332,-2.50846,-2.92472,-2.11985,-2.77192,12.4782,-7.69461,3.7973,6.74669,0.130971,9.04853,-7.02519,-7.02519,-4.68346,-2.34173,-2.34173,-2.34173
19.3153,-5.31041,-1.17969,-2.58858,-2.94774,-2.1563,-2.82522,11.3252,-8.05173,4.54371,6.51636,0.977035,9.0666,-7.12907,-7.12907,-4.75271,-2.37636,-2.37636,-2.37636
19.3204,-5.40078,-1.27731,-2.68349,-2.9288,-2.23285,-2.85013,11.4307,-7.94624,4.61404,6.55152,1.0122,9.10176,-7.23456,-7.23456,-4.82304,-2.41152,-2.41152,-2.41152
19.3252,-5.48974,-1.37879,-2.76663,-2.92214,-2.29203,-2.86623,11.8171,-7.02787,4.12192,7.16408,0.887837,9.25064,-7.33343,-7.33343,-4.88895,-2.44448,-2.44448,-2.44448
19.3302,-5.6313,-1.48962,-2.83895,-2.91909,-2.33141,-2.84015,13.4051,-6.68893,4.00846,7.02438,0.458338,8.48166,-7.43597,-7.43597,-4.95732,-2.47866,-2.47866,-2.47866
19.3352,-5.78384,-1.58827,-2.91701,-2.91194,-2.37457,-2.82368,12.3961,-7.96194,4.64708,7.12465,1.16305,9.02077,-7.53806,-7.53806,-5.02537,-2.51269,-2.51269,-2.51269
19.3402,-5.8939,-1.67182,-2.98788,-2.87502,-2.4641,-2.83799,12.1431,-7.50572,3.92481,6.04072,1.2052,8.67376,-7.63968,-7.63968,-5.09312,-2.54656,-2.54656,-2.54656
19.3452,-5.96511,-1.77908,-3.05625,-2.80966,-2.58057,-2.85987,11.212,-5.63547,4.42487,5.94196,1.73572,8.98072,-7.74083,-7.74083,-5.16055,-2.58028,-2.58028,-2.58028
19.3502,-6.04736,-1.89151,-3.13708,-2.80587,-2.6239,-2.94923,12.6641,-6.9335,4.9058,8.45123,0.030472,10.0658,-7.8415,-7.8415,-5.22766,-2.61383,-2.61383,-2.61383
19.3554,-6.15809,-2.00465,-3.22571,-2.8242,-2.69488,-3.02107,12.2088,-6.04132,4.69311,7.05352,2.45812,9.23116,-7.94568,-7.94568,-5.29712,-2.64856,-2.64856,-2.64856
19.3603,-6.24624,-2.11508,-3.30656,-2.78931,-2.83139,-3.01808,12.2079,-6.48733,4.73107,6.34088,1.71236,8.89112,-8.04337,-8.04337,-5.36225,-2.68112,-2.68112,-2.68112
19.3654,-6.33555,-2.21833,-3.38273,-2.75176,-2.88958,-3.01393,12.3564,-6.69746,4.39723,6.98733,0.777326,9.11529,-8.14454,-8.14454,-5.42969,-2.71485,-2.71485,-2.71485
19.3704,-6.41969,-2.32135,-3.44716,-2.73323,-2.94182,-3.00199,12.2029,-5.62948,4.35643,6.87946,1.7293,8.55202,-8.24322,-8.24322,-5.49548,-2.74774,-2.74774,-2.74774
19.3754,-6.51257,-2.4251,-3.51689,-2.69571,-3.0607,-3.01383,12.8606,-6.41391,4.95274,6.2829,2.15946,9.4293,-8.34139,-8.34139,-5.56093,-2.78046,-2.78046,-2.78046
19.3805,-6.60532,-2.51488,-3.59936,-2.66025,-3.15524,-3.13165,12.2983,-6.80681,5.37653,6.65558,1.24874,10.3319,-8.44099,-8.44099,-5.62733,-2.81366,-2.81366,-2.81366
19.3856,-6.67036,-2.59975,-3.68316,-2.65821,-3.11806,-3.29362,11.9442,-7.49575,4.75287,7.972,0.263325,10.5636,-8.54005,-8.54005,-5.69337,-2.84668,-2.84668,-2.84668
19.3903,-6.74765,-2.68976,-3.75327,-2.66516,-3.06002,-3.33616,13.221,-5.36004,4.90955,7.55515,0.798674,8.77231,-8.63086,-8.63086,-5.75391,-2.87695,-2.87695,-2.87695
19.3953,-6.86616,-2.796,-3.82846,-2.66581,-3.11354,-3.30228,13.5101,-6.01655,5.08229,7.07382,2.38734,8.96994,-8.72695,-8.72695,-5.81797,-2.90898,-2.90898,-2.90898
19.4003,-6.95831,-2.90799,-3.90234,-2.66212,-3.07915,-3.23232,12.4079,-4.9596,4.73216,7.04771,-0.669248,8.19035,-8.8225,-8.8225,-5.88166,-2.94083,-2.94083,-2.94083
19.4053,-7.04455,-3.03411,-3.97345,-2.64492,-3.01256,-3.17168,13.4603,-4.514,4.89791,6.05266,1.73878,8.55322,-8.9175,-8.9175,-5.945,-2.9725,-2.9725,-2.9725
19.4102,-7.11247,-3.16012,-4.04276,-2.61961,-3.08976,-3.26391,11.8508,-4.34653,4.94081,6.06696,2.08428,10.621,-9.01007,-9.01007,-6.00671,-3.00336,-3.00336,-3.00336
19.4153,-7.18126,-3.28402,-4.11657,-2.64104,-3.26733,-3.47082,13.6093,-4.23105,5.57315,7.26636,3.3582,10.6612,-9.10585,-9.10585,-6.07057,-3.03528,-3.03528,-3.03528
19.4202,-7.30507,-3.39473,-4.19625,-2.64507,-3.44794,-3.59366,14.1932,-4.80547,5.74908,6.01346,2.83394,9.36686,-9.19733,-9.19733,-6.13155,-3.06578,-3.06578,-3.06578
19.4254,-7.44103,-3.50781,-4.27529,-2.6454,-3.62247,-3.63786,13.9745,-3.77119,5.73816,6.7991,3.08138,9.54806,-9.29381,-9.29381,-6.19587,-3.09794,-3.09794,-3.09794
19.4302,-7.53803,-3.61961,-4.32978,-2.68262,-3.72503,-3.65428,13.4051,-3.64328,4.47002,7.56552,1.96824,8.75784,-9.38232,-9.38232,-6.25488,-3.12744,-3.12744,-3.12744
19.4352,-7.6047,-3.74929,-4.38944,-2.72394,-3.67754,-3.61905,12.9175,-2.57855,5.77674,7.31454,0.533222,8.41578,-9.47395,-9.47395,-6.31596,-3.15798,-3.15798,-3.15798
19.4403,-7.65885,-3.84621,-4.45236,-2.84217,-3.55543,-3.74538,13.0301,-6.18139,5.11342,10.2435,0.456535,11.5931,-9.56681,-9.56681,-6.37787,-3.18894,-3.18894,-3.18894
19.4453,-7.74702,-3.90028,-4.50947,-2.95733,-3.48,-4.00124,14.2395,-6.31155,5.52066,8.6342,0.975203,11.1348,-9.65725,-9.65725,-6.43817,-3.21908,-3.21908,-3.21908
19.4502,-7.85716,-3.97879,-4.57346,-2.98322,-3.46981,-4.2154,13.9729,-4.9036,5.01506,7.33875,1.72491,11.6112,-9.7453,-9.7453,-6.49687,-3.24843,-3.24843,-3.24843
19.4554,-7.96122,-4.09609,-4.64699,-2.98095,-3.51682,-4.31055,13.8569,-3.40028,5.72066,8.21425,2.17813,9.62185,-9.83812,-9.83812,-6.55875,-3.27937,-3.27937,-3.27937
19.4603,-8.04251,-4.2027,-4.72047,-2.94989,-3.61494,-4.27412,13.5695,-4.97612,5.56956,6.89357,2.60453,9.99857,-9.92498,-9.92498,-6.61665,-3.30833,-3.30833,-3.30833
19.4656,-8.113,-4.29603,-4.79525,-2.93346,-3.71459,-4.23706,13.4224,-4.99313,5.62549,8.94498,1.9815,9.54114,-10.0183,-10.0183,-6.67885,-3.33942,-3.33942,-3.33942
19.4704,-8.17066,-4.38471,-4.86652,-2.96761,-3.75466,-4.16494,13.5063,-4.90924,5.68141,8.97295,2.00947,9.56911,-10.1022,-10.1022,-6.73477,-3.36739,-3.36739,-3.36739
19.4753,-8.23223,-4.46865,-4.93766,-2.96292,-3.75041,-4.03706,13.7647,-5.7422,5.52493,7.34529,1.22637,8.52933,-10.1872,-10.1872,-6.79147,-3.39573,-3.39573,-3.39573
19.4803,-8.28472,-4.55388,-4.9978,-2.95745,-3.68692,-3.94059,13.189,-4.41104,5.05151,8.40073,0.683773,9.41089,-10.2734,-10.2734,-6.84891,-3.42445,-3.42445,-3.42445
19.4854,-8.36283,-4.65427,-5.0558,-2.99455,-3.65754,-3.98137,14.6591,-4.07161,5.47123,8.76929,1.70645,11.0794,-10.3606,-10.3606,-6.90706,-3.45353,-3.45353,-3.45353
19.4904,-8.47762,-4.74727,-5.11618,-3.03282,-3.66261,-4.09694,14.7952,-4.93634,5.29164,8.42498,1.5443,10.8759,-10.4455,-10.4455,-6.96364,-3.48182,-3.48182,-3.48182
19.4954,-8.56818,-4.82776,-5.18028,-3.04893,-3.6518,-4.08143,13.855,-5.00971,5.94762,7.72442,1.15838,8.95814,-10.5297,-10.5297,-7.01979,-3.5099,-3.5099,-3.5099
19.5006,-8.6483,-4.92365,-5.25485,-3.09184,-3.67099,-4.0533,14.399,-3.63441,5.92405,9.35142,2.1975,10.4113,-10.6166,-10.6166,-7.07773,-3.53886,-3.53886,-3.53886
19.5054,-8.71639,-5.02388,-5.32635,-3.12528,-3.68119,-4.02526,14.0137,-4.08671,6.03772,8.37608,1.07312,8.88116,-10.6962,-10.6962,-7.13079,-3.5654,-3.5654,-3.5654
19.5104,-8.77803,-5.13476,-5.40217,-3.13901,-3.66831,-3.97583,14.1866,-2.70425,6.20542,8.63534,1.63046,10.0595,-10.7785,-10.7785,-7.18563,-3.59282,-3.59282,-3.59282
19.5154,-8.83455,-5.25892,-5.48658,-3.18102,-3.67774,-4.0087,13.8229,-2.58325,6.79486,9.63958,1.46722,10.5338,-10.8601,-10.8601,-7.24003,-3.62002,-3.62002,-3.62002
19.5202,-8.90633,-5.38004,-5.57091,-3.21932,-3.69191,-4.03427,14.8975,-2.46615,6.46838,8.30756,1.89884,10.1623,-10.9378,-10.9378,-7.29184,-3.64592,-3.64592,-3.64592
19.5254,-9.00529,-5.48404,-5.64699,-3.27661,-3.79778,-4.01425,14.78,-3.91927,6.40699,10.1901,2.89542,9.57738,-11.0212,-11.0212,-7.34749,-3.67374,-3.67374,-3.67374
19.5303,-9.1067,-5.57316,-5.71761,-3.32689,-3.91106,-3.9592,15.3229,-3.21878,6.45062,8.31998,2.42462,9.28874,-11.0992,-11.0992,-7.39948,-3.69974,-3.69974,-3.69974
19.5354,-9.20891,-5.66895,-5.78355,-3.37345,-3.93029,-3.93715,14.836,-2.8191,6.33289,9.40665,0.762326,9.90345,-11.1797,-11.1797,-7.45313,-3.72657,-3.72657,-3.72657
19.5403,-9.27568,-5.76017,-5.84124,-3.39977,-3.98388,-3.8765,14.3453,-3.27436,6.00152,8.03287,3.43747,8.61247,-11.2563,-11.2563,-7.50423,-3.75211,-3.75211,-3.75211
19.5454,-9.33521,-5.84596,-5.89199,-3.43184,-4.06459,-3.82216,14.6135,-3.546,5.68847,9.77319,1.44351,9.87255,-11.3354,-11.3354,-7.55693,-3.77847,-3.77847,-3.77847
19.5504,-9.39811,-5.92525,-5.93455,-3.49318,-4.02087,-3.87339,14.6627,-3.76069,5.4011,9.69943,1.23727,10.3039,-11.4122,-11.4122,-7.60814,-3.80407,-3.80407,-3.80407
19.5555,-9.45715,-6.01171,-5.97429,-3.54049,-3.95043,-3.9288,14.4842,-3.26157,5.24384,9.36926,0.898822,9.75014,-11.4898,-11.4898,-7.65988,-3.82994,-3.82994,-3.82994
19.5603,-9.48285,-6.10827,-6.00691,-3.54181,-3.84948,-3.90737,13.6307,-1.7629,5.23985,8.35011,0.186028,9.02079,-11.5622,-11.5622,-7.70814,-3.85407,-3.85407,-3.85407
19.5653,-9.50975,-6.21212,-6.04311,-3.52473,-3.83446,-3.96944,14.4816,-2.8465,5.39414,8.49921,2.53761,11.1157,-11.6369,-11.6369,-7.75793,-3.87897,-3.87897,-3.87897
19.5702,-9.52676,-6.30766,-6.0836,-3.54699,-3.90096,-4.03859,13.2618,-2.447,5.50727,9.29341,1.86625,9.57493,-11.7094,-11.7094,-7.80627,-3.90313,-3.90313,-3.90313
19.5753,-9.52473,-6.40128,-6.126,-3.5842,-3.88478,-4.05308,13.7187,-2.93177,5.61979,9.34316,0.682283,10.3616,-11.7841,-11.7841,-7.85609,-3.92804,-3.92804,-3.92804
19.5802,-9.53887,-6.48543,-6.16825,-3.61432,-3.80959,-4.10567,13.7898,-2.86069,5.66718,9.36686,0.705978,10.3853,-11.8552,-11.8552,-7.90348,-3.95174,-3.95174,-3.95174
19.5853,-9.58356,-6.56712,-6.21666,-3.60492,-3.79046,-4.17963,14.9465,-3.46515,5.97307,7.85119,1.52527,10.7326,-11.9285,-11.9285,-7.9523,-3.97615,-3.97615,-3.97615
19.5902,-9.65846,-6.64252,-6.27051,-3.55942,-3.79368,-4.27118,15.0161,-3.3955,6.0195,7.87441,1.54849,10.7558,-11.9981,-11.9981,-7.99873,-3.99937,-3.99937,-3.99937
19.5953,-9.73804,-6.74284,-6.33082,-3.55085,-3.85052,-4.37719,15.1706,-1.50737,6.18228,9.19828,2.51632,10.9702,-12.0698,-12.0698,-8.04656,-4.02328,-4.02328,-4.02328
19.6004,-9.82172,-6.85804,-6.39063,-3.57748,-3.94869,-4.4605,15.2416,-1.43641,6.22958,9.22193,2.53997,10.9939,-12.1408,-12.1408,-8.09386,-4.04693,-4.04693,-4.04693
19.6053,-9.90147,-6.95538,-6.44613,-3.58885,-4.00932,-4.47886,15.3169,-2.59036,6.15541,8.64825,1.79241,10.1469,-12.2082,-12.2082,-8.13882,-4.06941,-4.06941,-4.06941
19.6103,-9.97788,-7.04896,-6.50245,-3.60605,-3.97405,-4.40106,15.2431,-1.78559,6.30948,9.05182,0.838063,9.3085,-12.2763,-12.2763,-8.18421,-4.0921,-4.0921,-4.0921
19.6154,-10.0434,-7.13648,-6.5486,-3.63307,-3.92705,-4.28846,15.0202,-2.53244,5.77632,8.87599,1.25011,9.25687,-12.345,-12.345,-8.22998,-4.11499,-4.11499,-4.11499
19.6203,-10.1059,-7.21979,-6.58354,-3.67309,-3.91706,-4.23581,15.3455,-1.58072,5.66931,9.73401,1.31325,9.74229,-12.4102,-12.4102,-8.27345,-4.13673,-4.13673,-4.13673
19.6254,-10.1716,-7.30806,-6.61041,-3.71047,-3.89574,-4.23402,15.1998,-1.82492,5.25425,9.34237,0.996133,10.2366,-12.4773,-12.4773,-8.31819,-4.15909,-4.15909,-4.15909
19.6304,-10.2319,-7.39678,-6.62959,-3.72955,-3.90997,-4.32343,15.2924,-1.36592,4.92974,9.22328,1.85408,11.5914,-12.5423,-12.5423,-8.36152,-4.18076,-4.18076,-4.18076
19.6353,-10.2882,-7.49401,-6.64389,-3.7434,-3.97295,-4.42284,15.2214,-0.877464,4.50564,9.19459,2.34703,10.9251,-12.6052,-12.6052,-8.40349,-4.20175,-4.20175,-4.20175
19.6404,-10.3157,-7.58698,-6.64639,-3.77952,-4.01106,-4.43994,14.1396,-1.67953,3.80893,9.91168,1.20112,10.1518,-12.67,-12.67,-8.44664,-4.22332,-4.22332,-4.22332
19.6454,-10.3026,-7.65573,-6.64478,-3.84578,-4.05126,-4.42169,13.7216,-2.64516,3.78175,10.6033,2.40605,10.388,-12.7326,-12.7326,-8.48843,-4.24421,-4.24421,-4.24421
19.6505,-10.2633,-7.71655,-6.65347,-3.95671,-4.04063,-4.52213,12.9218,-2.92875,3.42672,11.6676,0.266011,12.272,-12.7958,-12.7958,-8.5305,-4.26525,-4.26525,-4.26525
19.6556,-10.2034,-7.78565,-6.66723,-4.02687,-4.0313,-4.60974,12.5074,-1.64905,3.02099,9.64318,2.32366,10.4795,-12.858,-12.858,-8.57203,-4.28602,-4.28602,-4.28602
19.6603,-10.1602,-7.87069,-6.6902,-4.03012,-4.06489,-4.61501,12.3749,-1.08017,2.74946,9.90219,1.27443,10.755,-12.9147,-12.9147,-8.60982,-4.30491,-4.30491,-4.30491
19.6655,-10.1555,-7.9783,-6.72225,-4.00678,-4.12882,-4.64163,12.2832,-0.659685,2.35809,8.54006,2.84342,11.2807,-12.9766,-12.9766,-8.65108,-4.32554,-4.32554,-4.32554
19.6705,-10.2344,-8.07246,-6.75111,-3.9905,-4.26327,-4.66288,12.6965,-1.46389,2.20284,9.82646,2.66426,10.729,-13.0353,-13.0353,-8.6902,-4.3451,-4.3451,-4.3451
19.6753,-10.3738,-8.1646,-6.78435,-4.02895,-4.35027,-4.62265,12.1571,-0.466607,2.34858,10.6316,2.43439,9.65455,-13.0909,-13.0909,-8.72726,-4.36363,-4.36363,-4.36363
19.6803,-10.5478,-8.25258,-6.81606,-4.01119,-4.41282,-4.51951,12.3088,-1.3906,2.25708,8.21631,2.18019,9.42519,-13.148,-13.148,-8.76534,-4.38267,-4.38267,-4.38267
19.6855,-10.7458,-8.34937,-6.86258,-3.95099,-4.42691,-4.52829,12.2649,-0.53226,2.88548,8.75746,1.90162,11.7383,-13.2065,-13.2065,-8.80436,-4.40218,-4.40218,-4.40218
19.6907,-10.9233,-8.45171,-6.91931,-3.96424,-4.45509,-4.62342,11.6173,-0.541606,3.11202,10.1429,2.59152,11.2855,-13.2642,-13.2642,-8.8428,-4.4214,-4.4214,-4.4214
19.6956,-11.0526,-8.54972,-6.97635,-4.00144,-4.4512,-4.69873,11.0128,-0.133487,3.2522,9.8378,1.36736,11.4772,-13.3177,-13.3177,-8.87848,-4.43924,-4.43924,-4.43924
19.7003,-11.1732,-8.63485,-7.03328,-4.04865,-4.43751,-4.77341,11.7687,-1.04029,3.50119,10.6247,2.24534,11.1381,-13.3683,-13.3683,-8.9122,-4.4561,-4.4561,-4.4561
19.7052,-11.293,-8.71231,-7.09505,-4.09818,-4.49271,-4.88146,10.8908,-0.610025,3.86397,10.0293,2.44483,12.3477,-13.4203,-13.4203,-8.94685,-4.47343,-4.47343,-4.47343
19.7102,-11.3925,-8.78443,-7.15893,-4.11341,-4.57665,-4.96297,11.1794,-1.30251,3.82981,9.34291,2.57815,10.7588,-13.4725,-13.4725,-8.98166,-4.49083,-4.49083,-4.49083
19.7153,-11.5005,-8.85052,-7.22335,-4.10484,-4.65308,-4.95171,11.2318,-1.25011,3.86474,9.36038,2.59562,10.7763,-13.5249,-13.5249,-9.01659,-4.5083,-4.5083,-4.5083
19.7202,-11.6229,-8.93026,-7.29002,-4.12855,-4.69457,-4.9216,12.1087,0.150812,4.10885,10.7762,1.90004,10.4367,-13.5744,-13.5744,-9.04961,-4.5248,-4.5248,-4.5248
19.7254,-11.7512,-9.02401,-7.36205,-4.17027,-4.71242,-4.91272,11.4118,-0.467309,3.91758,10.0648,2.26503,11.1329,-13.6261,-13.6261,-9.08406,-4.54203,-4.54203,-4.54203
19.7302,-11.8496,-9.09887,-7.42177,-4.19241,-4.72756,-4.93783,11.4587,-0.420412,3.94885,10.0804,2.28066,11.1485,-13.673,-13.673,-9.11533,-4.55766,-4.55766,-4.55766
19.7353,-11.9697,-9.18431,-7.48964,-4.2434,-4.73785,-4.92469,12.1972,0.093464,4.24275,11.1317,1.90783,10.3286,-13.722,-13.722,-9.14798,-4.57399,-4.57399,-4.57399
19.7403,-12.1002,-9.26122,-7.54344,-4.27939,-4.74633,-4.91454,12.2759,-0.635475,3.22292,9.72331,2.41207,10.9819,-13.7691,-13.7691,-9.17942,-4.58971,-4.58971,-4.58971
19.7454,-12.2182,-9.34576,-7.58184,-4.29874,-4.75787,-4.93128,11.8424,0.924654,3.15199,10.8155,1.98897,10.6995,-13.8164,-13.8164,-9.2109,-4.60545,-4.60545,-4.60545
19.7503,-12.3258,-9.42211,-7.61101,-4.32091,-4.71291,-4.879,12.3361,-0.717104,2.8243,10.0106,1.12614,9.93606,-13.8609,-13.8609,-9.2406,-4.6203,-4.6203,-4.6203
19.7553,-12.4052,-9.49285,-7.63721,-4.30359,-4.64211,-4.92875,10.982,0.194301,2.85403,9.55349,1.48877,12.6419,-13.9055,-13.9055,-9.27033,-4.63517,-4.63517,-4.63517
19.7604,-12.4744,-9.57762,-7.67501,-4.30113,-4.62519,-4.9427,11.9407,0.278314,3.42927,10.0983,2.33992,9.58492,-13.9501,-13.9501,-9.30008,-4.65004,-4.65004,-4.65004
19.7653,-12.5405,-9.65515,-7.71775,-4.29675,-4.63901,-4.89816,11.045,0.131234,3.55133,9.83904,1.7826,11.081,-13.9921,-13.9921,-9.32809,-4.66404,-4.66404,-4.66404
19.7703,-12.6103,-9.73293,-7.76327,-4.30547,-4.69056,-4.88551,11.9814,0.0353575,3.41632,10.9709,2.90613,10.0352,-14.0342,-14.0342,-9.3561,-4.67805,-4.67805,-4.67805
19.7754,-12.705,-9.79759,-7.80893,-4.30054,-4.76313,-4.94512,12.2677,-0.663371,3.83932,8.79892,2.31568,12.1854,-14.0761,-14.0761,-9.38409,-4.69204,-4.69204,-4.69204
19.7805,-12.8198,-9.86268,-7.85917,-4.26593,-4.84313,-5.02111,12.754,0.0119978,3.72458,9.76481,2.98349,10.4686,-14.1172,-14.1172,-9.41147,-4.70573,-4.70573,-4.70573
19.7853,-12.9368,-9.93535,-7.90336,-4.283,-4.92583,-5.05135,13.0124,0.692023,3.6432,10.8538,2.81394,11.4665,-14.155,-14.155,-9.43668,-4.71834,-4.71834,-4.71834
19.7904,-13.0011,-10.0235,-7.95694,-4.2972,-4.98506,-5.07622,10.7705,1.07413,4.24416,9.87332,2.73596,10.5688,-14.1943,-14.1943,-9.46289,-4.73144,-4.73144,-4.73144
19.7953,-13.0132,-10.1104,-8.009,-4.30326,-4.92985,-5.06576,11.095,1.11894,3.75253,10.3327,0.405026,10.962,-14.2312,-14.2312,-9.48749,-4.74375,-4.74375,-4.74375
19.8003,-13.0363,-10.1875,-8.037,-4.33792,-4.9144,-5.10751,11.1988,0.81683,2.86164,10.6597,3.30701,11.3552,-14.268,-14.268,-9.51202,-4.75601,-4.75601,-4.75601
19.8053,-13.0566,-10.261,-8.05832,-4.3905,-4.91852,-5.18452,11.0298,0.517842,2.97545,10.8372,0.818421,11.9219,-14.3039,-14.3039,-9.53596,-4.76798,-4.76798,-4.76798
19.8103,-13.0945,-10.3353,-8.09447,-4.45823,-4.83488,-5.23693,11.7504,1.33307,4.22145,11.3871,1.47594,11.1139,-14.339,-14.339,-9.55931,-4.77966,-4.77966,-4.77966
19.8152,-13.1575,-10.3981,-8.13629,-4.54656,-4.8021,-5.21344,12.2173,-0.087357,3.6941,12.0193,1.68581,10.1977,-14.3724,-14.3724,-9.58163,-4.79081,-4.79081,-4.79081
19.8203,-13.1995,-10.4772,-8.17623,-4.60885,-4.78755,-5.09679,10.8643,2.12538,3.52235,10.358,2.04489,9.33957,-14.4064,-14.4064,-9.60425,-4.80213,-4.80213,-4.80213
19.8253,-13.218,-10.5609,-8.21608,-4.63559,-4.82811,-5.11832,11.4601,1.10975,4.05807,11.3127,2.56076,12.6624,-14.4387,-14.4387,-9.62583,-4.81292,-4.81292,-4.81292
19.8303,-13.2524,-10.6435,-8.26181,-4.6004,-4.91029,-5.23666,11.5743,1.87012,3.84289,8.69017,3.06805,11.6875,-14.4702,-14.4702,-9.64682,-4.82341,-4.82341,-4.82341
19.8352,-13.2792,-10.7314,-8.30348,-4.58114,-5.04741,-5.28395,11.1039,1.61251,3.63507,11.3166,3.87292,11.2835,-14.5002,-14.5002,-9.66681,-4.8334,-4.8334,-4.8334
19.8403,-13.3047,-10.8132,-8.33971,-4.6006,-5.14949,-5.30304,11.5952,1.5285,3.64481,10.0351,2.4009,11.0204,-14.5305,-14.5305,-9.687,-4.8435,-4.8435,-4.8435
19.8454,-13.364,-10.8869,-8.37135,-4.60628,-5.21403,-5.36089,12.3298,1.46727,3.62886,11.0384,3.05653,12.1314,-14.5599,-14.5599,-9.70658,-4.85329,-4.85329,-4.85329
19.8503,-13.4213,-10.9609,-8.42233,-4.63966,-5.20261,-5.38765,11.8134,1.404,5.03693,11.1304,1.2606,10.4762,-14.5872,-14.5872,-9.7248,-4.8624,-4.8624,-4.8624
19.8554,-13.4548,-11.0424,-8.48696,-4.63106,-5.18041,-5.32329,11.6321,2.23133,4.64146,9.30966,2.9589,10.4854,-14.6147,-14.6147,-9.74315,-4.87158,-4.87158,-4.87158
19.8605,-13.4995,-11.1308,-8.53447,-4.61755,-5.17622,-5.30461,12.3088,2.21062,3.8211,10.9331,1.69264,11.1236,-14.6413,-14.6413,-9.76088,-4.88044,-4.88044,-4.88044
19.8654,-13.5207,-11.2113,-8.57325,-4.6401,-5.09241,-5.32663,10.8048,2.01858,4.24718,10.8006,1.12126,11.1401,-14.666,-14.666,-9.77732,-4.88866,-4.88866,-4.88866
19.8703,-13.5427,-11.2677,-8.60951,-4.68087,-4.93488,-5.38227,12.3218,0.525474,3.99761,11.8352,0.0527913,11.5372,-14.6898,-14.6898,-9.79318,-4.89659,-4.89659,-4.89659
19.8753,-13.5788,-11.3162,-8.63798,-4.70545,-4.8169,-5.47905,11.2893,1.39206,3.69134,10.5845,1.61723,12.2156,-14.7132,-14.7132,-9.80877,-4.90439,-4.90439,-4.90439
19.8804,-13.5914,-11.3587,-8.66416,-4.71706,-4.78822,-5.55158,11.4304,0.130472,3.88427,10.9895,1.79046,11.1965,-14.7361,-14.7361,-9.82405,-4.91202,-4.91202,-4.91202
19.8854,-13.6191,-11.3964,-8.69414,-4.7224,-4.8112,-5.50354,11.8775,1.09372,4.06374,10.1853,2.21165,9.91205,-14.7576,-14.7576,-9.83841,-4.91921,-4.91921,-4.91921
19.8902,-13.6718,-11.4517,-8.72408,-4.68929,-4.91326,-5.42988,12.3819,2.23245,4.08532,9.47154,3.4437,10.9371,-14.7774,-14.7774,-9.85163,-4.92582,-4.92582,-4.92582
19.8953,-13.728,-11.5143,-8.76207,-4.647,-5.04927,-5.38603,12.2878,1.4962,4.55229,10.505,2.68865,10.5547,-14.7976,-14.7976,-9.86507,-4.93253,-4.93253,-4.93253
19.9003,-13.7767,-11.5668,-8.80453,-4.66326,-5.09971,-5.32052,12.3066,1.51503,4.56484,10.5112,2.69493,10.5609,-14.8164,-14.8164,-9.87762,-4.93881,-4.93881,-4.93881
19.9053,-13.8479,-11.6319,-8.84837,-4.68784,-5.17587,-5.24364,13.2662,2.12785,4.21312,10.3433,3.1977,10.244,-14.8343,-14.8343,-9.88956,-4.94478,-4.94478,-4.94478
19.9103,-13.9074,-11.6968,-8.88227,-4.70757,-5.20074,-5.21734,12.2273,2.01085,4.22446,10.3407,1.77093,11.1687,-14.8513,-14.8513,-9.9009,-4.95045,-4.95045,-4.95045
19.9154,-13.9609,-11.773,-8.91881,-4.71007,-5.33737,-5.22262,13.1814,3.46145,4.64085,9.6838,5.72596,10.4704,-14.8677,-14.8677,-9.91183,-4.95592,-4.95592,-4.95592
19.9202,-14.0144,-11.8452,-8.94754,-4.67811,-5.58543,-5.18549,12.5538,2.36491,3.8271,8.54601,3.96717,10.1441,-14.8823,-14.8823,-9.92154,-4.96077,-4.96077,-4.96077
19.9252,-14.0408,-11.8982,-8.95822,-4.63852,-5.67434,-5.13931,12.568,2.37918,3.83661,8.55077,3.97193,10.1488,-14.8966,-14.8966,-9.93105,-4.96553,-4.96553,-4.96553
19.9302,-14.0663,-11.9507,-8.98932,-4.61599,-5.74076,-5.14047,12.6681,1.90793,5.12877,9.03546,3.78594,10.8405,-14.9099,-14.9099,-9.93995,-4.96998,-4.96998,-4.96998
19.9352,-14.0908,-12.008,-9.03082,-4.61578,-5.73631,-5.19169,12.716,2.63346,4.49543,8.98164,2.8296,10.7453,-14.9224,-14.9224,-9.94824,-4.97412,-4.97412,-4.97412
19.9402,-14.0501,-12.0558,-9.04459,-4.73918,-5.60132,-5.38611,10.1547,1.97917,3.6044,14.2019,1.11948,13.7382,-14.9339,-14.9339,-9.95591,-4.97796,-4.97796,-4.97796
19.9453,-13.8621,-12.1022,-9.04239,-5.02315,-5.37444,-5.59274,6.91494,2.62036,3.41096,16.201,0.535195,11.6056,-14.9447,-14.9447,-9.96311,-4.98155,-4.98155,-4.98155
19.9505,-13.6656,-12.1582,-9.06886,-5.17695,-5.32267,-5.63346,9.2732,1.95268,4.91199,11.4019,4.32249,10.6815,-14.9547,-14.9547,-9.96979,-4.98489,-4.98489,-4.98489
19.9552,-13.6325,-12.2082,-9.10244,-5.15462,-5.36383,-5.65185,11.8463,2.38637,3.90171,10.7422,1.67562,11.7275,-14.9629,-14.9629,-9.97525,-4.98762,-4.98762,-4.98762
19.9603,-13.6778,-12.2675,-9.1239,-5.07101,-5.35768,-5.6909,12.0868,2.55194,3.76908,10.0494,3.22664,11.0595,-14.9708,-14.9708,-9.98056,-4.99028,-4.99028,-4.99028
19.9653,-13.7097,-12.3237,-9.14657,-5.00753,-5.39696,-5.66252,11.1283,1.81812,3.67335,11.6828,2.40921,10.4822,-14.9777,-14.9777,-9.98515,-4.99257,-4.99257,-4.99257
19.9702,-13.7344,-12.3616,-9.16127,-4.97037,-5.38976,-5.5256,11.9182,1.22907,3.40137,11.0969,2.25384,8.9772,-14.9836,-14.9836,-9.98905,-4.99452,-4.99452,-4.99452
19.9752,-13.7606,-12.4068,-9.18046,-4.94018,-5.40055,-5.47634,11.0486,2.54612,3.96903,11.5622,2.63641,12.1915,-14.9886,-14.9886,-9.99241,-4.99621,-4.99621,-4.99621
19.9801,-13.7219,-12.459,-9.19514,-4.89143,-5.35545,-5.4553,9.81551,2.40827,3.36354,10.3796,1.13908,9.8248,-14.9927,-14.9927,-9.99511,-4.99756,-4.99756,-4.99756
19.9853,-13.6967,-12.5289,-9.2067,-4.85741,-5.26809,-5.35606,11.3988,4.4053,3.91961,11.3908,1.39687,10.5794,-14.996,-14.996,-9.99733,-4.99867,-4.99867,-4.99867
19.9903,-13.7107,-12.6005,-9.22328,-4.8556,-5.21273,-5.36552,11.3774,2.80786,3.61807,11.582,1.91098,11.4661,-14.9983,-14.9983,-9.99884,-4.99942,-4.99942,-4.99942
19.9954,-13.7279,-12.657,-9.23748,-4.85532,-5.14647,-5.39111,11.4418,2.99441,3.76736,11.2181,1.14967,10.978,-14.9996,-14.9996,-9.99974,-4.99987,-4.99987,-4.99987
20.0006,-13.7564,-12.7174,-9.26203,-4.87651,-5.03689,-5.39735,12.0095,2.74659,4.11038,12.4189,0.851718,11.0527,-15,-15,-10,-5,-5,-5
20.0052,-13.7816,-12.7759,-9.28829,-4.88265,-4.98461,-5.37341,11.1974,3.1086,3.75057,10.8041,1.98591,10.208,-14.9995,-14.9995,-9.99967,-4.99983,-4.99983,-4.99983
20.0104,-13.7777,-12.8328,-9.31703,-4.83877,-4.96304,-5.35614,10.8807,2.3545,4.32014,10.2489,1.20709,11.0189,-14.998,-14.998,-9.99867,-4.99933,-4.99933,-4.99933
20.0152,-13.7784,-12.8844,-9.35158,-4.83843,-4.97312,-5.37598,11.4852,3.16392,4.51717,12.2187,2.39865,10.8691,-14.9957,-14.9957,-9.99715,-4.99857,-4.99857,-4.99857
20.0202,-13.7929,-12.942,-9.38547,-4.82429,-5.04706,-5.33582,11.3479,2.92815,4.23911,9.69224,2.41412,9.7916,-14.9924,-14.9924,-9.99497,-4.99748,-4.99748,-4.99748
20.0253,-13.7928,-12.9941,-9.40984,-4.816,-5.1445,-5.29933,11.1467,2.83326,3.98962,11.9016,3.15789,10.6347,-14.9882,-14.9882,-9.9921,-4.99605,-4.99605,-4.99605
20.0304,-13.7639,-13.039,-9.43215,-4.82778,-5.16466,-5.34214,10.4086,2.3355,4.1157,10.8069,1.28486,11.4775,-14.9829,-14.9829,-9.9886,-4.9943,-4.9943,-4.9943
20.0357,-13.7341,-13.0835,-9.45121,-4.8266,-5.15794,-5.39581,11.0167,2.90032,3.84804,11.434,2.4833,10.5894,-14.9764,-14.9764,-9.98428,-4.99214,-4.99214,-4.99214
20.0403,-13.7339,-13.1322,-9.46514,-4.83474,-5.1528,-5.34903,11.4437,3.62666,3.96286,11.3325,1.10667,9.67647,-14.97,-14.97,-9.97997,-4.98999,-4.98999,-4.98999
20.0452,-13.7136,-13.1842,-9.47732,-4.86624,-5.0951,-5.32765,10.3169,3.31561,3.84484,12.398,1.43528,11.1063,-14.9622,-14.9622,-9.97481,-4.9874,-4.9874,-4.9874
20.0502,-13.6889,-13.2208,-9.48855,-4.90189,-5.09882,-5.3419,10.9385,2.18389,3.89957,11.6499,2.13614,10.8053,-14.9534,-14.9534,-9.96893,-4.98446,-4.98446,-4.98446
20.0553,-13.6482,-13.239,-9.4916,-4.90701,-5.2017,-5.28952,9.93964,1.97294,3.44359,10.8765,3.45763,9.50203,-14.9434,-14.9434,-9.9623,-4.98115,-4.98115,-4.98115
20.0603,-13.6185,-13.2652,-9.5062,-4.85467,-5.23059,-5.20588,10.8824,2.47846,4.38324,9.70547,0.721668,10.4093,-14.9328,-14.9328,-9.95518,-4.97759,-4.97759,-4.97759
20.0652,-13.6044,-13.2804,-9.51749,-4.79357,-5.2381,-5.23621,10.7765,2.1046,3.9911,10.2978,3.49168,11.6475,-14.9214,-14.9214,-9.9476,-4.9738,-4.9738,-4.9738
20.0702,-13.6163,-13.3075,-9.53827,-4.76656,-5.3253,-5.30565,11.489,2.423,4.27745,11.3038,1.78183,11.1714,-14.9089,-14.9089,-9.93926,-4.96963,-4.96963,-4.96963
20.0752,-13.631,-13.3213,-9.54846,-4.77572,-5.27196,-5.34167,11.4756,2.40957,4.2685,11.2994,1.77736,11.1669,-14.8955,-14.8955,-9.93031,-4.96516,-4.96516,-4.96516
20.0802,-13.6185,-13.3629,-9.57227,-4.7676,-5.23856,-5.3685,10.1728,3.81763,4.4554,10.9551,1.09362,10.9965,-14.8811,-14.8811,-9.92075,-4.96038,-4.96038,-4.96038
20.0852,-13.5669,-13.403,-9.58605,-4.76593,-5.12144,-5.38623,10.1576,3.80237,4.44523,10.95,1.08853,10.9914,-14.8659,-14.8659,-9.91058,-4.95529,-4.95529,-4.95529
20.0904,-13.5465,-13.4388,-9.59572,-4.7781,-5.11027,-5.37837,11.2163,2.29222,3.43289,11.7062,2.41599,10.3814,-14.849,-14.849,-9.89935,-4.94967,-4.94967,-4.94967
20.0953,-13.5689,-13.4736,-9.60624,-4.77262,-5.15043,-5.32698,11.696,3.00834,3.90031,11.0133,1.32572,9.88724,-14.8322,-14.8322,-9.88816,-4.94408,-4.94408,-4.94408
20.1003,-13.5941,-13.4994,-9.61029,-4.76229,-5.07448,-5.25626,11.678,2.99032,3.8883,11.0073,1.31971,9.88123,-14.8142,-14.8142,-9.87615,-4.93807,-4.93807,-4.93807
20.1054,-13.5954,-13.5381,-9.62758,-4.74812,-5.03841,-5.27855,10.4688,3.04979,4.07605,11.1085,1.26359,11.4397,-14.7949,-14.7949,-9.86326,-4.93163,-4.93163,-4.93163
20.1103,-13.5431,-13.5817,-9.65028,-4.74616,-4.98146,-5.27758,9.74798,3.32972,4.21564,11.4498,0.611261,9.42118,-14.7754,-14.7754,-9.85028,-4.92514,-4.92514,-4.92514
20.1153,-13.4759,-13.6072,-9.65882,-4.7466,-4.85515,-5.17959,9.72722,3.30896,4.2018,11.4429,0.604339,9.41426,-14.7547,-14.7547,-9.83644,-4.91822,-4.91822,-4.91822
20.1204,-13.4432,-13.6443,-9.67394,-4.71477,-4.85101,-5.21386,10.5404,3.57444,4.11599,10.8228,1.88037,11.7915,-14.7325,-14.7325,-9.82169,-4.91085,-4.91085,-4.91085
20.1252,-13.415,-13.6856,-9.68533,-4.67936,-4.906,-5.26267,10.2902,4.22256,4.16842,11.1302,2.17122,10.2359,-14.7109,-14.7109,-9.80724,-4.90362,-4.90362,-4.90362
20.1305,-13.4085,-13.7343,-9.70883,-4.64384,-4.93104,-5.13425,11.2187,2.79895,4.16017,10.3601,1.23556,8.57992,-14.6859,-14.6859,-9.79063,-4.89532,-4.89532,-4.89532
20.1354,-13.393,-13.7611,-9.7236,-4.60406,-4.85271,-4.98769,10.0956,3.27151,4.25708,11.619,-0.0806625,9.46618,-14.662,-14.662,-9.77468,-4.88734,-4.88734,-4.88734
20.1402,-13.3693,-13.7832,-9.73773,-4.60409,-4.78324,-4.90657,10.5086,2.21882,3.88976,11.6937,1.06216,9.25108,-14.6377,-14.6377,-9.75848,-4.87924,-4.87924,-4.87924
20.1452,-13.2944,-13.7836,-9.72993,-4.65005,-4.62907,-5.00887,8.57152,1.58984,2.88582,13.5231,-1.65413,13.2664,-14.6115,-14.6115,-9.74102,-4.87051,-4.87051,-4.87051
20.1503,-13.2069,-13.7876,-9.72564,-4.76605,-4.52677,-5.21188,9.324,2.496,3.996,14.6565,1.47478,11.3363,-14.5839,-14.5839,-9.7226,-4.8613,-4.8613,-4.8613
20.1553,-13.1745,-13.8167,-9.74242,-4.77473,-4.55129,-5.27336,10.3559,3.55149,4.14662,10.6562,0.173764,11.1779,-14.5559,-14.5559,-9.70393,-4.85196,-4.85196,-4.85196
20.1605,-13.1872,-13.8502,-9.76005,-4.67156,-4.64407,-5.27792,10.771,3.06831,4.13075,10.0997,2.11782,10.2653,-14.5258,-14.5258,-9.68388,-4.84194,-4.84194,-4.84194
20.1653,-13.1982,-13.8705,-9.76438,-4.62281,-4.7454,-5.20583,10.7424,2.94119,3.46376,12.1768,1.52868,9.61824,-14.4972,-14.4972,-9.66479,-4.8324,-4.8324,-4.8324
20.1703,-13.1853,-13.893,-9.7706,-4.61262,-4.84019,-5.15241,9.53361,2.73319,3.88638,12.0175,1.79996,10.3615,-14.4665,-14.4665,-9.64433,-4.82216,-4.82216,-4.82216
20.1754,-13.1533,-13.9128,-9.77742,-4.59444,-4.93423,-5.13564,10.0057,3.31167,3.97775,11.4603,1.65674,10.3259,-14.4343,-14.4343,-9.62284,-4.81142,-4.81142,-4.81142
20.1802,-13.1449,-13.9287,-9.77649,-4.5395,-4.96576,-5.09937,10.6955,2.70519,3.39685,10.3321,1.09159,9.68623,-14.4031,-14.4031,-9.60206,-4.80103,-4.80103,-4.80103
20.1854,-13.1202,-13.941,-9.7704,-4.50855,-4.9637,-5.08457,9.59705,3.17489,3.78754,11.8689,1.20422,10.4695,-14.3684,-14.3684,-9.57893,-4.78946,-4.78946,-4.78946
20.1902,-13.0894,-13.9405,-9.75698,-4.50533,-4.91845,-5.15251,10.6122,1.69601,2.88991,11.3197,0.414943,11.3528,-14.3355,-14.3355,-9.55701,-4.7785,-4.7785,-4.7785
20.1952,-13.0578,-13.9294,-9.74709,-4.49556,-4.8695,-5.22599,9.71029,2.24399,4.11422,10.9188,1.30576,10.5959,-14.3004,-14.3004,-9.53359,-4.7668,-4.7668,-4.7668
20.2002,-13.0211,-13.935,-9.74119,-4.48342,-4.86473,-5.22548,10.151,3.56339,3.34618,10.9896,1.02052,9.88012,-14.2644,-14.2644,-9.50959,-4.7548,-4.7548,-4.7548
20.2052,-12.9832,-13.9602,-9.73891,-4.52033,-4.8116,-5.20099,9.58225,3.80621,4.0531,13.0473,0.0808636,10.2984,-14.2275,-14.2275,-9.48501,-4.7425,-4.7425,-4.7425
20.2102,-12.9473,-14.0016,-9.74569,-4.55487,-4.69373,-5.1767,10.3995,4.92287,3.89417,11.8424,-0.0807622,9.996,-14.1898,-14.1898,-9.45984,-4.72992,-4.72992,-4.72992
20.2152,-12.9342,-14.0529,-9.74557,-4.53866,-4.65593,-5.09362,10.3175,4.42326,3.20588,10.8939,1.16492,8.86532,-14.1511,-14.1511,-9.43408,-4.71704,-4.71704,-4.71704
20.2202,-12.9233,-14.075,-9.73589,-4.50838,-4.67221,-5.06213,10.1322,3.11111,3.69159,11.7833,0.522472,10.6241,-14.1116,-14.1116,-9.40774,-4.70387,-4.70387,-4.70387
20.2252,-12.9068,-14.088,-9.73384,-4.52038,-4.69025,-5.1524,10.1746,4.00844,4.07641,12.0762,1.18797,11.0826,-14.0712,-14.0712,-9.38083,-4.69041,-4.69041,-4.69041
20.2302,-12.884,-14.0998,-9.73027,-4.5497,-4.68036,-5.25812,10.1333,3.96719,4.04891,12.0624,1.17422,11.0688,-14.03,-14.03,-9.35333,-4.67666,-4.67666,-4.67666
20.2352,-12.8569,-14.13,-9.74166,-4.55865,-4.66278,-5.25935,9.55932,4.10636,4.11907,11.5267,0.133468,9.15867,-13.9879,-13.9879,-9.32526,-4.66263,-4.66263,-4.66263
20.2403,-12.8156,-14.1785,-9.76664,-4.52062,-4.63808,-5.21635,9.61792,4.63382,4.40752,10.7752,0.466615,10.3778,-13.944,-13.944,-9.29603,-4.64801,-4.64801,-4.64801
20.2452,-12.7746,-14.2024,-9.77325,-4.47779,-4.55726,-5.22712,9.57496,4.59086,4.37888,10.7609,0.452293,10.3635,-13.9011,-13.9011,-9.26739,-4.63369,-4.63369,-4.63369
20.2502,-12.7451,-14.2226,-9.77992,-4.49052,-4.56817,-5.23972,9.77849,3.11599,3.74507,13.3294,1.35648,10.4065,-13.8564,-13.8564,-9.23759,-4.6188,-4.6188,-4.6188
20.2553,-12.7117,-14.2222,-9.77654,-4.51142,-4.58757,-5.20728,9.59412,3.16402,3.99625,11.4177,0.802788,9.71207,-13.8099,-13.8099,-9.20662,-4.60331,-4.60331,-4.60331
20.2604,-12.6626,-14.231,-9.77087,-4.50835,-4.50411,-5.18536,9.12913,4.21201,3.76404,12.0892,-0.968355,10.6568,-13.7626,-13.7626,-9.17505,-4.58752,-4.58752,-4.58752
20.2655,-12.6143,-14.2447,-9.75972,-4.50806,-4.49085,-5.14743,9.34094,3.54914,3.44555,11.684,1.77281,9.64709,-13.7143,-13.7143,-9.14289,-4.57145,-4.57145,-4.57145
20.2702,-12.5956,-14.2524,-9.7502,-4.48111,-4.53116,-5.09512,10.2728,3.77577,3.84385,11.0148,-0.17151,9.78933,-13.6691,-13.6691,-9.11274,-4.55637,-4.55637,-4.55637
20.2752,-12.5673,-14.2684,-9.74752,-4.45204,-4.46954,-5.10224,8.62819,4.29419,3.9429,11.4207,-0.643222,10.6838,-13.6202,-13.6202,-9.08012,-4.54006,-4.54006,-4.54006
20.2804,-12.4842,-14.2837,-9.74948,-4.45768,-4.39276,-5.06287,8.90343,4.02571,4.34936,12.0162,0.449037,8.60484,-13.5684,-13.5684,-9.04559,-4.5228,-4.5228,-4.5228
20.2854,-12.4232,-14.2843,-9.759,-4.4375,-4.40684,-4.966,8.56122,3.24224,4.7545,11.0057,0.390755,9.38283,-13.5177,-13.5177,-9.01183,-4.50591,-4.50591,-4.50591
20.2904,-12.3748,-14.2802,-9.75475,-4.45639,-4.42412,-4.96485,9.4711,3.80144,3.36586,13.5388,0.696515,10.1854,-13.4663,-13.4663,-8.97751,-4.48875,-4.48875,-4.48875
20.2953,-12.3671,-14.2766,-9.73847,-4.49365,-4.44985,-4.95803,10.003,3.34441,3.86046,11.9568,0.44759,9.29063,-13.415,-13.415,-8.94334,-4.47167,-4.47167,-4.47167
20.3004,-12.3392,-14.2696,-9.71743,-4.47616,-4.4001,-4.99216,9.24352,3.51082,3.10537,11.5992,-0.580635,11.2846,-13.3608,-13.3608,-8.90721,-4.45361,-4.45361,-4.45361
20.3053,-12.3061,-14.2734,-9.69758,-4.46869,-4.36175,-4.99679,9.5216,4.48234,3.87059,11.6727,0.395341,8.76642,-13.3079,-13.3079,-8.87196,-4.43598,-4.43598,-4.43598
20.3104,-12.291,-14.2758,-9.67899,-4.454,-4.31636,-4.90111,10.4192,4.12309,3.71212,11.8362,-0.227723,9.27772,-13.2521,-13.2521,-8.83471,-4.41736,-4.41736,-4.41736
20.3156,-12.2868,-14.2917,-9.67272,-4.4614,-4.30901,-4.87544,9.10845,4.30559,3.76552,12.2144,0.216677,10.0616,-13.1942,-13.1942,-8.79615,-4.39808,-4.39808,-4.39808
20.3203,-12.2435,-14.3079,-9.67577,-4.39872,-4.35578,-4.83256,9.42577,3.94129,4.26939,9.52228,0.728918,8.6032,-13.1412,-13.1412,-8.7608,-4.3804,-4.3804,-4.3804
20.3252,-12.219,-14.2972,-9.66954,-4.34326,-4.41484,-4.7814,9.38154,2.79384,3.67607,11.5239,0.586032,9.71059,-13.0851,-13.0851,-8.72342,-4.36171,-4.36171,-4.36171
20.3302,-12.1612,-14.2768,-9.64545,-4.36991,-4.46577,-4.76227,8.8862,3.48446,3.24867,13.2351,1.0221,9.44286,-13.0271,-13.0271,-8.68476,-4.34238,-4.34238,-4.34238
20.3354,-12.1172,-14.2627,-9.62139,-4.41394,-4.43897,-4.74633,9.57363,3.19871,3.52766,12.3784,-1.06001,9.68743,-12.966,-12.966,-8.64398,-4.32199,-4.32199,-4.32199
20.3404,-12.0604,-14.2437,-9.58497,-4.38277,-4.33401,-4.72042,8.56051,3.66309,2.69997,10.5618,-0.19393,9.07139,-12.9063,-12.9063,-8.60422,-4.30211,-4.30211,-4.30211
20.3452,-12.0187,-14.2361,-9.55782,-4.33826,-4.34386,-4.69241,9.42053,3.37263,3.50148,11.6768,-0.0228228,9.33358,-12.8483,-12.8483,-8.56555,-4.28278,-4.28278,-4.28278
20.3503,-11.9534,-14.2174,-9.53129,-4.35154,-4.30708,-4.63226,8.36523,3.66875,3.46405,12.5999,-0.275471,8.35229,-12.7859,-12.7859,-8.52394,-4.26197,-4.26197,-4.26197
20.3552,-11.8922,-14.2114,-9.51874,-4.37651,-4.31348,-4.64431,8.85608,3.15096,3.54059,12.2319,0.25076,10.5842,-12.7252,-12.7252,-8.48344,-4.24172,-4.24172,-4.24172
20.3604,-11.8199,-14.1868,-9.50582,-4.34154,-4.31019,-4.73398,7.95157,2.72713,3.94432,10.3306,-0.209845,10.0077,-12.6599,-12.6599,-8.43991,-4.21996,-4.21996,-4.21996
20.3654,-11.7429,-14.1527,-9.49044,-4.30089,-4.2908,-4.81493,8.06923,2.71477,3.65532,11.3527,-0.247597,10.4916,-12.5963,-12.5963,-8.39753,-4.19876,-4.19876,-4.19876
20.3706,-11.6803,-14.097,-9.45011,-4.31873,-4.20876,-4.8331,8.93606,2.23804,2.9607,12.7959,-0.551432,9.15273,-12.5293,-12.5293,-8.3529,-4.17645,-4.17645,-4.17645
20.3755,-11.6487,-14.0592,-9.42082,-4.32642,-4.16029,-4.73924,8.40336,2.6549,3.4051,11.6072,-0.903915,7.87289,-12.4655,-12.4655,-8.31033,-4.15517,-4.15517,-4.15517
20.3803,-11.6194,-14.0295,-9.39413,-4.30766,-4.08429,-4.65467,9.45511,3.40721,3.40891,11.4867,-0.966402,9.20972,-12.4022,-12.4022,-8.26816,-4.13408,-4.13408,-4.13408
20.3853,-11.6087,-13.9985,-9.36256,-4.29423,-3.9628,-4.64136,9.38847,3.34057,3.36447,11.4645,-0.988618,9.1875,-12.3356,-12.3356,-8.22372,-4.11186,-4.11186,-4.11186
20.3903,-11.5931,-14.0057,-9.35391,-4.29076,-3.97465,-4.66879,8.86402,4.40788,3.56616,12.0962,0.172953,9.93507,-12.2682,-12.2682,-8.17879,-4.08939,-4.08939,-4.08939
20.3952,-11.5448,-13.9979,-9.3297,-4.30042,-3.97311,-4.71535,8.79723,4.34109,3.52163,12.0739,0.150689,9.91281,-12.2014,-12.2014,-8.13426,-4.06713,-4.06713,-4.06713
20.4002,-11.5338,-14.0014,-9.31819,-4.25383,-3.98088,-4.64269,9.94184,3.96092,3.68051,10.1465,-0.658879,7.77844,-12.1325,-12.1325,-8.08832,-4.04416,-4.04416,-4.04416
20.4053,-11.5199,-13.9797,-9.30336,-4.15063,-3.97642,-4.54529,9.53589,2.94821,4.15147,9.57636,0.269638,9.27828,-12.0614,-12.0614,-8.04096,-4.02048,-4.02048,-4.02048
20.4105,-11.5063,-13.9559,-9.27471,-4.12101,-4.0521,-4.59007,10.2901,4.08455,2.81311,12.0277,1.19742,9.99906,-11.9882,-11.9882,-7.99213,-3.99606,-3.99606,-3.99606
20.4157,-11.4622,-13.9381,-9.26212,-4.12809,-4.06777,-4.5265,8.91187,3.36041,5.26548,10.5705,-0.541216,7.15918,-11.9142,-11.9142,-7.94277,-3.97138,-3.97138,-3.97138
20.4202,-11.4324,-13.9135,-9.26049,-4.06953,-4.11525,-4.41028,10.4192,3.23266,3.86801,8.58661,1.57345,8.34649,-11.8494,-11.8494,-7.89962,-3.94981,-3.94981,-3.94981
20.4254,-11.4044,-13.8792,-9.24825,-4.01157,-4.21795,-4.39964,9.7133,3.62994,4.9609,10.3748,1.34128,9.14932,-11.7739,-11.7739,-7.84928,-3.92464,-3.92464,-3.92464
20.4304,-11.3246,-13.8469,-9.23258,-4.0275,-4.26833,-4.37574,9.02924,3.529,3.89207,11.0375,1.12639,8.30515,-11.7006,-11.7006,-7.80037,-3.90019,-3.90019,-3.90019
20.4353,-11.2622,-13.8272,-9.19918,-4.0041,-4.38047,-4.26509,9.79587,4.96149,3.526,8.14019,2.68367,7.13003,-11.628,-11.628,-7.75198,-3.87599,-3.87599,-3.87599
20.4405,-11.065,-13.8116,-9.11614,-4.14691,-4.29808,-4.28048,4.27695,4.44637,0.573224,16.6593,-2.28542,10.6976,-11.5502,-11.5502,-7.70012,-3.85006,-3.85006,-3.85006
20.4453,-10.7219,-13.7966,-9.02137,-4.41703,-3.97401,-4.38202,2.63634,4.86638,1.77681,14.8135,-2.64078,8.80218,-11.4777,-11.4777,-7.6518,-3.8259,-3.8259,-3.8259
20.4502,-10.4745,-13.7837,-8.97467,-4.5573,-3.77478,-4.34554,6.80111,3.35755,3.35096,13.4472,-1.34087,7.92445,-11.403,-11.403,-7.60202,-3.80101,-3.80101,-3.80101
20.4554,-10.3752,-13.7609,-8.94786,-4.57783,-3.69687,-4.36873,7.11513,4.04193,3.10118,11.9136,-0.862451,10.1582,-11.323,-11.323,-7.5487,-3.77435,-3.77435,-3.77435
20.4603,-10.3229,-13.7491,-8.92637,-4.5306,-3.58079,-4.45783,7.20849,4.18651,3.49564,11.6564,-3.14824,9.5036,-11.247,-11.247,-7.49799,-3.749,-3.749,-3.749
20.4653,-10.2806,-13.7317,-8.90265,-4.48081,-3.34294,-4.49447,7.41387,3.36749,2.73912,11.9035,-3.24886,9.21254,-11.1687,-11.1687,-7.4458,-3.7229,-3.7229,-3.7229
20.4703,-10.2379,-13.7118,-8.87175,-4.42431,-3.15171,-4.44838,7.16153,4.29715,3.04594,11.5046,-2.35611,7.82001,-11.0897,-11.0897,-7.39314,-3.69657,-3.69657,-3.69657
20.4754,-10.1759,-13.7074,-8.84646,-4.37077,-3.0884,-4.45,6.65868,4.18436,2.76813,11.5272,-1.69596,10.012,-11.0084,-11.0084,-7.33896,-3.66948,-3.66948,-3.66948
20.4804,-10.1115,-13.6998,-8.81831,-4.27455,-3.02749,-4.44024,7.059,4.33646,2.9758,9.80301,-2.67495,7.99797,-10.9281,-10.9281,-7.28538,-3.64269,-3.64269,-3.64269
20.4854,-10.0387,-13.69,-8.80009,-4.18034,-2.97501,-4.36308,6.37514,4.0663,3.6073,11.0594,-1.65868,8.4512,-10.847,-10.847,-7.23136,-3.61568,-3.61568,-3.61568
20.4903,-9.99052,-13.6617,-8.77496,-4.15772,-2.95591,-4.24219,7.80015,3.29279,2.89348,12.6639,-1.87581,6.95895,-10.767,-10.767,-7.17798,-3.58899,-3.58899,-3.58899
20.4953,-9.97516,-13.634,-8.74327,-4.16968,-2.98577,-4.19273,7.16226,2.83614,2.11962,12.7358,-1.41474,9.5397,-10.6846,-10.6846,-7.12308,-3.56154,-3.56154,-3.56154
20.5007,-9.91824,-13.5742,-8.6875,-4.16344,-2.9998,-4.17117,6.76525,1.88359,2.17269,11.8862,-1.70132,7.74616,-10.5949,-10.5949,-7.06329,-3.53164,-3.53164,-3.53164
20.5053,-9.88118,-13.5085,-8.64566,-4.15571,-3.04853,-4.08241,7.27531,1.85387,2.98035,11.8936,-0.749942,7.87782,-10.5179,-10.5179,-7.01196,-3.50598,-3.50598,-3.50598
20.5103,-9.83777,-13.4485,-8.61363,-4.12806,-3.05273,-4.07775,7.02157,2.61665,3.04326,11.3273,-2.56653,8.93439,-10.4336,-10.4336,-6.95574,-3.47787,-3.47787,-3.47787
20.5154,-9.78075,-13.3988,-8.57955,-4.11428,-3.07675,-4.09077,6.73003,2.93975,2.835,11.8532,-0.401218,7.96986,-10.3469,-10.3469,-6.89796,-3.44898,-3.44898,-3.44898
20.5202,-9.72139,-13.361,-8.54701,-4.09228,-3.15387,-4.07152,7.21521,3.06639,2.68826,11.6519,-1.12413,8.50551,-10.2648,-10.2648,-6.84318,-3.42159,-3.42159,-3.42159
20.5252,-9.66249,-13.3138,-8.50496,-4.0615,-3.16182,-4.07277,7.12899,2.98017,2.63078,11.6232,-1.15287,8.47677,-10.1786,-10.1786,-6.7857,-3.39285,-3.39285,-3.39285
20.5302,-9.61615,-13.3003,-8.48637,-4.04664,-3.2318,-3.98982,6.78998,3.63404,2.94908,12.0165,-1.21494,6.94086,-10.0917,-10.0917,-6.7278,-3.3639,-3.3639,-3.3639
20.5352,-9.54138,-13.2593,-8.44672,-4.03655,-3.2201,-3.83904,6.70251,3.54657,2.89077,11.9873,-1.2441,6.9117,-10.0042,-10.0042,-6.66949,-3.33474,-3.33474,-3.33474
20.5402,-9.43055,-13.2232,-8.39028,-4.02395,-3.18808,-3.73366,5.0857,3.45454,1.26036,11.8586,-1.93586,7.61098,-9.91614,-9.91614,-6.61076,-3.30538,-3.30538,-3.30538
20.5455,-9.30263,-13.198,-8.34085,-4.01905,-3.12021,-3.72051,5.44476,3.27776,2.64186,11.9184,-2.73725,8.46559,-9.8221,-9.8221,-6.54807,-3.27403,-3.27403,-3.27403
20.5504,-9.18762,-13.1526,-8.2997,-3.98284,-2.98884,-3.76198,5.35721,3.19021,2.58349,11.8892,-2.76643,8.43641,-9.73455,-9.73455,-6.4897,-3.24485,-3.24485,-3.24485
20.5552,-9.10643,-13.1248,-8.26158,-3.91655,-2.95054,-3.79588,5.85795,3.42697,1.81952,10.8254,-1.99204,8.37452,-9.64823,-9.64823,-6.43215,-3.21608,-3.21608,-3.21608
20.5603,-9.00768,-13.0884,-8.20921,-3.85787,-2.82065,-3.75914,5.66713,3.28343,2.08193,12.4589,-3.9355,7.11002,-9.55591,-9.55591,-6.37061,-3.1853,-3.1853,-3.1853
20.5652,-8.90362,-13.0684,-8.18013,-3.8367,-2.70171,-3.74601,4.97898,3.80486,2.67449,12.396,-2.53281,8.59551,-9.46664,-9.46664,-6.31109,-3.15555,-3.15555,-3.15555
20.5702,-8.8116,-13.0483,-8.14864,-3.8217,-2.69304,-3.81938,5.9905,3.93776,2.28733,12.2744,-1.95065,8.77195,-9.37496,-9.37496,-6.24997,-3.12499,-3.12499,-3.12499
20.5752,-8.71061,-13.0259,-8.10385,-3.81175,-2.7138,-3.90069,4.71231,3.79035,1.64063,12.0118,-1.97312,8.74948,-9.28271,-9.28271,-6.18847,-3.09424,-3.09424,-3.09424
20.5803,-8.60481,-12.9905,-8.04259,-3.80109,-2.67177,-3.89472,5.87842,3.56564,1.51063,12.5102,-2.76645,7.15299,-9.18802,-9.18802,-6.12535,-3.06267,-3.06267,-3.06267
20.5854,-8.51184,-12.954,-7.98712,-3.79149,-2.58169,-3.90042,4.02984,3.48612,1.7209,11.4848,-3.57653,8.98423,-9.09274,-9.09274,-6.06183,-3.03091,-3.03091,-3.03091
20.5902,-8.40268,-12.9207,-7.93715,-3.76859,-2.51139,-3.86806,5.40137,4.12087,1.85095,12.3407,-2.43912,6.3708,-9.00253,-9.00253,-6.00169,-3.00084,-3.00084,-3.00084
20.5953,-8.31383,-12.8906,-7.89255,-3.76221,-2.53318,-3.7816,4.43029,4.51697,2.27574,11.9194,-2.14005,7.88703,-8.90613,-8.90613,-5.93742,-2.96871,-2.96871,-2.96871
20.6003,-8.22743,-12.8569,-7.8522,-3.71591,-2.5849,-3.68857,5.6039,4.73316,2.35448,11.2005,-1.5673,6.22418,-8.81106,-8.81106,-5.87404,-2.93702,-2.93702,-2.93702
20.6053,-8.1685,-12.8337,-7.81241,-3.69581,-2.59966,-3.61713,4.55087,6.04807,1.96261,12.2698,-3.27173,8.17951,-8.71545,-8.71545,-5.8103,-2.90515,-2.90515,-2.90515
20.6105,-8.09297,-12.8175,-7.76424,-3.68088,-2.58401,-3.51112,5.33342,6.95276,2.08404,11.1684,-1.91403,5.19021,-8.61544,-8.61544,-5.74363,-2.87181,-2.87181,-2.87181
20.6153,-8.03126,-12.8162,-7.72908,-3.63534,-2.55865,-3.40523,5.31545,8.61323,2.66378,11.0795,-3.23665,7.76747,-8.52261,-8.52261,-5.68174,-2.84087,-2.84087,-2.84087
20.6202,-7.94373,-12.8312,-7.69639,-3.5759,-2.49607,-3.39762,4.65283,9.79059,2.39128,10.6668,-2.59772,7.2886,-8.42735,-8.42735,-5.61824,-2.80912,-2.80912,-2.80912
20.6254,-7.84382,-12.8553,-7.65408,-3.55524,-2.47043,-3.43194,4.60636,10.7725,2.03928,12.3469,-2.70612,8.43876,-8.32572,-8.32572,-5.55048,-2.77524,-2.77524,-2.77524
20.6302,-7.74587,-12.882,-7.61952,-3.52844,-2.47288,-3.45155,4.33868,11.1273,2.50517,10.999,-2.43948,7.08252,-8.2314,-8.2314,-5.4876,-2.7438,-2.7438,-2.7438
20.6352,-7.58853,-12.8987,-7.58784,-3.48195,-2.47461,-3.47178,2.2266,12.2106,2.75494,11.645,-2.63799,8.56485,-8.13266,-8.13266,-5.42178,-2.71089,-2.71089,-2.71089
20.6401,-7.38425,-12.8844,-7.55132,-3.4306,-2.44133,-3.55487,2.12935,12.1133,2.6901,11.6126,-2.67041,8.53243,-8.03541,-8.03541,-5.35694,-2.67847,-2.67847,-2.67847
20.6452,-7.17742,-12.8298,-7.51158,-3.3719,-2.39914,-3.62766,2.02763,12.0116,2.62228,11.5787,-2.70432,8.49852,-7.93369,-7.93369,-5.28912,-2.64456,-2.64456,-2.64456
20.6505,-7.0055,-12.7545,-7.48169,-3.36414,-2.40564,-3.59185,2.62269,11.929,2.46576,12.8597,-2.4251,6.7657,-7.82743,-7.82743,-5.21829,-2.60914,-2.60914,-2.60914
20.6552,-6.91693,-12.6696,-7.45413,-3.30657,-2.39664,-3.46445,4.12765,12.3544,2.30023,10.4767,-3.4751,6.3781,-7.73275,-7.73275,-5.15517,-2.57758,-2.57758,-2.57758
20.6602,-6.88188,-12.5764,-7.43702,-3.17507,-2.35145,-3.36863,4.29832,12.1113,2.7281,9.65637,-3.59163,7.25517,-7.63156,-7.63156,-5.08771,-2.54385,-2.54385,-2.54385
20.6652,-6.84908,-12.452,-7.40956,-3.03069,-2.29055,-3.32786,4.19667,12.0097,2.66033,9.62249,-3.62551,7.22129,-7.52991,-7.52991,-5.01994,-2.50997,-2.50997,-2.50997
20.6703,-6.83579,-12.3263,-7.37447,-2.93434,-2.24451,-3.2404,4.29738,12.0513,1.82803,10.333,-3.78443,6.34201,-7.42574,-7.42574,-4.95049,-2.47525,-2.47525,-2.47525
20.6752,-6.80319,-12.2076,-7.34399,-2.86828,-2.28086,-3.15175,4.15745,12.2187,2.87707,10.4485,-2.1371,6.73906,-7.32521,-7.32521,-4.88347,-2.44174,-2.44174,-2.44174
20.6802,-6.76624,-12.098,-7.3123,-2.80394,-2.36977,-3.12301,4.01502,13.2977,1.91595,9.81799,-2.65169,7.47475,-7.22218,-7.22218,-4.81478,-2.40739,-2.40739,-2.40739
20.6853,-6.7126,-11.9848,-7.25668,-2.77162,-2.3943,-3.123,3.96068,12.5853,1.49029,11.356,-2.96011,6.67781,-7.11662,-7.11662,-4.74442,-2.37221,-2.37221,-2.37221
20.6906,-6.63061,-11.8496,-7.19139,-2.80705,-2.29509,-3.13903,3.68503,11.8881,1.57986,12.7021,-4.52036,7.6678,-7.00645,-7.00645,-4.67097,-2.33548,-2.33548,-2.33548
20.6953,-6.53064,-11.7202,-7.13619,-2.85594,-2.19521,-3.18322,3.33082,11.2817,1.60641,12.7356,-3.20342,7.46122,-6.90834,-6.90834,-4.60556,-2.30278,-2.30278,-2.30278
20.7002,-6.4205,-11.5592,-7.07754,-2.88366,-2.10996,-3.19276,2.76716,9.83552,1.78667,11.8071,-4.08221,6.81427,-6.80566,-6.80566,-4.53711,-2.26855,-2.26855,-2.26855
20.7053,-6.3111,-11.3962,-7.02908,-2.85871,-2.11428,-3.14063,3.42028,11.4185,2.52814,10.9682,-1.83269,6.46387,-6.69836,-6.69836,-4.46557,-2.23279,-2.23279,-2.23279
20.7103,-6.19459,-11.2606,-6.98093,-2.84704,-2.17493,-3.04965,2.75518,11.9905,1.75758,12.2992,-2.85322,5.67518,-6.59274,-6.59274,-4.39516,-2.19758,-2.19758,-2.19758
20.7153,-6.08592,-11.1399,-6.93625,-2.87117,-2.16293,-2.93438,2.97224,12.0382,2.21358,11.262,-3.5758,6.0704,-6.48672,-6.48672,-4.32448,-2.16224,-2.16224,-2.16224
20.7205,-5.99026,-11.019,-6.8849,-2.84177,-2.14666,-2.86053,3.14523,12.3648,1.41038,10.5295,-2.98342,6.31502,-6.37603,-6.37603,-4.25069,-2.12534,-2.12534,-2.12534
20.7252,-5.90027,-10.9139,-6.83491,-2.82405,-2.14609,-2.7361,2.41442,12.0714,1.67156,11.4566,-3.59649,4.48479,-6.27562,-6.27562,-4.18374,-2.09187,-2.09187,-2.09187
20.7303,-5.78605,-10.8014,-6.78646,-2.82843,-2.14982,-2.6433,2.50207,12.0566,1.53388,12.0163,-3.04506,6.9489,-6.16627,-6.16627,-4.11085,-2.05542,-2.05542,-2.05542
20.7352,-5.66629,-10.6939,-6.73818,-2.83356,-2.09914,-2.62666,2.06568,12.3373,1.69767,11.5671,-4.30564,5.45648,-6.06084,-6.06084,-4.04056,-2.02028,-2.02028,-2.02028
20.7403,-5.53362,-10.5633,-6.67385,-2.81891,-1.97481,-2.57948,1.74675,10.9033,0.890674,11.2323,-4.3175,6.47134,-5.95073,-5.95073,-3.96715,-1.98358,-1.98358,-1.98358
20.7455,-5.40685,-10.4301,-6.60769,-2.8078,-1.79998,-2.58024,2.02809,11.9648,1.30462,11.8241,-5.28242,6.41722,-5.83807,-5.83807,-3.89204,-1.94602,-1.94602,-1.94602
20.7503,-5.27275,-10.3021,-6.5499,-2.79557,-1.67557,-2.55339,1.32092,10.7572,1.52766,11.3836,-3.83508,5.6124,-5.73372,-5.73372,-3.82248,-1.91124,-1.91124,-1.91124
20.7553,-5.17031,-10.1715,-6.49701,-2.77976,-1.67228,-2.53579,2.29538,12.3384,1.93567,11.0988,-3.27527,6.62761,-5.62468,-5.62468,-3.74979,-1.87489,-1.87489,-1.87489
20.7603,-5.07519,-10.0619,-6.44413,-2.75742,-1.64824,-2.55457,2.05992,12.363,1.31307,11.1617,-4.30533,6.37587,-5.5153,-5.5153,-3.67686,-1.83843,-1.83843,-1.83843
20.7655,-4.95116,-9.95335,-6.37874,-2.7711,-1.55005,-2.53336,1.04353,12.8911,1.20146,12.1835,-4.69113,5.86587,-5.40117,-5.40117,-3.60078,-1.80039,-1.80039,-1.80039
20.7706,-4.84396,-9.84966,-6.31899,-2.77159,-1.50339,-2.46743,1.76654,12.046,1.16214,10.9703,-3.88399,5.52209,-5.2889,-5.2889,-3.52593,-1.76297,-1.76297,-1.76297
20.7753,-4.76993,-9.73872,-6.26891,-2.75286,-1.49822,-2.47335,1.86764,11.5009,1.75967,11.1262,-3.95171,7.06897,-5.18512,-5.18512,-3.45675,-1.72837,-1.72837,-1.72837
20.7807,-4.69774,-9.59334,-6.20955,-2.77745,-1.42261,-2.4366,1.96477,10.9164,1.40616,12.4194,-5.10108,4.76868,-5.06555,-5.06555,-3.37703,-1.68852,-1.68852,-1.68852
20.7853,-4.63048,-9.46944,-6.15467,-2.81205,-1.32764,-2.32533,1.37406,11.0862,1.00993,11.1682,-4.65489,5.33079,-4.9634,-4.9634,-3.30893,-1.65447,-1.65447,-1.65447
20.7904,-4.52951,-9.3316,-6.09021,-2.78415,-1.17844,-2.28392,1.42992,10.8386,1.19757,10.9813,-6.22455,6.04641,-4.84984,-4.84984,-3.23323,-1.61661,-1.61661,-1.61661
20.7953,-4.3999,-9.20768,-6.02343,-2.75052,-1.09652,-2.17604,0.304009,11.5763,0.537349,11.4582,-3.71905,3.84887,-4.74045,-4.74045,-3.1603,-1.58015,-1.58015,-1.58015
20.8003,-4.27888,-9.09539,-5.94992,-2.73291,-1.14311,-2.03988,1.48835,11.5117,0.262098,12.0998,-4.17864,5.23572,-4.62853,-4.62853,-3.08569,-1.54284,-1.54284,-1.54284
20.8053,-4.17259,-8.98224,-5.88916,-2.77618,-1.12829,-2.0238,0.706349,11.1749,1.25111,13.1057,-4.96124,5.94352,-4.51633,-4.51633,-3.01089,-1.50544,-1.50544,-1.50544
20.8104,-4.04588,-8.86568,-5.83968,-2.80163,-1.08714,-2.05239,0.591616,11.0602,1.17462,13.0675,-4.99948,5.90528,-4.4016,-4.4016,-2.9344,-1.4672,-1.4672,-1.4672
20.8152,-3.93184,-8.76705,-5.78753,-2.79226,-1.05061,-2.06272,0.877373,12.2167,0.500536,10.9531,-4.29864,5.81124,-4.29335,-4.29335,-2.86224,-1.43112,-1.43112,-1.43112
20.8202,-3.82716,-8.67321,-5.73027,-2.71368,-1.11076,-2.06914,0.665861,11.556,0.732424,10.6091,-3.69875,5.56657,-4.18034,-4.18034,-2.78689,-1.39345,-1.39345,-1.39345
20.8254,-3.72017,-8.56854,-5.67193,-2.62792,-1.21106,-2.06571,0.548055,11.4382,0.653887,10.5698,-3.73802,5.5273,-4.06254,-4.06254,-2.70836,-1.35418,-1.35418,-1.35418
20.8305,-3.58601,-8.45712,-5.60719,-2.62982,-1.18843,-2.0836,-0.497589,11.0033,0.0876241,12.1955,-5.11798,6.12626,-3.94673,-3.94673,-2.63115,-1.31558,-1.31558,-1.31558
20.8352,-3.44221,-8.34863,-5.53744,-2.63773,-1.13177,-2.136,-0.604535,10.8963,0.0163269,12.1598,-5.15363,6.09061,-3.83979,-3.83979,-2.55986,-1.27993,-1.27993,-1.27993
20.8402,-3.29338,-8.21997,-5.4701,-2.63172,-1.03476,-2.18865,-0.399396,9.93128,0.644656,11.211,-5.60563,6.19337,-3.72578,-3.72578,-2.48386,-1.24193,-1.24193,-1.24193
20.8453,-3.16657,-8.08993,-5.40542,-2.57917,-0.983306,-2.15405,-0.523795,10.8431,0.171967,9.88881,-4.50183,4.53165,-3.60927,-3.60927,-2.40618,-1.20309,-1.20309,-1.20309
20.8502,-3.0642,-7.9701,-5.34068,-2.56959,-0.961682,-2.12148,0.226898,10.664,0.671939,12.8157,-5.14366,6.24962,-3.4971,-3.4971,-2.3314,-1.1657,-1.1657,-1.1657
20.8553,-2.98062,-7.84881,-5.28077,-2.61559,-0.935434,-2.1788,0.0705326,10.5903,0.405862,12.0149,-4.97565,6.27687,-3.38013,-3.38013,-2.25342,-1.12671,-1.12671,-1.12671
20.8603,-2.86967,-7.72716,-5.21459,-2.58768,-0.949112,-2.08939,-0.64717,11.1058,0.565443,10.3869,-3.87958,3.43166,-3.26525,-3.26525,-2.17683,-1.08842,-1.08842,-1.08842
20.8652,-2.7619,-7.60999,-5.14828,-2.55749,-0.96938,-1.95718,-0.519611,10.339,-0.0531437,11.9224,-5.12606,5.1991,-3.15247,-3.15247,-2.10165,-1.05082,-1.05082,-1.05082
20.8702,-2.66028,-7.49166,-5.08305,-2.54661,-0.913334,-1.91349,-0.433945,10.6572,0.396687,11.3293,-5.56192,4.88744,-3.03719,-3.03719,-2.0248,-1.0124,-1.0124,-1.0124
20.8753,-2.55371,-7.36224,-5.01163,-2.50653,-0.750044,-1.82304,-1.14272,9.56226,-0.404969,10.0977,-7.17438,3.98706,-2.91942,-2.91942,-1.94628,-0.973141,-0.973141,-0.973141
20.8803,-2.4374,-7.22383,-4.93588,-2.44943,-0.533547,-1.71123,-1.12046,9.87608,0.140754,10.3986,-6.62505,4.49499,-2.80378,-2.80378,-1.86918,-0.934592,-0.934592,-0.934592
20.8853,-2.32246,-7.09281,-4.86352,-2.48706,-0.367453,-1.70942,-1.55542,10.3276,-0.118288,13.465,-6.63881,6.02959,-2.68796,-2.68796,-1.79197,-0.895986,-0.895986,-0.895986
20.8903,-2.23062,-6.96508,-4.79276,-2.49424,-0.25906,-1.59799,-0.0126671,10.255,0.270459,9.77488,-5.52656,2.356,-2.57197,-2.57197,-1.71465,-0.857324,-0.857324,-0.857324
20.8953,-2.18112,-6.84045,-4.72737,-2.39349,-0.255102,-1.45385,0.19033,9.97335,-0.0285102,9.76101,-5.47419,5.04969,-2.45583,-2.45583,-1.63722,-0.81861,-0.81861,-0.81861
20.9003,-2.15822,-6.72931,-4.66657,-2.31698,-0.283836,-1.423,1.05904,11.0194,0.26807,10.8566,-4.85883,4.42305,-2.33954,-2.33954,-1.55969,-0.779845,-0.779845,-0.779845
20.9054,-2.14094,-6.62199,-4.60386,-2.28691,-0.356646,-1.42801,1.06241,10.2938,-0.128789,11.6699,-4.55894,5.3191,-2.22077,-2.22077,-1.48051,-0.740255,-0.740255,-0.740255
20.9102,-2.10793,-6.49154,-4.54641,-2.31736,-0.43236,-1.38426,0.497393,8.34193,0.555272,11.8562,-4.28989,3.43535,-2.10885,-2.10885,-1.4059,-0.702951,-0.702951,-0.702951
20.9152,-2.04162,-6.36076,-4.4904,-2.34293,-0.564279,-1.28659,0.88501,10.3528,0.18487,11.8586,-3.60843,4.14993,-1.99215,-1.99215,-1.3281,-0.66405,-0.66405,-0.66405
20.9202,-1.9374,-6.255,-4.41414,-2.34107,-0.693299,-1.28273,-0.252277,10.5354,-1.15746,10.4866,-3.74673,4.90587,-1.87532,-1.87532,-1.25022,-0.625108,-0.625108,-0.625108
20.9253,-1.81138,-6.14603,-4.34267,-2.34832,-0.695977,-1.26611,0.00668118,10.4792,0.957514,11.2831,-5.58325,3.82283,-1.75604,-1.75604,-1.17069,-0.585347,-0.585347,-0.585347
20.9302,-1.70052,-6.01321,-4.2816,-2.37819,-0.573115,-1.19842,0.171711,7.81925,-0.42939,11.1869,-6.08517,3.95019,-1.64133,-1.64133,-1.09422,-0.54711,-0.54711,-0.54711
20.9352,-1.58905,-5.8638,-4.21493,-2.41894,-0.502787,-1.06494,0.909539,9.32932,0.909529,11.2969,-4.1453,2.5615,-1.52418,-1.52418,-1.01612,-0.50806,-0.50806,-0.50806
20.9402,-1.26028,-5.76402,-4.12006,-2.67564,-0.428329,-1.03709,-8.80947,12.6674,-2.56488,19.4302,-6.29578,5.72678,-1.40693,-1.40693,-0.937955,-0.468978,-0.468978,-0.468978
20.9455,-0.729259,-5.71652,-4.00956,-3.00396,-0.282705,-1.09093,-6.92052,12.9805,-1.22869,15.7455,-6.42004,3.84716,-1.28256,-1.28256,-0.855039,-0.427519,-0.427519,-0.427519
20.9504,-0.464625,-5.63659,-3.92817,-3.12606,-0.119859,-1.01152,-3.09165,9.31541,-1.40363,12.5608,-7.25328,3.15468,-1.16749,-1.16749,-0.778327,-0.389163,-0.389163,-0.389163
20.9552,-0.367563,-5.52158,-3.85457,-3.08373,0.0437704,-0.94159,-2.44402,8.8165,-1.38895,10.4366,-7.47303,4.07757,-1.0547,-1.0547,-0.703136,-0.351568,-0.351568,-0.351568
20.9602,-0.307224,-5.39035,-3.78227,-2.93307,0.197139,-0.892567,-2.76251,8.24585,-1.19771,9.0809,-7.4377,3.47534,-0.937155,-0.937155,-0.62477,-0.312385,-0.312385,-0.312385
20.9653,-0.222141,-5.24759,-3.71224,-2.71748,0.341466,-0.842372,-3.76897,7.70825,-1.34874,8.27916,-7.79232,3.78312,-0.817195,-0.817195,-0.544796,-0.272398,-0.272398,-0.272398
20.9703,-0.11189,-5.11552,-3.63839,-2.56205,0.500281,-0.719446,-4.45004,9.04446,-1.6111,10.3928,-7.9723,1.97198,-0.699536,-0.699536,-0.466357,-0.233179,-0.233179,-0.233179
20.9753,0.0222404,-4.98731,-3.56079,-2.48899,0.698912,-0.627375,-4.66625,7.62655,-1.96963,10.7012,-8.97202,4.11866,-0.581834,-0.581834,-0.387889,-0.193945,-0.193945,-0.193945
20.9803,0.153349,-4.85183,-3.48143,-2.39857,0.894185,-0.657593,-4.78398,7.50882,-2.04812,10.662,-9.01126,4.07942,-0.464096,-0.464096,-0.309397,-0.154699,-0.154699,-0.154699
20.9852,0.300694,-4.71154,-3.38861,-2.30585,1.136,-0.689426,-4.22171,9.14671,-2.03519,9.66307,-8.77649,4.18999,-0.348685,-0.348685,-0.232457,-0.116228,-0.116228,-0.116228
20.9901,0.385908,-4.61345,-3.31386,-2.1816,1.2755,-0.724103,-4.33715,9.03127,-2.11215,9.62459,-8.81497,4.15151,-0.233254,-0.233254,-0.155503,-0.0777513,-0.0777513,-0.0777513
20.9954,0.479439,-4.49179,-3.24011,-2.08597,1.4585,-0.713855,-4.22956,8.1578,-1.37611,10.146,-9.02219,3.44749,-0.108384,-0.108384,-0.072256,-0.036128,-0.036128,-0.036128
21.0003,0.544693,-4.37841,-3.17507,-2.01962,1.55345,-0.629299,-3.99829,8.98401,-1.96095,9.75148,-7.95116,2.57272,0.00706858,0.00706858,0.00471239,0.00235619,0.00235619,0.00235619
21.0052,0.590653,-4.29839,-3.10888,-2.00141,1.52499,-0.593476,-3.52274,10.4997,-2.02956,11.7582,-7.32724,4.35584,0.122521,0.122521,0.0816805,0.0408403,0.0408403,0.0408403
21.0104,0.646794,-4.23292,-3.04986,-2.05912,1.39797,-0.710172,-3.71223,10.129,-1.68488,13.4064,-6.39932,5.3914,0.245033,0.245033,0.163356,0.0816778,0.0816778,0.0816778
21.0155,0.709769,-4.17015,-2.99364,-2.15424,1.17855,-0.74831,-3.65901,10.3752,-2.10355,13.1594,-5.54512,3.0992,0.365174,0.365174,0.243449,0.121725,0.121725,0.121725
21.0202,0.777759,-4.12313,-2.95243,-2.18461,0.957329,-0.681834,-4.25039,10.891,-1.04457,11.4996,-6.02914,3.1865,0.475871,0.475871,0.317248,0.158624,0.158624,0.158624
21.0252,0.870616,-4.05427,-2.90863,-2.19798,0.7979,-0.655426,-4.24599,9.17759,-1.7626,12.3546,-6.29195,3.88417,0.593606,0.593606,0.395737,0.197869,0.197869,0.197869
21.0302,0.958889,-3.96671,-2.85037,-2.23716,0.768975,-0.6898,-4.4346,9.5879,-1.87032,12.688,-8.11138,4.3169,0.711304,0.711304,0.474203,0.237101,0.237101,0.237101
21.0353,1.04426,-3.88801,-2.78742,-2.21977,0.813168,-0.730193,-4.26699,11.1266,-1.46545,10.0729,-6.9425,3.87118,0.831311,0.831311,0.554207,0.277104,0.277104,0.277104
21.0403,1.12502,-3.81189,-2.73302,-2.16126,0.857697,-0.707754,-3.85663,8.77107,-1.8051,11.6649,-8.73706,2.9957,0.948912,0.948912,0.632608,0.316304,0.316304,0.316304
21.0452,1.1947,-3.69854,-2.66274,-2.17653,0.973288,-0.597659,-3.77483,8.77013,-2.01565,13.0423,-7.5997,2.2949,1.06411,1.06411,0.709404,0.354702,0.354702,0.354702
21.0502,1.30923,-3.59468,-2.59566,-2.19291,0.977553,-0.514079,-5.18856,9.10182,-1.86407,12.1337,-7.15862,3.54742,1.18158,1.18158,0.787723,0.393861,0.393861,0.393861
21.0553,1.44333,-3.49164,-2.52272,-2.16545,1.04061,-0.542141,-5.4344,9.49816,-2.30339,11.1499,-8.3329,4.03742,1.30134,1.30134,0.867558,0.433779,0.433779,0.433779
21.0602,1.60257,-3.416,-2.44763,-2.09574,1.13111,-0.542601,-5.82518,10.2855,-2.96106,11.0371,-8.60307,2.79849,1.41632,1.41632,0.944211,0.472105,0.472105,0.472105
21.0652,1.75243,-3.33756,-2.37324,-2.05168,1.17478,-0.46355,-5.96605,9.13205,-2.39759,11.3789,-7.5409,2.59382,1.53355,1.53355,1.02237,0.511185,0.511185,0.511185
21.0703,1.89534,-3.2424,-2.29814,-1.98099,1.19259,-0.345779,-5.8452,8.99676,-2.95168,9.62509,-8.21829,2.31387,1.65304,1.65304,1.10203,0.551013,0.551013,0.551013
21.0756,2.04998,-3.12219,-2.20549,-1.85631,1.34739,-0.267133,-6.08746,7.99016,-2.99258,9.61683,-9.49337,3.10051,1.7771,1.7771,1.18473,0.592366,0.592366,0.592366
21.0803,2.13904,-3.02358,-2.13583,-1.82201,1.48121,-0.23556,-5.16903,9.61779,-2.18179,11.0789,-8.6606,2.7658,1.88701,1.88701,1.25801,0.629004,0.629004,0.629004
21.0853,2.18865,-2.93791,-2.06719,-1.84598,1.54655,-0.156909,-5.21099,8.63807,-3.30675,11.3961,-8.69954,2.1721,2.00383,2.00383,1.33588,0.667942,0.667942,0.667942
21.0903,2.27274,-2.82821,-1.97943,-1.85128,1.69451,-0.00204685,-6.13932,8.07228,-3.33439,11.4482,-10.0218,1.03196,2.12052,2.12052,1.41368,0.706839,0.706839,0.706839
21.0955,2.37703,-2.72139,-1.89866,-1.91376,1.78993,0.210028,-6.04384,8.86516,-2.93032,13.925,-7.79353,0.925315,2.24174,2.24174,1.49449,0.747245,0.747245,0.747245
21.1004,2.46926,-2.62899,-1.83932,-1.98418,1.8278,0.348108,-5.96093,8.18367,-2.47761,12.206,-9.46272,1.77324,2.35583,2.35583,1.57055,0.785275,0.785275,0.785275
21.1053,2.59945,-2.54351,-1.76581,-1.97155,1.88427,0.375277,-6.9141,9.78362,-3.91835,10.8184,-8.39946,2.6295,2.46978,2.46978,1.64652,0.823258,0.823258,0.823258
21.1104,2.74064,-2.47318,-1.69596,-1.93712,1.83635,0.37497,-6.96556,9.01118,-2.73495,11.2923,-8.10774,2.19258,2.58822,2.58822,1.72548,0.86274,0.86274,0.86274
21.1153,2.85714,-2.38626,-1.64056,-1.96859,1.80342,0.402964,-7.04374,7.93224,-2.96746,12.5792,-8.5679,2.21266,2.70186,2.70186,1.80124,0.900621,0.900621,0.900621
21.1202,2.94049,-2.29125,-1.57287,-1.98586,1.69,0.481551,-6.07767,8.25215,-3.8206,11.2498,-6.56057,1.42135,2.81535,2.81535,1.8769,0.938449,0.938449,0.938449
21.1252,3.02942,-2.1961,-1.50322,-1.9605,1.54221,0.615171,-6.9419,8.24682,-3.00107,11.5755,-7.67551,0.977088,2.93098,2.93098,1.95398,0.976992,0.976992,0.976992
21.1305,3.12228,-2.11434,-1.4545,-1.92343,1.41085,0.758449,-7.06426,8.12446,-3.08265,11.5347,-7.7163,0.936298,3.05334,3.05334,2.03556,1.01778,1.01778,1.01778
21.1352,3.22773,-2.03107,-1.39754,-1.93906,1.47602,0.833021,-7.10956,9.20202,-2.95842,13.6348,-9.93005,1.70335,3.16168,3.16168,2.10779,1.05389,1.05389,1.05389
21.1403,3.34488,-1.94144,-1.33623,-1.95859,1.61693,0.820547,-7.70367,7.61115,-3.37942,11.6748,-9.62142,2.59158,3.27905,3.27905,2.18603,1.09302,1.09302,1.09302
21.1452,3.47812,-1.82962,-1.25699,-1.90506,1.85425,0.759894,-7.76895,8.06199,-3.80976,9.87356,-11.4557,2.4547,3.39161,3.39161,2.26107,1.13054,1.13054,1.13054
21.1502,3.66747,-1.74012,-1.15734,-1.84975,2.21309,0.658902,-10.5195,8.76294,-5.77347,12.2365,-13.0009,3.16997,3.50626,3.50626,2.33751,1.16875,1.16875,1.16875
21.1554,3.91408,-1.65574,-1.06243,-1.89788,2.51539,0.600647,-10.7291,8.68723,-3.6186,13.1657,-10.8712,2.0539,3.62527,3.62527,2.41685,1.20842,1.20842,1.20842
21.1603,4.06247,-1.56748,-1.00878,-1.86235,2.56884,0.677991,-9.20985,6.59351,-4.11121,9.30297,-9.89005,0.849109,3.73719,3.73719,2.49146,1.24573,1.24573,1.24573
21.1653,4.13378,-1.45277,-0.94227,-1.71442,2.52861,0.806734,-8.06697,7.11783,-4.10151,9.06628,-8.93444,0.951876,3.85117,3.85117,2.56745,1.28372,1.28372,1.28372
21.1704,4.14001,-1.35967,-0.882845,-1.60571,2.4092,0.852362,-7.48561,7.86071,-4.1475,10.6174,-8.84064,2.30424,3.96719,3.96719,2.64479,1.3224,1.3224,1.3224
21.1754,4.175,-1.25988,-0.822745,-1.4846,2.36561,0.843976,-8.58016,6.62822,-3.95982,8.69997,-9.71475,1.73649,4.08068,4.08068,2.72045,1.36023,1.36023,1.36023
21.1804,4.237,-1.1552,-0.770674,-1.36572,2.37327,0.839238,-8.44912,7.06268,-3.71972,10.3513,-10.0257,1.89747,4.19392,4.19392,2.79594,1.39797,1.39797,1.39797
21.1853,4.30988,-1.05555,-0.716548,-1.31854,2.40865,0.824375,-8.34314,6.79436,-4.13212,11.3825,-10.2365,1.85228,4.30464,4.30464,2.86976,1.43488,1.43488,1.43488
21.1905,4.38006,-0.946081,-0.636247,-1.2815,2.57971,0.776844,-7.92058,7.11054,-5.19466,10.8135,-12.387,2.62465,4.42186,4.42186,2.94791,1.47395,1.47395,1.47395
21.1955,4.4377,-0.832174,-0.560482,-1.20383,2.73755,0.774,-7.77298,6.2455,-3.83797,9.75767,-10.222,1.21269,4.5343,4.5343,3.02287,1.51143,1.51143,1.51143
21.2003,4.47587,-0.726519,-0.499819,-1.16495,2.86308,0.897323,-7.43938,7.18982,-4.2964,11.4606,-12.0132,0.0921143,4.64198,4.64198,3.09465,1.54733,1.54733,1.54733
21.2052,4.50582,-0.638006,-0.433052,-1.20497,2.93571,1.05555,-7.47022,7.42688,-4.75406,12.2189,-9.83075,0.337085,4.75162,4.75162,3.16775,1.58387,1.58387,1.58387
21.2102,4.59228,-0.546804,-0.366628,-1.27348,2.93346,1.13888,-9.53606,7.22868,-4.08024,12.0657,-10.4227,1.15273,4.86322,4.86322,3.24215,1.62107,1.62107,1.62107
21.2154,4.7227,-0.445427,-0.294476,-1.32887,2.91278,1.09645,-9.179,6.62824,-5.11671,11.8864,-9.63329,2.58799,4.97896,4.97896,3.31931,1.65965,1.65965,1.65965
21.2203,4.81907,-0.339426,-0.220728,-1.39831,2.91372,1.04831,-8.7795,6.57078,-4.30305,12.3967,-10.423,1.29317,5.08772,5.08772,3.39181,1.69591,1.69591,1.69591
21.2254,4.933,-0.244638,-0.158221,-1.41037,2.94161,1.07661,-9.89314,7.4389,-4.61029,10.3636,-10.7091,1.08167,5.2006,5.2006,3.46706,1.73353,1.73353,1.73353
21.2305,5.04524,-0.175024,-0.0990585,-1.37734,2.96664,1.09099,-9.3477,8.10646,-4.75638,11.3611,-10.8294,1.62375,5.31314,5.31314,3.54209,1.77105,1.77105,1.77105
21.2354,5.13023,-0.093777,-0.0315838,-1.36363,2.9718,1.16981,-9.34913,6.91125,-4.98501,11.5735,-10.0207,-0.275184,5.42095,5.42095,3.61397,1.80698,1.80698,1.80698
21.2404,5.20371,-0.0104005,0.0312089,-1.35878,3.06521,1.31231,-9.13179,7.66047,-4.55653,11.1975,-12.6323,0.185057,5.53063,5.53063,3.68709,1.84354,1.84354,1.84354
21.2452,5.29149,0.0670747,0.0986175,-1.30666,3.15406,1.45753,-9.91444,7.5043,-5.46878,9.45677,-10.1171,-0.545454,5.6356,5.6356,3.75707,1.87853,1.87853,1.87853
21.2502,5.41451,0.140609,0.175468,-1.21822,3.23364,1.6312,-10.642,7.7538,-5.47248,9.98353,-12.563,-0.523828,5.7446,5.7446,3.82974,1.91487,1.91487,1.91487
21.2552,5.53897,0.22275,0.244351,-1.21652,3.46003,1.76083,-10.5497,6.61685,-4.97643,12.0587,-13.0794,-0.0715248,5.85325,5.85325,3.90217,1.95108,1.95108,1.95108
21.2604,5.66094,0.301796,0.314032,-1.25559,3.6665,1.82867,-10.8042,7.84383,-5.63252,10.9862,-12.322,0.379458,5.96587,5.96587,3.97724,1.98862,1.98862,1.98862
21.2653,5.76438,0.36043,0.381836,-1.21213,3.7334,1.82169,-10.248,8.23848,-5.3749,8.71533,-11.2726,1.02317,6.07162,6.07162,4.04775,2.02387,2.02387,2.02387
21.2703,5.83791,0.428086,0.445124,-1.15329,3.71841,1.80514,-9.95368,7.34294,-5.02232,10.6418,-10.6709,0.515361,6.17916,6.17916,4.11944,2.05972,2.05972,2.05972
21.2754,5.8765,0.502506,0.507309,-1.17172,3.69145,1.8016,-9.64927,6.58745,-6.04613,11.4002,-11.8417,0.735609,6.28845,6.28845,4.1923,2.09615,2.09615,2.09615
21.2804,5.94591,0.579015,0.579703,-1.13847,3.78248,1.84053,-10.9302,8.33248,-5.07858,8.90546,-12.283,-0.252179,6.39522,6.39522,4.26348,2.13174,2.13174,2.13174
21.2853,6.03555,0.615306,0.618115,-1.04107,3.81822,1.92648,-11.0344,8.22824,-5.14807,8.87071,-12.3178,-0.286927,6.49946,6.49946,4.33297,2.16649,2.16649,2.16649
21.2906,6.19372,0.69512,0.68066,-0.946217,3.86766,1.9944,-11.9544,6.47692,-5.42986,10.0174,-11.7756,0.0565133,6.61178,6.61178,4.40785,2.20393,2.20393,2.20393
21.2953,6.3375,0.764864,0.744765,-0.959392,3.90389,2.03486,-11.9118,7.5557,-6.38217,12.046,-12.3634,-0.00968058,6.711,6.711,4.474,2.237,2.237,2.237
21.3002,6.43126,0.831063,0.804989,-0.981325,4.01926,2.07131,-11.3372,6.67654,-5.32227,9.77605,-13.4411,0.038768,6.81406,6.81406,4.5427,2.27135,2.27135,2.27135
21.3052,6.51238,0.900819,0.868545,-0.888635,4.15852,2.14429,-11.1582,7.3204,-6.65655,8.14313,-13.0123,-0.832426,6.9188,6.9188,4.61253,2.30627,2.30627,2.30627
21.3102,6.57346,0.980429,0.937091,-0.827421,4.28979,2.2611,-11.3217,5.52969,-5.9507,10.5427,-13.4114,-0.892037,7.02311,7.02311,4.68207,2.34104,2.34104,2.34104
21.3153,6.62962,1.07255,0.99809,-0.898193,4.39336,2.43794,-11.1518,6.42843,-5.85832,12.569,-12.5525,-2.14452,7.12907,7.12907,4.75271,2.37636,2.37636,2.37636
21.3203,6.70887,1.14528,1.06779,-0.891733,4.50048,2.63579,-12.3545,7.3061,-6.81971,8.22897,-13.8455,-1.71531,7.2325,7.2325,4.82167,2.41083,2.41083,2.41083
21.3253,6.83325,1.22595,1.14094,-0.770055,4.59621,2.78697,-12.7451,5.78471,-6.1485,8.66664,-12.7621,-1.61716,7.33549,7.33549,4.89032,2.44516,2.44516,2.44516
21.3302,6.9418,1.32284,1.21333,-0.719758,4.60849,2.91352,-12.1088,5.91673,-6.53945,11.2413,-11.9013,-1.69206,7.43597,7.43597,4.95732,2.47866,2.47866,2.47866
21.3353,7.05031,1.40984,1.27877,-0.69333,4.45546,2.98296,-12.5203,6.65571,-5.86482,9.74934,-10.2883,-0.758005,7.54009,7.54009,5.02673,2.51336,2.51336,2.51336
21.3404,7.12687,1.48096,1.32544,-0.611203,4.2269,2.99054,-11.9186,6.58757,-5.727,8.33199,-10.6789,-0.742871,7.64373,7.64373,5.09582,2.54791,2.54791,2.54791
21.3456,7.17959,1.55417,1.37807,-0.548541,4.17749,2.9707,-11.8307,6.3011,-6.50562,9.87013,-13.5871,-0.405326,7.7489,7.7489,5.16593,2.58297,2.58297,2.58297
21.3503,7.21084,1.62376,1.43367,-0.568639,4.21458,2.93999,-11.3501,5.785,-6.57496,10.9647,-12.0537,-0.478262,7.8435,7.8435,5.229,2.6145,2.6145,2.6145
21.3554,7.2692,1.71957,1.50593,-0.577392,4.34389,2.89623,-12.453,5.11152,-7.05481,9.70524,-15.0934,-0.1894,7.94568,7.94568,5.29712,2.64856,2.64856,2.64856
21.3603,7.38221,1.82221,1.57377,-0.546243,4.53306,2.83958,-13.2166,4.90343,-6.23169,10.0784,-13.205,-0.147443,8.04337,8.04337,5.36225,2.68112,2.68112,2.68112
21.3653,7.50871,1.91824,1.64785,-0.544515,4.70906,2.78768,-13.4497,5.37954,-7.90084,10.1695,-15.2253,-0.197067,8.14256,8.14256,5.42837,2.71419,2.71419,2.71419
21.3704,7.62122,2.0142,1.73025,-0.531573,4.96575,2.74367,-13.3455,5.42858,-6.60109,9.00156,-14.5136,-0.247179,8.24322,8.24322,5.49548,2.74774,2.74774,2.74774
21.3753,7.70864,2.09112,1.78223,-0.478578,5.05359,2.71429,-12.8074,5.65547,-6.69867,8.19119,-13.3948,-0.37033,8.33943,8.33943,5.55962,2.77981,2.77981,2.77981
21.3802,7.79542,2.18385,1.84975,-0.422598,5.05409,2.69439,-13.5177,4.86235,-6.99865,9.57518,-12.2923,-0.410516,8.43515,8.43515,5.62343,2.81172,2.81172,2.81172
21.3855,7.85858,2.26435,1.90671,-0.495169,4.93609,2.69913,-12.3442,6.24078,-6.59705,11.851,-12.2438,-0.776039,8.53812,8.53812,5.69208,2.84604,2.84604,2.84604
21.3902,7.90419,2.34591,1.96452,-0.542797,4.95954,2.71878,-13.1599,4.23127,-7.3452,9.24559,-14.6587,-0.682111,8.62893,8.62893,5.75262,2.87631,2.87631,2.87631
21.3952,7.97108,2.43706,2.03235,-0.454569,5.04492,2.72745,-12.3144,5.66777,-7.22535,7.31746,-13.3908,-0.589944,8.72503,8.72503,5.81669,2.90834,2.90834,2.90834
21.4003,8.02443,2.52267,2.09228,-0.366756,5.08171,2.73381,-12.1873,5.2197,-6.42088,9.33017,-13.5558,-0.680392,8.8225,8.8225,5.88166,2.94083,2.94083,2.94083
21.4053,8.04645,2.58675,2.12108,-0.392346,5.08296,2.75113,-12.2823,5.1247,-6.48422,9.2985,-13.5875,-0.71206,8.9175,8.9175,5.945,2.9725,2.9725,2.9725
21.4103,8.08982,2.66081,2.17187,-0.351231,5.13448,2.77789,-11.569,6.31464,-6.42806,7.33771,-13.354,-0.967105,9.01196,9.01196,6.00797,3.00399,3.00399,3.00399
21.4152,8.09572,2.70071,2.20174,-0.294762,5.12079,2.81955,-11.661,6.22262,-6.48941,7.30704,-13.3847,-0.99778,9.10398,9.10398,6.06932,3.03466,3.03466,3.03466
21.4203,8.11702,2.74549,2.23639,-0.231912,5.11472,2.86119,-11.7563,6.12741,-6.55288,7.2753,-13.4164,-1.02952,9.19919,9.19919,6.13279,3.0664,3.0664,3.0664
21.4253,8.15615,2.81893,2.29003,-0.223921,5.32384,2.89065,-11.455,4.27744,-7.27099,10.2087,-17.1816,-0.91968,9.29196,9.29196,6.19464,3.09732,3.09732,3.09732
21.4304,8.2287,2.91853,2.36827,-0.222837,5.69463,2.91677,-12.0022,5.13681,-7.36294,9.11744,-16.0289,-1.09178,9.38599,9.38599,6.25733,3.12866,3.12866,3.12866
21.4354,8.30288,3.00165,2.42228,-0.126835,5.90066,2.9505,-11.1245,4.1509,-6.68206,5.7004,-15.9187,-1.14716,9.4776,9.4776,6.3184,3.1592,3.1592,3.1592
21.4403,8.5707,3.0817,2.49259,-0.182999,5.88841,3.02994,-20.0551,5.00329,-8.82526,14.7953,-12.1562,-2.13738,9.56681,9.56681,6.37787,3.18894,3.18894,3.18894
21.4453,9.09198,3.12441,2.59574,-0.457731,5.90353,3.19938,-21.3078,7.66695,-9.45822,14.4753,-16.7072,-3.17768,9.65725,9.65725,6.43817,3.21908,3.21908,3.21908
21.4502,9.53495,3.13224,2.68972,-0.71847,6.12031,3.39584,-21.3959,7.5789,-9.51692,14.446,-16.7365,-3.20703,9.7453,9.7453,6.49687,3.24843,3.24843,3.24843
21.4552,9.90976,3.17014,2.77816,-0.87864,6.23789,3.57321,-20.1101,5.53534,-8.69653,11.5347,-14.6963,-3.51831,9.83456,9.83456,6.55637,3.27819,3.27819,3.27819
21.4603,10.0983,3.25082,2.86842,-0.740996,6.23027,3.71878,-15.1218,4.35752,-9.08285,4.47487,-13.7577,-3.81341,9.92498,9.92498,6.61665,3.30833,3.30833,3.30833
21.4655,10.1352,3.33103,2.93286,-0.448766,6.05298,3.79555,-15.5522,5.05789,-7.40918,5.36344,-12.2481,-3.9764,10.0165,10.0165,6.67768,3.33884,3.33884,3.33884
21.4702,10.1696,3.42009,2.98358,-0.284931,5.80766,3.77999,-16.0047,3.03333,-8.31876,8.18438,-11.7539,-4.2853,10.0987,10.0987,6.73245,3.36622,3.36622,3.36622
21.4753,10.221,3.5307,3.0488,-0.145034,5.61922,3.67809,-15.3841,4.2214,-7.76332,6.52371,-13.0833,-4.45557,10.1872,10.1872,6.79147,3.39573,3.39573,3.39573
21.4803,10.217,3.60762,3.08689,-0.011483,5.50662,3.51873,-15.4702,4.13524,-7.82076,6.49499,-13.1121,-4.48429,10.2734,10.2734,6.84891,3.42445,3.42445,3.42445
21.4853,10.2668,3.70093,3.14252,0.08397,5.57924,3.32869,-15.9694,4.54612,-7.48067,9.62944,-15.2934,-4.53764,10.3589,10.3589,6.90592,3.45296,3.45296,3.45296
21.4906,10.2925,3.76872,3.17135,0.0304386,5.7086,3.13771,-16.0594,4.45616,-7.54064,9.59945,-15.3233,-4.56763,10.4488,10.4488,6.96589,3.48295,3.48295,3.48295
21.4953,10.3349,3.8397,3.21407,0.0643479,5.75611,3.00246,-15.9179,3.97509,-8.27894,6.73306,-13.8013,-5.0577,10.528,10.528,7.01867,3.50934,3.50934,3.50934
21.5003,10.3897,3.90443,3.27544,0.146533,5.83794,2.89967,-16.2852,6.1925,-8.25734,8.2618,-15.6343,-5.1518,10.6116,10.6116,7.0744,3.5372,3.5372,3.5372
21.5052,10.4213,3.92833,3.31414,0.126397,5.93743,2.81983,-16.3665,6.11122,-8.31153,8.23471,-15.6614,-5.17889,10.6929,10.6929,7.12859,3.56429,3.56429,3.56429
21.5103,10.4801,3.98087,3.35619,0.0398386,5.98217,2.77295,-16.541,4.40799,-7.71749,11.5353,-14.3646,-5.74507,10.7768,10.7768,7.18454,3.59227,3.59227,3.59227
21.5155,10.5633,4.06269,3.40664,0.0117982,6.05957,2.81755,-16.2437,4.20092,-8.11683,6.90334,-15.9909,-6.85804,10.8617,10.8617,7.24112,3.62056,3.62056,3.62056
21.5202,10.5984,4.12881,3.44482,0.0759055,6.17045,2.91416,-16.3198,4.12485,-8.16755,6.87798,-16.0162,-6.8834,10.9378,10.9378,7.29184,3.64592,3.64592,3.64592
21.5252,10.6506,4.2053,3.50142,0.161469,6.28836,3.03728,-16.1558,4.46616,-8.60145,7.57152,-15.7118,-7.48976,11.018,11.018,7.34536,3.67268,3.67268,3.67268
21.5303,10.724,4.30037,3.56476,0.253693,6.39829,3.15124,-16.5285,2.97448,-8.11426,7.31266,-15.5153,-6.8627,11.0992,11.0992,7.39948,3.69974,3.69974,3.69974
21.5352,10.7727,4.38875,3.60154,0.294468,6.43862,3.22101,-16.6059,2.89715,-8.16582,7.28688,-15.5411,-6.88848,11.1766,11.1766,7.45104,3.72552,3.72552,3.72552
21.5403,10.8866,4.47898,3.65839,0.40134,6.5575,3.23361,-17.7534,4.33426,-8.25872,6.73039,-16.2963,-6.03739,11.2563,11.2563,7.50423,3.75211,3.75211,3.75211
21.5454,10.9784,4.54448,3.70169,0.460592,6.67565,3.20068,-17.8325,4.2552,-8.31142,6.70403,-16.3227,-6.06375,11.3354,11.3354,7.55693,3.77847,3.77847,3.77847
21.5504,11.0752,4.6257,3.77698,0.483614,6.78484,3.18,-17.6571,3.53619,-10.1454,9.02163,-15.926,-6.37087,11.4122,11.4122,7.60814,3.80407,3.80407,3.80407
21.5553,11.1233,4.70338,3.85795,0.557137,6.80384,3.19619,-15.872,4.2456,-8.89723,5.14659,-14.3114,-6.85113,11.4868,11.4868,7.65786,3.82893,3.82893,3.82893
21.5602,11.097,4.76535,3.90951,0.688784,6.70502,3.24263,-15.9459,4.1717,-8.9465,5.12195,-14.3361,-6.87577,11.5607,11.5607,7.70713,3.85357,3.85357,3.85357
21.5654,11.1337,4.83913,3.97531,0.828706,6.74617,3.23366,-17.5563,3.97982,-9.34314,6.14764,-16.8046,-5.84182,11.6384,11.6384,7.75892,3.87946,3.87946,3.87946
21.5705,11.2615,4.91397,4.05048,0.930196,6.80221,3.15743,-18.9161,4.27468,-9.28475,6.78489,-14.445,-5.67653,11.7138,11.7138,7.80921,3.90461,3.90461,3.90461
21.5753,11.38,4.96762,4.10383,0.949945,6.69515,3.09002,-18.9864,4.20437,-9.33163,6.76146,-14.4684,-5.69996,11.7841,11.7841,7.85609,3.92804,3.92804,3.92804
21.5803,11.5048,5.03288,4.15567,0.979235,6.66216,3.0933,-18.4759,3.46204,-8.78224,7.10988,-15.9416,-7.0241,11.8567,11.8567,7.90444,3.95222,3.95222,3.95222
21.5853,11.5949,5.10274,4.21337,0.985414,6.69084,3.16685,-17.7163,4.18225,-9.61594,8.77505,-15.2784,-7.15567,11.9285,11.9285,7.9523,3.97615,3.97615,3.97615
21.5903,11.6508,5.16926,4.26483,0.958458,6.71067,3.31009,-17.6101,3.59499,-8.56189,7.63356,-15.9644,-8.43792,11.9995,11.9995,7.99968,3.99984,3.99984,3.99984
21.5953,11.7128,5.24839,4.31166,1.02108,6.68402,3.46251,-17.5189,3.07557,-8.79896,5.92928,-13.9179,-7.67476,12.0698,12.0698,8.04656,4.02328,4.02328,4.02328
21.6004,11.7372,5.32777,4.35083,1.06916,6.51871,3.56612,-17.5898,3.00461,-8.84626,5.90563,-13.9415,-7.69841,12.1408,12.1408,8.09386,4.04693,4.04693,4.04693
21.6052,11.7617,5.40315,4.38869,1.11407,6.37565,3.65073,-17.6559,2.93853,-8.89031,5.8836,-13.9636,-7.72044,12.2069,12.2069,8.13791,4.06896,4.06896,4.06896
21.6102,11.8286,5.47268,4.44155,1.15514,6.37063,3.69301,-18.6223,4.18635,-9.45402,7.24365,-16.1805,-7.06417,12.275,12.275,8.1833,4.09165,4.09165,4.09165
21.6153,11.9265,5.52207,4.49708,1.11745,6.53672,3.71474,-18.8525,4.32647,-9.4998,7.81696,-17.3956,-7.26922,12.3436,12.3436,8.22908,4.11454,4.11454,4.11454
21.6203,12.0026,5.58381,4.54526,1.13765,6.7857,3.7165,-17.5558,3.38532,-8.45319,6.12217,-17.4592,-6.82773,12.4102,12.4102,8.27345,4.13673,4.13673,4.13673
21.6254,12.0092,5.65125,4.57148,1.16059,7.00383,3.69603,-17.6229,3.31822,-8.49793,6.09981,-17.4816,-6.85009,12.4773,12.4773,8.31819,4.15909,4.15909,4.15909
21.6305,12.0528,5.72339,4.61717,1.26062,7.17313,3.73159,-18.4378,3.03123,-9.63728,4.47969,-16.6426,-8.03139,12.5436,12.5436,8.36238,4.18119,4.18119,4.18119
21.6353,12.1131,5.7979,4.67313,1.27684,7.31829,3.85236,-18.4837,2.37856,-9.61778,9.30295,-17.5573,-8.68951,12.6052,12.6052,8.40349,4.20175,4.20175,4.20175
21.6402,12.1517,5.8819,4.72397,1.13415,7.4723,4.0101,-18.5459,2.31636,-9.65925,9.28222,-17.5781,-8.71024,12.6674,12.6674,8.44496,4.22248,4.22248,4.22248
21.6452,12.315,5.96219,4.79144,1.13789,7.56658,4.18507,-21.7843,3.49475,-10.1211,6.18112,-16.2577,-9.33558,12.7301,12.7301,8.48676,4.24338,4.24338,4.24338
21.6504,12.5116,6.03058,4.8584,1.17501,7.56065,4.37544,-21.8486,3.43038,-10.1641,6.15966,-16.2791,-9.35704,12.7945,12.7945,8.52968,4.26484,4.26484,4.26484
21.6553,12.6911,6.08329,4.9314,1.1871,7.66269,4.41523,-21.7706,4.71009,-10.7474,8.3753,-18.2532,-7.09172,12.8544,12.8544,8.5696,4.2848,4.2848,4.2848
21.6602,12.8015,6.14,4.999,1.2918,7.67605,4.35145,-18.8944,3.04737,-9.72926,3.36277,-14.7621,-7.35983,12.9135,12.9135,8.60902,4.30451,4.30451,4.30451
21.6653,12.7781,6.21683,5.04822,1.47698,7.48921,4.30688,-18.9552,2.98665,-9.76974,3.34253,-14.7824,-7.38007,12.9743,12.9743,8.6495,4.32475,4.32475,4.32475
21.6703,12.7753,6.28698,5.09364,1.70429,7.27271,4.30067,-19.337,3.66873,-9.26967,2.7682,-13.8001,-8.08688,13.033,13.033,8.68865,4.34432,4.34432,4.34432
21.6752,12.7805,6.34768,5.14256,1.79941,7.15245,4.34902,-19.9493,3.52916,-10.2794,6.75675,-16.0546,-8.51153,13.0897,13.0897,8.72649,4.36325,4.36325,4.36325
21.6804,12.8226,6.41194,5.1972,1.7309,7.09709,4.4405,-20.0087,2.92216,-9.82572,9.17955,-15.0228,-8.96189,13.1491,13.1491,8.76609,4.38305,4.38305,4.38305
21.6852,12.8611,6.46443,5.24656,1.7216,7.17149,4.51461,-19.6214,3.92401,-10.0164,4.95534,-17.9472,-8.5245,13.2032,13.2032,8.80212,4.40106,4.40106,4.40106
21.6903,12.8669,6.51331,5.29887,1.76893,7.38778,4.56078,-19.6781,3.86741,-10.0542,4.93647,-17.966,-8.54337,13.2598,13.2598,8.83986,4.41993,4.41993,4.41993
21.6953,12.8784,6.56432,5.34703,1.86053,7.57428,4.53365,-18.9132,3.59204,-9.54302,4.13165,-17.6365,-7.34443,13.3145,13.3145,8.87631,4.43815,4.43815,4.43815
21.7003,12.9006,6.6239,5.3983,1.95161,7.70378,4.46242,-19.5699,3.19149,-10.1495,5.26462,-17.1245,-7.63562,13.3683,13.3683,8.9122,4.4561,4.4561,4.4561
21.7054,12.9842,6.68727,5.45746,1.94645,7.7744,4.45414,-20.8375,3.65362,-10.0079,7.04337,-17.0431,-8.54789,13.4224,13.4224,8.94825,4.47413,4.47413,4.47413
21.7104,13.1213,6.75076,5.50398,1.97733,7.87141,4.4566,-20.8975,2.69914,-9.27146,4.59164,-17.8389,-7.76212,13.4746,13.4746,8.98304,4.49152,4.49152,4.49152
21.7153,13.2123,6.82257,5.5357,2.00925,7.9945,4.43147,-20.9478,2.64881,-9.30501,4.57486,-17.8557,-7.7789,13.5249,13.5249,9.01659,4.5083,4.5083,4.5083
21.7204,13.3129,6.89799,5.58618,2.01799,8.14041,4.44564,-20.8497,2.16388,-10.7229,6.28823,-18.3614,-8.51643,13.5764,13.5764,9.05094,4.52547,4.52547,4.52547
21.7253,13.4024,6.97518,5.64762,1.9947,8.13585,4.45648,-20.7959,2.50129,-10.212,6.6197,-15.0242,-7.94478,13.6251,13.6251,9.0834,4.5417,4.5417,4.5417
21.7303,13.4633,7.05114,5.70158,1.94037,7.95111,4.4426,-20.8448,2.45244,-10.2446,6.60341,-15.0405,-7.96107,13.674,13.674,9.11597,4.55799,4.55799,4.55799
21.7353,13.5049,7.11594,5.7563,1.9839,7.82441,4.36351,-19.4665,3.10574,-10.3623,4.05377,-16.0418,-6.67711,13.722,13.722,9.14798,4.57399,4.57399,4.57399
21.7402,13.5439,7.16583,5.80103,2.05709,7.86915,4.30371,-21.1281,3.70571,-9.60097,4.88292,-18.0692,-8.09184,13.7682,13.7682,9.17879,4.5894,4.5894,4.5894
21.7454,13.6451,7.22863,5.84928,2.08762,7.96377,4.39615,-21.6018,2.39675,-10.2935,5.99295,-16.9675,-9.45753,13.8164,13.8164,9.2109,4.60545,4.60545,4.60545
21.7503,13.7363,7.28997,5.89642,2.09601,7.95872,4.40035,-20.8662,2.825,-10.0787,6.2845,-16.0964,-6.55782,13.8609,13.8609,9.2406,4.6203,4.6203,4.6203
21.7552,13.7688,7.35132,5.93933,2.03528,7.90595,4.26101,-20.9099,2.78128,-10.1078,6.26993,-16.111,-6.57239,13.9046,13.9046,9.26974,4.63487,4.63487,4.63487
21.7602,13.8035,7.4145,5.9913,2.02888,7.869,4.18947,-20.3627,2.29232,-10.8706,4.92222,-16.3823,-7.93662,13.9484,13.9484,9.29892,4.64946,4.64946,4.64946
21.7653,13.8465,7.49102,6.04148,2.0811,7.82843,4.19269,-21.0526,1.57877,-9.91538,3.88092,-16.3057,-7.83528,13.9921,13.9921,9.32809,4.66404,4.66404,4.66404
21.7706,13.869,7.56615,6.08781,2.10505,7.7825,4.27372,-20.317,2.51525,-10.5344,5.78702,-15.8652,-9.3074,14.0367,14.0367,9.35777,4.67888,4.67888,4.67888
21.7757,13.9166,7.64766,6.13921,2.06844,7.91131,4.48648,-21.8364,0.88163,-10.1799,6.32784,-19.2077,-10.4723,14.0786,14.0786,9.38571,4.69286,4.69286,4.69286
21.7802,14.0156,7.72112,6.18469,2.0768,7.97369,4.59049,-22.247,2.37799,-10.5238,4.50242,-15.1211,-8.04178,14.1148,14.1148,9.40987,4.70494,4.70494,4.70494
21.7853,14.1004,7.79401,6.23067,2.16603,7.97562,4.5679,-21.7907,2.08958,-9.84632,3.2967,-17.9911,-8.09658,14.155,14.155,9.43668,4.71834,4.71834,4.71834
21.7903,14.1889,7.85817,6.27402,2.26546,8.12296,4.59142,-22.0263,2.22833,-10.6349,4.29401,-18.004,-8.89603,14.1936,14.1936,9.46238,4.73119,4.73119,4.73119
21.7952,14.2368,7.92132,6.31887,2.28177,8.20973,4.71436,-20.8576,2.10081,-10.0638,5.6893,-16.8737,-10.0344,14.2305,14.2305,9.487,4.7435,4.7435,4.7435
21.8004,14.301,7.96747,6.36727,2.29624,8.22055,4.83631,-22.0936,3.37064,-11.0779,4.51735,-16.8368,-8.93765,14.2688,14.2688,9.5125,4.75625,4.75625,4.75625
21.8054,14.3527,8.00672,6.42821,2.29752,8.23559,4.88243,-22.1295,3.33475,-11.1018,4.50538,-16.8487,-8.94962,14.3047,14.3047,9.53643,4.76822,4.76822,4.76822
21.8103,14.4174,8.04291,6.47915,2.29148,8.2811,4.88342,-21.955,3.01673,-10.6064,5.73594,-17.5723,-8.34834,14.339,14.339,9.55931,4.77966,4.77966,4.77966
21.8152,14.4917,8.09224,6.52882,2.34058,8.41301,4.93638,-21.5511,2.04556,-10.7729,4.39171,-18.8254,-10.0983,14.3724,14.3724,9.58163,4.79081,4.79081,4.79081
21.8204,14.5228,8.16632,6.58716,2.35532,8.61341,5.08394,-21.5857,2.01097,-10.796,4.38018,-18.8369,-10.1098,14.407,14.407,9.60469,4.80234,4.80234,4.80234
21.8252,14.5751,8.22798,6.63892,2.35696,8.66326,5.16068,-21.7429,2.31079,-10.7937,5.03222,-16.5537,-9.12658,14.4381,14.4381,9.6254,4.8127,4.8127,4.8127
21.8304,14.6343,8.28884,6.68955,2.39982,8.54824,5.15826,-21.7756,2.21115,-10.5898,3.34874,-15.7201,-8.73178,14.4708,14.4708,9.64723,4.82362,4.82362,4.82362
21.8352,14.6816,8.35757,6.7382,2.46576,8.49584,5.1057,-22.0768,1.31099,-10.9062,3.54596,-17.6012,-8.25304,14.5002,14.5002,9.66681,4.8334,4.8334,4.8334
21.8402,14.7526,8.42116,6.78423,2.54028,8.48093,5.06932,-22.9064,2.46728,-10.4871,3.37873,-16.3525,-9.19859,14.5299,14.5299,9.68661,4.84331,4.84331,4.84331
21.8452,14.8227,8.47501,6.81642,2.54751,8.49349,5.10691,-22.5806,2.21777,-9.72881,5.49709,-17.6455,-9.47315,14.5587,14.5587,9.70582,4.85291,4.85291,4.85291
21.8504,14.8851,8.54465,6.84732,2.47627,8.48479,5.08184,-22.7317,1.27465,-10.348,6.31542,-16.1234,-7.99242,14.5877,14.5877,9.72516,4.86258,4.86258,4.86258
21.8554,14.9525,8.61679,6.89684,2.46895,8.41501,5.01875,-22.1756,1.17677,-11.3984,4.31922,-16.298,-8.65554,14.6147,14.6147,9.74315,4.87158,4.87158,4.87158
21.8603,14.9592,8.69971,6.96328,2.47878,8.38019,4.99781,-22.2012,1.15121,-11.4155,4.3107,-16.3065,-8.66406,14.6403,14.6403,9.76019,4.8801,4.8801,4.8801
21.8652,14.9658,8.78195,7.02881,2.49201,8.35343,4.98214,-22.2259,1.12651,-11.4319,4.30247,-16.3147,-8.67229,14.665,14.665,9.77666,4.88833,4.88833,4.88833
21.8702,15.0392,8.85289,7.07777,2.49402,8.36335,4.9405,-23.2549,1.1692,-10.4888,6.33957,-17.2833,-8.18359,14.6893,14.6893,9.79286,4.89643,4.89643,4.89643
21.8752,15.0903,8.9299,7.11764,2.3907,8.4468,4.87632,-23.2783,1.1458,-10.5044,6.33177,-17.2911,-8.19139,14.7127,14.7127,9.80847,4.90423,4.90423,4.90423
21.8803,15.1618,9.00001,7.15191,2.37518,8.50412,4.85038,-22.7063,0.539768,-10.503,4.02224,-17.0338,-9.0022,14.7356,14.7356,9.82375,4.91188,4.91188,4.91188
21.8853,15.2218,9.0712,7.19518,2.47335,8.60962,4.89844,-23.3779,1.6135,-11.0127,1.46481,-18.3244,-9.52275,14.7572,14.7572,9.83813,4.91907,4.91907,4.91907
21.8902,15.2704,9.13499,7.24494,2.60839,8.76564,4.97853,-23.3982,1.59325,-11.0262,1.45806,-18.3311,-9.5295,14.7774,14.7774,9.85163,4.92582,4.92582,4.92582
21.8954,15.3447,9.18786,7.29192,2.75837,8.73718,5.06624,-23.1153,2.02972,-11.042,1.89834,-15.2579,-9.6771,14.798,14.798,9.86532,4.93266,4.93266,4.93266
21.9004,15.3525,9.24309,7.33449,2.79628,8.61839,5.10637,-21.4912,1.1166,-10.8727,4.50027,-16.6137,-8.83881,14.8168,14.8168,9.87786,4.93893,4.93893,4.93893
21.9053,15.3191,9.30214,7.3589,2.73376,8.59807,5.10707,-21.3669,1.08715,-9.85612,5.64532,-16.9177,-9.0765,14.8343,14.8343,9.88956,4.94478,4.94478,4.94478
21.9103,15.3,9.36142,7.39299,2.70371,8.55347,5.07865,-20.9899,0.672251,-11.6628,3.56967,-16.145,-8.32869,14.8513,14.8513,9.9009,4.95045,4.95045,4.95045
21.9153,15.2495,9.43436,7.45504,2.6968,8.48542,5.02262,-21.006,0.656164,-11.6735,3.56431,-16.1504,-8.33405,14.8674,14.8674,9.91162,4.95581,4.95581,4.95581
21.9203,15.2253,9.49973,7.50159,2.69915,8.45763,5.00315,-20.9147,0.723695,-10.6804,3.92357,-17.0331,-8.95183,14.8826,14.8826,9.92174,4.96087,4.96087,4.96087
21.9252,15.2226,9.56118,7.52992,2.70361,8.48931,5.0027,-20.8145,0.68612,-10.1944,4.34947,-17.1288,-8.65013,14.8966,14.8966,9.93105,4.96553,4.96553,4.96553
21.9302,15.2011,9.6239,7.55207,2.66428,8.5269,5.05224,-20.5008,0.609769,-10.2409,4.00554,-17.0671,-9.91314,14.9099,14.9099,9.93995,4.96998,4.96998,4.96998
21.9352,15.2406,9.69285,7.58584,2.68988,8.59194,5.09686,-21.7661,-0.765962,-11.2733,3.2148,-17.9903,-8.63388,14.9224,14.9224,9.94824,4.97412,4.97412,4.97412
21.9402,15.2894,9.77877,7.62652,2.75901,8.55466,5.01883,-21.2339,-0.359772,-10.3844,0.660723,-14.9968,-7.42056,14.9339,14.9339,9.95591,4.97796,4.97796,4.97796
21.9452,15.2911,9.85231,7.63634,2.90479,8.43818,4.95524,-19.4164,0.0827385,-8.8072,0.102433,-16.2837,-8.59157,14.9445,14.9445,9.96297,4.98149,4.98149,4.98149
21.9504,15.5523,9.88627,7.67364,2.92653,8.39789,5.0325,-30.813,3.5714,-12.3794,4.38813,-16.1794,-10.1102,14.9545,14.9545,9.96966,4.98483,4.98483,4.98483
21.9552,16.0066,9.88967,7.73923,2.8097,8.30459,5.18896,-29.1351,2.47163,-11.6974,5.49488,-14.8739,-10.2785,14.9629,14.9629,9.97525,4.98762,4.98762,4.98762
21.9602,16.2416,9.92222,7.77526,2.68653,8.19802,5.21898,-24.1864,1.1203,-9.98255,5.04517,-15.6217,-8.29395,14.9707,14.9707,9.98046,4.99023,4.99023,4.99023
21.9653,16.3041,9.96171,7.79391,2.61145,8.1235,5.14626,-24.0988,1.63328,-10.4993,4.81923,-15.0859,-8.71857,14.9777,14.9777,9.98515,4.99257,4.99257,4.99257
21.9702,16.3649,10.0027,7.82229,2.55816,7.9839,5.15496,-24.9596,1.22163,-10.8522,5.18988,-14.2516,-9.7224,14.9836,14.9836,9.98905,4.99452,4.99452,4.99452
21.9752,16.4072,10.0396,7.84485,2.46982,7.9482,5.14082,-24.3028,1.98488,-9.99241,6.19839,-16.4226,-8.47381,14.9886,14.9886,9.99241,4.99621,4.99621,4.99621
21.9802,16.4091,10.0553,7.85377,2.35326,7.96589,5.07705,-23.4165,3.28095,-9.85513,7.03322,-15.2234,-8.69046,14.9927,14.9927,9.99516,4.99758,4.99758,4.99758
21.9852,16.4036,10.0742,7.87349,2.20803,8.04446,5.15969,-23.8688,1.38655,-10.8772,7.71945,-17.3855,-11.4074,14.9959,14.9959,9.9973,4.99865,4.99865,4.99865
21.9902,16.4202,10.1019,7.89982,2.09881,8.12625,5.26016,-24.143,2.56628,-10.2475,5.30919,-15.4405,-9.08145,14.9982,14.9982,9.99882,4.99941,4.99941,4.99941
21.9953,16.432,10.1229,7.93204,2.13696,8.13988,5.22742,-23.7582,2.62401,-11.0719,2.56806,-16.3187,-8.97426,14.9996,14.9996,9.99973,4.99986,4.99986,4.99986
22.0004,16.4877,10.1641,7.96838,2.27532,8.1995,5.30179,-25.3858,0.500003,-10.6145,1.4584,-16.4926,-11.1024,15,15,10,5,5,5
22.0053,16.5529,10.2312,8.00082,2.4135,8.27345,5.47738,-25.3853,0.50052,-10.6141,1.45857,-16.4924,-11.1022,14.9995,14.9995,9.99965,4.99983,4.99983,4.99983
22.0103,16.6282,10.2825,8.03641,2.51459,8.31471,5.55386,-24.0009,0.888063,-11.3384,3.54561,-16.4257,-9.32979,14.998,14.998,9.99869,4.99935,4.99935,4.99935
22.0155,16.6168,10.3449,8.09027,2.55143,8.38334,5.52055,-23.9985,0.890546,-11.3367,3.54644,-16.4249,-9.32896,14.9956,14.9956,9.99704,4.99852,4.99852,4.99852
22.0203,16.6247,10.4001,8.12554,2.57566,8.43191,5.51718,-23.8574,0.456325,-10.4693,4.85574,-16.3659,-10.0897,14.9924,14.9924,9.99492,4.99746,4.99746,4.99746
22.0254,16.6252,10.4692,8.15366,2.58922,8.3783,5.5572,-23.7033,-0.370663,-10.6692,3.26742,-14.5843,-10.1462,14.9881,14.9881,9.99204,4.99602,4.99602,4.99602
22.0304,16.5977,10.5231,8.19727,2.62241,8.25183,5.54379,-22.9102,1.3248,-12.0535,3.58378,-14.773,-8.9687,14.9829,14.9829,9.9886,4.9943,4.9943,4.9943
22.0353,16.5782,10.5522,8.23442,2.67157,8.1236,5.42691,-23.972,1.63805,-10.3817,2.17816,-14.3653,-8.29604,14.9769,14.9769,9.98463,4.99232,4.99232,4.99232
22.0402,16.619,10.5975,8.2659,2.76822,8.06001,5.36574,-24.9738,-0.112404,-11.4619,1.76645,-15.9279,-9.72619,14.9701,14.9701,9.98007,4.99003,4.99003,4.99003
22.0452,16.6641,10.6527,8.30415,2.86829,8.07055,5.32352,-24.1542,0.695392,-10.9634,1.66972,-15.4533,-8.59748,14.9622,14.9622,9.97481,4.9874,4.9874,4.9874
22.0502,16.6507,10.6879,8.32782,2.91257,8.04612,5.2645,-23.2353,1.32671,-10.5855,3.61846,-15.0944,-9.30662,14.9534,14.9534,9.96893,4.98446,4.98446,4.98446
22.0552,16.6222,10.7105,8.34887,2.85812,8.07597,5.27078,-23.4895,1.80135,-10.7629,5.33568,-16.3745,-9.90782,14.9436,14.9436,9.96243,4.98122,4.98122,4.98122
22.0604,16.5906,10.7386,8.3657,2.7698,8.00724,5.21899,-22.9544,0.78806,-10.1996,4.57761,-13.2741,-8.10735,14.9325,14.9325,9.95503,4.97751,4.97751,4.97751
22.0656,16.5202,10.7759,8.37361,2.69267,7.89085,5.13197,-22.5246,0.953865,-10.2082,4.73068,-15.2324,-9.16316,14.9204,14.9204,9.94696,4.97348,4.97348,4.97348
22.0703,16.5098,10.8212,8.37556,2.64278,7.94835,5.14484,-24.5144,-0.661637,-9.52736,4.37029,-16.3545,-9.89615,14.9086,14.9086,9.93909,4.96955,4.96955,4.96955
22.0752,16.5629,10.8849,8.38047,2.69328,7.95656,5.19082,-25.0292,0.0686278,-10.156,1.55948,-14.1974,-9.73444,14.8955,14.8955,9.93031,4.96516,4.96516,4.96516
22.0804,16.6004,10.925,8.39969,2.74966,7.89337,5.14585,-23.6943,1.30106,-10.7292,4.2803,-14.9624,-8.27218,14.8805,14.8805,9.92036,4.96018,4.96018,4.96018
22.0853,16.6092,10.9505,8.41724,2.73759,7.93811,5.14752,-24.5619,1.47365,-10.0525,3.87958,-16.0338,-10.5276,14.8656,14.8656,9.91037,4.95518,4.95518,4.95518
22.0904,16.6349,10.9732,8.43603,2.73576,7.92739,5.24305,-23.9268,1.05678,-11.0091,3.76917,-13.9749,-10.224,14.849,14.849,9.89935,4.94967,4.94967,4.94967
22.0952,16.63,10.9996,8.45923,2.72193,7.84753,5.30383,-23.6621,1.0692,-10.4903,3.39376,-14.7891,-9.9536,14.8326,14.8326,9.8884,4.9442,4.9442,4.9442
22.1004,16.5956,11.0272,8.47939,2.71062,7.85857,5.34856,-23.3794,0.981652,-10.7077,3.78089,-15.5032,-10.0715,14.8138,14.8138,9.8759,4.93795,4.93795,4.93795
22.1055,16.6105,11.0596,8.50221,2.72001,7.90886,5.40279,-25.0818,0.5833,-10.7032,2.61158,-15.3312,-10.2059,14.7945,14.7945,9.863,4.9315,4.9315,4.9315
22.1103,16.6321,11.0928,8.518,2.74453,7.9155,5.38289,-23.798,0.551177,-10.2432,3.15614,-14.6376,-8.7919,14.7754,14.7754,9.85028,4.92514,4.92514,4.92514
22.1155,16.6228,11.1247,8.5427,2.77961,7.91556,5.36659,-23.7015,0.604292,-11.4473,2.20286,-15.1685,-10.1178,14.7538,14.7538,9.83587,4.91794,4.91794,4.91794
22.1204,16.6067,11.1556,8.56639,2.79376,7.92024,5.41723,-24.0625,0.35376,-10.3275,3.64239,-14.4742,-10.3177,14.7325,14.7325,9.82169,4.91085,4.91085,4.91085
22.1253,16.6077,11.1754,8.57975,2.73847,7.84069,5.36985,-23.4927,1.7982,-10.528,5.22293,-13.672,-8.33139,14.7104,14.7104,9.80693,4.90347,4.90347,4.90347
22.1303,16.572,11.1805,8.59706,2.69726,7.83337,5.35647,-23.0239,1.80589,-10.644,3.2022,-15.6596,-10.8821,14.6869,14.6869,9.79127,4.89564,4.89564,4.89564
22.1353,16.4945,11.1873,8.6168,2.6972,7.95281,5.47046,-22.9995,1.83029,-10.6277,3.21034,-15.6515,-10.8739,14.6625,14.6625,9.77501,4.8875,4.8875,4.8875
22.1404,16.5402,11.1669,8.62935,2.6574,8.01478,5.58394,-26.0942,3.33761,-10.529,5.173,-14.9971,-10.9647,14.6367,14.6367,9.7578,4.8789,4.8789,4.8789
22.1454,16.6205,11.1452,8.64738,2.5715,8.04963,5.67767,-26.068,3.36383,-10.5115,5.18174,-14.9884,-10.956,14.6105,14.6105,9.74031,4.87016,4.87016,4.87016
22.1505,16.7382,11.1267,8.67584,2.5724,8.06868,5.77843,-26.4974,2.68231,-11.444,2.42547,-15.1612,-11.3856,14.5828,14.5828,9.72186,4.86093,4.86093,4.86093
22.1552,16.7978,11.1266,8.6877,2.61821,8.10571,5.8403,-23.7997,0.70714,-9.82553,3.27881,-15.55,-10.3915,14.5565,14.5565,9.70431,4.85215,4.85215,4.85215
22.1603,16.7249,11.1612,8.68693,2.63626,8.19233,5.8526,-23.7702,0.736612,-9.80588,3.28863,-15.5401,-10.3816,14.527,14.527,9.68466,4.84233,4.84233,4.84233
22.1654,16.6397,11.1897,8.7129,2.62576,8.11966,5.83192,-22.7036,1.11762,-11.9947,4.48281,-12.8472,-9.76707,14.4966,14.4966,9.66439,4.83219,4.83219,4.83219
22.1703,16.5475,11.2331,8.73149,2.54697,7.97221,5.80224,-22.8981,-0.987794,-9.358,6.06604,-13.9964,-10.3366,14.4665,14.4665,9.64433,4.82216,4.82216,4.82216
22.1753,16.4712,11.2937,8.73023,2.47322,7.88329,5.80301,-23.3708,-0.487308,-10.3192,4.55304,-13.6547,-10.235,14.4349,14.4349,9.62327,4.81164,4.81164,4.81164
22.1804,16.4326,11.3456,8.73632,2.44492,7.86437,5.81827,-23.452,-0.536873,-10.0087,4.63033,-15.134,-10.58,14.4018,14.4018,9.60118,4.80059,4.80059,4.80059
22.1855,16.399,11.4053,8.73604,2.40687,7.85921,5.82494,-23.6543,-1.20421,-9.83555,4.45952,-13.8227,-10.3948,14.3677,14.3677,9.57848,4.78924,4.78924,4.78924
22.1902,16.3633,11.4598,8.74851,2.43093,7.77405,5.76239,-22.5149,-0.770109,-10.9991,2.33402,-13.398,-8.99302,14.3355,14.3355,9.55701,4.7785,4.7785,4.7785
22.1954,16.2892,11.5142,8.77125,2.51679,7.67247,5.64814,-22.3129,-0.824168,-10.5149,1.99016,-13.5183,-9.46108,14.299,14.299,9.53265,4.76632,4.76632,4.76632
22.2003,16.2516,11.5582,8.78012,2.58634,7.59856,5.60151,-23.6093,-0.323962,-9.95637,2.31657,-13.4486,-10.0455,14.2637,14.2637,9.50911,4.75455,4.75455,4.75455
22.2053,16.2487,11.5971,8.79826,2.61512,7.55674,5.49723,-23.4424,-0.377664,-11.3383,3.82755,-13.9993,-8.17845,14.2268,14.2268,9.48451,4.74225,4.74225,4.74225
22.2102,16.2574,11.6318,8.81342,2.61655,7.42267,5.39706,-24.0437,-0.0687533,-9.65421,3.1278,-11.4698,-9.82212,14.1898,14.1898,9.45984,4.72992,4.72992,4.72992
22.2152,16.2871,11.6577,8.80747,2.62335,7.21599,5.38539,-24.1272,-0.71182,-10.2471,2.28784,-12.3181,-9.77612,14.1511,14.1511,9.43408,4.71704,4.71704,4.71704
22.2203,16.313,11.6801,8.81933,2.66152,7.08607,5.35359,-24.7921,0.648384,-10.8472,1.92039,-12.3295,-9.28245,14.1108,14.1108,9.40721,4.70361,4.70361,4.70361
22.2253,16.3353,11.6839,8.82072,2.67049,6.92887,5.35178,-23.4555,0.416978,-9.68124,3.13446,-11.4632,-10.2377,14.0704,14.0704,9.38028,4.69014,4.69014,4.69014
22.2303,16.2941,11.6972,8.81016,2.64313,6.78929,5.4042,-22.5317,-0.0382603,-9.72897,4.06729,-12.2691,-10.5138,14.0292,14.0292,9.35277,4.67639,4.67639,4.67639
22.2354,16.2441,11.699,8.81449,2.63941,6.76805,5.44506,-23.4146,1.76202,-10.6826,2.46702,-13.1905,-9.97782,13.9862,13.9862,9.32412,4.66206,4.66206,4.66206
22.2404,16.2289,11.6888,8.81505,2.62922,6.82905,5.4568,-23.4425,0.705725,-9.61522,3.79787,-13.7557,-10.2036,13.9432,13.9432,9.29545,4.64773,4.64773,4.64773
22.2452,16.2087,11.6957,8.80419,2.56926,6.86016,5.43474,-23.2231,0.101721,-9.67912,4.30043,-12.5163,-9.24565,13.9011,13.9011,9.26739,4.63369,4.63369,4.63369
22.2502,16.1954,11.7155,8.79943,2.47403,6.86064,5.42358,-23.7103,-0.334289,-10.0151,5.20128,-13.0644,-10.3154,13.8564,13.8564,9.23759,4.6188,4.6188,4.6188
22.2554,16.2007,11.7494,8.79691,2.39502,6.78912,5.47296,-23.596,-1.201,-9.78911,3.95852,-11.3346,-10.5149,13.809,13.809,9.206,4.603,4.603,4.603
22.2602,16.1854,11.7794,8.78817,2.38347,6.55345,5.4188,-22.9171,-0.431447,-9.57131,2.86385,-9.48163,-8.68675,13.7644,13.7644,9.1763,4.58815,4.58815,4.58815
22.2653,16.1378,11.7971,8.78602,2.38404,6.40495,5.38917,-22.2936,0.156452,-10.2184,3.91492,-12.8438,-10.8152,13.7162,13.7162,9.14417,4.57208,4.57208,4.57208
22.2704,16.0944,11.8259,8.78753,2.36946,6.38886,5.37774,-23.395,-1.28377,-9.81369,3.76568,-11.5275,-9.25048,13.6672,13.6672,9.11145,4.55572,4.55572,4.55572
22.2753,16.0833,11.8543,8.77826,2.3389,6.32987,5.34762,-23.284,-0.321687,-9.43476,4.47719,-11.7433,-10.3274,13.6192,13.6192,9.07946,4.53973,4.53973,4.53973
22.2803,16.0338,11.8725,8.76323,2.28681,6.30554,5.38349,-23.2342,-0.271895,-9.40156,4.49379,-11.7267,-10.3109,13.5694,13.5694,9.04626,4.52313,4.52313,4.52313
22.2853,15.9816,11.8811,8.75514,2.27246,6.24369,5.36249,-22.5295,-0.0163655,-10.1766,2.97886,-11.0723,-9.0437,13.5188,13.5188,9.01251,4.50626,4.50626,4.50626
22.2902,15.9434,11.8918,8.75345,2.28722,6.21225,5.34487,-23.2356,-0.41514,-9.75637,3.49247,-12.1402,-10.4759,13.4683,13.4683,8.97889,4.48945,4.48945,4.48945
22.2953,15.9317,11.9029,8.74254,2.30921,6.19364,5.39965,-23.2689,0.0597914,-9.35507,2.83957,-11.3109,-10.2677,13.415,13.415,8.94334,4.47167,4.47167,4.47167
22.3003,15.889,11.9115,8.73112,2.32541,6.17552,5.44627,-22.0693,-0.391387,-9.7899,3.58592,-11.9142,-10.5563,13.3619,13.3619,8.90792,4.45396,4.45396,4.45396
22.3052,15.846,11.9126,8.73681,2.31723,6.11563,5.49211,-23.1196,0.512471,-10.76,3.18954,-10.3069,-10.4393,13.309,13.309,8.87269,4.43634,4.43634,4.43634
22.3104,15.8087,11.8994,8.73364,2.30149,5.99616,5.43763,-22.5899,0.723128,-9.18792,4.13588,-10.6439,-8.49112,13.2521,13.2521,8.83471,4.41736,4.41736,4.41736
22.3154,15.7511,11.8784,8.69899,2.28858,5.87858,5.39724,-21.8881,0.975729,-8.31486,2.77994,-10.0292,-10.6585,13.1965,13.1965,8.79765,4.39882,4.39882,4.39882
22.3204,15.6867,11.8584,8.67715,2.23272,5.80689,5.35145,-22.3518,0.969043,-10.0308,5.18338,-11.2193,-8.53658,13.1401,13.1401,8.76004,4.38002,4.38002,4.38002
22.3253,15.6741,11.8409,8.6679,2.18184,5.71618,5.25065,-23.2965,0.493215,-9.25561,3.08239,-9.47837,-9.29621,13.084,13.084,8.72266,4.36133,4.36133,4.36133
22.3304,15.6509,11.8257,8.63967,2.22037,5.49957,5.20227,-22.3114,0.493299,-8.71246,1.59516,-8.54784,-9.69048,13.0248,13.0248,8.6832,4.3416,4.3416,4.3416
22.3353,15.5987,11.8223,8.61846,2.29081,5.35636,5.11439,-22.0291,-0.44185,-9.63961,1.87934,-10.4661,-8.66938,12.9671,12.9671,8.64477,4.32238,4.32238,4.32238
22.3404,15.5373,11.8311,8.60665,2.30545,5.34278,5.03925,-22.1141,-1.00363,-9.58443,3.10849,-10.537,-9.64271,12.9063,12.9063,8.60422,4.30211,4.30211,4.30211
22.3454,15.4892,11.8456,8.58923,2.28092,5.27639,5.00045,-22.0773,-0.828899,-8.96103,3.60059,-9.29965,-9.08437,12.8459,12.8459,8.56393,4.28197,4.28197,4.28197
22.3502,15.4455,11.8683,8.56327,2.26699,5.18256,4.96971,-22.2156,-1.61724,-8.6836,3.00746,-9.72718,-9.89278,12.7871,12.7871,8.52476,4.26238,4.26238,4.26238
22.3553,15.4091,11.9012,8.5405,2.296,5.15229,5.00134,-22.1878,-1.61311,-9.20784,2.37442,-10.4679,-10.3933,12.7239,12.7239,8.48261,4.2413,4.2413,4.2413
22.3604,15.3914,11.9188,8.5326,2.346,5.10995,5.03551,-22.5729,-0.280366,-9.76915,1.7168,-9.2956,-9.73444,12.6599,12.6599,8.43991,4.21996,4.21996,4.21996
22.3653,15.3612,11.9192,8.53024,2.40835,5.03383,5.0382,-22.5106,-0.218068,-9.72762,1.73757,-9.27483,-9.71367,12.5976,12.5976,8.39838,4.19919,4.19919,4.19919
22.3703,15.3383,11.9231,8.52225,2.43327,4.95724,5.06262,-21.9735,-1.36723,-9.53843,2.97618,-9.3693,-10.1145,12.5332,12.5332,8.35549,4.17774,4.17774,4.17774
22.3753,15.2788,11.9282,8.48757,2.38209,4.9126,5.02944,-21.4828,-0.916016,-7.88572,4.48,-9.52976,-8.87564,12.4681,12.4681,8.31208,4.15604,4.15604,4.15604
22.3802,15.1896,11.9251,8.46437,2.34748,4.88679,4.92455,-20.9337,-0.792359,-10.4656,2.37356,-9.4006,-8.43184,12.4036,12.4036,8.26904,4.13452,4.13452,4.13452
22.3854,15.0901,11.9263,8.45956,2.32982,4.82441,4.755,-20.7461,-1.01465,-9.08391,3.72974,-8.88898,-7.29922,12.3342,12.3342,8.22283,4.11142,4.11142,4.11142
22.3904,15.0294,11.9226,8.42725,2.26316,4.80178,4.67584,-21.9986,-0.312824,-8.22804,4.57194,-9.95118,-9.9429,12.2668,12.2668,8.17788,4.08894,4.08894,4.08894
22.3952,14.9964,11.9224,8.39536,2.19898,4.8489,4.67754,-21.22,-1.58309,-9.00997,3.46767,-10.1612,-8.50521,12.2014,12.2014,8.13426,4.06713,4.06713,4.06713
22.4001,14.9259,11.9391,8.38565,2.20038,4.83957,4.61206,-20.4867,-1.72437,-9.80723,2.3227,-8.76422,-8.47442,12.1339,12.1339,8.08925,4.04462,4.04462,4.04462
22.4052,14.8313,11.9407,8.36928,2.20629,4.80121,4.65664,-19.47,-0.699834,-8.62291,3.29858,-9.7921,-10.4297,12.0628,12.0628,8.04189,4.02094,4.02094,4.02094
22.4102,14.6885,11.9335,8.33871,2.18753,4.84397,4.79509,-19.3996,-0.62944,-8.57598,3.32204,-9.76864,-10.4062,11.9924,11.9924,7.99496,3.99748,3.99748,3.99748
22.4151,14.5662,11.9315,8.30749,2.12548,4.88214,4.84495,-19.2275,-1.52904,-8.56504,4.81911,-9.82821,-8.87601,11.9227,11.9227,7.94849,3.97425,3.97425,3.97425
22.4202,14.4555,11.9262,8.29558,2.0816,4.89484,4.84374,-19.3197,-0.163436,-10.0252,3.00539,-9.40633,-9.68785,11.8494,11.8494,7.89962,3.94981,3.94981,3.94981
22.4252,14.3608,11.9134,8.29479,2.10409,4.90395,4.86628,-19.452,-1.10734,-9.44171,2.61559,-9.65537,-9.27449,11.7768,11.7768,7.85122,3.92561,3.92561,3.92561
22.4302,14.2841,11.9129,8.27062,2.12768,4.95708,4.73684,-19.8751,-1.67231,-8.2496,3.09543,-10.2022,-6.67497,11.7035,11.7035,7.80234,3.90117,3.90117,3.90117
22.4352,14.2276,11.94,8.23182,2.16661,4.96196,4.58189,-19.4779,-3.82038,-8.15425,2.08511,-8.81965,-8.24833,11.6295,11.6295,7.75297,3.87649,3.87649,3.87649
22.4402,14.1107,11.9681,8.18784,2.25863,4.82028,4.61552,-17.5396,-1.83865,-7.80763,0.511995,-7.29604,-10.0947,11.5547,11.5547,7.70313,3.85156,3.85156,3.85156
22.4452,14.197,11.9513,8.16843,2.32548,4.57092,4.7438,-26.6285,0.226485,-10.0041,2.25939,-6.63333,-10.5001,11.4792,11.4792,7.65281,3.82641,3.82641,3.82641
22.4502,14.3605,11.9257,8.15864,2.33271,4.37545,4.82683,-21.4579,-0.832028,-8.57596,2.45039,-7.68433,-9.93649,11.403,11.403,7.60202,3.80101,3.80101,3.80101
22.4551,14.3711,11.8959,8.1157,2.31097,4.19725,4.82567,-21.3905,0.433217,-7.51626,2.98059,-6.25989,-9.21585,11.3277,11.3277,7.55179,3.77589,3.77589,3.77589
22.4603,14.3313,11.8726,8.06308,2.23219,4.01097,4.79407,-20.3248,-1.71219,-8.12708,4.87048,-7.08584,-9.4208,11.247,11.247,7.49799,3.749,3.749,3.749
22.4652,14.2529,11.8579,8.02689,2.11865,3.88589,4.71935,-19.8107,-0.232866,-8.5002,4.49034,-6.7953,-8.2857,11.1703,11.1703,7.44684,3.72342,3.72342,3.72342
22.4702,14.1873,11.8248,7.99441,2.04497,3.75126,4.6121,-20.3188,0.185006,-8.32007,3.24982,-6.62822,-8.61542,11.0913,11.0913,7.3942,3.6971,3.6971,3.6971
22.4752,14.1315,11.7936,7.95481,1.98091,3.59217,4.61143,-20.2588,-0.594238,-7.95555,4.01329,-5.79851,-10.1703,11.0116,11.0116,7.34109,3.67055,3.67055,3.67055
22.4802,14.0789,11.7629,7.90756,1.91819,3.39008,4.6429,-20.6237,-0.088403,-7.74525,3.46875,-5.13417,-9.14169,10.9313,10.9313,7.28754,3.64377,3.64377,3.64377
22.4851,14.0131,11.7338,7.8574,1.88012,3.16709,4.63895,-19.2008,-0.58822,-7.51258,3.27993,-4.76823,-9.56235,10.8519,10.8519,7.23461,3.61731,3.61731,3.61731
22.4902,13.922,11.7114,7.81898,1.87801,2.90208,4.62182,-19.7558,-0.548215,-8.54594,2.44658,-3.6061,-9.21994,10.7686,10.7686,7.17908,3.58954,3.58954,3.58954
22.4953,13.8454,11.6911,7.7978,1.8936,2.6457,4.58759,-19.4866,-1.15376,-8.84524,2.61534,-3.77682,-9.29958,10.6846,10.6846,7.12308,3.56154,3.56154,3.56154
22.5002,13.779,11.6614,7.7711,1.92507,2.44795,4.45551,-19.6653,0.405131,-7.98427,1.73166,-3.3357,-6.92094,10.6033,10.6033,7.06885,3.53442,3.53442,3.53442
22.5052,13.7182,11.6229,7.73153,1.91562,2.28617,4.31979,-19.7826,-0.299213,-7.83027,3.98686,-3.05114,-9.03758,10.5196,10.5196,7.01308,3.50654,3.50654,3.50654
22.5102,13.6589,11.5889,7.68225,1.88722,2.17485,4.29479,-19.6746,-0.0455073,-7.22439,2.3424,-2.61732,-8.86872,10.4353,10.4353,6.95687,3.47844,3.47844,3.47844
22.5152,13.578,11.5413,7.6336,1.93327,2.11499,4.33572,-18.9041,0.583142,-8.00167,0.905161,-2.15016,-10.248,10.3504,10.3504,6.90024,3.45012,3.45012,3.45012
22.5204,13.5,11.4913,7.60982,1.95548,2.12813,4.3092,-19.3352,0.435766,-8.91208,3.17872,-2.22812,-7.6598,10.2613,10.2613,6.84089,3.42044,3.42044,3.42044
22.5252,13.4186,11.4605,7.59181,1.93134,2.24076,4.26088,-18.5038,-0.89591,-8.23407,2.71779,-2.28333,-9.38757,10.1786,10.1786,6.7857,3.39285,3.39285,3.39285
22.5306,13.2928,11.4402,7.56077,1.91712,2.46829,4.29205,-18.4099,-0.802087,-8.17152,2.74906,-2.25206,-9.3563,10.0847,10.0847,6.72315,3.36158,3.36158,3.36158
22.5352,13.2137,11.4237,7.52558,1.87924,2.68227,4.30917,-18.5895,-1.58051,-7.6288,3.28098,-2.0265,-9.25494,10.0042,10.0042,6.66949,3.33474,3.33474,3.33474
22.5401,13.119,11.418,7.48314,1.84289,2.93526,4.32398,-18.5032,-1.49419,-7.57125,3.30975,-1.99773,-9.22617,9.91791,9.91791,6.61194,3.30597,3.30597,3.30597
22.5452,13.0457,11.4071,7.42941,1.82063,3.20641,4.28727,-18.6885,-1.35644,-6.83587,2.53675,-2.29877,-8.16101,9.82744,9.82744,6.55163,3.27581,3.27581,3.27581
22.5502,12.9833,11.3799,7.3749,1.82216,3.48304,4.23001,-19.0523,-0.290017,-7.53709,2.43403,-2.20277,-9.07517,9.73814,9.73814,6.49209,3.24605,3.24605,3.24605
22.5552,12.9299,11.3467,7.34674,1.82812,3.71614,4.13622,-18.663,-0.69261,-8.64128,2.39776,-1.84988,-7.33124,9.64823,9.64823,6.43215,3.21608,3.21608,3.21608
22.5603,12.8458,11.3074,7.32335,1.80979,3.89768,4.03605,-18.3185,-0.0408123,-8.03007,3.46354,-1.35542,-8.67494,9.55591,9.55591,6.37061,3.1853,3.1853,3.1853
22.5652,12.748,11.2628,7.27833,1.78535,4.0805,3.96295,-17.8155,-0.759237,-7.09693,2.50797,-2.23647,-7.48599,9.46664,9.46664,6.31109,3.15555,3.15555,3.15555
22.5702,12.6325,11.2338,7.2203,1.83395,4.26982,3.90246,-17.578,-1.14036,-6.83517,0.998453,-1.65115,-8.83819,9.37496,9.37496,6.24997,3.12499,3.12499,3.12499
22.5753,12.5105,11.2027,7.15718,1.9166,4.38517,3.88279,-17.0584,-0.880777,-6.77244,0.938741,-1.12298,-8.26862,9.28086,9.28086,6.18724,3.09362,3.09362,3.09362
22.5804,12.4129,11.1606,7.10295,1.96073,4.4515,3.84373,-18.1142,0.064963,-7.32585,2.03843,-0.983772,-8.57653,9.18616,9.18616,6.1241,3.06205,3.06205,3.06205
22.5854,12.3333,11.1183,7.06716,1.97989,4.50091,3.88028,-17.7962,-0.929061,-8.14138,1.64729,-0.778754,-9.52243,9.09274,9.09274,6.06183,3.03091,3.03091,3.03091
22.5902,12.2582,11.0774,7.03876,1.99273,4.51752,3.89301,-17.6233,0.307685,-7.63189,2.0748,-0.533405,-8.13444,9.00253,9.00253,6.00169,3.00084,3.00084,3.00084
22.5952,12.1807,11.0253,7.00322,2.02237,4.49151,3.89627,-17.6272,0.071235,-7.59187,0.988498,0.0528583,-9.20418,8.90802,8.90802,5.93868,2.96934,2.96934,2.96934
22.6005,12.0978,10.9707,6.95027,2.05153,4.46415,3.88953,-17.6722,-0.0604451,-6.60927,2.00741,-0.360668,-8.26807,8.80725,8.80725,5.8715,2.93575,2.93575,2.93575
22.6052,12.01,10.9147,6.89184,2.05485,4.4519,3.89088,-16.9401,0.829257,-6.60787,1.63993,-0.0491878,-9.38075,8.71736,8.71736,5.81158,2.90579,2.90579,2.90579
22.6103,11.9054,10.8454,6.82655,2.05777,4.45042,3.83755,-17.2912,0.553025,-6.50487,1.97898,-0.397378,-7.44366,8.61929,8.61929,5.7462,2.8731,2.8731,2.8731
22.6153,11.8084,10.7814,6.76159,2.04432,4.45677,3.74259,-16.7966,0.271468,-6.45086,2.00293,-0.0670706,-8.13179,8.52261,8.52261,5.68174,2.84087,2.84087,2.84087
22.6202,11.7306,10.7334,6.71052,2.0131,4.41429,3.68221,-17.3515,-0.437033,-7.17111,2.72192,0.511162,-7.79368,8.42735,8.42735,5.61824,2.80912,2.80912,2.80912
22.6252,11.6643,10.6953,6.67253,1.95887,4.37792,3.5983,-17.2971,-0.894855,-7.50933,2.86214,0.030375,-7.25602,8.32963,8.32963,5.55309,2.77654,2.77654,2.77654
22.6303,11.6058,10.6678,6.63353,1.90681,4.34953,3.55533,-17.2639,-1.14531,-6.91167,2.56434,0.403256,-8.62194,8.22943,8.22943,5.48629,2.74314,2.74314,2.74314
22.6355,11.5114,10.6379,6.58221,1.87849,4.33737,3.53639,-15.7624,-0.569803,-6.5297,2.12661,-0.208348,-7.45335,8.12672,8.12672,5.41782,2.70891,2.70891,2.70891
22.6404,11.4007,10.6026,6.52458,1.88194,4.33896,3.54907,-16.3822,-0.756203,-6.21613,1.49664,0.370559,-9.22596,8.02944,8.02944,5.35296,2.67648,2.67648,2.67648
22.6454,11.3075,10.5605,6.46238,1.91074,4.34232,3.54802,-16.1643,0.170954,-6.04722,1.10761,-0.225469,-7.36283,7.92969,7.92969,5.28646,2.64323,2.64323,2.64323
22.6504,11.1979,10.5096,6.39172,1.94163,4.38589,3.57828,-16.0207,-0.264641,-5.67316,1.33975,-0.0761337,-10.1032,7.82944,7.82944,5.21963,2.60981,2.60981,2.60981
22.6553,11.1674,10.4455,6.32234,1.97841,4.36738,3.63515,-18.9203,1.31551,-6.0149,0.552929,0.900689,-8.14935,7.73073,7.73073,5.15382,2.57691,2.57691,2.57691
22.6603,11.1805,10.3786,6.26561,2.06731,4.28856,3.58966,-17.9365,0.199244,-6.64759,-0.630499,1.26562,-8.02454,7.62954,7.62954,5.08636,2.54318,2.54318,2.54318
22.6653,11.0976,10.3198,6.21693,2.1835,4.21522,3.50231,-15.5576,0.33243,-6.64042,-0.76221,1.03455,-7.46901,7.52787,7.52787,5.01858,2.50929,2.50929,2.50929
22.6702,10.9563,10.2588,6.17531,2.31137,4.1511,3.43664,-15.3629,0.653154,-7.03559,-1.41609,1.33287,-8.18085,7.42779,7.42779,4.95186,2.47593,2.47593,2.47593
22.6752,10.7954,10.2057,6.13602,2.46951,4.10548,3.36008,-14.4448,-0.0637867,-6.58055,-2.07742,0.861984,-7.26898,7.32521,7.32521,4.88347,2.44174,2.44174,2.44174
22.6803,10.6088,10.1593,6.0896,2.63152,4.08624,3.24942,-14.3397,0.0413099,-6.51049,-2.04238,0.897017,-7.23394,7.22011,7.22011,4.81341,2.4067,2.4067,2.4067
22.6853,10.4591,10.1052,6.03741,2.73308,4.02126,3.23161,-14.9809,0.278756,-6.128,-2.13209,1.56907,-8.75609,7.11662,7.11662,4.74442,2.37221,2.37221,2.37221
22.6903,10.3236,10.0514,5.98104,2.75981,3.94096,3.2837,-14.8769,0.382681,-6.05871,-2.09745,1.60371,-8.72145,7.0127,7.0127,4.67513,2.33757,2.33757,2.33757
22.6953,10.1783,9.97906,5.91324,2.69738,3.85267,3.27551,-13.9688,1.7636,-5.23465,-2.46838,1.77098,-7.66822,6.90834,6.90834,4.60556,2.30278,2.30278,2.30278
22.7002,10.0223,9.89421,5.83962,2.58168,3.79914,3.22473,-14.1971,1.33438,-5.56957,-1.99531,1.42433,-7.79131,6.80566,6.80566,4.53711,2.26855,2.26855,2.26855
22.7052,9.90131,9.81763,5.768,2.45883,3.87309,3.17979,-15.0257,0.777656,-5.38658,-2.68061,-0.320808,-8.06261,6.70046,6.70046,4.46698,2.23349,2.23349,2.23349
22.7102,9.83117,9.75399,5.69906,2.35303,3.94209,3.0343,-15.7396,0.193765,-5.5607,-2.58745,1.37039,-5.53513,6.59486,6.59486,4.39657,2.19829,2.19829,2.19829
22.7155,9.77106,9.68742,5.63433,2.27021,3.90515,2.92204,-15.3317,0.558313,-5.97065,-3.5767,1.85498,-8.32114,6.48247,6.48247,4.32164,2.16082,2.16082,2.16082
22.7203,9.68554,9.63661,5.5948,2.22492,3.79896,2.89733,-14.0081,-0.155093,-6.70092,-3.435,2.61768,-7.01196,6.38029,6.38029,4.25353,2.12676,2.12676,2.12676
22.7253,9.57991,9.58314,5.55841,2.16679,3.60297,2.89704,-14.6223,0.487564,-6.35174,-3.29176,3.75452,-8.67376,6.27348,6.27348,4.18232,2.09116,2.09116,2.09116
22.7304,9.44446,9.51364,5.52299,2.09697,3.39388,2.87588,-13.004,0.975156,-6.91629,-3.01519,3.23621,-6.73291,6.16412,6.16412,4.10942,2.05471,2.05471,2.05471
22.7354,9.31708,9.44411,5.49231,2.04001,3.22939,2.83473,-14.1808,1.19307,-6.37849,-3.74108,3.27208,-8.11292,6.05653,6.05653,4.03769,2.01884,2.01884,2.01884
22.7402,9.22146,9.37933,5.44994,1.98628,3.08119,2.8784,-13.7305,0.942107,-5.78899,-3.1021,3.3563,-8.32678,5.95289,5.95289,3.9686,1.9843,1.9843,1.9843
22.7453,9.11542,9.30866,5.39329,1.88654,2.91252,2.83734,-13.8761,1.08017,-5.56903,-1.99715,4.03069,-6.40211,5.84241,5.84241,3.89494,1.94747,1.94747,1.94747
22.7502,9.01494,9.24426,5.32994,1.78136,2.8427,2.7594,-13.6041,0.426262,-5.07166,-2.69857,2.19491,-7.31053,5.7359,5.7359,3.82393,1.91197,1.91197,1.91197
22.7552,8.93796,9.17683,5.26141,1.72288,2.8165,2.75311,-14.7283,1.29571,-5.21215,-4.09466,3.38218,-7.8455,5.62687,5.62687,3.75124,1.87562,1.87562,1.87562
22.7602,8.87175,9.09308,5.19161,1.69286,2.65281,2.75691,-14.0949,1.81091,-5.01383,-4.0996,5.03324,-7.67656,5.51749,5.51749,3.67832,1.83916,1.83916,1.83916
22.7652,8.76969,9.01365,5.12712,1.66318,2.36762,2.66947,-13.2168,0.734693,-5.56978,-4.28659,5.98889,-6.33175,5.40777,5.40777,3.60518,1.80259,1.80259,1.80259
22.7702,8.6298,8.93404,5.07318,1.6175,2.12029,2.57835,-12.4173,2.13707,-5.65734,-3.5047,4.89122,-7.33006,5.29771,5.29771,3.53181,1.7659,1.7659,1.7659
22.7754,8.49092,8.83406,5.00968,1.60345,1.94719,2.52459,-13.0708,2.25975,-4.89738,-5.139,4.8384,-6.90264,5.18291,5.18291,3.45528,1.72764,1.72764,1.72764
22.7802,8.35366,8.75366,4.94171,1.57711,1.80111,2.52851,-11.8613,1.10917,-4.80562,-3.50553,5.11395,-8.27481,5.07663,5.07663,3.38442,1.69221,1.69221,1.69221
22.7852,8.19968,8.6671,4.87053,1.46244,1.61548,2.58616,-12.2664,2.46128,-4.83402,-1.97813,5.87959,-7.92317,4.96562,4.96562,3.31041,1.65521,1.65521,1.65521
22.7902,8.09032,8.57098,4.79886,1.34809,1.5006,2.567,-13.2465,2.14708,-4.62187,-3.44798,4.29382,-6.77654,4.8543,4.8543,3.2362,1.6181,1.6181,1.6181
22.7953,7.99541,8.48815,4.72391,1.26684,1.48957,2.4758,-12.6874,1.00407,-4.58777,-3.30239,4.29865,-6.78827,4.74045,4.74045,3.1603,1.58015,1.58015,1.58015
22.8003,7.90851,8.41261,4.65753,1.21427,1.44477,2.37857,-12.9301,2.31769,-4.75142,-3.6294,5.05632,-6.43632,4.62853,4.62853,3.08569,1.54284,1.54284,1.54284
22.8053,7.82904,8.34196,4.59783,1.22543,1.31811,2.33414,-12.6997,0.715991,-4.89398,-5.33908,6.00452,-7.47532,4.51633,4.51633,3.01089,1.50544,1.50544,1.50544
22.8102,7.72534,8.28271,4.53983,1.23821,1.20303,2.27493,-11.7187,1.37388,-4.66165,-3.4559,5.16358,-5.92334,4.4061,4.4061,2.9374,1.4687,1.4687,1.4687
22.8152,7.59105,8.1934,4.48175,1.22005,1.15807,2.14263,-11.4445,3.26751,-5.01285,-4.22976,5.019,-6.02652,4.29335,4.29335,2.86224,1.43112,1.43112,1.43112
22.8204,7.47006,8.09411,4.42615,1.22622,1.11944,2.03629,-12.0873,2.08484,-4.89687,-4.39758,5.18238,-5.93766,4.17582,4.17582,2.78388,1.39194,1.39194,1.39194
22.8254,7.33935,7.99739,4.3629,1.21307,1.15457,2.02679,-11.0482,2.82458,-4.45978,-3.79678,3.89534,-7.6801,4.06254,4.06254,2.70836,1.35418,1.35418,1.35418
22.8305,7.18925,7.8881,4.2964,1.1961,1.23116,2.07516,-11.0663,3.34621,-4.57694,-4.2053,4.38934,-7.02878,3.94673,3.94673,2.63115,1.31558,1.31558,1.31558
22.8352,7.08763,7.80373,4.23813,1.17456,1.24886,2.14053,-12.0665,1.51861,-4.4534,-3.39961,4.95491,-8.06953,3.83979,3.83979,2.55986,1.27993,1.27993,1.27993
22.8403,6.97285,7.72272,4.17328,1.11133,1.2613,2.235,-10.847,2.24166,-4.46992,-3.13729,4.52999,-7.89001,3.7235,3.7235,2.48233,1.24117,1.24117,1.24117
22.8453,6.84135,7.64139,4.11279,1.04018,1.29281,2.30332,-10.7328,2.35589,-4.39377,-3.09921,4.56807,-7.85193,3.60927,3.60927,2.40618,1.20309,1.20309,1.20309
22.8502,6.73126,7.55799,4.05201,1.01101,1.18484,2.28679,-11.2825,2.21984,-4.36079,-5.33054,7.14742,-6.3821,3.4971,3.4971,2.3314,1.1657,1.1657,1.1657
22.8555,6.62585,7.4693,3.98566,1.04497,0.947445,2.2025,-11.161,2.3414,-4.27975,-5.29002,7.18794,-6.34158,3.37554,3.37554,2.25036,1.12518,1.12518,1.12518
22.8604,6.51131,7.36814,3.91818,1.02914,0.834846,2.12518,-10.5677,3.69903,-3.90582,-3.70413,5.29623,-6.08049,3.26295,3.26295,2.1753,1.08765,1.08765,1.08765
22.8653,6.38263,7.25725,3.84331,0.987498,0.856064,2.07624,-10.3367,3.43357,-3.44398,-4.0971,4.8039,-6.92886,3.15017,3.15017,2.10011,1.05006,1.05006,1.05006
22.8703,6.24623,7.15626,3.76204,0.958973,0.865511,2.02171,-9.93777,3.07999,-3.04736,-3.78543,5.65377,-5.88855,3.03489,3.03489,2.02326,1.01163,1.01163,1.01163
22.8753,6.09451,7.04775,3.6745,0.940576,0.782463,1.97052,-9.39678,4.3223,-2.5691,-4.86474,6.5451,-6.95958,2.91942,2.91942,1.94628,0.973141,0.973141,0.973141
22.8803,5.94047,6.94051,3.58398,0.915982,0.705748,1.92246,-9.50966,3.2914,-2.26001,-3.52623,5.85501,-5.73699,2.80378,2.80378,1.86918,0.934592,0.934592,0.934592
22.8852,5.82947,6.8513,3.49247,0.904055,0.662293,1.85741,-10.7318,2.65236,-1.78098,-5.31,6.1578,-6.64308,2.69028,2.69028,1.79352,0.896758,0.896758,0.896758
22.8905,5.71722,6.77771,3.4019,0.913172,0.664136,1.77176,-9.43475,1.69969,-1.91428,-4.0767,5.01474,-5.72442,2.56733,2.56733,1.71155,0.855777,0.855777,0.855777
22.8955,5.59554,6.72096,3.32923,0.868687,0.702163,1.7145,-9.94112,1.1421,-1.86402,-3.23482,5.55026,-6.7207,2.45118,2.45118,1.63412,0.81706,0.81706,0.81706
22.9004,5.47617,6.66171,3.2701,0.848846,0.690218,1.57161,-9.16129,2.13075,-1.74833,-4.70379,5.95257,-4.23183,2.33721,2.33721,1.55814,0.779069,0.779069,0.779069
22.9055,5.33336,6.57637,3.21845,0.860308,0.646397,1.3956,-8.7746,3.53396,-1.596,-4.82152,5.98388,-5.35972,2.21844,2.21844,1.47896,0.739479,0.739479,0.739479
22.9102,5.19069,6.4766,3.17354,0.835752,0.57197,1.40055,-8.51135,3.97057,-1.41426,-3.21179,6.81529,-7.31039,2.10885,2.10885,1.4059,0.702951,0.702951,0.702951
22.9153,5.03462,6.37875,3.12869,0.776147,0.42659,1.35651,-7.99437,3.02187,-1.21786,-3.21351,7.36005,-4.29819,1.98981,1.98981,1.32654,0.663271,0.663271,0.663271
22.9205,4.88844,6.28625,3.0831,0.754268,0.396401,1.30117,-8.54661,3.31279,-1.06998,-3.73605,4.89999,-6.76653,1.86831,1.86831,1.24554,0.62277,0.62277,0.62277
22.9253,4.74222,6.20224,3.03989,0.743734,0.378559,1.34101,-7.2484,2.5819,-1.03693,-3.60755,7.30549,-5.89283,1.75604,1.75604,1.17069,0.585347,0.585347,0.585347
22.9303,4.5927,6.12914,2.99533,0.718372,0.265314,1.36125,-8.19909,2.17099,-0.866939,-3.08001,6.78147,-6.08565,1.63899,1.63899,1.09266,0.54633,0.54633,0.54633
22.9352,4.40613,6.06666,2.94914,0.752061,0.237894,1.35886,-5.46024,1.51356,-0.775769,-5.89006,5.9669,-5.98942,1.52418,1.52418,1.01612,0.50806,0.50806,0.50806
22.9405,4.28428,5.95364,2.89469,0.846595,0.113564,1.32577,-10.5092,6.38948,-0.412854,-5.81551,8.49233,-5.09515,1.3999,1.3999,0.933264,0.466632,0.466632,0.466632
22.9453,4.33443,5.80203,2.84113,0.924186,-0.143107,1.27097,-11.811,6.79369,-0.220719,-6.39896,9.2668,-5.64548,1.28725,1.28725,0.858169,0.429084,0.429084,0.429084
22.9506,4.33581,5.65397,2.78792,0.961103,-0.440551,1.2555,-8.50695,5.13333,-0.545295,-4.85052,9.20064,-6.08424,1.16279,1.16279,0.775195,0.387597,0.387597,0.387597
22.9555,4.24145,5.53421,2.74305,0.958155,-0.610403,1.24477,-8.03721,5.49275,-0.361945,-5.25926,7.94734,-6.05414,1.04765,1.04765,0.698435,0.349218,0.349218,0.349218
22.9604,4.12219,5.41971,2.6997,0.929731,-0.603092,1.22385,-7.68955,4.45353,-0.740764,-5.1215,6.19726,-5.85014,0.932451,0.932451,0.621634,0.310817,0.310817,0.310817
22.9653,3.97903,5.31377,2.65568,0.856283,-0.509164,1.15665,-6.92813,5.03371,-0.166506,-3.69204,6.42612,-5.29008,0.817195,0.817195,0.544796,0.272398,0.272398,0.272398
22.9704,3.82753,5.1903,2.59948,0.775539,-0.478371,1.09454,-7.65522,5.44134,-0.0593282,-4.80295,7.51769,-5.92075,0.697182,0.697182,0.464788,0.232394,0.232394,0.232394
22.9753,3.69917,5.07373,2.54462,0.705076,-0.386965,1.03421,-7.23255,5.06025,0.0698206,-3.65498,5.27914,-5.1785,0.581834,0.581834,0.387889,0.193945,0.193945,0.193945
22.9802,3.56238,4.97217,2.49143,0.609823,-0.282588,0.95368,-7.04231,4.15517,-0.0580775,-3.43436,7.14748,-5.198,0.466451,0.466451,0.310968,0.155484,0.155484,0.155484
22.9853,3.40955,4.87605,2.44237,0.546727,-0.216948,0.903212,-6.44151,4.39349,-0.247607,-4.77708,5.9538,-5.53884,0.34633,0.34633,0.230887,0.115443,0.115443,0.115443
22.9903,3.26713,4.79685,2.39852,0.534263,-0.0994574,0.82898,-6.73742,3.3214,-0.123101,-5.33398,5.87714,-4.09198,0.228542,0.228542,0.152361,0.0761807,0.0761807,0.0761807
22.9954,3.14402,4.71538,2.35605,0.500644,-0.109354,0.818131,-7.1531,4.32806,-0.417106,-3.85321,8.19419,-6.85057,0.108384,0.108384,0.072256,0.036128,0.036128,0.036128
23.0007,3.03377,4.62128,2.31591,0.431098,-0.246248,0.940613,-7.02823,4.45293,-0.333854,-3.81158,8.23582,-6.80894,-0.0164934,-0.0164934,-0.0109956,-0.00549779,-0.00549779,-0.00549779
23.0053,2.91975,4.53042,2.28011,0.38091,-0.312893,1.00742,-6.49038,4.65194,-0.552109,-4.43785,7.16243,-6.26773,-0.124877,-0.124877,-0.0832512,-0.0416256,-0.0416256,-0.0416256
23.0104,2.79144,4.43276,2.24529,0.352569,-0.31881,1.03393,-6.37023,4.77209,-0.472004,-4.3978,7.20248,-6.22768,-0.245033,-0.245033,-0.163356,-0.0816778,-0.0816778,-0.0816778
23.0157,2.67165,4.313,2.19222,0.334367,-0.396995,1.10002,-6.79303,6.22473,0.7043,-4.78674,8.5689,-7.2045,-0.369885,-0.369885,-0.24659,-0.123295,-0.123295,-0.123295
23.0203,2.56961,4.2012,2.12868,0.312706,-0.481962,1.13558,-6.55861,5.27321,0.914468,-4.75891,7.88465,-5.80219,-0.478226,-0.478226,-0.318818,-0.159409,-0.159409,-0.159409
23.0252,2.46395,4.09956,2.06168,0.292315,-0.531384,1.11206,-6.44323,5.38859,0.991387,-4.72045,7.92311,-5.76373,-0.593606,-0.593606,-0.395737,-0.197869,-0.197869,-0.197869
23.0303,2.33183,3.99053,1.99795,0.274424,-0.521129,1.02073,-5.64944,5.63078,0.517572,-4.95367,6.70457,-4.30783,-0.713657,-0.713657,-0.475772,-0.237886,-0.237886,-0.237886
23.0354,2.1981,3.87508,1.93702,0.263875,-0.434,0.990203,-6.12044,6.07386,0.860915,-5.60919,6.75285,-6.53655,-0.833663,-0.833663,-0.555775,-0.277888,-0.277888,-0.277888
23.0404,2.06175,3.75391,1.87515,0.249601,-0.437374,1.02981,-5.06118,6.59728,0.811826,-4.96555,8.34869,-5.83495,-0.951264,-0.951264,-0.634176,-0.317088,-0.317088,-0.317088
23.0453,1.92889,3.64026,1.81381,0.265821,-0.557691,0.998585,-5.93492,5.52654,0.9973,-6.65767,8.97497,-5.30803,-1.06646,-1.06646,-0.71097,-0.355485,-0.355485,-0.355485
23.0503,1.80428,3.52446,1.74522,0.342062,-0.69725,0.870526,-5.19493,7.03089,1.50198,-7.15672,8.83196,-4.2256,-1.18393,-1.18393,-0.789289,-0.394644,-0.394644,-0.394644
23.0553,1.67396,3.39994,1.68884,0.413474,-0.783896,0.75864,-5.29422,6.4588,0.108888,-6.91886,8.4157,-5.23802,-1.30134,-1.30134,-0.867558,-0.433779,-0.433779,-0.433779
23.0603,1.55409,3.28532,1.63832,0.391228,-0.891378,0.66304,-5.433,6.01664,1.00429,-4.37919,9.30765,-4.40403,-1.41866,-1.41866,-0.945775,-0.472887,-0.472887,-0.472887
23.0654,1.42552,3.15649,1.57669,0.34451,-0.987586,0.556074,-4.5924,7.90922,1.15507,-6.00361,8.55263,-4.87753,-1.53824,-1.53824,-1.02549,-0.512747,-0.512747,-0.512747
23.0704,1.28046,3.03093,1.51233,0.317316,-1.14619,0.445028,-4.37282,6.52522,1.49442,-5.29389,10.5292,-3.95253,-1.65538,-1.65538,-1.10359,-0.551794,-0.551794,-0.551794
23.0754,1.15028,2.92477,1.44125,0.261738,-1.26458,0.340799,-4.88224,6.00792,1.75636,-4.36891,8.06765,-4.82431,-1.77242,-1.77242,-1.18161,-0.590807,-0.590807,-0.590807
23.0803,1.02212,2.83535,1.37253,0.198121,-1.33022,0.291923,-3.86933,5.74427,1.80977,-4.34728,9.76184,-5.05108,-1.88701,-1.88701,-1.25801,-0.629004,-0.629004,-0.629004
23.0853,0.861793,2.74284,1.29946,0.160429,-1.43113,0.223444,-3.63825,5.96747,2.00677,-5.79046,8.93966,-3.6625,-2.00383,-2.00383,-1.33588,-0.667942,-0.667942,-0.667942
23.0905,0.729984,2.64883,1.22905,0.153557,-1.43059,0.218089,-4.61616,5.83272,1.6028,-5.53473,8.10243,-6.18057,-2.12518,-2.12518,-1.41679,-0.708394,-0.708394,-0.708394
23.0956,0.624809,2.54701,1.16183,0.141729,-1.40049,0.239163,-4.37119,6.95631,1.96211,-5.69382,8.48982,-4.35246,-2.24407,-2.24407,-1.49604,-0.748022,-0.748022,-0.748022
23.1004,0.509717,2.43281,1.10245,0.151413,-1.40287,0.23815,-4.22003,7.15475,1.1003,-6.52596,8.88312,-5.60688,-2.35583,-2.35583,-1.57055,-0.785275,-0.785275,-0.785275
23.1055,0.392269,2.30953,1.04465,0.178776,-1.40091,0.26457,-3.94384,7.8407,1.89624,-6.46159,8.40101,-5.31895,-2.47442,-2.47442,-1.64962,-0.824808,-0.824808,-0.824808
23.1103,0.279107,2.19031,0.982013,0.196719,-1.3752,0.273438,-3.83236,7.95218,1.97055,-6.42443,8.43817,-5.28179,-2.5859,-2.5859,-1.72393,-0.861967,-0.861967,-0.861967
23.1155,0.151142,2.05824,0.91704,0.161615,-1.40752,0.277596,-3.84966,7.74576,1.6016,-4.59575,9.55477,-5.24159,-2.7065,-2.7065,-1.80433,-0.902167,-0.902167,-0.902167
23.1204,0.0369556,1.95091,0.855501,0.176712,-1.3593,0.190978,-3.57464,6.80332,2.32306,-7.42281,6.93471,-3.46497,-2.81998,-2.81998,-1.87998,-0.939992,-0.939992,-0.939992
23.1254,-0.0958676,1.84229,0.786498,0.171214,-1.32721,0.0543573,-3.2108,7.35234,1.95916,-4.64359,10.0534,-3.84043,-2.9356,-2.9356,-1.95707,-0.978533,-0.978533,-0.978533
23.1305,-0.232296,1.72203,0.717352,0.146748,-1.42534,-0.0282949,-3.06548,7.9941,2.42848,-6.30174,9.19842,-4.25658,-3.05334,-3.05334,-2.03556,-1.01778,-1.01778,-1.01778
23.1356,-0.342949,1.59062,0.653397,0.165292,-1.50132,-0.0839402,-3.71622,8.81692,1.79834,-6.32879,9.80893,-4.30847,-3.1709,-3.1709,-2.11393,-1.05697,-1.05697,-1.05697
23.1403,-0.454288,1.47718,0.606888,0.166167,-1.58018,-0.120034,-2.26059,7.80611,1.68443,-5.74626,9.28194,-4.50426,-3.27905,-3.27905,-2.18603,-1.09302,-1.09302,-1.09302
23.1453,-0.55987,1.34964,0.547214,0.249563,-1.75845,-0.096582,-3.87934,9.73336,2.67433,-9.6079,11.8622,-5.50098,-3.3939,-3.3939,-2.2626,-1.1313,-1.1313,-1.1313
23.1504,-0.658839,1.2042,0.475416,0.373604,-1.92666,-0.10214,-2.7577,8.93228,2.44924,-8.26064,9.649,-4.19516,-3.51084,-3.51084,-2.34056,-1.17028,-1.17028,-1.17028
23.1553,-0.782284,1.09796,0.419168,0.43361,-1.99361,-0.135192,-2.26731,7.51177,2.13317,-7.57742,10.0921,-5.29214,-3.62299,-3.62299,-2.41532,-1.20766,-1.20766,-1.20766
23.1603,-0.927658,1.00072,0.363312,0.462559,-2.06033,-0.119133,-2.15311,7.62597,2.20931,-7.53935,10.1302,-5.25407,-3.73719,-3.73719,-2.49146,-1.24573,-1.24573,-1.24573
23.1652,-1.0989,0.889294,0.294653,0.445712,-2.10105,-0.180878,-1.32826,8.52568,3.08216,-6.04483,9.91901,-3.75127,-3.8489,-3.8489,-2.56593,-1.28297,-1.28297,-1.28297
23.1703,-1.27753,0.773102,0.21382,0.364297,-2.14768,-0.305172,-1.61019,8.31467,3.21594,-5.0788,10.0322,-3.88648,-3.96491,-3.96491,-2.64328,-1.32164,-1.32164,-1.32164
23.1752,-1.42198,0.6675,0.147268,0.246849,-2.15917,-0.366519,-1.97964,7.85066,2.30988,-4.32965,9.63043,-4.86785,-4.07614,-4.07614,-2.71743,-1.35871,-1.35871,-1.35871
23.1802,-1.58023,0.55772,0.0791135,0.129868,-2.21537,-0.336681,-0.972008,8.98437,3.48472,-4.97086,10.7611,-5.7409,-4.18939,-4.18939,-2.79293,-1.39646,-1.39646,-1.39646
23.1852,-1.74109,0.460451,-0.000484232,0.0486031,-2.30496,-0.400706,-1.28848,6.96976,3.39703,-5.77775,10.4262,-2.83007,-4.30238,-4.30238,-2.86826,-1.43413,-1.43413,-1.43413
23.1901,-1.87103,0.373375,-0.0641692,-0.0227978,-2.34744,-0.518985,-1.58382,8.35286,2.45911,-5.29381,9.94139,-4.53205,-4.41286,-4.41286,-2.9419,-1.47095,-1.47095,-1.47095
23.1952,-1.99993,0.255607,-0.126606,-0.0580537,-2.44678,-0.539658,-1.30364,9.62986,3.1793,-7.05233,11.6605,-4.56833,-4.52756,-4.52756,-3.01837,-1.50919,-1.50919,-1.50919
23.2002,-2.13277,0.148909,-0.194716,-0.0615736,-2.50567,-0.624732,-0.750184,7.68536,3.22274,-6.00478,9.45398,-2.78386,-4.63974,-4.63974,-3.09316,-1.54658,-1.54658,-1.54658
23.2052,-2.25438,0.0466854,-0.255033,-0.0769216,-2.51512,-0.692406,-1.55238,9.25504,2.67869,-6.24073,10.8078,-4.42741,-4.75162,-4.75162,-3.16775,-1.58387,-1.58387,-1.58387
23.2103,-2.3943,-0.0822901,-0.320005,-0.097282,-2.51556,-0.70872,0.0744082,10.0347,3.52578,-6.00406,9.39674,-3.56974,-4.86545,-4.86545,-3.24363,-1.62182,-1.62182,-1.62182
23.2152,-2.55808,-0.198279,-0.393538,-0.117702,-2.51384,-0.690296,-0.186886,8.63871,3.69254,-6.43139,10.849,-5.06519,-4.97451,-4.97451,-3.31634,-1.65817,-1.65817,-1.65817
23.2202,-2.70427,-0.298878,-0.459254,-0.123964,-2.50362,-0.63903,-0.280778,8.83638,3.09982,-6.54343,9.20513,-4.40719,-5.0855,-5.0855,-3.39033,-1.69517,-1.69517,-1.69517
23.2252,-2.82728,-0.41007,-0.520551,-0.149416,-2.47614,-0.66885,-0.796563,9.86114,3.47875,-5.52122,10.5917,-3.5837,-5.19618,-5.19618,-3.46412,-1.73206,-1.73206,-1.73206
23.2302,-2.95116,-0.53868,-0.581748,-0.0942041,-2.52277,-0.703431,0.0387506,10.5625,3.16985,-9.59136,10.8851,-4.19276,-5.30653,-5.30653,-3.53769,-1.76884,-1.76884,-1.76884
23.2352,-3.09053,-0.672336,-0.63924,0.0553915,-2.6032,-0.704741,0.148777,10.6725,3.2432,-9.55468,10.9218,-4.15608,-5.41656,-5.41656,-3.61104,-1.80552,-1.80552,-1.80552
23.2402,-3.21006,-0.815358,-0.707976,0.136412,-2.64535,-0.715167,-0.624091,11.188,4.06037,-7.00924,10.1718,-3.97048,-5.52625,-5.52625,-3.68417,-1.84208,-1.84208,-1.84208
23.2453,-3.32787,-0.955613,-0.77641,0.146583,-2.70363,-0.746827,0.267565,10.677,3.35306,-6.9555,11.3433,-3.6435,-5.63778,-5.63778,-3.75852,-1.87926,-1.87926,-1.87926
23.2502,-3.46498,-1.07965,-0.836049,0.128965,-2.80592,-0.782041,0.882645,10.6657,3.859,-6.43965,11.1802,-3.99705,-5.7446,-5.7446,-3.82974,-1.91487,-1.91487,-1.91487
23.2552,-3.59835,-1.20557,-0.901631,0.09572,-2.84773,-0.838819,0.364834,10.9713,3.90217,-6.49452,10.4298,-3.2736,-5.85325,-5.85325,-3.90217,-1.95108,-1.95108,-1.95108
23.2603,-3.718,-1.33346,-0.970089,0.027444,-2.92307,-0.907004,0.376785,10.5459,3.86921,-5.80358,11.8411,-3.9323,-5.9637,-5.9637,-3.9758,-1.9879,-1.9879,-1.9879
23.2653,-3.82802,-1.44735,-1.03857,-0.0266317,-3.04772,-1.06547,0.323158,10.0865,4.27974,-6.38033,11.6618,-1.56137,-6.07162,-6.07162,-4.04775,-2.02387,-2.02387,-2.02387
23.2703,-3.92195,-1.54221,-1.10825,-0.0152273,-3.11492,-1.20615,0.371597,9.44542,4.34516,-8.13298,10.7289,-3.4382,-6.17916,-6.17916,-4.11944,-2.05972,-2.05972,-2.05972
23.2752,-4.04155,-1.63604,-1.1754,0.00229905,-3.12057,-1.2273,1.67044,10.3621,4.32739,-6.67379,10.7308,-3.64331,-6.28418,-6.28418,-4.18945,-2.09473,-2.09473,-2.09473
23.2803,-4.16517,-1.72465,-1.23933,-0.0185071,-3.10306,-1.25845,0.735245,9.01712,4.15129,-6.33941,10.3034,-2.87009,-6.39308,-6.39308,-4.26206,-2.13103,-2.13103,-2.13103
23.2852,-4.28651,-1.80761,-1.30562,-0.0562855,-3.10099,-1.33973,1.8442,10.0552,4.75165,-5.94034,11.1661,-2.67802,-6.49734,-6.49734,-4.33156,-2.16578,-2.16578,-2.16578
23.2902,-4.44191,-1.92097,-1.37415,-0.067042,-3.11148,-1.36338,2.03292,11.7411,4.24755,-7.56101,10.5887,-3.76877,-6.60332,-6.60332,-4.40221,-2.20111,-2.20111,-2.20111
23.2953,-4.60669,-2.05804,-1.44188,-0.0697296,-3.09705,-1.33516,2.1406,11.8488,4.31934,-7.52512,10.6246,-3.73288,-6.711,-6.711,-4.474,-2.237,-2.237,-2.237
23.3003,-4.77382,-2.19139,-1.50644,-0.0507415,-2.99982,-1.26974,2.42699,11.1462,4.06131,-8.80655,9.16101,-4.62519,-6.81615,-6.81615,-4.5441,-2.27205,-2.27205,-2.27205
23.3053,-4.93584,-2.30963,-1.56491,0.00342879,-2.85079,-1.16836,2.53173,11.2509,4.13114,-8.77164,9.19592,-4.59028,-6.92089,-6.92089,-4.61393,-2.30696,-2.30696,-2.30696
23.3103,-5.06425,-2.43283,-1.63055,0.0537272,-2.74789,-1.11432,1.57617,11.9502,4.91336,-8.24007,9.89309,-3.87655,-7.02519,-7.02519,-4.68346,-2.34173,-2.34173,-2.34173
23.3153,-5.19143,-2.55383,-1.70471,0.0704212,-2.68504,-1.16748,2.51927,10.9903,4.83213,-7.38576,10.0188,-2.898,-7.12907,-7.12907,-4.75271,-2.37636,-2.37636,-2.37636
23.3202,-5.33761,-2.65695,-1.7758,0.0659207,-2.70749,-1.2776,2.96735,11.005,5.08572,-7.44306,11.0627,-2.69862,-7.23043,-7.23043,-4.82029,-2.41014,-2.41014,-2.41014
23.3254,-5.48418,-2.77004,-1.85661,0.0328599,-2.76707,-1.41221,2.42042,11.4785,5.33268,-6.50483,10.7838,-2.34827,-7.33754,-7.33754,-4.89169,-2.44585,-2.44585,-2.44585
23.3305,-5.61615,-2.88112,-1.92674,-0.01188,-2.8626,-1.5265,2.84413,11.2482,4.59148,-7.32282,12.0027,-2.58666,-7.44211,-7.44211,-4.96141,-2.4807,-2.4807,-2.4807
23.3354,-5.74796,-2.98819,-1.98426,-0.0431157,-3.0109,-1.53114,2.71957,11.423,4.5035,-7.34744,11.9367,-4.3004,-7.54213,-7.54213,-5.02809,-2.51404,-2.51404,-2.51404
23.3404,-5.87171,-3.09449,-2.04949,-0.0407377,-3.25342,-1.52842,2.97483,11.7847,5.52009,-8.08359,13.7259,-2.65193,-7.64373,-7.64373,-5.09582,-2.54791,-2.54791,-2.54791
23.3452,-5.98202,-3.20389,-2.10714,-0.0364616,-3.45678,-1.58258,2.74491,12.0512,4.08838,-7.08248,12.0278,-2.95904,-7.74083,-7.74083,-5.16055,-2.58028,-2.58028,-2.58028
23.3502,-6.0866,-3.31181,-2.15117,-0.0736123,-3.56683,-1.55897,2.84558,11.5333,4.3833,-7.08205,11.9206,-4.06813,-7.8415,-7.8415,-5.22766,-2.61383,-2.61383,-2.61383
23.3552,-6.18483,-3.41829,-2.21134,-0.0878498,-3.64716,-1.65053,2.84332,12.1338,5.56198,-7.57027,12.045,-0.590252,-7.94168,-7.94168,-5.29446,-2.64723,-2.64723,-2.64723
23.3603,-6.28378,-3.54376,-2.28551,-0.133726,-3.72921,-1.85337,2.78347,12.9605,5.27029,-6.97336,12.0541,-1.79836,-8.04337,-8.04337,-5.36225,-2.68112,-2.68112,-2.68112
23.3652,-6.38907,-3.67017,-2.35637,-0.183099,-3.76727,-1.96992,3.37318,12.7937,5.56708,-7.52057,11.3661,-2.01435,-8.14058,-8.14058,-5.42705,-2.71353,-2.71353,-2.71353
23.3702,-6.51947,-3.78454,-2.43011,-0.193382,-3.77103,-2.01976,4.01954,11.9311,5.65796,-8.01757,11.606,-2.77633,-8.23928,-8.23928,-5.49285,-2.74643,-2.74643,-2.74643
23.3752,-6.6309,-3.87935,-2.49472,-0.143486,-3.63129,-2.01842,3.36913,11.852,5.37439,-9.34274,8.2688,-2.98372,-8.33747,-8.33747,-5.55831,-2.77916,-2.77916,-2.77916
23.3801,-6.74977,-3.97094,-2.55988,-0.103181,-3.53429,-2.00276,4.38682,11.467,5.78306,-8.07713,12.5566,-3.09257,-8.4332,-8.4332,-5.62213,-2.81107,-2.81107,-2.81107
23.3852,-6.89397,-4.06177,-2.63419,-0.0714013,-3.58446,-2.01564,4.59624,11.9759,6.16054,-8.6485,10.884,-2.56274,-8.5323,-8.5323,-5.6882,-2.8441,-2.8441,-2.8441
23.3903,-7.02841,-4.16047,-2.70439,-0.0747905,-3.5966,-2.05969,4.33626,12.1335,5.52401,-7.37365,11.927,-2.81141,-8.63086,-8.63086,-5.75391,-2.87695,-2.87695,-2.87695
23.3954,-7.14839,-4.26809,-2.77206,-0.201273,-3.58817,-2.121,3.91812,12.3694,5.80461,-4.67486,10.7591,-1.98386,-8.72886,-8.72886,-5.81924,-2.90962,-2.90962,-2.90962
23.4005,-7.28931,-4.35426,-2.84128,-0.357524,-3.46656,-2.19873,5.52065,10.6702,5.83613,-5.5449,9.3177,-2.1087,-8.82631,-8.82631,-5.8842,-2.9421,-2.9421,-2.9421
23.4054,-7.41657,-4.43127,-2.89137,-0.41844,-3.41012,-2.27185,4.01804,11.7168,4.60239,-7.40997,11.8659,-1.96175,-8.9194,-8.9194,-5.94626,-2.97313,-2.97313,-2.97313
23.4103,-7.52393,-4.52974,-2.93651,-0.426214,-3.47591,-2.31141,4.7804,12.6289,5.29737,-7.53641,11.5738,-2.43597,-9.01196,-9.01196,-6.00797,-3.00399,-3.00399,-3.00399
23.4152,-7.64207,-4.61675,-2.9863,-0.414983,-3.53424,-2.34918,4.99062,11.2079,5.31483,-6.84338,11.472,-1.75946,-9.10398,-9.10398,-6.06932,-3.03466,-3.03466,-3.03466
23.4205,-7.77271,-4.69191,-3.03987,-0.400105,-3.60531,-2.40085,5.08955,11.3069,5.38078,-6.8104,11.505,-1.72648,-9.20291,-9.20291,-6.13527,-3.06764,-3.06764,-3.06764
23.4255,-7.9126,-4.76506,-3.09139,-0.410474,-3.55331,-2.35726,6.21852,11.9788,5.81046,-5.12349,9.24231,-3.24393,-9.29566,-9.29566,-6.19711,-3.09855,-3.09855,-3.09855
23.4305,-8.04097,-4.85743,-3.14061,-0.424243,-3.60731,-2.38112,4.67165,12.8314,5.015,-7.05512,13.6035,-0.580163,-9.38783,-9.38783,-6.25855,-3.12928,-3.12928,-3.12928
23.4353,-8.18306,-4.95644,-3.20164,-0.335409,-3.7561,-2.50525,6.98963,12.6002,6.79161,-9.71681,11.1819,-1.08077,-9.47577,-9.47577,-6.31718,-3.15859,-3.15859,-3.15859
23.4403,-8.3612,-5.08861,-3.29267,-0.0870717,-3.89222,-2.48539,6.21387,15.7723,7.19088,-13.8431,13.216,-3.53442,-9.56681,-9.56681,-6.37787,-3.18894,-3.18894,-3.18894
23.4454,-8.45292,-5.22512,-3.36923,0.152823,-4.06364,-2.28377,4.67889,13.7173,6.29934,-9.65572,12.6837,-4.29856,-9.65905,-9.65905,-6.43937,-3.21968,-3.21968,-3.21968
23.4502,-8.50234,-5.33093,-3.43165,0.22564,-4.19107,-2.10177,4.76514,13.8035,6.35684,-9.62697,12.7125,-4.26981,-9.7453,-9.7453,-6.49687,-3.24843,-3.24843,-3.24843
23.4554,-8.55438,-5.44326,-3.49757,0.276983,-4.30609,-1.94708,4.85796,13.8963,6.41872,-9.59603,12.7434,-4.23887,-9.83812,-9.83812,-6.55875,-3.27937,-3.27937,-3.27937
23.4606,-8.63065,-5.54748,-3.55691,0.209085,-4.27593,-1.87631,6.2188,13.559,6.44045,-5.25971,10.6627,-3.20627,-9.93028,-9.93028,-6.62019,-3.31009,-3.31009,-3.31009
23.4653,-8.74246,-5.64236,-3.6173,0.0192891,-4.16509,-1.88371,6.30153,13.6417,6.4956,-5.23213,10.6903,-3.17869,-10.013,-10.013,-6.67534,-3.33767,-3.33767,-3.33767
23.4703,-8.8551,-5.76026,-3.68534,-0.152873,-4.07072,-1.98319,6.34165,15.447,7.03039,-6.2794,11.2742,-1.50184,-10.1004,-10.1004,-6.73361,-3.3668,-3.3668,-3.3668
23.4753,-8.95766,-5.88394,-3.75487,-0.259259,-3.96655,-2.14113,6.05808,14.2533,6.73295,-7.48417,10.2764,-1.39839,-10.1872,-10.1872,-6.79147,-3.39573,-3.39573,-3.39573
23.4806,-9.06982,-6.00804,-3.8334,-0.311812,-3.82347,-2.24931,6.62613,15.0104,7.42709,-8.28173,10.1826,-2.37811,-10.2785,-10.2785,-6.85234,-3.42617,-3.42617,-3.42617
23.4854,-9.16336,-6.11739,-3.90367,-0.361964,-3.753,-2.22689,6.54273,14.7537,7.45255,-7.02067,11.8163,-3.34435,-10.3606,-10.3606,-6.90706,-3.45353,-3.45353,-3.45353
23.4902,-9.27137,-6.23012,-3.98275,-0.457088,-3.80827,-2.16426,6.62422,14.8352,7.50687,-6.99351,11.8435,-3.31719,-10.4421,-10.4421,-6.96138,-3.48069,-3.48069,-3.48069
23.4954,-9.3667,-6.33567,-4.0533,-0.514264,-3.86889,-2.16382,6.37299,13.6856,6.94037,-8.3222,12.237,-2.2033,-10.5297,-10.5297,-7.01979,-3.5099,-3.5099,-3.5099
23.5003,-9.45474,-6.42453,-4.11686,-0.530563,-3.97923,-2.23427,6.4549,13.7675,6.99498,-8.2949,12.2643,-2.176,-10.6116,-10.6116,-7.0744,-3.5372,-3.5372,-3.5372
23.5052,-9.54481,-6.51241,-4.1784,-0.477092,-4.17388,-2.31585,7.08384,14.1837,7.31042,-10.6359,14.2372,-2.00815,-10.6929,-10.6929,-7.12859,-3.56429,-3.56429,-3.56429
23.5103,-9.65344,-6.61328,-4.23988,-0.428388,-4.3537,-2.40192,7.60117,14.8981,7.20753,-8.33923,12.634,-1.72349,-10.7768,-10.7768,-7.18454,-3.59227,-3.59227,-3.59227
23.5154,-9.78676,-6.72361,-4.30758,-0.446837,-4.46673,-2.48801,7.68441,14.9813,7.26302,-8.31148,12.6618,-1.69574,-10.8601,-10.8601,-7.24003,-3.62002,-3.62002,-3.62002
23.5204,-9.9244,-6.81441,-4.35642,-0.483444,-4.50014,-2.58116,8.67154,14.0339,6.46217,-7.24951,11.7366,-1.25477,-10.941,-10.941,-7.29399,-3.64699,-3.64699,-3.64699
23.5255,-10.0529,-6.90419,-4.42088,-0.52365,-4.45722,-2.65306,7.55957,14.6437,8.38101,-8.09162,11.3498,-1.99752,-11.0228,-11.0228,-7.34855,-3.67428,-3.67428,-3.67428
23.5302,-10.1246,-6.97959,-4.48225,-0.562511,-4.4127,-2.67428,7.11036,13.4616,6.77142,-7.13929,11.913,-1.98915,-11.0976,-11.0976,-7.39842,-3.69921,-3.69921,-3.69921
23.5352,-10.1904,-7.05289,-4.54345,-0.579059,-4.42742,-2.66212,7.40991,14.2261,8.24942,-8.61998,12.3698,-2.91504,-11.1766,-11.1766,-7.45104,-3.72552,-3.72552,-3.72552
23.5402,-10.3057,-7.14129,-4.61509,-0.643591,-4.48091,-2.66289,8.92624,14.6156,7.40496,-6.26721,12.8844,-1.43997,-11.2548,-11.2548,-7.50319,-3.75159,-3.75159,-3.75159
23.5452,-10.4252,-7.24029,-4.67166,-0.744149,-4.45246,-2.72672,8.04636,15.5521,7.31662,-6.87896,10.7078,-1.5466,-11.3323,-11.3323,-7.55488,-3.77744,-3.77744,-3.77744
23.5502,-10.5263,-7.34785,-4.72602,-0.770807,-4.35543,-2.75912,8.28473,15.6446,7.23617,-8.57555,11.0315,-2.09231,-11.4091,-11.4091,-7.6061,-3.80305,-3.80305,-3.80305
23.5552,-10.6417,-7.44806,-4.78802,-0.735277,-4.33918,-2.84072,9.01096,15.1022,8.17726,-9.46927,12.3982,-0.386093,-11.4853,-11.4853,-7.65685,-3.82843,-3.82843,-3.82843
23.5602,-10.7861,-7.54706,-4.86725,-0.678352,-4.42,-2.99417,9.08638,15.1776,8.22754,-9.44413,12.4234,-0.360953,-11.5607,-11.5607,-7.70713,-3.85357,-3.85357,-3.85357
23.5652,-10.9082,-7.64226,-4.93099,-0.589557,-4.38826,-3.0784,8.74739,15.3627,7.54794,-10.5618,10.5522,-1.39589,-11.6354,-11.6354,-7.75694,-3.87847,-3.87847,-3.87847
23.5703,-11.038,-7.7377,-4.9842,-0.534677,-4.36352,-3.09283,9.67783,15.0205,7.32655,-8.61578,12.3906,-1.83442,-11.7109,-11.7109,-7.80725,-3.90362,-3.90362,-3.90362
23.5755,-11.1878,-7.8309,-5.04601,-0.552681,-4.44601,-3.1091,9.62398,15.0533,8.06703,-7.62989,12.5402,-1.41159,-11.787,-11.787,-7.85803,-3.92901,-3.92901,-3.92901
23.5802,-11.3042,-7.92356,-5.09344,-0.585626,-4.50448,-3.09609,9.55425,16.4138,7.01105,-8.06256,12.3642,-2.70538,-11.8552,-11.8552,-7.90348,-3.95174,-3.95174,-3.95174
23.5853,-11.4234,-8.04504,-5.16366,-0.640302,-4.53935,-3.10694,8.96951,16.3688,8.88862,-7.31775,11.7925,-1.04153,-11.9285,-11.9285,-7.9523,-3.97615,-3.97615,-3.97615
23.5903,-11.4996,-8.12915,-5.22031,-0.727777,-4.57199,-3.18725,9.63551,14.8678,7.54197,-5.98584,12.9505,-0.901922,-11.9995,-11.9995,-7.99968,-3.99984,-3.99984,-3.99984
23.5953,-11.6164,-8.20945,-5.27395,-0.846891,-4.706,-3.27442,9.70583,14.9382,7.58885,-5.9624,12.974,-0.878482,-12.0698,-12.0698,-8.04656,-4.02328,-4.02328,-4.02328
23.6005,-11.7179,-8.28883,-5.33398,-0.919742,-4.7467,-3.3109,9.55754,15.2942,8.59011,-7.41211,11.665,-1.75689,-12.1422,-12.1422,-8.09478,-4.04739,-4.04739,-4.04739
23.6055,-11.8154,-8.37402,-5.40142,-1.00229,-4.73878,-3.31201,9.83121,15.556,8.26814,-5.84084,12.0522,-1.29512,-12.211,-12.211,-8.14065,-4.07032,-4.07032,-4.07032
23.6103,-11.9198,-8.45346,-5.45434,-1.03234,-4.71051,-3.29773,10.3851,15.4362,7.89579,-9.2304,11.3454,-2.09306,-12.2763,-12.2763,-8.18421,-4.0921,-4.0921,-4.0921
23.6152,-12.0347,-8.53659,-5.51321,-0.96921,-4.6547,-3.33077,10.2659,15.5061,8.52497,-9.9867,11.5744,-0.473025,-12.3423,-12.3423,-8.22819,-4.1141,-4.1141,-4.1141
23.6202,-12.152,-8.62506,-5.57508,-0.918792,-4.56746,-3.39184,11.0456,16.5774,8.65713,-8.13471,10.6692,-1.43615,-12.4089,-12.4089,-8.27257,-4.13629,-4.13629,-4.13629
23.6254,-12.2788,-8.71176,-5.63218,-0.911681,-4.43522,-3.3784,10.4245,14.9398,7.82913,-8.36851,10.2366,-2.00123,-12.4773,-12.4773,-8.31819,-4.15909,-4.15909,-4.15909
23.6304,-12.3804,-8.80141,-5.68531,-0.953563,-4.37001,-3.28551,10.5486,17.2072,8.49528,-6.40104,11.699,-2.69992,-12.5423,-12.5423,-8.36152,-4.18076,-4.18076,-4.18076
23.6353,-12.4683,-8.88941,-5.74268,-0.996026,-4.36435,-3.31591,10.5801,15.7612,8.68773,-7.89535,11.2646,-0.0707346,-12.6052,-12.6052,-8.40349,-4.20175,-4.20175,-4.20175
23.6403,-12.547,-8.97478,-5.81165,-0.992978,-4.45719,-3.39664,10.151,16.4826,9.11251,-8.3875,13.4551,-1.34126,-12.6687,-12.6687,-8.4458,-4.2229,-4.2229,-4.2229
23.6454,-12.6212,-9.06932,-5.89157,-0.985064,-4.64079,-3.36623,10.5932,16.7002,9.60031,-8.20059,12.9962,-2.51227,-12.7326,-12.7326,-8.48843,-4.24421,-4.24421,-4.24421
23.6505,-12.7011,-9.15534,-5.95477,-0.996751,-4.77653,-3.39477,10.877,16.3418,8.3842,-8.05535,13.0255,-0.479189,-12.7958,-12.7958,-8.5305,-4.26525,-4.26525,-4.26525
23.6553,-12.7952,-9.23972,-6.00689,-1.02416,-4.90456,-3.50667,10.9356,16.4004,8.4233,-8.0358,13.045,-0.459638,-12.8544,-12.8544,-8.5696,-4.2848,-4.2848,-4.2848
23.6603,-12.8673,-9.31307,-6.05146,-1.02699,-4.90735,-3.55834,11.1535,16.7326,9.13023,-9.00929,11.7238,-1.39173,-12.9147,-12.9147,-8.60982,-4.30491,-4.30491,-4.30491
23.6652,-12.9695,-9.40755,-6.12272,-1.02504,-4.88749,-3.56289,11.2119,16.7909,9.16912,-8.98984,11.7432,-1.37228,-12.9731,-12.9731,-8.64871,-4.32436,-4.32436,-4.32436
23.6703,-13.0654,-9.4814,-6.16557,-1.00741,-4.82226,-3.61278,11.587,15.3694,7.64365,-9.78138,11.5148,-0.449796,-13.033,-13.033,-8.68865,-4.34432,-4.34432,-4.34432
23.6753,-13.1631,-9.55014,-6.21432,-1.01579,-4.72769,-3.59953,11.5425,16.3611,9.57789,-7.61757,10.8469,-2.45909,-13.0909,-13.0909,-8.72726,-4.36363,-4.36363,-4.36363
23.6802,-13.2677,-9.62257,-6.25908,-1.07155,-4.73884,-3.5792,12.3786,16.4131,7.69659,-7.44981,13.3826,-0.72647,-13.1469,-13.1469,-8.76458,-4.38229,-4.38229,-4.38229
23.6853,-13.3902,-9.70051,-6.30115,-1.1662,-4.74588,-3.63034,12.1287,16.0647,8.80287,-6.22177,10.7274,-1.00541,-13.2043,-13.2043,-8.80287,-4.40143,-4.40143,-4.40143
23.6903,-13.4914,-9.77359,-6.35413,-1.20007,-4.65483,-3.65873,11.9281,16.3133,8.7688,-8.89427,11.0605,-1.11939,-13.2598,-13.2598,-8.83986,-4.41993,-4.41993,-4.41993
23.6954,-13.5852,-9.8525,-6.40261,-1.14149,-4.58495,-3.67217,12.3581,17.1098,8.77044,-9.29799,11.1619,-1.16705,-13.3155,-13.3155,-8.87703,-4.43851,-4.43851,-4.43851
23.7003,-13.6923,-9.93554,-6.46041,-1.1138,-4.55266,-3.70899,12.5291,16.4651,9.14419,-7.8728,11.2374,-0.644378,-13.3683,-13.3683,-8.9122,-4.4561,-4.4561,-4.4561
23.7053,-13.7946,-10.013,-6.51674,-1.15762,-4.50734,-3.72308,12.5427,16.9516,9.05832,-6.36472,10.957,-1.73622,-13.4213,-13.4213,-8.94755,-4.47378,-4.47378,-4.47378
23.7102,-13.8544,-10.0767,-6.54887,-1.23556,-4.56331,-3.70033,11.7783,16.4551,8.08087,-7.05147,13.3587,-1.27205,-13.4725,-13.4725,-8.98166,-4.49083,-4.49083,-4.49083
23.7152,-13.9216,-10.1588,-6.59143,-1.29698,-4.80687,-3.68995,11.8297,16.5064,8.11512,-7.03434,13.3758,-1.25492,-13.5239,-13.5239,-9.01591,-4.50796,-4.50796,-4.50796
23.7205,-13.992,-10.249,-6.65074,-1.31267,-5.03408,-3.68611,12.4742,17.7381,9.92105,-8.73049,13.4351,-0.963834,-13.5774,-13.5774,-9.05161,-4.52581,-4.52581,-4.52581
23.7252,-14.0543,-10.3076,-6.69164,-1.30047,-5.12355,-3.64984,13.1671,16.457,8.75671,-7.63853,12.4157,-1.74315,-13.6241,-13.6241,-9.08275,-4.54137,-4.54137,-4.54137
23.7302,-14.1688,-10.381,-6.74423,-1.31708,-5.21143,-3.58247,13.2159,16.5058,8.78929,-7.62224,12.4319,-1.72686,-13.673,-13.673,-9.11533,-4.55766,-4.55766,-4.55766
23.7353,-14.2717,-10.4485,-6.7777,-1.31569,-5.12753,-3.51714,14.1908,18.3002,9.18769,-8.38421,10.4528,-1.76021,-13.722,-13.722,-9.14798,-4.57399,-4.57399,-4.57399
23.7402,-14.4209,-10.5551,-6.83796,-1.29913,-5.01378,-3.4814,14.2371,18.3465,9.2185,-8.3688,10.4682,-1.7448,-13.7682,-13.7682,-9.17879,-4.5894,-4.5894,-4.5894
23.7453,-14.5514,-10.6356,-6.88879,-1.26797,-4.87176,-3.43682,14.0006,16.4513,9.09952,-8.94925,10.2107,-2.17617,-13.8154,-13.8154,-9.21029,-4.60515,-4.60515,-4.60515
23.7502,-14.6603,-10.7075,-6.92697,-1.27119,-4.76347,-3.50557,14.0806,18.1388,8.64644,-7.2618,11.0039,0.529679,-13.86,-13.86,-9.24,-4.62,-4.62,-4.62
23.7552,-14.7685,-10.7897,-6.97675,-1.31775,-4.75334,-3.64558,13.8219,16.6666,9.47456,-7.66093,11.7308,-0.606368,-13.9046,-13.9046,-9.26974,-4.63487,-4.63487,-4.63487
23.7603,-14.8803,-10.8718,-7.04182,-1.36283,-4.73311,-3.693,14.3511,17.7789,9.75512,-7.76195,10.9177,-0.955811,-13.9492,-13.9492,-9.2995,-4.64975,-4.64975,-4.64975
23.7653,-14.9901,-10.9381,-7.0803,-1.42885,-4.62554,-3.71154,15.2332,17.5421,9.04176,-6.22416,10.5842,-1.29756,-13.9921,-13.9921,-9.32809,-4.66404,-4.66404,-4.66404
23.7704,-15.1556,-11.0317,-7.13918,-1.54407,-4.59609,-3.72178,15.2761,17.5849,9.07033,-6.20987,10.5985,-1.28327,-14.035,-14.035,-9.35666,-4.67833,-4.67833,-4.67833
23.7754,-15.3337,-11.1039,-7.18176,-1.66269,-4.60163,-3.7737,17.4566,18.2604,9.7791,-6.21276,12.0695,-0.433277,-14.0761,-14.0761,-9.38409,-4.69204,-4.69204,-4.69204
23.7802,-15.5763,-11.2016,-7.25196,-1.74473,-4.73718,-3.85077,17.4953,18.2991,9.80488,-6.19986,12.0824,-0.420384,-14.1148,-14.1148,-9.40987,-4.70494,-4.70494,-4.70494
23.7853,-15.8246,-11.288,-7.31278,-1.75298,-4.89901,-3.88421,18.3669,18.1935,9.91947,-8.55446,13.1805,-1.03626,-14.155,-14.155,-9.43668,-4.71834,-4.71834,-4.71834
23.7902,-16.0731,-11.3509,-7.36136,-1.69534,-4.99882,-3.9222,18.6253,16.805,9.39917,-8.58326,11.3798,-0.295025,-14.1928,-14.1928,-9.46187,-4.73094,-4.73094,-4.73094
23.7952,-16.3194,-11.4165,-7.41828,-1.63288,-5.03579,-3.99466,18.663,16.8427,9.4243,-8.5707,11.3923,-0.282462,-14.2305,-14.2305,-9.487,-4.7435,-4.7435,-4.7435
23.8003,-16.4932,-11.4663,-7.45525,-1.58887,-5.02427,-4.07602,19.3112,17.6486,9.6625,-8.08629,11.6036,0.0529702,-14.268,-14.268,-9.51202,-4.75601,-4.75601,-4.75601
23.8052,-16.6015,-11.5239,-7.49777,-1.54173,-4.92446,-4.09797,20.0241,17.4671,9.75076,-8.93566,9.52046,-1.28494,-14.3032,-14.3032,-9.53549,-4.76774,-4.76774,-4.76774
23.8103,-16.6592,-11.6025,-7.5614,-1.47883,-4.75876,-4.05178,20.0599,17.5028,9.77458,-8.92374,9.53238,-1.27302,-14.339,-14.339,-9.55931,-4.77966,-4.77966,-4.77966
23.8153,-16.645,-11.6614,-7.60806,-1.4408,-4.65867,-4.01507,19.6291,16.9499,9.5152,-8.47356,11.1584,-1.12088,-14.3731,-14.3731,-9.58208,-4.79104,-4.79104,-4.79104
23.8203,-16.5888,-11.7243,-7.64693,-1.39581,-4.56244,-3.96855,19.1068,18.3227,9.33673,-8.77707,9.15741,-1.71423,-14.4064,-14.4064,-9.60425,-4.80213,-4.80213,-4.80213
23.8252,-16.5282,-11.7957,-7.69609,-1.37913,-4.53713,-4.03843,19.3513,17.7398,10.2106,-7.9882,12.1736,0.863142,-14.4381,-14.4381,-9.6254,-4.8127,-4.8127,-4.8127
23.8303,-16.4383,-11.8574,-7.75602,-1.44192,-4.61613,-4.20402,18.2132,17.2597,10.046,-6.22209,11.1162,0.492968,-14.4702,-14.4702,-9.64682,-4.82341,-4.82341,-4.82341
23.8352,-16.3632,-11.9099,-7.81485,-1.54404,-4.61656,-4.24218,19.7207,17.0139,10.3774,-6.444,10.7619,-1.36004,-14.5002,-14.5002,-9.66681,-4.8334,-4.8334,-4.8334
23.8402,-16.3284,-11.9605,-7.85945,-1.63927,-4.66318,-4.1397,20.4439,18.5881,10.0273,-7.11299,12.4857,-2.07049,-14.5299,-14.5299,-9.68661,-4.84331,-4.84331,-4.84331
23.8452,-16.3425,-12.0541,-7.92434,-1.67686,-4.85356,-4.00868,20.4727,18.6169,10.0465,-7.10339,12.4954,-2.06089,-14.5587,-14.5587,-9.70582,-4.85291,-4.85291,-4.85291
23.8504,-16.3546,-12.1162,-7.96853,-1.66039,-4.9038,-4.02625,21.0454,16.9911,9.55378,-8.72492,10.6255,0.697742,-14.5877,-14.5877,-9.72516,-4.86258,-4.86258,-4.86258
23.8553,-16.3355,-12.1458,-7.99053,-1.64559,-4.92315,-4.09054,20.1538,17.581,9.71981,-8.2027,12.6132,-0.874922,-14.6142,-14.6142,-9.7428,-4.8714,-4.8714,-4.8714
23.8603,-16.3222,-12.2124,-8.04297,-1.62297,-5.10554,-4.07879,20.1799,17.6071,9.7372,-8.194,12.6219,-0.866223,-14.6403,-14.6403,-9.76019,-4.8801,-4.8801,-4.8801
23.8654,-16.3208,-12.2686,-8.08794,-1.60454,-5.20832,-4.07191,21.1552,17.424,9.69999,-7.75494,11.4795,-0.72518,-14.666,-14.666,-9.77732,-4.88866,-4.88866,-4.88866
23.8702,-16.3291,-12.3179,-8.10974,-1.5884,-5.1769,-4.05449,20.8554,18.5584,9.12824,-8.31847,10.8415,-1.10657,-14.6893,-14.6893,-9.79286,-4.89643,-4.89643,-4.89643
23.8753,-16.3401,-12.3695,-8.14645,-1.55424,-5.1231,-4.06238,21.1038,16.6122,10.0429,-8.18631,10.6176,-0.295454,-14.7132,-14.7132,-9.80877,-4.90439,-4.90439,-4.90439
23.8804,-16.3189,-12.3883,-8.1792,-1.57756,-4.99997,-4.08419,20.5358,17.3404,10.2818,-6.83728,10.145,-0.933656,-14.7361,-14.7361,-9.82405,-4.91202,-4.91202,-4.91202
23.8854,-16.3195,-12.4536,-8.24892,-1.62972,-4.94154,-4.07587,20.5573,17.362,10.2961,-6.83009,10.1522,-0.926473,-14.7576,-14.7576,-9.83841,-4.91921,-4.91921,-4.91921
23.8905,-16.3359,-12.518,-8.2995,-1.67206,-4.89291,-4.12537,21.717,18.6359,9.79392,-7.68418,10.7967,0.2563,-14.7787,-14.7787,-9.85244,-4.92622,-4.92622,-4.92622
23.8953,-16.3121,-12.5559,-8.32668,-1.79068,-4.73844,-4.21859,19.8566,16.9252,9.94658,-3.72835,8.51777,0.188093,-14.7976,-14.7976,-9.86507,-4.93253,-4.93253,-4.93253
23.9003,-16.2739,-12.6133,-8.38751,-1.98057,-4.56468,-4.30181,19.8754,16.944,9.95913,-3.72207,8.52405,0.19437,-14.8164,-14.8164,-9.87762,-4.93881,-4.93881,-4.93881
23.9052,-16.2344,-12.6609,-8.43393,-2.10671,-4.45277,-4.36055,20.287,17.8639,10.1276,-5.73653,9.73051,0.0263458,-14.834,-14.834,-9.88933,-4.94467,-4.94467,-4.94467
23.9103,-16.1929,-12.7271,-8.47095,-2.16775,-4.49012,-4.382,19.7094,17.9403,8.62809,-6.76575,10.9203,-0.53919,-14.8513,-14.8513,-9.9009,-4.95045,-4.95045,-4.95045
23.9157,-16.1153,-12.7991,-8.50853,-2.18202,-4.51084,-4.34868,19.0333,18.4856,10.3409,-6.50327,9.26183,-1.09645,-14.8687,-14.8687,-9.91246,-4.95623,-4.95623,-4.95623
23.9202,-16.0791,-12.8593,-8.54633,-2.19907,-4.53231,-4.38462,20.7017,17.987,9.21303,-6.92933,11.1045,0.53097,-14.8823,-14.8823,-9.92154,-4.96077,-4.96077,-4.96077
23.9254,-16.099,-12.9147,-8.59069,-2.20559,-4.53238,-4.48028,20.7165,16.087,9.62837,-5.62439,8.31911,0.0639506,-14.8971,-14.8971,-9.93142,-4.96571,-4.96571,-4.96571
23.9304,-16.1059,-12.9591,-8.62453,-2.23991,-4.38515,-4.60005,20.4343,18.3619,9.3342,-5.33845,8.29043,1.54223,-14.9104,-14.9104,-9.9403,-4.97015,-4.97015,-4.97015
23.9355,-16.1439,-13.0151,-8.66811,-2.18251,-4.37851,-4.61369,21.952,16.8576,10.0867,-8.82844,10.5551,-1.0866,-14.9231,-14.9231,-9.94872,-4.97436,-4.97436,-4.97436
23.9403,-16.2959,-13.0698,-8.73546,-2.01785,-4.4811,-4.51294,25.2884,18.6141,11.4713,-10.0502,10.2855,-0.826249,-14.9341,-14.9341,-9.95606,-4.97803,-4.97803,-4.97803
23.9453,-16.4309,-13.1421,-8.79776,-1.91652,-4.49181,-4.40774,22.0997,18.7822,9.82726,-7.57925,9.38651,-1.17877,-14.9447,-14.9447,-9.96311,-4.98155,-4.98155,-4.98155
23.9502,-16.4547,-13.2006,-8.84885,-1.94113,-4.44917,-4.34177,21.9831,17.8303,11.0353,-6.52449,9.45591,-0.62085,-14.9541,-14.9541,-9.96942,-4.98471,-4.98471,-4.98471
23.9552,-16.4808,-13.2441,-8.88774,-2.00397,-4.51034,-4.30456,22.8705,18.3592,9.65339,-5.95028,11.7441,-0.750415,-14.9629,-14.9629,-9.97525,-4.98762,-4.98762,-4.98762
23.9603,-16.4818,-13.3011,-8.91603,-2.04697,-4.56319,-4.24571,21.3536,19.0566,10.1519,-7.40492,9.51944,-1.1038,-14.9708,-14.9708,-9.98056,-4.99028,-4.99028,-4.99028
23.9654,-16.4436,-13.3488,-8.94947,-2.06387,-4.45127,-4.24141,21.6246,17.4916,10.0688,-7.02998,8.65238,0.148817,-14.9779,-14.9779,-9.98523,-4.99262,-4.99262,-4.99262
23.9705,-16.4462,-13.3871,-8.98767,-2.15011,-4.41455,-4.26405,22.8875,18.0098,10.4783,-5.11527,10.7989,-0.668887,-14.9839,-14.9839,-9.98927,-4.99463,-4.99463,-4.99463
23.9753,-16.487,-13.4265,-9.02689,-2.29223,-4.46506,-4.27226,23.2509,18.0737,10.5129,-4.98116,10.4196,-0.402323,-14.9887,-14.9887,-9.99247,-4.99624,-4.99624,-4.99624
23.9803,-16.5086,-13.4569,-9.06069,-2.38705,-4.46888,-4.36817,22.3212,17.6523,10.3254,-6.42879,9.80001,0.940406,-14.9928,-14.9928,-9.99521,-4.99761,-4.99761,-4.99761
23.9852,-16.5391,-13.49,-9.09753,-2.39688,-4.59484,-4.45736,23.6206,18.2858,10.6745,-7.28885,12.6245,-0.234311,-14.9959,-14.9959,-9.9973,-4.99865,-4.99865,-4.99865
23.9902,-16.5836,-13.5172,-9.12642,-2.33675,-4.75337,-4.53904,22.9964,17.0116,9.71667,-9.08489,10.4808,0.958768,-14.9982,-14.9982,-9.99882,-4.99941,-4.99941,-4.99941
23.9953,-16.6373,-13.5367,-9.15518,-2.27531,-4.83189,-4.59631,24.0183,17.3242,10.4658,-7.47814,10.9946,-0.390416,-14.9996,-14.9996,-9.99973,-4.99986,-4.99986,-4.99986
24.0003,-16.6861,-13.5532,-9.19128,-2.25426,-4.88885,-4.61624,23.1873,17.037,10.5162,-6.9977,10.3903,0.503959,-15,-15,-10,-5,-5,-5
24.0051,-16.7142,-13.5736,-9.22098,-2.20871,-4.82341,-4.60365,23.6005,17.726,10.146,-8.52136,8.77552,-0.93692,-14.9995,-14.9995,-9.99968,-4.99984,-4.99984,-4.99984
24.0102,-16.7419,-13.6168,-9.24997,-2.15845,-4.7485,-4.55204,23.0278,18.6268,10.0844,-7.24674,10.1081,-0.101122,-14.9981,-14.9981,-9.99872,-4.99936,-4.99936,-4.99936
24.0152,-16.7767,-13.664,-9.2737,-2.1387,-4.69413,-4.50455,24.0262,18.6323,10.0557,-7.28063,9.26277,-0.813985,-14.9957,-14.9957,-9.99715,-4.99857,-4.99857,-4.99857
24.0202,-16.825,-13.6923,-9.28417,-2.15471,-4.59682,-4.49568,24.2514,17.4668,9.40977,-6.49512,9.36932,0.691883,-14.9924,-14.9924,-9.99497,-4.99748,-4.99748,-4.99748
24.0253,-16.8901,-13.7424,-9.31997,-2.1931,-4.55142,-4.46567,24.3575,19.4088,11.1813,-5.91695,9.62457,-1.44579,-14.9882,-14.9882,-9.9921,-4.99605,-4.99605,-4.99605
24.0303,-16.9604,-13.8265,-9.39008,-2.24164,-4.5632,-4.33694,24.3523,19.4037,11.1779,-5.91866,9.62286,-1.4475,-14.983,-14.983,-9.98868,-4.99434,-4.99434,-4.99434
24.0354,-16.9904,-13.8753,-9.42419,-2.24505,-4.61106,-4.26754,23.8064,19.169,10.3733,-8.66143,11.0615,-0.439408,-14.9768,-14.9768,-9.98454,-4.99227,-4.99227,-4.99227
24.0403,-17.0189,-13.9521,-9.47243,-2.18382,-4.76496,-4.25824,23.7995,19.1621,10.3687,-8.66371,11.0592,-0.441695,-14.97,-14.97,-9.97997,-4.98999,-4.98999,-4.98999
24.0452,-17.0029,-13.9744,-9.49671,-2.22727,-4.82457,-4.20755,23.0747,17.0662,10.5579,-5.8511,10.3611,-1.32196,-14.9622,-14.9622,-9.97481,-4.9874,-4.9874,-4.9874
24.0502,-17.0254,-13.9987,-9.53402,-2.2697,-4.85591,-4.21498,25.0516,18.0108,10.5499,-7.60114,10.1512,0.571223,-14.9534,-14.9534,-9.96893,-4.98446,-4.98446,-4.98446
24.0553,-17.1042,-14.0503,-9.58516,-2.24385,-4.90734,-4.31812,25.0416,18.0009,10.5433,-7.60445,10.1479,0.567908,-14.9434,-14.9434,-9.9623,-4.98115,-4.98115,-4.98115
24.0602,-17.1218,-14.0735,-9.60858,-2.24977,-4.95267,-4.36332,23.3331,17.2339,9.66481,-6.58954,10.5087,-0.371218,-14.933,-14.933,-9.95532,-4.97766,-4.97766,-4.97766
24.0654,-17.1047,-14.1022,-9.63107,-2.26852,-5.02864,-4.34515,23.6441,18.0532,10.1542,-6.51896,10.604,-0.58224,-14.9209,-14.9209,-9.94728,-4.97364,-4.97364,-4.97364
24.0704,-17.1177,-14.1332,-9.64982,-2.26655,-5.03501,-4.2724,24.5456,18.3165,10.0392,-7.56644,9.5483,-1.65454,-14.9084,-14.9084,-9.93892,-4.96946,-4.96946,-4.96946
24.0753,-17.1309,-14.1695,-9.67048,-2.23921,-4.97382,-4.25393,23.902,18.1024,9.91759,-7.49634,9.11334,0.328265,-14.8952,-14.8952,-9.93013,-4.96506,-4.96506,-4.96506
24.0802,-17.1242,-14.1884,-9.67997,-2.20167,-4.82834,-4.32965,24.014,17.4027,9.66368,-7.38512,8.12334,0.307016,-14.8811,-14.8811,-9.92075,-4.96038,-4.96038,-4.96038
24.0852,-17.106,-14.2187,-9.69025,-2.15582,-4.7333,-4.40723,23.7348,19.125,9.8228,-7.88701,9.57553,0.666249,-14.8659,-14.8659,-9.91058,-4.95529,-4.95529,-4.95529
24.0903,-17.0906,-14.2572,-9.70985,-2.18429,-4.73117,-4.4354,23.9114,17.8319,10.1859,-4.76265,9.85983,-0.506734,-14.8494,-14.8494,-9.89957,-4.94979,-4.94979,-4.94979
24.0953,-17.0735,-14.2911,-9.73672,-2.25841,-4.67127,-4.41027,23.9849,18.9259,10.5465,-6.33332,8.32232,-0.346838,-14.8322,-14.8322,-9.88816,-4.94408,-4.94408,-4.94408
24.1003,-17.0815,-14.3352,-9.76377,-2.22376,-4.50134,-4.44281,24.7706,18.2696,9.77374,-8.36793,7.40551,0.375793,-14.8142,-14.8142,-9.87615,-4.93807,-4.93807,-4.93807
24.1053,-17.0858,-14.3707,-9.78513,-2.18797,-4.44308,-4.48547,24.1528,18.5343,10.3693,-7.19014,10.2806,-0.168721,-14.7953,-14.7953,-9.86352,-4.93176,-4.93176,-4.93176
24.1103,-17.0761,-14.4005,-9.80893,-2.23754,-4.53707,-4.50845,24.5703,17.7304,9.9297,-5.22616,10.1829,0.081341,-14.7754,-14.7754,-9.85028,-4.92514,-4.92514,-4.92514
24.1154,-17.0754,-14.4411,-9.83841,-2.32209,-4.62956,-4.51334,24.356,19.0094,10.4485,-5.05932,9.9192,-0.571562,-14.7542,-14.7542,-9.83616,-4.91808,-4.91808,-4.91808
24.1202,-17.0861,-14.4933,-9.87222,-2.37542,-4.75115,-4.52051,25.0523,19.2565,10.5287,-6.27516,10.9969,0.282622,-14.7334,-14.7334,-9.82228,-4.91114,-4.91114,-4.91114
24.1252,-17.0809,-14.5255,-9.90546,-2.40866,-4.80595,-4.52183,24.1472,17.4925,10.6913,-5.83558,8.8449,-0.40386,-14.7109,-14.7109,-9.80724,-4.90362,-4.90362,-4.90362
24.1302,-17.0503,-14.5341,-9.91384,-2.44969,-4.81479,-4.58834,24.494,17.3942,8.88244,-6.1828,10.5593,1.81564,-14.6874,-14.6874,-9.79159,-4.8958,-4.8958,-4.8958
24.1352,-17.0261,-14.5334,-9.92903,-2.52061,-4.88892,-4.5876,24.5445,16.3454,11.1046,-4.93241,10.1123,-1.72805,-14.663,-14.663,-9.77534,-4.88767,-4.88767,-4.88767
24.1402,-17.0405,-14.5293,-9.95394,-2.5775,-4.85411,-4.53664,26.0637,17.3248,9.88388,-6.14146,8.3734,0.755801,-14.6377,-14.6377,-9.75848,-4.87924,-4.87924,-4.87924
24.1452,-17.0778,-14.5369,-9.9678,-2.50771,-4.82896,-4.47837,25.5174,17.7281,10.3429,-9.66919,10.327,-2.10125,-14.6115,-14.6115,-9.74102,-4.87051,-4.87051,-4.87051
24.1503,-17.1111,-14.5496,-9.97542,-2.3436,-4.758,-4.34683,26.1714,18.1496,9.67244,-10.2911,7.72618,-1.00094,-14.5839,-14.5839,-9.7226,-4.8613,-4.8613,-4.8613
24.1553,-17.1646,-14.5618,-9.98299,-2.28561,-4.62728,-4.28518,27.1166,17.0223,10.0258,-6.81454,9.1824,-1.2504,-14.5559,-14.5559,-9.70393,-4.85196,-4.85196,-4.85196
24.1603,-17.2222,-14.55,-9.98118,-2.33307,-4.5372,-4.2894,26.9222,17.1077,9.63659,-6.98147,8.43585,0.0564893,-14.527,-14.527,-9.68466,-4.84233,-4.84233,-4.84233
24.1654,-17.2594,-14.5491,-9.99817,-2.3546,-4.46543,-4.34405,26.3875,16.8015,10.6258,-7.09101,8.96391,-0.326246,-14.4966,-14.4966,-9.66439,-4.83219,-4.83219,-4.83219
24.1703,-17.2601,-14.5339,-10.0086,-2.39937,-4.47929,-4.32648,26.3495,17.1378,10.1773,-6.21504,10.2456,-1.3216,-14.4665,-14.4665,-9.64433,-4.82216,-4.82216,-4.82216
24.1754,-17.2809,-14.5404,-10.0218,-2.44116,-4.45867,-4.31023,26.3331,17.4168,9.99277,-6.48248,7.9247,-0.479498,-14.4343,-14.4343,-9.62284,-4.81142,-4.81142,-4.81142
24.1802,-17.2984,-14.5456,-10.0249,-2.50174,-4.37979,-4.35332,26.7195,17.6339,9.66894,-6.34387,8.95759,0.10627,-14.4031,-14.4031,-9.60206,-4.80103,-4.80103,-4.80103
24.1853,-17.3113,-14.5532,-10.0327,-2.51016,-4.40758,-4.45345,26.3664,17.1113,10.0225,-7.87871,9.96469,0.732489,-14.3691,-14.3691,-9.57938,-4.78969,-4.78969,-4.78969
24.1904,-17.2793,-14.5587,-10.0492,-2.52375,-4.50519,-4.50363,25.1967,17.037,10.0472,-5.97766,9.93648,-0.48804,-14.3341,-14.3341,-9.55608,-4.77804,-4.77804,-4.77804
24.1953,-17.2027,-14.5766,-10.068,-2.53204,-4.62334,-4.49675,24.6974,18.6652,10.4402,-7.07384,10.4632,-0.20972,-14.2997,-14.2997,-9.53312,-4.76656,-4.76656,-4.76656
24.2002,-17.1242,-14.595,-10.0872,-2.52961,-4.71809,-4.46357,25.194,16.6993,9.77711,-6.357,9.39988,-0.817643,-14.2644,-14.2644,-9.50959,-4.7548,-4.7548,-4.7548
24.2053,-17.0822,-14.6137,-10.1093,-2.56546,-4.65038,-4.45654,26.0547,18.4071,10.5149,-5.98035,7.40841,0.353855,-14.2268,-14.2268,-9.48451,-4.74225,-4.74225,-4.74225
24.2103,-17.0535,-14.6282,-10.1251,-2.57166,-4.54381,-4.50564,25.7293,16.5884,9.43634,-7.08594,8.6875,0.0349031,-14.189,-14.189,-9.45933,-4.72966,-4.72966,-4.72966
24.2153,-17.0066,-14.6295,-10.1326,-2.52546,-4.53052,-4.48138,25.2375,16.8768,9.74915,-7.96822,8.83194,-0.86394,-14.1503,-14.1503,-9.43356,-4.71678,-4.71678,-4.71678
24.2203,-16.9683,-14.623,-10.1438,-2.52917,-4.56106,-4.46108,26.51,16.6364,10.1722,-5.36489,9.78753,0.116485,-14.1108,-14.1108,-9.40721,-4.70361,-4.70361,-4.70361
24.2254,-16.9772,-14.6327,-10.1712,-2.57529,-4.57004,-4.44974,27.0637,17.5132,10.4603,-5.86713,8.10123,-0.683852,-14.0696,-14.0696,-9.37974,-4.68987,-4.68987,-4.68987
24.2304,-17.0062,-14.6586,-10.2045,-2.59395,-4.49049,-4.39911,27.0224,17.4719,10.4327,-5.88089,8.08747,-0.697611,-14.0283,-14.0283,-9.35222,-4.67611,-4.67611,-4.67611
24.2355,-16.9948,-14.6552,-10.2198,-2.57364,-4.33384,-4.3396,26.1166,17.1531,10.402,-8.22192,6.6821,-0.968623,-13.9853,-13.9853,-9.32355,-4.66178,-4.66178,-4.66178
24.2402,-16.9858,-14.6645,-10.2244,-2.46909,-4.19807,-4.21965,26.8326,17.6091,9.17748,-9.1793,7.7947,-2.24066,-13.9449,-13.9449,-9.29661,-4.6483,-4.6483,-4.6483
24.2452,-16.9602,-14.6732,-10.221,-2.41081,-4.16677,-4.23216,25.7605,16.9034,9.49938,-6.27931,8.47561,1.46245,-13.9011,-13.9011,-9.26739,-4.63369,-4.63369,-4.63369
24.2504,-16.9667,-14.6772,-10.2195,-2.44926,-4.17273,-4.26904,27.8337,16.9632,9.24684,-5.40891,8.23655,-1.64149,-13.8546,-13.8546,-9.23639,-4.61819,-4.61819,-4.61819
24.2552,-17.0001,-14.6905,-10.2224,-2.45698,-4.24259,-4.26325,27.1556,17.7863,9.74018,-7.19539,9.65441,0.529855,-13.8108,-13.8108,-9.20723,-4.60361,-4.60361,-4.60361
24.2604,-16.9712,-14.6859,-10.2247,-2.41843,-4.29615,-4.30837,25.756,15.7996,9.48855,-6.66498,8.00716,-0.562635,-13.7626,-13.7626,-9.17505,-4.58752,-4.58752,-4.58752
24.2654,-16.9263,-14.6872,-10.2341,-2.41968,-4.29228,-4.36368,26.6897,17.8681,10.1007,-6.13424,8.54616,1.08588,-13.7153,-13.7153,-9.14353,-4.57176,-4.57176,-4.57176
24.2704,-16.8914,-14.6878,-10.2305,-2.44081,-4.28105,-4.37567,26.5116,16.2557,8.83766,-5.82738,8.06644,-1.38932,-13.6672,-13.6672,-9.11145,-4.55572,-4.55572,-4.55572
24.2753,-16.8446,-14.6889,-10.2221,-2.49038,-4.21696,-4.35784,26.5621,17.8862,9.5727,-5.24723,7.42945,0.416289,-13.6192,-13.6192,-9.07946,-4.53973,-4.53973,-4.53973
24.2804,-16.8035,-14.6976,-10.2134,-2.47973,-4.10593,-4.35854,26.0227,17.0868,9.05395,-7.5329,7.14756,-0.826083,-13.5684,-13.5684,-9.04559,-4.5228,-4.5228,-4.5228
24.2853,-16.7062,-14.6994,-10.2054,-2.461,-4.02059,-4.2623,24.9724,17.4982,9.51202,-6.41504,7.48706,-1.45534,-13.5188,-13.5188,-9.01251,-4.50626,-4.50626,-4.50626
24.2903,-16.6256,-14.6932,-10.2079,-2.48898,-4.02499,-4.23839,26.753,15.7604,9.67208,-5.745,8.86094,0.200061,-13.4673,-13.4673,-8.9782,-4.4891,-4.4891,-4.4891
24.2953,-16.5727,-14.674,-10.2085,-2.57075,-3.9965,-4.23595,26.2673,16.6064,9.67902,-4.91785,7.03019,-0.91033,-13.415,-13.415,-8.94334,-4.47167,-4.47167,-4.47167
24.3002,-16.4675,-14.6759,-10.2034,-2.6261,-3.86563,-4.20771,24.852,17.4448,8.90864,-6.52498,6.45808,-0.372921,-13.363,-13.363,-8.90864,-4.45432,-4.45432,-4.45432
24.3053,-16.3572,-14.6849,-10.2043,-2.60096,-3.87829,-4.21847,25.9159,17.0155,9.94413,-8.13302,9.29634,-0.142859,-13.3079,-13.3079,-8.87196,-4.43598,-4.43598,-4.43598
24.3102,-16.286,-14.6874,-10.2198,-2.5966,-3.9738,-4.26971,26.079,16.0044,9.7119,-5.24467,8.26829,0.716933,-13.2543,-13.2543,-8.83619,-4.41809,-4.41809,-4.41809
24.3155,-16.2474,-14.6739,-10.2163,-2.66698,-4.02182,-4.32626,27.1903,16.6468,9.0268,-5.29743,8.10789,-0.29631,-13.1954,-13.1954,-8.7969,-4.39845,-4.39845,-4.39845
24.3203,-16.2256,-14.6656,-10.209,-2.66625,-4.04187,-4.32945,26.7972,15.5879,8.98025,-6.9135,8.17264,-0.107362,-13.1412,-13.1412,-8.7608,-4.3804,-4.3804,-4.3804
24.3252,-16.2247,-14.6378,-10.1927,-2.62109,-4.036,-4.33681,28.1004,16.2568,9.06618,-7.60289,7.47499,-0.349608,-13.0851,-13.0851,-8.72342,-4.36171,-4.36171,-4.36171
24.3303,-16.2693,-14.6182,-10.173,-2.53516,-4.03276,-4.28505,28.6836,15.65,8.4917,-7.58951,8.57307,-1.26357,-13.026,-13.026,-8.68398,-4.34199,-4.34199,-4.34199
24.3352,-16.2834,-14.5894,-10.1601,-2.49956,-4.06325,-4.24207,27.3769,15.6475,9.55262,-6.24252,7.63478,-0.181542,-12.9683,-12.9683,-8.64556,-4.32278,-4.32278,-4.32278
24.3401,-16.2629,-14.5654,-10.1628,-2.47915,-3.96026,-4.22139,27.6179,15.5734,9.48442,-7.54539,5.96759,-1.01245,-12.9099,-12.9099,-8.60662,-4.30331,-4.30331,-4.30331
24.3452,-16.2414,-14.5527,-10.1562,-2.3905,-3.8433,-4.18464,27.2017,16.4337,8.77455,-7.88882,7.73554,-0.436823,-12.8483,-12.8483,-8.56555,-4.28278,-4.28278,-4.28278
24.3504,-16.1865,-14.5321,-10.1401,-2.29091,-3.7417,-4.15193,26.9569,15.3654,9.04144,-8.38204,5.88444,-1.07076,-12.7847,-12.7847,-8.52312,-4.26156,-4.26156,-4.26156
24.3552,-16.11,-14.5092,-10.1282,-2.27081,-3.70843,-4.0416,26.7713,16.3618,8.98922,-5.34652,8.34032,-2.26636,-12.7252,-12.7252,-8.48344,-4.24172,-4.24172,-4.24172
24.3603,-16.0601,-14.502,-10.1253,-2.30344,-3.73536,-4.04279,26.8175,16.0259,9.42305,-5.89782,7.04386,1.01602,-12.6611,-12.6611,-8.44075,-4.22038,-4.22038,-4.22038
24.3653,-16.0091,-14.4842,-10.1118,-2.29132,-3.6541,-4.0576,27.3962,16.2066,8.46526,-7.83161,5.92971,-1.96941,-12.5976,-12.5976,-8.39838,-4.19919,-4.19919,-4.19919
24.3705,-15.9284,-14.4719,-10.1023,-2.23021,-3.60023,-4.03583,26.2497,15.6432,9.27336,-7.68832,7.57996,0.21904,-12.5306,-12.5306,-8.35376,-4.17688,-4.17688,-4.17688
24.3753,-15.8604,-14.457,-10.0925,-2.22795,-3.63441,-4.08604,27.5347,16.3333,8.7886,-5.61436,7.79096,-0.389681,-12.4681,-12.4681,-8.31208,-4.15604,-4.15604,-4.15604
24.3803,-15.8031,-14.4495,-10.0808,-2.26984,-3.64978,-4.10753,26.7674,16.1965,8.98294,-5.66944,7.03208,-0.121842,-12.4022,-12.4022,-8.26816,-4.13408,-4.13408,-4.13408
24.3855,-15.7306,-14.4409,-10.0761,-2.28799,-3.65275,-4.09613,27.0055,16.1232,9.29829,-6.57853,7.49749,-0.997791,-12.3329,-12.3329,-8.22194,-4.11097,-4.11097,-4.11097
24.3904,-15.6828,-14.4425,-10.081,-2.26512,-3.64745,-4.02867,26.9394,16.0571,9.25423,-6.60056,7.47546,-1.01982,-12.2668,-12.2668,-8.17788,-4.08894,-4.08894,-4.08894
24.3955,-15.6065,-14.4014,-10.0611,-2.3202,-3.72887,-3.98517,27.4175,14.6283,8.44711,-4.57028,8.28856,-0.629002,-12.1973,-12.1973,-8.13152,-4.06576,-4.06576,-4.06576
24.4004,-15.5865,-14.3736,-10.0451,-2.38543,-3.8012,-3.96244,27.3499,14.5607,8.40207,-4.5928,8.26604,-0.651522,-12.1297,-12.1297,-8.08648,-4.04324,-4.04324,-4.04324
24.4053,-15.4979,-14.3486,-10.0264,-2.43779,-3.85066,-3.94517,25.1383,15.9936,8.63034,-5.36904,7.42356,-0.715682,-12.0614,-12.0614,-8.04096,-4.02048,-4.02048,-4.02048
24.4105,-15.3862,-14.3284,-10.0075,-2.45529,-3.7667,-4.00604,26.054,14.9117,8.33489,-4.95462,5.71002,0.998704,-11.9882,-11.9882,-7.99213,-3.99606,-3.99606,-3.99606
24.4154,-15.2603,-14.2961,-9.97862,-2.44567,-3.62362,-4.00975,23.8408,15.0823,7.98743,-5.61542,5.8027,-1.5665,-11.9184,-11.9184,-7.94563,-3.97282,-3.97282,-3.97282
24.4203,-15.0842,-14.2749,-9.95486,-2.39794,-3.51431,-3.94135,24.2038,15.3467,8.28322,-6.40067,5.91997,-0.38111,-11.848,-11.848,-7.89866,-3.94933,-3.94933,-3.94933
24.4253,-14.9492,-14.2314,-9.93645,-2.42568,-3.4027,-3.9255,24.1746,12.9298,8.47098,-2.71543,5.16713,-0.579194,-11.7754,-11.7754,-7.85025,-3.92513,-3.92513,-3.92513
24.4303,-14.8022,-14.1759,-9.90319,-2.52746,-3.21721,-3.84854,23.7742,13.5144,6.75845,-2.51632,4.3064,-1.87048,-11.702,-11.702,-7.80136,-3.90068,-3.90068,-3.90068
24.4353,-14.6543,-14.1344,-9.87061,-2.61345,-3.10448,-3.88061,23.5268,13.4601,7.93799,-3.14545,5.67275,1.45823,-11.628,-11.628,-7.75198,-3.87599,-3.87599,-3.87599
24.4404,-14.6542,-14.0899,-9.88854,-2.51317,-3.12419,-3.95985,28.9783,13.3956,10.834,-8.98344,6.63264,-0.719997,-11.5517,-11.5517,-7.70113,-3.85056,-3.85056,-3.85056
24.4453,-14.8549,-14.063,-9.91621,-2.26655,-3.29387,-3.86882,32.0642,14.7479,8.72815,-9.538,8.8767,-1.81278,-11.4777,-11.4777,-7.6518,-3.8259,-3.8259,-3.8259
24.4503,-15.0082,-14.0295,-9.89965,-2.14978,-3.45427,-3.78613,28.4696,14.1319,8.16112,-5.50622,6.80614,-0.587901,-11.4015,-11.4015,-7.601,-3.8005,-3.8005,-3.8005
24.4553,-14.9791,-13.9822,-9.87539,-2.12115,-3.46268,-3.76903,27.3604,14.055,8.44843,-7.54394,6.59834,-1.0027,-11.3246,-11.3246,-7.54973,-3.77486,-3.77486,-3.77486
24.4603,-14.9179,-13.9373,-9.84859,-2.01271,-3.40397,-3.68618,27.598,14.2808,8.14589,-8.878,6.1916,-1.99732,-11.247,-11.247,-7.49799,-3.749,-3.749,-3.749
24.4653,-14.8729,-13.8843,-9.80667,-1.89713,-3.36656,-3.63468,29.3518,14.2774,7.59419,-8.8875,6.19862,-0.566142,-11.1687,-11.1687,-7.4458,-3.7229,-3.7229,-3.7229
24.4703,-14.8584,-13.828,-9.75985,-1.84142,-3.25614,-3.58922,28.7094,14.4032,8.26258,-6.68653,5.48505,-1.99179,-11.0897,-11.0897,-7.39314,-3.69657,-3.69657,-3.69657
24.4752,-14.8444,-13.7777,-9.71991,-1.85248,-3.11357,-3.44405,29.4114,14.3094,7.77372,-6.89475,5.22719,-2.53117,-11.0116,-11.0116,-7.34109,-3.67055,-3.67055,-3.67055
24.4803,-14.8418,-13.7119,-9.66417,-1.87515,-2.90638,-3.31545,29.1561,13.6719,7.57279,-6.63227,4.23939,-2.06997,-10.9297,-10.9297,-7.28646,-3.64323,-3.64323,-3.64323
24.4853,-14.7752,-13.6589,-9.61716,-1.85452,-2.74716,-3.19447,27.3061,14.7493,7.87407,-8.91968,5.53718,-2.67658,-10.8487,-10.8487,-7.23244,-3.61622,-3.61622,-3.61622
24.4903,-14.6433,-13.6166,-9.59085,-1.854,-2.86292,-3.23304,26.8264,13.9899,8.71831,-6.47121,8.83851,0.997351,-10.767,-10.767,-7.17798,-3.58899,-3.58899,-3.58899
24.4952,-14.5359,-13.5751,-9.57004,-1.89989,-2.93068,-3.33274,28.105,14.9691,8.4158,-6.00131,4.94485,-1.44731,-10.6863,-10.6863,-7.12418,-3.56209,-3.56209,-3.56209
24.5002,-14.4509,-13.5649,-9.55082,-1.91628,-2.92698,-3.32697,27.4547,16.4345,8.2706,-7.10538,6.73878,-0.870537,-10.6033,-10.6033,-7.06885,-3.53442,-3.53442,-3.53442
24.5054,-14.3584,-13.539,-9.52329,-1.86068,-2.92286,-3.34641,27.6514,13.948,8.17497,-8.52538,5.50918,-0.800182,-10.5163,-10.5163,-7.01084,-3.50542,-3.50542,-3.50542
24.5104,-14.265,-13.4948,-9.49854,-1.82791,-2.83151,-3.31211,27.3463,14.5138,8.32147,-6.40901,4.90147,-2.16965,-10.4319,-10.4319,-6.95461,-3.47731,-3.47731,-3.47731
24.5153,-14.1369,-13.4644,-9.47181,-1.83352,-2.85902,-3.31366,26.7509,15.3328,8.0068,-6.81765,7.79655,0.00507095,-10.3487,-10.3487,-6.8991,-3.44955,-3.44955,-3.44955
24.5202,-13.9855,-13.4357,-9.44764,-1.85821,-2.98081,-3.38326,26.1509,14.6697,8.50682,-5.94309,6.60111,-0.93369,-10.2648,-10.2648,-6.84318,-3.42159,-3.42159,-3.42159
24.5253,-13.8523,-13.3987,-9.43035,-1.89512,-2.96133,-3.39615,27.2055,14.432,8.60285,-6.10489,5.18903,-0.963007,-10.1768,-10.1768,-6.78455,-3.39227,-3.39227,-3.39227
24.5304,-13.72,-13.3588,-9.40054,-1.8857,-2.9208,-3.42479,25.7615,14.8083,7.80601,-7.88976,6.10342,-0.537142,-10.0882,-10.0882,-6.72548,-3.36274,-3.36274,-3.36274
24.5354,-13.6013,-13.3215,-9.36882,-1.82469,-2.86051,-3.39792,27.5692,14.2086,8.20748,-7.43043,4.87365,-1.89111,-10.0007,-10.0007,-6.66715,-3.33357,-3.33357,-3.33357
24.5402,-13.5333,-13.2662,-9.34373,-1.79248,-2.84608,-3.32075,27.6737,13.3873,8.57118,-6.91212,6.74986,-1.66262,-9.91614,-9.91614,-6.61076,-3.30538,-3.30538,-3.30538
24.5453,-13.4929,-13.2089,-9.32563,-1.76571,-2.87233,-3.26069,27.5833,13.2968,8.51086,-6.94228,6.7197,-1.69278,-9.82566,-9.82566,-6.55044,-3.27522,-3.27522,-3.27522
24.5502,-13.371,-13.1386,-9.29848,-1.75497,-2.92305,-3.20834,26.5737,13.3354,8.26232,-6.90525,5.56445,-2.02831,-9.73814,-9.73814,-6.49209,-3.24605,-3.24605,-3.24605
24.5552,-13.2757,-13.0833,-9.27339,-1.72251,-2.81833,-3.12281,26.4838,13.2455,8.20238,-6.93522,5.53448,-2.05828,-9.64823,-9.64823,-6.43215,-3.21608,-3.21608,-3.21608
24.5603,-13.1435,-13.0207,-9.234,-1.69531,-2.73508,-3.08705,26.1512,13.4329,7.41979,-6.7507,4.98206,-1.14514,-9.55591,-9.55591,-6.37061,-3.1853,-3.1853,-3.1853
24.5653,-13.061,-12.9642,-9.18695,-1.64108,-2.66389,-3.10607,27.9631,13.6688,7.62657,-7.94026,5.64722,-1.00162,-9.46481,-9.46481,-6.30987,-3.15494,-3.15494,-3.15494
24.5703,-13.028,-12.9019,-9.13596,-1.59889,-2.63814,-3.03555,27.7887,12.6512,6.93845,-6.61291,5.67461,-2.68819,-9.37312,-9.37312,-6.24875,-3.12437,-3.12437,-3.12437
24.5753,-12.9665,-12.821,-9.08384,-1.59806,-2.63666,-2.98521,27.1843,11.964,7.57082,-6.12202,5.9999,-0.797981,-9.28086,-9.28086,-6.18724,-3.09362,-3.09362,-3.09362
24.5803,-12.8559,-12.7493,-9.0387,-1.60487,-2.59959,-2.98233,26.0118,12.9547,7.12646,-6.33513,5.04159,-1.81425,-9.18802,-9.18802,-6.12535,-3.06267,-3.06267,-3.06267
24.5853,-12.7058,-12.6776,-8.98711,-1.63077,-2.6145,-2.92671,26.1863,12.1639,7.02866,-5.99366,5.92954,-1.9613,-9.09462,-9.09462,-6.06308,-3.03154,-3.03154,-3.03154
24.5902,-12.5663,-12.5965,-8.93326,-1.6294,-2.59184,-2.92018,25.7593,11.729,7.01952,-7.41536,5.60076,-0.882475,-9.00253,-9.00253,-6.00169,-3.00084,-3.00084,-3.00084
24.5955,-12.4077,-12.5021,-8.87968,-1.60294,-2.56899,-2.92285,25.9743,11.6012,7.21606,-6.62907,4.90497,-1.86807,-8.90234,-8.90234,-5.93489,-2.96745,-2.96745,-2.96745
24.6004,-12.2664,-12.4194,-8.82798,-1.59619,-2.53518,-2.85224,25.7433,11.8075,6.72758,-6.14678,5.56114,-2.3711,-8.80915,-8.80915,-5.87277,-2.93638,-2.93638,-2.93638
24.6053,-12.1112,-12.329,-8.78067,-1.6075,-2.56262,-2.78976,25.0703,10.4136,7.26703,-6.29393,5.95219,-1.83101,-8.71545,-8.71545,-5.8103,-2.90515,-2.90515,-2.90515
24.6103,-11.9478,-12.2383,-8.74377,-1.59175,-2.5878,-2.71963,25.514,11.6334,7.55614,-6.55782,5.84562,-2.64966,-8.61929,-8.61929,-5.7462,-2.8731,-2.8731,-2.8731
24.6153,-11.7983,-12.1621,-8.69724,-1.59004,-2.5289,-2.67025,25.5946,11.9228,6.547,-6.04357,4.00835,-1.37365,-8.52261,-8.52261,-5.68174,-2.84087,-2.84087,-2.84087
24.6203,-11.6953,-12.0897,-8.63975,-1.61521,-2.39897,-2.61368,26.6873,11.7232,6.68702,-5.76133,4.35683,-2.89645,-8.4254,-8.4254,-5.61694,-2.80847,-2.80847,-2.80847
24.6253,-11.5895,-12.0174,-8.58746,-1.65627,-2.32239,-2.54139,25.2855,11.9879,6.97507,-5.94295,4.82933,-1.93543,-8.32768,-8.32768,-5.55178,-2.77589,-2.77589,-2.77589
24.6304,-11.431,-11.944,-8.52729,-1.7042,-2.2614,-2.52725,25.3704,11.6119,5.89044,-5.44643,3.98449,-1.57139,-8.22746,-8.22746,-5.48498,-2.74249,-2.74249,-2.74249
24.6354,-11.3466,-11.8733,-8.47234,-1.69461,-2.14933,-2.52189,27.4977,11.7062,7.14548,-7.33403,4.11717,-2.17563,-8.1287,-8.1287,-5.41914,-2.70957,-2.70957,-2.70957
24.6403,-11.2832,-11.7835,-8.42391,-1.67457,-2.09832,-2.40504,26.3012,10.2536,6.73787,-5.7519,4.98726,-3.70674,-8.03143,-8.03143,-5.35429,-2.67714,-2.67714,-2.67714
24.6452,-11.1975,-11.6857,-8.35982,-1.61874,-2.01036,-2.33193,26.6448,10.9044,5.93493,-8.32644,3.19104,-1.47888,-7.93369,-7.93369,-5.28912,-2.64456,-2.64456,-2.64456
24.6502,-11.1464,-11.6012,-8.31091,-1.46365,-2.02456,-2.36808,28.0969,11.3322,7.68642,-10.6368,6.32887,-1.74413,-7.83346,-7.83346,-5.22231,-2.61115,-2.61115,-2.61115
24.6552,-11.1235,-11.511,-8.26947,-1.34858,-2.08802,-2.32669,28.0356,10.8651,7.03408,-7.48262,4.81318,-3.11078,-7.73275,-7.73275,-5.15517,-2.57758,-2.57758,-2.57758
24.6601,-11.0818,-11.4179,-8.2135,-1.31885,-2.05334,-2.33196,28.2516,11.3687,6.64193,-8.56727,4.18397,-1.00759,-7.63359,-7.63359,-5.08906,-2.54453,-2.54453,-2.54453
24.6655,-11.0293,-11.3352,-8.14398,-1.2708,-1.96222,-2.34726,28.0945,12.3109,6.30121,-7.85037,4.45373,-3.00655,-7.52379,-7.52379,-5.01586,-2.50793,-2.50793,-2.50793
24.6702,-10.9426,-11.269,-8.08014,-1.25153,-1.93276,-2.33482,26.4462,11.9627,6.36679,-7.31931,4.82745,-1.44051,-7.42779,-7.42779,-4.95186,-2.47593,-2.47593,-2.47593
24.6754,-10.8104,-11.1893,-8.01237,-1.24725,-1.84815,-2.3618,26.0637,11.0444,6.141,-6.86636,3.583,-2.0474,-7.32109,-7.32109,-4.88073,-2.44036,-2.44036,-2.44036
24.6803,-10.6949,-11.1152,-7.94952,-1.27497,-1.85464,-2.33798,27.7357,12.287,6.43316,-6.01406,5.73526,-2.3957,-7.22011,-7.22011,-4.81341,-2.4067,-2.4067,-2.4067
24.6854,-10.6658,-11.064,-7.89575,-1.33282,-1.91542,-2.27675,27.6302,12.1814,6.36278,-6.04924,5.70008,-2.43088,-7.11455,-7.11455,-4.74303,-2.37152,-2.37152,-2.37152
24.6902,-10.602,-11.0146,-7.8412,-1.36752,-1.93041,-2.17945,26.7542,12.2629,5.9974,-6.8277,3.20766,-3.29214,-7.01478,-7.01478,-4.67652,-2.33826,-2.33826,-2.33826
24.6953,-10.4898,-10.9579,-7.78066,-1.33575,-1.83808,-2.07031,25.9937,11.6166,5.99959,-7.88162,4.39762,-3.03782,-6.90834,-6.90834,-4.60556,-2.30278,-2.30278,-2.30278
24.7002,-10.328,-10.8857,-7.72612,-1.28012,-1.78033,-1.98845,24.3229,10.6747,6.31988,-7.23689,3.94111,-2.89817,-6.80566,-6.80566,-4.53711,-2.26855,-2.26855,-2.26855
24.7054,-10.1003,-10.8026,-7.67236,-1.21589,-1.75888,-1.97988,23.8549,10.9357,6.30127,-7.57972,4.7906,-1.73404,-6.69625,-6.69625,-4.46416,-2.23208,-2.23208,-2.23208
24.7104,-9.91276,-10.7348,-7.63283,-1.12207,-1.74902,-2.03569,25.0928,11.8072,7.22361,-8.60853,4.15923,-1.58709,-6.59062,-6.59062,-4.39375,-2.19687,-2.19687,-2.19687
24.7154,-9.77528,-10.6747,-7.59031,-1.02928,-1.77837,-2.03736,25.5542,11.3544,5.8613,-7.52607,5.32449,-2.93895,-6.48459,-6.48459,-4.32306,-2.16153,-2.16153,-2.16153
24.7203,-9.64924,-10.6123,-7.53513,-0.981532,-1.80112,-2.03726,24.7604,11.2147,6.04884,-7.27104,4.1388,-1.44192,-6.38029,-6.38029,-4.25353,-2.12676,-2.12676,-2.12676
24.7253,-9.45444,-10.5324,-7.48215,-1.00898,-1.76232,-2.09841,23.905,10.576,6.48968,-5.6672,3.63124,-1.6928,-6.27348,-6.27348,-4.18232,-2.09116,-2.09116,-2.09116
24.7302,-9.27538,-10.4448,-7.43218,-1.04883,-1.74938,-2.08251,24.7455,10.1557,6.24199,-6.32322,5.48406,-2.83734,-6.16842,-6.16842,-4.11228,-2.05614,-2.05614,-2.05614
24.7354,-9.12364,-10.3518,-7.37549,-1.03047,-1.78483,-2.01544,25.2088,11.017,6.52479,-7.92544,4.17992,-2.63452,-6.05653,-6.05653,-4.03769,-2.01884,-2.01884,-2.01884
24.7402,-9.04859,-10.2701,-7.31412,-0.974618,-1.64923,-1.98581,26.5158,10.279,5.4943,-6.94982,2.18302,-2.39582,-5.95289,-5.95289,-3.9686,-1.9843,-1.9843,-1.9843
24.7453,-8.95513,-10.1744,-7.23761,-0.911152,-1.53486,-1.96812,24.3092,9.95971,5.47289,-8.19553,4.67159,-2.45749,-5.84241,-5.84241,-3.89494,-1.94747,-1.94747,-1.94747
24.7503,-8.80057,-10.0573,-7.15744,-0.860369,-1.56757,-1.90157,23.9089,8.0662,5.09111,-6.83244,4.80924,-3.23064,-5.73372,-5.73372,-3.82248,-1.91124,-1.91124,-1.91124
24.7553,-8.64354,-9.94472,-7.08723,-0.825336,-1.60297,-1.84184,24.3318,9.77744,5.81471,-7.63055,4.40029,-2.40587,-5.62468,-5.62468,-3.74979,-1.87489,-1.87489,-1.87489
24.7603,-8.53084,-9.86318,-7.0253,-0.768177,-1.63115,-1.80071,25.8654,10.4836,5.28407,-7.99821,4.11543,-3.04677,-5.5153,-5.5153,-3.67686,-1.83843,-1.83843,-1.83843
24.7653,-8.46302,-9.78887,-6.95969,-0.726725,-1.57775,-1.69738,25.0859,10.2124,5.44709,-7.0329,3.80562,-3.57186,-5.40557,-5.40557,-3.60371,-1.80186,-1.80186,-1.80186
24.7704,-8.32515,-9.69836,-6.89462,-0.732663,-1.48563,-1.67314,24.3117,8.96933,5.20296,-6.3334,2.30264,-1.8208,-5.29331,-5.29331,-3.52887,-1.76444,-1.76444,-1.76444
24.7753,-8.17161,-9.5834,-6.82672,-0.778196,-1.39168,-1.71266,24.1798,8.07314,5.4736,-5.46695,4.04677,-2.27915,-5.18512,-5.18512,-3.45675,-1.72837,-1.72837,-1.72837
24.7804,-8.04979,-9.45741,-6.75404,-0.781666,-1.30607,-1.61659,24.6895,8.11388,4.95106,-7.83955,2.56841,-4.30399,-5.0722,-5.0722,-3.38147,-1.69073,-1.69073,-1.69073
24.7853,-7.95272,-9.35074,-6.68277,-0.67925,-1.19976,-1.60316,25.2544,9.32104,5.24427,-9.82993,2.97099,-0.870934,-4.9634,-4.9634,-3.30893,-1.65447,-1.65447,-1.65447
24.7902,-7.85514,-9.24303,-6.61933,-0.607214,-1.06513,-1.68551,24.6883,7.72262,5.39726,-6.47974,2.1149,-2.46394,-4.8543,-4.8543,-3.2362,-1.6181,-1.6181,-1.6181
24.7953,-7.70162,-9.11471,-6.5403,-0.609233,-0.984365,-1.56687,22.7856,7.74667,4.3307,-6.68329,3.94823,-4.61329,-4.74045,-4.74045,-3.1603,-1.58015,-1.58015,-1.58015
24.8002,-7.53194,-8.98364,-6.45366,-0.632876,-1.03618,-1.47985,23.8344,6.64017,4.25967,-6.18165,4.20147,-2.14101,-4.63077,-4.63077,-3.08718,-1.54359,-1.54359,-1.54359
24.8052,-7.40414,-8.84232,-6.37536,-0.598922,-1.0869,-1.5213,24.6047,6.74468,4.97071,-8.16485,4.09783,-2.25293,-4.51858,-4.51858,-3.01238,-1.50619,-1.50619,-1.50619
24.8102,-7.30248,-8.71025,-6.31106,-0.507858,-1.0351,-1.48214,24.0273,7.32564,5.26148,-8.724,2.35466,-3.83878,-4.4061,-4.4061,-2.9374,-1.4687,-1.4687,-1.4687
24.8152,-7.19866,-8.59517,-6.23901,-0.474892,-0.990643,-1.46993,24.2889,8.02453,4.22283,-6.22788,4.13868,-1.80636,-4.29335,-4.29335,-2.86224,-1.43112,-1.43112,-1.43112
24.8201,-7.08617,-8.48673,-6.15762,-0.510823,-0.92775,-1.53399,24.5209,7.71284,4.36426,-6.60428,1.78336,-2.43944,-4.1826,-4.1826,-2.7884,-1.3942,-1.3942,-1.3942
24.8253,-7.01387,-8.37416,-6.0768,-0.552814,-0.68848,-1.54764,24.4031,7.59504,4.28573,-6.64355,1.74409,-2.47871,-4.0648,-4.0648,-2.70987,-1.35493,-1.35493,-1.35493
24.8302,-6.84865,-8.25826,-5.98613,-0.551544,-0.604474,-1.54761,22.4834,6.99917,3.30241,-7.60799,1.85605,-2.59859,-3.95355,-3.95355,-2.6357,-1.31785,-1.31785,-1.31785
24.8354,-6.68352,-8.13508,-5.90805,-0.529832,-0.624487,-1.50938,23.5785,7.03057,5.28845,-6.72835,4.16813,-3.16795,-3.83523,-3.83523,-2.55682,-1.27841,-1.27841,-1.27841
24.8402,-6.58275,-8.01844,-5.85697,-0.532828,-0.66556,-1.44608,23.4691,6.92112,5.21549,-6.76483,4.13165,-3.20443,-3.72578,-3.72578,-2.48386,-1.24193,-1.24193,-1.24193
24.8454,-6.41646,-7.88884,-5.77573,-0.487706,-0.726113,-1.33871,22.976,7.45242,3.7736,-7.62415,2.52713,-4.17139,-3.60698,-3.60698,-2.40465,-1.20233,-1.20233,-1.20233
24.8503,-6.29928,-7.78293,-5.68976,-0.43594,-0.598603,-1.18312,22.8638,7.34025,3.69882,-7.66154,2.48974,-4.20878,-3.49481,-3.49481,-2.32987,-1.16494,-1.16494,-1.16494
24.8552,-6.15657,-7.67018,-5.60522,-0.378246,-0.453254,-1.14803,22.6175,6.51079,3.7075,-7.40092,0.854236,-1.95268,-3.38243,-3.38243,-2.25495,-1.12748,-1.12748,-1.12748
24.8603,-5.97224,-7.54946,-5.53071,-0.339752,-0.395831,-1.13029,21.9132,6.77185,4.4821,-7.0591,3.7463,-4.0369,-3.26525,-3.26525,-2.17683,-1.08842,-1.08842,-1.08842
24.8653,-5.7811,-7.44636,-5.46387,-0.283909,-0.486793,-1.05651,23.0905,7.82301,4.04799,-7.88406,2.54874,-3.25554,-3.15017,-3.15017,-2.10011,-1.05006,-1.05006,-1.05006
24.8702,-5.68293,-7.36241,-5.39833,-0.229663,-0.391373,-1.02623,22.9775,7.71003,3.97268,-7.92172,2.51108,-3.2932,-3.03719,-3.03719,-2.0248,-1.0124,-1.0124,-1.0124
24.8752,-5.56577,-7.27287,-5.31898,-0.187633,-0.281929,-1.07237,22.7044,7.45273,3.06597,-7.06597,1.36307,-1.95721,-2.92173,-2.92173,-1.94782,-0.973911,-0.973911,-0.973911
24.8803,-5.38539,-7.17098,-5.24338,-0.18483,-0.259617,-1.04683,21.0578,6.31826,4.00725,-6.02061,3.20331,-4.56333,-2.80378,-2.80378,-1.86918,-0.934592,-0.934592,-0.934592
24.8853,-5.18042,-7.05799,-5.17253,-0.211475,-0.304773,-0.987939,21.2809,6.50188,3.57474,-6.13373,3.03223,-2.58989,-2.68796,-2.68796,-1.79197,-0.895986,-0.895986,-0.895986
24.8902,-5.01088,-6.95638,-5.09863,-0.22493,-0.278499,-1.02958,21.4705,7.14075,3.63691,-6.15506,1.73578,-2.5367,-2.57429,-2.57429,-1.7162,-0.858098,-0.858098,-0.858098
24.8953,-4.87909,-6.85831,-5.02287,-0.181168,-0.176871,-1.01897,21.6909,6.95925,3.5433,-7.99959,2.06889,-3.66915,-2.45583,-2.45583,-1.63722,-0.81861,-0.81861,-0.81861
24.9003,-4.68505,-6.75883,-4.94117,-0.129072,-0.102449,-0.930981,18.789,6.77598,3.00179,-5.97663,1.74861,-3.93147,-2.33954,-2.33954,-1.55969,-0.779845,-0.779845,-0.779845
24.9052,-4.43022,-6.66401,-4.85518,-0.122043,-0.136767,-0.948058,18.8325,7.04405,2.91318,-6.29619,3.83853,-1.75047,-2.22543,-2.22543,-1.48362,-0.741809,-0.741809,-0.741809
24.9101,-4.21621,-6.56836,-4.76417,-0.143795,-0.0508958,-1.0284,18.5686,6.80373,2.69908,-5.42347,0.140689,-2.55031,-2.11119,-2.11119,-1.40746,-0.703729,-0.703729,-0.703729
24.9152,-3.96818,-6.46218,-4.68054,-0.134665,-0.00230196,-0.998454,16.8183,6.29463,3.70443,-7.27647,4.07541,-3.90651,-1.99215,-1.99215,-1.3281,-0.66405,-0.66405,-0.66405
24.9203,-3.66971,-6.34891,-4.58825,-0.0715658,-0.186382,-0.925913,15.4542,6.16759,2.0345,-7.34931,5.27769,-3.10167,-1.87299,-1.87299,-1.24866,-0.624328,-0.624328,-0.624328
24.9254,-3.3459,-6.24022,-4.4962,-0.0541163,-0.494441,-0.935984,14.4957,5.97738,3.16299,-5.38531,6.47165,-2.45419,-1.7537,-1.7537,-1.16913,-0.584567,-0.584567,-0.584567
24.9303,-3.07216,-6.13342,-4.42445,-0.0851491,-0.731257,-0.908414,15.693,5.63415,3.19729,-4.95987,4.58697,-3.82551,-1.63899,-1.63899,-1.09266,-0.54633,-0.54633,-0.54633
24.9353,-2.79509,-6.01981,-4.34936,-0.129471,-0.717608,-0.801442,13.917,5.38697,2.87675,-4.25372,1.76584,-4.055,-1.52183,-1.52183,-1.01456,-0.507278,-0.507278,-0.507278
24.9403,-2.67337,-5.91086,-4.28902,-0.0999324,-0.719725,-0.669584,19.8241,5.13577,3.76834,-7.41436,5.28716,-4.40044,-1.40459,-1.40459,-0.936392,-0.468196,-0.468196,-0.468196
24.9453,-2.73517,-5.79583,-4.24484,0.0303833,-0.81857,-0.579647,21.8305,5.40849,4.59718,-8.6044,3.55064,-3.60328,-1.28725,-1.28725,-0.858169,-0.429084,-0.429084,-0.429084
24.9503,-2.77307,-5.67982,-4.18181,0.135392,-0.860478,-0.511756,21.5711,5.94906,2.7842,-7.79069,3.61087,-4.18889,-1.16984,-1.16984,-0.779893,-0.389947,-0.389947,-0.389947
24.9552,-2.77855,-5.57666,-4.10008,0.255146,-0.699588,-0.416254,22.7799,6.18852,2.69909,-9.19527,-0.435032,-4.32663,-1.0547,-1.0547,-0.703136,-0.351568,-0.351568,-0.351568
24.9603,-2.81064,-5.46912,-4.01399,0.424141,-0.306796,-0.391042,23.0185,6.02134,2.70484,-10.5269,-0.781359,-2.98384,-0.934803,-0.934803,-0.623202,-0.311601,-0.311601,-0.311601
24.9652,-2.86055,-5.35917,-3.9311,0.553943,0.0178001,-0.427745,24.1955,5.69333,2.78475,-8.4291,0.00822246,-3.5025,-0.819547,-0.819547,-0.546365,-0.273182,-0.273182,-0.273182
24.9703,-2.92439,-5.2275,-3.84025,0.584783,0.25226,-0.373205,24.3001,4.7144,2.51456,-8.02198,0.448459,-4.77622,-0.699536,-0.699536,-0.466357,-0.233179,-0.233179,-0.233179
24.9753,-3.02264,-5.08802,-3.74096,0.635221,0.403727,-0.273871,25.7387,4.52971,1.83417,-9.0217,1.0799,-4.26898,-0.581834,-0.581834,-0.387889,-0.193945,-0.193945,-0.193945
24.9805,-3.11269,-4.9458,-3.63266,0.742323,0.690419,-0.261112,23.7763,4.37575,1.66267,-9.99817,-2.32259,-3.32447,-0.459386,-0.459386,-0.306257,-0.153129,-0.153129,-0.153129
24.9853,-3.09502,-4.81062,-3.54315,0.818002,0.894799,-0.320196,22.8082,4.10115,2.63021,-8.05692,1.34088,-2.90676,-0.34633,-0.34633,-0.230887,-0.115443,-0.115443,-0.115443
24.9903,-3.0179,-4.66778,-3.45845,0.793757,0.87175,-0.265817,22.4501,3.67998,1.93095,-6.77966,1.67422,-5.5211,-0.228542,-0.228542,-0.152361,-0.0761807,-0.0761807,-0.0761807
24.9952,-2.9432,-4.52491,-3.37295,0.747918,0.874245,-0.178038,21.9092,3.56454,2.31379,-7.1245,0.849139,-3.4813,-0.113096,-0.113096,-0.0753975,-0.0376988,-0.0376988,-0.0376988
25.0003,-2.76561,-4.37981,-3.2971,0.757029,0.980224,-0.216906,18.8025,3.73199,2.76663,-8.42312,-0.466036,-3.0908,0.00706858,0.00706858,0.00471239,0.00235619,0.00235619,0.00235619
25.0052,-2.53248,-4.24707,-3.23434,0.79949,1.19163,-0.278853,18.6871,3.61654,2.68966,-8.4616,-0.50452,-3.12928,0.122521,0.122521,0.0816805,0.0408403,0.0408403,0.0408403
25.0104,-2.25225,-4.11553,-3.15812,0.858819,1.06442,-0.222913,17.682,4.37659,2.03532,-7.8152,4.22392,-5.44712,0.245033,0.245033,0.163356,0.0816778,0.0816778,0.0816778
25.0154,-1.98626,-4.00443,-3.08372,0.891431,0.789025,-0.0435681,17.5642,4.2588,1.9568,-7.85446,4.18466,-5.48638,0.362819,0.362819,0.241879,0.12094,0.12094,0.12094
25.0202,-1.70917,-3.90122,-3.01951,0.936212,0.576529,0.0329465,16.6158,4.35063,2.52306,-7.64374,2.71454,-3.65278,0.475871,0.475871,0.317248,0.158624,0.158624,0.158624
25.0254,-1.38846,-3.78697,-2.95028,0.978905,0.525748,0.0218017,15.6463,4.09423,2.16346,-7.81704,1.1088,-3.80952,0.598315,0.598315,0.398876,0.199438,0.199438,0.199438
25.0305,-1.08119,-3.66681,-2.87502,0.995014,0.448257,0.0311566,15.739,3.4147,1.9225,-6.80549,3.89227,-4.08965,0.718364,0.718364,0.47891,0.239455,0.239455,0.239455
25.0354,-0.82493,-3.55053,-2.79148,0.999551,0.252944,0.0958446,16.9948,3.69734,1.11622,-8.10249,3.10035,-4.81533,0.833663,0.833663,0.555775,0.277888,0.277888,0.277888
25.0402,-0.648203,-3.4357,-2.70112,0.997179,0.248536,0.166138,17.6226,3.3244,1.38581,-7.08856,0.90164,-4.23196,0.946561,0.946561,0.631041,0.31552,0.31552,0.31552
25.0452,-0.525032,-3.31331,-2.61424,1.02161,0.49232,0.143743,17.7691,2.95075,1.49137,-8.41114,-1.8451,-3.2941,1.06411,1.06411,0.709404,0.354702,0.354702,0.354702
25.0503,-0.38869,-3.19304,-2.53925,1.06957,0.738907,0.155388,17.5075,3.10673,2.08237,-7.9046,1.52632,-4.94036,1.18393,1.18393,0.789289,0.394644,0.394644,0.394644
25.0552,-0.2987,-3.07921,-2.45498,1.0772,0.836069,0.25465,18.5744,2.96015,0.684787,-7.04044,0.0306833,-4.9042,1.29899,1.29899,0.865993,0.432997,0.432997,0.432997
25.0602,-0.233492,-2.96523,-2.36816,1.05323,1.01231,0.272469,18.0828,2.61824,1.92745,-6.89739,-0.116065,-3.33699,1.41632,1.41632,0.944211,0.472105,0.472105,0.472105
25.0654,-0.141993,-2.84428,-2.27514,1.04023,1.24417,0.274684,17.4802,2.23628,0.535735,-7.15331,-1.03439,-4.56167,1.53824,1.53824,1.02549,0.512747,0.512747,0.512747
25.0704,-0.0668762,-2.73486,-2.18299,1.0215,1.39481,0.30732,18.5016,1.75272,1.07837,-6.00003,0.756446,-4.31919,1.65538,1.65538,1.10359,0.551794,0.551794,0.551794
25.0753,-0.0569022,-2.62889,-2.09872,1.0087,1.44041,0.404796,19.6044,1.39768,0.895316,-7.43759,0.693373,-5.59115,1.77008,1.77008,1.18005,0.590027,0.590027,0.590027
25.0803,-0.0363119,-2.52291,-2.00995,1.09374,1.54747,0.463637,18.1164,1.17831,0.888423,-9.48032,-0.471684,-3.80852,1.88701,1.88701,1.25801,0.629004,0.629004,0.629004
25.0853,0.0857271,-2.41737,-1.92121,1.14899,1.69004,0.425659,16.3999,0.407454,0.756206,-7.11806,-0.469222,-3.77294,2.00383,2.00383,1.33588,0.667942,0.667942,0.667942
25.0902,0.226809,-2.3094,-1.82617,1.14131,1.74067,0.397896,16.7386,-0.278204,0.144927,-6.70078,0.867139,-4.20022,2.11818,2.11818,1.41212,0.706061,0.706061,0.706061
25.0955,0.375741,-2.19076,-1.72118,1.15314,1.70382,0.471477,16.8043,-1.29614,0.0437494,-8.05021,1.00811,-5.53309,2.24174,2.24174,1.49449,0.747245,0.747245,0.747245
25.1003,0.533351,-2.06907,-1.63024,1.21791,1.71074,0.571074,15.2977,-2.38502,0.573251,-8.21166,0.225661,-4.95762,2.3535,2.3535,1.569,0.784499,0.784499,0.784499
25.1053,0.744407,-1.93158,-1.54066,1.27135,1.7687,0.550502,14.7638,-3.30112,0.255383,-7.24854,-0.144298,-3.3735,2.46978,2.46978,1.64652,0.823258,0.823258,0.823258
25.1103,0.939819,-1.7844,-1.44838,1.31265,1.75446,0.523755,15.479,-4.42194,-0.083283,-7.62673,1.61375,-4.74529,2.5859,2.5859,1.72393,0.861967,0.861967,0.861967
25.1152,1.09698,-1.62269,-1.36143,1.33025,1.67663,0.602483,15.3851,-5.80821,0.321652,-6.59649,1.04595,-5.32965,2.69955,2.69955,1.7997,0.899849,0.899849,0.899849
25.1203,1.29332,-1.43419,-1.28001,1.33536,1.61657,0.733273,14.2031,-6.89556,0.502068,-7.10782,1.25498,-5.63398,2.81766,2.81766,1.87844,0.939221,0.939221,0.939221
25.1253,1.50353,-1.24565,-1.2044,1.32893,1.54673,0.830871,14.1151,-7.03483,0.556655,-6.3018,1.41516,-4.84452,2.93329,2.93329,1.95552,0.977762,0.977762,0.977762
25.1303,1.64788,-1.07507,-1.13049,1.33774,1.50615,0.833792,16.0485,-6.87447,0.416993,-7.52432,0.697716,-4.1792,3.04873,3.04873,2.03249,1.01624,1.01624,1.01624
25.1353,1.74174,-0.934497,-1.05202,1.3764,1.49868,0.892839,15.3461,-6.90305,-0.261764,-7.36402,1.04018,-6.0475,3.16399,3.16399,2.10932,1.05466,1.05466,1.05466
25.1403,1.8539,-0.822053,-0.975209,1.43626,1.55314,1.00461,14.6716,-7.15995,0.288529,-7.83294,-0.248456,-5.29098,3.27905,3.27905,2.18603,1.09302,1.09302,1.09302
25.1454,1.84574,-0.731449,-0.916286,1.5725,1.56139,1.0857,19.6843,-7.43864,1.05479,-10.4719,2.26273,-5.43767,3.3962,3.3962,2.26413,1.13207,1.13207,1.13207
25.1503,1.69336,-0.662905,-0.851536,1.71322,1.58414,1.08987,20.813,-6.98757,-0.117366,-9.4578,-1.02048,-4.2,3.50855,3.50855,2.33904,1.16952,1.16952,1.16952
25.1553,1.66399,-0.605721,-0.77695,1.80242,1.76861,1.09404,16.9871,-7.30295,0.326756,-8.9743,-0.959262,-5.61262,3.62299,3.62299,2.41532,1.20766,1.20766,1.20766
25.1605,1.79625,-0.555903,-0.702629,1.83805,1.98845,1.16952,15.6745,-6.681,0.209955,-8.06169,-2.08353,-5.58597,3.74176,3.74176,2.49451,1.24725,1.24725,1.24725
25.1652,1.9432,-0.520277,-0.634593,1.84153,2.26052,1.22224,15.5674,-6.78814,0.13853,-8.09741,-2.11925,-5.62169,3.8489,3.8489,2.56593,1.28297,1.28297,1.28297
25.1704,2.06085,-0.481527,-0.56648,1.8667,2.45468,1.22873,17.1827,-6.94977,0.75564,-8.17824,-1.14024,-4.83312,3.96719,3.96719,2.64479,1.3224,1.3224,1.3224
25.1753,2.10226,-0.435679,-0.491201,1.89691,2.597,1.14995,17.1385,-7.68351,-0.6373,-8.30639,-1.73207,-3.83519,4.07841,4.07841,2.71894,1.35947,1.35947,1.35947
25.1802,2.18856,-0.376861,-0.413707,1.95389,2.74614,1.05482,15.1442,-8.36973,0.375512,-8.88158,-1.2971,-4.32758,4.18939,4.18939,2.79293,1.39646,1.39646,1.39646
25.1854,2.33235,-0.306944,-0.330579,1.99344,2.78862,1.10631,15.1725,-8.81426,-1.07804,-7.66219,-0.226752,-6.29599,4.3069,4.3069,2.87126,1.43563,1.43563,1.43563
25.1902,2.50617,-0.245933,-0.236959,1.96487,2.74111,1.21441,12.9918,-8.62697,-1.53684,-6.46454,-0.0144229,-5.20598,4.41511,4.41511,2.94341,1.4717,1.4717,1.4717
25.1953,2.72877,-0.16732,-0.136099,1.9122,2.83566,1.25218,12.4398,-9.88427,-1.0908,-6.75946,-2.3959,-5.01238,4.52981,4.52981,3.01987,1.50994,1.50994,1.50994
25.2002,2.97523,-0.0887905,-0.0457482,1.87501,2.91738,1.22394,11.0415,-9.01314,-1.10975,-6.52286,-0.0396188,-4.25414,4.63974,4.63974,3.09316,1.54658,1.54658,1.54658
25.2054,3.20343,-0.0197545,0.0511526,1.86351,2.86099,1.27833,12.2489,-8.95219,-1.49455,-7.35652,0.534315,-6.63616,4.75609,4.75609,3.17073,1.58536,1.58536,1.58536
25.2102,3.39276,0.0439385,0.142981,1.85883,2.8419,1.42911,11.1568,-9.42574,-1.68928,-7.27631,-0.851033,-6.04259,4.86322,4.86322,3.24215,1.62107,1.62107,1.62107
25.2152,3.62343,0.119257,0.230832,1.87398,2.82659,1.45371,10.1393,-9.80889,-0.956733,-8.17453,0.569149,-4.17529,4.97451,4.97451,3.31634,1.65817,1.65817,1.65817
25.2202,3.85335,0.194371,0.32406,1.87608,2.78879,1.35894,10.9897,-9.68742,-2.44356,-6.45617,-0.328967,-3.89765,5.0855,5.0855,3.39033,1.69517,1.69517,1.69517
25.2254,4.04812,0.275125,0.421541,1.85592,2.75735,1.37566,11.2134,-10.5669,-1.50246,-7.14037,0.485508,-6.22129,5.2006,5.2006,3.46706,1.73353,1.73353,1.73353
25.2303,4.2205,0.361424,0.501628,1.86157,2.67441,1.53471,10.601,-10.5765,-1.42826,-7.03566,0.871742,-6.72102,5.30873,5.30873,3.53916,1.76958,1.76958,1.76958
25.2353,4.37841,0.453543,0.588732,1.90646,2.64859,1.64981,10.8101,-10.8244,-1.84018,-8.45509,-0.373811,-5.55709,5.41875,5.41875,3.6125,1.80625,1.80625,1.80625
25.2402,4.49184,0.544826,0.682165,1.95342,2.64151,1.69136,12.0029,-10.7861,-2.28805,-7.47248,0.906877,-5.58464,5.52625,5.52625,3.68417,1.84208,1.84208,1.84208
25.2452,4.57185,0.616613,0.767778,2.00179,2.62853,1.72714,11.7004,-9.50074,-1.62945,-7.69109,-0.644814,-5.60453,5.6356,5.6356,3.75707,1.87853,1.87853,1.87853
25.2502,4.65216,0.684735,0.847232,2.06213,2.63586,1.81996,11.5284,-10.579,-2.05533,-7.61979,0.883772,-6.93255,5.7446,5.7446,3.82974,1.91487,1.91487,1.91487
25.2552,4.68694,0.744216,0.923135,2.12192,2.64213,1.96479,12.7671,-8.73733,-1.47568,-7.8216,-0.402725,-6.6624,5.85325,5.85325,3.90217,1.95108,1.95108,1.95108
25.2602,4.72251,0.79225,1.00061,2.18706,2.71673,2.11097,11.5833,-9.85032,-2.55525,-8.0233,-0.695501,-6.95518,5.96154,5.96154,3.97436,1.98718,1.98718,1.98718
25.2652,4.82689,0.862821,1.08406,2.21178,2.84398,2.12094,10.5809,-10.5453,-1.86644,-6.88351,-1.61743,-4.19251,6.06946,6.06946,4.04631,2.02315,2.02315,2.02315
25.2702,4.98353,0.925336,1.1501,2.18219,2.95663,2.05188,9.53969,-9.07685,-1.3195,-6.13276,-0.510643,-5.52832,6.17701,6.17701,4.11801,2.059,2.059,2.059
25.2752,5.16971,0.975527,1.20928,2.11399,3.02241,2.03925,9.43252,-9.18402,-1.39094,-6.16849,-0.546365,-5.56405,6.28418,6.28418,4.18945,2.09473,2.09473,2.09473
25.2804,5.34176,1.02585,1.27676,2.08215,3.05997,2.0412,10.0228,-8.97986,-1.71368,-6.8265,-1.13814,-5.86602,6.39522,6.39522,4.26348,2.13174,2.13174,2.13174
25.2855,5.48954,1.0802,1.34469,2.09992,3.07693,2.08058,10.0404,-9.68723,-1.73584,-7.95562,0.0842578,-6.10918,6.50371,6.50371,4.3358,2.1679,2.1679,2.1679
25.2906,5.62164,1.1411,1.41392,2.13702,3.05222,2.10992,10.342,-9.35402,-1.73056,-7.49485,-0.581047,-5.70637,6.61178,6.61178,4.40785,2.20393,2.20393,2.20393
25.2956,5.74378,1.19448,1.47671,2.16257,3.09622,2.10603,10.2365,-9.45956,-1.80093,-7.53003,-0.616228,-5.74155,6.71732,6.71732,4.47822,2.23911,2.23911,2.23911
25.3004,5.88408,1.25073,1.55236,2.23525,3.19218,2.05257,9.02055,-10.2067,-3.18073,-8.81395,-2.16511,-4.77331,6.81825,6.81825,4.5455,2.27275,2.27275,2.27275
25.3053,6.04914,1.32813,1.6441,2.31848,3.28572,2.07172,9.04401,-10.8727,-2.72875,-8.19404,-0.435683,-7.14248,6.92089,6.92089,4.61393,2.30696,2.30696,2.30696
25.3104,6.19316,1.40761,1.73484,2.33157,3.2902,2.21051,9.61132,-10.6875,-3.32008,-6.03531,-0.694705,-6.95439,7.02728,7.02728,4.68485,2.34243,2.34243,2.34243
25.3154,6.29377,1.48794,1.81648,2.34819,3.33816,2.29112,9.97636,-11.2366,-2.35477,-8.20617,-1.22613,-5.87949,7.13114,7.13114,4.75409,2.37705,2.37705,2.37705
25.3202,6.37003,1.5614,1.88591,2.41859,3.39415,2.29185,9.37277,-10.5282,-2.72402,-8.3469,-0.795545,-5.49858,7.23043,7.23043,4.82029,2.41014,2.41014,2.41014
25.3254,6.46949,1.6344,1.95908,2.49751,3.47732,2.26675,9.20256,-10.7653,-2.45475,-8.29981,-1.68409,-5.43493,7.33754,7.33754,4.89169,2.44585,2.44585,2.44585
25.3303,6.56066,1.68992,2.02328,2.55932,3.57007,2.28289,8.68838,-9.60896,-2.56145,-7.95242,-1.36154,-6.39578,7.43802,7.43802,4.95868,2.47934,2.47934,2.47934
25.3353,6.68169,1.75815,2.0965,2.61286,3.65122,2.35376,8.34991,-11.5116,-2.97644,-8.05268,-1.5032,-6.4712,7.54009,7.54009,5.02673,2.51336,2.51336,2.51336
25.3404,6.8076,1.83534,2.17924,2.66769,3.73304,2.41928,8.55357,-10.6775,-3.49488,-8.05411,-1.57087,-6.14143,7.64373,7.64373,5.09582,2.54791,2.54791,2.54791
25.3453,6.91492,1.90928,2.25669,2.68681,3.78296,2.44364,8.65546,-11.5568,-2.94441,-6.43115,-1.27271,-5.79359,7.74284,7.74284,5.1619,2.58095,2.58095,2.58095
25.3503,7.0376,1.98898,2.33801,2.68115,3.84729,2.4453,7.491,-11.4328,-3.975,-7.16022,-1.89414,-5.81058,7.8435,7.8435,5.229,2.6145,2.6145,2.6145
25.3554,7.16241,2.07517,2.41371,2.68106,3.8585,2.48348,8.03102,-12.1103,-2.55086,-6.83824,-0.22252,-6.71404,7.94568,7.94568,5.29712,2.64856,2.64856,2.64856
25.3604,7.25582,2.15093,2.47725,2.70163,3.72193,2.58898,8.19924,-10.7403,-3.23804,-8.00583,1.00281,-7.11159,8.04536,8.04536,5.36357,2.68179,2.68179,2.68179
25.3655,7.36351,2.2211,2.55993,2.75038,3.67469,2.68865,6.52208,-11.5073,-4.05161,-7.70835,-1.70535,-6.54087,8.14652,8.14652,5.43101,2.71551,2.71551,2.71551
25.3704,7.52586,2.30869,2.63885,2.77816,3.66696,2.75068,6.09838,-13.0224,-3.52043,-7.51702,0.390381,-6.51514,8.24322,8.24322,5.49548,2.74774,2.74774,2.74774
25.3755,7.68296,2.41454,2.71964,2.80392,3.55642,2.76943,7.16055,-12.571,-3.8129,-7.53384,0.282485,-5.94408,8.34335,8.34335,5.56223,2.78112,2.78112,2.78112
25.3803,7.80732,2.50875,2.79583,2.82029,3.55666,2.74686,6.4443,-12.6174,-3.68103,-7.80521,-1.44617,-5.91737,8.4371,8.4371,5.62473,2.81237,2.81237,2.81237
25.3853,7.9338,2.60327,2.87833,2.85037,3.56914,2.8101,6.39836,-12.6752,-4.42086,-7.81275,0.343053,-7.68027,8.53424,8.53424,5.68949,2.84475,2.84475,2.84475
25.3904,8.08918,2.6996,2.96493,2.87448,3.50218,2.92118,5.68521,-12.5294,-3.92853,-7.98636,0.020404,-6.76092,8.63279,8.63279,5.75519,2.8776,2.8776,2.8776
25.3952,8.26398,2.77839,3.04509,2.86528,3.51226,2.95254,4.44247,-12.2789,-4.84275,-6.50186,-1.13642,-6.0713,8.72503,8.72503,5.81669,2.90834,2.90834,2.90834
25.4004,8.50149,2.86488,3.14186,2.86392,3.61142,2.91914,2.3573,-12.2995,-4.54742,-7.98399,-1.16127,-5.80635,8.8244,8.8244,5.88293,2.94147,2.94147,2.94147
25.4055,8.77854,2.94797,3.2293,2.89845,3.7041,2.8738,1.16901,-12.483,-4.6162,-7.387,-0.936883,-6.03736,8.92129,8.92129,5.94753,2.97376,2.97376,2.97376
25.4104,9.02452,3.02428,3.31135,2.92251,3.75759,2.90162,1.69506,-12.1461,-4.54832,-6.87965,-0.570293,-7.01213,9.01384,9.01384,6.00923,3.00461,3.00461,3.00461
25.4152,9.20877,3.09684,3.39143,2.91306,3.82146,2.97962,1.60492,-12.2363,-4.60841,-6.9097,-0.60034,-7.04218,9.10398,9.10398,6.06932,3.03466,3.03466,3.03466
25.4203,9.36293,3.1684,3.48358,2.93745,3.81207,2.99983,1.84461,-11.7366,-5.11496,-8.15032,0.717563,-5.81536,9.19919,9.19919,6.13279,3.0664,3.0664,3.0664
25.4252,9.51548,3.24403,3.57193,2.99764,3.80075,3.0295,0.13437,-13.1474,-4.86208,-8.49526,-0.413983,-7.3195,9.29011,9.29011,6.19341,3.0967,3.0967,3.0967
25.4304,9.71802,3.33639,3.64792,3.01499,3.75996,3.09501,-0.536753,-13.0699,-4.07328,-6.52346,1.41706,-6.78842,9.38599,9.38599,6.25733,3.12866,3.12866,3.12866
25.4353,9.87898,3.43424,3.7212,2.999,3.68962,3.00543,-0.0473525,-14.2432,-4.99421,-6.57823,0.534289,-4.54963,9.47577,9.47577,6.31718,3.15859,3.15859,3.15859
25.4402,9.76141,3.54541,3.80036,3.00137,3.70582,2.90079,9.17361,-14.5846,-4.72138,-7.26209,-0.0336501,-6.38441,9.56499,9.56499,6.37666,3.18833,3.18833,3.18833
25.4452,9.49842,3.66043,3.87231,3.00972,3.73925,2.90066,9.08316,-14.675,-4.78168,-7.29224,-0.0638016,-6.41456,9.65544,9.65544,6.43696,3.21848,3.21848,3.21848
25.4503,9.36155,3.75975,3.93503,3.01192,3.73634,2.97426,6.03261,-13.2182,-4.16562,-6.61899,-0.0612315,-7.61259,9.74709,9.74709,6.49806,3.24903,3.24903,3.24903
25.4553,9.33063,3.84327,3.9991,3.04652,3.88692,3.05304,6.90076,-13.6463,-5.38716,-8.09774,-3.57686,-6.52454,9.83634,9.83634,6.55756,3.27878,3.27878,3.27878
25.4602,9.25934,3.92612,4.05968,3.12457,4.23409,3.05137,7.98019,-13.7017,-4.26213,-8.42478,-4.25166,-5.94906,9.92321,9.92321,6.61547,3.30774,3.30774,3.30774
25.4652,9.17454,4.01475,4.12239,3.1942,4.50486,3.00778,8.05755,-13.9907,-5.51422,-8.3382,-2.39316,-5.8128,10.0113,10.0113,6.67417,3.33708,3.33708,3.33708
25.4702,9.09016,4.10802,4.20128,3.25231,4.6605,2.9651,7.97013,-14.0781,-5.5725,-8.36734,-2.4223,-5.84194,10.0987,10.0987,6.73245,3.36622,3.36622,3.36622
25.4752,8.98198,4.19974,4.26641,3.28192,4.81536,2.92944,8.56503,-13.8615,-4.38263,-7.08804,-2.98116,-5.78808,10.1855,10.1855,6.79031,3.39516,3.39516,3.39516
25.4802,8.90735,4.28344,4.31972,3.37123,5.04897,2.96784,7.04466,-13.731,-4.9793,-10.1804,-4.42576,-7.2244,10.2716,10.2716,6.84776,3.42388,3.42388,3.42388
25.4853,8.95102,4.36909,4.37869,3.48934,5.17003,3.04231,4.58952,-14.094,-4.85145,-8.3216,-1.58996,-6.59108,10.3589,10.3589,6.90592,3.45296,3.45296,3.45296
25.4902,9.0934,4.45681,4.43188,3.53148,5.13467,3.08826,4.50632,-14.1772,-4.90691,-8.34933,-1.61769,-6.61881,10.4421,10.4421,6.96138,3.48069,3.48069,3.48069
25.4954,9.29405,4.5467,4.50036,3.55767,5.09152,3.12824,2.55111,-13.8984,-5.82849,-7.70786,-1.80422,-6.3665,10.5297,10.5297,7.01979,3.5099,3.5099,3.5099
25.5003,9.53072,4.63888,4.58432,3.5862,4.99606,3.10829,1.1257,-14.8707,-6.35753,-7.90904,-0.25004,-5.50784,10.6116,10.6116,7.0744,3.5372,3.5372,3.5372
25.5053,9.81394,4.74295,4.67444,3.60765,4.84033,3.03609,1.04276,-14.9537,-6.41282,-7.93669,-0.277685,-5.53549,10.6945,10.6945,7.12969,3.56485,3.56485,3.56485
25.5103,10.1009,4.84301,4.75425,3.63275,4.70364,3.03597,0.180288,-14.7247,-5.6881,-7.82335,-0.545231,-6.90427,10.7768,10.7768,7.18454,3.59227,3.59227,3.59227
25.5152,10.404,4.93542,4.82687,3.66983,4.6344,3.14174,-1.30624,-14.982,-6.42904,-8.27229,-1.03557,-7.54365,10.8568,10.8568,7.23787,3.61893,3.61893,3.61893
25.5203,10.7491,5.0361,4.90067,3.69523,4.60401,3.2786,-1.57793,-15.0921,-5.62091,-7.91894,-0.972016,-7.45526,10.9394,10.9394,7.29291,3.64646,3.64646,3.64646
25.5252,10.9869,5.14508,4.9657,3.73557,4.50161,3.36407,0.522264,-16.7035,-6.14152,-8.40884,0.508721,-6.76112,11.018,11.018,7.34536,3.67268,3.67268,3.67268
25.5303,11.16,5.27965,5.0425,3.77368,4.35455,3.40022,0.441078,-16.7846,-6.19564,-8.4359,0.481659,-6.78818,11.0992,11.0992,7.39948,3.69974,3.69974,3.69974
25.5353,11.286,5.41205,5.12627,3.81078,4.22968,3.39581,1.03977,-16.7966,-6.7373,-8.18896,0.355998,-6.09412,11.1781,11.1781,7.45208,3.72604,3.72604,3.72604
25.5402,11.3174,5.53655,5.20441,3.82095,4.25521,3.43883,2.47222,-16.8378,-6.22202,-7.03875,-1.90515,-7.80879,11.2548,11.2548,7.50319,3.75159,3.75159,3.75159
25.5454,11.3192,5.66274,5.27422,3.79848,4.42194,3.57119,2.3916,-16.9184,-6.27576,-7.06563,-1.93203,-7.83567,11.3354,11.3354,7.55693,3.77847,3.77847,3.77847
25.5503,11.3382,5.76717,5.34597,3.78434,4.54579,3.70126,1.37852,-15.9968,-7.03655,-6.81748,-1.52656,-8.04292,11.4107,11.4107,7.60712,3.80356,3.80356,3.80356
25.5552,11.3358,5.84885,5.41617,3.75873,4.69596,3.84022,2.21012,-15.4568,-6.70172,-6.38695,-2.52847,-8.10091,11.4853,11.4853,7.65685,3.82843,3.82843,3.82843
25.5604,11.3377,5.93666,5.48953,3.71072,4.89652,3.95612,2.1317,-15.5352,-6.75401,-6.41309,-2.55461,-8.12705,11.5637,11.5637,7.70914,3.85457,3.85457,3.85457
25.5652,11.3743,6.02407,5.55586,3.66926,4.95458,3.94245,0.535289,-15.9497,-6.44233,-6.17203,-0.40087,-6.01471,11.6354,11.6354,7.75694,3.87847,3.87847,3.87847
25.5704,11.4575,6.11872,5.62071,3.67524,4.88634,3.82715,0.801053,-15.8887,-6.5814,-8.35048,-0.318876,-6.36328,11.7123,11.7123,7.80823,3.90412,3.90412,3.90412
25.5753,11.5361,6.21994,5.69628,3.69457,4.86444,3.77352,-0.763929,-17.308,-7.66799,-6.77636,-1.19564,-7.091,11.7841,11.7841,7.85609,3.92804,3.92804,3.92804
25.5802,11.6758,6.33665,5.78387,3.66968,4.89031,3.77964,-0.835013,-17.3791,-7.71538,-6.80006,-1.21934,-7.1147,11.8552,11.8552,7.90348,3.95174,3.95174,3.95174
25.5852,11.8225,6.45615,5.87322,3.64894,4.91164,3.80209,-0.906824,-17.4509,-7.76325,-6.82399,-1.24327,-7.13863,11.927,11.927,7.95135,3.97567,3.97567,3.97567
25.5903,11.9543,6.5621,5.94949,3.67093,4.89994,3.85448,-1.06601,-16.0459,-6.64118,-7.98252,-0.737518,-7.51884,11.9995,11.9995,7.99968,3.99984,3.99984,3.99984
25.5952,12.0919,6.6515,6.00079,3.72854,4.94738,3.88155,-1.53283,-16.761,-6.43005,-8.51057,-2.23433,-6.77177,12.0684,12.0684,8.04562,4.02281,4.02281,4.02281
25.6004,12.1912,6.75284,6.0479,3.78985,4.99397,3.83153,-0.462592,-16.8688,-6.19196,-7.91369,-0.486531,-6.05069,12.1408,12.1408,8.09386,4.04693,4.04693,4.04693
25.6055,12.2792,6.85154,6.08741,3.82364,4.9489,3.74246,-0.532773,-16.939,-6.23875,-7.93708,-0.509924,-6.07408,12.211,12.211,8.14065,4.07032,4.07032,4.07032
25.6102,12.3642,6.94168,6.12326,3.85291,4.90717,3.66733,-0.596755,-17.003,-6.2814,-7.95841,-0.531252,-6.09541,12.275,12.275,8.1833,4.09165,4.09165,4.09165
25.6151,12.4821,7.02911,6.17427,3.87198,4.94486,3.6479,-2.60915,-16.537,-7.40593,-7.15241,-2.11817,-7.06133,12.3409,12.3409,8.2273,4.11365,4.11365,4.11365
25.6202,12.6486,7.1196,6.24536,3.86265,5.07845,3.67361,-2.67706,-16.605,-7.4512,-7.17505,-2.14081,-7.08397,12.4089,12.4089,8.27257,4.13629,4.13629,4.13629
25.6252,12.755,7.20785,6.29929,3.88237,5.16859,3.77105,-1.45846,-16.5289,-6.05506,-8.03326,-1.42582,-8.54662,12.4747,12.4747,8.31644,4.15822,4.15822,4.15822
25.6302,12.828,7.29137,6.34549,3.89161,5.19824,3.89309,-1.9569,-16.6294,-7.19985,-7.02822,-1.01694,-7.54986,12.5397,12.5397,8.3598,4.1799,4.1799,4.1799
25.6353,12.9027,7.38287,6.40626,3.88997,5.22716,3.928,-2.48334,-16.8407,-6.90914,-7.57999,-1.14643,-6.84307,12.6052,12.6052,8.40349,4.20175,4.20175,4.20175
25.6402,12.9791,7.46994,6.45486,3.94739,5.27891,3.90186,-2.39984,-17.0014,-6.78968,-9.3064,-1.5646,-6.5326,12.6674,12.6674,8.44496,4.22248,4.22248,4.22248
25.6452,12.9757,7.55879,6.49005,4.06235,5.30668,3.84888,-0.216746,-16.9735,-5.79693,-9.77442,-0.591902,-6.32994,12.7301,12.7301,8.48676,4.24338,4.24338,4.24338
25.6502,12.9608,7.6503,6.5131,4.16764,5.27326,3.78841,-0.278664,-17.0354,-5.83821,-9.79506,-0.612541,-6.35058,12.7921,12.7921,8.52804,4.26402,4.26402,4.26402
25.6552,12.9561,7.74754,6.55099,4.23042,5.27242,3.79116,-0.308193,-17.6088,-6.96368,-8.29192,-1.3864,-7.43908,12.8532,12.8532,8.5688,4.2844,4.2844,4.2844
25.6603,13.0252,7.8506,6.60649,4.22314,5.26541,3.88702,-2.15853,-17.2211,-6.97335,-7.21119,-0.843869,-8.28759,12.9147,12.9147,8.60982,4.30491,4.30491,4.30491
25.6655,13.1574,7.93627,6.66469,4.20507,5.29533,4.03474,-2.64991,-16.6802,-7.70431,-7.30634,-2.04026,-8.44898,12.9766,12.9766,8.65108,4.32554,4.32554,4.32554
25.6704,13.2881,8.00579,6.7169,4.21197,5.41562,4.12975,-3.1999,-17.0175,-7.37691,-7.88855,-2.43203,-7.45799,13.0341,13.0341,8.68943,4.34471,4.34471,4.34471
25.6752,13.3754,8.09052,6.77863,4.22425,5.55038,4.1493,-1.62044,-17.8729,-8.22489,-7.55933,-2.40089,-7.20329,13.0897,13.0897,8.72649,4.36325,4.36325,4.36325
25.6803,13.4531,8.17408,6.84667,4.25078,5.63468,4.14133,-3.21132,-16.9737,-7.92516,-8.31567,-1.46811,-7.13163,13.148,13.148,8.76534,4.38267,4.38267,4.38267
25.6852,13.621,8.25363,6.89854,4.24085,5.6643,4.09853,-5.68961,-18.4355,-7.62127,-6.25578,-1.54446,-6.58698,13.2032,13.2032,8.80212,4.40106,4.40106,4.40106
25.6904,13.8271,8.35114,6.96923,4.21957,5.70651,4.04599,-5.32967,-17.8549,-8.83014,-7.63294,-1.66306,-7.0699,13.2609,13.2609,8.84059,4.4203,4.4203,4.4203
25.6952,13.9779,8.42633,7.02598,4.21578,5.71437,3.99517,-5.51217,-17.478,-7.33734,-6.79759,-0.711791,-6.31735,13.3134,13.3134,8.87558,4.43779,4.43779,4.43779
25.7003,14.1182,8.51077,7.08292,4.21248,5.65209,4.01323,-5.57893,-18.0175,-8.40224,-7.75154,-0.142222,-8.02478,13.3683,13.3683,8.9122,4.4561,4.4561,4.4561
25.7054,14.2583,8.59358,7.14114,4.17559,5.4594,4.12632,-6.24764,-17.5948,-7.642,-5.46773,1.79383,-8.01797,13.4224,13.4224,8.94825,4.47413,4.47413,4.47413
25.7104,14.3598,8.66561,7.18831,4.14796,5.25894,4.2643,-5.07448,-17.7022,-8.03,-7.7704,0.534441,-8.67292,13.4746,13.4746,8.98304,4.49152,4.49152,4.49152
25.7153,14.4296,8.7312,7.24295,4.16035,5.1616,4.31806,-6.12163,-17.2797,-8.3457,-6.9509,0.252705,-6.71078,13.5249,13.5249,9.01659,4.5083,4.5083,4.5083
25.7204,14.5461,8.79963,7.30484,4.14346,5.09156,4.26093,-6.17316,-17.3312,-8.38005,-6.96807,0.235528,-6.72795,13.5764,13.5764,9.05094,4.52547,4.52547,4.52547
25.7254,14.6534,8.87143,7.36496,4.12614,5.03803,4.25007,-6.25041,-17.6607,-8.26896,-6.81075,0.14445,-7.58907,13.6261,13.6261,9.08406,4.54203,4.54203,4.54203
25.7304,14.6704,8.95147,7.42332,4.11643,5.09183,4.27507,-3.93524,-18.3281,-8.42274,-7.02575,-1.21319,-7.55567,13.6749,13.6749,9.11662,4.55831,4.55831,4.55831
25.7354,14.6748,9.0293,7.47557,4.10182,5.17409,4.28906,-5.5947,-17.7378,-8.02001,-6.73539,-0.566785,-7.44747,13.7229,13.7229,9.14861,4.57431,4.57431,4.57431
25.7402,14.72,9.09226,7.51487,4.07879,5.21757,4.30185,-5.63997,-17.7831,-8.05019,-6.75048,-0.581877,-7.46256,13.7682,13.7682,9.17879,4.5894,4.5894,4.5894
25.7452,14.7329,9.15107,7.5669,4.07836,5.26167,4.3506,-4.89436,-17.4669,-9.1219,-7.52768,-0.58076,-8.06588,13.8145,13.8145,9.20968,4.60484,4.60484,4.60484
25.7502,14.7434,9.21385,7.62629,4.09516,5.3596,4.46089,-5.3693,-17.7409,-8.44371,-7.36068,-1.70544,-8.6358,13.86,13.86,9.24,4.62,4.62,4.62
25.7552,14.7677,9.27287,7.67257,4.13832,5.4838,4.55285,-5.92218,-17.4743,-8.3585,-8.26979,-1.14071,-7.78955,13.9046,13.9046,9.26974,4.63487,4.63487,4.63487
25.7603,14.826,9.33399,7.72044,4.20091,5.55992,4.59154,-5.96681,-17.5189,-8.38826,-8.28467,-1.15559,-7.80443,13.9492,13.9492,9.2995,4.64975,4.64975,4.64975
25.7653,14.856,9.4003,7.76433,4.23943,5.57786,4.60665,-5.19411,-18.07,-8.0093,-7.2888,-0.267365,-7.43784,13.9921,13.9921,9.32809,4.66404,4.66404,4.66404
25.7704,14.8849,9.45737,7.7992,4.26273,5.56596,4.58508,-5.90677,-16.923,-7.98562,-7.73365,-0.60457,-7.31137,14.035,14.035,9.35666,4.67833,4.67833,4.67833
25.7757,14.9405,9.5149,7.83027,4.30309,5.44882,4.51732,-6.10007,-18.0856,-7.75551,-7.78958,1.5337,-6.76286,14.0786,14.0786,9.38571,4.69286,4.69286,4.69286
25.7802,15.0094,9.57199,7.85927,4.34269,5.32711,4.44954,-7.04251,-17.6569,-8.12034,-8.23222,0.0312243,-6.89086,14.1148,14.1148,9.40987,4.70494,4.70494,4.70494
25.7853,15.1207,9.61924,7.88631,4.40129,5.25661,4.39941,-7.67766,-16.9445,-7.67481,-8.32014,0.514619,-7.03674,14.155,14.155,9.43668,4.71834,4.71834,4.71834
25.7902,15.2183,9.67047,7.91994,4.42831,5.22321,4.44047,-7.47511,-18.1092,-8.62587,-7.09074,-0.243175,-8.48178,14.1928,14.1928,9.46187,4.73094,4.73094,4.73094
25.7952,15.3137,9.7379,7.95743,4.43374,5.1456,4.57288,-7.82011,-18.1587,-7.7941,-7.5173,1.49134,-8.77586,14.2305,14.2305,9.487,4.7435,4.7435,4.7435
25.8002,15.3898,9.80346,7.99315,4.44972,5.02835,4.66777,-7.58506,-18.3019,-8.67345,-7.26461,0.833232,-7.82765,14.2673,14.2673,9.51154,4.75577,4.75577,4.75577
25.8053,15.4478,9.87694,8.04117,4.45903,4.90248,4.74377,-7.39318,-18.5552,-8.57874,-7.59974,1.88914,-8.66786,14.3039,14.3039,9.53596,4.76798,4.76798,4.76798
25.8104,15.4875,9.9494,8.08805,4.4545,4.72069,4.74666,-7.49588,-18.5436,-8.76558,-6.80849,2.19187,-6.60149,14.3397,14.3397,9.55978,4.77989,4.77989,4.77989
25.8152,15.5242,10.0212,8.13245,4.44123,4.67225,4.6931,-7.35136,-19.2738,-8.84177,-7.20029,-0.319614,-7.54805,14.3724,14.3724,9.58163,4.79081,4.79081,4.79081
25.8202,15.5845,10.0934,8.17584,4.45,4.73289,4.63969,-8.33812,-18.4009,-8.65495,-7.60055,0.306854,-6.72287,14.4057,14.4057,9.60381,4.80191,4.80191,4.80191
25.8252,15.6264,10.1567,8.22155,4.44166,4.80679,4.5242,-7.09395,-18.5712,-9.17605,-6.5929,-0.482262,-6.27826,14.4381,14.4381,9.6254,4.8127,4.8127,4.8127
25.8301,15.6451,10.2319,8.27563,4.44035,4.9372,4.39594,-7.62126,-19.4885,-9.32413,-7.77895,-0.865154,-6.15607,14.469,14.469,9.64599,4.82299,4.82299,4.82299
25.8352,15.6227,10.3212,8.3257,4.45225,5.01979,4.38133,-6.80539,-19.8547,-8.71168,-7.069,0.705917,-8.2282,14.5002,14.5002,9.66681,4.8334,4.8334,4.8334
25.8403,15.5896,10.4092,8.36186,4.44465,5.00543,4.48713,-6.83568,-19.885,-8.73187,-7.0791,0.695819,-8.2383,14.5305,14.5305,9.687,4.8435,4.8435,4.8435
25.8452,15.589,10.4907,8.389,4.47666,4.99711,4.56985,-8.36111,-19.9526,-8.33269,-8.57891,0.529089,-7.81715,14.5587,14.5587,9.70582,4.85291,4.85291,4.85291
25.8504,15.6436,10.5758,8.42638,4.50703,5.03915,4.67259,-8.82747,-19.6546,-9.26327,-7.0485,-0.258902,-8.77902,14.5877,14.5877,9.72516,4.86258,4.86258,4.86258
25.8553,15.7317,10.6562,8.47532,4.49597,5.09798,4.80123,-8.85392,-19.681,-9.28091,-7.05732,-0.267718,-8.78784,14.6142,14.6142,9.7428,4.8714,4.8714,4.8714
25.8602,15.7908,10.7308,8.51359,4.5108,5.08421,4.82655,-8.09544,-19.088,-8.29685,-8.00977,1.12307,-6.93337,14.6398,14.6398,9.75985,4.87993,4.87993,4.87993
25.8653,15.8225,10.7969,8.53505,4.55413,5.00706,4.74566,-8.12115,-19.1137,-8.31399,-8.01834,1.1145,-6.94194,14.6655,14.6655,9.77699,4.8885,4.8885,4.8885
25.8702,15.8309,10.8621,8.56906,4.5779,5.00176,4.69561,-8.17648,-19.7246,-9.61939,-7.10719,0.0715677,-7.45495,14.6893,14.6893,9.79286,4.89643,4.89643,4.89643
25.8752,15.8172,10.9382,8.61129,4.57498,5.04995,4.61319,-7.90832,-20.3705,-8.98919,-7.18123,0.279047,-6.12139,14.7127,14.7127,9.80847,4.90423,4.90423,4.90423
25.8803,15.8,11.0246,8.64745,4.57905,5.08952,4.46447,-7.93125,-20.3935,-9.00447,-7.18888,0.271403,-6.12904,14.7356,14.7356,9.82375,4.91188,4.91188,4.91188
25.8853,15.803,11.1066,8.68354,4.58642,5.15181,4.37316,-9.09542,-20.1117,-8.9875,-7.10499,-0.158066,-6.98079,14.7572,14.7572,9.83813,4.91907,4.91907,4.91907
25.8904,15.8526,11.1835,8.71948,4.57784,5.20327,4.33387,-9.64838,-19.9554,-9.06633,-6.59865,0.356554,-6.89673,14.7783,14.7783,9.85217,4.92609,4.92609,4.92609
25.8955,15.8923,11.2585,8.75542,4.56598,5.1857,4.39691,-9.01051,-20.0661,-9.0672,-7.01935,1.10333,-8.79955,14.7984,14.7984,9.86558,4.93279,4.93279,4.93279
25.9004,15.9298,11.3242,8.78445,4.59612,5.17277,4.53156,-9.86422,-19.5566,-8.7409,-8.29233,0.302308,-8.33373,14.8168,14.8168,9.87786,4.93893,4.93893,4.93893
25.9053,15.9684,11.3804,8.81363,4.65132,5.18438,4.67767,-10.193,-19.255,-9.14552,-8.1657,0.967138,-9.12618,14.8343,14.8343,9.88956,4.94478,4.94478,4.94478
25.9103,16.0042,11.4208,8.84246,4.6622,5.11375,4.75632,-10.7301,-18.3225,-8.88307,-6.61473,2.12067,-7.23573,14.8513,14.8513,9.9009,4.95045,4.95045,4.95045
25.9152,16.046,11.4624,8.86752,4.63075,5.04862,4.75319,-11.6875,-19.5872,-8.92076,-6.52063,1.23773,-7.66327,14.8671,14.8671,9.91142,4.95571,4.95571,4.95571
25.9202,16.1059,11.5209,8.89932,4.63503,5.03061,4.71183,-12.2071,-19.4724,-9.08136,-8.03265,1.50591,-6.65817,14.8823,14.8823,9.92154,4.96077,4.96077,4.96077
25.9253,16.1801,11.5725,8.93529,4.67333,4.97001,4.6628,-13.0963,-18.6871,-9.11196,-8.04578,2.3539,-7.44962,14.8969,14.8969,9.93124,4.96562,4.96562,4.96562
25.9303,16.2303,11.6116,8.96512,4.67598,4.83322,4.648,-12.2743,-18.4641,-8.69658,-6.79994,3.2851,-7.30502,14.9102,14.9102,9.94013,4.97006,4.97006,4.97006
25.9354,16.226,11.655,8.9901,4.6646,4.67653,4.56858,-11.9324,-18.6816,-8.46466,-7.45828,3.13184,-6.1252,14.9228,14.9228,9.94856,4.97428,4.97428,4.97428
25.9404,16.1236,11.6947,9.02392,4.64773,4.55914,4.49664,-9.45771,-18.0469,-9.33339,-6.81626,3.1363,-7.2551,14.9343,14.9343,9.95621,4.9781,4.9781,4.9781
25.9455,15.8249,11.7497,9.06921,4.60894,4.4398,4.47425,-4.99657,-20.4768,-9.55374,-6.38101,3.53015,-6.95233,14.9451,14.9451,9.96338,4.98169,4.98169,4.98169
25.9503,15.588,11.7997,9.09188,4.59086,4.34703,4.52274,-8.72911,-18.6106,-8.39577,-7.12101,2.30991,-8.56173,14.9543,14.9543,9.96954,4.98477,4.98477,4.98477
25.9552,15.5018,11.8402,9.10676,4.57685,4.44848,4.64458,-9.51779,-19.616,-9.12044,-6.42834,-0.524705,-8.38242,14.9629,14.9629,9.97525,4.98762,4.98762,4.98762
25.9603,15.4781,11.8962,9.14079,4.54196,4.73596,4.79887,-9.73458,-19.8564,-9.83844,-6.0998,-1.42988,-9.27932,14.9708,14.9708,9.98056,4.99028,4.99028,4.99028
25.9652,15.4651,11.9445,9.17476,4.49226,5.00941,4.96083,-9.08729,-19.2801,-9.40822,-5.71289,-0.993292,-8.88413,14.9776,14.9776,9.98506,4.99253,4.99253,4.99253
25.9704,15.4476,12.0015,9.20573,4.4541,5.21548,5.0763,-9.09743,-20.2437,-9.38727,-6.58436,-0.498556,-8.53016,14.9838,14.9838,9.98919,4.9946,4.9946,4.9946
25.9753,15.4376,12.049,9.23426,4.44145,5.22903,5.12258,-9.85489,-19.2676,-9.66434,-6.40384,2.25704,-7.94392,14.9887,14.9887,9.99247,4.99624,4.99624,4.99624
25.9802,15.4639,12.084,9.26751,4.43694,5.12044,5.09102,-10.3396,-19.0076,-9.79034,-6.83574,1.54362,-7.15866,14.9927,14.9927,9.99516,4.99758,4.99758,4.99758
25.9853,15.5038,12.1161,9.30133,4.44461,5.0462,5.01605,-10.3429,-19.0109,-9.79251,-6.83683,1.54253,-7.15975,14.996,14.996,9.99733,4.99867,4.99867,4.99867
25.9902,15.5442,12.1426,9.32857,4.43696,4.95145,4.92099,-11.2119,-18.7964,-9.44706,-6.18345,2.35323,-6.57261,14.9982,14.9982,9.99882,4.99941,4.99941,4.99941
25.9952,15.6206,12.1685,9.35127,4.41078,4.81032,4.80092,-11.2132,-18.7977,-9.44796,-6.1839,2.35278,-6.57306,14.9996,14.9996,9.99972,4.99986,4.99986,4.99986
26.0002,15.6976,12.1949,9.37412,4.38358,4.67587,4.69081,-11.2137,-18.7982,-9.44824,-6.18404,2.35264,-6.5732,15,15,10,5,5,5
26.0052,15.7461,12.2255,9.39269,4.345,4.58309,4.61888,-10.9492,-19.2862,-9.032,-5.73675,1.95537,-7.09467,14.9995,14.9995,9.99967,4.99983,4.99983,4.99983
26.0103,15.791,12.2611,9.40901,4.29891,4.46559,4.60892,-11.456,-19.1469,-9.25047,-5.81079,3.15645,-7.64895,14.998,14.998,9.99869,4.99935,4.99935,4.99935
26.0153,15.8318,12.2949,9.42559,4.25372,4.30501,4.66316,-11.6309,-19.2115,-9.05661,-5.70236,3.20692,-8.19464,14.9957,14.9957,9.99711,4.99856,4.99856,4.99856
26.0203,15.8649,12.3258,9.44577,4.21757,4.21904,4.79,-11.5015,-18.8496,-9.5184,-5.96622,2.07366,-9.04638,14.9924,14.9924,9.99492,4.99746,4.99746,4.99746
26.0253,15.8515,12.3555,9.45922,4.18555,4.24423,4.96365,-10.5675,-19.9092,-8.97427,-5.72469,1.55343,-9.24369,14.9882,14.9882,9.9921,4.99605,4.99605,4.99605
26.0304,15.8046,12.3969,9.47344,4.1494,4.26915,5.12472,-10.1249,-19.3721,-9.24247,-5.76434,2.14306,-9.08462,14.9829,14.9829,9.9886,4.9943,4.9943,4.9943
26.0354,15.7709,12.4139,9.48503,4.11753,4.31237,5.24535,-10.7177,-18.0146,-9.06076,-5.73747,1.06869,-8.84247,14.9768,14.9768,9.98454,4.99227,4.99227,4.99227
26.0403,15.722,12.4288,9.50137,4.09289,4.49003,5.28331,-9.92676,-19.2133,-9.65393,-5.88423,-0.411145,-7.75551,14.97,14.97,9.97997,4.98999,4.98999,4.98999
26.0453,15.6464,12.4652,9.52367,4.06463,4.67505,5.27134,-10.1316,-19.7373,-9.20766,-5.62491,0.916293,-8.00955,14.962,14.962,9.97469,4.98735,4.98735,4.98735
26.0505,15.5525,12.5036,9.54581,4.01749,4.77231,5.22144,-9.87811,-19.2474,-9.51711,-5.16644,1.21744,-7.14536,14.9528,14.9528,9.96855,4.98428,4.98428,4.98428
26.0555,15.4569,12.5335,9.56199,3.93989,4.83641,5.13635,-9.92741,-19.1628,-8.91702,-4.26065,1.19587,-7.20005,14.943,14.943,9.96202,4.98101,4.98101,4.98101
26.0602,15.4099,12.565,9.57315,3.84014,4.88873,5.02819,-11.2294,-19.9565,-9.37848,-3.78534,1.1247,-6.38526,14.933,14.933,9.95532,4.97766,4.97766,4.97766
26.0652,15.4022,12.6007,9.58747,3.72312,4.90029,4.91336,-11.076,-19.1333,-8.97157,-3.45028,1.79924,-6.99412,14.9214,14.9214,9.9476,4.9738,4.9738,4.9738
26.0702,15.3989,12.6269,9.60014,3.60382,4.85997,4.79123,-11.5205,-19.2114,-9.3248,-2.99071,2.05181,-6.02119,14.9089,14.9089,9.93926,4.96963,4.96963,4.96963
26.0753,15.393,12.6489,9.60787,3.49993,4.8374,4.68496,-11.3768,-18.9298,-8.75973,-2.49762,1.5513,-7.15926,14.8952,14.8952,9.93013,4.96506,4.96506,4.96506
26.0802,15.3786,12.6823,9.61964,3.44811,4.82043,4.66433,-11.28,-20.2316,-9.47976,-2.45982,1.94514,-7.37814,14.8811,14.8811,9.92075,4.96038,4.96038,4.96038
26.0853,15.3574,12.7296,9.63961,3.46059,4.75923,4.66314,-10.9807,-19.8812,-9.22067,-2.2145,2.2981,-7.42262,14.8656,14.8656,9.91037,4.95518,4.95518,4.95518
26.0902,15.3208,12.7654,9.65166,3.53142,4.68455,4.73576,-10.7009,-19.7589,-9.1662,-2.63978,2.2123,-8.74214,14.8497,14.8497,9.89979,4.9499,4.9499,4.9499
26.0953,15.2815,12.7964,9.66471,3.63168,4.63141,4.87206,-10.7189,-19.2687,-9.25907,-2.26136,1.74616,-8.59556,14.8322,14.8322,9.88816,4.94408,4.94408,4.94408
26.1002,15.2779,12.8209,9.6726,3.73943,4.58009,4.98236,-11.8162,-19.2944,-8.8502,-2.68604,2.06668,-8.50688,14.8146,14.8146,9.87639,4.9382,4.9382,4.9382
26.1052,15.3097,12.8417,9.67948,3.84848,4.49923,5.06516,-12.4435,-18.8933,-9.16781,-2.27401,2.22203,-8.25217,14.7957,14.7957,9.86378,4.93189,4.93189,4.93189
26.1104,15.3508,12.8625,9.69318,3.94713,4.40468,5.12207,-12.4228,-18.8726,-9.15404,-2.26713,2.22891,-8.24529,14.775,14.775,9.85001,4.92501,4.92501,4.92501
26.1153,15.3157,12.895,9.71155,4.04008,4.33663,5.14303,-10.2631,-20.1682,-9.48323,-2.5667,1.9045,-7.79138,14.7547,14.7547,9.83644,4.91822,4.91822,4.91822
26.1203,15.2268,12.9381,9.73299,4.13787,4.29647,5.113,-10.5448,-20.1268,-9.52103,-2.56775,1.58053,-7.27907,14.733,14.733,9.82199,4.91099,4.91099,4.91099
26.1253,15.1561,12.987,9.74959,4.21189,4.26299,5.05666,-10.8453,-20.6007,-9.02736,-1.73223,1.48869,-7.27983,14.7104,14.7104,9.80693,4.90347,4.90347,4.90347
26.1306,15.0981,13.038,9.75585,4.26355,4.20807,5.00233,-10.8203,-20.5758,-9.01074,-1.72392,1.497,-7.27152,14.6855,14.6855,9.79031,4.89516,4.89516,4.89516
26.1355,15.0476,13.069,9.75399,4.32089,4.14443,4.92878,-11.2731,-19.4959,-8.61021,-2.32865,1.38079,-6.67565,14.6615,14.6615,9.77434,4.88717,4.88717,4.88717
26.1402,15.0236,13.0945,9.75387,4.38369,4.1149,4.8531,-12.2304,-20.7171,-9.4408,-1.98952,0.610399,-7.05688,14.6377,14.6377,9.75848,4.87924,4.87924,4.87924
26.1452,15.0202,13.139,9.76861,4.44091,4.106,4.79585,-12.2042,-20.691,-9.42334,-1.98079,0.619128,-7.04815,14.6115,14.6115,9.74102,4.87051,4.87051,4.87051
26.1502,14.8908,13.1797,9.78305,4.50322,4.12907,4.70436,-7.81947,-20.1989,-9.18584,-2.38576,-0.324043,-6.27736,14.5844,14.5844,9.72297,4.86148,4.86148,4.86148
26.1551,14.7218,13.21,9.78883,4.5723,4.14408,4.58541,-7.79205,-20.1715,-9.16756,-2.37662,-0.314903,-6.26822,14.557,14.557,9.70469,4.85234,4.85234,4.85234
26.1602,14.6493,13.2344,9.79678,4.62416,4.12778,4.48194,-10.5364,-19.8229,-9.5283,-1.8286,-0.404445,-6.44056,14.5276,14.5276,9.68505,4.84252,4.84252,4.84252
26.1652,14.6698,13.2422,9.80301,4.67386,4.14273,4.40239,-10.8178,-18.8318,-9.17196,-2.3486,-1.34672,-6.52172,14.4978,14.4978,9.6652,4.8326,4.8326,4.8326
26.1701,14.6979,13.2425,9.80179,4.6933,4.24523,4.37858,-11.2566,-19.4518,-9.1143,-0.69914,-2.26406,-7.31486,14.4677,14.4677,9.64516,4.82258,4.82258,4.82258
26.1752,14.7157,13.2461,9.80038,4.68394,4.40136,4.43794,-11.6815,-18.8523,-8.90683,-1.21833,-2.26161,-7.96653,14.4355,14.4355,9.6237,4.81185,4.81185,4.81185
26.1803,14.7318,13.2606,9.80282,4.71592,4.54659,4.53443,-12.4758,-19.8987,-8.99552,-2.21745,-2.16777,-8.07969,14.4024,14.4024,9.60162,4.80081,4.80081,4.80081
26.1853,14.7536,13.2758,9.80299,4.76323,4.64471,4.63344,-12.4188,-19.0301,-8.74756,-2.05729,-2.14009,-8.13481,14.3691,14.3691,9.57938,4.78969,4.78969,4.78969
26.1903,14.7381,13.2799,9.80472,4.77931,4.67135,4.73284,-11.8763,-18.6215,-8.92327,-1.27583,-1.49111,-8.18963,14.3348,14.3348,9.55654,4.77827,4.77827,4.77827
26.1952,14.7175,13.2892,9.8098,4.77875,4.61529,4.79596,-12.2555,-19.3475,-8.91077,-1.34716,-1.50448,-7.69792,14.3004,14.3004,9.53359,4.7668,4.7668,4.7668
26.2006,14.7198,13.287,9.81048,4.8086,4.53088,4.82492,-13.1228,-17.8469,-8.74898,-2.1953,-2.00486,-7.6187,14.2615,14.2615,9.50765,4.75382,4.75382,4.75382
26.2052,14.6952,13.278,9.8082,4.82474,4.44975,4.81001,-12.0645,-18.664,-8.64274,-1.0993,-1.87762,-6.92842,14.2275,14.2275,9.48501,4.7425,4.7425,4.7425
26.2102,14.6408,13.2706,9.80716,4.81973,4.32964,4.72972,-12.3261,-18.0234,-8.80985,-1.50072,-1.99752,-6.44388,14.1898,14.1898,9.45984,4.72992,4.72992,4.72992
26.2158,14.6024,13.2643,9.8072,4.86266,4.18748,4.62631,-13.1378,-18.6932,-8.64093,-2.69516,-2.2232,-6.58676,14.1464,14.1464,9.43095,4.71548,4.71548,4.71548
26.2203,14.5699,13.2674,9.80756,4.87741,4.06754,4.53871,-12.2117,-18.9334,-8.83246,-0.754045,-2.21133,-6.20229,14.1108,14.1108,9.40721,4.70361,4.70361,4.70361
26.2255,14.4836,13.2832,9.81434,4.81875,3.93382,4.44583,-11.3344,-19.4863,-8.90476,0.245284,-2.42916,-6.56916,14.0688,14.0688,9.37919,4.6896,4.6896,4.6896
26.2303,14.3731,13.2985,9.82274,4.77949,3.83659,4.36395,-11.0111,-19.0527,-9.0121,-0.809627,-2.73887,-6.09227,14.0292,14.0292,9.35277,4.67639,4.67639,4.67639
26.2353,14.2689,13.2997,9.82501,4.79248,3.75931,4.23747,-11.824,-18.7229,-8.78547,-1.3669,-2.80762,-5.56486,13.987,13.987,9.32469,4.66234,4.66234,4.66234
26.2403,14.1712,13.2941,9.82639,4.81565,3.73174,4.09597,-11.1112,-18.2505,-8.87385,-1.01309,-3.64613,-5.59193,13.944,13.944,9.29603,4.64801,4.64801,4.64801
26.2452,14.0646,13.284,9.82545,4.84532,3.75634,3.98043,-11.2849,-18.5109,-8.75952,-1.73569,-3.78913,-5.74321,13.9011,13.9011,9.26739,4.63369,4.63369,4.63369
26.2502,13.9618,13.2719,9.82578,4.86452,3.77685,3.85849,-10.8935,-18.0879,-9.00142,-0.586436,-3.69972,-5.25636,13.8564,13.8564,9.23759,4.6188,4.6188,4.6188
26.2554,13.8839,13.262,9.82379,4.84358,3.77696,3.7547,-11.6932,-18.6355,-8.56228,-0.313961,-3.64252,-5.87812,13.809,13.809,9.206,4.603,4.603,4.603
26.2603,13.8152,13.251,9.82186,4.84411,3.72236,3.72863,-11.1158,-17.932,-8.94995,-1.88028,-2.65032,-6.426,13.7635,13.7635,9.17567,4.58784,4.58784,4.58784
26.2653,13.7401,13.2352,9.8179,4.85417,3.58995,3.74962,-11.1828,-18.5743,-8.62585,-1.0448,-2.23712,-6.65864,13.7162,13.7162,9.14417,4.57208,4.57208,4.57208
26.2704,13.6847,13.2159,9.81248,4.8073,3.40917,3.82255,-11.7287,-17.4574,-8.75615,0.453677,-1.67428,-7.3792,13.6672,13.6672,9.11145,4.55572,4.55572,4.55572
26.2752,13.6698,13.1958,9.80911,4.77696,3.22023,3.94072,-12.3082,-18.1157,-8.62032,-1.5841,-1.70002,-7.76098,13.6202,13.6202,9.08012,4.54006,4.54006,4.54006
26.2803,13.6541,13.1794,9.80278,4.78066,3.07166,4.0928,-12.0919,-17.7734,-8.4527,-0.830252,-2.15505,-8.03385,13.5694,13.5694,9.04626,4.52313,4.52313,4.52313
26.2853,13.6374,13.1738,9.79759,4.76527,2.96734,4.24439,-12.2737,-18.8023,-8.47329,-1.08662,-2.22098,-8.07494,13.5188,13.5188,9.01251,4.50626,4.50626,4.50626
26.2903,13.6503,13.1709,9.78378,4.74265,2.83584,4.36986,-13.0418,-18.4632,-8.03979,-0.465021,-1.40894,-7.80938,13.4673,13.4673,8.9782,4.4891,4.4891,4.4891
26.2954,13.6755,13.1656,9.76489,4.71578,2.67636,4.46928,-12.9884,-18.4099,-8.00423,-0.447238,-1.39116,-7.7916,13.414,13.414,8.94264,4.47132,4.47132,4.47132
26.3002,13.6333,13.1554,9.7495,4.7082,2.57029,4.54313,-11.0856,-18.154,-8.23148,-1.05952,-1.96204,-7.6504,13.363,13.363,8.90864,4.45432,4.45432,4.45432
26.3053,13.5406,13.1432,9.73642,4.71801,2.50682,4.60305,-11.0306,-18.099,-8.1948,-1.04118,-1.9437,-7.63206,13.3079,13.3079,8.87196,4.43598,4.43598,4.43598
26.3104,13.4446,13.1304,9.72118,4.69509,2.45994,4.61729,-11.2703,-18.2519,-8.07186,0.0786828,-2.03272,-6.93448,13.2521,13.2521,8.83471,4.41736,4.41736,4.41736
26.3153,13.3742,13.1381,9.7136,4.67397,2.43298,4.5799,-11.5586,-19.277,-8.2738,-0.913317,-2.205,-6.74244,13.1976,13.1976,8.79839,4.3992,4.3992,4.3992
26.3203,13.2964,13.1501,9.70564,4.66149,2.4669,4.51339,-11.4352,-18.8227,-8.08364,-0.331478,-3.08044,-6.40072,13.1412,13.1412,8.7608,4.3804,4.3804,4.3804
26.3253,13.2113,13.1603,9.69841,4.6368,2.57258,4.43718,-11.5986,-19.1989,-8.35064,-0.610488,-3.49193,-6.44789,13.084,13.084,8.72266,4.36133,4.36133,4.36133
26.3303,13.129,13.1711,9.68974,4.61025,2.70874,4.33639,-11.7612,-18.9596,-8.02772,-0.13575,-3.65475,-5.77443,13.026,13.026,8.68398,4.34199,4.34199,4.34199
26.3354,13.0373,13.1651,9.67434,4.60223,2.80032,4.21666,-11.122,-18.0446,-8.1591,-1.14247,-2.84815,-5.93659,12.966,12.966,8.64398,4.32199,4.32199,4.32199
26.3402,12.9516,13.1673,9.66617,4.61764,2.83752,4.13878,-11.25,-19.2915,-8.3592,-1.28071,-2.99467,-6.25699,12.9087,12.9087,8.60582,4.30291,4.30291,4.30291
26.3453,12.8358,13.1733,9.6579,4.6154,2.91374,4.05576,-10.3728,-18.5286,-8.35783,-0.539812,-3.61997,-5.73137,12.8471,12.8471,8.56474,4.28237,4.28237,4.28237
26.3504,12.7172,13.1604,9.64801,4.59421,2.992,3.95135,-10.8935,-17.7294,-8.56283,-0.601799,-3.18516,-5.68572,12.7847,12.7847,8.52312,4.26156,4.26156,4.26156
26.3552,12.6177,13.1407,9.64234,4.60053,3.01118,3.84615,-10.3927,-17.5083,-8.76141,-1.5176,-2.81756,-5.44232,12.7252,12.7252,8.48344,4.24172,4.24172,4.24172
26.3603,12.5117,13.1183,9.63155,4.62056,3.00474,3.74162,-10.5256,-17.9486,-8.75425,-0.709657,-2.86246,-5.57002,12.6611,12.6611,8.44075,4.22038,4.22038,4.22038
26.3653,12.4297,13.082,9.61991,4.61354,3.0293,3.63107,-11.258,-16.0135,-9.12152,-0.291029,-3.41259,-5.05203,12.5976,12.5976,8.39838,4.19919,4.19919,4.19919
26.3703,12.3846,13.0541,9.60552,4.60013,3.027,3.50547,-12.352,-18.3565,-8.96368,-0.368943,-2.14914,-5.03886,12.5332,12.5332,8.35549,4.17774,4.17774,4.17774
26.3753,12.3465,13.0441,9.57845,4.57554,2.95912,3.40273,-11.0615,-17.8738,-8.9558,0.108161,-2.25992,-5.23244,12.4681,12.4681,8.31208,4.15604,4.15604,4.15604
26.3802,12.277,13.027,9.54012,4.58044,2.9376,3.33872,-11.19,-17.8683,-8.91903,-1.17028,-2.95048,-5.52556,12.4036,12.4036,8.26904,4.13452,4.13452,4.13452
26.3854,12.1877,12.9981,9.48312,4.59749,2.93711,3.30766,-10.7385,-17.2947,-8.58858,-0.426816,-2.57134,-5.71774,12.3342,12.3342,8.22283,4.11142,4.11142,4.11142
26.3903,12.1476,12.9523,9.42295,4.62379,2.89807,3.29291,-12.1854,-16.22,-9.06704,-1.60539,-2.29263,-5.67915,12.2682,12.2682,8.17879,4.08939,4.08939,4.08939
26.3953,12.1139,12.9083,9.36909,4.65425,2.84014,3.30017,-11.7824,-16.8926,-9.11355,-1.16867,-1.98011,-6.09527,12.2,12.2,8.13334,4.06667,4.06667,4.06667
26.4003,12.0523,12.8676,9.3143,4.66531,2.77499,3.3624,-11.7253,-16.3902,-9.10314,-0.6903,-1.77498,-6.7347,12.1311,12.1311,8.0874,4.0437,4.0437,4.0437
26.4053,11.9978,12.8256,9.25952,4.65708,2.70464,3.46719,-12.1954,-16.4388,-9.03371,-0.625678,-1.67724,-6.993,12.0614,12.0614,8.04096,4.02048,4.02048,4.02048
26.4102,11.968,12.7905,9.20541,4.65731,2.61511,3.57698,-13.5251,-16.5037,-8.75363,-1.36444,-0.99184,-7.0528,11.9924,11.9924,7.99496,3.99748,3.99748,3.99748
26.4155,11.9325,12.7674,9.14661,4.68344,2.47791,3.69698,-12.6893,-17.1927,-8.6302,-1.48834,-0.494738,-7.2181,11.917,11.917,7.94468,3.97234,3.97234,3.97234
26.4202,11.8534,12.7304,9.09044,4.67743,2.3784,3.80553,-12.1725,-14.8596,-8.40958,-0.331452,-1.04353,-7.32805,11.8494,11.8494,7.89962,3.94981,3.94981,3.94981
26.4253,11.7338,12.6927,9.03341,4.65874,2.33225,3.91539,-11.9093,-16.7595,-8.47516,-0.836686,-1.24241,-7.31165,11.7754,11.7754,7.85025,3.92513,3.92513,3.92513
26.4304,11.6139,12.6533,8.97968,4.62343,2.31983,4.01159,-12.4373,-14.3088,-8.35213,-0.058267,-1.41619,-7.30327,11.7006,11.7006,7.80037,3.90019,3.90019,3.90019
26.4354,11.5159,12.5854,8.9224,4.57246,2.32024,4.09556,-12.3633,-14.2348,-8.30275,-0.0335745,-1.39149,-7.27857,11.6265,11.6265,7.75099,3.87549,3.87549,3.87549
26.4404,11.4252,12.5283,8.86905,4.48351,2.40122,4.15421,-12.6588,-15.8345,-8.83809,1.49832,-3.06396,-6.9804,11.5517,11.5517,7.70113,3.85056,3.85056,3.85056
26.4453,11.1503,12.5111,8.82873,4.34726,2.56966,4.19849,-5.06338,-17.4626,-8.84101,2.14398,-3.17178,-7.18758,11.4777,11.4777,7.6518,3.8259,3.8259,3.8259
26.4502,10.807,12.484,8.77814,4.26702,2.69049,4.23413,-8.42833,-15.8434,-8.67001,-0.174369,-2.74945,-6.90601,11.403,11.403,7.60202,3.80101,3.80101,3.80101
26.4553,10.6485,12.4325,8.71203,4.22449,2.77331,4.23433,-10.4223,-15.958,-8.3293,1.09378,-3.24494,-6.5735,11.3246,11.3246,7.54973,3.77486,3.77486,3.77486
26.4603,10.5743,12.3892,8.65309,4.17331,2.88126,4.20813,-9.80101,-16.3887,-9.06131,0.374443,-3.90632,-6.43172,11.247,11.247,7.49799,3.749,3.749,3.749
26.4652,10.4748,12.3498,8.60345,4.15126,3.04084,4.17051,-8.86537,-16.4341,-9.01225,0.151618,-4.6011,-6.31506,11.1703,11.1703,7.44684,3.72342,3.72342,3.72342
26.4703,10.3465,12.3093,8.54969,4.13385,3.17767,4.10966,-8.54447,-16.4481,-8.84151,0.609031,-3.58893,-5.95701,11.0897,11.0897,7.39314,3.69657,3.69657,3.69657
26.4753,10.2232,12.2835,8.49205,4.1338,3.187,4.01586,-8.5633,-17.9563,-8.61284,-0.556733,-2.68469,-5.58269,11.01,11.01,7.34003,3.67001,3.67001,3.67001
26.4804,10.1417,12.2681,8.43045,4.12778,3.12473,3.90179,-9.69092,-17.2597,-8.40771,0.828508,-2.36757,-5.42289,10.9281,10.9281,7.28538,3.64269,3.64269,3.64269
26.4854,10.0712,12.2307,8.3649,4.07548,3.04194,3.78295,-9.2671,-16.1542,-8.28681,1.12876,-2.26604,-5.2634,10.847,10.847,7.23136,3.61568,3.61568,3.61568
26.4903,9.99921,12.188,8.30495,4.02281,3.02038,3.68,-9.38403,-16.3972,-8.50095,1.08921,-3.36543,-5.43543,10.767,10.767,7.17798,3.58899,3.58899,3.58899
26.4958,9.95271,12.1442,8.24823,4.01007,2.9758,3.58938,-9.97109,-16.2475,-8.81255,-0.346142,-1.95246,-5.48802,10.6763,10.6763,7.11756,3.55878,3.55878,3.55878
26.5004,9.93589,12.1169,8.20396,3.98917,2.83385,3.5298,-10.8245,-17.4437,-8.63412,1.51749,-0.991352,-5.52879,10.5999,10.5999,7.06662,3.53331,3.53331,3.53331
26.5053,9.92649,12.09,8.15749,3.9483,2.61282,3.4564,-10.2185,-16.3373,-8.72576,0.576062,-0.425818,-5.12058,10.5179,10.5179,7.01196,3.50598,3.50598,3.50598
26.5104,9.90162,12.0689,8.11645,3.92467,2.42678,3.36289,-10.0931,-17.6933,-8.90876,0.712373,-1.47355,-5.05879,10.4319,10.4319,6.95461,3.47731,3.47731,3.47731
26.5154,9.86587,12.0531,8.0703,3.86377,2.28357,3.26918,-10.1815,-17.0686,-8.30244,2.09862,-0.666902,-4.92282,10.3469,10.3469,6.89796,3.44898,3.44898,3.44898
26.5202,9.82198,12.0223,8.01972,3.80699,2.17648,3.1771,-10.4933,-16.1275,-8.29364,0.77637,-1.56687,-4.82919,10.2648,10.2648,6.84318,3.42159,3.42159,3.42159
26.5252,9.73649,11.9905,7.96877,3.77494,2.19467,3.0825,-9.09111,-16.8647,-8.20899,1.31847,-2.64765,-4.72593,10.1786,10.1786,6.7857,3.39285,3.39285,3.39285
26.5303,9.60959,11.9588,7.91563,3.74523,2.2891,2.98568,-8.8922,-16.3073,-8.18128,0.776681,-2.9162,-4.63844,10.09,10.09,6.72664,3.36332,3.36332,3.36332
26.5353,9.48627,11.9186,7.86358,3.74358,2.43578,2.88787,-9.02142,-16.0701,-8.19402,0.698202,-3.72332,-4.46024,10.0025,10.0025,6.66832,3.33416,3.33416,3.33416
26.5404,9.334,11.8731,7.80593,3.74884,2.58811,2.78567,-7.73379,-15.8778,-7.76626,0.314158,-3.19656,-4.38888,9.91261,9.91261,6.6084,3.3042,3.3042,3.3042
26.5455,9.1944,11.8209,7.74631,3.73523,2.64925,2.67208,-8.29732,-15.8858,-8.24933,1.44557,-2.61163,-4.07719,9.8221,9.8221,6.54807,3.27403,3.27403,3.27403
26.5504,9.07874,11.7563,7.68152,3.72573,2.65308,2.55652,-8.33979,-14.2892,-7.01638,0.464589,-2.25953,-4.02317,9.73455,9.73455,6.4897,3.24485,3.24485,3.24485
26.5553,8.94273,11.696,7.60923,3.73679,2.69615,2.45902,-7.63309,-16.3523,-7.54492,0.154485,-3.38108,-4.16768,9.64643,9.64643,6.43095,3.21548,3.21548,3.21548
26.5604,8.8024,11.6473,7.54517,3.72056,2.75756,2.3723,-8.4312,-15.2474,-7.53353,1.67566,-2.53886,-4.1369,9.5541,9.5541,6.3694,3.1847,3.1847,3.1847
26.5653,8.7032,11.5901,7.48902,3.70171,2.71934,2.29384,-8.88169,-15.166,-7.83139,0.728384,-1.62314,-4.09058,9.46481,9.46481,6.30987,3.15494,3.15494,3.15494
26.5703,8.61593,11.535,7.43372,3.70933,2.65845,2.22656,-8.95154,-15.0782,-7.28121,0.286986,-2.08937,-4.20077,9.37312,9.37312,6.24875,3.12437,3.12437,3.12437
26.5755,8.54646,11.4677,7.37433,3.73875,2.55303,2.17116,-9.09985,-14.4149,-7.72928,0.186495,-0.889905,-4.17706,9.27715,9.27715,6.18477,3.09238,3.09238,3.09238
26.5803,8.47778,11.3969,7.31849,3.73334,2.42917,2.12339,-9.05406,-14.2549,-7.13482,1.13529,-1.42323,-4.13079,9.18802,9.18802,6.12535,3.06267,3.06267,3.06267
26.5853,8.42227,11.327,7.2568,3.70392,2.33292,2.07716,-8.96066,-14.1615,-7.07255,1.16642,-1.3921,-4.09966,9.09462,9.09462,6.06308,3.03154,3.03154,3.03154
26.5904,8.366,11.2579,7.19601,3.657,2.24125,2.0287,-9.20364,-14.3808,-7.16122,1.67033,-1.39327,-4.01803,8.99876,8.99876,5.99918,2.99959,2.99959,2.99959
26.5953,8.32481,11.197,7.13529,3.58938,2.17578,1.98457,-9.18587,-14.7885,-6.93853,2.18145,-1.62735,-4.06995,8.90613,8.90613,5.93742,2.96871,2.96871,2.96871
26.6005,8.27512,11.1419,7.08104,3.52203,2.14901,1.95639,-8.84271,-14.8236,-7.57276,1.56857,-2.04979,-4.25227,8.80725,8.80725,5.8715,2.93575,2.93575,2.93575
26.6052,8.18752,11.0953,7.03857,3.45741,2.15845,1.93961,-7.6969,-14.8204,-7.27667,2.55901,-2.04467,-4.18091,8.71736,8.71736,5.81158,2.90579,2.90579,2.90579
26.6103,8.07273,11.0516,6.98727,3.39697,2.14246,1.92743,-8.04011,-15.6522,-7.18203,1.4325,-1.5897,-4.31382,8.61929,8.61929,5.7462,2.8731,2.8731,2.8731
26.6151,7.98304,11.0013,6.94419,3.32888,2.13113,1.92885,-8.14825,-13.5973,-7.50681,3.21052,-2.04728,-4.3574,8.52649,8.52649,5.68433,2.84216,2.84216,2.84216
26.6202,7.87424,10.9231,6.88973,3.24944,2.12154,1.94836,-7.59995,-14.0891,-6.93912,2.2334,-1.64992,-4.61416,8.42735,8.42735,5.61824,2.80912,2.80912,2.80912
26.6255,7.72871,10.8547,6.83687,3.21587,2.12401,1.98506,-6.7123,-14.2338,-7.41763,1.90361,-2.13703,-4.69555,8.32376,8.32376,5.54917,2.77459,2.77459,2.77459
26.6301,7.60116,10.7912,6.79431,3.17622,2.12859,2.02828,-7.64237,-13.5957,-7.12957,2.30634,-1.75914,-4.88898,8.23337,8.23337,5.48892,2.74446,2.74446,2.74446
26.6352,7.4939,10.7133,6.7521,3.14505,2.09723,2.08605,-7.44316,-13.164,-7.57657,1.62783,-1.41093,-4.88025,8.13266,8.13266,5.42178,2.71089,2.71089,2.71089
26.6402,7.36184,10.6317,6.70465,3.1223,2.01158,2.146,-6.8002,-12.7457,-6.40271,1.98383,-0.690608,-4.97965,8.03342,8.03342,5.35562,2.67781,2.67781,2.67781
26.6452,7.24596,10.5534,6.64198,3.08408,1.92462,2.21415,-7.23237,-13.4851,-6.43653,2.32344,-1.40256,-5.04576,7.93369,7.93369,5.28912,2.64456,2.64456,2.64456
26.6502,7.03804,10.4897,6.57726,2.98697,1.86088,2.28321,-3.18426,-14.4999,-6.38226,4.42685,-1.07935,-5.02063,7.83346,7.83346,5.22231,2.61115,2.61115,2.61115
26.6553,6.83371,10.444,6.51699,2.9156,1.78217,2.37221,-6.09169,-15.264,-6.8509,1.76181,-1.20243,-5.33415,7.73073,7.73073,5.15382,2.57691,2.57691,2.57691
26.6604,6.75115,10.3761,6.44838,2.89563,1.73965,2.47095,-7.21381,-13.0056,-6.10074,2.87262,-1.8387,-5.20866,7.62751,7.62751,5.085,2.5425,2.5425,2.5425
26.6657,6.70458,10.2823,6.36937,2.91554,1.74055,2.56761,-6.88144,-13.1815,-6.2755,0.722628,-1.89385,-5.21413,7.51972,7.51972,5.01314,2.50657,2.50657,2.50657
26.6702,6.65816,10.2045,6.30802,2.91165,1.77171,2.66002,-7.06137,-13.2432,-6.50473,3.11307,-2.46765,-5.42361,7.42779,7.42779,4.95186,2.47593,2.47593,2.47593
26.6753,6.60418,10.124,6.24595,2.87319,1.75963,2.76173,-6.86611,-13.8399,-6.7213,2.28683,-0.95065,-5.22313,7.32315,7.32315,4.8821,2.44105,2.44105,2.44105
26.6803,6.53348,10.061,6.19755,2.83731,1.67716,2.83556,-6.69215,-13.859,-6.81145,2.9339,-1.07362,-5.03974,7.22011,7.22011,4.81341,2.4067,2.4067,2.4067
26.6852,6.50096,10.003,6.14712,2.82153,1.55686,2.9095,-7.70182,-13.797,-6.24015,1.74226,-0.162139,-5.30402,7.1187,7.1187,4.7458,2.3729,2.3729,2.3729
26.6903,6.44234,9.95008,6.09108,2.80838,1.42482,2.9937,-6.92602,-14.0929,-6.10469,1.77759,-0.449726,-5.24385,7.0127,7.0127,4.67513,2.33757,2.33757,2.33757
26.6952,6.36689,9.88763,6.03843,2.78767,1.32134,3.06255,-6.81981,-12.7535,-6.33748,2.07664,-0.498438,-5.20976,6.91043,6.91043,4.60696,2.30348,2.30348,2.30348
26.7002,6.28277,9.83088,5.98162,2.73771,1.238,3.11951,-6.96326,-14.5359,-5.65317,3.34529,-0.446953,-5.11687,6.80566,6.80566,4.53711,2.26855,2.26855,2.26855
26.7052,6.17169,9.77659,5.91751,2.68365,1.11964,3.17584,-5.77456,-13.2803,-5.85683,2.57719,0.333312,-5.22257,6.70046,6.70046,4.46698,2.23349,2.23349,2.23349
26.7103,6.06116,9.70518,5.84609,2.65379,0.983693,3.23539,-6.69124,-13.2395,-5.27923,2.38954,-0.00337968,-5.20322,6.59274,6.59274,4.39516,2.19758,2.19758,2.19758
26.7153,5.97622,9.64073,5.774,2.62842,0.891127,3.28528,-6.58522,-13.1335,-5.20855,2.42488,0.0319613,-5.16788,6.48672,6.48672,4.32448,2.16224,2.16224,2.16224
26.7204,5.85106,9.56919,5.71017,2.56312,0.915557,3.32477,-6.20086,-12.8713,-5.97427,3.66995,-1.98529,-5.19793,6.37816,6.37816,4.25211,2.12605,2.12605,2.12605
26.7252,5.72343,9.49719,5.65478,2.47554,1.0049,3.35349,-5.88162,-12.6387,-5.52552,3.91113,-1.09827,-5.08095,6.27562,6.27562,4.18374,2.09187,2.09187,2.09187
26.7302,5.59715,9.42843,5.58739,2.40046,1.01581,3.37553,-5.56166,-13.6229,-5.32239,3.7233,-0.79758,-5.07006,6.16842,6.16842,4.11228,2.05614,2.05614,2.05614
26.7352,5.48119,9.35746,5.51564,2.36332,0.94837,3.39222,-6.32482,-12.487,-5.13154,2.81524,0.414039,-4.96796,6.06084,6.06084,4.04056,2.02028,2.02028,2.02028
26.7401,5.35936,9.2795,5.45328,2.35138,0.923811,3.39797,-4.96612,-12.3221,-5.62532,2.99954,-1.5793,-4.89958,5.95506,5.95506,3.97004,1.98502,1.98502,1.98502
26.7453,5.2271,9.19779,5.39451,2.33312,0.9941,3.39805,-4.85347,-12.2094,-5.55022,3.03709,-1.54175,-4.86203,5.84241,5.84241,3.89494,1.94747,1.94747,1.94747
26.7504,5.09313,9.10685,5.32437,2.33265,1.02242,3.40079,-4.9002,-11.4839,-4.73436,2.08873,-0.941754,-4.96583,5.73154,5.73154,3.82103,1.91051,1.91051,1.91051
26.7552,4.97947,9.01854,5.24217,2.33967,0.984954,3.40958,-5.44957,-12.2342,-4.33226,2.67838,-0.219622,-4.9061,5.62687,5.62687,3.75124,1.87562,1.87562,1.87562
26.7602,4.8371,8.93278,5.17946,2.30872,0.932682,3.42204,-4.24093,-11.7033,-6.14034,3.49316,-0.539202,-4.97728,5.51749,5.51749,3.67832,1.83916,1.83916,1.83916
26.7652,4.69629,8.84532,5.12893,2.22916,0.858098,3.44352,-4.86799,-12.0112,-5.24792,4.42397,0.192891,-4.99039,5.40777,5.40777,3.60518,1.80259,1.80259,1.80259
26.7704,4.59337,8.76152,5.05776,2.20105,0.845936,3.45865,-5.37605,-12.1607,-4.56551,1.8622,-1.76444,-4.77836,5.29331,5.29331,3.52887,1.76444,1.76444,1.76444
26.7753,4.48929,8.69621,4.98922,2.16223,0.906201,3.4622,-4.33408,-12.7893,-4.73792,4.53131,-1.14877,-4.68433,5.18512,5.18512,3.45675,1.72837,1.72837,1.72837
26.7802,4.38796,8.63059,4.93097,2.07229,0.969511,3.46685,-5.18695,-12.0426,-5.30095,4.42671,-1.89093,-4.76409,5.07663,5.07663,3.38442,1.69221,1.69221,1.69221
26.7853,4.29222,8.55263,4.87805,1.99803,0.992311,3.47545,-4.5694,-11.622,-5.11051,3.86001,-0.561506,-4.76775,4.9634,4.9634,3.30893,1.65447,1.65447,1.65447
26.7903,4.22783,8.46398,4.82032,1.94556,0.882296,3.47485,-5.45883,-11.5304,-5.23067,4.36908,0.394682,-4.623,4.85207,4.85207,3.23472,1.61736,1.61736,1.61736
26.7953,4.15414,8.37982,4.76894,1.89829,0.79032,3.46156,-4.41343,-11.5488,-5.24612,4.00885,-0.83495,-4.56923,4.74045,4.74045,3.1603,1.58015,1.58015,1.58015
26.8004,4.06339,8.28403,4.71272,1.89809,0.731786,3.4303,-4.57901,-10.7097,-5.04461,2.93738,-0.134497,-4.24966,4.62629,4.62629,3.08419,1.5421,1.5421,1.5421
26.8054,3.9642,8.18709,4.65243,1.92472,0.666052,3.40726,-4.11614,-10.889,-4.56644,2.26271,-0.345494,-4.56001,4.51408,4.51408,3.00939,1.50469,1.50469,1.50469
26.8104,3.84663,8.09119,4.5869,1.91335,0.619909,3.3968,-3.77514,-10.5913,-4.5228,4.13836,-0.465319,-4.39004,4.4016,4.4016,2.9344,1.4672,1.4672,1.4672
26.8152,3.725,8.00705,4.52645,1.84076,0.535172,3.37263,-3.95451,-11.3814,-4.52379,4.5636,0.655442,-4.26288,4.29335,4.29335,2.86224,1.43112,1.43112,1.43112
26.8201,3.59116,7.92953,4.46334,1.76736,0.450101,3.33538,-3.38278,-11.4992,-4.40397,4.2362,-0.342641,-4.15144,4.1826,4.1826,2.7884,1.3942,1.3942,1.3942
26.8252,3.46367,7.84516,4.39981,1.69532,0.457923,3.30006,-3.81491,-10.6902,-4.47116,4.80463,-1.04933,-4.22885,4.06707,4.06707,2.71138,1.35569,1.35569,1.35569
26.8303,3.30786,7.75305,4.34379,1.62842,0.547124,3.27221,-2.97022,-10.535,-4.75762,4.06491,-1.45785,-4.10745,3.95128,3.95128,2.63418,1.31709,1.31709,1.31709
26.8355,3.1559,7.65385,4.278,1.56557,0.619693,3.23838,-3.32469,-10.2788,-3.8929,4.90751,-1.04581,-3.87757,3.83295,3.83295,2.5553,1.27765,1.27765,1.27765
26.8403,3.01994,7.55769,4.20828,1.53535,0.628214,3.21538,-3.07734,-10.1102,-4.02266,3.71855,-0.346927,-3.98185,3.7235,3.7235,2.48233,1.24117,1.24117,1.24117
26.8454,2.9146,7.46623,4.14146,1.51874,0.546942,3.20425,-3.80004,-10.9511,-4.18115,4.29559,0.288074,-3.84365,3.60698,3.60698,2.40465,1.20233,1.20233,1.20233
26.8504,2.80602,7.37932,4.06994,1.49019,0.479539,3.20742,-2.72816,-10.4033,-3.55308,3.59683,-0.609412,-3.97109,3.49252,3.49252,2.32834,1.16417,1.16417,1.16417
26.8553,2.67533,7.29593,4.00511,1.45157,0.407034,3.216,-2.54485,-11.0395,-4.55451,4.52853,0.504449,-3.71835,3.38013,3.38013,2.25342,1.12671,1.12671,1.12671
26.8602,2.55582,7.22,3.95317,1.39181,0.365451,3.21328,-2.98781,-10.6235,-4.24329,4.82274,-0.981543,-3.5235,3.26755,3.26755,2.17837,1.08918,1.08918,1.08918
26.8651,2.45026,7.13784,3.88192,1.3634,0.316026,3.20798,-2.53225,-10.3926,-2.93291,3.16293,0.563009,-3.48591,3.15477,3.15477,2.10318,1.05159,1.05159,1.05159
26.8702,2.33329,7.0546,3.79503,1.31448,0.221767,3.21138,-2.90717,-10.6808,-3.08861,5.78548,0.105402,-3.47156,3.03719,3.03719,2.0248,1.0124,1.0124,1.0124
26.8752,2.24449,6.97511,3.71132,1.22757,0.153961,3.22277,-2.79171,-10.5653,-3.01163,5.82397,0.143889,-3.43307,2.92173,2.92173,1.94782,0.973911,0.973911,0.973911
26.8802,2.10936,6.88513,3.63625,1.14673,0.129755,3.21473,-1.49407,-9.93749,-3.83533,5.98672,-0.653844,-2.98052,2.80609,2.80609,1.87073,0.935364,0.935364,0.935364
26.8852,1.97479,6.79158,3.57093,1.12139,0.204011,3.18073,-2.17808,-9.78622,-3.48224,3.77316,-1.791,-2.80944,2.69028,2.69028,1.79352,0.896758,0.896758,0.896758
26.8902,1.86612,6.68359,3.49902,1.12265,0.302971,3.14146,-2.40487,-8.91769,-3.52405,4.34174,-1.19758,-2.75422,2.57429,2.57429,1.7162,0.858098,0.858098,0.858098
26.8952,1.77173,6.56969,3.4318,1.09917,0.341123,3.09695,-2.69455,-8.59667,-3.4299,4.29766,-0.777985,-2.58302,2.45815,2.45815,1.63877,0.819385,0.819385,0.819385
26.9004,1.66615,6.45996,3.35554,1.08101,0.286499,3.05683,-2.01019,-9.98081,-3.10683,3.51825,0.421531,-2.65035,2.33721,2.33721,1.55814,0.779069,0.779069,0.779069
26.9053,1.57523,6.36559,3.2834,1.09913,0.150347,3.02584,-2.75106,-8.75562,-2.90535,2.50473,0.881848,-2.52951,2.2231,2.2231,1.48206,0.741032,0.741032,0.741032
26.9103,1.49431,6.27077,3.21221,1.09712,0.0563456,2.98726,-2.59902,-9.09608,-2.61237,3.87667,-0.0149334,-2.37473,2.10652,2.10652,1.40435,0.702173,0.702173,0.702173
26.9154,1.38755,6.18102,3.13275,1.03673,-0.00778705,2.94473,-2.29086,-8.98098,-2.01469,4.81887,0.596067,-2.36817,1.98748,1.98748,1.32499,0.662493,0.662493,0.662493
26.9204,1.26514,6.08635,3.06435,0.987225,-0.0602747,2.89678,-2.29617,-8.33619,-3.22006,3.71517,0.146491,-2.17191,1.87065,1.87065,1.2471,0.623549,0.623549,0.623549
26.9254,1.16594,5.99157,3.00817,0.958373,-0.114385,2.8368,-2.7584,-8.12468,-2.40223,4.12675,0.740233,-2.03357,1.7537,1.7537,1.16913,0.584567,0.584567,0.584567
26.9304,1.03421,5.89719,2.93992,0.896684,-0.216395,2.76662,-1.23477,-7.82639,-1.89993,4.72053,1.37541,-1.85379,1.63665,1.63665,1.0911,0.545549,0.545549,0.545549
26.9353,0.93336,5.80474,2.86759,0.841584,-0.270636,2.70066,-3.66519,-8.03859,-1.91744,4.5932,-0.0021983,-1.83208,1.52183,1.52183,1.01456,0.507278,0.507278,0.507278
26.9401,0.799267,5.73053,2.81876,0.714664,-0.309879,2.63173,0.300681,-9.14744,-3.42453,8.05036,1.23592,-1.50476,1.40928,1.40928,0.939519,0.46976,0.46976,0.46976
26.9453,0.520451,5.68147,2.77708,0.560559,-0.365945,2.54136,1.13585,-10.7117,-2.58033,6.26944,0.589356,-1.18256,1.28725,1.28725,0.858169,0.429084,0.429084,0.429084
26.9504,0.277306,5.61816,2.71614,0.515272,-0.4495,2.44524,0.38487,-9.09871,-2.85788,4.73616,1.29168,-1.01016,1.16749,1.16749,0.778327,0.389163,0.389163,0.389163
26.9552,0.114427,5.53774,2.66297,0.494774,-0.513086,2.37053,-0.463704,-9.31688,-3.39088,5.94123,0.120392,-1.17129,1.0547,1.0547,0.703136,0.351568,0.351568,0.351568
26.9602,-0.0019544,5.42911,2.60838,0.465348,-0.493806,2.30371,-0.456475,-7.39087,-3.40656,5.15242,-0.527665,-0.900265,0.937155,0.937155,0.62477,0.312385,0.312385,0.312385
26.9652,-0.111699,5.31944,2.54635,0.45952,-0.468264,2.22641,-0.311287,-9.09355,-2.7743,5.10054,-0.173822,-0.736862,0.819547,0.819547,0.546365,0.273182,0.273182,0.273182
26.9703,-0.21584,5.21815,2.4674,0.471837,-0.508799,2.14539,0.269704,-8.55196,-2.33064,4.58578,0.652781,-0.605779,0.699536,0.699536,0.466357,0.233179,0.233179,0.233179
26.9752,-0.337133,5.10832,2.38774,0.44591,-0.563235,2.06637,0.117132,-8.17657,-2.5965,6.06495,-0.0291295,-0.476249,0.584188,0.584188,0.389459,0.194729,0.194729,0.194729
26.9803,-0.43544,4.98866,2.30941,0.42248,-0.576737,1.98167,-0.259216,-7.7728,-2.49763,4.62286,-0.138139,-0.378259,0.464096,0.464096,0.309397,0.154699,0.154699,0.154699
26.9853,-0.52624,4.87123,2.2256,0.413983,-0.551725,1.90663,0.0358502,-8.16329,-2.01366,5.6226,-0.670203,-0.463203,0.34633,0.34633,0.230887,0.115443,0.115443,0.115443
26.9903,-0.604014,4.76274,2.14479,0.364926,-0.548127,1.83686,-0.527982,-8.30554,-2.47017,6.02618,0.180499,-0.241781,0.228542,0.228542,0.152361,0.0761807,0.0761807,0.0761807
26.9952,-0.695613,4.67487,2.0769,0.322527,-0.594461,1.75622,0.706424,-9.3918,-2.49353,5.5927,0.483941,-0.0128588,0.113096,0.113096,0.0753975,0.0376988,0.0376988,0.0376988
27.0002,-0.796997,4.58558,2.0083,0.305327,-0.670945,1.66442,0.0204724,-8.13927,-2.38155,4.95301,0.622571,0.175451,-0.00471239,-0.00471239,-0.00314159,-0.0015708,-0.0015708,-0.0015708
27.0054,-0.853105,4.48462,1.93892,0.30804,-0.764486,1.57338,0.142993,-8.01675,-2.29987,4.99385,0.663411,0.216291,-0.127233,-0.127233,-0.084822,-0.042411,-0.042411,-0.042411
27.0103,-0.946366,4.38726,1.87782,0.26592,-0.818193,1.49922,0.735177,-8.03526,-2.68062,6.61381,0.0146525,0.229932,-0.242677,-0.242677,-0.161785,-0.0808925,-0.0808925,-0.0808925
27.0152,-1.01814,4.29258,1.82219,0.19244,-0.836449,1.44447,0.850608,-7.91983,-2.60366,6.65229,0.0531292,0.268409,-0.358108,-0.358108,-0.238738,-0.119369,-0.119369,-0.119369
27.0203,-1.13066,4.19715,1.75681,0.110389,-0.813549,1.40825,1.64841,-8.47739,-2.11603,6.92417,-0.652031,0.275329,-0.478226,-0.478226,-0.318818,-0.159409,-0.159409,-0.159409
27.0254,-1.23932,4.09848,1.67792,0.0111148,-0.816339,1.38685,0.633775,-7.46293,-1.44659,7.7922,0.472678,0.307078,-0.598315,-0.598315,-0.398876,-0.199438,-0.199438,-0.199438
27.0304,-1.32158,4.01343,1.59931,-0.0570117,-0.822952,1.36675,0.818451,-9.01579,-1.63356,6.43211,-0.29125,0.53675,-0.716011,-0.716011,-0.477341,-0.23867,-0.23867,-0.23867
27.0353,-1.42725,3.94494,1.53422,-0.093066,-0.828772,1.34248,1.63113,-8.58923,-2.09382,5.75846,0.268824,0.533784,-0.831311,-0.831311,-0.554207,-0.277104,-0.277104,-0.277104
27.0402,-1.53313,3.8513,1.46407,-0.120649,-0.820038,1.31901,0.651061,-6.82312,-1.36909,6.75736,-0.51248,0.76264,-0.946561,-0.946561,-0.631041,-0.31552,-0.31552,-0.31552
27.0454,-1.63163,3.74117,1.37521,-0.142741,-0.755922,1.3075,1.31309,-7.89863,-1.1601,5.54783,-0.794651,0.670909,-1.06881,-1.06881,-0.712537,-0.356269,-0.356269,-0.356269
27.0504,-1.74715,3.6406,1.29258,-0.180747,-0.726929,1.31092,1.86002,-7.21774,-1.47471,6.88695,-0.0682527,0.743187,-1.18628,-1.18628,-0.790855,-0.395427,-0.395427,-0.395427
27.0554,-1.86233,3.52658,1.20202,-0.26325,-0.831665,1.31496,2.17048,-6.69846,-0.589697,7.55536,1.39504,0.832002,-1.30368,-1.30368,-0.869123,-0.434562,-0.434562,-0.434562
27.0603,-1.96697,3.40876,1.11571,-0.343327,-0.966373,1.31528,1.74174,-6.51256,-1.62075,6.82365,0.721287,0.994527,-1.41866,-1.41866,-0.945775,-0.472887,-0.472887,-0.472887
27.0654,-2.06844,3.28236,1.04345,-0.420093,-1.02187,1.3075,1.84556,-6.00292,-1.66225,7.93163,-0.0420126,1.05095,-1.53824,-1.53824,-1.02549,-0.512747,-0.512747,-0.512747
27.0703,-2.18203,3.15155,0.959413,-0.501501,-1.07259,1.28691,2.4371,-5.49806,-0.409043,8.08581,0.882213,1.23825,-1.65304,-1.65304,-1.10203,-0.551013,-0.551013,-0.551013
27.0753,-2.28708,3.02807,0.868583,-0.542742,-1.19179,1.25112,1.64794,-6.25964,-0.761556,6.36119,1.54223,1.38491,-1.77008,-1.77008,-1.18005,-0.590027,-0.590027,-0.590027
27.0803,-2.39001,2.90811,0.785621,-0.554687,-1.29158,1.20065,2.43467,-5.71325,-0.921863,6.61544,0.504804,1.57292,-1.88701,-1.88701,-1.25801,-0.629004,-0.629004,-0.629004
27.0853,-2.50394,2.79624,0.703368,-0.581111,-1.33138,1.14789,1.98019,-6.42777,-0.342386,6.62126,0.725902,1.5125,-2.00383,-2.00383,-1.33588,-0.667942,-0.667942,-0.667942
27.0902,-2.59553,2.68606,0.624742,-0.584995,-1.34076,1.08471,2.2482,-5.07626,-0.698777,5.48362,0.118181,1.91494,-2.11818,-2.11818,-1.41212,-0.706061,-0.706061,-0.706061
27.0952,-2.6868,2.56918,0.541721,-0.604735,-1.3248,1.00469,2.15201,-6.10229,-0.190529,7.3358,0.132195,1.9538,-2.23475,-2.23475,-1.48983,-0.744915,-0.744915,-0.744915
27.1002,-2.77816,2.45677,0.462938,-0.668349,-1.33696,0.909799,2.47725,-5.42639,-0.959363,7.22556,0.626404,2.34864,-2.35117,-2.35117,-1.56745,-0.783724,-0.783724,-0.783724
27.1052,-2.87913,2.35463,0.397342,-0.740009,-1.39674,0.793736,2.77871,-6.42907,-0.798243,7.6452,1.0626,2.553,-2.46745,-2.46745,-1.64497,-0.822484,-0.822484,-0.822484
27.1104,-2.99735,2.2727,0.337902,-0.832417,-1.39293,0.667848,2.58822,-7.1554,-1.20052,8.06634,-0.43722,2.66778,-2.58822,-2.58822,-1.72548,-0.86274,-0.86274,-0.86274
27.1155,-3.09497,2.19762,0.278002,-0.915389,-1.34493,0.541064,2.88774,-6.76132,-0.607527,7.86565,0.148687,2.83141,-2.7065,-2.7065,-1.80433,-0.902167,-0.902167,-0.902167
27.1203,-3.21257,2.11776,0.216536,-0.949405,-1.27563,0.416826,3.4914,-6.3586,-0.757048,6.5779,-0.874099,3.02578,-2.81766,-2.81766,-1.87844,-0.939221,-0.939221,-0.939221
27.1252,-3.34499,2.02844,0.139122,-0.974251,-1.22512,0.288494,3.72686,-6.38712,0.317514,7.73347,0.140712,3.12151,-2.93098,-2.93098,-1.95398,-0.976992,-0.976992,-0.976992
27.1302,-3.44747,1.92105,0.0670133,-0.999029,-1.26817,0.158699,2.84942,-4.94784,-1.37366,6.55479,0.651155,3.30903,-3.04642,-3.04642,-2.03095,-1.01547,-1.01547,-1.01547
27.1352,-3.51173,1.80455,0.0201678,-0.999282,-1.33224,0.0330102,2.96468,-4.83258,-1.29682,6.59321,0.689574,3.34745,-3.16168,-3.16168,-2.10779,-1.05389,-1.05389,-1.05389
27.1403,-3.63457,1.68833,-0.0498721,-1.06526,-1.31251,-0.0948846,3.87793,-5.15649,0.486861,8.81826,-0.827944,3.55218,-3.27905,-3.27905,-2.18603,-1.09302,-1.09302,-1.09302
27.1454,-3.74688,1.57818,-0.142034,-1.1758,-1.21896,-0.223175,3.99508,-5.03934,0.564963,8.85731,-0.788893,3.59123,-3.3962,-3.3962,-2.26413,-1.13207,-1.13207,-1.13207
27.1504,-3.93234,1.47698,-0.22178,-1.28695,-1.17624,-0.356936,6.09942,-5.88606,-0.313737,9.11908,0.0193614,3.86128,-3.51084,-3.51084,-2.34056,-1.17028,-1.17028,-1.17028
27.1552,-4.06449,1.37215,-0.290076,-1.35979,-1.21235,-0.489497,3.62464,-4.9291,-0.635511,8.2035,0.18018,3.90618,-3.6207,-3.6207,-2.4138,-1.2069,-1.2069,-1.2069
27.1603,-4.11234,1.25502,-0.361242,-1.37728,-1.26844,-0.62572,3.57565,-5.48635,-0.534857,7.05829,-0.0873485,4.01953,-3.73719,-3.73719,-2.49146,-1.24573,-1.24573,-1.24573
27.1652,-4.18,1.14623,-0.433942,-1.3768,-1.27539,-0.757353,4.51476,-5.3313,-0.29319,7.70825,-0.621435,4.20581,-3.8489,-3.8489,-2.56593,-1.28297,-1.28297,-1.28297
27.1703,-4.27291,1.03352,-0.512321,-1.36525,-1.23135,-0.889186,4.04371,-5.19559,-0.102984,6.9686,-0.864282,4.2776,-3.96491,-3.96491,-2.64328,-1.32164,-1.32164,-1.32164
27.1753,-4.34211,0.920522,-0.593906,-1.35291,-1.23114,-1.01488,4.36603,-4.90085,0.14824,7.64399,0.0677898,4.48931,-4.07841,-4.07841,-2.71894,-1.35947,-1.35947,-1.35947
27.1803,-4.44063,0.798383,-0.672532,-1.34765,-1.32284,-1.14284,4.34925,-4.34239,-0.315484,6.90342,0.842458,4.66782,-4.19165,-4.19165,-2.79444,-1.39722,-1.39722,-1.39722
27.1854,-4.51624,0.670209,-0.75645,-1.32847,-1.43073,-1.26698,4.0508,-4.2823,0.611975,7.33099,0.442032,4.79731,-4.3069,-4.3069,-2.87126,-1.43563,-1.43563,-1.43563
27.1903,-4.59176,0.564564,-0.833643,-1.35696,-1.49423,-1.38171,4.4016,-5.34202,-0.104403,8.56013,0.329813,4.91693,-4.41736,-4.41736,-2.94491,-1.47245,-1.47245,-1.47245
27.1955,-4.69047,0.452491,-0.914558,-1.40648,-1.58541,-1.47945,4.79828,-4.07854,0.713417,8.26791,1.22991,4.65783,-4.5343,-4.5343,-3.02287,-1.51143,-1.51143,-1.51143
27.2003,-4.76646,0.360307,-0.984627,-1.45856,-1.71448,-1.56505,3.6688,-5.86992,-0.0528887,8.32037,1.42313,5.08289,-4.64198,-4.64198,-3.09465,-1.54733,-1.54733,-1.54733
27.2055,-4.83169,0.277052,-1.04947,-1.53484,-1.83795,-1.65832,4.79379,-5.17835,0.196059,8.57443,1.00651,4.94779,-4.75833,-4.75833,-3.17222,-1.58611,-1.58611,-1.58611
27.2105,-4.93964,0.172847,-1.12739,-1.62149,-1.93197,-1.74576,4.91325,-3.64049,1.16078,8.84346,1.1265,5.2665,-4.86991,-4.86991,-3.2466,-1.6233,-1.6233,-1.6233
27.2157,-5.05458,0.0680064,-1.20658,-1.68853,-2.04694,-1.8387,5.18657,-4.94317,0.433281,8.08716,1.75296,5.27196,-4.98563,-4.98563,-3.32375,-1.66188,-1.66188,-1.66188
27.2203,-5.13684,-0.01129,-1.26713,-1.72321,-2.17201,-1.91294,5.28866,-4.84108,0.501343,8.12119,1.78699,5.30599,-5.08772,-5.08772,-3.39181,-1.69591,-1.69591,-1.69591
27.2253,-5.24906,-0.113299,-1.33547,-1.75708,-2.24375,-1.98077,5.67119,-3.41839,0.704701,8.067,0.714356,5.18556,-5.19839,-5.19839,-3.46559,-1.7328,-1.7328,-1.7328
27.2305,-5.35964,-0.233202,-1.41683,-1.83585,-2.32303,-2.03162,5.26586,-3.58338,1.26817,9.81921,1.82901,5.10789,-5.31314,-5.31314,-3.54209,-1.77105,-1.77105,-1.77105
27.2354,-5.45517,-0.351206,-1.50211,-1.91319,-2.37502,-2.05813,4.77085,-2.85305,1.53024,8.48894,0.374544,4.92026,-5.42095,-5.42095,-3.61397,-1.80698,-1.80698,-1.80698
27.2405,-5.50486,-0.486023,-1.59874,-1.94252,-2.36048,-2.07081,4.88272,-2.74118,1.60482,8.52623,0.411833,4.95755,-5.53282,-5.53282,-3.68855,-1.84427,-1.84427,-1.84427
27.2454,-5.61487,-0.618922,-1.68722,-1.96384,-2.34587,-2.07457,6.65649,-2.79557,1.07433,8.42119,0.290229,4.78627,-5.63997,-5.63997,-3.75998,-1.87999,-1.87999,-1.87999
27.2502,-5.76124,-0.735459,-1.76228,-1.97387,-2.29923,-2.06313,5.96524,-3.30164,1.19216,7.81851,-0.163412,4.63071,-5.7446,-5.7446,-3.82974,-1.91487,-1.91487,-1.91487
27.2553,-5.85187,-0.847263,-1.84024,-1.96654,-2.23281,-2.04385,6.07606,-3.19082,1.26604,7.85545,-0.126472,4.66765,-5.85542,-5.85542,-3.90362,-1.95181,-1.95181,-1.95181
27.2603,-5.95057,-0.953289,-1.92124,-1.97803,-2.26695,-2.02917,6.2789,-3.2756,1.79175,8.47114,1.71466,4.67062,-5.9637,-5.9637,-3.9758,-1.9879,-1.9879,-1.9879
27.2652,-6.07328,-1.06697,-1.99364,-2.01086,-2.29803,-2.00434,6.49498,-1.87752,0.978189,8.24143,-0.104805,4.43263,-6.06946,-6.06946,-4.04631,-2.02315,-2.02315,-2.02315
27.2704,-6.20731,-1.19075,-2.05943,-2.06314,-2.25857,-1.95648,6.66198,-2.93192,1.02349,9.43791,0.296795,4.22979,-6.1813,-6.1813,-4.12087,-2.06043,-2.06043,-2.06043
27.2752,-6.30474,-1.29312,-2.11998,-2.13052,-2.24319,-1.90748,6.76486,-2.82904,1.09207,9.47221,0.331085,4.26409,-6.28418,-6.28418,-4.18945,-2.09473,-2.09473,-2.09473
27.2806,-6.42549,-1.40374,-2.1909,-2.21852,-2.2608,-1.86873,6.67134,-3.2811,1.32569,10.0488,0.882879,4.41016,-6.39948,-6.39948,-4.26632,-2.13316,-2.13316,-2.13316
27.2854,-6.51874,-1.4938,-2.25714,-2.30018,-2.21692,-1.84372,6.6119,-3.66752,1.31434,9.57779,-1.06201,4.40279,-6.50158,-6.50158,-4.33439,-2.16719,-2.16719,-2.16719
27.2904,-6.62421,-1.57161,-2.30798,-2.34003,-2.13839,-1.82115,7.20249,-3.93985,0.500913,8.26348,0.306397,4.38016,-6.60755,-6.60755,-4.40503,-2.20252,-2.20252,-2.20252
27.2953,-6.73884,-1.65024,-2.37023,-2.38511,-2.09154,-1.78495,7.34534,-4.5889,1.62324,10.3183,-0.735519,4.11656,-6.711,-6.711,-4.474,-2.237,-2.237,-2.237
27.3003,-6.84034,-1.74038,-2.43764,-2.45481,-2.05674,-1.72147,6.68613,-2.67531,1.01409,9.16101,0.251732,3.81213,-6.81615,-6.81615,-4.5441,-2.27205,-2.27205,-2.27205
27.3053,-6.93475,-1.84857,-2.50771,-2.48915,-2.11052,-1.62797,7.51583,-3.24041,1.63359,9.27044,0.791723,3.4496,-6.92089,-6.92089,-4.61393,-2.30696,-2.30696,-2.30696
27.3103,-7.04169,-1.95219,-2.58709,-2.56718,-2.23064,-1.52156,7.11975,-2.60023,2.05215,10.423,1.51373,3.40985,-7.02519,-7.02519,-4.68346,-2.34173,-2.34173,-2.34173
27.3153,-7.1104,-2.06564,-2.67578,-2.64372,-2.37917,-1.42334,7.22363,-2.49635,2.1214,10.4576,1.54836,3.44448,-7.12907,-7.12907,-4.75271,-2.37636,-2.37636,-2.37636
27.3203,-7.18464,-2.18161,-2.76645,-2.70444,-2.51552,-1.33877,7.32706,-2.39292,2.19036,10.4921,1.58283,3.47895,-7.2325,-7.2325,-4.82167,-2.41083,-2.41083,-2.41083
27.3254,-7.2946,-2.30471,-2.85315,-2.74272,-2.53999,-1.26396,8.10978,-1.93722,1.79013,9.82333,-0.435593,3.46429,-7.33754,-7.33754,-4.89169,-2.44585,-2.44585,-2.44585
27.3302,-7.37994,-2.4222,-2.92776,-2.74049,-2.54368,-1.1872,6.93165,-1.68119,1.97698,8.5479,1.12074,3.18246,-7.43597,-7.43597,-4.95732,-2.47866,-2.47866,-2.47866
27.3353,-7.48046,-2.53885,-3.00285,-2.73165,-2.63821,-1.10681,8.46599,-2.25475,1.83948,9.38576,1.30448,3.3248,-7.54009,-7.54009,-5.02673,-2.51336,-2.51336,-2.51336
27.3403,-7.609,-2.64772,-3.08634,-2.74603,-2.68542,-1.04321,7.74414,-2.16496,2.8937,8.87315,0.187435,3.31727,-7.6417,-7.6417,-5.09447,-2.54723,-2.54723,-2.54723
27.3453,-7.68071,-2.74913,-3.16294,-2.76902,-2.72429,-1.00198,7.12426,-2.00078,1.86806,9.73487,1.34723,3.57455,-7.74284,-7.74284,-5.1619,-2.58095,-2.58095,-2.58095
27.3505,-7.71807,-2.85538,-3.22862,-2.82459,-2.81859,-0.98034,7.22894,-1.8961,1.93784,9.76976,1.38212,3.60944,-7.84752,-7.84752,-5.23168,-2.61584,-2.61584,-2.61584
27.3553,-7.82351,-2.95257,-3.29384,-2.90646,-2.88973,-0.979083,9.49604,-1.97724,2.39487,10.7209,1.10781,3.86505,-7.94368,-7.94368,-5.29579,-2.64789,-2.64789,-2.64789
27.3606,-7.95231,-3.05158,-3.36722,-2.98713,-2.98599,-1.0294,7.63957,-2.84477,1.92608,9.54723,1.57359,4.52127,-8.04933,-8.04933,-5.36622,-2.68311,-2.68311,-2.68311
27.3653,-7.99241,-3.12646,-3.42383,-3.03644,-3.07451,-1.10459,7.7328,-2.75154,1.98823,9.57831,1.60467,4.55235,-8.14256,-8.14256,-5.42837,-2.71419,-2.71419,-2.71419
27.3703,-8.06364,-3.21837,-3.48164,-3.10259,-3.12347,-1.19931,8.46583,-1.33689,1.97252,10.0086,0.966883,4.91644,-8.24125,-8.24125,-5.49417,-2.74708,-2.74708,-2.74708
27.3756,-8.18876,-3.32428,-3.5437,-3.16757,-3.20515,-1.34045,8.82204,-1.7135,2.21118,10.1261,2.09453,5.45621,-8.3453,-8.3453,-5.56354,-2.78177,-2.78177,-2.78177
27.3802,-8.26662,-3.41918,-3.6068,-3.21581,-3.3344,-1.47621,8.91189,-1.62365,2.27107,10.1561,2.12448,5.48616,-8.43515,-8.43515,-5.62343,-2.81172,-2.81172,-2.81172
27.3852,-8.3502,-3.53095,-3.68303,-3.26541,-3.4491,-1.61198,8.81992,-1.05372,2.70995,10.2216,1.65178,5.50198,-8.5323,-8.5323,-5.6882,-2.8441,-2.8441,-2.8441
27.3902,-8.4513,-3.64764,-3.76593,-3.33337,-3.54001,-1.75201,9.09385,-1.70567,2.50685,11.2971,1.62603,5.84055,-8.62893,-8.62893,-5.75262,-2.87631,-2.87631,-2.87631
27.3952,-8.54034,-3.76319,-3.85118,-3.37287,-3.62036,-1.90218,8.63441,-0.762489,3.16657,9.4247,1.82366,5.98022,-8.72503,-8.72503,-5.81669,-2.90834,-2.90834,-2.90834
27.4002,-8.63989,-3.89085,-3.93466,-3.37045,-3.68499,-2.05716,8.96243,0.542651,3.12577,8.76932,1.6568,6.1694,-8.82059,-8.82059,-5.88039,-2.9402,-2.9402,-2.9402
27.4052,-8.7165,-4.02208,-4.01114,-3.34554,-3.72457,-2.20694,9.05745,0.637666,3.18912,8.80099,1.68847,6.20107,-8.91561,-8.91561,-5.94374,-2.97187,-2.97187,-2.97187
27.4102,-8.80745,-4.13733,-4.07705,-3.33309,-3.71132,-2.34165,9.20707,-0.414409,2.71705,9.26304,0.759477,6.15804,-9.01007,-9.01007,-6.00671,-3.00336,-3.00336,-3.00336
27.4153,-8.91428,-4.25229,-4.14241,-3.37373,-3.69921,-2.4742,9.36589,0.445733,3.20518,10.272,1.44552,6.36384,-9.10585,-9.10585,-6.07057,-3.03528,-3.03528,-3.03528
27.4206,-8.99889,-4.38019,-4.21808,-3.42424,-3.71972,-2.60858,9.46481,0.544652,3.27112,10.305,1.4785,6.39682,-9.20477,-9.20477,-6.13651,-3.06826,-3.06826,-3.06826
27.4254,-9.09188,-4.49287,-4.2936,-3.44512,-3.72352,-2.71888,9.71145,0.275149,3.88224,9.58118,1.11074,6.3851,-9.29381,-9.29381,-6.19587,-3.09794,-3.09794,-3.09794
27.4302,-9.17144,-4.60004,-4.375,-3.44272,-3.7136,-2.81617,9.79996,0.363657,3.94125,9.61068,1.14024,6.4146,-9.38232,-9.38232,-6.25488,-3.12744,-3.12744,-3.12744
27.4354,-9.24064,-4.72008,-4.4568,-3.44749,-3.79115,-2.90313,8.57534,0.864759,3.58886,9.85772,2.621,6.23936,-9.4776,-9.4776,-6.3184,-3.1592,-3.1592,-3.1592
27.4403,-9.30453,-4.83452,-4.53417,-3.50284,-3.86837,-2.97224,10.1263,0.894865,4.32967,10.525,1.2183,6.3519,-9.56681,-9.56681,-6.37787,-3.18894,-3.18894,-3.18894
27.4455,-9.37221,-4.94904,-4.61384,-3.47387,-3.932,-3.03312,9.10531,1.45383,4.15829,6.25904,2.74832,6.16796,-9.66085,-9.66085,-6.44057,-3.22028,-3.22028,-3.22028
27.4503,-9.40877,-5.0354,-4.6593,-3.50349,-3.91223,-3.07687,9.04183,0.168955,2.82384,11.9265,0.0115515,6.23811,-9.74709,-9.74709,-6.49806,-3.24903,-3.24903,-3.24903
27.4555,-9.47528,-5.11029,-4.69568,-3.7307,-3.8431,-3.13707,9.93446,-0.569603,3.00066,13.5803,1.84753,6.52573,-9.8399,-9.8399,-6.55993,-3.27997,-3.27997,-3.27997
27.4603,-9.56684,-5.18044,-4.74125,-3.92165,-3.84442,-3.17386,10.2796,-0.752421,3.10127,12.4246,1.00649,5.99933,-9.92498,-9.92498,-6.61665,-3.30833,-3.30833,-3.30833
27.4653,-9.66051,-5.25469,-4.7889,-4.0508,-3.8427,-3.18453,9.65841,-1.21989,2.5246,11.8743,1.39187,6.07835,-10.013,-10.013,-6.67534,-3.33767,-3.33767,-3.33767
27.4702,-9.73148,-5.3389,-4.83249,-4.15301,-3.86125,-3.18582,9.90955,-0.413227,2.36435,12.3086,1.20514,5.93302,-10.0987,-10.0987,-6.73245,-3.36622,-3.36622,-3.36622
27.4754,-9.80834,-5.43066,-4.8869,-4.20349,-3.91341,-3.17755,9.95253,-1.00457,3.08496,9.91267,1.83967,5.93827,-10.1889,-10.1889,-6.79262,-3.39631,-3.39631,-3.39631
27.4805,-9.85508,-5.53895,-4.94686,-4.24658,-3.95686,-3.17576,9.13419,1.07689,2.69836,12.368,1.0244,6.04208,-10.2768,-10.2768,-6.85119,-3.4256,-3.4256,-3.4256
27.4852,-9.90698,-5.6394,-5.0137,-4.32063,-3.97727,-3.16734,10.2784,-0.509322,4.25885,12.1712,1.44863,5.77907,-10.3572,-10.3572,-6.90479,-3.45239,-3.45239,-3.45239
27.4903,-9.972,-5.73419,-5.08547,-4.34542,-4.05669,-3.13265,9.84489,-0.00903307,2.8264,10.453,2.29722,5.54298,-10.4438,-10.4438,-6.96251,-3.48126,-3.48126,-3.48126
27.4954,-10.0456,-5.835,-5.14594,-4.33676,-4.16653,-3.08006,10.506,0.242386,3.53158,10.7963,1.96982,5.38946,-10.5297,-10.5297,-7.01979,-3.5099,-3.5099,-3.5099
27.5005,-10.1303,-5.92894,-5.2061,-4.34341,-4.20889,-3.01748,10.7016,-1.10657,2.52042,10.9903,1.08743,5.27711,-10.6149,-10.6149,-7.07662,-3.53831,-3.53831,-3.53831
27.5053,-10.2371,-6.00876,-5.25422,-4.35615,-4.17121,-2.95343,11.5889,-0.392665,2.99149,10.9423,0.534365,5.14633,-10.6945,-10.6945,-7.12969,-3.56485,-3.56485,-3.56485
27.5102,-10.335,-6.10349,-5.30879,-4.37753,-4.09673,-2.87053,10.1763,0.188373,2.95538,11.822,0.370804,4.82544,-10.7752,-10.7752,-7.18345,-3.59172,-3.59172,-3.59172
27.5152,-10.407,-6.20824,-5.37822,-4.41659,-3.98606,-2.77009,11.105,0.340899,3.98374,11.2365,-0.355467,4.72017,-10.8568,-10.8568,-7.23787,-3.61893,-3.61893,-3.61893
27.5205,-10.4716,-6.31813,-5.45849,-4.4366,-3.87735,-2.65432,9.91425,0.493691,3.66891,10.5779,0.36865,4.46725,-10.9426,-10.9426,-7.29506,-3.64753,-3.64753,-3.64753
27.5254,-10.4887,-6.42055,-5.5289,-4.42975,-3.82826,-2.5461,9.99289,0.572333,3.72134,10.6041,0.394864,4.49346,-11.0212,-11.0212,-7.34749,-3.67374,-3.67374,-3.67374
27.5305,-10.5338,-6.52742,-5.60388,-4.41758,-3.81769,-2.44637,10.8778,0.826892,4.01997,10.4738,0.885597,4.47912,-11.1024,-11.1024,-7.40159,-3.7008,-3.7008,-3.7008
27.5355,-10.6228,-6.64277,-5.67919,-4.40884,-3.8455,-2.36003,11.6541,1.61495,3.9388,10.9224,1.08577,4.48057,-11.1813,-11.1813,-7.45418,-3.72709,-3.72709,-3.72709
27.5404,-10.692,-6.75005,-5.74277,-4.42263,-3.8348,-2.28837,10.5448,0.773597,3.47992,11.3371,0.0845922,4.58891,-11.2579,-11.2579,-7.50526,-3.75263,-3.75263,-3.75263
27.5455,-10.7549,-6.83389,-5.80456,-4.46306,-3.77955,-2.24774,11.5261,-0.325455,4.10319,11.6533,0.309662,4.9299,-11.3369,-11.3369,-7.55796,-3.77898,-3.77898,-3.77898
27.5502,-10.8206,-6.90771,-5.87097,-4.49941,-3.74189,-2.26474,10.9797,0.274749,4.1367,11.4786,0.15985,5.56669,-11.4091,-11.4091,-7.6061,-3.80305,-3.80305,-3.80305
27.5552,-10.8644,-6.98832,-5.9327,-4.51864,-3.70047,-2.33461,10.784,0.13018,3.61897,10.9658,0.226627,5.88187,-11.4853,-11.4853,-7.65685,-3.82843,-3.82843,-3.82843
27.5603,-10.9288,-7.05741,-5.98573,-4.52821,-3.68549,-2.43095,11.5977,-0.659697,3.62219,10.8258,0.550348,6.08967,-11.5622,-11.5622,-7.70814,-3.85407,-3.85407,-3.85407
27.5652,-10.9832,-7.1206,-6.03395,-4.56232,-3.68864,-2.54528,10.7568,0.233011,3.68562,11.9515,0.59131,6.44527,-11.6354,-11.6354,-7.75694,-3.87847,-3.87847,-3.87847
27.5706,-11.0127,-7.21688,-6.09108,-4.60128,-3.71493,-2.70516,10.884,1.30579,3.65527,11.2495,0.700737,6.90246,-11.7153,-11.7153,-7.81019,-3.9051,-3.9051,-3.9051
27.5754,-11.0757,-7.30129,-6.14244,-4.62921,-3.68733,-2.85281,12.0259,0.284686,3.91532,11.2894,-0.443311,6.81825,-11.7856,-11.7856,-7.85706,-3.92853,-3.92853,-3.92853
27.5803,-11.1607,-7.38749,-6.19221,-4.68506,-3.62386,-3.00748,11.6715,1.22656,3.3566,12.7704,-0.0387412,7.28906,-11.8567,-11.8567,-7.90444,-3.95222,-3.95222,-3.95222
27.5854,-11.2078,-7.48063,-6.24939,-4.73815,-3.60693,-3.1784,10.7361,0.929381,4.46504,10.7745,0.499027,7.35487,-11.9299,-11.9299,-7.95325,-3.97663,-3.97663,-3.97663
27.5903,-11.2542,-7.5806,-6.31098,-4.73934,-3.6015,-3.33188,11.9365,2.48047,4.03495,10.5162,-0.0159624,7.3698,-11.9995,-11.9995,-7.99968,-3.99984,-3.99984,-3.99984
27.5954,-11.3166,-7.68994,-6.37352,-4.79922,-3.65506,-3.48141,11.5512,1.25203,4.20189,12.7923,1.4321,7.50134,-12.0712,-12.0712,-8.04749,-4.02374,-4.02374,-4.02374
27.6004,-11.3498,-7.80069,-6.42768,-4.88894,-3.74148,-3.62592,11.1046,2.73601,3.43316,12.1862,0.519651,7.67357,-12.1408,-12.1408,-8.09386,-4.04693,-4.04693,-4.04693
27.6055,-11.4039,-7.91397,-6.48292,-4.93642,-3.80567,-3.76249,12.1164,2.16397,4.67125,11.2905,1.23028,7.5976,-12.211,-12.211,-8.14065,-4.07032,-4.07032,-4.07032
27.6103,-11.4699,-8.01596,-6.54758,-4.94556,-3.83161,-3.86856,11.8547,2.06781,4.33443,11.097,-0.205217,7.50346,-12.2763,-12.2763,-8.18421,-4.0921,-4.0921,-4.0921
27.6154,-11.5297,-8.10958,-6.60959,-4.95939,-3.81216,-3.96561,11.8722,1.45476,4.55785,11.6912,0.554588,7.57603,-12.345,-12.345,-8.22998,-4.11499,-4.11499,-4.11499
27.6203,-11.5845,-8.19971,-6.66275,-4.99914,-3.88565,-4.02026,11.898,2.22138,3.93461,12.1435,1.58649,6.95193,-12.4102,-12.4102,-8.27345,-4.13673,-4.13673,-4.13673
27.6255,-11.6499,-8.31539,-6.72138,-5.04115,-4.05564,-4.02333,12.2185,3.02653,4.55497,11.7937,2.22201,6.75117,-12.4786,-12.4786,-8.31906,-4.15953,-4.15953,-4.15953
27.6304,-11.7249,-8.41653,-6.77642,-5.07496,-4.18628,-4.01906,12.428,2.12888,4.25049,12.3366,1.349,6.8966,-12.5423,-12.5423,-8.36152,-4.18076,-4.18076,-4.18076
27.6353,-11.7924,-8.50321,-6.82132,-5.12929,-4.27524,-4.01798,12.1127,2.27064,4.20468,12.5397,1.87507,6.84307,-12.6052,-12.6052,-8.40349,-4.20175,-4.20175,-4.20175
27.6404,-11.8587,-8.59368,-6.87832,-5.14978,-4.32352,-4.00373,12.4927,1.87047,4.8184,10.8308,0.464202,6.59968,-12.67,-12.67,-8.44664,-4.22332,-4.22332,-4.22332
27.6453,-11.9337,-8.66097,-6.9309,-5.20484,-4.31074,-3.99426,12.9639,0.269192,3.99409,14.2378,0.757917,6.8934,-12.7314,-12.7314,-8.48759,-4.2438,-4.2438,-4.2438
27.6503,-12.0024,-8.72711,-6.97894,-5.31443,-4.29605,-3.97684,12.289,1.15059,4.04163,13.7202,0.281751,6.47519,-12.7933,-12.7933,-8.52886,-4.26443,-4.26443,-4.26443
27.6553,-12.0486,-8.80508,-7.02987,-5.36274,-4.28192,-3.95331,12.0152,1.43631,4.2433,12.2253,0.666442,6.74396,-12.8544,-12.8544,-8.5696,-4.2848,-4.2848,-4.2848
27.6603,-12.0814,-8.88424,-7.08207,-5.35736,-4.28114,-3.9457,12.0755,1.49663,4.28352,12.2454,0.686549,6.76407,-12.9147,-12.9147,-8.60982,-4.30491,-4.30491,-4.30491
27.6652,-12.1277,-8.96199,-7.12815,-5.35816,-4.29829,-3.89786,12.4648,1.87407,4.12177,12.6126,0.970956,5.86444,-12.9731,-12.9731,-8.64871,-4.32436,-4.32436,-4.32436
27.6703,-12.1733,-9.05694,-7.1833,-5.36382,-4.36924,-3.80401,12.2529,2.58017,4.70929,11.6804,1.44632,5.8844,-13.033,-13.033,-8.68865,-4.34432,-4.34432,-4.34432
27.6752,-12.1934,-9.14816,-7.23772,-5.35215,-4.42966,-3.71809,11.6556,1.96714,4.25598,11.5668,0.811127,5.83709,-13.0897,-13.0897,-8.72649,-4.36325,-4.36325,-4.36325
27.6802,-12.1937,-9.24037,-7.28181,-5.36568,-4.47942,-3.60635,11.4211,2.71767,3.91787,12.4884,1.28557,5.20201,-13.1469,-13.1469,-8.76458,-4.38229,-4.38229,-4.38229
27.6853,-12.1803,-9.34372,-7.32401,-5.40977,-4.53951,-3.46923,11.4786,2.7751,3.95616,12.5076,1.30471,5.22115,-13.2043,-13.2043,-8.80287,-4.40143,-4.40143,-4.40143
27.6904,-12.2029,-9.43962,-7.38203,-5.43704,-4.58216,-3.3515,12.5478,2.35099,5.39,11.5411,0.959257,5.31454,-13.2609,-13.2609,-8.84059,-4.4203,-4.4203,-4.4203
27.6954,-12.2229,-9.52964,-7.44166,-5.44965,-4.65124,-3.27972,11.578,2.94544,4.50684,12.081,1.87999,5.77159,-13.3155,-13.3155,-8.87703,-4.43851,-4.43851,-4.43851
27.7006,-12.25,-9.6283,-7.49976,-5.45352,-4.74153,-3.25974,12.6978,3.28511,5.3488,11.2882,1.54261,6.12973,-13.3715,-13.3715,-8.91434,-4.45717,-4.45717,-4.45717
27.7055,-12.2832,-9.70793,-7.55425,-5.47335,-4.79961,-3.28852,11.9538,2.23383,4.89644,13.0443,1.60132,6.63556,-13.4234,-13.4234,-8.94895,-4.47448,-4.47448,-4.47448
27.7103,-12.3067,-9.77656,-7.59679,-5.51798,-4.81695,-3.37466,12.2955,2.80002,4.73129,12.1999,0.814854,7.26497,-13.4735,-13.4735,-8.98235,-4.49117,-4.49117,-4.49117
27.7154,-12.3294,-9.85144,-7.64287,-5.51949,-4.78595,-3.51973,12.0169,2.9155,5.25527,11.3479,0.865435,7.71299,-13.5259,-13.5259,-9.01727,-4.50863,-4.50863,-4.50863
27.7202,-12.3515,-9.91968,-7.68885,-5.55499,-4.74404,-3.6766,12.3648,2.69211,5.02427,13.608,0.533844,7.88648,-13.5744,-13.5744,-9.04961,-4.5248,-4.5248,-4.5248
27.7252,-12.381,-9.99042,-7.72748,-5.61779,-4.73206,-3.84023,12.3042,2.87582,4.4952,12.6723,1.43637,7.97757,-13.6241,-13.6241,-9.08275,-4.54137,-4.54137,-4.54137
27.7302,-12.4068,-10.0478,-7.76767,-5.64903,-4.74828,-4.00704,12.3058,1.80969,5.43275,12.1753,1.04694,8.25882,-13.673,-13.673,-9.11533,-4.55766,-4.55766,-4.55766
27.7353,-12.4206,-10.1071,-7.82424,-5.66666,-4.80799,-4.18259,12.0317,2.39446,5.28775,12.0508,2.00719,8.44903,-13.722,-13.722,-9.14798,-4.57399,-4.57399,-4.57399
27.7402,-12.4338,-10.1652,-7.87353,-5.6943,-4.92283,-4.35326,12.2749,1.88119,5.09911,12.5713,2.1468,8.66316,-13.7682,-13.7682,-9.17879,-4.5894,-4.5894,-4.5894
27.7455,-12.4511,-10.2199,-7.9199,-5.72043,-4.95236,-4.54189,12.2019,2.13127,5.04196,11.7762,0.465757,8.86996,-13.8173,-13.8173,-9.21151,-4.60576,-4.60576,-4.60576
27.7503,-12.4668,-10.276,-7.95499,-5.71256,-4.94492,-4.6827,12.3046,2.7186,4.67395,11.9647,1.69746,8.46222,-13.8609,-13.8609,-9.2406,-4.6203,-4.6203,-4.6203
27.7555,-12.4843,-10.3569,-7.99305,-5.71381,-4.97317,-4.79156,12.2131,3.72627,4.86788,11.8062,0.918036,8.3866,-13.9073,-13.9073,-9.27151,-4.63576,-4.63576,-4.63576
27.7605,-12.4838,-10.4289,-8.03435,-5.72478,-4.94557,-4.87279,11.7052,2.51708,5.22306,12.4335,0.717327,8.29353,-13.951,-13.951,-9.30065,-4.65033,-4.65033,-4.65033
27.7653,-12.4741,-10.4894,-8.06977,-5.75986,-4.94774,-4.92334,11.8488,2.91683,4.59424,13.0931,1.50108,8.08368,-13.9921,-13.9921,-9.32809,-4.66404,-4.66404,-4.66404
27.7702,-12.4676,-10.561,-8.11388,-5.77492,-5.01875,-4.94478,11.8348,3.03283,5.56011,11.8565,1.87914,7.84902,-14.0333,-14.0333,-9.35555,-4.67778,-4.67778,-4.67778
27.7754,-12.439,-10.6453,-8.16513,-5.77333,-5.10147,-4.91575,11.1014,3.79663,4.99927,12.1192,1.61188,7.20916,-14.0761,-14.0761,-9.38409,-4.69204,-4.69204,-4.69204
27.7803,-12.369,-10.7255,-8.20371,-5.78551,-5.11674,-4.87317,10.0771,3.2727,4.85211,11.9088,0.681121,7.48728,-14.1156,-14.1156,-9.4104,-4.7052,-4.7052,-4.7052
27.7853,-12.252,-10.8188,-8.23951,-5.80833,-5.09432,-4.84322,9.21426,4.9433,4.78434,12.8741,1.0503,7.41762,-14.155,-14.155,-9.43668,-4.71834,-4.71834,-4.71834
27.7902,-12.1063,-10.9001,-8.28006,-5.82829,-5.08461,-4.81625,8.40495,3.07411,5.68733,11.6696,0.922135,7.44678,-14.1928,-14.1928,-9.46187,-4.73094,-4.73094,-4.73094
27.7952,-11.9479,-10.9727,-8.32835,-5.84087,-5.03838,-4.76785,8.15107,3.96289,5.30073,12.2286,0.313698,6.94598,-14.2305,-14.2305,-9.487,-4.7435,-4.7435,-4.7435
27.8004,-11.8163,-11.0578,-8.37385,-5.85597,-4.95381,-4.69378,8.18934,4.00116,5.32623,12.2414,0.326452,6.95873,-14.2688,-14.2688,-9.5125,-4.75625,-4.75625,-4.75625
27.8053,-11.7594,-11.1322,-8.41367,-5.89782,-4.88885,-4.62405,8.31908,3.64624,5.23683,13.5199,0.412701,6.82142,-14.3039,-14.3039,-9.53596,-4.76798,-4.76798,-4.76798
27.8102,-11.7898,-11.203,-8.45637,-5.93473,-4.83965,-4.52487,8.70802,4.17308,5.92852,12.1569,0.391027,6.20359,-14.3383,-14.3383,-9.55885,-4.77943,-4.77943,-4.77943
27.8154,-11.8955,-11.2856,-8.51328,-5.93347,-4.78493,-4.39554,8.74353,4.20859,5.9522,12.1687,0.402864,6.21542,-14.3738,-14.3738,-9.58253,-4.79126,-4.79126,-4.79126
27.8203,-12.0144,-11.3525,-8.54151,-5.96061,-4.77455,-4.284,8.0748,3.35858,4.01141,13.1649,0.935365,6.15177,-14.4064,-14.4064,-9.60425,-4.80213,-4.80213,-4.80213
27.8254,-12.1335,-11.4173,-8.56027,-5.98488,-4.79634,-4.17703,8.27722,3.95508,5.26443,12.0416,0.987768,6.14621,-14.4394,-14.4394,-9.62626,-4.81313,-4.81313,-4.81313
27.8304,-12.2575,-11.4777,-8.59874,-6.0075,-4.84097,-4.09091,8.30081,3.23005,5.67623,12.8138,1.34602,6.30574,-14.4708,-14.4708,-9.64723,-4.82362,-4.82362,-4.82362
27.8353,-12.3763,-11.5295,-8.64337,-6.02638,-4.89634,-4.04831,8.31501,2.99601,5.6774,12.5174,1.1904,6.7794,-14.5008,-14.5008,-9.66721,-4.8336,-4.8336,-4.8336
27.8403,-12.473,-11.5708,-8.68263,-6.04062,-4.90106,-4.07977,7.59216,2.482,5.41504,12.3038,0.380581,7.5759,-14.5305,-14.5305,-9.687,-4.8435,-4.8435,-4.8435
27.8453,-12.5416,-11.6202,-8.72137,-6.0449,-4.9052,-4.15755,7.43972,3.6613,5.58263,12.2389,1.30926,7.6683,-14.5593,-14.5593,-9.7062,-4.8531,-4.8531,-4.8531
27.8502,-12.6381,-11.6877,-8.76761,-6.05977,-4.96382,-4.25093,8.87759,3.69645,5.72626,12.8938,1.2273,7.99206,-14.5866,-14.5866,-9.72443,-4.86222,-4.86222,-4.86222
27.8553,-12.7533,-11.7537,-8.80889,-6.07297,-4.9544,-4.37966,8.1723,3.8738,5.40187,12.0502,0.135238,8.41524,-14.6142,-14.6142,-9.7428,-4.8714,-4.8714,-4.8714
27.8603,-12.8314,-11.8221,-8.83684,-6.0649,-4.88789,-4.52678,7.83985,4.39629,5.00753,11.8187,0.193617,8.6061,-14.6403,-14.6403,-9.76019,-4.8801,-4.8801,-4.8801
27.8653,-12.902,-11.8869,-8.86871,-6.06721,-4.87043,-4.69341,7.96749,3.70439,5.75374,12.6717,1.01346,9.08646,-14.6655,-14.6655,-9.77699,-4.8885,-4.8885,-4.8885
27.8705,-12.9664,-11.9509,-8.90653,-6.08359,-4.9076,-4.87213,7.75239,3.94243,5.26479,12.5228,1.02187,9.02035,-14.6907,-14.6907,-9.79382,-4.89691,-4.89691,-4.89691
27.8753,-13.017,-12.0134,-8.93589,-6.14181,-4.91972,-5.01099,7.69208,4.17366,5.36543,14.0372,0.532546,8.89535,-14.7132,-14.7132,-9.80877,-4.90439,-4.90439,-4.90439
27.8803,-13.0843,-12.078,-8.96305,-6.18351,-4.88724,-5.1325,8.34101,4.14093,5.14633,12.5792,0.266797,8.9194,-14.7356,-14.7356,-9.82375,-4.91188,-4.91188,-4.91188
27.8853,-13.1497,-12.1505,-8.99955,-6.18781,-4.84292,-5.23179,7.82674,4.95448,6.03433,12.6195,0.216026,8.74443,-14.7572,-14.7572,-9.83813,-4.91907,-4.91907,-4.91907
27.8905,-13.1968,-12.232,-9.04865,-6.22554,-4.7894,-5.30661,7.6512,4.62136,5.87726,13.5043,-0.0169397,8.60254,-14.7787,-14.7787,-9.85244,-4.92622,-4.92622,-4.92622
27.8952,-13.2441,-12.2991,-9.08632,-6.24224,-4.73315,-5.33382,8.23317,4.56111,5.65137,12.1029,-0.0190361,8.15332,-14.7972,-14.7972,-9.86481,-4.9324,-4.9324,-4.9324
27.9004,-13.3275,-12.3597,-9.118,-6.22392,-4.64586,-5.33787,8.79648,4.2064,5.64352,11.5878,-0.418228,8.22609,-14.8168,-14.8168,-9.87786,-4.93893,-4.93893,-4.93893
27.9052,-13.4102,-12.4114,-9.14931,-6.20945,-4.54302,-5.34803,8.77822,4.7673,6.18376,11.3865,-0.586374,8.30635,-14.834,-14.834,-9.88933,-4.94467,-4.94467,-4.94467
27.9102,-13.5014,-12.4603,-9.1693,-6.18635,-4.41389,-5.33177,9.20106,4.20512,4.94738,11.7648,-0.862221,7.75726,-14.851,-14.851,-9.90068,-4.95034,-4.95034,-4.95034
27.9154,-13.5923,-12.5143,-9.18767,-6.19714,-4.30538,-5.27466,9.00503,5.20293,6.15401,12.5901,-0.401244,7.52272,-14.8677,-14.8677,-9.91183,-4.95592,-4.95592,-4.95592
27.9202,-13.6618,-12.5664,-9.22201,-6.19388,-4.27363,-5.21944,8.97231,4.53191,6.3769,11.7504,0.24117,7.63521,-14.8823,-14.8823,-9.92154,-4.96077,-4.96077,-4.96077
27.9252,-13.7309,-12.602,-9.24752,-6.13471,-4.28234,-5.13832,9.2545,3.60058,5.54623,10.0246,0.287327,6.90305,-14.8966,-14.8966,-9.93105,-4.96553,-4.96553,-4.96553
27.9303,-13.8043,-12.633,-9.26723,-6.04134,-4.29857,-5.02501,9.26811,3.61419,5.55531,10.0291,0.291863,6.90758,-14.9102,-14.9102,-9.94013,-4.97006,-4.97006,-4.97006
27.9354,-13.8786,-12.6735,-9.297,-5.97177,-4.34576,-4.90464,9.47382,4.56454,6.28897,10.406,0.65212,6.5392,-14.9228,-14.9228,-9.94856,-4.97428,-4.97428,-4.97428
27.9402,-13.8689,-12.6989,-9.32404,-5.98024,-4.39463,-4.8069,6.33679,3.31877,6.20227,12.637,0.556437,6.98172,-14.9339,-14.9339,-9.95591,-4.97796,-4.97796,-4.97796
27.9453,-13.7899,-12.722,-9.35819,-6.03555,-4.43015,-4.73279,6.34758,3.32956,6.20947,12.6406,0.560035,6.98531,-14.9447,-14.9447,-9.96311,-4.98155,-4.98155,-4.98155
27.9502,-13.7755,-12.7452,-9.39519,-6.10424,-4.43474,-4.63583,8.47283,3.14593,6.39343,13.422,-0.11577,6.29295,-14.9541,-14.9541,-9.96942,-4.98471,-4.98471,-4.98471
27.9552,-13.8254,-12.7682,-9.4245,-6.15831,-4.38396,-4.5332,8.63129,3.20197,5.53609,12.6466,-0.460615,6.70986,-14.9629,-14.9629,-9.97525,-4.98762,-4.98762,-4.98762
27.9604,-13.8348,-12.8141,-9.44444,-6.19388,-4.31417,-4.4847,6.92157,4.80189,5.3952,12.4837,-0.62351,7.19281,-14.971,-14.971,-9.98066,-4.99033,-4.99033,-4.99033
27.9652,-13.8098,-12.8545,-9.46175,-6.24412,-4.23549,-4.47905,7.28671,3.33489,5.63159,13.4961,-0.786908,7.35233,-14.9776,-14.9776,-9.98506,-4.99253,-4.99253,-4.99253
27.9705,-13.8268,-12.8889,-9.48568,-6.31007,-4.16258,-4.52686,8.54594,3.6406,5.61072,13.2084,-0.594367,8.09963,-14.9839,-14.9839,-9.98927,-4.99463,-4.99463,-4.99463
27.9752,-13.8387,-12.9204,-9.50424,-6.35192,-4.09518,-4.62269,6.96284,3.43262,5.34843,13.2928,-1.05647,8.50693,-14.9886,-14.9886,-9.99241,-4.99621,-4.99621,-4.99621
27.9803,-13.8105,-12.9507,-9.50637,-6.36208,-4.05292,-4.74698,7.0025,3.44472,4.35639,12.4993,-0.127714,8.59113,-14.9928,-14.9928,-9.99521,-4.99761,-4.99761,-4.99761
27.9853,-13.8227,-12.9902,-9.51696,-6.39753,-4.04945,-4.8677,8.60532,4.1571,5.83405,14.1895,-0.565493,8.69155,-14.996,-14.996,-9.99733,-4.99867,-4.99867,-4.99867
27.9902,-13.8635,-13.0399,-9.5458,-6.42042,-4.0575,-4.97711,8.12292,4.04502,5.51995,12.1864,-0.125912,8.65917,-14.9982,-14.9982,-9.99882,-4.99941,-4.99941,-4.99941
27.9953,-13.8624,-13.0941,-9.56816,-6.43089,-4.08204,-5.09751,7.31265,4.89739,5.47906,12.9818,-0.307616,9.03222,-14.9996,-14.9996,-9.99973,-4.99986,-4.99986,-4.99986
28.0005,-13.847,-13.1423,-9.58306,-6.46006,-4.09864,-5.23889,7.4746,4.2005,5.43753,13.2966,0.0982385,9.23936,-15,-15,-10,-5,-5,-5
28.0053,-13.8593,-13.1898,-9.60921,-6.47253,-4.15104,-5.35428,8.39604,4.88158,6.25228,12.4601,0.156027,8.97423,-14.9995,-14.9995,-9.99965,-4.99983,-4.99983,-4.99983
28.0103,-13.875,-13.2343,-9.64824,-6.49079,-4.1707,-5.42956,7.65388,3.54444,6.19489,13.0144,-0.564814,8.65083,-14.998,-14.998,-9.99869,-4.99935,-4.99935,-4.99935
28.0152,-13.8885,-13.2639,-9.66558,-6.48748,-4.13525,-5.46142,8.3056,4.04642,4.97488,11.5729,-0.698065,8.34369,-14.9957,-14.9957,-9.99715,-4.99857,-4.99857,-4.99857
28.0202,-13.9083,-13.2999,-9.68075,-6.47688,-4.11121,-5.47923,8.03835,3.91315,5.8714,12.5737,-0.434197,8.49164,-14.9924,-14.9924,-9.99497,-4.99748,-4.99748,-4.99748
28.0254,-13.9026,-13.3437,-9.70476,-6.47983,-4.05798,-5.46351,7.37204,4.63766,5.6114,12.5557,-1.2885,7.81122,-14.9881,-14.9881,-9.99204,-4.99602,-4.99602,-4.99602
28.0303,-13.9038,-13.3851,-9.72118,-6.48006,-3.962,-5.42585,8.18651,3.90371,5.35724,12.8686,-1.4061,8.04966,-14.983,-14.983,-9.98868,-4.99434,-4.99434,-4.99434
28.0352,-13.9098,-13.4141,-9.72877,-6.48303,-3.89867,-5.38341,7.51472,4.02778,5.29476,12.6017,-0.646321,7.69164,-14.9771,-14.9771,-9.98472,-4.99236,-4.99236,-4.99236
28.0405,-13.891,-13.4434,-9.74079,-6.49426,-3.86962,-5.28571,7.4088,3.72486,5.62003,12.9304,-0.938594,7.01849,-14.9697,-14.9697,-9.97977,-4.98989,-4.98989,-4.98989
28.0453,-13.8806,-13.4572,-9.75515,-6.5126,-3.78772,-5.15211,7.71638,2.93324,5.71109,12.7954,-1.71117,6.65163,-14.962,-14.962,-9.97469,-4.98735,-4.98735,-4.98735
28.0502,-13.8629,-13.4625,-9.76666,-6.52111,-3.66456,-5.0008,7.17583,3.11369,5.47961,12.6021,-1.89622,6.49142,-14.9534,-14.9534,-9.96893,-4.98446,-4.98446,-4.98446
28.0553,-13.8661,-13.466,-9.76329,-6.51161,-3.56583,-4.81737,8.32424,3.17864,4.85852,12.0771,-1.12949,5.90023,-14.9434,-14.9434,-9.9623,-4.98115,-4.98115,-4.98115
28.0603,-13.8655,-13.4829,-9.77242,-6.52412,-3.50951,-4.64466,7.0567,4.26716,6.31858,13.5722,-1.51393,6.28583,-14.9328,-14.9328,-9.95518,-4.97759,-4.97759,-4.97759
28.0654,-13.8294,-13.4943,-9.77757,-6.54821,-3.43929,-4.51357,7.08426,3.14032,4.88112,12.2186,-1.36884,6.3978,-14.9209,-14.9209,-9.94728,-4.97364,-4.97364,-4.97364
28.0704,-13.8277,-13.5191,-9.78809,-6.53657,-3.39062,-4.41671,8.23402,4.94018,6.29814,12.024,-1.43926,6.55094,-14.9084,-14.9084,-9.93892,-4.96946,-4.96946,-4.96946
28.0753,-13.862,-13.5641,-9.80572,-6.54829,-3.37421,-4.39943,8.52421,4.70239,5.14612,12.74,-1.0131,7.6395,-14.8952,-14.8952,-9.93013,-4.96506,-4.96506,-4.96506
28.0804,-13.8681,-13.5975,-9.80898,-6.57298,-3.3933,-4.47096,7.2133,4.08104,5.38506,12.3542,-0.761301,8.10658,-14.8805,-14.8805,-9.92036,-4.96018,-4.96018,-4.96018
28.0852,-13.8401,-13.6343,-9.83292,-6.59712,-3.43493,-4.56363,7.28925,4.75187,6.50179,13.2187,-0.724791,8.17621,-14.8659,-14.8659,-9.91058,-4.95529,-4.95529,-4.95529
28.0904,-13.8184,-13.6689,-9.85422,-6.58325,-3.46203,-4.66359,7.35908,4.23462,5.44138,11.1597,-0.887725,8.24511,-14.849,-14.849,-9.89935,-4.94967,-4.94967,-4.94967
28.0954,-13.8114,-13.71,-9.86124,-6.5571,-3.51795,-4.77426,7.86203,5.43499,5.36935,12.1807,-0.139956,8.67824,-14.8319,-14.8319,-9.88793,-4.94396,-4.94396,-4.94396
28.1003,-13.7903,-13.7461,-9.86974,-6.5529,-3.61372,-4.88084,6.91846,4.75142,6.1246,11.8436,0.135673,8.41567,-14.8142,-14.8142,-9.87615,-4.93807,-4.93807,-4.93807
28.1052,-13.7717,-13.792,-9.89279,-6.55475,-3.72254,-4.96447,7.69184,5.78488,6.15403,12.5992,0.170888,8.42605,-14.7957,-14.7957,-9.86378,-4.93189,-4.93189,-4.93189
28.1103,-13.7673,-13.8386,-9.90373,-6.54414,-3.84222,-5.03588,7.4549,4.54722,4.94296,11.781,0.263501,8.30338,-14.7754,-14.7754,-9.85028,-4.92514,-4.92514,-4.92514
28.1153,-13.7511,-13.8689,-9.91165,-6.51581,-3.96475,-5.08243,7.312,4.41216,6.01174,11.6747,0.562939,8.13086,-14.7547,-14.7547,-9.83644,-4.91822,-4.91822,-4.91822
28.1204,-13.7093,-13.8945,-9.93201,-6.5049,-4.09609,-5.0935,6.48218,4.03934,5.79844,12.8596,0.588687,7.73433,-14.7325,-14.7325,-9.82169,-4.91085,-4.91085,-4.91085
28.1255,-13.6936,-13.9174,-9.94651,-6.51285,-4.2023,-5.06848,8.19666,4.46548,5.77262,12.587,0.423679,7.59416,-14.7095,-14.7095,-9.80632,-4.90316,-4.90316,-4.90316
28.1302,-13.7241,-13.9407,-9.95816,-6.51054,-4.272,-5.03738,8.17457,4.44339,5.75789,12.5796,0.416315,7.5868,-14.6874,-14.6874,-9.79159,-4.8958,-4.8958,-4.8958
28.1353,-13.7211,-13.969,-9.95034,-6.49441,-4.34977,-4.97685,6.95587,5.12771,4.32847,11.7682,0.523943,6.98234,-14.6625,-14.6625,-9.77501,-4.8875,-4.8875,-4.8875
28.1402,-13.6898,-14.0044,-9.9255,-6.45895,-4.41515,-4.88969,6.93108,5.10292,4.31194,11.7599,0.515681,6.97408,-14.6377,-14.6377,-9.75848,-4.87924,-4.87924,-4.87924
28.1455,-13.6438,-14.0344,-9.91648,-6.44853,-4.49528,-4.80696,6.59992,4.45654,5.68536,12.4959,0.746539,7.04762,-14.6099,-14.6099,-9.73996,-4.86998,-4.86998,-4.86998
28.1505,-13.5586,-14.0406,-9.92576,-6.51069,-4.55935,-4.74831,5.24893,2.93619,5.64845,14.3912,0.373171,7.16277,-14.5828,-14.5828,-9.72186,-4.86093,-4.86093,-4.86093
28.1551,-13.4816,-14.0302,-9.92666,-6.53279,-4.59453,-4.6388,6.35395,3.10343,5.22164,11.6171,0.555023,5.80454,-14.557,-14.557,-9.70469,-4.85234,-4.85234,-4.85234
28.1604,-13.433,-14.0244,-9.92453,-6.47383,-4.63619,-4.44449,6.32332,3.0728,5.20122,11.6069,0.544814,5.79433,-14.5264,-14.5264,-9.68427,-4.84213,-4.84213,-4.84213
28.1656,-13.3899,-14.0292,-9.92624,-6.44606,-4.67268,-4.27477,6.37897,3.99917,5.44387,12.6316,0.418551,5.91647,-14.4954,-14.4954,-9.66358,-4.83179,-4.83179,-4.83179
28.1704,-13.3637,-14.0321,-9.93461,-6.42589,-4.67515,-4.13734,6.81833,3.03987,5.78577,11.4708,0.0692372,5.799,-14.4659,-14.4659,-9.64391,-4.82196,-4.82196,-4.82196
28.1755,-13.3188,-14.0283,-9.95257,-6.39204,-4.65954,-4.02838,5.73411,3.38983,6.17183,12.2052,0.190969,6.31817,-14.4336,-14.4336,-9.62242,-4.81121,-4.81121,-4.81121
28.1802,-13.2789,-14.0308,-9.95944,-6.37679,-4.65764,-4.01292,6.77525,3.50899,4.8912,12.0377,0.30499,7.30159,-14.4031,-14.4031,-9.60206,-4.80103,-4.80103,-4.80103
28.1852,-13.2561,-14.0347,-9.94602,-6.38718,-4.65384,-4.05988,6.62764,4.13754,5.02781,12.9043,0.426354,7.36499,-14.3697,-14.3697,-9.57983,-4.78991,-4.78991,-4.78991
28.1902,-13.2216,-14.0477,-9.95209,-6.42645,-4.64516,-4.14754,6.15213,3.68961,5.97475,13.0171,0.083743,8.03254,-14.3355,-14.3355,-9.55701,-4.7785,-4.7785,-4.7785
28.1952,-13.1988,-14.0515,-9.95993,-6.39663,-4.6128,-4.28196,7.13353,3.57969,5.34941,10.3227,0.237637,8.38516,-14.3004,-14.3004,-9.53359,-4.7668,-4.7668,-4.7668
28.2004,-13.1886,-14.0507,-9.95598,-6.36654,-4.56814,-4.42377,6.63509,3.73133,5.37042,12.5044,0.192031,8.24019,-14.2629,-14.2629,-9.50862,-4.75431,-4.75431,-4.75431
28.2053,-13.1788,-14.0525,-9.94274,-6.37194,-4.52807,-4.54603,7.10718,4.08126,4.7423,11.6561,0.469775,8.44341,-14.2268,-14.2268,-9.48451,-4.74225,-4.74225,-4.74225
28.2103,-13.1767,-14.0585,-9.92972,-6.36702,-4.49,-4.68098,7.08911,4.48477,5.59283,12.0326,0.473743,8.69578,-14.189,-14.189,-9.45933,-4.72966,-4.72966,-4.72966
28.2153,-13.1523,-14.0799,-9.93509,-6.36869,-4.43471,-4.78782,6.227,5.17896,5.90355,11.7465,0.22902,8.2275,-14.1503,-14.1503,-9.43356,-4.71678,-4.71678,-4.71678
28.2203,-13.1043,-14.0825,-9.92394,-6.35452,-4.35231,-4.82281,6.24658,3.44922,4.75487,11.2117,0.472525,7.56021,-14.1108,-14.1108,-9.40721,-4.70361,-4.70361,-4.70361
28.2252,-13.0765,-14.0775,-9.91625,-6.36551,-4.30002,-4.80566,7.16442,3.88634,5.79021,12.5316,0.865053,7.31517,-14.0712,-14.0712,-9.38083,-4.69041,-4.69041,-4.69041
28.2303,-13.0765,-14.0735,-9.91906,-6.39334,-4.22907,-4.76715,7.12234,3.84426,5.76215,12.5175,0.851027,7.30115,-14.0292,-14.0292,-9.35277,-4.67639,-4.67639,-4.67639
28.2352,-13.0436,-14.0727,-9.92192,-6.39642,-4.13332,-4.72636,5.9424,4.47672,5.90811,11.6675,0.804148,7.21287,-13.9879,-13.9879,-9.32526,-4.66263,-4.66263,-4.66263
28.2403,-12.9901,-14.0712,-9.91149,-6.36718,-4.03561,-4.67776,6.0798,3.92464,4.88404,11.1147,1.36085,7.09061,-13.944,-13.944,-9.29603,-4.64801,-4.64801,-4.64801
28.2453,-12.9334,-14.0592,-9.8929,-6.34881,-3.95248,-4.59168,5.58679,3.47889,5.24564,11.688,1.32968,6.30596,-13.9002,-13.9002,-9.2668,-4.6334,-4.6334,-4.6334
28.2503,-12.8686,-14.0438,-9.87994,-6.34569,-3.878,-4.45922,5.62877,3.23329,5.13641,12.1616,1.77846,6.05922,-13.8555,-13.8555,-9.23699,-4.6185,-4.6185,-4.6185
28.2553,-12.806,-14.0333,-9.87605,-6.35497,-3.81955,-4.34964,5.49258,4.09782,5.96085,11.9311,1.76327,6.51599,-13.8099,-13.8099,-9.20662,-4.60331,-4.60331,-4.60331
28.2603,-12.7489,-14.0265,-9.86815,-6.3362,-3.78047,-4.21673,5.74955,3.45251,4.75323,11.1539,2.31912,5.39928,-13.7635,-13.7635,-9.17567,-4.58784,-4.58784,-4.58784
28.2654,-12.6933,-14.0114,-9.84648,-6.33539,-3.77427,-4.0657,5.42159,3.47919,5.03041,12.2639,2.59284,5.98764,-13.7153,-13.7153,-9.14353,-4.57176,-4.57176,-4.57176
28.2703,-12.6452,-14.0079,-9.84462,-6.3725,-3.80522,-4.00385,5.85906,3.83784,5.76391,12.7864,2.95801,6.74197,-13.6681,-13.6681,-9.11209,-4.55605,-4.55605,-4.55605
28.2752,-12.6003,-14.0005,-9.83962,-6.37925,-3.86836,-4.01606,5.55499,3.43917,4.9879,11.3214,3.50506,7.26418,-13.6202,-13.6202,-9.08012,-4.54006,-4.54006,-4.54006
28.2803,-12.5502,-13.9797,-9.83436,-6.35466,-3.94537,-4.11473,5.38601,2.44679,5.65001,11.4866,3.46329,8.25741,-13.5694,-13.5694,-9.04626,-4.52313,-4.52313,-4.52313
28.2852,-12.4897,-13.9556,-9.81919,-6.3454,-4.0233,-4.23737,5.12365,3.24429,4.33577,11.8178,4.11744,7.89312,-13.5198,-13.5198,-9.01319,-4.5066,-4.5066,-4.5066
28.2902,-12.4471,-13.9407,-9.79828,-6.37097,-4.14473,-4.36618,5.9981,3.13374,5.08522,12.7694,4.63021,8.53009,-13.4683,-13.4683,-8.97889,-4.48945,-4.48945,-4.48945
28.2952,-12.4325,-13.9393,-9.79086,-6.37983,-4.25028,-4.51367,6.22556,4.61016,5.38895,11.3858,4.33126,8.5375,-13.4161,-13.4161,-8.94404,-4.47202,-4.47202,-4.47202
28.3002,-12.4018,-13.935,-9.78376,-6.33407,-4.31124,-4.64309,5.36476,3.13476,5.2804,10.3911,4.57852,8.437,-13.363,-13.363,-8.90864,-4.45432,-4.45432,-4.45432
28.3056,-12.3373,-13.922,-9.7701,-6.30676,-4.38802,-4.75281,4.8652,4.00234,5.03882,12.3175,5.28773,8.29337,-13.3047,-13.3047,-8.86979,-4.43489,-4.43489,-4.43489
28.3104,-12.2697,-13.9348,-9.75589,-6.2879,-4.45652,-4.82331,4.80471,5.28539,4.90342,10.9917,5.21224,8.13508,-13.2521,-13.2521,-8.83471,-4.41736,-4.41736,-4.41736
28.3155,-12.2129,-13.9424,-9.74358,-6.22024,-4.46529,-4.80974,5.42961,3.51477,5.24808,10.1448,4.86213,6.81621,-13.1954,-13.1954,-8.7969,-4.39845,-4.39845,-4.39845
28.3203,-12.1767,-13.9277,-9.73286,-6.1473,-4.41081,-4.72717,5.37545,3.46061,5.21198,10.1267,4.84408,6.79816,-13.1412,-13.1412,-8.7608,-4.3804,-4.3804,-4.3804
28.3253,-12.1206,-13.91,-9.70785,-6.12821,-4.34178,-4.67163,4.77846,3.62404,4.23961,11.6891,5.11481,7.30901,-13.084,-13.084,-8.72266,-4.36133,-4.36133,-4.36133
28.3302,-12.0714,-13.9012,-9.68984,-6.13859,-4.30858,-4.59453,5.34808,3.96908,5.54349,11.9103,5.8659,6.28818,-13.0271,-13.0271,-8.68476,-4.34238,-4.34238,-4.34238
28.3352,-12.0365,-13.899,-9.69068,-6.15215,-4.29204,-4.46736,5.28927,3.91027,5.50429,11.8907,5.8463,6.26858,-12.9683,-12.9683,-8.64556,-4.32278,-4.32278,-4.32278
28.3403,-11.9856,-13.9028,-9.68798,-6.13333,-4.23473,-4.36329,4.76355,4.40107,5.09591,10.5208,5.46171,6.58779,-12.9075,-12.9075,-8.60502,-4.30251,-4.30251,-4.30251
28.3454,-11.9085,-13.9021,-9.67273,-6.12191,-4.16105,-4.27982,4.1976,3.79966,4.74132,12.4046,5.90485,6.42649,-12.8459,-12.8459,-8.56393,-4.28197,-4.28197,-4.28197
28.3503,-11.835,-13.9042,-9.66918,-6.11282,-4.10222,-4.15736,4.55919,4.12579,5.63765,10.9108,5.61989,5.57849,-12.7859,-12.7859,-8.52394,-4.26197,-4.26197,-4.26197
28.3553,-11.7808,-13.899,-9.65574,-6.08964,-4.04524,-4.00121,5.06061,3.27185,4.06644,11.7181,6.02978,5.58266,-12.7239,-12.7239,-8.48261,-4.2413,-4.2413,-4.2413
28.3602,-11.7329,-13.8862,-9.62612,-6.08596,-3.98296,-3.89993,4.58539,3.54917,4.4288,11.5155,5.63668,6.36532,-12.6624,-12.6624,-8.4416,-4.2208,-4.2208,-4.2208
28.3652,-11.6799,-13.8664,-9.60381,-6.06693,-3.92272,-3.87727,4.77401,2.85917,4.87549,11.0803,6.10402,6.87406,-12.5988,-12.5988,-8.39923,-4.19962,-4.19962,-4.19962
28.3702,-11.6259,-13.8407,-9.58941,-6.03164,-3.88844,-3.91983,4.47722,3.14156,5.13775,10.4296,6.20677,7.44049,-12.5345,-12.5345,-8.35635,-4.17817,-4.17817,-4.17817
28.3752,-11.5528,-13.8133,-9.57114,-5.99579,-3.86416,-4.03497,3.93933,2.98979,4.70143,10.7391,6.29272,8.23024,-12.4694,-12.4694,-8.31295,-4.15648,-4.15648,-4.15648
28.3802,-11.4708,-13.7844,-9.54703,-5.96002,-3.83869,-4.18315,3.87346,2.92392,4.65752,10.7171,6.27076,8.20828,-12.4036,-12.4036,-8.26904,-4.13452,-4.13452,-4.13452
28.3852,-11.3967,-13.7661,-9.52313,-5.92799,-3.80417,-4.31078,4.15355,4.01565,4.62982,10.7115,6.04983,8.02047,-12.3369,-12.3369,-8.22462,-4.11231,-4.11231,-4.11231
28.3903,-11.3358,-13.7605,-9.50685,-5.92885,-3.77571,-4.41481,4.12814,3.84052,5.08559,12.0134,6.30015,8.03895,-12.2682,-12.2682,-8.17879,-4.08939,-4.08939,-4.08939
28.3952,-11.2687,-13.7415,-9.48198,-5.94107,-3.7299,-4.50673,3.74615,2.87147,3.95426,11.1217,5.72313,8.11605,-12.2014,-12.2014,-8.13426,-4.06713,-4.06713,-4.06713
28.4003,-11.1705,-13.696,-9.4324,-5.91965,-3.61395,-4.54526,3.0691,2.4781,3.99727,10.469,5.3685,7.1901,-12.1311,-12.1311,-8.0874,-4.0437,-4.0437,-4.0437
28.4055,-11.1229,-13.6496,-9.39522,-5.92131,-3.46647,-4.5019,5.66401,2.91389,4.87692,11.811,5.02142,6.71054,-12.0586,-12.0586,-8.03909,-4.01954,-4.01954,-4.01954
28.4102,-11.1407,-13.6135,-9.37216,-5.9504,-3.32563,-4.43586,5.59782,2.8477,4.83279,11.789,4.99936,6.68848,-11.9924,-11.9924,-7.99496,-3.99748,-3.99748,-3.99748
28.4153,-11.1336,-13.5755,-9.34499,-5.95033,-3.21176,-4.37079,4.73726,2.75938,4.54615,10.4565,5.41401,6.73053,-11.9199,-11.9199,-7.94658,-3.97329,-3.97329,-3.97329
28.4204,-11.0992,-13.5369,-9.31431,-5.93236,-3.12734,-4.29494,4.54179,2.66241,4.44293,11.6327,5.27365,6.31693,-11.8465,-11.8465,-7.8977,-3.94885,-3.94885,-3.94885
28.4252,-11.0502,-13.4985,-9.27556,-5.87131,-3.02607,-4.17429,4.28296,3.19158,4.1561,8.40509,4.99373,5.59817,-11.7768,-11.7768,-7.85122,-3.92561,-3.92561,-3.92561
28.4303,-11.0048,-13.4777,-9.24278,-5.76828,-2.92951,-4.0213,4.75976,4.2121,4.76041,9.68012,5.14268,5.62292,-11.702,-11.702,-7.80136,-3.90068,-3.90068,-3.90068
28.4353,-10.955,-13.4672,-9.2276,-5.71101,-2.86759,-3.85471,4.25623,4.17349,5.48224,10.028,5.45747,4.97723,-11.628,-11.628,-7.75198,-3.87599,-3.87599,-3.87599
28.4403,-10.8975,-13.4445,-9.20372,-5.64656,-2.85034,-3.70098,4.42573,3.31465,4.26408,8.95154,5.92106,5.49878,-11.5532,-11.5532,-7.70213,-3.85106,-3.85106,-3.85106
28.4453,-10.856,-13.4142,-9.1798,-5.54991,-2.86065,-3.60991,4.86244,3.60952,5.58061,8.32194,5.95386,5.87106,-11.4777,-11.4777,-7.6518,-3.8259,-3.8259,-3.8259
28.4506,-10.7628,-13.3741,-9.15363,-5.55686,-2.9084,-3.62064,2.58312,2.88256,4.35844,12.6089,6.64729,7.16893,-11.3969,-11.3969,-7.59794,-3.79897,-3.79897,-3.79897
28.4555,-10.5203,-13.3287,-9.11637,-5.62445,-2.9722,-3.72015,-1.385,2.68896,4.37714,11.2258,6.38203,7.59919,-11.3215,-11.3215,-7.54767,-3.77383,-3.77383,-3.77383
28.4604,-10.3273,-13.2915,-9.08993,-5.63413,-3.02711,-3.84136,3.59789,2.89263,4.7277,10.6788,6.3898,7.73116,-11.2454,-11.2454,-7.49695,-3.74848,-3.74848,-3.74848
28.4655,-10.2547,-13.2612,-9.05988,-5.59132,-3.08133,-3.94706,2.72607,2.96247,3.81546,9.61721,6.33005,7.49753,-11.1655,-11.1655,-7.4437,-3.72185,-3.72185,-3.72185
28.4703,-10.2003,-13.2399,-9.02304,-5.55326,-3.12391,-4.04247,3.52097,3.25699,3.81088,10.5772,6.27165,7.88625,-11.0897,-11.0897,-7.39314,-3.69657,-3.69657,-3.69657
28.4753,-10.1639,-13.2143,-8.99014,-5.56207,-3.18784,-4.12888,3.2837,2.3381,4.06709,11.4615,6.79985,7.41257,-11.01,-11.01,-7.34003,-3.67001,-3.67001,-3.67001
28.4803,-10.1426,-13.1772,-8.95429,-5.55406,-3.23984,-4.1672,4.06227,2.74237,3.9132,9.91947,6.34251,7.17051,-10.9297,-10.9297,-7.28646,-3.64323,-3.64323,-3.64323
28.4853,-10.0903,-13.1498,-8.92328,-5.54252,-3.28436,-4.17715,2.18461,3.08293,4.25419,11.1759,6.70466,7.01102,-10.8487,-10.8487,-7.23244,-3.61622,-3.61622,-3.61622
28.4905,-10.0105,-13.1125,-8.89347,-5.52862,-3.31292,-4.12817,2.87581,1.87111,4.03662,10.038,6.1133,6.1547,-10.7637,-10.7637,-7.1758,-3.5879,-3.5879,-3.5879
28.4952,-9.94918,-13.0636,-8.85404,-5.48595,-3.28709,-4.04805,2.54229,1.94341,3.48131,9.83833,5.89705,6.26137,-10.6863,-10.6863,-7.12418,-3.56209,-3.56209,-3.56209
28.5003,-9.84639,-13.0077,-8.81243,-5.44821,-3.23409,-3.95138,1.24804,1.47262,4.0226,10.1082,5.64527,5.81087,-10.6016,-10.6016,-7.06773,-3.53387,-3.53387,-3.53387
28.5054,-9.72591,-12.9344,-8.75915,-5.46657,-3.14196,-3.78883,1.82067,0.851433,2.99386,11.951,5.31874,4.87162,-10.5163,-10.5163,-7.01084,-3.50542,-3.50542,-3.50542
28.5103,-9.66041,-12.8683,-8.71704,-5.49194,-3.05995,-3.61582,3.12885,1.58437,4.46446,10.6484,5.55615,5.21667,-10.4336,-10.4336,-6.95574,-3.47787,-3.47787,-3.47787
28.5153,-9.6113,-12.8123,-8.6902,-5.44331,-3.00301,-3.43708,2.41349,1.48759,3.9313,9.33663,5.56095,4.54251,-10.3487,-10.3487,-6.8991,-3.44955,-3.44955,-3.44955
28.5204,-9.51967,-12.7714,-8.65072,-5.39497,-2.9646,-3.23643,1.48301,2.90929,3.38403,10.1355,5.76368,4.52168,-10.2613,-10.2613,-6.84089,-3.42044,-3.42044,-3.42044
28.5252,-9.44653,-12.7386,-8.61294,-5.38373,-2.93269,-3.13649,2.74771,2.08973,3.84507,10.3398,5.56221,5.95965,-10.1786,-10.1786,-6.7857,-3.39285,-3.39285,-3.39285
28.5308,-9.38586,-12.6814,-8.57772,-5.39719,-2.87461,-3.14541,2.16184,1.232,3.98502,11.2595,5.37245,6.38261,-10.0812,-10.0812,-6.72083,-3.36041,-3.36041,-3.36041
28.5356,-9.31326,-12.623,-8.54534,-5.39281,-2.81467,-3.19232,1.76261,1.10463,3.60713,9.79908,5.2782,6.5616,-9.99721,-9.99721,-6.6648,-3.3324,-3.3324,-3.3324
28.5403,-9.23458,-12.5632,-8.50796,-5.35458,-2.75407,-3.24435,1.67977,1.02179,3.55191,9.77147,5.25059,6.53399,-9.91437,-9.91437,-6.60958,-3.30479,-3.30479,-3.30479
28.5453,-9.15525,-12.5022,-8.46572,-5.35552,-2.60131,-3.31867,1.81958,1.32708,3.3193,11.0833,3.38286,6.98466,-9.82566,-9.82566,-6.55044,-3.27522,-3.27522,-3.27522
28.5502,-9.06477,-12.4306,-8.41574,-5.35124,-2.38906,-3.38924,1.16076,0.372757,3.26095,9.75413,4.00781,6.68225,-9.73814,-9.73814,-6.49209,-3.24605,-3.24605,-3.24605
28.5552,-8.96313,-12.3514,-8.36622,-5.3094,-2.22326,-3.43418,1.07085,0.28285,3.20101,9.72416,3.97784,6.65228,-9.64823,-9.64823,-6.43215,-3.21608,-3.21608,-3.21608
28.5602,-8.87862,-12.2767,-8.32271,-5.27715,-2.09867,-3.42471,1.59499,0.448448,3.42701,9.84303,4.38651,5.71131,-9.55773,-9.55773,-6.37182,-3.18591,-3.18591,-3.18591
28.5653,-8.80645,-12.2039,-8.28191,-5.24358,-2.01011,-3.36141,1.50207,0.355529,3.36506,9.81206,4.35554,5.68034,-9.46481,-9.46481,-6.30987,-3.15494,-3.15494,-3.15494
28.5702,-8.72701,-12.1364,-8.23888,-5.21581,-1.95302,-3.3232,1.09702,0.419342,2.8997,9.77383,4.66507,6.08923,-9.37496,-9.37496,-6.24997,-3.12499,-3.12499,-3.12499
28.5752,-8.6611,-12.0824,-8.19195,-5.18208,-1.92462,-3.29312,1.97007,1.95431,3.24993,9.46984,4.87444,5.73556,-9.28271,-9.28271,-6.18847,-3.09424,-3.09424,-3.09424
28.5805,-8.61605,-12.0248,-8.15322,-5.13646,-1.91512,-3.2114,1.90317,0.421734,3.69428,9.39563,4.96583,5.16455,-9.18429,-9.18429,-6.12286,-3.06143,-3.06143,-3.06143
28.5854,-8.58008,-11.9647,-8.11702,-5.06386,-1.93736,-3.08042,2.00862,0.897541,2.92265,8.06515,5.35759,4.51303,-9.09274,-9.09274,-6.06183,-3.03091,-3.03091,-3.03091
28.5902,-8.55545,-11.9304,-8.07884,-5.01272,-1.94605,-2.91424,2.37151,2.31241,3.09241,10.0057,4.5492,4.20144,-9.00253,-9.00253,-6.00169,-3.00084,-3.00084,-3.00084
28.5953,-8.485,-11.906,-8.05341,-4.96708,-1.92273,-2.72392,0.285409,2.03477,4.02925,8.54115,4.77375,3.92091,-8.90613,-8.90613,-5.93742,-2.96871,-2.96871,-2.96871
28.6002,-8.39987,-11.8593,-8.0232,-4.9385,-1.89442,-2.57367,1.64611,0.838406,3.13114,10.0916,4.72614,4.5357,-8.81297,-8.81297,-5.87531,-2.93766,-2.93766,-2.93766
28.6052,-8.36718,-11.8039,-7.97483,-4.91273,-1.83761,-2.51378,2.1612,1.79478,3.00889,9.09923,4.36307,5.38151,-8.71736,-8.71736,-5.81158,-2.90579,-2.90579,-2.90579
28.6104,-8.31132,-11.7565,-7.92426,-4.87299,-1.7867,-2.50925,0.776766,1.63569,2.94013,9.38882,4.76858,5.41442,-8.61737,-8.61737,-5.74491,-2.87246,-2.87246,-2.87246
28.6152,-8.22845,-11.7103,-7.87864,-4.80897,-1.76776,-2.57185,0.648491,1.42073,3.06844,8.2732,4.82872,6.6172,-8.52455,-8.52455,-5.68303,-2.84152,-2.84152,-2.84152
28.6202,-8.14716,-11.6698,-7.83834,-4.74165,-1.72619,-2.66769,1.02015,2.24549,3.3276,8.85352,4.29952,6.01348,-8.42735,-8.42735,-5.61824,-2.80912,-2.80912,-2.80912
28.6253,-8.07861,-11.6233,-7.79569,-4.71371,-1.71262,-2.74694,0.971695,1.03868,2.97063,9.61517,5.33441,6.40253,-8.32768,-8.32768,-5.55178,-2.77589,-2.77589,-2.77589
28.6303,-8.03089,-11.5706,-7.75138,-4.68,-1.72102,-2.84551,1.57083,1.55507,3.10578,8.53914,4.69722,6.58506,-8.22943,-8.22943,-5.48629,-2.74314,-2.74314,-2.74314
28.6353,-7.98668,-11.53,-7.7133,-4.6421,-1.67772,-2.86831,0.932304,2.05914,3.32837,9.36735,4.31655,5.14455,-8.13068,-8.13068,-5.42046,-2.71023,-2.71023,-2.71023
28.6403,-7.90505,-11.483,-7.66461,-4.59815,-1.59708,-2.83837,0.0214128,1.13643,2.37604,8.1171,4.02678,5.72418,-8.03143,-8.03143,-5.35429,-2.67714,-2.67714,-2.67714
28.6453,-7.79924,-11.4272,-7.60973,-4.57974,-1.48705,-2.80674,-0.322614,1.14701,2.77979,10.2863,3.70374,5.19414,-7.93169,-7.93169,-5.28779,-2.6439,-2.6439,-2.6439
28.6502,-7.69484,-11.3757,-7.56595,-4.56688,-1.40254,-2.77182,-0.16474,1.22214,2.98183,8.46511,4.27543,5.58367,-7.83346,-7.83346,-5.22231,-2.61115,-2.61115,-2.61115
28.6553,-7.6198,-11.3091,-7.50707,-4.51715,-1.34399,-2.67545,0.717532,-0.0350082,1.7722,8.95251,4.13355,4.07559,-7.73073,-7.73073,-5.15382,-2.57691,-2.57691,-2.57691
28.6602,-7.57696,-11.2326,-7.43528,-4.47064,-1.28694,-2.51344,0.618365,-0.134175,1.70609,8.91945,4.10049,4.04253,-7.63156,-7.63156,-5.08771,-2.54385,-2.54385,-2.54385
28.6655,-7.54003,-11.1579,-7.36642,-4.41143,-1.26673,-2.31315,0.841554,0.542114,2.2069,8.46125,4.80149,3.30281,-7.52379,-7.52379,-5.01586,-2.50793,-2.50793,-2.50793
28.6702,-7.50741,-11.0948,-7.31472,-4.3668,-1.25614,-2.15504,0.686446,0.501266,2.62778,9.09993,4.28097,4.10709,-7.42779,-7.42779,-4.95186,-2.47593,-2.47593,-2.47593
28.6753,-7.47195,-11.035,-7.26683,-4.30194,-1.26252,-2.07949,0.79063,1.01915,2.62699,7.69057,5.01613,4.80913,-7.32315,-7.32315,-4.8821,-2.44105,-2.44105,-2.44105
28.6804,-7.42028,-10.983,-7.22189,-4.25295,-1.25578,-2.11493,0.256065,1.10316,2.65933,9.11281,4.02061,5.97469,-7.21804,-7.21804,-4.81203,-2.40601,-2.40601,-2.40601
28.6853,-7.36998,-10.9298,-7.17299,-4.24754,-1.21408,-2.19204,0.761404,0.737764,2.1779,8.97965,4.33457,5.58485,-7.11662,-7.11662,-4.74442,-2.37221,-2.37221,-2.37221
28.6904,-7.3091,-10.8613,-7.12124,-4.22549,-1.1898,-2.30561,-0.0735035,-0.365063,2.44162,8.53859,4.25783,6.65903,-7.01062,-7.01062,-4.67374,-2.33687,-2.33687,-2.33687
28.6952,-7.22044,-10.7875,-7.07384,-4.20454,-1.21794,-2.42205,-0.591327,-0.228847,2.28706,8.795,5.4002,5.93012,-6.91043,-6.91043,-4.60696,-2.30348,-2.30348,-2.30348
28.7003,-7.12551,-10.7074,-7.02299,-4.16816,-1.24736,-2.47741,-0.237221,-0.0835614,2.66725,8.12181,4.40409,5.61297,-6.80356,-6.80356,-4.53571,-2.26785,-2.26785,-2.26785
28.7053,-7.04271,-10.6303,-6.97765,-4.11615,-1.21897,-2.50354,-0.342425,-0.188765,2.59711,8.08675,4.36903,5.57791,-6.69836,-6.69836,-4.46557,-2.23279,-2.23279,-2.23279
28.7102,-6.95509,-10.5535,-6.92774,-4.06078,-1.17817,-2.52486,-0.698085,-0.441985,2.03905,7.68793,4.18549,5.60965,-6.59486,-6.59486,-4.39657,-2.19829,-2.19829,-2.19829
28.7152,-6.84458,-10.4757,-6.87848,-4.03884,-1.09393,-2.52226,-1.35176,-0.24068,2.57865,9.09331,3.45463,5.21827,-6.48884,-6.48884,-4.32589,-2.16295,-2.16295,-2.16295
28.7202,-6.715,-10.398,-6.83356,-4.04169,-0.977749,-2.49449,-1.45817,-0.347095,2.50771,9.05784,3.41916,5.1828,-6.38243,-6.38243,-4.25495,-2.12748,-2.12748,-2.12748
28.7254,-6.62386,-10.3152,-6.7846,-4.00843,-0.889555,-2.4293,0.136756,-0.576384,2.28108,7.70429,3.90377,4.49165,-6.27134,-6.27134,-4.18089,-2.09045,-2.09045,-2.09045
28.7305,-6.5537,-10.2325,-6.7298,-3.96329,-0.823446,-2.3251,-1.00094,-0.461164,2.06187,8.57863,3.71827,4.36411,-6.16198,-6.16198,-4.10798,-2.05399,-2.05399,-2.05399
28.7353,-6.47667,-10.1615,-6.67845,-3.93351,-0.809188,-2.20675,-0.733872,-0.194092,2.08289,7.83212,4.66916,3.9488,-6.05869,-6.05869,-4.03913,-2.01956,-2.01956,-2.01956
28.7403,-6.41581,-10.0915,-6.62457,-3.88749,-0.830472,-2.04825,-0.32963,-0.0774695,2.02972,7.8541,4.45102,3.43258,-5.95073,-5.95073,-3.96715,-1.98358,-1.98358,-1.98358
28.7455,-6.3397,-10.0222,-6.56474,-3.87255,-0.833374,-1.89709,-1.15937,0.353585,1.91281,8.73562,4.36378,3.89182,-5.83807,-5.83807,-3.89204,-1.94602,-1.94602,-1.94602
28.7505,-6.25967,-9.94648,-6.5062,-3.86407,-0.819762,-1.8396,-0.720414,-0.736174,2.0598,8.32679,4.31099,4.78295,-5.72937,-5.72937,-3.81958,-1.90979,-1.90979,-1.90979
28.7553,-6.1822,-9.86849,-6.4538,-3.84025,-0.830821,-1.86114,-1.29396,-0.691139,1.86043,8.07661,4.69837,5.22001,-5.62468,-5.62468,-3.74979,-1.87489,-1.87489,-1.87489
28.7603,-6.07171,-9.78874,-6.39706,-3.80138,-0.800282,-1.96925,-1.99828,-0.583825,1.88573,7.52679,3.52755,6.41727,-5.5153,-5.5153,-3.67686,-1.83843,-1.83843,-1.83843
28.7652,-5.98183,-9.72089,-6.35073,-3.77386,-0.801336,-2.085,-0.813493,0.183327,2.47449,8.48455,5.25535,5.52859,-5.40777,-5.40777,-3.60518,-1.80259,-1.80259,-1.80259
28.7703,-5.88842,-9.65304,-6.30538,-3.75161,-0.88171,-2.17396,-2.20231,-0.42537,2.01718,7.78473,5.01921,6.01281,-5.29551,-5.29551,-3.53034,-1.76517,-1.76517,-1.76517
28.7753,-5.77535,-9.58437,-6.2567,-3.71583,-0.927266,-2.24283,-1.95022,-0.519996,1.8161,7.58233,4.60153,5.37157,-5.18512,-5.18512,-3.45675,-1.72837,-1.72837,-1.72837
28.7803,-5.68267,-9.51744,-6.2039,-3.69236,-0.89954,-2.28827,-1.58418,-0.224882,1.73394,8.07535,3.79459,5.71555,-5.07442,-5.07442,-3.38295,-1.69147,-1.69147,-1.69147
28.7853,-5.58107,-9.45966,-6.15828,-3.67287,-0.850385,-2.30348,-2.47532,0.247218,2.26184,7.69059,4.20471,4.98303,-4.9634,-4.9634,-3.30893,-1.65447,-1.65447,-1.65447
28.7902,-5.47831,-9.38944,-6.10667,-3.63876,-0.800667,-2.25763,-1.91462,-1.49698,1.21099,7.67906,3.8123,4.61546,-4.8543,-4.8543,-3.2362,-1.6181,-1.6181,-1.6181
28.7952,-5.37341,-9.31478,-6.04309,-3.61562,-0.789838,-2.15244,-2.70392,0.306244,1.60892,8.18005,4.95085,3.87445,-4.74268,-4.74268,-3.16179,-1.58089,-1.58089,-1.58089
28.8002,-5.2655,-9.25358,-5.98794,-3.57992,-0.809159,-2.02106,-2.05541,-0.215427,1.81019,7.50519,4.32567,3.96963,-4.63077,-4.63077,-3.08718,-1.54359,-1.54359,-1.54359
28.8053,-5.17716,-9.18427,-5.93333,-3.55576,-0.811619,-1.87459,-2.21319,-0.798731,1.38905,8.22052,4.52764,3.385,-4.51633,-4.51633,-3.01089,-1.50544,-1.50544,-1.50544
28.8102,-5.09533,-9.10873,-5.87075,-3.50999,-0.847213,-1.77204,-2.08308,-0.806519,1.19016,6.88382,5.18642,4.42466,-4.4061,-4.4061,-2.9374,-1.4687,-1.4687,-1.4687
28.8152,-5.02477,-9.02705,-5.80332,-3.45643,-0.847831,-1.73378,-1.75849,-0.935027,1.24249,7.43412,4.0062,4.4202,-4.29335,-4.29335,-2.86224,-1.43112,-1.43112,-1.43112
28.8202,-4.94521,-8.94187,-5.73286,-3.41198,-0.859823,-1.76471,-2.41522,-1.08744,0.979044,7.25569,5.53345,5.56657,-4.18034,-4.18034,-2.78689,-1.39345,-1.39345,-1.39345
28.8253,-4.84966,-8.83931,-5.65988,-3.35378,-0.912881,-1.834,-2.6135,-2.70018,0.939639,6.65413,4.79941,5.13889,-4.0648,-4.0648,-2.70987,-1.35493,-1.35493,-1.35493
28.8303,-4.74731,-8.72426,-5.58986,-3.30957,-0.991405,-1.90843,-2.8531,-2.36848,1.15028,7.72581,6.21057,5.75517,-3.95128,-3.95128,-2.63418,-1.31709,-1.31709,-1.31709
28.8353,-4.62447,-8.61614,-5.52775,-3.24654,-1.06749,-1.99056,-3.49483,-2.30495,1.38167,5.94909,4.78161,5.38605,-3.83751,-3.83751,-2.55834,-1.27917,-1.27917,-1.27917
28.8404,-4.51542,-8.51856,-5.46794,-3.19978,-1.0665,-2.0261,-2.56308,-1.90116,0.959293,7.89753,4.66005,5.01609,-3.72122,-3.72122,-2.48081,-1.24041,-1.24041,-1.24041
28.8453,-4.43645,-8.42786,-5.40391,-3.19992,-1.04274,-2.03152,-2.67503,-2.01311,0.884657,7.86021,4.62273,4.97877,-3.60927,-3.60927,-2.40618,-1.20309,-1.20309,-1.20309
28.8503,-4.35278,-8.34033,-5.33711,-3.17116,-0.990955,-2.01576,-2.97861,-1.53657,0.687131,6.59662,4.30306,4.64254,-3.49481,-3.49481,-2.32987,-1.16494,-1.16494,-1.16494
28.8553,-4.24103,-8.2522,-5.27074,-3.13372,-0.94042,-1.91256,-3.98373,-2.08465,0.892832,7.40295,4.57119,3.27123,-3.38013,-3.38013,-2.25342,-1.12671,-1.12671,-1.12671
28.8604,-4.10379,-8.15067,-5.20058,-3.09325,-0.87549,-1.76638,-3.98271,-2.69827,0.44269,6.42825,3.92769,3.74553,-3.26295,-3.26295,-2.1753,-1.08765,-1.08765,-1.08765
28.8653,-3.98764,-8.04538,-5.13089,-3.04451,-0.832073,-1.62416,-3.70543,-2.67315,0.806401,6.98682,4.94994,3.03726,-3.15017,-3.15017,-2.10011,-1.05006,-1.05006,-1.05006
28.8705,-3.87064,-7.93599,-5.06313,-3.00994,-0.843548,-1.44913,-3.82533,-2.79305,0.726472,6.94685,4.90997,2.99729,-3.03027,-3.03027,-2.02018,-1.01009,-1.01009,-1.01009
28.8752,-3.78682,-7.8458,-5.00685,-2.98389,-0.831396,-1.31184,-3.01585,-2.10177,0.932082,6.90239,4.51775,3.14327,-2.92173,-2.92173,-1.94782,-0.973911,-0.973911,-0.973911
28.8804,-3.71456,-7.75237,-4.94492,-2.94614,-0.80093,-1.18619,-3.13612,-2.22204,0.851901,6.8623,4.47766,3.10318,-2.80146,-2.80146,-1.86764,-0.93382,-0.93382,-0.93382
28.8852,-3.62579,-7.66539,-4.88786,-2.8975,-0.751527,-1.14011,-4.18108,-2.39626,0.788227,6.25392,4.05144,4.25016,-2.69028,-2.69028,-1.79352,-0.896758,-0.896758,-0.896758
28.8903,-3.54395,-7.5734,-4.82773,-2.86467,-0.713713,-1.18232,-2.81401,-2.02995,0.918359,7.7794,4.69924,4.68268,-2.57197,-2.57197,-1.71465,-0.857324,-0.857324,-0.857324
28.8953,-3.49671,-7.48122,-4.76512,-2.86498,-0.705176,-1.24034,-2.93015,-2.14609,0.84093,7.74069,4.66053,4.64397,-2.45583,-2.45583,-1.63722,-0.81861,-0.81861,-0.81861
28.9003,-3.45219,-7.3831,-4.68623,-2.84157,-0.589828,-1.25799,-2.86126,-2.55,-0.35057,6.83253,2.62629,4.00077,-2.33954,-2.33954,-1.55969,-0.779845,-0.779845,-0.779845
28.9053,-3.40991,-7.2751,-4.60089,-2.78389,-0.354616,-1.20929,-2.8595,-3.65144,-0.0937958,6.27207,2.04927,3.38235,-2.2231,-2.2231,-1.48206,-0.741032,-0.741032,-0.741032
28.9102,-3.32668,-7.16907,-4.53908,-2.72073,-0.145242,-1.12934,-4.34881,-2.73735,1.28259,6.49895,2.68187,3.27803,-2.10885,-2.10885,-1.4059,-0.702951,-0.702951,-0.702951
28.9153,-3.20863,-7.07587,-4.48155,-2.67391,0.00148101,-1.05801,-3.93201,-2.42693,0.103893,6.85671,2.79951,3.45363,-1.98981,-1.98981,-1.32654,-0.663271,-0.663271,-0.663271
28.9204,-3.10623,-6.99286,-4.41112,-2.66658,0.0874199,-0.977878,-3.89357,-2.08905,0.0265384,7.69467,3.40563,3.04959,-1.87065,-1.87065,-1.2471,-0.623549,-0.623549,-0.623549
28.9254,-2.98506,-6.89262,-4.32781,-2.6297,0.166792,-0.855282,-4.70002,-3.43134,-0.469426,5.92517,3.00233,2.39789,-1.7537,-1.7537,-1.16913,-0.584567,-0.584567,-0.584567
28.9303,-2.86912,-6.79716,-4.25333,-2.57519,0.22558,-0.666802,-3.94399,-2.53347,0.0518391,6.24297,3.36981,1.53993,-1.63899,-1.63899,-1.09266,-0.54633,-0.54633,-0.54633
28.9353,-2.78775,-6.7301,-4.18874,-2.48495,0.225137,-0.451461,-3.41893,-0.621525,0.260067,4.6804,4.10908,1.6168,-1.52183,-1.52183,-1.01456,-0.507278,-0.507278,-0.507278
28.9402,-2.68533,-6.67387,-4.12008,-2.40324,0.237513,-0.30532,-4.76311,-1.16589,-0.125855,6.2567,3.16826,2.38166,-1.40693,-1.40693,-0.937955,-0.468978,-0.468978,-0.468978
28.9455,-2.39777,-6.5956,-4.03654,-2.36852,0.210975,-0.262128,-10.1828,-2.16888,-0.482561,6.42224,4.84076,3.35864,-1.28256,-1.28256,-0.855039,-0.427519,-0.427519,-0.427519
28.9502,-2.02995,-6.51599,-3.95892,-2.34615,0.115028,-0.275552,-10.2932,-2.27925,-0.556141,6.38545,4.80397,3.32185,-1.17219,-1.17219,-0.781459,-0.39073,-0.39073,-0.39073
28.9552,-1.77417,-6.42899,-3.88775,-2.31181,0.108793,-0.329988,-5.71816,-2.62526,0.145106,5.80809,3.14193,4.13553,-1.0547,-1.0547,-0.703136,-0.351568,-0.351568,-0.351568
28.9604,-1.66022,-6.34224,-3.8236,-2.25578,0.239002,-0.387361,-5.52521,-2.05407,0.117944,5.61002,2.50502,3.4655,-0.932451,-0.932451,-0.621634,-0.310817,-0.310817,-0.310817
28.9652,-1.56724,-6.26339,-3.76335,-2.18153,0.40367,-0.425039,-5.76419,-2.69099,-0.0639151,5.18322,2.11962,3.89154,-0.819547,-0.819547,-0.546365,-0.273182,-0.273182,-0.273182
28.9702,-1.49621,-6.17441,-3.69901,-2.12837,0.573478,-0.432621,-5.05445,-3.05293,-0.202964,5.89748,2.1632,2.9498,-0.70189,-0.70189,-0.467926,-0.233963,-0.233963,-0.233963
28.9753,-1.43814,-6.08457,-3.63746,-2.09678,0.699955,-0.408925,-5.40697,-3.13753,-0.0907206,5.97338,2.62826,3.33206,-0.581834,-0.581834,-0.387889,-0.193945,-0.193945,-0.193945
28.9801,-1.37622,-6.0038,-3.57746,-2.06782,0.778038,-0.397589,-5.46877,-2.87625,-0.525552,5.88603,2.62371,3.19503,-0.468806,-0.468806,-0.312538,-0.156269,-0.156269,-0.156269
28.9854,-1.25519,-5.91756,-3.49965,-2.01222,0.791457,-0.356528,-7.35873,-2.76469,-0.880474,4.8591,3.84894,2.75598,-0.343974,-0.343974,-0.229316,-0.114658,-0.114658,-0.114658
28.9902,-1.13266,-5.82564,-3.42874,-1.95714,0.73059,-0.248462,-6.07704,-4.12674,-0.544128,5.50865,4.10933,1.82405,-0.230898,-0.230898,-0.153932,-0.076966,-0.076966,-0.076966
28.9952,-1.03311,-5.72566,-3.36616,-1.9102,0.71594,-0.106282,-6.5652,-3.63778,-0.290352,5.27894,2.86946,1.95038,-0.113096,-0.113096,-0.0753975,-0.0376988,-0.0376988,-0.0376988
29.0003,-0.904847,-5.64084,-3.30095,-1.85484,0.723841,0.03568,-7.15029,-2.83599,-0.901322,5.13952,3.6988,1.753,0.00706858,0.00706858,0.00471239,0.00235619,0.00235619,0.00235619
29.0052,-0.790544,-5.56267,-3.22826,-1.80663,0.832634,0.149793,-6.395,-2.82536,-0.783921,5.38256,1.23428,2.02916,0.122521,0.122521,0.0816805,0.0408403,0.0408403,0.0408403
29.0102,-0.663692,-5.46813,-3.14961,-1.74248,0.989168,0.169376,-7.63964,-4.17638,-1.2491,4.82993,2.61917,3.38921,0.240322,0.240322,0.160214,0.0801072,0.0801072,0.0801072
29.0152,-0.525188,-5.3647,-3.0773,-1.69429,1.0383,0.118444,-7.13097,-3.84107,-0.416388,5.70975,3.11811,3.20091,0.358108,0.358108,0.238738,0.119369,0.119369,0.119369
29.0202,-0.417408,-5.26887,-3.01129,-1.67081,1.0397,0.0578605,-6.80745,-3.61999,-0.910808,5.68706,3.33554,3.57566,0.475871,0.475871,0.317248,0.158624,0.158624,0.158624
29.0252,-0.317185,-5.17477,-2.93347,-1.6162,1.0699,-0.016677,-6.90549,-3.72985,-1.4282,4.77013,2.43517,3.55297,0.593606,0.593606,0.395737,0.197869,0.197869,0.197869
29.0302,-0.196838,-5.06424,-2.85087,-1.54204,1.10763,-0.0714943,-7.81118,-5.34868,-1.36036,4.91306,3.14114,3.33158,0.711304,0.711304,0.474203,0.237101,0.237101,0.237101
29.0352,-0.0749759,-4.94164,-2.76838,-1.49475,1.07699,-0.0500242,-7.1369,-4.635,-1.28205,5.4286,3.97132,2.23252,0.828958,0.828958,0.552639,0.276319,0.276319,0.276319
29.0405,0.0289558,-4.82013,-2.68428,-1.44953,1.02231,-0.0148032,-7.09608,-4.75966,-1.30245,4.69981,3.53233,3.13489,0.953615,0.953615,0.635743,0.317872,0.317872,0.317872
29.0452,0.11676,-4.71661,-2.61381,-1.39702,0.991727,-0.0249894,-7.20657,-4.87015,-1.37611,4.66298,3.4955,3.09806,1.06411,1.06411,0.709404,0.354702,0.354702,0.354702
29.0505,0.212709,-4.60553,-2.54116,-1.31641,0.976217,0.0420263,-7.25623,-4.71493,-1.14563,3.70239,3.21387,1.64067,1.18863,1.18863,0.79242,0.39621,0.39621,0.39621
29.0552,0.294658,-4.49846,-2.47383,-1.27305,1.0265,0.143108,-7.32325,-5.66451,-1.53688,5.51204,2.43188,2.18348,1.29899,1.29899,0.865993,0.432997,0.432997,0.432997
29.0603,0.411015,-4.38406,-2.39961,-1.28463,1.13458,0.259054,-8.44368,-4.6928,-1.33869,6.20907,2.11875,1.37355,1.41866,1.41866,0.945775,0.472887,0.472887,0.472887
29.0652,0.51491,-4.288,-2.3275,-1.28353,1.17237,0.406399,-7.05743,-4.31913,-1.65982,5.35934,3.70334,1.3187,1.53355,1.53355,1.02237,0.511185,0.511185,0.511185
29.0703,0.592236,-4.18926,-2.24847,-1.2011,1.1451,0.528149,-7.49212,-4.7026,-1.69559,3.17499,3.29091,1.75083,1.65304,1.65304,1.10203,0.551013,0.551013,0.551013
29.0754,0.709163,-4.09445,-2.17038,-1.11883,1.11264,0.58652,-8.71864,-4.2822,-1.86086,4.97335,3.68167,2.17471,1.77242,1.77242,1.18161,0.590807,0.590807,0.590807
29.0803,0.823709,-3.99082,-2.09095,-1.0906,1.12764,0.563838,-7.80489,-5.61425,-1.86411,5.06764,2.54224,3.16324,1.88701,1.88701,1.25801,0.629004,0.629004,0.629004
29.0852,0.932323,-3.87347,-2.00957,-1.06189,1.08546,0.487838,-8.72313,-5.90997,-2.21631,4.80592,4.78936,3.10852,2.00149,2.00149,1.33433,0.667163,0.667163,0.667163
29.0902,1.06551,-3.75124,-1.9243,-1.02054,0.972432,0.397718,-8.828,-5.60902,-1.89909,4.46066,4.18742,3.5333,2.11818,2.11818,1.41212,0.706061,0.706061,0.706061
29.0954,1.21392,-3.62704,-1.84742,-0.966468,0.912296,0.329431,-9.26443,-5.99817,-1.61416,4.32917,3.74129,2.74769,2.23941,2.23941,1.49294,0.746469,0.746469,0.746469
29.1003,1.33143,-3.50613,-1.77729,-0.932965,0.893883,0.297499,-8.23592,-6.15166,-1.80099,5.02806,3.66186,3.08226,2.3535,2.3535,1.569,0.784499,0.784499,0.784499
29.1053,1.44104,-3.38715,-1.70328,-0.893363,0.934058,0.289549,-9.11656,-5.74392,-1.92658,4.16958,2.80338,2.35626,2.46978,2.46978,1.64652,0.823258,0.823258,0.823258
29.1103,1.56923,-3.26952,-1.62579,-0.832899,1.02257,0.319986,-9.21692,-6.04522,-2.07714,3.81623,2.72327,2.42519,2.5859,2.5859,1.72393,0.861967,0.861967,0.861967
29.1152,1.68439,-3.15446,-1.55066,-0.781141,1.04447,0.400314,-8.90111,-5.99733,-2.06513,4.39935,3.89427,1.34403,2.69955,2.69955,1.7997,0.899849,0.899849,0.899849
29.1202,1.78183,-3.04551,-1.48042,-0.737949,1.01314,0.51473,-8.71353,-5.66003,-1.856,4.21999,3.66523,1.66147,2.81535,2.81535,1.8769,0.938449,0.938449,0.938449
29.1254,1.89031,-2.92117,-1.40368,-0.690373,0.996519,0.630103,-9.34992,-6.83226,-2.22459,4.08055,3.70795,1.37299,2.9356,2.9356,1.95707,0.978533,0.978533,0.978533
29.1302,1.99668,-2.80333,-1.33413,-0.657671,0.994867,0.736795,-9.40164,-6.47816,-2.04976,4.64805,3.43089,1.35261,3.04642,3.04642,2.03095,1.01547,1.01547,1.01547
29.1354,2.12302,-2.67362,-1.24909,-0.607814,1.00899,0.767403,-9.71851,-6.57439,-2.67725,3.41577,3.58965,2.76165,3.16629,3.16629,2.11086,1.05543,1.05543,1.05543
29.1403,2.22729,-2.5476,-1.16492,-0.543137,0.980085,0.750155,-9.05509,-7.08509,-2.52461,3.8667,4.34694,2.06994,3.27905,3.27905,2.18603,1.09302,1.09302,1.09302
29.1453,2.34366,-2.42208,-1.08534,-0.482551,1.04023,0.711111,-10.281,-6.3686,-2.23961,3.6297,1.9737,3.1329,3.3939,3.3939,2.2626,1.1313,1.1313,1.1313
29.1502,2.51766,-2.3053,-1.00931,-0.435921,1.16289,0.664035,-11.8985,-6.74888,-2.59458,4.08905,2.98781,2.35853,3.50626,3.50626,2.33751,1.16875,1.16875,1.16875
29.1553,2.74182,-2.18774,-0.933971,-0.401836,1.19793,0.655385,-12.3698,-6.58587,-2.33381,4.05014,3.50366,2.44382,3.62299,3.62299,2.41532,1.20766,1.20766,1.20766
29.1603,2.884,-2.07997,-0.860775,-0.345466,1.22112,0.704133,-9.54081,-6.49125,-2.86766,2.99363,3.01847,1.42871,3.73719,3.73719,2.49146,1.24573,1.24573,1.24573
29.1654,2.96765,-1.97194,-0.783616,-0.27574,1.26738,0.796398,-10.2717,-6.30019,-2.48537,3.50136,3.195,1.51416,3.85345,3.85345,2.56897,1.28448,1.28448,1.28448
29.1704,3.03516,-1.86455,-0.715518,-0.206336,1.31883,0.926216,-9.40833,-7.05615,-2.54238,2.83416,2.84244,0.606845,3.96719,3.96719,2.64479,1.3224,1.3224,1.3224
29.1754,3.10597,-1.74502,-0.646611,-0.143519,1.34745,1.11342,-10.4004,-7.50454,-2.56161,3.61605,3.47529,0.105334,4.08068,4.08068,2.72045,1.36023,1.36023,1.36023
29.1805,3.19602,-1.61257,-0.57377,-0.0959074,1.38655,1.30369,-10.0392,-7.754,-2.55501,3.42851,2.65847,0.331794,4.19618,4.19618,2.79745,1.39873,1.39873,1.39873
29.1852,3.26862,-1.48675,-0.499738,-0.0639294,1.45643,1.41052,-10.1651,-7.89172,-3.12533,3.84023,2.77211,1.25687,4.30238,4.30238,2.86826,1.43413,1.43413,1.43413
29.1903,3.36046,-1.35296,-0.407768,-0.0293669,1.52464,1.46789,-10.6189,-7.30932,-3.3232,3.42931,2.94079,1.05295,4.41736,4.41736,2.94491,1.47245,1.47245,1.47245
29.1953,3.46284,-1.23,-0.31671,0.0141919,1.57483,1.52103,-10.7314,-7.42177,-3.39816,3.39182,2.9033,1.01546,4.52981,4.52981,3.01987,1.50994,1.50994,1.50994
29.2004,3.58496,-1.11241,-0.2261,0.0835281,1.63472,1.54917,-11.5392,-6.8388,-3.40337,2.36009,2.68301,1.36649,4.64422,4.64422,3.09614,1.54807,1.54807,1.54807
29.2057,3.73596,-0.994947,-0.130879,0.181508,1.69989,1.55892,-11.6578,-6.95738,-3.48243,2.32056,2.64348,1.32696,4.7628,4.7628,3.1752,1.5876,1.5876,1.5876
29.2103,3.84379,-0.890319,-0.0507286,0.232784,1.75983,1.53715,-10.807,-7.25309,-3.35022,3.6277,2.49334,1.99654,4.86545,4.86545,3.24363,1.62182,1.62182,1.62182
29.2152,3.94875,-0.769359,0.0271999,0.263217,1.79778,1.52756,-11.3652,-8.12257,-3.05091,3.15251,3.06143,1.17359,4.97451,4.97451,3.31634,1.65817,1.65817,1.65817
29.2203,4.04284,-0.649015,0.104282,0.287682,1.78845,1.55143,-10.4934,-7.20744,-3.3521,3.70265,3.39629,1.29317,5.08772,5.08772,3.39181,1.69591,1.69591,1.69591
29.2253,4.1384,-0.543711,0.177162,0.300756,1.7934,1.57817,-11.727,-7.03837,-2.95563,3.42564,2.77152,1.2066,5.19839,5.19839,3.46559,1.7328,1.7328,1.7328
29.2304,4.26938,-0.433399,0.254869,0.32715,1.85176,1.69233,-11.8159,-7.56068,-3.64513,3.11489,2.48561,-0.370993,5.31094,5.31094,3.54063,1.77031,1.77031,1.77031
29.2353,4.39533,-0.324983,0.338982,0.360734,1.90656,1.88286,-11.904,-7.38087,-3.78597,3.07895,2.77259,-0.605651,5.41875,5.41875,3.6125,1.80625,1.80625,1.80625
29.2404,4.51361,-0.197095,0.422074,0.431063,1.93039,2.07327,-11.6179,-8.93085,-3.31298,1.75826,3.05822,-0.510463,5.53063,5.53063,3.68709,1.84354,1.84354,1.84354
29.2452,4.64423,-0.0699022,0.495701,0.515742,1.94353,2.16543,-12.901,-8.23206,-3.52299,2.24491,2.91559,0.729666,5.6356,5.6356,3.75707,1.87853,1.87853,1.87853
29.2505,4.7825,0.0571382,0.580221,0.585851,1.97308,2.12832,-11.8463,-7.80781,-3.63972,2.4962,2.8688,1.71788,5.75113,5.75113,3.83409,1.91704,1.91704,1.91704
29.2553,4.858,0.168163,0.655465,0.645176,2.03968,2.05483,-11.1193,-8.10516,-3.59221,2.28755,2.15507,1.53407,5.85542,5.85542,3.90362,1.95181,1.95181,1.95181
29.2605,4.93859,0.274575,0.733415,0.693625,2.0871,1.97879,-11.9765,-7.15003,-3.79059,2.9207,2.97038,1.70354,5.96803,5.96803,3.97869,1.98934,1.98934,1.98934
29.2653,5.03858,0.36602,0.809889,0.717059,2.09026,1.91342,-12.0801,-7.25362,-3.85965,2.88617,2.93585,1.66901,6.07162,6.07162,4.04775,2.02387,2.02387,2.02387
29.2702,5.15667,0.470845,0.888507,0.742802,2.16718,1.89077,-12.7804,-8.24945,-3.8693,2.68544,1.53452,0.988037,6.17701,6.17701,4.11801,2.059,2.059,2.059
29.2752,5.28182,0.59699,0.973177,0.771927,2.23242,1.89189,-12.4818,-8.98308,-4.14138,2.79875,3.13823,1.30835,6.28418,6.28418,4.18945,2.09473,2.09473,2.09473
29.2802,5.40058,0.727508,1.06374,0.796037,2.18958,1.9445,-12.9865,-8.74707,-4.40903,2.75488,3.73192,0.00592235,6.39095,6.39095,4.26064,2.13032,2.13032,2.13032
29.2852,5.521,0.856655,1.1486,0.826722,2.15239,2.0924,-12.9471,-9.22776,-3.96163,2.4793,2.95126,-0.675379,6.49734,6.49734,4.33156,2.16578,2.16578,2.16578
29.2902,5.60827,0.992281,1.22838,0.875035,2.16061,2.24282,-11.9341,-9.5465,-4.1326,2.09621,3.05669,-0.164226,6.60332,6.60332,4.40221,2.20111,2.20111,2.20111
29.2953,5.70759,1.14503,1.31149,0.939849,2.16518,2.3402,-13.3578,-10.4579,-4.02674,1.86988,3.16156,0.114519,6.711,6.711,4.474,2.237,2.237,2.237
29.3006,5.82545,1.30816,1.39233,1.00768,2.10869,2.35324,-12.5906,-10.4827,-4.03416,1.98177,3.91929,1.12893,6.82245,6.82245,4.5483,2.27415,2.27415,2.27415
29.3052,5.92129,1.4373,1.46426,1.05632,2.05699,2.28157,-13.211,-9.27098,-4.27813,2.13181,3.28273,1.83373,6.9188,6.9188,4.61253,2.30627,2.30627,2.30627
29.3102,6.03637,1.5651,1.54267,1.11159,2.05243,2.18862,-13.3902,-9.68655,-4.26198,1.7824,3.08236,1.36012,7.02311,7.02311,4.68207,2.34104,2.34104,2.34104
29.3152,6.1431,1.68691,1.62265,1.16626,2.03737,2.14022,-13.0409,-9.00243,-4.57786,1.96306,3.53626,1.20958,7.12699,7.12699,4.75133,2.37566,2.37566,2.37566
29.3202,6.23932,1.80193,1.70677,1.21247,2.00995,2.10626,-13.1444,-9.10587,-4.64682,1.92858,3.50178,1.1751,7.23043,7.23043,4.82029,2.41014,2.41014,2.41014
29.3255,6.34136,1.92291,1.78837,1.25194,2.06941,2.08063,-13.2929,-8.99046,-4.11767,2.19027,2.06607,1.07247,7.3396,7.3396,4.89306,2.44653,2.44653,2.44653
29.3303,6.44008,2.02924,1.85471,1.27925,2.1844,2.06991,-13.3914,-9.08888,-4.18329,2.15746,2.03326,1.03966,7.43802,7.43802,4.95868,2.47934,2.47934,2.47934
29.3352,6.56616,2.13485,1.92697,1.31141,2.23931,2.10248,-14.4764,-8.92888,-4.65544,1.96679,3.11771,0.252834,7.53806,7.53806,5.02537,2.51269,2.51269,2.51269
29.3403,6.69067,2.23771,2.00138,1.34165,2.26059,2.19445,-13.6069,-8.85916,-4.41104,2.12269,2.60293,-0.129475,7.6417,7.6417,5.09447,2.54723,2.54723,2.54723
29.3453,6.80208,2.34645,2.07765,1.36319,2.34894,2.30861,-14.1729,-9.40552,-4.76689,2.18833,1.79917,-0.262548,7.74284,7.74284,5.1619,2.58095,2.58095,2.58095
29.3503,6.91237,2.45688,2.16069,1.38156,2.44678,2.40016,-13.9269,-9.30524,-5.12032,2.17962,2.30382,0.134458,7.8435,7.8435,5.229,2.6145,2.6145,2.6145
29.3553,7.01744,2.57931,2.24697,1.40337,2.49629,2.47365,-14.1531,-10.2959,-4.89869,2.04687,2.73411,-0.197014,7.94368,7.94368,5.29579,2.64789,2.64789,2.64789
29.3604,7.10675,2.7105,2.33139,1.4269,2.51758,2.47648,-13.4707,-10.1848,-5.04171,2.07921,2.71677,1.35885,8.04536,8.04536,5.36357,2.68179,2.68179,2.68179
29.3654,7.20812,2.83881,2.41794,1.45346,2.59625,2.37727,-14.8189,-9.96088,-5.03886,1.90539,1.81431,1.66527,8.14454,8.14454,5.42969,2.71485,2.71485,2.71485
29.3702,7.30772,2.9525,2.49409,1.48069,2.67329,2.25599,-13.8735,-9.80346,-4.86585,1.93177,2.40373,2.01457,8.23928,8.23928,5.49285,2.74643,2.74643,2.74643
29.3755,7.42005,3.06272,2.57408,1.51175,2.68092,2.16412,-15.0019,-8.84767,-4.95404,1.83912,3.06456,1.05252,8.34335,8.34335,5.56223,2.78112,2.78112,2.78112
29.3803,7.52471,3.15437,2.6468,1.54229,2.6966,2.16781,-14.2565,-9.29208,-5.09805,1.70023,2.11423,0.416835,8.4371,8.4371,5.62473,2.81237,2.81237,2.81237
29.3854,7.61301,3.261,2.72445,1.58088,2.81624,2.19236,-14.3201,-9.59998,-4.95093,1.49333,1.30289,0.847487,8.53618,8.53618,5.69079,2.84539,2.84539,2.84539
29.3903,7.69999,3.36652,2.79696,1.62042,2.96118,2.20027,-14.4148,-9.69466,-5.01405,1.46177,1.27133,0.815926,8.63086,8.63086,5.75391,2.87695,2.87695,2.87695
29.3953,7.78979,3.47408,2.87058,1.65825,3.09581,2.21275,-14.5109,-9.79075,-5.07811,1.42974,1.2393,0.783897,8.72695,8.72695,5.81797,2.90898,2.90898,2.90898
29.4006,7.87902,3.59821,2.95095,1.69467,3.19237,2.27165,-14.4112,-10.6603,-5.28146,1.4291,1.91762,-0.0364574,8.82821,8.82821,5.88547,2.94274,2.94274,2.94274
29.4052,7.95499,3.71098,3.02134,1.71969,3.22895,2.35631,-14.4986,-10.7477,-5.33973,1.39997,1.88849,-0.0655887,8.91561,8.91561,5.94374,2.97187,2.97187,2.97187
29.4102,8.03847,3.83172,3.09663,1.74157,3.26147,2.44248,-14.5931,-10.8422,-5.4027,1.36848,1.857,-0.0970771,9.01007,9.01007,6.00671,3.00336,3.00336,3.00336
29.4152,8.10035,3.93886,3.17122,1.75811,3.22995,2.46663,-13.8083,-9.64376,-5.45486,1.29578,3.08426,0.98114,9.10398,9.10398,6.06932,3.03466,3.03466,3.03466
29.4203,8.16971,4.04322,3.24807,1.77278,3.25155,2.46349,-14.5418,-10.3142,-5.43682,1.20608,0.932843,0.245603,9.19919,9.19919,6.13279,3.0664,3.0664,3.0664
29.4254,8.25352,4.15676,3.32249,1.77989,3.35215,2.45726,-14.27,-10.5822,-5.33479,1.26562,1.48918,1.00066,9.29381,9.29381,6.19587,3.09794,3.09794,3.09794
29.4303,8.33933,4.28688,3.39653,1.78326,3.35957,2.42097,-14.6441,-12.0279,-5.39293,1.14443,2.97431,0.813228,9.38416,9.38416,6.2561,3.12805,3.12805,3.12805
29.4352,8.412,4.42461,3.47319,1.78403,3.27938,2.41722,-13.737,-11.3454,-5.55311,1.13934,3.25074,0.418978,9.47395,9.47395,6.31596,3.15798,3.15798,3.15798
29.4403,8.56988,4.55143,3.5499,1.80424,3.19128,2.46723,-17.8881,-10.8985,-5.45618,0.189305,3.01278,-0.150175,9.56681,9.56681,6.37787,3.18894,3.18894,3.18894
29.4455,8.8424,4.67744,3.6285,1.84228,3.12815,2.54867,-17.9821,-10.9926,-5.51888,0.157956,2.98144,-0.181524,9.66085,9.66085,6.44057,3.22028,3.22028,3.22028
29.4503,9.11576,4.79525,3.69912,1.89406,3.1197,2.63433,-19.2346,-11.201,-5.39872,-0.922352,2.18265,-0.483512,9.74709,9.74709,6.49806,3.24903,3.24903,3.24903
29.4553,9.31102,4.89864,3.77365,1.98744,3.09059,2.78392,-15.4863,-9.50144,-5.87413,-1.96226,3.34522,-1.56482,9.83634,9.83634,6.55756,3.27878,3.27878,3.27878
29.4602,9.38535,4.99148,3.84833,2.09531,3.0469,2.9232,-15.4235,-10.7033,-5.75857,-2.29758,2.56278,-0.575337,9.92321,9.92321,6.61547,3.30774,3.30774,3.30774
29.4651,9.45188,5.11449,3.92977,2.20318,3.094,3.0457,-15.6082,-12.1962,-6.23828,-2.80658,1.89646,-1.36586,10.0095,10.0095,6.673,3.3365,3.3365,3.3365
29.4702,9.49493,5.24147,4.01587,2.31079,3.18591,3.12087,-14.7321,-10.8276,-6.02185,-3.13438,1.83362,0.0782558,10.0987,10.0987,6.73245,3.36622,3.36622,3.36622
29.4752,9.54446,5.34994,4.09651,2.39087,3.20952,3.08362,-16.0049,-11.1271,-6.27199,-3.01428,2.90592,0.678603,10.1855,10.1855,6.79031,3.39516,3.39516,3.39516
29.4803,9.6388,5.45736,4.18196,2.44201,3.16039,3.03825,-16.6562,-10.6831,-6.39329,-3.20917,3.19955,0.152507,10.2734,10.2734,6.84891,3.42445,3.42445,3.42445
29.4852,9.72685,5.54874,4.26194,2.47285,3.1384,3.02106,-15.9638,-10.3217,-6.39274,-3.45239,2.25253,0.199087,10.3572,10.3572,6.90479,3.45239,3.45239,3.45239
29.4902,9.80993,5.63874,4.33949,2.48816,3.11796,3.03795,-16.5688,-10.6942,-6.32811,-3.54693,3.11847,-0.408812,10.4421,10.4421,6.96138,3.48069,3.48069,3.48069
29.4953,9.89955,5.73289,4.41318,2.47951,3.00776,3.08942,-16.308,-10.6856,-6.10743,-3.28578,4.0503,-0.569936,10.528,10.528,7.01867,3.50934,3.50934,3.50934
29.5003,9.99212,5.83757,4.48435,2.45528,2.91971,3.15055,-16.9038,-11.7187,-6.17988,-3.42128,3.02884,-0.58952,10.6116,10.6116,7.0744,3.5372,3.5372,3.5372
29.5053,10.0768,5.94723,4.55699,2.43253,2.90779,3.31825,-16.1002,-11.1122,-6.21636,-3.58141,2.95979,-2.82793,10.6945,10.6945,7.12969,3.56485,3.56485,3.56485
29.5105,10.1668,6.06702,4.63225,2.40803,2.91042,3.53893,-17.2259,-12.2103,-6.13964,-3.63476,3.07204,-1.68068,10.7801,10.7801,7.18673,3.59336,3.59336,3.59336
29.5152,10.2566,6.17243,4.69921,2.39583,2.87593,3.63997,-16.5028,-10.8568,-6.20332,-4.09089,3.75855,-1.03557,10.8568,10.8568,7.23787,3.61893,3.61893,3.61893
29.5203,10.3334,6.27065,4.77135,2.39474,2.80657,3.69417,-16.5854,-10.9394,-6.25836,-4.11842,3.73102,-1.0631,10.9394,10.9394,7.29291,3.64646,3.64646,3.64646
29.5253,10.4234,6.37696,4.84096,2.40241,2.77221,3.68317,-17.2606,-12.044,-6.24499,-4.38529,3.19919,-0.00517153,11.0196,11.0196,7.34642,3.67321,3.67321,3.67321
29.5304,10.4924,6.48561,4.91036,2.42092,2.78996,3.61949,-16.0652,-11.2229,-6.31583,-4.54483,2.73329,-0.0405091,11.1008,11.1008,7.40054,3.70027,3.70027,3.70027
29.5353,10.5499,6.57272,4.97708,2.44632,2.85645,3.57905,-16.9187,-10.8038,-6.54711,-4.7362,2.04512,-0.463722,11.1781,11.1781,7.45208,3.72604,3.72604,3.72604
29.5403,10.6299,6.67343,5.04777,2.48235,2.92601,3.5815,-16.9536,-12.1547,-6.41534,-5.01895,2.85533,-0.763033,11.2563,11.2563,7.50423,3.75211,3.75211,3.75211
29.5453,10.7081,6.78515,5.115,2.5209,2.94723,3.60326,-17.0311,-12.2322,-6.46702,-5.04479,2.82949,-0.788873,11.3339,11.3339,7.55591,3.77795,3.77795,3.77795
29.5503,10.7889,6.89389,5.18088,2.54748,2.91635,3.60704,-17.2695,-12.0844,-6.47016,-4.63984,3.7892,-0.40876,11.4107,11.4107,7.60712,3.80356,3.80356,3.80356
29.5553,10.8667,7.00191,5.25219,2.54402,2.90648,3.68714,-16.8846,-11.9044,-6.74035,-3.92829,2.67087,-2.27229,11.4868,11.4868,7.65786,3.82893,3.82893,3.82893
29.5602,10.9474,7.1006,5.32551,2.5253,2.91923,3.87273,-17.5377,-11.5843,-6.89203,-4.07713,3.35003,-2.65297,11.5607,11.5607,7.70713,3.85357,3.85357,3.85357
29.5652,11.0432,7.19715,5.40148,2.51047,2.90104,4.07496,-17.6124,-11.6591,-6.94184,-4.10203,3.32513,-2.67787,11.6354,11.6354,7.75694,3.87847,3.87847,3.87847
29.5703,11.1351,7.29666,5.47479,2.48948,2.89436,4.26471,-17.5184,-11.8015,-6.67865,-3.77942,3.15094,-2.65334,11.7109,11.7109,7.80725,3.90362,3.90362,3.90362
29.5753,11.2288,7.39081,5.54644,2.45208,2.92105,4.37687,-17.9384,-11.6108,-7.12459,-3.47264,2.58832,-1.73384,11.7841,11.7841,7.85609,3.92804,3.92804,3.92804
29.5802,11.3046,7.48703,5.61576,2.42967,3.01693,4.34986,-17.0284,-12.2532,-6.65993,-4.31606,1.86082,-0.283698,11.8552,11.8552,7.90348,3.95174,3.95174,3.95174
29.5853,11.358,7.59743,5.68467,2.44321,3.10479,4.21997,-17.2041,-12.6101,-6.91357,-4.79587,2.68925,0.180409,11.9285,11.9285,7.9523,3.97615,3.97615,3.97615
29.5902,11.4415,7.70144,5.75154,2.46945,3.11282,4.09496,-18.3927,-12.2266,-6.84923,-4.77769,3.20423,-0.157446,11.9981,11.9981,7.99873,3.99937,3.99937,3.99937
29.5953,11.5449,7.80781,5.8212,2.51487,3.10977,3.99525,-17.9365,-12.5742,-7.01619,-5.464,2.83256,-0.173078,12.0698,12.0698,8.04656,4.02328,4.02328,4.02328
29.6003,11.6544,7.92127,5.89321,2.57488,3.12288,3.96905,-19.0935,-13.0771,-7.12736,-5.43751,2.98325,-1.24783,12.1394,12.1394,8.09294,4.04647,4.04647,4.04647
29.6052,11.759,8.03158,5.9655,2.61684,3.1435,4.06009,-18.1326,-12.6757,-7.29564,-4.839,2.77032,-2.44608,12.2069,12.2069,8.13791,4.06896,4.06896,4.06896
29.6102,11.8409,8.13775,6.03996,2.64036,3.17678,4.21372,-18.2007,-12.7438,-7.34103,-4.86169,2.74763,-2.46877,12.275,12.275,8.1833,4.09165,4.09165,4.09165
29.6153,11.9109,8.23899,6.11375,2.65527,3.23498,4.3153,-17.7296,-12.1427,-7.23633,-4.55338,2.27762,-1.57258,12.3436,12.3436,8.22908,4.11454,4.11454,4.11454
29.6202,11.9677,8.32717,6.17932,2.66503,3.265,4.34814,-18.1849,-12.2394,-7.18368,-4.83181,3.15839,-1.35421,12.4089,12.4089,8.27257,4.13629,4.13629,4.13629
29.6252,12.0372,8.41749,6.24525,2.67837,3.25438,4.36127,-18.2507,-12.3052,-7.22755,-4.85374,3.13646,-1.37614,12.4747,12.4747,8.31644,4.15822,4.15822,4.15822
29.6302,12.0872,8.50625,6.30905,2.68137,3.25487,4.37973,-17.4883,-12.1378,-7.064,-4.46142,2.99058,-1.55514,12.5397,12.5397,8.3598,4.1799,4.1799,4.1799
29.6352,12.1561,8.59869,6.37227,2.70513,3.32776,4.30506,-19.034,-12.6355,-7.17163,-5.64204,1.80996,0.39408,12.604,12.604,8.40264,4.20132,4.20132,4.20132
29.6402,12.2533,8.69836,6.43363,2.76205,3.34801,4.16585,-18.6168,-13.0142,-7.04466,-5.72944,3.76772,-0.256361,12.6674,12.6674,8.44496,4.22248,4.22248,4.22248
29.6454,12.3368,8.80234,6.49665,2.80709,3.33618,4.03181,-18.5796,-12.6538,-7.11112,-5.26265,2.40463,0.367747,12.7326,12.7326,8.48843,4.24421,4.24421,4.24421
29.6504,12.4583,8.89764,6.55664,2.83321,3.3864,3.92871,-20.312,-12.7275,-7.07713,-5.1922,2.49992,-0.456041,12.7945,12.7945,8.52968,4.26484,4.26484,4.26484
29.6554,12.5926,8.99129,6.6171,2.83895,3.37179,3.91399,-19.4709,-12.4971,-7.14921,-4.55845,3.80435,-1.09741,12.8556,12.8556,8.57041,4.28521,4.28521,4.28521
29.6606,12.6987,9.08257,6.67898,2.82533,3.28666,3.94465,-19.5336,-12.5598,-7.19101,-4.57935,3.78345,-1.11831,12.9183,12.9183,8.61221,4.30611,4.30611,4.30611
29.6652,12.7512,9.16349,6.73203,2.82029,3.25561,4.01655,-18.0714,-12.7248,-7.08748,-4.85428,2.92892,-2.02252,12.9731,12.9731,8.64871,4.32436,4.32436,4.32436
29.6702,12.773,9.25796,6.79373,2.84205,3.27809,4.11041,-18.3981,-13.0988,-7.37953,-5.63562,3.03354,-1.4625,13.0318,13.0318,8.68787,4.34394,4.34394,4.34394
29.6752,12.8131,9.35443,6.85695,2.891,3.27664,4.17925,-18.7239,-12.9755,-7.16735,-5.91161,3.49447,-1.58117,13.0897,13.0897,8.72649,4.36325,4.36325,4.36325
29.6803,12.8461,9.46476,6.92106,2.94898,3.28528,4.20372,-18.1636,-14.33,-7.32324,-6.05523,2.78781,-0.797428,13.148,13.148,8.76534,4.38267,4.38267,4.38267
29.6853,12.8673,9.58621,6.98704,3.00297,3.32798,4.17932,-18.2199,-14.3863,-7.36077,-6.07399,2.76905,-0.816195,13.2043,13.2043,8.80287,4.40143,4.40143,4.40143
29.6903,12.8819,9.7027,7.05257,3.02542,3.36093,4.10064,-17.846,-13.8981,-7.20548,-4.92501,2.89959,0.22515,13.2598,13.2598,8.83986,4.41993,4.41993,4.41993
29.6952,12.8966,9.80479,7.11502,3.03701,3.388,4.04497,-18.0965,-13.4986,-7.26628,-5.55559,2.69129,-1.24999,13.3134,13.3134,8.87558,4.43779,4.43779,4.43779
29.7001,12.9177,9.90188,7.17978,3.06349,3.42925,4.07518,-18.1493,-13.5513,-7.30148,-5.57319,2.67369,-1.26759,13.3662,13.3662,8.91078,4.45539,4.45539,4.45539
29.7053,12.9652,10.0066,7.24968,3.1144,3.44179,4.15541,-19.1186,-13.7523,-7.24002,-6.4113,3.29286,-2.07258,13.4213,13.4213,8.94755,4.47378,4.47378,4.47378
29.7102,13.0388,10.1067,7.31701,3.18028,3.42615,4.25988,-19.1697,-13.8034,-7.27413,-6.42835,3.27581,-2.08963,13.4725,13.4725,8.98166,4.49083,4.49083,4.49083
29.7153,13.1139,10.2107,7.38942,3.24536,3.45409,4.34585,-19.0409,-13.7258,-7.22337,-6.34646,2.49658,-1.87526,13.5249,13.5249,9.01659,4.5083,4.5083,4.5083
29.7203,13.18,10.3102,7.46138,3.30039,3.52701,4.41923,-19.0914,-13.7764,-7.25706,-6.3633,2.47974,-1.8921,13.5754,13.5754,9.05028,4.52514,4.52514,4.52514
29.7252,13.2486,10.4129,7.53268,3.33244,3.5722,4.55027,-19.3411,-14.3491,-7.16413,-5.57637,2.99343,-3.14205,13.6241,13.6241,9.08275,4.54137,4.54137,4.54137
29.7302,13.3034,10.5216,7.6045,3.35283,3.57342,4.70346,-18.7004,-14.4098,-7.16536,-5.9073,3.20898,-2.56218,13.673,13.673,9.11533,4.55766,4.55766,4.55766
29.7353,13.3588,10.6283,7.6758,3.37081,3.56134,4.73601,-19.5374,-14.3524,-7.10814,-5.62555,3.02705,-0.997028,13.722,13.722,9.14798,4.57399,4.57399,4.57399
29.7403,13.434,10.7319,7.74385,3.39622,3.55987,4.72928,-19.6949,-14.5217,-7.01,-6.14635,3.06929,-1.99807,13.7691,13.7691,9.17942,4.58971,4.58971,4.58971
29.7452,13.4998,10.8267,7.80666,3.46574,3.56492,4.68632,-19.2635,-13.8539,-6.79155,-7.33724,2.9134,-0.47312,13.8145,13.8145,9.20968,4.60484,4.60484,4.60484
29.7503,13.5811,10.9119,7.86675,3.53079,3.59447,4.60676,-20.3501,-13.5063,-6.67199,-5.99478,2.63298,-1.28346,13.8609,13.8609,9.2406,4.6203,4.6203,4.6203
29.7552,13.6457,10.9874,7.91914,3.58546,3.66801,4.5956,-19.0936,-13.55,-6.4984,-7.19339,1.88977,-1.73687,13.9046,13.9046,9.26974,4.63487,4.63487,4.63487
29.7605,13.6941,11.0692,7.97316,3.62149,3.7526,4.61681,-19.53,-13.427,-6.3642,-5.41209,2.56983,-1.84341,13.951,13.951,9.30065,4.65033,4.65033,4.65033
29.7654,13.7443,11.1348,8.01882,3.64172,3.82033,4.65424,-19.3947,-12.874,-6.26681,-6.75089,1.86031,-1.94849,13.993,13.993,9.32866,4.66433,4.66433,4.66433
29.7702,13.7821,11.1981,8.05965,3.6701,3.86131,4.75706,-19.309,-13.466,-6.08261,-5.96118,2.84874,-3.2619,14.0333,14.0333,9.35555,4.67778,4.67778,4.67778
29.7752,13.809,11.2652,8.09903,3.67116,3.85001,4.88989,-18.8655,-12.7507,-5.83627,-5.63542,2.9675,-2.59666,14.0745,14.0745,9.383,4.6915,4.6915,4.6915
29.7803,13.8185,11.325,8.13581,3.65922,3.83225,4.97758,-18.9066,-12.7918,-5.86367,-5.64912,2.9538,-2.61036,14.1156,14.1156,9.4104,4.7052,4.7052,4.7052
29.7853,13.8295,11.3855,8.17092,3.64011,3.85124,5.03642,-19.0761,-12.9612,-5.71021,-5.3559,2.26998,-2.30058,14.155,14.155,9.43668,4.71834,4.71834,4.71834
29.7902,13.8747,11.4597,8.20393,3.66081,3.88997,5.01736,-20.0634,-13.8618,-5.38846,-7.1901,2.8701,-1.22022,14.1928,14.1928,9.46187,4.73094,4.73094,4.73094
29.7953,13.9458,11.5451,8.2349,3.72892,3.89738,4.94011,-20.1018,-13.9003,-5.41408,-7.20291,2.85729,-1.23303,14.2312,14.2312,9.48749,4.74375,4.74375,4.74375
29.8004,13.9982,11.6326,8.26556,3.75889,3.91544,4.86839,-19.4262,-14.1151,-5.23636,-5.71673,2.59639,-1.23725,14.2688,14.2688,9.5125,4.75625,4.75625,4.75625
29.8052,14.0315,11.7165,8.29046,3.75978,3.95116,4.85957,-19.4725,-14.2441,-5.06916,-6.11738,2.46898,-2.20094,14.3032,14.3032,9.53549,4.76774,4.76774,4.76774
29.8102,14.0936,11.805,8.31304,3.74681,3.9509,4.89231,-20.5201,-14.224,-4.87516,-5.37559,3.44261,-2.02219,14.3383,14.3383,9.55885,4.77943,4.77943,4.77943
29.8152,14.1742,11.8877,8.33329,3.72541,3.91593,4.88641,-20.2155,-13.8248,-4.8436,-5.72645,3.11659,-1.47053,14.3724,14.3724,9.58163,4.79081,4.79081,4.79081
29.8203,14.2597,11.964,8.35298,3.71833,3.9581,4.95764,-20.738,-13.5041,-4.63005,-5.68809,2.07855,-3.38625,14.4064,14.4064,9.60425,4.80213,4.80213,4.80213
29.8252,14.3541,12.0323,8.37079,3.71274,4.04478,5.11771,-20.7697,-13.5358,-4.6512,-5.69866,2.06798,-3.39682,14.4381,14.4381,9.6254,4.8127,4.8127,4.8127
29.8304,14.4341,12.1081,8.39214,3.69882,4.06476,5.21968,-20.0893,-13.8956,-4.61869,-5.29558,3.26594,-2.31478,14.4708,14.4708,9.64723,4.82362,4.82362,4.82362
29.8352,14.479,12.1808,8.41406,3.68185,4.00844,5.23023,-19.7483,-13.8816,-4.58602,-5.71108,3.51284,-1.91884,14.5002,14.5002,9.66681,4.8334,4.8334,4.8334
29.8402,14.5165,12.2558,8.43804,3.70564,3.96118,5.18792,-19.9198,-13.9744,-4.49505,-7.18655,3.05581,-1.50647,14.5299,14.5299,9.68661,4.84331,4.84331,4.84331
29.8452,14.5532,12.3316,8.45929,3.74647,3.88498,5.06657,-19.8896,-14.1096,-4.16523,-6.32675,4.21369,-0.431391,14.5587,14.5587,9.70582,4.85291,4.85291,4.85291
29.8504,14.5929,12.4153,8.48089,3.77893,3.7529,4.95638,-20.0368,-14.3907,-4.17621,-6.68418,4.31166,-1.69134,14.5877,14.5877,9.72516,4.86258,4.86258,4.86258
29.8556,14.6364,12.5006,8.50503,3.81224,3.62714,4.92409,-20.0648,-14.4188,-4.19491,-6.69353,4.30231,-1.70069,14.6158,14.6158,9.74386,4.87193,4.87193,4.87193
29.8602,14.6629,12.5773,8.52552,3.81368,3.59372,4.91438,-19.5608,-14.5295,-3.90158,-5.59201,2.88671,-1.94053,14.6398,14.6398,9.75985,4.87993,4.87993,4.87993
29.8653,14.6781,12.6629,8.54694,3.78965,3.6446,4.92152,-19.5865,-14.5552,-3.91872,-5.60058,2.87814,-1.9491,14.6655,14.6655,9.77699,4.8885,4.8885,4.8885
29.8703,14.7117,12.7513,8.57304,3.79662,3.61393,4.93202,-20.3279,-14.9853,-4.09375,-6.63539,4.55917,-1.95719,14.6898,14.6898,9.79318,4.89659,4.89659,4.89659
29.8755,14.7541,12.8434,8.60856,3.80255,3.54034,4.98805,-19.9306,-14.6589,-4.40255,-5.66645,3.69823,-2.76845,14.7141,14.7141,9.80938,4.90469,4.90469,4.90469
29.8804,14.7827,12.925,8.64698,3.78569,3.52213,5.07889,-19.9526,-14.6809,-4.41722,-5.67378,3.6909,-2.77578,14.7361,14.7361,9.82405,4.91202,4.91202,4.91202
29.8855,14.8134,13.0052,8.68952,3.78582,3.47094,5.1885,-20.014,-14.3089,-4.52382,-6.26071,4.43705,-3.19711,14.758,14.758,9.83869,4.91935,4.91935,4.91935
29.8902,14.8563,13.0732,8.72551,3.8103,3.46768,5.23781,-20.652,-14.1746,-4.12503,-6.94614,2.94018,-1.8705,14.7774,14.7774,9.85163,4.92582,4.92582,4.92582
29.8953,14.9144,13.1421,8.75734,3.85515,3.54033,5.21048,-20.6721,-14.1948,-4.13847,-6.95285,2.93347,-1.87721,14.7976,14.7976,9.86507,4.93253,4.93253,4.93253
29.9003,14.951,13.2087,8.7861,3.89708,3.55212,5.07451,-19.9778,-14.2215,-3.99636,-6.84321,3.99531,0.22791,14.8164,14.8164,9.87762,4.93881,4.93881,4.93881
29.9054,14.9813,13.2742,8.8169,3.90106,3.47208,4.89393,-20.5516,-14.0349,-4.26352,-5.5245,4.66818,-0.846299,14.8347,14.8347,9.8898,4.9449,4.9449,4.9449
29.9103,15.0077,13.3328,8.85078,3.89615,3.39097,4.77299,-19.7921,-13.9648,-4.41674,-6.54849,4.01679,-0.54549,14.8513,14.8513,9.9009,4.95045,4.95045,4.95045
29.9153,15.0212,13.3924,8.88809,3.91383,3.33567,4.67744,-20.0682,-14.0125,-4.45045,-6.56213,4.33435,-1.03937,14.8674,14.8674,9.91162,4.95581,4.95581,4.95581
29.9203,15.0254,13.4568,8.92471,3.94039,3.27475,4.68023,-19.4097,-14.5241,-4.40414,-6.84043,4.27133,-2.32783,14.8826,14.8826,9.92174,4.96087,4.96087,4.96087
29.9253,15.0159,13.5315,8.9601,3.92676,3.219,4.72659,-19.5185,-14.9205,-4.29869,-5.07326,4.49842,-1.7861,14.8969,14.8969,9.93124,4.96562,4.96562,4.96562
29.9303,15.0309,13.6065,8.99116,3.92455,3.18884,4.76764,-20.5089,-14.5989,-4.07977,-7.1891,3.97234,-2.1383,14.9102,14.9102,9.94013,4.97006,4.97006,4.97006
29.9352,15.0693,13.6788,9.01816,3.96217,3.22562,4.86408,-20.2453,-14.8317,-4.01891,-6.93648,3.38868,-3.06972,14.9224,14.9224,9.94824,4.97412,4.97412,4.97412
29.9402,15.0883,13.7585,9.04471,3.97977,3.27118,4.93351,-19.4885,-15.3594,-4.0851,-6.15372,3.74916,-1.7322,14.9339,14.9339,9.95591,4.97796,4.97796,4.97796
29.9453,15.0889,13.8463,9.07437,4.00178,3.24611,4.89757,-19.456,-15.6342,-4.29921,-7.05155,4.60669,-1.16447,14.9447,14.9447,9.96311,4.98155,4.98155,4.98155
29.9504,15.0998,13.9319,9.10411,4.05356,3.20974,4.81923,-19.718,-15.3367,-4.16155,-7.51851,3.92445,-1.01043,14.9545,14.9545,9.96966,4.98483,4.98483,4.98483
29.9552,15.1915,14.0076,9.12992,4.08565,3.18463,4.75187,-22.6065,-15.2426,-4.12534,-6.62706,4.49298,-1.21194,14.9629,14.9629,9.97525,4.98762,4.98762,4.98762
29.9602,15.3057,14.0863,9.15728,4.1166,3.15562,4.68909,-20.7625,-15.2898,-4.12846,-7.41627,4.21713,-1.09035,14.9707,14.9707,9.98046,4.99023,4.99023,4.99023
29.9653,15.3422,14.1638,9.17962,4.1792,3.16686,4.62131,-19.9224,-15.1235,-3.73187,-7.95681,3.78423,-0.927094,14.9777,14.9777,9.98515,4.99257,4.99257,4.99257
29.9704,15.346,14.2372,9.194,4.23302,3.20457,4.60878,-19.826,-15.1296,-3.62305,-7.34612,3.7408,-1.98068,14.9838,14.9838,9.98919,4.9946,4.9946,4.9946
29.9755,15.3793,14.3069,9.20458,4.27308,3.23603,4.6306,-21.3244,-14.8786,-3.45926,-7.3147,3.95438,-1.49386,14.9889,14.9889,9.9926,4.9963,4.9963,4.9963
29.9802,15.4141,14.3619,9.21366,4.31109,3.22628,4.67332,-19.965,-14.3348,-3.59976,-7.42362,4.45818,-2.34798,14.9927,14.9927,9.99516,4.99758,4.99758,4.99758
29.9853,15.423,14.4104,9.22526,4.34684,3.22674,4.81723,-20.3899,-13.9519,-3.63537,-7.13491,3.78641,-3.46687,14.996,14.996,9.99733,4.99867,4.99867,4.99867
29.9902,15.4674,14.4556,9.23501,4.3749,3.28686,4.96497,-21.4322,-14.1393,-3.40487,-7.29297,3.28059,-2.68929,14.9982,14.9982,9.99882,4.99941,4.99941,4.99941
29.9952,15.4915,14.5074,9.24355,4.40321,3.3463,5.004,-19.6133,-14.4834,-3.47892,-7.47558,3.70242,-1.48914,14.9996,14.9996,9.99972,4.99986,4.99986,4.99986
