time,est_tau1,est_tau2,est_tau3,est_tau4,est_tau5,est_tau6,meas_tau1,meas_tau2,meas_tau3,meas_tau4,meas_tau5,meas_tau6,gt_tau1,gt_tau2,gt_tau3,gt_tau4,gt_tau5,gt_tau6
3.00029,0,0,0,0,0,0,-2.96288,17.9625,8.24714,-2.20248,11.6914,3.41964,0,0,0,0,0,0
3.00538,-0.00739418,-0.0315037,-0.0228756,-0.0463186,-0.346922,-0.0433973,-2.96288,17.9625,8.24714,-2.20248,11.6914,3.41964,0,0,0,0,0,0
3.0103,0.00331317,-0.0612863,-0.0459926,-0.062084,-0.585718,-0.0578644,-3.69178,18.0688,8.37881,-3.17124,10.1016,2.90628,0,0,0,0,0,0
3.01529,0.00305383,-0.0857163,-0.0647522,-0.0297577,-0.755323,-0.0840843,-2.56494,17.7103,8.00052,-3.89988,10.9296,3.6846,0,0,0,0,0,0
3.02032,-0.0257736,-0.101925,-0.076231,0.00958119,-0.945517,-0.146043,-2.56494,17.7103,8.00052,-3.89988,10.9296,3.6846,0,0,0,0,0,0
3.0253,-0.0156259,-0.110485,-0.0833738,0.0204892,-1.13446,-0.149418,-4.0976,17.2769,7.74345,-3.08016,11.2939,2.62476,0,0,0,0,0,0
3.03032,0.0317845,-0.112147,-0.0869684,0.0149517,-1.32486,-0.0890833,-4.0976,17.2769,7.74345,-3.08016,11.2939,2.62476,0,0,0,0,0,0
3.03529,0.0460955,-0.109477,-0.0854575,0.0358023,-1.53239,-0.0109675,-2.89196,16.9735,7.30455,-3.99924,12.0226,2.277,0,0,0,0,0,0
3.04032,0.0384486,-0.102032,-0.0900555,0.0499378,-1.72174,0.0566032,-3.37264,16.7214,8.0465,-2.99736,11.2277,2.6082,0,0,0,0,0,0
3.04531,0.0504759,-0.0919285,-0.112636,0.0216978,-1.79472,0.037138,-3.70754,16.5007,8.55019,-2.59992,10.0105,3.7674,0,0,0,0,0,0
3.05022,0.0709346,-0.0797371,-0.14132,-0.00429274,-1.79121,-0.0447834,-3.70754,16.5007,8.55019,-2.59992,10.0105,3.7674,0,0,0,0,0,0
3.05528,0.104277,-0.0677694,-0.169074,-0.0207358,-1.76746,-0.12655,-4.21974,16.5244,8.40807,-2.68272,9.70416,3.77568,0,0,0,0,0,0
3.06032,0.13266,-0.0562849,-0.185164,-0.0427952,-1.81672,-0.163994,-3.5263,16.5559,7.70792,-2.6082,11.4264,3.08016,0,0,0,0,0,0
3.0653,0.144981,-0.0443883,-0.190619,-0.0646433,-1.94873,-0.154949,-3.5263,16.5559,7.70792,-2.6082,11.4264,3.08016,0,0,0,0,0,0
3.07032,0.176605,-0.0355057,-0.197968,-0.0615701,-2.03533,-0.16501,-4.26702,16.8593,7.90856,-3.53556,10.6812,3.55212,0,0,0,0,0,0
3.07533,0.234705,-0.0350223,-0.205293,-0.0295382,-2.11869,-0.159882,-4.6886,17.2139,7.62014,-3.84192,11.5175,2.74896,0,0,0,0,0,0
3.08033,0.276731,-0.0480971,-0.210058,-0.0192553,-2.158,-0.136533,-3.81786,18.057,7.6703,-3.0222,10.0022,3.28716,0,0,0,0,0,0
3.0853,0.290003,-0.0721722,-0.216746,-0.0324455,-2.11746,-0.136238,-3.81786,18.057,7.6703,-3.0222,10.0022,3.28716,0,0,0,0,0,0
3.09031,0.313663,-0.106017,-0.218633,-0.0577979,-2.0954,-0.0859444,-4.3931,18.7977,7.21886,-2.55024,10.35,2.3184,0,0,0,0,0,0
3.0953,0.356516,-0.145269,-0.211167,-0.0634359,-2.15678,-0.0614357,-4.4719,18.652,7.02031,-3.42792,11.592,3.70116,0,0,0,0,0,0
3.10031,0.38322,-0.183042,-0.204262,-0.0664471,-2.22322,-0.0959211,-3.75088,18.585,7.2523,-2.80692,10.499,3.45276,0,0,0,0,0,0
3.10532,0.39413,-0.223423,-0.207394,-0.0782439,-2.28971,-0.149802,-3.85726,18.7505,7.70374,-2.95596,11.6582,3.91644,0,0,0,0,0,0
3.11032,0.405706,-0.26699,-0.217428,-0.0913434,-2.41008,-0.222728,-3.85726,18.7505,7.70374,-2.95596,11.6582,3.91644,0,0,0,0,0,0
3.11533,0.402344,-0.312562,-0.23643,-0.0993913,-2.46981,-0.269435,-3.31748,18.8371,8.37672,-3.2292,10.5984,3.51072,0,0,0,0,0,0
3.12032,0.388394,-0.355454,-0.261117,-0.101103,-2.46504,-0.288736,-3.31748,18.8371,8.37672,-3.2292,10.5984,3.51072,0,0,0,0,0,0
3.12531,0.382966,-0.394883,-0.281489,-0.124998,-2.54608,-0.319899,-3.58934,18.7702,8.16772,-2.3184,12.3952,3.82536,0,0,0,0,0,0
3.13032,0.381421,-0.429771,-0.296537,-0.167318,-2.70916,-0.365974,-3.58934,18.7702,8.16772,-2.3184,12.3952,3.82536,0,0,0,0,0,0
3.13531,0.379372,-0.464634,-0.306319,-0.173208,-2.89365,-0.371327,-3.66814,19.0223,7.86467,-3.59352,13.1238,3.07188,0,0,0,0,0,0
3.14031,0.378852,-0.49988,-0.31173,-0.14203,-3.09682,-0.327832,-3.66814,19.0223,7.86467,-3.59352,13.1238,3.07188,0,0,0,0,0,0
3.14531,0.383905,-0.535309,-0.313913,-0.110403,-3.24525,-0.280918,-3.92424,19.1917,7.60342,-3.53556,12.4117,3.0636,0,0,0,0,0,0
3.15029,0.394413,-0.568279,-0.310792,-0.0935741,-3.33452,-0.244553,-3.92424,19.1917,7.60342,-3.53556,12.4117,3.0636,0,0,0,0,0,0
3.15532,0.426118,-0.590882,-0.313496,-0.134883,-3.42162,-0.316337,-4.81862,18.3446,8.11338,-1.50696,12.6353,5.05908,0,0,0,0,0,0
3.1603,0.480733,-0.600437,-0.320413,-0.219313,-3.50208,-0.476313,-4.81862,18.3446,8.11338,-1.50696,12.6353,5.05908,0,0,0,0,0,0
3.16532,0.511894,-0.597519,-0.342835,-0.24895,-3.5892,-0.583656,-3.93212,17.2848,9.39246,-3.41964,12.9913,4.31388,0,0,0,0,0,0
3.17032,0.534722,-0.580273,-0.374756,-0.263612,-3.66551,-0.629744,-4.55464,16.9775,8.83025,-2.22732,12.6518,3.96612,0,0,0,0,0,0
3.17531,0.544176,-0.563079,-0.401768,-0.271791,-3.70637,-0.658808,-3.47508,17.1075,8.88041,-3.51072,12.3041,4.19796,0,0,0,0,0,0
3.18033,0.537554,-0.544581,-0.414645,-0.273784,-3.72448,-0.644456,-3.93606,17.1981,8.01724,-2.49228,12.4945,3.37824,0,0,0,0,0,0
3.18532,0.548045,-0.526341,-0.41934,-0.288905,-3.72423,-0.579002,-4.13306,17.005,8.21161,-3.09672,11.9646,3.22092,0,0,0,0,0,0
3.19032,0.563761,-0.505879,-0.425992,-0.280755,-3.69705,-0.519135,-4.13306,17.005,8.21161,-3.09672,11.9646,3.22092,0,0,0,0,0,0
3.19532,0.565151,-0.484679,-0.433822,-0.272375,-3.65816,-0.566431,-3.60904,16.8317,8.27222,-2.90628,11.6665,5.11704,0,0,0,0,0,0
3.2003,0.55333,-0.463322,-0.442411,-0.263018,-3.61149,-0.7038,-3.60904,16.8317,8.27222,-2.90628,11.6665,5.11704,0,0,0,0,0,0
3.2053,0.564804,-0.449543,-0.431457,-0.241677,-3.51041,-0.80988,-4.55858,17.403,6.66501,-3.2706,10.4328,4.7196,0,0,0,0,0,0
3.21031,0.599634,-0.445534,-0.403649,-0.214502,-3.35997,-0.881384,-4.55858,17.403,6.66501,-3.2706,10.4328,4.7196,0,0,0,0,0,0
3.2153,0.635051,-0.445317,-0.390359,-0.18048,-3.25107,-0.878408,-4.67678,17.4857,7.59715,-3.66804,10.9296,3.4362,0,0,0,0,0,0
3.22032,0.672615,-0.447755,-0.390803,-0.143998,-3.18394,-0.812761,-4.67678,17.4857,7.59715,-3.66804,10.9296,3.4362,0,0,0,0,0,0
3.2253,0.700775,-0.446074,-0.390212,-0.106795,-3.14369,-0.709333,-4.40886,16.9302,7.41114,-3.91644,11.2277,2.53368,0,0,0,0,0,0
3.23032,0.720773,-0.435627,-0.384777,-0.0650325,-3.11722,-0.56962,-4.40886,16.9302,7.41114,-3.91644,11.2277,2.53368,0,0,0,0,0,0
3.23532,0.746518,-0.425027,-0.381826,-0.0535132,-3.09464,-0.553062,-4.73982,17.0208,7.68911,-2.78208,11.3022,4.72788,0,0,0,0,0,0
3.24031,0.783816,-0.414836,-0.37463,-0.0449877,-3.07891,-0.600051,-4.7674,16.9696,7.07883,-3.79224,11.327,3.77568,0,0,0,0,0,0
3.24532,0.788508,-0.401807,-0.365525,-0.0049756,-3.02983,-0.628541,-3.60904,16.7135,7.52818,-4.15656,10.5984,4.24764,0,0,0,0,0,0
3.25031,0.783765,-0.383075,-0.355147,0.0265769,-2.93444,-0.62381,-4.41674,16.5283,7.06838,-3.78396,10.408,3.12984,0,0,0,0,0,0
3.2553,0.787692,-0.358464,-0.353353,0.0196444,-2.80183,-0.627246,-4.01092,16.2998,8.32656,-3.01392,9.8946,4.38012,0,0,0,0,0,0
3.26031,0.765741,-0.339403,-0.366691,-8.2413e-05,-2.68952,-0.626645,-3.54206,16.5401,7.90856,-3.13812,10.292,3.36168,0,0,0,0,0,0
3.26532,0.730396,-0.325788,-0.376792,-0.00597106,-2.61573,-0.568186,-3.54206,16.5401,7.90856,-3.13812,10.292,3.36168,0,0,0,0,0,0
3.27032,0.698783,-0.317868,-0.392113,-0.00568731,-2.61122,-0.550703,-3.70754,16.879,8.2346,-3.11328,11.4098,4.18968,0,0,0,0,0,0
3.27532,0.67794,-0.310893,-0.409163,-0.0110296,-2.65779,-0.575224,-3.70754,16.879,8.2346,-3.11328,11.4098,4.18968,0,0,0,0,0,0
3.28033,0.671023,-0.304911,-0.419068,0.000529772,-2.68402,-0.589455,-4.14488,17.0563,7.76017,-3.8916,11.1449,4.0158,0,0,0,0,0,0
3.28531,0.676815,-0.298896,-0.420683,0.0266574,-2.68881,-0.599545,-4.14488,17.0563,7.76017,-3.8916,11.1449,4.0158,0,0,0,0,0,0
3.2903,0.703247,-0.297593,-0.422058,0.00878309,-2.66938,-0.591622,-5.0038,17.5448,7.80406,-2.24388,10.7309,3.59352,0,0,0,0,0,0
3.2953,0.754618,-0.301604,-0.424204,-0.0416292,-2.63432,-0.570294,-5.0038,17.5448,7.80406,-2.24388,10.7309,3.59352,0,0,0,0,0,0
3.30031,0.804594,-0.31323,-0.425223,-0.0644902,-2.58562,-0.501854,-4.98804,18.1989,7.66403,-3.0636,10.3417,2.53368,0,0,0,0,0,0
3.30532,0.850136,-0.332863,-0.425575,-0.0713293,-2.52457,-0.386495,-4.98804,18.1989,7.66403,-3.0636,10.3417,2.53368,0,0,0,0,0,0
3.31031,0.872628,-0.356608,-0.431246,-0.103444,-2.4951,-0.363981,-4.28278,18.4707,8.0047,-2.1528,10.822,4.18968,0,0,0,0,0,0
3.31531,0.88028,-0.379217,-0.438261,-0.159687,-2.48962,-0.434754,-4.28278,18.4707,8.0047,-2.1528,10.822,4.18968,0,0,0,0,0,0
3.32031,0.870049,-0.398005,-0.442394,-0.191457,-2.49036,-0.491936,-3.56964,18.2422,7.87094,-3.07188,10.9544,3.933,0,0,0,0,0,0
3.32531,0.855801,-0.405386,-0.442842,-0.200561,-2.41334,-0.53583,-4.22762,17.4857,7.76226,-3.12156,9.28188,4.10688,0,0,0,0,0,0
3.33031,0.85785,-0.403521,-0.441122,-0.196497,-2.25323,-0.558584,-4.22762,17.4857,7.76226,-3.12156,9.28188,4.10688,0,0,0,0,0,0
3.33531,0.848195,-0.403077,-0.437755,-0.191157,-2.176,-0.511506,-3.8218,17.6197,7.60969,-2.90628,10.7226,3.0636,0,0,0,0,0,0
3.34032,0.832916,-0.404081,-0.433075,-0.193171,-2.18858,-0.417301,-3.8218,17.6197,7.60969,-2.90628,10.7226,3.0636,0,0,0,0,0,0
3.34532,0.831284,-0.395039,-0.439263,-0.185751,-2.23338,-0.43915,-4.31824,16.5047,8.38926,-3.32856,11.2194,5.175,0,0,0,0,0,0
3.3503,0.823603,-0.367988,-0.452322,-0.193607,-2.27308,-0.534547,-3.66814,16.1146,8.31193,-2.74896,10.9462,4.45464,0,0,0,0,0,0
3.3553,0.80429,-0.336138,-0.463277,-0.218394,-2.29368,-0.595016,-3.66814,16.1146,8.31193,-2.74896,10.9462,4.45464,0,0,0,0,0,0
3.36022,0.837904,-0.303887,-0.469137,-0.223378,-2.31759,-0.645711,-5.72876,15.9294,7.92737,-3.53556,11.0786,4.347,0,0,0,0,0,0
3.36518,0.885525,-0.268711,-0.474176,-0.222338,-2.3874,-0.627664,-4.35764,15.7285,8.24505,-3.17952,11.741,3.34512,0,0,0,0,0,0
3.37032,0.894739,-0.23217,-0.484181,-0.233723,-2.48854,-0.548036,-4.35764,15.7285,8.24505,-3.17952,11.741,3.34512,0,0,0,0,0,0
3.3753,0.879328,-0.205975,-0.491993,-0.252145,-2.53944,-0.502659,-3.56964,16.4022,8.01724,-2.90628,10.9627,3.96612,0,0,0,0,0,0
3.38032,0.844514,-0.189632,-0.498899,-0.27313,-2.54835,-0.498554,-3.56964,16.4022,8.01724,-2.90628,10.9627,3.96612,0,0,0,0,0,0
3.38532,0.839057,-0.177523,-0.499322,-0.293757,-2.56946,-0.543456,-4.73194,16.5559,7.38606,-2.75724,11.2111,4.83552,0,0,0,0,0,0
3.39031,0.846751,-0.167792,-0.507657,-0.325846,-2.66045,-0.623427,-4.05426,16.3865,8.52511,-2.47572,12.2461,4.52088,0,0,0,0,0,0
3.39532,0.840268,-0.152851,-0.527379,-0.363366,-2.78887,-0.671589,-4.05426,16.3865,8.52511,-2.47572,12.2461,4.52088,0,0,0,0,0,0
3.4003,0.845365,-0.137781,-0.536423,-0.369639,-2.83319,-0.69911,-4.51918,16.4613,7.78734,-3.61008,10.8965,4.35528,0,0,0,0,0,0
3.40531,0.843025,-0.127823,-0.535605,-0.348992,-2.84813,-0.652842,-3.83362,16.9775,7.86676,-3.3534,11.8238,3.04704,0,0,0,0,0,0
3.41033,0.830908,-0.124611,-0.53719,-0.326863,-2.91508,-0.563179,-3.83362,16.9775,7.86676,-3.3534,11.8238,3.04704,0,0,0,0,0,0
3.41532,0.84849,-0.11786,-0.545122,-0.309609,-3.00704,-0.527495,-4.9053,16.4456,8.26386,-3.01392,12.3124,3.73428,0,0,0,0,0,0
3.4203,0.869026,-0.104562,-0.547874,-0.29734,-3.06466,-0.569575,-4.11336,16.1855,7.34426,-3.17124,11.3353,4.31388,0,0,0,0,0,0
3.42532,0.886679,-0.0918793,-0.541976,-0.302272,-3.0589,-0.577993,-4.75558,16.3274,7.4822,-2.4426,11.0041,2.95596,0,0,0,0,0,0
3.43031,0.887328,-0.0816162,-0.547035,-0.302895,-3.06027,-0.505121,-3.35688,16.4377,8.26595,-3.16296,11.5837,2.59164,0,0,0,0,0,0
3.43533,0.860171,-0.0732402,-0.552881,-0.265213,-3.11511,-0.425926,-3.743,16.2407,7.32545,-4.20624,12.064,2.7324,0,0,0,0,0,0
3.4403,0.864962,-0.0605247,-0.549931,-0.241894,-3.14164,-0.381636,-4.4916,16.0122,7.59715,-2.59164,11.0621,3.41136,0,0,0,0,0,0
3.44532,0.878487,-0.044745,-0.543304,-0.270113,-3.02189,-0.39001,-4.08184,15.9806,7.09346,-2.10312,9.15768,3.75912,0,0,0,0,0,0
3.4503,0.905416,-0.0340589,-0.535733,-0.261366,-2.90654,-0.444187,-5.01562,16.2604,7.32754,-3.94956,10.9627,4.23936,0,0,0,0,0,0
3.4553,0.996458,-0.0241839,-0.544907,-0.171548,-2.83645,-0.531408,-6.62708,16.1973,8.52093,-5.53932,9.9774,4.4712,0,0,0,0,0,0
3.46033,1.07576,-0.0104688,-0.558083,-0.0811582,-2.81668,-0.536725,-4.85408,16.0594,7.80197,-3.99924,11.7742,2.91456,0,0,0,0,0,0
3.46531,1.10239,-0.00476298,-0.563187,-0.0496136,-2.93334,-0.479876,-4.89348,17.1154,8.06113,-3.65976,12.6518,3.519,0,0,0,0,0,0
3.47033,1.10708,-0.00857469,-0.570199,-0.0409683,-3.02528,-0.453175,-4.23156,17.3399,8.22206,-3.51072,11.6168,3.8502,0,0,0,0,0,0
3.47531,1.09134,-0.0137128,-0.582616,-0.0618491,-2.99493,-0.465964,-4.22368,17.2769,8.51884,-2.63304,10.5073,4.53744,0,0,0,0,0,0
3.4803,1.08873,-0.0190456,-0.589115,-0.0816536,-2.96542,-0.481013,-4.72406,17.2572,7.70792,-3.22092,11.534,3.90816,0,0,0,0,0,0
3.4853,1.08052,-0.0233255,-0.599611,-0.0911621,-2.97888,-0.477473,-3.96364,17.3124,8.93893,-3.11328,11.3519,4.0572,0,0,0,0,0,0
3.49032,1.06966,-0.0271864,-0.612729,-0.0639834,-2.9867,-0.479677,-4.63344,17.3005,7.98589,-4.33872,11.4761,3.82536,0,0,0,0,0,0
3.4953,1.05048,-0.0231903,-0.612241,-0.0332365,-2.99969,-0.483084,-3.51842,16.7411,7.99216,-3.44448,11.6417,4.0986,0,0,0,0,0,0
3.50035,1.01827,-0.00424234,-0.615025,-0.0363601,-3.06612,-0.536376,-4.10154,15.9215,8.30148,-2.9394,12.5608,4.94316,0,0,0,0,0,0
3.5053,1.01109,0.0255572,-0.620193,-0.031057,-3.13897,-0.623627,-4.30248,15.6182,8.20325,-3.75912,11.8073,4.93488,0,0,0,0,0,0
3.51034,1.01096,0.0612873,-0.618852,-0.050197,-3.15236,-0.680802,-4.29854,15.5236,7.93364,-2.41776,11.4595,4.58712,0,0,0,0,0,0
3.51523,1.01119,0.093295,-0.608919,-0.0698667,-3.16914,-0.685178,-4.3143,16.0949,7.72464,-3.29544,12.2047,3.99096,0,0,0,0,0,0
3.52024,1.02644,0.1128,-0.603453,-0.0918521,-3.15633,-0.636112,-5.01562,16.2683,7.95454,-2.50884,10.7474,3.40308,0,0,0,0,0,0
3.52528,1.05801,0.122514,-0.596707,-0.10346,-3.05951,-0.659926,-4.8659,16.8671,7.524,-3.94128,10.557,5.32404,0,0,0,0,0,0
3.53031,1.08285,0.12358,-0.58672,-0.0785096,-2.96498,-0.775435,-4.8659,16.8671,7.524,-3.94128,10.557,5.32404,0,0,0,0,0,0
3.53531,1.08078,0.118841,-0.5844,-0.0703978,-2.90055,-0.839865,-4.02668,17.1193,7.92946,-3.26232,10.8634,4.52088,0,0,0,0,0,0
3.54033,1.05755,0.114053,-0.585166,-0.0767995,-2.85736,-0.858147,-4.02668,17.1193,7.92946,-3.26232,10.8634,4.52088,0,0,0,0,0,0
3.5453,1.07311,0.111324,-0.579091,-0.0524216,-2.86707,-0.854819,-5.6736,16.9026,7.39442,-4.40496,11.8238,4.13172,0,0,0,0,0,0
3.55021,1.09006,0.112229,-0.571321,-0.0269633,-2.85763,-0.830561,-3.88878,16.9065,7.88348,-3.32856,10.4328,4.13172,0,0,0,0,0,0
3.55534,1.08489,0.112214,-0.574284,0.00174421,-2.8028,-0.803805,-4.70436,16.9144,8.16563,-4.52088,10.8965,4.20624,0,0,0,0,0,0
3.56031,1.12014,0.115918,-0.582597,0.0277509,-2.77264,-0.863019,-5.51206,16.3352,8.17817,-3.44448,10.7474,5.4648,0,0,0,0,0,0
3.56533,1.15647,0.13456,-0.589077,0.0186121,-2.74321,-0.941413,-4.66102,15.7206,8.16981,-3.07188,10.9379,4.554,0,0,0,0,0,0
3.57032,1.19588,0.161387,-0.603576,-0.00385125,-2.72681,-0.895104,-5.66178,15.5985,8.86996,-2.59164,11.0704,3.38652,0,0,0,0,0,0
3.5753,1.22388,0.187273,-0.61777,-0.0165241,-2.75979,-0.826239,-4.31036,15.6733,8.10711,-3.67632,11.8156,4.13172,0,0,0,0,0,0
3.58033,1.23037,0.210654,-0.614211,-0.0115071,-2.81762,-0.814131,-5.0432,16.2289,7.83332,-3.30372,11.6996,4.4712,0,0,0,0,0,0
3.58532,1.24256,0.22153,-0.6193,-0.0343925,-2.80463,-0.837081,-4.46796,16.3746,8.47077,-2.74896,10.2838,4.8852,0,0,0,0,0,0
3.59033,1.24684,0.221506,-0.622818,-0.068098,-2.76577,-0.883898,-4.78316,16.7726,7.34844,-3.03876,11.1035,4.79412,0,0,0,0,0,0
3.59533,1.26086,0.217307,-0.613883,-0.128901,-2.80123,-0.836621,-5.01562,16.6662,7.48847,-1.81332,11.6831,3.1878,0,0,0,0,0,0
3.60032,1.28313,0.220961,-0.601309,-0.213944,-2.84925,-0.699811,-5.01562,16.6662,7.48847,-1.81332,11.6831,3.1878,0,0,0,0,0,0
3.60532,1.2794,0.223832,-0.584386,-0.227051,-2.85668,-0.653442,-4.08972,16.9105,7.25439,-4.4298,11.1283,4.91832,0,0,0,0,0,0
3.61033,1.26287,0.225524,-0.569422,-0.200641,-2.87837,-0.726326,-4.53888,16.6504,7.54281,-3.21264,11.8487,5.175,0,0,0,0,0,0
3.61532,1.25759,0.236651,-0.563001,-0.194416,-2.95808,-0.775778,-4.4128,15.8309,7.82078,-3.5604,12.1385,4.53744,0,0,0,0,0,0
3.62034,1.26176,0.267898,-0.555609,-0.205524,-2.96821,-0.722302,-4.9447,14.9878,7.61178,-2.68272,10.7474,3.17952,0,0,0,0,0,0
3.62531,1.25842,0.294794,-0.550047,-0.212495,-2.9346,-0.714,-4.00304,15.9806,7.76644,-3.7674,11.3105,5.44824,0,0,0,0,0,0
3.6303,1.24707,0.311231,-0.54826,-0.198496,-2.9973,-0.810331,-4.48372,15.8979,7.87303,-3.36168,12.5276,5.19156,0,0,0,0,0,0
3.63533,1.24775,0.323411,-0.551335,-0.151295,-3.09043,-0.915121,-4.54282,16.024,7.88557,-5.0094,11.7824,5.58072,0,0,0,0,0,0
3.64034,1.24046,0.326653,-0.55977,-0.0729326,-3.15293,-0.92492,-4.24338,16.5638,8.21788,-4.79412,12.1468,3.70944,0,0,0,0,0,0
3.64531,1.27505,0.317012,-0.573308,-0.0343961,-3.18974,-0.85223,-6.20156,16.9302,8.08621,-3.4776,11.443,4.04892,0,0,0,0,0,0
3.65033,1.32718,0.314817,-0.579942,-0.0104879,-3.18837,-0.907886,-5.0432,16.4337,8.1092,-4.2642,11.7328,6.13548,0,0,0,0,0,0
3.65532,1.35681,0.321379,-0.574794,0.0181989,-3.14202,-0.920319,-5.32294,16.5716,7.5449,-3.82536,10.7888,3.17124,0,0,0,0,0,0
3.66033,1.38214,0.328557,-0.550874,0.0204872,-3.10319,-0.823101,-4.92894,16.7174,6.9179,-3.53556,11.7328,4.23108,0,0,0,0,0,0
3.66531,1.39583,0.341276,-0.539715,0.00963673,-3.08323,-0.77767,-5.12988,15.7718,8.36418,-3.45276,11.0041,4.18968,0,0,0,0,0,0
3.67032,1.40386,0.360256,-0.546862,-0.00369549,-2.97223,-0.804206,-4.74376,15.957,8.19698,-3.46932,10.0188,5.65524,0,0,0,0,0,0
3.67524,1.40768,0.386275,-0.536919,0.01465,-2.82916,-0.885381,-4.8462,15.0705,7.07047,-4.44636,10.143,5.1336,0,0,0,0,0,0
3.6802,1.41071,0.413292,-0.524975,0.0307229,-2.71516,-0.844395,-4.6886,15.5906,7.82287,-3.19608,10.1927,3.3534,0,0,0,0,0,0
3.68534,1.39992,0.418767,-0.516946,0.0275106,-2.64008,-0.796247,-4.27884,16.6071,6.98896,-3.48588,10.3997,4.83552,0,0,0,0,0,0
3.69032,1.34378,0.409032,-0.503747,0.0163624,-2.61197,-0.802765,-2.92742,16.7332,7.18751,-2.97252,10.6812,4.35528,0,0,0,0,0,0
3.69531,1.30535,0.394801,-0.501188,0.000881524,-2.52676,-0.76438,-4.73982,16.879,7.68911,-3.04704,9.11628,3.75912,0,0,0,0,0,0
3.70035,1.30872,0.374638,-0.500238,-0.00837737,-2.38375,-0.702368,-4.40886,17.1508,7.17497,-3.11328,9.37296,3.88332,0,0,0,0,0,0
3.70531,1.3078,0.353157,-0.492796,-0.019119,-2.27131,-0.654303,-4.40886,17.1508,7.17497,-3.11328,9.37296,3.88332,0,0,0,0,0,0
3.71033,1.32312,0.346174,-0.494743,-0.0303941,-2.22374,-0.670631,-5.22444,15.5,7.79988,-3.16296,10.3831,5.0508,0,0,0,0,0,0
3.71531,1.36362,0.363702,-0.498623,-0.0373727,-2.22248,-0.74697,-5.22444,15.5,7.79988,-3.16296,10.3831,5.0508,0,0,0,0,0,0
3.72031,1.38187,0.378953,-0.502907,-0.00988643,-2.18782,-0.770959,-4.48372,15.8979,7.97126,-4.4712,9.80352,4.09032,0,0,0,0,0,0
3.72533,1.38175,0.390375,-0.525442,0.0220147,-2.15887,-0.720965,-4.5704,15.5354,9.0079,-3.44448,10.2258,3.70116,0,0,0,0,0,0
3.73033,1.38386,0.402045,-0.538152,0.00983538,-2.16643,-0.751314,-4.81468,15.9846,7.34426,-3.17124,10.5156,5.6304,0,0,0,0,0,0
3.73532,1.38546,0.405605,-0.542274,0.0123874,-2.14601,-0.898193,-4.33794,16.4534,8.46868,-4.12344,9.78696,6.11064,0,0,0,0,0,0
3.74033,1.38164,0.398505,-0.556922,0.00829136,-2.14327,-1.02192,-4.5704,16.7292,8.01515,-2.99736,10.7392,5.37372,0,0,0,0,0,0
3.74533,1.41087,0.378155,-0.557761,-0.00732145,-2.21707,-1.03222,-5.56328,17.6867,7.37143,-3.69288,11.2194,4.32216,0,0,0,0,0,0
3.75032,1.44923,0.347722,-0.560484,-0.039364,-2.32411,-1.04398,-5.05502,17.4463,7.96499,-2.09484,11.2774,5.70492,0,0,0,0,0,0
3.75534,1.46927,0.328063,-0.565104,-0.0486885,-2.40345,-1.07033,-4.74376,16.7844,7.59297,-4.17312,10.8716,4.66164,0,0,0,0,0,0
3.76034,1.47926,0.314566,-0.559683,-0.0409727,-2.4676,-1.044,-4.925,17.0641,7.31291,-3.00564,11.2691,4.52088,0,0,0,0,0,0
3.76531,1.48969,0.306789,-0.550355,-0.0589521,-2.48848,-1.00216,-4.75558,16.2604,7.27111,-2.88972,10.3086,4.347,0,0,0,0,0,0
3.77031,1.4953,0.319766,-0.549444,-0.0558768,-2.50203,-0.982029,-4.55858,15.3857,8.14055,-3.78396,11.2442,4.85208,0,0,0,0,0,0
3.77531,1.48436,0.329479,-0.54983,-0.0489637,-2.59906,-1.04931,-4.21974,16.615,7.38815,-3.0636,11.8156,5.98644,0,0,0,0,0,0
3.7803,1.47239,0.329032,-0.545515,-0.0350242,-2.64532,-1.02428,-4.45614,16.4062,7.79152,-3.95784,10.4494,3.13812,0,0,0,0,0,0
3.78533,1.46732,0.312266,-0.544542,0.000909102,-2.61338,-0.90643,-4.61374,17.7576,7.36725,-4.13172,10.2838,4.13172,0,0,0,0,0,0
3.79033,1.47301,0.279087,-0.542008,0.0572007,-2.57955,-0.87272,-4.77922,17.7142,7.46339,-4.72788,10.2175,4.66992,0,0,0,0,0,0
3.79532,1.47102,0.248182,-0.546299,0.0946814,-2.5139,-0.891199,-4.26308,17.399,7.76644,-3.59352,9.58824,4.95144,0,0,0,0,0,0
3.80032,1.50365,0.223701,-0.551715,0.105747,-2.47016,-0.859401,-5.8903,17.2572,7.64313,-4.13172,10.5239,3.67632,0,0,0,0,0,0
3.80533,1.53499,0.213182,-0.557644,0.128551,-2.50665,-0.827024,-4.4128,16.1304,7.87303,-4.347,11.0786,5.0094,0,0,0,0,0,0
3.81031,1.54864,0.229836,-0.56852,0.117152,-2.51635,-0.882436,-5.07078,15.1651,8.35791,-2.74068,10.1927,5.31576,0,0,0,0,0,0
3.81533,1.57233,0.247127,-0.572721,0.0740276,-2.50933,-0.922381,-5.04714,16.091,7.36098,-2.93112,10.8385,4.74444,0,0,0,0,0,0
3.82021,1.60275,0.255419,-0.566422,0.0568376,-2.53903,-0.915562,-5.23626,15.8467,7.38606,-3.34512,10.7557,4.8024,0,0,0,0,0,0
3.82525,1.6298,0.25108,-0.558485,0.0708891,-2.50335,-0.958834,-4.87378,17.6591,7.53654,-4.08204,9.73728,5.64696,0,0,0,0,0,0
3.83032,1.67438,0.225977,-0.562799,0.10553,-2.43445,-1.03815,-6.0479,16.9814,7.75181,-4.27248,9.87804,5.35716,0,0,0,0,0,0
3.83533,1.74781,0.212047,-0.56654,0.142971,-2.38175,-1.09599,-6.0479,16.9814,7.75181,-4.27248,9.87804,5.35716,0,0,0,0,0,0
3.8403,1.78779,0.195298,-0.554497,0.121048,-2.3642,-1.0289,-5.0432,17.1942,6.46437,-1.96236,10.3914,2.98908,0,0,0,0,0,0
3.84532,1.81711,0.171567,-0.547544,0.104326,-2.34507,-0.964148,-5.61844,17.4187,7.94409,-4.18968,9.67932,5.40684,0,0,0,0,0,0
3.85024,1.83467,0.156235,-0.556161,0.129536,-2.37036,-1.05385,-4.71618,15.8979,7.31709,-4.03236,11.0124,6.01128,0,0,0,0,0,0
3.85531,1.85294,0.166877,-0.550758,0.120888,-2.41913,-1.07022,-5.40962,15.6891,7.36098,-2.95596,10.3914,3.94128,0,0,0,0,0,0
3.86033,1.86398,0.175537,-0.556773,0.105933,-2.3754,-1.04458,-4.66102,16.0634,8.19071,-3.3534,9.43092,5.2578,0,0,0,0,0,0
3.86531,1.83388,0.184513,-0.565025,0.135295,-2.30143,-1.05138,-3.68784,15.894,7.70374,-4.57884,9.86148,4.8438,0,0,0,0,0,0
3.87033,1.80655,0.178191,-0.567857,0.161573,-2.24411,-1.01314,-4.99986,17.0602,7.4822,-3.27888,9.41436,4.25592,0,0,0,0,0,0
3.8753,1.80053,0.169351,-0.565567,0.148649,-2.20919,-0.955453,-4.43644,16.4653,7.53445,-2.91456,10.3666,4.36356,0,0,0,0,0,0
3.88033,1.77958,0.159766,-0.559015,0.153808,-2.22156,-0.942888,-4.23156,17.0878,7.15198,-4.10688,10.085,5.00112,0,0,0,0,0,0
3.88518,1.76408,0.143342,-0.555667,0.145798,-2.15265,-0.913616,-4.77528,16.6504,7.39024,-2.74896,8.56152,4.10688,0,0,0,0,0,0
3.89036,1.76601,0.14604,-0.546845,0.124975,-2.1135,-0.836209,-4.58222,15.7324,7.11854,-3.59352,10.7557,4.09032,0,0,0,0,0,0
3.89534,1.75864,0.161108,-0.537356,0.0893044,-2.14074,-0.751923,-4.25126,15.433,7.27738,-2.277,9.74556,3.65976,0,0,0,0,0,0
3.90034,1.72426,0.187981,-0.535124,0.0159713,-2.10464,-0.754719,-3.51842,14.7514,7.77689,-1.72224,9.55512,5.5476,0,0,0,0,0,0
3.90536,1.69235,0.197944,-0.523219,-0.0513392,-2.08256,-0.764182,-4.30642,16.5047,6.13206,-2.17764,9.70416,3.83364,0,0,0,0,0,0
3.91035,1.67549,0.181809,-0.522626,-0.0758827,-2.04267,-0.718655,-3.83756,16.4377,8.01306,-2.94768,8.66916,4.35528,0,0,0,0,0,0
3.91539,1.68057,0.166128,-0.526786,-0.0998432,-1.91884,-0.742799,-5.1614,16.2801,6.39122,-2.1528,7.93224,5.10876,0,0,0,0,0,0
3.92038,1.72798,0.152505,-0.510855,-0.137347,-1.77302,-0.812566,-5.1614,16.2801,6.39122,-2.1528,7.93224,5.10876,0,0,0,0,0,0
3.92539,1.75822,0.138051,-0.510289,-0.152422,-1.65092,-0.783595,-4.73588,15.9294,7.3777,-2.90628,8.08128,3.15468,0,0,0,0,0,0
3.9304,1.73651,0.139244,-0.503695,-0.125505,-1.56471,-0.724134,-3.02198,14.7947,5.85618,-4.03236,8.20548,4.62852,0,0,0,0,0,0
3.93536,1.73944,0.156435,-0.494447,-0.0487639,-1.60179,-0.824363,-5.30718,14.4716,7.17079,-4.33872,10.1678,5.9202,0,0,0,0,0,0
3.94034,1.80607,0.158404,-0.507484,0.0271768,-1.66711,-0.99137,-5.6145,16.217,7.57834,-4.50432,8.79336,6.03612,0,0,0,0,0,0
3.94536,1.88065,0.150454,-0.518694,0.0968995,-1.6377,-1.13946,-5.6145,16.217,7.57834,-4.50432,8.79336,6.03612,0,0,0,0,0,0
3.95037,1.91904,0.131082,-0.530787,0.139865,-1.64294,-1.21598,-4.75164,17.2848,7.73718,-3.75084,9.74556,5.0922,0,0,0,0,0,0
3.95538,1.93432,0.10504,-0.541784,0.150029,-1.69528,-1.22589,-4.75164,17.2848,7.73718,-3.75084,9.74556,5.0922,0,0,0,0,0,0
3.96038,1.93547,0.0794229,-0.553944,0.139803,-1.7577,-1.17369,-4.74376,16.8947,7.67448,-3.21264,10.0022,4.03236,0,0,0,0,0,0
3.96536,1.9423,0.0624565,-0.562284,0.108353,-1.83528,-1.06497,-4.74376,16.8947,7.67448,-3.21264,10.0022,4.03236,0,0,0,0,0,0
3.97034,1.95887,0.0503177,-0.586466,0.0674402,-1.81506,-1.01054,-5.54358,16.0161,8.74665,-2.91456,8.03988,5.02596,0,0,0,0,0,0
3.97533,1.96095,0.0510637,-0.613213,0.0463162,-1.75223,-0.960583,-3.89666,16.087,8.09457,-3.40308,9.24048,4.00752,0,0,0,0,0,0
3.98028,1.92881,0.0532071,-0.629728,0.0333836,-1.75835,-0.853297,-3.89666,16.087,8.09457,-3.40308,9.24048,4.00752,0,0,0,0,0,0
3.98534,1.89673,0.0343877,-0.646982,0.0147347,-1.7979,-0.8011,-4.17246,17.6473,7.89811,-3.23748,9.729,5.11704,0,0,0,0,0,0
3.99035,1.88332,0.00576815,-0.656673,-0.00348378,-1.85322,-0.821161,-4.17246,17.6473,7.89811,-3.23748,9.729,5.11704,0,0,0,0,0,0
3.99531,1.88103,-0.0208711,-0.663374,-0.013071,-1.85878,-0.875638,-4.91712,17.0996,7.51773,-3.41964,8.86788,5.6718,0,0,0,0,0,0
4.00031,1.90873,-0.0339055,-0.6596,-0.00799178,-1.8079,-0.958094,-4.91712,17.0996,7.51773,-3.41964,8.86788,5.6718,0,0,0,0,0,0
4.00542,1.93713,-0.0452665,-0.654442,0.00305311,-1.75207,-1.038,-4.91712,17.0996,7.51773,-3.41964,8.86788,5.6718,0,0,0,0,0,0
4.01034,1.95036,-0.0436171,-0.647984,0.0232855,-1.74918,-1.04742,-4.79498,15.3305,7.12272,-3.67632,9.78696,4.42152,0,0,0,0,0,0
4.01537,1.97333,-0.037732,-0.645209,0.0382491,-1.74534,-1.03494,-5.0235,16.7923,7.77689,-3.23748,8.67744,5.48136,0,0,0,0,0,0
4.02035,2.00184,-0.0415394,-0.646793,0.0305164,-1.67818,-1.07432,-5.0235,16.7923,7.77689,-3.23748,8.67744,5.48136,0,0,0,0,0,0
4.02538,2.01926,-0.054775,-0.647814,-0.00548563,-1.61504,-1.05001,-5.08654,17.2572,7.50728,-2.34324,8.71056,4.23936,0,0,0,0,0,0
4.03035,2.04859,-0.0693634,-0.643816,-0.0509763,-1.55995,-0.964467,-5.08654,17.2572,7.50728,-2.34324,8.71056,4.23936,0,0,0,0,0,0
4.03535,2.04167,-0.0901982,-0.651081,-0.0593691,-1.54456,-0.963417,-4.01092,17.1902,8.01724,-3.48588,9.33156,5.81256,0,0,0,0,0,0
4.04035,2.01657,-0.110023,-0.666273,-0.0493104,-1.57869,-1.0364,-4.01092,17.1902,8.01724,-3.48588,9.33156,5.81256,0,0,0,0,0,0
4.04536,1.99205,-0.12627,-0.676205,-0.0536533,-1.6312,-1.05839,-4.47584,16.02,7.11018,-3.1464,9.4806,4.95972,0,0,0,0,0,0
4.05035,1.99772,-0.122633,-0.669332,-0.0592897,-1.69919,-1.04173,-4.47584,16.02,7.11018,-3.1464,9.4806,4.95972,0,0,0,0,0,0
4.05536,2.00899,-0.130501,-0.677128,-0.044061,-1.69543,-0.997873,-4.9841,16.7805,8.09457,-3.78396,7.97364,4.31388,0,0,0,0,0,0
4.06037,2.01825,-0.146712,-0.683225,-0.0424359,-1.68886,-0.928654,-4.2158,16.5598,6.74025,-2.53368,9.38124,4.38012,0,0,0,0,0,0
4.06546,2.01457,-0.158998,-0.670692,-0.0687134,-1.75341,-0.868582,-4.2158,16.5598,6.74025,-2.53368,9.38124,4.38012,0,0,0,0,0,0
4.07038,1.99889,-0.168498,-0.656122,-0.0682922,-1.75836,-0.835517,-4.13306,15.7285,6.23029,-3.45276,8.2386,4.74444,0,0,0,0,0,0
4.07539,2.0206,-0.167086,-0.64958,-0.0546371,-1.74438,-0.852809,-5.19686,16.0003,7.64104,-3.65148,9.12456,5.34888,0,0,0,0,0,0
4.08039,2.07058,-0.164251,-0.658013,-0.0437074,-1.7674,-0.9028,-5.19686,16.0003,7.64104,-3.65148,9.12456,5.34888,0,0,0,0,0,0
4.0853,2.11584,-0.171599,-0.657658,-0.0633996,-1.74026,-0.878819,-5.64602,16.5244,6.69636,-2.5668,8.1558,3.90816,0,0,0,0,0,0
4.09018,2.13858,-0.176271,-0.64441,-0.0861919,-1.70441,-0.902004,-4.30642,15.8546,6.63366,-3.08016,8.86788,6.35076,0,0,0,0,0,0
4.0953,2.14075,-0.171068,-0.627604,-0.0925073,-1.71181,-1.04133,-4.30642,15.8546,6.63366,-3.08016,8.86788,6.35076,0,0,0,0,0,0
4.10023,2.15941,-0.173978,-0.61363,-0.0930323,-1.6937,-1.13221,-4.9841,16.3628,6.63784,-3.17952,8.23032,5.7546,0,0,0,0,0,0
4.10528,2.16458,-0.175716,-0.598791,-0.10276,-1.64291,-1.18594,-4.36158,15.2517,6.28672,-2.83176,8.34624,5.78772,0,0,0,0,0,0
4.11031,2.16997,-0.159082,-0.575746,-0.122309,-1.60541,-1.24175,-4.36158,15.2517,6.28672,-2.83176,8.34624,5.78772,0,0,0,0,0,0
4.1153,2.16989,-0.148063,-0.570477,-0.118493,-1.58952,-1.27171,-4.31824,15.5985,7.55535,-3.73428,8.61948,5.29092,0,0,0,0,0,0
4.12033,2.14573,-0.155971,-0.581584,-0.0869476,-1.55603,-1.2705,-3.9794,16.3195,7.13108,-4.11516,7.89084,5.44824,0,0,0,0,0,0
4.12533,2.12782,-0.168183,-0.585861,-0.0402793,-1.48538,-1.27065,-3.9794,16.3195,7.13108,-4.11516,7.89084,5.44824,0,0,0,0,0,0
4.13033,2.11091,-0.194544,-0.593476,-0.00119398,-1.48616,-1.20904,-4.36158,17.0169,7.01613,-3.70944,9.19908,4.2642,0,0,0,0,0,0
4.13534,2.12485,-0.225983,-0.610727,0.0297745,-1.52344,-1.18738,-4.89348,16.875,7.84168,-4.04064,8.26344,6.19344,0,0,0,0,0,0
4.1403,2.16193,-0.243838,-0.628913,0.0553505,-1.50015,-1.26949,-4.89348,16.875,7.84168,-4.04064,8.26344,6.19344,0,0,0,0,0,0
4.14531,2.20443,-0.261677,-0.645781,0.056148,-1.54971,-1.34706,-5.52782,16.7686,7.76017,-3.30372,9.80352,6.09408,0,0,0,0,0,0
4.15035,2.27095,-0.269983,-0.655112,0.0434914,-1.66603,-1.4112,-5.52782,16.7686,7.76017,-3.30372,9.80352,6.09408,0,0,0,0,0,0
4.15537,2.33241,-0.277239,-0.663103,0.0353361,-1.7684,-1.46775,-5.52782,16.7686,7.76017,-3.30372,9.80352,6.09408,0,0,0,0,0,0
4.16037,2.37914,-0.292413,-0.675991,0.00849078,-1.76132,-1.46688,-5.62632,16.7844,7.76226,-2.39292,7.7832,5.06736,0,0,0,0,0,0
4.16538,2.43733,-0.296995,-0.680989,-0.0385467,-1.63841,-1.40044,-5.62632,16.7844,7.76226,-2.39292,7.7832,5.06736,0,0,0,0,0,0
4.17038,2.46326,-0.297862,-0.673804,-0.0646702,-1.55848,-1.29561,-5.08654,15.8664,6.55424,-3.08016,8.5284,4.35528,0,0,0,0,0,0
4.17537,2.46951,-0.305178,-0.684195,-0.072742,-1.57107,-1.17899,-4.53888,16.7095,8.55855,-2.88144,8.80992,4.57056,0,0,0,0,0,0
4.18037,2.47178,-0.314724,-0.715468,-0.0937057,-1.60268,-1.09008,-4.53888,16.7095,8.55855,-2.88144,8.80992,4.57056,0,0,0,0,0,0
4.18538,2.4686,-0.343413,-0.728704,-0.13061,-1.6226,-1.03606,-4.7871,17.9979,6.82803,-2.37636,8.50356,4.98456,0,0,0,0,0,0
4.19038,2.48857,-0.380064,-0.717235,-0.164689,-1.62711,-1.00902,-4.7871,17.9979,6.82803,-2.37636,8.50356,4.98456,0,0,0,0,0,0
4.19537,2.47991,-0.406297,-0.715005,-0.178896,-1.58249,-0.96862,-4.16064,16.0673,7.05375,-2.76552,7.42716,4.64508,0,0,0,0,0,0
4.20026,2.46933,-0.404879,-0.710912,-0.175534,-1.48902,-0.912506,-4.16064,16.0673,7.05375,-2.76552,7.42716,4.64508,0,0,0,0,0,0
4.20537,2.45471,-0.400336,-0.699537,-0.152345,-1.4196,-0.926399,-4.5704,15.0902,6.12788,-3.38652,7.75008,6.003,0,0,0,0,0,0
4.21037,2.46745,-0.385054,-0.677618,-0.132102,-1.38356,-1.00461,-4.5704,15.0902,6.12788,-3.38652,7.75008,6.003,0,0,0,0,0,0
4.21534,2.44535,-0.38906,-0.672493,-0.149744,-1.33542,-1.05163,-3.72724,15.8861,6.80713,-2.26872,7.22844,5.53104,0,0,0,0,0,0
4.22038,2.42533,-0.39017,-0.668837,-0.200241,-1.25921,-1.07892,-3.72724,15.8861,6.80713,-2.26872,7.22844,5.53104,0,0,0,0,0,0
4.22537,2.40147,-0.380459,-0.683808,-0.215101,-1.24247,-1.15493,-3.92818,14.2313,8.0047,-3.65148,8.25516,6.46668,0,0,0,0,0,0
4.23036,2.3975,-0.347502,-0.710231,-0.196952,-1.29253,-1.26301,-3.92818,14.2313,8.0047,-3.65148,8.25516,6.46668,0,0,0,0,0,0
4.23536,2.40902,-0.33656,-0.721471,-0.203229,-1.26025,-1.2959,-5.19292,15.5709,6.36196,-2.67444,6.417,5.24952,0,0,0,0,0,0
4.24039,2.465,-0.33542,-0.708437,-0.224662,-1.13366,-1.25285,-5.19292,15.5709,6.36196,-2.67444,6.417,5.24952,0,0,0,0,0,0
4.24537,2.51094,-0.350798,-0.698076,-0.227624,-1.08306,-1.13427,-5.56722,16.1934,6.07563,-3.09672,7.67556,3.79224,0,0,0,0,0,0
4.25029,2.58248,-0.361355,-0.676595,-0.213789,-1.09836,-0.964023,-5.56722,16.1934,6.07563,-3.09672,7.67556,3.79224,0,0,0,0,0,0
4.25537,2.61462,-0.361494,-0.651808,-0.198213,-1.14962,-0.903227,-4.48766,14.6332,5.62628,-2.99736,8.31312,5.6304,0,0,0,0,0,0
4.26036,2.62931,-0.337954,-0.61762,-0.19942,-1.2231,-0.94,-4.48766,14.6332,5.62628,-2.99736,8.31312,5.6304,0,0,0,0,0,0
4.26537,2.63395,-0.318055,-0.602775,-0.222149,-1.25062,-1.00188,-4.73982,14.2076,6.69845,-2.40948,7.46856,6.17688,0,0,0,0,0,0
4.27038,2.66036,-0.287141,-0.598165,-0.248398,-1.23744,-1.08848,-4.73982,14.2076,6.69845,-2.40948,7.46856,6.17688,0,0,0,0,0,0
4.27537,2.66212,-0.264474,-0.590276,-0.25122,-1.24427,-1.05869,-4.07002,14.5583,6.1655,-3.0222,7.7418,3.96612,0,0,0,0,0,0
4.28038,2.62019,-0.249712,-0.588804,-0.261379,-1.17958,-0.968755,-3.49478,14.7553,7.12063,-2.51712,6.26796,4.95972,0,0,0,0,0,0
4.28537,2.58418,-0.23264,-0.596148,-0.276516,-1.0427,-0.933157,-3.49478,14.7553,7.12063,-2.51712,6.26796,4.95972,0,0,0,0,0,0
4.29024,2.5453,-0.236402,-0.601854,-0.286816,-0.940294,-0.95255,-3.84938,15.76,6.479,-2.47572,6.61572,5.9616,0,0,0,0,0,0
4.29524,2.53104,-0.248161,-0.599514,-0.301256,-0.87486,-1.01557,-3.84938,15.76,6.479,-2.47572,6.61572,5.9616,0,0,0,0,0,0
4.30017,2.51772,-0.2627,-0.599953,-0.316735,-0.82551,-1.06931,-3.84938,15.76,6.479,-2.47572,6.61572,5.9616,0,0,0,0,0,0
4.30531,2.47615,-0.269238,-0.603426,-0.283088,-0.780329,-1.10128,-3.26626,13.9673,6.15505,-4.37184,6.417,5.64696,0,0,0,0,0,0
4.31035,2.44663,-0.2485,-0.598061,-0.20316,-0.743302,-1.11161,-3.26626,13.9673,6.15505,-4.37184,6.417,5.64696,0,0,0,0,0,0
4.31534,2.45339,-0.230285,-0.599502,-0.166024,-0.715307,-1.04967,-4.71618,13.8964,6.50199,-2.7738,6.31764,4.23936,0,0,0,0,0,0
4.32034,2.49289,-0.224698,-0.605183,-0.151635,-0.691023,-0.935535,-5.00774,15.0547,6.53961,-3.49416,6.56604,4.4298,0,0,0,0,0,0
4.32534,2.56011,-0.220257,-0.604011,-0.126071,-0.676149,-0.851062,-5.00774,15.0547,6.53961,-3.49416,6.56604,4.4298,0,0,0,0,0,0
4.33033,2.59381,-0.208138,-0.611531,-0.0991652,-0.662125,-0.850648,-4.18034,13.6285,6.91999,-3.6846,6.51636,5.77944,0,0,0,0,0,0
4.33532,2.61385,-0.196726,-0.625521,-0.0837645,-0.622166,-0.893793,-4.28278,15.3857,7.24394,-2.8152,5.89536,5.24124,0,0,0,0,0,0
4.34034,2.64273,-0.199233,-0.640256,-0.0917938,-0.547394,-0.897975,-4.28278,15.3857,7.24394,-2.8152,5.89536,5.24124,0,0,0,0,0,0
4.34531,2.6523,-0.221839,-0.633459,-0.111928,-0.528608,-0.880317,-4.23944,16.5125,5.12468,-2.29356,6.85584,4.968,0,0,0,0,0,0
4.35034,2.65841,-0.238258,-0.619817,-0.132372,-0.525182,-0.921802,-3.79422,15.3424,7.03076,-2.40948,6.14376,6.51636,0,0,0,0,0,0
4.35532,2.65625,-0.238684,-0.628223,-0.154316,-0.489856,-1.04129,-3.79422,15.3424,7.03076,-2.40948,6.14376,6.51636,0,0,0,0,0,0
4.36032,2.62291,-0.243116,-0.628558,-0.166223,-0.458368,-1.07116,-3.2111,14.8577,5.87708,-2.86488,6.01956,4.83552,0,0,0,0,0,0
4.36533,2.59271,-0.234112,-0.609079,-0.163006,-0.426738,-1.02387,-3.2111,14.8577,5.87708,-2.86488,6.01956,4.83552,0,0,0,0,0,0
4.37033,2.57525,-0.240742,-0.609664,-0.139124,-0.452227,-0.990194,-4.23156,15.563,7.00568,-3.56868,6.92208,4.91832,0,0,0,0,0,0
4.37531,2.60404,-0.246055,-0.620473,-0.103238,-0.513475,-0.957106,-4.23156,15.563,7.00568,-3.56868,6.92208,4.91832,0,0,0,0,0,0
4.38034,2.60904,-0.250499,-0.628952,-0.084109,-0.610242,-0.868071,-3.76664,14.6962,6.35569,-3.00564,7.69212,3.84192,0,0,0,0,0,0
4.38534,2.62034,-0.242673,-0.627546,-0.0820135,-0.749303,-0.72524,-3.76664,14.6962,6.35569,-3.00564,7.69212,3.84192,0,0,0,0,0,0
4.39032,2.61902,-0.262994,-0.63286,-0.0878583,-0.840845,-0.595541,-3.84544,16.3904,6.29299,-2.65788,6.68196,3.933,0,0,0,0,0,0
4.39534,2.63647,-0.289385,-0.628612,-0.100927,-0.866744,-0.482557,-3.84544,16.3904,6.29299,-2.65788,6.68196,3.933,0,0,0,0,0,0
4.40032,2.63007,-0.302212,-0.632381,-0.121787,-0.851373,-0.402832,-3.61692,14.3534,6.65038,-2.22732,5.89536,4.33872,0,0,0,0,0,0
4.40529,2.63543,-0.28943,-0.631298,-0.161989,-0.73635,-0.414897,-3.66814,14.5386,6.19476,-1.29168,4.66164,5.60556,0,0,0,0,0,0
4.41033,2.65292,-0.277163,-0.623785,-0.224022,-0.559825,-0.505222,-3.66814,14.5386,6.19476,-1.29168,4.66164,5.60556,0,0,0,0,0,0
4.4153,2.6509,-0.287247,-0.632961,-0.237107,-0.366374,-0.50566,-3.43174,15.6339,6.92835,-3.08016,3.88332,3.79224,0,0,0,0,0,0
4.42031,2.65893,-0.305471,-0.651732,-0.191632,-0.159432,-0.428137,-3.43174,15.6339,6.92835,-3.08016,3.88332,3.79224,0,0,0,0,0,0
4.4253,2.66529,-0.321991,-0.650795,-0.137902,-0.029559,-0.431737,-3.65238,14.8302,4.94076,-3.19608,4.8438,5.14188,0,0,0,0,0,0
4.43033,2.68491,-0.32898,-0.624993,-0.0853301,0.0214337,-0.493513,-3.65238,14.8302,4.94076,-3.19608,4.8438,5.14188,0,0,0,0,0,0
4.43531,2.69125,-0.326299,-0.610951,-0.0567555,0.0777525,-0.561293,-3.79028,13.0414,5.37339,-2.41776,4.28076,5.51448,0,0,0,0,0,0
4.44019,2.66532,-0.33386,-0.611219,-0.120963,0.109323,-0.500638,-1.9306,15.2517,5.54477,0.18216,4.85208,2.74896,0,0,0,0,0,0
4.4452,2.59159,-0.353278,-0.602567,-0.123938,0.158243,-0.347692,-1.50902,14.4519,4.80073,-4.11516,3.78396,3.46104,0,0,0,0,0,0
4.45028,2.61498,-0.379328,-0.602545,-0.0291959,0.210175,-0.491911,-5.57904,15.7915,6.16341,-3.70116,4.57884,8.23032,0,0,0,0,0,0
4.45531,2.69895,-0.395124,-0.611564,0.0475236,0.250259,-0.784466,-3.87696,14.4165,6.10489,-4.16484,4.2228,6.72336,0,0,0,0,0,0
4.4603,2.7169,-0.392364,-0.618267,0.0758417,0.286298,-0.899917,-3.33718,14.4677,6.3118,-2.4012,4.81068,5.63868,0,0,0,0,0,0
4.46531,2.71701,-0.397214,-0.624394,0.0531934,0.279726,-0.917298,-3.4869,15.7167,6.45392,-2.277,5.27436,5.07564,0,0,0,0,0,0
4.47033,2.71998,-0.414375,-0.646644,0.0141856,0.185409,-0.967244,-3.56964,15.4448,7.47384,-2.17764,6.4584,6.40872,0,0,0,0,0,0
4.47533,2.72931,-0.428351,-0.665913,-0.00774635,0.092753,-1.07289,-3.69178,15.3424,6.23865,-2.82348,5.39856,6.42528,0,0,0,0,0,0
4.48031,2.72234,-0.425726,-0.667584,-0.00252196,0.0372645,-1.09376,-3.08502,14.4677,6.61276,-2.97252,5.97816,4.89348,0,0,0,0,0,0
4.48532,2.71401,-0.404764,-0.661772,0.000117987,0.0585997,-1.05379,-3.349,13.8452,5.77676,-2.97252,4.03236,5.24952,0,0,0,0,0,0
4.49034,2.72714,-0.392594,-0.660728,-0.00105642,0.0936796,-1.01726,-3.99516,15.1532,6.94298,-2.96424,5.7132,5.175,0,0,0,0,0,0
4.49531,2.77201,-0.404489,-0.66672,-0.035371,0.00515403,-1.01871,-4.28672,15.8152,6.06518,-1.95408,6.21828,6.10236,0,0,0,0,0,0
4.50021,2.80372,-0.423962,-0.660408,-0.0883379,-0.0569452,-0.948103,-3.6248,15.7364,5.88962,-1.6974,5.19984,3.71772,0,0,0,0,0,0
4.50535,2.82119,-0.436057,-0.650841,-0.116342,-0.0814254,-0.924664,-3.63268,15.3857,6.0401,-3.17952,5.66352,6.88068,0,0,0,0,0,0
4.51033,2.84262,-0.448698,-0.649086,-0.110137,-0.138115,-1.06947,-3.63268,15.3857,6.0401,-3.17952,5.66352,6.88068,0,0,0,0,0,0
4.51532,2.84068,-0.47588,-0.664168,-0.137261,-0.206815,-1.17591,-3.32536,15.6221,6.62948,-1.83816,5.6718,6.15204,0,0,0,0,0,0
4.52034,2.82855,-0.48913,-0.662333,-0.150567,-0.304468,-1.1615,-2.98258,14.9681,5.30442,-2.91456,6.47496,4.7196,0,0,0,0,0,0
4.52531,2.81476,-0.490845,-0.641747,-0.141976,-0.430093,-1.07069,-2.98258,14.9681,5.30442,-2.91456,6.47496,4.7196,0,0,0,0,0,0
4.53031,2.77781,-0.495139,-0.630988,-0.152054,-0.451205,-1.01995,-2.57676,14.3692,5.57612,-2.22732,4.44636,5.4234,0,0,0,0,0,0
4.5353,2.75594,-0.481913,-0.61518,-0.167019,-0.357409,-1.00759,-2.57676,14.3692,5.57612,-2.22732,4.44636,5.4234,0,0,0,0,0,0
4.54032,2.74999,-0.487703,-0.601967,-0.203844,-0.261331,-1.01036,-3.2702,15.9215,5.64718,-1.01016,4.28076,5.69664,0,0,0,0,0,0
4.54531,2.75306,-0.514326,-0.593569,-0.184264,-0.103426,-0.992972,-3.152,16.4613,5.97949,-4.38012,3.17952,4.8024,0,0,0,0,0,0
4.5502,2.7657,-0.523398,-0.593455,-0.131992,0.0195913,-0.99387,-3.57358,14.184,6.23865,-2.53368,4.52088,6.0444,0,0,0,0,0,0
4.55533,2.7916,-0.524253,-0.593252,-0.112746,0.0836091,-0.971988,-3.40416,15.4684,5.83528,-3.105,4.08204,4.347,0,0,0,0,0,0
4.56035,2.79039,-0.545506,-0.603381,-0.115014,0.138089,-0.918305,-2.72648,15.9846,6.92835,-2.06172,4.37184,5.33232,0,0,0,0,0,0
4.56532,2.80548,-0.571105,-0.620708,-0.0977506,0.215951,-0.961798,-3.9991,15.8427,6.34315,-3.66804,3.3534,6.15204,0,0,0,0,0,0
4.57033,2.82299,-0.5733,-0.632087,-0.0814624,0.274835,-1.00198,-2.8368,13.4984,6.30553,-2.18592,4.57056,5.39856,0,0,0,0,0,0
4.57532,2.81499,-0.556141,-0.648911,-0.0943276,0.266122,-0.997251,-2.86438,13.9043,6.76115,-2.7324,4.37184,5.3406,0,0,0,0,0,0
4.5803,2.81001,-0.553919,-0.669773,-0.0833003,0.275221,-1.03485,-3.0732,14.775,6.47064,-2.84832,4.12344,6.35076,0,0,0,0,0,0
4.58531,2.84721,-0.570593,-0.674135,-0.0850519,0.306378,-1.14285,-4.30642,15.6891,5.44445,-2.84004,3.86676,7.14564,0,0,0,0,0,0
4.59031,2.87175,-0.586065,-0.675156,-0.102026,0.421317,-1.16756,-2.76982,14.8459,6.38286,-2.33496,2.5668,4.91832,0,0,0,0,0,0
4.59525,2.87404,-0.587313,-0.67014,-0.107902,0.549587,-1.2035,-3.43962,14.2155,4.92404,-3.32856,3.3534,7.17048,0,0,0,0,0,0
4.60015,2.88762,-0.585398,-0.65868,-0.106027,0.559785,-1.24212,-3.0338,14.5347,5.8311,-2.4426,4.57884,5.55588,0,0,0,0,0,0
4.60532,2.92399,-0.580739,-0.649314,-0.12501,0.522249,-1.19357,-3.98728,14.4795,5.45281,-2.14452,4.21452,5.48964,0,0,0,0,0,0
4.61033,2.94162,-0.579398,-0.646114,-0.148035,0.448074,-1.06311,-2.4822,14.2904,5.88126,-2.36808,5.24952,3.79224,0,0,0,0,0,0
4.61534,2.92558,-0.571847,-0.642277,-0.132572,0.368612,-1.04294,-3.00622,14.05,5.5176,-3.65976,4.40496,7.34436,0,0,0,0,0,0
4.62033,2.94396,-0.558749,-0.638975,-0.138869,0.275672,-1.16914,-3.55388,13.5891,5.81229,-1.55664,5.53932,6.72336,0,0,0,0,0,0
4.62532,2.96489,-0.559922,-0.638029,-0.162852,0.125229,-1.25208,-3.12048,15.2557,5.61583,-2.50056,5.47308,6.6654,0,0,0,0,0,0
4.63033,2.94584,-0.572204,-0.625057,-0.158034,0.040992,-1.30471,-2.01334,14.5307,4.72131,-3.03048,4.3884,6.22656,0,0,0,0,0,0
4.63534,2.94285,-0.571464,-0.601741,-0.176547,-0.0657025,-1.31912,-3.53812,14.2076,4.9533,-1.9872,6.09408,5.72148,0,0,0,0,0,0
4.64032,2.96053,-0.573231,-0.594444,-0.22339,-0.147697,-1.33059,-2.88802,14.3889,5.63464,-1.45728,4.14,6.3342,0,0,0,0,0,0
4.64532,2.97425,-0.582897,-0.617867,-0.243244,-0.125386,-1.45042,-3.50266,15.2714,7.68911,-2.64132,4.46292,7.96536,0,0,0,0,0,0
4.65034,3.01224,-0.595148,-0.662366,-0.235907,-0.11445,-1.62894,-3.50266,15.2714,7.68911,-2.64132,4.46292,7.96536,0,0,0,0,0,0
4.65532,3.02015,-0.608459,-0.698299,-0.263743,-0.0689414,-1.61854,-2.78952,14.6056,6.67964,-1.22544,3.519,4.6782,0,0,0,0,0,0
4.6603,3.0231,-0.607627,-0.717117,-0.32193,0.0251582,-1.44221,-2.78952,14.6056,6.67964,-1.22544,3.519,4.6782,0,0,0,0,0,0
4.66533,2.99774,-0.631027,-0.735533,-0.372311,0.132671,-1.34857,-2.17488,16.024,6.08399,-1.27512,2.90628,6.06924,0,0,0,0,0,0
4.67032,2.97162,-0.658165,-0.738532,-0.422701,0.270862,-1.33459,-2.17488,16.024,6.08399,-1.27512,2.90628,6.06924,0,0,0,0,0,0
4.67531,2.94864,-0.682261,-0.745989,-0.424109,0.322063,-1.28139,-2.71072,15.2399,6.23238,-3.15468,4.32216,5.19984,0,0,0,0,0,0
4.68032,2.95832,-0.686605,-0.747183,-0.385207,0.400224,-1.24745,-3.3687,14.1091,5.60747,-3.09672,2.37636,6.35904,0,0,0,0,0,0
4.68532,2.99534,-0.6894,-0.739672,-0.382113,0.483209,-1.26406,-3.67996,14.7553,5.22082,-1.96236,3.8088,6.24312,0,0,0,0,0,0
4.69025,3.01885,-0.687329,-0.734028,-0.394519,0.556201,-1.31441,-2.758,14.05,6.05891,-2.66616,2.47572,7.00488,0,0,0,0,0,0
4.69533,3.03627,-0.662497,-0.724818,-0.37392,0.659459,-1.37969,-3.40416,12.7026,4.98883,-3.22092,3.04704,6.78132,0,0,0,0,0,0
4.70034,3.05955,-0.62757,-0.706091,-0.375271,0.670914,-1.39979,-2.82498,13.4945,5.55731,-1.44072,4.00752,5.97816,0,0,0,0,0,0
4.70532,3.07004,-0.609154,-0.696561,-0.357374,0.66648,-1.37924,-2.85256,13.723,5.33786,-3.44448,2.98908,5.81256,0,0,0,0,0,0
4.71035,3.07255,-0.606722,-0.69455,-0.318156,0.679607,-1.26472,-2.67526,14.1643,5.57821,-2.33496,3.38652,4.06548,0,0,0,0,0,0
4.71535,3.07283,-0.596788,-0.675445,-0.284101,0.725229,-1.23312,-2.78952,13.0178,4.03788,-3.24576,2.40948,7.245,0,0,0,0,0,0
4.72038,3.06288,-0.581729,-0.661386,-0.271771,0.787101,-1.31787,-2.40734,13.1754,5.72242,-1.88784,2.86488,6.64056,0,0,0,0,0,0
4.72537,3.06321,-0.562556,-0.666045,-0.293044,0.816842,-1.37385,-2.40734,13.1754,5.72242,-1.88784,2.86488,6.64056,0,0,0,0,0,0
4.7304,3.05681,-0.538236,-0.676994,-0.30521,0.800805,-1.36181,-2.33248,12.0288,5.83737,-2.1114,3.42792,5.34888,0,0,0,0,0,0
4.73535,3.01279,-0.524564,-0.703796,-0.339631,0.714747,-1.2779,-1.05592,13.5694,6.56678,-1.2834,4.06548,4.94316,0,0,0,0,0,0
4.74036,2.99262,-0.542804,-0.729002,-0.355445,0.708054,-1.26102,-3.10866,15.035,5.63046,-2.92284,1.9458,6.36732,0,0,0,0,0,0
4.74538,3.00693,-0.570267,-0.727698,-0.365244,0.684535,-1.32018,-2.2064,14.8341,4.81536,-1.62288,4.46292,6.19344,0,0,0,0,0,0
4.75024,3.00735,-0.575462,-0.731849,-0.413219,0.538824,-1.36639,-2.47038,12.8523,5.96277,-1.22544,4.32216,6.42528,0,0,0,0,0,0
4.75522,3.01779,-0.558607,-0.74413,-0.446548,0.44321,-1.3621,-2.40734,13.6442,6.23238,-1.58976,3.75084,5.59728,0,0,0,0,0,0
4.76015,3.02304,-0.553664,-0.738031,-0.453676,0.347854,-1.3468,-2.15518,13.9121,4.43498,-2.29356,4.47948,6.10236,0,0,0,0,0,0
4.76531,3.00775,-0.537741,-0.728645,-0.435429,0.250061,-1.30777,-1.72178,12.0997,5.63464,-3.05532,3.92472,5.39028,0,0,0,0,0,0
4.77036,3.02037,-0.511412,-0.727396,-0.446466,0.211227,-1.31364,-3.01804,12.7262,4.93449,-1.12608,3.54384,6.89724,0,0,0,0,0,0
4.77538,3.04679,-0.500055,-0.716716,-0.435316,0.168564,-1.34579,-2.19852,13.5812,4.92613,-3.55212,4.00752,6.22656,0,0,0,0,0,0
4.78036,3.08498,-0.498476,-0.70635,-0.410018,0.205714,-1.34556,-3.41204,13.7427,5.05153,-1.66428,2.1528,6.1272,0,0,0,0,0,0
4.78536,3.12709,-0.493333,-0.691291,-0.393925,0.282744,-1.31786,-2.36794,13.2345,4.47051,-2.92284,3.12984,5.7132,0,0,0,0,0,0
4.79038,3.14703,-0.480108,-0.676061,-0.371669,0.353449,-1.29813,-2.62404,13.2463,5.24172,-1.97892,2.11968,6.24312,0,0,0,0,0,0
4.79539,3.18708,-0.475551,-0.665165,-0.356872,0.45911,-1.2733,-3.14018,13.4984,4.33884,-2.691,2.18592,5.74632,0,0,0,0,0,0
4.80038,3.20472,-0.456879,-0.656492,-0.341999,0.539251,-1.25717,-1.76906,12.2337,5.57612,-1.9458,2.42604,6.09408,0,0,0,0,0,0
4.80537,3.21296,-0.434993,-0.655816,-0.327227,0.577342,-1.27961,-2.9156,13.1754,5.06198,-2.7738,2.83176,6.59088,0,0,0,0,0,0
4.81037,3.25443,-0.426309,-0.652416,-0.292187,0.582646,-1.32882,-2.9156,13.1754,5.06198,-2.7738,2.83176,6.59088,0,0,0,0,0,0
4.81537,3.26438,-0.442779,-0.66408,-0.253238,0.637481,-1.39686,-2.23004,14.3613,5.50924,-2.87316,1.41588,6.9966,0,0,0,0,0,0
4.82036,3.26541,-0.467322,-0.679211,-0.23469,0.769344,-1.47723,-2.23004,14.3613,5.50924,-2.87316,1.41588,6.9966,0,0,0,0,0,0
4.82537,3.24973,-0.486273,-0.692146,-0.261266,0.827772,-1.47243,-1.88332,13.1005,4.94494,-1.49868,2.59992,5.44824,0,0,0,0,0,0
4.83037,3.23276,-0.497706,-0.70391,-0.309103,0.828145,-1.43316,-1.9897,14.0776,5.66808,-1.92096,2.26872,6.31764,0,0,0,0,0,0
4.83536,3.21661,-0.52003,-0.714592,-0.335588,0.836958,-1.45871,-1.96212,14.5347,5.13304,-1.7802,2.41776,6.89724,0,0,0,0,0,0
4.84038,3.2009,-0.536483,-0.702043,-0.333232,0.83685,-1.50791,-1.8321,13.853,4.06296,-2.87316,2.46744,6.40044,0,0,0,0,0,0
4.84537,3.1978,-0.5324,-0.693016,-0.341806,0.885357,-1.51321,-2.43098,13.1517,5.78303,-1.43244,1.60632,6.31764,0,0,0,0,0,0
4.85037,3.19721,-0.527803,-0.692221,-0.383354,0.948533,-1.41137,-1.69026,13.79,4.62517,-1.16748,2.16108,4.42152,0,0,0,0,0,0
4.85541,3.18382,-0.536836,-0.684475,-0.41982,0.952595,-1.32272,-1.96212,14.3889,5.18738,-1.3662,2.47572,6.2514,0,0,0,0,0,0
4.86039,3.19415,-0.537752,-0.682337,-0.409166,0.943108,-1.3042,-2.31278,13.2423,5.1832,-3.12984,2.30184,5.70492,0,0,0,0,0,0
4.86536,3.21906,-0.532261,-0.685794,-0.400292,0.903172,-1.27023,-2.364,13.6324,5.48207,-1.51524,2.898,5.76288,0,0,0,0,0,0
4.87038,3.22843,-0.535995,-0.67984,-0.442627,0.841273,-1.25664,-1.68632,14.0461,4.40781,-0.96876,2.76552,5.86224,0,0,0,0,0,0
4.87537,3.24902,-0.542533,-0.67208,-0.447517,0.766999,-1.26786,-2.46644,13.6954,5.14767,-2.50056,2.97252,6.24312,0,0,0,0,0,0
4.88039,3.25801,-0.529388,-0.668142,-0.414042,0.623527,-1.24252,-1.41446,12.4386,4.92613,-2.80692,4.25592,5.2578,0,0,0,0,0,0
4.8854,3.26974,-0.5118,-0.661967,-0.411944,0.448398,-1.21432,-2.25368,12.872,4.66279,-1.42416,3.54384,6.20172,0,0,0,0,0,0
4.89038,3.30584,-0.515478,-0.666163,-0.428899,0.34197,-1.22221,-2.69102,14.2392,5.6221,-2.2356,3.34512,5.9616,0,0,0,0,0,0
4.8954,3.32411,-0.525537,-0.665772,-0.413732,0.243062,-1.2069,-1.73754,13.1832,4.13611,-2.9394,3.55212,5.68836,0,0,0,0,0,0
4.90036,3.3369,-0.528335,-0.649582,-0.40466,0.23977,-1.21763,-2.33642,13.5654,4.37855,-1.64772,1.73052,6.64884,0,0,0,0,0,0
4.90534,3.36957,-0.555378,-0.644126,-0.418862,0.285491,-1.12463,-2.6201,14.6647,4.24897,-2.09484,2.37636,3.52728,0,0,0,0,0,0
4.91013,3.39959,-0.570517,-0.648998,-0.401503,0.294723,-1.01268,-2.16306,12.6789,5.36294,-2.65788,2.43432,5.85396,0,0,0,0,0,0
4.91529,3.4181,-0.561438,-0.666579,-0.364199,0.318628,-1.02834,-2.16306,12.6789,5.36294,-2.65788,2.43432,5.85396,0,0,0,0,0,0
4.92036,3.42568,-0.568659,-0.680456,-0.319949,0.383617,-0.950216,-2.34036,13.5694,4.68578,-2.84004,1.55664,3.84192,0,0,0,0,0,0
4.92537,3.42284,-0.578783,-0.671119,-0.300184,0.562706,-0.857885,-1.40264,13.2857,3.73274,-1.87128,-0.0414,5.47308,0,0,0,0,0,0
4.93036,3.40464,-0.558463,-0.645167,-0.261158,0.720703,-0.81117,-1.5169,11.0438,3.6575,-3.75912,1.58976,4.5954,0,0,0,0,0,0
4.93539,3.37997,-0.53553,-0.628272,-0.175418,0.761382,-0.880249,-0.79588,12.3755,3.93547,-3.8502,1.47384,7.21188,0,0,0,0,0,0
4.94038,3.34294,-0.532891,-0.621429,-0.0984087,0.793934,-1.07054,-0.79588,12.3755,3.93547,-3.8502,1.47384,7.21188,0,0,0,0,0,0
4.94536,3.31881,-0.542258,-0.629848,-0.0387021,0.811269,-1.23105,-1.61146,12.4622,4.48305,-3.38652,1.4076,6.98004,0,0,0,0,0,0
4.9503,3.33391,-0.543776,-0.646679,-0.0311089,0.790541,-1.3144,-2.02122,12.8759,5.4758,-2.03688,2.35152,6.3342,0,0,0,0,0,0
4.95537,3.36127,-0.53975,-0.667779,-0.0600211,0.740918,-1.34761,-2.02122,12.8759,5.4758,-2.03688,2.35152,6.3342,0,0,0,0,0,0
4.96035,3.3611,-0.549329,-0.686497,-0.0835749,0.730888,-1.33744,-1.4578,13.7861,5.18738,-2.1114,1.54836,5.66352,0,0,0,0,0,0
4.96537,3.34632,-0.549532,-0.675501,-0.0914148,0.80585,-1.33902,-1.15836,13.002,3.84978,-2.4426,0.9522,6.51636,0,0,0,0,0,0
4.97036,3.29901,-0.551511,-0.660337,-0.0837582,0.961556,-1.4059,-0.2955,13.9634,4.9115,-2.55024,-0.01656,7.01316,0,0,0,0,0,0
4.97535,3.24214,-0.564971,-0.649228,-0.116202,1.12929,-1.47387,-0.60282,14.2864,4.26151,-1.06812,0.43884,6.94692,0,0,0,0,0,0
4.98037,3.21236,-0.577833,-0.629088,-0.169106,1.25112,-1.52531,-0.60282,14.2864,4.26151,-1.06812,0.43884,6.94692,0,0,0,0,0,0
4.98538,3.19053,-0.588519,-0.62955,-0.203328,1.32097,-1.54151,-0.91408,13.3369,5.37339,-1.29168,0.79488,6.417,0,0,0,0,0,0
4.9903,3.18275,-0.580383,-0.638147,-0.23353,1.37182,-1.51859,-0.91408,13.3369,5.37339,-1.29168,0.79488,6.417,0,0,0,0,0,0
4.99534,3.17162,-0.571379,-0.646664,-0.265616,1.41833,-1.49141,-0.91408,13.3369,5.37339,-1.29168,0.79488,6.417,0,0,0,0,0,0
5.00037,3.16061,-0.575728,-0.645185,-0.266554,1.42921,-1.4037,-1.35536,13.9437,4.18836,-2.49228,1.13436,5.175,0,0,0,0,0,0
5.0054,3.17319,-0.580264,-0.623928,-0.250135,1.42532,-1.27222,-1.35536,13.9437,4.18836,-2.49228,1.13436,5.175,0,0,0,0,0,0
5.01027,3.15797,-0.589768,-0.611682,-0.243664,1.34305,-1.16441,-0.50432,13.7112,4.45379,-2.3184,2.4426,5.175,0,0,0,0,0,0
5.01524,3.15284,-0.591009,-0.595436,-0.245685,1.24818,-1.19742,-1.46568,13.4039,4.11103,-2.01204,1.4904,7.59276,0,0,0,0,0,0
5.02042,3.17474,-0.587537,-0.573899,-0.25619,1.22564,-1.34675,-1.46568,13.4039,4.11103,-2.01204,1.4904,7.59276,0,0,0,0,0,0
5.02539,3.16523,-0.586356,-0.570017,-0.247539,1.14078,-1.41281,-0.63434,12.8208,4.94494,-2.66616,2.79036,6.3756,0,0,0,0,0,0
5.0304,3.16313,-0.596363,-0.574853,-0.231579,0.973675,-1.46619,-1.39082,13.924,4.2636,-2.58336,2.74896,7.34436,0,0,0,0,0,0
5.03539,3.17675,-0.613417,-0.575328,-0.228008,0.850858,-1.47334,-1.17412,13.8412,4.80491,-2.17764,2.21904,5.72976,0,0,0,0,0,0
5.04032,3.19774,-0.629013,-0.587046,-0.261031,0.747828,-1.44048,-1.77694,13.7742,5.08706,-1.02672,2.6082,6.45012,0,0,0,0,0,0
5.04532,3.24047,-0.642436,-0.602138,-0.320006,0.635257,-1.44904,-1.77694,13.7742,5.08706,-1.02672,2.6082,6.45012,0,0,0,0,0,0
5.05028,3.25774,-0.64847,-0.623203,-0.338842,0.614028,-1.42273,-1.15442,12.1943,5.08079,-2.36808,0.64584,5.65524,0,0,0,0,0,0
5.05523,3.2479,-0.629804,-0.632193,-0.326768,0.662856,-1.37929,-0.55948,12.2101,4.65443,-2.1942,1.59804,6.14376,0,0,0,0,0,0
5.06027,3.24565,-0.621093,-0.62188,-0.325948,0.638504,-1.38204,-1.40658,13.4039,3.76827,-1.79676,2.00376,6.61572,0,0,0,0,0,0
5.06534,3.2499,-0.620138,-0.613181,-0.344286,0.686969,-1.39215,-0.84316,12.9981,4.87179,-1.50696,0.44712,6.03612,0,0,0,0,0,0
5.0702,3.24313,-0.610998,-0.615482,-0.367675,0.811476,-1.3773,-0.84316,12.9981,4.87179,-1.50696,0.44712,6.03612,0,0,0,0,0,0
5.07529,3.23979,-0.601064,-0.622371,-0.355553,0.852441,-1.38281,-1.3002,12.3598,4.87388,-2.82348,1.76364,6.39216,0,0,0,0,0,0
5.08029,3.26122,-0.580489,-0.625872,-0.311816,0.831487,-1.41036,-1.3002,12.3598,4.87388,-2.82348,1.76364,6.39216,0,0,0,0,0,0
5.08528,3.27958,-0.548217,-0.62,-0.260056,0.874129,-1.42443,-1.35536,10.6538,3.85814,-3.16296,0.30636,6.11064,0,0,0,0,0,0
5.09039,3.28609,-0.52171,-0.604525,-0.229385,0.942732,-1.47458,-0.95742,12.1116,3.54882,-2.13624,0.9936,7.50996,0,0,0,0,0,0
5.09538,3.29055,-0.502554,-0.579473,-0.235293,0.978326,-1.59604,-0.95742,12.1116,3.54882,-2.13624,0.9936,7.50996,0,0,0,0,0,0
5.10039,3.26472,-0.474445,-0.555845,-0.22862,1.02022,-1.60579,0.05516,10.8823,3.47776,-2.75724,0.55476,5.36544,0,0,0,0,0,0
5.10538,3.21308,-0.458661,-0.539017,-0.224959,1.07068,-1.54876,0.0788,12.3598,3.39416,-2.04516,0.414,6.2514,0,0,0,0,0,0
5.11031,3.17864,-0.447863,-0.514941,-0.238142,1.13938,-1.52392,0.0788,12.3598,3.39416,-2.04516,0.414,6.2514,0,0,0,0,0,0
5.11539,3.16675,-0.42412,-0.506616,-0.261139,1.20653,-1.48333,-0.74466,10.9808,4.57501,-1.56492,0.32292,6.03612,0,0,0,0,0,0
5.12031,3.17745,-0.3895,-0.514673,-0.28733,1.26404,-1.43353,-0.74466,10.9808,4.57501,-1.56492,0.32292,6.03612,0,0,0,0,0,0
5.12539,3.16167,-0.388049,-0.539265,-0.281961,1.32828,-1.42871,-0.02364,13.4354,5.36294,-2.5668,-0.27324,6.88068,0,0,0,0,0,0
5.13031,3.13354,-0.40288,-0.547638,-0.283146,1.36866,-1.43526,-0.06304,12.935,3.59271,-1.47384,0.58788,6.28452,0,0,0,0,0,0
5.13531,3.11489,-0.410114,-0.532448,-0.315164,1.36087,-1.4164,-0.06304,12.935,3.59271,-1.47384,0.58788,6.28452,0,0,0,0,0,0
5.14032,3.09117,-0.427378,-0.522077,-0.365759,1.34524,-1.43785,0.00394,13.3921,3.61779,-0.71208,0.40572,7.00488,0,0,0,0,0,0
5.14534,3.07147,-0.439906,-0.504994,-0.42798,1.35674,-1.48412,0.00394,13.3921,3.61779,-0.71208,0.40572,7.00488,0,0,0,0,0,0
5.15028,3.05883,-0.453911,-0.505254,-0.387044,1.33092,-1.59698,-0.58706,13.1714,4.76938,-4.5126,0.93564,8.54496,0,0,0,0,0,0
5.15528,3.06858,-0.463025,-0.517871,-0.266467,1.29665,-1.78178,-0.58706,13.1714,4.76938,-4.5126,0.93564,8.54496,0,0,0,0,0,0
5.16034,3.07425,-0.474388,-0.531439,-0.208719,1.24543,-1.77942,-0.66586,12.6868,4.44961,-2.4012,1.13436,5.05908,0,0,0,0,0,0
5.16541,3.07979,-0.469625,-0.531772,-0.236608,1.20261,-1.67621,-0.46886,12.3598,4.23225,-1.35792,1.02672,6.9138,0,0,0,0,0,0
5.17032,3.07626,-0.486161,-0.541834,-0.272899,1.14612,-1.61838,-0.31126,14.4007,4.89687,-2.24388,1.4076,5.95332,0,0,0,0,0,0
5.17539,3.06951,-0.505919,-0.544682,-0.292305,1.09797,-1.4664,-0.24428,12.7341,3.74319,-1.91268,0.8694,4.68648,0,0,0,0,0,0
5.18032,3.06382,-0.500347,-0.527408,-0.308135,1.09484,-1.28348,-0.24428,12.7341,3.74319,-1.91268,0.8694,4.68648,0,0,0,0,0,0
5.18538,3.04839,-0.49831,-0.518428,-0.330519,1.07331,-1.16296,-0.14972,12.8089,4.23225,-1.33308,1.06812,5.47308,0,0,0,0,0,0
5.19023,3.04403,-0.492989,-0.514173,-0.364302,1.04526,-1.10032,-0.14972,12.8089,4.23225,-1.33308,1.06812,5.47308,0,0,0,0,0,0
5.19529,3.02687,-0.492646,-0.516304,-0.398213,0.990462,-1.11498,0.2364,12.6592,4.3054,-1.23372,1.25856,6.8724,0,0,0,0,0,0
5.20029,3.01227,-0.501464,-0.520367,-0.419361,0.937985,-1.16816,-0.01576,13.3605,4.10267,-1.77192,1.23372,6.27624,0,0,0,0,0,0
5.20535,3.00662,-0.510856,-0.529418,-0.398757,0.84175,-1.1343,0,12.3125,4.41617,-2.86488,1.91268,5.10048,0,0,0,0,0,0
5.21036,3.00464,-0.504161,-0.537158,-0.352833,0.731159,-1.04251,0,12.3125,4.41617,-2.86488,1.91268,5.10048,0,0,0,0,0,0
5.21535,3.01755,-0.507848,-0.543892,-0.345015,0.69483,-1.01822,-0.94166,12.8917,4.15283,-1.39932,0.414,6.30108,0,0,0,0,0,0
5.22027,3.05957,-0.508795,-0.537474,-0.330509,0.764276,-1.06141,-0.69738,12.5686,3.66168,-3.1878,0.02484,6.624,0,0,0,0,0,0
5.2253,3.09458,-0.507365,-0.52505,-0.273445,0.855527,-1.12464,-0.69738,12.5686,3.66168,-3.1878,0.02484,6.624,0,0,0,0,0,0
5.23024,3.08543,-0.512884,-0.524875,-0.199628,0.949629,-1.15495,0.65798,12.5213,4.19045,-3.98268,-0.48852,6.03612,0,0,0,0,0,0
5.23537,3.05467,-0.514051,-0.531669,-0.127533,1.02448,-1.1,0.32308,12.3637,4.23852,-3.26232,0.2898,5.1336,0,0,0,0,0,0
5.24039,3.03797,-0.512583,-0.538255,-0.0777231,1.05921,-1.01693,0.32308,12.3637,4.23852,-3.26232,0.2898,5.1336,0,0,0,0,0,0
5.24538,3.03927,-0.517868,-0.549338,-0.0600861,1.08945,-1.05861,-0.55948,12.411,4.23434,-2.01204,0.00828,7.31952,0,0,0,0,0,0
5.25038,3.04594,-0.521636,-0.551575,-0.0631707,1.19256,-1.08624,0.42946,12.5056,3.65959,-2.55852,-1.16748,5.0094,0,0,0,0,0,0
5.25536,3.03176,-0.52346,-0.54394,-0.0504212,1.35022,-0.9958,0.42946,12.5056,3.65959,-2.55852,-1.16748,5.0094,0,0,0,0,0,0
5.26031,3.03162,-0.545361,-0.539549,-0.0643563,1.38177,-0.985409,-0.2561,14.2667,3.77663,-1.4076,0.91908,6.54948,0,0,0,0,0,0
5.26538,3.03131,-0.563146,-0.536017,-0.0911759,1.37746,-0.977536,0.60676,12.3086,3.80798,-1.863,-0.79488,5.4234,0,0,0,0,0,0
5.27038,3.016,-0.556546,-0.530042,-0.108628,1.46414,-0.922002,0.60676,12.3086,3.80798,-1.863,-0.79488,5.4234,0,0,0,0,0,0
5.27533,3.00493,-0.562532,-0.517549,-0.123751,1.48647,-0.88202,0.3349,13.3014,3.09738,-1.95408,0.23184,5.56416,0,0,0,0,0,0
5.28038,3.01197,-0.576534,-0.500942,-0.119095,1.44793,-0.898483,-0.16154,12.7498,3.22696,-2.39292,0.14904,6.69024,0,0,0,0,0,0
5.2853,3.03738,-0.584897,-0.488013,-0.110706,1.42432,-0.977467,-0.16154,12.7498,3.22696,-2.39292,0.14904,6.69024,0,0,0,0,0,0
5.29033,3.062,-0.595636,-0.477431,-0.106252,1.40365,-1.05747,-0.16154,12.7498,3.22696,-2.39292,0.14904,6.69024,0,0,0,0,0,0
5.29538,3.08019,-0.607521,-0.466971,-0.127511,1.40055,-1.11149,-0.20488,12.2692,2.83404,-1.449,-0.38088,6.27624,0,0,0,0,0,0
5.30038,3.10747,-0.603438,-0.464408,-0.149624,1.4344,-1.1415,-0.30338,12.084,4.31585,-2.33496,-0.54648,6.44184,0,0,0,0,0,0
5.30524,3.13883,-0.598017,-0.480067,-0.147135,1.47026,-1.17204,-0.30338,12.084,4.31585,-2.33496,-0.54648,6.44184,0,0,0,0,0,0
5.31027,3.15098,-0.608566,-0.48907,-0.129521,1.47526,-1.20018,0.26792,13.0808,3.41924,-2.84004,-0.29808,6.4584,0,0,0,0,0,0
5.31534,3.13891,-0.619082,-0.474887,-0.122574,1.49669,-1.21395,0.6501,13.0769,3.21024,-1.7802,-0.61272,6.24312,0,0,0,0,0,0
5.32032,3.12745,-0.630045,-0.462943,-0.121133,1.50015,-1.14864,0.28368,12.9862,3.40043,-2.47572,-0.01656,4.94316,0,0,0,0,0,0
5.32531,3.12656,-0.627341,-0.453341,-0.104951,1.51343,-1.13403,0.29944,12.1155,3.62197,-2.3184,-0.86112,6.83928,0,0,0,0,0,0
5.33029,3.1167,-0.625715,-0.437947,-0.0938278,1.58246,-1.22427,0.77224,12.9902,2.8633,-2.26044,-1.13436,7.245,0,0,0,0,0,0
5.33529,3.09357,-0.631595,-0.432966,-0.105603,1.60739,-1.2838,0.70526,12.348,4.07132,-1.50696,-0.15732,6.2928,0,0,0,0,0,0
5.34046,3.07767,-0.626536,-0.440835,-0.145505,1.58446,-1.2704,0.70526,12.348,4.07132,-1.50696,-0.15732,6.2928,0,0,0,0,0,0
5.34544,3.05835,-0.628127,-0.443992,-0.183746,1.52168,-1.2054,0.73678,12.7183,3.53001,-1.62288,0.414,5.48964,0,0,0,0,0,0
5.35033,3.04375,-0.631608,-0.438653,-0.218343,1.45231,-1.11251,0.73678,12.7183,3.53001,-1.62288,0.414,5.48964,0,0,0,0,0,0
5.35545,3.03185,-0.630161,-0.43985,-0.243641,1.45666,-1.0793,0.4334,11.6979,3.75573,-1.96236,-1.13436,6.49152,0,0,0,0,0,0
5.36031,3.03306,-0.622263,-0.432222,-0.245224,1.47014,-1.05259,0.59494,12.4819,3.09529,-1.99548,0.25668,5.72148,0,0,0,0,0,0
5.3653,3.03295,-0.622136,-0.41584,-0.245867,1.40878,-0.995054,0.59494,12.4819,3.09529,-1.99548,0.25668,5.72148,0,0,0,0,0,0
5.37027,3.02142,-0.628238,-0.407587,-0.24243,1.33352,-1.03375,0.83528,12.5765,3.4276,-2.16936,0.23184,7.48512,0,0,0,0,0,0
5.37517,3.00792,-0.625568,-0.409768,-0.245697,1.35679,-1.08798,0.91408,11.3866,3.63242,-1.91268,-1.4904,5.86224,0,0,0,0,0,0
5.38014,2.9984,-0.605529,-0.411124,-0.254672,1.46836,-1.0739,0.91408,11.3866,3.63242,-1.91268,-1.4904,5.86224,0,0,0,0,0,0
5.38516,2.97257,-0.594924,-0.422391,-0.266775,1.45691,-1.04905,1.46568,12.1904,4.31585,-1.75536,0.59616,5.49792,0,0,0,0,0,0
5.39018,2.94096,-0.590827,-0.441326,-0.288761,1.34244,-0.998437,1.46568,12.1904,4.31585,-1.75536,0.59616,5.49792,0,0,0,0,0,0
5.3952,2.91526,-0.587289,-0.43855,-0.299594,1.26778,-0.9273,1.15836,11.7254,2.28855,-2.277,-0.31464,5.1336,0,0,0,0,0,0
5.40018,2.9024,-0.577365,-0.424988,-0.298587,1.23192,-0.80244,1.1229,11.3827,3.41506,-2.06172,0.28152,4.28076,0,0,0,0,0,0
5.40517,2.89665,-0.559285,-0.422369,-0.30127,1.17835,-0.662452,1.1229,11.3827,3.41506,-2.06172,0.28152,4.28076,0,0,0,0,0,0
5.41019,2.89221,-0.544942,-0.416936,-0.271076,1.10743,-0.600673,1.12684,11.5875,3.06394,-3.32856,0.54648,5.39028,0,0,0,0,0,0
5.41518,2.89617,-0.539741,-0.413127,-0.208955,1.03771,-0.604425,1.12684,11.5875,3.06394,-3.32856,0.54648,5.39028,0,0,0,0,0,0
5.42024,2.90837,-0.536035,-0.394956,-0.152959,0.987084,-0.657464,0.97712,11.0281,1.47136,-3.105,0.14904,6.32592,0,0,0,0,0,0
5.42516,2.93379,-0.525996,-0.38124,-0.0884112,1.02548,-0.782095,1.00076,11.0832,3.42133,-3.73428,-1.1178,7.10424,0,0,0,0,0,0
5.43031,2.96685,-0.515373,-0.391322,-0.0200132,1.1382,-0.939197,1.00076,11.0832,3.42133,-3.73428,-1.1178,7.10424,0,0,0,0,0,0
5.43521,2.99745,-0.499305,-0.388718,0.000667568,1.19878,-1.00561,1.11502,10.1455,2.25093,-2.3184,-0.46368,5.7546,0,0,0,0,0,0
5.4402,3.03301,-0.482815,-0.377722,-0.0282281,1.2196,-0.960349,1.21746,11.2014,2.86121,-0.94392,-0.5796,4.82724,0,0,0,0,0,0
5.4453,3.06966,-0.489685,-0.371674,-0.105681,1.23312,-0.722825,1.36718,11.9579,2.35752,-0.76176,-0.35604,1.60632,0,0,0,0,0,0
5.45016,3.06832,-0.503673,-0.371686,-0.13359,1.29011,-0.666404,2.95106,12.0328,3.32519,-2.26044,-1.54008,7.30296,0,0,0,0,0,0
5.45519,3.00237,-0.516186,-0.368979,-0.143912,1.34652,-1.01541,4.46796,12.4859,2.54562,-1.15092,-0.56304,9.6462,0,0,0,0,0,0
5.46022,2.9155,-0.529796,-0.353276,-0.186934,1.36001,-1.43871,4.46796,12.4859,2.54562,-1.15092,-0.56304,9.6462,0,0,0,0,0,0
5.46518,2.7923,-0.545179,-0.354281,-0.227669,1.37771,-1.63918,6.82014,12.5489,3.78499,-1.31652,-0.81144,6.40872,0,0,0,0,0,0
5.47027,2.64065,-0.551927,-0.353954,-0.263345,1.39613,-1.63419,7.07624,12.3834,2.95317,-1.31652,-0.5796,6.3342,0,0,0,0,0,0
5.47522,2.51868,-0.562764,-0.354139,-0.305279,1.45274,-1.59144,7.72634,12.6829,3.50284,-1.0764,-1.8216,6.0858,0,0,0,0,0,0
5.48027,2.42735,-0.570177,-0.355364,-0.361057,1.56143,-1.522,7.83666,12.5056,3.26667,-0.61272,-1.7388,5.6718,0,0,0,0,0,0
5.4853,2.39473,-0.577699,-0.366062,-0.4272,1.69972,-1.45411,7.0723,12.5765,4.0964,-0.81144,-2.68272,6.06096,0,0,0,0,0,0
5.49025,2.40035,-0.592116,-0.371836,-0.455901,1.80787,-1.39701,7.39932,13.0611,2.75462,-1.863,-1.5318,5.86224,0,0,0,0,0,0
5.49527,2.42605,-0.597407,-0.360602,-0.479388,1.85775,-1.33837,6.88712,11.8082,2.87166,-0.77832,-1.7802,6.1272,0,0,0,0,0,0
5.50023,2.46216,-0.587978,-0.345054,-0.509299,1.85883,-1.26936,7.17474,11.883,2.6125,-1.44072,-0.81972,5.45652,0,0,0,0,0,0
5.50518,2.47636,-0.592428,-0.335322,-0.510787,1.81623,-1.24801,7.7027,12.8247,3.01587,-2.07828,-1.02672,6.75648,0,0,0,0,0,0
5.51019,2.48776,-0.592115,-0.324302,-0.505097,1.79493,-1.31233,7.2496,11.5639,2.5498,-1.92096,-1.23372,7.1622,0,0,0,0,0,0
5.51521,2.51753,-0.588433,-0.308448,-0.51431,1.81211,-1.27761,7.00926,12.675,2.70655,-1.35792,-1.71396,4.79412,0,0,0,0,0,0
5.52025,2.53303,-0.589585,-0.295923,-0.541953,1.82617,-1.23301,7.73028,11.8358,2.70237,-1.035,-1.17576,6.78132,0,0,0,0,0,0
5.52521,2.56471,-0.589198,-0.293267,-0.53722,1.81806,-1.1955,6.45766,12.4031,3.30011,-2.38464,-1.39104,4.82724,0,0,0,0,0,0
5.53021,2.6259,-0.600229,-0.295702,-0.504653,1.7819,-1.06916,6.58768,12.9468,3.08484,-1.9458,-0.64584,4.61196,0,0,0,0,0,0
5.53531,2.6658,-0.601682,-0.29406,-0.51339,1.7158,-1.02894,7.08412,11.1069,2.84449,-0.81972,-0.828,6.21,0,0,0,0,0,0
5.54022,2.69898,-0.601271,-0.294238,-0.522814,1.70593,-1.07068,6.76892,12.9784,3.31892,-1.84644,-1.54836,6.06924,0,0,0,0,0,0
5.54521,2.72914,-0.630118,-0.302733,-0.516528,1.70831,-1.16097,7.0723,13.5772,3.22069,-1.51524,-1.04328,7.29468,0,0,0,0,0,0
5.55016,2.7277,-0.637167,-0.307762,-0.511459,1.79505,-1.251,7.85636,11.4339,3.39625,-1.46556,-3.1878,6.63228,0,0,0,0,0,0
5.5552,2.70325,-0.621452,-0.314006,-0.510864,1.99469,-1.30286,7.85636,11.4339,3.39625,-1.46556,-3.1878,6.63228,0,0,0,0,0,0
5.56016,2.66761,-0.621826,-0.317263,-0.503659,2.13412,-1.29858,8.1164,12.742,3.00542,-1.863,-2.40948,5.6304,0,0,0,0,0,0
5.56523,2.63631,-0.636892,-0.317154,-0.489114,2.22109,-1.24375,8.1164,12.742,3.00542,-1.863,-2.40948,5.6304,0,0,0,0,0,0
5.57031,2.61017,-0.653219,-0.322592,-0.475318,2.27257,-1.19746,8.0376,12.5528,3.21651,-1.95408,-2.05344,5.7132,0,0,0,0,0,0
5.57522,2.58705,-0.670382,-0.323116,-0.47404,2.26278,-1.14608,8.03366,13.0178,2.72327,-1.68912,-1.39104,5.43168,0,0,0,0,0,0
5.58024,2.5943,-0.683489,-0.309935,-0.479017,2.19854,-1.11505,7.15898,12.0643,2.0273,-1.88784,-1.2006,6.09408,0,0,0,0,0,0
5.58521,2.60545,-0.679652,-0.295664,-0.453771,2.12834,-1.12509,7.71846,11.3945,2.63549,-2.88972,-1.18404,6.39216,0,0,0,0,0,0
5.59022,2.58583,-0.681554,-0.300396,-0.44062,2.06732,-1.14859,8.37644,12.4189,3.33355,-1.5732,-1.31652,6.50808,0,0,0,0,0,0
5.59529,2.56065,-0.685122,-0.302651,-0.476888,2.04744,-1.18425,7.87212,11.8003,2.53726,-0.76176,-1.81332,6.32592,0,0,0,0,0,0
5.60024,2.54597,-0.689805,-0.282335,-0.493717,2.05421,-1.16338,8.03366,13.0414,1.88727,-1.84644,-1.75536,5.69664,0,0,0,0,0,0
5.60523,2.56489,-0.701274,-0.267811,-0.490569,2.05327,-1.07854,6.895,12.2061,2.81314,-1.39104,-1.72224,4.6368,0,0,0,0,0,0
5.61023,2.57976,-0.702904,-0.278311,-0.480532,2.09202,-1.08196,8.02972,11.5521,3.44432,-2.30184,-2.50056,7.1208,0,0,0,0,0,0
5.61522,2.5528,-0.709278,-0.281121,-0.494313,2.125,-1.10685,8.50646,12.6435,2.12553,-0.62928,-1.66428,4.968,0,0,0,0,0,0
5.62032,2.504,-0.721568,-0.27697,-0.533509,2.11293,-1.09384,8.75862,12.3164,3.03886,-1.22544,-1.68912,6.42528,0,0,0,0,0,0
5.6252,2.44854,-0.717575,-0.272593,-0.545273,2.10912,-1.13768,9.05806,11.4221,2.23839,-1.55664,-1.91268,6.76476,0,0,0,0,0,0
5.63019,2.41635,-0.707652,-0.258547,-0.546337,2.09906,-1.14722,8.03366,12.1352,2.56025,-1.50696,-1.60632,5.63868,0,0,0,0,0,0
5.63524,2.41548,-0.694238,-0.254545,-0.578623,2.10114,-1.12691,8.01002,10.6459,2.70864,-0.54648,-2.1942,6.20172,0,0,0,0,0,0
5.64021,2.40774,-0.67015,-0.246497,-0.605602,2.14025,-1.15442,8.56556,11.2881,2.38887,-1.34136,-2.43432,6.72336,0,0,0,0,0,0
5.64519,2.38572,-0.660462,-0.229309,-0.607162,2.18935,-1.174,8.44736,11.9737,1.98132,-1.7388,-2.38464,6.17688,0,0,0,0,0,0
5.65043,2.36546,-0.655814,-0.204852,-0.592675,2.23905,-1.1651,8.44736,11.9737,1.98132,-1.7388,-2.38464,6.17688,0,0,0,0,0,0
5.65528,2.34592,-0.640067,-0.198472,-0.614501,2.27845,-1.1204,8.2543,10.4765,3.0723,-0.26496,-2.484,5.41512,0,0,0,0,0,0
5.66026,2.34726,-0.6045,-0.20265,-0.674636,2.32157,-1.03542,8.2543,10.4765,3.0723,-0.26496,-2.484,5.41512,0,0,0,0,0,0
5.66528,2.34301,-0.584277,-0.205356,-0.73553,2.37286,-0.973974,8.65618,11.9421,2.91555,-0.25668,-2.84004,5.81256,0,0,0,0,0,0
5.67026,2.32487,-0.57404,-0.204709,-0.774627,2.41513,-0.954624,8.77438,11.2172,2.69819,-1.0764,-2.41776,6.43356,0,0,0,0,0,0
5.67532,2.30657,-0.555794,-0.201319,-0.788205,2.43049,-0.994057,8.77438,11.2172,2.69819,-1.0764,-2.41776,6.43356,0,0,0,0,0,0
5.68034,2.30013,-0.547055,-0.188991,-0.786877,2.41553,-0.995835,8.20308,11.8555,1.78486,-1.60632,-1.9872,5.43168,0,0,0,0,0,0
5.68541,2.28342,-0.534297,-0.171946,-0.792065,2.39836,-1.07153,9.13292,11.1147,2.50173,-0.73692,-2.3598,7.87428,0,0,0,0,0,0
5.69023,2.24483,-0.519178,-0.167624,-0.817603,2.4026,-1.24171,9.13292,11.1147,2.50173,-0.73692,-2.3598,7.87428,0,0,0,0,0,0
5.69518,2.22105,-0.514361,-0.154357,-0.826284,2.38531,-1.31805,8.3922,11.7727,1.53615,-1.46556,-1.95408,6.31764,0,0,0,0,0,0
5.70021,2.22329,-0.50901,-0.132529,-0.834827,2.33337,-1.20785,8.1755,11.1108,1.85383,-0.72864,-1.68912,4.32216,0,0,0,0,0,0
5.70528,2.23966,-0.493165,-0.123673,-0.842736,2.26866,-1.15289,8.26612,10.8902,2.50382,-1.3662,-1.7802,7.38576,0,0,0,0,0,0
5.71022,2.22462,-0.473417,-0.115559,-0.834125,2.20446,-1.1321,9.15656,10.4489,1.74097,-1.35792,-1.55664,4.62852,0,0,0,0,0,0
5.71523,2.18069,-0.451774,-0.103193,-0.81969,2.11626,-1.04378,9.36144,10.6065,2.09,-1.58148,-1.16748,5.69664,0,0,0,0,0,0
5.72027,2.14885,-0.445739,-0.095743,-0.80458,2.04446,-1.06425,8.9438,11.9146,2.05865,-1.47384,-1.82988,6.79788,0,0,0,0,0,0
5.7253,2.12397,-0.444624,-0.0935422,-0.811912,1.99651,-1.04135,9.29052,10.7917,2.29691,-0.87768,-1.54836,4.53744,0,0,0,0,0,0
5.73025,2.1002,-0.44713,-0.0986172,-0.839313,1.95374,-1.0175,8.69952,12.1155,2.51636,-0.72036,-1.7388,6.52464,0,0,0,0,0,0
5.73526,2.08721,-0.469699,-0.100317,-0.865116,1.9244,-1.08801,8.93198,12.6238,1.94161,-0.9108,-1.77192,6.44184,0,0,0,0,0,0
5.74025,2.07617,-0.479447,-0.100567,-0.899712,1.90149,-1.12438,8.90834,11.1108,2.508,-0.3312,-1.89612,6.01128,0,0,0,0,0,0
5.74533,2.0783,-0.480038,-0.0947776,-0.933833,1.87551,-1.0871,8.42766,12.1037,1.69499,-0.75348,-1.70568,5.3406,0,0,0,0,0,0
5.75031,2.05722,-0.480366,-0.0938184,-0.946495,1.8569,-1.02584,9.80272,10.9808,2.79224,-1.10124,-2.00376,5.51448,0,0,0,0,0,0
5.75528,2.03847,-0.465835,-0.0972835,-0.948839,1.86341,-0.923422,8.5301,10.9453,2.20704,-0.97704,-2.26872,4.28076,0,0,0,0,0,0
5.76026,2.07283,-0.470914,-0.0894779,-0.949593,1.88084,-0.880844,7.9588,12.6671,1.72634,-1.16748,-2.33496,6.18516,0,0,0,0,0,0
5.76519,2.07451,-0.484152,-0.0749877,-0.945785,1.88282,-0.947303,9.52298,11.56,1.61348,-1.15092,-2.01204,6.60744,0,0,0,0,0,0
5.77033,2.03468,-0.486541,-0.05953,-0.941833,1.86255,-1.04679,9.52298,11.56,1.61348,-1.15092,-2.01204,6.60744,0,0,0,0,0,0
5.77529,2.02311,-0.494474,-0.0527522,-0.940431,1.84579,-1.13533,8.34492,11.9579,2.08582,-1.10952,-2.2356,6.5412,0,0,0,0,0,0
5.78021,2.01258,-0.501966,-0.0515842,-0.939357,1.85186,-1.20995,9.50328,11.7885,2.16942,-1.05984,-2.65788,6.9138,0,0,0,0,0,0
5.78535,1.98375,-0.509408,-0.0527779,-0.939267,1.85886,-1.29237,9.50328,11.7885,2.16942,-1.05984,-2.65788,6.9138,0,0,0,0,0,0
5.79042,1.96479,-0.515291,-0.0523472,-0.943426,1.85788,-1.33429,9.26688,11.3275,1.83502,-0.96876,-3.07188,6.38388,0,0,0,0,0,0
5.79524,1.94218,-0.529038,-0.04805,-0.956498,1.87917,-1.28781,9.4166,12.8247,1.96669,-0.63756,-3.49416,5.04252,0,0,0,0,0,0
5.80019,1.91873,-0.559742,-0.0475579,-0.97815,1.89196,-1.17585,9.4166,12.8247,1.96669,-0.63756,-3.49416,5.04252,0,0,0,0,0,0
5.80519,1.89853,-0.58365,-0.0506124,-1.01295,1.90683,-1.1349,9.24718,11.8436,2.01058,-0.15732,-4.28904,6.32592,0,0,0,0,0,0
5.81018,1.91601,-0.599637,-0.0496693,-1.05988,1.93204,-1.09576,8.36068,12.4307,1.86428,0.02484,-4.44636,4.86036,0,0,0,0,0,0
5.81533,1.95587,-0.617338,-0.043994,-1.10899,1.93675,-0.98936,8.36068,12.4307,1.86428,0.02484,-4.44636,4.86036,0,0,0,0,0,0
5.82034,1.95912,-0.637743,-0.0359444,-1.17944,1.96128,-0.982515,9.54662,12.8208,1.64483,1.04328,-5.37372,6.60744,0,0,0,0,0,0
5.82526,1.95446,-0.655918,-0.0316464,-1.27999,2.04047,-1.04158,8.9438,12.3125,2.12135,1.58148,-6.15204,6.06096,0,0,0,0,0,0
5.8302,1.96014,-0.666224,-0.0312113,-1.38051,2.13052,-1.07159,8.9438,12.3125,2.12135,1.58148,-6.15204,6.06096,0,0,0,0,0,0
5.83521,1.95031,-0.675955,-0.0247749,-1.47685,2.22495,-1.0462,9.32204,12.1549,1.56123,2.17764,-6.93864,5.05908,0,0,0,0,0,0
5.84028,1.91738,-0.679306,-0.00882137,-1.56182,2.34704,-0.929077,9.87758,11.8791,1.46509,2.43432,-7.39404,4.32216,0,0,0,0,0,0
5.84516,1.86795,-0.674336,0.0109043,-1.60713,2.45805,-0.892629,9.91304,11.4615,1.2749,2.79864,-7.62588,6.18516,0,0,0,0,0,0
5.85022,1.81353,-0.677638,0.0203604,-1.59977,2.5356,-0.950389,10.1613,12.2889,2.02521,2.71584,-7.66728,6.20172,0,0,0,0,0,0
5.85514,1.74384,-0.690513,0.0160591,-1.52763,2.58433,-1.02924,10.7129,12.3952,2.28855,2.38464,-8.08956,6.57432,0,0,0,0,0,0
5.86016,1.67485,-0.706379,0.00578324,-1.41374,2.60205,-1.10472,10.7129,12.3952,2.28855,2.38464,-8.08956,6.57432,0,0,0,0,0,0
5.86524,1.6166,-0.714309,0.00581374,-1.31046,2.59947,-1.12111,10.5868,11.3196,1.23519,3.21264,-8.57808,5.77944,0,0,0,0,0,0
5.87044,1.60011,-0.71925,0.00453184,-1.2393,2.5904,-1.13072,9.41266,12.1628,2.35334,3.75912,-8.9424,6.4584,0,0,0,0,0,0
5.87518,1.63303,-0.726803,-0.00779108,-1.18338,2.56082,-1.18899,8.71134,11.7648,2.26765,3.56868,-9.00036,7.01316,0,0,0,0,0,0
5.88021,1.68462,-0.727,-0.0165369,-1.12077,2.50169,-1.29147,8.71134,11.7648,2.26765,3.56868,-9.00036,7.01316,0,0,0,0,0,0
5.88522,1.69479,-0.722245,-0.0193455,-1.07172,2.43481,-1.25634,10.1258,11.3196,1.85801,3.94128,-9.18252,4.23936,0,0,0,0,0,0
5.89025,1.66297,-0.714083,-0.0176641,-1.03384,2.37299,-1.07619,10.1258,11.3196,1.85801,3.94128,-9.18252,4.23936,0,0,0,0,0,0
5.89521,1.61043,-0.705079,-0.0199854,-0.990894,2.33527,-0.988309,10.772,10.9059,1.9855,3.56868,-9.62136,5.88708,0,0,0,0,0,0
5.90025,1.58802,-0.698893,-0.0181552,-0.924505,2.32243,-0.90725,9.18414,11.6388,1.5466,3.08016,-9.69588,4.18968,0,0,0,0,0,0
5.90516,1.60743,-0.70069,-0.0113532,-0.849855,2.31313,-0.759922,9.18414,11.6388,1.5466,3.08016,-9.69588,4.18968,0,0,0,0,0,0
5.91012,1.64299,-0.700275,-0.00252127,-0.765502,2.3258,-0.722284,8.43948,11.1423,1.20593,2.50884,-10.1347,6.15204,0,0,0,0,0,0
5.91517,1.69672,-0.695948,0.00906193,-0.670381,2.3599,-0.790969,8.43948,11.1423,1.20593,2.50884,-10.1347,6.15204,0,0,0,0,0,0
5.9204,1.75693,-0.67321,0.0154374,-0.571025,2.37492,-0.812273,8.10064,9.18808,1.46509,2.21076,-9.78696,5.27436,0,0,0,0,0,0
5.92522,1.79591,-0.642182,0.0133298,-0.513638,2.3962,-0.747446,8.5695,10.0706,1.88309,3.52728,-10.201,4.347,0,0,0,0,0,0
5.93018,1.85687,-0.622003,0.0181754,-0.468799,2.42594,-0.675605,7.23778,10.0785,0.78793,2.51712,-9.98568,5.2164,0,0,0,0,0,0
5.93524,1.89379,-0.585914,0.0288844,-0.401961,2.46616,-0.691792,8.9438,8.65618,1.53197,2.47572,-10.3169,6.09408,0,0,0,0,0,0
5.94024,1.87922,-0.564648,0.0301747,-0.341502,2.5442,-0.797174,8.73892,10.8862,1.22056,2.33496,-10.6646,6.9966,0,0,0,0,0,0
5.94533,1.88659,-0.542963,0.0413435,-0.274777,2.62034,-0.803988,7.93516,8.93986,0.93214,2.16936,-10.3417,4.0572,0,0,0,0,0,0
5.95024,1.92521,-0.520085,0.0517322,-0.25176,2.70327,-0.820337,7.7224,10.1731,0.89452,3.63492,-11.0621,6.7896,0,0,0,0,0,0
5.95525,1.82033,-0.533533,0.0554427,-0.270912,2.79779,-0.91091,13.2266,12.2967,1.31879,3.92472,-10.6729,5.6718,0,0,0,0,0,0
5.96021,1.65313,-0.554806,0.0488834,-0.296371,2.86229,-1.0535,11.2802,11.2014,1.69917,4.36356,-11.1035,8.02332,0,0,0,0,0,0
5.96537,1.54001,-0.569083,0.0319417,-0.340749,3.01793,-1.19021,11.7412,11.8042,2.10045,4.91832,-12.7346,5.66352,0,0,0,0,0,0
5.97027,1.45432,-0.578458,0.0201615,-0.393004,3.21261,-1.2263,11.0399,11.3984,1.70126,5.0508,-12.42,6.46668,0,0,0,0,0,0
5.97527,1.39014,-0.585696,0.0210798,-0.444332,3.37931,-1.20184,11.2329,11.6112,1.0032,5.10048,-12.5525,4.87692,0,0,0,0,0,0
5.9803,1.33272,-0.605237,0.0128515,-0.441588,3.51726,-1.23172,11.0793,12.4977,2.35334,3.30372,-12.2958,7.27812,0,0,0,0,0,0
5.98535,1.322,-0.612645,-0.00411263,-0.382052,3.55996,-1.20786,10.2716,10.5277,1.68245,2.71584,-11.2774,4.46292,0,0,0,0,0,0
5.99026,1.32879,-0.613417,-0.0111869,-0.37007,3.54957,-1.08942,10.3701,12.1825,1.79531,5.0508,-11.4761,5.36544,0,0,0,0,0,0
5.99531,1.3572,-0.613603,-0.0133534,-0.383514,3.49431,-1.10224,9.60178,10.7129,1.45255,4.0158,-10.5736,6.69024,0,0,0,0,0,0
6.00021,1.40924,-0.58976,-0.00515938,-0.362133,3.42071,-1.13835,9.41266,10.4607,1.38567,3.82536,-11.0786,5.62212,0,0,0,0,0,0
6.00525,1.46004,-0.572108,-0.00300871,-0.357125,3.35799,-1.16987,9.38508,11.0793,1.7765,4.6368,-10.6481,6.35076,0,0,0,0,0,0
6.01018,1.5141,-0.553257,-0.00270209,-0.333007,3.29501,-1.18526,9.13686,10.1376,1.41284,2.9808,-10.9544,5.2992,0,0,0,0,0,0
6.01516,1.58287,-0.539456,0.00369825,-0.29324,3.26148,-1.15213,8.67588,11.3866,1.14114,3.71772,-11.0704,5.48964,0,0,0,0,0,0
6.0202,1.60207,-0.536631,0.0150658,-0.295684,3.28447,-1.12136,10.4804,11.0596,1.01156,4.57884,-11.7576,5.36544,0,0,0,0,0,0
6.02525,1.57881,-0.529094,0.027753,-0.322337,3.33208,-1.07122,10.4804,11.0596,1.01156,4.57884,-11.7576,5.36544,0,0,0,0,0,0
6.03021,1.57228,-0.533007,0.0378597,-0.326236,3.43174,-1.02462,9.86576,11.9934,0.99275,3.6018,-12.9168,5.55588,0,0,0,0,0,0
6.0353,1.57634,-0.545695,0.0492731,-0.303929,3.59078,-1.0027,9.86576,11.9934,0.99275,3.6018,-12.9168,5.55588,0,0,0,0,0,0
6.0402,1.53709,-0.55462,0.0567427,-0.304567,3.72249,-1.01908,11.4654,11.5087,1.19339,4.43808,-12.5939,6.14376,0,0,0,0,0,0
6.04523,1.44053,-0.565227,0.0565806,-0.308083,3.83652,-1.092,11.7885,11.7924,1.41284,3.6018,-12.5773,6.80616,0,0,0,0,0,0
6.05029,1.36462,-0.581431,0.0576306,-0.282196,3.90268,-1.1115,11.0478,12.2298,1.12442,3.44448,-12.0391,5.12532,0,0,0,0,0,0
6.05526,1.33931,-0.589936,0.0628977,-0.258165,3.86816,-1.14578,10.1534,10.9414,0.89243,3.61008,-10.9048,6.81444,0,0,0,0,0,0
6.06016,1.35521,-0.579338,0.0698236,-0.244923,3.75289,-1.21514,9.90516,10.5474,1.05127,4.1814,-10.7309,6.1686,0,0,0,0,0,0
6.06519,1.36506,-0.58567,0.0733607,-0.238219,3.68371,-1.20439,9.94456,12.474,1.14114,4.31388,-11.4595,5.3406,0,0,0,0,0,0
6.07012,1.36084,-0.58754,0.0809209,-0.215355,3.69166,-1.10627,10.5316,10.4962,0.8778,3.519,-12.2047,4.82724,0,0,0,0,0,0
6.07517,1.38202,-0.588966,0.0843253,-0.167444,3.6927,-0.961704,9.13686,12.0012,1.16831,2.94768,-11.3188,3.80052,0,0,0,0,0,0
6.08027,1.42686,-0.604001,0.0847897,-0.134129,3.59733,-0.844983,9.49146,11.5087,0.89034,3.80052,-10.3914,5.03424,0,0,0,0,0,0
6.08522,1.4535,-0.602528,0.0917084,-0.127856,3.45647,-0.815814,9.80272,10.6616,0.77121,3.96612,-10.292,5.175,0,0,0,0,0,0
6.09016,1.46867,-0.592154,0.100683,-0.123983,3.31942,-0.807669,9.80272,10.6616,0.77121,3.96612,-10.292,5.175,0,0,0,0,0,0
6.09519,1.49591,-0.591343,0.105159,-0.124748,3.22777,-0.873369,9.21566,11.426,1.03037,4.14,-10.9048,6.56604,0,0,0,0,0,0
6.10018,1.51415,-0.592968,0.109846,-0.100832,3.15991,-0.919335,9.99972,11.2132,0.93423,3.44448,-10.4908,4.94316,0,0,0,0,0,0
6.10529,1.50416,-0.586976,0.117173,-0.0841754,3.12037,-0.937755,10.0864,10.6025,0.77121,3.95784,-11.1283,6.09408,0,0,0,0,0,0
6.11018,1.49607,-0.588768,0.120689,-0.0690496,3.12311,-0.983809,9.71998,11.6545,0.97185,3.32028,-11.0869,5.382,0,0,0,0,0,0
6.11531,1.43788,-0.607749,0.119258,-0.0754626,3.24726,-1.00219,11.5087,11.8358,0.91124,4.45464,-13.2811,5.6304,0,0,0,0,0,0
6.12034,1.36252,-0.632601,0.12134,-0.106521,3.42792,-0.991799,10.9887,12.1273,0.5643,4.57884,-12.4614,4.99284,0,0,0,0,0,0
6.1252,1.31944,-0.649634,0.126368,-0.114927,3.56575,-0.960634,10.4765,11.2014,0.66253,3.70116,-12.7512,5.48136,0,0,0,0,0,0
6.1303,1.29075,-0.661398,0.129659,-0.128323,3.61227,-0.94717,10.4174,11.6782,0.75031,4.89348,-11.0124,5.51448,0,0,0,0,0,0
6.13664,1.30567,-0.673975,0.121917,-0.195655,3.56695,-0.988138,9.61754,11.1147,1.27699,5.29092,-11.7742,6.3756,0,0,0,0,0,0
6.14024,1.29502,-0.673728,0.113302,-0.218684,3.55339,-0.969584,11.099,10.9177,1.35014,4.40496,-11.2939,4.21452,0,0,0,0,0,0
6.14523,1.26355,-0.675593,0.105093,-0.243155,3.45226,-0.982469,10.311,11.3511,1.00738,5.0094,-10.0602,6.94692,0,0,0,0,0,0
6.15025,1.21136,-0.679437,0.0978338,-0.297995,3.33263,-1.19138,12.1588,11.3433,1.33969,5.61384,-10.8468,7.98192,0,0,0,0,0,0
6.15529,1.19435,-0.685638,0.0892868,-0.324257,3.28708,-1.39563,9.76726,11.8121,1.18503,4.19796,-11.6251,7.52652,0,0,0,0,0,0
6.16021,1.20137,-0.687942,0.0842936,-0.34291,3.35061,-1.40552,11.5048,11.2605,1.22474,5.68008,-12.7512,4.52088,0,0,0,0,0,0
6.16518,1.2018,-0.693193,0.0789079,-0.372241,3.45206,-1.32303,10.2243,11.69,0.95095,4.54572,-12.5939,5.85396,0,0,0,0,0,0
6.17019,1.21728,-0.67926,0.0766551,-0.390634,3.44937,-1.22482,10.4252,9.52298,1.09307,5.41512,-10.7806,4.14,0,0,0,0,0,0
6.17525,1.18637,-0.667842,0.0719457,-0.383457,3.38374,-1.16053,11.8594,11.7688,1.07426,3.6846,-11.4098,6.28452,0,0,0,0,0,0
6.18027,1.13172,-0.671086,0.0681984,-0.358891,3.38596,-1.1057,11.3511,10.9571,1.00111,4.61196,-12.0308,4.09032,0,0,0,0,0,0
6.18534,1.10686,-0.671888,0.0688049,-0.342381,3.37947,-0.975349,10.3701,11.5639,0.75867,4.03236,-11.0621,4.87692,0,0,0,0,0,0
6.19018,1.11726,-0.678398,0.073141,-0.316763,3.35296,-0.878799,10.3898,11.4654,0.65208,4.17312,-11.6914,3.9744,0,0,0,0,0,0
6.19519,1.13991,-0.674523,0.0851889,-0.300294,3.35643,-0.854978,10.1258,10.5907,0.10032,4.347,-11.592,6.10236,0,0,0,0,0,0
6.20021,1.1607,-0.67328,0.0989073,-0.271401,3.3099,-0.932805,10.4331,11.2605,0.2299,3.51072,-10.6978,5.86224,0,0,0,0,0,0
6.20519,1.18796,-0.669326,0.1114,-0.242346,3.25754,-1.00103,9.79484,10.2992,0.1254,4.21452,-11.5423,6.11892,0,0,0,0,0,0
6.21031,1.23332,-0.658399,0.127867,-0.205324,3.2456,-1.01769,9.4363,10.6262,-0.02299,3.54384,-11.4512,4.90176,0,0,0,0,0,0
6.2152,1.2722,-0.646715,0.135877,-0.18202,3.18001,-0.992678,9.70028,9.73968,0.44935,4.43808,-10.3748,5.34888,0,0,0,0,0,0
6.22019,1.28939,-0.63671,0.138013,-0.160604,3.11185,-0.9686,10.1416,10.8232,0.40546,3.55212,-11.3188,4.89348,0,0,0,0,0,0
6.2252,1.27763,-0.62842,0.141422,-0.156842,3.20575,-0.927808,10.5947,9.85,0.32604,4.97628,-13.3805,5.15016,0,0,0,0,0,0
6.23017,1.27212,-0.6243,0.14194,-0.181073,3.37164,-0.894159,10.3267,11.1975,0.48488,4.44636,-12.9416,4.81068,0,0,0,0,0,0
6.23516,1.24613,-0.650846,0.13654,-0.197825,3.48726,-0.855338,10.8862,12.4425,0.60819,4.79412,-12.2958,4.9266,0,0,0,0,0,0
6.24024,1.19846,-0.668957,0.128806,-0.222123,3.58964,-0.8163,10.7759,10.2598,0.60401,4.57056,-12.9251,4.38012,0,0,0,0,0,0
6.24518,1.15686,-0.658972,0.124814,-0.236766,3.70229,-0.759393,10.7759,10.2598,0.60401,4.57056,-12.9251,4.38012,0,0,0,0,0,0
6.25013,1.1585,-0.653027,0.118775,-0.248874,3.73027,-0.761574,9.32204,10.6301,0.70642,4.50432,-11.3436,5.49792,0,0,0,0,0,0
6.25533,1.19184,-0.64664,0.11466,-0.254036,3.66877,-0.813637,9.32204,10.6301,0.70642,4.50432,-11.3436,5.49792,0,0,0,0,0,0
6.26023,1.18506,-0.638033,0.111147,-0.286385,3.71406,-0.81087,10.8705,10.2598,0.64372,5.7132,-13.2894,4.68648,0,0,0,0,0,0
6.26533,1.15722,-0.635019,0.106617,-0.311153,3.76137,-0.890764,10.5277,11.0675,0.63954,4.18968,-11.5589,7.10424,0,0,0,0,0,0
6.27024,1.14521,-0.634382,0.100182,-0.292297,3.72474,-0.957812,10.441,10.0667,0.53504,3.82536,-11.7659,4.62852,0,0,0,0,0,0
6.27522,1.16638,-0.625003,0.0982231,-0.292952,3.67156,-0.946817,9.2393,10.441,0.418,4.95144,-11.4347,5.47308,0,0,0,0,0,0
6.28028,1.16857,-0.631145,0.0941717,-0.316767,3.51133,-0.879301,11.1226,11.1699,0.41173,4.71132,-9.729,3.726,0,0,0,0,0,0
6.28529,1.13023,-0.649747,0.0906825,-0.306519,3.44077,-0.885983,10.8429,11.5403,0.33858,3.86676,-12.7926,6.98004,0,0,0,0,0,0
6.29036,1.09947,-0.675551,0.0849033,-0.283303,3.51018,-0.907174,10.7168,11.6663,0.42427,3.96612,-12.1964,3.85848,0,0,0,0,0,0
6.29523,1.0359,-0.690576,0.0841547,-0.285963,3.55857,-0.857643,11.7885,10.8941,0.1463,4.81896,-12.2627,5.52276,0,0,0,0,0,0
6.30022,0.974321,-0.712421,0.0861297,-0.297789,3.6394,-0.782167,11.0872,12.2376,0.11077,4.52088,-13.2563,3.54384,0,0,0,0,0,0
6.3053,0.961394,-0.721816,0.0881593,-0.315037,3.676,-0.729948,10.1022,9.94456,0.19855,5.15016,-11.4264,5.81256,0,0,0,0,0,0
6.31026,0.980359,-0.7248,0.0906009,-0.356648,3.58229,-0.752854,10.3937,11.95,0.10868,5.94504,-10.9379,4.90176,0,0,0,0,0,0
6.31524,0.973695,-0.738954,0.0910186,-0.405564,3.51943,-0.771342,11.0596,10.6656,0.03762,5.48136,-11.9563,5.74632,0,0,0,0,0,0
6.32017,0.979338,-0.742385,0.0961795,-0.42155,3.45611,-0.864039,9.9682,11.3314,-0.1672,4.75272,-10.8965,6.34248,0,0,0,0,0,0
6.32523,1.02376,-0.760999,0.101127,-0.433548,3.37536,-0.929408,9.53874,11.82,-0.35321,5.48136,-11.4181,5.2992,0,0,0,0,0,0
6.33029,1.06091,-0.779705,0.110876,-0.453672,3.25677,-0.933664,9.97214,11.4102,-0.80047,5.24124,-9.99396,5.26608,0,0,0,0,0,0
6.33523,1.06879,-0.796382,0.119208,-0.465922,3.16264,-0.983983,10.4804,11.69,-0.74822,5.29092,-11.6914,6.0444,0,0,0,0,0,0
6.34018,1.06047,-0.817481,0.124586,-0.485363,3.24407,-1.02904,10.0431,11.9382,-1.08471,5.43168,-13.0658,5.16672,0,0,0,0,0,0
6.34519,1.03457,-0.831097,0.127446,-0.472261,3.371,-0.975802,11.426,10.8232,-1.45882,3.94956,-12.478,4.3884,0,0,0,0,0,0
6.35014,0.989166,-0.838314,0.127126,-0.461119,3.42202,-0.912046,10.374,11.3669,-1.56541,5.19156,-11.8652,4.68648,0,0,0,0,0,0
6.35518,0.97953,-0.848259,0.119919,-0.44259,3.45958,-0.898614,10.4725,11.1817,-1.7765,4.02408,-12.4531,5.44824,0,0,0,0,0,0
6.36017,0.993841,-0.86346,0.106602,-0.42743,3.41276,-0.846649,9.66876,11.9343,-1.91235,5.1336,-10.5073,3.66804,0,0,0,0,0,0
6.36521,1.02285,-0.887729,0.0858298,-0.449114,3.26796,-0.722609,9.66876,11.9343,-1.91235,5.1336,-10.5073,3.66804,0,0,0,0,0,0
6.37026,1.04436,-0.903802,0.05261,-0.493095,3.2287,-0.713209,10.11,10.4922,-1.7347,5.78772,-12.1716,5.66352,0,0,0,0,0,0
6.37517,1.06595,-0.906551,0.0136384,-0.478446,3.24973,-0.754176,9.44812,11.0635,-1.45464,3.41964,-11.6996,4.554,0,0,0,0,0,0
6.38016,1.10786,-0.913999,-0.0312815,-0.415343,3.23745,-0.736582,9.44812,11.0635,-1.45464,3.41964,-11.6996,4.554,0,0,0,0,0,0
6.38521,1.11524,-0.923289,-0.0866807,-0.401407,3.23065,-0.665593,11.1541,10.7759,-1.01156,5.0094,-11.7245,3.61836,0,0,0,0,0,0
6.39019,1.05537,-0.92488,-0.142072,-0.426034,3.23791,-0.558742,11.1541,10.7759,-1.01156,5.0094,-11.7245,3.61836,0,0,0,0,0,0
6.39521,1.00688,-0.919419,-0.192767,-0.414129,3.31847,-0.573603,10.4883,9.85394,-1.4421,3.62664,-12.8423,5.8788,0,0,0,0,0,0
6.40021,0.958961,-0.908407,-0.237405,-0.395675,3.37115,-0.645353,10.898,10.1613,-1.38358,4.10688,-11.2856,4.761,0,0,0,0,0,0
6.40511,0.882672,-0.899519,-0.278177,-0.387525,3.35398,-0.646289,10.898,10.1613,-1.38358,4.10688,-11.2856,4.761,0,0,0,0,0,0
6.41016,0.871636,-0.893691,-0.315987,-0.393382,3.27378,-0.697586,8.19914,9.97608,-1.88309,4.72788,-9.70416,6.003,0,0,0,0,0,0
6.41514,0.92645,-0.884261,-0.344596,-0.421453,3.10381,-0.817781,8.19914,9.97608,-1.88309,4.72788,-9.70416,6.003,0,0,0,0,0,0
6.42017,0.976405,-0.881929,-0.37192,-0.41549,2.98516,-0.824586,8.6286,10.3661,-2.12971,3.26232,-10.557,3.81708,0,0,0,0,0,0
6.42519,1.0461,-0.876,-0.392545,-0.384149,2.89755,-0.686502,7.30082,9.60178,-2.35125,4.19796,-9.82836,3.1464,0,0,0,0,0,0
6.43016,1.12575,-0.859801,-0.402969,-0.338055,2.81337,-0.543593,7.24172,9.6136,-2.62504,2.91456,-10.3169,3.26232,0,0,0,0,0,0
6.43517,1.20415,-0.826085,-0.405333,-0.308622,2.6314,-0.451133,6.78074,8.0967,-2.78388,4.554,-7.47684,3.88332,0,0,0,0,0,0
6.44017,1.11652,-0.82046,-0.39949,-0.388706,2.60399,-0.469511,13.0059,11.7373,-3.57808,7.00488,-12.8671,5.07564,0,0,0,0,0,0
6.44519,0.916607,-0.843329,-0.389137,-0.496019,2.78483,-0.599782,11.8949,10.8114,-3.38371,5.95332,-11.6914,5.97816,0,0,0,0,0,0
6.45033,0.782424,-0.850902,-0.392987,-0.554562,2.89743,-0.749904,12.084,10.4528,-2.63758,5.6304,-12.2627,5.64696,0,0,0,0,0,0
6.4552,0.667393,-0.860801,-0.408251,-0.570822,3.08487,-0.806288,11.8436,11.0202,-2.5916,4.3884,-13.6289,4.52088,0,0,0,0,0,0
6.46021,0.564697,-0.874742,-0.428756,-0.568733,3.30138,-0.802013,12.1707,10.7523,-2.41604,5.05908,-13.2149,4.69476,0,0,0,0,0,0
6.46523,0.507927,-0.894909,-0.461461,-0.601157,3.53448,-0.821742,11.2802,11.5284,-1.82666,6.14376,-14.7301,5.10876,0,0,0,0,0,0
6.47017,0.480309,-0.911492,-0.498044,-0.593332,3.66781,-0.797222,11.4851,10.4449,-2.09418,4.0572,-12.006,3.67632,0,0,0,0,0,0
6.47521,0.481478,-0.91208,-0.529817,-0.561916,3.68244,-0.765099,10.5947,10.3464,-2.02312,5.32404,-12.8506,5.14188,0,0,0,0,0,0
6.48028,0.556674,-0.91198,-0.556472,-0.524709,3.6436,-0.752221,8.82954,10.7917,-2.21122,4.52088,-11.1532,4.0986,0,0,0,0,0,0
6.48526,0.660023,-0.916268,-0.579153,-0.48121,3.51457,-0.692118,8.82954,10.7917,-2.21122,4.52088,-11.1532,4.0986,0,0,0,0,0,0
6.4902,0.723589,-0.9195,-0.604789,-0.476429,3.45176,-0.623107,10.0706,10.3307,-2.06701,5.6304,-12.2213,3.84192,0,0,0,0,0,0
6.49528,0.766237,-0.915595,-0.623946,-0.441402,3.37662,-0.536869,9.56238,10.8862,-2.30527,3.78396,-10.6481,3.55212,0,0,0,0,0,0
6.50016,0.79226,-0.928699,-0.642569,-0.440182,3.26745,-0.538301,10.2598,11.5875,-2.25511,6.31764,-11.4926,5.32404,0,0,0,0,0,0
6.50521,0.797493,-0.9329,-0.658693,-0.466242,3.23683,-0.528552,10.3031,9.75938,-2.62295,5.53932,-11.8238,3.36168,0,0,0,0,0,0
6.51021,0.804529,-0.923796,-0.666539,-0.475467,3.27142,-0.493809,9.8697,10.4489,-2.70864,5.37372,-12.7264,4.68648,0,0,0,0,0,0
6.51528,0.812446,-0.915865,-0.668908,-0.476065,3.27213,-0.576514,10.4883,10.0194,-3.0514,5.43996,-11.2774,5.47308,0,0,0,0,0,0
6.52017,0.816183,-0.900712,-0.65901,-0.466437,3.21731,-0.618705,10.1258,9.9879,-3.44641,5.05908,-11.6417,3.95784,0,0,0,0,0,0
6.52517,0.829309,-0.895471,-0.656142,-0.43108,3.24515,-0.665882,10.0115,10.9847,-2.53099,4.57056,-12.7678,5.72148,0,0,0,0,0,0
6.53019,0.843824,-0.899036,-0.669683,-0.380401,3.33863,-0.798577,9.72786,10.2795,-2.51845,3.8916,-12.7264,5.589,0,0,0,0,0,0
6.53517,0.855326,-0.900795,-0.685376,-0.342786,3.38552,-0.81702,9.92486,10.5907,-2.47874,4.95972,-11.9894,3.66804,0,0,0,0,0,0
6.54028,0.866007,-0.919302,-0.709254,-0.349237,3.4079,-0.81088,9.5348,11.6309,-2.09418,5.68008,-12.2627,5.3406,0,0,0,0,0,0
6.54526,0.829401,-0.938283,-0.731855,-0.374805,3.418,-0.887037,11.6427,11.0556,-2.2572,5.6304,-11.948,5.3406,0,0,0,0,0,0
6.55022,0.760506,-0.95927,-0.757145,-0.404743,3.4472,-0.799913,10.5671,11.3393,-2.19032,5.45652,-12.4366,2.21904,0,0,0,0,0,0
6.55519,0.739991,-0.969235,-0.77807,-0.410636,3.42284,-0.678975,9.99578,10.0273,-2.61668,4.9266,-11.0786,4.5954,0,0,0,0,0,0
6.56023,0.738506,-0.968915,-0.790495,-0.407388,3.25311,-0.732355,10.1022,10.7129,-2.63131,4.90176,-9.77868,5.52276,0,0,0,0,0,0
6.56515,0.744031,-0.968431,-0.791008,-0.392004,3.15881,-0.725041,9.44812,10.2361,-3.35445,4.66992,-12.1054,3.36996,0,0,0,0,0,0
6.57015,0.753876,-0.950468,-0.779353,-0.4117,3.12904,-0.626736,9.78302,9.38114,-3.34818,5.90364,-10.8468,3.70944,0,0,0,0,0,0
6.57517,0.76477,-0.953235,-0.773961,-0.427169,3.08021,-0.638275,9.89728,11.9618,-3.12246,4.89348,-11.8156,5.31576,0,0,0,0,0,0
6.58011,0.771374,-0.963307,-0.777207,-0.406191,3.05001,-0.620731,9.66482,9.70816,-2.89465,4.62852,-11.0786,3.04704,0,0,0,0,0,0
6.58532,0.747125,-0.965637,-0.782194,-0.405315,3.18561,-0.533721,10.7089,10.9532,-3.10574,5.7546,-14.49,3.99096,0,0,0,0,0,0
6.5902,0.698343,-0.983408,-0.794945,-0.423424,3.37702,-0.559899,10.5119,11.0596,-2.44739,5.39028,-12.6353,4.95144,0,0,0,0,0,0
6.59522,0.667843,-0.995413,-0.816032,-0.423025,3.42384,-0.558833,9.8697,10.3464,-2.45575,4.82724,-11.8238,3.26232,0,0,0,0,0,0
6.60019,0.666123,-1.01082,-0.84518,-0.438747,3.41325,-0.549841,9.75544,11.2448,-2.00013,5.76288,-11.9315,4.761,0,0,0,0,0,0
6.60533,0.659957,-1.03772,-0.867544,-0.461623,3.36036,-0.624024,10.11,11.4575,-2.99079,5.4648,-11.178,4.89348,0,0,0,0,0,0
6.61025,0.665287,-1.05061,-0.872419,-0.464894,3.29848,-0.710037,9.3181,10.508,-2.926,5.37372,-11.4098,5.02596,0,0,0,0,0,0
6.61514,0.688124,-1.05791,-0.87632,-0.446154,3.23151,-0.726017,9.46388,11.4812,-2.72745,4.8024,-11.0207,3.82536,0,0,0,0,0,0
6.62022,0.700907,-1.07785,-0.894887,-0.443792,3.12131,-0.666058,9.37326,11.2684,-2.05029,5.82084,-10.3997,3.66804,0,0,0,0,0,0
6.62526,0.718801,-1.10229,-0.91783,-0.445176,3.09863,-0.673151,8.99896,11.8082,-2.41813,5.47308,-12.362,5.01768,0,0,0,0,0,0
6.63016,0.731382,-1.12649,-0.93096,-0.453108,3.17161,-0.747361,8.99896,11.8082,-2.41813,5.47308,-12.362,5.01768,0,0,0,0,0,0
6.6352,0.732532,-1.15077,-0.943954,-0.464374,3.12263,-0.810544,9.43236,11.3551,-2.65221,5.24952,-9.74556,4.90176,0,0,0,0,0,0
6.64025,0.719567,-1.16128,-0.964554,-0.459427,3.0314,-0.720365,9.5742,10.3149,-2.03566,4.71132,-11.6086,2.2356,0,0,0,0,0,0
6.64525,0.688254,-1.17102,-0.986339,-0.490906,2.96712,-0.599274,10.8705,11.0872,-2.79642,6.32592,-10.3748,4.1814,0,0,0,0,0,0
6.65032,0.571247,-1.18909,-0.975005,-0.60787,2.98595,-0.611842,12.3361,11.5206,-4.24688,8.3214,-12.8671,4.71132,0,0,0,0,0,0
6.65526,0.523376,-1.20065,-0.957463,-0.655392,3.08277,-0.608686,9.32992,10.9059,-3.27294,4.968,-12.1964,3.77568,0,0,0,0,0,0
6.66031,0.530779,-1.20709,-0.963807,-0.643164,3.11009,-0.525866,10.7168,10.8941,-2.56443,6.01956,-11.9812,3.105,0,0,0,0,0,0
6.6652,0.509684,-1.20098,-0.978376,-0.63074,3.21426,-0.479744,10.4292,9.40478,-2.77761,5.19156,-13.5875,4.37184,0,0,0,0,0,0
6.6702,0.475665,-1.18476,-0.984269,-0.592184,3.4591,-0.441148,11.1069,10.307,-2.95735,5.27436,-14.8957,2.94768,0,0,0,0,0,0
6.67526,0.437975,-1.18408,-0.993194,-0.53818,3.61024,-0.348251,10.2322,10.4095,-2.94481,4.19796,-12.1136,3.24576,0,0,0,0,0,0
6.68017,0.470083,-1.18334,-0.998412,-0.495465,3.55059,-0.295991,8.56162,10.2401,-3.1768,5.51448,-11.1449,3.56868,0,0,0,0,0,0
6.6853,0.521443,-1.16639,-1.00048,-0.463117,3.43556,-0.319074,9.25112,9.3575,-2.89256,5.0094,-11.1697,4.39668,0,0,0,0,0,0
6.69016,0.561958,-1.12845,-0.99537,-0.405225,3.35601,-0.371456,8.43948,8.27006,-3.50075,4.53744,-11.385,4.10688,0,0,0,0,0,0
6.69514,0.622347,-1.10092,-0.999547,-0.367584,3.2096,-0.392251,8.3725,9.71604,-2.717,5.48136,-9.6462,3.726,0,0,0,0,0,0
6.70015,0.6572,-1.08044,-1.00943,-0.330913,3.1271,-0.39315,8.66012,9.20384,-2.75253,4.04892,-12.3538,3.8916,0,0,0,0,0,0
6.70515,0.676767,-1.06901,-1.02798,-0.264801,3.07166,-0.490382,8.84924,9.8106,-2.56652,4.02408,-10.0519,5.5062,0,0,0,0,0,0
6.71015,0.689276,-1.06542,-1.03399,-0.271568,2.91179,-0.603423,8.7862,9.64118,-3.82052,6.31764,-10.1678,4.28904,0,0,0,0,0,0
6.71526,0.705585,-1.06455,-1.03436,-0.313284,2.7859,-0.56607,8.59708,9.92092,-3.1141,5.52276,-10.3748,2.66616,0,0,0,0,0,0
6.72021,0.735875,-1.067,-1.04717,-0.309422,2.68108,-0.516034,8.56162,10.1849,-2.69401,4.91004,-10.5156,3.98268,0,0,0,0,0,0
6.7253,0.755465,-1.07299,-1.06693,-0.299556,2.58454,-0.538973,8.56162,10.1849,-2.69401,4.91004,-10.5156,3.98268,0,0,0,0,0,0
6.73036,0.758387,-1.08846,-1.09561,-0.317104,2.59586,-0.567316,9.26688,9.80666,-2.717,5.61384,-11.9729,4.10688,0,0,0,0,0,0
6.73528,0.736543,-1.08448,-1.11176,-0.346358,2.6649,-0.602043,9.26688,9.80666,-2.717,5.61384,-11.9729,4.10688,0,0,0,0,0,0
6.74017,0.711208,-1.08367,-1.11415,-0.377451,2.71484,-0.571031,9.6924,9.8894,-3.91039,5.78772,-11.4098,2.8566,0,0,0,0,0,0
6.74533,0.655288,-1.0804,-1.09972,-0.398907,2.68511,-0.450636,9.67664,9.58208,-3.91248,5.06736,-10.1347,2.54196,0,0,0,0,0,0
6.75031,0.557017,-1.08398,-1.09488,-0.390845,2.74286,-0.423039,10.898,10.7759,-2.91973,5.10048,-12.776,4.5126,0,0,0,0,0,0
6.75535,0.44674,-1.09043,-1.09939,-0.385214,2.86391,-0.557547,10.0746,10.1534,-3.09738,5.16672,-11.5092,5.47308,0,0,0,0,0,0
6.7602,0.429561,-1.07365,-1.08902,-0.376321,2.92118,-0.585036,8.08488,9.1211,-3.62406,5.57244,-11.857,2.5668,0,0,0,0,0,0
6.76518,0.442435,-1.06685,-1.08299,-0.362654,2.91106,-0.450573,8.89652,10.7523,-3.07857,5.4234,-10.5818,2.4426,0,0,0,0,0,0
6.77028,0.473561,-1.07155,-1.0794,-0.298432,2.82053,-0.362385,7.66724,9.9879,-3.5948,3.61836,-10.3417,3.48588,0,0,0,0,0,0
6.77517,0.526098,-1.06995,-1.08382,-0.259867,2.77302,-0.345045,8.13216,9.96032,-2.60623,5.45652,-11.2939,3.75084,0,0,0,0,0,0
6.78024,0.536632,-1.08209,-1.10888,-0.28403,2.72809,-0.345707,8.73498,10.9611,-2.29273,5.61384,-10.2341,3.74256,0,0,0,0,0,0
6.78528,0.509741,-1.09625,-1.13828,-0.299388,2.67027,-0.309779,9.10928,10.0549,-2.24466,5.10876,-10.8054,2.74896,0,0,0,0,0,0
6.79033,0.455129,-1.105,-1.16605,-0.307811,2.63394,-0.253086,9.3378,10.4016,-2.46202,5.30748,-10.4908,3.03876,0,0,0,0,0,0
6.79532,0.423835,-1.12185,-1.17647,-0.309292,2.52363,-0.200267,8.44342,11.3472,-3.17471,5.11704,-9.05004,2.68272,0,0,0,0,0,0
6.8002,0.430571,-1.13955,-1.18999,-0.329746,2.40105,-0.19647,8.49464,10.3701,-2.35125,6.40044,-10.4576,3.92472,0,0,0,0,0,0
6.80518,0.415541,-1.14033,-1.20057,-0.357607,2.3573,-0.275742,8.83348,9.83424,-3.22069,5.68008,-10.2341,4.37184,0,0,0,0,0,0
6.81016,0.411724,-1.14112,-1.1953,-0.317684,2.35867,-0.322976,7.86424,10.772,-3.31683,4.13172,-11.0372,3.22092,0,0,0,0,0,0
6.8152,0.39509,-1.14377,-1.18899,-0.288804,2.40743,-0.309668,8.83742,9.99184,-3.33146,5.68008,-11.0455,3.15468,0,0,0,0,0,0
6.82016,0.36963,-1.14922,-1.1791,-0.28578,2.4817,-0.287885,8.46706,10.7956,-3.77663,5.20812,-11.443,3.105,0,0,0,0,0,0
6.82519,0.312127,-1.16023,-1.16841,-0.318552,2.63906,-0.282068,10.0194,10.3228,-3.5739,6.65712,-12.9416,3.4362,0,0,0,0,0,0
6.83024,0.264783,-1.15473,-1.16577,-0.342801,2.75998,-0.306788,8.21884,9.44812,-3.03677,5.36544,-10.9544,3.56868,0,0,0,0,0,0
6.83526,0.256082,-1.15201,-1.16208,-0.325772,2.78875,-0.395861,9.03442,10.4489,-3.70766,5.5062,-11.4761,4.49604,0,0,0,0,0,0
6.84024,0.231465,-1.15389,-1.15677,-0.278572,2.74734,-0.490392,8.75468,9.4363,-3.53628,3.99096,-10.0354,3.77568,0,0,0,0,0,0
6.84527,0.258956,-1.15278,-1.16396,-0.227262,2.71734,-0.480325,7.01714,10.2795,-2.66475,4.91832,-11.4264,2.93112,0,0,0,0,0,0
6.85024,0.313744,-1.17831,-1.18089,-0.204818,2.69983,-0.362749,7.6436,11.6506,-3.11201,4.82724,-10.5984,1.85472,0,0,0,0,0,0
6.85526,0.353511,-1.20353,-1.20273,-0.181966,2.59569,-0.228986,7.41114,9.62542,-2.69401,4.17312,-9.57168,2.57508,0,0,0,0,0,0
6.86026,0.344917,-1.20984,-1.2146,-0.172986,2.49318,-0.195853,8.8847,10.4765,-3.41715,5.43996,-10.3334,3.53556,0,0,0,0,0,0
6.86525,0.306818,-1.22588,-1.2203,-0.189651,2.43738,-0.255344,8.41978,10.9296,-2.95526,5.1336,-10.1099,3.99924,0,0,0,0,0,0
6.87023,0.295251,-1.24006,-1.2253,-0.218124,2.41576,-0.344637,7.86818,10.441,-3.36281,5.96988,-10.9379,3.9744,0,0,0,0,0,0
6.8752,0.292123,-1.24063,-1.21952,-0.255931,2.42887,-0.420207,7.86818,10.441,-3.36281,5.96988,-10.9379,3.9744,0,0,0,0,0,0
6.88021,0.286105,-1.25767,-1.21712,-0.278903,2.36487,-0.438997,7.96668,10.902,-3.70975,5.40684,-8.7768,3.11328,0,0,0,0,0,0
6.88517,0.280176,-1.26444,-1.19994,-0.29037,2.1784,-0.414398,7.96668,10.902,-3.70975,5.40684,-8.7768,3.11328,0,0,0,0,0,0
6.89018,0.26443,-1.26838,-1.18969,-0.32186,2.17744,-0.35153,8.56556,10.0706,-3.40461,5.94504,-11.8818,2.35152,0,0,0,0,0,0
6.89519,0.255683,-1.25828,-1.19225,-0.328597,2.22721,-0.251331,7.53328,9.1802,-2.95735,4.71132,-9.70416,2.46744,0,0,0,0,0,0
6.90044,0.244064,-1.25116,-1.1985,-0.320416,2.24613,-0.198329,7.87606,10.571,-2.91137,5.2578,-11.1283,3.09672,0,0,0,0,0,0
6.90528,0.240649,-1.26439,-1.21551,-0.27703,2.29107,-0.221593,6.89894,10.6104,-2.37215,3.71772,-10.2506,3.6018,0,0,0,0,0,0
6.91023,0.271549,-1.27283,-1.23204,-0.238749,2.20328,-0.300634,6.29218,10.7956,-2.35125,5.19984,-8.12268,3.99096,0,0,0,0,0,0
6.91521,0.295423,-1.29541,-1.26427,-0.254957,2.13889,-0.36258,6.36704,11.6466,-1.35432,5.12532,-10.5653,3.44448,0,0,0,0,0,0
6.92024,0.333917,-1.31744,-1.29699,-0.247146,2.12051,-0.375164,5.24808,10.7168,-2.19659,3.78396,-8.83476,3.08844,0,0,0,0,0,0
6.92521,0.376189,-1.32274,-1.31673,-0.227792,1.82316,-0.326843,5.90212,10.2637,-2.12135,4.78584,-4.7196,2.3184,0,0,0,0,0,0
6.93034,0.388971,-1.32788,-1.33509,-0.244583,1.55403,-0.254641,5.19292,10.8744,-2.05029,5.01768,-8.43732,2.61648,0,0,0,0,0,0
6.93525,0.420694,-1.32344,-1.34438,-0.208808,1.36844,-0.153608,4.96834,10.0509,-2.19241,2.21904,-5.95332,1.66428,0,0,0,0,0,0
6.94036,0.32921,-1.31201,-1.33103,-0.252367,1.4038,-0.0413015,8.62072,10.1416,-3.71393,8.0316,-11.6665,2.36808,0,0,0,0,0,0
6.94528,0.130219,-1.31484,-1.30787,-0.456023,1.64762,0.0382105,10.1573,10.835,-3.63869,9.24048,-10.5818,1.87128,0,0,0,0,0,0
6.95023,0.00106217,-1.32358,-1.2897,-0.564675,1.83836,0.0354737,8.23066,10.2716,-3.93547,5.589,-11.6086,3.71772,0,0,0,0,0,0
6.95529,-0.0796017,-1.30576,-1.27006,-0.587846,2.13484,-0.0395159,9.18808,8.52222,-3.69303,6.51636,-13.0576,3.04704,0,0,0,0,0,0
6.96026,-0.176648,-1.27463,-1.2458,-0.605183,2.41525,-0.12585,9.456,9.1211,-4.389,5.81256,-12.1219,3.8916,0,0,0,0,0,0
6.96535,-0.265502,-1.26201,-1.23535,-0.606904,2.60886,-0.192631,9.61754,9.83424,-3.04095,6.0858,-11.8073,2.75724,0,0,0,0,0,0
6.9703,-0.322345,-1.24463,-1.22564,-0.628611,2.71304,-0.194347,8.2937,9.13686,-3.98145,6.1686,-11.1614,2.75724,0,0,0,0,0,0
6.97526,-0.360081,-1.22773,-1.21434,-0.627468,2.79088,-0.138793,9.03048,9.84212,-3.14127,6.18516,-11.1449,1.74708,0,0,0,0,0,0
6.98028,-0.362988,-1.21126,-1.21515,-0.601786,2.88005,-0.057881,7.39144,8.5104,-3.68258,4.8024,-12.0888,2.20248,0,0,0,0,0,0
6.98526,-0.320842,-1.17309,-1.21331,-0.543481,2.83953,0.0432295,7.47024,7.9982,-3.19979,5.28264,-9.04176,1.19232,0,0,0,0,0,0
6.99025,-0.277478,-1.15064,-1.22165,-0.469733,2.69017,0.164248,6.75316,9.58208,-3.02841,4.27248,-9.58824,1.64772,0,0,0,0,0,0
6.99517,-0.208043,-1.14965,-1.23308,-0.411613,2.55704,0.290057,6.36704,9.7318,-3.15172,5.02596,-9.49716,0.81144,0,0,0,0,0,0
7.0003,-0.161907,-1.13681,-1.23933,-0.385643,2.36542,0.41721,7.51358,8.73498,-3.25622,5.12532,-8.26344,1.42416,-0,-0,-0,-0,-0,-0
7.00524,-0.129598,-1.12832,-1.24559,-0.372875,2.21745,0.48184,6.35916,9.79878,-3.32101,5.47308,-9.91116,1.68084,-0,-0,-0,-0,-0,-0
7.01026,-0.128097,-1.13865,-1.25708,-0.379328,2.14541,0.495133,7.9785,10.5198,-2.76925,5.82084,-9.4806,2.22732,-0,-0,-0,-0,-0,-0
7.01523,-0.132848,-1.14664,-1.27004,-0.357305,2.08139,0.459237,6.54828,9.02654,-3.49239,4.90176,-9.51372,2.53368,-0,-0,-0,-0,-0,-0
7.02023,-0.125867,-1.13556,-1.278,-0.339552,2.04157,0.375725,7.28506,9.29446,-2.73581,5.49792,-9.98568,3.0636,-0,-0,-0,-0,-0,-0
7.02528,-0.149544,-1.1424,-1.29234,-0.347564,2.00401,0.267966,7.5254,10.2755,-3.24159,5.58072,-9.22392,3.0636,-0,-0,-0,-0,-0,-0
7.03026,-0.181211,-1.14742,-1.2981,-0.38151,1.97047,0.168875,7.15898,9.7121,-2.8842,6.76476,-9.75384,3.05532,-0,-0,-0,-0,-0,-0
7.0352,-0.25609,-1.13609,-1.29231,-0.403703,2.0122,0.0788744,8.90834,9.4757,-3.64078,5.6304,-10.3003,3.08016,-0,-0,-0,-0,-0,-0
7.04032,-0.341968,-1.13422,-1.28877,-0.388187,2.10232,-0.00420543,7.70664,10.4095,-2.78806,5.49792,-10.9048,3.03876,-0,-0,-0,-0,-0,-0
7.04528,-0.388949,-1.12929,-1.29424,-0.316822,2.16733,-0.0778719,7.85242,9.03048,-3.20606,3.57696,-10.1844,3.105,-0,-0,-0,-0,-0,-0
7.05018,-0.41747,-1.11514,-1.29637,-0.29212,2.12986,-0.143268,6.66648,9.3181,-2.93436,6.05268,-8.90928,3.00564,-0,-0,-0,-0,-0,-0
7.05522,-0.41089,-1.0923,-1.29452,-0.31824,2.01975,-0.198729,6.66648,9.3181,-2.93436,6.05268,-8.90928,3.00564,-0,-0,-0,-0,-0,-0
7.06018,-0.426578,-1.08922,-1.3006,-0.321066,1.99394,-0.227879,7.09594,9.98002,-2.85285,4.91832,-9.43092,2.65788,-0,-0,-0,-0,-0,-0
7.06518,-0.445101,-1.08102,-1.2998,-0.294528,1.96039,-0.2373,7.09594,9.98002,-2.85285,4.91832,-9.43092,2.65788,-0,-0,-0,-0,-0,-0
7.07017,-0.461274,-1.07786,-1.29513,-0.309655,1.95692,-0.247075,6.77286,9.653,-3.52374,6.21,-9.5634,2.72412,-0,-0,-0,-0,-0,-0
7.07518,-0.49418,-1.07731,-1.28918,-0.347301,1.95792,-0.253826,7.75786,10.2795,-3.03468,5.59728,-9.65448,2.6082,-0,-0,-0,-0,-0,-0
7.08021,-0.51111,-1.08864,-1.28949,-0.369828,1.94821,-0.253961,6.18974,10.8311,-3.02423,5.8788,-9.40608,2.59164,-0,-0,-0,-0,-0,-0
7.0853,-0.52393,-1.09285,-1.28314,-0.39913,1.97216,-0.222534,7.44266,9.42448,-3.58853,6.417,-10.0105,2.00376,-0,-0,-0,-0,-0,-0
7.09019,-0.51847,-1.0741,-1.28912,-0.409943,1.97568,-0.181944,5.81938,8.86894,-1.92489,5.28264,-9.22392,2.26872,-0,-0,-0,-0,-0,-0
7.09525,-0.505725,-1.0612,-1.29145,-0.411041,1.9086,-0.137783,6.85166,9.96426,-3.81425,5.95332,-8.45388,1.82988,-0,-0,-0,-0,-0,-0
7.10016,-0.517769,-1.06121,-1.28876,-0.41908,1.858,-0.0387355,6.68224,9.88546,-2.53517,5.06736,-9.54684,0.9522,-0,-0,-0,-0,-0,-0
7.10517,-0.569237,-1.07004,-1.30881,-0.400278,1.9118,0.141421,7.88,10.307,-2.21958,4.48776,-9.936,-0.06624,-0,-0,-0,-0,-0,-0
7.11018,-0.627625,-1.07076,-1.32639,-0.34287,1.92458,0.339165,7.88,10.307,-2.21958,4.48776,-9.936,-0.06624,-0,-0,-0,-0,-0,-0
7.11522,-0.665515,-1.08946,-1.34477,-0.309885,1.92476,0.523532,6.65466,10.4292,-2.89883,5.30748,-8.86788,-0.7452,-0,-0,-0,-0,-0,-0
7.12023,-0.66049,-1.08691,-1.33944,-0.278376,1.83166,0.661267,6.65466,10.4292,-2.89883,5.30748,-8.86788,-0.7452,-0,-0,-0,-0,-0,-0
7.12519,-0.652701,-1.07911,-1.34039,-0.284872,1.77645,0.69873,6.107,9.5151,-2.47247,6.81444,-8.79336,-0.77832,-0,-0,-0,-0,-0,-0
7.13019,-0.683588,-1.05915,-1.32655,-0.323907,1.72459,0.626107,7.6436,9.73574,-3.64078,6.47496,-8.87616,-0.67068,-0,-0,-0,-0,-0,-0
7.13528,-0.748312,-1.04113,-1.2991,-0.362534,1.66622,0.463136,7.6436,9.73574,-3.64078,6.47496,-8.87616,-0.67068,-0,-0,-0,-0,-0,-0
7.14018,-0.80765,-1.04393,-1.28663,-0.37582,1.62194,0.293542,6.59556,9.6924,-3.5112,4.62024,-7.84116,-1.25028,-0,-0,-0,-0,-0,-0
7.14525,-0.811298,-1.04228,-1.27776,-0.35822,1.64039,0.122859,5.81938,9.85788,-3.18934,6.27624,-10.706,-1.19232,-0,-0,-0,-0,-0,-0
7.15025,-0.792777,-1.03504,-1.26867,-0.369899,1.77142,-0.0501131,5.81938,9.85788,-3.18934,6.27624,-10.706,-1.19232,-0,-0,-0,-0,-0,-0
7.15518,-0.833949,-1.04314,-1.27538,-0.445394,1.90517,-0.193471,7.19838,9.94062,-2.49337,8.42076,-10.0354,-1.52352,-0,-0,-0,-0,-0,-0
7.16018,-0.851643,-1.0366,-1.28612,-0.544135,1.93297,-0.313733,7.19838,9.94062,-2.49337,8.42076,-10.0354,-1.52352,-0,-0,-0,-0,-0,-0
7.16519,-0.853897,-1.03833,-1.29516,-0.590138,1.9704,-0.415864,6.9541,9.91304,-3.14127,6.51636,-9.8118,-1.67256,-0,-0,-0,-0,-0,-0
7.1702,-0.856102,-1.04734,-1.30803,-0.58344,1.98237,-0.427598,6.66254,9.60178,-2.73581,5.66352,-9.38952,-3.17952,-0,-0,-0,-0,-0,-0
7.17525,-0.833917,-1.02989,-1.31007,-0.539224,1.9167,-0.361976,6.66254,9.60178,-2.73581,5.66352,-9.38952,-3.17952,-0,-0,-0,-0,-0,-0
7.18019,-0.854017,-1.03558,-1.32269,-0.492783,1.84804,-0.257389,7.08412,10.8665,-2.09418,4.87692,-8.1558,-4.06548,-0,-0,-0,-0,-0,-0
7.18525,-0.877701,-1.06707,-1.34718,-0.470784,1.65188,-0.14251,6.43402,11.8909,-2.08791,6.54948,-7.4934,-3.62664,-0,-0,-0,-0,-0,-0
7.19041,-0.87213,-1.09815,-1.36387,-0.486126,1.41345,-0.0629685,6.43402,11.8909,-2.08791,6.54948,-7.4934,-3.62664,-0,-0,-0,-0,-0,-0
7.19571,-0.889376,-1.12201,-1.38569,-0.464928,1.29035,-0.0254772,6.07154,9.99184,-2.06074,4.49604,-8.10612,-2.99736,-0,-0,-0,-0,-0,-0
7.20082,-0.870399,-1.1266,-1.38588,-0.408111,1.21613,-0.0213248,5.01562,10.8508,-3.27294,5.77944,-8.3214,-3.20436,-0,-0,-0,-0,-0,-0
7.20568,-0.864764,-1.1389,-1.37569,-0.375076,1.21514,-0.0342158,5.95334,10.768,-2.83822,4.761,-9.00864,-2.72412,-0,-0,-0,-0,-0,-0
7.21037,-0.88084,-1.14264,-1.37322,-0.381604,1.25628,-0.067335,5.25596,10.0509,-2.6334,6.7482,-8.83476,-2.8566,-0,-0,-0,-0,-0,-0
7.21534,-0.885008,-1.15011,-1.37555,-0.404901,1.31322,-0.161982,5.07078,11.2329,-2.35752,5.48136,-9.09972,-1.4904,-0,-0,-0,-0,-0,-0
7.22028,-0.900109,-1.16731,-1.37921,-0.396491,1.28767,-0.248854,5.38992,11.1108,-2.51636,5.34888,-7.91568,-2.87316,-0,-0,-0,-0,-0,-0
7.22527,-0.931245,-1.1862,-1.38501,-0.389754,1.21715,-0.313583,5.70118,10.7798,-2.56025,5.72148,-7.83288,-1.87956,-0,-0,-0,-0,-0,-0
7.23021,-0.980807,-1.18907,-1.39099,-0.361802,1.15588,-0.361152,6.23308,10.3622,-1.97923,4.7196,-8.3214,-2.99736,-0,-0,-0,-0,-0,-0
7.23521,-1.04662,-1.18074,-1.38541,-0.350839,1.15873,-0.282894,6.37492,9.71604,-3.33564,5.89536,-8.39592,-4.28904,-0,-0,-0,-0,-0,-0
7.2402,-1.10775,-1.17996,-1.37265,-0.382566,1.12387,-0.147768,5.95334,10.9414,-2.71282,6.24312,-7.7004,-4.0986,-0,-0,-0,-0,-0,-0
7.2455,-1.13928,-1.17809,-1.3577,-0.405687,1.04174,-0.0254045,5.95334,10.9414,-2.71282,6.24312,-7.7004,-4.0986,-0,-0,-0,-0,-0,-0
7.25028,-1.20409,-1.17626,-1.34686,-0.422911,0.993065,0.0527603,6.63102,10.4095,-2.54562,5.82084,-7.22844,-3.66804,-0,-0,-0,-0,-0,-0
7.25539,-1.26924,-1.16001,-1.33411,-0.414067,0.885017,0.0999992,6.63102,10.4095,-2.54562,5.82084,-7.22844,-3.66804,-0,-0,-0,-0,-0,-0
7.26024,-1.32173,-1.14768,-1.3278,-0.389187,0.910101,0.144435,5.32294,9.83424,-2.44739,4.72788,-9.05832,-3.82536,-0,-0,-0,-0,-0,-0
7.26519,-1.35099,-1.14243,-1.32567,-0.339525,1.0476,0.120187,5.65784,10.6538,-2.42022,4.8852,-9.00036,-2.53368,-0,-0,-0,-0,-0,-0
7.27024,-1.34985,-1.13857,-1.32248,-0.277065,1.10119,0.0355983,5.65784,10.6538,-2.42022,4.8852,-9.00036,-2.53368,-0,-0,-0,-0,-0,-0
7.27519,-1.38637,-1.14027,-1.32142,-0.233132,1.18976,-0.00146055,5.74846,9.62936,-2.85703,4.83552,-8.8596,-3.25404,-0,-0,-0,-0,-0,-0
7.28024,-1.39015,-1.12993,-1.32544,-0.198108,1.08663,0.026547,5.52388,10.311,-1.67618,5.48136,-6.24312,-4.00752,-0,-0,-0,-0,-0,-0
7.28531,-1.38112,-1.11814,-1.33948,-0.176204,0.8364,0.0848623,5.52388,10.311,-1.67618,5.48136,-6.24312,-4.00752,-0,-0,-0,-0,-0,-0
7.29016,-1.40734,-1.11392,-1.35275,-0.197272,0.718482,0.118186,4.9053,9.86576,-1.9646,6.38388,-6.76476,-3.70116,-0,-0,-0,-0,-0,-0
7.2954,-1.4137,-1.09541,-1.35331,-0.217619,0.661997,0.0939461,5.10624,9.62148,-2.51009,5.8788,-7.87428,-2.74896,-0,-0,-0,-0,-0,-0
7.30041,-1.40501,-1.07512,-1.3491,-0.21825,0.619291,0.029398,5.10624,9.62148,-2.51009,5.8788,-7.87428,-2.74896,-0,-0,-0,-0,-0,-0
7.30525,-1.46682,-1.0674,-1.34859,-0.22875,0.675901,-0.0114426,6.08336,9.34568,-2.7379,5.48136,-8.57808,-3.0222,-0,-0,-0,-0,-0,-0
7.3106,-1.52179,-1.03557,-1.33242,-0.211806,0.718431,-0.0375876,6.08336,9.34568,-2.7379,5.48136,-8.57808,-3.0222,-0,-0,-0,-0,-0,-0
7.31532,-1.62268,-1.01552,-1.32742,-0.232723,0.820295,-0.00330954,6.0873,9.29446,-1.98759,6.003,-8.42904,-4.18968,-0,-0,-0,-0,-0,-0
7.32034,-1.66636,-0.987192,-1.32212,-0.269771,0.914516,0.173276,5.01956,9.31416,-2.53726,7.11252,-8.99208,-5.77116,-0,-0,-0,-0,-0,-0
7.32536,-1.68014,-0.968151,-1.32393,-0.320892,0.93232,0.362586,5.5357,9.91698,-1.70544,6.35076,-7.77492,-4.77756,-0,-0,-0,-0,-0,-0
7.33024,-1.68464,-0.957498,-1.32964,-0.371289,0.884921,0.421774,4.38916,9.32598,-2.63549,7.43544,-7.55964,-3.726,-0,-0,-0,-0,-0,-0
7.33515,-1.63487,-0.932426,-1.31923,-0.437143,0.79326,0.411546,4.38916,9.32598,-2.63549,7.43544,-7.55964,-3.726,-0,-0,-0,-0,-0,-0
7.34029,-1.64969,-0.916183,-1.30927,-0.468098,0.783198,0.410917,4.8856,9.49146,-2.6334,5.30748,-7.67556,-4.04064,-0,-0,-0,-0,-0,-0
7.34532,-1.68343,-0.892032,-1.29176,-0.437934,0.851957,0.393998,5.44508,9.13292,-2.91764,5.53104,-9.20736,-3.75912,-0,-0,-0,-0,-0,-0
7.35047,-1.69543,-0.853324,-1.26529,-0.404317,0.949688,0.359948,5.44508,9.13292,-2.91764,5.53104,-9.20736,-3.75912,-0,-0,-0,-0,-0,-0
7.35546,-1.76319,-0.82151,-1.25044,-0.408674,1.07582,0.339571,5.4766,8.86894,-2.1318,5.98644,-8.57808,-3.98268,-0,-0,-0,-0,-0,-0
7.3602,-1.79825,-0.790911,-1.23676,-0.400147,1.10911,0.32431,5.4766,9.15656,-3.04304,5.48964,-8.37936,-3.88332,-0,-0,-0,-0,-0,-0
7.36535,-1.81972,-0.76794,-1.2267,-0.378997,1.14556,0.243892,4.8856,9.4757,-1.99177,5.90364,-8.75196,-2.6082,-0,-0,-0,-0,-0,-0
7.37026,-1.86061,-0.733438,-1.22275,-0.348979,1.15709,0.182515,5.50024,8.06912,-2.29273,5.00112,-7.76664,-4.24764,-0,-0,-0,-0,-0,-0
7.37529,-1.88232,-0.680565,-1.21504,-0.287974,1.08473,0.214966,5.50024,8.06912,-2.29273,5.00112,-7.76664,-4.24764,-0,-0,-0,-0,-0,-0
7.38022,-1.97291,-0.655313,-1.20763,-0.27186,1.16207,0.232041,6.05972,9.85,-2.4035,5.77116,-9.18252,-3.8502,-0,-0,-0,-0,-0,-0
7.38529,-2.01773,-0.646658,-1.20269,-0.248941,1.21455,0.214877,6.05972,9.85,-2.4035,5.77116,-9.18252,-3.8502,-0,-0,-0,-0,-0,-0
7.39031,-2.07293,-0.637469,-1.20437,-0.240272,1.27947,0.190022,4.21186,8.66012,-2.13807,5.7132,-8.18064,-3.83364,-0,-0,-0,-0,-0,-0
7.39523,-2.03626,-0.608486,-1.20032,-0.190298,1.22561,0.177293,3.57358,9.06594,-2.1736,4.29732,-7.60104,-3.84192,-0,-0,-0,-0,-0,-0
7.40033,-1.96832,-0.581067,-1.19747,-0.103697,1.11213,0.173114,3.57358,9.06594,-2.1736,4.29732,-7.60104,-3.84192,-0,-0,-0,-0,-0,-0
7.4052,-1.91548,-0.555651,-1.19549,-0.03178,1.01547,0.174321,3.57358,9.06594,-2.1736,4.29732,-7.60104,-3.84192,-0,-0,-0,-0,-0,-0
7.41051,-1.90939,-0.538714,-1.19503,0.00675542,1.0172,0.197358,2.90378,9.50722,-1.99177,4.82724,-7.8246,-4.19796,-0,-0,-0,-0,-0,-0
7.4152,-1.85527,-0.520372,-1.19293,0.0273236,0.969171,0.246969,2.90378,9.50722,-1.99177,4.82724,-7.8246,-4.19796,-0,-0,-0,-0,-0,-0
7.42022,-1.84479,-0.505019,-1.19375,0.0222525,0.938786,0.201859,3.1717,9.74362,-1.55914,5.12532,-7.47684,-2.18592,-0,-0,-0,-0,-0,-0
7.42521,-1.87628,-0.484935,-1.1997,0.0148151,0.839084,0.197045,3.38446,9.70816,-0.77957,4.52088,-5.36544,-5.33232,-0,-0,-0,-0,-0,-0
7.43019,-1.88098,-0.469427,-1.18727,-0.0146762,0.625655,0.248527,2.82892,11.3314,-2.26556,5.87052,-5.11704,-3.46104,-0,-0,-0,-0,-0,-0
7.43528,-1.90031,-0.473473,-1.16393,-0.0839323,0.602458,0.333125,2.93136,11.6466,-1.46718,6.0858,-8.37108,-5.96988,-0,-0,-0,-0,-0,-0
7.4405,-2.02689,-0.485884,-1.1205,-0.315439,0.728525,0.480866,6.77286,12.3125,-3.56136,11.5837,-8.37108,-5.05908,-0,-0,-0,-0,-0,-0
7.44556,-2.1989,-0.492239,-1.08063,-0.504767,0.796111,0.519999,5.122,10.965,-1.41911,5.77944,-6.96348,-4.38012,-0,-0,-0,-0,-0,-0
7.45022,-2.28034,-0.471279,-1.06068,-0.521003,0.800159,0.616875,4.6886,9.2196,-2.60832,6.07752,-7.43544,-6.40044,-0,-0,-0,-0,-0,-0
7.45519,-2.34187,-0.436014,-1.02939,-0.529275,0.932481,0.704328,5.46084,9.7909,-2.31363,5.96988,-9.83664,-4.4712,-0,-0,-0,-0,-0,-0
7.46025,-2.39541,-0.409936,-1.0074,-0.542888,1.09131,0.63431,4.70436,9.3378,-2.49755,6.75648,-8.47044,-3.51072,-0,-0,-0,-0,-0,-0
7.46524,-2.40269,-0.378528,-0.980711,-0.538204,1.186,0.602102,3.9794,9.22354,-2.74208,5.65524,-9.05832,-5.10048,-0,-0,-0,-0,-0,-0
7.47025,-2.41482,-0.334931,-0.965353,-0.522229,1.22851,0.67462,5.0432,7.9194,-1.72634,6.30108,-7.66728,-5.43168,-0,-0,-0,-0,-0,-0
7.47528,-2.43784,-0.290028,-0.954977,-0.515907,1.23959,0.691414,4.16064,9.48358,-2.03984,6.18516,-8.39592,-4.12344,-0,-0,-0,-0,-0,-0
7.48019,-2.394,-0.267048,-0.947716,-0.499311,1.22104,0.63023,4.16064,9.48358,-2.03984,6.18516,-8.39592,-4.12344,-0,-0,-0,-0,-0,-0
7.48518,-2.42041,-0.254771,-0.936471,-0.561738,1.21991,0.600592,4.3734,10.1573,-2.19868,8.47044,-7.56792,-4.85208,-0,-0,-0,-0,-0,-0
7.49034,-2.39626,-0.249893,-0.927389,-0.657336,1.10604,0.611554,4.3734,10.1573,-2.19868,8.47044,-7.56792,-4.85208,-0,-0,-0,-0,-0,-0
7.49529,-2.43712,-0.233871,-0.917346,-0.711887,1.12625,0.542185,3.90848,8.90834,-1.91653,6.45012,-8.58636,-3.24576,-0,-0,-0,-0,-0,-0
7.50024,-2.39548,-0.203338,-0.914238,-0.688531,1.13789,0.402706,3.90848,8.90834,-1.91653,6.45012,-8.58636,-3.24576,-0,-0,-0,-0,-0,-0
7.50546,-2.41629,-0.179565,-0.901515,-0.664293,1.19642,0.341061,3.3096,9.89728,-2.06074,5.78772,-7.65072,-4.62024,-0,-0,-0,-0,-0,-0
7.51039,-2.34529,-0.177795,-0.902428,-0.60471,1.0935,0.359944,3.3096,9.89728,-2.06074,5.78772,-7.65072,-4.62024,-0,-0,-0,-0,-0,-0
7.51536,-2.31665,-0.177686,-0.908253,-0.586701,1.00905,0.376339,3.57752,9.6924,-1.75142,7.02972,-7.42716,-4.54572,-0,-0,-0,-0,-0,-0
7.52024,-2.3154,-0.177869,-0.927992,-0.590695,0.942745,0.355212,3.4672,10.2204,-0.60192,6.26796,-7.54308,-4.04064,-0,-0,-0,-0,-0,-0
7.52528,-2.32937,-0.158854,-0.924255,-0.607456,0.946847,0.332467,4.3931,8.74286,-2.96153,7.55136,-8.45388,-4.5954,-0,-0,-0,-0,-0,-0
7.53032,-2.35452,-0.128806,-0.91445,-0.6112,0.939337,0.32351,3.3884,9.15262,-0.97603,5.66352,-7.30296,-4.04892,-0,-0,-0,-0,-0,-0
7.53534,-2.36492,-0.0973076,-0.910254,-0.592975,0.923766,0.308218,4.08184,9.05018,-2.15897,6.59088,-8.13096,-4.46292,-0,-0,-0,-0,-0,-0
7.54042,-2.40642,-0.0805219,-0.89625,-0.612981,0.917769,0.35981,4.4128,10.4843,-1.75978,7.13736,-7.4934,-5.43996,-0,-0,-0,-0,-0,-0
7.54529,-2.46126,-0.0726063,-0.877467,-0.622925,0.942879,0.465412,4.42462,9.83424,-2.5707,5.68008,-8.84304,-5.63868,-0,-0,-0,-0,-0,-0
7.55053,-2.5223,-0.0577004,-0.858471,-0.617785,0.967447,0.529239,4.23156,9.71998,-1.74097,6.17688,-7.23672,-4.66992,-0,-0,-0,-0,-0,-0
7.55528,-2.57665,-0.0327444,-0.834627,-0.608741,1.00076,0.536783,4.30642,9.38508,-2.6125,6.5412,-8.84304,-4.98456,-0,-0,-0,-0,-0,-0
7.56024,-2.63591,0.0012606,-0.822054,-0.580996,1.08126,0.559912,4.3734,8.4907,-1.1913,5.93676,-8.4456,-5.15016,-0,-0,-0,-0,-0,-0
7.56527,-2.66937,0.0339144,-0.819895,-0.55861,1.09886,0.60469,3.21898,9.7909,-1.52152,7.13736,-7.4934,-5.36544,-0,-0,-0,-0,-0,-0
7.57023,-2.71243,0.0476855,-0.824004,-0.546612,1.02806,0.597094,4.59798,9.82636,-0.98439,6.07752,-7.17876,-4.28076,-0,-0,-0,-0,-0,-0
7.5754,-2.75123,0.0553676,-0.821031,-0.530437,0.923693,0.581182,3.50266,10.6065,-1.88518,6.93864,-6.73164,-5.26608,-0,-0,-0,-0,-0,-0
7.58047,-2.75453,0.0631331,-0.807298,-0.533151,0.938757,0.55533,3.67208,10.0115,-1.63229,6.20172,-9.1908,-4.02408,-0,-0,-0,-0,-0,-0
7.58545,-2.76171,0.0775143,-0.7969,-0.532751,0.945052,0.496086,3.24656,9.7909,-1.7138,6.68196,-6.417,-4.70304,-0,-0,-0,-0,-0,-0
7.59035,-2.73441,0.102046,-0.779719,-0.516848,0.864969,0.545441,3.15594,9.23142,-2.06701,5.72976,-7.97364,-6.15204,-0,-0,-0,-0,-0,-0
7.59548,-2.70296,0.118356,-0.756428,-0.481091,0.863399,0.490765,2.49796,10.7247,-2.01685,5.73804,-7.37748,-2.62476,-0,-0,-0,-0,-0,-0
7.60023,-2.67554,0.115827,-0.750065,-0.493657,0.810297,0.38148,3.49084,10.5553,-1.14532,7.50168,-7.44372,-4.79412,-0,-0,-0,-0,-0,-0
7.60532,-2.69519,0.103147,-0.744462,-0.538514,0.813787,0.491742,3.45144,11.7609,-1.85383,6.85584,-7.9488,-6.78132,-0,-0,-0,-0,-0,-0
7.61033,-2.72171,0.0820893,-0.733663,-0.557979,0.827919,0.601413,3.8612,11.5048,-1.43583,6.417,-7.69212,-5.15016,-0,-0,-0,-0,-0,-0
7.61544,-2.74858,0.0787133,-0.717163,-0.58409,0.872572,0.600382,4.07396,10.4449,-2.03566,7.14564,-8.50356,-4.85208,-0,-0,-0,-0,-0,-0
7.62016,-2.77961,0.102092,-0.686689,-0.617065,0.920158,0.646127,3.14806,9.18808,-2.37842,6.89724,-7.92396,-6.26796,-0,-0,-0,-0,-0,-0
7.62544,-2.78704,0.142733,-0.666285,-0.63075,0.949951,0.686838,3.4672,8.73892,-1.41911,6.7896,-8.37936,-4.78584,-0,-0,-0,-0,-0,-0
7.63028,-2.81375,0.189253,-0.642014,-0.630469,0.99223,0.747821,3.6445,8.9635,-2.23421,6.61572,-8.03988,-6.69852,-0,-0,-0,-0,-0,-0
7.63527,-2.8827,0.223258,-0.610796,-0.652378,1.10998,0.81784,5.0432,9.87364,-2.08791,7.89084,-9.88632,-5.02596,-0,-0,-0,-0,-0,-0
7.64057,-2.93641,0.245186,-0.588902,-0.688087,1.22369,0.827908,3.4672,9.50328,-1.9437,7.22844,-8.41248,-5.61384,-0,-0,-0,-0,-0,-0
7.64565,-3.01527,0.262856,-0.55518,-0.732408,1.39417,0.939111,6.4222,10.0076,-3.27085,8.17236,-11.3188,-7.34436,-0,-0,-0,-0,-0,-0
7.65038,-3.1099,0.270908,-0.535172,-0.824294,1.60831,0.968264,4.7477,9.653,-1.52361,10.0602,-10.201,-4.79412,-0,-0,-0,-0,-0,-0
7.65541,-3.15678,0.29848,-0.533809,-0.852868,1.6534,0.858359,4.71224,7.92334,-1.98132,5.97816,-8.93412,-4.81896,-0,-0,-0,-0,-0,-0
7.6603,-3.12768,0.327391,-0.531377,-0.76989,1.5896,0.773067,2.58858,9.6924,-1.46091,5.85396,-7.84944,-5.02596,-0,-0,-0,-0,-0,-0
7.66517,-3.08062,0.352578,-0.518611,-0.71607,1.46552,0.696228,4.03456,8.52222,-2.59578,6.96348,-7.75836,-4.73616,-0,-0,-0,-0,-0,-0
7.6703,-3.05147,0.372927,-0.503546,-0.699732,1.38514,0.608189,2.8368,10.1494,-1.61557,7.26984,-8.63604,-4.61196,-0,-0,-0,-0,-0,-0
7.67528,-3.00861,0.371644,-0.498229,-0.693226,1.33003,0.548343,3.14412,10.3464,-1.95206,7.92396,-7.87428,-5.07564,-0,-0,-0,-0,-0,-0
7.68029,-2.98672,0.367639,-0.48876,-0.683437,1.3057,0.592307,2.95894,10.2243,-2.0064,6.8724,-9.46404,-6.624,-0,-0,-0,-0,-0,-0
7.68518,-2.98213,0.382913,-0.477952,-0.67203,1.39587,0.666571,3.41204,8.86106,-1.7138,6.831,-9.95256,-5.7546,-0,-0,-0,-0,-0,-0
7.69025,-2.96129,0.413916,-0.469002,-0.670427,1.38043,0.659439,2.88014,8.93198,-1.73052,7.31952,-7.42716,-5.10048,-0,-0,-0,-0,-0,-0
7.69568,-2.95249,0.428541,-0.464661,-0.685776,1.20041,0.664785,3.42386,10.4765,-1.30834,7.452,-7.02972,-5.72148,-0,-0,-0,-0,-0,-0
7.70041,-2.97361,0.426431,-0.473473,-0.751687,1.07185,0.673321,3.8218,10.2716,-0.77121,9.67932,-8.12268,-5.24952,-0,-0,-0,-0,-0,-0
7.70528,-3.00708,0.432367,-0.467586,-0.842502,1.04064,0.626118,3.4475,10.6262,-1.79322,8.49528,-7.92396,-4.66992,-0,-0,-0,-0,-0,-0
7.71064,-2.98139,0.42168,-0.459577,-0.892894,0.935367,0.536641,3.4475,10.6262,-1.79322,8.49528,-7.92396,-4.66992,-0,-0,-0,-0,-0,-0
7.71526,-3.05651,0.444767,-0.43051,-0.925625,1.01614,0.534171,3.47114,9.76726,-1.59885,7.63416,-9.62136,-6.31764,-0,-0,-0,-0,-0,-0
7.72029,-3.0327,0.458327,-0.422272,-0.928209,1.1142,0.615542,3.47114,9.76726,-1.59885,7.63416,-9.62136,-6.31764,-0,-0,-0,-0,-0,-0
7.72523,-3.04905,0.48289,-0.386132,-0.922411,1.2689,0.590975,3.15988,10.0549,-2.77552,6.6654,-10.201,-4.39668,-0,-0,-0,-0,-0,-0
7.7305,-3.03603,0.519112,-0.354863,-0.92257,1.37985,0.54809,2.54524,8.9438,-0.97603,7.9488,-8.5284,-5.81256,-0,-0,-0,-0,-0,-0
7.73537,-3.03427,0.569534,-0.334866,-0.929136,1.42584,0.555525,3.12442,8.81378,-1.71171,6.9138,-9.22392,-5.30748,-0,-0,-0,-0,-0,-0
7.74018,-3.06575,0.609085,-0.307274,-0.930273,1.44663,0.69266,4.17246,9.7515,-1.79322,7.23672,-8.10612,-8.02332,-0,-0,-0,-0,-0,-0
7.74527,-3.12042,0.628606,-0.293753,-0.981547,1.34131,0.867266,4.00304,10.1337,-1.01156,9.04176,-7.35264,-6.30936,-0,-0,-0,-0,-0,-0
7.7503,-3.17184,0.633951,-0.280888,-1.07435,1.2136,0.980357,3.18746,10.6853,-2.00222,10.0105,-7.72524,-7.18704,-0,-0,-0,-0,-0,-0
7.75528,-3.21205,0.626169,-0.266356,-1.12148,1.18339,1.04404,3.4081,11.0478,-1.35432,7.23672,-9.57168,-5.78772,-0,-0,-0,-0,-0,-0
7.76019,-3.1991,0.62093,-0.256082,-1.09731,1.32187,1.03128,2.2852,10.5356,-1.66364,7.25328,-10.706,-5.796,-0,-0,-0,-0,-0,-0
7.76546,-3.22627,0.630308,-0.230862,-1.12691,1.5208,0.994406,3.52236,10.2401,-1.96042,8.57808,-10.7392,-5.51448,-0,-0,-0,-0,-0,-0
7.77055,-3.21059,0.634252,-0.206776,-1.16467,1.67398,0.990262,2.28914,10.7247,-1.97714,8.03988,-9.99396,-6.417,-0,-0,-0,-0,-0,-0
7.7753,-3.21464,0.643418,-0.184145,-1.17883,1.71324,0.961904,3.45932,10.4686,-1.38776,7.98192,-8.70228,-5.05908,-0,-0,-0,-0,-0,-0
7.78034,-3.21159,0.659495,-0.170273,-1.17955,1.67426,0.904642,2.5216,10.0076,-1.28535,7.7832,-8.59464,-6.11892,-0,-0,-0,-0,-0,-0
7.78543,-3.21779,0.683444,-0.148904,-1.21889,1.60698,0.863733,3.59328,9.9682,-1.75978,9.58824,-8.23032,-5.4648,-0,-0,-0,-0,-0,-0
7.79031,-3.21988,0.697512,-0.135171,-1.22865,1.52349,0.866927,2.45462,10.1731,-1.30625,7.04628,-8.52012,-6.71508,-0,-0,-0,-0,-0,-0
7.79546,-3.18537,0.704551,-0.132997,-1.24769,1.39378,0.881468,2.53342,10.2755,-1.13069,9.86976,-7.51824,-5.43996,-0,-0,-0,-0,-0,-0
7.80038,-3.15099,0.721517,-0.127248,-1.31202,1.28264,0.867809,1.82816,9.46782,-1.3585,8.97552,-8.13924,-5.97816,-0,-0,-0,-0,-0,-0
7.80517,-3.13746,0.749325,-0.10253,-1.34754,1.31294,0.893584,3.42386,9.44024,-2.48919,8.10612,-10.0685,-6.26796,-0,-0,-0,-0,-0,-0
7.81035,-3.14663,0.794749,-0.0714807,-1.34645,1.48192,0.904333,2.75012,8.37644,-1.41284,7.50996,-10.6895,-5.88708,-0,-0,-0,-0,-0,-0
7.8153,-3.11251,0.837689,-0.0443455,-1.36303,1.65109,0.842473,2.78558,8.98714,-2.66475,8.487,-10.408,-4.98456,-0,-0,-0,-0,-0,-0
7.82026,-3.12509,0.864558,-0.0192103,-1.39286,1.7374,0.826682,3.3096,10.11,-1.03664,8.02332,-9.50544,-6.5412,-0,-0,-0,-0,-0,-0
7.82527,-3.14123,0.876484,-0.0124757,-1.4028,1.70935,0.720694,2.89196,9.91698,-1.52152,8.3214,-8.59464,-3.2706,-0,-0,-0,-0,-0,-0
7.83042,-3.15923,0.895599,0.00229836,-1.40385,1.63073,0.62215,2.88408,9.56238,-1.5257,8.06472,-8.5284,-6.43356,-0,-0,-0,-0,-0,-0
7.83528,-3.15738,0.90753,0.010282,-1.44709,1.53353,0.665952,3.04168,9.7121,-1.62602,9.76212,-8.6526,-6.0858,-0,-0,-0,-0,-0,-0
7.84031,-3.1917,0.92145,0.0233904,-1.4963,1.38301,0.782637,3.71936,9.90122,-1.57586,8.70228,-7.10424,-7.91568,-0,-0,-0,-0,-0,-0
7.84521,-3.20882,0.940835,0.0299206,-1.53595,1.20269,0.902289,2.68314,9.24324,-0.99066,8.78508,-7.76664,-6.4998,-0,-0,-0,-0,-0,-0
7.85038,-3.1741,0.970961,0.0388375,-1.61476,1.09306,0.934533,2.61222,8.8453,-1.80994,9.98568,-8.22204,-6.05268,-0,-0,-0,-0,-0,-0
7.85533,-3.14012,1.00759,0.0614093,-1.65652,1.16623,0.920711,2.0291,9.11322,-1.64065,7.66728,-10.8302,-6.01128,-0,-0,-0,-0,-0,-0
7.86025,-3.09289,1.04081,0.0847573,-1.66107,1.35782,0.879048,2.50584,9.06988,-1.94579,8.6112,-10.3583,-5.30748,-0,-0,-0,-0,-0,-0
7.86517,-3.03556,1.05181,0.0931249,-1.67779,1.4597,0.810658,2.50584,9.06988,-1.94579,8.6112,-10.3583,-5.30748,-0,-0,-0,-0,-0,-0
7.87019,-3.06199,1.08448,0.122248,-1.68711,1.52041,0.792777,2.47038,10.4095,-1.11815,8.33796,-8.57808,-6.25968,-0,-0,-0,-0,-0,-0
7.87512,-3.01956,1.06384,0.107378,-1.68202,1.4041,0.813836,2.47038,10.4095,-1.11815,8.33796,-8.57808,-6.25968,-0,-0,-0,-0,-0,-0
7.88018,-3.03041,1.0586,0.111526,-1.66369,1.31655,0.81355,2.8959,10.9138,-1.17458,7.84116,-8.29656,-6.0444,-0,-0,-0,-0,-0,-0
7.88523,-3.01598,1.04555,0.114448,-1.62652,1.22367,0.740662,2.0488,10.7759,-1.32297,7.93224,-8.6112,-5.11704,-0,-0,-0,-0,-0,-0
7.8902,-3.01868,1.03424,0.125503,-1.63861,1.22024,0.752679,3.30172,10.7759,-1.8392,9.7704,-9.80352,-7.40232,-0,-0,-0,-0,-0,-0
7.89516,-3.00739,1.02432,0.139598,-1.6337,1.25181,0.794471,1.48538,10.7995,-1.48599,7.42716,-9.21564,-5.70492,-0,-0,-0,-0,-0,-0
7.90032,-2.98085,1.01848,0.149226,-1.57878,1.3705,0.792094,2.3837,10.6341,-1.2958,7.79148,-11.4016,-6.63228,-0,-0,-0,-0,-0,-0
7.9052,-2.94641,1.02196,0.150584,-1.58963,1.51846,0.803032,1.19776,10.5001,-0.42218,9.30672,-9.87804,-6.01128,-0,-0,-0,-0,-0,-0
7.91031,-2.90076,1.0273,0.163071,-1.57048,1.5431,0.724972,2.68314,10.4055,-2.17569,6.417,-9.00864,-4.62852,-0,-0,-0,-0,-0,-0
7.91525,-2.86598,1.01946,0.185055,-1.49452,1.50218,0.605058,2.68314,10.4055,-2.17569,6.417,-9.00864,-4.62852,-0,-0,-0,-0,-0,-0
7.92027,-2.89078,1.04814,0.220854,-1.44598,1.41667,0.41402,2.1867,11.0162,-0.3553,7.12908,-6.69852,-2.92284,-0,-0,-0,-0,-0,-0
7.92516,-2.84803,1.02303,0.194354,-1.42956,1.14426,0.183768,2.1867,11.0162,-0.3553,7.12908,-6.69852,-2.92284,-0,-0,-0,-0,-0,-0
7.93027,-2.84297,1.03128,0.190272,-1.43182,0.90245,0.0745429,1.28838,10.7641,-0.02926,7.60104,-6.25968,-4.9266,-0,-0,-0,-0,-0,-0
7.93537,-2.76383,1.02002,0.164237,-1.43398,0.650477,0.0751406,1.28838,10.7641,-0.02926,7.60104,-6.25968,-4.9266,-0,-0,-0,-0,-0,-0
7.9403,-2.7208,1.04703,0.16632,-1.44927,0.543689,0.138625,1.27262,9.64906,-0.35112,8.46216,-7.43544,-6.30936,-0,-0,-0,-0,-0,-0
7.94557,-2.81408,1.11652,0.227987,-1.60184,0.719562,0.431714,5.95728,9.13292,-2.91555,12.0474,-10.5736,-9.38952,-0,-0,-0,-0,-0,-0
7.95062,-2.96611,1.13487,0.272659,-1.80906,0.942401,0.817271,5.95728,9.13292,-2.91555,12.0474,-10.5736,-9.38952,-0,-0,-0,-0,-0,-0
7.95534,-3.06733,1.19459,0.325056,-1.89405,1.18586,0.996887,2.28126,7.68694,-1.89354,8.45388,-10.9876,-6.69024,-0,-0,-0,-0,-0,-0
7.9602,-3.05929,1.24655,0.3433,-1.90866,1.32755,1.00315,2.83286,7.86818,-1.56123,9.28188,-9.729,-6.61572,-0,-0,-0,-0,-0,-0
7.96525,-3.03098,1.273,0.336285,-1.92648,1.34956,0.983351,2.83286,7.86818,-1.56123,9.28188,-9.729,-6.61572,-0,-0,-0,-0,-0,-0
7.97043,-3.06037,1.33548,0.363877,-1.90309,1.38153,0.912438,3.1323,8.1164,-1.77023,8.18064,-9.08316,-5.8374,-0,-0,-0,-0,-0,-0
7.97529,-3.05923,1.36708,0.369057,-1.86246,1.35436,0.86768,2.44674,8.14792,-1.49226,8.10612,-9.53856,-6.84756,-0,-0,-0,-0,-0,-0
7.98028,-2.99839,1.3728,0.349257,-1.82234,1.32153,0.886037,2.44674,8.14792,-1.49226,8.10612,-9.53856,-6.84756,-0,-0,-0,-0,-0,-0
7.98535,-2.99217,1.4242,0.373499,-1.78978,1.40359,0.896132,2.87226,7.5648,-2.32199,8.43732,-10.6646,-6.61572,-0,-0,-0,-0,-0,-0
7.99055,-2.9479,1.44044,0.374744,-1.76966,1.49438,0.918466,2.87226,7.5648,-2.32199,8.43732,-10.6646,-6.61572,-0,-0,-0,-0,-0,-0
7.99524,-2.94394,1.50023,0.406707,-1.78967,1.61518,0.940916,1.93848,7.76968,-1.54869,10.2258,-10.2341,-6.51636,-0,-0,-0,-0,-0,-0
8.00029,-2.89167,1.51899,0.389966,-1.83101,1.67643,0.887516,2.30884,7.95092,-0.87989,9.43092,-10.8716,-5.3406,-0,-0,-0,-0,-0,-0
8.00526,-2.83463,1.5189,0.354181,-1.85434,1.74398,0.768999,2.30884,7.95092,-0.87989,9.43092,-10.8716,-5.3406,-0,-0,-0,-0,-0,-0
8.0103,-2.83602,1.56782,0.37145,-1.86632,1.85894,0.78437,2.2458,8.06912,-1.49644,9.1908,-10.6232,-8.05644,-0,-0,-0,-0,-0,-0
8.01534,-2.77585,1.55401,0.350961,-1.88912,1.86369,0.951141,2.2458,8.06912,-1.49644,9.1908,-10.6232,-8.05644,-0,-0,-0,-0,-0,-0
8.02042,-2.71741,1.5454,0.344709,-1.92153,1.82985,1.03278,1.79664,8.23066,-1.66155,9.46404,-9.70416,-6.48324,-0,-0,-0,-0,-0,-0
8.02547,-2.69957,1.56549,0.370864,-1.93768,1.80637,1.11206,1.80452,8.1361,-1.43583,9.21564,-9.91116,-8.4042,-0,-0,-0,-0,-0,-0
8.03027,-2.63226,1.5336,0.359089,-1.95422,1.75902,1.27012,1.80452,8.1361,-1.43583,9.21564,-9.91116,-8.4042,-0,-0,-0,-0,-0,-0
8.03545,-2.59599,1.51912,0.372226,-1.9537,1.86206,1.32717,2.30096,8.04548,-1.48599,8.63604,-11.948,-6.54948,-0,-0,-0,-0,-0,-0
8.04022,-2.59491,1.51941,0.395789,-1.94758,1.99864,1.27646,2.31672,7.61996,-1.12024,9.29844,-10.3169,-6.3756,-0,-0,-0,-0,-0,-0
8.04539,-2.5664,1.4586,0.371257,-1.97783,1.97545,1.19953,2.31672,7.61996,-1.12024,9.29844,-10.3169,-6.3756,-0,-0,-0,-0,-0,-0
8.05029,-2.58412,1.4438,0.384514,-2.02119,1.91186,1.11771,1.9503,6.8162,-1.19757,9.96084,-8.89272,-6.35076,-0,-0,-0,-0,-0,-0
8.05523,-2.58009,1.40365,0.381403,-2.03565,1.7587,1.12579,2.71072,6.49706,-1.80994,8.56152,-8.97552,-7.70868,-0,-0,-0,-0,-0,-0
8.06039,-2.57558,1.34176,0.372943,-2.01442,1.59123,1.21423,2.71072,6.49706,-1.80994,8.56152,-8.97552,-7.70868,-0,-0,-0,-0,-0,-0
8.06539,-2.57303,1.30714,0.380118,-2.01456,1.5123,1.27671,2.21822,6.05972,-1.32924,9.61308,-9.78696,-7.31124,-0,-0,-0,-0,-0,-0
8.07037,-2.56474,1.28507,0.383583,-2.05232,1.48401,1.29759,2.68314,5.72482,-0.99484,10.4659,-9.522,-7.37748,-0,-0,-0,-0,-0,-0
8.07534,-2.53996,1.23468,0.358672,-2.11688,1.42502,1.32131,2.68314,5.72482,-0.99484,10.4659,-9.522,-7.37748,-0,-0,-0,-0,-0,-0
8.08036,-2.52923,1.23163,0.378978,-2.16825,1.56891,1.30881,2.21428,5.03532,-1.85174,10.35,-12.4366,-6.73164,-0,-0,-0,-0,-0,-0
8.08527,-2.47827,1.19162,0.375625,-2.22103,1.81435,1.27464,2.21428,5.03532,-1.85174,10.35,-12.4366,-6.73164,-0,-0,-0,-0,-0,-0
8.09024,-2.43228,1.20572,0.397263,-2.24021,2.02993,1.30171,0.91014,4.47978,-0.58102,9.49716,-11.1614,-7.93224,-0,-0,-0,-0,-0,-0
8.09526,-2.33542,1.17275,0.362387,-2.24966,2.09521,1.3837,0.91014,4.47978,-0.58102,9.49716,-11.1614,-7.93224,-0,-0,-0,-0,-0,-0
8.10039,-2.31923,1.16184,0.357686,-2.25799,2.09652,1.3608,3.27414,3.97152,-1.76187,9.57996,-9.94428,-6.10236,-0,-0,-0,-0,-0,-0
8.10529,-2.34774,1.19522,0.385445,-2.24867,2.07322,1.33137,1.6745,2.90772,-1.3376,8.901,-10.5653,-7.9488,-0,-0,-0,-0,-0,-0
8.11049,-2.29774,1.18876,0.368319,-2.24078,2.02828,1.39858,1.6745,2.90772,-1.3376,8.901,-10.5653,-7.9488,-0,-0,-0,-0,-0,-0
8.1154,-2.29126,1.20693,0.379384,-2.27421,1.96008,1.41878,2.955,2.56888,-2.09418,10.6067,-9.67932,-7.18704,-0,-0,-0,-0,-0,-0
8.12033,-2.28882,1.2638,0.416692,-2.29976,1.96512,1.3571,1.71784,1.48144,-1.91235,9.37296,-11.1366,-6.11064,-0,-0,-0,-0,-0,-0
8.12533,-2.23798,1.28613,0.415818,-2.29115,2.00991,1.24631,1.71784,1.48144,-1.91235,9.37296,-11.1366,-6.11064,-0,-0,-0,-0,-0,-0
8.13036,-2.20347,1.34377,0.435819,-2.2967,2.13941,1.14841,1.80452,0.53978,-1.89563,10.5736,-12.1964,-6.24312,-0,-0,-0,-0,-0,-0
8.13541,-2.19774,1.44075,0.461987,-2.3332,2.209,1.15706,2.69496,-0.96136,-1.45255,9.91944,-9.91116,-8.08128,-0,-0,-0,-0,-0,-0
8.14027,-2.20347,1.49925,0.443236,-2.36981,2.10129,1.25693,2.69496,-0.96136,-1.45255,9.91944,-9.91116,-8.08128,-0,-0,-0,-0,-0,-0
8.14531,-2.22205,1.60695,0.458798,-2.37553,1.9971,1.31263,2.4231,-1.33566,-1.38985,9.1494,-9.36468,-7.37748,-0,-0,-0,-0,-0,-0
8.15024,-2.25653,1.69742,0.4792,-2.39568,2.00322,1.39593,3.64844,-1.83604,-3.05349,10.3169,-12.5111,-8.8596,-0,-0,-0,-0,-0,-0
8.15536,-2.30964,1.75554,0.497042,-2.44855,2.14642,1.5244,3.64844,-1.83604,-3.05349,10.3169,-12.5111,-8.8596,-0,-0,-0,-0,-0,-0
8.16063,-2.36691,1.82233,0.525135,-2.47262,2.22436,1.59975,3.69966,-2.04486,-2.55816,9.6462,-11.0704,-8.35452,-0,-0,-0,-0,-0,-0
8.16541,-2.37142,1.87044,0.537619,-2.45053,2.3834,1.54247,2.20246,-2.27338,-2.08373,8.4456,-14.2582,-6.43356,-0,-0,-0,-0,-0,-0
8.17033,-2.33892,1.92343,0.549549,-2.3888,2.5642,1.44558,2.37188,-2.97864,-1.72634,8.1144,-11.4512,-7.46028,-0,-0,-0,-0,-0,-0
8.17518,-2.29932,1.9138,0.515794,-2.34929,2.54113,1.42303,2.37188,-2.97864,-1.72634,8.1144,-11.4512,-7.46028,-0,-0,-0,-0,-0,-0
8.18026,-2.26625,1.91701,0.495498,-2.31408,2.50061,1.42924,2.2458,-3.10866,-1.22265,8.4042,-11.0952,-7.81632,-0,-0,-0,-0,-0,-0
8.18539,-2.2463,1.91967,0.483054,-2.33914,2.4332,1.37377,2.3246,-2.41128,-1.14323,10.3334,-10.7971,-6.40872,-0,-0,-0,-0,-0,-0
8.19045,-2.22578,1.86661,0.44028,-2.40394,2.33021,1.24482,2.3246,-2.41128,-1.14323,10.3334,-10.7971,-6.40872,-0,-0,-0,-0,-0,-0
8.19535,-2.20267,1.86913,0.450704,-2.37979,2.27357,1.08644,1.99758,-3.12048,-1.83711,8.14752,-10.4328,-5.69664,-0,-0,-0,-0,-0,-0
8.20036,-2.17086,1.82248,0.428186,-2.33409,2.15592,0.917736,1.99758,-3.12048,-1.83711,8.14752,-10.4328,-5.69664,-0,-0,-0,-0,-0,-0
8.20536,-2.13868,1.77528,0.406255,-2.29895,2.05169,0.773162,1.99758,-3.12048,-1.83711,8.14752,-10.4328,-5.69664,-0,-0,-0,-0,-0,-0
8.21036,-2.1071,1.75562,0.397109,-2.29716,2.07797,0.731785,1.9897,-3.73906,-1.47763,9.53856,-12.3786,-7.37748,-0,-0,-0,-0,-0,-0
8.21556,-2.0872,1.77941,0.424502,-2.29394,2.26796,0.824245,2.56888,-3.43174,-2.11926,9.05004,-12.8754,-8.1972,-0,-0,-0,-0,-0,-0
8.22034,-2.07636,1.74579,0.416167,-2.29823,2.42383,0.941628,2.56888,-3.43174,-2.11926,9.05004,-12.8754,-8.1972,-0,-0,-0,-0,-0,-0
8.22526,-2.06646,1.73408,0.412181,-2.28148,2.49909,0.975704,2.50584,-3.75088,-1.2331,8.51184,-11.2442,-6.77304,-0,-0,-0,-0,-0,-0
8.23027,-2.06687,1.74427,0.417846,-2.24567,2.43668,0.911893,2.74224,-3.26626,-1.37522,8.85132,-10.1596,-6.2514,-0,-0,-0,-0,-0,-0
8.23522,-2.07505,1.70034,0.387083,-2.24342,2.27032,0.831479,2.74224,-3.26626,-1.37522,8.85132,-10.1596,-6.2514,-0,-0,-0,-0,-0,-0
8.24022,-2.06892,1.70382,0.400702,-2.23932,2.17006,0.833775,2.15518,-3.2899,-1.92071,9.4392,-10.6895,-7.80804,-0,-0,-0,-0,-0,-0
8.2453,-2.06057,1.66525,0.395176,-2.28176,2.17028,0.882495,2.35218,-2.21428,-1.76396,9.46404,-12.2461,-7.08768,-0,-0,-0,-0,-0,-0
8.25027,-2.04287,1.59514,0.369794,-2.32566,2.26292,0.898214,2.35218,-2.21428,-1.76396,9.46404,-12.2461,-7.08768,-0,-0,-0,-0,-0,-0
8.25534,-1.9975,1.5838,0.383642,-2.3301,2.44242,0.905168,1.76118,-3.33324,-1.93743,8.91756,-13.0907,-6.9966,-0,-0,-0,-0,-0,-0
8.2603,-1.93687,1.5656,0.385968,-2.29492,2.62633,0.896428,1.3593,-3.31748,-2.0273,7.99848,-12.892,-6.9552,-0,-0,-0,-0,-0,-0
8.26539,-1.87386,1.5415,0.375313,-2.25224,2.69897,0.900525,1.15836,-3.22686,-1.19548,8.16408,-11.7742,-7.34436,-0,-0,-0,-0,-0,-0
8.27033,-1.8409,1.52525,0.357723,-2.23434,2.6637,0.914095,2.03304,-3.6051,-1.13278,8.74368,-11.1614,-7.15392,-0,-0,-0,-0,-0,-0
8.2753,-1.84577,1.5021,0.342967,-2.25568,2.57088,0.970988,2.75406,-2.70284,-1.47136,9.42264,-10.6067,-8.18892,-0,-0,-0,-0,-0,-0
8.2802,-1.85555,1.46437,0.337445,-2.28643,2.41356,0.983418,1.96212,-2.38764,-2.04611,8.8596,-9.98568,-6.16032,-0,-0,-0,-0,-0,-0
8.28525,-1.85394,1.42537,0.327636,-2.29533,2.31919,0.891296,2.25762,-3.23868,-1.45673,8.09784,-11.385,-6.36732,-0,-0,-0,-0,-0,-0
8.2905,-1.85849,1.37643,0.295715,-2.28068,2.30288,0.820881,2.25762,-3.23868,-1.45673,8.09784,-11.385,-6.36732,-0,-0,-0,-0,-0,-0
8.29535,-1.85034,1.37903,0.302485,-2.21471,2.35666,0.853849,2.26156,-3.4869,-1.54451,7.0794,-12.064,-8.1972,-0,-0,-0,-0,-0,-0
8.30041,-1.84663,1.34281,0.278403,-2.15415,2.42288,0.957038,2.26156,-3.4869,-1.54451,7.0794,-12.064,-8.1972,-0,-0,-0,-0,-0,-0
8.30525,-1.82815,1.35442,0.289851,-2.12651,2.49276,1.02542,2.12366,-3.78634,-1.60303,8.80164,-11.7659,-8.13096,-0,-0,-0,-0,-0,-0
8.31037,-1.80873,1.35183,0.288071,-2.13451,2.48025,1.03304,2.12366,-4.0582,-1.73679,8.46216,-10.8882,-7.38576,-0,-0,-0,-0,-0,-0
8.31576,-1.79884,1.32366,0.26517,-2.14298,2.39823,1.01438,2.12366,-4.0582,-1.73679,8.46216,-10.8882,-7.38576,-0,-0,-0,-0,-0,-0
8.32046,-1.77698,1.32872,0.282649,-2.14537,2.36211,0.991239,2.13154,-3.0929,-2.3826,9.22392,-10.9793,-7.0794,-0,-0,-0,-0,-0,-0
8.32535,-1.76768,1.30851,0.290783,-2.16521,2.32192,0.949831,2.25762,-3.63662,-2.28646,8.85132,-11.1697,-7.05456,-0,-0,-0,-0,-0,-0
8.33061,-1.77412,1.26466,0.276214,-2.17989,2.26962,0.916879,2.25762,-3.63662,-2.28646,8.85132,-11.1697,-7.05456,-0,-0,-0,-0,-0,-0
8.33526,-1.78151,1.2254,0.262506,-2.18672,2.22356,0.896062,2.25762,-3.63662,-2.28646,8.85132,-11.1697,-7.05456,-0,-0,-0,-0,-0,-0
8.34018,-1.77088,1.22561,0.281696,-2.14369,2.29661,0.897537,2.18276,-3.8415,-2.53099,7.73352,-13.0658,-7.47684,-0,-0,-0,-0,-0,-0
8.34548,-1.77687,1.18862,0.274914,-2.09647,2.45551,0.922128,2.18276,-3.8415,-2.53099,7.73352,-13.0658,-7.47684,-0,-0,-0,-0,-0,-0
8.35025,-1.76108,1.19864,0.296005,-2.03658,2.63124,0.903057,1.92666,-3.49872,-1.80576,7.7418,-13.4467,-6.75648,-0,-0,-0,-0,-0,-0
8.35517,-1.73092,1.18289,0.284952,-2.02217,2.677,0.84775,1.5169,-4.22368,-1.86846,8.42904,-11.12,-6.47496,-0,-0,-0,-0,-0,-0
8.3602,-1.70064,1.15396,0.260177,-2.04639,2.58791,0.782141,1.5169,-4.22368,-1.86846,8.42904,-11.12,-6.47496,-0,-0,-0,-0,-0,-0
8.36532,-1.68001,1.1569,0.263653,-2.07107,2.49804,0.792778,2.52554,-3.49084,-1.61139,9.09144,-10.6481,-7.93224,-0,-0,-0,-0,-0,-0
8.37039,-1.70642,1.11091,0.232425,-2.13545,2.37095,0.86326,2.52554,-3.49084,-1.61139,9.09144,-10.6481,-7.93224,-0,-0,-0,-0,-0,-0
8.37525,-1.71219,1.10013,0.239528,-2.17787,2.30357,0.905997,2.56494,-2.79346,-2.07537,9.29844,-11.12,-7.7832,-0,-0,-0,-0,-0,-0
8.38031,-1.72741,1.06185,0.22458,-2.16082,2.26774,0.886114,2.27338,-3.4869,-1.5257,6.52464,-11.443,-6.92208,-0,-0,-0,-0,-0,-0
8.38537,-1.72248,1.04707,0.216304,-2.06207,2.34811,0.824462,2.15124,-4.01092,-1.9646,6.23484,-13.1486,-7.51824,-0,-0,-0,-0,-0,-0
8.39037,-1.73084,1.01761,0.197589,-1.96334,2.49376,0.808457,2.15124,-4.01092,-1.9646,6.23484,-13.1486,-7.51824,-0,-0,-0,-0,-0,-0
8.39566,-1.72162,1.00265,0.191437,-1.87146,2.61613,0.802018,1.8518,-3.3687,-1.67409,7.19532,-12.569,-7.52652,-0,-0,-0,-0,-0,-0
8.40057,-1.69087,0.990972,0.188018,-1.84181,2.64093,0.811507,1.98576,-2.8171,-1.29998,7.81632,-11.3022,-7.89084,-0,-0,-0,-0,-0,-0
8.40544,-1.69173,0.932337,0.148365,-1.87223,2.57703,0.836026,1.98576,-2.8171,-1.29998,7.81632,-11.3022,-7.89084,-0,-0,-0,-0,-0,-0
8.41039,-1.66898,0.888372,0.120244,-1.90848,2.5166,0.743112,1.35536,-2.70678,-1.21847,8.08956,-11.2111,-5.61384,-0,-0,-0,-0,-0,-0
8.41529,-1.62658,0.865859,0.103768,-1.92294,2.38114,0.637515,1.48538,-3.60116,-1.36268,7.71696,-9.522,-7.15392,-0,-0,-0,-0,-0,-0
8.42029,-1.60984,0.825738,0.0706535,-1.95067,2.1632,0.636416,1.48538,-3.60116,-1.36268,7.71696,-9.522,-7.15392,-0,-0,-0,-0,-0,-0
8.4256,-1.58239,0.800508,0.0492656,-1.95291,2.03986,0.688591,1.54448,-3.0535,-0.95095,7.14564,-10.8551,-7.866,-0,-0,-0,-0,-0,-0
8.43031,-1.5332,0.786304,0.0336883,-1.91502,2.06348,0.72995,0.69344,-4.30642,-1.56123,5.68008,-11.5672,-7.06284,-0,-0,-0,-0,-0,-0
8.43536,-1.48991,0.775147,0.0228181,-1.86784,2.23128,0.694213,1.96212,-3.23474,-1.21429,6.84756,-13.455,-6.10236,-0,-0,-0,-0,-0,-0
8.4402,-1.45795,0.75956,0.0210552,-1.84928,2.43147,0.501227,1.24898,-3.08502,-1.70753,7.01316,-12.2792,-3.56868,-0,-0,-0,-0,-0,-0
8.44528,-1.42168,0.741058,-0.00228364,-1.90119,2.53776,0.241561,1.49326,-3.47114,0.23199,8.91756,-11.6748,-4.36356,-0,-0,-0,-0,-0,-0
8.45045,-1.34222,0.731711,-0.0151298,-1.99412,2.47048,0.272667,-0.71708,-4.18034,-2.57906,8.72712,-9.22392,-8.7768,-0,-0,-0,-0,-0,-0
8.45551,-1.33781,0.735437,0.0149234,-2.10595,2.5506,0.649606,3.99122,-4.52312,-2.93436,10.1264,-14.3989,-11.0124,-0,-0,-0,-0,-0,-0
8.46026,-1.4148,0.73844,0.0282349,-2.18333,2.76633,0.968815,2.32854,-5.09048,-2.1318,8.28828,-12.7098,-9.0666,-0,-0,-0,-0,-0,-0
8.46554,-1.45749,0.728417,0.0293919,-2.19755,2.83819,1.17965,2.37582,-4.06214,-2.53308,7.68384,-11.9646,-9.38124,-0,-0,-0,-0,-0,-0
8.47031,-1.45316,0.717018,0.0267873,-2.17478,2.75901,1.17793,1.2017,-4.6886,-1.8601,6.59088,-10.1264,-6.0858,-0,-0,-0,-0,-0,-0
8.47533,-1.44124,0.694708,0.0136266,-2.12901,2.60765,1.04095,1.59176,-3.9991,-2.27183,6.63228,-10.7557,-6.9138,-0,-0,-0,-0,-0,-0
8.4802,-1.43671,0.671862,-0.00200346,-2.11184,2.4241,1.00293,1.33172,-4.54676,-1.61557,7.245,-9.4392,-8.29656,-0,-0,-0,-0,-0,-0
8.48539,-1.44604,0.653487,-0.0171572,-2.07728,2.33144,1.01513,2.2064,-4.4719,-2.27392,6.15204,-12.1385,-7.96536,-0,-0,-0,-0,-0,-0
8.49032,-1.4547,0.634382,-0.0186422,-2.01507,2.41645,0.995274,1.7533,-3.79422,-2.30736,6.14376,-12.5525,-7.66728,-0,-0,-0,-0,-0,-0
8.49519,-1.45444,0.612194,-0.0216623,-1.9378,2.48933,0.964302,1.88726,-4.07002,-2.15897,5.72148,-11.8156,-7.85772,-0,-0,-0,-0,-0,-0
8.5003,-1.45414,0.578799,-0.0401947,-1.87247,2.54631,0.945231,1.76118,-3.97152,-1.79949,6.003,-11.9977,-7.62588,-0,-0,-0,-0,-0,-0
8.50529,-1.44638,0.552606,-0.0456409,-1.83155,2.55528,0.895739,1.43416,-4.0385,-2.82568,6.88896,-11.2691,-7.17048,-0,-0,-0,-0,-0,-0
8.51015,-1.44888,0.534675,-0.050038,-1.83038,2.50877,0.845596,1.78876,-4.86196,-1.92489,7.50996,-11.0869,-7.44372,-0,-0,-0,-0,-0,-0
8.51517,-1.44831,0.525381,-0.0610406,-1.81875,2.39683,0.835376,1.22534,-4.67284,-2.11508,6.31764,-10.2092,-7.55136,-0,-0,-0,-0,-0,-0
8.52046,-1.44348,0.502417,-0.0701214,-1.80847,2.29039,0.898123,1.71784,-4.10942,-2.34289,6.9552,-10.9958,-8.80992,-0,-0,-0,-0,-0,-0
8.52541,-1.44558,0.489816,-0.0648576,-1.78129,2.3137,0.94275,1.97394,-4.77922,-2.717,5.72976,-12.1799,-7.67556,-0,-0,-0,-0,-0,-0
8.53026,-1.43455,0.478123,-0.0684552,-1.69824,2.45264,0.880785,1.22928,-4.24338,-1.67618,4.97628,-13.2397,-6.94692,-0,-0,-0,-0,-0,-0
8.53523,-1.41367,0.474887,-0.0740406,-1.59254,2.64071,0.865393,1.93848,-4.99592,-2.17151,5.15016,-13.0824,-8.64432,-0,-0,-0,-0,-0,-0
8.54017,-1.40564,0.482482,-0.0645613,-1.53145,2.78034,0.89593,1.42234,-5.56722,-3.01587,6.32592,-12.7512,-7.81632,-0,-0,-0,-0,-0,-0
8.54521,-1.3777,0.479222,-0.0683438,-1.52632,2.78205,0.92265,1.10714,-4.36946,-1.44001,6.93864,-10.4162,-8.63604,-0,-0,-0,-0,-0,-0
8.55018,-1.34383,0.457515,-0.0851147,-1.57778,2.74417,0.986895,1.01258,-4.20792,-2.27601,7.89912,-12.0391,-8.42904,-0,-0,-0,-0,-0,-0
8.55516,-1.31091,0.443223,-0.087158,-1.61658,2.68061,0.986226,0.9259,-4.81074,-2.44948,6.98832,-10.2424,-7.76664,-0,-0,-0,-0,-0,-0
8.56032,-1.29212,0.436735,-0.0925379,-1.62288,2.59103,0.954885,1.45386,-4.97622,-1.97296,6.35076,-11.3353,-7.50168,-0,-0,-0,-0,-0,-0
8.56533,-1.30332,0.42745,-0.104061,-1.6077,2.54242,0.926247,1.91484,-4.82256,-2.1109,6.07752,-11.029,-7.77492,-0,-0,-0,-0,-0,-0
8.57024,-1.314,0.396346,-0.115978,-1.60792,2.50589,0.876108,1.24898,-3.32536,-2.2572,6.44184,-11.4926,-6.85584,-0,-0,-0,-0,-0,-0
8.5752,-1.31596,0.376704,-0.127972,-1.57881,2.46675,0.868109,1.68632,-5.93364,-2.09836,4.40496,-10.9462,-8.43732,-0,-0,-0,-0,-0,-0
8.58021,-1.32454,0.367662,-0.140675,-1.54614,2.44567,0.932655,1.40658,-4.40886,-2.1318,6.417,-11.4678,-8.34624,-0,-0,-0,-0,-0,-0
8.58531,-1.32084,0.333699,-0.154825,-1.57838,2.5399,0.943464,1.05986,-3.67602,-2.06074,7.00488,-12.9665,-7.42716,-0,-0,-0,-0,-0,-0
8.5902,-1.32363,0.279609,-0.180136,-1.62981,2.7064,0.910946,1.05986,-3.67602,-2.06074,7.00488,-12.9665,-7.42716,-0,-0,-0,-0,-0,-0
8.59527,-1.30997,0.246469,-0.181433,-1.64086,2.84196,0.938613,1.52872,-3.67996,-2.62922,6.2928,-12.1054,-8.58636,-0,-0,-0,-0,-0,-0
8.60038,-1.30515,0.222419,-0.190551,-1.60454,2.85513,0.988706,1.0835,-5.0432,-1.85592,5.0094,-11.2608,-7.89084,-0,-0,-0,-0,-0,-0
8.60519,-1.28914,0.208051,-0.20233,-1.52367,2.77402,1.01733,0.86286,-4.47978,-2.26556,3.90816,-10.4825,-8.52012,-0,-0,-0,-0,-0,-0
8.61022,-1.28206,0.174529,-0.218895,-1.43043,2.65135,1.0688,0.86286,-4.47978,-2.26556,3.90816,-10.4825,-8.52012,-0,-0,-0,-0,-0,-0
8.61515,-1.28012,0.147876,-0.225545,-1.34703,2.4952,1.06098,1.48932,-4.08184,-2.39723,4.32216,-9.48888,-7.50996,-0,-0,-0,-0,-0,-0
8.62028,-1.29535,0.125269,-0.227527,-1.28173,2.37819,1.00513,1.96606,-4.44432,-2.30736,4.95972,-10.8137,-7.65072,-0,-0,-0,-0,-0,-0
8.62545,-1.29901,0.115892,-0.23025,-1.25393,2.33122,0.931259,1.19382,-5.12988,-2.29273,5.10876,-10.7888,-7.1622,-0,-0,-0,-0,-0,-0
8.63035,-1.28759,0.101197,-0.238848,-1.26086,2.30023,0.923913,0.9062,-4.63738,-2.26556,5.51448,-10.7888,-8.74368,-0,-0,-0,-0,-0,-0
8.63527,-1.278,0.0809996,-0.237512,-1.30286,2.33892,0.944766,1.56812,-3.93606,-2.68147,6.92208,-11.9729,-7.60932,-0,-0,-0,-0,-0,-0
8.64037,-1.28165,0.046121,-0.25004,-1.32963,2.42296,0.988437,0.985,-4.137,-1.72007,5.0922,-11.4926,-8.71056,-0,-0,-0,-0,-0,-0
8.64543,-1.32985,0.0325089,-0.241648,-1.39979,2.53149,1.16775,3.61692,-5.0432,-3.77454,8.71056,-12.6104,-10.6564,-0,-0,-0,-0,-0,-0
8.65035,-1.37672,0.024833,-0.218639,-1.44846,2.65529,1.41925,1.09532,-4.48766,-2.8633,5.3406,-12.2875,-10.5818,-0,-0,-0,-0,-0,-0
8.65534,-1.35659,0.00638233,-0.218869,-1.3959,2.67768,1.52943,1.01258,-4.20398,-2.12762,4.77756,-11.0207,-8.49528,-0,-0,-0,-0,-0,-0
8.6602,-1.35181,-0.0121172,-0.227505,-1.35229,2.53763,1.47686,1.3593,-4.75558,-2.41813,5.15844,-9.51372,-7.88256,-0,-0,-0,-0,-0,-0
8.66523,-1.35953,-0.0303365,-0.237155,-1.32609,2.33207,1.33375,1.5957,-4.43644,-2.21331,5.53932,-9.61308,-7.02144,-0,-0,-0,-0,-0,-0
8.67035,-1.34803,-0.0511594,-0.250044,-1.30692,2.18934,1.18184,0.67374,-4.23156,-1.98341,5.65524,-10.5487,-7.69212,-0,-0,-0,-0,-0,-0
8.67543,-1.34434,-0.0635316,-0.265956,-1.28689,2.06726,1.0298,1.7336,-5.57116,-2.09836,5.2164,-9.58824,-6.84756,-0,-0,-0,-0,-0,-0
8.68027,-1.35174,-0.0717468,-0.278339,-1.26595,2.064,0.915996,1.20958,-4.6886,-2.15897,4.78584,-12.1882,-7.87428,-0,-0,-0,-0,-0,-0
8.68543,-1.35358,-0.0990887,-0.298052,-1.25523,2.15589,0.870626,1.40264,-4.18822,-1.80367,4.66992,-11.0538,-7.87428,-0,-0,-0,-0,-0,-0
8.69032,-1.35203,-0.115819,-0.313583,-1.21859,2.21757,0.869398,1.12684,-5.07078,-1.97296,3.99924,-11.6582,-8.10612,-0,-0,-0,-0,-0,-0
8.6953,-1.3297,-0.1256,-0.321618,-1.15619,2.32539,0.80906,0.61858,-4.81862,-2.34498,3.61836,-11.8404,-7.11252,-0,-0,-0,-0,-0,-0
8.70022,-1.33787,-0.145013,-0.327559,-1.08435,2.35694,0.795349,1.95424,-4.59404,-2.40977,3.41136,-10.3583,-8.74368,-0,-0,-0,-0,-0,-0
8.70537,-1.38923,-0.175336,-0.338746,-1.0268,2.31359,0.873243,1.95424,-4.59404,-2.40977,3.41136,-10.3583,-8.74368,-0,-0,-0,-0,-0,-0
8.71043,-1.38217,-0.188012,-0.337805,-0.97772,2.24019,0.932665,0.7486,-4.51524,-2.24675,4.03236,-9.522,-8.43732,-0,-0,-0,-0,-0,-0
8.71528,-1.38664,-0.214877,-0.351656,-1.01585,2.19927,0.922202,1.48538,-4.50736,-2.01476,5.73804,-10.9793,-7.34436,-0,-0,-0,-0,-0,-0
8.7203,-1.40983,-0.227719,-0.352391,-1.08573,2.20981,0.888821,1.8124,-5.32294,-2.99079,5.796,-10.5073,-8.01504,-0,-0,-0,-0,-0,-0
8.72529,-1.44891,-0.237733,-0.345515,-1.15173,2.20173,0.888148,1.8124,-5.32294,-2.99079,5.796,-10.5073,-8.01504,-0,-0,-0,-0,-0,-0
8.73053,-1.45659,-0.237136,-0.345218,-1.16571,2.21076,0.9219,1.1032,-5.42538,-1.89772,4.43808,-10.7474,-8.694,-0,-0,-0,-0,-0,-0
8.73542,-1.44728,-0.234408,-0.358071,-1.15212,2.27272,0.952286,1.182,-5.48448,-1.89354,4.9266,-11.6417,-8.34624,-0,-0,-0,-0,-0,-0
8.74022,-1.43442,-0.240326,-0.369796,-1.13475,2.38724,0.952295,0.83922,-5.03138,-2.23839,3.80052,-11.6665,-7.71696,-0,-0,-0,-0,-0,-0
8.74517,-1.45032,-0.239207,-0.373702,-1.09791,2.54084,0.923445,2.12366,-6.04002,-2.34916,4.0572,-12.7264,-8.17236,-0,-0,-0,-0,-0,-0
8.75027,-1.46545,-0.230341,-0.38283,-1.03664,2.58915,0.961773,0.83922,-6.17004,-2.06283,2.79864,-9.73728,-8.6526,-0,-0,-0,-0,-0,-0
8.75519,-1.44734,-0.222882,-0.391832,-0.975882,2.49836,1.01212,0.58706,-6.08336,-2.32408,3.933,-9.91116,-8.53668,-0,-0,-0,-0,-0,-0
8.76029,-1.45336,-0.219482,-0.401925,-0.911711,2.34957,1.02106,1.53266,-6.0479,-2.19241,2.21904,-8.75196,-7.7832,-0,-0,-0,-0,-0,-0
8.76538,-1.4647,-0.230712,-0.419679,-0.843977,2.20191,0.986709,0.6107,-5.18898,-2.00222,3.28716,-9.54684,-8.05644,-0,-0,-0,-0,-0,-0
8.77042,-1.4631,-0.245697,-0.434557,-0.871278,2.08448,0.949583,1.1623,-5.30718,-2.15479,5.37372,-9.29844,-7.69212,-0,-0,-0,-0,-0,-0
8.77527,-1.4742,-0.259534,-0.44573,-0.91114,2.0558,0.854847,1.02834,-5.7721,-2.52681,3.6432,-10.6398,-6.65712,-0,-0,-0,-0,-0,-0
8.78025,-1.4913,-0.272337,-0.45297,-0.886578,2.07126,0.73643,1.2017,-5.48448,-2.50173,2.5668,-10.3086,-7.02972,-0,-0,-0,-0,-0,-0
8.78528,-1.48545,-0.293962,-0.45733,-0.856197,2.18096,0.755527,-0.19306,-5.56722,-3.19561,2.82348,-12.0391,-8.9838,-0,-0,-0,-0,-0,-0
8.79018,-1.49166,-0.312401,-0.458445,-0.815347,2.33659,0.817974,1.93454,-5.24808,-2.46411,2.1528,-11.5258,-8.01504,-0,-0,-0,-0,-0,-0
8.79533,-1.51249,-0.331476,-0.46671,-0.786768,2.44387,0.786853,0.4334,-5.51206,-2.61459,3.56868,-11.1614,-7.48512,-0,-0,-0,-0,-0,-0
8.80027,-1.51233,-0.342176,-0.47195,-0.745948,2.43942,0.742932,1.29626,-5.55934,-2.40559,1.66428,-9.65448,-8.05644,-0,-0,-0,-0,-0,-0
8.80521,-1.51081,-0.357735,-0.471674,-0.663699,2.37775,0.733767,0.58312,-4.8462,-2.90092,1.92096,-9.99396,-8.00676,-0,-0,-0,-0,-0,-0
8.81042,-1.50994,-0.376218,-0.470971,-0.60081,2.31482,0.73699,1.2608,-5.42144,-2.38051,2.36808,-9.65448,-8.21376,-0,-0,-0,-0,-0,-0
8.81529,-1.51071,-0.393621,-0.474214,-0.597268,2.17665,0.711986,0.45704,-4.47978,-2.3408,4.16484,-8.59464,-7.31952,-0,-0,-0,-0,-0,-0
8.82021,-1.5179,-0.417863,-0.468894,-0.612922,2.00395,0.655631,1.64298,-4.77528,-3.08902,3.57696,-8.42904,-7.452,-0,-0,-0,-0,-0,-0
8.82523,-1.54676,-0.432974,-0.47374,-0.629531,1.892,0.600315,1.11502,-5.86272,-1.79322,3.75912,-9.36468,-7.33608,-0,-0,-0,-0,-0,-0
8.83026,-1.53979,-0.440528,-0.490596,-0.634584,1.84112,0.579462,0.33096,-5.3781,-2.07328,2.97252,-9.48888,-7.75836,-0,-0,-0,-0,-0,-0
8.83547,-1.54184,-0.452454,-0.496608,-0.615685,1.82984,0.583655,1.5563,-5.34264,-2.58951,2.5668,-9.84492,-7.79976,-0,-0,-0,-0,-0,-0
8.84027,-1.56495,-0.457504,-0.49005,-0.614171,1.93745,0.628503,1.23716,-5.93364,-2.98452,3.57696,-11.5754,-8.32968,-0,-0,-0,-0,-0,-0
8.84537,-1.552,-0.453436,-0.488072,-0.633288,2.10202,0.717022,0.28762,-5.92576,-2.06283,3.90816,-10.8799,-8.63604,-0,-0,-0,-0,-0,-0
8.85054,-1.54625,-0.454936,-0.499541,-0.630881,2.17352,0.771136,1.44992,-5.4963,-2.07746,2.80692,-10.1761,-8.01504,-0,-0,-0,-0,-0,-0
8.85523,-1.57731,-0.465809,-0.513132,-0.607802,2.20404,0.770146,1.44992,-5.4963,-2.07746,2.80692,-10.1761,-8.01504,-0,-0,-0,-0,-0,-0
8.86026,-1.58721,-0.474114,-0.523097,-0.591731,2.18422,0.756555,0.81558,-5.29142,-2.03775,3.41964,-9.05832,-7.98192,-0,-0,-0,-0,-0,-0
8.86534,-1.59029,-0.493315,-0.531995,-0.551378,2.13351,0.735521,0.97318,-4.8068,-2.38678,1.77192,-9.86148,-7.8246,-0,-0,-0,-0,-0,-0
8.87033,-1.60876,-0.516045,-0.533592,-0.493091,2.09763,0.72776,1.11108,-5.2796,-2.80478,1.87956,-9.16596,-8.21376,-0,-0,-0,-0,-0,-0
8.87528,-1.60209,-0.528002,-0.5346,-0.446599,2.03647,0.647681,0.21276,-5.61844,-2.299,1.99548,-9.1908,-6.63228,-0,-0,-0,-0,-0,-0
8.88038,-1.59269,-0.540384,-0.544707,-0.38779,2.02961,0.583965,0.85892,-5.32294,-2.14016,1.30824,-10.0933,-7.91568,-0,-0,-0,-0,-0,-0
8.88528,-1.58194,-0.550813,-0.55502,-0.353288,1.93439,0.676556,0.34278,-5.33082,-2.00431,2.61648,-7.59276,-9.78696,-0,-0,-0,-0,-0,-0
8.89031,-1.57664,-0.563112,-0.550341,-0.34629,1.83532,0.7071,0.86286,-5.57116,-3.53837,2.08656,-9.62136,-7.19532,-0,-0,-0,-0,-0,-0
8.89529,-1.57246,-0.571798,-0.53925,-0.349037,1.74858,0.554967,0.38218,-5.6342,-2.54353,3.11328,-7.7418,-6.51636,-0,-0,-0,-0,-0,-0
8.90036,-1.5793,-0.576887,-0.544601,-0.358344,1.73444,0.399401,1.39476,-5.77604,-2.12344,2.3184,-10.5404,-6.89724,-0,-0,-0,-0,-0,-0
8.90542,-1.58699,-0.577628,-0.547808,-0.3303,1.80112,0.353678,0.32702,-6.03608,-2.72745,1.51524,-9.1908,-7.68384,-0,-0,-0,-0,-0,-0
8.91045,-1.56199,-0.584218,-0.544777,-0.318956,1.84513,0.343397,0.29156,-5.05502,-2.47456,2.9808,-9.91944,-6.8724,-0,-0,-0,-0,-0,-0
8.9153,-1.54552,-0.606831,-0.549204,-0.347232,1.92903,0.310482,0.29156,-5.05502,-2.47456,2.9808,-9.91944,-6.8724,-0,-0,-0,-0,-0,-0
8.92025,-1.56084,-0.618212,-0.564328,-0.314307,1.9276,0.265166,1.64298,-5.90606,-1.3794,0.77004,-8.1972,-6.47496,-0,-0,-0,-0,-0,-0
8.92523,-1.60892,-0.638204,-0.584399,-0.267979,1.81529,0.31237,2.24186,-3.23868,-1.4421,2.55852,-7.7004,-8.42076,-0,-0,-0,-0,-0,-0
8.93027,-1.67781,-0.687983,-0.60627,-0.275194,1.67658,0.467346,2.24186,-3.23868,-1.4421,2.55852,-7.7004,-8.42076,-0,-0,-0,-0,-0,-0
8.93533,-1.68456,-0.723232,-0.608565,-0.261966,1.51589,0.561443,0.24034,-3.94394,-2.51845,2.02032,-7.07112,-7.35264,-0,-0,-0,-0,-0,-0
8.94022,-1.63867,-0.731145,-0.582592,-0.212324,1.39692,0.832338,0.29944,-5.44902,-3.57181,1.01016,-8.04816,-11.5672,-0,-0,-0,-0,-0,-0
8.94534,-1.61396,-0.738707,-0.552653,-0.162506,1.35309,1.31542,0.29944,-5.44902,-3.57181,1.01016,-8.04816,-11.5672,-0,-0,-0,-0,-0,-0
8.95032,-1.59675,-0.744798,-0.530715,-0.14806,1.37672,1.69483,0.3546,-5.7524,-3.08902,2.07,-9.03348,-10.5653,-0,-0,-0,-0,-0,-0
8.95544,-1.58154,-0.759036,-0.519253,-0.139717,1.42339,1.81252,0.36642,-4.1961,-2.47456,1.73052,-8.79336,-8.28828,-0,-0,-0,-0,-0,-0
8.96021,-1.57866,-0.79662,-0.524987,-0.140936,1.44831,1.76253,0.36642,-4.1961,-2.47456,1.73052,-8.79336,-8.28828,-0,-0,-0,-0,-0,-0
8.96517,-1.58377,-0.822629,-0.533843,-0.139935,1.45997,1.66112,0.99682,-4.85802,-1.89145,1.84644,-8.64432,-7.69212,-0,-0,-0,-0,-0,-0
8.97019,-1.60601,-0.850181,-0.551565,-0.163018,1.51571,1.45314,0.4925,-5.01168,-2.24466,2.20248,-9.37296,-6.2514,-0,-0,-0,-0,-0,-0
8.97526,-1.61933,-0.877841,-0.566063,-0.195797,1.59895,1.19572,0.4925,-5.01168,-2.24466,2.20248,-9.37296,-6.2514,-0,-0,-0,-0,-0,-0
8.98025,-1.62728,-0.894803,-0.571819,-0.220001,1.70556,1.02739,0.50038,-5.48054,-2.56861,2.25216,-10.0768,-7.36092,-0,-0,-0,-0,-0,-0
8.98523,-1.63563,-0.897939,-0.56548,-0.26256,1.75533,0.947846,0.68556,-6.05184,-2.95944,3.01392,-8.26344,-7.69212,-0,-0,-0,-0,-0,-0
8.99029,-1.65926,-0.903617,-0.56103,-0.341306,1.71346,0.902002,0.68556,-6.05184,-2.95944,3.01392,-8.26344,-7.69212,-0,-0,-0,-0,-0,-0
8.99525,-1.65731,-0.901974,-0.561254,-0.381292,1.60307,0.881258,0.06698,-5.99274,-2.09627,1.83816,-6.831,-8.00676,-0,-0,-0,-0,-0,-0
9.00055,-1.64082,-0.906572,-0.576787,-0.396555,1.42023,0.874275,0.06698,-5.99274,-2.09627,1.83816,-6.831,-8.00676,0,0,0,0,0,0
9.00522,-1.60936,-0.911164,-0.57223,-0.383581,1.36725,0.849976,-0.29944,-5.38598,-3.24368,1.08468,-8.8596,-7.659,0,0,0,0,0,0
9.01022,-1.58364,-0.924577,-0.565615,-0.361406,1.3447,0.862704,0.10638,-5.3387,-2.4035,1.49868,-7.44372,-8.71884,0,0,0,0,0,0
9.01526,-1.57009,-0.939015,-0.570144,-0.350616,1.2559,0.919747,0.10638,-5.3387,-2.4035,1.49868,-7.44372,-8.71884,0,0,0,0,0,0
9.02028,-1.55138,-0.936792,-0.573425,-0.325059,1.27485,0.913891,0.16548,-6.25672,-2.03775,1.242,-9.4392,-7.659,0,0,0,0,0,0
9.02535,-1.54079,-0.930105,-0.585321,-0.28965,1.39386,0.852635,0.16548,-6.25672,-2.03775,1.242,-9.4392,-7.659,0,0,0,0,0,0
9.03028,-1.54449,-0.909754,-0.580095,-0.228437,1.51983,0.767683,0.98106,-6.96198,-2.92182,0.63756,-9.83664,-7.07112,0,0,0,0,0,0
9.03519,-1.57712,-0.89313,-0.571755,-0.174552,1.66978,0.662354,0.98106,-6.96198,-2.92182,0.63756,-9.83664,-7.07112,0,0,0,0,0,0
9.04029,-1.55583,-0.867833,-0.559508,-0.12768,1.79056,0.595354,-0.97318,-7.43084,-2.95735,0.84456,-9.2322,-7.71696,0,0,0,0,0,0
9.04523,-1.53395,-0.851603,-0.559995,-0.111262,1.89783,0.588602,0.47674,-6.84772,-2.40977,1.29168,-9.78696,-7.79148,0,0,0,0,0,0
9.05032,-1.54998,-0.840972,-0.566827,-0.108911,2.0226,0.569962,0.47674,-6.84772,-2.40977,1.29168,-9.78696,-7.79148,0,0,0,0,0,0
9.05539,-1.55259,-0.826149,-0.560852,-0.0823566,1.99043,0.572623,0.1773,-6.70982,-3.00751,0.55476,-6.98832,-8.42076,0,0,0,0,0,0
9.06025,-1.54601,-0.817502,-0.552017,-0.0503796,1.87368,0.592009,0.07486,-6.42614,-2.70446,0.87768,-7.8246,-8.01504,0,0,0,0,0,0
9.06545,-1.54473,-0.81214,-0.549764,-0.00812508,1.7466,0.58085,0.16942,-6.69012,-2.63131,0,-6.82272,-7.866,0,0,0,0,0,0
9.07027,-1.54941,-0.807591,-0.550568,0.0376443,1.58766,0.572731,0.16942,-6.69012,-2.63131,0,-6.82272,-7.866,0,0,0,0,0,0
9.07523,-1.55204,-0.79974,-0.547413,0.0851694,1.41806,0.544976,0.30732,-6.41432,-2.54771,-0.02484,-6.47496,-7.36092,0,0,0,0,0,0
9.0806,-1.56729,-0.803036,-0.551823,0.123649,1.24203,0.512746,0.30732,-6.41432,-2.54771,-0.02484,-6.47496,-7.36092,0,0,0,0,0,0
9.08528,-1.57621,-0.812797,-0.55607,0.159055,1.14643,0.613572,0.20488,-5.4569,-2.36588,-0.07452,-7.27812,-9.8118,0,0,0,0,0,0
9.09028,-1.56931,-0.824902,-0.556039,0.18206,1.13865,0.689509,-0.16548,-5.92182,-2.68356,0.75348,-8.1144,-7.11252,0,0,0,0,0,0
9.09529,-1.56359,-0.841476,-0.558649,0.170068,1.19227,0.606424,-0.16548,-5.92182,-2.68356,0.75348,-8.1144,-7.11252,0,0,0,0,0,0
9.10026,-1.56642,-0.843286,-0.562158,0.176088,1.28368,0.557578,0.26004,-7.00138,-2.3408,0.1242,-8.78508,-7.9902,0,0,0,0,0,0
9.10555,-1.57019,-0.830861,-0.568943,0.20979,1.41837,0.572718,0.26004,-7.00138,-2.3408,0.1242,-8.78508,-7.9902,0,0,0,0,0,0
9.11038,-1.51652,-0.816104,-0.562891,0.233477,1.52867,0.588993,-1.48932,-6.20156,-2.62713,1.02672,-8.694,-7.88256,0,0,0,0,0,0
9.1152,-1.43112,-0.816479,-0.559715,0.220617,1.6133,0.587282,-1.48932,-6.20156,-2.62713,1.02672,-8.694,-7.88256,0,0,0,0,0,0
9.12032,-1.36861,-0.812208,-0.568398,0.203718,1.62904,0.591634,-0.42158,-6.19368,-1.4003,1.17576,-7.6176,-8.1972,0,0,0,0,0,0
9.12542,-1.3598,-0.815786,-0.573933,0.206625,1.53911,0.646178,0.24034,-5.713,-2.98661,0.35604,-6.77304,-8.75196,0,0,0,0,0,0
9.13034,-1.37532,-0.829169,-0.563348,0.227044,1.42286,0.739014,0.24034,-5.713,-2.98661,0.35604,-6.77304,-8.75196,0,0,0,0,0,0
9.13532,-1.37266,-0.832098,-0.555713,0.253367,1.32292,0.808021,-0.35066,-6.31976,-2.44948,0.3312,-6.83928,-8.24688,0,0,0,0,0,0
9.14024,-1.35945,-0.832395,-0.557584,0.267438,1.2418,0.846253,-0.35066,-6.31976,-2.44948,0.3312,-6.83928,-8.24688,0,0,0,0,0,0
9.14521,-1.35337,-0.827764,-0.551459,0.26615,1.13649,0.836788,0.09062,-6.31188,-2.76089,0.93564,-6.19344,-7.39404,0,0,0,0,0,0
9.15026,-1.3727,-0.815959,-0.54025,0.26799,1.14727,0.948741,0.6304,-7.29294,-3.00542,-0.01656,-8.74368,-10.9462,0,0,0,0,0,0
9.15527,-1.41071,-0.799241,-0.530795,0.289717,1.28292,1.20799,0.6304,-7.29294,-3.00542,-0.01656,-8.74368,-10.9462,0,0,0,0,0,0
9.16046,-1.43329,-0.778358,-0.518352,0.323074,1.30094,1.36884,0.14184,-7.32052,-3.04513,-0.28152,-6.65712,-9.54684,0,0,0,0,0,0
9.16542,-1.42389,-0.765474,-0.508394,0.367874,1.20629,1.34273,-0.50432,-6.6783,-2.86748,-0.36432,-6.23484,-7.9488,0,0,0,0,0,0
9.17016,-1.40272,-0.765353,-0.505986,0.403745,1.1074,1.23469,-0.50432,-6.6783,-2.86748,-0.36432,-6.23484,-7.9488,0,0,0,0,0,0
9.17522,-1.35357,-0.773284,-0.501289,0.435737,1.1297,1.11276,-1.379,-5.40174,-2.75044,-0.05796,-8.51184,-7.70868,0,0,0,0,0,0
9.18037,-1.29161,-0.803912,-0.503912,0.444982,1.27205,0.99236,-1.379,-5.40174,-2.75044,-0.05796,-8.51184,-7.70868,0,0,0,0,0,0
9.18554,-1.2493,-0.818035,-0.513859,0.448573,1.32175,0.914312,-0.69344,-6.86348,-2.05029,0.07452,-6.94692,-8.24688,0,0,0,0,0,0
9.19026,-1.22708,-0.821075,-0.530205,0.467554,1.34649,0.824215,-0.72496,-6.00062,-1.881,-0.7452,-8.14752,-7.17048,0,0,0,0,0,0
9.19524,-1.20502,-0.833446,-0.549458,0.503528,1.42437,0.689547,-0.72496,-6.00062,-1.881,-0.7452,-8.14752,-7.17048,0,0,0,0,0,0
9.20037,-1.18873,-0.844985,-0.545565,0.556936,1.40415,0.630042,-0.26792,-5.40962,-3.24368,-1.25028,-6.3756,-8.43732,0,0,0,0,0,0
9.2054,-1.17615,-0.85596,-0.541791,0.624555,1.30941,0.619348,-0.70132,-6.09124,-1.90399,-1.50696,-6.60744,-7.8246,0,0,0,0,0,0
9.21028,-1.15665,-0.863006,-0.556833,0.69056,1.24292,0.594714,-0.70132,-6.09124,-1.90399,-1.50696,-6.60744,-7.8246,0,0,0,0,0,0
9.21534,-1.12548,-0.865503,-0.562514,0.748018,1.18826,0.582103,-0.93772,-5.99274,-2.30318,-0.9936,-6.67368,-7.94052,0,0,0,0,0,0
9.22033,-1.09366,-0.872708,-0.565972,0.784803,1.14288,0.586889,-0.93772,-5.99274,-2.30318,-0.9936,-6.67368,-7.94052,0,0,0,0,0,0
9.22542,-1.06553,-0.876923,-0.576132,0.839138,1.07603,0.591936,-0.72102,-5.9888,-1.60721,-1.6146,-6.21828,-7.85772,0,0,0,0,0,0
9.23042,-1.03123,-0.874463,-0.591147,0.954217,0.981749,0.553408,-1.2017,-6.45372,-1.78277,-3.4362,-6.0858,-6.92208,0,0,0,0,0,0
9.23533,-0.991272,-0.872271,-0.607087,1.10132,0.901888,0.465951,-1.2017,-6.45372,-1.78277,-3.4362,-6.0858,-6.92208,0,0,0,0,0,0
9.2403,-0.94976,-0.864239,-0.617639,1.26375,0.871665,0.418323,-1.18988,-6.72164,-1.97923,-4.2228,-6.83928,-7.73352,0,0,0,0,0,0
9.24537,-0.914121,-0.856763,-0.617995,1.47316,0.864484,0.481354,-1.01652,-6.34734,-2.52472,-5.68008,-6.49152,-9.01692,0,0,0,0,0,0
9.25033,-0.888588,-0.857617,-0.613998,1.67291,0.852665,0.607497,-1.01652,-6.34734,-2.52472,-5.68008,-6.49152,-9.01692,0,0,0,0,0,0
9.25551,-0.856978,-0.852058,-0.605133,1.78891,0.871369,0.64658,-1.0441,-6.4419,-2.53517,-5.11704,-6.98832,-7.452,0,0,0,0,0,0
9.26052,-0.836267,-0.854021,-0.602006,1.77995,0.9303,0.589628,-1.0441,-6.4419,-2.53517,-5.11704,-6.98832,-7.452,0,0,0,0,0,0
9.26527,-0.802654,-0.843599,-0.585766,1.71723,0.98464,0.644706,-1.56024,-7.33234,-3.35654,-5.05908,-6.92208,-9.87804,0,0,0,0,0,0
9.27017,-0.761482,-0.828982,-0.56347,1.62936,1.04017,0.823057,-1.56024,-7.33234,-3.35654,-5.05908,-6.92208,-9.87804,0,0,0,0,0,0
9.27514,-0.705732,-0.814939,-0.553951,1.55114,1.13103,0.901207,-2.11972,-6.91864,-2.14643,-5.44824,-7.69212,-8.04816,0,0,0,0,0,0
9.28021,-0.59071,-0.802902,-0.555775,1.52118,1.24274,0.829172,-3.8809,-6.72952,-2.21122,-6.73992,-7.60932,-7.08768,0,0,0,0,0,0
9.28531,-0.446035,-0.796922,-0.560136,1.5195,1.32943,0.715148,-3.8809,-6.72952,-2.21122,-6.73992,-7.60932,-7.08768,0,0,0,0,0,0
9.29029,-0.286388,-0.7894,-0.560363,1.50472,1.24551,0.641788,-5.14958,-6.35128,-2.20077,-6.06096,-4.62024,-7.62588,0,0,0,0,0,0
9.29519,-0.134174,-0.783019,-0.560068,1.42928,1.07544,0.620499,-4.9447,-6.83196,-2.28228,-4.37184,-5.589,-7.93224,0,0,0,0,0,0
9.30027,-0.0329284,-0.777492,-0.56263,1.30806,0.971072,0.61659,-4.9447,-6.83196,-2.28228,-4.37184,-5.589,-7.93224,0,0,0,0,0,0
9.30535,0.0475348,-0.770745,-0.571611,1.24507,0.862899,0.597305,-6.15822,-6.58768,-1.5048,-6.26796,-5.18328,-7.68384,0,0,0,0,0,0
9.31021,0.0905406,-0.771673,-0.592393,1.23412,0.753464,0.565725,-6.15822,-6.58768,-1.5048,-6.26796,-5.18328,-7.68384,0,0,0,0,0,0
9.31556,0.081626,-0.772373,-0.614133,1.22699,0.644143,0.531518,-6.15822,-6.58768,-1.5048,-6.26796,-5.18328,-7.68384,0,0,0,0,0,0
9.32036,0.057503,-0.76698,-0.612293,1.24198,0.572733,0.528999,-6.35916,-6.43402,-2.7797,-6.81444,-5.55588,-8.28,0,0,0,0,0,0
9.32521,0.0153754,-0.77011,-0.600519,1.25281,0.540443,0.559239,-6.35916,-6.43402,-2.7797,-6.81444,-5.55588,-8.28,0,0,0,0,0,0
9.33049,-0.0377685,-0.773147,-0.588188,1.25731,0.516778,0.590559,-6.35916,-6.43402,-2.7797,-6.81444,-5.55588,-8.28,0,0,0,0,0,0
9.33538,-0.0834773,-0.76897,-0.585671,1.2445,0.508664,0.551054,-6.38674,-6.8162,-1.92489,-6.1272,-5.74632,-6.9552,0,0,0,0,0,0
9.34036,-0.154671,-0.764594,-0.5948,1.22767,0.597421,0.511292,-5.40174,-6.60344,-1.90399,-6.69024,-7.46028,-8.27172,0,0,0,0,0,0
9.34547,-0.22559,-0.761698,-0.599587,1.16419,0.689512,0.530228,-6.31976,-6.64284,-2.18614,-4.32216,-5.76288,-7.75836,0,0,0,0,0,0
9.35033,-0.271865,-0.76275,-0.60325,1.05626,0.69244,0.524027,-6.31976,-6.64284,-2.18614,-4.32216,-5.76288,-7.75836,0,0,0,0,0,0
9.35524,-0.312246,-0.756255,-0.59711,1.02489,0.790451,0.539517,-6.19762,-6.89894,-2.66057,-6.89724,-7.79148,-8.28,0,0,0,0,0,0
9.36034,-0.331075,-0.742896,-0.591136,1.02755,0.917489,0.62963,-6.90682,-7.10776,-2.01476,-5.59728,-6.35076,-9.3978,0,0,0,0,0,0
9.36536,-0.333905,-0.729979,-0.59559,1.00424,0.95574,0.763649,-6.90682,-7.10776,-2.01476,-5.59728,-6.35076,-9.3978,0,0,0,0,0,0
9.37056,-0.336403,-0.718596,-0.593234,0.998126,0.984445,0.81095,-6.6192,-6.39856,-2.26765,-5.94504,-6.40872,-7.96536,0,0,0,0,0,0
9.37515,-0.357107,-0.722594,-0.593421,0.969165,1.00916,0.782111,-6.6192,-6.39856,-2.26765,-5.94504,-6.40872,-7.96536,0,0,0,0,0,0
9.3803,-0.413347,-0.742154,-0.595826,0.91858,1.02186,0.732627,-5.1811,-4.59404,-1.88309,-5.64696,-6.23484,-7.659,0,0,0,0,0,0
9.38526,-0.478817,-0.753275,-0.606489,0.889652,0.92977,0.688283,-6.2252,-7.43478,-1.7974,-6.46668,-4.29732,-7.83288,0,0,0,0,0,0
9.39035,-0.505607,-0.745394,-0.606147,0.888719,0.841925,0.643304,-6.35128,-6.2646,-2.55816,-6.14376,-6.02784,-7.40232,0,0,0,0,0,0
9.3952,-0.537384,-0.75214,-0.605445,0.896701,0.773287,0.556599,-6.04002,-6.09124,-1.881,-6.98832,-4.46292,-6.60744,0,0,0,0,0,0
9.40034,-0.584458,-0.766636,-0.617109,0.917163,0.641527,0.425915,-6.04002,-6.09124,-1.881,-6.98832,-4.46292,-6.60744,0,0,0,0,0,0
9.40544,-0.641018,-0.784061,-0.628452,0.885843,0.549724,0.326181,-5.44508,-5.59086,-1.75351,-5.00112,-4.91004,-7.0794,0,0,0,0,0,0
9.41032,-0.713127,-0.800082,-0.637135,0.841749,0.4421,0.258167,-4.9053,-5.80756,-1.9228,-5.86224,-3.87504,-6.78132,0,0,0,0,0,0
9.41532,-0.773872,-0.809902,-0.638493,0.82768,0.323991,0.212908,-5.54752,-5.85484,-2.06701,-5.86224,-4.49604,-7.23672,0,0,0,0,0,0
9.42033,-0.815052,-0.822249,-0.64099,0.806946,0.256198,0.185959,-5.14564,-5.03926,-1.60721,-5.10876,-4.81896,-6.4584,0,0,0,0,0,0
9.42526,-0.804549,-0.817546,-0.653333,0.795759,0.280982,0.184928,-6.93834,-6.82802,-0.95513,-5.85396,-5.97816,-7.15392,0,0,0,0,0,0
9.43027,-0.791381,-0.802512,-0.666191,0.775788,0.281328,0.242281,-5.122,-5.91,-1.463,-4.48776,-4.2642,-7.15392,0,0,0,0,0,0
9.43527,-0.801898,-0.792218,-0.672798,0.74812,0.225517,0.300761,-5.76028,-6.05184,-1.18712,-5.00112,-5.06736,-7.0794,0,0,0,0,0,0
9.44035,-0.7654,-0.773792,-0.671874,0.816103,0.241047,0.512556,-7.1905,-7.08018,-2.22794,-8.18064,-5.33232,-10.4494,0,0,0,0,0,0
9.44529,-0.709848,-0.75353,-0.652803,0.947529,0.282954,0.834161,-6.89894,-6.64678,-2.80269,-8.41248,-5.53104,-10.1347,0,0,0,0,0,0
9.45025,-0.683031,-0.740038,-0.646438,1.04661,0.371422,0.951403,-6.60738,-6.90682,-1.40866,-7.76664,-6.13548,-7.2864,0,0,0,0,0,0
9.45517,-0.676689,-0.724025,-0.642867,1.08809,0.477743,0.88477,-6.4419,-7.29294,-2.78179,-6.97176,-5.86224,-6.9138,0,0,0,0,0,0
9.4602,-0.676648,-0.705338,-0.629389,1.14913,0.562627,0.855053,-6.61526,-7.54904,-2.32199,-8.28,-5.74632,-8.30484,0,0,0,0,0,0
9.46523,-0.66744,-0.686974,-0.634471,1.1956,0.634713,0.840943,-7.02502,-7.57662,-1.5048,-7.08768,-5.80428,-7.83288,0,0,0,0,0,0
9.47022,-0.645825,-0.674826,-0.642579,1.17077,0.706112,0.76561,-7.11564,-7.00138,-2.03775,-5.70492,-5.87052,-7.12908,0,0,0,0,0,0
9.47516,-0.646589,-0.680672,-0.64826,1.14575,0.827223,0.610574,-6.20944,-6.01244,-1.77023,-7.3692,-6.92208,-6.47496,0,0,0,0,0,0
9.48031,-0.677082,-0.683291,-0.648716,1.17939,0.954466,0.501045,-5.76816,-6.96592,-2.24257,-7.72524,-6.05268,-7.6176,0,0,0,0,0,0
9.48535,-0.691417,-0.682356,-0.644839,1.20322,0.984959,0.443405,-6.6586,-6.28824,-2.12135,-6.93036,-5.37372,-6.831,0,0,0,0,0,0
9.49035,-0.683292,-0.681851,-0.648286,1.17797,0.983613,0.38807,-6.5995,-6.895,-1.59049,-5.78772,-5.47308,-7.50168,0,0,0,0,0,0
9.4953,-0.706359,-0.682483,-0.646296,1.16357,0.930303,0.385598,-5.41356,-6.2449,-2.61877,-7.19532,-4.4298,-7.64244,0,0,0,0,0,0
9.50018,-0.726471,-0.692119,-0.641201,1.12731,0.905771,0.40558,-6.65072,-6.01244,-1.72843,-5.02596,-5.98644,-7.94052,0,0,0,0,0,0
9.5055,-0.695662,-0.717223,-0.657701,1.07941,0.890685,0.420051,-7.25748,-4.9447,-1.04291,-6.46668,-4.39668,-7.60104,0,0,0,0,0,0
9.51041,-0.683557,-0.731886,-0.666515,1.0467,0.755786,0.40666,-5.86272,-6.39068,-2.05447,-5.45652,-3.6018,-7.10424,0,0,0,0,0,0
9.51523,-0.706525,-0.736705,-0.673809,1.02142,0.612659,0.415187,-6.11882,-6.21338,-1.28117,-6.85584,-3.96612,-7.84944,0,0,0,0,0,0
9.52029,-0.70991,-0.7339,-0.68212,1.00624,0.467084,0.459736,-6.50888,-6.94622,-1.94161,-5.74632,-3.49416,-7.55964,0,0,0,0,0,0
9.52533,-0.689752,-0.726899,-0.676735,0.979834,0.373163,0.45458,-6.98562,-6.46948,-2.1736,-6.18516,-4.73616,-7.22844,0,0,0,0,0,0
9.5303,-0.686036,-0.736606,-0.676207,1.00586,0.387667,0.444272,-6.04002,-5.76816,-1.79531,-7.98192,-5.0094,-7.72524,0,0,0,0,0,0
9.53536,-0.687249,-0.74369,-0.679941,1.01656,0.353542,0.408708,-6.63496,-6.40644,-1.68245,-5.7132,-3.74256,-7.02972,0,0,0,0,0,0
9.54027,-0.680646,-0.743065,-0.687515,0.990759,0.283323,0.385545,-6.28824,-6.4616,-1.45673,-6.36732,-4.0572,-7.72524,0,0,0,0,0,0
9.54536,-0.696053,-0.741421,-0.690286,0.98554,0.261318,0.364866,-5.80362,-6.59556,-2.09209,-6.73992,-4.42152,-6.96348,0,0,0,0,0,0
9.55021,-0.72599,-0.739507,-0.685747,0.983051,0.258321,0.324781,-5.80362,-6.59556,-2.09209,-6.73992,-4.42152,-6.96348,0,0,0,0,0,0
9.55516,-0.721,-0.738323,-0.684576,1.01592,0.238965,0.38731,-6.7965,-5.95728,-1.50271,-8.073,-4.18968,-8.87616,0,0,0,0,0,0
9.56027,-0.699694,-0.734813,-0.688666,1.01111,0.220834,0.486905,-6.5207,-7.17474,-1.78277,-5.28264,-4.1814,-8.03988,0,0,0,0,0,0
9.56547,-0.685316,-0.71871,-0.689948,0.938568,0.199939,0.525436,-6.5207,-7.17474,-1.78277,-5.28264,-4.1814,-8.03988,0,0,0,0,0,0
9.57043,-0.679381,-0.711699,-0.686289,0.901134,0.155255,0.544173,-5.76028,-5.76422,-1.86846,-6.11892,-3.75912,-7.98192,0,0,0,0,0,0
9.57538,-0.69443,-0.720408,-0.682434,0.88752,0.0989439,0.56495,-5.76028,-5.76422,-1.86846,-6.11892,-3.75912,-7.98192,0,0,0,0,0,0
9.58026,-0.676729,-0.723422,-0.667777,0.87468,0.0651766,0.564755,-6.7768,-5.98092,-2.56025,-5.9202,-4.09032,-7.5348,0,0,0,0,0,0
9.58527,-0.648348,-0.72688,-0.654541,0.906846,0.0749256,0.578772,-6.2449,-5.83908,-1.74306,-7.72524,-4.37184,-7.95708,0,0,0,0,0,0
9.59033,-0.634933,-0.74114,-0.66065,0.939103,0.0760202,0.578731,-6.5798,-5.41356,-1.33969,-6.44184,-3.91644,-7.245,0,0,0,0,0,0
9.59536,-0.595768,-0.754732,-0.672297,0.965004,0.0866162,0.488159,-7.17868,-5.76816,-1.26027,-7.245,-4.54572,-6.16032,0,0,0,0,0,0
9.60033,-0.552736,-0.766505,-0.682759,1.0142,0.236263,0.413407,-7.10776,-5.99668,-1.60303,-7.75008,-6.55776,-7.43544,0,0,0,0,0,0
9.60544,-0.508097,-0.770424,-0.684999,1.06675,0.362708,0.347621,-7.18656,-6.46948,-1.9228,-7.72524,-4.28904,-6.61572,0,0,0,0,0,0
9.61029,-0.467447,-0.766942,-0.683364,1.06762,0.365339,0.24759,-6.84772,-6.44978,-1.71171,-5.82084,-4.25592,-6.3342,0,0,0,0,0,0
9.61532,-0.434828,-0.760572,-0.685586,1.04861,0.377669,0.208886,-6.90682,-6.74528,-1.58004,-6.7482,-4.64508,-7.55136,0,0,0,0,0,0
9.62043,-0.398832,-0.764214,-0.697593,1.02159,0.401019,0.233412,-7.29294,-5.81544,-1.0868,-5.81256,-4.32216,-7.92396,0,0,0,0,0,0
9.62539,-0.371345,-0.767609,-0.712111,0.979427,0.474364,0.280547,-6.51282,-6.47342,-1.23519,-5.53932,-5.77116,-7.62588,0,0,0,0,0,0
9.63047,-0.349891,-0.751591,-0.730419,0.932719,0.597727,0.247023,-7.00926,-7.486,-0.68552,-5.28264,-5.43996,-6.35076,0,0,0,0,0,0
9.63518,-0.305965,-0.731492,-0.738105,0.93262,0.6843,0.255596,-7.24172,-6.72952,-1.84756,-6.98832,-5.40684,-8.41248,0,0,0,0,0,0
9.64025,-0.280603,-0.710256,-0.728748,0.932949,0.834935,0.358245,-6.41432,-7.78544,-2.15897,-5.76288,-6.50808,-8.06472,0,0,0,0,0,0
9.64527,-0.252121,-0.687986,-0.720804,0.896107,0.996967,0.315848,-7.289,-6.80438,-1.66155,-5.2578,-5.90364,-5.95332,0,0,0,0,0,0
9.65031,-0.211148,-0.671018,-0.71656,0.911799,1.05818,0.332163,-7.02502,-7.27324,-1.84756,-7.43544,-4.81896,-8.87616,0,0,0,0,0,0
9.65546,-0.16871,-0.654281,-0.723066,0.979451,1.04279,0.553669,-7.60026,-7.22596,-1.06172,-7.70868,-4.61196,-10.1099,0,0,0,0,0,0
9.66033,-0.15,-0.650357,-0.740679,0.974567,1.03135,0.677037,-6.62708,-6.59162,-1.14741,-5.97816,-4.94316,-7.55136,0,0,0,0,0,0
9.66542,-0.140332,-0.654568,-0.75659,0.975117,1.02686,0.587945,-7.28112,-6.4616,-1.22265,-7.8246,-4.85208,-6.42528,0,0,0,0,0,0
9.6704,-0.126941,-0.671368,-0.767666,0.97431,0.942707,0.470135,-6.8753,-5.57904,-1.63229,-6.9552,-3.41964,-7.25328,0,0,0,0,0,0
9.67531,-0.111404,-0.690101,-0.768762,0.888826,0.774292,0.378711,-7.22596,-5.90606,-1.78486,-4.21452,-2.99736,-6.5412,0,0,0,0,0,0
9.68028,-0.131121,-0.70051,-0.772156,0.79757,0.675688,0.353876,-5.22838,-6.21338,-1.30834,-5.77116,-4.347,-8.1144,0,0,0,0,0,0
9.6853,-0.146215,-0.705923,-0.785148,0.758195,0.649603,0.349637,-7.09594,-6.05972,-0.86735,-6.06096,-4.20624,-6.67368,0,0,0,0,0,0
9.69042,-0.122791,-0.707914,-0.804449,0.700052,0.570111,0.292572,-6.67436,-6.48524,-0.81301,-4.86036,-3.08016,-6.9552,0,0,0,0,0,0
9.69525,-0.107188,-0.706077,-0.816621,0.672954,0.453789,0.312784,-6.6389,-6.15822,-1.17667,-6.85584,-3.28716,-8.1144,0,0,0,0,0,0
9.70024,-0.075212,-0.713146,-0.821591,0.713126,0.32011,0.365702,-7.3481,-5.5554,-1.32088,-6.67368,-2.61648,-7.7418,0,0,0,0,0,0
9.70523,-0.0255082,-0.725611,-0.824804,0.7477,0.172012,0.42347,-7.3481,-5.5554,-1.32088,-6.67368,-2.61648,-7.7418,0,0,0,0,0,0
9.71028,0.0179929,-0.726358,-0.832756,0.781044,0.0537692,0.469615,-6.81226,-6.27248,-0.72523,-6.54948,-2.94768,-7.33608,0,0,0,0,0,0
9.71519,0.0437143,-0.723705,-0.845069,0.797968,0.0124586,0.535566,-6.70982,-5.93758,-0.96558,-6.31764,-3.77568,-8.1972,0,0,0,0,0,0
9.72028,0.0914915,-0.72175,-0.854961,0.776489,-0.0716854,0.585651,-7.8406,-6.25672,-0.92796,-4.91004,-2.00376,-7.33608,0,0,0,0,0,0
9.72522,0.136546,-0.715486,-0.85309,0.717996,-0.188735,0.557941,-6.56798,-6.21338,-1.77859,-4.47948,-2.90628,-7.21188,0,0,0,0,0,0
9.73037,0.151583,-0.715547,-0.852644,0.669534,-0.316912,0.55683,-6.68618,-5.66178,-0.80047,-5.34888,-1.7388,-7.866,0,0,0,0,0,0
9.73538,0.171372,-0.725455,-0.865427,0.624017,-0.416198,0.565572,-7.00926,-5.56328,-0.88825,-5.33232,-3.0222,-7.3692,0,0,0,0,0,0
9.74025,0.216011,-0.746163,-0.879102,0.594364,-0.42193,0.56769,-7.87212,-4.73194,-0.73359,-5.8374,-3.24576,-7.80804,0,0,0,0,0,0
9.7453,0.2504,-0.768168,-0.886199,0.594718,-0.372481,0.553863,-6.47736,-5.38204,-1.38985,-6.69852,-3.88332,-7.04628,0,0,0,0,0,0
9.75027,0.280632,-0.782389,-0.879251,0.591338,-0.350208,0.530391,-7.68694,-5.3387,-1.75142,-5.43996,-2.84004,-7.17876,0,0,0,0,0,0
9.75524,0.335609,-0.798546,-0.87486,0.565459,-0.371638,0.594333,-7.59632,-5.30324,-1.20175,-6.01128,-3.00564,-8.8182,0,0,0,0,0,0
9.76028,0.359977,-0.811466,-0.877061,0.56211,-0.434113,0.665197,-6.37098,-5.44508,-1.20593,-6.21828,-2.07828,-7.659,0,0,0,0,0,0
9.76532,0.359164,-0.821419,-0.885385,0.497086,-0.498564,0.62947,-6.86348,-5.68936,-0.76285,-3.66804,-2.84004,-6.82272,0,0,0,0,0,0
9.77015,0.367137,-0.818681,-0.89952,0.413486,-0.570522,0.537026,-6.6192,-6.49706,-0.60819,-4.76928,-1.70568,-6.68196,0,0,0,0,0,0
9.77532,0.376992,-0.81242,-0.911873,0.387441,-0.695305,0.490376,-6.80832,-5.88636,-0.89661,-5.74632,-1.81332,-7.46856,0,0,0,0,0,0
9.78022,0.401875,-0.813087,-0.919075,0.397668,-0.758156,0.517238,-7.34416,-5.91788,-0.95304,-6.3342,-2.55852,-7.87428,0,0,0,0,0,0
9.78519,0.423118,-0.814096,-0.918319,0.412498,-0.789003,0.545942,-6.6389,-5.95728,-1.53824,-5.86224,-2.21076,-7.34436,0,0,0,0,0,0
9.79044,0.435099,-0.806025,-0.905736,0.433959,-0.860352,0.560686,-6.80438,-6.66648,-1.7347,-6.3756,-1.72224,-7.72524,0,0,0,0,0,0
9.79526,0.447468,-0.784291,-0.891288,0.469338,-0.922754,0.613258,-6.5207,-7.12352,-1.68454,-6.50808,-2.1528,-8.01504,0,0,0,0,0,0
9.80034,0.485165,-0.757774,-0.879297,0.47048,-0.981338,0.587091,-7.69088,-7.15898,-1.52152,-5.12532,-1.68084,-5.96988,0,0,0,0,0,0
9.80518,0.53071,-0.731195,-0.875161,0.431065,-1.036,0.591566,-7.06048,-7.28506,-1.1286,-4.74444,-2.02032,-8.42076,0,0,0,0,0,0
9.81035,0.55651,-0.704632,-0.878317,0.372171,-1.06701,0.710769,-7.06048,-7.28506,-1.1286,-4.74444,-2.02032,-8.42076,0,0,0,0,0,0
9.81528,0.592325,-0.693169,-0.885524,0.308751,-1.0935,0.74208,-7.30082,-5.54752,-0.61237,-4.33872,-2.05344,-7.0794,0,0,0,0,0,0
9.82021,0.637356,-0.688796,-0.897763,0.30422,-1.12276,0.720322,-7.1117,-6.2449,-0.53504,-5.93676,-1.88784,-7.452,0,0,0,0,0,0
9.82529,0.685362,-0.682866,-0.912641,0.323449,-1.17119,0.670539,-7.69876,-6.11882,-0.58311,-5.6718,-1.58148,-6.71508,0,0,0,0,0,0
9.83021,0.741075,-0.675822,-0.927661,0.370859,-1.21278,0.59788,-7.34022,-6.2055,-0.32813,-6.57432,-1.9044,-6.80616,0,0,0,0,0,0
9.83517,0.751359,-0.6842,-0.939663,0.410744,-1.22847,0.540109,-6.13852,-4.87772,-0.95304,-6.11064,-1.9458,-6.624,0,0,0,0,0,0
9.84019,0.760478,-0.706386,-0.947054,0.440054,-1.22728,0.5057,-7.6436,-5.0235,-0.77957,-7.17876,-2.17764,-7.26984,0,0,0,0,0,0
9.84517,0.795115,-0.722982,-0.956225,0.413449,-1.19981,0.525038,-7.289,-5.74452,-0.89452,-4.10688,-2.3184,-7.62588,0,0,0,0,0,0
9.85045,0.804044,-0.728421,-0.969256,0.341105,-1.14843,0.535758,-6.32764,-5.67754,-0.32395,-5.07564,-2.61648,-7.02972,0,0,0,0,0,0
9.8554,0.819756,-0.728523,-0.982528,0.323307,-1.08605,0.532224,-7.3481,-5.89818,-0.61864,-5.10048,-2.65788,-6.9966,0,0,0,0,0,0
9.86035,0.815939,-0.728656,-0.992202,0.347581,-1.04086,0.534417,-5.54752,-5.56722,-0.54758,-7.04628,-2.41776,-7.23672,0,0,0,0,0,0
9.86529,0.809565,-0.725008,-1.00182,0.404052,-1.02104,0.546597,-7.18656,-6.33946,-0.64163,-6.34248,-2.21076,-6.79788,0,0,0,0,0,0
9.87044,0.827263,-0.721281,-1.00883,0.448612,-1.00204,0.552078,-6.41038,-5.43326,-0.64999,-6.27624,-2.49228,-7.1208,0,0,0,0,0,0
9.87529,0.845261,-0.717113,-1.0138,0.436318,-0.992534,0.603912,-7.04472,-6.21338,-0.66462,-3.99924,-2.0286,-7.62588,0,0,0,0,0,0
9.88025,0.884676,-0.70527,-1.02364,0.36148,-0.980983,0.639081,-7.34022,-6.33552,-0.30305,-3.53556,-2.46744,-7.13736,0,0,0,0,0,0
9.88527,0.916844,-0.704731,-1.03481,0.30852,-0.961978,0.629301,-6.60344,-4.77528,-0.41591,-4.42152,-2.17764,-7.13736,0,0,0,0,0,0
9.89032,0.970791,-0.712044,-1.04677,0.30116,-0.958796,0.609242,-8.14398,-5.6933,-0.25707,-5.14188,-2.03688,-6.93036,0,0,0,0,0,0
9.89541,1.00412,-0.721581,-1.05871,0.298095,-0.960855,0.580233,-5.74846,-4.334,-0.29678,-4.53744,-1.9458,-6.98832,0,0,0,0,0,0
9.90026,0.973403,-0.748343,-1.06989,0.227259,-0.950628,0.531946,-5.8509,-4.31036,-0.39083,-2.45088,-1.93752,-6.30108,0,0,0,0,0,0
9.90528,0.946461,-0.765163,-1.07761,0.136161,-0.923539,0.433236,-5.6736,-4.86196,-0.31559,-3.51072,-1.9458,-5.8788,0,0,0,0,0,0
9.91029,0.922772,-0.783926,-1.08168,0.0588453,-0.876035,0.405475,-5.21656,-3.3293,-0.17974,-0.96048,-1.89612,-7.31952,0,0,0,0,0,0
9.91526,0.93143,-0.804643,-1.08205,0.0340388,-0.808522,0.335321,-6.2843,-4.06214,-0.22572,-4.62024,-1.88784,-4.98456,0,0,0,0,0,0
9.9203,0.961546,-0.821703,-1.0815,0.096853,-0.71145,0.158265,-6.2843,-4.06214,-0.22572,-4.62024,-1.88784,-4.98456,0,0,0,0,0,0
9.92527,0.963535,-0.840644,-1.07884,0.133431,-0.609869,0.125352,-5.21656,-3.64844,-0.00627,-3.81708,-1.58148,-7.5348,0,0,0,0,0,0
9.9303,0.946926,-0.839893,-1.07212,0.126844,-0.514977,0.177603,-5.29536,-5.57116,-0.06061,-3.52728,-1.48212,-6.59088,0,0,0,0,0,0
9.9353,0.941648,-0.821941,-1.06354,0.131621,-0.407413,0.173856,-5.29536,-5.57116,-0.06061,-3.52728,-1.48212,-6.59088,0,0,0,0,0,0
9.94024,0.973979,-0.814159,-1.05489,0.150315,-0.333702,0.230288,-6.47342,-4.18822,0.3553,-3.6846,-0.65412,-7.97364,0,0,0,0,0,0
9.94547,1.11262,-0.788359,-1.06051,0.296188,-0.340072,0.427314,-8.90046,-6.70982,1.52988,-7.39404,0.38088,-8.79336,0,0,0,0,0,0
9.95025,1.28195,-0.752561,-1.0771,0.476046,-0.373117,0.623405,-8.83742,-6.17792,1.56541,-6.94692,0.90252,-8.21376,0,0,0,0,0,0
9.95524,1.38214,-0.727319,-1.08267,0.568614,-0.367702,0.70392,-7.02502,-6.41038,1.2958,-5.72976,1.242,-6.9552,0,0,0,0,0,0
9.96018,1.40768,-0.715279,-1.07705,0.577933,-0.265811,0.709097,-7.02502,-6.41038,1.2958,-5.72976,1.242,-6.9552,0,0,0,0,0,0
9.96516,1.39629,-0.700479,-1.06257,0.570368,-0.0935803,0.758676,-5.97698,-6.87136,1.63438,-6.03612,1.6146,-7.9488,0,0,0,0,0,0
9.97017,1.39024,-0.684882,-1.03834,0.525403,0.119545,0.702717,-7.15898,-6.24096,1.20802,-4.00752,1.41588,-4.91832,0,0,0,0,0,0
9.97522,1.39197,-0.684635,-1.0084,0.428669,0.369891,0.614534,-6.40644,-5.61056,1.30207,-3.61836,1.29996,-7.35264,0,0,0,0,0,0
9.98019,1.34585,-0.686485,-0.984103,0.335313,0.551655,0.603073,-5.21656,-5.60662,1.90608,-4.04892,2.4426,-6.02784,0,0,0,0,0,0
9.9852,1.26878,-0.695492,-0.973001,0.255893,0.670453,0.5507,-5.21656,-5.60662,1.90608,-4.04892,2.4426,-6.02784,0,0,0,0,0,0
9.99026,1.1962,-0.703092,-0.961406,0.183751,0.777277,0.511288,-5.21656,-5.60662,1.90608,-4.04892,2.4426,-6.02784,0,0,0,0,0,0
9.99522,1.16403,-0.706814,-0.940855,0.185447,0.85661,0.54478,-6.3434,-5.14958,1.55287,-6.50808,2.5668,-7.31124,0,0,0,0,0,0
10.0004,1.16141,-0.720737,-0.919354,0.248706,0.932551,0.63439,-6.3434,-5.14958,1.55287,-6.50808,2.5668,-7.31124,0,0,0,0,0,0
10.0053,1.18732,-0.718,-0.888449,0.240216,1.00098,0.644166,-7.20626,-5.60662,1.26445,-3.66804,2.28528,-6.10236,0,0,0,0,0,0
10.0103,1.23872,-0.718234,-0.859716,0.166186,1.08972,0.584312,-7.20626,-5.60662,1.26445,-3.66804,2.28528,-6.10236,0,0,0,0,0,0
10.0154,1.26085,-0.712431,-0.828875,0.117379,1.15278,0.602406,-5.8903,-5.66572,1.38149,-4.38012,2.63304,-7.68384,0,0,0,0,0,0
10.0202,1.24782,-0.712187,-0.806951,0.0520133,1.23432,0.625746,-5.86272,-5.13382,1.75142,-2.8566,1.68912,-6.35904,0,0,0,0,0,0
10.0253,1.22787,-0.723507,-0.792506,-0.0515107,1.37221,0.58285,-5.86272,-5.13382,1.75142,-2.8566,1.68912,-6.35904,0,0,0,0,0,0
10.0302,1.23418,-0.726815,-0.775459,-0.13159,1.42244,0.57561,-6.8359,-5.15746,1.89563,-3.32028,3.0636,-7.02144,0,0,0,0,0,0
10.0352,1.26398,-0.727896,-0.766207,-0.113687,1.41683,0.548567,-6.64284,-5.48054,2.24675,-5.89536,2.68272,-5.82084,0,0,0,0,0,0
10.0402,1.29745,-0.725592,-0.762186,-0.0218607,1.42815,0.481574,-6.64284,-5.48054,2.24675,-5.89536,2.68272,-5.82084,0,0,0,0,0,0
10.0454,1.34917,-0.720314,-0.750196,0.052939,1.42449,0.495675,-7.0329,-4.71224,2.17987,-4.94316,2.75724,-7.13736,0,0,0,0,0,0
10.0505,1.40069,-0.734209,-0.745241,0.0742045,1.43272,0.55946,-7.0329,-4.71224,2.17987,-4.94316,2.75724,-7.13736,0,0,0,0,0,0
10.0553,1.42588,-0.738706,-0.724742,0.113186,1.46546,0.609733,-6.2646,-5.13776,1.1077,-6.2514,2.1942,-7.245,0,0,0,0,0,0
10.0602,1.43695,-0.737051,-0.70088,0.131827,1.53598,0.6233,-6.62314,-5.41356,1.88518,-4.554,1.83816,-6.417,0,0,0,0,0,0
10.0652,1.45864,-0.740453,-0.692138,0.102519,1.62856,0.569962,-6.62314,-5.41356,1.88518,-4.554,1.83816,-6.417,0,0,0,0,0,0
10.0701,1.4517,-0.74631,-0.678599,0.0483565,1.63184,0.533573,-5.40962,-4.16458,1.99595,-3.46932,3.27888,-6.98004,0,0,0,0,0,0
10.0753,1.41696,-0.772995,-0.671345,-0.0349517,1.55998,0.550803,-5.40962,-4.16458,1.99595,-3.46932,3.27888,-6.98004,0,0,0,0,0,0
10.0803,1.41146,-0.778616,-0.660526,-0.098759,1.42969,0.59941,-6.39462,-5.09836,2.22794,-3.85848,4.347,-7.34436,0,0,0,0,0,0
10.0854,1.4067,-0.773584,-0.654962,-0.159405,1.35614,0.570724,-5.55146,-5.76028,2.19241,-3.13812,2.59164,-5.65524,0,0,0,0,0,0
10.0902,1.38375,-0.766425,-0.652985,-0.222241,1.38242,0.482954,-5.55146,-5.76028,2.19241,-3.13812,2.59164,-5.65524,0,0,0,0,0,0
10.0953,1.39368,-0.756452,-0.643807,-0.235601,1.32636,0.404723,-6.7768,-4.8659,2.19032,-4.70304,4.02408,-5.61384,0,0,0,0,0,0
10.1002,1.43245,-0.758068,-0.6348,-0.234483,1.20781,0.374289,-6.46948,-4.70436,2.08582,-3.23748,3.9744,-6.11064,0,0,0,0,0,0
10.1052,1.46238,-0.767588,-0.628384,-0.265772,1.11074,0.374242,-6.46948,-4.70436,2.08582,-3.23748,3.9744,-6.11064,0,0,0,0,0,0
10.1102,1.48261,-0.758896,-0.618011,-0.288657,1.10892,0.392744,-6.21732,-5.5948,2.23003,-3.3534,2.18592,-6.4998,0,0,0,0,0,0
10.1153,1.50511,-0.746723,-0.613632,-0.30573,1.20937,0.433042,-6.21732,-5.5948,2.23003,-3.3534,2.18592,-6.4998,0,0,0,0,0,0
10.1203,1.52804,-0.728711,-0.5987,-0.331667,1.20034,0.455812,-6.19762,-5.122,1.91862,-2.84004,4.03236,-6.2514,0,0,0,0,0,0
10.1252,1.54435,-0.729693,-0.588562,-0.382697,1.11049,0.451968,-6.19762,-5.122,1.91862,-2.84004,4.03236,-6.2514,0,0,0,0,0,0
10.1302,1.56439,-0.723349,-0.581165,-0.460367,1.04198,0.480179,-6.54828,-5.24808,2.52681,-1.97064,3.54384,-7.07112,0,0,0,0,0,0
10.1352,1.57814,-0.71248,-0.578538,-0.520739,0.909155,0.50766,-5.84696,-5.18898,2.37006,-3.49416,5.28264,-6.40044,0,0,0,0,0,0
10.1402,1.63132,-0.706766,-0.579812,-0.471012,0.692275,0.643187,-7.7224,-5.09836,2.62295,-5.99472,5.53932,-9.25704,0,0,0,0,0,0
10.1452,1.72451,-0.700603,-0.584527,-0.436825,0.495782,0.751814,-7.58056,-5.44902,2.60414,-3.78396,5.33232,-6.47496,0,0,0,0,0,0
10.1502,1.76334,-0.696298,-0.592571,-0.459257,0.349581,0.762266,-6.00456,-5.28354,2.71909,-3.46932,4.97628,-7.22844,0,0,0,0,0,0
10.1552,1.76307,-0.696528,-0.602735,-0.490831,0.247713,0.797794,-6.00456,-5.28354,2.71909,-3.46932,4.97628,-7.22844,0,0,0,0,0,0
10.1602,1.73754,-0.679291,-0.590566,-0.493432,0.145266,0.745106,-5.14958,-5.5751,1.74097,-4.50432,5.03424,-5.58072,0,0,0,0,0,0
10.1654,1.69616,-0.672047,-0.574794,-0.459605,0.0651496,0.628346,-5.14958,-5.5751,1.74097,-4.50432,5.03424,-5.58072,0,0,0,0,0,0
10.1706,1.67184,-0.654379,-0.559139,-0.461685,0.0557445,0.60386,-5.87848,-5.27172,2.38887,-2.90628,3.71772,-6.9138,0,0,0,0,0,0
10.1752,1.6688,-0.655544,-0.562221,-0.514569,0.114776,0.653198,-5.87848,-5.27172,2.38887,-2.90628,3.71772,-6.9138,0,0,0,0,0,0
10.1802,1.62937,-0.661867,-0.561945,-0.597645,0.136028,0.711209,-4.60192,-4.18822,2.38678,-2.04516,4.32216,-7.00488,0,0,0,0,0,0
10.1854,1.5948,-0.670047,-0.563082,-0.642649,0.0984068,0.712151,-5.79968,-4.77134,2.65221,-3.69288,4.78584,-6.07752,0,0,0,0,0,0
10.1903,1.60177,-0.677127,-0.57159,-0.642547,0.0408399,0.657811,-5.79968,-4.77134,2.65221,-3.69288,4.78584,-6.07752,0,0,0,0,0,0
10.1955,1.62164,-0.67548,-0.569625,-0.680645,0.0854413,0.635753,-6.27642,-3.94788,2.63758,-2.02032,2.50056,-6.7896,0,0,0,0,0,0
10.2005,1.66459,-0.694691,-0.576364,-0.743749,0.257674,0.670373,-6.27642,-3.94788,2.63758,-2.02032,2.50056,-6.7896,0,0,0,0,0,0
10.2053,1.69035,-0.698633,-0.572217,-0.7787,0.342089,0.630504,-5.82726,-3.77058,2.59787,-2.66616,3.75084,-5.0922,0,0,0,0,0,0
10.2102,1.71615,-0.716656,-0.575232,-0.780997,0.372247,0.515192,-5.82726,-3.77058,2.59787,-2.66616,3.75084,-5.0922,0,0,0,0,0,0
10.2154,1.74752,-0.720793,-0.577946,-0.780432,0.368536,0.498933,-6.09518,-4.31036,3.0305,-2.4426,4.27248,-6.89724,0,0,0,0,0,0
10.2202,1.7879,-0.716129,-0.572635,-0.789763,0.335897,0.480019,-6.44978,-3.7824,2.41813,-2.41776,4.3056,-5.10048,0,0,0,0,0,0
10.2252,1.8485,-0.73382,-0.571403,-0.802966,0.307551,0.397084,-6.44978,-3.7824,2.41813,-2.41776,4.3056,-5.10048,0,0,0,0,0,0
10.2303,1.9079,-0.738481,-0.562194,-0.803185,0.34792,0.463625,-6.74922,-3.62086,2.4662,-3.0636,2.67444,-7.68384,0,0,0,0,0,0
10.2353,1.98531,-0.756357,-0.561404,-0.781551,0.481729,0.639515,-6.74922,-3.62086,2.4662,-3.0636,2.67444,-7.68384,0,0,0,0,0,0
10.2403,2.03996,-0.751257,-0.559217,-0.75095,0.567217,0.700257,-6.04002,-4.53494,3.06394,-3.34512,3.29544,-5.88708,0,0,0,0,0,0
10.2453,2.06664,-0.733662,-0.558048,-0.70927,0.629259,0.714246,-6.1267,-4.5901,2.59996,-3.4362,2.84832,-6.63228,0,0,0,0,0,0
10.2502,2.08735,-0.736522,-0.563253,-0.698256,0.721841,0.733407,-6.1267,-4.5901,2.59996,-3.4362,2.84832,-6.63228,0,0,0,0,0,0
10.2553,2.08825,-0.720513,-0.561475,-0.739885,0.770231,0.701013,-6.03214,-5.09442,2.74208,-2.07828,3.41964,-5.95332,0,0,0,0,0,0
10.2603,2.1061,-0.713756,-0.569715,-0.796921,0.791352,0.650147,-6.03214,-5.09442,2.74208,-2.07828,3.41964,-5.95332,0,0,0,0,0,0
10.2654,2.09736,-0.686679,-0.562315,-0.850038,0.802338,0.60071,-5.17322,-5.24414,2.43485,-1.84644,3.26232,-5.73804,0,0,0,0,0,0
10.2704,2.07522,-0.675437,-0.565294,-0.892201,0.787701,0.594319,-5.0629,-4.2158,3.15172,-1.54008,3.8502,-6.30936,0,0,0,0,0,0
10.2753,2.06109,-0.683075,-0.583045,-0.938483,0.749034,0.626893,-5.0629,-4.2158,3.15172,-1.54008,3.8502,-6.30936,0,0,0,0,0,0
10.2804,2.05966,-0.667034,-0.580315,-0.972007,0.6636,0.660846,-5.86272,-4.75952,2.35334,-2.09484,4.49604,-6.23484,0,0,0,0,0,0
10.2852,2.09648,-0.660461,-0.576108,-0.976689,0.576823,0.673431,-5.86272,-4.75952,2.35334,-2.09484,4.49604,-6.23484,0,0,0,0,0,0
10.2904,2.12307,-0.635718,-0.567553,-0.925114,0.546449,0.690579,-5.7524,-4.47978,3.00333,-4.09032,3.25404,-6.51636,0,0,0,0,0,0
10.2952,2.15053,-0.636086,-0.579333,-0.840165,0.591612,0.729421,-5.7524,-4.47978,3.00333,-4.09032,3.25404,-6.51636,0,0,0,0,0,0
10.3001,2.18258,-0.633371,-0.583787,-0.773824,0.544547,0.759123,-6.27642,-3.6642,3.02214,-3.6432,4.86864,-6.25968,0,0,0,0,0,0
10.3053,2.21026,-0.616808,-0.575507,-0.771916,0.361864,0.795238,-5.713,-4.8856,2.31572,-1.863,5.589,-6.79788,0,0,0,0,0,0
10.3103,2.23747,-0.606501,-0.569751,-0.805783,0.177092,0.841565,-5.713,-4.8856,2.31572,-1.863,5.589,-6.79788,0,0,0,0,0,0
10.3155,2.27005,-0.583955,-0.564095,-0.833862,0.0435699,0.779432,-6.304,-3.95182,3.34609,-1.9458,4.56228,-4.8852,0,0,0,0,0,0
10.3204,2.31584,-0.59351,-0.583462,-0.86242,0.00927798,0.647241,-6.304,-3.95182,3.34609,-1.9458,4.56228,-4.8852,0,0,0,0,0,0
10.3252,2.3428,-0.59385,-0.59208,-0.872823,-0.0386491,0.581466,-6.11882,-4.21974,2.83404,-2.79036,5.03424,-5.80428,0,0,0,0,0,0
10.3301,2.33643,-0.579797,-0.587417,-0.882645,-0.150358,0.597656,-5.22838,-4.36946,2.70655,-2.07828,5.62212,-6.40044,0,0,0,0,0,0
10.3352,2.32483,-0.581441,-0.591337,-0.903895,-0.265649,0.663544,-5.22838,-4.36946,2.70655,-2.07828,5.62212,-6.40044,0,0,0,0,0,0
10.3402,2.30066,-0.552667,-0.571297,-0.916015,-0.296553,0.719942,-5.21262,-4.36158,2.30527,-2.39292,3.91644,-6.10236,0,0,0,0,0,0
10.3452,2.28706,-0.555071,-0.564576,-0.928822,-0.213453,0.756075,-5.21262,-4.36158,2.30527,-2.39292,3.91644,-6.10236,0,0,0,0,0,0
10.3503,2.27062,-0.55918,-0.558368,-0.946959,-0.130645,0.787651,-5.21262,-4.36158,2.30527,-2.39292,3.91644,-6.10236,0,0,0,0,0,0
10.3552,2.24951,-0.540915,-0.548162,-0.9763,-0.149829,0.802439,-5.5357,-4.36946,3.03468,-2.0286,5.43168,-5.86224,0,0,0,0,0,0
10.3604,2.25584,-0.536263,-0.557035,-1.0004,-0.126023,0.854371,-5.74452,-3.8218,3.30011,-1.95408,3.23748,-6.84756,0,0,0,0,0,0
10.3653,2.27509,-0.550629,-0.577864,-1.02968,0.00124175,0.916478,-5.74452,-3.8218,3.30011,-1.95408,3.23748,-6.84756,0,0,0,0,0,0
10.3706,2.28142,-0.551395,-0.581789,-1.08017,0.0912732,0.869739,-5.68936,-3.152,2.82359,-1.39104,3.56868,-5.14188,0,0,0,0,0,0
10.3753,2.303,-0.574433,-0.589206,-1.11442,0.161665,0.764747,-5.68936,-3.152,2.82359,-1.39104,3.56868,-5.14188,0,0,0,0,0,0
10.3803,2.33391,-0.576705,-0.600042,-1.1321,0.167339,0.737616,-6.19762,-3.96364,3.71602,-1.67256,4.65336,-6.47496,0,0,0,0,0,0
10.3853,2.36537,-0.55936,-0.614477,-1.0957,0.197594,0.738085,-5.85484,-3.59328,3.83097,-3.44448,2.79864,-5.53932,0,0,0,0,0,0
10.3902,2.40385,-0.570961,-0.643966,-1.02606,0.336085,0.700989,-5.85484,-3.59328,3.83097,-3.44448,2.79864,-5.53932,0,0,0,0,0,0
10.3952,2.42942,-0.556484,-0.639229,-1.0536,0.421615,0.690796,-5.99274,-3.3687,2.43485,0.03312,3.3948,-5.95332,0,0,0,0,0,0
10.4002,2.47494,-0.570012,-0.631429,-1.1619,0.481429,0.708877,-5.99274,-3.3687,2.43485,0.03312,3.3948,-5.95332,0,0,0,0,0,0
10.4052,2.48451,-0.561031,-0.625806,-1.25491,0.520565,0.712872,-4.9053,-4.36552,3.16844,-0.35604,3.4362,-5.6304,0,0,0,0,0,0
10.4101,2.4655,-0.550409,-0.628603,-1.33089,0.617539,0.70063,-4.74376,-3.43962,3.06185,0.00828,2.1942,-5.51448,0,0,0,0,0,0
10.4152,2.44444,-0.53161,-0.620839,-1.40746,0.686795,0.714575,-4.60586,-4.33794,2.5916,0.35604,3.63492,-6.003,0,0,0,0,0,0
10.4202,2.43013,-0.520614,-0.618201,-1.50142,0.762797,0.733488,-4.47978,-3.32536,2.96989,1.6146,1.6974,-5.52276,0,0,0,0,0,0
10.4255,2.41976,-0.526862,-0.628519,-1.55955,0.820379,0.761034,-4.3537,-2.65162,3.48821,-0.52992,3.75912,-5.88708,0,0,0,0,0,0
10.4303,2.41492,-0.523849,-0.640187,-1.58259,0.778886,0.749129,-4.48372,-3.87302,3.1977,0.65412,3.2706,-4.6782,0,0,0,0,0,0
10.4352,2.43571,-0.518662,-0.653997,-1.58009,0.673045,0.590315,-4.85802,-2.82104,3.53001,-0.30636,4.81896,-2.79864,0,0,0,0,0,0
10.4402,2.51795,-0.507585,-0.687809,-1.43217,0.410164,0.527894,-6.55222,-3.89666,5.11214,-4.8024,6.46668,-6.09408,0,0,0,0,0,0
10.4454,2.68793,-0.476596,-0.737022,-1.19043,0.193713,0.667427,-8.6089,-4.97228,4.57292,-5.18328,4.19796,-6.7896,0,0,0,0,0,0
10.4503,2.80336,-0.465114,-0.770122,-1.06701,0.107147,0.848973,-6.25672,-2.89984,4.02952,-3.13812,5.04252,-7.79148,0,0,0,0,0,0
10.4555,2.83403,-0.456493,-0.779597,-0.977007,-0.00079001,0.933103,-5.93364,-4.76346,2.84658,-4.76928,5.16672,-5.04252,0,0,0,0,0,0
10.4603,2.86204,-0.43352,-0.781463,-0.908534,-0.13289,0.887044,-6.90288,-4.4522,3.59898,-3.57696,6.10236,-5.53932,0,0,0,0,0,0
10.4655,2.88443,-0.411539,-0.78338,-0.895454,-0.196303,0.825997,-5.84696,-4.66496,2.85912,-2.28528,4.07376,-4.91832,0,0,0,0,0,0
10.4704,2.87877,-0.396719,-0.776314,-0.941175,-0.152376,0.726634,-6.35916,-3.5066,3.12873,-1.64772,4.58712,-4.37184,0,0,0,0,0,0
10.4752,2.88804,-0.390917,-0.778659,-0.948649,-0.0900179,0.69245,-6.41432,-4.01486,3.52165,-3.96612,3.71772,-5.85396,0,0,0,0,0,0
10.4803,2.8912,-0.381571,-0.769774,-0.922553,-0.00685327,0.693863,-5.94546,-3.90454,2.16106,-3.01392,4.03236,-4.9266,0,0,0,0,0,0
10.4853,2.90369,-0.373936,-0.765745,-0.936297,0.021305,0.734603,-6.62314,-3.91242,3.8456,-2.05344,4.60368,-6.30108,0,0,0,0,0,0
10.4903,2.89415,-0.359441,-0.762541,-0.965182,0.109966,0.808707,-5.19292,-4.21186,2.42858,-2.08656,2.79864,-5.8788,0,0,0,0,0,0
10.4953,2.86853,-0.355398,-0.756287,-0.978476,0.171929,0.818169,-5.75634,-2.86438,3.43805,-2.47572,4.7196,-5.0508,0,0,0,0,0,0
10.5002,2.85593,-0.355826,-0.759981,-1.00343,0.2236,0.835643,-5.41356,-3.88484,3.21442,-1.49868,3.08844,-6.16032,0,0,0,0,0,0
10.5055,2.82772,-0.352469,-0.770693,-1.08734,0.259086,0.870718,-5.44114,-2.33642,4.25942,-0.44712,4.66164,-5.28264,0,0,0,0,0,0
10.5104,2.79817,-0.366378,-0.801924,-1.19998,0.30371,0.830025,-5.14564,-2.76982,4.64816,-0.0414,2.86488,-4.7196,0,0,0,0,0,0
10.5153,2.77287,-0.385113,-0.82426,-1.27144,0.36933,0.715176,-5.38204,-2.02516,3.41297,-1.9458,4.08204,-3.77568,0,0,0,0,0,0
10.5204,2.78851,-0.41182,-0.842708,-1.27156,0.321904,0.64673,-6.55222,-2.43098,4.12566,-2.74896,4.86864,-5.5476,0,0,0,0,0,0
10.5253,2.78599,-0.425981,-0.854632,-1.2812,0.303695,0.623744,-4.94864,-2.39158,3.23323,-1.78848,3.41964,-4.5954,0,0,0,0,0,0
10.5303,2.77242,-0.426656,-0.864375,-1.32242,0.205965,0.641837,-5.94152,-3.04168,4.33048,-1.035,6.40044,-5.9616,0,0,0,0,0,0
10.5352,2.80053,-0.41728,-0.87767,-1.31133,0.0859976,0.754369,-6.41826,-4.2749,3.31056,-3.21264,4.4712,-6.8724,0,0,0,0,0,0
10.5402,2.81567,-0.390591,-0.870061,-1.23766,0.0175664,0.85187,-5.64602,-3.32536,3.35445,-4.31388,5.34888,-5.56416,0,0,0,0,0,0
10.5453,2.82052,-0.390909,-0.862867,-1.2051,-0.0123528,0.908005,-5.95728,-3.00622,2.73999,-1.9458,4.10688,-6.23484,0,0,0,0,0,0
10.5503,2.81683,-0.378351,-0.848244,-1.22817,-0.0308086,0.870583,-5.39386,-3.33324,3.26249,-2.02032,5.06736,-3.8088,0,0,0,0,0,0
10.5553,2.82897,-0.360134,-0.856224,-1.19744,-0.103213,0.844193,-6.43402,-4.10942,4.17791,-3.41136,5.20812,-6.30936,0,0,0,0,0,0
10.5604,2.8598,-0.339114,-0.876557,-1.12866,-0.183893,0.87139,-5.82726,-3.56176,4.24897,-3.519,5.24124,-4.95144,0,0,0,0,0,0
10.5653,2.86902,-0.319652,-0.887876,-1.1128,-0.22617,0.859694,-6.0085,-4.02274,3.4903,-1.78848,4.64508,-5.51448,0,0,0,0,0,0
10.5703,2.86866,-0.304566,-0.908301,-1.16016,-0.255527,0.818864,-5.62238,-3.349,4.81745,-1.10952,5.15844,-4.58712,0,0,0,0,0,0
10.5753,2.84235,-0.299105,-0.926755,-1.20253,-0.239894,0.74871,-5.25596,-3.32142,3.27294,-2.25216,3.94128,-4.72788,0,0,0,0,0,0
10.5803,2.82558,-0.280981,-0.924693,-1.20432,-0.23621,0.74875,-5.92182,-3.8809,3.6157,-2.93112,5.32404,-5.82912,0,0,0,0,0,0
10.5852,2.8083,-0.268726,-0.939241,-1.2582,-0.223991,0.803539,-5.40568,-3.53024,4.21971,-0.5382,3.85848,-5.78772,0,0,0,0,0,0
10.5902,2.80677,-0.255133,-0.959437,-1.33297,-0.217538,0.860668,-6.45766,-3.14806,4.42662,-1.52352,5.18328,-5.85396,0,0,0,0,0,0
10.5952,2.80882,-0.246612,-0.977875,-1.36277,-0.231829,0.914824,-5.57904,-3.35688,4.18418,-1.97892,4.66992,-5.76288,0,0,0,0,0,0
10.6002,2.80967,-0.245881,-1.00048,-1.35488,-0.220444,0.906341,-6.304,-2.63192,4.56038,-2.7324,4.53744,-4.73616,0,0,0,0,0,0
10.6052,2.78917,-0.239691,-1.01886,-1.35802,-0.247376,0.848796,-5.03926,-3.86908,3.86023,-1.9458,5.4234,-4.82724,0,0,0,0,0,0
10.6102,2.74689,-0.213956,-1.03183,-1.39297,-0.258714,0.784686,-5.4569,-3.8021,4.65025,-1.4904,4.53744,-4.20624,0,0,0,0,0,0
10.6152,2.75086,-0.178046,-1.0284,-1.41865,-0.174098,0.748674,-6.52858,-4.01486,3.00124,-2.35152,3.57696,-5.28264,0,0,0,0,0,0
10.6202,2.74523,-0.162132,-1.02314,-1.43621,-0.104866,0.743081,-5.24808,-2.59646,4.29704,-1.92924,5.07564,-4.69476,0,0,0,0,0,0
10.6252,2.74148,-0.153113,-1.02508,-1.41379,-0.106833,0.697893,-6.31188,-3.3293,3.54046,-3.5604,4.77756,-4.53744,0,0,0,0,0,0
10.6302,2.74323,-0.135319,-1.02581,-1.36165,-0.151349,0.631525,-5.9494,-3.26626,4.22389,-3.73428,5.69664,-3.91644,0,0,0,0,0,0
10.6354,2.76486,-0.116312,-1.04208,-1.27465,-0.141109,0.698675,-6.96986,-3.79422,4.69623,-5.1336,3.9744,-6.90552,0,0,0,0,0,0
10.6402,2.81292,-0.111333,-1.07215,-1.17038,-0.0433595,0.904326,-6.96986,-3.79422,4.69623,-5.1336,3.9744,-6.90552,0,0,0,0,0,0
10.6454,2.83939,-0.066946,-1.0782,-1.09554,-0.0899812,1.08146,-6.67436,-3.04562,4.58128,-3.99924,6.17688,-6.27624,0,0,0,0,0,0
10.6505,2.84564,-0.0781398,-1.10513,-1.09258,-0.20511,1.18037,-6.67436,-3.04562,4.58128,-3.99924,6.17688,-6.27624,0,0,0,0,0,0
10.6555,2.82314,-0.0758765,-1.12053,-1.13179,-0.25822,1.09686,-6.3631,-2.13154,4.73385,-3.03048,5.03424,-3.17124,0,0,0,0,0,0
10.6603,2.78436,-0.0795537,-1.13546,-1.19297,-0.276682,0.939714,-6.4222,-2.86044,4.43498,-3.46104,5.48136,-4.79412,0,0,0,0,0,0
10.6652,2.72249,-0.0773435,-1.13802,-1.30028,-0.293744,0.854567,-5.35052,-1.85968,3.99608,-1.49868,5.01768,-4.49604,0,0,0,0,0,0
10.6702,2.6376,-0.109745,-1.15376,-1.47393,-0.195271,0.780198,-5.22838,-1.12684,4.71922,-0.5796,3.4776,-4.54572,0,0,0,0,0,0
10.6752,2.59375,-0.119019,-1.16027,-1.60246,-0.0841638,0.675468,-6.18186,-2.63586,4.02534,-1.54836,4.65336,-3.48588,0,0,0,0,0,0
10.6803,2.56308,-0.112922,-1.15745,-1.67181,-0.0121928,0.625507,-5.45296,-2.37188,4.07968,-1.83816,4.18968,-5.4234,0,0,0,0,0,0
10.6853,2.52489,-0.11101,-1.15356,-1.72804,0.130017,0.656984,-5.4569,-2.13154,4.02325,-1.29168,3.13812,-4.82724,0,0,0,0,0,0
10.6903,2.49145,-0.103077,-1.15482,-1.75599,0.184713,0.638567,-5.33082,-2.561,4.67742,-2.61648,5.68008,-4.28076,0,0,0,0,0,0
10.6953,2.46629,-0.0911845,-1.16652,-1.73784,0.0863797,0.638245,-5.58692,-1.56812,5.10378,-2.98908,5.6304,-5.01768,0,0,0,0,0,0
10.7002,2.44788,-0.0987447,-1.18172,-1.74677,0.080548,0.676633,-5.40568,-2.19458,4.48514,-1.39104,4.31388,-5.07564,0,0,0,0,0,0
10.7052,2.42452,-0.0817426,-1.18076,-1.78153,0.0121254,0.746784,-5.32294,-2.86832,4.00862,-1.52352,6.45012,-5.589,0,0,0,0,0,0
10.7104,2.3806,-0.0625023,-1.1739,-1.79572,-0.11023,0.757972,-5.05108,-2.74224,3.96473,-2.49228,5.60556,-4.0986,0,0,0,0,0,0
10.7152,2.37035,-0.0423036,-1.17925,-1.78983,-0.0974918,0.710883,-6.18974,-3.2899,4.9324,-2.26044,4.11516,-4.45464,0,0,0,0,0,0
10.7202,2.36694,-0.0151372,-1.18047,-1.79318,-0.0849837,0.736383,-5.3781,-3.10866,3.82052,-2.20248,5.89536,-5.56416,0,0,0,0,0,0
10.7253,2.38788,-0.00414031,-1.18264,-1.76235,-0.172132,0.699395,-7.08412,-1.85968,4.89478,-4.00752,6.06924,-3.29544,0,0,0,0,0,0
10.7305,2.43234,0.00932409,-1.20207,-1.72815,-0.238643,0.632693,-6.46554,-3.40416,5.06198,-2.88972,5.48136,-4.97628,0,0,0,0,0,0
10.7354,2.45978,0.0326972,-1.23064,-1.74005,-0.308199,0.57194,-6.57586,-2.85256,5.80811,-1.93752,6.40872,-3.12984,0,0,0,0,0,0
10.7403,2.46915,0.0548346,-1.23031,-1.75044,-0.325759,0.477813,-5.59086,-2.11972,3.31683,-2.42604,4.68648,-3.96612,0,0,0,0,0,0
10.7453,2.44959,0.041456,-1.21293,-1.74136,-0.185631,0.529767,-5.72876,-1.66268,3.56972,-3.12156,3.5604,-5.85396,0,0,0,0,0,0
10.7504,2.4374,0.0493511,-1.19764,-1.71311,-0.122572,0.577533,-6.17792,-2.76588,4.03579,-3.519,5.95332,-4.04064,0,0,0,0,0,0
10.7552,2.4481,0.0830763,-1.19379,-1.69447,-0.0917245,0.649226,-6.6192,-3.4672,4.81745,-3.12156,4.04064,-6.24312,0,0,0,0,0,0
10.7602,2.43561,0.11584,-1.20586,-1.69057,-0.0901317,0.737544,-5.46872,-2.9944,5.0578,-3.62664,6.3342,-4.4298,0,0,0,0,0,0
10.7654,2.4073,0.132732,-1.22764,-1.69758,-0.165296,0.696212,-6.13852,-3.0535,5.10378,-2.62476,5.59728,-3.95784,0,0,0,0,0,0
10.7705,2.3804,0.155782,-1.24404,-1.7051,-0.18113,0.627139,-5.3978,-1.88332,5.57821,-2.8566,5.24952,-3.54384,0,0,0,0,0,0
10.7752,2.33053,0.163707,-1.24788,-1.72565,-0.134943,0.511354,-5.27172,-2.14336,4.00862,-2.1528,4.70304,-2.96424,0,0,0,0,0,0
10.7803,2.29039,0.172941,-1.2337,-1.75446,-0.0704053,0.489788,-6.12276,-1.97788,4.16746,-2.50056,4.95144,-5.382,0,0,0,0,0,0
10.7853,2.28281,0.157037,-1.23269,-1.77752,-0.0100456,0.596412,-6.12276,-1.97788,4.16746,-2.50056,4.95144,-5.382,0,0,0,0,0,0
10.7904,2.26105,0.200644,-1.21139,-1.79508,0.0437996,0.638865,-5.76028,-2.70284,4.68369,-2.74896,4.32216,-4.14,0,0,0,0,0,0
10.7952,2.22959,0.198247,-1.22564,-1.82246,0.14714,0.608832,-5.76028,-2.70284,4.68369,-2.74896,4.32216,-4.14,0,0,0,0,0,0
10.8003,2.19659,0.214659,-1.22408,-1.86288,0.186328,0.588679,-5.713,-1.60358,4.48932,-2.49228,5.12532,-4.38012,0,0,0,0,0,0
10.8053,2.21358,0.233185,-1.23036,-1.81602,0.238715,0.494577,-7.67512,-3.28202,5.21037,-5.97816,3.80052,-2.5254,0,0,0,0,0,0
10.8103,2.24241,0.232163,-1.25206,-1.77967,0.229985,0.435097,-6.43402,-0.22458,5.43191,-2.75724,6.24312,-4.83552,0,0,0,0,0,0
10.8153,2.22905,0.234529,-1.26171,-1.81204,0.148977,0.460107,-6.26854,-3.18746,4.53739,-3.25404,5.39028,-4.02408,0,0,0,0,0,0
10.8202,2.19834,0.256545,-1.27513,-1.84942,0.133244,0.464956,-5.91788,-1.89908,5.9356,-2.93112,5.10876,-4.3056,0,0,0,0,0,0
10.8253,2.17387,0.247127,-1.30136,-1.85008,0.0261107,0.438064,-6.37098,-0.48856,5.3713,-4.38012,7.2864,-3.46104,0,0,0,0,0,0
10.8303,2.16839,0.244437,-1.32647,-1.81201,-0.10287,0.482794,-6.69406,-1.87544,6.31389,-4.24764,5.86224,-5.72148,0,0,0,0,0,0
10.8353,2.12506,0.251414,-1.34419,-1.80081,-0.1082,0.563611,-5.44508,-1.70602,4.77147,-4.28076,5.18328,-4.18968,0,0,0,0,0,0
10.8404,2.05162,0.25338,-1.34627,-1.81039,-0.147299,0.554745,-5.73664,-1.28838,5.23127,-4.04892,6.84756,-4.03236,0,0,0,0,0,0
10.8453,1.99951,0.273125,-1.348,-1.84036,-0.215378,0.594259,-5.88636,-2.6201,5.15394,-3.6018,5.9616,-5.0922,0,0,0,0,0,0
10.8502,1.94894,0.286084,-1.36271,-1.86367,-0.283301,0.619147,-5.50024,-1.63904,5.93978,-3.54384,7.35264,-3.7674,0,0,0,0,0,0
10.8552,1.92649,0.291149,-1.36766,-1.87683,-0.357032,0.520065,-6.59162,-1.09532,4.57083,-3.519,5.88708,-2.6496,0,0,0,0,0,0
10.8604,1.94741,0.283288,-1.38139,-1.82815,-0.338079,0.405634,-7.19444,-1.73754,5.99412,-5.53104,5.6304,-3.27888,0,0,0,0,0,0
10.8652,1.96977,0.303437,-1.39235,-1.79334,-0.345279,0.398816,-6.86742,-2.62798,5.15812,-3.9744,6.4998,-4.53744,0,0,0,0,0,0
10.8703,1.94861,0.320186,-1.38145,-1.80036,-0.338821,0.401912,-5.81938,-1.02834,4.49141,-4.14,5.382,-3.41136,0,0,0,0,0,0
10.8753,1.9393,0.342352,-1.36568,-1.81292,-0.274528,0.330647,-7.26142,-3.08502,4.79237,-3.49416,5.43168,-3.16296,0,0,0,0,0,0
10.8803,1.9543,0.376459,-1.36065,-1.81908,-0.224162,0.285155,-6.39462,-2.3837,5.22082,-3.52728,5.47308,-3.6846,0,0,0,0,0,0
10.8853,1.97366,0.381503,-1.37671,-1.77033,-0.208168,0.259406,-7.73816,-0.8668,5.97949,-5.43996,5.92848,-3.2706,0,0,0,0,0,0
10.8903,1.95623,0.396663,-1.39399,-1.74248,-0.148125,0.248127,-5.30718,-2.43098,5.88126,-3.07188,4.4298,-4.06548,0,0,0,0,0,0
10.8953,1.87625,0.41705,-1.39795,-1.76206,-0.13302,0.262248,-5.11806,-1.95424,4.85507,-3.70944,6.7896,-3.6846,0,0,0,0,0,0
10.9004,1.78403,0.428591,-1.39285,-1.80389,-0.164949,0.329361,-4.72406,-1.6351,5.09124,-2.33496,5.382,-5.06736,0,0,0,0,0,0
10.9053,1.69065,0.417577,-1.3905,-1.89188,-0.199246,0.383289,-4.96834,-0.29156,4.5562,-1.56492,6.83928,-3.66804,0,0,0,0,0,0
10.9104,1.63676,0.407876,-1.38165,-1.9704,-0.219641,0.322961,-5.27172,-1.76906,4.76102,-2.07828,5.47308,-2.90628,0,0,0,0,0,0
10.9153,1.58783,0.392354,-1.38853,-2.02229,-0.167598,0.229162,-5.27172,-1.76906,4.76102,-2.07828,5.47308,-2.90628,0,0,0,0,0,0
10.9203,1.52491,0.403044,-1.38541,-2.09096,-0.0877514,0.181142,-4.4128,-1.20958,5.18111,-1.0764,4.347,-3.66804,0,0,0,0,0,0
10.9253,1.49268,0.399165,-1.37494,-2.10338,-0.0102988,0.211256,-5.81938,-1.54842,3.63033,-3.42792,5.55588,-3.99096,0,0,0,0,0,0
10.9305,1.4803,0.397116,-1.36884,-2.04162,-0.00969801,0.28696,-4.92106,-1.70996,5.27725,-3.87504,5.57244,-4.62852,0,0,0,0,0,0
10.9354,1.46289,0.41343,-1.34972,-1.9951,0.129866,0.250801,-5.27172,-2.4428,3.0723,-3.65976,2.62476,-2.21076,0,0,0,0,0,0
10.9403,1.51448,0.42354,-1.36551,-1.81317,0.136966,0.194902,-7.83666,-1.36324,7.72255,-9.47232,7.65072,-4.03236,0,0,0,0,0,0
10.9453,1.7114,0.432944,-1.41666,-1.52354,-0.115519,0.260604,-11.3157,-2.56888,5.96695,-8.8182,7.9902,-4.554,0,0,0,0,0,0
10.9502,1.84434,0.456418,-1.42983,-1.37589,-0.265141,0.274814,-6.99744,-1.72178,5.73078,-6.4584,6.69852,-2.80692,0,0,0,0,0,0
10.9553,1.83381,0.463368,-1.44469,-1.24822,-0.332545,0.163706,-7.05654,-1.182,6.03592,-9.13284,6.5826,-2.11968,0,0,0,0,0,0
10.9603,1.80212,0.474369,-1.46034,-1.08951,-0.332052,0.0997156,-6.45372,-0.9062,6.5417,-8.90928,5.796,-3.50244,0,0,0,0,0,0
10.9653,1.74039,0.484016,-1.47405,-1.04098,-0.227094,0.165374,-6.70588,-1.8321,5.852,-6.35904,5.20812,-4.41324,0,0,0,0,0,0
10.9703,1.66573,0.511026,-1.47747,-1.06867,-0.123183,0.219403,-5.36234,-0.85104,6.52498,-4.83552,5.41512,-3.312,0,0,0,0,0,0
10.9753,1.57947,0.51905,-1.49074,-1.17585,-0.0992267,0.174697,-6.43008,-0.86286,6.3327,-3.3948,6.75648,-2.62476,0,0,0,0,0,0
10.9803,1.51582,0.508502,-1.48952,-1.28692,-0.148898,0.0929326,-6.1661,0.68162,5.35458,-4.33872,6.93036,-2.484,0,0,0,0,0,0
10.9853,1.43804,0.513208,-1.47706,-1.36575,-0.189933,0.013069,-6.32764,-2.36794,5.30024,-4.8024,6.417,-2.71584,0,0,0,0,0,0
10.9904,1.39585,0.533569,-1.4826,-1.42372,-0.25971,0.0232153,-7.1905,-0.90226,6.688,-5.12532,7.69212,-4.04892,0,0,0,0,0,0
10.9954,1.37525,0.523252,-1.50187,-1.42448,-0.400916,0.0917507,-6.67436,0.4334,6.11325,-5.59728,7.68384,-3.48588,0,0,0,0,0,0
11.0003,1.34142,0.505046,-1.52805,-1.39231,-0.485784,0.118699,-6.53646,-0.88256,7.03494,-6.36732,6.97176,-3.37824,-0,-0,-0,-0,-0,-0
11.0052,1.32362,0.521314,-1.53987,-1.36599,-0.516959,0.102721,-6.9147,-0.98106,6.13833,-5.43168,7.00488,-2.74068,-0,-0,-0,-0,-0,-0
11.0102,1.30414,0.521467,-1.54426,-1.35034,-0.463828,0.0655024,-6.98956,-0.77618,5.9356,-6.35076,5.68008,-3.08844,-0,-0,-0,-0,-0,-0
11.0152,1.27017,0.557435,-1.5365,-1.34254,-0.365513,0.0362145,-6.27248,-2.82498,5.72451,-5.59728,5.8788,-3.00564,-0,-0,-0,-0,-0,-0
11.0202,1.23613,0.593694,-1.5361,-1.35954,-0.244379,0.038122,-7.23384,-1.773,6.34733,-5.98644,5.39856,-3.42792,-0,-0,-0,-0,-0,-0
11.0252,1.21166,0.617175,-1.53115,-1.35114,-0.187642,0.0725145,-6.86742,-0.85498,5.51133,-7.22844,6.69024,-3.48588,-0,-0,-0,-0,-0,-0
11.0303,1.15086,0.622909,-1.51455,-1.34278,-0.202006,0.0475914,-6.17398,-0.58312,5.43609,-6.32592,6.83928,-2.31012,-0,-0,-0,-0,-0,-0
11.0354,1.06904,0.603361,-1.51093,-1.34542,-0.209255,-0.0291547,-6.17398,-0.58312,5.43609,-6.32592,6.83928,-2.31012,-0,-0,-0,-0,-0,-0
11.0402,1.03357,0.643989,-1.48886,-1.30436,-0.262844,-0.0677587,-6.61132,-2.32854,5.66181,-7.22016,7.18704,-2.76552,-0,-0,-0,-0,-0,-0
11.0453,0.975627,0.659411,-1.49245,-1.25846,-0.303388,-0.0896614,-6.61132,-2.32854,5.66181,-7.22016,7.18704,-2.76552,-0,-0,-0,-0,-0,-0
11.0502,0.939124,0.680952,-1.48247,-1.20602,-0.356623,-0.110218,-6.7571,-0.24822,5.63882,-7.55136,7.0794,-2.78208,-0,-0,-0,-0,-0,-0
11.0552,0.915227,0.720913,-1.4636,-1.18768,-0.4245,-0.0791121,-6.47342,-2.33248,5.89798,-6.06096,7.3692,-3.726,-0,-0,-0,-0,-0,-0
11.0603,0.850462,0.734881,-1.47364,-1.20736,-0.467406,0.0119384,-6.47342,-2.33248,5.89798,-6.06096,7.3692,-3.726,-0,-0,-0,-0,-0,-0
11.0653,0.814606,0.773285,-1.46484,-1.17147,-0.479476,0.0682215,-6.49312,-0.89438,6.06727,-7.4106,6.2928,-3.00564,-0,-0,-0,-0,-0,-0
11.0703,0.753889,0.75682,-1.47959,-1.13708,-0.403939,0.0734722,-6.49312,-0.89438,6.06727,-7.4106,6.2928,-3.00564,-0,-0,-0,-0,-0,-0
11.0752,0.745265,0.773926,-1.4922,-1.12123,-0.364782,0.0967705,-7.57268,-1.56024,7.07256,-6.90552,6.49152,-3.519,-0,-0,-0,-0,-0,-0
11.0804,0.70959,0.788949,-1.52106,-1.05303,-0.428193,0.048415,-5.99668,-1.3987,6.95761,-8.99208,8.25516,-1.79676,-0,-0,-0,-0,-0,-0
11.0853,0.69301,0.797662,-1.53056,-0.972667,-0.451531,-0.0867565,-8.17156,-0.31126,6.25746,-8.32968,6.2514,-1.58148,-0,-0,-0,-0,-0,-0
11.0903,0.708609,0.824005,-1.52339,-0.955223,-0.348483,-0.111589,-6.6389,-1.14654,6.70681,-6.0858,5.5062,-3.70116,-0,-0,-0,-0,-0,-0
11.0953,0.642892,0.820369,-1.54158,-1.01981,-0.181238,-0.0174056,-6.6389,-1.14654,6.70681,-6.0858,5.5062,-3.70116,-0,-0,-0,-0,-0,-0
11.1003,0.576231,0.834852,-1.54673,-1.05747,-0.146127,0.0719485,-5.97698,-0.77224,6.65456,-6.9138,7.50168,-3.57696,-0,-0,-0,-0,-0,-0
11.1052,0.537631,0.879174,-1.53938,-1.02003,-0.226254,0.111387,-6.52464,-1.74148,6.74025,-8.74368,7.41888,-2.8152,-0,-0,-0,-0,-0,-0
11.1102,0.467108,0.892046,-1.55311,-0.968314,-0.267614,0.105954,-6.52464,-1.74148,6.74025,-8.74368,7.41888,-2.8152,-0,-0,-0,-0,-0,-0
11.1155,0.451599,0.92426,-1.54357,-0.916868,-0.351527,0.0666024,-7.95092,-1.36718,5.98994,-8.5698,7.93224,-2.18592,-0,-0,-0,-0,-0,-0
11.1203,0.442715,0.93714,-1.53514,-0.851653,-0.396367,0.0157098,-6.698,-0.02758,6.72144,-9.18252,7.14564,-2.54196,-0,-0,-0,-0,-0,-0
11.1253,0.416164,0.934994,-1.53651,-0.80092,-0.430624,-0.0685018,-7.1708,-0.26398,6.62739,-7.58448,7.46856,-1.4904,-0,-0,-0,-0,-0,-0
11.1302,0.384387,0.94489,-1.53059,-0.837055,-0.397636,-0.194202,-6.58374,-0.8077,6.43511,-6.22656,6.07752,-1.54008,-0,-0,-0,-0,-0,-0
11.1353,0.312617,0.938241,-1.53511,-0.911675,-0.265955,-0.313478,-6.58374,-0.8077,6.43511,-6.22656,6.07752,-1.54008,-0,-0,-0,-0,-0,-0
11.1402,0.279881,0.963482,-1.51303,-0.912447,-0.135658,-0.397686,-6.57586,-0.46098,5.8102,-8.20548,5.32404,-1.87956,-0,-0,-0,-0,-0,-0
11.1452,0.209861,0.947059,-1.50463,-0.889479,0.0514939,-0.454277,-6.57586,-0.46098,5.8102,-8.20548,5.32404,-1.87956,-0,-0,-0,-0,-0,-0
11.1503,0.189072,0.977374,-1.48788,-0.816945,0.152024,-0.45752,-6.66648,-1.09926,6.8134,-9.65448,5.98644,-2.72412,-0,-0,-0,-0,-0,-0
11.1554,0.12875,0.970224,-1.50713,-0.723909,0.237021,-0.40744,-6.66648,-1.09926,6.8134,-9.65448,5.98644,-2.72412,-0,-0,-0,-0,-0,-0
11.1605,0.174049,0.981578,-1.53636,-0.581218,0.152898,-0.337271,-9.9091,-1.4381,8.20116,-11.3684,8.71056,-3.05532,-0,-0,-0,-0,-0,-0
11.1652,0.246217,1.00418,-1.55616,-0.448162,-0.0373737,-0.251212,-7.60026,0.44522,7.68284,-10.201,8.37108,-3.30372,-0,-0,-0,-0,-0,-0
11.1706,0.196577,0.981008,-1.5836,-0.388439,-0.177377,-0.146356,-7.60026,0.44522,7.68284,-10.201,8.37108,-3.30372,-0,-0,-0,-0,-0,-0
11.1756,0.152121,0.998083,-1.58765,-0.33205,-0.311261,-0.0538062,-7.16686,-1.10714,7.20423,-10.6564,8.55324,-3.37824,-0,-0,-0,-0,-0,-0
11.1803,0.140728,1.02276,-1.56968,-0.296338,-0.421487,-0.0069786,-7.85242,1.48932,6.77996,-8.694,7.96536,-2.62476,-0,-0,-0,-0,-0,-0
11.1852,0.0988836,0.979222,-1.57107,-0.317376,-0.463215,-0.00187681,-7.85242,1.48932,6.77996,-8.694,7.96536,-2.62476,-0,-0,-0,-0,-0,-0
11.1902,0.0654482,0.972359,-1.57509,-0.311143,-0.503062,0.00969586,-7.26536,-1.13866,7.36307,-9.01692,7.62588,-2.76552,-0,-0,-0,-0,-0,-0
11.1954,0.0217619,0.986268,-1.5715,-0.307718,-0.454153,0.0189227,-7.24566,-0.15366,6.47273,-8.37936,6.49152,-2.63304,-0,-0,-0,-0,-0,-0
11.2004,-0.000102461,0.990052,-1.56083,-0.307641,-0.315432,0.00793471,-7.60814,0.42158,6.87819,-8.66916,5.8374,-2.34324,-0,-0,-0,-0,-0,-0
11.2054,0.0333811,1.01842,-1.55406,-0.240678,-0.236888,-0.033062,-8.69952,-1.86756,7.26484,-10.9627,7.038,-2.01204,-0,-0,-0,-0,-0,-0
11.2102,0.0531686,1.0385,-1.5676,-0.13397,-0.194342,-0.0861677,-8.69952,-1.86756,7.26484,-10.9627,7.038,-2.01204,-0,-0,-0,-0,-0,-0
11.2152,0.0672584,1.06449,-1.56967,-0.00678137,-0.111191,-0.14593,-7.24566,-0.8865,7.10391,-11.0455,5.84568,-1.81332,-0,-0,-0,-0,-0,-0
11.2203,0.0296881,1.06668,-1.5628,0.0810524,-0.00258255,-0.220038,-6.96592,0.73678,6.66501,-10.4742,6.64884,-1.64772,-0,-0,-0,-0,-0,-0
11.2254,-0.034096,1.07253,-1.54464,0.095203,0.0699859,-0.332163,-6.80044,-0.76436,6.55633,-9.36468,6.43356,-0.97704,-0,-0,-0,-0,-0,-0
11.2304,-0.0597821,1.11763,-1.52007,0.0888823,-0.036476,-0.539728,-6.80832,-1.25292,6.94298,-8.85132,9.26532,0.57132,-0,-0,-0,-0,-0,-0
11.2352,-0.142392,1.13544,-1.51669,0.0436809,-0.235794,-0.794125,-6.80832,-1.25292,6.94298,-8.85132,9.26532,0.57132,-0,-0,-0,-0,-0,-0
11.2403,-0.161047,1.15296,-1.49784,0.00115202,-0.334254,-1.04411,-8.45524,0.04334,6.30762,-8.59464,7.01316,0.75348,-0,-0,-0,-0,-0,-0
11.2452,-0.16345,1.17607,-1.48231,0.0210755,-0.442313,-1.2847,-7.29688,-2.03698,6.99523,-10.8054,9.74556,1.29168,-0,-0,-0,-0,-0,-0
11.2502,-0.1893,1.21733,-1.48869,0.0983891,-0.538543,-1.5124,-7.4663,-1.7139,8.11547,-10.6646,7.06284,1.39104,-0,-0,-0,-0,-0,-0
11.2552,-0.193913,1.24586,-1.49119,0.176056,-0.475479,-1.65886,-7.75392,0.2561,7.11854,-11.236,6.71508,1.26684,-0,-0,-0,-0,-0,-0
11.2602,-0.227091,1.22344,-1.50001,0.264377,-0.370465,-1.66887,-7.75392,0.2561,7.11854,-11.236,6.71508,1.26684,-0,-0,-0,-0,-0,-0
11.2652,-0.203324,1.23383,-1.51018,0.391437,-0.31105,-1.53324,-7.7027,-1.19382,8.03396,-11.5589,6.78132,1.26684,-0,-0,-0,-0,-0,-0
11.2703,-0.233036,1.23837,-1.54234,0.493493,-0.233729,-1.29302,-7.7027,-1.19382,8.03396,-11.5589,6.78132,1.26684,-0,-0,-0,-0,-0,-0
11.2753,-0.248044,1.25026,-1.56164,0.600183,-0.223424,-1.04034,-7.23384,-0.73284,7.59924,-11.8901,7.54308,1.62288,-0,-0,-0,-0,-0,-0
11.2803,-0.277462,1.24097,-1.56624,0.718464,-0.29127,-0.798379,-7.28506,1.07956,7.25857,-12.3786,8.53668,1.22544,-0,-0,-0,-0,-0,-0
11.2852,-0.346374,1.21106,-1.56734,0.806031,-0.381343,-0.561707,-7.28506,1.07956,7.25857,-12.3786,8.53668,1.22544,-0,-0,-0,-0,-0,-0
11.2903,-0.36804,1.22294,-1.55164,0.809572,-0.500759,-0.346253,-7.56086,-0.8077,7.06629,-8.72712,8.71884,1.4076,-0,-0,-0,-0,-0,-0
11.2953,-0.423598,1.23373,-1.54481,0.718078,-0.589153,-0.167947,-7.56086,-0.8077,7.06629,-8.72712,8.71884,1.4076,-0,-0,-0,-0,-0,-0
11.3002,-0.395592,1.25106,-1.53551,0.77281,-0.689131,-0.11779,-8.60102,0.32702,7.59506,-13.2149,8.53668,3.6018,-0,-0,-0,-0,-0,-0
11.3054,-0.394587,1.2331,-1.54594,0.929127,-0.749779,-0.191773,-8.60102,0.32702,7.59506,-13.2149,8.53668,3.6018,-0,-0,-0,-0,-0,-0
11.3102,-0.370417,1.22203,-1.55249,1.07232,-0.796318,-0.252979,-8.45918,0.32702,7.70792,-12.6353,8.13924,3.50244,-0,-0,-0,-0,-0,-0
11.3152,-0.353093,1.23254,-1.54394,1.16949,-0.781198,-0.303058,-7.4663,0.24428,7.15825,-12.3124,6.97176,3.51072,-0,-0,-0,-0,-0,-0
11.3204,-0.42511,1.21937,-1.54027,1.22704,-0.670781,-0.349162,-7.4663,0.24428,7.15825,-12.3124,6.97176,3.51072,-0,-0,-0,-0,-0,-0
11.3253,-0.439846,1.22081,-1.52548,1.24698,-0.660239,-0.370985,-7.42296,-0.03546,6.77996,-10.0933,8.13096,3.21264,-0,-0,-0,-0,-0,-0
11.3303,-0.507143,1.21662,-1.5093,1.19384,-0.671191,-0.372184,-7.42296,-0.03546,6.77996,-10.0933,8.13096,3.21264,-0,-0,-0,-0,-0,-0
11.3353,-0.531278,1.22536,-1.49444,1.24932,-0.62634,-0.379212,-6.95016,0.28368,7.69538,-13.1735,6.60744,3.42792,-0,-0,-0,-0,-0,-0
11.3403,-0.622236,1.21862,-1.49885,1.3518,-0.480703,-0.391072,-6.95016,0.28368,7.69538,-13.1735,6.60744,3.42792,-0,-0,-0,-0,-0,-0
11.3452,-0.693323,1.20666,-1.49063,1.43551,-0.356258,-0.349251,-6.84378,1.43022,6.97224,-12.2461,6.59916,2.43432,-0,-0,-0,-0,-0,-0
11.3502,-0.709753,1.21652,-1.47619,1.46614,-0.365202,-0.2921,-7.33628,-1.18988,7.44876,-10.706,8.5284,3.1878,-0,-0,-0,-0,-0,-0
11.3554,-0.784187,1.2444,-1.47257,1.43003,-0.441599,-0.283934,-7.33628,-1.18988,7.44876,-10.706,8.5284,3.1878,-0,-0,-0,-0,-0,-0
11.3604,-0.755663,1.27019,-1.47427,1.44998,-0.533016,-0.380323,-9.25506,-0.16942,8.34955,-11.7328,8.47872,5.175,-0,-0,-0,-0,-0,-0
11.3654,-0.728519,1.2737,-1.49461,1.46997,-0.595973,-0.57191,-9.25506,-0.16942,8.34955,-11.7328,8.47872,5.175,-0,-0,-0,-0,-0,-0
11.3704,-0.723767,1.2573,-1.50302,1.52157,-0.574534,-0.686558,-7.10382,2.02122,7.49683,-12.4614,6.49152,3.94956,-0,-0,-0,-0,-0,-0
11.3754,-0.75554,1.24588,-1.49395,1.55374,-0.434035,-0.668037,-7.08412,-0.13396,7.36516,-11.1035,5.84568,2.82348,-0,-0,-0,-0,-0,-0
11.3807,-0.842337,1.25307,-1.48412,1.52114,-0.225772,-0.584501,-7.08412,-0.13396,7.36516,-11.1035,5.84568,2.82348,-0,-0,-0,-0,-0,-0
11.3856,-0.866065,1.25303,-1.47339,1.46445,-0.0844744,-0.541691,-8.24248,0.95742,7.42159,-9.53028,6.35076,3.4362,-0,-0,-0,-0,-0,-0
11.3902,-0.798794,1.24675,-1.47562,1.48563,-0.0507697,-0.556563,-9.09746,0.35066,8.34119,-13.0576,7.40232,4.1814,-0,-0,-0,-0,-0,-0
11.3952,-0.768393,1.24726,-1.48766,1.5662,-0.0458923,-0.619169,-9.09746,0.35066,8.34119,-13.0576,7.40232,4.1814,-0,-0,-0,-0,-0,-0
11.4002,-0.764842,1.25107,-1.46876,1.57723,-0.0892505,-0.707126,-5.96516,0.69344,6.19058,-9.3978,7.75836,4.72788,-0,-0,-0,-0,-0,-0
11.4054,-0.879234,1.24326,-1.44484,1.52727,-0.135567,-0.700658,-5.76422,0.52402,7.49265,-10.6812,7.46856,2.88144,-0,-0,-0,-0,-0,-0
11.4102,-0.998714,1.2278,-1.44631,1.52766,-0.174278,-0.606514,-5.76422,0.52402,7.49265,-10.6812,7.46856,2.88144,-0,-0,-0,-0,-0,-0
11.4156,-1.05155,1.2339,-1.44398,1.51181,-0.219018,-0.475382,-6.54828,-1.97394,7.03703,-8.58636,6.85584,2.26044,-0,-0,-0,-0,-0,-0
11.4203,-1.11847,1.26392,-1.43731,1.42852,-0.207118,-0.333779,-6.54828,-1.97394,7.03703,-8.58636,6.85584,2.26044,-0,-0,-0,-0,-0,-0
11.4253,-1.18621,1.29651,-1.43023,1.34368,-0.19423,-0.191109,-6.54828,-1.97394,7.03703,-8.58636,6.85584,2.26044,-0,-0,-0,-0,-0,-0
11.4304,-1.20367,1.31187,-1.42469,1.26589,-0.0708682,-0.133792,-7.68694,-0.02364,7.27529,-8.51184,4.47948,3.73428,-0,-0,-0,-0,-0,-0
11.4353,-1.18702,1.29012,-1.43271,1.25124,-0.0103683,-0.117306,-6.35916,1.03228,7.72464,-10.1844,7.452,2.88144,-0,-0,-0,-0,-0,-0
11.4403,-1.18594,1.24946,-1.43581,1.23224,-0.162445,-0.147157,-7.25354,0.88256,6.48318,-7.7418,9.16596,3.94128,-0,-0,-0,-0,-0,-0
11.4454,-1.2314,1.21302,-1.41385,1.16854,-0.164868,-0.114026,-4.82256,0.6895,5.67435,-8.50356,4.5126,1.76364,-0,-0,-0,-0,-0,-0
11.4503,-1.17964,1.1977,-1.40645,1.25252,-0.165304,-0.0639682,-10.6183,-1.45386,7.36307,-12.685,8.78508,3.17952,-0,-0,-0,-0,-0,-0
11.4553,-0.923261,1.19833,-1.45061,1.52983,-0.385658,-0.17905,-12.7301,-0.98894,9.54712,-15.7734,8.95896,5.05908,-0,-0,-0,-0,-0,-0
11.4603,-0.690455,1.19261,-1.49085,1.84347,-0.560821,-0.348339,-11.0675,0.6304,8.2555,-15.9887,8.23032,5.01768,-0,-0,-0,-0,-0,-0
11.4654,-0.619512,1.17393,-1.50898,2.06109,-0.595118,-0.519933,-7.4466,0.69344,8.09875,-13.7614,6.86412,5.29092,-0,-0,-0,-0,-0,-0
11.4703,-0.6573,1.17425,-1.52265,2.11572,-0.578163,-0.589119,-7.67118,-0.31126,8.55437,-11.4595,7.29468,3.58524,-0,-0,-0,-0,-0,-0
11.4754,-0.718865,1.19255,-1.53943,2.12867,-0.58438,-0.531589,-7.17474,-0.3743,8.62543,-12.9168,7.62588,3.17124,-0,-0,-0,-0,-0,-0
11.4803,-0.770816,1.19538,-1.55889,2.16822,-0.590723,-0.458926,-7.61208,1.54448,9.14166,-12.892,7.17876,3.2706,-0,-0,-0,-0,-0,-0
11.4853,-0.80955,1.17589,-1.57927,2.24367,-0.515048,-0.455983,-7.85242,2.03698,8.98073,-14.6722,6.01956,4.62024,-0,-0,-0,-0,-0,-0
11.4903,-0.814388,1.17324,-1.59801,2.3627,-0.42964,-0.517537,-9.10928,0.40976,9.36738,-15.2766,6.84756,4.33044,-0,-0,-0,-0,-0,-0
11.4953,-0.821734,1.19725,-1.60706,2.46763,-0.305881,-0.527291,-7.45842,-0.65798,8.30357,-13.3888,5.14188,3.62664,-0,-0,-0,-0,-0,-0
11.5002,-0.856779,1.22346,-1.61548,2.49711,-0.188228,-0.467644,-7.9982,-0.16154,9.16465,-12.0722,6.7482,3.05532,-0,-0,-0,-0,-0,-0
11.5054,-0.867928,1.23412,-1.61966,2.49465,-0.165735,-0.444714,-8.077,0.46886,7.69747,-11.9646,6.93864,4.29732,-0,-0,-0,-0,-0,-0
11.5102,-0.882733,1.23806,-1.60661,2.4736,-0.0866413,-0.52987,-8.04548,0.73678,7.99216,-11.592,5.53932,5.10876,-0,-0,-0,-0,-0,-0
11.5153,-0.873806,1.23686,-1.60335,2.47038,-0.0202899,-0.663471,-8.71922,0.70132,8.43942,-12.3952,6.7896,5.22468,-0,-0,-0,-0,-0,-0
11.5203,-0.844184,1.25746,-1.58589,2.48211,-0.0493644,-0.714962,-8.95562,-1.49326,6.81131,-12.064,7.245,3.87504,-0,-0,-0,-0,-0,-0
11.5253,-0.838201,1.28655,-1.55835,2.42431,-0.0868365,-0.705618,-7.74604,-0.09456,7.63059,-10.1844,7.00488,4.21452,-0,-0,-0,-0,-0,-0
11.5302,-0.883777,1.3026,-1.54209,2.31667,-0.109581,-0.703875,-7.74604,-0.09456,7.63059,-10.1844,7.00488,4.21452,-0,-0,-0,-0,-0,-0
11.5354,-0.882375,1.30574,-1.53415,2.27773,-0.177324,-0.757216,-8.00608,-0.50038,7.41323,-11.7162,7.34436,5.34888,-0,-0,-0,-0,-0,-0
11.5402,-0.899113,1.3089,-1.52165,2.20212,-0.200034,-0.760482,-7.72634,0.70526,7.67657,-8.58636,6.30108,3.36996,-0,-0,-0,-0,-0,-0
11.5456,-0.945196,1.31085,-1.50327,2.02215,-0.139482,-0.655632,-7.72634,0.70526,7.67657,-8.58636,6.30108,3.36996,-0,-0,-0,-0,-0,-0
11.5503,-0.924235,1.32051,-1.49515,2.00897,-0.158986,-0.611286,-8.62466,-1.43416,7.78107,-13.3142,7.56792,4.25592,-0,-0,-0,-0,-0,-0
11.5552,-0.90743,1.357,-1.48724,2.11148,-0.216237,-0.611838,-8.62466,-1.43416,7.78107,-13.3142,7.56792,4.25592,-0,-0,-0,-0,-0,-0
11.5603,-0.854527,1.37345,-1.50093,2.25558,-0.280959,-0.570742,-8.89258,-0.69344,8.80308,-13.7034,7.64244,3.44448,-0,-0,-0,-0,-0,-0
11.5653,-0.85362,1.36712,-1.51462,2.30597,-0.228455,-0.507457,-7.13534,0.70526,7.68284,-10.3086,5.1336,3.8502,-0,-0,-0,-0,-0,-0
11.5702,-0.892067,1.34049,-1.49816,2.20196,-0.114901,-0.516978,-7.4663,2.30096,7.16452,-8.45388,6.21,4.8852,-0,-0,-0,-0,-0,-0
11.5752,-0.917575,1.30788,-1.48267,2.17447,-0.0979148,-0.593307,-7.55298,0.6698,7.3568,-12.9913,6.57432,5.10048,-0,-0,-0,-0,-0,-0
11.5802,-0.916564,1.3082,-1.47461,2.23773,-0.11733,-0.592727,-8.40402,-0.14972,8.27013,-12.2378,6.56604,3.69288,-0,-0,-0,-0,-0,-0
11.5852,-0.91102,1.31662,-1.46364,2.27126,-0.197588,-0.540511,-8.00608,0.29944,7.31082,-11.8487,7.75008,4.04064,-0,-0,-0,-0,-0,-0
11.5903,-0.875344,1.30466,-1.45458,2.26917,-0.221354,-0.583847,-9.12504,1.18988,8.12174,-10.4825,5.19984,5.4234,-0,-0,-0,-0,-0,-0
11.5952,-0.862154,1.28812,-1.43972,2.23415,-0.1698,-0.692448,-7.43872,1.0047,6.92208,-10.8054,6.02784,5.5062,-0,-0,-0,-0,-0,-0
11.6006,-0.884403,1.27597,-1.41733,2.24213,-0.112009,-0.755199,-7.9588,0.79982,7.63477,-11.6003,5.41512,4.6368,-0,-0,-0,-0,-0,-0
11.6053,-0.890664,1.26085,-1.41984,2.27914,-0.0696321,-0.800273,-7.61602,0.98894,8.50003,-11.9149,6.3756,5.45652,-0,-0,-0,-0,-0,-0
11.6103,-0.907536,1.26788,-1.41337,2.24014,0.0251758,-0.886674,-7.82484,-0.55948,7.33381,-9.21564,4.40496,5.48136,-0,-0,-0,-0,-0,-0
11.6153,-0.894043,1.27865,-1.4013,2.23082,0.165738,-0.908412,-8.6877,0.36248,7.89811,-12.8588,5.19156,4.347,-0,-0,-0,-0,-0,-0
11.6203,-0.861543,1.27725,-1.39999,2.33547,0.260734,-0.861224,-8.6877,0.36248,7.89811,-12.8588,5.19156,4.347,-0,-0,-0,-0,-0,-0
11.6253,-0.833263,1.23637,-1.42274,2.43736,0.273919,-0.833054,-7.10382,1.3396,8.21997,-11.2111,6.1686,4.77756,-0,-0,-0,-0,-0,-0
11.6302,-0.856169,1.20281,-1.43228,2.44662,0.218446,-0.832028,-7.61208,2.00152,8.14891,-10.706,6.92208,4.68648,-0,-0,-0,-0,-0,-0
11.6352,-0.879069,1.17123,-1.43502,2.41688,0.127232,-0.823228,-7.61208,2.00152,8.14891,-10.706,6.92208,4.68648,-0,-0,-0,-0,-0,-0
11.6404,-0.851599,1.13301,-1.45335,2.48133,0.023901,-0.86616,-8.10852,0.16154,8.21997,-13.4633,6.73992,5.73804,-0,-0,-0,-0,-0,-0
11.6454,-0.851565,1.14897,-1.45078,2.59061,-0.0476749,-0.954207,-8.10852,0.16154,8.21997,-13.4633,6.73992,5.73804,-0,-0,-0,-0,-0,-0
11.6504,-0.766984,1.13657,-1.48094,2.70403,-0.0711477,-0.986316,-10.5553,1.28444,9.97766,-12.685,5.52276,4.81068,-0,-0,-0,-0,-0,-0
11.6555,-0.658556,1.13866,-1.51515,2.75363,-0.00462395,-0.960682,-10.5553,1.28444,9.97766,-12.685,5.52276,4.81068,-0,-0,-0,-0,-0,-0
11.6602,-0.588832,1.12228,-1.53274,2.84936,0.0330484,-0.939417,-9.02654,2.12366,8.42688,-14.7136,5.9202,4.91832,-0,-0,-0,-0,-0,-0
11.6654,-0.602993,1.09925,-1.53718,2.94112,0.170182,-0.8581,-7.82484,2.23792,9.10404,-13.1404,3.81708,3.69288,-0,-0,-0,-0,-0,-0
11.6703,-0.629216,1.07625,-1.54868,2.89311,0.330268,-0.777429,-7.76968,0.36642,8.1092,-9.11628,4.78584,4.76928,-0,-0,-0,-0,-0,-0
11.6752,-0.676634,1.10099,-1.52953,2.74275,0.432352,-0.74587,-7.76968,0.36642,8.1092,-9.11628,4.78584,4.76928,-0,-0,-0,-0,-0,-0
11.6803,-0.675468,1.0926,-1.51696,2.69003,0.505671,-0.730683,-8.54192,1.2608,7.42995,-11.4512,4.70304,5.15016,-0,-0,-0,-0,-0,-0
11.6853,-0.665986,1.09248,-1.48592,2.69613,0.589235,-0.745265,-8.54192,1.2608,7.42995,-11.4512,4.70304,5.15016,-0,-0,-0,-0,-0,-0
11.6903,-0.644789,1.07766,-1.47115,2.68591,0.583881,-0.710475,-8.26218,0.97712,7.81869,-9.78696,6.21828,4.07376,-0,-0,-0,-0,-0,-0
11.6955,-0.638309,1.05604,-1.45512,2.61411,0.431306,-0.632502,-7.43872,1.02046,6.9179,-9.20736,7.22016,4.14828,-0,-0,-0,-0,-0,-0
11.7002,-0.672541,1.05725,-1.41917,2.52425,0.259991,-0.568324,-7.43872,1.02046,6.9179,-9.20736,7.22016,4.14828,-0,-0,-0,-0,-0,-0
11.7052,-0.697621,1.0516,-1.39835,2.49527,0.176609,-0.49897,-7.43872,0.29156,7.42786,-11.12,5.31576,4.00752,-0,-0,-0,-0,-0,-0
11.7103,-0.682895,1.0485,-1.39259,2.5306,0.210563,-0.434471,-8.17156,-0.5122,7.42368,-10.3086,5.11704,3.99096,-0,-0,-0,-0,-0,-0
11.7152,-0.675008,1.07836,-1.37169,2.50936,0.268124,-0.374458,-8.17156,-0.5122,7.42368,-10.3086,5.11704,3.99096,-0,-0,-0,-0,-0,-0
11.7203,-0.665968,1.08092,-1.36962,2.49474,0.326908,-0.316318,-7.57662,-0.27186,7.68911,-9.99396,4.761,3.99096,-0,-0,-0,-0,-0,-0
11.7257,-0.688,1.10753,-1.35349,2.46068,0.408613,-0.249392,-7.57662,-0.27186,7.68911,-9.99396,4.761,3.99096,-0,-0,-0,-0,-0,-0
11.7302,-0.690831,1.1031,-1.34009,2.44747,0.440689,-0.263172,-7.8603,1.14654,6.94507,-9.90288,5.19984,5.53104,-0,-0,-0,-0,-0,-0
11.7353,-0.689386,1.09112,-1.31179,2.42621,0.451994,-0.352338,-7.8603,1.14654,6.94507,-9.90288,5.19984,5.53104,-0,-0,-0,-0,-0,-0
11.7403,-0.638,1.04066,-1.32378,2.4038,0.39811,-0.454207,-8.47888,0.44522,7.69329,-8.09784,5.86224,6.0444,-0,-0,-0,-0,-0,-0
11.7453,-0.598592,1.04429,-1.31541,2.29357,0.334868,-0.575702,-8.47888,0.44522,7.69329,-8.09784,5.86224,6.0444,-0,-0,-0,-0,-0,-0
11.7503,-0.552495,1.03578,-1.32513,2.25855,0.305231,-0.664726,-8.38038,0.6895,8.62543,-10.706,5.11704,5.57244,-0,-0,-0,-0,-0,-0
11.7553,-0.520923,1.04204,-1.33493,2.282,0.3142,-0.708473,-8.38038,0.6895,8.62543,-10.706,5.11704,5.57244,-0,-0,-0,-0,-0,-0
11.7602,-0.470818,1.03857,-1.33826,2.34352,0.238577,-0.761423,-8.91228,0.44916,7.53863,-11.7659,6.59916,6.01956,-0,-0,-0,-0,-0,-0
11.7653,-0.421984,1.00782,-1.35602,2.3577,0.191251,-0.822659,-7.8997,1.33566,8.63797,-8.28,4.3884,5.58072,-0,-0,-0,-0,-0,-0
11.7703,-0.419298,1.00086,-1.36591,2.2643,0.280969,-0.858363,-7.8997,1.33566,8.63797,-8.28,4.3884,5.58072,-0,-0,-0,-0,-0,-0
11.7755,-0.421613,0.981448,-1.36859,2.22913,0.33881,-0.947474,-7.33628,1.17018,7.41741,-9.90288,4.91004,6.63228,-0,-0,-0,-0,-0,-0
11.7802,-0.393125,0.951645,-1.38526,2.28425,0.42656,-0.996397,-8.69164,-0.1182,8.44987,-10.7557,3.23748,5.15844,-0,-0,-0,-0,-0,-0
11.7852,-0.348807,0.983024,-1.3823,2.32042,0.588584,-0.953869,-8.69164,-0.1182,8.44987,-10.7557,3.23748,5.15844,-0,-0,-0,-0,-0,-0
11.7903,-0.306898,1.01961,-1.37534,2.34616,0.727033,-0.903274,-8.69164,-0.1182,8.44987,-10.7557,3.23748,5.15844,-0,-0,-0,-0,-0,-0
11.7953,-0.276996,1.02855,-1.38223,2.36231,0.811353,-0.921154,-7.89182,0.11426,8.30984,-9.82836,3.46104,6.52464,-0,-0,-0,-0,-0,-0
11.8004,-0.259766,1.03432,-1.38354,2.39779,0.787458,-0.964969,-8.1755,0.3743,8.0465,-11.0041,5.62212,5.24124,-0,-0,-0,-0,-0,-0
11.8053,-0.246262,1.0501,-1.37353,2.45475,0.66893,-0.941111,-8.1755,0.3743,8.0465,-11.0041,5.62212,5.24124,-0,-0,-0,-0,-0,-0
11.8103,-0.224301,1.0274,-1.38062,2.49684,0.584048,-0.91925,-7.97456,1.32384,7.95036,-9.24048,4.82724,5.30748,-0,-0,-0,-0,-0,-0
11.8153,-0.218161,1.02455,-1.36747,2.45878,0.551779,-0.90721,-7.97456,1.32384,7.95036,-9.24048,4.82724,5.30748,-0,-0,-0,-0,-0,-0
11.8206,-0.2005,1.00952,-1.35635,2.414,0.458665,-0.842893,-8.06912,1.15442,7.51146,-8.7768,5.80428,4.24764,-0,-0,-0,-0,-0,-0
11.8254,-0.188824,0.990217,-1.35044,2.36706,0.410649,-0.795244,-7.45842,0.41764,7.50101,-8.83476,4.41324,5.382,-0,-0,-0,-0,-0,-0
11.8303,-0.194568,0.997735,-1.34614,2.31738,0.505051,-0.805278,-7.57268,-0.57524,8.02142,-8.41248,3.05532,5.48964,-0,-0,-0,-0,-0,-0
11.8353,-0.194591,1.02522,-1.34443,2.27351,0.675288,-0.811431,-7.57268,-0.57524,8.02142,-8.41248,3.05532,5.48964,-0,-0,-0,-0,-0,-0
11.8404,-0.156902,1.01318,-1.35727,2.30626,0.797984,-0.805264,-8.54192,0.3349,7.53445,-9.86976,3.52728,5.39028,-0,-0,-0,-0,-0,-0
11.8453,-0.10481,1.01514,-1.3502,2.35664,0.881432,-0.800824,-8.54192,0.3349,7.53445,-9.86976,3.52728,5.39028,-0,-0,-0,-0,-0,-0
11.8506,-0.0778907,0.997737,-1.35413,2.39845,0.896833,-0.825476,-7.38356,0.85498,7.68493,-9.07488,4.50432,5.85396,-0,-0,-0,-0,-0,-0
11.8553,-0.0784305,0.9586,-1.379,2.42834,0.827607,-0.907821,-7.30082,1.17806,8.51675,-8.78508,5.0094,6.80616,-0,-0,-0,-0,-0,-0
11.8604,-0.0917453,0.950619,-1.38994,2.41456,0.733222,-1.03526,-7.30082,1.17806,8.51675,-8.78508,5.0094,6.80616,-0,-0,-0,-0,-0,-0
11.8653,-0.0974846,0.93516,-1.39105,2.35155,0.599285,-1.09104,-7.6239,1.04804,7.36725,-6.88068,5.796,5.7132,-0,-0,-0,-0,-0,-0
11.8703,-0.0913699,0.932725,-1.37043,2.23096,0.446738,-1.08817,-7.6239,1.04804,7.36725,-6.88068,5.796,5.7132,-0,-0,-0,-0,-0,-0
11.8753,-0.0815479,0.898101,-1.3768,2.15831,0.377148,-1.072,-7.3481,1.3002,7.92946,-7.75836,4.19796,5.43996,-0,-0,-0,-0,-0,-0
11.8804,-0.0885262,0.894449,-1.36715,2.09934,0.397983,-1.03156,-7.3481,1.3002,7.92946,-7.75836,4.19796,5.43996,-0,-0,-0,-0,-0,-0
11.8853,-0.0737971,0.884141,-1.36063,2.10164,0.425459,-1.01927,-8.20308,0.97712,7.67448,-9.38952,3.81708,6.05268,-0,-0,-0,-0,-0,-0
11.8903,-0.0246125,0.863454,-1.36768,2.11654,0.46966,-0.995105,-8.08882,0.14184,7.63477,-7.83288,3.99096,5.3406,-0,-0,-0,-0,-0,-0
11.8954,0.0138373,0.878135,-1.35727,2.0624,0.514947,-0.940373,-8.08882,0.14184,7.63477,-7.83288,3.99096,5.3406,-0,-0,-0,-0,-0,-0
11.9005,0.0282598,0.858305,-1.35255,2.0014,0.520542,-0.815142,-6.95016,1.21746,6.84893,-6.89724,4.40496,3.81708,-0,-0,-0,-0,-0,-0
11.9052,0.0166715,0.847649,-1.32862,1.93406,0.499937,-0.636786,-6.95016,1.21746,6.84893,-6.89724,4.40496,3.81708,-0,-0,-0,-0,-0,-0
11.9103,-0.00741354,0.820323,-1.31609,1.91116,0.598149,-0.608806,-6.43402,0.89438,6.8134,-7.8246,1.7388,6.75648,-0,-0,-0,-0,-0,-0
11.9154,-0.00978131,0.796431,-1.30994,1.91998,0.717375,-0.666525,-7.4269,0.77618,7.09346,-7.77492,3.9744,5.36544,-0,-0,-0,-0,-0,-0
11.9203,0.023371,0.788479,-1.31386,1.90583,0.749089,-0.783054,-7.37962,-0.40582,7.70374,-6.63228,3.21264,7.866,-0,-0,-0,-0,-0,-0
11.9252,0.0409895,0.777495,-1.31664,1.8338,0.680808,-0.788042,-6.74922,1.15442,7.03076,-5.74632,5.76288,2.66616,-0,-0,-0,-0,-0,-0
11.9303,0.00422551,0.740192,-1.32331,1.78772,0.488208,-0.641119,-5.02744,0.99682,7.4195,-6.53292,5.33232,4.54572,-0,-0,-0,-0,-0,-0
11.9353,-0.0353651,0.71007,-1.3282,1.75987,0.422453,-0.751391,-5.90606,0.91802,6.98687,-5.41512,3.56868,7.79148,-0,-0,-0,-0,-0,-0
11.9404,-0.0464215,0.697083,-1.31692,1.69331,0.439811,-1.03311,-5.90606,0.91802,6.98687,-5.41512,3.56868,7.79148,-0,-0,-0,-0,-0,-0
11.9452,0.066828,0.683528,-1.34455,1.67943,0.35304,-1.24522,-10.8311,0.28762,9.7394,-7.09596,5.37372,7.07112,-0,-0,-0,-0,-0,-0
11.9503,0.223633,0.676423,-1.37788,1.73111,0.270439,-1.34482,-8.14792,-0.09456,7.16452,-8.32968,3.73428,6.27624,-0,-0,-0,-0,-0,-0
11.9552,0.302423,0.688204,-1.38079,1.81869,0.335894,-1.35975,-8.40402,-0.10638,8.19489,-9.108,2.75724,6.21828,-0,-0,-0,-0,-0,-0
11.9605,0.395153,0.68212,-1.41106,1.97394,0.450775,-1.37008,-9.0226,1.43416,9.23153,-11.029,2.90628,6.46668,-0,-0,-0,-0,-0,-0
11.9653,0.451422,0.66222,-1.45156,2.06822,0.58137,-1.37712,-7.35598,1.5169,9.33603,-7.95708,2.31012,6.28452,-0,-0,-0,-0,-0,-0
11.9703,0.448814,0.644588,-1.48825,2.05664,0.64841,-1.30817,-7.11564,1.18594,8.89086,-7.02972,4.09032,5.2578,-0,-0,-0,-0,-0,-0
11.9753,0.452059,0.631265,-1.49276,1.96776,0.688246,-1.24935,-7.69088,1.44204,7.07883,-5.24124,2.80692,6.26796,-0,-0,-0,-0,-0,-0
11.9802,0.457272,0.624132,-1.48808,1.87748,0.770767,-1.1603,-7.10776,0.72496,8.24923,-6.8724,2.7324,4.99284,-0,-0,-0,-0,-0,-0
11.9854,0.48753,0.623147,-1.48586,1.82296,0.732996,-1.02775,-8.73104,1.57994,7.84586,-6.75648,4.81896,5.32404,-0,-0,-0,-0,-0,-0
11.9903,0.564419,0.617587,-1.47773,1.77881,0.598149,-0.930211,-8.73104,1.57994,7.84586,-6.75648,4.81896,5.32404,-0,-0,-0,-0,-0,-0
11.9952,0.617745,0.583904,-1.48481,1.74344,0.443789,-0.869341,-7.67512,1.52478,7.43413,-5.95332,5.10048,5.85396,-0,-0,-0,-0,-0,-0
12.0004,0.649348,0.575578,-1.46862,1.68049,0.29492,-0.836701,-7.67512,1.52478,7.43413,-5.95332,5.10048,5.85396,-0,-0,-0,-0,-0,-0
12.0052,0.665058,0.556056,-1.45293,1.64726,0.174819,-0.875492,-6.96592,1.6548,6.78832,-6.14376,4.93488,7.25328,-0,-0,-0,-0,-0,-0
12.0103,0.643425,0.54924,-1.41845,1.59502,0.173978,-0.893667,-6.45372,0.70132,6.35569,-4.91832,2.83176,5.39856,-0,-0,-0,-0,-0,-0
12.0154,0.618893,0.557762,-1.37739,1.5485,0.264355,-0.833444,-6.86348,0.39794,6.2909,-6.53292,3.1464,5.52276,-0,-0,-0,-0,-0,-0
12.0202,0.612606,0.555765,-1.35216,1.55426,0.360191,-0.76186,-6.96592,1.52872,7.1896,-7.01316,2.55024,5.175,-0,-0,-0,-0,-0,-0
12.0255,0.604701,0.533525,-1.35217,1.5727,0.519949,-0.685217,-7.24566,1.50114,7.7748,-7.22844,2.21076,5.27436,-0,-0,-0,-0,-0,-0
12.0305,0.643602,0.513646,-1.36209,1.62857,0.572535,-0.685105,-7.8997,1.37112,7.87512,-7.87428,4.16484,6.5826,-0,-0,-0,-0,-0,-0
12.0354,0.685521,0.496042,-1.3724,1.67071,0.613472,-0.655154,-7.4466,1.4775,7.92946,-6.90552,2.04516,4.44636,-0,-0,-0,-0,-0,-0
12.0403,0.707681,0.480892,-1.37811,1.65382,0.650596,-0.6246,-7.21414,0.9062,7.3777,-5.31576,3.90816,6.26796,-0,-0,-0,-0,-0,-0
12.0452,0.713829,0.470512,-1.39028,1.59917,0.682627,-0.658479,-6.6192,0.97712,8.33074,-5.33232,2.31012,5.7546,-0,-0,-0,-0,-0,-0
12.0504,0.725636,0.460365,-1.40003,1.54118,0.712769,-0.674521,-7.41508,1.25686,7.46339,-5.18328,3.90816,6.14376,-0,-0,-0,-0,-0,-0
12.0552,0.761908,0.446432,-1.40584,1.50884,0.700425,-0.679054,-7.5451,1.4578,8.11756,-5.89536,2.96424,5.82912,-0,-0,-0,-0,-0,-0
12.0602,0.788241,0.430638,-1.39522,1.49914,0.647976,-0.689147,-7.0723,1.71784,6.37241,-6.53292,4.39668,6.30108,-0,-0,-0,-0,-0,-0
12.0653,0.827956,0.406482,-1.37651,1.50318,0.541831,-0.721605,-7.95092,1.71784,7.15825,-6.1272,4.0986,6.46668,-0,-0,-0,-0,-0,-0
12.0702,0.892849,0.389804,-1.36766,1.4803,0.479003,-0.67236,-7.95092,1.63116,7.37561,-5.35716,3.65148,4.91832,-0,-0,-0,-0,-0,-0
12.0752,0.940791,0.357824,-1.36893,1.41516,0.549588,-0.609576,-7.52146,2.17882,7.20214,-4.14828,1.97892,6.16032,-0,-0,-0,-0,-0,-0
12.0802,0.961225,0.335776,-1.35435,1.36834,0.640749,-0.535807,-6.76498,1.82028,6.95343,-5.99472,2.75724,4.57884,-0,-0,-0,-0,-0,-0
12.0852,0.976357,0.317974,-1.33521,1.3812,0.734715,-0.44002,-7.4269,1.4775,6.50199,-6.21828,1.81332,5.15844,-0,-0,-0,-0,-0,-0
12.0903,0.988686,0.302549,-1.318,1.37259,0.84358,-0.50564,-6.87924,1.48538,6.90745,-5.8788,2.45916,7.3692,-0,-0,-0,-0,-0,-0
12.0952,0.96887,0.28608,-1.30827,1.362,0.884168,-0.647582,-6.04002,1.72966,7.08092,-5.70492,2.83176,6.63228,-0,-0,-0,-0,-0,-0
12.1002,0.960615,0.268224,-1.29922,1.36622,0.910062,-0.662759,-7.2496,1.7336,7.06002,-6.03612,2.5668,5.03424,-0,-0,-0,-0,-0,-0
12.1051,0.99106,0.252942,-1.29259,1.36851,0.964567,-0.648312,-7.45054,1.76906,7.43413,-5.86224,1.9044,6.24312,-0,-0,-0,-0,-0,-0
12.1103,1.02097,0.235026,-1.28343,1.32947,0.960462,-0.698806,-7.1117,1.87544,6.84266,-4.74444,3.61008,6.51636,-0,-0,-0,-0,-0,-0
12.1156,1.07574,0.212898,-1.27548,1.25952,1.01481,-0.681541,-8.06912,1.72572,7.06629,-4.2642,1.1592,5.12532,-0,-0,-0,-0,-0,-0
12.1203,1.09429,0.201003,-1.26964,1.19761,1.02214,-0.676331,-6.35916,1.4775,7.34844,-4.07376,3.85848,6.5412,-0,-0,-0,-0,-0,-0
12.1252,1.08188,0.196438,-1.2661,1.13564,0.906592,-0.738501,-6.35916,1.4775,7.34844,-4.07376,3.85848,6.5412,-0,-0,-0,-0,-0,-0
12.1303,1.08331,0.176076,-1.27849,1.13035,0.796254,-0.800663,-7.02502,1.21352,7.49683,-5.55588,3.69288,6.59088,-0,-0,-0,-0,-0,-0
12.1354,1.0878,0.174718,-1.28021,1.16434,0.762724,-0.79783,-6.45766,1.182,7.36098,-6.22656,2.9394,5.61384,-0,-0,-0,-0,-0,-0
12.1402,1.08603,0.18014,-1.27702,1.20478,0.76776,-0.737601,-6.45766,1.182,7.36098,-6.22656,2.9394,5.61384,-0,-0,-0,-0,-0,-0
12.1453,1.14085,0.178137,-1.27875,1.21883,0.769169,-0.689388,-8.4907,1.19382,7.22513,-4.86036,2.79864,5.92848,-0,-0,-0,-0,-0,-0
12.1502,1.22215,0.187578,-1.26219,1.20533,0.823475,-0.673916,-7.73028,1.2214,6.44347,-5.6718,1.95408,6.32592,-0,-0,-0,-0,-0,-0
12.1554,1.33254,0.201125,-1.25904,1.22287,0.797914,-0.764362,-9.6924,0.85498,7.88557,-6.2928,4.33872,7.9074,-0,-0,-0,-0,-0,-0
12.1603,1.40244,0.226974,-1.26193,1.23952,0.79443,-0.832822,-6.98562,0.86286,7.106,-6.3756,1.68912,6.16032,-0,-0,-0,-0,-0,-0
12.1653,1.37661,0.261292,-1.2631,1.25209,0.837673,-0.828322,-6.00062,0.99682,7.65358,-5.8374,3.66804,6.75648,-0,-0,-0,-0,-0,-0
12.1703,1.34031,0.304435,-1.25362,1.24914,0.892808,-0.849886,-6.75316,1.15442,6.51244,-5.68836,1.1178,7.01316,-0,-0,-0,-0,-0,-0
12.1753,1.30257,0.348804,-1.23775,1.23915,0.914614,-0.788894,-5.84696,1.33566,6.73189,-5.45652,4.24764,5.0094,-0,-0,-0,-0,-0,-0
12.1802,1.28209,0.395933,-1.22597,1.22783,0.889028,-0.670646,-7.0132,1.97394,6.84684,-4.98456,2.26872,5.44824,-0,-0,-0,-0,-0,-0
12.1853,1.28742,0.434202,-1.2257,1.21035,0.971193,-0.690286,-7.00532,2.57282,7.25648,-5.20812,1.9872,7.35264,-0,-0,-0,-0,-0,-0
12.1903,1.28282,0.476197,-1.22191,1.17111,0.969736,-0.77222,-6.36704,3.08502,7.07047,-4.25592,3.58524,6.59088,-0,-0,-0,-0,-0,-0
12.1955,1.27921,0.507572,-1.21229,1.09606,0.84639,-0.774879,-6.61526,3.69966,6.2282,-3.42792,4.33044,6.01956,-0,-0,-0,-0,-0,-0
12.2004,1.2877,0.525052,-1.19941,1.03498,0.752851,-0.713512,-6.6389,4.70042,6.59604,-4.74444,3.19608,5.60556,-0,-0,-0,-0,-0,-0
12.2053,1.28513,0.526747,-1.18322,0.997637,0.644418,-0.63674,-5.99668,5.92576,6.06936,-3.99096,4.66164,5.59728,-0,-0,-0,-0,-0,-0
12.2105,1.28729,0.501651,-1.16021,0.949916,0.659672,-0.584436,-6.68618,7.33628,5.83319,-3.70116,1.06812,5.9202,-0,-0,-0,-0,-0,-0
12.2152,1.30605,0.451191,-1.14913,0.928386,0.720253,-0.575386,-6.61526,8.5695,6.36823,-4.58712,3.79224,6.2514,-0,-0,-0,-0,-0,-0
12.2202,1.35435,0.38936,-1.13719,0.931846,0.697773,-0.55708,-7.5057,9.0817,6.06309,-4.33044,2.75724,5.52276,-0,-0,-0,-0,-0,-0
12.2256,1.41861,0.319858,-1.12144,0.945129,0.780561,-0.593034,-7.32052,9.66876,6.12788,-4.8852,1.62288,6.9552,-0,-0,-0,-0,-0,-0
12.2303,1.45117,0.25688,-1.10387,0.944416,0.808756,-0.657902,-6.56798,10.5277,5.85827,-4.28076,3.69288,6.4998,-0,-0,-0,-0,-0,-0
12.2353,1.47786,0.182216,-1.08884,0.893234,0.800607,-0.715211,-7.04866,10.8902,6.16759,-2.55024,2.35152,7.27812,-0,-0,-0,-0,-0,-0
12.2403,1.51544,0.1041,-1.08795,0.846577,0.873115,-0.738218,-6.80832,11.2211,6.67546,-3.94128,2.1114,6.23484,-0,-0,-0,-0,-0,-0
12.2452,1.55062,0.0310229,-1.10304,0.857658,0.912709,-0.631218,-7.08412,11.3984,7.45085,-4.2642,2.84004,4.69476,-0,-0,-0,-0,-0,-0
12.2504,1.56355,-0.0431942,-1.12692,0.868717,1.00703,-0.572138,-6.03608,12.0209,7.25021,-4.13172,1.22544,7.11252,-0,-0,-0,-0,-0,-0
12.2554,1.55729,-0.0995362,-1.14164,0.864237,1.16312,-0.546527,-6.06366,12.1155,7.20423,-3.5604,1.01844,5.4648,-0,-0,-0,-0,-0,-0
12.2602,1.57907,-0.147236,-1.15159,0.895017,1.16249,-0.550056,-7.55692,12.8996,6.84684,-5.15016,3.9744,7.3692,-0,-0,-0,-0,-0,-0
12.2653,1.64084,-0.183448,-1.15119,0.93831,1.04151,-0.55075,-7.10382,12.8641,6.65038,-4.27248,3.13812,5.11704,-0,-0,-0,-0,-0,-0
12.2702,1.6816,-0.202009,-1.14186,0.938491,0.933223,-0.547329,-7.08806,12.8602,6.38495,-3.44448,3.71772,6.96348,-0,-0,-0,-0,-0,-0
12.2753,1.7094,-0.204768,-1.13951,0.945346,0.861457,-0.625087,-6.45372,12.6159,7.20632,-4.68648,2.59992,6.7482,-0,-0,-0,-0,-0,-0
12.2804,1.71692,-0.204971,-1.13586,0.946188,0.823034,-0.672474,-6.41432,13.2936,6.11116,-3.34512,3.28716,6.72336,-0,-0,-0,-0,-0,-0
12.2853,1.71522,-0.213663,-1.12739,0.917111,0.809163,-0.676652,-5.79968,13.7624,6.57514,-3.1464,2.45088,6.26796,-0,-0,-0,-0,-0,-0
12.2904,1.70451,-0.226554,-1.12123,0.85427,0.823269,-0.713287,-6.304,14.05,6.41212,-2.64132,2.65788,7.18704,-0,-0,-0,-0,-0,-0
12.2952,1.71726,-0.234186,-1.1094,0.791636,0.818707,-0.785426,-6.304,14.05,6.41212,-2.64132,2.65788,7.18704,-0,-0,-0,-0,-0,-0
12.3002,1.7296,-0.245183,-1.09428,0.78021,0.800071,-0.795997,-6.27642,14.1446,6.04428,-4.40496,2.7738,6.03612,-0,-0,-0,-0,-0,-0
12.3052,1.73108,-0.262638,-1.08218,0.765745,0.82099,-0.774546,-6.08336,14.4401,6.30553,-2.8152,2.09484,6.63228,-0,-0,-0,-0,-0,-0
12.3102,1.76886,-0.286514,-1.08695,0.711884,0.889515,-0.80839,-7.70664,14.6923,7.28574,-2.7738,1.91268,7.43544,-0,-0,-0,-0,-0,-0
12.3152,1.83171,-0.319637,-1.1075,0.692916,0.941263,-0.803444,-6.78862,15.3581,7.42368,-3.71772,2.1942,6.11892,-0,-0,-0,-0,-0,-0
12.3202,1.84351,-0.36246,-1.12844,0.697715,0.968368,-0.687237,-6.1464,15.6379,7.35053,-4.47948,2.45088,5.00112,-0,-0,-0,-0,-0,-0
12.3252,1.86266,-0.392133,-1.13057,0.735238,0.965847,-0.566921,-6.85954,14.7671,6.4163,-4.57884,2.26872,5.70492,-0,-0,-0,-0,-0,-0
12.3301,1.86867,-0.404346,-1.11453,0.703848,0.939218,-0.541132,-5.64996,14.05,5.85827,-1.76364,2.97252,6.2928,-0,-0,-0,-0,-0,-0
12.3352,1.88476,-0.398298,-1.09874,0.666157,0.94973,-0.603175,-7.20626,13.2581,6.57305,-3.99924,1.54008,7.56792,-0,-0,-0,-0,-0,-0
12.3402,1.90233,-0.376878,-1.08804,0.67944,0.931259,-0.60144,-5.9494,13.0099,6.53334,-3.8502,3.36996,5.10048,-0,-0,-0,-0,-0,-0
12.3451,1.88958,-0.366451,-1.0741,0.684106,0.83053,-0.550411,-5.88242,14.0343,6.05264,-3.54384,3.37824,6.27624,-0,-0,-0,-0,-0,-0
12.3502,1.9061,-0.365194,-1.07069,0.657238,0.79659,-0.56438,-7.35598,13.4275,7.03703,-2.6496,2.1942,6.73164,-0,-0,-0,-0,-0,-0
12.3555,1.9619,-0.359486,-1.06023,0.631182,0.751188,-0.559244,-7.02108,14.0225,5.89589,-3.1878,3.52728,6.05268,-0,-0,-0,-0,-0,-0
12.3602,2.00607,-0.36273,-1.04968,0.646751,0.708056,-0.546143,-6.9541,13.5418,6.24701,-3.77568,2.58336,6.7068,-0,-0,-0,-0,-0,-0
12.3652,2.04624,-0.353022,-1.03538,0.679259,0.73397,-0.555875,-7.09988,12.6632,5.63882,-3.92472,2.31012,6.68196,-0,-0,-0,-0,-0,-0
12.3702,2.07068,-0.323759,-1.00341,0.685551,0.739013,-0.624867,-5.99274,12.2101,5.20619,-2.7324,2.59164,7.65072,-0,-0,-0,-0,-0,-0
12.3754,2.04853,-0.311462,-0.981438,0.656752,0.780453,-0.672589,-5.41356,13.4945,5.83319,-2.36808,1.8216,6.21828,-0,-0,-0,-0,-0,-0
12.3802,2.02191,-0.314132,-0.978434,0.67027,0.908553,-0.63297,-5.48842,13.2699,6.27209,-4.16484,1.01016,5.92848,-0,-0,-0,-0,-0,-0
12.3853,2.00539,-0.332016,-0.979135,0.729326,0.963513,-0.544511,-5.96516,14.8223,6.10071,-4.81068,3.12156,5.48136,-0,-0,-0,-0,-0,-0
12.3902,1.99571,-0.363763,-0.9673,0.738924,0.958346,-0.47183,-5.61844,14.8893,5.40265,-2.4012,2.06172,5.68836,-0,-0,-0,-0,-0,-0
12.3954,2.00959,-0.394819,-0.943437,0.705564,1.00797,-0.428374,-6.91864,14.0579,4.77774,-2.95596,2.04516,5.8374,-0,-0,-0,-0,-0,-0
12.4001,2.04649,-0.399924,-0.922668,0.716136,1.00112,-0.400063,-6.35522,12.7144,5.51342,-3.95784,2.9394,6.09408,-0,-0,-0,-0,-0,-0
12.4053,2.05902,-0.390463,-0.911117,0.731454,0.972244,-0.390235,-5.70118,12.872,5.75168,-3.25404,2.36808,6.20172,-0,-0,-0,-0,-0,-0
12.4102,2.05115,-0.382334,-0.90995,0.750009,1.04816,-0.336422,-5.59874,12.5371,6.05264,-3.79224,0.86112,5.23296,-0,-0,-0,-0,-0,-0
12.4152,2.04995,-0.380911,-0.90716,0.749057,1.11549,-0.256947,-5.74846,13.4354,5.54477,-2.8152,2.53368,5.64696,-0,-0,-0,-0,-0,-0
12.4203,2.06567,-0.390526,-0.899722,0.72002,1.08034,-0.229544,-5.74846,13.4354,5.54477,-2.8152,2.53368,5.64696,-0,-0,-0,-0,-0,-0
12.4253,2.04433,-0.400933,-0.898849,0.694929,1.06754,-0.24324,-4.28278,13.2029,5.88335,-2.90628,1.89612,6.05268,-0,-0,-0,-0,-0,-0
12.4303,1.99396,-0.393408,-0.887055,0.642844,1.0176,-0.27218,-4.78316,11.82,4.82372,-1.7802,3.2706,5.9616,-0,-0,-0,-0,-0,-0
12.4353,1.9723,-0.368203,-0.86149,0.566321,0.907787,-0.284827,-4.78316,11.82,4.82372,-1.7802,3.2706,5.9616,-0,-0,-0,-0,-0,-0
12.4407,1.94455,-0.347664,-0.840571,0.523662,0.839352,-0.278456,-4.6295,12.2849,5.19574,-2.94768,2.53368,5.7546,-0,-0,-0,-0,-0,-0
12.4453,1.9732,-0.353861,-0.83733,0.486283,0.866644,-0.369283,-6.97774,13.5457,5.59284,-1.449,1.63116,7.659,-0,-0,-0,-0,-0,-0
12.4503,2.06466,-0.370428,-0.838313,0.41517,0.950512,-0.517888,-6.97774,13.5457,5.59284,-1.449,1.63116,7.659,-0,-0,-0,-0,-0,-0
12.4553,2.14197,-0.398666,-0.833295,0.362567,0.957595,-0.62293,-6.90682,14.6489,5.07243,-1.8216,3.12156,7.59276,-0,-0,-0,-0,-0,-0
12.4602,2.20981,-0.419717,-0.828187,0.369297,0.93742,-0.617969,-6.98168,13.0335,5.79139,-2.92284,2.09484,5.77944,-0,-0,-0,-0,-0,-0
12.4654,2.28621,-0.419379,-0.830902,0.398082,0.973607,-0.515934,-6.98168,13.0335,5.79139,-2.92284,2.09484,5.77944,-0,-0,-0,-0,-0,-0
12.4703,2.35173,-0.417364,-0.833379,0.420771,1.00761,-0.427621,-6.98168,13.0335,5.79139,-2.92284,2.09484,5.77944,-0,-0,-0,-0,-0,-0
12.4753,2.37869,-0.423265,-0.83997,0.407567,1.073,-0.407376,-5.70118,13.7782,6.09653,-1.64772,1.39104,6.90552,-0,-0,-0,-0,-0,-0
12.4803,2.3582,-0.431556,-0.838808,0.376152,1.13495,-0.464419,-5.37416,13.6127,5.42982,-2.3184,2.0286,7.18704,-0,-0,-0,-0,-0,-0
12.4852,2.34042,-0.445817,-0.834937,0.339073,1.20708,-0.459989,-5.74846,14.4401,5.99412,-1.1178,0.84456,5.95332,-0,-0,-0,-0,-0,-0
12.4904,2.33939,-0.460079,-0.830866,0.266797,1.31635,-0.409143,-5.74846,14.4401,5.99412,-1.1178,0.84456,5.95332,-0,-0,-0,-0,-0,-0
12.4953,2.33727,-0.461963,-0.82303,0.22755,1.36993,-0.444437,-6.04002,13.3881,5.83528,-2.07828,1.449,7.31952,-0,-0,-0,-0,-0,-0
12.5002,2.36824,-0.473657,-0.829179,0.221725,1.36894,-0.485161,-6.42614,14.5307,6.36614,-1.863,2.08656,6.49152,-0,-0,-0,-0,-0,-0
12.5053,2.41798,-0.493758,-0.838479,0.212799,1.33351,-0.470349,-6.42614,14.5307,6.36614,-1.863,2.08656,6.49152,-0,-0,-0,-0,-0,-0
12.5103,2.43533,-0.513931,-0.829962,0.233625,1.1989,-0.422964,-5.65784,14.4204,5.01391,-3.03876,4.2228,5.93676,-0,-0,-0,-0,-0,-0
12.5153,2.44223,-0.53157,-0.806367,0.27538,0.96567,-0.362587,-5.65784,14.4204,5.01391,-3.03876,4.2228,5.93676,-0,-0,-0,-0,-0,-0
12.5203,2.46008,-0.546012,-0.794149,0.279319,0.859772,-0.33818,-6.2646,13.9791,5.73287,-1.79676,2.07,6.35904,-0,-0,-0,-0,-0,-0
12.5253,2.44997,-0.552434,-0.788023,0.257363,0.879995,-0.37166,-5.16928,13.5103,5.38593,-1.99548,1.97892,6.7482,-0,-0,-0,-0,-0,-0
12.5303,2.42934,-0.551506,-0.776621,0.244871,0.901501,-0.429546,-5.16928,13.5103,5.38593,-1.99548,1.97892,6.7482,-0,-0,-0,-0,-0,-0
12.5353,2.41429,-0.550052,-0.763596,0.227176,0.887291,-0.534202,-5.5554,13.2502,5.19574,-1.52352,2.62476,7.68384,-0,-0,-0,-0,-0,-0
12.5402,2.42035,-0.550187,-0.753882,0.198733,0.85938,-0.652732,-5.5554,13.2502,5.19574,-1.52352,2.62476,7.68384,-0,-0,-0,-0,-0,-0
12.5453,2.41197,-0.568559,-0.753567,0.203964,0.941627,-0.683027,-5.17322,14.6056,5.67435,-2.79864,0.7452,6.31764,-0,-0,-0,-0,-0,-0
12.5503,2.42656,-0.590587,-0.765365,0.208039,1.05899,-0.655155,-6.21732,13.4906,6.12579,-1.25856,1.68084,6.67368,-0,-0,-0,-0,-0,-0
12.5552,2.46936,-0.598236,-0.782086,0.175412,1.11143,-0.639279,-6.21732,13.4906,6.12579,-1.25856,1.68084,6.67368,-0,-0,-0,-0,-0,-0
12.5601,2.49558,-0.605463,-0.785505,0.144078,1.13202,-0.577894,-5.90606,13.4906,5.06198,-1.21716,2.11968,5.73804,-0,-0,-0,-0,-0,-0
12.5652,2.4791,-0.611378,-0.780107,0.0968618,1.2019,-0.499502,-4.65708,13.6048,5.5594,-0.5796,0.63756,6.21828,-0,-0,-0,-0,-0,-0
12.5702,2.47673,-0.616702,-0.781061,0.062383,1.26155,-0.549304,-6.16216,13.2542,5.41728,-1.42416,2.13624,7.84116,-0,-0,-0,-0,-0,-0
12.5753,2.49014,-0.604908,-0.779385,0.0459173,1.24541,-0.646617,-5.36234,12.0997,5.45072,-1.16748,1.87956,7.2864,-0,-0,-0,-0,-0,-0
12.5804,2.49631,-0.58131,-0.778153,0.0247929,1.23716,-0.692378,-5.36234,12.0997,5.45072,-1.16748,1.87956,7.2864,-0,-0,-0,-0,-0,-0
12.5856,2.50256,-0.571093,-0.766414,0.00866298,1.25978,-0.734057,-5.4766,13.2739,4.63144,-1.3248,1.34964,7.47684,-0,-0,-0,-0,-0,-0
12.5903,2.51208,-0.5756,-0.749328,-0.00411117,1.30775,-0.773789,-5.4766,13.2739,4.63144,-1.3248,1.34964,7.47684,-0,-0,-0,-0,-0,-0
12.5953,2.5122,-0.568955,-0.742063,-0.037715,1.38017,-0.744848,-5.57116,11.8318,5.33159,-0.59616,1.00188,6.11064,-0,-0,-0,-0,-0,-0
12.6003,2.51716,-0.555403,-0.743252,-0.0903426,1.38246,-0.721119,-5.27566,12.608,5.25217,-0.4968,2.47572,7.34436,-0,-0,-0,-0,-0,-0
12.6051,2.52274,-0.55215,-0.746226,-0.137922,1.32283,-0.770811,-5.27566,12.608,5.25217,-0.4968,2.47572,7.34436,-0,-0,-0,-0,-0,-0
12.6102,2.56016,-0.553044,-0.753788,-0.18027,1.40034,-0.737774,-6.67042,12.8641,5.52178,-0.75348,-0.01656,5.53104,-0,-0,-0,-0,-0,-0
12.6152,2.57981,-0.547576,-0.753199,-0.22601,1.51306,-0.645671,-4.94076,11.8909,4.54575,-0.2484,1.58976,5.96988,-0,-0,-0,-0,-0,-0
12.6202,2.56505,-0.529001,-0.737976,-0.28187,1.51732,-0.571576,-4.94076,11.8909,4.54575,-0.2484,1.58976,5.96988,-0,-0,-0,-0,-0,-0
12.6253,2.53697,-0.514383,-0.713541,-0.358717,1.42486,-0.527661,-4.63344,12.4031,3.95428,0.63756,3.24576,6.52464,-0,-0,-0,-0,-0,-0
12.6304,2.51732,-0.492279,-0.69887,-0.499595,1.33198,-0.554186,-5.19292,11.0872,5.23127,2.45088,1.85472,7.51824,-0,-0,-0,-0,-0,-0
12.6354,2.5166,-0.4557,-0.700009,-0.676912,1.31962,-0.628342,-5.19292,11.0872,5.23127,2.45088,1.85472,7.51824,-0,-0,-0,-0,-0,-0
12.6402,2.52701,-0.424116,-0.701809,-0.865982,1.29544,-0.775799,-6.2252,11.3433,5.32741,3.58524,2.4012,9.18252,-0,-0,-0,-0,-0,-0
12.6452,2.57491,-0.38917,-0.701563,-1.07604,1.23825,-0.97116,-6.2252,11.3433,5.32741,3.58524,2.4012,9.18252,-0,-0,-0,-0,-0,-0
12.6503,2.58773,-0.373228,-0.693493,-1.24633,1.20901,-1.06611,-5.1417,13.3921,4.88015,3.33684,1.99548,7.81632,-0,-0,-0,-0,-0,-0
12.6553,2.579,-0.385368,-0.686394,-1.29951,1.20836,-1.06603,-5.1417,13.3921,4.88015,3.33684,1.99548,7.81632,-0,-0,-0,-0,-0,-0
12.6604,2.57677,-0.392561,-0.681022,-1.23156,1.26887,-1.01322,-5.74058,12.3874,4.7443,3.15468,1.01844,6.92208,-0,-0,-0,-0,-0,-0
12.6654,2.60068,-0.386866,-0.673785,-1.12112,1.35786,-0.949627,-5.74058,12.3874,4.7443,3.15468,1.01844,6.92208,-0,-0,-0,-0,-0,-0
12.6705,2.59912,-0.374591,-0.662081,-1.01975,1.38682,-0.855775,-5.16928,11.7648,4.43289,3.55212,2.11968,5.82084,-0,-0,-0,-0,-0,-0
12.6753,2.59453,-0.355736,-0.64746,-0.935825,1.33811,-0.719185,-5.16928,11.7648,4.43289,3.55212,2.11968,5.82084,-0,-0,-0,-0,-0,-0
12.6803,2.58302,-0.339143,-0.629015,-0.881608,1.27406,-0.622103,-5.28354,12.0091,4.18,4.6782,2.43432,6.48324,-0,-0,-0,-0,-0,-0
12.6852,2.57287,-0.325481,-0.610087,-0.822574,1.30223,-0.628459,-4.65314,11.9973,4.32003,3.312,0.2898,7.40232,-0,-0,-0,-0,-0,-0
12.6902,2.56146,-0.314073,-0.595171,-0.732504,1.43354,-0.689979,-4.65314,11.9973,4.32003,3.312,0.2898,7.40232,-0,-0,-0,-0,-0,-0
12.6953,2.56661,-0.316988,-0.58773,-0.642901,1.43933,-0.699685,-5.40962,13.2029,4.81745,3.105,2.74068,6.35904,-0,-0,-0,-0,-0,-0
12.7004,2.59613,-0.329113,-0.591459,-0.549311,1.34178,-0.679167,-5.50024,12.675,4.97211,3.12984,2.17764,6.73992,-0,-0,-0,-0,-0,-0
12.7053,2.63378,-0.33895,-0.600853,-0.47013,1.27849,-0.673032,-5.50024,12.675,4.97211,3.12984,2.17764,6.73992,-0,-0,-0,-0,-0,-0
12.7102,2.66238,-0.365083,-0.605823,-0.411901,1.25253,-0.596029,-5.4372,14.1485,4.49141,3.69288,1.70568,5.30748,-0,-0,-0,-0,-0,-0
12.7153,2.70403,-0.385618,-0.6106,-0.374166,1.19602,-0.605025,-6.14246,12.1037,5.03481,3.91644,2.95596,7.85772,-0,-0,-0,-0,-0,-0
12.7202,2.76891,-0.378228,-0.617655,-0.336151,1.06026,-0.722535,-6.14246,12.1037,5.03481,3.91644,2.95596,7.85772,-0,-0,-0,-0,-0,-0
12.7252,2.797,-0.36807,-0.616297,-0.322552,0.990025,-0.809602,-4.99592,12.2101,4.59382,4.94316,1.6974,7.55964,-0,-0,-0,-0,-0,-0
12.7304,2.80436,-0.354694,-0.605832,-0.321091,0.980781,-0.847773,-4.99592,12.2101,4.59382,4.94316,1.6974,7.55964,-0,-0,-0,-0,-0,-0
12.7352,2.78778,-0.350859,-0.59662,-0.284634,0.961246,-0.804242,-4.3537,13.2069,4.76938,3.75084,2.1114,6.31764,-0,-0,-0,-0,-0,-0
12.7402,2.76158,-0.361286,-0.586368,-0.259174,0.986486,-0.712267,-4.48766,12.7223,3.87068,5.28264,1.1178,6.39216,-0,-0,-0,-0,-0,-0
12.7452,2.74549,-0.356015,-0.569596,-0.253785,1.00317,-0.666251,-4.32218,12.0328,4.44543,4.23936,2.09484,7.038,-0,-0,-0,-0,-0,-0
12.7503,2.72298,-0.347507,-0.564488,-0.225068,0.972074,-0.680624,-4.32218,12.0328,4.44543,4.23936,2.09484,7.038,-0,-0,-0,-0,-0,-0
12.7553,2.68139,-0.35194,-0.561967,-0.205032,0.958077,-0.711065,-3.9006,13.0611,4.45797,4.41324,1.97064,7.06284,-0,-0,-0,-0,-0,-0
12.7604,2.62347,-0.362954,-0.553759,-0.146914,1.02484,-0.748054,-3.5066,12.7932,4.14656,2.79036,0.52992,7.31952,-0,-0,-0,-0,-0,-0
12.7653,2.57645,-0.376447,-0.548231,-0.0504052,1.15453,-0.778422,-3.5066,12.7932,4.14656,2.79036,0.52992,7.31952,-0,-0,-0,-0,-0,-0
12.7703,2.54849,-0.390972,-0.536453,0.0109097,1.25424,-0.790607,-4.5113,12.5922,3.46104,4.04064,1.25856,7.13736,-0,-0,-0,-0,-0,-0
12.7755,2.55964,-0.403716,-0.515681,0.0510069,1.29046,-0.794121,-4.5113,12.5922,3.46104,4.04064,1.25856,7.13736,-0,-0,-0,-0,-0,-0
12.7802,2.59599,-0.415354,-0.504136,0.0512911,1.28997,-0.810782,-5.90212,12.6474,4.10894,5.66352,1.89612,7.37748,-0,-0,-0,-0,-0,-0
12.7852,2.63855,-0.432292,-0.490683,0.0290181,1.29456,-0.83108,-4.9053,13.8885,3.8247,4.72788,0.96048,7.11252,-0,-0,-0,-0,-0,-0
12.7903,2.65821,-0.437435,-0.470177,0.00411144,1.28831,-0.791152,-4.83832,11.9343,3.762,5.24952,2.01204,6.40872,-0,-0,-0,-0,-0,-0
12.7953,2.68386,-0.425343,-0.452748,-0.0254599,1.22311,-0.719514,-4.83832,11.9343,3.762,5.24952,2.01204,6.40872,-0,-0,-0,-0,-0,-0
12.8003,2.71028,-0.427199,-0.442257,-0.0363493,1.21727,-0.648789,-5.20868,13.1123,4.16119,4.58712,1.09296,6.25968,-0,-0,-0,-0,-0,-0
12.8054,2.75186,-0.442519,-0.439576,-0.0297238,1.2569,-0.583107,-5.20868,13.1123,4.16119,4.58712,1.09296,6.25968,-0,-0,-0,-0,-0,-0
12.8105,2.74931,-0.457507,-0.440743,-0.0506397,1.31001,-0.602855,-4.0385,12.9823,4.37019,5.57244,1.08468,7.68384,-0,-0,-0,-0,-0,-0
12.8154,2.72,-0.458904,-0.436309,-0.0728307,1.3444,-0.675785,-3.8218,11.8082,3.74946,4.53744,1.0764,7.31952,-0,-0,-0,-0,-0,-0
12.8203,2.69698,-0.445658,-0.42216,-0.0686314,1.35813,-0.717997,-3.8218,11.8082,3.74946,4.53744,1.0764,7.31952,-0,-0,-0,-0,-0,-0
12.8253,2.68273,-0.445995,-0.410482,-0.0794565,1.3331,-0.696422,-4.48372,13.2896,4.07132,5.03424,1.96236,6.21828,-0,-0,-0,-0,-0,-0
12.8305,2.7012,-0.464656,-0.405937,-0.0928394,1.24882,-0.610279,-4.48372,13.2896,4.07132,5.03424,1.96236,6.21828,-0,-0,-0,-0,-0,-0
12.8355,2.71195,-0.489734,-0.405395,-0.128814,1.26308,-0.641503,-4.4325,13.8491,4.26569,6.06924,0.33948,8.42076,-0,-0,-0,-0,-0,-0
12.8404,2.71534,-0.510504,-0.411165,-0.153226,1.34436,-0.749033,-4.44038,12.7144,4.4935,4.3884,0.72036,7.85772,-0,-0,-0,-0,-0,-0
12.8453,2.73334,-0.521032,-0.421519,-0.135444,1.39519,-0.822286,-4.44038,12.7144,4.4935,4.3884,0.72036,7.85772,-0,-0,-0,-0,-0,-0
12.8507,2.78043,-0.531465,-0.426988,-0.184179,1.43385,-0.803725,-5.59874,12.5804,4.0337,6.831,1.10124,6.1686,-0,-0,-0,-0,-0,-0
12.8552,2.81662,-0.526938,-0.419668,-0.216373,1.35908,-0.727446,-4.73982,11.8121,3.73483,4.24764,2.78208,6.20172,-0,-0,-0,-0,-0,-0
12.8602,2.81347,-0.516542,-0.415116,-0.192339,1.27311,-0.6688,-3.97152,11.8555,4.21762,4.41324,1.16748,6.57432,-0,-0,-0,-0,-0,-0
12.8653,2.79969,-0.507251,-0.418083,-0.164716,1.26567,-0.636528,-3.97152,11.8555,4.21762,4.41324,1.16748,6.57432,-0,-0,-0,-0,-0,-0
12.8702,2.79763,-0.499624,-0.417126,-0.144716,1.26734,-0.637968,-4.78316,11.9067,3.88322,4.69476,1.35792,7.10424,-0,-0,-0,-0,-0,-0
12.8752,2.82572,-0.49166,-0.412226,-0.130282,1.24447,-0.686177,-4.78316,11.9067,3.88322,4.69476,1.35792,7.10424,-0,-0,-0,-0,-0,-0
12.8803,2.82859,-0.480611,-0.402667,-0.145167,1.27972,-0.717992,-4.0385,11.6663,3.54882,5.81256,0.34776,6.57432,-0,-0,-0,-0,-0,-0
12.8855,2.8023,-0.463039,-0.390054,-0.172858,1.34173,-0.702831,-3.81786,11.2684,3.67631,5.0922,0.96048,6.47496,-0,-0,-0,-0,-0,-0
12.8905,2.78952,-0.44535,-0.382708,-0.178511,1.35128,-0.67892,-3.81786,11.2684,3.67631,5.0922,0.96048,6.47496,-0,-0,-0,-0,-0,-0
12.8956,2.78542,-0.425902,-0.375326,-0.206372,1.40905,-0.601961,-4.2158,10.9374,3.58017,5.95332,0.07452,5.43996,-0,-0,-0,-0,-0,-0
12.9002,2.78392,-0.400836,-0.369531,-0.234938,1.48935,-0.480907,-4.2355,10.5356,3.75573,5.27436,0.4554,5.0922,-0,-0,-0,-0,-0,-0
12.9052,2.79488,-0.372465,-0.368068,-0.250684,1.53597,-0.338809,-4.2355,10.5356,3.75573,5.27436,0.4554,5.0922,-0,-0,-0,-0,-0,-0
12.9105,2.78516,-0.347816,-0.362432,-0.213787,1.64614,-0.208753,-3.62086,10.8783,3.37953,3.13812,-0.67896,5.2578,-0,-0,-0,-0,-0,-0
12.9154,2.7559,-0.338695,-0.355209,-0.186321,1.76163,-0.190145,-3.41598,11.6348,3.51956,5.03424,0.09936,6.7896,-0,-0,-0,-0,-0,-0
12.9202,2.76849,-0.324337,-0.351598,-0.193941,1.76236,-0.169685,-5.15352,10.311,3.64705,4.58712,1.29996,5.10876,-0,-0,-0,-0,-0,-0
12.9256,2.79076,-0.285117,-0.352973,-0.16748,1.74573,-0.0906903,-3.55782,9.3575,3.89785,3.6432,0.19872,5.63868,-0,-0,-0,-0,-0,-0
12.9304,2.78422,-0.263261,-0.349392,-0.131338,1.73317,-0.0685729,-4.10942,11.556,3.23114,3.27888,1.1592,5.97816,-0,-0,-0,-0,-0,-0
12.9355,2.78487,-0.27299,-0.340197,-0.137206,1.68886,-0.10219,-3.7233,12.1707,3.30847,5.19984,0.83628,6.30936,-0,-0,-0,-0,-0,-0
12.9403,2.77334,-0.277068,-0.327637,-0.264649,1.67171,-0.228207,-3.546,11.1305,2.98661,8.55324,0.67068,7.71696,-0,-0,-0,-0,-0,-0
12.9453,2.76887,-0.307911,-0.31571,-0.418946,1.67966,-0.465759,-3.85332,14.3061,2.97616,7.10424,0.52992,8.59464,-0,-0,-0,-0,-0,-0
12.9503,2.78753,-0.336812,-0.306882,-0.469498,1.68003,-0.652701,-4.35764,11.4181,3.35236,5.8374,0.81144,7.65072,-0,-0,-0,-0,-0,-0
12.9552,2.8014,-0.343867,-0.312398,-0.457075,1.68075,-0.696697,-3.85332,12.2179,4.01071,4.99284,0.57132,6.6654,-0,-0,-0,-0,-0,-0
12.9602,2.78258,-0.343722,-0.320948,-0.42584,1.73245,-0.70374,-3.11654,11.2566,3.84142,5.12532,-0.47196,7.13736,-0,-0,-0,-0,-0,-0
12.9652,2.77469,-0.346847,-0.323682,-0.447867,1.77336,-0.729722,-4.14882,12.7301,3.66168,7.11252,0.57132,6.88896,-0,-0,-0,-0,-0,-0
12.9704,2.78778,-0.363501,-0.325598,-0.502444,1.76849,-0.779805,-3.94,12.2061,3.553,6.65712,0.56304,7.66728,-0,-0,-0,-0,-0,-0
12.9753,2.77818,-0.371682,-0.321655,-0.502579,1.7154,-0.745657,-3.21504,12.5134,3.48612,5.48964,1.22544,5.5062,-0,-0,-0,-0,-0,-0
12.9803,2.7556,-0.381662,-0.308852,-0.509258,1.68643,-0.712462,-3.40022,12.2455,2.78388,6.8724,0.207,7.4934,-0,-0,-0,-0,-0,-0
12.9853,2.76882,-0.398354,-0.292274,-0.506053,1.73649,-0.738601,-4.2946,13.132,3.1141,5.63868,-0.3726,6.69024,-0,-0,-0,-0,-0,-0
12.9903,2.78518,-0.410954,-0.281832,-0.477627,1.74753,-0.729422,-3.75088,12.0406,3.32519,5.87052,0.83628,6.71508,-0,-0,-0,-0,-0,-0
12.9953,2.80717,-0.422329,-0.27609,-0.435999,1.66399,-0.745338,-4.2946,12.7971,3.30429,4.5954,1.449,7.15392,-0,-0,-0,-0,-0,-0
13.0005,2.8479,-0.439251,-0.270766,-0.399751,1.59161,-0.79832,-4.71224,13.0611,3.63869,5.48964,0.58788,7.02144,0,0,0,0,0,0
13.0054,2.90392,-0.458603,-0.271592,-0.391045,1.55345,-0.818653,-4.71224,13.0611,3.63869,5.48964,0.58788,7.02144,0,0,0,0,0,0
13.0103,2.92269,-0.467076,-0.272251,-0.398888,1.52534,-0.812438,-3.53418,11.9264,3.59062,5.92848,0.63756,6.77304,0,0,0,0,0,0
13.0155,2.90682,-0.467391,-0.277702,-0.424193,1.43489,-0.787033,-3.52236,11.7806,3.70139,6.2514,2.04516,6.93036,0,0,0,0,0,0
13.0203,2.8833,-0.46628,-0.286539,-0.391535,1.3643,-0.815718,-2.93924,11.6703,3.7829,4.52088,0.38088,7.9902,0,0,0,0,0,0
13.0252,2.83558,-0.473667,-0.296676,-0.344025,1.39289,-0.771401,-2.52948,12.5292,3.72647,4.95972,0.2898,5.382,0,0,0,0,0,0
13.0302,2.78798,-0.471114,-0.301342,-0.329128,1.43079,-0.724174,-2.8959,11.1344,3.61361,5.4648,0.10764,7.60932,0,0,0,0,0,0
13.0353,2.77741,-0.476468,-0.307336,-0.346184,1.4971,-0.71935,-3.67996,12.8877,3.57808,6.05268,-0.23184,6.0858,0,0,0,0,0,0
13.0402,2.78091,-0.497184,-0.312131,-0.347878,1.51465,-0.663867,-3.41992,12.9035,3.67422,4.75272,0.73692,6.30108,0,0,0,0,0,0
13.0452,2.76036,-0.510227,-0.31886,-0.315049,1.44081,-0.634448,-2.6989,12.2179,3.79335,4.48776,1.37448,6.3342,0,0,0,0,0,0
13.0507,2.71929,-0.526584,-0.328815,-0.322998,1.33019,-0.644604,-2.71072,13.0296,3.79753,6.14376,1.31652,6.88896,0,0,0,0,0,0
13.0552,2.70983,-0.533793,-0.33567,-0.350872,1.33426,-0.677103,-3.45144,11.2645,3.48403,5.77944,-0.40572,6.93036,0,0,0,0,0,0
13.0603,2.71679,-0.53349,-0.331662,-0.37523,1.34584,-0.776939,-3.32142,12.4386,2.97616,6.10236,1.01844,7.94052,0,0,0,0,0,0
13.0655,2.6882,-0.524246,-0.310994,-0.423417,1.27951,-0.875505,-2.23004,11.0478,2.46411,7.09596,1.035,7.18704,0,0,0,0,0,0
13.0703,2.66504,-0.510479,-0.284893,-0.473302,1.23908,-0.894531,-3.34112,11.5836,2.01685,7.21188,0.5382,7.038,0,0,0,0,0,0
13.0752,2.66935,-0.496823,-0.245973,-0.505351,1.2178,-0.851298,-3.22292,11.0872,1.16204,6.31764,0.828,6.35904,0,0,0,0,0,0
13.0802,2.67813,-0.469128,-0.191123,-0.534376,1.28019,-0.780749,-3.45144,10.6459,0.58729,6.92208,-1.2834,6.40872,0,0,0,0,0,0
13.0852,2.6814,-0.447165,-0.142679,-0.534005,1.37198,-0.752489,-3.20716,11.1147,0.6688,5.589,0.31464,6.47496,0,0,0,0,0,0
13.0903,2.71138,-0.438163,-0.109034,-0.491473,1.43356,-0.747427,-4.35764,11.7688,0.62491,5.44824,-0.71208,6.69024,0,0,0,0,0,0
13.0952,2.73126,-0.421843,-0.0887587,-0.425514,1.48917,-0.693978,-2.93924,10.6104,0.47025,4.16484,0.0414,5.2164,0,0,0,0,0,0
13.1003,2.7277,-0.411461,-0.0822396,-0.369504,1.49024,-0.717521,-3.25838,11.9737,0.209,5.86224,0.28152,7.87428,0,0,0,0,0,0
13.1052,2.73078,-0.407566,-0.087,-0.373503,1.4876,-0.745122,-3.2505,11.1187,0.36575,6.624,0.01656,5.60556,0,0,0,0,0,0
13.1102,2.73186,-0.393799,-0.0978801,-0.394879,1.51203,-0.742291,-3.1914,10.7995,0.09196,6.40872,-0.14904,7.245,0,0,0,0,0,0
13.1152,2.71862,-0.395759,-0.113877,-0.375843,1.56272,-0.805986,-2.37582,11.9027,0.09614,5.27436,-0.50508,7.08768,0,0,0,0,0,0
13.1204,2.67601,-0.39219,-0.124411,-0.356987,1.54836,-0.834526,-2.14336,10.9532,-0.04598,6.3756,0.81144,6.76476,0,0,0,0,0,0
13.1255,2.65401,-0.394862,-0.137426,-0.32419,1.57526,-0.852664,-2.95106,11.9146,-0.05434,5.07564,-1.27512,7.0794,0,0,0,0,0,0
13.1303,2.66149,-0.402662,-0.146796,-0.270096,1.68514,-0.875805,-2.95106,11.9146,-0.05434,5.07564,-1.27512,7.0794,0,0,0,0,0,0
13.1353,2.65173,-0.402623,-0.156036,-0.246909,1.87362,-0.852263,-2.5807,11.4339,0.15257,6.02784,-2.5668,6.2514,0,0,0,0,0,0
13.1403,2.64103,-0.401737,-0.171458,-0.252334,2.09778,-0.795072,-2.5807,11.4339,0.15257,6.02784,-2.5668,6.2514,0,0,0,0,0,0
13.1454,2.62911,-0.404887,-0.177851,-0.286333,2.26744,-0.875724,-2.9156,11.7176,-0.61028,6.9966,-1.38276,8.8182,0,0,0,0,0,0
13.1503,2.65578,-0.424807,-0.177759,-0.344626,2.29812,-1.03041,-3.84938,13.2739,-0.30723,7.35264,-0.56304,7.89084,0,0,0,0,0,0
13.1553,2.70751,-0.460399,-0.182397,-0.413071,2.26214,-1.11753,-3.84938,13.2739,-0.30723,7.35264,-0.56304,7.89084,0,0,0,0,0,0
13.1603,2.72339,-0.481219,-0.19266,-0.430486,2.19683,-1.16622,-2.8565,11.9343,0.19019,5.24952,0.25668,7.50996,0,0,0,0,0,0
13.1652,2.70815,-0.48471,-0.203002,-0.395605,2.09983,-1.11419,-2.58858,11.8476,-0.15675,5.89536,-0.05796,6.47496,0,0,0,0,0,0
13.1703,2.68921,-0.485907,-0.217674,-0.323896,2.03399,-0.998947,-2.86044,11.7491,0.54758,4.04064,-0.17388,5.97816,0,0,0,0,0,0
13.1754,2.71254,-0.503901,-0.241916,-0.264286,2.05854,-0.933931,-3.75088,13.3448,0.46398,6.07752,-1.73052,7.17876,0,0,0,0,0,0
13.1802,2.72546,-0.519184,-0.250427,-0.281832,2.11463,-0.910624,-2.53736,11.8161,-0.45353,6.73164,-0.90252,6.60744,0,0,0,0,0,0
13.1854,2.7373,-0.528403,-0.259925,-0.288659,2.12615,-0.877438,-3.4869,12.3952,0.34903,5.9616,-0.92736,6.64884,0,0,0,0,0,0
13.1906,2.75622,-0.539758,-0.267488,-0.274497,2.11804,-0.84982,-2.81316,12.1588,-0.53713,5.87052,-0.6624,6.55776,0,0,0,0,0,0
13.1954,2.76491,-0.536478,-0.271361,-0.258399,2.08128,-0.834493,-3.14412,11.166,0.23199,5.63868,-0.44712,6.48324,0,0,0,0,0,0
13.2003,2.77467,-0.525762,-0.269829,-0.258127,2.03845,-0.804342,-2.95106,11.6388,-0.82137,6.16032,-0.61272,5.86224,0,0,0,0,0,0
13.2053,2.78014,-0.535736,-0.262716,-0.29471,2.00692,-0.744799,-2.81316,12.7617,-0.48697,7.17048,-0.58788,5.7546,0,0,0,0,0,0
13.2103,2.76508,-0.552945,-0.26036,-0.336555,1.98313,-0.751065,-2.27338,11.8752,-0.77748,6.78132,-0.5796,7.0794,0,0,0,0,0,0
13.2153,2.75444,-0.56396,-0.264621,-0.360039,2.00795,-0.867219,-3.01804,12.3755,0.12331,6.59088,-1.46556,7.88256,0,0,0,0,0,0
13.2203,2.74799,-0.56779,-0.276217,-0.380556,2.09083,-0.94926,-2.30096,11.2645,-0.19646,6.88068,-1.9044,6.80616,0,0,0,0,0,0
13.2252,2.72684,-0.555256,-0.288369,-0.373891,2.20519,-0.903773,-2.39158,10.6695,0.13167,5.26608,-2.08656,5.89536,0,0,0,0,0,0
13.2303,2.68987,-0.545452,-0.299633,-0.332203,2.33254,-0.829226,-1.46174,11.6979,-0.23408,5.9616,-2.50884,6.14376,0,0,0,0,0,0
13.2353,2.644,-0.542245,-0.307152,-0.306086,2.46051,-0.793483,-2.01728,10.9965,-0.32604,5.23296,-2.21904,6.55776,0,0,0,0,0,0
13.2403,2.64277,-0.532397,-0.316057,-0.287009,2.51474,-0.756966,-2.81316,11.4457,0.11704,6.54948,-1.58976,5.77116,0,0,0,0,0,0
13.2453,2.64289,-0.516613,-0.327647,-0.289248,2.52215,-0.748376,-2.00546,10.5474,-0.00209,6.25968,-1.5732,7.06284,0,0,0,0,0,0
13.2503,2.62753,-0.504043,-0.323863,-0.274173,2.51518,-0.712359,-2.33642,11.6269,-1.10352,5.4648,-1.44072,5.48964,0,0,0,0,0,0
13.2557,2.60462,-0.503765,-0.313733,-0.236883,2.47718,-0.633597,-1.6351,11.8476,-0.3762,5.41512,-1.09296,5.92848,0,0,0,0,0,0
13.2604,2.56037,-0.50922,-0.319851,-0.242804,2.42509,-0.628254,-1.2608,11.7648,-0.18183,6.89724,-1.01844,6.5412,0,0,0,0,0,0
13.2653,2.55449,-0.50801,-0.324581,-0.255683,2.38236,-0.720812,-3.06532,10.9335,-0.65417,6.06924,-1.17576,7.83288,0,0,0,0,0,0
13.2704,2.57107,-0.516509,-0.332065,-0.27343,2.33748,-0.872982,-1.92272,12.2849,-0.22363,7.14564,-0.9108,8.00676,0,0,0,0,0,0
13.2753,2.55182,-0.528623,-0.337591,-0.291843,2.26617,-0.864941,-1.58782,12.0997,-0.32604,6.31764,-0.84456,5.27436,0,0,0,0,0,0
13.2806,2.52926,-0.532966,-0.343062,-0.291286,2.18475,-0.772011,-1.86756,11.2842,-0.42218,6.21828,-0.58788,6.27624,0,0,0,0,0,0
13.2853,2.50652,-0.521674,-0.339385,-0.279984,2.10573,-0.725031,-1.46962,11.0044,-0.74404,6.02784,-0.7452,5.77116,0,0,0,0,0,0
13.2904,2.50469,-0.510783,-0.335632,-0.248127,2.07206,-0.704039,-2.76588,11.4024,-0.46189,5.18328,-1.44072,6.90552,0,0,0,0,0,0
13.2956,2.54049,-0.509292,-0.341923,-0.233629,2.09988,-0.66464,-2.71466,11.2487,-0.38038,6.28452,-1.75536,5.41512,0,0,0,0,0,0
13.3004,2.55439,-0.511919,-0.34843,-0.219897,2.1323,-0.650769,-2.10002,11.7373,-0.51623,5.44824,-1.45728,7.11252,0,0,0,0,0,0
13.3054,2.56005,-0.520044,-0.354264,-0.182371,2.13213,-0.724963,-2.10002,11.7373,-0.51623,5.44824,-1.45728,7.11252,0,0,0,0,0,0
13.3104,2.54211,-0.536102,-0.34895,-0.167588,2.15575,-0.760632,-1.48538,12.6789,-1.26027,6.28452,-1.56492,6.42528,0,0,0,0,0,0
13.3153,2.51686,-0.560445,-0.335629,-0.172073,2.15899,-0.759512,-1.48538,12.6789,-1.26027,6.28452,-1.56492,6.42528,0,0,0,0,0,0
13.3203,2.51211,-0.574985,-0.32969,-0.180317,2.1899,-0.714744,-2.56494,11.8555,-0.56848,6.39216,-1.863,5.589,0,0,0,0,0,0
13.3253,2.55022,-0.586145,-0.332084,-0.1924,2.24211,-0.654252,-2.98258,11.6939,-1.00738,6.90552,-2.04516,5.6304,0,0,0,0,0,0
13.3304,2.55908,-0.611836,-0.342764,-0.236599,2.30269,-0.618149,-1.3987,12.9941,-0.13794,7.22016,-2.07828,5.80428,0,0,0,0,0,0
13.3352,2.54594,-0.628673,-0.349568,-0.296625,2.32819,-0.65654,-2.13154,11.8082,-0.65626,7.866,-1.70568,7.22844,0,0,0,0,0,0
13.3404,2.54278,-0.636122,-0.349193,-0.296896,2.32289,-0.717577,-1.6942,12.1116,-0.65208,5.4648,-1.73052,6.64056,0,0,0,0,0,0
13.3453,2.52403,-0.640837,-0.347617,-0.24524,2.3381,-0.789135,-1.54842,12.0249,-0.56639,5.73804,-2.1942,7.30296,0,0,0,0,0,0
13.3504,2.5308,-0.650282,-0.345066,-0.158392,2.3467,-0.873142,-2.37582,12.4386,-0.84227,4.53744,-1.84644,6.97176,0,0,0,0,0,0
13.3554,2.53629,-0.653053,-0.341898,-0.0691547,2.36558,-0.838312,-1.64692,11.3748,-0.61655,5.26608,-2.37636,5.1336,0,0,0,0,0,0
13.3603,2.53085,-0.646883,-0.346449,-0.0502364,2.38296,-0.717183,-1.75724,11.1975,-0.44517,6.55776,-2.16108,5.29092,0,0,0,0,0,0
13.3653,2.52148,-0.642263,-0.359582,-0.0441787,2.42211,-0.609504,-1.54054,11.3984,-0.06688,5.76288,-2.86488,5.4648,0,0,0,0,0,0
13.3707,2.47676,-0.632515,-0.3732,-0.0625377,2.47189,-0.568828,-0.6895,11.2723,-0.19228,7.2864,-2.75724,6.24312,0,0,0,0,0,0
13.3754,2.43882,-0.628491,-0.374916,-0.105956,2.49659,-0.604486,-1.6154,11.6427,-1.03037,7.00488,-2.92284,6.81444,0,0,0,0,0,0
13.3805,2.42811,-0.609598,-0.360984,-0.127222,2.54115,-0.653242,-1.68238,10.4489,-1.05336,6.44184,-3.8088,6.73992,0,0,0,0,0,0
13.3852,2.41864,-0.585737,-0.361371,-0.132714,2.62072,-0.669485,-1.41446,10.7168,-0.11913,6.73992,-4.45464,6.40872,0,0,0,0,0,0
13.3903,2.40151,-0.570457,-0.366691,-0.116848,2.71332,-0.626741,-1.30414,11.0753,-0.95095,5.69664,-4.7196,5.48964,0,0,0,0,0,0
13.3954,2.38863,-0.568634,-0.372876,-0.0894864,2.81054,-0.561198,-1.33172,11.6624,-0.26125,6.417,-5.43996,5.24124,0,0,0,0,0,0
13.4005,2.3701,-0.572017,-0.38025,-0.0327678,2.92954,-0.439553,-1.03622,11.0872,-1.14114,5.20812,-5.86224,4.27248,0,0,0,0,0,0
13.4055,2.33707,-0.563195,-0.375792,0.0427477,3.04767,-0.33273,-0.73284,11.5166,-0.44517,4.69476,-6.45012,5.36544,0,0,0,0,0,0
13.4104,2.33035,-0.565654,-0.394268,0.0895142,3.15949,-0.310504,-1.74148,11.5284,0.31141,5.27436,-6.64884,5.3406,0,0,0,0,0,0
13.4153,2.33902,-0.567072,-0.407707,0.120121,3.25421,-0.359037,-1.54842,11.7688,-0.55176,4.60368,-6.89724,6.83928,0,0,0,0,0,0
13.4203,2.33654,-0.555675,-0.412036,0.132393,3.31504,-0.445998,-1.25686,10.0194,-0.47861,5.08392,-6.77304,5.96988,0,0,0,0,0,0
13.4254,2.33166,-0.532111,-0.421298,0.100052,3.33214,-0.454464,-1.41052,10.3149,-0.23408,6.09408,-6.96348,5.53104,0,0,0,0,0,0
13.4303,2.31655,-0.517628,-0.429312,0.0975081,3.3628,-0.375555,-0.99288,10.8192,-0.46816,3.75912,-7.65072,4.07376,0,0,0,0,0,0
13.4353,2.27661,-0.520011,-0.422636,-0.0450545,3.42171,-0.363681,-0.394,12.3795,-1.09725,11.4016,-8.2386,6.54948,0,0,0,0,0,0
13.4404,2.23056,-0.550819,-0.410304,-0.27632,3.45344,-0.461918,-0.52008,13.0256,-1.25818,8.2386,-7.77492,6.26796,0,0,0,0,0,0
13.4454,2.20469,-0.586198,-0.386857,-0.360659,3.43088,-0.584699,-0.83134,12.8917,-2.14016,7.22016,-8.12268,7.21188,0,0,0,0,0,0
13.4503,2.19803,-0.606716,-0.365113,-0.405674,3.40374,-0.700964,-1.0638,11.7097,-1.38985,7.80804,-8.63604,6.2928,0,0,0,0,0,0
13.4556,2.20196,-0.611178,-0.351483,-0.444381,3.34043,-0.746227,-1.0638,11.7097,-1.38985,7.80804,-8.63604,6.2928,0,0,0,0,0,0
13.4604,2.22702,-0.612282,-0.344837,-0.413648,3.30065,-0.761619,-2.15124,11.8633,-0.77121,5.59728,-9.4392,6.20172,0,0,0,0,0,0
13.4654,2.27378,-0.618665,-0.342838,-0.351994,3.30458,-0.763607,-1.71784,11.887,-1.31043,6.55776,-9.8946,6.38388,0,0,0,0,0,0
13.4706,2.30832,-0.628609,-0.350241,-0.308721,3.29573,-0.759822,-1.63904,11.8791,-0.26752,5.91192,-9.522,6.18516,0,0,0,0,0,0
13.4755,2.32534,-0.633521,-0.361412,-0.264835,3.24559,-0.745969,-1.42628,11.229,-1.13069,6.23484,-9.09972,6.03612,0,0,0,0,0,0
13.4805,2.33103,-0.649212,-0.36501,-0.247753,3.1162,-0.738019,-0.81164,12.7026,-1.02828,6.8724,-8.5284,5.9202,0,0,0,0,0,0
13.4852,2.32776,-0.667645,-0.361966,-0.239202,2.94251,-0.725649,-0.81164,12.7026,-1.02828,6.8724,-8.5284,5.9202,0,0,0,0,0,0
13.4904,2.33487,-0.66589,-0.34851,-0.177824,2.74909,-0.749645,-1.4184,11.2999,-1.30834,4.87692,-8.17236,6.6654,0,0,0,0,0,0
13.4956,2.34017,-0.655563,-0.340342,-0.101891,2.59608,-0.70676,-0.9062,11.3314,-0.98857,5.85396,-8.88444,4.66164,0,0,0,0,0,0
13.5005,2.33792,-0.64407,-0.346542,-0.111094,2.49382,-0.686861,-1.18988,10.5947,-0.52668,7.59276,-8.6526,6.67368,0,0,0,0,0,0
13.5055,2.34716,-0.62716,-0.353733,-0.123436,2.43156,-0.669467,-1.35536,11.0832,-0.72941,6.1686,-9.49716,4.81896,0,0,0,0,0,0
13.5105,2.38146,-0.61517,-0.35863,-0.0657096,2.42685,-0.638734,-2.0291,10.4331,-1.10979,5.175,-9.62136,6.0858,0,0,0,0,0,0
13.5152,2.39937,-0.597671,-0.356099,-0.0158233,2.43592,-0.682853,-0.98106,10.9571,-0.95722,6.14376,-9.71244,6.6654,0,0,0,0,0,0
13.5203,2.38429,-0.587235,-0.356605,0.00560909,2.49721,-0.759073,-0.60282,11.0753,-1.04082,6.1686,-10.6067,6.49152,0,0,0,0,0,0
13.5253,2.3633,-0.585467,-0.360008,-0.00490909,2.62281,-0.792196,-0.81952,11.6348,-0.80465,6.88068,-11.0124,5.70492,0,0,0,0,0,0
13.5303,2.34054,-0.588217,-0.367161,-0.00061106,2.76772,-0.787645,-0.5516,11.099,-0.97603,6.06096,-11.0372,6.11892,0,0,0,0,0,0
13.5353,2.30591,-0.58791,-0.371002,0.0048904,2.89293,-0.757493,-0.30732,11.8712,-0.70851,6.80616,-11.0372,5.382,0,0,0,0,0,0
13.5403,2.28905,-0.601215,-0.384069,0.0530964,2.99507,-0.688068,-1.0835,11.7767,-0.67089,4.968,-10.8385,5.07564,0,0,0,0,0,0
13.5454,2.2631,-0.617143,-0.384413,0.103015,3.03934,-0.598668,0.0591,12.4898,-1.44837,5.93676,-10.1761,4.82724,0,0,0,0,0,0
13.5504,2.25592,-0.62128,-0.379221,0.096304,2.97558,-0.57023,-1.54842,11.1305,-0.78166,7.05456,-9.13284,5.84568,0,0,0,0,0,0
13.5552,2.26384,-0.622635,-0.376808,0.064702,2.88042,-0.682284,-0.4334,12.0131,-1.36268,7.02144,-9.53856,7.50168,0,0,0,0,0,0
13.5605,2.25848,-0.631661,-0.376308,0.0569079,2.8242,-0.773177,-0.85892,11.4299,-0.99275,6.01128,-9.88632,5.45652,0,0,0,0,0,0
13.5652,2.26216,-0.642884,-0.375402,0.0717416,2.8204,-0.673747,-0.74072,12.344,-1.44419,6.59916,-10.4742,4.13172,0,0,0,0,0,0
13.5703,2.24714,-0.659601,-0.372499,0.0666339,2.86258,-0.619007,-0.13002,12.1313,-1.04082,6.98832,-10.615,6.40044,0,0,0,0,0,0
13.5755,2.21691,-0.676549,-0.3867,0.0810622,2.87999,-0.640201,-0.16942,12.151,-0.31977,6.06096,-10.1016,5.48136,0,0,0,0,0,0
13.5802,2.1738,-0.684193,-0.387009,0.119007,2.90843,-0.633766,0.57918,12.0919,-1.59258,5.92848,-10.913,5.9202,0,0,0,0,0,0
13.5853,2.12493,-0.684802,-0.377269,0.162287,3.00404,-0.630261,-0.13002,11.6269,-1.03455,5.9616,-11.2608,5.78772,0,0,0,0,0,0
13.5903,2.08825,-0.684058,-0.392573,0.163907,3.04051,-0.629693,0.3349,11.6821,0.16093,7.18704,-10.0519,5.90364,0,0,0,0,0,0
13.5953,2.04668,-0.675059,-0.380545,0.146216,3.01462,-0.669059,0.20094,11.0202,-2.93227,6.23484,-10.2424,6.26796,0,0,0,0,0,0
13.6003,2.00285,-0.67769,-0.366916,0.140756,3.02279,-0.724181,0.5319,12.5134,-0.22781,6.68196,-10.7474,6.40044,0,0,0,0,0,0
13.6053,1.98058,-0.695043,-0.383345,0.133011,3.08916,-0.714612,-0.44128,11.9185,-0.96767,6.69852,-11.3188,4.98456,0,0,0,0,0,0
13.6106,1.98982,-0.705795,-0.380834,0.126475,3.15707,-0.650195,-0.47674,12.2967,-1.41075,6.64056,-10.8799,5.0508,0,0,0,0,0,0
13.6152,1.98773,-0.704982,-0.374301,0.162844,3.25504,-0.698541,-0.12608,11.2172,-1.07008,4.91004,-12.1882,6.9966,0,0,0,0,0,0
13.6202,1.98267,-0.697652,-0.377168,0.233843,3.41213,-0.833364,-0.12608,11.2172,-1.07008,4.91004,-12.1882,6.9966,0,0,0,0,0,0
13.6254,2.00061,-0.689017,-0.389165,0.254128,3.51517,-0.908185,-1.09532,10.8941,-0.57475,6.5826,-11.0538,6.15204,0,0,0,0,0,0
13.6303,2.01489,-0.681243,-0.387256,0.248868,3.55305,-0.913656,-0.04728,11.6742,-1.80994,6.30108,-11.3684,5.6304,0,0,0,0,0,0
13.6353,2.00886,-0.667069,-0.367468,0.2347,3.54531,-0.927615,-0.27186,10.7247,-1.7138,7.23672,-10.3666,6.32592,0,0,0,0,0,0
13.6403,2.00287,-0.653788,-0.36849,0.210314,3.49661,-0.963603,-0.01182,11.2054,-0.56848,6.92208,-10.7143,6.28452,0,0,0,0,0,0
13.6452,1.97976,-0.637761,-0.340936,0.188132,3.52343,-0.971546,0.34278,11.2605,-3.45268,7.26984,-11.7824,5.82912,0,0,0,0,0,0
13.6503,1.95117,-0.648432,-0.313528,0.123319,3.6004,-0.954169,0.22458,12.9665,-1.11606,8.7354,-11.592,5.61384,0,0,0,0,0,0
13.6553,1.92311,-0.654614,-0.306804,0.0572627,3.58835,-0.888169,0.40582,11.0714,-1.90817,8.10612,-10.2424,5.23296,0,0,0,0,0,0
13.6603,1.88737,-0.644851,-0.306522,0.06016,3.51438,-0.841878,0.55554,11.0596,-0.85272,7.17876,-10.4328,6.1272,0,0,0,0,0,0
13.6652,1.86766,-0.639972,-0.328975,0.125611,3.41292,-0.837837,0.05516,10.9965,-0.43472,6.25968,-9.67932,5.8374,0,0,0,0,0,0
13.6705,1.84325,-0.629166,-0.339166,0.229045,3.33466,-0.817317,0.73284,10.7444,-1.79322,5.51448,-10.7806,5.70492,0,0,0,0,0,0
13.6752,1.80131,-0.624164,-0.339229,0.321196,3.34595,-0.801417,0.93378,11.7176,-0.99484,5.31576,-11.2194,5.60556,0,0,0,0,0,0
13.6803,1.76432,-0.62372,-0.346176,0.384707,3.39833,-0.793266,0.4137,11.7018,-0.91333,6.46668,-11.327,5.95332,0,0,0,0,0,0
13.6853,1.73554,-0.628168,-0.346955,0.409954,3.45324,-0.732444,0.7683,11.9934,-1.58422,6.18516,-11.3602,4.47948,0,0,0,0,0,0
13.6902,1.70057,-0.635283,-0.345721,0.433463,3.46179,-0.668653,0.7683,11.7097,-1.17667,6.18516,-10.4494,5.5476,0,0,0,0,0,0
13.6954,1.67625,-0.646768,-0.35378,0.441374,3.44516,-0.705933,0.47674,12.1273,-1.01783,6.93864,-10.9876,6.4584,0,0,0,0,0,0
13.7003,1.66789,-0.657821,-0.35172,0.463176,3.4247,-0.729445,0.39794,12.0209,-1.77232,5.796,-10.5073,5.1336,0,0,0,0,0,0
13.7052,1.65172,-0.66963,-0.348256,0.518006,3.41853,-0.732114,0.79588,11.9382,-1.36895,4.90176,-11.0786,5.9202,0,0,0,0,0,0
13.7104,1.63361,-0.666985,-0.338435,0.505337,3.40349,-0.823998,0.62646,11.3511,-1.83711,7.29468,-10.5156,7.12908,0,0,0,0,0,0
13.7154,1.63256,-0.668736,-0.336195,0.433257,3.31993,-0.894279,0.16942,12.3795,-0.75449,7.18704,-9.66276,5.61384,0,0,0,0,0,0
13.7203,1.63774,-0.670027,-0.332745,0.386913,3.20571,-0.819928,0.31914,11.5915,-1.81203,6.86412,-9.63792,4.16484,0,0,0,0,0,0
13.7252,1.63878,-0.667466,-0.331007,0.380601,3.16757,-0.750766,0.4137,11.4457,-0.99484,5.80428,-11.0455,5.80428,0,0,0,0,0,0
13.7303,1.64136,-0.659152,-0.350259,0.398268,3.15407,-0.71617,0.3743,11.0832,-0.15884,6.0858,-10.143,4.62852,0,0,0,0,0,0
13.7352,1.63614,-0.64847,-0.349802,0.397575,3.11958,-0.711424,0.54766,11.5718,-2.16106,6.73164,-10.292,6.27624,0,0,0,0,0,0
13.7402,1.63181,-0.642436,-0.346065,0.396251,3.08316,-0.750608,0.44522,10.5001,-1.1286,6.14376,-10.1513,5.72148,0,0,0,0,0,0
13.7452,1.62818,-0.631412,-0.3529,0.412763,2.97657,-0.766123,0.5516,11.0478,-1.30207,6.22656,-8.90928,5.92848,0,0,0,0,0,0
13.7503,1.62532,-0.62548,-0.353715,0.461107,2.82945,-0.764609,0.48462,11.2881,-1.48181,4.94316,-9.17424,5.11704,0,0,0,0,0,0
13.7552,1.6156,-0.640617,-0.354899,0.501469,2.82741,-0.749677,0.67374,12.4228,-1.70335,6.10236,-11.3353,5.4234,0,0,0,0,0,0
13.7603,1.60935,-0.661047,-0.349591,0.513751,2.92766,-0.755475,0.67374,12.4228,-1.70335,6.10236,-11.3353,5.4234,0,0,0,0,0,0
13.7654,1.58566,-0.663247,-0.349173,0.539456,2.89986,-0.703457,1.03622,11.1581,-0.9614,5.58072,-8.61948,4.2642,0,0,0,0,0,0
13.7702,1.56643,-0.660135,-0.339351,0.54093,2.79137,-0.600415,0.77224,11.8752,-2.42649,6.06096,-9.73728,4.1814,0,0,0,0,0,0
13.7752,1.55721,-0.665671,-0.314088,0.522062,2.74171,-0.505536,0.77224,11.8752,-2.42649,6.06096,-9.73728,4.1814,0,0,0,0,0,0
13.7803,1.53318,-0.660986,-0.294347,0.505249,2.80029,-0.547214,1.15048,10.8074,-2.02103,5.84568,-11.4264,6.64056,0,0,0,0,0,0
13.7855,1.50096,-0.655279,-0.287142,0.47264,2.79972,-0.637827,1.23716,11.3787,-1.70335,7.43544,-8.82648,5.41512,0,0,0,0,0,0
13.7905,1.47015,-0.653997,-0.293645,0.443846,2.70769,-0.617381,1.25292,11.6466,-0.73986,6.72336,-9.48888,4.53744,0,0,0,0,0,0
13.7953,1.44148,-0.658825,-0.304176,0.440331,2.63634,-0.638747,1.39082,12.1234,-1.23728,6.48324,-9.20736,6.11064,0,0,0,0,0,0
13.8005,1.41684,-0.675468,-0.310811,0.484008,2.57344,-0.675391,1.2017,12.4819,-1.22474,4.99284,-9.59652,5.02596,0,0,0,0,0,0
13.8053,1.3977,-0.679834,-0.30702,0.526329,2.51647,-0.70183,1.56024,12.1746,-1.23519,5.74632,-9.21564,6.23484,0,0,0,0,0,0
13.8105,1.37142,-0.683941,-0.300856,0.543232,2.4284,-0.719844,1.56024,12.0328,-1.68036,6.06924,-8.82648,5.07564,0,0,0,0,0,0
13.8154,1.35292,-0.691988,-0.291095,0.565977,2.4327,-0.676896,1.4972,12.3874,-1.74724,5.56416,-10.5984,5.19156,0,0,0,0,0,0
13.8203,1.3426,-0.694246,-0.286316,0.594337,2.52778,-0.627316,1.76118,11.686,-1.2122,5.41512,-10.7143,4.76928,0,0,0,0,0,0
13.8255,1.325,-0.699273,-0.288475,0.598875,2.59132,-0.61606,2.19852,12.3716,-1.37104,6.9138,-9.92772,5.8788,0,0,0,0,0,0
13.8303,1.29844,-0.702402,-0.289368,0.593204,2.6155,-0.676309,2.62404,11.7097,-1.26863,6.01956,-9.9774,6.05268,0,0,0,0,0,0
13.8355,1.25919,-0.690901,-0.291214,0.608429,2.61114,-0.771468,3.17958,10.6774,-1.48599,6.02784,-9.47232,6.54948,0,0,0,0,0,0
13.8404,1.20986,-0.667762,-0.29499,0.663719,2.57615,-0.841165,3.6839,10.1928,-1.31043,4.44636,-9.36468,5.99472,0,0,0,0,0,0
13.8454,1.14636,-0.652702,-0.297051,0.682963,2.59818,-0.816641,4.34582,11.8121,-1.41702,6.79788,-10.557,4.554,0,0,0,0,0,0
13.8502,1.07162,-0.643995,-0.307762,0.673928,2.60889,-0.76793,4.8659,10.6853,-0.61028,5.49792,-9.16596,5.45652,0,0,0,0,0,0
13.8554,0.986843,-0.630317,-0.317355,0.680559,2.54256,-0.695231,5.24808,11.6506,-1.27072,6.46668,-9.14112,3.9744,0,0,0,0,0,0
13.8602,0.911111,-0.633461,-0.316439,0.680021,2.54151,-0.706292,5.64996,11.8555,-1.78068,6.26796,-10.2838,6.75648,0,0,0,0,0,0
13.8653,0.836638,-0.633718,-0.313968,0.67656,2.67851,-0.753211,5.86272,11.2211,-1.41284,6.09408,-11.5258,4.83552,0,0,0,0,0,0
13.8704,0.795803,-0.627675,-0.318237,0.690488,2.7805,-0.739781,5.7918,11.2526,-1.34596,5.9616,-9.96912,5.40684,0,0,0,0,0,0
13.8756,0.771958,-0.623169,-0.316976,0.677228,2.76952,-0.698554,6.26066,11.1699,-1.87264,6.9138,-9.5634,4.70304,0,0,0,0,0,0
13.8802,0.761682,-0.629344,-0.319637,0.692932,2.75637,-0.641551,6.37098,11.9421,-1.30207,5.32404,-10.0022,4.48776,0,0,0,0,0,0
13.8852,0.75594,-0.639236,-0.318526,0.712355,2.73733,-0.638112,6.6783,11.623,-2.17569,5.73804,-9.19908,5.5476,0,0,0,0,0,0
13.8906,0.77896,-0.644823,-0.33402,0.801973,2.65739,-0.665367,6.24096,10.8153,-0.58102,3.23748,-9.00864,4.761,0,0,0,0,0,0
13.8952,0.823172,-0.633746,-0.356427,0.895852,2.63171,-0.698084,6.1267,11.0162,-0.46607,3.90816,-9.94428,5.76288,0,0,0,0,0,0
13.9002,0.888635,-0.635409,-0.377742,0.964844,2.73007,-0.676838,5.88242,12.474,-0.57266,3.61836,-11.327,3.73428,0,0,0,0,0,0
13.9053,0.971918,-0.635716,-0.389401,1.01869,2.82096,-0.64105,5.60662,11.1344,-1.05963,4.04892,-9.77868,5.44824,0,0,0,0,0,0
13.9104,1.05529,-0.63881,-0.400613,0.99448,2.76338,-0.615526,5.83514,11.7648,-1.06172,6.76476,-8.70228,4.03236,0,0,0,0,0,0
13.9152,1.12376,-0.648982,-0.413395,0.92111,2.69867,-0.556038,5.59874,11.8279,-0.81301,6.48324,-9.33156,4.56228,0,0,0,0,0,0
13.9203,1.20696,-0.64572,-0.423689,0.89588,2.71027,-0.503481,5.38992,10.965,-0.81719,4.81068,-10.0022,4.0986,0,0,0,0,0,0
13.9254,1.28938,-0.62286,-0.409425,0.957166,2.65186,-0.472306,5.48448,10.7601,-2.07119,2.42604,-7.79976,4.79412,0,0,0,0,0,0
13.9303,1.36689,-0.603186,-0.384119,1.04441,2.49098,-0.492618,5.48448,10.7601,-2.07119,2.42604,-7.79976,4.79412,0,0,0,0,0,0
13.9353,1.43427,-0.584777,-0.378715,1.08664,2.39363,-0.49567,5.55934,10.7601,-0.50369,3.58524,-8.72712,4.29732,0,0,0,0,0,0
13.9404,1.48348,-0.558489,-0.365953,0.954402,2.44702,-0.606147,6.08336,11.0911,-1.89772,8.91756,-10.3583,6.9966,0,0,0,0,0,0
13.9454,1.50316,-0.565235,-0.318966,0.63992,2.51297,-0.772922,6.52464,13.5772,-3.47358,11.6003,-8.901,5.69664,0,0,0,0,0,0
13.9503,1.51732,-0.577463,-0.282677,0.411166,2.47316,-0.815538,6.48524,11.3117,-1.672,7.87428,-8.487,4.761,0,0,0,0,0,0
13.9553,1.53372,-0.559211,-0.27248,0.369015,2.48009,-0.790507,6.5995,10.7286,-1.49435,5.49792,-9.95256,4.554,0,0,0,0,0,0
13.9603,1.53629,-0.516858,-0.264586,0.407113,2.45941,-0.764828,7.1314,9.52298,-1.31043,5.77944,-7.77492,5.0094,0,0,0,0,0,0
13.9652,1.50816,-0.477165,-0.25611,0.464597,2.38875,-0.72695,7.67906,10.768,-1.67618,5.60556,-8.75196,4.28904,0,0,0,0,0,0
13.9703,1.47175,-0.478495,-0.265019,0.50834,2.28567,-0.727555,7.7421,12.2416,-0.91542,6.38388,-7.50996,6.003,0,0,0,0,0,0
13.9753,1.42984,-0.488957,-0.283598,0.570105,2.1876,-0.772219,7.8012,11.2408,-1.04709,4.99284,-8.61948,5.19156,0,0,0,0,0,0
13.9803,1.38467,-0.51125,-0.304994,0.659124,2.10973,-0.762626,8.1361,12.8523,-1.11188,5.19156,-7.866,5.00112,0,0,0,0,0,0
13.9854,1.33776,-0.529723,-0.301743,0.721402,2.02431,-0.810955,7.90364,12.0682,-2.16315,5.66352,-8.08128,6.13548,0,0,0,0,0,0
13.9902,1.32394,-0.531394,-0.290509,0.730915,2.01934,-0.86862,7.07624,11.3551,-1.7138,7.26156,-9.09144,5.43168,0,0,0,0,0,0
13.9953,1.32461,-0.516496,-0.283521,0.763594,2.04547,-0.881391,7.41508,11.099,-1.3794,4.87692,-8.47044,5.30748,0,0,0,0,0,0
14.0003,1.30982,-0.508325,-0.281238,0.833934,1.95729,-0.898234,7.67906,11.5403,-1.6929,4.8852,-6.73164,5.60556,0,0,0,0,0,0
14.0056,1.29559,-0.50997,-0.278746,0.895907,1.76018,-0.94134,7.67906,11.5403,-1.6929,4.8852,-6.73164,5.60556,0,0,0,0,0,0
14.0102,1.28542,-0.518887,-0.279535,0.927919,1.71542,-0.945702,6.98956,12.4031,-1.25191,5.5476,-8.9838,4.83552,0,0,0,0,0,0
14.0152,1.29095,-0.533627,-0.288972,0.943088,1.71569,-0.918428,7.33234,11.5481,-1.35014,5.48964,-7.4934,4.97628,0,0,0,0,0,0
14.0202,1.29708,-0.533082,-0.29263,0.950838,1.64646,-0.917513,7.33234,11.5481,-1.35014,5.48964,-7.4934,4.97628,0,0,0,0,0,0
14.0255,1.28565,-0.536407,-0.295185,0.941736,1.5956,-0.915831,7.4072,12.7853,-0.79838,6.003,-7.46028,4.75272,0,0,0,0,0,0
14.0302,1.28929,-0.562294,-0.314972,0.924278,1.53817,-0.900127,7.4072,12.7853,-0.79838,6.003,-7.46028,4.75272,0,0,0,0,0,0
14.0353,1.3061,-0.584746,-0.327347,0.92759,1.46345,-0.927693,6.54434,12.2022,-1.49853,5.24952,-6.98832,5.69664,0,0,0,0,0,0
14.0403,1.30905,-0.593487,-0.328494,0.917809,1.45941,-0.965392,7.6239,11.7215,-1.4839,6.42528,-8.37936,5.01768,0,0,0,0,0,0
14.0455,1.29987,-0.598585,-0.332512,0.889701,1.53303,-0.967619,7.6239,11.7215,-1.4839,6.42528,-8.37936,5.01768,0,0,0,0,0,0
14.0503,1.25718,-0.592253,-0.333221,0.852095,1.52789,-1.04194,8.30158,11.1384,-1.28117,7.30296,-6.49152,6.5826,0,0,0,0,0,0
14.0552,1.21199,-0.581409,-0.339729,0.804899,1.42007,-1.18389,8.30158,11.1384,-1.28117,7.30296,-6.49152,6.5826,0,0,0,0,0,0
14.0602,1.15582,-0.575002,-0.346218,0.822327,1.30724,-1.19249,8.34886,11.8712,-1.09934,5.05908,-6.1686,4.1814,0,0,0,0,0,0
14.0655,1.08475,-0.57316,-0.353812,0.874831,1.15907,-1.09749,8.63648,11.2132,-1.39403,5.06736,-5.7546,4.57884,0,0,0,0,0,0
14.0703,1.03704,-0.564926,-0.357198,0.910396,1.00524,-1.03498,8.63648,11.2132,-1.39403,5.06736,-5.7546,4.57884,0,0,0,0,0,0
14.0752,0.984691,-0.566834,-0.356908,0.910684,0.912322,-0.932229,8.56162,13.0532,-1.07008,6.25968,-6.59916,3.65976,0,0,0,0,0,0
14.0803,0.940078,-0.583776,-0.344036,0.865918,0.965992,-0.777253,7.91546,12.8208,-2.23839,6.93864,-8.0316,3.41964,0,0,0,0,0,0
14.0853,0.935015,-0.598406,-0.319309,0.794838,1.09117,-0.632529,7.91546,12.8208,-2.23839,6.93864,-8.0316,3.41964,0,0,0,0,0,0
14.0904,0.901279,-0.606605,-0.287697,0.730698,1.21996,-0.610618,8.79802,12.7498,-2.4035,6.54948,-8.0316,5.53104,0,0,0,0,0,0
14.0952,0.858603,-0.614116,-0.258313,0.690092,1.32891,-0.699529,8.79802,12.7498,-2.4035,6.54948,-8.0316,5.53104,0,0,0,0,0,0
14.1003,0.812812,-0.603148,-0.219415,0.679375,1.40493,-0.755919,8.20308,11.5363,-2.58115,5.6304,-7.14564,4.8852,0,0,0,0,0,0
14.1053,0.808468,-0.594328,-0.192929,0.70318,1.39961,-0.773405,8.20308,11.5363,-2.58115,5.6304,-7.14564,4.8852,0,0,0,0,0,0
14.1102,0.809914,-0.589555,-0.188342,0.72121,1.31711,-0.809697,7.71846,11.6979,-1.01783,6.15204,-5.69664,5.3406,0,0,0,0,0,0
14.1153,0.827511,-0.599149,-0.2049,0.746623,1.26317,-0.886362,7.44266,12.7853,-1.0032,5.48136,-7.48512,5.89536,0,0,0,0,0,0
14.1203,0.841885,-0.624393,-0.212265,0.799149,1.26027,-0.897891,7.81302,12.9784,-1.91235,5.24124,-6.57432,4.347,0,0,0,0,0,0
14.1254,0.832805,-0.643777,-0.215076,0.836625,1.13423,-0.834675,8.274,12.7262,-0.99902,6.003,-4.8438,4.12344,0,0,0,0,0,0
14.1303,0.779973,-0.65197,-0.216099,0.862062,1.01618,-0.773781,8.98714,12.8405,-1.40448,5.48964,-6.1272,4.28904,0,0,0,0,0,0
14.1353,0.732323,-0.66982,-0.220051,0.89699,0.965873,-0.726453,8.98714,12.8405,-1.40448,5.48964,-6.1272,4.28904,0,0,0,0,0,0
14.1403,0.680172,-0.67489,-0.21299,0.947077,0.913185,-0.688106,8.9832,11.8397,-2.09,4.79412,-5.77944,4.38012,0,0,0,0,0,0
14.1455,0.646985,-0.664498,-0.188153,0.976002,0.882086,-0.670492,8.1361,12.2889,-2.12135,5.32404,-6.24312,4.45464,0,0,0,0,0,0
14.1503,0.635373,-0.643969,-0.169316,0.896058,0.881652,-0.632631,7.94304,11.6348,-1.15577,8.97552,-5.53104,3.94956,0,0,0,0,0,0
14.1552,0.652631,-0.62403,-0.171006,0.755613,0.824464,-0.5689,7.94304,11.6348,-1.15577,8.97552,-5.53104,3.94956,0,0,0,0,0,0
14.1602,0.653272,-0.598431,-0.164302,0.774201,0.75031,-0.537375,7.83272,11.8909,-1.3167,3.59352,-5.04252,4.58712,0,0,0,0,0,0
14.1652,0.682859,-0.589514,-0.168942,0.928104,0.642735,-0.537253,7.83272,11.8909,-1.3167,3.59352,-5.04252,4.58712,0,0,0,0,0,0
14.1705,0.711034,-0.571108,-0.183124,1.06325,0.571053,-0.593544,7.6633,11.0005,-0.64163,4.40496,-5.59728,5.69664,0,0,0,0,0,0
14.1752,0.697732,-0.552446,-0.182851,1.14757,0.526855,-0.63362,8.9241,12.4031,-1.83502,4.52916,-4.87692,4.43808,0,0,0,0,0,0
14.1802,0.6697,-0.565907,-0.183529,1.21796,0.432409,-0.619791,8.9241,12.4031,-1.83502,4.52916,-4.87692,4.43808,0,0,0,0,0,0
14.1852,0.653529,-0.555713,-0.166275,1.27716,0.452997,-0.628242,7.5254,10.9926,-2.5498,4.68648,-6.69852,4.78584,0,0,0,0,0,0
14.1902,0.701,-0.547888,-0.15371,1.31186,0.550534,-0.652606,7.5254,10.9926,-2.5498,4.68648,-6.69852,4.78584,0,0,0,0,0,0
14.1953,0.727301,-0.54088,-0.153237,1.34669,0.611301,-0.628514,7.94698,11.5206,-1.22892,4.36356,-5.9202,3.90816,0,0,0,0,0,0
14.2003,0.726263,-0.541179,-0.153811,1.32186,0.563564,-0.625698,8.27794,12.5804,-1.86428,6.9138,-4.25592,5.15016,0,0,0,0,0,0
14.2053,0.729363,-0.559912,-0.152839,1.23966,0.42722,-0.692793,8.27794,12.5804,-1.86428,6.9138,-4.25592,5.15016,0,0,0,0,0,0
14.2102,0.735205,-0.572955,-0.14859,1.21385,0.284078,-0.678553,7.50964,13.262,-1.28535,5.03424,-3.57696,3.52728,0,0,0,0,0,0
14.2153,0.752413,-0.578044,-0.138272,1.2152,0.215309,-0.674359,7.94304,12.3007,-1.97087,5.94504,-5.28264,5.44824,0,0,0,0,0,0
14.2204,0.771884,-0.578289,-0.12452,1.18374,0.256565,-0.772375,7.94304,12.3007,-1.97087,5.94504,-5.28264,5.44824,0,0,0,0,0,0
14.2254,0.763321,-0.575131,-0.11098,1.17551,0.369013,-0.766568,8.50252,12.9547,-1.34596,4.95972,-6.30936,3.49416,0,0,0,0,0,0
14.2305,0.738816,-0.553096,-0.0918298,1.16258,0.491737,-0.761787,8.11246,11.5087,-1.70335,6.35076,-5.04252,5.45652,0,0,0,0,0,0
14.2353,0.749976,-0.532856,-0.0821391,1.11846,0.519486,-0.843805,8.11246,11.5087,-1.70335,6.35076,-5.04252,5.45652,0,0,0,0,0,0
14.2402,0.764866,-0.513799,-0.0737315,1.07682,0.53503,-0.918908,8.11246,11.5087,-1.70335,6.35076,-5.04252,5.45652,0,0,0,0,0,0
14.2452,0.764327,-0.494162,-0.0573775,1.07795,0.515441,-1.00703,7.9785,12.8641,-1.38358,4.8438,-4.07376,5.93676,0,0,0,0,0,0
14.2505,0.785798,-0.507069,-0.0606779,1.12236,0.414929,-1.14482,7.9785,12.8641,-1.38358,4.8438,-4.07376,5.93676,0,0,0,0,0,0
14.2552,0.782905,-0.509336,-0.0634066,1.1382,0.324953,-1.23244,8.44342,12.4583,-1.03037,5.97816,-3.99924,5.10876,0,0,0,0,0,0
14.2603,0.777139,-0.498955,-0.062553,1.1441,0.247567,-1.21527,7.8012,12.1116,-1.43792,5.26608,-4.12344,4.33872,0,0,0,0,0,0
14.2652,0.809618,-0.504863,-0.0727399,1.16939,0.169209,-1.16381,7.8012,12.1116,-1.43792,5.26608,-4.12344,4.33872,0,0,0,0,0,0
14.2702,0.833152,-0.499653,-0.0762581,1.18987,0.103278,-1.16349,7.87212,11.6348,-1.53824,5.56416,-4.13172,5.29092,0,0,0,0,0,0
14.2754,0.819552,-0.469188,-0.0709248,1.23872,0.0605003,-1.1299,8.54192,10.6222,-1.53406,4.24764,-3.95784,3.6846,0,0,0,0,0,0
14.2806,0.807271,-0.437245,-0.0725659,1.30874,0.0197453,-1.02262,8.54192,10.6222,-1.53406,4.24764,-3.95784,3.6846,0,0,0,0,0,0
14.2855,0.776937,-0.406235,-0.0471746,1.34672,-0.00983316,-0.892502,8.43948,12.8877,-2.12344,5.24124,-3.46932,2.88972,0,0,0,0,0,0
14.2902,0.775627,-0.424134,-0.0377543,1.35111,-0.0789479,-0.739808,8.43948,12.8877,-2.12344,5.24124,-3.46932,2.88972,0,0,0,0,0,0
14.2952,0.778029,-0.433855,-0.0482768,1.35709,-0.181332,-0.63496,8.12428,12.3558,-0.26125,5.12532,-2.75724,3.8088,0,0,0,0,0,0
14.3002,0.768301,-0.425373,-0.0532806,1.37858,-0.29379,-0.64416,8.5695,12.7695,-1.44001,4.81896,-2.50056,4.99284,0,0,0,0,0,0
14.3053,0.718312,-0.43624,-0.0533895,1.40419,-0.343785,-0.676813,9.75544,13.3133,-1.17458,5.00112,-3.7674,4.08204,0,0,0,0,0,0
14.3103,0.649456,-0.462613,-0.0649832,1.40752,-0.313363,-0.659736,9.75544,13.3133,-1.17458,5.00112,-3.7674,4.08204,0,0,0,0,0,0
14.3152,0.583957,-0.462744,-0.057652,1.40207,-0.255276,-0.641848,9.10928,12.7538,-1.36895,5.1336,-3.80052,4.12344,0,0,0,0,0,0
14.3203,0.558712,-0.476123,-0.0625279,1.38819,-0.212984,-0.63556,9.10928,12.7538,-1.36895,5.1336,-3.80052,4.12344,0,0,0,0,0,0
14.3253,0.532055,-0.482928,-0.0474128,1.37017,-0.222015,-0.658191,8.94774,12.935,-2.41813,5.43168,-2.8152,4.58712,0,0,0,0,0,0
14.3304,0.507248,-0.478545,-0.0348753,1.36187,-0.293927,-0.694768,9.06594,12.738,-0.53295,5.22468,-2.33496,4.33044,0,0,0,0,0,0
14.3353,0.499497,-0.49233,-0.0621564,1.36423,-0.396753,-0.712425,9.06594,12.738,-0.53295,5.22468,-2.33496,4.33044,0,0,0,0,0,0
14.3403,0.472661,-0.489896,-0.0663708,1.35677,-0.479043,-0.719389,9.23536,12.9823,-1.1913,5.94504,-2.32668,4.23108,0,0,0,0,0,0
14.3453,0.453228,-0.506728,-0.0760001,1.32658,-0.56416,-0.723416,9.23536,12.9823,-1.1913,5.94504,-2.32668,4.23108,0,0,0,0,0,0
14.3502,0.41774,-0.49655,-0.057516,1.3439,-0.597368,-0.725815,9.22748,12.411,-2.11717,4.17312,-2.88144,4.19796,0,0,0,0,0,0
14.3552,0.400957,-0.500595,-0.0432288,1.39256,-0.596825,-0.716232,9.22748,12.411,-2.11717,4.17312,-2.88144,4.19796,0,0,0,0,0,0
14.3602,0.366523,-0.472447,-0.0244083,1.40416,-0.552518,-0.690488,9.77908,10.6222,-1.59885,5.4234,-3.36168,4.00752,0,0,0,0,0,0
14.3653,0.351442,-0.43707,-0.00657407,1.39217,-0.474525,-0.631001,8.25036,13.132,-1.16413,5.36544,-2.94768,3.41964,0,0,0,0,0,0
14.3702,0.387847,-0.455078,-0.016173,1.37431,-0.455116,-0.55281,8.25036,13.132,-1.16413,5.36544,-2.94768,3.41964,0,0,0,0,0,0
14.3756,0.381309,-0.451136,-0.0108343,1.34041,-0.470233,-0.415755,9.64512,11.7924,-1.77859,5.91192,-2.39292,2.31012,0,0,0,0,0,0
14.3803,0.348858,-0.442538,-0.00836855,1.33594,-0.453913,-0.302504,9.42448,12.5528,-0.98648,4.58712,-3.45276,3.13812,0,0,0,0,0,0
14.3852,0.342254,-0.427292,-0.00508325,1.38209,-0.439576,-0.289367,8.4907,12.0603,-1.29998,3.90816,-2.01204,3.9744,0,0,0,0,0,0
14.3904,0.34802,-0.410238,-0.00452759,1.41283,-0.429262,-0.328083,9.0423,11.8949,-1.16204,5.18328,-3.33684,4.13172,0,0,0,0,0,0
14.3954,0.348236,-0.398547,-0.0100163,1.39504,-0.355315,-0.36972,9.0423,11.8949,-1.16204,5.18328,-3.33684,4.13172,0,0,0,0,0,0
14.4005,0.356756,-0.36499,-0.00536694,1.40901,-0.395727,-0.327549,8.28976,12.1943,-0.39292,3.8502,-0.77832,2.6082,0,0,0,0,0,0
14.4053,0.386987,-0.35143,-0.0043809,1.42993,-0.457295,-0.308566,8.50252,12.8562,-1.36895,4.61196,-2.64132,4.28904,0,0,0,0,0,0
14.4102,0.415555,-0.358657,-0.00111113,1.43471,-0.423844,-0.374416,8.50252,12.8562,-1.36895,4.61196,-2.64132,4.28904,0,0,0,0,0,0
14.4153,0.421853,-0.344622,0.0215243,1.49749,-0.393672,-0.431962,8.91228,12.9468,-1.42329,2.6496,-2.12796,4.14828,0,0,0,0,0,0
14.4202,0.425152,-0.359679,0.0231998,1.57215,-0.40915,-0.47547,8.91228,12.9468,-1.42329,2.6496,-2.12796,4.14828,0,0,0,0,0,0
14.4252,0.443171,-0.364885,0.0257804,1.63203,-0.358678,-0.438073,8.20308,12.6001,-1.05336,2.65788,-3.42792,2.62476,0,0,0,0,0,0
14.4302,0.455618,-0.35872,0.024758,1.64488,-0.360465,-0.372438,8.94774,12.4228,-0.7106,3.66804,-0.7038,3.8916,0,0,0,0,0,0
14.4354,0.472108,-0.337765,0.0305931,1.62737,-0.571923,-0.400619,8.12034,12.2495,-0.84018,3.41136,0.7866,4.2642,0,0,0,0,0,0
14.4404,0.511984,-0.33303,0.0155717,1.60486,-0.75183,-0.444072,7.97062,12.6553,0.26334,3.16296,-1.04328,4.19796,0,0,0,0,0,0
14.4453,0.549006,-0.329273,-0.0151425,1.53107,-0.785593,-0.51381,8.43948,12.0485,0.31559,5.24952,-1.56492,4.5954,0,0,0,0,0,0
14.4503,0.537683,-0.291397,-0.022256,1.39717,-0.74064,-0.521598,9.47964,10.4371,-0.82346,6.77304,-2.07828,3.03876,0,0,0,0,0,0
14.4553,0.444837,-0.276114,0.0367968,1.14259,-0.708753,-0.415064,11.556,14.5504,-4.55411,10.6315,-1.035,2.2356,0,0,0,0,0,0
14.4602,0.361062,-0.314029,0.0902428,0.925722,-0.703659,-0.346872,9.62542,13.9752,-1.94997,7.3692,-2.33496,3.78396,0,0,0,0,0,0
14.4653,0.347034,-0.311025,0.108735,0.868039,-0.633182,-0.401537,9.34174,11.363,-1.42747,5.37372,-2.16108,4.53744,0,0,0,0,0,0
14.4703,0.361614,-0.273672,0.126528,0.904648,-0.609464,-0.486219,8.66012,10.8783,-1.98132,4.23108,-1.5318,4.29732,0,0,0,0,0,0
14.4752,0.393332,-0.249774,0.140113,0.957558,-0.645624,-0.536387,8.77832,12.5371,-1.41493,5.175,-1.12608,4.08204,0,0,0,0,0,0
14.4803,0.372385,-0.243026,0.13738,1.00295,-0.683123,-0.541525,10.575,12.1155,-0.96976,4.52916,-1.44072,3.66804,0,0,0,0,0,0
14.4854,0.288038,-0.251575,0.126001,1.05578,-0.758938,-0.454067,11.095,13.1044,-1.27072,4.68648,-0.63756,2.26044,0,0,0,0,0,0
14.4903,0.225884,-0.271665,0.126562,1.11274,-0.810001,-0.355578,9.70422,13.66,-1.66991,4.57056,-1.58976,3.16296,0,0,0,0,0,0
14.4954,0.205807,-0.266578,0.134161,1.16742,-0.714939,-0.273852,9.8894,11.5718,-1.20175,4.65336,-2.8566,2.51712,0,0,0,0,0,0
14.5003,0.170236,-0.254134,0.131225,1.21184,-0.648082,-0.227642,10.2361,12.0722,-1.45255,5.34888,-1.44072,3.2292,0,0,0,0,0,0
14.5054,0.134907,-0.248465,0.136783,1.26715,-0.547959,-0.266005,10.2125,13.2423,-1.30207,4.39668,-3.32028,3.94128,0,0,0,0,0,0
14.5103,0.102014,-0.265256,0.13088,1.30584,-0.465894,-0.25307,10.2401,13.1911,-1.24773,5.39856,-1.44072,2.34324,0,0,0,0,0,0
14.5153,0.0449102,-0.263464,0.132032,1.34168,-0.476136,-0.183782,11.0005,11.5954,-1.74306,4.8852,-1.6146,2.70756,0,0,0,0,0,0
14.5204,-0.00638961,-0.26333,0.129294,1.36416,-0.451819,-0.1222,10.0234,13.2857,-0.84854,5.64696,-2.03688,2.55024,0,0,0,0,0,0
14.5253,-0.0258307,-0.288323,0.120033,1.38115,-0.504791,-0.0559158,9.85,14.1288,-1.19339,5.0922,-0.14076,2.57508,0,0,0,0,0,0
14.5304,-0.0193694,-0.324779,0.122822,1.39022,-0.58302,0.00318343,9.40478,14.3337,-1.85174,5.6718,-1.31652,2.64132,0,0,0,0,0,0
14.5354,-0.0251364,-0.337542,0.126498,1.40042,-0.564819,0.034441,10.5198,12.872,-0.67925,4.5954,-1.41588,2.78208,0,0,0,0,0,0
14.5402,-0.0347476,-0.331532,0.125315,1.39064,-0.553467,-0.0229994,9.80272,12.7065,-1.3585,5.77116,-1.10124,4.23936,0,0,0,0,0,0
14.5453,-0.0293395,-0.327854,0.134791,1.39018,-0.50464,-0.114033,9.8106,12.9271,-1.6093,4.81068,-2.25216,3.46104,0,0,0,0,0,0
14.5502,-0.0372975,-0.312295,0.134155,1.42592,-0.437451,-0.13551,10.4686,11.4496,-0.62073,4.07376,-1.39932,3.03876,0,0,0,0,0,0
14.5554,-0.0114738,-0.296993,0.130106,1.46866,-0.452059,-0.134018,8.44342,12.8956,-1.43792,4.54572,-0.80316,3.19608,0,0,0,0,0,0
14.5605,0.0335527,-0.291552,0.121525,1.48218,-0.521138,-0.0657147,9.81848,11.7767,-0.64999,4.82724,-0.44712,1.6974,0,0,0,0,0,0
14.5653,0.0338756,-0.275694,0.120549,1.47652,-0.609803,0.0455374,10.0115,12.5883,-1.44001,4.98456,-0.02484,2.07828,0,0,0,0,0,0
14.5704,0.0341244,-0.274051,0.131137,1.45614,-0.662813,0.158966,9.7121,13.593,-1.32088,5.57244,-0.828,1.64772,0,0,0,0,0,0
14.5756,0.0469337,-0.263518,0.142759,1.45867,-0.661363,0.279296,9.58208,11.7136,-1.50062,4.71132,-0.85284,1.68084,0,0,0,0,0,0
14.5807,0.0694741,-0.236138,0.15644,1.47262,-0.677867,0.309206,9.34174,12.1549,-1.35014,4.61196,-0.27324,3.04704,0,0,0,0,0,0
14.5855,0.0995723,-0.214239,0.170736,1.47212,-0.670112,0.285045,9.35356,12.5253,-1.3376,4.8438,-1.13436,2.61648,0,0,0,0,0,0
14.5903,0.101945,-0.19422,0.184878,1.46085,-0.610476,0.216926,10.2282,12.1943,-1.45255,5.48136,-1.2006,3.90816,0,0,0,0,0,0
14.5953,0.0963613,-0.166429,0.193769,1.47477,-0.646415,0.137725,9.72786,11.7451,-0.84854,4.16484,0.67896,2.8152,0,0,0,0,0,0
14.6004,0.111816,-0.146825,0.193512,1.46837,-0.795729,0.119437,9.73968,12.4937,-1.045,5.94504,0.94392,2.82348,0,0,0,0,0,0
14.6054,0.123472,-0.153771,0.192614,1.44704,-0.939441,0.120773,9.3181,13.3369,-1.43583,5.32404,0.42228,2.46744,0,0,0,0,0,0
14.6103,0.157328,-0.156815,0.195751,1.43929,-0.979122,0.13986,9.1999,12.6907,-0.99693,4.78584,-0.62928,2.50056,0,0,0,0,0,0
14.6156,0.142553,-0.134675,0.214169,1.46933,-0.890936,0.129001,10.9335,11.489,-2.18405,4.71132,-1.49868,3.00564,0,0,0,0,0,0
14.6203,0.102951,-0.124785,0.235637,1.49284,-0.85975,0.12973,10.4922,13.4157,-1.75769,4.0572,0.05796,2.2356,0,0,0,0,0,0
14.6253,0.0662042,-0.155055,0.236105,1.52941,-0.918291,0.170063,10.4922,13.4157,-1.75769,4.0572,0.05796,2.2356,0,0,0,0,0,0
14.6304,0.059183,-0.171116,0.235578,1.54487,-0.959184,0.213754,9.62148,13.3251,-0.89661,4.99284,-0.15732,2.16108,0,0,0,0,0,0
14.6352,0.0682234,-0.167379,0.235209,1.5293,-0.953066,0.249608,10.0864,12.2495,-1.22683,5.11704,-0.30636,2.28528,0,0,0,0,0,0
14.6403,0.0659166,-0.173212,0.232067,1.50492,-0.956691,0.339277,10.0628,14.1091,-0.82973,5.4648,0.09936,1.08468,0,0,0,0,0,0
14.6452,0.0467312,-0.189861,0.232401,1.48365,-0.936841,0.467088,10.8586,13.7545,-1.31043,5.52276,-0.7038,1.33308,0,0,0,0,0,0
14.6504,0.00805259,-0.222392,0.254843,1.40452,-0.893327,0.579108,10.8783,15.0547,-2.79642,7.89912,-0.33948,1.27512,0,0,0,0,0,0
14.6552,-0.029086,-0.230558,0.276611,1.31904,-0.884673,0.689885,11.0556,12.474,-0.93423,6.98832,-0.207,0.93564,0,0,0,0,0,0
14.6606,-0.034634,-0.23126,0.277616,1.28293,-0.852783,0.812259,9.54268,13.723,-1.48599,6.38388,-0.63756,1.08468,0,0,0,0,0,0
14.6653,-0.0283476,-0.195252,0.296078,1.3017,-0.852892,0.882007,11.2487,11.0478,-0.98439,5.27436,0.68724,1.42416,0,0,0,0,0,0
14.6705,-0.0428015,-0.148327,0.296993,1.36902,-0.834272,0.906861,9.92486,11.1423,-1.17876,4.65336,-1.20888,1.82988,0,0,0,0,0,0
14.6752,-0.0151834,-0.114048,0.297949,1.42624,-0.775041,0.918449,10.1455,12.9862,-0.25707,5.04252,-0.00828,1.51524,0,0,0,0,0,0
14.6801,0.0353249,-0.0995112,0.297163,1.45573,-0.840951,0.918637,8.80196,12.8917,-1.28117,5.68836,1.30824,1.92924,0,0,0,0,0,0
14.6854,0.0795374,-0.0766681,0.304457,1.49338,-0.911134,0.902332,10.5553,12.3243,-0.76494,4.554,0.09936,1.72224,0,0,0,0,0,0
14.6902,0.0765021,-0.0671887,0.305959,1.54015,-0.886475,0.874026,10.3504,12.7104,-1.61139,4.47948,-0.44712,2.16108,0,0,0,0,0,0
14.6952,0.0856236,-0.059991,0.310594,1.56401,-0.838254,0.849968,10.1967,12.2337,-1.22265,4.81068,-0.28152,1.66428,0,0,0,0,0,0
14.7002,0.0862969,-0.0545012,0.302683,1.5559,-0.811547,0.851533,10.3819,12.3204,-0.85481,5.22468,-0.30636,1.656,0,0,0,0,0,0
14.7053,0.0716854,-0.0629552,0.284363,1.51004,-0.838769,0.879597,10.9571,12.8799,-0.92169,5.72148,0.68724,1.15092,0,0,0,0,0,0
14.7103,0.0233221,-0.0758077,0.278021,1.4664,-0.902754,0.962092,11.6427,13.1635,-1.41911,5.26608,0.43056,0.52164,0,0,0,0,0,0
14.7154,-0.000525758,-0.0863749,0.276307,1.43497,-0.925779,1.08384,9.72786,12.4071,-1.37313,6.21,0.0414,0.22356,0,0,0,0,0,0
14.7202,0.0190261,-0.0839572,0.282307,1.42149,-0.936779,1.21272,10.441,13.1084,-1.27699,5.10876,0.7038,-0.10764,0,0,0,0,0,0
14.7256,0.0478091,-0.0933942,0.279363,1.43154,-0.927016,1.3735,9.51116,13.5024,-0.66462,4.79412,-0.35604,-0.65412,0,0,0,0,0,0
14.7305,0.0929497,-0.100071,0.282333,1.42875,-0.857986,1.50652,9.88152,12.8956,-1.75142,5.59728,-0.3312,-0.77004,0,0,0,0,0,0
14.7357,0.0784836,-0.095738,0.300008,1.39465,-0.856673,1.61267,11.7767,12.8326,-1.57168,6.01128,0.93564,-1.31652,0,0,0,0,0,0
14.7403,0.0630381,-0.0848745,0.308791,1.37578,-0.875912,1.67878,10.1061,12.2022,-1.09934,5.18328,0.04968,-1.93752,0,0,0,0,0,0
14.7454,0.0574815,-0.0781359,0.310705,1.38683,-0.860507,1.68732,11.292,12.7853,-1.27072,4.46292,0.2898,-2.11968,0,0,0,0,0,0
14.7504,0.0549147,-0.0792179,0.30633,1.39024,-0.875042,1.63437,10.2046,12.6513,-0.88825,5.10048,0.56304,-2.66616,0,0,0,0,0,0
14.7553,0.0364929,-0.0877934,0.299031,1.35267,-0.905576,1.56426,11.9303,13.4945,-1.07217,5.77944,0.5382,-3.08016,0,0,0,0,0,0
14.7603,0.00382949,-0.08052,0.296499,1.35276,-0.973062,1.49436,10.9177,12.0997,-0.58102,4.44636,1.38276,-3.34512,0,0,0,0,0,0
14.7652,0.00642083,-0.0728972,0.291389,1.32019,-1.0271,1.41848,10.3307,12.5292,-1.50062,6.76476,0.3726,-3.1464,0,0,0,0,0,0
14.7706,0.0116792,-0.0569117,0.302585,1.26634,-0.948444,1.32011,11.3511,12.6868,-0.95513,5.82912,-0.77004,-3.105,0,0,0,0,0,0
14.7753,-0.0238891,-0.0550961,0.29758,1.26705,-0.831762,1.23907,11.3511,12.6868,-0.95513,5.82912,-0.77004,-3.105,0,0,0,0,0,0
14.7803,-0.0178159,-0.023602,0.30294,1.27222,-0.740183,1.16698,10.1219,11.0202,-0.99902,6.35076,-0.207,-3.20436,0,0,0,0,0,0
14.7851,0.00730123,0.00985701,0.308221,1.29928,-0.707566,1.0899,10.244,11.6782,-1.36895,5.19156,0,-2.84004,0,0,0,0,0,0
14.7904,0.030493,0.0255432,0.307641,1.31342,-0.649842,0.964601,10.902,12.9429,-0.46816,5.56416,-0.43056,-2.38464,0,0,0,0,0,0
14.7955,0.0670377,0.0292354,0.301939,1.35332,-0.632328,0.850347,9.54662,12.4307,-1.26863,4.24764,0.56304,-2.87316,0,0,0,0,0,0
14.8003,0.0949924,0.0266839,0.304294,1.37362,-0.658227,0.716595,11.0399,13.1754,-1.31461,5.7132,0.14904,-1.58148,0,0,0,0,0,0
14.8053,0.0828353,0.00284122,0.291679,1.3213,-0.739863,0.581651,10.7168,13.6245,-0.61028,6.86412,1.51524,-2.74068,0,0,0,0,0,0
14.8103,0.0647155,-0.0179051,0.283097,1.27662,-0.826579,0.494545,11.4181,13.2699,-1.2958,5.86224,0.35604,-2.36808,0,0,0,0,0,0
14.8152,0.0633265,-0.0386688,0.28246,1.26678,-0.761321,0.410863,9.90516,13.3724,-1.51525,5.40684,-1.27512,-2.66616,0,0,0,0,0,0
14.8202,0.0868005,-0.0429664,0.297278,1.25671,-0.664603,0.309923,11.0517,12.5686,-1.80576,6.35904,0.07452,-1.87128,0,0,0,0,0,0
14.8252,0.0785268,-0.043318,0.318199,1.26025,-0.720763,0.196512,10.8429,12.9823,-2.0482,5.04252,1.656,-2.36808,0,0,0,0,0,0
14.8302,0.0990711,-0.0440162,0.326192,1.27358,-0.731378,0.136158,10.5828,13.0138,-0.59774,5.26608,-0.62928,-2.68272,0,0,0,0,0,0
14.8352,0.137571,-0.0492144,0.317858,1.25044,-0.708118,0.172882,9.46388,12.738,-1.22056,6.42528,0.77832,-4.2228,0,0,0,0,0,0
14.8403,0.144138,-0.0513362,0.308909,1.18524,-0.714411,0.268599,11.9185,12.8562,-0.43681,6.97176,-0.03312,-3.65148,0,0,0,0,0,0
14.8453,0.0894982,-0.0536452,0.301778,1.1322,-0.691646,0.348205,11.7136,12.5804,-1.40657,6.27624,0.18216,-3.99924,0,0,0,0,0,0
14.8502,0.0705955,-0.0549045,0.305828,1.10743,-0.692242,0.424546,10.8547,12.7183,-1.38149,5.82912,0.3312,-3.87504,0,0,0,0,0,0
14.8552,0.0534036,-0.0558144,0.297646,1.1241,-0.706024,0.417054,11.166,12.2573,-0.61237,4.85208,0.29808,-2.50884,0,0,0,0,0,0
14.8602,0.0177095,-0.0533444,0.294641,1.12137,-0.770858,0.370801,12.2298,13.0059,-1.34178,6.0858,1.52352,-3.20436,0,0,0,0,0,0
14.8652,-0.0278931,-0.0468663,0.295283,1.06697,-0.886259,0.299458,11.5481,12.1628,-0.7733,6.98004,1.2834,-1.99548,0,0,0,0,0,0
14.8704,-0.0181478,-0.0391515,0.297695,1.00834,-0.922071,0.23273,10.6735,12.9784,-1.50271,6.26796,0.207,-3.23748,0,0,0,0,0,0
14.8752,0.0176772,-0.0399215,0.305718,0.944948,-0.84287,0.211801,10.7089,12.9862,-1.13905,7.14564,-0.62928,-2.88144,0,0,0,0,0,0
14.8803,0.0444778,-0.0365543,0.300365,0.899092,-0.810463,0.112884,10.768,11.887,-0.82973,5.95332,1.01016,-1.66428,0,0,0,0,0,0
14.8853,0.0802296,-0.0201468,0.301519,0.86118,-0.889167,0.0555815,10.3267,12.411,-1.20384,7.35264,1.39932,-3.46932,0,0,0,0,0,0
14.8903,0.126368,-0.0121254,0.301977,0.858836,-0.934266,0.124631,10.0234,11.9934,-1.11606,4.94316,0.38916,-4.00752,0,0,0,0,0,0
14.8952,0.182303,0.00464984,0.301615,0.899467,-0.89705,0.229169,10.3661,11.954,-0.77539,5.0508,0.09936,-4.23108,0,0,0,0,0,0
14.9002,0.226146,0.0370473,0.292785,0.941497,-0.935856,0.279388,10.2046,10.7995,-0.12331,4.45464,1.88784,-3.16296,0,0,0,0,0,0
14.9052,0.248371,0.0583774,0.269349,0.948503,-1.00632,0.224628,10.9059,12.5056,0.16929,6.4998,0.72036,-2.16108,0,0,0,0,0,0
14.9102,0.239176,0.051116,0.234602,0.895476,-1.0034,0.126999,10.9059,12.5056,0.16929,6.4998,0.72036,-2.16108,0,0,0,0,0,0
14.9151,0.285188,0.0487208,0.223241,0.841004,-1.00977,0.0165226,9.41266,12.8168,-1.05545,6.81444,1.18404,-1.6146,0,0,0,0,0,0
14.9202,0.343402,0.0311285,0.218764,0.77488,-1.05033,-0.111018,9.41266,12.8168,-1.05545,6.81444,1.18404,-1.6146,0,0,0,0,0,0
14.9253,0.372424,0.0348353,0.234191,0.798956,-1.03032,-0.101364,11.4496,12.1273,-1.64692,3.78396,0.07452,-4.0158,0,0,0,0,0,0
14.9303,0.318858,0.0261309,0.240012,0.867441,-0.966066,0.0284925,11.4496,12.1273,-1.64692,3.78396,0.07452,-4.0158,0,0,0,0,0,0
14.9352,0.324902,0.0313775,0.23034,0.920739,-0.953208,0.155785,10.5907,12.0722,0.45562,4.13172,1.0764,-4.2228,0,0,0,0,0,0
14.9402,0.282189,0.0150465,0.24245,0.786167,-0.909727,0.361765,12.7695,14.0461,-3.36072,10.7226,-0.4968,-5.68836,0,0,0,0,0,0
14.9453,0.151876,-0.039864,0.289277,0.47575,-0.801509,0.615891,12.7695,14.0461,-3.36072,10.7226,-0.4968,-5.68836,0,0,0,0,0,0
14.9503,0.0200496,-0.0898402,0.323469,0.213019,-0.711415,0.819061,13.463,13.9003,-2.32408,9.71244,-0.38088,-5.382,0,0,0,0,0,0
14.9552,-0.0605442,-0.127624,0.336392,0.0951267,-0.712663,0.885534,11.7136,13.853,-1.43165,6.79788,1.06812,-3.44448,0,0,0,0,0,0
14.9604,-0.0925169,-0.14146,0.34135,0.052677,-0.791729,0.802025,12.0209,12.3243,-1.2958,7.866,1.10124,-2.66616,0,0,0,0,0,0
14.9654,-0.107573,-0.125081,0.347258,0.0554398,-0.88165,0.732618,12.1194,11.9737,-0.96558,5.82084,1.54836,-3.94956,0,0,0,0,0,0
14.9705,-0.144334,-0.112454,0.340557,0.100754,-0.991517,0.718999,12.1194,11.9737,-0.96558,5.82084,1.54836,-3.94956,0,0,0,0,0,0
14.9753,-0.130464,-0.103195,0.338363,0.110656,-1.0458,0.74997,11.1384,13.0887,-0.80256,7.18704,0.83628,-4.94316,0,0,0,0,0,0
14.9804,-0.0809942,-0.0881835,0.352754,0.107184,-1.04112,0.755214,11.3078,11.9185,-1.8601,6.98832,0.52164,-3.51072,0,0,0,0,0,0
14.9854,-0.07195,-0.0740254,0.369671,0.116236,-1.03387,0.691008,11.3078,11.9185,-1.8601,6.98832,0.52164,-3.51072,0,0,0,0,0,0
14.9902,-0.0145119,-0.0576475,0.382851,0.135302,-1.03623,0.60704,10.5631,12.7735,-0.80674,7.14564,0.7038,-2.90628,0,0,0,0,0,0
14.9952,0.0542812,-0.0551356,0.385376,0.137317,-1.01215,0.521769,10.047,12.5686,-1.46927,7.34436,-0.18216,-3.57696,0,0,0,0,0,0
15.0003,0.121162,-0.0524731,0.393815,0.119033,-0.940143,0.491531,10.047,12.5686,-1.46927,7.34436,-0.18216,-3.57696,-0,-0,-0,-0,-0,-0
15.0052,0.212159,-0.0324942,0.408012,0.104071,-0.885124,0.500283,10.6656,12.4583,-0.836,7.4106,0.1656,-4.07376,-0,-0,-0,-0,-0,-0
15.0104,0.239129,-0.0276497,0.401675,0.0796658,-0.857702,0.538297,10.6656,12.4583,-0.836,7.4106,0.1656,-4.07376,-0,-0,-0,-0,-0,-0
15.0153,0.285194,-0.0150034,0.407549,0.0938719,-0.839035,0.541624,10.307,11.8791,-1.49644,6.0858,0.29808,-3.42792,-0,-0,-0,-0,-0,-0
15.0203,0.325685,-0.0106971,0.409099,0.0941461,-0.839441,0.539319,11.4693,13.1872,-0.52877,7.60104,0.7038,-4.1814,-0,-0,-0,-0,-0,-0
15.0254,0.29663,-0.0342903,0.38531,0.0420804,-0.877369,0.567258,11.4693,13.1872,-0.52877,7.60104,0.7038,-4.1814,-0,-0,-0,-0,-0,-0
15.0303,0.275463,-0.0514271,0.3707,0.0143288,-0.898728,0.600046,11.9224,13.136,-0.84436,6.8724,0.31464,-4.40496,-0,-0,-0,-0,-0,-0
15.0352,0.283815,-0.0614857,0.37068,0.026,-0.938267,0.613525,10.6262,12.9508,-1.30416,6.39216,1.21716,-3.8088,-0,-0,-0,-0,-0,-0
15.0405,0.252422,-0.073729,0.374502,0.0004162,-1.02626,0.588999,13.0414,12.9547,-1.25818,8.12268,1.10952,-3.78396,-0,-0,-0,-0,-0,-0
15.0452,0.224089,-0.081039,0.377256,-0.0680398,-0.998174,0.560558,11.82,13.4827,-0.67925,9.11628,-0.75348,-3.77568,-0,-0,-0,-0,-0,-0
15.0503,0.180862,-0.104665,0.36276,-0.158445,-0.881501,0.538189,11.82,13.4827,-0.67925,9.11628,-0.75348,-3.77568,-0,-0,-0,-0,-0,-0
15.0555,0.142698,-0.121031,0.354781,-0.178118,-0.87005,0.607414,11.95,13.1084,-0.97394,6.98004,1.0764,-5.39856,-0,-0,-0,-0,-0,-0
15.0604,0.182384,-0.134741,0.348799,-0.160732,-0.905744,0.640976,10.2755,13.4945,-0.58311,7.0794,0.11592,-3.23748,-0,-0,-0,-0,-0,-0
15.0652,0.223707,-0.162395,0.328765,-0.170969,-0.89618,0.554292,10.2755,13.4945,-0.58311,7.0794,0.11592,-3.23748,-0,-0,-0,-0,-0,-0
15.0706,0.24726,-0.171127,0.31487,-0.164419,-0.904617,0.532048,11.757,11.7648,-0.95304,6.21,0.56304,-4.68648,-0,-0,-0,-0,-0,-0
15.0752,0.260372,-0.159553,0.315622,-0.138048,-0.94889,0.61497,11.0123,11.9697,-1.28953,6.43356,1.16748,-5.3406,-0,-0,-0,-0,-0,-0
15.0803,0.273945,-0.151386,0.318409,-0.11819,-1.02676,0.739277,11.0123,11.9697,-1.28953,6.43356,1.16748,-5.3406,-0,-0,-0,-0,-0,-0
15.0852,0.316174,-0.137897,0.315649,-0.15296,-1.04959,0.813362,10.5159,11.8358,-0.5016,8.79336,0.28152,-4.58712,-0,-0,-0,-0,-0,-0
15.0903,0.348534,-0.124507,0.307004,-0.245271,-0.966768,0.874469,11.6979,12.151,-0.75658,8.83476,-0.81144,-5.0922,-0,-0,-0,-0,-0,-0
15.0962,0.310196,-0.119204,0.286608,-0.292416,-0.835354,0.872177,11.9106,12.0367,-0.24035,7.10424,-0.6624,-3.58524,-0,-0,-0,-0,-0,-0
15.1002,0.337531,-0.100428,0.284042,-0.321001,-0.826897,0.833064,10.772,11.6072,-0.90497,9.40608,0.8694,-4.3056,-0,-0,-0,-0,-0,-0
15.1052,0.346462,-0.0810547,0.282583,-0.425888,-0.910821,0.815123,10.772,11.6072,-0.90497,9.40608,0.8694,-4.3056,-0,-0,-0,-0,-0,-0
15.1103,0.383436,-0.0677589,0.286691,-0.465077,-0.976853,0.728022,10.7483,12.7538,-0.81719,7.0794,0.50508,-2.99736,-0,-0,-0,-0,-0,-0
15.1153,0.393137,-0.0679061,0.287814,-0.445032,-1.00842,0.589589,10.7483,12.7538,-0.81719,7.0794,0.50508,-2.99736,-0,-0,-0,-0,-0,-0
15.1202,0.413815,-0.0665006,0.297967,-0.429129,-0.938016,0.552736,11.2842,12.9902,-1.2122,7.50996,-1.3248,-4.69476,-0,-0,-0,-0,-0,-0
15.1252,0.388984,-0.0611327,0.303705,-0.410878,-0.873628,0.605979,11.9618,11.5757,-1.05963,6.54948,0.4554,-4.64508,-0,-0,-0,-0,-0,-0
15.1302,0.360651,-0.0619143,0.300497,-0.408069,-0.874482,0.591422,11.7648,12.8759,-0.92796,7.46028,-0.207,-3.519,-0,-0,-0,-0,-0,-0
15.1352,0.333351,-0.0790026,0.290589,-0.451771,-0.845909,0.534586,12.3913,12.9193,-0.65417,8.29656,-0.13248,-3.84192,-0,-0,-0,-0,-0,-0
15.1402,0.250279,-0.108627,0.266226,-0.531806,-0.836397,0.492953,12.3913,12.9193,-0.65417,8.29656,-0.13248,-3.84192,-0,-0,-0,-0,-0,-0
15.1453,0.193196,-0.137529,0.241913,-0.623583,-0.857101,0.475581,12.0012,12.6829,-0.71687,8.82648,0.29808,-4.28076,-0,-0,-0,-0,-0,-0
15.1503,0.159135,-0.160389,0.23225,-0.695481,-0.86786,0.463667,12.4425,13.329,-1.03246,8.34624,-0.47196,-3.75084,-0,-0,-0,-0,-0,-0
15.1552,0.103872,-0.188527,0.224691,-0.717237,-0.826852,0.420077,12.4425,13.329,-1.03246,8.34624,-0.47196,-3.75084,-0,-0,-0,-0,-0,-0
15.1604,0.119465,-0.20055,0.207623,-0.703254,-0.791802,0.402373,11.4063,12.2258,0.08569,8.26344,-0.18216,-4.31388,-0,-0,-0,-0,-0,-0
15.1653,0.139642,-0.196989,0.179326,-0.701325,-0.781397,0.402779,11.4063,12.2258,0.08569,8.26344,-0.18216,-4.31388,-0,-0,-0,-0,-0,-0
15.1702,0.180227,-0.193948,0.16231,-0.705178,-0.740546,0.418721,11.1226,12.7774,-0.45771,8.4042,-0.91908,-4.72788,-0,-0,-0,-0,-0,-0
15.1752,0.264979,-0.189869,0.156673,-0.685878,-0.711781,0.533985,10.6301,12.2061,-0.66671,7.33608,0.14076,-6.10236,-0,-0,-0,-0,-0,-0
15.1803,0.31629,-0.184143,0.150197,-0.66252,-0.749695,0.717961,10.6301,12.2061,-0.66671,7.33608,0.14076,-6.10236,-0,-0,-0,-0,-0,-0
15.1855,0.384062,-0.185336,0.147412,-0.686937,-0.824264,0.778099,10.4292,12.9193,-0.8151,8.95896,0.81972,-3.90816,-0,-0,-0,-0,-0,-0
15.1904,0.451331,-0.191835,0.147695,-0.721495,-0.829194,0.828274,10.902,12.608,-0.8569,7.60104,-1.04328,-6.19344,-0,-0,-0,-0,-0,-0
15.1952,0.467368,-0.196278,0.147467,-0.734489,-0.74129,0.974018,10.902,12.608,-0.8569,7.60104,-1.04328,-6.19344,-0,-0,-0,-0,-0,-0
15.2002,0.5013,-0.1909,0.143729,-0.733233,-0.678798,1.00864,10.7404,11.6742,-0.43054,7.17876,-0.5382,-4.11516,-0,-0,-0,-0,-0,-0
15.2053,0.473605,-0.186932,0.125161,-0.762587,-0.707377,0.933013,12.541,12.1746,-0.05225,7.94052,0.34776,-4.12344,-0,-0,-0,-0,-0,-0
15.2103,0.397532,-0.185114,0.104672,-0.809429,-0.776487,0.864159,12.541,12.1746,-0.05225,7.94052,0.34776,-4.12344,-0,-0,-0,-0,-0,-0
15.2152,0.377434,-0.176137,0.0986386,-0.844653,-0.770432,0.790615,11.9185,11.757,-0.84018,8.06472,-1.01844,-3.8088,-0,-0,-0,-0,-0,-0
15.2203,0.336013,-0.168689,0.0957948,-0.893641,-0.694156,0.694122,11.9185,11.757,-0.84018,8.06472,-1.01844,-3.8088,-0,-0,-0,-0,-0,-0
15.2254,0.30168,-0.160876,0.0857561,-0.9407,-0.647547,0.638459,12.0879,11.4181,-0.44935,8.12268,-0.52164,-4.57056,-0,-0,-0,-0,-0,-0
15.2302,0.303776,-0.157487,0.0848522,-0.990071,-0.643559,0.673426,10.6538,12.1273,-1.55914,8.54496,-0.54648,-5.24952,-0,-0,-0,-0,-0,-0
15.2352,0.337616,-0.153206,0.089335,-1.0128,-0.599262,0.674061,10.7168,11.9224,-0.49533,7.3692,-1.56492,-3.86676,-0,-0,-0,-0,-0,-0
15.2402,0.358678,-0.148004,0.0876464,-1.03919,-0.542335,0.6977,11.753,11.8515,-1.03246,9.01692,-0.88596,-5.73804,-0,-0,-0,-0,-0,-0
15.2452,0.338345,-0.132554,0.0998435,-1.10531,-0.527606,0.810815,11.753,11.8515,-1.03246,9.01692,-0.88596,-5.73804,-0,-0,-0,-0,-0,-0
15.2502,0.348439,-0.108453,0.111007,-1.10652,-0.552618,0.910207,11.8436,11.4693,-0.52041,6.98004,-0.24012,-5.62212,-0,-0,-0,-0,-0,-0
15.2554,0.324617,-0.0837145,0.113087,-1.06772,-0.609341,0.994414,11.8436,11.4693,-0.52041,6.98004,-0.24012,-5.62212,-0,-0,-0,-0,-0,-0
15.2602,0.345646,-0.0757837,0.107731,-1.06639,-0.621025,1.05214,10.6853,12.5174,-0.07942,8.42904,-1.01016,-5.39856,-0,-0,-0,-0,-0,-0
15.2654,0.399104,-0.0919718,0.091119,-1.12627,-0.555963,1.08791,10.6222,12.8523,-0.21945,9.61308,-1.63944,-5.27436,-0,-0,-0,-0,-0,-0
15.2703,0.41963,-0.108786,0.078047,-1.21526,-0.47443,1.1126,10.6222,12.8523,-0.21945,9.61308,-1.63944,-5.27436,-0,-0,-0,-0,-0,-0
15.2752,0.412946,-0.122812,0.0742247,-1.24629,-0.455522,1.15479,11.8476,12.8168,-0.7733,7.5762,-0.62928,-5.66352,-0,-0,-0,-0,-0,-0
15.2802,0.387694,-0.136585,0.0768908,-1.2559,-0.538679,1.15412,12.4543,12.3519,-1.02201,8.97552,0.28152,-4.45464,-0,-0,-0,-0,-0,-0
15.2854,0.313569,-0.152591,0.0763001,-1.32044,-0.663934,1.08651,12.4543,12.3519,-1.02201,8.97552,0.28152,-4.45464,-0,-0,-0,-0,-0,-0
15.2903,0.280725,-0.177991,0.0631886,-1.361,-0.753591,1.02829,12.1707,12.8011,-0.30723,8.28828,-0.07452,-4.5126,-0,-0,-0,-0,-0,-0
15.2953,0.251455,-0.196138,0.0585438,-1.35529,-0.745991,0.967246,11.9185,12.868,-0.92587,7.47684,-1.58148,-4.5126,-0,-0,-0,-0,-0,-0
15.3002,0.225929,-0.210757,0.0637802,-1.33606,-0.657595,0.906154,11.9185,12.868,-0.92587,7.47684,-1.58148,-4.5126,-0,-0,-0,-0,-0,-0
15.3056,0.214065,-0.221486,0.0673634,-1.29156,-0.594414,0.850435,12.4307,12.4819,-0.65208,6.831,-1.08468,-4.66992,-0,-0,-0,-0,-0,-0
15.3104,0.172725,-0.228732,0.0647035,-1.24987,-0.565025,0.818108,12.4307,12.4819,-0.65208,6.831,-1.08468,-4.66992,-0,-0,-0,-0,-0,-0
15.3154,0.179643,-0.240125,0.0553722,-1.22285,-0.520048,0.747614,10.8941,12.7301,-0.209,7.50996,-1.46556,-3.77568,-0,-0,-0,-0,-0,-0
15.3204,0.225845,-0.23773,0.0453537,-1.2345,-0.485149,0.725595,11.0832,12.1707,0.17138,8.26344,-1.18404,-5.41512,-0,-0,-0,-0,-0,-0
15.3252,0.235911,-0.227113,0.0380081,-1.28256,-0.417262,0.72274,11.6663,11.8003,-0.42218,9.13284,-2.35152,-4.00752,-0,-0,-0,-0,-0,-0
15.3303,0.250326,-0.21692,0.0395401,-1.36767,-0.313531,0.718121,11.162,11.7727,-0.83391,9.82008,-1.72224,-5.28264,-0,-0,-0,-0,-0,-0
15.3352,0.26497,-0.216383,0.0352932,-1.41693,-0.313097,0.857916,11.4221,12.6238,0.03553,7.6176,-0.80316,-7.06284,-0,-0,-0,-0,-0,-0
15.3404,0.298085,-0.211704,0.0252222,-1.3926,-0.393012,1.00491,10.7326,11.3314,-0.34485,7.36092,-0.28152,-5.48136,-0,-0,-0,-0,-0,-0
15.3454,0.326734,-0.187437,0.0259987,-1.36253,-0.494273,1.06161,10.7326,11.3314,-0.34485,7.36092,-0.28152,-5.48136,-0,-0,-0,-0,-0,-0
15.3503,0.371132,-0.166123,0.0275199,-1.36336,-0.515099,1.11694,10.4016,11.5875,-0.32186,8.85132,-1.77192,-5.57244,-0,-0,-0,-0,-0,-0
15.3553,0.403308,-0.164,0.0223038,-1.37655,-0.455333,1.13547,11.292,12.6435,-0.13794,7.54308,-1.83816,-5.15844,-0,-0,-0,-0,-0,-0
15.3601,0.386554,-0.171851,0.016093,-1.37561,-0.398682,1.13102,11.292,12.6435,-0.13794,7.54308,-1.83816,-5.15844,-0,-0,-0,-0,-0,-0
15.3654,0.354435,-0.174363,0.0139742,-1.36034,-0.340246,1.07145,12.0091,11.9224,-0.5016,6.96348,-1.95408,-4.10688,-0,-0,-0,-0,-0,-0
15.3703,0.321618,-0.163847,0.0231786,-1.3467,-0.324192,1.00959,11.9579,11.9067,-0.78793,7.62588,-1.29996,-5.22468,-0,-0,-0,-0,-0,-0
15.3752,0.284387,-0.149262,0.0387109,-1.34817,-0.347739,1.0107,11.9579,11.9067,-0.78793,7.62588,-1.29996,-5.22468,-0,-0,-0,-0,-0,-0
15.3803,0.273331,-0.139639,0.0515889,-1.35057,-0.325932,0.986222,11.753,12.1037,-0.70224,8.13096,-2.37636,-4.60368,-0,-0,-0,-0,-0,-0
15.3853,0.251119,-0.134408,0.0609441,-1.3683,-0.237204,0.92818,11.753,12.1037,-0.70224,8.13096,-2.37636,-4.60368,-0,-0,-0,-0,-0,-0
15.3902,0.24362,-0.132432,0.0582805,-1.35583,-0.165964,0.890346,11.5915,11.8988,-0.04389,7.18704,-2.07828,-4.93488,-0,-0,-0,-0,-0,-0
15.3952,0.249399,-0.133176,0.0513472,-1.34163,-0.0787073,0.841763,10.9571,11.8515,-0.63536,7.68384,-2.8152,-4.27248,-0,-0,-0,-0,-0,-0
15.4003,0.252906,-0.132764,0.0375653,-1.3446,0.0200064,0.846513,11.7176,11.2802,0.16302,7.67556,-2.35152,-6.05268,-0,-0,-0,-0,-0,-0
15.4052,0.248678,-0.136131,0.0272256,-1.38549,-0.00328984,0.89337,11.4378,12.6159,-0.54758,9.00036,-0.88596,-5.20812,-0,-0,-0,-0,-0,-0
15.4102,0.228615,-0.149893,0.0295526,-1.47161,-0.111437,0.895952,11.4378,12.6159,-0.54758,9.00036,-0.88596,-5.20812,-0,-0,-0,-0,-0,-0
15.4152,0.219449,-0.163945,0.0291582,-1.5382,-0.233976,0.936464,11.2014,12.5962,-0.25707,8.42904,-0.64584,-5.98644,-0,-0,-0,-0,-0,-0
15.4204,0.233584,-0.186264,0.0132493,-1.56849,-0.310318,0.920106,10.6932,13.1241,0.44517,8.1144,-1.50696,-4.19796,-0,-0,-0,-0,-0,-0
15.4254,0.272739,-0.197867,0.00260135,-1.52904,-0.384853,0.826353,10.1455,12.0209,-0.3344,6.0858,-0.5796,-4.27248,-0,-0,-0,-0,-0,-0
15.4304,0.285921,-0.201314,-0.00601653,-1.48242,-0.431011,0.749328,11.363,11.3669,-0.21527,7.31124,-1.84644,-4.27248,-0,-0,-0,-0,-0,-0
15.4353,0.252617,-0.211158,-0.0191924,-1.44867,-0.4155,0.631507,11.7885,12.5844,0.06897,6.40044,-1.62288,-2.88144,-0,-0,-0,-0,-0,-0
15.4403,0.217446,-0.226041,-0.0334474,-1.4217,-0.44015,0.5506,11.2487,12.1667,0.08987,7.41888,-1.17576,-4.65336,-0,-0,-0,-0,-0,-0
15.4452,0.204209,-0.231326,-0.0463689,-1.45684,-0.509616,0.571313,11.0005,12.2337,0.48488,8.9424,-0.88596,-4.83552,-0,-0,-0,-0,-0,-0
15.4503,0.255823,-0.209091,-0.0565156,-1.44812,-0.65026,0.609776,8.90834,10.5001,0.5225,6.15204,-0.0414,-4.76928,-0,-0,-0,-0,-0,-0
15.4555,0.261594,-0.201266,-0.0339359,-1.42854,-0.762471,0.731567,12.2573,13.1123,-2.18614,7.66728,-1.1592,-6.5826,-0,-0,-0,-0,-0,-0
15.4603,0.17809,-0.228736,-0.00649255,-1.47129,-0.779035,0.903228,12.5056,13.4393,-0.53295,8.34624,-1.54008,-6.36732,-0,-0,-0,-0,-0,-0
15.4652,0.122385,-0.24406,0.00245476,-1.52706,-0.789889,0.994008,11.9106,12.4977,-0.41591,8.487,-1.0764,-5.6718,-0,-0,-0,-0,-0,-0
15.4703,0.0951239,-0.252378,-0.0149646,-1.60718,-0.792267,1.04171,12.0643,12.0328,0.97185,9.49716,-1.4076,-5.85396,-0,-0,-0,-0,-0,-0
15.4753,0.0853326,-0.252094,-0.0359509,-1.6671,-0.778209,1.04885,11.3984,12.0682,0.13376,8.3628,-1.34964,-4.90176,-0,-0,-0,-0,-0,-0
15.4805,0.0706995,-0.23822,-0.0472841,-1.71502,-0.784563,1.06224,12.5253,11.3117,0.56639,8.8596,-1.20888,-6.18516,-0,-0,-0,-0,-0,-0
15.4853,0.0425984,-0.220657,-0.0444431,-1.70827,-0.793317,1.10485,12.478,12.1864,-0.51832,6.77304,-1.33308,-5.589,-0,-0,-0,-0,-0,-0
15.4903,0.0242933,-0.204934,-0.0440534,-1.70353,-0.812084,1.05999,12.0052,10.9571,0.43054,9.01692,-0.9522,-4.57056,-0,-0,-0,-0,-0,-0
15.4952,0.0375692,-0.192146,-0.0504805,-1.74905,-0.827583,1.08042,11.1029,12.2022,-0.11913,8.12268,-1.35792,-7.0794,-0,-0,-0,-0,-0,-0
15.5002,0.0308423,-0.183714,-0.0576454,-1.74532,-0.847716,1.04734,12.7301,11.3945,0.45562,6.89724,-0.90252,-3.65148,-0,-0,-0,-0,-0,-0
15.5054,-0.00626143,-0.175507,-0.0611486,-1.73985,-0.908801,0.987498,11.7964,11.4418,-0.88616,7.79148,-0.55476,-6.50808,-0,-0,-0,-0,-0,-0
15.5104,-0.00420016,-0.167007,-0.0624262,-1.75771,-0.979868,0.980782,11.3354,11.6506,0.54967,8.24688,-0.67068,-4.53744,-0,-0,-0,-0,-0,-0
15.5152,0.0151573,-0.15168,-0.0593045,-1.76027,-1.04556,0.914355,11.3117,11.3196,-0.78584,7.62588,-0.621,-5.10048,-0,-0,-0,-0,-0,-0
15.5204,0.0625554,-0.1265,-0.0576231,-1.74738,-1.10128,0.902174,9.96426,10.374,0.44726,7.2864,-0.84456,-5.4648,-0,-0,-0,-0,-0,-0
15.5253,0.109927,-0.115251,-0.064156,-1.72317,-1.13656,0.94599,11.2093,12.1194,-0.37411,6.63228,-0.81144,-6.21828,-0,-0,-0,-0,-0,-0
15.5307,0.148435,-0.0814593,-0.0507004,-1.72562,-1.18931,0.99296,10.3858,9.70816,-0.23826,8.59464,-0.7452,-5.51448,-0,-0,-0,-0,-0,-0
15.5354,0.193945,-0.0515796,-0.0473887,-1.74208,-1.21572,1.00304,10.9374,11.5324,0.09823,7.2864,-1.02672,-5.72976,-0,-0,-0,-0,-0,-0
15.5402,0.221511,-0.0317611,-0.0474647,-1.747,-1.22584,1.01214,10.6735,10.6025,-0.01881,7.7004,-1.04328,-5.52276,-0,-0,-0,-0,-0,-0
15.5452,0.262167,-0.0221797,-0.0512415,-1.79267,-1.23378,0.948762,10.0391,11.883,-0.03762,9.09144,-0.97704,-4.2642,-0,-0,-0,-0,-0,-0
15.5502,0.258314,-0.0252088,-0.0586872,-1.81872,-1.21873,0.880307,12.5331,12.214,0.6061,7.14564,-1.54836,-5.43168,-0,-0,-0,-0,-0,-0
15.5552,0.200223,-0.0239951,-0.0737747,-1.83934,-1.18586,0.85267,12.08,11.162,0.47652,8.487,-1.34964,-4.8852,-0,-0,-0,-0,-0,-0
15.5601,0.1518,-0.0186454,-0.0810187,-1.89663,-1.21232,0.816591,12.0052,12.017,0.18601,8.78508,-0.5382,-5.30748,-0,-0,-0,-0,-0,-0
15.5652,0.0969242,-0.0185859,-0.0849113,-1.91793,-1.27863,0.818502,12.5331,11.9894,0.4389,7.50168,-0.67896,-5.7546,-0,-0,-0,-0,-0,-0
15.5703,0.0464428,-0.0206907,-0.075055,-1.9145,-1.3388,0.797205,12.0525,12.411,-0.67507,8.0316,-0.61272,-4.61196,-0,-0,-0,-0,-0,-0
15.5753,0.00252786,-0.0397528,-0.0670636,-1.90967,-1.37722,0.815477,12.0564,13.4078,0.36575,7.44372,-1.035,-6.38388,-0,-0,-0,-0,-0,-0
15.5803,-0.0331258,-0.0511169,-0.0699851,-1.86674,-1.38881,0.865312,11.753,11.3669,-0.15466,6.02784,-0.97704,-5.20812,-0,-0,-0,-0,-0,-0
15.5853,-0.0179615,-0.0548957,-0.0699853,-1.82093,-1.40579,0.856324,10.6144,13.0493,0.47443,7.38576,-0.8694,-5.19156,-0,-0,-0,-0,-0,-0
15.5903,0.0119162,-0.0558562,-0.0694759,-1.80421,-1.44037,0.883804,11.0281,11.0793,-0.23826,7.09596,-0.64584,-5.72976,-0,-0,-0,-0,-0,-0
15.5952,0.0365977,-0.0464591,-0.0604321,-1.79226,-1.5145,0.98536,10.8232,11.9934,-0.19437,7.44372,-0.03312,-7.01316,-0,-0,-0,-0,-0,-0
15.6003,0.0630976,-0.0418905,-0.0577881,-1.77232,-1.60242,1.0196,11.1108,11.8397,0.43681,7.12908,-0.33948,-4.69476,-0,-0,-0,-0,-0,-0
15.6053,0.0932665,-0.0409357,-0.056705,-1.78044,-1.65529,0.991526,10.6341,12.2219,-0.10868,8.1558,-0.50508,-6.01956,-0,-0,-0,-0,-0,-0
15.6102,0.132686,-0.0365381,-0.0482409,-1.82488,-1.67373,0.95404,10.8035,11.4851,-0.12122,8.66088,-0.83628,-4.19796,-0,-0,-0,-0,-0,-0
15.6152,0.148366,-0.0394732,-0.0326475,-1.86434,-1.69942,0.905468,11.1187,12.4149,-1.0241,7.76664,-0.26496,-5.77944,-0,-0,-0,-0,-0,-0
15.6203,0.154107,-0.0532222,-0.0314199,-1.88954,-1.7337,0.908531,10.9217,12.5528,1.04918,7.88256,-0.59616,-5.0922,-0,-0,-0,-0,-0,-0
15.6253,0.171069,-0.0524479,-0.0325227,-1.89324,-1.78964,0.891412,10.5316,11.3354,-0.54131,7.00488,0.10764,-5.4648,-0,-0,-0,-0,-0,-0
15.6302,0.179859,-0.0407564,-0.0147359,-1.89072,-1.87141,0.892132,10.5316,11.3354,-0.54131,7.00488,0.10764,-5.4648,-0,-0,-0,-0,-0,-0
15.6352,0.130462,-0.0457624,-0.0204249,-1.92453,-1.92325,0.864423,12.5647,12.6041,1.07635,8.32968,-0.414,-4.87692,-0,-0,-0,-0,-0,-0
15.6402,0.0421003,-0.0542317,-0.0384524,-1.99234,-1.93016,0.817465,12.5647,12.6041,1.07635,8.32968,-0.414,-4.87692,-0,-0,-0,-0,-0,-0
15.6452,-0.012707,-0.0588643,-0.0441747,-2.06565,-1.91516,0.796665,11.7254,12.4583,0.26334,8.8596,-0.54648,-5.20812,-0,-0,-0,-0,-0,-0
15.6505,-0.0642788,-0.0611556,-0.0273389,-2.13639,-1.88895,0.885899,12.6395,12.6553,-0.49742,8.5284,-0.24012,-7.01316,-0,-0,-0,-0,-0,-0
15.6553,-0.110876,-0.0733671,-0.0158793,-2.17646,-1.86667,0.990052,12.1628,12.8838,0.11913,7.97364,0.15732,-6.0858,-0,-0,-0,-0,-0,-0
15.6603,-0.118864,-0.0689262,-0.00810769,-2.19161,-1.87308,1.00262,11.556,11.4142,0.03553,8.08128,0.81972,-5.64696,-0,-0,-0,-0,-0,-0
15.6652,-0.0827079,-0.0346463,0.00225532,-2.18509,-1.90655,0.993518,10.5907,9.75544,-0.22781,7.7004,1.31652,-5.90364,-0,-0,-0,-0,-0,-0
15.6702,-0.0268174,-0.00209096,0.00744383,-2.15226,-1.94471,0.94887,10.768,11.7373,0.59147,7.10424,1.46556,-5.10048,-0,-0,-0,-0,-0,-0
15.6752,0.0469433,0.0264625,0.00205144,-2.10219,-1.96216,0.92995,9.60572,10.5592,0.94886,6.59088,1.34964,-6.43356,-0,-0,-0,-0,-0,-0
15.6802,0.0843331,0.0499228,0.000613548,-2.05069,-1.9434,0.898477,11.6466,11.69,0.07942,6.35076,1.60632,-4.77756,-0,-0,-0,-0,-0,-0
15.6852,0.0755455,0.0694162,0.00646897,-2.03288,-1.90285,0.870043,11.229,10.8626,0.37411,7.659,1.85472,-6.35904,-0,-0,-0,-0,-0,-0
15.6905,0.0891838,0.0870599,0.0127863,-1.98552,-1.89591,0.916097,10.7286,11.6821,-0.03553,5.41512,3.24576,-6.27624,-0,-0,-0,-0,-0,-0
15.6952,0.0618251,0.105932,0.0197352,-1.92828,-1.90676,0.999495,12.3519,10.5001,0.36366,6.43356,2.96424,-7.3278,-0,-0,-0,-0,-0,-0
15.7005,-0.0237964,0.142013,0.0224275,-1.92477,-1.87317,0.966809,12.7144,10.3898,0.45562,7.3692,3.36996,-4.04892,-0,-0,-0,-0,-0,-0
15.7053,-0.0692396,0.156125,0.0310173,-1.95707,-1.79515,0.928486,11.032,11.4812,-0.80256,7.76664,3.1878,-6.90552,-0,-0,-0,-0,-0,-0
15.7102,-0.0670039,0.165537,0.0285725,-1.97083,-1.61807,0.951884,10.8271,10.4292,1.18712,6.34248,2.43432,-5.2164,-0,-0,-0,-0,-0,-0
15.7151,-0.05807,0.174239,0.0177838,-1.97007,-1.40989,0.982391,10.6459,11.82,0.17556,7.12908,3.04704,-7.02144,-0,-0,-0,-0,-0,-0
15.7203,-0.0578546,0.166857,0.0166384,-2.00086,-1.16707,1.00495,11.0478,11.6506,0.22572,7.66728,2.42604,-5.0094,-0,-0,-0,-0,-0,-0
15.7254,-0.063105,0.172583,0.00959943,-2.0148,-0.947652,0.926861,10.9926,11.0478,0.95304,6.7896,3.34512,-4.87692,-0,-0,-0,-0,-0,-0
15.7304,-0.0364456,0.178544,0.00630244,-2.00704,-0.784168,0.917608,10.0628,11.7294,0.07733,6.73992,3.36996,-6.15204,-0,-0,-0,-0,-0,-0
15.7353,0.00583651,0.188244,0.0133499,-2.01725,-0.548925,0.977154,10.3504,10.8744,0.27379,7.60932,1.63944,-6.30936,-0,-0,-0,-0,-0,-0
15.7403,0.0149054,0.188966,0.00521524,-2.05781,-0.252459,1.08462,11.1305,12.1391,1.0241,7.75836,2.1114,-7.38576,-0,-0,-0,-0,-0,-0
15.7453,0.00711079,0.200632,0.0141675,-2.09628,-0.0220315,1.15315,11.0162,10.7404,-0.3971,7.35264,2.31012,-5.78772,-0,-0,-0,-0,-0,-0
15.7502,0.0106875,0.226439,0.040191,-2.12637,0.173975,1.14633,11.0162,10.7404,-0.3971,7.35264,2.31012,-5.78772,-0,-0,-0,-0,-0,-0
15.7552,0.000198736,0.235914,0.0443462,-2.14452,0.308668,1.11338,11.686,12.281,1.23519,6.93864,3.16296,-5.175,-0,-0,-0,-0,-0,-0
15.7604,-0.0344898,0.234645,0.0436149,-2.15495,0.42656,1.05833,11.6112,11.7688,0.05434,7.1622,2.37636,-5.15844,-0,-0,-0,-0,-0,-0
15.7653,-0.0595912,0.234863,0.0472452,-2.13747,0.547587,1.06213,11.2211,11.7924,0.75449,6.24312,2.74068,-6.38388,-0,-0,-0,-0,-0,-0
15.7703,-0.0776651,0.236362,0.0442056,-2.07799,0.614032,1.06327,11.0241,11.7727,0.72732,5.44824,3.12984,-5.175,-0,-0,-0,-0,-0,-0
15.7753,-0.0899088,0.236401,0.0483045,-2.05966,0.668155,1.00034,11.1463,11.6939,0.01463,7.41888,2.90628,-5.10048,-0,-0,-0,-0,-0,-0
15.7803,-0.0921481,0.257886,0.0573281,-2.09038,0.751594,0.974495,10.9217,10.4883,0.86526,7.31124,2.25216,-5.9616,-0,-0,-0,-0,-0,-0
15.7856,-0.0811872,0.263652,0.0560918,-2.08244,0.872862,1.01681,10.6813,12.8523,0.64581,5.98644,2.31012,-6.47496,-0,-0,-0,-0,-0,-0
15.7904,-0.0814026,0.257772,0.0549688,-2.06145,0.915407,1.05663,10.8389,10.969,0.50578,6.51636,3.45276,-5.89536,-0,-0,-0,-0,-0,-0
15.7954,-0.0706196,0.2785,0.0621409,-2.05446,0.893772,1.0659,10.8389,10.969,0.50578,6.51636,3.45276,-5.89536,-0,-0,-0,-0,-0,-0
15.8004,-0.0440009,0.299469,0.0713924,-2.05604,0.937807,1.11606,10.4331,11.292,0.53922,6.9138,2.03688,-6.73992,-0,-0,-0,-0,-0,-0
15.8052,-0.0233922,0.3017,0.0742316,-2.04492,1.06638,1.16363,10.3031,11.5836,0.25289,6.05268,1.80504,-5.7132,-0,-0,-0,-0,-0,-0
15.8103,-0.00829754,0.299861,0.0735172,-2.03385,1.17311,1.18749,10.311,11.8988,1.00947,6.57432,2.3184,-6.40044,-0,-0,-0,-0,-0,-0
15.8153,-0.021555,0.296148,0.0586968,-2.0414,1.24406,1.22378,11.1344,11.56,1.29998,6.64884,2.14452,-6.39216,-0,-0,-0,-0,-0,-0
15.8203,-0.0455335,0.305251,0.0487446,-2.04546,1.30892,1.24583,11.1344,11.56,1.29998,6.64884,2.14452,-6.39216,-0,-0,-0,-0,-0,-0
15.8254,-0.073897,0.315549,0.049773,-2.0415,1.3466,1.24254,11.3748,11.8436,0.68761,6.55776,2.43432,-6.0444,-0,-0,-0,-0,-0,-0
15.8306,-0.0902359,0.304287,0.0478933,-2.02843,1.33178,1.18312,10.4449,12.8523,1.05754,6.03612,3.17124,-5.19156,-0,-0,-0,-0,-0,-0
15.8354,-0.104968,0.280996,0.0344104,-2.00606,1.2869,1.12001,11.5009,12.7104,1.37313,5.88708,3.23748,-5.85396,-0,-0,-0,-0,-0,-0
15.8403,-0.107562,0.276137,0.0238836,-1.97801,1.19323,1.17735,10.0903,11.2763,1.07217,5.6304,4.06548,-7.33608,-0,-0,-0,-0,-0,-0
15.8453,-0.0679719,0.290519,0.0221337,-1.9324,1.06435,1.2955,10.0903,11.2763,1.07217,5.6304,4.06548,-7.33608,-0,-0,-0,-0,-0,-0
15.8505,-0.026647,0.302874,0.0245949,-1.87306,0.961245,1.35312,10.0352,11.6506,0.8569,5.39856,3.65976,-6.417,-0,-0,-0,-0,-0,-0
15.8553,0.00770165,0.306575,0.043759,-1.82236,0.912944,1.30988,10.0312,11.3945,-0.84436,5.39028,3.4776,-5.40684,-0,-0,-0,-0,-0,-0
15.8604,0.041536,0.324329,0.0806392,-1.7864,0.952331,1.19902,10.0785,10.9453,-0.00209,5.57244,1.85472,-4.8024,-0,-0,-0,-0,-0,-0
15.8655,0.0282433,0.35593,0.0931538,-1.77083,0.998834,1.10308,11.7294,9.76332,0.80883,6.46668,3.41136,-5.4234,-0,-0,-0,-0,-0,-0
15.8704,-0.0216466,0.398058,0.0960451,-1.78735,0.967865,1.05517,11.7294,9.76332,0.80883,6.46668,3.41136,-5.4234,-0,-0,-0,-0,-0,-0
15.8752,-0.0474153,0.428411,0.0873615,-1.78468,0.890648,1.08876,10.5828,10.7168,1.672,5.49792,4.33044,-6.90552,-0,-0,-0,-0,-0,-0
15.8804,-0.0509412,0.450044,0.0685358,-1.75888,0.760857,1.1902,10.5828,10.7168,1.672,5.49792,4.33044,-6.90552,-0,-0,-0,-0,-0,-0
15.8853,-0.0733778,0.463427,0.0628557,-1.71282,0.659305,1.2424,10.8547,11.2093,0.65417,4.52088,3.98268,-6.2928,-0,-0,-0,-0,-0,-0
15.8903,-0.0945235,0.472566,0.0712174,-1.65204,0.591325,1.24514,10.8547,11.2093,0.65417,4.52088,3.98268,-6.2928,-0,-0,-0,-0,-0,-0
15.8953,-0.110266,0.497244,0.0739809,-1.64276,0.607932,1.31851,10.6735,9.5939,1.05545,6.2928,2.50884,-7.89084,-0,-0,-0,-0,-0,-0
15.9002,-0.11123,0.5245,0.063201,-1.65046,0.596582,1.35398,10.3977,11.2329,2.06492,5.26608,4.43808,-5.89536,-0,-0,-0,-0,-0,-0
15.9052,-0.0703354,0.536259,0.0613518,-1.635,0.548348,1.27325,8.91228,10.4883,-0.14421,5.26608,3.36168,-5.24124,-0,-0,-0,-0,-0,-0
15.9102,-0.0155403,0.555352,0.0742049,-1.61935,0.507044,1.13076,9.53874,11.2763,1.5257,5.41512,4.02408,-4.23936,-0,-0,-0,-0,-0,-0
15.9153,0.0183069,0.562246,0.0636201,-1.60436,0.438106,0.961743,9.53874,11.2763,1.5257,5.41512,4.02408,-4.23936,-0,-0,-0,-0,-0,-0
15.9203,0.0496608,0.576981,0.0648302,-1.62594,0.38991,0.971747,9.2196,10.1652,0.42845,6.92208,3.726,-7.25328,-0,-0,-0,-0,-0,-0
15.9252,0.0624085,0.595235,0.0770326,-1.64229,0.358485,1.05228,9.85,10.9965,0.80465,5.33232,3.63492,-5.57244,-0,-0,-0,-0,-0,-0
15.9302,0.0506102,0.601522,0.0822244,-1.6172,0.33665,1.04278,9.85,10.9965,0.80465,5.33232,3.63492,-5.57244,-0,-0,-0,-0,-0,-0
15.9355,0.0478312,0.606083,0.0826404,-1.58549,0.371553,0.988512,9.09352,10.9493,1.00947,5.15844,2.55852,-4.85208,-0,-0,-0,-0,-0,-0
15.9402,0.105261,0.624723,0.0848273,-1.572,0.412451,0.917176,7.79332,10.0352,1.04291,6.06924,3.34512,-4.58712,-0,-0,-0,-0,-0,-0
15.9453,0.161518,0.653404,0.0976879,-1.56289,0.40774,0.891589,9.06988,10.441,0.51623,5.4648,3.2292,-5.4234,-0,-0,-0,-0,-0,-0
15.9505,0.146002,0.687165,0.104702,-1.50509,0.371294,1.09119,10.4922,9.13686,1.24564,4.08204,4.07376,-8.7354,-0,-0,-0,-0,-0,-0
15.9552,0.0397251,0.724726,0.108286,-1.39058,0.300802,1.29996,12.9153,9.78696,0.91542,2.29356,4.02408,-6.59088,-0,-0,-0,-0,-0,-0
15.9604,-0.0653986,0.746063,0.11008,-1.2734,0.348286,1.38337,10.8823,10.835,1.22892,3.61008,2.26044,-6.81444,-0,-0,-0,-0,-0,-0
15.9653,-0.0842807,0.765467,0.111693,-1.16555,0.410626,1.36854,10.3977,10.0312,1.07217,1.91268,3.84192,-5.29092,-0,-0,-0,-0,-0,-0
15.9703,-0.101331,0.797867,0.115633,-0.993324,0.426069,1.29371,11.1541,9.35356,0.95931,0.7866,3.29544,-5.85396,-0,-0,-0,-0,-0,-0
15.9755,-0.1065,0.822783,0.107889,-0.785489,0.412288,1.32279,10.1061,10.8705,1.9855,0.414,4.27248,-7.15392,-0,-0,-0,-0,-0,-0
15.9802,-0.140131,0.816872,0.0960519,-0.60409,0.352398,1.3838,12.1155,12.0406,1.20593,0.48024,4.33872,-6.81444,-0,-0,-0,-0,-0,-0
15.9853,-0.21061,0.805826,0.0972779,-0.419427,0.353058,1.38136,11.5678,11.5166,1.10352,0.4968,3.08016,-6.13548,-0,-0,-0,-0,-0,-0
15.9902,-0.246457,0.815455,0.098856,-0.254504,0.361656,1.37912,11.1935,10.6065,1.56123,0.5382,4.0158,-6.80616,-0,-0,-0,-0,-0,-0
15.9952,-0.230449,0.832616,0.102266,-0.0984689,0.381464,1.33559,9.74756,10.9099,1.07217,-0.19872,2.96424,-4.761,-0,-0,-0,-0,-0,-0
16.0006,-0.212059,0.837198,0.0930102,-0.0588092,0.47661,1.25063,10.8823,11.2763,2.16315,0.27324,2.79036,-5.92848,-0,-0,-0,-0,-0,-0
16.0053,-0.192058,0.848951,0.0870707,-0.122665,0.542522,1.23588,9.72786,10.3504,1.10561,-0.6624,3.07188,-6.05268,-0,-0,-0,-0,-0,-0
16.0102,-0.14974,0.87202,0.0962621,-0.197592,0.552887,1.19836,9.95244,10.311,1.04709,-0.51336,3.75912,-5.24952,-0,-0,-0,-0,-0,-0
16.0153,-0.0961401,0.888951,0.100435,-0.293347,0.608363,1.18137,9.15656,11.0399,1.54242,0.15732,2.24388,-6.80616,-0,-0,-0,-0,-0,-0
16.0203,-0.0705561,0.89143,0.0988736,-0.374181,0.716041,1.19369,10.3031,11.5206,1.49017,-1.10124,2.46744,-6.06096,-0,-0,-0,-0,-0,-0
16.0254,-0.0536028,0.890654,0.0937323,-0.438967,0.752295,1.18224,9.62542,11.296,1.79531,-0.29808,3.51072,-6.30936,-0,-0,-0,-0,-0,-0
16.0305,-0.0464313,0.89567,0.090101,-0.519261,0.708531,1.17297,10.3386,10.7838,1.3167,-0.414,3.85848,-5.93676,-0,-0,-0,-0,-0,-0
16.0354,-0.0516011,0.913361,0.0981139,-0.602385,0.69886,1.10775,10.1731,10.7798,1.40866,0.09108,2.7324,-5.15844,-0,-0,-0,-0,-0,-0
16.0403,-0.0435153,0.933764,0.100099,-0.633622,0.771332,1.02492,9.7515,10.2558,1.66155,-2.21076,2.26872,-5.43996,-0,-0,-0,-0,-0,-0
16.0454,-0.0101909,0.948262,0.100332,-0.624577,0.799278,0.954709,9.22354,11.0162,1.30834,-1.97064,3.75084,-5.35716,-0,-0,-0,-0,-0,-0
16.0502,6.03624e-05,0.959148,0.101026,-0.645228,0.769187,0.946354,10.1297,10.4252,1.66782,-1.2006,3.312,-6.32592,-0,-0,-0,-0,-0,-0
16.0553,0.0187758,0.964817,0.0980082,-0.68892,0.79789,0.918181,9.19596,11.6151,1.64483,-0.77004,2.63304,-4.9266,-0,-0,-0,-0,-0,-0
16.0606,0.0698205,0.961916,0.100795,-0.736443,0.85423,0.816682,9.19596,11.6151,1.64483,-0.77004,2.63304,-4.9266,-0,-0,-0,-0,-0,-0
16.0653,0.115346,0.963527,0.120046,-0.781096,0.896332,0.788967,9.04624,11.3984,0.44517,-0.35604,2.61648,-6.11064,-0,-0,-0,-0,-0,-0
16.0704,0.14753,0.953966,0.146818,-0.79499,0.905281,0.776305,9.55844,12.4268,0.99902,-1.49868,3.29544,-5.04252,-0,-0,-0,-0,-0,-0
16.0754,0.14649,0.936265,0.156951,-0.797187,0.873103,0.771258,9.91304,11.8909,1.43374,-0.56304,3.33684,-6.28452,-0,-0,-0,-0,-0,-0
16.0803,0.109446,0.942996,0.161099,-0.775171,0.808224,0.802684,10.969,9.99578,1.39612,-2.68272,4.04892,-5.94504,-0,-0,-0,-0,-0,-0
16.0854,0.0512033,0.966615,0.160516,-0.765417,0.798527,0.865598,10.8035,10.3149,1.78904,-0.64584,2.50056,-7.02144,-0,-0,-0,-0,-0,-0
16.0903,0.0049264,0.9773,0.158705,-0.789883,0.802202,0.912281,10.3543,11.3551,1.60303,-1.83816,3.6846,-6.01956,-0,-0,-0,-0,-0,-0
16.0953,-0.0256332,0.973143,0.156752,-0.800716,0.801155,0.916177,9.9485,11.4733,1.672,-1.51524,2.63304,-5.95332,-0,-0,-0,-0,-0,-0
16.1004,-0.0491324,0.964371,0.161121,-0.848632,0.884522,0.947195,10.3583,11.7688,1.09098,-0.54648,2.11968,-6.48324,-0,-0,-0,-0,-0,-0
16.1053,-0.0643728,0.96741,0.163017,-0.879687,0.914018,0.962567,9.72786,10.378,1.9437,-1.83816,3.4776,-5.87052,-0,-0,-0,-0,-0,-0
16.1104,-0.0636104,0.986023,0.158179,-0.903105,0.837575,0.904162,9.98396,10.7838,1.93116,-0.7866,4.09032,-4.94316,-0,-0,-0,-0,-0,-0
16.1153,-0.0317447,0.992715,0.151295,-0.936488,0.792581,0.901282,8.59708,11.1029,1.89145,-1.25856,3.12984,-6.61572,-0,-0,-0,-0,-0,-0
16.1203,-0.0153123,0.992859,0.149287,-0.945007,0.798155,0.950177,10.3977,11.4772,1.64901,-1.9044,3.312,-6.01128,-0,-0,-0,-0,-0,-0
16.1253,-0.0160017,0.977016,0.152117,-0.95788,0.750622,1.00504,9.2393,12.5253,1.49435,-0.8694,4.29732,-7.09596,-0,-0,-0,-0,-0,-0
16.1304,-0.0225976,0.954969,0.16331,-0.988292,0.671085,1.08154,10.307,12.1628,1.13905,-1.52352,3.74256,-6.61572,-0,-0,-0,-0,-0,-0
16.1353,-0.0555688,0.951349,0.16832,-0.98506,0.660609,1.08778,10.3819,10.8311,1.98759,-2.03688,3.15468,-5.80428,-0,-0,-0,-0,-0,-0
16.1404,-0.061432,0.972987,0.166506,-0.983054,0.617632,1.02422,9.35356,10.0943,1.90608,-1.47384,4.3056,-5.12532,-0,-0,-0,-0,-0,-0
16.1452,-0.113075,0.998406,0.179509,-0.94639,0.535415,1.09435,12.3952,10.374,0.81928,-3.312,4.12344,-8.30484,-0,-0,-0,-0,-0,-0
16.1503,-0.19673,1.02373,0.195369,-0.886657,0.511884,1.17065,10.9887,10.2322,1.68872,-2.58336,3.32028,-5.40684,-0,-0,-0,-0,-0,-0
16.1552,-0.187704,1.03918,0.194228,-0.861939,0.509765,1.10345,9.2393,11.229,2.11299,-2.0286,3.94956,-5.77116,-0,-0,-0,-0,-0,-0
16.1603,-0.12088,1.05012,0.186846,-0.830106,0.442924,0.998721,8.92016,10.7326,2.19032,-2.898,4.65336,-4.54572,-0,-0,-0,-0,-0,-0
16.1652,-0.0748282,1.05939,0.194241,-0.80613,0.407423,0.916671,9.83818,11.2802,1.02828,-1.9872,3.45276,-6.07752,-0,-0,-0,-0,-0,-0
16.1704,-0.0556235,1.06176,0.216278,-0.808788,0.437979,0.927805,9.83818,11.2802,1.02828,-1.9872,3.45276,-6.07752,-0,-0,-0,-0,-0,-0
16.1752,-0.0641046,1.06948,0.228786,-0.79416,0.445055,0.839905,10.4331,10.6774,1.63229,-2.88972,3.99924,-3.8502,-0,-0,-0,-0,-0,-0
16.1803,-0.0839943,1.07684,0.224069,-0.750863,0.457788,0.747608,9.67664,10.8192,2.10463,-3.63492,3.26232,-5.8374,-0,-0,-0,-0,-0,-0
16.1853,-0.079693,1.0856,0.215197,-0.711495,0.497365,0.711011,9.36932,10.5789,2.10881,-2.86488,3.44448,-4.86036,-0,-0,-0,-0,-0,-0
16.1902,-0.0642261,1.09666,0.207925,-0.683585,0.524133,0.642392,9.36932,10.5789,2.10881,-2.86488,3.44448,-4.86036,-0,-0,-0,-0,-0,-0
16.1952,-0.0497969,1.10276,0.211684,-0.675055,0.568157,0.692452,9.23536,11.2172,1.34596,-1.9458,3.13812,-7.06284,-0,-0,-0,-0,-0,-0
16.2003,-0.0347049,1.09933,0.223806,-0.691077,0.62519,0.845404,9.23536,11.2172,1.34596,-1.9458,3.13812,-7.06284,-0,-0,-0,-0,-0,-0
16.2053,0.00216278,1.09337,0.229884,-0.72762,0.667884,0.959095,7.96668,11.4418,1.78904,-1.26684,3.45276,-6.68196,-0,-0,-0,-0,-0,-0
16.2101,0.0712494,1.08523,0.23068,-0.770059,0.688978,1.03958,7.96668,11.4418,1.78904,-1.26684,3.45276,-6.68196,-0,-0,-0,-0,-0,-0
16.2152,0.106833,1.07647,0.237652,-0.778734,0.750931,1.0295,9.11716,11.6466,1.4212,-2.55852,2.72412,-4.97628,-0,-0,-0,-0,-0,-0
16.2202,0.118188,1.06758,0.250856,-0.76119,0.826065,0.944098,9.11716,11.6466,1.4212,-2.55852,2.72412,-4.97628,-0,-0,-0,-0,-0,-0
16.2251,0.114591,1.0593,0.254667,-0.76426,0.856386,0.897283,9.64118,11.8279,2.28437,-1.97892,3.34512,-5.48964,-0,-0,-0,-0,-0,-0
16.2303,0.0984519,1.06081,0.256392,-0.794234,0.89983,0.875278,9.57026,10.9374,1.79531,-1.21716,2.31012,-5.382,-0,-0,-0,-0,-0,-0
16.2352,0.100007,1.07721,0.257559,-0.793662,0.938169,0.877812,9.11716,10.5316,2.44948,-3.17952,3.37824,-5.98644,-0,-0,-0,-0,-0,-0
16.2402,0.0894611,1.10068,0.252957,-0.781524,0.897364,0.869071,10.0785,10.2913,2.26138,-1.87128,3.7674,-5.27436,-0,-0,-0,-0,-0,-0
16.2452,0.0668398,1.12668,0.249618,-0.788835,0.860676,0.838188,9.2787,10.3031,2.46411,-2.00376,3.16296,-5.49792,-0,-0,-0,-0,-0,-0
16.2502,0.0818148,1.15444,0.246828,-0.775905,0.851237,0.862064,8.66012,10.0825,2.26765,-2.88972,3.30372,-6.27624,-0,-0,-0,-0,-0,-0
16.2551,0.107057,1.18507,0.250015,-0.763518,0.809004,0.927923,8.75074,9.9288,2.03775,-2.40948,3.89988,-6.51636,-0,-0,-0,-0,-0,-0
16.2602,0.106236,1.21839,0.255326,-0.737298,0.805179,0.989112,9.6727,9.72392,2.01058,-3.79224,2.71584,-6.44184,-0,-0,-0,-0,-0,-0
16.2652,0.105527,1.25085,0.260871,-0.731069,0.838752,1.05686,8.53404,9.83818,2.03775,-1.84644,3.22092,-7.14564,-0,-0,-0,-0,-0,-0
16.2705,0.103515,1.28052,0.262268,-0.74276,0.767746,1.09688,9.64512,10.0076,2.32408,-2.83176,4.72788,-5.6718,-0,-0,-0,-0,-0,-0
16.2752,0.080553,1.30206,0.258195,-0.729546,0.697337,1.07938,9.1605,10.0706,2.38051,-2.95596,3.3534,-5.92848,-0,-0,-0,-0,-0,-0
16.2802,0.0786688,1.32586,0.256562,-0.705198,0.646624,1.08342,8.98714,9.91304,2.16106,-3.36996,4.39668,-6.11892,-0,-0,-0,-0,-0,-0
16.2855,0.0640792,1.35024,0.255045,-0.670116,0.54396,1.00243,9.94062,10.0549,2.37424,-3.33684,4.53744,-4.27248,-0,-0,-0,-0,-0,-0
16.2904,0.0381182,1.36727,0.250162,-0.674146,0.498865,0.964125,9.21566,10.0825,2.32199,-1.97892,3.80052,-6.51636,-0,-0,-0,-0,-0,-0
16.2954,0.0297987,1.38257,0.245466,-0.664533,0.432775,1.0118,9.26688,10.0825,2.40559,-3.46932,5.0922,-6.13548,-0,-0,-0,-0,-0,-0
16.3003,0.015013,1.40072,0.245662,-0.640437,0.325992,1.07556,9.75544,9.74756,2.13807,-2.88144,4.8024,-6.88896,-0,-0,-0,-0,-0,-0
16.3054,0.00373203,1.42255,0.250816,-0.619132,0.260625,1.15998,9.0423,9.44812,2.10672,-3.27888,4.3056,-6.79788,-0,-0,-0,-0,-0,-0
16.3104,-0.00358518,1.44505,0.254503,-0.607677,0.240388,1.18975,9.65694,9.03836,2.30318,-2.71584,4.15656,-6.01956,-0,-0,-0,-0,-0,-0
16.3155,-0.0477599,1.47025,0.257824,-0.604472,0.288455,1.17163,10.441,8.40008,2.22794,-2.91456,3.16296,-5.9202,-0,-0,-0,-0,-0,-0
16.3204,-0.0791708,1.49933,0.260648,-0.593649,0.30343,1.10278,9.11716,7.5254,2.37633,-3.00564,4.68648,-4.8438,-0,-0,-0,-0,-0,-0
16.3252,-0.0739726,1.54266,0.26547,-0.595724,0.299609,1.03644,8.97532,5.85878,2.15479,-3.105,3.36168,-5.77944,-0,-0,-0,-0,-0,-0
16.3302,-0.0610887,1.60597,0.274396,-0.573792,0.309412,0.99302,9.04624,4.67678,2.19659,-3.58524,4.36356,-5.18328,-0,-0,-0,-0,-0,-0
16.3354,-0.0331548,1.68627,0.281661,-0.563133,0.301173,0.924822,8.471,3.22686,2.30527,-3.04704,3.89988,-5.2164,-0,-0,-0,-0,-0,-0
16.3402,-0.00292492,1.78024,0.284561,-0.587739,0.322394,0.948032,8.75862,1.37506,2.46202,-2.41776,3.8088,-6.52464,-0,-0,-0,-0,-0,-0
16.3455,0.000622771,1.90603,0.281758,-0.595489,0.361774,1.0282,9.3969,0.06698,2.77552,-3.85848,3.69288,-6.39216,-0,-0,-0,-0,-0,-0
16.3503,-0.0124676,2.02821,0.270103,-0.588223,0.367002,1.08356,9.17626,-0.7486,3.26876,-2.61648,4.2642,-6.18516,-0,-0,-0,-0,-0,-0
16.3552,-0.0336078,2.15178,0.24754,-0.604062,0.361278,1.12749,9.78696,-1.4775,3.73901,-2.87316,3.92472,-6.56604,-0,-0,-0,-0,-0,-0
16.3606,-0.0591926,2.26978,0.206654,-0.569232,0.372297,1.07533,9.18808,-1.90302,4.45379,-4.75272,4.14828,-4.2642,-0,-0,-0,-0,-0,-0
16.3652,-0.0600512,2.34154,0.159035,-0.533624,0.399715,0.979043,8.86106,-1.9503,5.0369,-3.40308,3.5604,-5.35716,-0,-0,-0,-0,-0,-0
16.3702,-0.0403856,2.38356,0.10035,-0.53643,0.429056,0.968358,8.53404,-1.9109,5.50924,-3.24576,4.28904,-6.19344,-0,-0,-0,-0,-0,-0
16.3755,-0.0292792,2.40601,0.0363363,-0.52601,0.38056,0.97031,8.84924,-2.63586,6.16759,-3.726,4.77756,-5.5062,-0,-0,-0,-0,-0,-0
16.3802,-0.0276263,2.41873,-0.0112191,-0.522857,0.39014,1.00021,8.73104,-2.75012,6.05473,-3.17952,3.13812,-6.69852,-0,-0,-0,-0,-0,-0
16.3852,-0.0145189,2.42634,-0.0417653,-0.527745,0.482552,1.08885,8.73104,-2.75012,6.05473,-3.17952,3.13812,-6.69852,-0,-0,-0,-0,-0,-0
16.3904,-0.00743787,2.42672,-0.0619833,-0.53705,0.605379,1.14764,9.06594,-2.1276,6.53961,-2.9808,2.72412,-6.20172,-0,-0,-0,-0,-0,-0
16.3952,-0.0242389,2.41606,-0.0805228,-0.552519,0.713498,1.16151,9.06594,-2.1276,6.53961,-2.9808,2.72412,-6.20172,-0,-0,-0,-0,-0,-0
16.4002,-0.0359348,2.40234,-0.0983965,-0.551211,0.706093,1.10374,8.4513,-1.89514,6.80922,-3.71772,4.8852,-4.93488,-0,-0,-0,-0,-0,-0
16.4053,-0.0164911,2.38115,-0.126276,-0.601043,0.699885,1.03891,7.5648,-1.34748,7.53027,-1.0764,2.59164,-5.40684,-0,-0,-0,-0,-0,-0
16.4103,0.0268893,2.35571,-0.160672,-0.688888,0.802949,0.99859,7.5648,-1.34748,7.53027,-1.0764,2.59164,-5.40684,-0,-0,-0,-0,-0,-0
16.4156,0.0923603,2.32925,-0.19497,-0.737106,0.882672,0.971824,6.80438,-1.16624,7.60342,-2.21076,3.16296,-5.68836,-0,-0,-0,-0,-0,-0
16.4203,0.148969,2.30332,-0.225956,-0.75559,0.900017,0.962298,6.80438,-1.16624,7.60342,-2.21076,3.16296,-5.68836,-0,-0,-0,-0,-0,-0
16.4252,0.201867,2.27101,-0.250254,-0.776613,0.923775,0.936089,6.51282,-0.3743,7.19378,-2.43432,3.0636,-5.35716,-0,-0,-0,-0,-0,-0
16.4304,0.265254,2.2316,-0.268168,-0.771532,0.933111,0.905185,6.51282,-0.3743,7.19378,-2.43432,3.0636,-5.35716,-0,-0,-0,-0,-0,-0
16.4353,0.324366,2.19761,-0.282563,-0.757955,0.937013,0.885374,6.51282,-0.3743,7.19378,-2.43432,3.0636,-5.35716,-0,-0,-0,-0,-0,-0
16.4402,0.283622,2.19099,-0.312322,-0.620955,0.855693,0.926432,10.5553,-2.78558,8.68813,-7.4934,4.99284,-6.4998,-0,-0,-0,-0,-0,-0
16.4452,0.13801,2.20564,-0.362326,-0.366231,0.689506,1.04188,10.5553,-2.78558,8.68813,-7.4934,4.99284,-6.4998,-0,-0,-0,-0,-0,-0
16.4501,-0.000560975,2.21391,-0.394439,-0.233971,0.566134,1.14013,10.5631,-2.10002,7.51564,-3.53556,4.89348,-6.1686,-0,-0,-0,-0,-0,-0
16.4553,-0.120739,2.21334,-0.41349,-0.237532,0.466374,1.19638,10.5631,-2.10002,7.51564,-3.53556,4.89348,-6.1686,-0,-0,-0,-0,-0,-0
16.4602,-0.152257,2.20118,-0.428906,-0.270059,0.413039,1.12552,7.90758,-0.7683,7.524,-3.40308,4.71132,-4.04892,-0,-0,-0,-0,-0,-0
16.4652,-0.107526,2.17317,-0.446517,-0.314561,0.368984,0.949304,7.90758,-0.7683,7.524,-3.40308,4.71132,-4.04892,-0,-0,-0,-0,-0,-0
16.4702,-0.0742097,2.14424,-0.467347,-0.350599,0.355828,0.911404,8.58132,-0.58312,7.88348,-3.9744,4.37184,-6.56604,-0,-0,-0,-0,-0,-0
16.4752,-0.0383139,2.12083,-0.491859,-0.364119,0.417568,0.997666,7.8997,-1.18988,7.95036,-3.92472,3.58524,-6.3756,-0,-0,-0,-0,-0,-0
16.4802,0.000121054,2.10099,-0.518778,-0.373168,0.496994,1.061,7.8997,-1.18988,7.95036,-3.92472,3.58524,-6.3756,-0,-0,-0,-0,-0,-0
16.4853,-0.00316226,2.0839,-0.534781,-0.387613,0.554965,1.07171,9.24324,-1.43416,7.15407,-3.6018,3.83364,-5.60556,-0,-0,-0,-0,-0,-0
16.4904,-0.0282343,2.08136,-0.539229,-0.418322,0.596969,1.07332,8.92804,-1.67056,7.73927,-3.04704,3.73428,-5.93676,-0,-0,-0,-0,-0,-0
16.4954,-0.04992,2.07772,-0.553912,-0.460315,0.623508,1.10761,8.92804,-1.67056,7.73927,-3.04704,3.73428,-5.93676,-0,-0,-0,-0,-0,-0
16.5002,-0.0780756,2.07171,-0.571055,-0.482242,0.55999,1.11618,9.2393,-1.38294,8.05695,-3.8088,5.60556,-5.30748,-0,-0,-0,-0,-0,-0
16.5052,-0.0833415,2.05524,-0.582874,-0.48116,0.554117,1.14711,8.04942,-1.0441,7.02031,-4.04064,2.74896,-6.76476,-0,-0,-0,-0,-0,-0
16.5103,-0.0781745,2.0391,-0.575343,-0.487771,0.594883,1.16288,9.1605,-0.81558,6.9806,-3.16296,4.79412,-5.04252,-0,-0,-0,-0,-0,-0
16.5152,-0.067538,2.03083,-0.57894,-0.486034,0.54382,1.09666,8.05336,-1.46174,8.10502,-3.9744,4.82724,-5.15016,-0,-0,-0,-0,-0,-0
16.5202,-0.0340618,2.02767,-0.597893,-0.467944,0.47618,1.04771,8.05336,-1.46174,8.10502,-3.9744,4.82724,-5.15016,-0,-0,-0,-0,-0,-0
16.5252,-0.0145694,2.03141,-0.602906,-0.442944,0.385316,1.04542,8.53798,-1.9897,7.1687,-4.50432,5.53104,-5.86224,-0,-0,-0,-0,-0,-0
16.5301,0.00349813,2.02603,-0.609045,-0.453231,0.287236,1.02337,7.8406,-1.32778,7.70792,-3.09672,5.49792,-4.72788,-0,-0,-0,-0,-0,-0
16.5352,0.0108109,2.01852,-0.604975,-0.490961,0.177317,0.944865,8.7665,-1.59964,6.59604,-3.5604,5.6718,-4.81068,-0,-0,-0,-0,-0,-0
16.5402,-0.0123258,2.02084,-0.603508,-0.49647,0.0905344,0.960482,8.89258,-2.45856,7.72255,-4.38012,5.28264,-6.46668,-0,-0,-0,-0,-0,-0
16.5453,-0.0341126,2.03494,-0.612574,-0.525175,0.0433676,0.983341,8.71922,-2.46644,7.64522,-2.70756,5.11704,-5.0508,-0,-0,-0,-0,-0,-0
16.5502,-0.0584582,2.04618,-0.621128,-0.589827,0.00397178,0.947891,8.71922,-2.46644,7.64522,-2.70756,5.11704,-5.0508,-0,-0,-0,-0,-0,-0
16.5552,-0.075213,2.05769,-0.627009,-0.617435,0.00139848,0.926297,8.37644,-2.3443,7.63059,-4.15656,4.62024,-5.19984,-0,-0,-0,-0,-0,-0
16.5602,-0.100026,2.0554,-0.636581,-0.627955,0.00860946,0.872114,8.98714,-1.3987,7.83332,-3.70116,5.49792,-4.23108,-0,-0,-0,-0,-0,-0
16.5652,-0.139595,2.03779,-0.653518,-0.63902,-0.0340354,0.761968,8.98714,-1.3987,7.83332,-3.70116,5.49792,-4.23108,-0,-0,-0,-0,-0,-0
16.5702,-0.153402,2.01496,-0.665394,-0.641791,-0.0239647,0.721611,8.14004,-0.7683,7.56998,-3.90816,4.68648,-5.6304,-0,-0,-0,-0,-0,-0
16.5751,-0.146079,1.98876,-0.672961,-0.632676,0.0116383,0.753467,8.14004,-0.7683,7.56998,-3.90816,4.68648,-5.6304,-0,-0,-0,-0,-0,-0
16.5802,-0.138997,1.97583,-0.674698,-0.650755,0.0731301,0.823927,8.28188,-1.58782,7.4822,-2.84004,4.29732,-6.42528,-0,-0,-0,-0,-0,-0
16.5853,-0.142977,1.96592,-0.680556,-0.699923,0.140299,0.922851,8.28188,-1.58782,7.4822,-2.84004,4.29732,-6.42528,-0,-0,-0,-0,-0,-0
16.5902,-0.124854,1.95991,-0.689892,-0.70746,0.178303,0.936841,7.39932,-1.85968,7.88139,-4.61196,4.89348,-5.03424,-0,-0,-0,-0,-0,-0
16.5952,-0.127141,1.95272,-0.697526,-0.703007,0.181423,0.898852,8.8453,-1.32384,7.47593,-3.67632,4.7196,-5.20812,-0,-0,-0,-0,-0,-0
16.6002,-0.142971,1.93846,-0.696622,-0.700234,0.197736,0.888229,7.91546,-1.03622,7.2941,-4.73616,4.6782,-5.48136,-0,-0,-0,-0,-0,-0
16.6051,-0.119342,1.92342,-0.704288,-0.669556,0.225243,0.865644,7.37962,-0.94166,8.33701,-4.60368,4.45464,-4.79412,-0,-0,-0,-0,-0,-0
16.6102,-0.112205,1.9124,-0.719171,-0.644024,0.222334,0.900973,8.45918,-1.54054,7.7957,-4.42152,5.31576,-6.59916,-0,-0,-0,-0,-0,-0
16.6152,-0.150738,1.90603,-0.730254,-0.650665,0.152095,0.94273,9.07382,-1.41446,8.09666,-4.14,6.01128,-5.10876,-0,-0,-0,-0,-0,-0
16.6202,-0.203282,1.89687,-0.7461,-0.651481,0.0390936,0.921871,9.07382,-1.41446,8.09666,-4.14,6.01128,-5.10876,-0,-0,-0,-0,-0,-0
16.6252,-0.195099,1.89936,-0.749354,-0.650355,0.0519227,0.890647,7.01714,-2.21034,7.4613,-4.0986,3.8916,-4.761,-0,-0,-0,-0,-0,-0
16.6303,-0.148663,1.9061,-0.750094,-0.640546,0.092006,0.872183,7.43084,-1.8912,7.83959,-4.28076,5.63868,-5.34888,-0,-0,-0,-0,-0,-0
16.6353,-0.160123,1.90538,-0.742691,-0.610896,0.106244,0.891889,9.03048,-1.45386,6.90327,-5.2992,4.35528,-5.53932,-0,-0,-0,-0,-0,-0
16.6403,-0.154731,1.90511,-0.73631,-0.590067,0.121521,0.919197,7.02108,-1.77694,8.09666,-4.5126,5.76288,-5.5476,-0,-0,-0,-0,-0,-0
16.6452,-0.108746,1.90547,-0.747549,-0.591919,0.0566995,0.940879,7.02108,-1.77694,8.09666,-4.5126,5.76288,-5.5476,-0,-0,-0,-0,-0,-0
16.6501,-0.10914,1.90694,-0.745264,-0.591395,0.0679717,0.922877,8.9044,-1.5169,7.30664,-4.76928,4.44636,-4.86036,-0,-0,-0,-0,-0,-0
16.6554,-0.200818,1.90971,-0.75569,-0.550803,0.158924,0.904669,10.2716,-2.02122,9.06642,-5.99472,4.48776,-5.63868,-0,-0,-0,-0,-0,-0
16.6602,-0.30118,1.91532,-0.789097,-0.49614,0.24106,0.918197,10.2716,-2.02122,9.06642,-5.99472,4.48776,-5.63868,-0,-0,-0,-0,-0,-0
16.6652,-0.317607,1.91977,-0.80485,-0.51253,0.318517,0.819557,7.53328,-1.1229,8.19489,-3.58524,5.01768,-3.519,-0,-0,-0,-0,-0,-0
16.6702,-0.276314,1.90522,-0.818116,-0.58989,0.343394,0.620239,7.53328,-1.1229,8.19489,-3.58524,5.01768,-3.519,-0,-0,-0,-0,-0,-0
16.6752,-0.235837,1.89657,-0.812683,-0.659219,0.298877,0.578337,7.56086,-1.6351,6.8761,-4.0158,6.45012,-6.39216,-0,-0,-0,-0,-0,-0
16.6806,-0.185507,1.89815,-0.785474,-0.674555,0.25176,0.590839,7.30476,-1.68238,6.94298,-5.10876,4.9266,-4.52088,-0,-0,-0,-0,-0,-0
16.6851,-0.152896,1.89658,-0.770886,-0.681421,0.325712,0.582522,8.1361,-1.11502,7.75181,-4.43808,4.33044,-5.84568,-0,-0,-0,-0,-0,-0
16.6901,-0.156761,1.89862,-0.761596,-0.725863,0.447631,0.602927,8.6483,-1.44992,7.86049,-3.78396,4.10688,-5.04252,-0,-0,-0,-0,-0,-0
16.6953,-0.190582,1.89366,-0.762432,-0.773764,0.555991,0.595362,8.6483,-1.44992,7.86049,-3.78396,4.10688,-5.04252,-0,-0,-0,-0,-0,-0
16.7002,-0.226403,1.88693,-0.764257,-0.809699,0.642224,0.59427,8.6483,-1.44992,7.86049,-3.78396,4.10688,-5.04252,-0,-0,-0,-0,-0,-0
16.7052,-0.224976,1.89376,-0.753052,-0.837299,0.685173,0.528742,7.4072,-1.98576,7.55744,-4.14828,5.22468,-3.71772,-0,-0,-0,-0,-0,-0
16.7102,-0.204207,1.90138,-0.744934,-0.854229,0.645168,0.421331,7.4072,-1.98576,7.55744,-4.14828,5.22468,-3.71772,-0,-0,-0,-0,-0,-0
16.7153,-0.179201,1.92489,-0.731888,-0.878348,0.636612,0.428102,7.33628,-2.96682,7.55744,-4.00752,4.72788,-5.64696,-0,-0,-0,-0,-0,-0
16.7202,-0.177271,1.94059,-0.727208,-0.915031,0.563633,0.520055,8.08094,-1.66268,7.95454,-3.5604,6.68196,-5.52276,-0,-0,-0,-0,-0,-0
16.7252,-0.199587,1.93544,-0.734166,-0.958259,0.394383,0.605618,8.08094,-1.66268,7.95454,-3.5604,6.68196,-5.52276,-0,-0,-0,-0,-0,-0
16.7305,-0.222208,1.93854,-0.739008,-0.924234,0.243655,0.618599,8.274,-1.95818,8.27431,-6.624,6.78132,-4.2642,-0,-0,-0,-0,-0,-0
16.7352,-0.259869,1.93503,-0.756681,-0.822112,0.103716,0.57284,8.274,-1.95818,8.27431,-6.624,6.78132,-4.2642,-0,-0,-0,-0,-0,-0
16.7402,-0.265601,1.94335,-0.759871,-0.738555,-0.0210326,0.547389,7.08806,-2.49796,7.55744,-5.9616,6.80616,-4.69476,-0,-0,-0,-0,-0,-0
16.7452,-0.239033,1.95352,-0.757227,-0.668184,-0.139839,0.534035,7.08806,-2.49796,7.55744,-5.9616,6.80616,-4.69476,-0,-0,-0,-0,-0,-0
16.7502,-0.210513,1.96346,-0.749818,-0.610126,-0.187897,0.529885,7.3284,-1.8715,7.68702,-5.5476,5.82084,-5.0508,-0,-0,-0,-0,-0,-0
16.7552,-0.176789,1.99345,-0.72663,-0.549189,-0.257215,0.559549,7.05654,-3.55782,7.12481,-6.05268,7.52652,-5.43168,-0,-0,-0,-0,-0,-0
16.7602,-0.146392,2.0304,-0.70507,-0.482521,-0.405864,0.618656,7.05654,-3.55782,7.12481,-6.05268,7.52652,-5.43168,-0,-0,-0,-0,-0,-0
16.7653,-0.128425,2.07481,-0.68806,-0.479476,-0.454337,0.629302,7.7421,-3.33718,8.30984,-4.04892,6.18516,-4.47948,-0,-0,-0,-0,-0,-0
16.7704,-0.140155,2.10458,-0.69821,-0.530647,-0.433729,0.598949,7.7421,-3.33718,8.30984,-4.04892,6.18516,-4.47948,-0,-0,-0,-0,-0,-0
16.7753,-0.159261,2.12668,-0.69707,-0.56225,-0.395042,0.573308,8.09276,-2.46644,7.62432,-4.83552,5.9202,-4.4712,-0,-0,-0,-0,-0,-0
16.7803,-0.14404,2.14733,-0.691239,-0.568895,-0.349974,0.632235,6.43796,-3.10078,7.98589,-5.5476,6.003,-6.01956,-0,-0,-0,-0,-0,-0
16.7853,-0.125143,2.16409,-0.710774,-0.595378,-0.298361,0.771933,7.72634,-2.4625,9.38828,-3.89988,5.60556,-6.42528,-0,-0,-0,-0,-0,-0
16.7902,-0.106864,2.18104,-0.737598,-0.625672,-0.27931,0.800243,6.29612,-2.8171,8.89922,-5.57244,6.72336,-3.99096,-0,-0,-0,-0,-0,-0
16.7952,-0.0608847,2.19639,-0.762136,-0.604456,-0.324845,0.718851,6.29612,-2.8171,8.89922,-5.57244,6.72336,-3.99096,-0,-0,-0,-0,-0,-0
16.8002,-0.0659902,2.22229,-0.756153,-0.578512,-0.286691,0.759268,8.27794,-3.2111,7.14362,-5.7546,5.20812,-6.18516,-0,-0,-0,-0,-0,-0
16.8054,-0.0999234,2.24493,-0.727266,-0.602016,-0.236056,0.880059,7.59238,-2.3246,7.22095,-4.04064,6.52464,-5.9616,-0,-0,-0,-0,-0,-0
16.8102,-0.127183,2.2473,-0.710578,-0.658805,-0.281629,0.96858,7.59238,-2.3246,7.22095,-4.04064,6.52464,-5.9616,-0,-0,-0,-0,-0,-0
16.8152,-0.129774,2.25911,-0.690535,-0.708637,-0.280598,1.00893,6.80832,-2.84862,7.34635,-4.3056,5.55588,-5.23296,-0,-0,-0,-0,-0,-0
16.8202,-0.10097,2.28892,-0.672286,-0.727842,-0.249735,1.03917,6.60344,-3.29384,7.89602,-5.07564,6.31764,-5.72148,-0,-0,-0,-0,-0,-0
16.8254,-0.0705599,2.31688,-0.668595,-0.706031,-0.25701,1.08063,6.60344,-3.29384,7.89602,-5.07564,6.31764,-5.72148,-0,-0,-0,-0,-0,-0
16.8304,-0.0212976,2.3408,-0.65425,-0.65757,-0.265065,1.07682,5.95728,-2.29308,7.61178,-5.9616,6.56604,-5.11704,-0,-0,-0,-0,-0,-0
16.8356,0.0178765,2.35998,-0.634019,-0.651359,-0.234656,1.04698,6.78862,-2.9353,7.42577,-3.80052,5.82084,-5.05908,-0,-0,-0,-0,-0,-0
16.8403,0.0217313,2.36923,-0.626692,-0.696272,-0.176998,1.02658,6.78862,-2.9353,7.42577,-3.80052,5.82084,-5.05908,-0,-0,-0,-0,-0,-0
16.8452,0.019411,2.37419,-0.625362,-0.715813,-0.15228,1.02444,7.11958,-1.99364,8.29521,-4.968,6.57432,-5.36544,-0,-0,-0,-0,-0,-0
16.8502,-0.0120867,2.36728,-0.63321,-0.727639,-0.167144,0.979351,7.7224,-1.83604,8.18026,-4.53744,6.53292,-4.25592,-0,-0,-0,-0,-0,-0
16.8553,-0.0376365,2.36119,-0.634161,-0.776623,-0.127688,0.901312,7.01714,-2.0685,7.71001,-3.66804,5.56416,-4.56228,-0,-0,-0,-0,-0,-0
16.8602,-0.0570735,2.34957,-0.628747,-0.814349,-0.00285166,0.844108,7.34022,-1.15048,7.86676,-4.9266,4.83552,-4.39668,-0,-0,-0,-0,-0,-0
16.8652,-0.0680632,2.34384,-0.625347,-0.826672,0.0604208,0.807538,6.6783,-1.99758,8.35373,-4.6368,6.6654,-4.76928,-0,-0,-0,-0,-0,-0
16.8703,-0.0996178,2.34826,-0.628991,-0.797557,0.0832145,0.759862,7.86818,-2.31278,8.20952,-6.36732,5.35716,-4.13172,-0,-0,-0,-0,-0,-0
16.8752,-0.129692,2.35971,-0.618312,-0.774282,0.118253,0.719084,7.08806,-1.82816,7.86885,-5.35716,6.54948,-4.50432,-0,-0,-0,-0,-0,-0
16.8805,-0.146201,2.35082,-0.618601,-0.776739,0.0834761,0.699832,7.08806,-1.82816,7.86885,-5.35716,6.54948,-4.50432,-0,-0,-0,-0,-0,-0
16.8853,-0.158897,2.34158,-0.620517,-0.780513,0.0494986,0.682992,7.08806,-1.82816,7.86885,-5.35716,6.54948,-4.50432,-0,-0,-0,-0,-0,-0
16.8905,-0.189791,2.33228,-0.608242,-0.810574,0.0192989,0.681636,7.99032,-0.85104,7.524,-4.43808,6.57432,-4.8852,-0,-0,-0,-0,-0,-0
16.8953,-0.247397,2.30069,-0.604019,-0.861006,-0.00877573,0.704719,7.99032,-0.85104,7.524,-4.43808,6.57432,-4.8852,-0,-0,-0,-0,-0,-0
16.9003,-0.264482,2.27522,-0.596914,-0.954213,-0.0862931,0.735422,6.44584,-1.03622,7.76644,-2.8152,7.64244,-5.0508,-0,-0,-0,-0,-0,-0
16.9052,-0.199935,2.2649,-0.58515,-1.02337,-0.18012,0.693372,5.01956,-0.29156,8.56691,-4.81068,7.26156,-3.34512,-0,-0,-0,-0,-0,-0
16.9103,-0.118964,2.23032,-0.601216,-1.00796,-0.263392,0.578506,5.01956,-0.29156,8.56691,-4.81068,7.26156,-3.34512,-0,-0,-0,-0,-0,-0
16.9153,-0.0481593,2.19878,-0.616294,-0.976308,-0.344138,0.479807,5.01956,-0.29156,8.56691,-4.81068,7.26156,-3.34512,-0,-0,-0,-0,-0,-0
16.9202,0.028392,2.18589,-0.618243,-0.957234,-0.338695,0.391785,4.5704,-1.40264,7.98798,-4.14,5.65524,-3.30372,-0,-0,-0,-0,-0,-0
16.9253,0.0880783,2.1867,-0.604842,-0.941632,-0.209354,0.480118,5.24808,-1.6942,7.38815,-4.2228,4.8438,-6.7068,-0,-0,-0,-0,-0,-0
16.9302,0.0666679,2.19382,-0.592241,-0.927232,-0.117475,0.542949,6.82408,-2.02122,7.99843,-3.58524,5.9202,-3.07188,-0,-0,-0,-0,-0,-0
16.9352,0.0236525,2.20315,-0.578159,-0.891691,-0.0313297,0.569449,5.8312,-2.0291,7.17706,-4.65336,4.90176,-6.01956,-0,-0,-0,-0,-0,-0
16.9402,0.0241719,2.21364,-0.541629,-0.888072,0.0794713,0.663881,4.9841,-2.0882,6.21566,-2.50884,5.12532,-4.52088,-0,-0,-0,-0,-0,-0
16.9456,0.00483819,2.21367,-0.518409,-0.882717,0.18335,0.695147,6.07154,-1.39476,8.08203,-4.56228,4.87692,-4.95972,-0,-0,-0,-0,-0,-0
16.9503,0.000524222,2.21428,-0.509888,-0.753656,0.24045,0.692919,4.44432,-2.07638,7.03703,-7.75836,5.43996,-3.9744,-0,-0,-0,-0,-0,-0
16.9553,-0.141914,2.23646,-0.5532,-0.47298,0.166081,0.734623,11.1738,-4.16852,11.7437,-10.2092,7.27812,-5.60556,-0,-0,-0,-0,-0,-0
16.9603,-0.359388,2.27766,-0.607943,-0.254095,0.0132497,0.772088,8.43554,-3.2111,8.66305,-6.44184,7.55964,-4.28904,-0,-0,-0,-0,-0,-0
16.9654,-0.438333,2.31723,-0.625322,-0.176232,-0.117409,0.822632,7.00532,-3.85726,9.01208,-6.48324,7.5762,-5.85396,-0,-0,-0,-0,-0,-0
16.9705,-0.457209,2.35921,-0.616792,-0.143187,-0.176973,0.866445,6.84378,-3.09684,7.23349,-6.77304,6.71508,-4.33044,-0,-0,-0,-0,-0,-0
16.9753,-0.447885,2.39575,-0.593932,-0.161054,-0.30244,0.812358,6.33158,-3.86908,7.71419,-5.5476,9.67932,-4.0572,-0,-0,-0,-0,-0,-0
16.9804,-0.44182,2.43357,-0.578658,-0.257885,-0.41244,0.799424,6.9935,-3.47902,7.73091,-4.43808,6.7482,-5.22468,-0,-0,-0,-0,-0,-0
16.9854,-0.424634,2.45904,-0.567136,-0.379588,-0.451642,0.76009,5.72088,-2.76982,8.03605,-4.56228,8.3628,-3.4362,-0,-0,-0,-0,-0,-0
16.9903,-0.410722,2.48999,-0.565534,-0.441344,-0.50709,0.664491,6.93834,-4.25126,8.34328,-6.61572,7.46028,-3.85848,-0,-0,-0,-0,-0,-0
16.9954,-0.387556,2.52382,-0.578244,-0.468582,-0.538764,0.631605,5.49236,-2.88014,9.27333,-6.18516,8.02332,-4.46292,-0,-0,-0,-0,-0,-0
17.0004,-0.368552,2.54262,-0.596373,-0.543066,-0.654484,0.585223,6.78468,-3.27808,8.56064,-4.65336,8.97552,-3.3948,0,0,0,0,0,0
17.0053,-0.366499,2.551,-0.596118,-0.65907,-0.699415,0.531548,6.30006,-2.06456,7.65985,-4.06548,7.06284,-4.31388,0,0,0,0,0,0
17.0104,-0.354956,2.55865,-0.578062,-0.723675,-0.574719,0.556618,6.11094,-2.65162,7.59088,-5.80428,5.76288,-4.76928,0,0,0,0,0,0
17.0153,-0.395203,2.57368,-0.568896,-0.761149,-0.486498,0.575869,7.89576,-3.22292,8.18862,-5.24952,7.55964,-4.14828,0,0,0,0,0,0
17.0203,-0.45095,2.60234,-0.555731,-0.82065,-0.463825,0.567045,6.91076,-3.35294,7.64313,-4.77756,7.1208,-4.23936,0,0,0,0,0,0
17.0253,-0.474392,2.62697,-0.5503,-0.880804,-0.412802,0.590507,6.65466,-3.26626,8.53138,-4.6368,6.9138,-4.71132,0,0,0,0,0,0
17.0303,-0.46453,2.64815,-0.554798,-0.91035,-0.371282,0.584445,5.48054,-3.30172,8.24923,-5.49792,7.22016,-3.57696,0,0,0,0,0,0
17.0353,-0.475777,2.65745,-0.550309,-0.905246,-0.425913,0.559336,7.33234,-2.1276,7.8375,-5.98644,8.70228,-4.3056,0,0,0,0,0,0
17.0403,-0.473989,2.65759,-0.540956,-0.903513,-0.427132,0.641877,5.11018,-2.21034,7.98798,-5.72148,6.23484,-5.65524,0,0,0,0,0,0
17.0454,-0.469948,2.66151,-0.524719,-0.895534,-0.440257,0.653613,7.1511,-2.71466,7.15616,-6.14376,8.9424,-3.00564,0,0,0,0,0,0
17.0502,-0.534392,2.67336,-0.500109,-0.899207,-0.457794,0.573803,7.71452,-2.93924,7.25021,-5.2578,6.5412,-3.87504,0,0,0,0,0,0
17.0553,-0.582376,2.68285,-0.483768,-0.938377,-0.460691,0.64703,6.58768,-2.05274,8.07576,-4.60368,8.54496,-5.96988,0,0,0,0,0,0
17.0605,-0.611507,2.67527,-0.491483,-0.977331,-0.553876,0.685143,6.61526,-2.11184,8.61289,-4.87692,8.1972,-3.22092,0,0,0,0,0,0
17.0656,-0.613651,2.68353,-0.515776,-0.981203,-0.695097,0.575763,6.05578,-3.65238,9.16883,-6.05268,9.58824,-3.21264,0,0,0,0,0,0
17.0704,-0.610365,2.68425,-0.525206,-0.948628,-0.808617,0.59471,5.83908,-1.379,7.67866,-6.73992,7.97364,-5.55588,0,0,0,0,0,0
17.0752,-0.610153,2.66405,-0.519631,-0.933376,-0.843719,0.615428,6.09912,-1.95818,7.5449,-6.13548,8.073,-3.16296,0,0,0,0,0,0
17.0803,-0.637255,2.65218,-0.515894,-0.943083,-0.8823,0.535462,6.96198,-1.86362,8.23251,-5.64696,8.51184,-3.61008,0,0,0,0,0,0
17.0853,-0.698483,2.645,-0.518168,-0.962264,-0.899812,0.586003,7.19444,-2.26156,8.2764,-5.78772,7.75836,-5.47308,0,0,0,0,0,0
17.0903,-0.759404,2.64324,-0.514252,-1.03545,-0.918015,0.652271,7.0723,-2.17488,7.86676,-3.519,8.85132,-3.8916,0,0,0,0,0,0
17.0955,-0.780016,2.64096,-0.510947,-1.10842,-0.996741,0.657228,5.78786,-2.05274,8.34746,-5.30748,8.82648,-4.39668,0,0,0,0,0,0
17.1003,-0.781435,2.64623,-0.502103,-1.13131,-1.0713,0.671388,6.18186,-2.43886,7.64313,-5.10876,8.90928,-4.28076,0,0,0,0,0,0
17.1053,-0.765988,2.65597,-0.48513,-1.14504,-1.05207,0.689628,4.98016,-2.84074,7.47802,-5.47308,7.33608,-4.4298,0,0,0,0,0,0
17.1102,-0.730982,2.66676,-0.46961,-1.12095,-1.01093,0.649491,5.8115,-2.48614,7.81033,-6.59088,8.43732,-3.04704,0,0,0,0,0,0
17.1152,-0.72184,2.66593,-0.469958,-1.07863,-0.98483,0.632678,5.40962,-2.76588,8.00679,-6.32592,7.60104,-4.83552,0,0,0,0,0,0
17.1204,-0.694305,2.66607,-0.475065,-1.04812,-0.893431,0.714862,5.40962,-2.76588,8.00679,-6.32592,7.60104,-4.83552,0,0,0,0,0,0
17.1253,-0.662719,2.69492,-0.458598,-1.07707,-0.846609,0.726942,5.38204,-3.80604,7.46757,-4.17312,7.98192,-3.63492,0,0,0,0,0,0
17.1302,-0.641411,2.72185,-0.442966,-1.1508,-0.788304,0.688453,5.38204,-3.80604,7.46757,-4.17312,7.98192,-3.63492,0,0,0,0,0,0
17.1352,-0.638137,2.7599,-0.416551,-1.15492,-0.739763,0.71368,5.8312,-3.24262,7.77689,-6.73992,7.73352,-4.90176,0,0,0,0,0,0
17.1402,-0.645919,2.77875,-0.405486,-1.10753,-0.651665,0.798088,5.8312,-3.24262,7.77689,-6.73992,7.73352,-4.90176,0,0,0,0,0,0
17.1453,-0.695954,2.82095,-0.38626,-1.06107,-0.67676,0.850518,7.17868,-4.6886,7.65567,-7.038,9.55512,-4.5126,0,0,0,0,0,0
17.1504,-0.812003,2.8666,-0.377284,-1.00461,-0.743376,0.83386,8.6089,-4.66496,7.78734,-7.30296,8.22204,-3.81708,0,0,0,0,0,0
17.1554,-0.873594,2.88942,-0.380499,-0.959221,-0.778269,0.746462,5.55146,-3.02986,8.37463,-7.38576,9.32328,-3.34512,0,0,0,0,0,0
17.1604,-0.871186,2.89661,-0.376737,-0.957277,-0.854989,0.678693,6.39068,-2.88802,7.47384,-5.72148,8.86788,-4.0572,0,0,0,0,0,0
17.1654,-0.87049,2.90393,-0.363071,-1.01507,-0.908987,0.621979,5.54752,-3.68784,7.36098,-5.56416,9.25704,-3.32028,0,0,0,0,0,0
17.1702,-0.861712,2.91146,-0.349415,-1.10666,-0.882495,0.529486,5.82332,-2.8762,7.46548,-4.07376,7.41888,-3.11328,0,0,0,0,0,0
17.1753,-0.840478,2.91454,-0.349846,-1.16776,-0.771187,0.463988,4.93682,-3.31354,8.44569,-5.98644,7.5762,-3.61836,0,0,0,0,0,0
17.1803,-0.820836,2.90531,-0.356579,-1.18315,-0.716202,0.458244,5.6933,-1.95424,7.64731,-5.41512,8.25516,-4.00752,0,0,0,0,0,0
17.1853,-0.7931,2.88497,-0.356671,-1.23097,-0.707627,0.442588,4.37734,-1.6745,8.28267,-3.89988,8.16408,-3.48588,0,0,0,0,0,0
17.1902,-0.753383,2.87591,-0.354148,-1.26736,-0.677676,0.392809,4.8856,-3.04956,7.44458,-5.8374,7.93224,-3.20436,0,0,0,0,0,0
17.1953,-0.7254,2.88528,-0.33324,-1.25081,-0.717507,0.378407,5.07866,-3.29384,6.88864,-6.35076,9.37296,-4.1814,0,0,0,0,0,0
17.2002,-0.736869,2.88104,-0.313347,-1.27808,-0.756899,0.405334,5.89424,-2.0488,7.15825,-4.49604,7.88256,-3.86676,0,0,0,0,0,0
17.2053,-0.76013,2.87026,-0.319406,-1.28936,-0.75202,0.360722,5.44114,-3.12048,8.54392,-6.93036,8.39592,-2.5668,0,0,0,0,0,0
17.2103,-0.781718,2.84878,-0.343008,-1.24995,-0.80549,0.315793,5.46478,-1.79664,8.01097,-6.69852,9.0252,-3.75084,0,0,0,0,0,0
17.2153,-0.802096,2.82853,-0.358887,-1.2304,-0.853226,0.364569,5.319,-2.6792,8.36627,-5.78772,8.47044,-4.17312,0,0,0,0,0,0
17.2203,-0.805431,2.82658,-0.35645,-1.22098,-0.939645,0.45913,4.925,-2.4034,7.50101,-6.21828,10.0105,-4.62024,0,0,0,0,0,0
17.2254,-0.805661,2.81333,-0.351776,-1.21557,-1.02636,0.539773,5.20474,-2.11972,7.83959,-5.47308,9.03348,-3.84192,0,0,0,0,0,0
17.2302,-0.827003,2.81313,-0.343885,-1.24576,-1.09529,0.490601,5.83908,-3.12442,7.45712,-4.79412,9.4392,-2.47572,0,0,0,0,0,0
17.2352,-0.840972,2.82626,-0.335819,-1.26915,-1.15819,0.462322,4.8856,-3.25444,7.95872,-5.58072,9.49716,-4.347,0,0,0,0,0,0
17.2406,-0.838277,2.83357,-0.338731,-1.24839,-1.22517,0.536539,5.21262,-2.97864,7.99216,-6.26796,9.57168,-4.2228,0,0,0,0,0,0
17.2453,-0.840669,2.83545,-0.337421,-1.21297,-1.23255,0.523652,4.77922,-2.60434,7.85631,-6.39216,8.5284,-2.63304,0,0,0,0,0,0
17.2506,-0.838985,2.85002,-0.322289,-1.1757,-1.25287,0.431481,4.93288,-4.31036,6.8761,-6.21828,10.0022,-2.898,0,0,0,0,0,0
17.2553,-0.853404,2.87416,-0.302444,-1.12329,-1.27531,0.376956,5.48448,-3.51842,7.49474,-7.4934,8.92584,-3.12984,0,0,0,0,0,0
17.2601,-0.876048,2.89187,-0.295767,-1.08407,-1.27165,0.353383,5.06684,-3.95576,7.6076,-6.27624,9.28188,-3.519,0,0,0,0,0,0
17.2653,-0.883596,2.89473,-0.302401,-1.08874,-1.34099,0.379711,4.91712,-2.53342,8.20116,-6.11064,10.3583,-3.92472,0,0,0,0,0,0
17.2702,-0.883262,2.87757,-0.319698,-1.11197,-1.42722,0.427665,4.91712,-2.53342,8.20116,-6.11064,10.3583,-3.92472,0,0,0,0,0,0
17.2753,-0.924395,2.8813,-0.327477,-1.15304,-1.50183,0.382569,6.12276,-3.35688,8.12801,-5.53932,9.32328,-2.20248,0,0,0,0,0,0
17.2806,-0.989587,2.8795,-0.343852,-1.19593,-1.46102,0.254089,6.12276,-3.35688,8.12801,-5.53932,9.32328,-2.20248,0,0,0,0,0,0
17.2854,-1.02381,2.87879,-0.358146,-1.21691,-1.48903,0.232039,4.9447,-2.65162,8.57318,-5.77116,9.96912,-3.99924,0,0,0,0,0,0
17.2902,-1.03877,2.86244,-0.366937,-1.22061,-1.47848,0.343211,5.35052,-2.25762,7.46966,-6.59916,8.93412,-4.70304,0,0,0,0,0,0
17.2953,-1.03298,2.86383,-0.361626,-1.2019,-1.41039,0.41819,4.28278,-3.9597,7.66821,-6.53292,8.83476,-3.32856,0,0,0,0,0,0
17.3002,-1.01373,2.87265,-0.351066,-1.22793,-1.43157,0.369111,4.85014,-3.40416,6.79041,-5.43168,10.5073,-2.5254,0,0,0,0,0,0
17.3055,-1.00192,2.87679,-0.331571,-1.27422,-1.4496,0.310082,4.6098,-2.99834,7.32545,-5.41512,8.97552,-3.21264,0,0,0,0,0,0
17.3104,-1.02333,2.87325,-0.324342,-1.28229,-1.46461,0.308073,6.00456,-3.06138,7.2941,-6.44184,10.1182,-3.75084,0,0,0,0,0,0
17.3157,-1.03576,2.86691,-0.325485,-1.22926,-1.49913,0.356744,4.48766,-3.37658,7.56789,-7.10424,9.6462,-3.89988,0,0,0,0,0,0
17.3204,-1.02738,2.8698,-0.322718,-1.20951,-1.48908,0.387368,4.9644,-3.4081,7.39651,-5.82084,9.53028,-3.59352,0,0,0,0,0,0
17.3254,-1.02515,2.8668,-0.315204,-1.20554,-1.41801,0.393798,4.46402,-2.79346,7.28365,-6.49152,8.59464,-3.20436,0,0,0,0,0,0
17.3303,-1.02067,2.85381,-0.304934,-1.22573,-1.36704,0.363529,4.60192,-2.0488,7.32963,-4.83552,9.4392,-2.97252,0,0,0,0,0,0
17.3355,-1.0204,2.84126,-0.309086,-1.29162,-1.39109,0.332422,4.27096,-3.69572,7.90647,-5.06736,10.2506,-3.26232,0,0,0,0,0,0
17.3403,-1.0509,2.82913,-0.31579,-1.30916,-1.42512,0.342874,5.93364,-2.37582,7.22304,-6.92208,9.01692,-3.66804,0,0,0,0,0,0
17.3453,-1.08715,2.80996,-0.308277,-1.26579,-1.36511,0.391768,4.48372,-3.23868,6.59186,-7.13736,8.80992,-3.85848,0,0,0,0,0,0
17.3504,-1.12344,2.80368,-0.293074,-1.26323,-1.34194,0.432354,5.5751,-3.08502,7.06629,-5.9202,9.54684,-3.56868,0,0,0,0,0,0
17.3554,-1.15912,2.81211,-0.285415,-1.26277,-1.31072,0.401906,4.6689,-4.49948,7.1896,-6.624,8.84304,-2.6496,0,0,0,0,0,0
17.3603,-1.16007,2.81497,-0.291236,-1.23289,-1.35624,0.349414,4.46796,-2.99046,7.89184,-7.15392,10.7888,-2.99736,0,0,0,0,0,0
17.3655,-1.1361,2.79234,-0.312656,-1.23583,-1.48645,0.286723,3.66026,-2.6201,7.94409,-5.7546,10.3914,-2.6082,0,0,0,0,0,0
17.3706,-1.12074,2.7777,-0.334356,-1.27067,-1.55227,0.246051,4.77134,-3.77452,7.97126,-5.88708,9.91944,-3.26232,0,0,0,0,0,0
17.3754,-1.10736,2.78468,-0.317592,-1.29023,-1.59397,0.297107,3.8218,-3.81392,5.51551,-6.09408,10.5487,-4.16484,0,0,0,0,0,0
17.3804,-1.09802,2.78521,-0.292311,-1.31793,-1.60837,0.35388,4.531,-3.349,7.15616,-5.04252,9.38952,-3.36168,0,0,0,0,0,0
17.3854,-1.12876,2.78516,-0.299128,-1.31805,-1.69075,0.300462,5.14958,-4.05426,7.77898,-7.26984,11.8156,-2.09484,0,0,0,0,0,0
17.3906,-1.15123,2.78214,-0.302716,-1.2763,-1.78988,0.207119,4.21974,-3.24262,6.73816,-6.50808,10.1016,-2.57508,0,0,0,0,0,0
17.3955,-1.1432,2.76309,-0.2926,-1.31778,-1.82496,0.0977756,3.61692,-2.24186,6.90118,-4.04892,10.5156,-1.64772,0,0,0,0,0,0
17.4003,-1.13866,2.7345,-0.277396,-1.36665,-1.76126,-0.0170877,4.62556,-1.72966,6.48527,-5.59728,8.46216,-1.97064,0,0,0,0,0,0
17.4052,-1.12097,2.71591,-0.256532,-1.40715,-1.67947,-0.0419678,2.78952,-3.71542,6.01084,-4.2228,10.1099,-3.12156,0,0,0,0,0,0
17.4102,-1.09669,2.69629,-0.249896,-1.42888,-1.70818,0.0263094,3.96364,-2.34824,7.04957,-4.75272,10.1016,-3.57696,0,0,0,0,0,0
17.4153,-1.08963,2.66369,-0.254151,-1.44107,-1.66772,0.0667314,2.94318,-2.47826,6.76115,-4.0986,8.8182,-2.5668,0,0,0,0,0,0
17.4204,-1.05961,2.63318,-0.253386,-1.45457,-1.53333,0.0480576,2.94318,-2.47826,6.76115,-4.0986,8.8182,-2.5668,0,0,0,0,0,0
17.4253,-1.04202,2.60859,-0.24321,-1.42747,-1.49815,0.0216052,2.94318,-2.50978,6.11952,-5.26608,9.86976,-2.47572,0,0,0,0,0,0
17.4305,-1.02385,2.57824,-0.227339,-1.33644,-1.42652,0.0210526,2.8959,-2.11972,6.26791,-6.69852,8.13096,-3.23748,0,0,0,0,0,0
17.4352,-0.990243,2.55691,-0.196991,-1.34801,-1.32162,-0.0217213,1.77694,-2.76588,4.87179,-2.8566,8.5284,-1.80504,0,0,0,0,0,0
17.4403,-1.02004,2.54941,-0.204997,-1.15944,-1.34601,-0.197452,5.23232,-4.42462,8.77591,-13.9766,10.6315,-0.54648,0,0,0,0,0,0
17.4452,-1.20057,2.58547,-0.250897,-0.808543,-1.49609,-0.319558,8.2346,-6.68618,8.32656,-11.3602,11.4016,-2.277,0,0,0,0,0,0
17.4503,-1.37387,2.61164,-0.282376,-0.668937,-1.70376,-0.2776,5.15746,-4.07002,7.34008,-6.85584,11.5754,-3.54384,0,0,0,0,0,0
17.4554,-1.42851,2.61856,-0.276054,-0.692211,-1.73921,-0.147942,4.56252,-3.98334,6.20103,-6.64056,8.88444,-3.7674,0,0,0,0,0,0
17.4603,-1.44542,2.60684,-0.260506,-0.748449,-1.69229,-0.068728,4.30248,-2.73436,6.42884,-6.20172,10.2755,-2.66616,0,0,0,0,0,0
17.4655,-1.45172,2.59316,-0.252064,-0.856377,-1.65479,-0.0233122,4.32218,-3.66026,6.98687,-4.82724,9.38124,-3.11328,0,0,0,0,0,0
17.4702,-1.45042,2.5963,-0.236713,-0.958938,-1.62663,-0.0280249,4.00698,-4.44826,5.69525,-5.57244,10.2506,-1.93752,0,0,0,0,0,0
17.4752,-1.43238,2.60561,-0.219511,-1.01053,-1.63498,-0.0604987,3.79422,-4.28672,6.73398,-7.08768,10.0271,-2.53368,0,0,0,0,0,0
17.4804,-1.4319,2.59882,-0.228552,-1.00844,-1.64115,-0.0912708,4.63344,-3.66026,7.17079,-7.47684,10.2341,-2.03688,0,0,0,0,0,0
17.4853,-1.44781,2.59663,-0.232792,-1.04538,-1.66643,-0.172224,4.05426,-4.88954,6.29508,-5.73804,9.99396,-1.30824,0,0,0,0,0,0
17.4903,-1.44668,2.60603,-0.219625,-1.09109,-1.61198,-0.275052,4.25126,-4.32612,6.19267,-6.79788,9.315,-1.54836,0,0,0,0,0,0
17.4953,-1.45265,2.60662,-0.218903,-1.11818,-1.58613,-0.35386,4.23944,-3.62086,7.53445,-6.0444,10.6398,-1.56492,0,0,0,0,0,0
17.5004,-1.44644,2.61915,-0.220017,-1.1832,-1.65194,-0.389661,3.88484,-4.99592,6.6671,-5.29092,11.2856,-2.2356,0,0,0,0,0,0
17.5055,-1.39548,2.62909,-0.216998,-1.20358,-1.69322,-0.350214,2.85256,-3.85332,6.91372,-7.48512,10.0519,-2.84004,0,0,0,0,0,0
17.5104,-1.35564,2.61675,-0.212418,-1.18195,-1.70717,-0.252644,3.73118,-3.26626,6.23029,-6.61572,10.7806,-3.37824,0,0,0,0,0,0
17.5152,-1.34556,2.60438,-0.194607,-1.18313,-1.63284,-0.151758,3.60116,-3.90848,5.83319,-6.32592,8.32968,-2.99736,0,0,0,0,0,0
17.5202,-1.3566,2.59996,-0.181359,-1.14791,-1.57223,-0.0759617,4.54282,-3.99122,6.62112,-8.1144,11.1449,-2.98908,0,0,0,0,0,0
17.5253,-1.39061,2.59375,-0.185167,-1.12558,-1.61144,-0.00728847,4.26702,-3.92818,6.98687,-6.48324,10.1016,-2.99736,0,0,0,0,0,0
17.5305,-1.45856,2.57548,-0.197704,-1.17709,-1.68451,-0.00544318,5.70512,-3.29384,6.96806,-5.57244,11.6748,-1.79676,0,0,0,0,0,0
17.5352,-1.52851,2.55902,-0.188033,-1.20586,-1.72665,-0.0508618,4.81074,-4.08972,5.04108,-7.07112,9.55512,-2.12796,0,0,0,0,0,0
17.5402,-1.56639,2.55597,-0.146566,-1.20048,-1.60116,-0.0791791,4.81074,-4.08972,5.04108,-7.07112,9.55512,-2.12796,0,0,0,0,0,0
17.5452,-1.61371,2.55541,-0.108988,-1.1969,-1.54863,-0.112889,4.91712,-4.20004,5.36085,-6.88068,10.2175,-1.96236,0,0,0,0,0,0
17.5502,-1.65526,2.54702,-0.106032,-1.23644,-1.5806,-0.168011,4.92894,-4.0779,7.12272,-5.41512,10.8882,-1.63944,0,0,0,0,0,0
17.5552,-1.66282,2.51643,-0.118075,-1.26694,-1.6607,-0.227649,3.38052,-3.09684,5.83528,-7.08768,10.6398,-1.81332,0,0,0,0,0,0
17.5604,-1.65155,2.488,-0.122027,-1.2593,-1.7651,-0.275053,4.41674,-4.05426,6.53543,-6.72336,11.7079,-1.7802,0,0,0,0,0,0
17.5655,-1.66766,2.45478,-0.134683,-1.28964,-1.82853,-0.347496,3.99516,-3.2899,6.05264,-5.72148,9.86976,-1.1592,0,0,0,0,0,0
17.5703,-1.67705,2.42808,-0.140072,-1.29595,-1.80908,-0.451237,4.41674,-3.79816,6.47482,-7.60932,10.408,-0.96876,0,0,0,0,0,0
17.5753,-1.67061,2.42145,-0.15384,-1.26177,-1.8606,-0.561092,3.4475,-4.87378,6.98269,-7.22844,11.7742,-0.89424,0,0,0,0,0,0
17.5802,-1.6584,2.40856,-0.175599,-1.2645,-2.0444,-0.652433,3.92424,-3.54206,6.83012,-6.35076,12.5525,-1.04328,0,0,0,0,0,0
17.5852,-1.66773,2.39119,-0.186863,-1.24702,-2.18461,-0.728876,4.1173,-4.79498,5.96904,-7.56792,11.2774,-0.96876,0,0,0,0,0,0
17.5902,-1.68942,2.39428,-0.18259,-1.22819,-2.17601,-0.815943,4.57828,-4.64526,6.23029,-6.51636,10.3334,-0.621,0,0,0,0,0,0
17.5952,-1.70743,2.40039,-0.175859,-1.25013,-2.11435,-0.901122,3.82968,-4.79892,6.02129,-6.22656,10.4576,-0.7866,0,0,0,0,0,0
17.6002,-1.72357,2.39913,-0.171616,-1.28132,-2.14557,-0.972348,4.44432,-4.24338,6.25955,-6.35904,12.1716,-0.71208,0,0,0,0,0,0
17.6052,-1.74465,2.39123,-0.169006,-1.29885,-2.2246,-1.05115,3.7627,-4.30642,5.99412,-6.36732,11.3684,-0.44712,0,0,0,0,0,0
17.6102,-1.74391,2.3763,-0.165979,-1.29359,-2.18731,-1.11638,3.75482,-3.56176,6.12161,-6.417,9.9774,-0.72036,0,0,0,0,0,0
17.6152,-1.74402,2.35739,-0.158747,-1.27693,-2.18757,-1.15042,3.5854,-3.81786,5.77885,-6.50808,12.0888,-0.9108,0,0,0,0,0,0
17.6202,-1.73149,2.35353,-0.151931,-1.22725,-2.17872,-1.20043,3.39628,-4.98804,6.1028,-7.47684,9.94428,-0.27324,0,0,0,0,0,0
17.6252,-1.69528,2.34843,-0.149371,-1.21392,-2.15369,-1.27846,2.37188,-4.15276,5.86245,-5.49792,11.3436,-0.24012,0,0,0,0,0,0
17.6302,-1.66484,2.33407,-0.147945,-1.23393,-2.18499,-1.38878,3.65238,-4.0976,6.2073,-5.95332,11.5423,0.54648,0,0,0,0,0,0
17.6353,-1.66029,2.31139,-0.141508,-1.22427,-2.21024,-1.5465,3.06926,-4.30248,4.82999,-6.93036,10.615,0.96048,0,0,0,0,0,0
17.6402,-1.65125,2.28062,-0.136784,-1.20505,-2.08845,-1.71568,3.4672,-3.56176,5.96277,-6.3342,8.5698,1.44072,0,0,0,0,0,0
17.6452,-1.74378,2.27659,-0.161878,-1.15985,-1.99945,-1.89571,6.99744,-6.501,7.59715,-8.47044,11.799,1.95408,0,0,0,0,0,0
17.6503,-1.86863,2.27467,-0.188186,-1.05466,-2.10516,-2.05518,5.32294,-4.334,5.76422,-9.0252,11.8487,2.38464,0,0,0,0,0,0
17.6552,-1.87866,2.24323,-0.187808,-1.03259,-2.25129,-2.13265,2.98652,-3.36476,5.71615,-6.42528,12.6436,2.39292,0,0,0,0,0,0
17.6602,-1.86978,2.21108,-0.179437,-1.10067,-2.26283,-2.11838,4.7083,-4.05032,5.39847,-5.97816,9.67932,2.74068,0,0,0,0,0,0
17.6654,-1.86042,2.19651,-0.146848,-1.17432,-2.13461,-2.04372,3.35688,-4.06214,4.65234,-6.03612,10.7143,3.28716,0,0,0,0,0,0
17.6702,-1.82719,2.19337,-0.122933,-1.22491,-2.03826,-1.92741,3.29384,-5.1023,5.80393,-7.07112,9.8118,3.03876,0,0,0,0,0,0
17.6752,-1.78033,2.18725,-0.120274,-1.27107,-2.07021,-1.76779,2.86044,-4.925,5.53432,-5.97816,12.5111,2.96424,0,0,0,0,0,0
17.6802,-1.72055,2.19127,-0.105172,-1.3279,-2.18479,-1.60393,2.86044,-4.925,5.53432,-5.97816,12.5111,2.96424,0,0,0,0,0,0
17.6853,-1.68915,2.18876,-0.0996205,-1.3802,-2.22789,-1.45753,3.02198,-5.6342,5.28143,-5.56416,9.67104,3.1878,0,0,0,0,0,0
17.6902,-1.65262,2.19955,-0.0852486,-1.4286,-2.06069,-1.33835,3.02198,-5.6342,5.28143,-5.56416,9.67104,3.1878,0,0,0,0,0,0
17.6952,-1.63515,2.19283,-0.0717491,-1.47286,-1.98368,-1.2146,3.06138,-4.67678,4.85298,-5.3406,11.029,2.95596,0,0,0,0,0,0
17.7002,-1.62142,2.15684,-0.0723915,-1.49699,-2.04807,-1.08926,3.52236,-3.96364,5.38384,-6.43356,10.6812,2.95596,0,0,0,0,0,0
17.7052,-1.62464,2.12928,-0.0657602,-1.47763,-1.99097,-0.976212,3.52236,-3.96364,5.38384,-6.43356,10.6812,2.95596,0,0,0,0,0,0
17.7102,-1.63834,2.09754,-0.0707318,-1.44901,-1.99953,-0.860658,3.27414,-4.46402,5.65763,-6.38388,11.327,2.691,0,0,0,0,0,0
17.7152,-1.67683,2.06723,-0.0954498,-1.43359,-2.15502,-0.764999,4.10548,-4.62556,6.49781,-5.72148,13.0327,3.17124,0,0,0,0,0,0
17.7202,-1.72007,2.04443,-0.126283,-1.44718,-2.32615,-0.698988,4.10548,-4.62556,6.49781,-5.72148,13.0327,3.17124,0,0,0,0,0,0
17.7254,-1.74675,2.00798,-0.150828,-1.46644,-2.4338,-0.585819,3.25838,-4.63344,5.07452,-5.76288,11.2856,2.22732,0,0,0,0,0,0
17.7305,-1.76324,1.98673,-0.140107,-1.44064,-2.4432,-0.441742,3.60904,-5.0826,4.55202,-7.25328,11.592,2.39292,0,0,0,0,0,0
17.7353,-1.78497,1.96024,-0.134239,-1.40779,-2.42435,-0.320024,3.52236,-4.22368,5.21037,-6.44184,10.4825,2.26872,0,0,0,0,0,0
17.7402,-1.81243,1.92974,-0.13073,-1.40439,-2.39238,-0.184532,4.01092,-3.28202,5.67017,-6.17688,12.2296,1.92924,0,0,0,0,0,0
17.7454,-1.80985,1.91043,-0.11325,-1.38427,-2.50065,-0.0862689,2.57676,-5.09836,4.40363,-6.831,12.6518,2.82348,0,0,0,0,0,0
17.7506,-1.79432,1.88845,-0.0904082,-1.37128,-2.55536,-0.117436,3.59722,-3.68784,4.78192,-6.417,11.3519,4.17312,0,0,0,0,0,0
17.7554,-1.78462,1.86496,-0.0732168,-1.37789,-2.50728,-0.204443,2.99046,-4.70042,4.71086,-6.21,10.8716,3.98268,0,0,0,0,0,0
17.7602,-1.78248,1.85511,-0.0750812,-1.37656,-2.48992,-0.306339,3.743,-5.65784,5.86872,-7.39404,12.0143,4.6368,0,0,0,0,0,0
17.7655,-1.79565,1.83602,-0.090786,-1.36324,-2.57043,-0.425472,3.65238,-4.27884,5.50924,-6.67368,12.3786,4.28904,0,0,0,0,0,0
17.7702,-1.81269,1.82384,-0.0902134,-1.34334,-2.63722,-0.497074,4.08184,-5.89424,4.79028,-6.96348,12.1468,4.23108,0,0,0,0,0,0
17.7755,-1.81682,1.82986,-0.0810264,-1.32346,-2.6088,-0.491886,2.9747,-5.53176,5.26471,-7.15392,10.706,2.88144,0,0,0,0,0,0
17.7802,-1.811,1.8266,-0.0849873,-1.31876,-2.62832,-0.466453,3.94788,-5.42144,5.50088,-6.38388,12.9499,3.87504,0,0,0,0,0,0
17.7854,-1.82446,1.83221,-0.0944781,-1.34268,-2.66669,-0.39048,3.48296,-6.31188,5.7057,-5.9616,11.178,2.04516,0,0,0,0,0,0
17.7903,-1.81372,1.82996,-0.0892307,-1.3579,-2.59043,-0.247808,2.9944,-5.42932,3.84769,-6.93036,10.5156,2.3184,0,0,0,0,0,0
17.7955,-1.80785,1.80626,-0.0882082,-1.33876,-2.45777,-0.146277,3.49084,-5.2993,5.42355,-7.07112,10.0519,2.76552,0,0,0,0,0,0
17.8003,-1.82454,1.79536,-0.0972203,-1.34402,-2.39253,-0.0947076,3.71148,-6.2252,4.84462,-6.0858,11.5009,3.0222,0,0,0,0,0,0
17.8051,-1.82281,1.78849,-0.096849,-1.34016,-2.4076,-0.0848091,2.86044,-5.70118,4.65861,-7.26156,11.5754,3.32856,0,0,0,0,0,0
17.8106,-1.80746,1.75968,-0.101499,-1.33054,-2.41106,-0.132833,3.01804,-4.75558,5.02227,-6.01956,11.178,4.00752,0,0,0,0,0,0
17.8154,-1.80641,1.72488,-0.109956,-1.36189,-2.43174,-0.242406,3.2899,-4.88954,4.85925,-5.06736,11.8735,4.82724,0,0,0,0,0,0
17.8202,-1.82328,1.69943,-0.108631,-1.37383,-2.42234,-0.33231,3.67208,-5.37022,4.37019,-6.1686,10.8137,3.99924,0,0,0,0,0,0
17.8253,-1.84101,1.6678,-0.109351,-1.32649,-2.4026,-0.278659,3.32142,-4.6689,4.86761,-6.9138,11.4678,2.16108,0,0,0,0,0,0
17.8303,-1.8713,1.63149,-0.11138,-1.26909,-2.39375,-0.188189,3.90848,-4.79104,4.58964,-7.09596,11.3933,3.13812,0,0,0,0,0,0
17.8354,-1.88222,1.58313,-0.117149,-1.18805,-2.43659,-0.153307,3.17958,-3.5263,5.05153,-7.48512,11.9563,3.2706,0,0,0,0,0,0
17.8403,-1.90437,1.54202,-0.119303,-1.13578,-2.48536,-0.142378,4.23156,-4.54282,4.82163,-6.68196,12.006,3.63492,0,0,0,0,0,0
17.8452,-1.9211,1.52154,-0.113035,-1.14762,-2.56232,-0.17066,3.40416,-5.6145,4.31376,-5.31576,12.2958,4.0158,0,0,0,0,0,0
17.8504,-1.92626,1.50107,-0.115815,-1.17453,-2.54288,-0.203566,3.57358,-4.31824,5.68689,-5.99472,10.6564,3.54384,0,0,0,0,0,0
17.8552,-1.93073,1.47675,-0.120748,-1.16464,-2.53853,-0.225061,3.43174,-5.1417,4.46633,-6.76476,12.5194,3.65148,0,0,0,0,0,0
17.8602,-1.93665,1.47205,-0.106446,-1.1381,-2.64164,-0.262042,3.65238,-5.89818,4.38691,-7.0794,12.7843,3.94956,0,0,0,0,0,0
17.8653,-1.90727,1.48265,-0.098921,-1.09605,-2.60256,-0.250265,2.62798,-6.304,5.13513,-7.05456,9.7704,2.69928,0,0,0,0,0,0
17.8702,-1.89438,1.48593,-0.0907184,-1.05934,-2.52136,-0.120665,3.8218,-5.63026,4.11521,-7.04628,12.0722,1.54008,0,0,0,0,0,0
17.8752,-1.91871,1.48486,-0.0856046,-1.02819,-2.54377,-0.0964141,3.98728,-6.41826,5.01809,-6.90552,11.5092,4.64508,0,0,0,0,0,0
17.8805,-1.9322,1.47455,-0.0905411,-1.06837,-2.57031,-0.283548,3.35688,-5.319,4.49768,-4.89348,12.2213,5.39028,0,0,0,0,0,0
17.8853,-1.94802,1.45343,-0.101494,-1.08124,-2.5527,-0.426805,3.8809,-6.15822,5.02854,-7.36092,10.4328,4.42152,0,0,0,0,0,0
17.8904,-1.97375,1.44007,-0.102002,-1.08888,-2.49797,-0.467968,3.65632,-5.46084,4.0755,-5.52276,11.8652,3.92472,0,0,0,0,0,0
17.8952,-1.97529,1.42844,-0.0871944,-1.11744,-2.52275,-0.48639,3.65632,-5.46084,4.0755,-5.52276,11.8652,3.92472,0,0,0,0,0,0
17.9005,-1.95231,1.39419,-0.0775588,-1.14782,-2.56826,-0.477302,2.80134,-4.55464,3.79753,-5.24124,11.6334,3.32856,0,0,0,0,0,0
17.9055,-1.93326,1.35236,-0.0710026,-1.17685,-2.58961,-0.435751,3.16382,-4.60192,4.18627,-5.59728,11.7907,3.2292,0,0,0,0,0,0
17.9104,-1.93544,1.30253,-0.0619867,-1.17346,-2.54179,-0.410117,3.31354,-4.18034,3.17053,-5.90364,10.1016,3.74256,0,0,0,0,0,0
17.9157,-1.93409,1.25867,-0.0413854,-1.22244,-2.40049,-0.361577,2.73042,-4.2552,4.04624,-3.34512,10.7309,2.79864,0,0,0,0,0,0
17.9204,-1.91901,1.20212,-0.0425165,-1.29931,-2.4253,-0.360167,2.45068,-3.4278,3.971,-3.69288,12.776,4.12344,0,0,0,0,0,0
17.9254,-1.91047,1.15116,-0.0445605,-1.2959,-2.608,-0.39656,2.7974,-4.54282,4.30749,-6.06924,13.7034,3.78396,0,0,0,0,0,0
17.9303,-1.90851,1.10721,-0.0569123,-1.22247,-2.73873,-0.350229,2.80134,-4.16458,4.7025,-7.40232,11.8487,2.69928,0,0,0,0,0,0
17.9354,-1.86546,1.05215,-0.0541147,-1.20028,-2.85396,-0.272581,0.81952,-3.42386,3.03259,-4.83552,13.5958,2.82348,0,0,0,0,0,0
17.9401,-1.89034,1.04643,-0.0694857,-1.03599,-2.99721,-0.234588,5.30718,-7.27324,7.14153,-12.1219,13.3142,3.70944,0,0,0,0,0,0
17.9452,-2.09934,1.07889,-0.134757,-0.719046,-3.2393,-0.304483,7.683,-7.84848,6.51035,-10.6232,15.4753,4.76928,0,0,0,0,0,0
17.9503,-2.2798,1.10918,-0.15888,-0.607628,-3.45814,-0.404585,5.03138,-7.28506,4.04833,-5.53104,13.0658,4.98456,0,0,0,0,0,0
17.9552,-2.32443,1.13079,-0.144077,-0.634367,-3.41191,-0.430163,3.59722,-6.95804,3.86859,-6.30936,10.7806,3.85848,0,0,0,0,0,0
17.9603,-2.29924,1.13827,-0.123489,-0.621788,-3.25083,-0.38263,3.00228,-6.01244,3.57599,-6.78132,11.029,3.46104,0,0,0,0,0,0
17.9654,-2.28298,1.13961,-0.0959537,-0.625091,-3.01918,-0.272046,3.77058,-6.49706,3.28548,-6.10236,9.4806,2.5668,0,0,0,0,0,0
17.9702,-2.28032,1.13697,-0.0826715,-0.631701,-2.80133,-0.231716,3.67602,-6.17004,4.2218,-6.49152,10.4328,4.4298,0,0,0,0,0,0
17.9752,-2.27248,1.12811,-0.0791972,-0.620192,-2.61585,-0.321963,3.54994,-6.14246,3.97518,-6.9966,9.82836,5.20812,0,0,0,0,0,0
17.9802,-2.26683,1.12329,-0.0598409,-0.634285,-2.50091,-0.400719,3.77846,-6.4222,3.10992,-6.20172,11.4264,4.21452,0,0,0,0,0,0
17.9853,-2.26232,1.11851,-0.0431043,-0.660495,-2.44594,-0.336014,3.7233,-6.34734,3.97727,-6.51636,10.615,2.3598,0,0,0,0,0,0
17.9905,-2.23459,1.11342,-0.0312939,-0.677939,-2.42863,-0.160029,3.06138,-6.59162,3.33982,-6.68196,11.799,2.26872,0,0,0,0,0,0
17.9953,-2.19952,1.11486,-0.016528,-0.6855,-2.38822,-0.136012,3.1323,-7.2102,3.48821,-6.97176,10.0271,5.11704,0,0,0,0,0,0
18.0002,-2.16454,1.10731,-0.00900489,-0.689072,-2.28266,-0.201328,2.87226,-6.15034,3.60525,-6.1686,10.4908,3.99924,0,0,0,0,0,0
18.0052,-2.12428,1.09386,0.00123603,-0.702113,-2.20971,-0.217387,2.87226,-6.15034,3.60525,-6.1686,10.4908,3.99924,0,0,0,0,0,0
18.0103,-2.10005,1.05891,0.00748864,-0.698281,-2.18313,-0.300985,3.34506,-4.98804,3.40461,-6.82272,11.0455,5.34888,0,0,0,0,0,0
18.0152,-2.08891,1.00884,0.00975963,-0.696491,-2.27078,-0.306346,3.29778,-4.86196,3.63451,-6.06924,12.776,2.91456,0,0,0,0,0,0
18.0202,-2.09088,0.969239,0.013761,-0.704167,-2.41118,-0.285827,4.16852,-5.66572,3.38998,-6.28452,11.9729,4.75272,0,0,0,0,0,0
18.0255,-2.08042,0.93654,0.00708018,-0.729733,-2.54811,-0.465507,2.8762,-6.00062,4.23434,-5.88708,12.685,6.61572,0,0,0,0,0,0
18.0305,-2.07035,0.89657,-0.00490019,-0.761554,-2.66844,-0.551718,3.86514,-5.09442,3.56972,-6.40044,12.1385,3.4776,0,0,0,0,0,0
18.0353,-2.08049,0.867519,-0.00716435,-0.789963,-2.75537,-0.495374,3.77058,-6.84772,3.58435,-6.23484,12.478,4.14,0,0,0,0,0,0
18.0405,-2.06934,0.862318,0.00428949,-0.776031,-2.76167,-0.446349,3.04168,-6.94228,2.9051,-7.02972,10.8302,3.69288,0,0,0,0,0,0
18.0454,-2.07376,0.858865,0.0240863,-0.735615,-2.67932,-0.475896,4.0582,-6.37098,3.24368,-7.18704,11.1283,5.39856,0,0,0,0,0,0
18.0503,-2.07779,0.846922,0.0258638,-0.722979,-2.67417,-0.530768,3.90848,-6.48524,4.04624,-5.92848,11.8984,4.12344,0,0,0,0,0,0
18.0555,-2.08508,0.832233,0.0237789,-0.799366,-2.68755,-0.501937,3.77846,-5.93758,3.69512,-4.33044,11.8238,3.79224,0,0,0,0,0,0
18.0603,-2.08597,0.81816,0.0306264,-0.871759,-2.72765,-0.508245,3.67996,-6.26066,3.4485,-5.40684,12.42,4.90176,0,0,0,0,0,0
18.0653,-2.07923,0.813313,0.0301795,-0.893286,-2.71162,-0.577626,3.72724,-6.86742,4.24897,-5.86224,10.5487,5.08392,0,0,0,0,0,0
18.0702,-2.07889,0.805485,0.018785,-0.877746,-2.67845,-0.555727,3.7233,-6.39462,4.08804,-6.7896,12.0971,3.34512,0,0,0,0,0,0
18.0754,-2.07121,0.785374,0.0102032,-0.862983,-2.67426,-0.473017,3.06926,-6.2646,3.69094,-6.03612,11.2774,3.96612,0,0,0,0,0,0
18.0807,-2.04408,0.775279,0.0124672,-0.833754,-2.68541,-0.428008,3.0732,-7.60026,3.12873,-7.34436,12.2792,4.02408,0,0,0,0,0,0
18.0853,-2.02652,0.774733,0.0255685,-0.813919,-2.77728,-0.458933,3.50266,-6.67436,3.07648,-5.7546,12.7015,5.11704,0,0,0,0,0,0
18.0904,-2.00605,0.74859,0.0277275,-0.851424,-2.79363,-0.512554,3.0732,-5.0826,4.06296,-5.2578,10.971,4.33044,0,0,0,0,0,0
18.0953,-1.96115,0.728271,0.0310226,-0.873062,-2.76711,-0.50214,2.72254,-6.58768,3.27085,-5.39856,11.7907,4.04064,0,0,0,0,0,0
18.1003,-1.93234,0.70047,0.0296742,-0.90324,-2.77588,-0.499014,3.31354,-5.94152,3.52792,-5.60556,11.6417,4.64508,0,0,0,0,0,0
18.1055,-1.91816,0.668942,0.0121058,-0.918051,-2.76094,-0.563243,3.1717,-6.49312,4.3263,-5.8788,11.2774,5.30748,0,0,0,0,0,0
18.1104,-1.91382,0.636753,-0.00157216,-0.898489,-2.74775,-0.552001,3.75876,-5.38992,3.53419,-6.81444,11.6582,3.41964,0,0,0,0,0,0
18.1155,-1.88468,0.604513,0.00988023,-0.890972,-2.65555,-0.573365,2.37582,-5.9691,2.68356,-5.27436,9.8532,5.89536,0,0,0,0,0,0
18.1203,-1.86646,0.608306,0.0452577,-0.879405,-2.52704,-0.693574,3.91636,-7.94304,2.10463,-6.45012,10.913,5.49792,0,0,0,0,0,0
18.1252,-1.87937,0.637442,0.0905823,-0.823145,-2.47533,-0.787774,3.91636,-7.94304,2.10463,-6.45012,10.913,5.49792,0,0,0,0,0,0
18.1302,-1.88077,0.644826,0.123891,-0.802587,-2.42313,-0.831359,3.20716,-6.65466,2.5289,-5.06736,10.9544,4.72788,0,0,0,0,0,0
18.1354,-1.87545,0.637661,0.13834,-0.821976,-2.32936,-0.797706,3.9794,-7.23384,3.07021,-5.24952,10.0354,4.2642,0,0,0,0,0,0
18.1402,-1.89671,0.622773,0.140732,-0.83241,-2.25763,-0.855439,3.55388,-6.56404,2.95317,-5.55588,11.3519,6.624,0,0,0,0,0,0
18.1455,-1.92471,0.59149,0.130196,-0.810821,-2.20065,-0.911396,4.00698,-6.37886,3.74319,-6.25968,10.085,4.04064,0,0,0,0,0,0
18.1502,-2.00052,0.600027,0.0972394,-0.719513,-2.20773,-0.920183,6.3631,-9.84606,5.29606,-8.8182,12.2875,5.9202,0,0,0,0,0,0
18.1553,-2.12962,0.65076,0.0480312,-0.580066,-2.34385,-1.02185,6.3631,-9.84606,5.29606,-8.8182,12.2875,5.9202,0,0,0,0,0,0
18.1602,-2.20212,0.662916,0.0198703,-0.476157,-2.46942,-1.04978,4.75164,-6.93046,3.50911,-8.6526,12.5028,4.66992,0,0,0,0,0,0
18.1653,-2.17986,0.642077,0.0203178,-0.471312,-2.56286,-1.01772,3.1323,-7.19838,2.6961,-5.33232,11.5175,4.85208,0,0,0,0,0,0
18.1704,-2.10685,0.633256,0.0383312,-0.588641,-2.55126,-0.933446,3.00228,-8.32128,2.05656,-4.47948,10.8054,3.8916,0,0,0,0,0,0
18.1755,-2.04168,0.627958,0.0625439,-0.677532,-2.44747,-0.895911,3.11654,-7.42296,2.32617,-5.4648,9.91116,5.64696,0,0,0,0,0,0
18.1805,-1.96797,0.601805,0.0824319,-0.787202,-2.37954,-0.920517,2.41522,-7.09594,1.81621,-3.90816,11.4844,4.98456,0,0,0,0,0,0
18.1854,-1.91098,0.565785,0.0828489,-0.852512,-2.4175,-0.901264,3.24262,-6.6389,3.64287,-5.69664,11.9232,4.97628,0,0,0,0,0,0
18.1903,-1.88261,0.538583,0.0690006,-0.855578,-2.50291,-0.890889,3.24262,-6.6389,3.64287,-5.69664,11.9232,4.97628,0,0,0,0,0,0
18.1953,-1.84256,0.508319,0.0578495,-0.860439,-2.58112,-0.857325,2.70678,-6.92258,3.08066,-5.70492,12.1633,4.41324,0,0,0,0,0,0
18.2005,-1.81735,0.468826,0.0522615,-0.893463,-2.68494,-0.85226,3.56176,-5.9297,3.14127,-4.83552,12.4034,5.5476,0,0,0,0,0,0
18.2055,-1.80306,0.446768,0.0592098,-0.950651,-2.7363,-0.950777,2.93136,-7.80514,2.49128,-4.16484,11.534,6.36732,0,0,0,0,0,0
18.2105,-1.80017,0.461114,0.0839855,-0.980193,-2.78009,-1.05789,4.12518,-8.5301,2.29273,-5.0508,12.3124,5.80428,0,0,0,0,0,0
18.2155,-1.80234,0.458029,0.0979301,-0.965065,-2.83702,-1.14302,3.3884,-7.4466,2.47038,-6.2514,12.155,6.45012,0,0,0,0,0,0
18.2205,-1.78416,0.450536,0.112534,-0.909037,-2.91091,-1.25479,3.3884,-7.4466,2.47038,-6.2514,12.155,6.45012,0,0,0,0,0,0
18.2254,-1.77199,0.426466,0.108514,-0.888279,-2.89305,-1.29635,3.73118,-7.3284,3.04304,-5.4234,11.1863,5.30748,0,0,0,0,0,0
18.2305,-1.76484,0.406021,0.100617,-0.904603,-2.84314,-1.26651,3.41598,-7.15898,3.1559,-4.45464,11.3105,5.00112,0,0,0,0,0,0
18.2353,-1.75133,0.391429,0.0958569,-0.930065,-2.82395,-1.22336,3.41598,-7.15898,3.1559,-4.45464,11.3105,5.00112,0,0,0,0,0,0
18.2404,-1.72566,0.373481,0.0884235,-0.922707,-2.79144,-1.14704,2.89984,-8.08488,2.72745,-6.10236,11.6831,4.39668,0,0,0,0,0,0
18.2455,-1.68586,0.387208,0.10245,-0.87025,-2.82466,-1.05648,2.89984,-8.08488,2.72745,-6.10236,11.6831,4.39668,0,0,0,0,0,0
18.2505,-1.66153,0.400679,0.12246,-0.878218,-2.78057,-0.962025,3.5066,-8.07306,2.27601,-4.21452,10.35,4.0572,0,0,0,0,0,0
18.2553,-1.67044,0.399431,0.136258,-0.887112,-2.65699,-0.91635,3.78634,-7.42296,2.76298,-5.32404,10.6481,5.24124,0,0,0,0,0,0
18.2604,-1.68078,0.390233,0.141322,-0.86227,-2.59879,-0.931002,3.78634,-7.42296,2.76298,-5.32404,10.6481,5.24124,0,0,0,0,0,0
18.2652,-1.70289,0.370172,0.141695,-0.855276,-2.51604,-0.954217,4.67678,-8.01002,2.08373,-5.19984,10.5818,5.57244,0,0,0,0,0,0
18.2703,-1.75541,0.359038,0.15239,-0.849535,-2.4747,-0.996183,4.67678,-8.01002,2.08373,-5.19984,10.5818,5.57244,0,0,0,0,0,0
18.2753,-1.78172,0.339637,0.145881,-0.879237,-2.39362,-1.02636,3.86908,-8.5104,2.67102,-4.45464,10.3252,5.48136,0,0,0,0,0,0
18.2805,-1.7827,0.345317,0.146018,-0.907337,-2.34998,-1.03891,3.86908,-8.5104,2.67102,-4.45464,10.3252,5.48136,0,0,0,0,0,0
18.2857,-1.75539,0.357781,0.1598,-0.923732,-2.32925,-1.02503,2.94712,-8.93592,1.82039,-4.83552,10.9213,5.175,0,0,0,0,0,0
18.2905,-1.73593,0.360151,0.175786,-0.923641,-2.27355,-1.05718,3.63662,-8.36462,2.01058,-5.61384,10.1678,6.06924,0,0,0,0,0,0
18.2954,-1.72391,0.358556,0.188579,-0.887346,-2.22862,-1.12579,3.63662,-8.36462,2.01058,-5.61384,10.1678,6.06924,0,0,0,0,0,0
18.3004,-1.71164,0.354359,0.19913,-0.846839,-2.18562,-1.18504,3.63662,-8.36462,2.01058,-5.61384,10.1678,6.06924,0,0,0,0,0,0
18.3057,-1.67773,0.328666,0.198394,-0.839424,-2.18262,-1.16288,3.2505,-7.35992,2.3408,-4.64508,11.6582,4.71132,0,0,0,0,0,0
18.3103,-1.64729,0.309744,0.203603,-0.841928,-2.28657,-1.07575,3.2505,-7.35992,2.3408,-4.64508,11.6582,4.71132,0,0,0,0,0,0
18.3153,-1.62341,0.290737,0.21388,-0.848552,-2.39263,-1.06084,3.5854,-7.60814,1.98341,-4.6368,12.0308,6.26796,0,0,0,0,0,0
18.3203,-1.60838,0.280509,0.223212,-0.863669,-2.47279,-1.12039,3.56176,-8.53798,2.24257,-4.86036,11.8156,5.96988,0,0,0,0,0,0
18.3252,-1.59539,0.284118,0.23032,-0.857913,-2.57878,-1.165,3.56176,-8.53798,2.24257,-4.86036,11.8156,5.96988,0,0,0,0,0,0
18.3305,-1.59905,0.287854,0.239267,-0.878562,-2.65607,-1.19866,4.16458,-9.03442,1.85174,-3.95784,11.7576,5.796,0,0,0,0,0,0
18.3354,-1.59605,0.298158,0.252659,-0.860214,-2.67098,-1.28714,3.53024,-9.13292,1.97296,-6.27624,11.0869,7.36092,0,0,0,0,0,0
18.3402,-1.57672,0.311718,0.264879,-0.793761,-2.69793,-1.45224,3.53024,-9.13292,1.97296,-6.27624,11.0869,7.36092,0,0,0,0,0,0
18.3452,-1.55176,0.31021,0.264664,-0.767295,-2.75043,-1.4379,3.41598,-8.05336,2.7379,-5.175,11.8238,3.8088,0,0,0,0,0,0
18.3502,-1.56149,0.286018,0.252228,-0.779432,-2.75693,-1.3559,4.27096,-7.78544,2.56234,-4.86036,11.1614,6.05268,0,0,0,0,0,0
18.3552,-1.58187,0.269484,0.248667,-0.781953,-2.78674,-1.38427,4.27096,-7.78544,2.56234,-4.86036,11.1614,6.05268,0,0,0,0,0,0
18.3603,-1.5729,0.25725,0.244751,-0.792834,-2.7806,-1.36278,3.5657,-8.3528,2.57488,-4.554,10.9379,5.15016,0,0,0,0,0,0
18.3652,-1.54072,0.257316,0.24703,-0.779751,-2.78737,-1.32052,3.17958,-8.91622,2.03566,-5.27436,11.3105,5.44824,0,0,0,0,0,0
18.3702,-1.53333,0.266249,0.258999,-0.76426,-2.82697,-1.31439,4.46796,-9.23536,1.77859,-4.38012,11.5589,5.90364,0,0,0,0,0,0
18.3752,-1.53942,0.262157,0.258087,-0.754022,-2.75938,-1.24723,3.86514,-8.86106,2.34498,-5.43996,9.75384,4.40496,0,0,0,0,0,0
18.3802,-1.53207,0.251291,0.246211,-0.707714,-2.64757,-1.10522,3.86514,-8.86106,2.34498,-5.43996,9.75384,4.40496,0,0,0,0,0,0
18.3853,-1.51352,0.215058,0.237629,-0.678017,-2.53008,-1.01552,3.37658,-7.02108,1.74515,-4.8852,9.96912,5.36544,0,0,0,0,0,0
18.3902,-1.49049,0.178362,0.236192,-0.684015,-2.43167,-1.02443,3.81786,-8.42766,2.00013,-3.94956,10.408,6.11064,0,0,0,0,0,0
18.3953,-1.47569,0.162509,0.235779,-0.727021,-2.43282,-1.08871,3.81786,-8.42766,2.00013,-3.94956,10.408,6.11064,0,0,0,0,0,0
18.4002,-1.46681,0.151568,0.232866,-0.786632,-2.47573,-1.11741,4.22762,-8.82166,2.26974,-3.79224,11.3933,5.39028,0,0,0,0,0,0
18.4054,-1.44997,0.14085,0.232555,-0.842174,-2.52484,-1.15178,3.12836,-8.62072,1.75351,-3.6846,11.2442,6.34248,0,0,0,0,0,0
18.4102,-1.41513,0.128225,0.236523,-0.868431,-2.5887,-1.20425,3.12836,-8.62072,1.75351,-3.6846,11.2442,6.34248,0,0,0,0,0,0
18.4152,-1.3639,0.121482,0.239194,-0.881807,-2.58237,-1.22977,2.27732,-9.65694,1.69917,-3.96612,10.6398,6.11064,0,0,0,0,0,0
18.4203,-1.29633,0.130687,0.24451,-0.885729,-2.57324,-1.25231,2.27732,-9.65694,1.69917,-3.96612,10.6398,6.11064,0,0,0,0,0,0
18.4254,-1.2556,0.116665,0.243912,-0.932073,-2.50373,-1.1521,3.09684,-7.5254,2.14016,-2.6082,10.3086,3.62664,0,0,0,0,0,0
18.4304,-1.22938,0.0919183,0.232514,-0.963327,-2.41109,-1.0063,2.8171,-8.53404,2.43485,-3.82536,9.66276,4.79412,0,0,0,0,0,0
18.4357,-1.23156,0.0676628,0.227016,-0.928264,-2.34663,-0.82156,3.80998,-7.58844,1.55914,-4.56228,10.6481,2.484,0,0,0,0,0,0
18.4403,-1.23123,0.0581074,0.241605,-0.920793,-2.42303,-0.715524,2.63192,-8.70346,1.48181,-2.68272,12.1716,5.6304,0,0,0,0,0,0
18.4453,-1.18402,0.0472741,0.269705,-1.01969,-2.44365,-0.784156,1.88332,-7.60026,0.34903,0.04968,9.47232,5.72148,0,0,0,0,0,0
18.4503,-1.24449,0.0661108,0.272309,-0.977209,-2.37894,-0.901734,6.68618,-11.686,3.30847,-7.2864,10.5239,6.4998,0,0,0,0,0,0
18.4553,-1.40723,0.13244,0.246939,-0.796409,-2.33753,-1.15138,6.3434,-12.084,2.80896,-5.77944,9.78696,8.90928,0,0,0,0,0,0
18.4602,-1.48499,0.169487,0.231479,-0.688407,-2.29588,-1.25125,4.5704,-9.56632,2.3199,-5.72976,9.94428,4.10688,0,0,0,0,0,0
18.4653,-1.48111,0.162174,0.226671,-0.668751,-2.26944,-1.21106,3.38052,-8.37644,1.73679,-3.17952,10.143,6.34248,0,0,0,0,0,0
18.4703,-1.49128,0.138727,0.22859,-0.692334,-2.15747,-1.19913,5.29142,-8.61678,1.47554,-4.66992,8.1972,5.11704,0,0,0,0,0,0
18.4755,-1.5022,0.113045,0.225137,-0.666207,-1.96721,-1.19767,3.61298,-8.6877,1.88936,-5.14188,8.60292,6.61572,0,0,0,0,0,0
18.4803,-1.46846,0.094755,0.217489,-0.657972,-1.77714,-1.16802,3.69178,-9.34962,1.71589,-4.02408,7.59276,4.66164,0,0,0,0,0,0
18.4853,-1.41607,0.0942437,0.216896,-0.682493,-1.64873,-1.08696,3.02592,-10.0864,1.62393,-3.58524,9.5634,5.52276,0,0,0,0,0,0
18.4902,-1.37957,0.100055,0.227329,-0.700902,-1.63719,-1.00754,4.10154,-9.72786,0.99484,-4.17312,9.33156,4.47948,0,0,0,0,0,0
18.4952,-1.3497,0.114885,0.229705,-0.715312,-1.65659,-0.927186,3.37264,-11.1305,2.18196,-3.85848,9.90288,5.58072,0,0,0,0,0,0
18.5003,-1.33836,0.124542,0.225468,-0.743279,-1.69375,-0.921282,4.77134,-9.19596,1.56541,-3.54384,9.67104,5.80428,0,0,0,0,0,0
18.5053,-1.36586,0.112917,0.22645,-0.768236,-1.7428,-0.925278,4.77134,-9.19596,1.56541,-3.54384,9.67104,5.80428,0,0,0,0,0,0
18.5102,-1.38109,0.119826,0.229338,-0.808123,-1.78624,-0.930251,4.29066,-11.3472,1.35014,-2.80692,10.5073,5.89536,0,0,0,0,0,0
18.5153,-1.38529,0.148372,0.233269,-0.862498,-1.9065,-0.945498,4.29066,-11.3472,1.35014,-2.80692,10.5073,5.89536,0,0,0,0,0,0
18.5204,-1.37693,0.161281,0.232177,-0.845792,-1.87865,-0.922317,3.86908,-9.98396,1.72634,-5.5476,8.22204,5.10048,0,0,0,0,0,0
18.5253,-1.35041,0.166651,0.220939,-0.789945,-1.80931,-0.87044,3.39234,-10.7877,2.14225,-4.53744,9.82008,5.0508,0,0,0,0,0,0
18.5303,-1.33641,0.186263,0.22452,-0.773172,-1.79531,-0.843199,4.36158,-11.4575,0.47234,-3.8502,9.20736,5.58072,0,0,0,0,0,0
18.5352,-1.34905,0.198874,0.232946,-0.766656,-1.79755,-0.885279,4.44432,-10.2755,1.67618,-4.36356,10.0105,6.3342,0,0,0,0,0,0
18.5402,-1.37183,0.201038,0.229721,-0.76163,-1.86412,-0.906149,4.92894,-10.2243,1.56332,-3.57696,10.4576,5.43168,0,0,0,0,0,0
18.5453,-1.37179,0.179427,0.223468,-0.775245,-1.92254,-0.822187,3.63268,-8.84136,1.33969,-3.45276,9.76212,4.32216,0,0,0,0,0,0
18.5503,-1.35536,0.162602,0.210949,-0.776377,-1.91755,-0.788973,4.4719,-10.3267,2.24675,-3.933,9.29844,6.53292,0,0,0,0,0,0
18.5552,-1.34404,0.153429,0.19385,-0.789452,-1.87091,-0.774104,3.72724,-10.1534,1.37104,-3.08016,9.20736,4.60368,0,0,0,0,0,0
18.5604,-1.29941,0.141149,0.181103,-0.782917,-1.77166,-0.83092,3.4475,-9.99972,1.82457,-4.82724,8.02332,7.91568,0,0,0,0,0,0
18.5654,-1.26511,0.144929,0.170311,-0.771361,-1.62794,-0.965361,3.99122,-11.0162,1.85592,-3.34512,8.16408,6.71508,0,0,0,0,0,0
18.5705,-1.23678,0.154002,0.16241,-0.7708,-1.53752,-1.02148,3.7233,-10.4449,1.65737,-4.24764,8.67744,6.64056,0,0,0,0,0,0
18.5754,-1.22315,0.141366,0.16073,-0.727377,-1.49841,-1.08801,4.40886,-9.28264,1.14532,-4.97628,8.89272,6.8724,0,0,0,0,0,0
18.5804,-1.21543,0.139257,0.165358,-0.693519,-1.51447,-1.04962,3.98334,-11.0556,1.43792,-3.66804,9.48888,4.49604,0,0,0,0,0,0
18.5855,-1.18718,0.14284,0.165542,-0.67751,-1.57413,-0.983205,3.73118,-10.2952,1.19339,-4.33872,9.69588,6.2928,0,0,0,0,0,0
18.5904,-1.16442,0.151903,0.158917,-0.681939,-1.62988,-1.01874,4.18034,-11.2881,2.22585,-3.03876,9.49716,6.27624,0,0,0,0,0,0
18.5956,-1.17096,0.151734,0.145688,-0.700351,-1.68211,-1.04761,4.57434,-9.79878,1.41702,-3.59352,9.6876,6.11892,0,0,0,0,0,0
18.6002,-1.18574,0.152719,0.131342,-0.701719,-1.72999,-1.06993,4.4128,-11.6072,2.33662,-3.42792,9.729,6.40044,0,0,0,0,0,0
18.6052,-1.18752,0.175384,0.124074,-0.683166,-1.79524,-1.09233,4.53888,-11.7491,0.81092,-4.44636,9.67104,6.2514,0,0,0,0,0,0
18.6103,-1.2137,0.186886,0.126068,-0.651467,-1.82434,-1.13829,5.319,-10.7759,1.49435,-4.45464,9.33156,7.01316,0,0,0,0,0,0
18.6153,-1.22851,0.188272,0.112015,-0.656897,-1.84003,-1.21102,4.18034,-10.9453,2.01685,-2.50056,9.37296,6.6654,0,0,0,0,0,0
18.6207,-1.21828,0.184926,0.0842872,-0.710367,-1.86979,-1.27183,4.18034,-10.9453,2.01685,-2.50056,9.37296,6.6654,0,0,0,0,0,0
18.6252,-1.21999,0.164241,0.0768642,-0.695871,-1.84903,-1.27351,4.50736,-9.26688,0.5852,-4.94316,8.9424,5.62212,0,0,0,0,0,0
18.6302,-1.21671,0.13658,0.0734895,-0.624788,-1.82304,-1.22488,4.02274,-11.0478,1.4421,-4.57884,9.74556,5.52276,0,0,0,0,0,0
18.6352,-1.19972,0.130407,0.0600544,-0.570601,-1.88791,-1.1615,4.02274,-11.0478,1.4421,-4.57884,9.74556,5.52276,0,0,0,0,0,0
18.6403,-1.25506,0.165672,0.0332815,-0.490807,-1.91475,-1.19797,7.00138,-14.842,2.80478,-5.72148,9.71244,7.54308,0,0,0,0,0,0
18.6453,-1.36628,0.239623,-0.00898077,-0.400977,-1.98828,-1.31772,7.00138,-14.842,2.80478,-5.72148,9.71244,7.54308,0,0,0,0,0,0
18.6504,-1.39224,0.281669,-0.0336439,-0.357541,-2.02353,-1.33495,4.15276,-11.5127,1.66573,-4.25592,9.25704,5.8374,0,0,0,0,0,0
18.6552,-1.32243,0.283418,-0.0307866,-0.3905,-1.99627,-1.26176,3.3293,-11.2369,0.72732,-2.78208,9.00864,5.82084,0,0,0,0,0,0
18.6603,-1.22836,0.269557,-0.0276844,-0.453925,-1.99175,-1.17364,3.3293,-11.2369,0.72732,-2.78208,9.00864,5.82084,0,0,0,0,0,0
18.6653,-1.16796,0.240072,-0.0333114,-0.516259,-1.95282,-1.12235,4.44038,-10.2913,1.13487,-2.34324,8.74368,6.50808,0,0,0,0,0,0
18.6702,-1.13617,0.222345,-0.0408063,-0.547583,-1.90672,-1.14152,4.12124,-11.5166,1.24564,-4.0158,8.41248,6.92208,0,0,0,0,0,0
18.6752,-1.13028,0.215366,-0.0424481,-0.585,-1.84634,-1.1277,5.20474,-11.426,0.60192,-1.70568,8.18064,5.74632,0,0,0,0,0,0
18.6803,-1.1301,0.21615,-0.0493867,-0.594138,-1.74826,-1.07848,4.23944,-12.3322,1.51734,-4.64508,7.04628,6.06096,0,0,0,0,0,0
18.6852,-1.1094,0.231834,-0.0639835,-0.529548,-1.65253,-1.04917,4.23944,-12.3322,1.51734,-4.64508,7.04628,6.06096,0,0,0,0,0,0
18.6902,-1.09351,0.241892,-0.0622647,-0.491352,-1.49881,-1.03172,4.49948,-11.3945,0.61864,-3.52728,5.94504,6.21828,0,0,0,0,0,0
18.6953,-1.08508,0.24341,-0.0509578,-0.473008,-1.37899,-1.03994,4.49948,-11.3945,0.61864,-3.52728,5.94504,6.21828,0,0,0,0,0,0
18.7001,-1.08077,0.245178,-0.060007,-0.44206,-1.24964,-1.05809,4.62556,-11.3039,2.45157,-3.80052,5.19156,6.23484,0,0,0,0,0,0
18.7052,-1.08414,0.217991,-0.0750047,-0.452222,-1.07595,-1.09524,4.6098,-9.6924,0.31768,-2.36808,4.39668,6.81444,0,0,0,0,0,0
18.7102,-1.06958,0.190066,-0.0827789,-0.45866,-0.865812,-1.14363,3.96758,-11.3275,1.73888,-4.03236,3.2292,6.88896,0,0,0,0,0,0
18.7152,-1.07278,0.182942,-0.0935824,-0.448591,-0.672682,-1.20287,5.2008,-11.4142,0.80674,-2.94768,3.2706,6.79788,0,0,0,0,0,0
18.7202,-1.07935,0.183566,-0.103139,-0.493629,-0.504074,-1.26789,4.46008,-12.0879,1.72216,-1.58976,2.53368,7.06284,0,0,0,0,0,0
18.7252,-1.07245,0.189088,-0.126912,-0.561872,-0.4335,-1.31884,4.46008,-12.0879,1.72216,-1.58976,2.53368,7.06284,0,0,0,0,0,0
18.7302,-1.07763,0.180144,-0.137551,-0.587658,-0.46096,-1.29414,4.90136,-10.6577,0.84645,-2.88972,2.96424,5.90364,0,0,0,0,0,0
18.7352,-1.05793,0.168868,-0.132412,-0.561794,-0.582746,-1.18817,3.77846,-11.8673,0.47443,-3.05532,2.91456,5.4234,0,0,0,0,0,0
18.7404,-1.01372,0.161874,-0.128851,-0.505554,-0.746217,-1.24553,4.0779,-10.9414,0.97603,-4.27248,2.59164,8.6112,0,0,0,0,0,0
18.7454,-1.01166,0.154922,-0.137876,-0.46124,-0.852471,-1.3439,5.38204,-12.0288,1.41702,-3.4362,1.79676,6.75648,0,0,0,0,0,0
18.7503,-1.0494,0.162883,-0.150729,-0.436348,-0.96251,-1.36239,5.38204,-12.0288,1.41702,-3.4362,1.79676,6.75648,0,0,0,0,0,0
18.7552,-1.08846,0.173551,-0.160941,-0.412306,-1.07617,-1.38881,5.38204,-12.0288,1.41702,-3.4362,1.79676,6.75648,0,0,0,0,0,0
18.7603,-1.12036,0.192136,-0.15886,-0.395897,-1.15953,-1.42171,5.1811,-12.6395,0.74195,-2.9808,1.863,6.7482,0,0,0,0,0,0
18.7656,-1.13836,0.217858,-0.15162,-0.395143,-1.28535,-1.4357,5.1811,-12.6395,0.74195,-2.9808,1.863,6.7482,0,0,0,0,0,0
18.7705,-1.16757,0.247001,-0.14762,-0.388251,-1.39615,-1.40309,6.05184,-13.2266,0.99484,-3.24576,2.24388,6.05268,0,0,0,0,0,0
18.7753,-1.19147,0.250009,-0.152093,-0.396638,-1.41381,-1.36399,4.93682,-11.229,0.84854,-2.75724,0.77832,6.71508,0,0,0,0,0,0
18.7802,-1.19003,0.228849,-0.161507,-0.408311,-1.38396,-1.36324,4.93682,-11.229,0.84854,-2.75724,0.77832,6.71508,0,0,0,0,0,0
18.7854,-1.17848,0.199366,-0.179771,-0.399049,-1.29133,-1.34477,4.531,-10.6735,1.41911,-3.28716,-0.24012,6.26796,0,0,0,0,0,0
18.7905,-1.16252,0.169177,-0.210892,-0.390074,-1.20365,-1.29816,4.88166,-11.7885,1.7138,-2.90628,1.38276,6.15204,0,0,0,0,0,0
18.7954,-1.16005,0.159124,-0.240082,-0.408334,-1.25892,-1.25113,4.88166,-11.7885,1.7138,-2.90628,1.38276,6.15204,0,0,0,0,0,0
18.8003,-1.13523,0.166977,-0.244537,-0.431247,-1.30137,-1.24534,3.92424,-13.1044,0.1881,-2.84832,1.25028,6.89724,0,0,0,0,0,0
18.8053,-1.08957,0.191197,-0.240056,-0.432552,-1.33005,-1.20988,4.16064,-13.1005,1.12442,-3.01392,0.91908,5.49792,0,0,0,0,0,0
18.8106,-1.08081,0.207037,-0.236046,-0.45462,-1.36764,-1.08472,5.36234,-12.3046,0.12122,-2.12796,1.45728,4.95144,0,0,0,0,0,0
18.8153,-1.0704,0.214585,-0.226648,-0.47527,-1.41626,-1.05811,4.16852,-12.3007,0.75031,-2.83176,1.54008,7.05456,0,0,0,0,0,0
18.8205,-1.02861,0.212152,-0.234462,-0.480553,-1.49202,-1.14617,4.16852,-12.3007,0.75031,-2.83176,1.54008,7.05456,0,0,0,0,0,0
18.8254,-1.00019,0.198623,-0.255645,-0.464057,-1.48713,-1.14496,4.63738,-11.7215,1.69708,-3.53556,0.43884,5.39028,0,0,0,0,0,0
18.8304,-0.975322,0.196387,-0.253504,-0.435654,-1.42408,-1.17418,4.35764,-13.0572,-0.89661,-3.32856,0.47196,7.55964,0,0,0,0,0,0
18.8352,-0.973805,0.197447,-0.24911,-0.424301,-1.36556,-1.27493,5.4569,-12.0603,1.40448,-2.64132,0.26496,7.22844,0,0,0,0,0,0
18.8406,-1.01048,0.205092,-0.259429,-0.40913,-1.31494,-1.26922,5.713,-13.3999,0.47652,-2.7738,0.828,5.9202,0,0,0,0,0,0
18.8457,-1.04878,0.224971,-0.261314,-0.389386,-1.32629,-1.18178,5.713,-13.3999,0.47652,-2.7738,0.828,5.9202,0,0,0,0,0,0
18.8503,-1.06158,0.230937,-0.265945,-0.354681,-1.31021,-1.08367,5.0038,-12.1037,0.80256,-3.4362,0.42228,5.48136,0,0,0,0,0,0
18.8553,-1.05801,0.237469,-0.27247,-0.31146,-1.18087,-1.02063,4.90924,-13.0059,0.9823,-2.90628,-1.34964,6.5826,0,0,0,0,0,0
18.8603,-1.05324,0.251959,-0.283977,-0.283441,-0.994663,-1.02641,4.90924,-13.0059,0.9823,-2.90628,-1.34964,6.5826,0,0,0,0,0,0
18.8654,-1.0443,0.269087,-0.283209,-0.250285,-0.850239,-1.04463,4.77528,-13.2423,0.16093,-2.93112,-0.47196,6.69024,0,0,0,0,0,0
18.8706,-1.03129,0.278084,-0.278129,-0.253302,-0.707086,-1.06357,4.728,-12.8602,0.19437,-2.12796,-1.49868,6.78132,0,0,0,0,0,0
18.8756,-1.01408,0.278154,-0.278646,-0.294481,-0.544959,-1.08183,4.728,-12.8602,0.19437,-2.12796,-1.49868,6.78132,0,0,0,0,0,0
18.8805,-0.993383,0.273969,-0.28819,-0.322955,-0.482862,-1.08625,4.728,-12.6198,0.90497,-2.84832,0.36432,6.5412,0,0,0,0,0,0
18.8854,-0.949079,0.290233,-0.289328,-0.35118,-0.513623,-1.00607,3.89272,-14.4637,-0.0418,-1.71396,0.19044,4.97628,0,0,0,0,0,0
18.8903,-0.892084,0.322643,-0.282901,-0.400982,-0.554671,-0.863653,3.89272,-14.4637,-0.0418,-1.71396,0.19044,4.97628,0,0,0,0,0,0
18.8954,-0.868104,0.338975,-0.286019,-0.40773,-0.515401,-0.789594,5.21262,-12.8523,0.86108,-3.01392,-0.90252,6.06096,0,0,0,0,0,0
18.9004,-0.882903,0.339786,-0.302147,-0.373457,-0.454466,-0.785872,5.21262,-12.8523,0.86108,-3.01392,-0.90252,6.06096,0,0,0,0,0,0
18.9055,-0.849534,0.324799,-0.309582,-0.329155,-0.540758,-0.749658,3.21898,-11.2014,0.34694,-3.11328,1.99548,5.2992,0,0,0,0,0,0
18.9104,-0.802882,0.298111,-0.322048,-0.296693,-0.671904,-0.775907,4.58222,-11.3275,1.53615,-2.898,0.1242,7.19532,0,0,0,0,0,0
18.9155,-0.78729,0.285988,-0.327945,-0.269169,-0.719985,-0.887933,4.34582,-12.8326,-0.37829,-2.53368,0.4554,6.93864,0,0,0,0,0,0
18.9204,-0.78945,0.279737,-0.315999,-0.226613,-0.761275,-0.904156,5.13382,-11.7845,0.08778,-3.70944,0.25668,5.382,0,0,0,0,0,0
18.9254,-0.812921,0.277204,-0.297952,-0.182423,-0.804828,-0.842093,5.2599,-13.3763,-0.98021,-2.69928,0.93564,5.31576,0,0,0,0,0,0
18.9303,-0.844655,0.295803,-0.266599,-0.173311,-0.894292,-0.792783,5.2599,-13.3763,-0.98021,-2.69928,0.93564,5.31576,0,0,0,0,0,0
18.9355,-0.853887,0.29699,-0.261987,-0.225805,-0.872347,-0.817531,4.37734,-11.3157,1.41075,-0.40572,-0.96876,6.56604,0,0,0,0,0,0
18.9404,-0.836929,0.302813,-0.277833,-0.291127,-0.847721,-0.985306,4.36946,-13.4866,0.82973,-1.3662,0.60444,8.08956,0,0,0,0,0,0
18.9453,-0.90121,0.34235,-0.290986,-0.294697,-0.830316,-1.19394,7.61208,-14.7632,1.1286,-3.27888,-0.8694,8.24688,0,0,0,0,0,0
18.9503,-0.986996,0.359328,-0.320409,-0.268016,-0.735027,-1.33438,5.3978,-12.3874,1.4212,-2.45088,-0.9108,7.48512,0,0,0,0,0,0
18.9552,-0.999329,0.361762,-0.345585,-0.260096,-0.773296,-1.34771,5.11018,-13.1557,1.1913,-1.78848,1.50696,6.28452,0,0,0,0,0,0
18.9603,-0.994237,0.373357,-0.35157,-0.232022,-0.904696,-1.22921,4.85014,-13.5812,-0.28842,-2.96424,0.68724,5.48964,0,0,0,0,0,0
18.9653,-0.976141,0.378672,-0.348595,-0.186516,-0.8433,-1.11201,4.57434,-13.6836,-0.26543,-2.76552,-1.79676,5.7546,0,0,0,0,0,0
18.9704,-0.957552,0.385164,-0.357661,-0.183559,-0.741552,-0.92993,5.12988,-13.2896,0.93423,-1.7388,-0.3726,4.20624,0,0,0,0,0,0
18.9754,-0.939274,0.382392,-0.374329,-0.227809,-0.780057,-0.898762,4.5704,-13.2226,0.08987,-0.57132,0.8694,8.29656,0,0,0,0,0,0
18.9803,-0.901066,0.38153,-0.381068,-0.234241,-0.867548,-0.931125,4.37734,-13.8885,0.03553,-2.92284,0.7038,5.73804,0,0,0,0,0,0
18.9855,-0.864301,0.373734,-0.395435,-0.226338,-0.975807,-0.867755,4.51524,-12.6947,0.47861,-1.52352,1.22544,6.35076,0,0,0,0,0,0
18.9903,-0.840924,0.356003,-0.414707,-0.261827,-1.09767,-0.848238,4.51524,-12.6947,0.47861,-1.52352,1.22544,6.35076,0,0,0,0,0,0
18.9953,-0.830173,0.354901,-0.421629,-0.27633,-1.20353,-0.846655,4.94864,-14.3377,-0.34694,-2.41776,1.27512,6.50808,0,0,0,0,0,0
19.0002,-0.799219,0.355382,-0.420448,-0.260364,-1.24689,-0.802849,3.97152,-12.7065,-0.19019,-2.8152,-0.02484,5.61384,-0,-0,-0,-0,-0,-0
19.0054,-0.771808,0.352862,-0.42361,-0.241466,-1.12896,-0.781269,4.87772,-13.9358,0.01672,-2.1942,-1.71396,6.80616,-0,-0,-0,-0,-0,-0
19.0104,-0.769898,0.367944,-0.428512,-0.24505,-1.03402,-0.779477,4.8659,-13.9003,0.3553,-1.68912,0.13248,6.03612,-0,-0,-0,-0,-0,-0
19.0156,-0.785353,0.37631,-0.44039,-0.23869,-1.047,-0.777682,5.53176,-13.5024,0.32186,-2.1528,0.2898,6.73164,-0,-0,-0,-0,-0,-0
19.0202,-0.79345,0.37939,-0.450341,-0.178311,-1.07462,-0.844825,4.71618,-13.9476,0.08151,-3.94956,0.39744,7.22016,-0,-0,-0,-0,-0,-0
19.0253,-0.781548,0.390625,-0.455789,-0.0825978,-1.11809,-0.93412,4.71618,-13.9476,0.08151,-3.94956,0.39744,7.22016,-0,-0,-0,-0,-0,-0
19.0302,-0.781416,0.39624,-0.465984,-0.0247604,-1.1127,-0.969332,5.28354,-13.2187,0.77748,-2.93112,-0.40572,6.42528,-0,-0,-0,-0,-0,-0
19.0354,-0.759753,0.398196,-0.481956,0.00179606,-1.09762,-0.923603,4.137,-13.6285,0.30932,-2.71584,0.01656,5.78772,-0,-0,-0,-0,-0,-0
19.0402,-0.742177,0.416767,-0.478648,0.00124423,-1.10541,-0.87285,5.25202,-14.8971,-0.7106,-2.05344,0.01656,6.3342,-0,-0,-0,-0,-0,-0
19.0453,-0.728996,0.441255,-0.470512,-0.0121594,-1.05043,-0.885787,4.3143,-14.1998,-0.02508,-1.83816,-1.23372,6.71508,-0,-0,-0,-0,-0,-0
19.0503,-0.742962,0.453459,-0.483187,-0.019059,-0.978183,-0.819631,6.05578,-14.3849,0.44517,-2.29356,-0.2484,4.72788,-0,-0,-0,-0,-0,-0
19.0552,-0.756882,0.473952,-0.479424,-0.0275827,-0.95933,-0.739608,4.54676,-14.6016,-0.93632,-1.67256,-0.52992,6.18516,-0,-0,-0,-0,-0,-0
19.0602,-0.733954,0.50171,-0.469148,-0.0484073,-0.901531,-0.827992,4.8265,-14.9405,-0.02508,-1.68084,-1.25856,8.1144,-0,-0,-0,-0,-0,-0
19.0652,-0.724154,0.520731,-0.482757,-0.0573223,-0.920189,-0.964457,4.9644,-14.4243,0.51414,-1.78848,1.0764,7.2864,-0,-0,-0,-0,-0,-0
19.0702,-0.714991,0.519478,-0.494844,-0.044403,-0.941394,-0.954836,4.9053,-13.4118,-0.51205,-2.68272,-1.27512,5.28264,-0,-0,-0,-0,-0,-0
19.0752,-0.696185,0.506187,-0.501245,-0.0448608,-0.79232,-0.918568,4.47584,-12.4268,0.71269,-1.3248,-2.4426,6.88896,-0,-0,-0,-0,-0,-0
19.0805,-0.669325,0.495475,-0.513748,-0.0591599,-0.62724,-0.908379,4.7083,-13.7861,-0.14003,-2.07,-1.51524,5.85396,-0,-0,-0,-0,-0,-0
19.0853,-0.664388,0.503107,-0.514329,-0.0689369,-0.57586,-0.885243,4.925,-14.4756,-0.37411,-1.29168,-0.63756,6.80616,-0,-0,-0,-0,-0,-0
19.0905,-0.64985,0.504373,-0.519636,-0.0904723,-0.513858,-0.910013,4.30248,-13.199,0.1881,-1.92096,-1.97064,6.71508,-0,-0,-0,-0,-0,-0
19.0955,-0.628605,0.494392,-0.539447,-0.121608,-0.470831,-0.906294,4.75558,-13.6915,0.53504,-0.67896,-0.32292,6.30108,-0,-0,-0,-0,-0,-0
19.1002,-0.619223,0.502702,-0.538122,-0.118417,-0.465615,-0.938093,4.728,-14.3455,-1.05754,-3.04704,-1.54836,7.30296,-0,-0,-0,-0,-0,-0
19.1053,-0.615109,0.516589,-0.536381,-0.105124,-0.369135,-0.96382,4.94864,-13.7585,0.80256,-1.01016,-2.28528,6.22656,-0,-0,-0,-0,-0,-0
19.1104,-0.622099,0.520856,-0.563522,-0.111383,-0.281832,-0.925669,5.03532,-14.4519,0.5225,-2.1942,-1.1592,6.26796,-0,-0,-0,-0,-0,-0
19.1155,-0.594536,0.530194,-0.577049,-0.116421,-0.293871,-0.850463,3.75482,-13.9279,0.02508,-1.1592,-0.828,5.39028,-0,-0,-0,-0,-0,-0
19.1205,-0.582725,0.524911,-0.584271,-0.142096,-0.346518,-0.786089,5.36628,-13.4039,-0.24035,-1.34964,-0.40572,6.0444,-0,-0,-0,-0,-0,-0
19.1255,-0.592891,0.52042,-0.590628,-0.167077,-0.434563,-0.86764,4.74376,-13.5418,0.30723,-1.10952,-0.24012,8.51184,-0,-0,-0,-0,-0,-0
19.1303,-0.591074,0.52455,-0.600148,-0.191619,-0.498787,-0.907507,4.97622,-14.2195,0.0418,-1.43244,-0.65412,5.65524,-0,-0,-0,-0,-0,-0
19.1353,-0.594422,0.543656,-0.592473,-0.229841,-0.51123,-0.888683,5.0629,-14.7632,-0.93632,-0.27324,-1.18404,7.39404,-0,-0,-0,-0,-0,-0
19.1404,-0.570919,0.559923,-0.584787,-0.23809,-0.487272,-0.975476,4.10154,-14.117,-0.1045,-1.97064,-1.30824,7.4934,-0,-0,-0,-0,-0,-0
19.1454,-0.562248,0.576788,-0.599896,-0.194367,-0.489689,-1.03143,5.4372,-15.3227,0.5434,-2.18592,-0.62928,7.04628,-0,-0,-0,-0,-0,-0
19.1506,-0.596473,0.620324,-0.619997,-0.178129,-0.496597,-1.09543,5.6736,-17.0129,-0.05016,-1.10124,-1.1178,7.55964,-0,-0,-0,-0,-0,-0
19.1553,-0.630552,0.649831,-0.622874,-0.197304,-0.510528,-1.14174,5.88242,-14.3298,-0.52041,-1.19232,-0.68724,7.14564,-0,-0,-0,-0,-0,-0
19.1603,-0.63773,0.642931,-0.633626,-0.221889,-0.464213,-1.16653,4.68072,-14.1249,0.02717,-0.90252,-2.20248,7.43544,-0,-0,-0,-0,-0,-0
19.1653,-0.609427,0.629429,-0.652334,-0.245031,-0.349124,-1.1912,4.68072,-14.1249,0.02717,-0.90252,-2.20248,7.43544,-0,-0,-0,-0,-0,-0
19.1703,-0.582279,0.60066,-0.655693,-0.254881,-0.364136,-1.15707,4.94076,-12.7814,-1.07844,-1.12608,0.19872,6.417,-0,-0,-0,-0,-0,-0
19.1755,-0.557701,0.585284,-0.637664,-0.256196,-0.471226,-1.112,4.47978,-15.0705,-1.51316,-1.30824,-0.59616,6.9552,-0,-0,-0,-0,-0,-0
19.1806,-0.526082,0.59306,-0.61855,-0.258147,-0.523096,-1.08635,4.47978,-15.0705,-1.51316,-1.30824,-0.59616,6.9552,-0,-0,-0,-0,-0,-0
19.1853,-0.50557,0.594627,-0.620143,-0.264435,-0.491542,-1.04458,4.8659,-14.4362,0.1254,-1.1592,-1.97892,6.59916,-0,-0,-0,-0,-0,-0
19.1903,-0.47272,0.597965,-0.628679,-0.281489,-0.484088,-0.934543,3.99122,-14.8341,-0.83182,-1.15092,-0.25668,5.48964,-0,-0,-0,-0,-0,-0
19.1953,-0.443427,0.611358,-0.62561,-0.285754,-0.478724,-0.738714,4.63738,-15.0666,-0.63118,-1.49868,-1.9458,4.45464,-0,-0,-0,-0,-0,-0
19.2003,-0.433821,0.615257,-0.627322,-0.274318,-0.444085,-0.65169,4.83832,-13.6639,-0.29887,-1.92924,-0.92736,7.22016,-0,-0,-0,-0,-0,-0
19.2053,-0.415635,0.611344,-0.639487,-0.296583,-0.390859,-0.758788,4.12124,-14.3849,0.02299,-0.25668,-2.39292,8.28828,-0,-0,-0,-0,-0,-0
19.2102,-0.415387,0.59911,-0.652054,-0.325006,-0.279516,-0.867963,5.55146,-13.069,-0.42636,-1.242,-2.16108,7.245,-0,-0,-0,-0,-0,-0
19.2153,-0.421026,0.581507,-0.657767,-0.310134,-0.205595,-0.883518,4.3931,-13.66,-0.418,-1.78848,-1.8216,6.43356,-0,-0,-0,-0,-0,-0
19.2204,-0.386374,0.590632,-0.655757,-0.302814,-0.192979,-0.851093,3.8218,-15.0941,-0.68761,-0.93564,-1.41588,6.30936,-0,-0,-0,-0,-0,-0
19.2254,-0.342935,0.610409,-0.668231,-0.313689,-0.27501,-0.804124,3.97152,-15.0193,0.48906,-0.9936,-0.0828,6.18516,-0,-0,-0,-0,-0,-0
19.2304,-0.329969,0.623842,-0.687046,-0.349034,-0.272993,-0.815276,4.85802,-15.0075,-0.49324,0,-2.898,7.11252,-0,-0,-0,-0,-0,-0
19.2353,-0.33515,0.638253,-0.681762,-0.395027,-0.215052,-0.887415,4.81862,-14.8223,-1.09098,-0.47196,-1.25028,7.60932,-0,-0,-0,-0,-0,-0
19.2405,-0.339172,0.651429,-0.676642,-0.424543,-0.304425,-0.955323,4.77528,-14.4874,-0.25498,-0.55476,-0.33948,7.11252,-0,-0,-0,-0,-0,-0
19.2455,-0.360047,0.662421,-0.684969,-0.434666,-0.360937,-0.924306,5.41356,-14.8971,-0.28215,-0.96048,-1.656,5.9202,-0,-0,-0,-0,-0,-0
19.2505,-0.364466,0.666705,-0.693263,-0.428348,-0.342821,-0.832865,4.26702,-14.1091,-0.40128,-1.02672,-1.67256,5.85396,-0,-0,-0,-0,-0,-0
19.2554,-0.326067,0.650956,-0.697297,-0.41871,-0.330303,-0.780513,3.6445,-13.1241,-0.81301,-0.96876,-1.42416,6.42528,-0,-0,-0,-0,-0,-0
19.2604,-0.318145,0.627295,-0.687977,-0.411403,-0.344956,-0.778821,5.40962,-13.2502,-1.38776,-0.85284,-1.29168,6.90552,-0,-0,-0,-0,-0,-0
19.2655,-0.326303,0.608875,-0.686964,-0.418614,-0.353267,-0.738643,4.26308,-13.9161,-0.2717,-0.5382,-1.449,5.91192,-0,-0,-0,-0,-0,-0
19.2704,-0.295633,0.599062,-0.693759,-0.433293,-0.344896,-0.690387,3.99516,-13.6757,-0.64163,-0.48852,-1.85472,6.13548,-0,-0,-0,-0,-0,-0
19.2754,-0.281243,0.593291,-0.696954,-0.463282,-0.326819,-0.658066,4.79892,-14.4165,-0.65417,0.06624,-1.54008,6.35904,-0,-0,-0,-0,-0,-0
19.2802,-0.286259,0.598838,-0.696118,-0.523361,-0.348672,-0.599633,4.71618,-14.6095,-0.85272,0.8694,-1.19232,5.60556,-0,-0,-0,-0,-0,-0
19.2853,-0.255383,0.611287,-0.693383,-0.641366,-0.388938,-0.592112,3.42386,-14.7947,-0.64999,2.1942,-1.33308,7.17048,-0,-0,-0,-0,-0,-0
19.2903,-0.236445,0.613433,-0.702207,-0.767381,-0.394032,-0.618903,5.1023,-13.9397,-0.16302,1.5732,-1.68084,6.3342,-0,-0,-0,-0,-0,-0
19.2952,-0.246703,0.620008,-0.710603,-0.90422,-0.373208,-0.611972,4.60192,-15.0863,-0.59356,2.80692,-1.75536,6.64884,-0,-0,-0,-0,-0,-0
19.3002,-0.225072,0.624747,-0.709493,-1.0738,-0.360225,-0.638701,3.81392,-13.7191,-0.88407,3.36168,-1.59804,6.79788,-0,-0,-0,-0,-0,-0
19.3053,-0.216385,0.604298,-0.704669,-1.21486,-0.243722,-0.695867,5.1811,-13.3763,-1.34805,3.32856,-3.59352,7.18704,-0,-0,-0,-0,-0,-0
19.3103,-0.252773,0.59303,-0.700978,-1.27886,-0.100451,-0.752518,5.45296,-14.7198,-0.88616,4.40496,-2.21076,6.7068,-0,-0,-0,-0,-0,-0
19.3153,-0.263113,0.605766,-0.70741,-1.26531,-0.101141,-0.77006,4.1961,-15.1808,-0.209,4.14,-1.39932,6.69024,-0,-0,-0,-0,-0,-0
19.3204,-0.241829,0.619347,-0.727259,-1.20915,-0.141315,-0.758595,4.1961,-15.1808,-0.209,4.14,-1.39932,6.69024,-0,-0,-0,-0,-0,-0
19.3252,-0.226105,0.62237,-0.739909,-1.1676,-0.166442,-0.740644,4.48372,-14.3613,-0.76703,4.7196,-1.55664,6.80616,-0,-0,-0,-0,-0,-0
19.3302,-0.258999,0.620255,-0.738937,-1.12833,-0.170527,-0.679266,5.9691,-14.1249,-0.94886,4.54572,-2.02032,6.003,-0,-0,-0,-0,-0,-0
19.3352,-0.303086,0.630239,-0.743799,-1.08502,-0.178437,-0.627554,4.85802,-15.5,-0.37829,4.61196,-1.34964,6.50808,-0,-0,-0,-0,-0,-0
19.3402,-0.305028,0.655181,-0.741601,-1.01206,-0.232863,-0.606753,4.50342,-15.1454,-1.16831,3.49416,-1.34136,6.1272,-0,-0,-0,-0,-0,-0
19.3452,-0.268464,0.656266,-0.737042,-0.910774,-0.314361,-0.593659,3.47114,-13.3763,-0.73568,3.36168,-0.84456,6.40044,-0,-0,-0,-0,-0,-0
19.3502,-0.243292,0.652037,-0.745089,-0.871181,-0.322852,-0.648183,4.82256,-14.775,-0.32186,5.8374,-2.58336,7.452,-0,-0,-0,-0,-0,-0
19.3554,-0.242581,0.651304,-0.758142,-0.852366,-0.357687,-0.68388,4.26308,-13.987,-0.60401,4.40496,-0.19044,6.5826,-0,-0,-0,-0,-0,-0
19.3603,-0.226125,0.646615,-0.76795,-0.782601,-0.460312,-0.647008,4.16458,-14.5307,-0.63118,3.65976,-0.96876,6.21,-0,-0,-0,-0,-0,-0
19.3654,-0.206996,0.653225,-0.770347,-0.708908,-0.483433,-0.607787,4.21186,-14.842,-1.03246,4.27248,-1.93752,6.40044,-0,-0,-0,-0,-0,-0
19.3704,-0.185163,0.657745,-0.762598,-0.655051,-0.501408,-0.56157,3.9597,-13.8727,-1.13905,4.13172,-1.01844,5.80428,-0,-0,-0,-0,-0,-0
19.3754,-0.172506,0.661333,-0.760342,-0.582353,-0.586203,-0.539337,4.51918,-14.7553,-0.60819,3.50244,-0.621,6.64884,-0,-0,-0,-0,-0,-0
19.3805,-0.157955,0.680864,-0.769533,-0.511129,-0.646101,-0.622511,3.85726,-15.2478,-0.2508,3.84192,-1.56492,7.51824,-0,-0,-0,-0,-0,-0
19.3856,-0.116064,0.705127,-0.780222,-0.47344,-0.574414,-0.749973,3.40416,-16.0358,-0.9405,5.12532,-2.58336,7.71696,-0,-0,-0,-0,-0,-0
19.3903,-0.0953721,0.715414,-0.783183,-0.447733,-0.484843,-0.760981,4.5901,-13.9909,-0.84436,4.6782,-2.07828,5.89536,-0,-0,-0,-0,-0,-0
19.3953,-0.110104,0.715649,-0.787133,-0.413789,-0.505004,-0.693743,4.78316,-14.7435,-0.73568,4.16484,-0.52164,6.06096,-0,-0,-0,-0,-0,-0
19.4003,-0.0987256,0.709992,-0.789913,-0.375587,-0.437306,-0.590478,3.5854,-13.7821,-1.1495,4.10688,-3.61008,5.24952,-0,-0,-0,-0,-0,-0
19.4053,-0.0818565,0.689976,-0.79011,-0.324017,-0.337572,-0.496692,4.54282,-13.4315,-1.04709,3.08016,-1.23372,5.58072,-0,-0,-0,-0,-0,-0
19.4102,-0.0491923,0.667698,-0.790134,-0.265189,-0.382477,-0.556626,2.84074,-13.3566,-1.0659,3.0636,-0.91908,7.6176,-0,-0,-0,-0,-0,-0
19.4153,-0.013688,0.651551,-0.792018,-0.251853,-0.526574,-0.730065,4.50342,-13.3369,-0.49742,4.23108,0.32292,7.62588,-0,-0,-0,-0,-0,-0
19.4202,-0.0377266,0.644139,-0.80279,-0.222619,-0.675182,-0.820902,4.99592,-14.0028,-0.38247,2.94768,-0.23184,6.30108,-0,-0,-0,-0,-0,-0
19.4254,-0.068223,0.64043,-0.808914,-0.1878,-0.815907,-0.831296,4.68072,-13.065,-0.45771,3.70116,-0.01656,6.45012,-0,-0,-0,-0,-0,-0
19.4302,-0.0683607,0.629327,-0.796312,-0.192734,-0.887452,-0.816709,4.02274,-13.0256,-1.78486,4.43808,-1.1592,5.6304,-0,-0,-0,-0,-0,-0
19.4352,-0.0346874,0.604238,-0.786338,-0.200603,-0.807899,-0.749408,3.44356,-12.0525,-0.53922,4.15656,-2.62476,5.2578,-0,-0,-0,-0,-0,-0
19.4403,0.013189,0.613783,-0.778402,-0.284821,-0.653166,-0.843115,3.46326,-15.7482,-1.26445,7.05456,-2.7324,8.4042,-0,-0,-0,-0,-0,-0
19.4453,0.024567,0.663823,-0.76627,-0.366804,-0.545927,-1.06717,4.58222,-15.9688,-0.91751,5.41512,-2.24388,7.91568,-0,-0,-0,-0,-0,-0
19.4502,0.0114221,0.687014,-0.762666,-0.360357,-0.504812,-1.2504,4.22762,-14.6489,-1.48181,4.09032,-1.52352,8.3628,-0,-0,-0,-0,-0,-0
19.4554,0.00988908,0.677394,-0.764674,-0.32391,-0.519131,-1.31286,4.0188,-13.2384,-0.83809,4.93488,-1.10124,6.34248,-0,-0,-0,-0,-0,-0
19.4603,0.0247193,0.671954,-0.771002,-0.260815,-0.58662,-1.2458,3.6445,-14.9011,-1.04709,3.58524,-0.7038,6.69024,-0,-0,-0,-0,-0,-0
19.4656,0.0577079,0.687759,-0.77338,-0.209891,-0.653319,-1.17579,3.40416,-15.0114,-1.05336,5.60556,-1.35792,6.20172,-0,-0,-0,-0,-0,-0
19.4704,0.0932269,0.69759,-0.779347,-0.212982,-0.663761,-1.07404,3.40416,-15.0114,-1.05336,5.60556,-1.35792,6.20172,-0,-0,-0,-0,-0,-0
19.4753,0.126107,0.713842,-0.784127,-0.176808,-0.629573,-0.916229,3.57752,-15.9294,-1.26654,3.94956,-2.16936,5.1336,-0,-0,-0,-0,-0,-0
19.4803,0.169566,0.730572,-0.776769,-0.139351,-0.535667,-0.789329,2.9156,-14.6844,-1.7974,4.97628,-2.74068,5.98644,-0,-0,-0,-0,-0,-0
19.4854,0.188903,0.733882,-0.766155,-0.143973,-0.475389,-0.799213,4.29854,-14.4322,-1.43583,5.31576,-1.74708,7.62588,-0,-0,-0,-0,-0,-0
19.4904,0.169117,0.742214,-0.759538,-0.150574,-0.450357,-0.884685,4.34976,-15.3818,-1.672,4.94316,-1.93752,7.39404,-0,-0,-0,-0,-0,-0
19.4954,0.172971,0.762698,-0.75692,-0.135218,-0.409678,-0.839312,3.32536,-15.5394,-1.07217,4.21452,-2.35152,5.44824,-0,-0,-0,-0,-0,-0
19.5006,0.190573,0.771499,-0.762365,-0.145552,-0.397961,-0.780276,3.7824,-14.251,-1.15368,5.81256,-1.34136,6.8724,-0,-0,-0,-0,-0,-0
19.5054,0.21207,0.767534,-0.770355,-0.149133,-0.379881,-0.723954,3.31748,-14.7829,-1.09307,4.81068,-2.49228,5.31576,-0,-0,-0,-0,-0,-0
19.5104,0.243108,0.756527,-0.78032,-0.131969,-0.337813,-0.645336,3.4081,-13.4827,-0.98021,5.04252,-1.96236,6.46668,-0,-0,-0,-0,-0,-0
19.5154,0.278807,0.731931,-0.799133,-0.143234,-0.318188,-0.649151,2.96288,-13.4433,-0.44517,6.01956,-2.1528,6.9138,-0,-0,-0,-0,-0,-0
19.5202,0.294954,0.706003,-0.82079,-0.152227,-0.30472,-0.647074,3.9597,-13.4039,-0.82346,4.66164,-1.74708,6.51636,-0,-0,-0,-0,-0,-0
19.5254,0.29074,0.704778,-0.829254,-0.177927,-0.380798,-0.597264,3.75876,-14.9405,-0.9405,6.51636,-0.77832,5.90364,-0,-0,-0,-0,-0,-0
19.5303,0.278097,0.712138,-0.836428,-0.198624,-0.466177,-0.514317,4.22368,-14.318,-0.94886,4.62024,-1.27512,5.589,-0,-0,-0,-0,-0,-0
19.5354,0.267639,0.716361,-0.836654,-0.214595,-0.456625,-0.463481,3.65632,-13.9988,-1.12024,5.68008,-2.96424,6.17688,-0,-0,-0,-0,-0,-0
19.5403,0.288449,0.720837,-0.831519,-0.211727,-0.482766,-0.375384,3.08896,-14.5307,-1.50271,4.28076,-0.31464,4.86036,-0,-0,-0,-0,-0,-0
19.5454,0.319473,0.734251,-0.817177,-0.213608,-0.535128,-0.292699,3.27808,-14.8814,-1.86846,5.99472,-2.33496,6.09408,-0,-0,-0,-0,-0,-0
19.5504,0.344796,0.751825,-0.796233,-0.245549,-0.463814,-0.316335,3.2505,-15.1729,-2.20704,5.89536,-2.5668,6.4998,-0,-0,-0,-0,-0,-0
19.5555,0.375118,0.763739,-0.771523,-0.263072,-0.365452,-0.343822,2.9944,-14.7514,-2.41604,5.53932,-2.93112,5.9202,-0,-0,-0,-0,-0,-0
19.5603,0.432859,0.759333,-0.743821,-0.236571,-0.238487,-0.296374,2.0685,-13.3251,-2.46829,4.49604,-3.66804,5.16672,-0,-0,-0,-0,-0,-0
19.5653,0.492241,0.751041,-0.717517,-0.190737,-0.196617,-0.331594,2.84468,-14.4834,-2.36379,4.62024,-1.34136,7.23672,-0,-0,-0,-0,-0,-0
19.5702,0.559226,0.748761,-0.697058,-0.184993,-0.236987,-0.374616,1.55236,-14.1564,-2.299,5.39028,-2.03688,5.6718,-0,-0,-0,-0,-0,-0
19.5753,0.648104,0.751773,-0.676339,-0.19326,-0.193801,-0.362108,1.93454,-14.7159,-2.2363,5.41512,-3.24576,6.43356,-0,-0,-0,-0,-0,-0
19.5802,0.716785,0.76003,-0.658285,-0.195768,-0.0929027,-0.388978,1.93454,-14.7159,-2.2363,5.41512,-3.24576,6.43356,-0,-0,-0,-0,-0,-0
19.5853,0.757653,0.774072,-0.644271,-0.157849,-0.0472338,-0.436406,3.01804,-15.3936,-1.97923,3.87504,-2.45088,6.75648,-0,-0,-0,-0,-0,-0
19.5902,0.76433,0.790209,-0.63847,-0.085157,-0.0251891,-0.502695,3.01804,-15.3936,-1.97923,3.87504,-2.45088,6.75648,-0,-0,-0,-0,-0,-0
19.5953,0.768995,0.78468,-0.637065,-0.0485005,-0.0559749,-0.582641,3.10078,-13.5772,-1.86428,5.175,-1.50696,6.94692,-0,-0,-0,-0,-0,-0
19.6004,0.768982,0.76384,-0.635486,-0.0472494,-0.128279,-0.640088,3.10078,-13.5772,-1.86428,5.175,-1.50696,6.94692,-0,-0,-0,-0,-0,-0
19.6053,0.768885,0.756659,-0.632384,-0.0320654,-0.164342,-0.633885,3.10866,-14.7986,-1.98341,4.57884,-2.277,6.07752,-0,-0,-0,-0,-0,-0
19.6103,0.773063,0.754576,-0.629276,-0.0224005,-0.104261,-0.531279,2.96682,-14.0619,-1.87473,4.95972,-3.25404,5.2164,-0,-0,-0,-0,-0,-0
19.6154,0.78916,0.759939,-0.615154,-0.0222227,-0.0321536,-0.393571,2.67526,-14.8774,-2.45366,4.761,-2.86488,5.14188,-0,-0,-0,-0,-0,-0
19.6203,0.804366,0.765365,-0.592556,-0.03634,0.00170178,-0.317056,2.9353,-13.9909,-2.60414,5.59728,-2.82348,5.60556,-0,-0,-0,-0,-0,-0
19.6254,0.81879,0.76896,-0.559924,-0.046995,0.0476131,-0.29067,2.72254,-14.3022,-3.06394,5.18328,-3.16296,6.07752,-0,-0,-0,-0,-0,-0
19.6304,0.836542,0.769808,-0.521129,-0.0400768,0.0572624,-0.356194,2.75012,-13.9082,-3.43178,5.04252,-2.32668,7.4106,-0,-0,-0,-0,-0,-0
19.6353,0.855838,0.759844,-0.479004,-0.0287103,0.0174135,-0.432479,2.61616,-13.4827,-3.89785,4.99284,-1.85472,6.72336,-0,-0,-0,-0,-0,-0
19.6404,0.906482,0.757189,-0.423144,-0.0387966,0.00313817,-0.425736,1.46962,-14.3495,-4.63771,5.68836,-3.0222,5.92848,-0,-0,-0,-0,-0,-0
19.6454,0.995451,0.776481,-0.3647,-0.0797487,-0.013907,-0.384343,0.98894,-15.3778,-4.70668,6.35904,-1.83816,6.14376,-0,-0,-0,-0,-0,-0
19.6505,1.11151,0.804932,-0.315816,-0.165115,0.0200717,-0.461426,0.12608,-15.7245,-5.10378,7.40232,-3.99924,8.00676,-0,-0,-0,-0,-0,-0
19.6556,1.24742,0.824576,-0.272392,-0.209934,0.0525216,-0.525919,-0.35066,-14.5071,-5.55104,5.35716,-1.96236,6.19344,-0,-0,-0,-0,-0,-0
19.6603,1.35991,0.820764,-0.243086,-0.190097,0.0399074,-0.510208,-0.53978,-13.9949,-5.86036,5.59728,-3.03048,6.45012,-0,-0,-0,-0,-0,-0
19.6655,1.44051,0.80249,-0.217688,-0.141447,-0.00104913,-0.513859,-0.69344,-13.6363,-6.29299,4.21452,-1.48212,6.9552,-0,-0,-0,-0,-0,-0
19.6705,1.43399,0.793719,-0.191678,-0.10103,-0.113597,-0.513208,-0.33884,-14.4992,-6.48736,5.48136,-1.68084,6.38388,-0,-0,-0,-0,-0,-0
19.6753,1.36333,0.782979,-0.172674,-0.116591,-0.179891,-0.452273,-0.93378,-13.5575,-6.37868,6.26796,-1.92924,5.29092,-0,-0,-0,-0,-0,-0
19.6803,1.26016,0.779253,-0.150373,-0.0752147,-0.221133,-0.327823,-0.83922,-14.5386,-6.50826,3.83364,-2.20248,5.04252,-0,-0,-0,-0,-0,-0
19.6855,1.13518,0.769561,-0.141085,0.00933039,-0.213234,-0.314619,-0.94166,-13.7388,-5.91888,4.35528,-2.50056,7.33608,-0,-0,-0,-0,-0,-0
19.6907,1.02996,0.753754,-0.14244,0.0201939,-0.219663,-0.388,-1.64692,-13.8058,-5.73078,5.72148,-1.82988,6.86412,-0,-0,-0,-0,-0,-0
19.6956,0.967992,0.73667,-0.147744,0.0054319,-0.195617,-0.443141,-2.3049,-13.4512,-5.62628,5.39856,-3.07188,7.038,-0,-0,-0,-0,-0,-0
19.7003,0.911141,0.728561,-0.155498,-0.0205402,-0.162915,-0.498823,-1.59964,-14.4086,-5.41101,6.1686,-2.21076,6.68196,-0,-0,-0,-0,-0,-0
19.7052,0.857109,0.730859,-0.166399,-0.04815,-0.198547,-0.587297,-2.52948,-14.0303,-5.08288,5.55588,-2.0286,7.87428,-0,-0,-0,-0,-0,-0
19.7102,0.824093,0.739607,-0.178751,-0.0412285,-0.262717,-0.649033,-2.29308,-14.775,-5.15185,4.85208,-1.91268,6.26796,-0,-0,-0,-0,-0,-0
19.7153,0.783179,0.755426,-0.191036,-0.0102981,-0.3192,-0.61783,-2.29308,-14.775,-5.15185,4.85208,-1.91268,6.26796,-0,-0,-0,-0,-0,-0
19.7202,0.724397,0.753784,-0.208051,-0.0127755,-0.341813,-0.568848,-1.46568,-13.4236,-4.94076,6.2514,-2.62476,5.91192,-0,-0,-0,-0,-0,-0
19.7254,0.662899,0.742299,-0.227829,-0.0322323,-0.339891,-0.540198,-2.21428,-14.0934,-5.16648,5.52276,-2.277,6.59088,-0,-0,-0,-0,-0,-0
19.7302,0.625461,0.742785,-0.239745,-0.0340654,-0.337057,-0.547331,-2.21428,-14.0934,-5.16648,5.52276,-2.277,6.59088,-0,-0,-0,-0,-0,-0
19.7353,0.569232,0.736774,-0.257292,-0.0637572,-0.328554,-0.515389,-1.52478,-13.6285,-4.90523,6.55776,-2.66616,5.7546,-0,-0,-0,-0,-0,-0
19.7403,0.500603,0.73715,-0.26218,-0.0791102,-0.318842,-0.487045,-1.49326,-14.4046,-5.9565,5.1336,-2.17764,6.39216,-0,-0,-0,-0,-0,-0
19.7454,0.445008,0.730804,-0.251147,-0.0776723,-0.3121,-0.485507,-1.97394,-12.8917,-6.05891,6.21,-2.61648,6.09408,-0,-0,-0,-0,-0,-0
19.7503,0.396587,0.728959,-0.233286,-0.0801333,-0.249864,-0.415956,-1.52478,-14.578,-6.4163,5.39028,-3.49416,5.31576,-0,-0,-0,-0,-0,-0
19.7553,0.376676,0.7336,-0.211952,-0.0429727,-0.161738,-0.448375,-2.92348,-13.7112,-6.4163,4.91832,-3.1464,8.00676,-0,-0,-0,-0,-0,-0
19.7604,0.367464,0.725109,-0.201721,-0.0205189,-0.127388,-0.44489,-2.0094,-13.6718,-5.87081,5.44824,-2.31012,4.93488,-0,-0,-0,-0,-0,-0
19.7653,0.358132,0.72023,-0.198777,0.0027887,-0.124748,-0.383894,-2.94712,-13.8609,-5.77676,5.175,-2.88144,6.417,-0,-0,-0,-0,-0,-0
19.7703,0.34552,0.71593,-0.198142,0.0131161,-0.159795,-0.354747,-2.05274,-13.9988,-5.93978,6.2928,-1.77192,5.35716,-0,-0,-0,-0,-0,-0
19.7754,0.308334,0.725591,-0.197189,0.0372287,-0.215785,-0.39778,-1.80846,-14.7395,-5.54477,4.10688,-2.37636,7.4934,-0,-0,-0,-0,-0,-0
19.7805,0.250188,0.73415,-0.201286,0.0907414,-0.279481,-0.457458,-1.36324,-14.1052,-5.68689,5.05908,-1.72224,5.76288,-0,-0,-0,-0,-0,-0
19.7853,0.185711,0.730142,-0.202536,0.0911856,-0.347154,-0.472677,-1.1426,-13.463,-5.79348,6.13548,-1.9044,6.7482,-0,-0,-0,-0,-0,-0
19.7904,0.176424,0.714249,-0.210969,0.0953171,-0.390702,-0.481867,-3.42386,-13.1202,-5.21873,5.14188,-1.99548,5.8374,-0,-0,-0,-0,-0,-0
19.7953,0.216396,0.696232,-0.220113,0.106615,-0.320692,-0.4566,-3.13624,-13.1123,-5.73496,5.589,-4.33872,6.21828,-0,-0,-0,-0,-0,-0
19.8003,0.24566,0.688629,-0.204808,0.0893877,-0.290429,-0.483537,-3.06926,-13.4512,-6.65038,5.90364,-1.449,6.59916,-0,-0,-0,-0,-0,-0
19.8053,0.276871,0.684028,-0.183284,0.0539753,-0.280001,-0.546008,-3.27414,-13.7861,-6.56051,6.06924,-3.94956,7.15392,-0,-0,-0,-0,-0,-0
19.8103,0.289633,0.677934,-0.177085,0.00314263,-0.182105,-0.584155,-2.58858,-13.0059,-5.33786,6.60744,-3.30372,6.3342,-0,-0,-0,-0,-0,-0
19.8152,0.275463,0.681376,-0.177891,-0.0689042,-0.135648,-0.546986,-2.15518,-14.4598,-5.88753,7.22844,-3.105,5.40684,-0,-0,-0,-0,-0,-0
19.8203,0.283467,0.670437,-0.175629,-0.114522,-0.107136,-0.416375,-3.54206,-12.281,-6.0819,5.55588,-2.75724,4.53744,-0,-0,-0,-0,-0,-0
19.8253,0.313267,0.65287,-0.174583,-0.125177,-0.134292,-0.4245,-2.97864,-13.329,-5.56776,6.4998,-2.25216,7.84944,-0,-0,-0,-0,-0,-0
19.8303,0.32622,0.635801,-0.179934,-0.0741968,-0.203364,-0.529739,-2.8959,-12.6001,-5.80393,3.86676,-1.75536,6.86412,-0,-0,-0,-0,-0,-0
19.8352,0.34499,0.611385,-0.182523,-0.0397478,-0.327934,-0.564474,-3.39628,-12.8877,-6.03174,6.48324,-0.96048,6.45012,-0,-0,-0,-0,-0,-0
19.8403,0.366102,0.594917,-0.178582,-0.0436697,-0.417237,-0.570791,-2.9353,-13.002,-6.04219,5.19156,-2.4426,6.17688,-0,-0,-0,-0,-0,-0
19.8454,0.35257,0.585904,-0.170546,-0.0340871,-0.469285,-0.616147,-2.23004,-13.0926,-6.07772,6.18516,-1.79676,7.27812,-0,-0,-0,-0,-0,-0
19.8503,0.338413,0.573311,-0.183923,-0.0530936,-0.446166,-0.631205,-2.77376,-13.1832,-4.68787,6.26796,-3.6018,5.61384,-0,-0,-0,-0,-0,-0
19.8554,0.348892,0.554957,-0.20994,-0.0298291,-0.41209,-0.554974,-2.98258,-12.3834,-5.10169,4.43808,-1.91268,5.61384,-0,-0,-0,-0,-0,-0
19.8605,0.347395,0.529101,-0.219346,-0.00193631,-0.396319,-0.524707,-2.33248,-12.4307,-5.93978,6.05268,-3.1878,6.24312,-0,-0,-0,-0,-0,-0
19.8654,0.366712,0.5079,-0.222034,-0.0109521,-0.301677,-0.535906,-3.8612,-12.6474,-5.53014,5.91192,-3.7674,6.2514,-0,-0,-0,-0,-0,-0
19.8703,0.384484,0.510062,-0.222726,-0.0384757,-0.133637,-0.581023,-2.36794,-14.1643,-5.79557,6.93864,-4.8438,6.64056,-0,-0,-0,-0,-0,-0
19.8753,0.388083,0.520614,-0.215389,-0.0498274,-0.00520659,-0.66735,-3.42386,-13.3211,-6.11743,5.68008,-3.28716,7.31124,-0,-0,-0,-0,-0,-0
19.8804,0.415172,0.537575,-0.205573,-0.0482179,0.0338523,-0.729505,-3.30566,-14.6056,-5.93978,6.07752,-3.12156,6.28452,-0,-0,-0,-0,-0,-0
19.8854,0.425492,0.557551,-0.200782,-0.0408887,0.0207455,-0.671595,-2.88014,-13.6639,-5.77467,5.26608,-2.70756,4.99284,-0,-0,-0,-0,-0,-0
19.8902,0.408354,0.556754,-0.197869,0.00410107,-0.0721447,-0.588763,-2.39552,-12.545,-5.76631,4.54572,-1.48212,6.01128,-0,-0,-0,-0,-0,-0
19.8953,0.389107,0.551444,-0.201472,0.0587156,-0.198702,-0.535466,-2.50978,-13.3014,-5.31278,5.57244,-2.24388,5.62212,-0,-0,-0,-0,-0,-0
19.9003,0.375874,0.55433,-0.210729,0.0542624,-0.240162,-0.460975,-2.50978,-13.3014,-5.31278,5.57244,-2.24388,5.62212,-0,-0,-0,-0,-0,-0
19.9053,0.339153,0.543822,-0.221911,0.0411886,-0.30765,-0.375424,-1.56812,-12.7065,-5.67644,5.39856,-1.74708,5.2992,-0,-0,-0,-0,-0,-0
19.9103,0.313294,0.532887,-0.223687,0.0326782,-0.324146,-0.340751,-2.62404,-12.8405,-5.67644,5.39028,-3.17952,6.21828,-0,-0,-0,-0,-0,-0
19.9154,0.2933,0.510893,-0.228001,0.0413247,-0.45254,-0.337785,-1.68632,-11.4063,-5.27098,4.72788,0.77004,5.51448,-0,-0,-0,-0,-0,-0
19.9202,0.270404,0.488966,-0.226918,0.0834847,-0.693146,-0.293206,-2.32854,-12.5174,-6.09444,3.58524,-0.9936,5.18328,-0,-0,-0,-0,-0,-0
19.9252,0.275026,0.487535,-0.207083,0.133408,-0.774592,-0.239567,-2.32854,-12.5174,-6.09444,3.58524,-0.9936,5.18328,-0,-0,-0,-0,-0,-0
19.9302,0.279586,0.485898,-0.208196,0.165989,-0.833843,-0.23355,-2.24186,-13.002,-4.81118,4.06548,-1.18404,5.87052,-0,-0,-0,-0,-0,-0
19.9352,0.284441,0.478659,-0.220246,0.175952,-0.82252,-0.277905,-2.2064,-12.2889,-5.45281,4.00752,-2.14452,5.77116,-0,-0,-0,-0,-0,-0
19.9402,0.353479,0.480234,-0.205107,0.0620063,-0.680966,-0.465755,-4.77922,-12.9547,-6.35151,9.22392,-3.85848,8.76024,-0,-0,-0,-0,-0,-0
19.9453,0.56948,0.483409,-0.173983,-0.212612,-0.44769,-0.665989,-8.02972,-12.3243,-6.55215,11.2194,-4.44636,6.624,-0,-0,-0,-0,-0,-0
19.9505,0.793717,0.477071,-0.171525,-0.357193,-0.389712,-0.7005,-5.68148,-13.002,-5.0578,6.417,-0.6624,5.69664,-0,-0,-0,-0,-0,-0
19.9552,0.850953,0.471154,-0.179497,-0.326814,-0.425567,-0.713587,-3.11654,-12.5765,-6.07354,5.7546,-3.312,6.73992,-0,-0,-0,-0,-0,-0
19.9603,0.830867,0.459058,-0.173732,-0.234787,-0.413981,-0.7472,-2.88408,-12.4189,-6.21148,5.05908,-1.76364,6.06924,-0,-0,-0,-0,-0,-0
19.9653,0.822898,0.448199,-0.170246,-0.163337,-0.448219,-0.713776,-3.84938,-13.1596,-6.3118,6.69024,-2.58336,5.48964,-0,-0,-0,-0,-0,-0
19.9702,0.820762,0.454122,-0.159861,-0.11866,-0.436374,-0.572215,-3.06532,-13.7545,-6.58768,6.10236,-2.74068,3.98268,-0,-0,-0,-0,-0,-0
19.9752,0.816634,0.452707,-0.154004,-0.081094,-0.44274,-0.518527,-3.94,-12.4425,-6.02338,6.56604,-2.3598,7.19532,-0,-0,-0,-0,-0,-0
19.9801,0.876168,0.442738,-0.144678,-0.0254193,-0.39359,-0.493444,-5.17716,-12.5844,-6.63157,5.382,-3.85848,4.82724,-0,-0,-0,-0,-0,-0
19.9853,0.922522,0.416835,-0.131337,0.0156544,-0.302246,-0.390221,-3.59722,-10.5907,-6.07772,6.39216,-3.6018,5.58072,-0,-0,-0,-0,-0,-0
19.9903,0.927899,0.386667,-0.124536,0.023943,-0.243369,-0.396161,-3.62086,-12.1904,-6.38077,6.5826,-3.08844,6.46668,-0,-0,-0,-0,-0,-0
19.9954,0.929583,0.371626,-0.115472,0.0305129,-0.173843,-0.418483,-3.55782,-12.0052,-6.23238,6.21828,-3.8502,5.97816,-0,-0,-0,-0,-0,-0
20.0006,0.919371,0.352624,-0.116901,0.0154137,-0.0612536,-0.421713,-2.99046,-12.2534,-5.88962,7.41888,-4.14828,6.05268,-0,-0,-0,-0,-0,-0
20.0052,0.909542,0.330007,-0.123232,0.0143838,-0.00659837,-0.395401,-3.8021,-11.8909,-6.2491,5.80428,-3.01392,5.20812,-0,-0,-0,-0,-0,-0
20.0104,0.929775,0.312921,-0.130029,0.0637323,0.0173327,-0.375759,-4.1173,-12.6435,-5.67853,5.24952,-3.79224,6.01956,-0,-0,-0,-0,-0,-0
20.0152,0.943356,0.297182,-0.144846,0.0688308,0.00915087,-0.393711,-3.51054,-11.8318,-5.47998,7.22016,-2.59992,5.87052,-0,-0,-0,-0,-0,-0
20.0202,0.942875,0.276188,-0.158765,0.0876257,-0.0631146,-0.351871,-3.6445,-12.0643,-5.75586,4.69476,-2.58336,4.79412,-0,-0,-0,-0,-0,-0
20.0253,0.956314,0.260625,-0.163318,0.100364,-0.159161,-0.313992,-3.8415,-12.1549,-6.00248,6.90552,-1.83816,5.63868,-0,-0,-0,-0,-0,-0
20.0304,0.997563,0.251404,-0.166408,0.092713,-0.178249,-0.35573,-4.57434,-12.6474,-5.8729,5.81256,-3.70944,6.48324,-0,-0,-0,-0,-0,-0
20.0357,1.03927,0.243093,-0.166116,0.0978614,-0.170748,-0.408616,-3.9597,-12.0761,-6.13624,6.44184,-2.50884,5.59728,-0,-0,-0,-0,-0,-0
20.0403,1.04891,0.225018,-0.163792,0.0928795,-0.165218,-0.36145,-3.5263,-11.3433,-6.01711,6.34248,-3.88332,4.68648,-0,-0,-0,-0,-0,-0
20.0452,1.07846,0.204845,-0.159212,0.0644467,-0.107385,-0.339941,-4.64526,-11.6466,-6.12997,7.4106,-3.55212,6.11892,-0,-0,-0,-0,-0,-0
20.0502,1.11167,0.199967,-0.15389,0.0316307,-0.111276,-0.354359,-4.01486,-12.7695,-6.06936,6.6654,-2.84832,5.82084,-0,-0,-0,-0,-0,-0
20.0553,1.16008,0.213267,-0.140638,0.029098,-0.21465,-0.302476,-5.0038,-12.9705,-6.51871,5.89536,-1.52352,4.52088,-0,-0,-0,-0,-0,-0
20.0603,1.19654,0.217057,-0.139839,0.0836697,-0.244338,-0.219621,-4.05032,-12.4543,-5.57194,4.72788,-4.25592,5.43168,-0,-0,-0,-0,-0,-0
20.0652,1.21631,0.230511,-0.136609,0.146648,-0.252915,-0.251026,-4.14488,-12.8168,-5.9565,5.32404,-1.48212,6.67368,-0,-0,-0,-0,-0,-0
20.0702,1.20921,0.231756,-0.143145,0.175287,-0.341519,-0.321874,-3.41992,-12.4859,-5.66181,6.3342,-3.1878,6.20172,-0,-0,-0,-0,-0,-0
20.0752,1.19844,0.245474,-0.139666,0.167441,-0.289885,-0.359594,-3.41992,-12.4859,-5.66181,6.3342,-3.1878,6.20172,-0,-0,-0,-0,-0,-0
20.0802,1.21405,0.23058,-0.150388,0.176576,-0.2585,-0.388447,-4.7083,-11.0635,-5.46535,5.99472,-3.86676,6.03612,-0,-0,-0,-0,-0,-0
20.0852,1.26772,0.216388,-0.151661,0.178955,-0.143705,-0.408493,-4.7083,-11.0635,-5.46535,5.99472,-3.86676,6.03612,-0,-0,-0,-0,-0,-0
20.0904,1.28944,0.206622,-0.148925,0.167194,-0.135285,-0.403382,-3.63268,-12.5568,-6.46646,6.75648,-2.53368,5.43168,-0,-0,-0,-0,-0,-0
20.0953,1.26721,0.195483,-0.148348,0.172765,-0.178328,-0.354887,-3.13624,-11.8239,-5.98785,6.06924,-3.61836,4.94316,-0,-0,-0,-0,-0,-0
20.1003,1.24138,0.193006,-0.141653,0.182879,-0.105624,-0.287407,-3.13624,-11.8239,-5.98785,6.06924,-3.61836,4.94316,-0,-0,-0,-0,-0,-0
20.1054,1.23856,0.177208,-0.148574,0.196517,-0.0731908,-0.313335,-4.32612,-11.7451,-5.78721,6.17688,-3.66804,6.50808,-0,-0,-0,-0,-0,-0
20.1103,1.28839,0.154869,-0.161895,0.19767,-0.0200294,-0.316153,-5.02744,-11.4457,-5.63464,6.52464,-4.31388,4.49604,-0,-0,-0,-0,-0,-0
20.1153,1.35225,0.150071,-0.161446,0.196102,0.102117,-0.222329,-5.02744,-11.4457,-5.63464,6.52464,-4.31388,4.49604,-0,-0,-0,-0,-0,-0
20.1204,1.38051,0.133302,-0.167987,0.226463,0.101683,-0.261168,-4.19216,-11.1581,-5.7057,5.91192,-3.03048,6.88068,-0,-0,-0,-0,-0,-0
20.1252,1.40375,0.110327,-0.171873,0.26021,0.0421113,-0.314564,-4.42068,-10.4883,-5.63882,6.22656,-2.7324,5.33232,-0,-0,-0,-0,-0,-0
20.1305,1.40375,0.0809978,-0.187708,0.29356,0.0116727,-0.191537,-3.4672,-11.887,-5.63046,5.4648,-3.65976,3.6846,-0,-0,-0,-0,-0,-0
20.1354,1.41225,0.071176,-0.195975,0.331027,0.0847021,-0.0502781,-4.56646,-11.3905,-5.5176,6.73164,-4.968,4.57884,-0,-0,-0,-0,-0,-0
20.1402,1.42833,0.0649431,-0.204297,0.328459,0.148718,0.0253887,-4.12912,-12.4189,-5.86872,6.81444,-3.81708,4.37184,-0,-0,-0,-0,-0,-0
20.1452,1.49437,0.0802612,-0.191016,0.279552,0.296907,-0.0828948,-6.04002,-13.0217,-6.8552,8.6526,-6.52464,8.39592,-0,-0,-0,-0,-0,-0
20.1503,1.57194,0.0913894,-0.18173,0.160228,0.392777,-0.292328,-5.2599,-12.0879,-5.7266,9.79524,-3.38652,6.47496,-0,-0,-0,-0,-0,-0
20.1553,1.59363,0.0762795,-0.194215,0.147986,0.361641,-0.36043,-4.20004,-11.0044,-5.55731,5.80428,-4.6782,6.32592,-0,-0,-0,-0,-0,-0
20.1605,1.56888,0.056354,-0.208003,0.247121,0.261662,-0.372191,-3.75482,-11.4575,-5.55313,5.2578,-2.72412,5.4234,-0,-0,-0,-0,-0,-0
20.1653,1.5458,0.0478525,-0.209354,0.291864,0.153397,-0.30703,-3.75482,-11.556,-6.20103,7.34436,-3.30372,4.78584,-0,-0,-0,-0,-0,-0
20.1703,1.5453,0.0367126,-0.213052,0.297579,0.0511149,-0.261107,-4.93288,-11.7333,-5.75795,7.19532,-3.0222,5.53932,-0,-0,-0,-0,-0,-0
20.1754,1.56271,0.0276926,-0.217897,0.310879,-0.0509104,-0.252322,-4.42856,-11.1226,-5.64509,6.64884,-3.15468,5.51448,-0,-0,-0,-0,-0,-0
20.1802,1.5564,0.0210756,-0.215669,0.360949,-0.0902227,-0.223836,-3.70754,-11.6979,-6.20521,5.53104,-3.70944,4.8852,-0,-0,-0,-0,-0,-0
20.1854,1.5644,0.0179385,-0.20879,0.386299,-0.096918,-0.217794,-4.77134,-11.1935,-5.79139,7.0794,-3.58524,5.68008,-0,-0,-0,-0,-0,-0
20.1902,1.57878,0.0260565,-0.19521,0.384061,-0.0600367,-0.2941,-3.7233,-12.6395,-6.6671,6.5412,-4.36356,6.57432,-0,-0,-0,-0,-0,-0
20.1952,1.59243,0.0441902,-0.185727,0.387866,-0.0200782,-0.37657,-4.5901,-12.0564,-5.41937,6.15204,-3.46104,5.82912,-0,-0,-0,-0,-0,-0
20.2002,1.61037,0.0449016,-0.180832,0.393722,-0.0246233,-0.385372,-4.11336,-10.701,-6.16341,6.23484,-3.73428,5.12532,-0,-0,-0,-0,-0,-0
20.2052,1.62845,0.0251039,-0.180142,0.350229,0.0188944,-0.370493,-4.64526,-10.4213,-5.43191,8.30484,-4.66164,5.55588,-0,-0,-0,-0,-0,-0
20.2102,1.64378,-0.0117915,-0.189095,0.308812,0.126859,-0.356112,-3.79028,-9.26688,-5.56567,7.11252,-4.81068,5.26608,-0,-0,-0,-0,-0,-0
20.2152,1.63527,-0.0594852,-0.191751,0.31784,0.154452,-0.28324,-3.83362,-9.72786,-6.2282,6.17688,-3.55212,4.14828,-0,-0,-0,-0,-0,-0
20.2202,1.62379,-0.0787707,-0.185424,0.340632,0.127666,-0.262253,-3.9794,-11.0005,-5.71615,7.0794,-4.1814,5.9202,-0,-0,-0,-0,-0,-0
20.2252,1.6169,-0.0898703,-0.187319,0.320849,0.09883,-0.36332,-3.89666,-10.0628,-5.30442,7.38576,-3.50244,6.39216,-0,-0,-0,-0,-0,-0
20.2302,1.61543,-0.100598,-0.18829,0.283454,0.0976193,-0.48014,-3.89666,-10.0628,-5.30442,7.38576,-3.50244,6.39216,-0,-0,-0,-0,-0,-0
20.2352,1.61741,-0.130561,-0.204802,0.26613,0.103815,-0.49275,-4.42856,-9.88152,-5.20619,6.86412,-4.52916,4.49604,-0,-0,-0,-0,-0,-0
20.2403,1.63217,-0.179762,-0.23561,0.295305,0.116588,-0.461689,-4.32612,-9.31022,-4.88851,6.1272,-4.1814,5.72976,-0,-0,-0,-0,-0,-0
20.2452,1.6468,-0.205147,-0.248406,0.32934,0.185665,-0.48419,-4.32612,-9.31022,-4.88851,6.1272,-4.1814,5.72976,-0,-0,-0,-0,-0,-0
20.2502,1.64844,-0.22771,-0.261957,0.307346,0.162503,-0.509049,-4.0779,-10.7404,-5.49252,8.71056,-3.26232,5.78772,-0,-0,-0,-0,-0,-0
20.2553,1.65263,-0.230634,-0.266208,0.276678,0.130277,-0.489433,-4.2158,-10.6459,-5.21037,6.81444,-3.80052,5.10876,-0,-0,-0,-0,-0,-0
20.2604,1.67145,-0.243625,-0.268784,0.269668,0.200596,-0.480658,-4.63344,-9.55056,-5.41101,7.50168,-5.55588,6.06924,-0,-0,-0,-0,-0,-0
20.2655,1.68864,-0.262482,-0.266486,0.259584,0.200416,-0.456173,-4.3734,-10.1652,-5.69734,7.11252,-2.79864,5.07564,-0,-0,-0,-0,-0,-0
20.2702,1.6779,-0.275708,-0.265658,0.276711,0.147496,-0.416459,-3.39628,-9.89334,-5.26889,6.4584,-4.72788,5.23296,-0,-0,-0,-0,-0,-0
20.2752,1.67398,-0.298347,-0.272798,0.295052,0.195445,-0.437254,-4.99198,-9.32598,-5.13722,6.88068,-5.18328,6.14376,-0,-0,-0,-0,-0,-0
20.2804,1.72262,-0.321626,-0.285591,0.277922,0.257618,-0.412484,-4.66496,-9.54268,-4.69623,7.4934,-4.07376,4.08204,-0,-0,-0,-0,-0,-0
20.2854,1.74952,-0.330684,-0.306121,0.286756,0.229212,-0.329955,-4.95652,-10.2755,-4.25733,6.4998,-4.11516,4.87692,-0,-0,-0,-0,-0,-0
20.2904,1.76308,-0.33589,-0.313468,0.256237,0.197344,-0.343393,-3.99516,-9.66482,-5.61165,9.05004,-3.79224,5.69664,-0,-0,-0,-0,-0,-0
20.2953,1.73579,-0.342264,-0.309112,0.207295,0.157053,-0.351125,-3.41204,-10.0706,-5.08288,7.48512,-4.02408,4.81896,-0,-0,-0,-0,-0,-0
20.3004,1.72633,-0.346438,-0.301074,0.212341,0.191343,-0.400713,-4.1173,-9.85,-5.80184,7.14564,-5.03424,6.831,-0,-0,-0,-0,-0,-0
20.3053,1.72266,-0.361908,-0.294291,0.207559,0.214565,-0.420476,-3.78634,-8.8256,-5.00137,7.23672,-4.04064,4.33044,-0,-0,-0,-0,-0,-0
20.3104,1.69861,-0.377317,-0.289888,0.20921,0.243921,-0.34083,-2.83286,-9.12898,-5.12259,7.41888,-4.64508,4.86036,-0,-0,-0,-0,-0,-0
20.3156,1.66198,-0.407443,-0.29872,0.188185,0.234575,-0.331859,-4.08578,-8.88864,-5.03063,7.81632,-4.1814,5.66352,-0,-0,-0,-0,-0,-0
20.3203,1.66757,-0.437252,-0.315944,0.238313,0.172512,-0.304277,-3.71542,-9.1999,-4.49141,5.14188,-3.65148,4.2228,-0,-0,-0,-0,-0,-0
20.3252,1.65206,-0.441439,-0.325025,0.280425,0.0972875,-0.269271,-3.7036,-10.2913,-5.04735,7.1622,-3.77568,5.34888,-0,-0,-0,-0,-0,-0
20.3302,1.6681,-0.437236,-0.317133,0.239863,0.0295385,-0.266961,-4.14094,-9.54268,-5.43609,8.89272,-3.32028,5.10048,-0,-0,-0,-0,-0,-0
20.3354,1.66772,-0.44083,-0.310547,0.181035,0.0385033,-0.268852,-3.39234,-9.76726,-5.11632,8.05644,-5.382,5.36544,-0,-0,-0,-0,-0,-0
20.3404,1.68096,-0.439702,-0.291514,0.197692,0.126026,-0.260382,-4.34582,-9.24324,-5.90425,6.25968,-4.49604,4.76928,-0,-0,-0,-0,-0,-0
20.3452,1.68012,-0.450105,-0.281576,0.228027,0.09925,-0.249297,-3.4278,-9.4757,-5.06407,7.39404,-4.3056,5.0508,-0,-0,-0,-0,-0,-0
20.3503,1.69939,-0.451341,-0.273917,0.199393,0.117754,-0.207423,-4.42068,-9.11716,-5.05989,8.33796,-4.53744,4.09032,-0,-0,-0,-0,-0,-0
20.3552,1.71551,-0.465387,-0.280071,0.159399,0.0935039,-0.237328,-3.86908,-9.5742,-4.94285,7.9902,-3.99096,6.34248,-0,-0,-0,-0,-0,-0
20.3604,1.73907,-0.462882,-0.287596,0.178109,0.0775454,-0.346245,-4.7083,-9.93274,-4.49559,6.11064,-4.4298,5.78772,-0,-0,-0,-0,-0,-0
20.3654,1.76828,-0.450925,-0.292455,0.202835,0.0781385,-0.445997,-4.52706,-9.88152,-4.74221,7.15392,-4.44636,6.2928,-0,-0,-0,-0,-0,-0
20.3706,1.78033,-0.419164,-0.273785,0.168144,0.140342,-0.483994,-3.59328,-10.2913,-5.3922,8.61948,-4.72788,4.97628,-0,-0,-0,-0,-0,-0
20.3755,1.76351,-0.404717,-0.265452,0.144308,0.169881,-0.409078,-4.06214,-9.8106,-4.90523,7.452,-5.05908,3.71772,-0,-0,-0,-0,-0,-0
20.3803,1.74468,-0.398684,-0.259803,0.147029,0.227152,-0.343221,-2.94712,-8.99502,-4.85925,7.35264,-5.10048,5.07564,-0,-0,-0,-0,-0,-0
20.3853,1.70437,-0.393155,-0.250706,0.143474,0.328864,-0.349698,-2.94712,-8.99502,-4.85925,7.35264,-5.10048,5.07564,-0,-0,-0,-0,-0,-0
20.3903,1.66816,-0.426671,-0.265094,0.129661,0.296924,-0.397221,-3.40416,-7.8603,-4.61263,8.00676,-3.91644,5.84568,-0,-0,-0,-0,-0,-0
20.3952,1.66486,-0.44543,-0.26401,0.102819,0.278527,-0.46371,-3.40416,-7.8603,-4.61263,8.00676,-3.91644,5.84568,-0,-0,-0,-0,-0,-0
20.4002,1.6225,-0.476909,-0.276652,0.131593,0.25016,-0.411643,-2.19064,-8.17156,-4.40781,6.10236,-4.70304,3.73428,-0,-0,-0,-0,-0,-0
20.4053,1.58104,-0.484661,-0.287039,0.216338,0.2333,-0.335565,-2.52554,-9.11322,-3.88949,5.55588,-3.75084,5.2578,-0,-0,-0,-0,-0,-0
20.4105,1.53717,-0.491755,-0.284715,0.226818,0.135563,-0.402401,-1.69814,-7.90364,-5.17902,8.0316,-2.79864,6.003,-0,-0,-0,-0,-0,-0
20.4157,1.52303,-0.505708,-0.299053,0.200309,0.0975384,-0.361197,-3.00228,-8.55374,-2.67729,6.59916,-4.5126,3.1878,-0,-0,-0,-0,-0,-0
20.4202,1.50182,-0.509287,-0.321167,0.241886,0.0306286,-0.264404,-1.43022,-8.61678,-4.03161,4.6368,-2.37636,4.39668,-0,-0,-0,-0,-0,-0
20.4254,1.4701,-0.508481,-0.336919,0.279939,-0.0947829,-0.276471,-2.06062,-8.14398,-2.88838,6.45012,-2.58336,5.22468,-0,-0,-0,-0,-0,-0
20.4304,1.49155,-0.509139,-0.348767,0.244563,-0.167372,-0.27478,-2.67132,-8.17156,-3.9083,7.13736,-2.7738,4.40496,-0,-0,-0,-0,-0,-0
20.4353,1.49608,-0.522605,-0.342836,0.248671,-0.301461,-0.186084,-1.8321,-6.66648,-4.22598,4.2642,-1.19232,3.25404,-0,-0,-0,-0,-0,-0
20.4405,1.63095,-0.543028,-0.289541,0.085088,-0.24268,-0.22508,-7.27324,-7.10382,-7.1269,12.8092,-6.13548,6.84756,-0,-0,-0,-0,-0,-0
20.4453,1.91584,-0.562009,-0.222742,-0.204444,0.0593863,-0.348625,-8.84136,-6.61132,-5.87499,10.9876,-6.46668,4.97628,-0,-0,-0,-0,-0,-0
20.4502,2.10314,-0.584659,-0.205093,-0.364748,0.235985,-0.334779,-4.60192,-8.04548,-4.25106,9.6462,-5.14188,4.12344,-0,-0,-0,-0,-0,-0
20.4554,2.13775,-0.600398,-0.209715,-0.406846,0.289515,-0.382344,-4.20792,-7.28112,-4.44752,8.13924,-4.6368,6.38388,-0,-0,-0,-0,-0,-0
20.4603,2.12825,-0.625757,-0.21837,-0.380204,0.382381,-0.494664,-4.0385,-7.06048,-4.00235,7.9074,-6.89724,5.7546,-0,-0,-0,-0,-0,-0
20.4653,2.10691,-0.647048,-0.225932,-0.351649,0.596351,-0.555187,-3.75482,-7.8012,-4.70668,8.18064,-6.97176,5.48964,-0,-0,-0,-0,-0,-0
20.4703,2.08511,-0.66662,-0.226851,-0.316651,0.763427,-0.533244,-3.92818,-6.79256,-4.3472,7.80804,-6.05268,4.12344,-0,-0,-0,-0,-0,-0
20.4754,2.08048,-0.70334,-0.234581,-0.285321,0.801826,-0.559771,-4.34976,-6.82408,-4.57083,7.85772,-5.36544,6.34248,-0,-0,-0,-0,-0,-0
20.4804,2.07874,-0.736826,-0.23933,-0.211117,0.83808,-0.574665,-3.86908,-6.59162,-4.30958,6.16032,-6.31764,4.35528,-0,-0,-0,-0,-0,-0
20.4854,2.0848,-0.768935,-0.254535,-0.13917,0.865687,-0.52238,-4.4719,-6.78074,-3.62406,7.44372,-5.27436,4.83552,-0,-0,-0,-0,-0,-0
20.4903,2.06683,-0.782551,-0.262666,-0.138604,0.860216,-0.426068,-2.96682,-7.47418,-4.2845,9.07488,-5.4648,3.36996,-0,-0,-0,-0,-0,-0
20.4953,2.01396,-0.798348,-0.265438,-0.173302,0.805035,-0.401926,-3.52236,-7.84848,-5.00346,9.17424,-4.97628,5.97816,-0,-0,-0,-0,-0,-0
20.5007,1.99617,-0.786423,-0.247518,-0.191964,0.763262,-0.408106,-3.82968,-8.71134,-4.8906,8.35452,-5.23296,4.21452,-0,-0,-0,-0,-0,-0
20.5053,1.96905,-0.762177,-0.23837,-0.20563,0.690784,-0.343093,-3.24262,-8.66406,-4.03161,8.38764,-4.25592,4.37184,-0,-0,-0,-0,-0,-0
20.5103,1.94214,-0.748011,-0.242335,-0.201421,0.660665,-0.36436,-3.41204,-7.81696,-3.91248,7.84944,-6.0444,5.45652,-0,-0,-0,-0,-0,-0
20.5154,1.92649,-0.745952,-0.245549,-0.211866,0.609819,-0.404195,-3.61692,-7.4072,-4.06296,8.4042,-3.8502,4.52088,-0,-0,-0,-0,-0,-0
20.5202,1.91684,-0.753612,-0.248573,-0.212868,0.507293,-0.410361,-3.04956,-7.19838,-4.15492,8.23032,-4.54572,5.08392,-0,-0,-0,-0,-0,-0
20.5252,1.90319,-0.75463,-0.244069,-0.206271,0.472681,-0.438271,-3.04956,-7.19838,-4.15492,8.23032,-4.54572,5.08392,-0,-0,-0,-0,-0,-0
20.5302,1.87619,-0.790102,-0.263557,-0.215857,0.375753,-0.382265,-3.30172,-6.45766,-3.77872,8.6526,-4.57884,3.57696,-0,-0,-0,-0,-0,-0
20.5352,1.8769,-0.798785,-0.262485,-0.230456,0.360286,-0.258662,-3.30172,-6.45766,-3.77872,8.6526,-4.57884,3.57696,-0,-0,-0,-0,-0,-0
20.5402,1.91298,-0.813214,-0.245132,-0.242778,0.364906,-0.180673,-4.83044,-6.4616,-5.3504,8.55324,-5.24124,4.3056,-0,-0,-0,-0,-0,-0
20.5455,1.96077,-0.842414,-0.237711,-0.264587,0.40342,-0.196882,-4.37734,-6.54434,-3.90621,8.64432,-6.01128,5.19156,-0,-0,-0,-0,-0,-0
20.5504,2.00105,-0.848079,-0.23589,-0.253286,0.507461,-0.265674,-4.37734,-6.54434,-3.90621,8.64432,-6.01128,5.19156,-0,-0,-0,-0,-0,-0
20.5552,2.00858,-0.870887,-0.236707,-0.211543,0.51893,-0.326415,-3.79028,-6.22126,-4.61263,7.60932,-5.20812,5.15844,-0,-0,-0,-0,-0,-0
20.5603,2.02829,-0.889128,-0.226234,-0.179215,0.620036,-0.318456,-3.88878,-6.27248,-4.28868,9.2736,-7.1208,3.92472,-0,-0,-0,-0,-0,-0
20.5652,2.0557,-0.922313,-0.237899,-0.183594,0.711077,-0.33322,-4.48766,-5.66178,-3.6366,9.24048,-5.68836,5.43996,-0,-0,-0,-0,-0,-0
20.5702,2.06888,-0.957297,-0.24846,-0.19487,0.691098,-0.435239,-3.38446,-5.4372,-3.96264,9.1494,-5.07564,5.64696,-0,-0,-0,-0,-0,-0
20.5752,2.09032,-0.99071,-0.246223,-0.211439,0.641459,-0.545436,-4.5704,-5.49236,-4.54784,8.91756,-5.06736,5.65524,-0,-0,-0,-0,-0,-0
20.5803,2.11425,-1.013,-0.228876,-0.228073,0.653785,-0.569171,-3.3096,-5.62238,-4.61472,9.44748,-5.82912,4.09032,-0,-0,-0,-0,-0,-0
20.5854,2.12461,-1.0349,-0.217821,-0.246009,0.713909,-0.604814,-5.0629,-5.60662,-4.34093,8.45388,-6.60744,5.95332,-0,-0,-0,-0,-0,-0
20.5902,2.15552,-1.05735,-0.210088,-0.249185,0.755923,-0.600746,-3.60116,-4.88166,-4.15074,9.33984,-5.43996,3.36996,-0,-0,-0,-0,-0,-0
20.5953,2.16058,-1.08717,-0.210841,-0.27074,0.703874,-0.544551,-4.47584,-4.38916,-3.66168,8.95068,-5.10876,4.91832,-0,-0,-0,-0,-0,-0
20.6003,2.1641,-1.11296,-0.215456,-0.252068,0.622215,-0.481453,-3.20716,-4.0779,-3.51956,8.26344,-4.50432,3.28716,-0,-0,-0,-0,-0,-0
20.6053,2.13954,-1.14991,-0.221097,-0.259799,0.577357,-0.440107,-4.16458,-2.66738,-3.84769,9.36468,-6.17688,5.27436,-0,-0,-0,-0,-0,-0
20.6105,2.12749,-1.19715,-0.220686,-0.274057,0.561431,-0.365671,-3.28202,-1.66268,-3.65959,8.29656,-4.78584,2.3184,-0,-0,-0,-0,-0,-0
20.6153,2.10783,-1.25508,-0.230043,-0.255648,0.557523,-0.289054,-3.20716,0.09062,-3.01796,8.2386,-6.07752,4.9266,-0,-0,-0,-0,-0,-0
20.6202,2.11182,-1.33108,-0.243202,-0.224051,0.590132,-0.311415,-3.77452,1.36324,-3.22696,7.85772,-5.40684,4.47948,-0,-0,-0,-0,-0,-0
20.6254,2.12225,-1.42085,-0.250079,-0.233217,0.58364,-0.377868,-3.71936,2.44674,-3.5112,9.57168,-5.48136,5.66352,-0,-0,-0,-0,-0,-0
20.6302,2.13706,-1.50871,-0.261346,-0.234134,0.551364,-0.427302,-3.89272,2.8959,-2.98243,8.25516,-5.18328,4.33872,-0,-0,-0,-0,-0,-0
20.6352,2.20727,-1.58991,-0.277831,-0.216679,0.518454,-0.478709,-5.90606,4.0779,-2.66684,8.93412,-5.34888,5.85396,-0,-0,-0,-0,-0,-0
20.6401,2.32554,-1.63942,-0.288955,-0.194007,0.520965,-0.592571,-5.90606,4.0779,-2.66684,8.93412,-5.34888,5.85396,-0,-0,-0,-0,-0,-0
20.6452,2.44219,-1.652,-0.299272,-0.165364,0.530913,-0.697615,-5.90606,4.0779,-2.66684,8.93412,-5.34888,5.85396,-0,-0,-0,-0,-0,-0
20.6505,2.51955,-1.64733,-0.321953,-0.189121,0.490558,-0.695646,-5.20474,4.10154,-2.75253,10.2506,-5.03424,4.15656,-0,-0,-0,-0,-0,-0
20.6552,2.52389,-1.62566,-0.341377,-0.159637,0.469502,-0.598311,-3.6051,4.62162,-2.85494,7.89912,-6.05268,3.80052,-0,-0,-0,-0,-0,-0
20.6602,2.46889,-1.6003,-0.374629,-0.0581404,0.482645,-0.534532,-3.33324,4.47978,-2.35961,7.11252,-6.13548,4.71132,-0,-0,-0,-0,-0,-0
20.6652,2.41094,-1.54449,-0.39802,0.0559827,0.511222,-0.526079,-3.33324,4.47978,-2.35961,7.11252,-6.13548,4.71132,-0,-0,-0,-0,-0,-0
20.6703,2.33103,-1.48946,-0.415243,0.121269,0.52408,-0.471809,-3.12836,4.62556,-3.12246,7.85772,-6.25968,3.86676,-0,-0,-0,-0,-0,-0
20.6752,2.27356,-1.43926,-0.435442,0.15731,0.45572,-0.415169,-3.16776,4.89348,-2.0064,8.00676,-4.57884,4.29732,-0,-0,-0,-0,-0,-0
20.6802,2.21811,-1.40029,-0.45587,0.190839,0.334006,-0.41923,-3.20716,6.07548,-2.89883,7.4106,-5.05908,5.06736,-0,-0,-0,-0,-0,-0
20.6853,2.17683,-1.35971,-0.453875,0.19152,0.275775,-0.452927,-3.15594,5.46872,-3.25413,8.9838,-5.33232,4.3056,-0,-0,-0,-0,-0,-0
20.6906,2.15943,-1.30082,-0.444815,0.122962,0.339684,-0.504256,-3.32142,4.88166,-3.09111,10.3666,-6.85584,5.33232,-0,-0,-0,-0,-0,-0
20.6953,2.17093,-1.2397,-0.439826,0.0445851,0.40823,-0.57978,-3.57752,4.3734,-2.99915,10.4328,-5.5062,5.15844,-0,-0,-0,-0,-0,-0
20.7002,2.18852,-1.15037,-0.433854,-0.0139846,0.460806,-0.621991,-4.0385,3.02986,-2.75044,9.53856,-6.35076,4.54572,-0,-0,-0,-0,-0,-0
20.7053,2.20085,-1.06271,-0.440692,-0.0213971,0.422165,-0.604186,-3.27808,4.72012,-1.93743,8.7354,-4.06548,4.23108,-0,-0,-0,-0,-0,-0
20.7103,2.22162,-1.00164,-0.447187,-0.0416368,0.327672,-0.547044,-3.83756,5.3978,-2.63758,10.1016,-5.0508,3.4776,-0,-0,-0,-0,-0,-0
20.7153,2.23406,-0.956012,-0.457531,-0.0978451,0.305711,-0.465734,-3.51448,5.55146,-2.1109,9.09972,-5.73804,3.90816,-0,-0,-0,-0,-0,-0
20.7205,2.22901,-0.914038,-0.463868,-0.102012,0.286429,-0.427441,-3.2308,5.9888,-2.84031,8.4042,-5.10876,4.18968,-0,-0,-0,-0,-0,-0
20.7252,2.22765,-0.88065,-0.466347,-0.114743,0.254829,-0.335183,-3.8612,5.79574,-2.51218,9.36468,-5.68836,2.39292,-0,-0,-0,-0,-0,-0
20.7303,2.24228,-0.84664,-0.475205,-0.152317,0.216077,-0.277405,-3.6642,5.8903,-2.57697,9.96084,-5.10048,4.89348,-0,-0,-0,-0,-0,-0
20.7352,2.26578,-0.815238,-0.482398,-0.189538,0.232893,-0.294622,-3.99516,6.27642,-2.34289,9.54684,-6.32592,3.4362,-0,-0,-0,-0,-0,-0
20.7403,2.29776,-0.764416,-0.476207,-0.208451,0.321821,-0.282847,-4.20398,4.95258,-3.07648,9.24876,-6.30108,4.48776,-0,-0,-0,-0,-0,-0
20.7455,2.32118,-0.713233,-0.469767,-0.231786,0.460308,-0.319952,-3.80998,6.1267,-2.58742,9.87804,-7.22844,4.4712,-0,-0,-0,-0,-0,-0
20.7503,2.35958,-0.661534,-0.46743,-0.25146,0.551128,-0.326688,-4.4128,5.0235,-2.29482,9.47232,-5.74632,3.70116,-0,-0,-0,-0,-0,-0
20.7553,2.36197,-0.610967,-0.472637,-0.268995,0.519377,-0.344131,-3.3293,6.71376,-1.81412,9.22392,-5.15016,4.75272,-0,-0,-0,-0,-0,-0
20.7603,2.35647,-0.581946,-0.478265,-0.280198,0.508169,-0.398164,-3.45538,6.84772,-2.36379,9.32328,-6.14376,4.53744,-0,-0,-0,-0,-0,-0
20.7655,2.37527,-0.557873,-0.47414,-0.328958,0.569473,-0.413832,-4.35764,7.48994,-2.39932,10.3831,-6.49152,4.06548,-0,-0,-0,-0,-0,-0
20.7706,2.37874,-0.537673,-0.474868,-0.364021,0.579798,-0.384249,-3.52236,6.7571,-2.36379,9.20736,-5.64696,3.75912,-0,-0,-0,-0,-0,-0
20.7753,2.357,-0.50413,-0.480789,-0.377214,0.551529,-0.423598,-3.31748,6.31582,-1.69708,9.3978,-5.68008,5.3406,-0,-0,-0,-0,-0,-0
20.7807,2.31852,-0.44834,-0.486206,-0.438694,0.588478,-0.425518,-3.10078,5.8509,-1.97087,10.7309,-6.7896,3.08016,-0,-0,-0,-0,-0,-0
20.7853,2.29115,-0.401268,-0.486828,-0.504838,0.650419,-0.347264,-3.58934,6.12276,-2.299,9.51372,-6.30936,3.67632,-0,-0,-0,-0,-0,-0
20.7904,2.28695,-0.349103,-0.484186,-0.511999,0.763002,-0.342482,-3.41992,5.9888,-2.03566,9.36468,-7.84116,4.4298,-0,-0,-0,-0,-0,-0
20.7953,2.31494,-0.308094,-0.477198,-0.512242,0.809505,-0.270015,-4.43644,6.8359,-2.62295,9.87804,-5.2992,2.26872,-0,-0,-0,-0,-0,-0
20.8003,2.33189,-0.28094,-0.465012,-0.529316,0.726698,-0.170072,-3.14018,6.88318,-2.82359,10.557,-5.72148,3.69288,-0,-0,-0,-0,-0,-0
20.8053,2.33367,-0.253485,-0.465934,-0.60743,0.705133,-0.190377,-3.80998,6.6586,-1.75978,11.6003,-6.46668,4.43808,-0,-0,-0,-0,-0,-0
20.8104,2.35329,-0.224894,-0.479733,-0.668571,0.709031,-0.256224,-3.80998,6.6586,-1.75978,11.6003,-6.46668,4.43808,-0,-0,-0,-0,-0,-0
20.8152,2.36629,-0.209549,-0.487422,-0.69288,0.710453,-0.301655,-3.41598,7.92334,-2.3617,9.522,-5.72976,4.38012,-0,-0,-0,-0,-0,-0
20.8202,2.36538,-0.202946,-0.492795,-0.649502,0.613672,-0.344707,-3.51448,7.37568,-2.05447,9.21564,-5.0922,4.17312,-0,-0,-0,-0,-0,-0
20.8254,2.36192,-0.189643,-0.500005,-0.600554,0.475001,-0.379649,-3.51448,7.37568,-2.05447,9.21564,-5.0922,4.17312,-0,-0,-0,-0,-0,-0
20.8305,2.38731,-0.168386,-0.499904,-0.638706,0.459851,-0.435317,-4.44432,7.05654,-2.54353,10.8799,-6.43356,4.81068,-0,-0,-0,-0,-0,-0
20.8352,2.4308,-0.143385,-0.489941,-0.680064,0.481789,-0.522445,-4.44432,7.05654,-2.54353,10.8799,-6.43356,4.81068,-0,-0,-0,-0,-0,-0
20.8402,2.47261,-0.104002,-0.486492,-0.709723,0.5418,-0.612091,-4.12518,6.2055,-1.8392,9.96912,-6.84756,4.95144,-0,-0,-0,-0,-0,-0
20.8453,2.48967,-0.0656284,-0.487362,-0.693755,0.555253,-0.61549,-4.13306,7.23384,-2.23421,8.68572,-5.70492,3.32856,-0,-0,-0,-0,-0,-0
20.8502,2.4863,-0.0343283,-0.485876,-0.719427,0.540307,-0.619493,-3.2702,7.16686,-1.65946,11.65,-6.30936,5.08392,-0,-0,-0,-0,-0,-0
20.8553,2.45948,-0.00567923,-0.492121,-0.802229,0.5284,-0.714969,-3.3096,7.2102,-1.84756,10.8882,-6.10236,5.15016,-0,-0,-0,-0,-0,-0
20.8603,2.46179,0.024636,-0.491103,-0.810526,0.477188,-0.663091,-3.91242,7.8406,-1.61139,9.29844,-4.968,2.34324,-0,-0,-0,-0,-0,-0
20.8652,2.46289,0.0518612,-0.488902,-0.815888,0.420126,-0.567675,-3.67208,7.18656,-2.15479,10.8716,-6.17688,4.14828,-0,-0,-0,-0,-0,-0
20.8702,2.45536,0.0779536,-0.48938,-0.841404,0.438542,-0.561611,-3.47114,7.61996,-1.62811,10.3169,-6.57432,3.87504,-0,-0,-0,-0,-0,-0
20.8753,2.45014,0.112776,-0.485307,-0.83858,0.563284,-0.509711,-4.06214,6.64284,-2.35125,9.12456,-8.14752,3.01392,-0,-0,-0,-0,-0,-0
20.8803,2.45654,0.157963,-0.475863,-0.818121,0.741908,-0.435779,-3.92424,7.0723,-1.72843,9.46404,-7.55964,3.5604,-0,-0,-0,-0,-0,-0
20.8853,2.46133,0.195338,-0.470065,-0.892461,0.870091,-0.471877,-4.24338,7.63966,-1.91026,12.569,-7.5348,5.1336,-0,-0,-0,-0,-0,-0
20.8903,2.44272,0.228968,-0.466147,-0.936461,0.9405,-0.398432,-2.58464,7.683,-1.44419,8.91756,-6.38388,1.49868,-0,-0,-0,-0,-0,-0
20.8953,2.38149,0.259052,-0.467858,-0.87262,0.906399,-0.292348,-2.2655,7.51752,-1.66573,8.9424,-6.2928,4.23108,-0,-0,-0,-0,-0,-0
20.9003,2.29337,0.275207,-0.474424,-0.833115,0.839536,-0.299634,-1.2805,8.67982,-1.29162,10.0768,-5.63868,3.6432,-0,-0,-0,-0,-0,-0
20.9054,2.19708,0.285182,-0.480703,-0.8409,0.727722,-0.34364,-1.15836,8.07306,-1.6093,10.9296,-5.2992,4.57884,-0,-0,-0,-0,-0,-0
20.9102,2.12305,0.323649,-0.488402,-0.90703,0.61531,-0.336591,-1.61146,6.23308,-0.85063,11.1532,-4.99284,2.7324,-0,-0,-0,-0,-0,-0
20.9152,2.07766,0.358215,-0.500479,-0.969835,0.44514,-0.277171,-1.10714,8.36068,-1.14323,11.1946,-4.27248,3.48588,-0,-0,-0,-0,-0,-0
20.9202,2.06981,0.367302,-0.492594,-1.00533,0.277723,-0.311705,-2.1276,8.66012,-2.40768,9.86148,-4.37184,4.28076,-0,-0,-0,-0,-0,-0
20.9253,2.0812,0.377233,-0.491125,-1.05079,0.235776,-0.334356,-1.74936,8.72316,-0.21318,10.6978,-6.1686,3.23748,-0,-0,-0,-0,-0,-0
20.9302,2.08176,0.414526,-0.497534,-1.11743,0.320892,-0.304409,-1.46962,6.17792,-1.52361,10.6398,-6.63228,3.40308,-0,-0,-0,-0,-0,-0
20.9352,2.0805,0.466082,-0.499925,-1.19576,0.352691,-0.209458,-0.61464,7.80514,-0.10659,10.7888,-4.65336,2.05344,-0,-0,-0,-0,-0,-0
20.9402,2.29624,0.467593,-0.474372,-1.49013,0.388526,-0.220235,-10.2164,11.2605,-3.50284,18.9612,-6.76476,5.2578,-0,-0,-0,-0,-0,-0
20.9455,2.70705,0.410454,-0.437646,-1.85853,0.493031,-0.315194,-8.20308,11.6979,-2.08373,15.318,-6.84756,3.41964,-0,-0,-0,-0,-0,-0
20.9504,2.86038,0.393281,-0.424657,-2.01773,0.617857,-0.273805,-4.25914,8.14792,-2.18196,12.1716,-7.64244,2.76552,-0,-0,-0,-0,-0,-0
20.9552,2.84851,0.412918,-0.41819,-2.01171,0.744396,-0.240964,-3.49872,7.7618,-2.09209,10.085,-7.8246,3.726,-0,-0,-0,-0,-0,-0
20.9602,2.79511,0.444415,-0.41604,-1.89896,0.859046,-0.230661,-3.69966,7.3087,-1.82248,8.76852,-7.75008,3.16296,-0,-0,-0,-0,-0,-0
20.9653,2.76381,0.485022,-0.417828,-1.72216,0.963707,-0.220131,-4.58616,6.89106,-1.89354,8.00676,-8.06472,3.51072,-0,-0,-0,-0,-0,-0
20.9703,2.75977,0.516591,-0.4146,-1.60483,1.08359,-0.136133,-5.14958,8.34492,-2.07746,10.1596,-8.20548,1.7388,-0,-0,-0,-0,-0,-0
20.9753,2.7795,0.543962,-0.407794,-1.56991,1.2433,-0.0829835,-5.24808,7.04472,-2.35752,10.5073,-9.16596,3.92472,-0,-0,-0,-0,-0,-0
20.9803,2.79603,0.578277,-0.399428,-1.51768,1.39962,-0.152154,-5.24808,7.04472,-2.35752,10.5073,-9.16596,3.92472,-0,-0,-0,-0,-0,-0
20.9852,2.83099,0.619102,-0.37635,-1.46241,1.60327,-0.222154,-4.5704,8.79802,-2.26765,9.54684,-8.89272,4.07376,-0,-0,-0,-0,-0,-0
20.9901,2.80373,0.617441,-0.371504,-1.37567,1.70461,-0.294989,-4.5704,8.79802,-2.26765,9.54684,-8.89272,4.07376,-0,-0,-0,-0,-0,-0
20.9954,2.77519,0.630772,-0.373638,-1.32072,1.84614,-0.326214,-4.33794,8.04942,-1.44837,10.1099,-9.05832,3.41136,-0,-0,-0,-0,-0,-0
21.0003,2.72744,0.643679,-0.378929,-1.29204,1.90272,-0.280024,-3.99122,8.99108,-1.95624,9.75384,-7.9488,2.57508,0,0,0,0,0,0
21.0052,2.6605,0.623012,-0.383155,-1.31146,1.83603,-0.282427,-3.40022,10.6222,-1.94788,11.799,-7.2864,4.39668,0,0,0,0,0,0
21.0104,2.59652,0.581246,-0.399108,-1.40921,1.66831,-0.43983,-3.4672,10.374,-1.52152,13.4881,-6.31764,5.47308,0,0,0,0,0,0
21.0155,2.54143,0.538495,-0.416625,-1.54369,1.40886,-0.517993,-3.29384,10.7404,-1.8601,13.2811,-5.4234,3.22092,0,0,0,0,0,0
21.0202,2.5008,0.488088,-0.443431,-1.61026,1.15094,-0.488224,-3.77452,11.3669,-0.72732,11.6582,-5.87052,3.34512,0,0,0,0,0,0
21.0252,2.47805,0.453055,-0.472123,-1.66217,0.952489,-0.500837,-3.65238,9.7712,-1.36686,12.5525,-6.09408,4.08204,0,0,0,0,0,0
21.0302,2.45044,0.436386,-0.486556,-1.73998,0.884406,-0.57437,-3.7233,10.2992,-1.39612,12.9251,-7.87428,4.554,0,0,0,0,0,0
21.0353,2.41745,0.408465,-0.497915,-1.76204,0.888603,-0.654758,-3.43568,11.9579,-0.91124,10.35,-6.6654,4.14828,0,0,0,0,0,0
21.0403,2.38208,0.379781,-0.516524,-1.74224,0.893919,-0.671532,-2.90772,9.71998,-1.17249,11.9812,-8.42076,3.312,0,0,0,0,0,0
21.0452,2.338,0.390228,-0.517877,-1.79543,0.971159,-0.599788,-2.71072,9.83424,-1.30625,13.397,-7.245,2.6496,0,0,0,0,0,0
21.0502,2.33639,0.388821,-0.524025,-1.85053,0.936291,-0.555341,-4.00698,10.2834,-1.07635,12.5276,-6.76476,3.94128,0,0,0,0,0,0
21.0553,2.35182,0.384201,-0.52595,-1.86262,0.959347,-0.623399,-4.13306,10.7995,-1.43583,11.5837,-7.89912,4.4712,0,0,0,0,0,0
21.0602,2.39706,0.356189,-0.522893,-1.83092,1.01147,-0.662244,-4.40886,11.7018,-2.01685,11.5092,-8.13096,3.2706,0,0,0,0,0,0
21.0652,2.4306,0.328647,-0.522104,-1.82563,1.01602,-0.622313,-4.4325,10.6656,-1.37522,11.8901,-7.02972,3.105,0,0,0,0,0,0
21.0703,2.45469,0.315435,-0.522238,-1.79454,0.993853,-0.544515,-4.19216,10.6498,-1.84965,10.1761,-7.66728,2.86488,0,0,0,0,0,0
21.0756,2.48564,0.322705,-0.507939,-1.71109,1.10701,-0.507521,-4.31036,9.76726,-1.80785,10.2092,-8.901,3.69288,0,0,0,0,0,0
21.0803,2.46521,0.321051,-0.507795,-1.71329,1.20405,-0.512713,-3.28202,11.5048,-0.92378,11.7079,-8.0316,3.3948,0,0,0,0,0,0
21.0853,2.39851,0.299919,-0.513152,-1.77603,1.23043,-0.473033,-3.20716,10.6419,-1.97087,12.064,-8.0316,2.84004,0,0,0,0,0,0
21.0903,2.36609,0.302544,-0.499538,-1.82017,1.33931,-0.357246,-4.0188,10.1928,-1.92071,12.155,-9.315,1.7388,0,0,0,0,0,0
21.0955,2.34908,0.297762,-0.496013,-1.92308,1.39403,-0.185875,-3.8021,11.1069,-1.43583,14.6722,-7.04628,1.67256,0,0,0,0,0,0
21.1004,2.32706,0.284841,-0.509533,-2.03158,1.39361,-0.086084,-3.6051,10.5395,-0.90706,12.9913,-8.67744,2.55852,0,0,0,0,0,0
21.1053,2.34319,0.264889,-0.508901,-2.05697,1.41193,-0.097058,-4.44432,12.2534,-2.27183,11.6417,-7.5762,3.45276,0,0,0,0,0,0
21.1104,2.36556,0.225262,-0.515027,-2.06215,1.32426,-0.137119,-4.37734,11.5994,-1.00947,12.155,-7.245,3.05532,0,0,0,0,0,0
21.1153,2.36793,0.206365,-0.53269,-2.13166,1.25316,-0.147293,-4.34188,10.6341,-1.16622,13.4798,-7.66728,3.11328,0,0,0,0,0,0
21.1202,2.33728,0.195461,-0.538102,-2.18693,1.10169,-0.106765,-3.26232,11.0675,-1.9437,12.1882,-5.62212,2.3598,0,0,0,0,0,0
21.1252,2.30986,0.18235,-0.543114,-2.20035,0.915054,-0.0119883,-4.01092,11.1778,-1.04709,12.5525,-6.69852,1.95408,0,0,0,0,0,0
21.1305,2.27919,0.149102,-0.573689,-2.20446,0.742384,0.0899868,-4.01092,11.1778,-1.04709,12.5525,-6.69852,1.95408,0,0,0,0,0,0
21.1352,2.27531,0.130319,-0.587045,-2.25653,0.771083,0.128084,-3.94788,12.3637,-0.85063,14.6887,-8.87616,2.75724,0,0,0,0,0,0
21.1403,2.27401,0.109124,-0.60205,-2.31555,0.872542,0.0761609,-4.42462,10.8902,-1.19339,12.7678,-8.5284,3.6846,0,0,0,0,0,0
21.1452,2.29339,0.114298,-0.596205,-2.29997,1.07193,-0.0224287,-4.37734,11.4536,-1.54869,11.0041,-10.3252,3.58524,0,0,0,0,0,0
21.1502,2.36668,0.0948718,-0.571476,-2.28335,1.39213,-0.16205,-7.0132,12.2692,-3.43596,13.4053,-11.8321,4.33872,0,0,0,0,0,0
21.1554,2.49249,0.0657795,-0.554579,-2.37174,1.65419,-0.260548,-7.10382,12.3125,-1.20175,14.3741,-9.66276,3.26232,0,0,0,0,0,0
21.1603,2.52721,0.0470379,-0.574449,-2.37411,1.66982,-0.221033,-5.47266,10.3307,-1.61975,10.5487,-8.64432,2.09484,0,0,0,0,0,0
21.1653,2.48273,0.0524983,-0.582957,-2.26477,1.59112,-0.130751,-4.2158,10.969,-1.53406,10.35,-7.65072,2.2356,0,0,0,0,0,0
21.1704,2.37084,0.0340287,-0.600106,-2.19543,1.43247,-0.124373,-3.51842,11.8279,-1.50271,11.9398,-7.51824,3.62664,0,0,0,0,0,0
21.1754,2.29013,0.0243524,-0.615098,-2.11289,1.35045,-0.17118,-4.49948,10.7089,-1.23937,10.0602,-8.35452,3.09672,0,0,0,0,0,0
21.1804,2.23662,0.0195073,-0.638112,-2.03252,1.3198,-0.214232,-4.2552,11.2566,-0.92378,11.7493,-8.62776,3.29544,0,0,0,0,0,0
21.1853,2.19648,0.0117789,-0.657558,-2.02301,1.31773,-0.266543,-4.0385,11.099,-1.26236,12.8174,-8.80164,3.28716,0,0,0,0,0,0
21.1905,2.14672,0.00717148,-0.655377,-2.02595,1.44904,-0.353825,-3.49872,11.5324,-2.24675,12.2875,-10.913,4.0986,0,0,0,0,0,0
21.1955,2.08913,0.0113104,-0.654744,-1.98669,1.56869,-0.394859,-3.23868,10.7798,-0.8151,11.2691,-8.71056,2.72412,0,0,0,0,0,0
21.2003,2.01704,0.0116245,-0.666132,-1.98456,1.65778,-0.307979,-2.7974,11.8318,-1.20175,13.0079,-10.4659,1.63944,0,0,0,0,0,0
21.2052,1.93462,-0.00741974,-0.672886,-2.06203,1.69331,-0.186845,-2.7186,12.1785,-1.58631,13.8028,-8.24688,1.92096,0,0,0,0,0,0
21.2102,1.90646,-0.0260531,-0.68151,-2.16876,1.6532,-0.141376,-4.67284,12.0919,-0.83809,13.6868,-8.80164,2.7738,0,0,0,0,0,0
21.2154,1.91767,-0.0390089,-0.687445,-2.26388,1.59311,-0.223234,-4.20004,11.6072,-1.7974,13.5461,-7.97364,4.24764,0,0,0,0,0,0
21.2203,1.90193,-0.0407478,-0.687237,-2.37069,1.55702,-0.308392,-3.69178,11.6585,-0.91124,14.0926,-8.72712,2.98908,0,0,0,0,0,0
21.2254,1.89943,-0.0580925,-0.701222,-2.42156,1.5465,-0.318504,-4.69254,12.6395,-1.14323,12.0971,-8.97552,2.8152,0,0,0,0,0,0
21.2305,1.89531,-0.100668,-0.718555,-2.42732,1.53314,-0.342515,-4.03456,13.4196,-1.21429,13.1321,-9.05832,3.3948,0,0,0,0,0,0
21.2354,1.8688,-0.127172,-0.724502,-2.45077,1.50158,-0.300412,-3.92818,12.3322,-1.37104,13.3805,-8.21376,1.5318,0,0,0,0,0,0
21.2404,1.82878,-0.153721,-0.736567,-2.48376,1.55765,-0.195251,-3.60116,13.1911,-0.86944,13.041,-10.7888,2.0286,0,0,0,0,0,0
21.2452,1.80785,-0.181745,-0.74096,-2.46787,1.61077,-0.0857605,-4.27884,13.1399,-1.71171,11.3353,-8.2386,1.33308,0,0,0,0,0,0
21.2502,1.81782,-0.218091,-0.738852,-2.41712,1.65323,0.0507808,-4.89742,13.4984,-1.64274,11.8984,-10.6481,1.39104,0,0,0,0,0,0
21.2552,1.82934,-0.245854,-0.744695,-2.45306,1.8425,0.143304,-4.69648,12.4701,-1.07426,14.0098,-11.1283,1.87956,0,0,0,0,0,0
21.2604,1.83398,-0.281122,-0.752702,-2.53125,2.01039,0.172571,-4.83832,13.8097,-1.65528,12.9748,-10.3334,2.36808,0,0,0,0,0,0
21.2653,1.82715,-0.330151,-0.758021,-2.52454,2.0411,0.129385,-4.1764,14.3101,-1.32715,10.7392,-9.24876,3.04704,0,0,0,0,0,0
21.2703,1.78852,-0.372267,-0.76924,-2.50309,1.98934,0.0760732,-3.77452,13.5221,-0.90288,12.7015,-8.6112,2.57508,0,0,0,0,0,0
21.2754,1.71284,-0.40981,-0.783014,-2.55961,1.92493,0.0350751,-3.36082,12.8759,-1.85383,13.4964,-9.74556,2.83176,0,0,0,0,0,0
21.2804,1.67049,-0.44301,-0.785008,-2.56361,1.97934,0.0373872,-4.53494,14.7277,-0.8151,11.0372,-10.1513,1.87956,0,0,0,0,0,0
21.2853,1.65096,-0.514131,-0.819379,-2.5026,1.97938,0.0876429,-4.53494,14.7277,-0.8151,11.0372,-10.1513,1.87956,0,0,0,0,0,0
21.2906,1.69118,-0.550491,-0.835521,-2.44707,1.99021,0.116953,-5.34264,13.0887,-1.02201,12.2213,-9.57168,2.26044,0,0,0,0,0,0
21.2953,1.73072,-0.583656,-0.841071,-2.49499,1.99239,0.123352,-5.2008,14.2667,-1.90817,14.283,-10.1264,2.22732,0,0,0,0,0,0
21.3002,1.71629,-0.624579,-0.853303,-2.55298,2.07251,0.124552,-4.52312,13.4906,-0.77957,12.0474,-11.1697,2.31012,0,0,0,0,0,0
21.3052,1.68714,-0.66411,-0.863635,-2.49705,2.1758,0.161571,-4.23944,14.2392,-2.04402,10.4494,-10.706,1.47384,0,0,0,0,0,0
21.3102,1.63817,-0.693714,-0.868891,-2.47252,2.27118,0.242487,-4.29854,12.5528,-1.26863,12.8837,-11.0704,1.449,0,0,0,0,0,0
21.3153,1.58235,-0.712908,-0.883074,-2.58062,2.33823,0.382808,-4.02274,13.5575,-1.10561,14.9454,-10.1761,0.23184,0,0,0,0,0,0
21.3203,1.55212,-0.749196,-0.886961,-2.61065,2.40967,0.544988,-5.122,14.5386,-1.99804,10.6398,-11.4347,0.69552,0,0,0,0,0,0
21.3253,1.5674,-0.777405,-0.887263,-2.52534,2.4699,0.660662,-5.40962,13.1202,-1.25818,11.1118,-10.3169,0.828,0,0,0,0,0,0
21.3302,1.5694,-0.787073,-0.886719,-2.51056,2.44755,0.752579,-4.67284,13.3527,-1.58213,13.72,-9.42264,0.7866,0,0,0,0,0,0
21.3353,1.5673,-0.810884,-0.89594,-2.521,2.25858,0.786085,-4.98016,14.1958,-0.83809,12.2627,-7.77492,1.75536,0,0,0,0,0,0
21.3404,1.53348,-0.850463,-0.923832,-2.47566,1.99414,0.757784,-4.2749,14.2313,-0.63118,10.8799,-8.13096,1.80504,0,0,0,0,0,0
21.3456,1.47398,-0.889992,-0.947092,-2.45041,1.90827,0.701477,-4.08184,14.05,-1.33969,12.4531,-11.0041,2.17764,0,0,0,0,0,0
21.3503,1.40434,-0.922081,-0.959884,-2.50414,1.91267,0.638079,-3.5066,13.6285,-1.34596,13.5792,-9.4392,2.13624,0,0,0,0,0,0
21.3554,1.35364,-0.936424,-0.96166,-2.54925,2.00669,0.559033,-4.50736,13.0572,-1.75769,12.3538,-12.4448,2.45916,0,0,0,0,0,0
21.3603,1.3621,-0.939501,-0.964849,-2.55295,2.16202,0.468541,-5.17322,12.9468,-0.86944,12.7595,-10.5239,2.53368,0,0,0,0,0,0
21.3653,1.38235,-0.951149,-0.963074,-2.58664,2.30367,0.382293,-5.30718,13.5221,-2.47247,12.8837,-12.5111,2.51712,0,0,0,0,0,0
21.3704,1.38675,-0.964891,-0.954305,-2.60973,2.5254,0.303318,-5.1023,13.6718,-1.10561,11.7493,-11.7659,2.50056,0,0,0,0,0,0
21.3753,1.37074,-0.993157,-0.97288,-2.59121,2.57983,0.240534,-4.46796,13.9949,-1.13905,10.971,-10.615,2.40948,0,0,0,0,0,0
21.3802,1.35457,-1.0054,-0.975708,-2.56955,2.54714,0.187438,-5.0826,13.2975,-1.37522,12.3869,-9.4806,2.4012,0,0,0,0,0,0
21.3855,1.30657,-1.03831,-0.994739,-2.67917,2.39326,0.156294,-3.80604,14.7789,-0.90497,14.697,-9.3978,2.07,0,0,0,0,0,0
21.3902,1.25409,-1.0571,-1.00411,-2.7595,2.3851,0.14433,-4.531,12.8602,-1.59258,12.1219,-11.7824,2.1942,0,0,0,0,0,0
21.3952,1.21718,-1.07244,-1.00752,-2.70587,2.43711,0.119639,-3.58934,14.3928,-1.40866,10.2258,-10.4825,2.3184,0,0,0,0,0,0
21.4003,1.16487,-1.0953,-1.02014,-2.65328,2.43988,0.0919867,-3.36476,14.0422,-0.53922,12.271,-10.615,2.26044,0,0,0,0,0,0
21.4053,1.08372,-1.13735,-1.06227,-2.71325,2.40795,0.0761142,-3.36476,14.0422,-0.53922,12.271,-10.615,2.26044,0,0,0,0,0,0
21.4103,1.02442,-1.16916,-1.0822,-2.70637,2.42648,0.069895,-2.55706,15.3266,-0.42009,10.3417,-10.35,2.03688,0,0,0,0,0,0
21.4152,0.93017,-1.23277,-1.12141,-2.68328,2.38067,0.0794294,-2.55706,15.3266,-0.42009,10.3417,-10.35,2.03688,0,0,0,0,0,0
21.4203,0.847628,-1.2955,-1.15848,-2.65504,2.3413,0.0877668,-2.55706,15.3266,-0.42009,10.3417,-10.35,2.03688,0,0,0,0,0,0
21.4253,0.785351,-1.32722,-1.17496,-2.68085,2.51791,0.0847251,-2.16306,13.5694,-1.07635,13.306,-14.0843,2.17764,0,0,0,0,0,0
21.4304,0.754939,-1.33463,-1.16801,-2.71409,2.85572,0.0778621,-2.61616,14.5228,-1.10561,12.2461,-12.9002,2.03688,0,0,0,0,0,0
21.4354,0.728641,-1.35615,-1.18369,-2.65158,3.0296,0.079437,-1.64692,13.6285,-0.36366,8.8596,-12.7595,2.01204,0,0,0,0,0,0
21.4403,0.898552,-1.37835,-1.18141,-2.74038,2.98608,0.127615,-10.4883,14.5701,-2.44739,17.9842,-8.96724,1.05156,0,0,0,0,0,0
21.4453,1.32039,-1.4397,-1.14746,-3.04826,2.96947,0.265322,-11.6506,17.3242,-3.02005,17.6944,-13.4881,0.0414,0,0,0,0,0,0
21.4502,1.66637,-1.53358,-1.12108,-3.34133,3.15532,0.430851,-11.6506,17.3242,-3.02005,17.6944,-13.4881,0.0414,0,0,0,0,0,0
21.4552,1.94268,-1.59918,-1.10138,-3.53433,3.24153,0.576849,-10.2755,15.3699,-2.14016,14.8129,-11.4181,-0.24012,0,0,0,0,0,0
21.4603,2.03116,-1.62381,-1.08102,-3.43004,3.20202,0.690531,-5.19686,14.2825,-2.4662,7.7832,-10.4494,-0.50508,0,0,0,0,0,0
21.4655,1.96643,-1.65069,-1.08763,-3.17167,2.99236,0.734925,-5.5357,15.0744,-0.7315,8.70228,-8.90928,-0.63756,0,0,0,0,0,0
21.4702,1.90972,-1.65806,-1.10083,-3.03823,2.71808,0.690404,-5.90606,13.132,-1.58631,11.5506,-8.38764,-0.91908,0,0,0,0,0,0
21.4753,1.86277,-1.65176,-1.10471,-2.93112,2.49843,0.557312,-5.19686,14.4086,-0.97185,9.91944,-9.6876,-1.05984,0,0,0,0,0,0
21.4803,1.76268,-1.67684,-1.13415,-2.82959,2.35534,0.367455,-5.19686,14.4086,-0.97185,9.91944,-9.6876,-1.05984,0,0,0,0,0,0
21.4853,1.717,-1.68518,-1.14578,-2.76596,2.3977,0.147148,-5.61056,14.905,-0.57475,13.0824,-11.8404,-1.08468,0,0,0,0,0,0
21.4906,1.64188,-1.72484,-1.188,-2.85309,2.49509,-0.0757988,-5.61056,14.905,-0.57475,13.0824,-11.8404,-1.08468,0,0,0,0,0,0
21.4953,1.59554,-1.74878,-1.20798,-2.84877,2.51454,-0.239115,-5.38992,14.5031,-1.26027,10.2424,-10.292,-1.54836,0,0,0,0,0,0
21.5003,1.55657,-1.78463,-1.21301,-2.79783,2.5668,-0.371478,-5.6736,16.8041,-1.18294,11.799,-12.0971,-1.6146,0,0,0,0,0,0
21.5052,1.49679,-1.85898,-1.23914,-2.84844,2.63743,-0.480165,-5.6736,16.8041,-1.18294,11.799,-12.0971,-1.6146,0,0,0,0,0,0
21.5103,1.46088,-1.90838,-1.2643,-2.96655,2.65232,-0.5569,-5.76422,15.1848,-0.53295,15.1276,-10.7723,-2.1528,0,0,0,0,0,0
21.5155,1.44806,-1.93016,-1.28213,-3.02662,2.6994,-0.542619,-5.38204,15.0626,-0.87571,10.5239,-12.3703,-3.23748,0,0,0,0,0,0
21.5202,1.39706,-1.95727,-1.30532,-2.99122,2.78319,-0.4731,-5.38204,15.0626,-0.87571,10.5239,-12.3703,-3.23748,0,0,0,0,0,0
21.5252,1.35829,-1.97954,-1.3137,-2.93598,2.87254,-0.378537,-5.13776,15.4842,-1.25609,11.2442,-12.0391,-3.81708,0,0,0,0,0,0
21.5303,1.33924,-1.98491,-1.3164,-2.87456,2.95343,-0.293618,-5.42932,14.0737,-0.71478,11.0124,-11.8156,-3.16296,0,0,0,0,0,0
21.5352,1.29976,-1.99263,-1.34276,-2.86317,2.9661,-0.251507,-5.42932,14.0737,-0.71478,11.0124,-11.8156,-3.16296,0,0,0,0,0,0
21.5403,1.32255,-2.00201,-1.35132,-2.78669,3.0564,-0.26748,-6.49706,15.5906,-0.75449,10.4825,-12.5442,-2.28528,0,0,0,0,0,0
21.5454,1.32362,-2.03575,-1.37314,-2.75765,3.14615,-0.328821,-6.49706,15.5906,-0.75449,10.4825,-12.5442,-2.28528,0,0,0,0,0,0
21.5504,1.33225,-2.0514,-1.36135,-2.76404,3.22774,-0.377099,-6.2449,14.9484,-2.53726,12.8257,-12.1219,-2.5668,0,0,0,0,0,0
21.5553,1.29455,-2.0682,-1.34228,-2.71911,3.21996,-0.387682,-4.38522,15.7324,-1.23937,8.97552,-10.4825,-3.0222,0,0,0,0,0,0
21.5602,1.18309,-2.1003,-1.3523,-2.61585,3.09461,-0.367777,-4.38522,15.7324,-1.23937,8.97552,-10.4825,-3.0222,0,0,0,0,0,0
21.5654,1.12994,-2.12596,-1.35155,-2.50588,3.10775,-0.404765,-5.91788,15.6182,-1.58422,10.0271,-12.9251,-1.96236,0,0,0,0,0,0
21.5705,1.1702,-2.14824,-1.33986,-2.43358,3.13649,-0.50829,-7.20232,15.9885,-1.47554,10.6895,-10.5404,-1.77192,0,0,0,0,0,0
21.5753,1.207,-2.18552,-1.34589,-2.44106,3.00406,-0.601063,-7.20232,15.9885,-1.47554,10.6895,-10.5404,-1.77192,0,0,0,0,0,0
21.5803,1.24735,-2.2145,-1.35555,-2.4399,2.9449,-0.623956,-6.6192,15.3187,-0.8778,11.0621,-11.9894,-3.07188,0,0,0,0,0,0
21.5853,1.25366,-2.23849,-1.35905,-2.46168,2.94758,-0.57641,-5.78786,16.1107,-1.66364,12.7512,-11.3022,-3.17952,0,0,0,0,0,0
21.5903,1.22632,-2.26537,-1.36845,-2.51638,2.94163,-0.458943,-5.61056,15.5945,-0.56221,11.6334,-11.9646,-4.43808,0,0,0,0,0,0
21.5953,1.20567,-2.27917,-1.38213,-2.48129,2.88945,-0.332069,-5.44902,15.1454,-0.7524,9.95256,-9.8946,-3.65148,0,0,0,0,0,0
21.6004,1.14644,-2.29412,-1.40433,-2.46108,2.6983,-0.254293,-5.44902,15.1454,-0.7524,9.95256,-9.8946,-3.65148,0,0,0,0,0,0
21.6052,1.093,-2.30705,-1.42385,-2.44217,2.5312,-0.193721,-5.44902,15.1454,-0.7524,9.95256,-9.8946,-3.65148,0,0,0,0,0,0
21.6102,1.0793,-2.32901,-1.43042,-2.42795,2.50139,-0.176229,-6.34734,16.4613,-1.27072,11.3353,-12.0888,-2.97252,0,0,0,0,0,0
21.6153,1.09562,-2.37251,-1.43516,-2.49284,2.64236,-0.179616,-6.50888,16.6701,-1.27072,11.9315,-13.2811,-3.15468,0,0,0,0,0,0
21.6203,1.09238,-2.40135,-1.44571,-2.4991,2.86696,-0.202247,-5.14564,15.7955,-0.17974,10.2589,-13.3225,-2.691,0,0,0,0,0,0
21.6254,1.01871,-2.42578,-1.47902,-2.5029,3.06047,-0.247333,-5.14564,15.7955,-0.17974,10.2589,-13.3225,-2.691,0,0,0,0,0,0
21.6305,0.98277,-2.44503,-1.49247,-2.42939,3.20539,-0.236161,-5.89424,15.5748,-1.2749,8.66088,-12.4614,-3.8502,0,0,0,0,0,0
21.6353,0.968991,-2.45599,-1.49178,-2.43788,3.3279,-0.138033,-5.87848,14.9838,-1.21429,13.5047,-13.3556,-4.48776,0,0,0,0,0,0
21.6402,0.932648,-2.45872,-1.49698,-2.60554,3.45907,-0.00312995,-5.87848,14.9838,-1.21429,13.5047,-13.3556,-4.48776,0,0,0,0,0,0
21.6452,1.02003,-2.46646,-1.48633,-2.62709,3.53024,0.148728,-9.05412,16.2249,-1.63438,10.4245,-12.0143,-5.0922,0,0,0,0,0,0
21.6504,1.13842,-2.48913,-1.4781,-2.61606,3.50046,0.315241,-9.05412,16.2249,-1.63438,10.4245,-12.0143,-5.0922,0,0,0,0,0,0
21.6553,1.24485,-2.52169,-1.46004,-2.62832,3.58029,0.332828,-8.91622,17.5645,-2.17778,12.6601,-13.9684,-2.80692,0,0,0,0,0,0
21.6602,1.28298,-2.54967,-1.44696,-2.5477,3.57176,0.247159,-5.98092,15.9609,-1.12024,7.66728,-10.4576,-3.05532,0,0,0,0,0,0
21.6653,1.18504,-2.56049,-1.45411,-2.38736,3.36235,0.180022,-5.98092,15.9609,-1.12024,7.66728,-10.4576,-3.05532,0,0,0,0,0,0
21.6703,1.10984,-2.57575,-1.46356,-2.18419,3.12396,0.151916,-6.304,16.7017,-0.58102,7.11252,-9.45576,-3.74256,0,0,0,0,0,0
21.6752,1.04494,-2.59818,-1.468,-2.11245,2.98253,0.179104,-6.85954,16.6189,-1.55287,11.12,-11.6914,-4.14828,0,0,0,0,0,0
21.6804,1.01328,-2.6216,-1.46958,-2.20556,2.90493,0.248347,-6.85954,16.0713,-1.05963,13.5626,-10.6398,-4.57884,0,0,0,0,0,0
21.6852,0.984309,-2.64949,-1.47172,-2.23731,2.95907,0.302197,-6.41826,17.1272,-1.21429,9.3564,-13.5461,-4.12344,0,0,0,0,0,0
21.6903,0.919358,-2.68542,-1.47368,-2.21359,3.15413,0.327124,-6.41826,17.1272,-1.21429,9.3564,-13.5461,-4.12344,0,0,0,0,0,0
21.6953,0.86213,-2.71703,-1.47834,-2.1449,3.32003,0.2794,-5.59874,16.9065,-0.66671,8.5698,-13.1983,-2.90628,0,0,0,0,0,0
21.7003,0.81629,-2.73947,-1.47945,-2.07649,3.42921,0.187854,-6.20156,16.5598,-1.23728,9.72072,-12.6684,-3.17952,0,0,0,0,0,0
21.7054,0.83134,-2.75919,-1.4733,-2.1045,3.47936,0.159103,-7.41508,17.076,-1.05963,11.5175,-12.569,-4.07376,0,0,0,0,0,0
21.7104,0.901973,-2.77658,-1.47831,-2.09579,3.55656,0.141752,-7.42296,16.1737,-0.28842,9.08316,-13.3474,-3.2706,0,0,0,0,0,0
21.7153,0.928563,-2.78342,-1.49665,-2.08533,3.66055,0.0975186,-7.42296,16.1737,-0.28842,9.08316,-13.3474,-3.2706,0,0,0,0,0,0
21.7204,0.962933,-2.78927,-1.49785,-2.09867,3.78682,0.0920605,-7.27324,15.7403,-1.672,10.8137,-13.8359,-3.99096,0,0,0,0,0,0
21.7253,0.98952,-2.78958,-1.48562,-2.14293,3.76366,0.0842911,-7.1708,16.1264,-1.1286,11.1614,-10.4825,-3.40308,0,0,0,0,0,0
21.7303,0.987035,-2.79209,-1.48144,-2.2184,3.56023,0.0517186,-7.1708,16.1264,-1.1286,11.1614,-10.4825,-3.40308,0,0,0,0,0,0
21.7353,0.965889,-2.80517,-1.47607,-2.19576,3.41508,-0.0458213,-5.74452,16.8277,-1.21429,8.62776,-11.4678,-2.10312,0,0,0,0,0,0
21.7402,0.944291,-2.83099,-1.47925,-2.14278,3.44203,-0.123418,-7.35992,17.4739,-0.42218,9.47232,-13.4798,-3.50244,0,0,0,0,0,0
21.7454,0.981852,-2.84792,-1.48141,-2.13345,3.51801,-0.0496099,-7.78544,16.2131,-1.08262,10.5984,-12.362,-4.85208,0,0,0,0,0,0
21.7503,1.01391,-2.8611,-1.48131,-2.14478,3.49567,-0.0626984,-7.00532,16.6859,-0.83809,10.9048,-11.4761,-1.93752,0,0,0,0,0,0
21.7552,0.98816,-2.87363,-1.48497,-2.22494,3.42593,-0.219007,-7.00532,16.6859,-0.83809,10.9048,-11.4761,-1.93752,0,0,0,0,0,0
21.7602,0.964079,-2.88522,-1.48009,-2.25093,3.37192,-0.307613,-6.41432,16.2407,-1.57168,9.57168,-11.7328,-3.28716,0,0,0,0,0,0
21.7653,0.947921,-2.88434,-1.47748,-2.21843,3.31419,-0.321549,-7.06048,15.5709,-0.58729,8.54496,-11.6417,-3.17124,0,0,0,0,0,0
21.7706,0.909699,-2.88716,-1.48012,-2.21471,3.25068,-0.258094,-6.28036,16.5519,-1.17667,10.4659,-11.1863,-4.62852,0,0,0,0,0,0
21.7757,0.899708,-2.87997,-1.47534,-2.27052,3.36289,-0.0619452,-7.75786,14.9602,-0.7942,11.0207,-14.5148,-5.77944,0,0,0,0,0,0
21.7802,0.948891,-2.87142,-1.4705,-2.27878,3.41097,0.027771,-8.13216,16.4928,-1.11397,9.20736,-10.4162,-3.33684,0,0,0,0,0,0
21.7853,0.977873,-2.87146,-1.47013,-2.20813,3.39699,-0.010734,-7.63572,16.2446,-0.40964,8.01504,-13.2728,-3.37824,0,0,0,0,0,0
21.7903,1.01239,-2.87821,-1.47107,-2.1267,3.52891,-0.00262454,-7.83272,16.4219,-1.17249,9.0252,-13.2728,-4.16484,0,0,0,0,0,0
21.7952,1.00822,-2.88387,-1.46913,-2.12774,3.60089,0.105518,-6.62708,16.3313,-0.57684,10.4328,-12.1302,-5.29092,0,0,0,0,0,0
21.8004,1.01797,-2.91008,-1.4658,-2.13143,3.59627,0.212031,-7.82484,17.6394,-1.56541,9.2736,-12.0805,-4.1814,0,0,0,0,0,0
21.8054,1.01813,-2.93974,-1.4477,-2.14733,3.59674,0.243587,-7.82484,17.6394,-1.56541,9.2736,-12.0805,-4.1814,0,0,0,0,0,0
21.8103,1.03325,-2.97038,-1.43826,-2.16991,3.6283,0.230624,-7.61602,17.3557,-1.04709,10.5156,-12.7926,-3.56868,0,0,0,0,0,0
21.8152,1.05866,-2.98722,-1.42959,-2.13708,3.74655,0.269921,-7.17868,16.418,-1.1913,9.18252,-14.0346,-5.30748,0,0,0,0,0,0
21.8204,1.03882,-2.98268,-1.41429,-2.13935,3.93271,0.403233,-7.17868,16.418,-1.1913,9.18252,-14.0346,-5.30748,0,0,0,0,0,0
21.8252,1.04482,-2.98454,-1.40177,-2.15314,3.96969,0.467122,-7.30476,16.7489,-1.16831,9.84492,-11.741,-4.31388,0,0,0,0,0,0
21.8304,1.05474,-2.99178,-1.39314,-2.1267,3.84105,0.451073,-7.30476,16.682,-0.94259,8.17236,-10.8965,-3.90816,0,0,0,0,0,0
21.8352,1.05737,-2.98523,-1.38278,-2.07565,3.77635,0.386212,-7.57662,15.8112,-1.23937,8.37936,-12.7678,-3.41964,0,0,0,0,0,0
21.8402,1.08276,-2.98571,-1.37612,-2.01635,3.74894,0.337324,-8.37644,16.9972,-0.80047,8.22204,-11.5092,-4.35528,0,0,0,0,0,0
21.8452,1.10791,-2.99524,-1.38282,-2.02407,3.74926,0.362681,-8.02184,16.7765,-0.02299,10.35,-12.7926,-4.62024,0,0,0,0,0,0
21.8504,1.12455,-2.9908,-1.39184,-2.11058,3.72812,0.32517,-8.14398,15.8624,-0.62282,11.178,-11.2608,-3.12984,0,0,0,0,0,0
21.8554,1.14873,-2.98063,-1.3802,-2.13229,3.64668,0.250414,-7.56086,15.7915,-1.65528,9.1908,-11.4264,-3.78396,0,0,0,0,0,0
21.8603,1.11405,-2.95771,-1.35036,-2.13628,3.60075,0.218367,-7.56086,15.7915,-1.65528,9.1908,-11.4264,-3.78396,0,0,0,0,0,0
21.8652,1.08004,-2.93477,-1.32091,-2.13657,3.56318,0.191885,-7.56086,15.7915,-1.65528,9.1908,-11.4264,-3.78396,0,0,0,0,0,0
21.8702,1.1129,-2.92363,-1.30828,-2.14809,3.56235,0.139498,-8.56556,15.8585,-0.69597,11.236,-12.3869,-3.28716,0,0,0,0,0,0
21.8752,1.12422,-2.90571,-1.30423,-2.26465,3.63532,0.0648442,-8.56556,15.8585,-0.69597,11.236,-12.3869,-3.28716,0,0,0,0,0,0
21.8803,1.15608,-2.89512,-1.30597,-2.2934,3.68226,0.0285234,-7.97062,15.2754,-0.67925,8.93412,-12.1219,-4.09032,0,0,0,0,0,0
21.8853,1.17798,-2.88156,-1.29748,-2.20791,3.77788,0.0666957,-8.62072,16.3707,-1.17458,6.38388,-13.4053,-4.60368,0,0,0,0,0,0
21.8902,1.19028,-2.87349,-1.28127,-2.085,3.92453,0.137419,-8.62072,16.3707,-1.17458,6.38388,-13.4053,-4.60368,0,0,0,0,0,0
21.8954,1.2268,-2.87902,-1.26937,-1.94759,3.88642,0.215473,-8.31734,16.8277,-1.17667,6.831,-10.3252,-4.74444,0,0,0,0,0,0
21.9004,1.19916,-2.87918,-1.25999,-1.92149,3.75864,0.246619,-6.67436,15.9334,-0.99484,9.4392,-11.6748,-3.89988,0,0,0,0,0,0
21.9053,1.13198,-2.87366,-1.26757,-1.99528,3.72983,0.238832,-6.53252,15.9215,0.03344,10.5901,-11.9729,-4.13172,0,0,0,0,0,0
21.9103,1.07922,-2.86825,-1.2656,-2.03654,3.67687,0.202053,-6.13852,15.5236,-1.76187,8.52012,-11.1946,-3.37824,0,0,0,0,0,0
21.9153,0.995952,-2.84845,-1.23515,-2.05438,3.60075,0.137952,-6.13852,15.5236,-1.76187,8.52012,-11.1946,-3.37824,0,0,0,0,0,0
21.9203,0.939848,-2.83545,-1.21966,-2.06265,3.56518,0.110703,-6.03214,15.6063,-0.75867,8.88444,-12.0722,-3.99096,0,0,0,0,0,0
21.9252,0.906821,-2.82458,-1.22123,-2.06833,3.58956,0.102947,-5.91788,15.5827,-0.26334,9.315,-12.1633,-3.6846,0,0,0,0,0,0
21.9302,0.855169,-2.81271,-1.22907,-2.1177,3.61998,0.14532,-5.59086,15.5197,-0.30096,8.97552,-12.0971,-4.94316,0,0,0,0,0,0
21.9352,0.865405,-2.79387,-1.22474,-2.10185,3.67815,0.183066,-6.84378,14.1564,-1.32506,8.18892,-13.0162,-3.65976,0,0,0,0,0,0
21.9402,0.885771,-2.75727,-1.21296,-2.04218,3.6343,0.0984679,-6.30006,14.5741,-0.42845,5.63868,-10.0188,-2.4426,0,0,0,0,0,0
21.9452,0.860022,-2.73229,-1.23151,-1.90557,3.51155,0.0286182,-4.4719,15.0272,1.15577,5.08392,-11.3022,-3.61008,0,0,0,0,0,0
21.9504,1.09357,-2.74803,-1.22314,-1.89306,3.46506,0.0996676,-15.8585,18.5259,-2.40977,9.37296,-11.1946,-5.12532,0,0,0,0,0,0
21.9552,1.52317,-2.78973,-1.18371,-2.0181,3.36634,0.250701,-14.1722,17.4345,-1.72216,10.4825,-9.88632,-5.29092,0,0,0,0,0,0
21.9602,1.7334,-2.80338,-1.17438,-2.14954,3.25442,0.275384,-9.21566,16.091,-0.00209,10.0354,-10.6315,-3.30372,0,0,0,0,0,0
21.9653,1.77149,-2.81023,-1.18241,-2.23274,3.17476,0.197522,-9.1211,16.611,-0.51414,9.8118,-10.0933,-3.726,0,0,0,0,0,0
21.9702,1.80971,-2.813,-1.17913,-2.29356,3.03051,0.201578,-9.97608,16.2052,-0.86317,10.1844,-9.25704,-4.72788,0,0,0,0,0,0
21.9752,1.82992,-2.81998,-1.18162,-2.38927,2.99038,0.183003,-9.31416,16.9735,0,11.1946,-11.4264,-3.4776,0,0,0,0,0,0
21.9802,1.81061,-2.84729,-1.19719,-2.5129,3.00395,0.115105,-8.42372,18.2737,0.14003,12.0308,-10.2258,-3.69288,0,0,0,0,0,0
21.9852,1.78475,-2.8707,-1.20141,-2.66491,3.07869,0.193925,-8.87288,16.3825,-0.87989,12.7181,-12.3869,-6.40872,0,0,0,0,0,0
21.9902,1.782,-2.88443,-1.19845,-2.78059,3.15697,0.290873,-9.14474,17.5645,-0.24871,10.3086,-10.4411,-4.08204,0,0,0,0,0,0
21.9953,1.77488,-2.90487,-1.18951,-2.74874,3.16732,0.254862,-8.75862,17.6236,-1.07217,7.56792,-11.3188,-3.9744,0,0,0,0,0,0
22.0004,1.81259,-2.90433,-1.17586,-2.61637,3.22398,0.326271,-10.3858,15.5,-0.61446,6.4584,-11.4926,-6.10236,0,0,0,0,0,0
22.0053,1.86147,-2.87555,-1.16467,-2.48364,3.2954,0.499323,-10.3858,15.5,-0.61446,6.4584,-11.4926,-6.10236,0,0,0,0,0,0
22.0103,1.921,-2.86241,-1.15019,-2.38781,3.33437,0.573524,-9.0029,15.8861,-1.33969,8.54496,-11.4264,-4.33044,0,0,0,0,0,0
22.0155,1.89416,-2.83894,-1.11769,-2.35612,3.40096,0.538165,-9.0029,15.8861,-1.33969,8.54496,-11.4264,-4.33044,0,0,0,0,0,0
22.0203,1.88861,-2.81892,-1.10158,-2.33636,3.44793,0.533198,-8.865,15.4487,-0.47443,9.8532,-11.3684,-5.0922,0,0,0,0,0,0
22.0254,1.87587,-2.78624,-1.09325,-2.32723,3.39294,0.571829,-8.71528,14.6174,-0.67716,8.26344,-9.58824,-5.15016,0,0,0,0,0,0
22.0304,1.83617,-2.76737,-1.06848,-2.29809,3.26541,0.557371,-7.92728,16.3077,-2.06492,8.57808,-9.77868,-3.9744,0,0,0,0,0,0
22.0353,1.80573,-2.77166,-1.04922,-2.2526,3.13646,0.439771,-8.99502,16.615,-0.3971,7.17048,-9.37296,-3.30372,0,0,0,0,0,0
22.0402,1.83642,-2.75905,-1.03508,-2.15932,3.07244,0.378168,-10.0037,14.8577,-1.48181,6.75648,-10.9379,-4.73616,0,0,0,0,0,0
22.0452,1.87204,-2.73634,-1.01396,-2.0624,3.08284,0.335809,-9.19202,15.6576,-0.98857,6.65712,-10.4659,-3.61008,0,0,0,0,0,0
22.0502,1.85009,-2.7329,-1.00685,-2.02096,3.05859,0.27696,-8.28188,16.2801,-0.61655,8.60292,-10.1099,-4.32216,0,0,0,0,0,0
22.0552,1.81405,-2.7411,-1.00178,-2.07794,3.08891,0.283723,-8.54586,16.745,-0.80047,10.3169,-11.3933,-4.9266,0,0,0,0,0,0
22.0604,1.77548,-2.74431,-1.00096,-2.16858,3.021,0.232751,-8.02184,15.7206,-0.24453,9.55512,-8.29656,-3.12984,0,0,0,0,0,0
22.0656,1.69914,-2.73737,-1.00845,-2.2477,2.90578,0.146891,-7.6042,15.8743,-0.26125,9.70416,-10.2589,-4.18968,0,0,0,0,0,0
22.0703,1.68418,-2.71866,-1.01986,-2.29909,2.9646,0.161094,-9.60572,14.247,0.41173,9.33984,-11.385,-4.9266,0,0,0,0,0,0
22.0752,1.73338,-2.68195,-1.02833,-2.24989,2.97449,0.208748,-10.1337,14.9641,-0.22572,6.52464,-9.2322,-4.76928,0,0,0,0,0,0
22.0804,1.76777,-2.66954,-1.02272,-2.19456,2.9134,0.165885,-8.81378,16.1816,-0.80883,9.24048,-10.0022,-3.312,0,0,0,0,0,0
22.0853,1.77455,-2.66944,-1.01742,-2.20731,2.96042,0.169837,-9.69634,16.3392,-0.14212,8.83476,-11.0786,-5.57244,0,0,0,0,0,0
22.0904,1.79899,-2.67226,-1.01076,-2.20954,2.9524,0.268064,-9.07776,15.9058,-1.10979,8.71884,-9.0252,-5.27436,0,0,0,0,0,0
22.0952,1.79379,-2.66901,-0.998443,-2.22346,2.87536,0.331668,-8.82954,15.9018,-0.60192,8.33796,-9.84492,-5.0094,0,0,0,0,0,0
22.1004,1.76011,-2.66566,-0.989462,-2.23454,2.88978,0.379774,-8.56556,15.7955,-0.83182,8.71884,-10.5653,-5.1336,0,0,0,0,0,0
22.1055,1.77664,-2.65615,-0.976995,-2.22462,2.94372,0.437648,-10.2873,15.3778,-0.84018,7.54308,-10.3997,-5.27436,0,0,0,0,0,0
22.1103,1.80062,-2.64374,-0.970387,-2.1993,2.95407,0.42146,-9.0226,15.3266,-0.39292,8.08128,-9.71244,-3.86676,0,0,0,0,0,0
22.1155,1.79486,-2.63347,-0.955034,-2.16304,2.95848,0.409498,-8.94774,15.3581,-1.61139,7.1208,-10.2506,-5.19984,0,0,0,0,0,0
22.1204,1.78295,-2.6221,-0.939572,-2.14748,2.96754,0.464535,-9.32992,15.0863,-0.50578,8.55324,-9.5634,-5.40684,0,0,0,0,0,0
22.1253,1.78905,-2.62092,-0.933865,-2.20106,2.89268,0.421841,-8.78226,16.5086,-0.72105,10.1264,-8.76852,-3.42792,0,0,0,0,0,0
22.1303,1.75952,-2.6341,-0.923789,-2.24023,2.89043,0.413535,-8.33704,16.4928,-0.85272,8.09784,-10.764,-5.98644,0,0,0,0,0,0
22.1353,1.68906,-2.6447,-0.910697,-2.23795,3.01526,0.532915,-8.33704,16.4928,-0.85272,8.09784,-10.764,-5.98644,0,0,0,0,0,0
22.1404,1.7429,-2.68192,-0.904316,-2.27504,3.08306,0.65222,-11.4575,17.9743,-0.77121,10.0519,-10.1182,-6.0858,0,0,0,0,0,0
22.1454,1.83207,-2.71932,-0.891749,-2.35797,3.12391,0.751955,-11.4575,17.9743,-0.77121,10.0519,-10.1182,-6.0858,0,0,0,0,0,0
22.1505,1.95983,-2.75288,-0.868256,-2.35373,3.14941,0.859158,-11.9146,17.2651,-1.72216,7.2864,-10.3003,-6.52464,0,0,0,0,0,0
22.1552,2.02942,-2.76607,-0.860426,-2.30458,3.19264,0.927226,-9.24324,15.2636,-0.12122,8.13096,-10.6978,-5.53932,0,0,0,0,0,0
22.1603,1.96836,-2.74485,-0.864979,-2.28258,3.28629,0.946558,-9.24324,15.2636,-0.12122,8.13096,-10.6978,-5.53932,0,0,0,0,0,0
22.1654,1.8959,-2.72883,-0.842184,-2.28882,3.22099,0.933253,-8.20702,15.6142,-2.33035,9.315,-8.01504,-4.93488,0,0,0,0,0,0
22.1703,1.81685,-2.69661,-0.826068,-2.36323,3.08091,0.910939,-8.4316,13.4787,0.28633,10.8882,-9.17424,-5.51448,0,0,0,0,0,0
22.1753,1.75489,-2.64659,-0.829264,-2.43221,2.9998,0.919523,-8.93592,13.9476,-0.69597,9.36468,-8.84304,-5.4234,0,0,0,0,0,0
22.1804,1.73187,-2.60447,-0.824544,-2.45532,2.98917,0.943074,-9.05018,13.8649,-0.40755,9.43092,-10.3334,-5.77944,0,0,0,0,0,0
22.1855,1.71476,-2.55378,-0.82558,-2.48787,2.99262,0.958352,-9.28658,13.1635,-0.25707,9.24876,-9.03348,-5.60556,0,0,0,0,0,0
22.1902,1.69509,-2.50669,-0.813263,-2.45847,2.91564,0.903977,-8.17944,13.5654,-1.4421,7.11252,-8.61948,-4.21452,0,0,0,0,0,0
22.1954,1.6397,-2.45974,-0.790081,-2.36638,2.82343,0.7991,-8.01396,13.4748,-0.9823,6.75648,-8.75196,-4.69476,0,0,0,0,0,0
22.2003,1.62055,-2.42179,-0.780215,-2.29067,2.75866,0.761615,-9.34568,13.9397,-0.44726,7.07112,-8.694,-5.29092,0,0,0,0,0,0
22.2053,1.6374,-2.38828,-0.760474,-2.2553,2.72645,0.666935,-9.21566,13.8491,-1.85383,8.5698,-9.25704,-3.4362,0,0,0,0,0,0
22.2102,1.66641,-2.35803,-0.743175,-2.24712,2.60208,0.576468,-9.85394,14.121,-0.19437,7.85772,-6.73992,-5.0922,0,0,0,0,0,0
22.2152,1.71758,-2.33577,-0.746355,-2.23315,2.4056,0.574999,-9.97608,13.4393,-0.81301,7.00488,-7.60104,-5.05908,0,0,0,0,0,0
22.2203,1.76637,-2.3162,-0.73107,-2.18734,2.28641,0.553924,-10.6813,14.7592,-1.44001,6.624,-7.62588,-4.57884,0,0,0,0,0,0
22.2253,1.81209,-2.31434,-0.725715,-2.17058,2.14002,0.562935,-9.38508,14.4874,-0.30096,7.8246,-6.77304,-5.5476,0,0,0,0,0,0
22.2303,1.79515,-2.30203,-0.731733,-2.18986,2.01154,0.626453,-8.50252,13.9909,-0.3762,8.74368,-7.59276,-5.8374,0,0,0,0,0,0
22.2354,1.77082,-2.3004,-0.722156,-2.18502,2.00194,0.678944,-9.42842,15.7482,-1.3585,7.12908,-8.5284,-5.31576,0,0,0,0,0,0
22.2404,1.78173,-2.3099,-0.71586,-2.18651,2.07463,0.702394,-9.49934,14.6489,-0.31977,8.4456,-9.108,-5.55588,0,0,0,0,0,0
22.2452,1.78733,-2.30153,-0.720664,-2.23787,2.11723,0.691806,-9.32204,14.0028,-0.41173,8.93412,-7.88256,-4.61196,0,0,0,0,0,0
22.2502,1.80183,-2.27943,-0.71854,-2.32383,2.12995,0.692888,-9.85394,13.5221,-0.77748,9.82008,-8.4456,-5.69664,0,0,0,0,0,0
22.2554,1.83694,-2.24212,-0.713267,-2.39289,2.07152,0.755359,-9.78696,12.608,-0.58311,8.56152,-6.73164,-5.91192,0,0,0,0,0,0
22.2602,1.85008,-2.20809,-0.714253,-2.39496,1.8482,0.713547,-9.15262,13.333,-0.39501,7.452,-4.89348,-4.0986,0,0,0,0,0,0
22.2653,1.8336,-2.18532,-0.707586,-2.38404,1.71309,0.697311,-8.57738,13.8727,-1.07426,8.487,-8.27172,-6.24312,0,0,0,0,0,0
22.2704,1.82222,-2.15055,-0.696634,-2.38794,1.71073,0.699614,-9.72786,12.3834,-0.70224,8.3214,-6.97176,-4.69476,0,0,0,0,0,0
22.2753,1.84273,-2.11553,-0.696259,-2.40797,1.66519,0.682949,-9.66482,13.2975,-0.3553,9.01692,-7.2036,-5.78772,0,0,0,0,0,0
22.2803,1.82628,-2.0898,-0.700877,-2.44902,1.65487,0.73281,-9.66482,13.2975,-0.3553,9.01692,-7.2036,-5.78772,0,0,0,0,0,0
22.2853,1.80812,-2.07276,-0.697972,-2.45204,1.60731,0.726107,-9.01078,13.5024,-1.16413,7.48512,-6.56604,-4.53744,0,0,0,0,0,0
22.2902,1.80407,-2.05297,-0.68832,-2.42589,1.59015,0.722765,-9.76726,13.0532,-0.77748,7.98192,-7.65072,-5.98644,0,0,0,0,0,0
22.2953,1.82882,-2.03153,-0.686828,-2.39176,1.5867,0.792717,-9.85394,13.4748,-0.41173,7.31124,-6.83928,-5.796,0,0,0,0,0,0
22.3003,1.82277,-2.01188,-0.685497,-2.36334,1.58376,0.854505,-8.7074,12.9705,-0.88198,8.03988,-7.46028,-6.10236,0,0,0,0,0,0
22.3052,1.81641,-1.99918,-0.666764,-2.35929,1.53897,0.91546,-9.8106,13.8215,-1.88727,7.62588,-5.87052,-6.003,0,0,0,0,0,0
22.3104,1.81907,-1.99909,-0.65546,-2.36173,1.43587,0.87734,-9.3378,13.9752,-0.35321,8.55324,-6.22656,-4.07376,0,0,0,0,0,0
22.3154,1.80074,-2.00651,-0.675612,-2.36155,1.33433,0.85299,-8.69164,14.1722,0.48279,7.17876,-5.6304,-6.25968,0,0,0,0,0,0
22.3204,1.77645,-2.01199,-0.682378,-2.40405,1.27892,0.823483,-9.21172,14.1091,-1.27072,9.5634,-6.83928,-4.15656,0,0,0,0,0,0
22.3253,1.80395,-2.01448,-0.676292,-2.44156,1.20443,0.738899,-10.2125,13.5772,-0.53295,7.44372,-5.11704,-4.93488,0,0,0,0,0,0
22.3304,1.82336,-2.01316,-0.687979,-2.38882,1.005,0.707692,-9.28658,13.5181,-0.02926,5.93676,-4.20624,-5.34888,0,0,0,0,0,0
22.3353,1.81292,-1.99988,-0.692723,-2.30445,0.878558,0.636592,-9.062,12.5253,-0.99484,6.20172,-6.14376,-4.347,0,0,0,0,0,0
22.3404,1.79592,-1.97291,-0.686817,-2.27502,0.882719,0.57919,-9.20778,11.9027,-0.98021,7.4106,-6.23484,-5.3406,0,0,0,0,0,0
22.3454,1.79213,-1.93968,-0.686275,-2.28476,0.83402,0.558082,-9.23142,12.017,-0.3971,7.88256,-5.01768,-4.8024,0,0,0,0,0,0
22.3502,1.79182,-1.89814,-0.69447,-2.28425,0.757382,0.544527,-9.42842,11.1699,-0.15884,7.26984,-5.4648,-5.6304,0,0,0,0,0,0
22.3553,1.80231,-1.84446,-0.69779,-2.2396,0.745669,0.59471,-9.46388,11.1108,-0.72523,6.61572,-6.22656,-6.15204,0,0,0,0,0,0
22.3604,1.83245,-1.80514,-0.685625,-2.17365,0.722219,0.647787,-9.91304,12.3795,-1.32924,5.93676,-5.07564,-5.51448,0,0,0,0,0,0
22.3653,1.84905,-1.78306,-0.668167,-2.09572,0.664489,0.668857,-9.91304,12.3795,-1.32924,5.93676,-5.07564,-5.51448,0,0,0,0,0,0
22.3703,1.87465,-1.75617,-0.655372,-2.05462,0.606904,0.712286,-9.44024,11.166,-1.18294,7.15392,-5.19156,-5.93676,0,0,0,0,0,0
22.3753,1.86447,-1.72729,-0.668695,-2.08934,0.581561,0.698396,-9.01472,11.5521,0.42636,8.63604,-5.37372,-4.7196,0,0,0,0,0,0
22.3802,1.82449,-1.70631,-0.670421,-2.10758,0.574896,0.612663,-8.5301,11.6112,-2.19659,6.50808,-5.26608,-4.29732,0,0,0,0,0,0
22.3854,1.77799,-1.67857,-0.651846,-2.10753,0.533164,0.463751,-8.4119,11.3196,-0.86108,7.84116,-4.77756,-3.1878,0,0,0,0,0,0
22.3904,1.76921,-1.65593,-0.661082,-2.1569,0.530671,0.404737,-9.7318,11.954,-0.05016,8.66088,-5.86224,-5.85396,0,0,0,0,0,0
22.3952,1.78668,-1.63007,-0.670321,-2.20424,0.597296,0.425935,-9.01866,10.6183,-0.87571,7.5348,-6.09408,-4.43808,0,0,0,0,0,0
22.4001,1.76852,-1.58594,-0.656381,-2.18541,0.608106,0.380592,-8.3528,10.4095,-1.71798,6.36732,-4.7196,-4.4298,0,0,0,0,0,0
22.4052,1.72931,-1.55499,-0.647548,-2.16106,0.591033,0.446459,-7.4072,11.363,-0.58102,7.31952,-5.77116,-6.40872,0,0,0,0,0,0
22.4102,1.64156,-1.53248,-0.652851,-2.16145,0.654952,0.60607,-7.4072,11.363,-0.58102,7.31952,-5.77116,-6.40872,0,0,0,0,0,0
22.4151,1.57398,-1.50467,-0.658767,-2.20526,0.714071,0.676878,-7.30476,10.3937,-0.61655,8.79336,-5.85396,-4.90176,0,0,0,0,0,0
22.4202,1.52109,-1.47805,-0.643786,-2.22986,0.748858,0.69776,-7.47024,11.686,-2.12553,6.9552,-5.45652,-5.73804,0,0,0,0,0,0
22.4252,1.48393,-1.45868,-0.617637,-2.18821,0.779896,0.742231,-7.67512,10.6695,-1.59049,6.5412,-5.72976,-5.34888,0,0,0,0,0,0
22.4302,1.46551,-1.42625,-0.614329,-2.1452,0.855194,0.634946,-8.17156,10.0312,-0.44726,6.9966,-6.30108,-2.7738,0,0,0,0,0,0
22.4352,1.46804,-1.36535,-0.625108,-2.08657,0.882482,0.50241,-7.84848,7.80908,-0.40128,5.9616,-4.94316,-4.37184,0,0,0,0,0,0
22.4402,1.41105,-1.30263,-0.640514,-1.97461,0.763468,0.558709,-5.98486,9.71604,-0.1045,4.36356,-3.44448,-6.24312,0,0,0,0,0,0
22.4452,1.55795,-1.28401,-0.630802,-1.88754,0.53703,0.709906,-15.1493,11.7057,-2.35125,6.0858,-2.80692,-6.67368,0,0,0,0,0,0
22.4502,1.78289,-1.27335,-0.610939,-1.85984,0.364717,0.816095,-10.0549,10.571,-0.97394,6.2514,-3.88332,-6.13548,0,0,0,0,0,0
22.4551,1.85439,-1.26691,-0.62429,-1.86128,0.20944,0.837853,-10.0628,11.7609,0.03553,6.75648,-2.484,-5.43996,0,0,0,0,0,0
22.4603,1.88008,-1.2508,-0.644936,-1.91822,0.0477901,0.830887,-9.07776,9.5348,-0.62909,8.61948,-3.33684,-5.6718,0,0,0,0,0,0
22.4652,1.86417,-1.22753,-0.650463,-2.01093,-0.0538448,0.779615,-8.64042,10.9374,-1.05336,8.21376,-3.07188,-4.56228,0,0,0,0,0,0
22.4702,1.863,-1.22118,-0.651141,-2.06312,-0.164356,0.696489,-9.22748,11.2763,-0.92587,6.94692,-2.93112,-4.91832,0,0,0,0,0,0
22.4752,1.87248,-1.21208,-0.658397,-2.10543,-0.299058,0.720206,-9.24718,10.4174,-0.61446,7.68384,-2.12796,-6.4998,0,0,0,0,0,0
22.4802,1.88591,-1.2017,-0.672766,-2.14615,-0.47652,0.776297,-9.6924,10.8429,-0.45771,7.11252,-1.4904,-5.49792,0,0,0,0,0,0
22.4851,1.88542,-1.18983,-0.690199,-2.16243,-0.675174,0.796686,-8.34886,10.2637,-0.27797,6.89724,-1.15092,-5.94504,0,0,0,0,0,0
22.4902,1.86319,-1.16871,-0.694015,-2.14158,-0.914579,0.805167,-8.98714,10.2204,-1.36686,6.03612,-0.01656,-5.6304,0,0,0,0,0,0
22.4953,1.85631,-1.14461,-0.680024,-2.10276,-1.14506,0.796831,-8.80196,9.53086,-1.72216,6.17688,-0.21528,-5.73804,0,0,0,0,0,0
22.5002,1.85755,-1.13093,-0.672434,-2.04875,-1.31775,0.68981,-9.062,11.0084,-0.91542,5.26608,0.19872,-3.38652,0,0,0,0,0,0
22.5052,1.86644,-1.12431,-0.67651,-2.03497,-1.45376,0.579869,-9.26294,10.2204,-0.81719,7.4934,0.4554,-5.53104,0,0,0,0,0,0
22.5102,1.87759,-1.11248,-0.689771,-2.03988,-1.53904,0.580902,-9.2393,10.3898,-0.26752,5.82084,0.86112,-5.39028,0,0,0,0,0,0
22.5152,1.86783,-1.11349,-0.701888,-1.97011,-1.57263,0.648094,-8.55374,10.9335,-1.10143,4.35528,1.29996,-6.79788,0,0,0,0,0,0
22.5204,1.86473,-1.11411,-0.687103,-1.92294,-1.53189,0.649185,-9.07382,10.6971,-2.07119,6.59916,1.19232,-4.23936,0,0,0,0,0,0
22.5252,1.85305,-1.09865,-0.669044,-1.92384,-1.39361,0.626513,-8.32522,9.28264,-1.44837,6.11064,1.10952,-5.99472,0,0,0,0,0,0
22.5306,1.80663,-1.06602,-0.658927,-1.91162,-1.13692,0.686841,-8.32522,9.28264,-1.44837,6.11064,1.10952,-5.99472,0,0,0,0,0,0
22.5352,1.79562,-1.03675,-0.658605,-1.92678,-0.897947,0.728952,-8.58526,8.42372,-0.95931,6.61572,1.30824,-5.9202,0,0,0,0,0,0
22.5401,1.77397,-0.992977,-0.662789,-1.93878,-0.618269,0.770451,-8.58526,8.42372,-0.95931,6.61572,1.30824,-5.9202,0,0,0,0,0,0
22.5452,1.77768,-0.951649,-0.67615,-1.93538,-0.318973,0.761888,-8.86106,8.471,-0.28424,5.81256,0.97704,-4.8852,0,0,0,0,0,0
22.5502,1.79143,-0.926797,-0.690562,-1.90847,-0.014486,0.732481,-9.31416,9.44812,-1.045,5.68008,1.04328,-5.82912,0,0,0,0,0,0
22.5552,1.81487,-0.907201,-0.67814,-1.87689,0.246654,0.666729,-9.01472,8.95562,-2.20913,5.61384,1.3662,-4.11516,0,0,0,0,0,0
22.5603,1.80987,-0.89189,-0.659616,-1.86884,0.457035,0.595407,-8.76256,9.5151,-1.65946,6.64884,1.82988,-5.48964,0,0,0,0,0,0
22.5652,1.78874,-0.883225,-0.663885,-1.86773,0.66775,0.5502,-8.34886,8.7074,-0.78584,5.66352,0.91908,-4.33044,0,0,0,0,0,0
22.5702,1.75212,-0.857236,-0.679869,-1.79286,0.885721,0.518353,-8.20308,8.2346,-0.5852,4.12344,1.47384,-5.7132,0,0,0,0,0,0
22.5753,1.71127,-0.831386,-0.699572,-1.68315,1.03056,0.528181,-7.77756,8.40008,-0.5852,4.03236,1.97064,-5.175,0,0,0,0,0,0
22.5804,1.69556,-0.81572,-0.709869,-1.61171,1.12662,0.518856,-8.92804,9.25112,-1.20175,5.10048,2.07828,-5.51448,0,0,0,0,0,0
22.5854,1.69689,-0.800736,-0.702111,-1.56557,1.20536,0.584727,-8.70346,8.16368,-2.07955,4.6782,2.25216,-6.49152,0,0,0,0,0,0
22.5902,1.70003,-0.785921,-0.688287,-1.52665,1.25023,0.625713,-8.62072,9.31022,-1.6302,5.07564,2.46744,-5.1336,0,0,0,0,0,0
22.5952,1.70462,-0.779376,-0.679383,-1.46965,1.25385,0.658603,-8.71922,8.97926,-1.65319,3.95784,3.0222,-6.23484,0,0,0,0,0,0
22.6005,1.70966,-0.770807,-0.68464,-1.41117,1.25828,0.683657,-8.865,8.7468,-0.73777,4.94316,2.57508,-5.33232,0,0,0,0,0,0
22.6052,1.70035,-0.770258,-0.70036,-1.3817,1.27433,0.713302,-8.22278,9.54662,-0.79629,4.54572,2.8566,-6.47496,0,0,0,0,0,0
22.6103,1.68146,-0.777404,-0.718868,-1.35021,1.30368,0.690811,-8.67194,9.17232,-0.75867,4.85208,2.47572,-4.57056,0,0,0,0,0,0
22.6153,1.66927,-0.779787,-0.73746,-1.33539,1.34055,0.626369,-8.274,8.79408,-0.76912,4.8438,2.7738,-5.29092,0,0,0,0,0,0
22.6202,1.67512,-0.766633,-0.742655,-1.33874,1.3281,0.59602,-8.9241,7.99032,-1.55287,5.53104,3.32028,-4.98456,0,0,0,0,0,0
22.6252,1.69472,-0.741764,-0.733384,-1.36433,1.32257,0.542949,-8.96744,7.43478,-1.95624,5.63868,2.80692,-4.47948,0,0,0,0,0,0
22.6303,1.72458,-0.704167,-0.723687,-1.38692,1.32589,0.531691,-9.03442,7.08412,-1.42538,5.30748,3.1464,-5.8788,0,0,0,0,0,0
22.6355,1.72107,-0.667,-0.724833,-1.38496,1.34634,0.545355,-7.63572,7.55692,-1.11188,4.83552,2.50056,-4.74444,0,0,0,0,0,0
22.6404,1.69651,-0.638361,-0.734774,-1.3528,1.37875,0.58887,-8.3528,7.27324,-0.86317,4.17312,3.04704,-6.54948,0,0,0,0,0,0
22.6454,1.69172,-0.61464,-0.747887,-1.29454,1.41369,0.619396,-8.2346,8.10064,-0.76076,3.75084,2.41776,-4.7196,0,0,0,0,0,0
22.6504,1.67108,-0.598949,-0.768997,-1.23397,1.48906,0.68144,-8.19126,7.5648,-0.45353,3.94956,2.53368,-7.4934,0,0,0,0,0,0
22.6553,1.72841,-0.597158,-0.789413,-1.16794,1.50185,0.769615,-11.1896,9.04624,-0.86108,3.12984,3.4776,-5.57244,0,0,0,0,0,0
22.6603,1.83157,-0.596078,-0.795735,-1.04899,1.45514,0.756233,-10.307,7.82878,-1.56123,1.91268,3.8088,-5.48136,0,0,0,0,0,0
22.6653,1.83943,-0.586362,-0.793561,-0.902542,1.41412,0.701214,-8.02972,7.8603,-1.62184,1.74708,3.54384,-4.95972,0,0,0,0,0,0
22.6702,1.78765,-0.579432,-0.784945,-0.744852,1.38182,0.667353,-7.93516,8.08094,-2.08373,1.05984,3.8088,-5.70492,0,0,0,0,0,0
22.6752,1.71854,-0.562596,-0.772537,-0.5561,1.36883,0.623431,-7.11958,7.26142,-1.69708,0.36432,3.30372,-4.82724,0,0,0,0,0,0
22.6803,1.6263,-0.537016,-0.765764,-0.362638,1.38312,0.546304,-7.11958,7.26142,-1.69708,0.36432,3.30372,-4.82724,0,0,0,0,0,0
22.6853,1.56969,-0.519861,-0.765384,-0.230053,1.35119,0.561535,-7.86424,7.39538,-1.38358,0.24012,3.94128,-6.38388,0,0,0,0,0,0
22.6903,1.52781,-0.501746,-0.768772,-0.172133,1.30406,0.646801,-7.86424,7.39538,-1.38358,0.24012,3.94128,-6.38388,0,0,0,0,0,0
22.6953,1.47652,-0.501487,-0.783172,-0.203199,1.2491,0.671942,-7.06048,8.67194,-0.62909,-0.1656,4.07376,-5.36544,0,0,0,0,0,0
22.7002,1.41331,-0.514608,-0.804068,-0.287997,1.22836,0.653946,-7.39144,8.14004,-1.03246,0.27324,3.69288,-5.52276,0,0,0,0,0,0
22.7052,1.38739,-0.517354,-0.821487,-0.379148,1.33592,0.642622,-8.32522,7.47812,-0.9196,-0.44712,1.91268,-5.82912,0,0,0,0,0,0
22.7102,1.41294,-0.506507,-0.835811,-0.453051,1.43873,0.530939,-9.14474,6.78862,-1.16413,-0.38916,3.56868,-3.33684,0,0,0,0,0,0
22.7155,1.45499,-0.49338,-0.842156,-0.501812,1.43791,0.454799,-8.84924,7.04078,-1.64901,-1.41588,4.0158,-6.16032,0,0,0,0,0,0
22.7203,1.46238,-0.471439,-0.828452,-0.516134,1.3645,0.462871,-7.62784,6.2252,-2.44739,-1.30824,4.74444,-4.8852,0,0,0,0,0,0
22.7253,1.45388,-0.448563,-0.809043,-0.54188,1.2027,0.496775,-8.34886,6.76104,-2.16942,-1.2006,5.84568,-6.5826,0,0,0,0,0,0
22.7304,1.41818,-0.439501,-0.787107,-0.578455,1.02874,0.510742,-6.83984,7.13928,-2.80687,-0.96048,5.29092,-4.6782,0,0,0,0,0,0
22.7354,1.38909,-0.431383,-0.761155,-0.602652,0.898841,0.504187,-8.12428,7.2496,-2.3408,-1.72224,5.29092,-6.09408,0,0,0,0,0,0
22.7402,1.38814,-0.421103,-0.748842,-0.624822,0.783891,0.581093,-7.77756,6.895,-1.82039,-1.1178,5.3406,-6.34248,0,0,0,0,0,0
22.7453,1.38324,-0.411385,-0.746981,-0.690854,0.650721,0.575537,-8.03366,6.92258,-1.67409,-0.04968,5.97816,-4.45464,0,0,0,0,0,0
22.7502,1.38045,-0.397956,-0.753731,-0.763468,0.615181,0.531877,-7.86818,6.16216,-1.24773,-0.7866,4.10688,-5.39856,0,0,0,0,0,0
22.7552,1.40356,-0.385394,-0.764155,-0.788583,0.624063,0.560676,-9.1014,6.92258,-1.46091,-2.21904,5.2578,-5.96988,0,0,0,0,0,0
22.7602,1.43796,-0.388536,-0.775457,-0.785063,0.495638,0.599739,-8.57738,7.3284,-1.33551,-2.26044,6.8724,-5.8374,0,0,0,0,0,0
22.7652,1.43698,-0.386787,-0.781084,-0.781058,0.245842,0.547686,-7.80908,6.14246,-1.9646,-2.484,7.79148,-4.52916,0,0,0,0,0,0
22.7702,1.39862,-0.384627,-0.775797,-0.792893,0.0340308,0.492093,-7.11958,7.43478,-2.12553,-1.7388,6.65712,-5.56416,0,0,0,0,0,0
22.7754,1.36591,-0.398929,-0.777288,-0.77156,-0.101918,0.475486,-7.88788,7.44266,-1.4421,-3.41136,6.56604,-5.175,0,0,0,0,0,0
22.7802,1.32696,-0.399728,-0.787698,-0.765123,-0.213648,0.513752,-6.78468,6.1858,-1.4212,-1.81332,6.80616,-6.5826,0,0,0,0,0,0
22.7852,1.27572,-0.402844,-0.798613,-0.845548,-0.363461,0.607221,-7.30082,7.4269,-1.52361,-0.32292,7.5348,-6.26796,0,0,0,0,0,0
22.7902,1.26963,-0.414929,-0.809632,-0.925479,-0.442316,0.624081,-8.3922,7.00138,-1.38567,-1.82988,5.91192,-5.15844,0,0,0,0,0,0
22.7953,1.28054,-0.411457,-0.822344,-0.97145,-0.41644,0.569785,-7.94698,5.74452,-1.42747,-1.72224,5.8788,-5.20812,0,0,0,0,0,0
22.8003,1.2978,-0.401826,-0.827371,-0.989303,-0.424943,0.50885,-8.30158,6.94622,-1.66573,-2.08656,6.59916,-4.89348,0,0,0,0,0,0
22.8053,1.32285,-0.386787,-0.825384,-0.943299,-0.515238,0.500791,-8.18338,5.23232,-1.88309,-3.83364,7.50996,-5.96988,0,0,0,0,0,0
22.8102,1.32192,-0.36156,-0.822631,-0.896269,-0.594597,0.477307,-7.31264,5.77998,-1.72425,-1.9872,6.63228,-4.45464,0,0,0,0,0,0
22.8152,1.29288,-0.364132,-0.818383,-0.879341,-0.602998,0.38156,-7.1511,7.56086,-2.15061,-2.79864,6.45012,-4.5954,0,0,0,0,0,0
22.8204,1.28193,-0.372599,-0.808769,-0.836487,-0.603377,0.313472,-7.91152,6.26066,-2.11299,-3.00564,6.57432,-4.54572,0,0,0,0,0,0
22.8254,1.25742,-0.381459,-0.808986,-0.814243,-0.531358,0.340862,-6.98562,6.88712,-1.75142,-2.4426,5.24952,-6.32592,0,0,0,0,0,0
22.8305,1.21597,-0.400616,-0.81087,-0.794989,-0.417084,0.426922,-7.11958,7.29294,-1.94579,-2.88972,5.70492,-5.7132,0,0,0,0,0,0
22.8352,1.21467,-0.401512,-0.809356,-0.783091,-0.364664,0.527005,-8.22672,5.3584,-1.89354,-2.11968,6.23484,-6.7896,0,0,0,0,0,0
22.8403,1.2091,-0.391424,-0.809021,-0.809923,-0.314452,0.659254,-7.12352,5.96516,-1.98759,-1.89612,5.77116,-6.64884,0,0,0,0,0,0
22.8453,1.1852,-0.382895,-0.805252,-0.845206,-0.245683,0.764824,-7.12352,5.96516,-1.98759,-1.89612,5.77116,-6.64884,0,0,0,0,0,0
22.8502,1.18079,-0.377779,-0.802785,-0.839142,-0.317129,0.784824,-7.78544,5.71694,-2.02939,-4.16484,8.31312,-5.2164,0,0,0,0,0,0
22.8555,1.19023,-0.370141,-0.800352,-0.766906,-0.514797,0.740261,-7.78544,5.71694,-2.02939,-4.16484,8.31312,-5.2164,0,0,0,0,0,0
22.8604,1.18221,-0.381761,-0.803942,-0.747224,-0.590578,0.699756,-7.30476,6.96198,-1.73052,-2.61648,6.38388,-4.99284,0,0,0,0,0,0
22.8653,1.16014,-0.402719,-0.81471,-0.753331,-0.532612,0.687564,-7.18656,6.58374,-1.34387,-3.04704,5.85396,-5.8788,0,0,0,0,0,0
22.8703,1.13291,-0.411461,-0.830272,-0.745468,-0.485544,0.670655,-6.90288,6.11488,-1.0241,-2.7738,6.6654,-4.87692,0,0,0,0,0,0
22.8753,1.09073,-0.427245,-0.851807,-0.727353,-0.530844,0.65721,-6.47736,7.24172,-0.62282,-3.8916,7.51824,-5.98644,0,0,0,0,0,0
22.8803,1.04653,-0.441289,-0.876031,-0.715331,-0.569728,0.646988,-6.70588,6.09518,-0.39083,-2.59164,6.7896,-4.8024,0,0,0,0,0,0
22.8852,1.04342,-0.438738,-0.902336,-0.691294,-0.576069,0.61905,-8.04154,5.34264,0.01254,-4.41324,7.05456,-5.74632,0,0,0,0,0,0
22.8905,1.04836,-0.412543,-0.922021,-0.643113,-0.533877,0.573743,-6.86742,4.26702,-0.20273,-3.22092,5.87052,-4.86864,0,0,0,0,0,0
22.8955,1.03759,-0.374667,-0.927522,-0.650628,-0.457672,0.554665,-7.48994,3.59328,-0.2299,-2.41776,6.36732,-5.90364,0,0,0,0,0,0
22.9004,1.02696,-0.34085,-0.920645,-0.634222,-0.432294,0.449095,-6.82408,4.46796,-0.19019,-3.92472,6.73164,-3.45276,0,0,0,0,0,0
22.9055,0.997666,-0.328856,-0.903317,-0.584922,-0.437161,0.312038,-6.55616,5.7524,-0.11704,-4.08204,6.72336,-4.62024,0,0,0,0,0,0
22.9102,0.959754,-0.338564,-0.884451,-0.57456,-0.475697,0.35288,-6.4025,6.07942,-0.00836,-2.50884,7.51824,-6.60744,0,0,0,0,0,0
22.9153,0.917614,-0.338273,-0.859847,-0.596187,-0.582061,0.347855,-6.00456,5.01168,0.10868,-2.55024,8.02332,-3.63492,0,0,0,0,0,0
22.9205,0.88817,-0.330161,-0.834272,-0.579155,-0.572196,0.332577,-6.6783,5.1811,0.17556,-3.11328,5.52276,-6.14376,0,0,0,0,0,0
22.9253,0.849783,-0.320962,-0.811606,-0.553746,-0.55312,0.409329,-5.49236,4.33794,0.13376,-3.0222,7.89084,-5.30748,0,0,0,0,0,0
22.9303,0.812707,-0.296625,-0.787341,-0.541627,-0.627935,0.468002,-6.5601,3.80998,0.22572,-2.53368,7.3278,-5.53932,0,0,0,0,0,0
22.9352,0.736608,-0.263198,-0.765848,-0.471112,-0.617599,0.503365,-3.93606,3.03774,0.24035,-5.382,6.47496,-5.48136,0,0,0,0,0,0
22.9405,0.734687,-0.27201,-0.746782,-0.336604,-0.700904,0.511304,-9.10928,7.78938,0.52041,-5.34888,8.95896,-4.62852,0,0,0,0,0,0
22.9453,0.893603,-0.328882,-0.733558,-0.222757,-0.920411,0.493666,-10.5237,8.08094,0.63745,-5.96988,9.69588,-5.2164,0,0,0,0,0,0
22.9506,1.0153,-0.371932,-0.712796,-0.145733,-1.17678,0.519279,-7.34416,6.29612,0.2299,-4.46292,9.58824,-5.69664,0,0,0,0,0,0
22.9555,1.03244,-0.394218,-0.689044,-0.111515,-1.30857,0.546606,-6.98956,6.5404,0.33649,-4.91004,8.29656,-5.70492,0,0,0,0,0,0
22.9604,1.02464,-0.410967,-0.663643,-0.102786,-1.26331,0.563625,-6.7571,5.38598,-0.11913,-4.81068,6.50808,-5.53932,0,0,0,0,0,0
22.9653,0.993122,-0.418815,-0.638711,-0.139019,-1.1314,0.534412,-6.11094,5.8509,0.37829,-3.41964,6.69852,-5.01768,0,0,0,0,0,0
22.9704,0.958134,-0.439786,-0.622897,-0.180926,-1.06095,0.511958,-6.95804,6.13852,0.40546,-4.57056,7.75008,-5.68836,0,0,0,0,0,0
22.9753,0.941898,-0.457542,-0.608368,-0.214016,-0.931397,0.489774,-6.65072,5.64208,0.45771,-3.46104,5.47308,-4.98456,0,0,0,0,0,0
22.9802,0.917271,-0.459993,-0.592025,-0.271878,-0.788919,0.447349,-6.57586,4.62162,0.25289,-3.27888,7.30296,-5.04252,0,0,0,0,0,0
22.9853,0.881482,-0.452571,-0.568472,-0.295963,-0.683507,0.436653,-6.09518,4.73982,-0.01672,-4.66164,6.06924,-5.4234,0,0,0,0,0,0
22.9903,0.854013,-0.429916,-0.54094,-0.270108,-0.526953,0.401484,-6.50888,3.54994,0.02926,-5.2578,5.95332,-4.0158,0,0,0,0,0,0
22.9954,0.848313,-0.407154,-0.510404,-0.264591,-0.49698,0.430504,-7.04472,4.43644,-0.34485,-3.81708,8.23032,-6.81444,0,0,0,0,0,0
23.0007,0.86041,-0.392528,-0.474428,-0.293354,-0.592297,0.594565,-7.04472,4.43644,-0.34485,-3.81708,8.23032,-6.81444,-0,-0,-0,-0,-0,-0
23.0053,0.852431,-0.388835,-0.444088,-0.308195,-0.623025,0.697285,-6.61526,4.52706,-0.63536,-4.47948,7.1208,-6.30936,-0,-0,-0,-0,-0,-0
23.0104,0.841692,-0.381404,-0.405455,-0.297347,-0.589188,0.763549,-6.61526,4.52706,-0.63536,-4.47948,7.1208,-6.30936,-0,-0,-0,-0,-0,-0
23.0157,0.844651,-0.391467,-0.381876,-0.274633,-0.625743,0.871271,-7.16292,5.85484,0.45771,-4.91004,8.4456,-7.3278,-0,-0,-0,-0,-0,-0
23.0203,0.848987,-0.407897,-0.378832,-0.260836,-0.674746,0.9428,-7.03684,4.79498,0.59565,-4.91832,7.72524,-5.9616,-0,-0,-0,-0,-0,-0
23.0252,0.856496,-0.407755,-0.374825,-0.243502,-0.686006,0.957441,-7.03684,4.79498,0.59565,-4.91832,7.72524,-5.9616,-0,-0,-0,-0,-0,-0
23.0303,0.842581,-0.410468,-0.364412,-0.221992,-0.63581,0.906054,-6.3631,4.91712,0.0418,-5.19156,6.46668,-4.54572,-0,-0,-0,-0,-0,-0
23.0354,0.827271,-0.41927,-0.351001,-0.193067,-0.508642,0.915561,-6.9541,5.2402,0.30514,-5.88708,6.47496,-6.81444,-0,-0,-0,-0,-0,-0
23.0404,0.807049,-0.435635,-0.339866,-0.168633,-0.472801,0.994381,-6.01244,5.64602,0.17765,-5.28264,8.0316,-6.15204,-0,-0,-0,-0,-0,-0
23.0453,0.787946,-0.44637,-0.329568,-0.114493,-0.554768,1.00151,-7.00138,4.46008,0.28633,-7.01316,8.61948,-5.66352,-0,-0,-0,-0,-0,-0
23.0503,0.779489,-0.456909,-0.324927,0.000464881,-0.655195,0.91258,-6.37886,5.84696,0.71269,-7.55136,8.43732,-4.62024,-0,-0,-0,-0,-0,-0
23.0553,0.765448,-0.475887,-0.307921,0.110635,-0.702669,0.839867,-6.59556,5.15746,-0.75867,-7.35264,7.98192,-5.6718,-0,-0,-0,-0,-0,-0
23.0603,0.761906,-0.484738,-0.284937,0.127167,-0.770982,0.783435,-6.85166,4.59798,0.05852,-4.85208,8.83476,-4.87692,-0,-0,-0,-0,-0,-0
23.0654,0.752102,-0.505421,-0.271452,0.120038,-0.827206,0.716454,-6.13064,6.37098,0.12958,-6.51636,8.03988,-5.39028,-0,-0,-0,-0,-0,-0
23.0704,0.723522,-0.524728,-0.262056,0.131671,-0.946625,0.644597,-6.0282,4.86984,0.39083,-5.84568,9.9774,-4.50432,-0,-0,-0,-0,-0,-0
23.0754,0.709799,-0.524431,-0.259296,0.114911,-1.02588,0.579501,-6.65466,4.2355,0.57475,-4.95972,7.47684,-5.41512,-0,-0,-0,-0,-0,-0
23.0803,0.695735,-0.509338,-0.255564,0.0893256,-1.05322,0.56892,-5.75634,3.85726,0.55176,-4.97628,9.13284,-5.68008,-0,-0,-0,-0,-0,-0
23.0853,0.651848,-0.495009,-0.2546,0.0904476,-1.11508,0.539503,-5.64208,3.96364,0.67089,-6.4584,8.27172,-4.33044,-0,-0,-0,-0,-0,-0
23.0905,0.641338,-0.477614,-0.24786,0.124009,-1.0738,0.574879,-6.74134,3.70754,0.18601,-6.24312,7.39404,-6.88896,-0,-0,-0,-0,-0,-0
23.0956,0.655193,-0.469954,-0.239291,0.151856,-1.00374,0.635914,-6.61526,4.71224,0.46607,-6.44184,7.7418,-5.10048,-0,-0,-0,-0,-0,-0
23.1004,0.651896,-0.481019,-0.227332,0.198807,-0.968687,0.672329,-6.57586,4.79892,-0.47025,-7.31124,8.09784,-6.39216,-0,-0,-0,-0,-0,-0
23.1055,0.653219,-0.494538,-0.209256,0.26576,-0.926994,0.738487,-6.41826,5.36628,0.24662,-7.2864,7.5762,-6.14376,-0,-0,-0,-0,-0,-0
23.1103,0.65183,-0.510279,-0.20041,0.32096,-0.863903,0.784732,-6.41826,5.36628,0.24662,-7.2864,7.5762,-6.14376,-0,-0,-0,-0,-0,-0
23.1155,0.644992,-0.530062,-0.187844,0.326232,-0.855719,0.829393,-6.55616,5.03926,-0.20273,-5.49792,8.6526,-6.14376,-0,-0,-0,-0,-0,-0
23.1204,0.644973,-0.531402,-0.17623,0.379385,-0.769326,0.78095,-6.39462,3.98334,0.44308,-8.3628,5.99472,-4.40496,-0,-0,-0,-0,-0,-0
23.1254,0.628493,-0.531766,-0.170562,0.412667,-0.6984,0.683167,-6.1464,4.41674,0.00209,-5.62212,9.07488,-4.81896,-0,-0,-0,-0,-0,-0
23.1305,0.610807,-0.541398,-0.163445,0.427783,-0.756879,0.640169,-6.11882,4.94076,0.39292,-7.31952,8.18064,-5.27436,-0,-0,-0,-0,-0,-0
23.1356,0.618901,-0.56202,-0.151062,0.485909,-0.793208,0.624175,-6.88712,5.64602,-0.31559,-7.38576,8.75196,-5.36544,-0,-0,-0,-0,-0,-0
23.1403,0.61672,-0.573318,-0.127244,0.52317,-0.835718,0.624431,-5.53964,4.52706,-0.5016,-6.83928,8.18892,-5.59728,-0,-0,-0,-0,-0,-0
23.1453,0.62714,-0.592101,-0.112078,0.645233,-0.975403,0.686469,-7.27324,6.33946,0.41173,-10.7392,10.7309,-6.63228,-0,-0,-0,-0,-0,-0
23.1504,0.646663,-0.626394,-0.10742,0.808771,-1.10414,0.720388,-6.26854,5.42144,0.10868,-9.43092,8.47872,-5.36544,-0,-0,-0,-0,-0,-0
23.1553,0.63693,-0.625747,-0.0901922,0.906682,-1.13324,0.725183,-5.8903,3.88878,-0.28215,-8.78508,8.88444,-6.4998,-0,-0,-0,-0,-0,-0
23.1603,0.607442,-0.613847,-0.0710606,0.97426,-1.16143,0.779766,-5.8903,3.88878,-0.28215,-8.78508,8.88444,-6.4998,-0,-0,-0,-0,-0,-0
23.1652,0.54968,-0.618211,-0.0662057,0.995239,-1.16445,0.755723,-5.17716,4.67678,0.51623,-7.3278,8.63604,-5.03424,-0,-0,-0,-0,-0,-0
23.1703,0.489117,-0.622858,-0.0704818,0.95318,-1.17185,0.670653,-5.5751,4.34976,0.57266,-6.40044,8.71056,-5.20812,-0,-0,-0,-0,-0,-0
23.1752,0.457997,-0.621203,-0.0634625,0.873509,-1.14572,0.646934,-6.05578,3.77452,-0.40755,-5.68836,8.27172,-6.22656,-0,-0,-0,-0,-0,-0
23.1802,0.415221,-0.621481,-0.0565494,0.795019,-1.16363,0.715067,-5.1614,4.79498,0.69179,-6.36732,9.36468,-7.13736,-0,-0,-0,-0,-0,-0
23.1852,0.369767,-0.609154,-0.0610525,0.752224,-1.21494,0.689312,-5.59086,2.66738,0.52877,-7.21188,8.99208,-4.2642,-0,-0,-0,-0,-0,-0
23.1901,0.352753,-0.588782,-0.0511592,0.718462,-1.22002,0.608435,-5.99668,3.94,-0.48279,-6.76476,8.47044,-6.003,-0,-0,-0,-0,-0,-0
23.1952,0.341302,-0.594634,-0.0369957,0.722355,-1.28046,0.62666,-5.8312,5.1023,0.16093,-8.56152,10.1513,-6.07752,-0,-0,-0,-0,-0,-0
23.2002,0.323516,-0.591534,-0.0299942,0.757188,-1.30125,0.579688,-5.38992,3.04562,0.12958,-7.55136,7.9074,-4.33044,-0,-0,-0,-0,-0,-0
23.2052,0.31675,-0.583938,-0.0152298,0.780122,-1.27272,0.549999,-6.304,4.50342,-0.48906,-7.8246,9.22392,-6.01128,-0,-0,-0,-0,-0,-0
23.2103,0.29387,-0.600834,-0.00361353,0.798774,-1.23445,0.572387,-4.79104,5.16928,0.28215,-7.62588,7.77492,-5.19156,-0,-0,-0,-0,-0,-0
23.2152,0.242317,-0.609129,-0.00360072,0.815762,-1.19566,0.627879,-5.1614,3.6642,0.3762,-8.08956,9.1908,-6.72336,-0,-0,-0,-0,-0,-0
23.2202,0.210408,-0.599835,0.00568799,0.847596,-1.14775,0.716848,-5.36628,3.75088,-0.29051,-8.2386,7.50996,-6.10236,-0,-0,-0,-0,-0,-0
23.2252,0.201562,-0.601092,0.0193851,0.860199,-1.0826,0.724686,-5.99274,4.66496,0.01463,-7.25328,8.8596,-5.31576,-0,-0,-0,-0,-0,-0
23.2302,0.191662,-0.619755,0.0331501,0.953404,-1.09166,0.72768,-5.26778,5.25596,-0.36784,-11.3602,9.11628,-5.9616,-0,-0,-0,-0,-0,-0
23.2352,0.166081,-0.643459,0.0505811,1.14093,-1.13461,0.763856,-5.26778,5.25596,-0.36784,-11.3602,9.11628,-5.9616,-0,-0,-0,-0,-0,-0
23.2402,0.160139,-0.676531,0.0567268,1.25981,-1.13935,0.790824,-6.15034,5.66178,0.3762,-8.85132,8.32968,-5.81256,-0,-0,-0,-0,-0,-0
23.2453,0.158025,-0.704623,0.0646415,1.30855,-1.15955,0.797249,-5.37022,5.03926,-0.40546,-8.83476,9.46404,-5.52276,-0,-0,-0,-0,-0,-0
23.2502,0.131808,-0.720934,0.0782886,1.32789,-1.22539,0.798494,-4.86196,4.92106,0.02926,-8.35452,9.26532,-5.91192,-0,-0,-0,-0,-0,-0
23.2552,0.111318,-0.736971,0.0874132,1.33228,-1.23013,0.778783,-5.48842,5.11806,0,-8.4456,8.47872,-5.22468,-0,-0,-0,-0,-0,-0
23.2603,0.106683,-0.752766,0.0951307,1.30234,-1.26768,0.748381,-5.58692,4.58222,-0.10659,-7.79148,9.8532,-5.9202,-0,-0,-0,-0,-0,-0
23.2653,0.109192,-0.756795,0.101271,1.28577,-1.35539,0.626853,-5.74846,4.01486,0.23199,-8.4042,9.63792,-3.58524,-0,-0,-0,-0,-0,-0
23.2703,0.127482,-0.741858,0.106109,1.33458,-1.3858,0.522967,-5.80756,3.26626,0.22572,-10.1927,8.66916,-5.49792,-0,-0,-0,-0,-0,-0
23.2752,0.117556,-0.728159,0.111908,1.38867,-1.35553,0.537737,-4.61374,4.0779,0.13794,-8.76852,8.63604,-5.73804,-0,-0,-0,-0,-0,-0
23.2803,0.107889,-0.704888,0.123843,1.40585,-1.30071,0.543901,-5.65784,2.62404,-0.11077,-8.47044,8.17236,-5.00112,-0,-0,-0,-0,-0,-0
23.2852,0.0957811,-0.680412,0.130347,1.40448,-1.2629,0.498361,-4.65314,3.55782,0.42009,-8.10612,9.00036,-4.8438,-0,-0,-0,-0,-0,-0
23.2902,0.0515139,-0.684236,0.136008,1.43077,-1.23707,0.51103,-4.5704,5.13776,-0.15466,-9.76212,8.38764,-5.96988,-0,-0,-0,-0,-0,-0
23.2953,-8.21552e-05,-0.70961,0.143884,1.46581,-1.18563,0.576255,-4.5704,5.13776,-0.15466,-9.76212,8.38764,-5.96988,-0,-0,-0,-0,-0,-0
23.3003,-0.0565351,-0.733547,0.15335,1.52169,-1.05224,0.677837,-4.38916,4.33006,-0.48279,-11.0786,6.88896,-6.89724,-0,-0,-0,-0,-0,-0
23.3053,-0.108231,-0.742476,0.168789,1.61263,-0.867213,0.815216,-4.38916,4.33006,-0.48279,-11.0786,6.88896,-6.89724,-0,-0,-0,-0,-0,-0
23.3103,-0.126611,-0.756461,0.176944,1.69961,-0.728432,0.905134,-5.44902,4.925,0.2299,-10.5818,7.55136,-6.21828,-0,-0,-0,-0,-0,-0
23.3153,-0.144057,-0.768357,0.176469,1.75288,-0.629827,0.88773,-4.6098,3.8612,0.07942,-9.76212,7.64244,-5.27436,-0,-0,-0,-0,-0,-0
23.3202,-0.183064,-0.764678,0.177466,1.7841,-0.617404,0.812487,-4.26308,3.77452,0.26543,-9.8532,8.6526,-5.10876,-0,-0,-0,-0,-0,-0
23.3254,-0.216115,-0.764514,0.173068,1.78888,-0.64002,0.714834,-4.91712,4.14094,0.44099,-8.95068,8.33796,-4.79412,-0,-0,-0,-0,-0,-0
23.3305,-0.236984,-0.764597,0.177778,1.78118,-0.699372,0.636729,-4.59798,3.80604,-0.36993,-9.80352,9.522,-5.06736,-0,-0,-0,-0,-0,-0
23.3354,-0.262537,-0.765213,0.191989,1.78536,-0.813155,0.666605,-4.82256,3.8809,-0.52459,-9.86148,9.42264,-6.81444,-0,-0,-0,-0,-0,-0
23.3404,-0.278257,-0.763057,0.199791,1.82375,-1.02062,0.704371,-4.6689,4.14094,0.42427,-10.6315,11.178,-5.19984,-0,-0,-0,-0,-0,-0
23.3452,-0.285227,-0.768483,0.212117,1.86247,-1.1905,0.683704,-4.99592,4.31036,-1.07217,-9.66276,9.44748,-5.53932,-0,-0,-0,-0,-0,-0
23.3502,-0.282508,-0.768247,0.240831,1.86109,-1.2658,0.742062,-4.99592,3.69178,-0.84436,-9.69588,9.30672,-6.68196,-0,-0,-0,-0,-0,-0
23.3552,-0.273682,-0.766687,0.253293,1.88253,-1.31144,0.685186,-5.09836,4.19216,0.26752,-10.2175,9.3978,-3.23748,-0,-0,-0,-0,-0,-0
23.3603,-0.263752,-0.7821,0.253081,1.87295,-1.35822,0.517617,-5.2599,4.91712,-0.09196,-9.65448,9.37296,-4.47948,-0,-0,-0,-0,-0,-0
23.3652,-0.264851,-0.802958,0.253094,1.85831,-1.36257,0.434781,-4.7674,4.65314,0.14003,-10.2341,8.6526,-4.72788,-0,-0,-0,-0,-0,-0
23.3702,-0.289361,-0.809813,0.251506,1.88332,-1.33212,0.419152,-4.21974,3.69178,0.16511,-10.764,8.8596,-5.52276,-0,-0,-0,-0,-0,-0
23.3752,-0.295222,-0.797274,0.258894,1.96841,-1.15827,0.454588,-4.96834,3.51448,-0.18392,-12.1219,5.48964,-5.76288,-0,-0,-0,-0,-0,-0
23.3801,-0.311078,-0.783874,0.264119,2.04305,-1.02804,0.503492,-4.04638,3.0338,0.16093,-10.8882,9.74556,-5.90364,-0,-0,-0,-0,-0,-0
23.3852,-0.3484,-0.765597,0.262898,2.11045,-1.04374,0.525079,-3.93606,3.44356,0.47234,-11.4926,8.03988,-5.40684,-0,-0,-0,-0,-0,-0
23.3903,-0.376278,-0.755363,0.265635,2.14259,-1.0215,0.515412,-4.2946,3.50266,-0.2299,-10.2506,9.05004,-5.68836,-0,-0,-0,-0,-0,-0
23.3954,-0.390128,-0.754267,0.27072,2.05148,-0.978861,0.488307,-4.81074,3.64056,-0.01463,-7.58448,7.84944,-4.89348,-0,-0,-0,-0,-0,-0
23.4005,-0.425353,-0.73195,0.274061,1.93046,-0.823219,0.444606,-3.30566,1.84392,-0.04807,-8.487,6.3756,-5.0508,-0,-0,-0,-0,-0,-0
23.4054,-0.451594,-0.70499,0.293449,1.90322,-0.734308,0.403957,-4.90136,2.7974,-1.34387,-10.3831,8.89272,-4.93488,-0,-0,-0,-0,-0,-0
23.4103,-0.458442,-0.69974,0.317577,1.92895,-0.767862,0.39664,-4.23156,3.61692,-0.7106,-10.5404,8.5698,-5.43996,-0,-0,-0,-0,-0,-0
23.4152,-0.476484,-0.68327,0.336857,1.97354,-0.794105,0.390954,-4.11336,2.10396,-0.75449,-9.87804,8.43732,-4.79412,-0,-0,-0,-0,-0,-0
23.4205,-0.499121,-0.646665,0.357845,2.02443,-0.830511,0.373952,-4.11336,2.10396,-0.75449,-9.87804,8.43732,-4.79412,-0,-0,-0,-0,-0,-0
23.4255,-0.537525,-0.61462,0.376474,2.04788,-0.745944,0.450107,-3.07714,2.68314,-0.38665,-8.22204,6.14376,-6.34248,-0,-0,-0,-0,-0,-0
23.4305,-0.565027,-0.602108,0.397126,2.06774,-0.767665,0.458528,-4.71618,3.44356,-1.24355,-10.1844,10.4742,-3.70944,-0,-0,-0,-0,-0,-0
23.4353,-0.610812,-0.600732,0.40294,2.18867,-0.88569,0.365159,-2.48614,3.12442,0.47443,-12.8754,8.02332,-4.23936,-0,-0,-0,-0,-0,-0
23.4403,-0.68909,-0.628585,0.381321,2.4703,-0.989936,0.416892,-3.35294,6.2055,0.81301,-17.032,10.0271,-6.72336,-0,-0,-0,-0,-0,-0
23.4454,-0.679288,-0.658906,0.375379,2.74404,-1.12892,0.650939,-4.98016,4.0582,-0.14003,-12.8754,9.46404,-7.51824,-0,-0,-0,-0,-0,-0
23.4502,-0.633702,-0.665086,0.379172,2.84852,-1.22606,0.863237,-4.98016,4.0582,-0.14003,-12.8754,9.46404,-7.51824,-0,-0,-0,-0,-0,-0
23.4554,-0.583263,-0.669765,0.384747,2.93402,-1.30842,1.05059,-4.98016,4.0582,-0.14003,-12.8754,9.46404,-7.51824,-0,-0,-0,-0,-0,-0
23.4606,-0.557392,-0.666562,0.39673,2.90017,-1.24567,1.15395,-3.71148,3.62874,-0.17974,-8.5698,7.35264,-6.51636,-0,-0,-0,-0,-0,-0
23.4653,-0.577574,-0.664722,0.400486,2.74092,-1.1057,1.17568,-3.71148,3.62874,-0.17974,-8.5698,7.35264,-6.51636,-0,-0,-0,-0,-0,-0
23.4703,-0.593336,-0.680079,0.400417,2.60105,-0.980586,1.10694,-3.75876,5.34658,0.29678,-9.6462,7.9074,-4.86864,-0,-0,-0,-0,-0,-0
23.4753,-0.599369,-0.701463,0.398658,2.52684,-0.845768,0.979656,-4.12912,4.06608,-0.05852,-10.8799,6.88068,-4.79412,-0,-0,-0,-0,-0,-0
23.4806,-0.60962,-0.717405,0.391738,2.50825,-0.6703,0.903862,-3.65238,4.73194,0.57475,-11.7079,6.75648,-5.80428,-0,-0,-0,-0,-0,-0
23.4854,-0.611469,-0.729167,0.386029,2.48867,-0.570759,0.955352,-3.81786,4.3931,0.54549,-10.4742,8.3628,-6.79788,-0,-0,-0,-0,-0,-0
23.4902,-0.628507,-0.744701,0.371202,2.42387,-0.597286,1.04672,-3.81786,4.3931,0.54549,-10.4742,8.3628,-6.79788,-0,-0,-0,-0,-0,-0
23.4954,-0.625632,-0.745234,0.370031,2.39943,-0.626841,1.07823,-4.1567,3.15594,-0.07942,-11.8321,8.72712,-5.7132,-0,-0,-0,-0,-0,-0
23.5003,-0.621617,-0.735459,0.371603,2.41381,-0.708071,1.03688,-4.1567,3.15594,-0.07942,-11.8321,8.72712,-5.7132,-0,-0,-0,-0,-0,-0
23.5052,-0.620293,-0.72509,0.374887,2.49775,-0.873894,0.98413,-3.60904,3.49084,0.18183,-14.2002,10.6729,-5.57244,-0,-0,-0,-0,-0,-0
23.5103,-0.634266,-0.724028,0.380614,2.578,-1.02386,0.927916,-3.17564,4.12124,0.02299,-11.9315,9.04176,-5.31576,-0,-0,-0,-0,-0,-0
23.5154,-0.673406,-0.732758,0.379863,2.59095,-1.10719,0.871539,-3.17564,4.12124,0.02299,-11.9315,9.04176,-5.31576,-0,-0,-0,-0,-0,-0
23.5204,-0.719335,-0.724354,0.396343,2.58491,-1.11171,0.807267,-2.26944,3.0929,-0.83182,-10.8965,8.08956,-4.90176,-0,-0,-0,-0,-0,-0
23.5255,-0.754843,-0.713332,0.398221,2.57569,-1.03956,0.76461,-3.46326,3.62086,1.03246,-11.7659,7.67556,-5.6718,-0,-0,-0,-0,-0,-0
23.5302,-0.741522,-0.696236,0.397656,2.56516,-0.968372,0.770056,-3.98728,2.364,-0.627,-10.8385,8.21376,-5.68836,-0,-0,-0,-0,-0,-0
23.5352,-0.717499,-0.671535,0.400835,2.57856,-0.954947,0.810349,-3.76664,3.04956,0.79838,-12.3455,8.64432,-6.64056,-0,-0,-0,-0,-0,-0
23.5402,-0.743447,-0.662267,0.393322,2.54382,-0.980422,0.837595,-2.32854,3.36082,-0.09823,-10.0188,9.13284,-5.19156,-0,-0,-0,-0,-0,-0
23.5452,-0.774177,-0.663998,0.400565,2.47287,-0.924169,0.801565,-3.28596,4.21974,-0.23826,-10.6564,6.93036,-5.32404,-0,-0,-0,-0,-0,-0
23.5502,-0.787091,-0.674702,0.409708,2.47561,-0.799558,0.796758,-3.12442,4.2355,-0.36993,-12.3786,7.22844,-5.89536,-0,-0,-0,-0,-0,-0
23.5552,-0.814873,-0.678458,0.410902,2.54034,-0.755942,0.742517,-2.47432,3.61692,0.52041,-13.2977,8.5698,-4.21452,-0,-0,-0,-0,-0,-0
23.5602,-0.872241,-0.681433,0.394532,2.62626,-0.80962,0.616212,-2.47432,3.61692,0.52041,-13.2977,8.5698,-4.21452,-0,-0,-0,-0,-0,-0
23.5652,-0.907983,-0.681017,0.393334,2.74385,-0.750958,0.558906,-2.88802,3.72724,-0.209,-14.4403,6.67368,-5.27436,-0,-0,-0,-0,-0,-0
23.5703,-0.950227,-0.679358,0.403602,2.82791,-0.698962,0.571734,-2.03304,3.3096,-0.4807,-12.5194,8.487,-5.73804,-0,-0,-0,-0,-0,-0
23.5755,-1.01134,-0.673983,0.406177,2.83946,-0.753852,0.58306,-2.16306,3.26626,0.209,-11.5589,8.6112,-5.3406,-0,-0,-0,-0,-0,-0
23.5802,-1.04839,-0.678035,0.416578,2.83297,-0.787689,0.620704,-2.30096,4.55858,-0.89243,-12.0143,8.41248,-6.65712,-0,-0,-0,-0,-0,-0
23.5853,-1.08216,-0.703824,0.408746,2.80678,-0.796098,0.636316,-2.95894,4.44038,0.93632,-11.2939,7.81632,-5.01768,-0,-0,-0,-0,-0,-0
23.5903,-1.07503,-0.694525,0.41297,2.74707,-0.802941,0.581806,-2.364,2.86832,-0.45771,-9.98568,8.95068,-4.90176,-0,-0,-0,-0,-0,-0
23.5953,-1.10929,-0.681891,0.419836,2.65548,-0.911408,0.520171,-2.364,2.86832,-0.45771,-9.98568,8.95068,-4.90176,-0,-0,-0,-0,-0,-0
23.6005,-1.12545,-0.66507,0.422393,2.61106,-0.925743,0.510057,-2.58464,3.152,0.49533,-11.4595,7.6176,-5.80428,-0,-0,-0,-0,-0,-0
23.6055,-1.1416,-0.658244,0.414769,2.55563,-0.892712,0.534055,-2.37976,3.34506,0.12749,-9.91116,7.98192,-5.36544,-0,-0,-0,-0,-0,-0
23.6103,-1.16877,-0.649864,0.418879,2.55134,-0.840668,0.572113,-1.8912,3.15988,-0.28842,-13.3225,7.25328,-6.18516,-0,-0,-0,-0,-0,-0
23.6152,-1.20541,-0.64382,0.417865,2.64056,-0.760831,0.563096,-2.07638,3.16382,0.29678,-14.1008,7.46028,-4.58712,-0,-0,-0,-0,-0,-0
23.6202,-1.24339,-0.641741,0.414702,2.7174,-0.649262,0.526364,-1.36324,4.16852,0.38456,-12.271,6.53292,-5.57244,-0,-0,-0,-0,-0,-0
23.6254,-1.28837,-0.634735,0.418306,2.7518,-0.491887,0.564937,-2.05274,2.4625,-0.48906,-12.5276,6.07752,-6.16032,-0,-0,-0,-0,-0,-0
23.6304,-1.31194,-0.634792,0.423166,2.73592,-0.402755,0.68174,-1.99364,4.66496,0.13376,-10.5818,7.51824,-6.88068,-0,-0,-0,-0,-0,-0
23.6353,-1.32414,-0.635543,0.42222,2.71868,-0.373977,0.674465,-2.02516,3.15594,0.28424,-12.0971,7.06284,-4.27248,-0,-0,-0,-0,-0,-0
23.6403,-1.32634,-0.632371,0.410449,2.74724,-0.443461,0.617088,-2.51766,3.81392,0.66671,-12.6104,9.2322,-5.56416,-0,-0,-0,-0,-0,-0
23.6454,-1.32314,-0.637098,0.388505,2.78096,-0.603448,0.671106,-2.13942,3.96758,1.11188,-12.4448,8.75196,-6.75648,-0,-0,-0,-0,-0,-0
23.6505,-1.32624,-0.633829,0.382902,2.79486,-0.715808,0.665945,-1.91878,3.546,-0.1463,-12.3206,8.76024,-4.74444,-0,-0,-0,-0,-0,-0
23.6553,-1.34896,-0.634725,0.384569,2.79127,-0.822146,0.575748,-1.91878,3.546,-0.1463,-12.3206,8.76024,-4.74444,-0,-0,-0,-0,-0,-0
23.6603,-1.34732,-0.621652,0.395623,2.81301,-0.802609,0.546399,-1.76118,3.81786,0.52041,-13.3142,7.41888,-5.69664,-0,-0,-0,-0,-0,-0
23.6652,-1.37794,-0.631937,0.378514,2.83881,-0.761082,0.563512,-1.76118,3.81786,0.52041,-13.3142,7.41888,-5.69664,-0,-0,-0,-0,-0,-0
23.6703,-1.39999,-0.618684,0.391616,2.88105,-0.673544,0.535943,-1.44598,2.33642,-1.045,-14.1257,7.17048,-4.79412,-0,-0,-0,-0,-0,-0
23.6753,-1.42603,-0.602569,0.39734,2.89656,-0.557328,0.570836,-1.54842,3.2702,0.85063,-11.9812,6.48324,-6.82272,-0,-0,-0,-0,-0,-0
23.6802,-1.46121,-0.592414,0.40554,2.86395,-0.54756,0.612081,-0.7683,3.26626,-1.06799,-11.8321,9.00036,-5.10876,-0,-0,-0,-0,-0,-0
23.6853,-1.51206,-0.58494,0.418175,2.79316,-0.533077,0.582464,-1.07562,2.86044,0,-10.6232,6.32592,-5.40684,-0,-0,-0,-0,-0,-0
23.6903,-1.54386,-0.574841,0.418432,2.78246,-0.421166,0.574936,-1.33172,3.0535,-0.07106,-13.3142,6.64056,-5.53932,-0,-0,-0,-0,-0,-0
23.6954,-1.5675,-0.569487,0.423822,2.86441,-0.330275,0.582504,-0.95742,3.79422,-0.10659,-13.7365,6.72336,-5.60556,-0,-0,-0,-0,-0,-0
23.7003,-1.60803,-0.572149,0.417356,2.9143,-0.278074,0.565592,-0.83922,3.09684,0.23199,-12.3289,6.78132,-5.10048,-0,-0,-0,-0,-0,-0
23.7053,-1.64314,-0.568218,0.412964,2.89288,-0.212724,0.571535,-0.87862,3.53024,0.11077,-10.8385,6.48324,-6.21,-0,-0,-0,-0,-0,-0
23.7102,-1.63775,-0.552607,0.431333,2.83664,-0.249316,0.613657,-1.6942,2.98258,-0.90079,-11.5423,8.86788,-5.76288,-0,-0,-0,-0,-0,-0
23.7152,-1.63925,-0.554431,0.439869,2.79713,-0.473367,0.643552,-1.6942,2.98258,-0.90079,-11.5423,8.86788,-5.76288,-0,-0,-0,-0,-0,-0
23.7205,-1.64068,-0.560167,0.434301,2.80443,-0.680111,0.667862,-1.1032,4.16064,0.86944,-13.2563,8.90928,-5.48964,-0,-0,-0,-0,-0,-0
23.7252,-1.64271,-0.544378,0.44061,2.83674,-0.751729,0.721979,-0.45704,2.83286,-0.32604,-12.1799,7.87428,-6.28452,-0,-0,-0,-0,-0,-0
23.7302,-1.69382,-0.53934,0.43778,2.84125,-0.820954,0.808008,-0.45704,2.83286,-0.32604,-12.1799,7.87428,-6.28452,-0,-0,-0,-0,-0,-0
23.7353,-1.73273,-0.527419,0.454659,2.86396,-0.71821,0.892177,0.46886,4.57828,0.03971,-12.9582,5.8788,-6.3342,-0,-0,-0,-0,-0,-0
23.7402,-1.82124,-0.558283,0.442325,2.90074,-0.586648,0.94573,0.46886,4.57828,0.03971,-12.9582,5.8788,-6.3342,-0,-0,-0,-0,-0,-0
23.7453,-1.8894,-0.560602,0.440922,2.95268,-0.426362,1.00858,0.18518,2.63586,-0.11077,-13.5544,5.60556,-6.78132,-0,-0,-0,-0,-0,-0
23.7502,-1.93921,-0.557981,0.449784,2.96918,-0.300793,0.957104,0.22064,4.27884,-0.59356,-11.8818,6.38388,-4.09032,-0,-0,-0,-0,-0,-0
23.7552,-1.98787,-0.564769,0.447546,2.94247,-0.273331,0.834438,-0.08274,2.76194,0.20482,-12.2958,7.09596,-5.24124,-0,-0,-0,-0,-0,-0
23.7603,-2.0397,-0.570586,0.43052,2.91738,-0.235653,0.804457,0.40188,3.82968,0.45562,-12.4117,6.26796,-5.60556,-0,-0,-0,-0,-0,-0
23.7653,-2.09145,-0.562675,0.438672,2.87069,-0.111267,0.802728,1.2411,3.54994,-0.28633,-10.8882,5.9202,-5.9616,-0,-0,-0,-0,-0,-0
23.7704,-2.19862,-0.581328,0.426886,2.77492,-0.0649612,0.809355,1.2411,3.54994,-0.28633,-10.8882,5.9202,-5.9616,-0,-0,-0,-0,-0,-0
23.7754,-2.32035,-0.580692,0.430001,2.6751,-0.0542454,0.773676,3.38052,4.18428,0.39501,-10.9048,7.37748,-5.12532,-0,-0,-0,-0,-0,-0
23.7802,-2.5097,-0.609124,0.4032,2.61082,-0.174517,0.711897,3.38052,4.18428,0.39501,-10.9048,7.37748,-5.12532,-0,-0,-0,-0,-0,-0
23.7853,-2.70209,-0.622519,0.388015,2.62118,-0.320373,0.694428,4.21186,4.0385,0.48279,-13.2728,8.46216,-5.7546,-0,-0,-0,-0,-0,-0
23.7902,-2.89768,-0.615946,0.382834,2.69646,-0.405083,0.671532,4.4325,2.61222,-0.0627,-13.3142,6.64884,-5.02596,-0,-0,-0,-0,-0,-0
23.7952,-3.09088,-0.611307,0.369718,2.77662,-0.42695,0.614172,4.4325,2.61222,-0.0627,-13.3142,6.64884,-5.02596,-0,-0,-0,-0,-0,-0
23.8003,-3.21132,-0.590166,0.376943,2.83844,-0.400287,0.547963,5.0432,3.38052,0.15048,-12.8423,6.84756,-4.70304,-0,-0,-0,-0,-0,-0
23.8052,-3.26908,-0.580181,0.376406,2.90241,-0.286223,0.540264,5.72088,3.16382,0.21527,-13.7034,4.75272,-6.05268,-0,-0,-0,-0,-0,-0
23.8103,-3.2751,-0.589229,0.355982,2.98255,-0.105977,0.600996,5.72088,3.16382,0.21527,-13.7034,4.75272,-6.05268,-0,-0,-0,-0,-0,-0
23.8153,-3.21101,-0.580624,0.351197,3.03721,0.0080963,0.651692,5.25596,2.57676,-0.06688,-13.2646,6.36732,-5.91192,-0,-0,-0,-0,-0,-0
23.8203,-3.10579,-0.576657,0.353696,3.09854,0.118001,0.711899,4.70042,3.91636,-0.26752,-13.5792,4.35528,-6.51636,-0,-0,-0,-0,-0,-0
23.8252,-2.99796,-0.583208,0.344591,3.13096,0.156431,0.655125,4.91318,3.30172,0.5852,-12.8009,7.36092,-3.94956,-0,-0,-0,-0,-0,-0
23.8303,-2.85972,-0.578146,0.325851,3.08428,0.0907927,0.50291,3.743,2.78952,0.39919,-11.0455,6.2928,-4.33044,-0,-0,-0,-0,-0,-0
23.8352,-2.73897,-0.567082,0.306114,2.99736,0.102923,0.477305,5.2205,2.51372,0.7106,-11.2774,5.92848,-6.19344,-0,-0,-0,-0,-0,-0
23.8402,-2.6585,-0.553685,0.300893,2.91736,0.0688194,0.592302,5.91394,4.0582,0.34067,-11.9563,7.64244,-6.9138,-0,-0,-0,-0,-0,-0
23.8452,-2.62774,-0.583893,0.274901,2.89473,-0.109327,0.735562,5.91394,4.0582,0.34067,-11.9563,7.64244,-6.9138,-0,-0,-0,-0,-0,-0
23.8504,-2.59406,-0.580786,0.270635,2.92646,-0.147125,0.730429,6.45766,2.4034,-0.17138,-13.5875,5.76288,-4.16484,-0,-0,-0,-0,-0,-0
23.8553,-2.53262,-0.549593,0.28575,2.95536,-0.155051,0.677555,5.53964,2.96682,-0.02299,-13.0741,7.7418,-5.74632,-0,-0,-0,-0,-0,-0
23.8603,-2.47704,-0.554994,0.270647,2.99208,-0.3261,0.700641,5.53964,2.96682,-0.02299,-13.0741,7.7418,-5.74632,-0,-0,-0,-0,-0,-0
23.8654,-2.43336,-0.5495,0.263267,3.0246,-0.417604,0.718809,6.48918,2.758,-0.07733,-12.6436,6.59088,-5.61384,-0,-0,-0,-0,-0,-0
23.8702,-2.40276,-0.541395,0.276333,3.05372,-0.375862,0.746541,6.1661,3.86908,-0.66462,-13.2149,5.94504,-6.003,-0,-0,-0,-0,-0,-0
23.8753,-2.37323,-0.532689,0.27614,3.10139,-0.311401,0.749315,6.39068,1.89908,0.23408,-13.0907,5.7132,-5.19984,-0,-0,-0,-0,-0,-0
23.8804,-2.31231,-0.492013,0.279395,3.0913,-0.17789,0.737892,5.79968,2.60434,0.45771,-11.7493,5.23296,-5.84568,-0,-0,-0,-0,-0,-0
23.8854,-2.27492,-0.499693,0.24444,3.0518,-0.109585,0.75609,5.79968,2.60434,0.45771,-11.7493,5.23296,-5.84568,-0,-0,-0,-0,-0,-0
23.8905,-2.25346,-0.506034,0.228782,3.02208,-0.05119,0.716343,6.93834,3.85726,-0.05852,-12.6104,5.87052,-4.66992,-0,-0,-0,-0,-0,-0
23.8953,-2.1949,-0.49014,0.233958,2.91506,0.112164,0.632011,5.05896,2.1276,0.08151,-8.66088,3.58524,-4.74444,-0,-0,-0,-0,-0,-0
23.9003,-2.12137,-0.492121,0.206298,2.73696,0.29487,0.557746,5.05896,2.1276,0.08151,-8.66088,3.58524,-4.74444,-0,-0,-0,-0,-0,-0
23.9052,-2.04801,-0.486254,0.191876,2.62209,0.415277,0.507493,5.45296,3.02986,0.23826,-10.6812,4.78584,-4.91832,-0,-0,-0,-0,-0,-0
23.9103,-1.97212,-0.497464,0.187636,2.5725,0.386464,0.494593,4.85802,3.08896,-1.27281,-11.7162,5.96988,-5.48964,-0,-0,-0,-0,-0,-0
23.9157,-1.8591,-0.512026,0.184192,2.57004,0.374504,0.536657,4.16458,3.61692,0.42845,-11.4595,4.3056,-6.05268,-0,-0,-0,-0,-0,-0
23.9202,-1.79425,-0.525121,0.174328,2.56255,0.360005,0.507697,5.81938,3.10472,-0.70851,-11.8901,6.14376,-4.4298,-0,-0,-0,-0,-0,-0
23.9254,-1.78198,-0.52683,0.161685,2.56676,0.367677,0.419778,5.81938,1.18988,-0.30305,-10.5901,3.3534,-4.90176,-0,-0,-0,-0,-0,-0
23.9304,-1.75873,-0.520443,0.157828,2.54248,0.522084,0.307176,5.52388,3.45144,-0.6061,-10.3086,3.32028,-3.42792,-0,-0,-0,-0,-0,-0
23.9355,-1.76694,-0.525318,0.144258,2.60983,0.535722,0.300542,7.02896,1.93454,0.13794,-13.8028,5.58072,-6.06096,-0,-0,-0,-0,-0,-0
23.9403,-1.89168,-0.532693,0.104627,2.78355,0.439418,0.407576,10.3543,3.67996,1.51525,-15.0282,5.30748,-5.80428,-0,-0,-0,-0,-0,-0
23.9453,-1.99927,-0.556529,0.0706633,2.89403,0.434945,0.519011,7.15504,3.83756,-0.13585,-12.5608,4.40496,-6.16032,-0,-0,-0,-0,-0,-0
23.9502,-1.99702,-0.5682,0.0468216,2.87809,0.483414,0.590818,7.02896,2.8762,1.0659,-11.5092,4.4712,-5.60556,-0,-0,-0,-0,-0,-0
23.9552,-1.99741,-0.564722,0.0351855,2.82382,0.427899,0.633672,7.90758,3.39628,-0.32186,-10.9379,6.75648,-5.73804,-0,-0,-0,-0,-0,-0
23.9603,-1.97313,-0.574554,0.0341486,2.78926,0.380503,0.697986,6.3828,4.08578,0.17138,-12.3952,4.52916,-6.09408,-0,-0,-0,-0,-0,-0
23.9654,-1.91051,-0.575925,0.0273849,2.78049,0.497574,0.707433,6.64678,2.51372,0.0836,-12.0226,3.65976,-4.8438,-0,-0,-0,-0,-0,-0
23.9705,-1.88963,-0.568747,0.0152895,2.70207,0.539122,0.689627,7.90364,3.02592,0.48906,-10.1099,5.80428,-5.66352,-0,-0,-0,-0,-0,-0
23.9753,-1.90924,-0.566081,9.69716e-05,2.56701,0.492856,0.685659,8.26218,3.08502,0.52041,-9.9774,5.4234,-5.39856,-0,-0,-0,-0,-0,-0
23.9803,-1.90973,-0.553475,-0.00923573,2.47925,0.493152,0.593859,7.3284,2.6595,0.33022,-11.4264,4.8024,-4.0572,-0,-0,-0,-0,-0,-0
23.9852,-1.92032,-0.545093,-0.0226203,2.47606,0.370931,0.508407,8.62466,3.2899,0.67716,-12.2875,7.62588,-5.23296,-0,-0,-0,-0,-0,-0
23.9902,-1.94536,-0.530899,-0.0281442,2.54266,0.215908,0.430245,7.9982,2.01334,-0.28215,-14.0843,5.48136,-4.04064,-0,-0,-0,-0,-0,-0
23.9953,-1.98019,-0.508907,-0.0336273,2.61039,0.140668,0.376243,9.01866,2.3246,0.46607,-12.478,5.99472,-5.39028,-0,-0,-0,-0,-0,-0
24.0003,-2.01136,-0.485546,-0.0474788,2.63731,0.0866117,0.359223,8.18732,2.03698,0.51623,-11.9977,5.39028,-4.49604,-0,-0,-0,-0,-0,-0
24.0051,-2.02343,-0.468494,-0.0563694,2.68821,0.154538,0.374296,8.60102,2.72648,0.1463,-13.5212,3.77568,-5.93676,-0,-0,-0,-0,-0,-0
24.0102,-2.03505,-0.472684,-0.0638161,2.74384,0.231783,0.428241,8.02972,3.62874,0.08569,-12.2461,5.10876,-5.10048,-0,-0,-0,-0,-0,-0
24.0152,-2.05491,-0.48239,-0.0669816,2.76856,0.288137,0.477719,9.03048,3.63662,0.05852,-12.2792,4.2642,-5.81256,-0,-0,-0,-0,-0,-0
24.0202,-2.08928,-0.474087,-0.0574622,2.75721,0.387124,0.488265,9.259,2.47432,-0.5852,-11.4926,4.37184,-4.3056,-0,-0,-0,-0,-0,-0
24.0253,-2.14096,-0.487624,-0.0734521,2.72327,0.43392,0.519663,9.36932,4.42068,1.18921,-10.913,4.62852,-6.44184,-0,-0,-0,-0,-0,-0
24.0303,-2.19919,-0.536766,-0.124714,2.67877,0.423195,0.649447,9.36932,4.42068,1.18921,-10.913,4.62852,-6.44184,-0,-0,-0,-0,-0,-0
24.0354,-2.21768,-0.550706,-0.140194,2.67919,0.376086,0.719609,8.82954,4.19216,0.38874,-13.6537,6.06924,-5.43168,-0,-0,-0,-0,-0,-0
24.0403,-2.23612,-0.594853,-0.171095,2.74379,0.222619,0.729336,8.82954,4.19216,0.38874,-13.6537,6.06924,-5.43168,-0,-0,-0,-0,-0,-0
24.0452,-2.21086,-0.58529,-0.178603,2.70341,0.163136,0.780155,8.11246,2.10396,0.58311,-10.8385,5.37372,-6.30936,-0,-0,-0,-0,-0,-0
24.0502,-2.22478,-0.57796,-0.199362,2.66382,0.131622,0.772561,10.0982,3.05744,0.58102,-12.5856,5.16672,-4.41324,-0,-0,-0,-0,-0,-0
24.0553,-2.29588,-0.598048,-0.234196,2.69226,0.0797072,0.668921,10.0982,3.05744,0.58102,-12.5856,5.16672,-4.41324,-0,-0,-0,-0,-0,-0
24.0602,-2.30688,-0.591804,-0.242521,2.68852,0.0335991,0.622953,8.40008,2.30096,-0.29051,-11.5672,5.53104,-5.34888,-0,-0,-0,-0,-0,-0
24.0654,-2.28383,-0.590141,-0.249604,2.67177,-0.0435125,0.639983,8.72316,3.1323,0.20691,-11.4926,5.6304,-5.55588,-0,-0,-0,-0,-0,-0
24.0704,-2.29194,-0.592758,-0.254123,2.67535,-0.0512968,0.711314,9.63724,3.4081,0.10032,-12.5359,4.57884,-6.624,-0,-0,-0,-0,-0,-0
24.0753,-2.30129,-0.602079,-0.261404,2.70398,0.00820964,0.728103,9.00684,3.20716,-0.01254,-12.4614,4.14828,-4.6368,-0,-0,-0,-0,-0,-0
24.0802,-2.29168,-0.594885,-0.258078,2.7425,0.151714,0.650403,9.13292,2.5216,-0.25707,-12.3455,3.16296,-4.65336,-0,-0,-0,-0,-0,-0
24.0852,-2.27139,-0.599296,-0.255857,2.78907,0.244437,0.570506,8.86894,4.25914,-0.08778,-12.8423,4.62024,-4.28904,-0,-0,-0,-0,-0,-0
24.0903,-2.25472,-0.612328,-0.263291,2.76101,0.243877,0.539646,9.062,2.98258,0.28633,-9.71244,4.91004,-5.45652,-0,-0,-0,-0,-0,-0
24.0953,-2.23734,-0.62205,-0.278831,2.68698,0.300835,0.561835,9.15262,4.09366,0.65835,-11.2774,3.37824,-5.29092,-0,-0,-0,-0,-0,-0
24.1003,-2.24598,-0.642745,-0.295129,2.72142,0.46751,0.52604,9.95638,3.45538,-0.10241,-13.306,2.46744,-4.56228,-0,-0,-0,-0,-0,-0
24.1053,-2.25181,-0.655841,-0.306326,2.75668,0.522213,0.479824,9.3575,3.73906,0.50578,-12.1219,5.34888,-5.10048,-0,-0,-0,-0,-0,-0
24.1103,-2.24461,-0.663978,-0.320541,2.70629,0.424362,0.452984,9.79484,2.955,0.07942,-10.1513,5.2578,-4.8438,-0,-0,-0,-0,-0,-0
24.1154,-2.24739,-0.683422,-0.340859,2.62058,0.327616,0.443834,9.60178,4.2552,0.61237,-9.9774,5.00112,-5.48964,-0,-0,-0,-0,-0,-0
24.1202,-2.2622,-0.716398,-0.366597,2.56588,0.201732,0.432371,10.3189,4.52312,0.70642,-11.1863,6.0858,-4.62852,-0,-0,-0,-0,-0,-0
24.1252,-2.26223,-0.729503,-0.392008,2.53092,0.142164,0.426289,9.4363,2.78164,0.88407,-10.7392,3.94128,-5.30748,-0,-0,-0,-0,-0,-0
24.1302,-2.23766,-0.719857,-0.393136,2.48784,0.128248,0.354697,9.80666,2.70678,-0.90915,-11.0786,5.66352,-3.08016,-0,-0,-0,-0,-0,-0
24.1352,-2.22053,-0.701744,-0.401669,2.41459,0.0487317,0.350052,9.88152,1.68238,1.32924,-9.82008,5.22468,-6.61572,-0,-0,-0,-0,-0,-0
24.1402,-2.24282,-0.681146,-0.420509,2.35505,0.0778553,0.395328,11.426,2.68708,0.1254,-11.0207,3.49416,-4.12344,-0,-0,-0,-0,-0,-0
24.1452,-2.28896,-0.673036,-0.428884,2.42189,0.0970157,0.447605,10.9059,3.11654,0.60192,-14.5397,5.45652,-6.97176,-0,-0,-0,-0,-0,-0
24.1503,-2.33228,-0.670628,-0.431513,2.58268,0.161541,0.572712,11.5875,3.5657,-0.05016,-15.1524,2.86488,-5.86224,-0,-0,-0,-0,-0,-0
24.1553,-2.39645,-0.668845,-0.434787,2.6371,0.285645,0.627752,12.5607,2.46644,0.32186,-11.6665,4.33044,-6.10236,-0,-0,-0,-0,-0,-0
24.1603,-2.46564,-0.64394,-0.429277,2.58578,0.368821,0.616622,12.3952,2.5807,-0.04807,-11.8238,3.59352,-4.78584,-0,-0,-0,-0,-0,-0
24.1654,-2.51568,-0.630565,-0.443088,2.55998,0.433224,0.554607,11.8909,2.3049,0.9614,-11.9232,4.13172,-5.15844,-0,-0,-0,-0,-0,-0
24.1703,-2.52951,-0.604186,-0.451054,2.51083,0.411994,0.564807,11.883,2.67132,0.53295,-11.0372,5.4234,-6.14376,-0,-0,-0,-0,-0,-0
24.1754,-2.5649,-0.59998,-0.462303,2.46416,0.424643,0.573082,11.8988,2.98258,0.36993,-11.2939,3.11328,-5.29092,-0,-0,-0,-0,-0,-0
24.1802,-2.59705,-0.595823,-0.464082,2.39871,0.495744,0.522211,12.3164,3.2308,0.06688,-11.1449,4.15656,-4.69476,-0,-0,-0,-0,-0,-0
24.1853,-2.6264,-0.594464,-0.471126,2.3848,0.45938,0.413505,11.9973,2.74224,0.44308,-12.6684,5.175,-4.0572,-0,-0,-0,-0,-0,-0
24.1904,-2.61187,-0.591877,-0.48744,2.3654,0.35285,0.35441,10.8626,2.70284,0.49115,-10.7557,5.15844,-5.26608,-0,-0,-0,-0,-0,-0
24.1953,-2.55283,-0.602801,-0.506661,2.35125,0.225864,0.352449,10.3977,4.36552,0.90706,-11.8404,5.69664,-4.97628,-0,-0,-0,-0,-0,-0
24.2002,-2.49282,-0.615137,-0.526822,2.34753,0.122008,0.376523,10.9296,2.43492,0.26752,-11.1118,4.64508,-5.57244,-0,-0,-0,-0,-0,-0
24.2053,-2.47098,-0.628366,-0.550582,2.30497,0.179912,0.373753,11.8279,4.18034,1.03037,-10.7226,2.66616,-4.3884,-0,-0,-0,-0,-0,-0
24.2103,-2.46293,-0.638348,-0.568518,2.29187,0.276558,0.314725,11.5403,2.39946,-0.02299,-11.8156,3.95784,-4.69476,-0,-0,-0,-0,-0,-0
24.2153,-2.4376,-0.63599,-0.578846,2.33088,0.279634,0.328775,11.0872,2.72648,0.31559,-12.685,4.11516,-5.58072,-0,-0,-0,-0,-0,-0
24.2203,-2.42177,-0.626719,-0.593422,2.31968,0.238589,0.338574,12.3992,2.52554,0.76494,-10.0685,5.08392,-4.58712,-0,-0,-0,-0,-0,-0
24.2254,-2.45452,-0.634419,-0.624807,2.26562,0.21858,0.338879,12.9941,3.44356,1.08053,-10.557,3.41136,-5.37372,-0,-0,-0,-0,-0,-0
24.2304,-2.5078,-0.659332,-0.662747,2.23886,0.287017,0.378392,12.9941,3.44356,1.08053,-10.557,3.41136,-5.37372,-0,-0,-0,-0,-0,-0
24.2355,-2.52209,-0.65579,-0.683315,2.25061,0.43202,0.426262,12.1313,3.16776,1.07844,-12.8837,2.02032,-5.6304,-0,-0,-0,-0,-0,-0
24.2402,-2.53752,-0.665705,-0.693282,2.347,0.556829,0.53525,12.8877,3.6642,-0.11913,-13.8276,3.1464,-6.88896,-0,-0,-0,-0,-0,-0
24.2452,-2.53877,-0.675957,-0.696162,2.39633,0.576189,0.510798,11.8594,3.00228,0.23199,-10.913,3.84192,-3.17124,-0,-0,-0,-0,-0,-0
24.2504,-2.57422,-0.682475,-0.701799,2.34822,0.557437,0.461128,13.9791,3.10866,0.01045,-10.0271,3.61836,-6.25968,-0,-0,-0,-0,-0,-0
24.2552,-2.63524,-0.698872,-0.71188,2.33131,0.475512,0.454857,13.3448,3.97546,0.53295,-11.799,5.0508,-4.07376,-0,-0,-0,-0,-0,-0
24.2604,-2.63706,-0.698596,-0.722603,2.3596,0.408585,0.396367,11.9934,2.03698,0.3135,-11.2525,3.41964,-5.15016,-0,-0,-0,-0,-0,-0
24.2654,-2.62269,-0.704871,-0.74073,2.34817,0.399273,0.327877,12.9744,4.15276,0.95722,-10.706,3.9744,-3.48588,-0,-0,-0,-0,-0,-0
24.2704,-2.61924,-0.711393,-0.746311,2.31659,0.397062,0.302446,12.8444,2.58858,-0.27379,-10.3831,3.51072,-5.94504,-0,-0,-0,-0,-0,-0
24.2753,-2.60404,-0.719055,-0.747531,2.25649,0.447723,0.306842,12.9429,4.26702,0.49324,-9.78696,2.88972,-4.12344,-0,-0,-0,-0,-0,-0
24.2804,-2.59668,-0.735522,-0.749528,2.25587,0.544456,0.291846,12.4543,3.51842,0.00836,-12.0557,2.62476,-5.34888,-0,-0,-0,-0,-0,-0
24.2853,-2.53271,-0.745504,-0.752242,2.26349,0.61578,0.374071,11.4536,3.9794,0.49951,-10.9213,2.9808,-5.9616,-0,-0,-0,-0,-0,-0
24.2903,-2.48702,-0.748608,-0.766402,2.22389,0.596815,0.383416,13.2857,2.29308,0.69388,-10.2341,4.37184,-4.28904,-0,-0,-0,-0,-0,-0
24.2953,-2.46983,-0.739651,-0.779175,2.13021,0.610429,0.370978,12.8523,3.1914,0.73568,-9.38952,2.55852,-5.382,-0,-0,-0,-0,-0,-0
24.3002,-2.40046,-0.752345,-0.786482,2.06291,0.726471,0.384386,11.489,4.08184,0,-10.9793,2.00376,-4.82724,-0,-0,-0,-0,-0,-0
24.3053,-2.32837,-0.773402,-0.801004,2.07531,0.698065,0.357882,12.608,3.70754,1.07217,-12.569,4.86036,-4.57884,-0,-0,-0,-0,-0,-0
24.3102,-2.29482,-0.788434,-0.830154,2.06714,0.587149,0.291233,12.8247,2.75012,0.87571,-9.66276,3.8502,-3.70116,-0,-0,-0,-0,-0,-0
24.3155,-2.29781,-0.789327,-0.84204,1.98289,0.522129,0.217688,13.9949,3.45144,0.2299,-9.69588,3.70944,-4.69476,-0,-0,-0,-0,-0,-0
24.3203,-2.3145,-0.794887,-0.849216,1.97078,0.486423,0.198846,13.656,2.44674,0.21945,-11.2939,3.79224,-4.48776,-0,-0,-0,-0,-0,-0
24.3252,-2.35362,-0.782043,-0.848223,2.00259,0.476118,0.175311,15.0153,3.1717,0.34276,-11.9646,3.11328,-4.71132,-0,-0,-0,-0,-0,-0
24.3303,-2.44083,-0.778955,-0.844968,2.07432,0.462185,0.209897,15.6576,2.62404,-0.19228,-11.9315,4.23108,-5.60556,-0,-0,-0,-0,-0,-0
24.3352,-2.4967,-0.766859,-0.8486,2.096,0.414926,0.236108,14.4086,2.6792,0.90706,-10.5653,3.312,-4.50432,-0,-0,-0,-0,-0,-0
24.3401,-2.51874,-0.760308,-0.868241,2.10223,0.500916,0.239784,14.708,2.66344,0.8778,-11.8487,1.66428,-5.31576,-0,-0,-0,-0,-0,-0
24.3452,-2.54251,-0.76664,-0.87998,2.17581,0.599853,0.258511,14.3534,3.5854,0.209,-12.1716,3.45276,-4.7196,-0,-0,-0,-0,-0,-0
24.3504,-2.53461,-0.766422,-0.883116,2.25971,0.682734,0.272505,14.1722,2.5807,0.51832,-12.6436,1.62288,-5.33232,-0,-0,-0,-0,-0,-0
24.3552,-2.50233,-0.763127,-0.88958,2.26508,0.698515,0.365352,14.0461,3.63662,0.50578,-9.58824,4.0986,-6.50808,-0,-0,-0,-0,-0,-0
24.3603,-2.50018,-0.777627,-0.906703,2.21653,0.652752,0.345329,14.1564,3.36476,0.9823,-10.1182,2.82348,-3.20436,-0,-0,-0,-0,-0,-0
24.3653,-2.49695,-0.781968,-0.913431,2.21275,0.715239,0.311738,14.7986,3.60904,0.06688,-12.0308,1.73052,-6.1686,-0,-0,-0,-0,-0,-0
24.3705,-2.46671,-0.793535,-0.925493,2.25701,0.749273,0.313682,13.7191,3.1126,0.9196,-11.8652,3.40308,-3.95784,-0,-0,-0,-0,-0,-0
24.3753,-2.44616,-0.801479,-0.936278,2.24347,0.696574,0.244943,15.0666,3.86514,0.47652,-9.7704,3.63492,-4.54572,-0,-0,-0,-0,-0,-0
24.3803,-2.43901,-0.818627,-0.946464,2.18486,0.66168,0.203931,14.3652,3.79422,0.71478,-9.80352,2.898,-4.25592,-0,-0,-0,-0,-0,-0
24.3855,-2.41961,-0.836549,-0.965176,2.14901,0.638047,0.194666,14.6726,3.79028,1.07635,-10.6895,3.38652,-5.10876,-0,-0,-0,-0,-0,-0
24.3904,-2.42269,-0.864016,-0.992693,2.15493,0.623629,0.242419,14.6726,3.79028,1.07635,-10.6895,3.38652,-5.10876,-0,-0,-0,-0,-0,-0
24.3955,-2.40012,-0.850612,-0.99683,2.08194,0.521453,0.265147,15.2202,2.43098,0.31559,-8.63604,4.2228,-4.69476,-0,-0,-0,-0,-0,-0
24.4004,-2.43247,-0.850246,-1.00456,1.99924,0.428906,0.267674,15.2202,2.43098,0.31559,-8.63604,4.2228,-4.69476,-0,-0,-0,-0,-0,-0
24.4053,-2.39701,-0.853586,-1.01011,1.92916,0.359031,0.264518,13.0769,3.93212,0.58938,-9.38952,3.40308,-4.73616,-0,-0,-0,-0,-0,-0
24.4105,-2.34268,-0.864216,-1.01751,1.89255,0.420981,0.181637,14.0658,2.92348,0.34276,-8.95068,1.71396,-2.99736,-0,-0,-0,-0,-0,-0
24.4154,-2.27166,-0.8618,-1.01396,1.88389,0.543063,0.156937,11.9224,3.16382,0.0418,-9.58824,1.82988,-5.53932,-0,-0,-0,-0,-0,-0
24.4203,-2.15105,-0.871313,-1.01606,1.91312,0.631194,0.204153,12.3558,3.49872,0.38456,-10.35,1.97064,-4.33044,-0,-0,-0,-0,-0,-0
24.4253,-2.07348,-0.860019,-1.02458,1.86623,0.720916,0.198116,12.3992,1.15442,0.62073,-6.64056,1.242,-4.50432,-0,-0,-0,-0,-0,-0
24.4303,-1.98475,-0.8375,-1.0188,1.74502,0.884247,0.252918,12.0722,1.8124,-1.04291,-6.417,0.40572,-5.77116,-0,-0,-0,-0,-0,-0
24.4353,-1.89598,-0.829702,-1.01426,1.63934,0.974556,0.198418,11.8988,1.8321,0.18601,-7.02144,1.79676,-2.41776,-0,-0,-0,-0,-0,-0
24.4404,-1.95696,-0.820552,-1.06135,1.71924,0.931691,0.0960286,17.4266,1.84392,3.13291,-12.834,2.78208,-4.57056,-0,-0,-0,-0,-0,-0
24.4453,-2.21707,-0.828437,-1.11757,1.94606,0.739547,0.164598,20.5865,3.2702,1.07635,-13.3639,5.0508,-5.63868,-0,-0,-0,-0,-0,-0
24.4503,-2.43184,-0.831137,-1.13068,2.04236,0.556,0.224141,17.0681,2.73042,0.56012,-9.30672,3.00564,-4.3884,-0,-0,-0,-0,-0,-0
24.4553,-2.46492,-0.820932,-1.13663,2.05025,0.524175,0.217831,16.0358,2.73042,0.8987,-11.3188,2.82348,-4.77756,-0,-0,-0,-0,-0,-0
24.4603,-2.46671,-0.813867,-1.14058,2.13769,0.559221,0.277011,16.351,3.0338,0.6479,-12.627,2.4426,-5.74632,-0,-0,-0,-0,-0,-0
24.4653,-2.48546,-0.799596,-1.12995,2.23203,0.572723,0.304609,18.1831,3.10866,0.14839,-12.6104,2.47572,-4.28904,-0,-0,-0,-0,-0,-0
24.4703,-2.53546,-0.782786,-1.11495,2.26624,0.658995,0.325918,17.6197,3.31354,0.86944,-10.3831,1.78848,-5.68836,-0,-0,-0,-0,-0,-0
24.4752,-2.58534,-0.771941,-1.10671,2.23387,0.777687,0.447204,18.3998,3.29778,0.43263,-10.5653,1.55664,-6.20172,-0,-0,-0,-0,-0,-0
24.4803,-2.65008,-0.748116,-1.0845,2.18876,0.959749,0.550688,18.2264,2.74224,0.28633,-10.2755,0.59616,-5.7132,-0,-0,-0,-0,-0,-0
24.4853,-2.65029,-0.737045,-1.07092,2.18711,1.09407,0.64677,16.4574,3.9006,0.64163,-12.5359,1.92096,-6.2928,-0,-0,-0,-0,-0,-0
24.4903,-2.58587,-0.737363,-1.07855,2.16513,0.953206,0.583084,16.0594,3.22292,1.54033,-10.0602,5.24952,-2.59164,-0,-0,-0,-0,-0,-0
24.4952,-2.54537,-0.73851,-1.09151,2.09695,0.860636,0.458582,17.4187,4.28278,1.29162,-9.5634,1.38276,-5.0094,-0,-0,-0,-0,-0,-0
24.5002,-2.52937,-0.772624,-1.10726,2.05757,0.838794,0.438803,16.8514,5.8312,1.20175,-10.6398,3.20436,-4.40496,-0,-0,-0,-0,-0,-0
24.5054,-2.50944,-0.793611,-1.11669,2.08897,0.816018,0.392469,17.1351,3.43174,1.16413,-12.0308,2.00376,-4.3056,-0,-0,-0,-0,-0,-0
24.5104,-2.48664,-0.795228,-1.12799,2.09822,0.881272,0.400671,16.9144,4.08184,1.36686,-9.88632,1.42416,-5.64696,-0,-0,-0,-0,-0,-0
24.5153,-2.42821,-0.810608,-1.13707,2.06936,0.828045,0.373401,16.4022,4.9841,1.1077,-10.2672,4.347,-3.44448,-0,-0,-0,-0,-0,-0
24.5202,-2.34728,-0.828378,-1.1492,2.02121,0.680347,0.277902,15.8861,4.40492,1.66364,-9.36468,3.17952,-4.35528,-0,-0,-0,-0,-0,-0
24.5253,-2.28811,-0.840524,-1.17023,1.9596,0.672577,0.237759,17.0287,4.2552,1.8183,-9.49716,1.79676,-4.35528,-0,-0,-0,-0,-0,-0
24.5304,-2.23076,-0.850608,-1.17929,1.94405,0.685565,0.181573,15.6733,4.72012,1.08053,-11.2525,2.74068,-3.89988,-0,-0,-0,-0,-0,-0
24.5354,-2.18615,-0.863077,-1.18617,1.98036,0.718653,0.181242,17.5685,4.20792,1.54033,-10.764,1.54008,-5.22468,-0,-0,-0,-0,-0,-0
24.5402,-2.18983,-0.856254,-1.1986,1.98867,0.706853,0.232183,17.7576,3.47114,1.96042,-10.2175,3.44448,-4.968,-0,-0,-0,-0,-0,-0
24.5453,-2.2264,-0.851179,-1.22087,1.9898,0.65247,0.264116,17.7576,3.47114,1.96042,-10.2175,3.44448,-4.968,-0,-0,-0,-0,-0,-0
24.5502,-2.17912,-0.831892,-1.23301,1.97566,0.574484,0.289201,16.8356,3.59722,1.77023,-10.1513,2.3184,-5.27436,-0,-0,-0,-0,-0,-0
24.5552,-2.16063,-0.829439,-1.2485,1.98252,0.651194,0.346718,16.8356,3.59722,1.77023,-10.1513,2.3184,-5.27436,-0,-0,-0,-0,-0,-0
24.5603,-2.10757,-0.821391,-1.25102,1.98335,0.705601,0.353622,16.5953,3.87696,1.04918,-9.936,1.79676,-4.33044,-0,-0,-0,-0,-0,-0
24.5653,-2.10329,-0.81927,-1.24557,2.01149,0.748285,0.306105,18.4983,4.20398,1.3167,-11.0952,2.49228,-4.15656,-0,-0,-0,-0,-0,-0
24.5703,-2.14919,-0.81205,-1.23665,2.02738,0.745357,0.347951,18.4156,3.27808,0.6897,-9.73728,2.55024,-5.81256,-0,-0,-0,-0,-0,-0
24.5753,-2.16729,-0.786914,-1.22708,2.00169,0.717954,0.369403,17.9034,2.68314,1.38358,-9.21564,2.90628,-3.8916,-0,-0,-0,-0,-0,-0
24.5803,-2.13689,-0.771779,-1.22499,1.96813,0.725939,0.343194,16.8238,3.76664,1.00111,-9.3978,1.97892,-4.87692,-0,-0,-0,-0,-0,-0
24.5853,-2.06771,-0.757384,-1.21693,1.91528,0.681729,0.36952,17.0917,3.06926,0.96558,-9.0252,2.898,-4.99284,-0,-0,-0,-0,-0,-0
24.5902,-2.00801,-0.733073,-1.20618,1.89002,0.675513,0.347167,16.7568,2.72648,1.01783,-10.4162,2.59992,-3.88332,-0,-0,-0,-0,-0,-0
24.5955,-1.93669,-0.701077,-1.19979,1.88741,0.666805,0.31295,17.072,2.6989,1.28117,-9.59652,1.93752,-4.83552,-0,-0,-0,-0,-0,-0
24.6004,-1.87667,-0.676625,-1.19218,1.86706,0.671256,0.354191,16.9341,2.99834,0.85481,-9.08316,2.62476,-5.30748,-0,-0,-0,-0,-0,-0
24.6053,-1.80316,-0.645211,-1.18936,1.8285,0.61438,0.387238,16.3549,1.69814,1.45673,-9.19908,3.04704,-4.73616,-0,-0,-0,-0,-0,-0
24.6103,-1.72385,-0.615489,-1.19835,1.81623,0.55894,0.427109,16.8947,3.0141,1.80994,-9.43092,2.97252,-5.52276,-0,-0,-0,-0,-0,-0
24.6153,-1.65909,-0.600955,-1.19818,1.78969,0.587349,0.446005,17.072,3.40022,0.86526,-8.88444,1.16748,-4.21452,-0,-0,-0,-0,-0,-0
24.6203,-1.6415,-0.590923,-1.18751,1.73606,0.686595,0.471886,18.2619,3.29778,1.07008,-8.5698,1.54836,-5.70492,-0,-0,-0,-0,-0,-0
24.6253,-1.62174,-0.581651,-1.18251,1.66633,0.732306,0.513302,16.9578,3.66026,1.42329,-8.71884,2.05344,-4.71132,-0,-0,-0,-0,-0,-0
24.6304,-1.5516,-0.573345,-1.17105,1.58894,0.761581,0.495728,17.1429,3.38446,0.40546,-8.18892,1.242,-4.31388,-0,-0,-0,-0,-0,-0
24.6354,-1.55448,-0.567124,-1.16431,1.56943,0.842368,0.469805,19.369,3.57752,1.72634,-10.0436,1.4076,-4.8852,-0,-0,-0,-0,-0,-0
24.6403,-1.57707,-0.541172,-1.16354,1.5608,0.862606,0.555888,18.2698,2.22216,1.38358,-8.42904,2.31012,-6.38388,-0,-0,-0,-0,-0,-0
24.6452,-1.57795,-0.507943,-1.14753,1.58777,0.91965,0.598083,18.7111,2.97076,0.64581,-10.971,0.54648,-4.12344,-0,-0,-0,-0,-0,-0
24.6502,-1.61578,-0.489965,-1.14813,1.71321,0.873687,0.53017,20.2634,3.49872,2.46411,-13.248,3.71772,-4.35528,-0,-0,-0,-0,-0,-0
24.6552,-1.68256,-0.466931,-1.15667,1.79841,0.778257,0.539581,20.3028,3.1323,1.87891,-10.0602,2.2356,-5.68836,-0,-0,-0,-0,-0,-0
24.6601,-1.72911,-0.440395,-1.15008,1.7987,0.781453,0.50284,20.618,3.73512,1.55287,-11.1118,1.63944,-3.55212,-0,-0,-0,-0,-0,-0
24.6655,-1.77484,-0.431801,-1.13552,1.81402,0.83755,0.452513,20.5707,4.7871,1.28535,-10.3583,1.9458,-5.51448,-0,-0,-0,-0,-0,-0
24.6702,-1.77405,-0.430799,-1.1199,1.80466,0.83643,0.434366,19.0184,4.53494,1.41493,-9.79524,2.35152,-3.91644,-0,-0,-0,-0,-0,-0
24.6754,-1.73735,-0.423832,-1.10591,1.7771,0.887098,0.373445,18.7426,3.7233,1.26027,-9.30672,1.14264,-4.48776,-0,-0,-0,-0,-0,-0
24.6803,-1.71252,-0.418871,-1.09417,1.71916,0.848402,0.365062,20.5156,5.06684,1.61975,-8.42076,3.32856,-4.8024,-0,-0,-0,-0,-0,-0
24.6854,-1.77834,-0.440424,-1.09402,1.62968,0.753955,0.392629,20.5156,5.06684,1.61975,-8.42076,3.32856,-4.8024,-0,-0,-0,-0,-0,-0
24.6902,-1.80425,-0.460029,-1.09032,1.56505,0.707162,0.458121,19.7394,5.24808,1.32088,-9.16596,0.8694,-5.6304,-0,-0,-0,-0,-0,-0
24.6953,-1.78801,-0.477373,-1.08422,1.56485,0.76553,0.5333,19.0854,4.7083,1.39403,-10.1844,2.09484,-5.3406,-0,-0,-0,-0,-0,-0
24.7002,-1.7189,-0.476849,-1.08242,1.58956,0.790453,0.582336,17.5172,3.86908,1.78277,-9.50544,1.67256,-5.16672,-0,-0,-0,-0,-0,-0
24.7054,-1.59025,-0.470616,-1.08507,1.62078,0.776875,0.555872,17.1587,4.23944,1.83711,-9.8118,2.55852,-3.96612,-0,-0,-0,-0,-0,-0
24.7104,-1.49854,-0.477362,-1.1002,1.68267,0.752853,0.466181,18.5022,5.21656,2.82986,-10.8054,1.96236,-3.78396,-0,-0,-0,-0,-0,-0
24.7154,-1.45729,-0.49238,-1.11272,1.74338,0.689542,0.430554,19.0696,4.86984,1.53824,-9.6876,3.16296,-5.10048,-0,-0,-0,-0,-0,-0
24.7203,-1.426,-0.504213,-1.11185,1.75955,0.633395,0.397259,18.3801,4.83438,1.79531,-9.3978,2.01204,-3.56868,-0,-0,-0,-0,-0,-0
24.7253,-1.32839,-0.500719,-1.11468,1.69971,0.637968,0.30188,17.6315,4.30248,2.30736,-7.75836,1.54008,-3.78396,-0,-0,-0,-0,-0,-0
24.7302,-1.24506,-0.488486,-1.11979,1.62795,0.617222,0.284096,18.5771,3.98728,2.12971,-8.37936,3.42792,-4.89348,-0,-0,-0,-0,-0,-0
24.7354,-1.19554,-0.476231,-1.12199,1.61223,0.545797,0.315188,19.1523,4.96046,2.4871,-9.94428,2.16108,-4.65336,-0,-0,-0,-0,-0,-0
24.7402,-1.21526,-0.469662,-1.11533,1.63649,0.648077,0.311503,20.5629,4.32612,1.5257,-8.93412,0.19872,-4.38012,-0,-0,-0,-0,-0,-0
24.7453,-1.22294,-0.454311,-1.09733,1.66625,0.726941,0.293681,18.4668,4.1173,1.57795,-10.143,2.72412,-4.40496,-0,-0,-0,-0,-0,-0
24.7503,-1.16812,-0.416643,-1.07493,1.68378,0.659215,0.325218,18.1752,2.33248,1.26863,-8.74368,2.898,-5.14188,-0,-0,-0,-0,-0,-0
24.7553,-1.11124,-0.384126,-1.06285,1.68543,0.588695,0.349816,18.7071,4.15276,2.06492,-9.50544,2.5254,-4.28076,-0,-0,-0,-0,-0,-0
24.7603,-1.09915,-0.383198,-1.05943,1.70905,0.525255,0.355694,20.3501,4.96834,1.60721,-9.83664,2.277,-4.8852,-0,-0,-0,-0,-0,-0
24.7653,-1.13242,-0.390084,-1.05269,1.71681,0.543267,0.423633,19.6803,4.8068,1.84338,-8.83476,2.00376,-5.37372,-0,-0,-0,-0,-0,-0
24.7704,-1.09817,-0.383013,-1.04805,1.67633,0.59912,0.411611,19.0184,3.67602,1.67409,-8.09784,0.5382,-3.58524,-0,-0,-0,-0,-0,-0
24.7753,-1.04456,-0.348757,-1.03856,1.59749,0.658131,0.337155,18.9947,2.88802,2.01685,-7.19532,2.3184,-4.00752,-0,-0,-0,-0,-0,-0
24.7804,-1.02721,-0.307361,-1.02704,1.55919,0.707255,0.396739,19.6173,3.04168,1.56959,-9.53028,0.87768,-5.99472,-0,-0,-0,-0,-0,-0
24.7853,-1.03093,-0.28251,-1.01487,1.62801,0.778385,0.374988,20.291,4.35764,1.93534,-11.4844,1.31652,-2.5254,-0,-0,-0,-0,-0,-0
24.7902,-1.03446,-0.257125,-1.01084,1.66635,0.877788,0.257414,19.834,2.86832,2.16106,-8.09784,0.4968,-4.08204,-0,-0,-0,-0,-0,-0
24.7953,-0.986699,-0.215094,-0.994028,1.62907,0.921691,0.339189,18.0452,3.00622,1.1704,-8.26344,2.36808,-6.19344,-0,-0,-0,-0,-0,-0
24.8002,-0.919048,-0.167462,-0.967504,1.57142,0.834336,0.390671,19.2036,2.0094,1.17249,-7.72524,2.65788,-3.6846,-0,-0,-0,-0,-0,-0
24.8052,-0.895711,-0.1118,-0.950863,1.57055,0.747285,0.312879,20.0861,2.2261,1.95833,-9.67104,2.59164,-3.75912,-0,-0,-0,-0,-0,-0
24.8102,-0.898968,-0.0659576,-0.948577,1.62665,0.762594,0.315552,19.6212,2.91954,2.32408,-10.1927,0.88596,-5.30748,-0,-0,-0,-0,-0,-0
24.8152,-0.900464,-0.0376327,-0.938871,1.62451,0.770444,0.291155,19.9955,3.73118,1.36059,-7.659,2.70756,-3.23748,-0,-0,-0,-0,-0,-0
24.8201,-0.891503,-0.0147049,-0.918875,1.55407,0.797398,0.19116,20.3383,3.53024,1.57586,-7.99848,0.38916,-3.83364,-0,-0,-0,-0,-0,-0
24.8253,-0.929588,0.00653238,-0.903587,1.47528,0.998339,0.139176,20.3383,3.53024,1.57586,-7.99848,0.38916,-3.83364,-0,-0,-0,-0,-0,-0
24.8302,-0.868752,0.0358601,-0.874975,1.44176,1.04612,0.102991,18.5298,3.04562,0.66671,-8.92584,0.5382,-3.91644,-0,-0,-0,-0,-0,-0
24.8354,-0.814779,0.0666203,-0.86309,1.42641,0.987571,0.102675,19.7433,3.19534,2.73163,-8.00676,2.88972,-4.44636,-0,-0,-0,-0,-0,-0
24.8402,-0.816916,0.0974917,-0.873399,1.38912,0.910867,0.13035,19.7433,3.19534,2.73163,-8.00676,2.88972,-4.44636,-0,-0,-0,-0,-0,-0
24.8454,-0.762471,0.133642,-0.858977,1.39696,0.811614,0.199018,19.369,3.84544,1.36895,-8.82648,1.3248,-5.37372,-0,-0,-0,-0,-0,-0
24.8503,-0.75108,0.150995,-0.836288,1.41346,0.902527,0.31801,19.369,3.84544,1.36895,-8.82648,1.3248,-5.37372,-0,-0,-0,-0,-0,-0
24.8552,-0.714334,0.174769,-0.815263,1.43583,1.0113,0.316524,19.2351,3.12836,1.45255,-8.5284,-0.27324,-3.08016,-0,-0,-0,-0,-0,-0
24.8603,-0.640738,0.202351,-0.807205,1.43741,1.03048,0.296027,18.648,3.5066,2.30527,-8.14752,2.65788,-5.12532,-0,-0,-0,-0,-0,-0
24.8653,-0.558557,0.213638,-0.805822,1.45694,0.901901,0.332188,19.9403,4.67284,1.94788,-8.93412,1.49868,-4.3056,-0,-0,-0,-0,-0,-0
24.8702,-0.56737,0.207191,-0.804676,1.47552,0.960447,0.325587,19.9403,4.67284,1.94788,-8.93412,1.49868,-4.3056,-0,-0,-0,-0,-0,-0
24.8752,-0.559696,0.204023,-0.791318,1.48106,1.03218,0.24174,19.7827,4.531,1.11815,-8.03988,0.38916,-2.93112,-0,-0,-0,-0,-0,-0
24.8803,-0.491417,0.210835,-0.783341,1.4465,1.01586,0.228649,18.254,3.51448,2.13807,-6.9552,2.26872,-5.49792,-0,-0,-0,-0,-0,-0
24.8853,-0.396653,0.23016,-0.779073,1.38311,0.932757,0.24959,18.5929,3.81392,1.78277,-7.02972,2.13624,-3.48588,-0,-0,-0,-0,-0,-0
24.8902,-0.33529,0.239575,-0.770658,1.3336,0.921844,0.170767,18.8962,4.56646,1.92071,-7.01316,0.87768,-3.3948,-0,-0,-0,-0,-0,-0
24.8953,-0.316444,0.241215,-0.763341,1.33971,0.984652,0.142557,19.2351,4.50342,1.90608,-8.8182,1.25028,-4.48776,-0,-0,-0,-0,-0,-0
24.9003,-0.233477,0.245688,-0.749024,1.35478,1.0209,0.192372,16.4495,4.43644,1.4421,-6.75648,0.96876,-4.71132,-0,-0,-0,-0,-0,-0
24.9052,-0.087652,0.247026,-0.729282,1.32548,0.949188,0.137896,16.6071,4.81862,1.42956,-7.038,3.09672,-2.49228,-0,-0,-0,-0,-0,-0
24.9101,0.0171481,0.248805,-0.704754,1.26732,0.997634,0.0201333,16.4574,4.69254,1.29162,-6.1272,-0.56304,-3.25404,-0,-0,-0,-0,-0,-0
24.9152,0.151124,0.256806,-0.690608,1.23844,1.00713,0.0109739,14.8262,4.30248,2.37633,-7.94052,3.41136,-4.57056,-0,-0,-0,-0,-0,-0
24.9203,0.335167,0.271436,-0.668096,1.26339,0.783798,0.0442664,13.5812,4.2946,0.78584,-7.97364,4.65336,-3.726,-0,-0,-0,-0,-0,-0
24.9254,0.544283,0.281053,-0.646066,1.24261,0.436432,-0.00511129,12.742,4.22368,1.99386,-5.96988,5.88708,-3.03876,-0,-0,-0,-0,-0,-0
24.9303,0.707716,0.292315,-0.641801,1.17481,0.161878,-0.0152782,14.054,3.99516,2.10463,-5.5062,4.04064,-4.37184,-0,-0,-0,-0,-0,-0
24.9353,0.872061,0.30807,-0.635784,1.09291,0.137008,0.0531733,12.3952,3.86514,1.86219,-4.761,1.25856,-4.56228,-0,-0,-0,-0,-0,-0
24.9403,0.88076,0.318745,-0.64476,1.08478,0.0962764,0.146418,18.4195,3.73118,2.83195,-7.88256,4.81896,-4.86864,-0,-0,-0,-0,-0,-0
24.9453,0.70573,0.335122,-0.670116,1.17735,-0.0412356,0.197688,20.5432,4.12124,3.73901,-9.03348,3.12156,-4.03236,-0,-0,-0,-0,-0,-0
24.9503,0.554379,0.35209,-0.676852,1.24454,-0.121859,0.226863,20.4013,4.77922,2.00431,-8.18064,3.22092,-4.57884,-0,-0,-0,-0,-0,-0
24.9552,0.437571,0.357859,-0.66368,1.32719,0.0010841,0.284418,21.7252,5.13382,1.99595,-9.54684,-0.7866,-4.6782,-0,-0,-0,-0,-0,-0
24.9603,0.289356,0.363637,-0.649184,1.45747,0.354294,0.270048,22.0837,5.08654,2.08164,-10.8385,-1.09296,-3.29544,-0,-0,-0,-0,-0,-0
24.9652,0.127682,0.375459,-0.635277,1.55002,0.640818,0.195273,23.376,4.87378,2.23839,-8.70228,-0.26496,-3.77568,-0,-0,-0,-0,-0,-0
24.9703,-0.0526746,0.404639,-0.61644,1.54202,0.835612,0.210147,23.6006,4.01486,2.0482,-8.25516,0.21528,-5.0094,-0,-0,-0,-0,-0,-0
24.9753,-0.26539,0.443255,-0.58797,1.55431,0.948117,0.270519,25.1569,3.94788,1.44628,-9.21564,0.88596,-4.46292,-0,-0,-0,-0,-0,-0
24.9805,-0.474712,0.480207,-0.55354,1.62165,1.19421,0.242683,23.3169,3.91636,1.35641,-10.1513,-2.47572,-3.4776,-0,-0,-0,-0,-0,-0
24.9853,-0.567197,0.51793,-0.532371,1.66061,1.36117,0.146179,22.4619,3.75482,2.39932,-8.17236,1.22544,-3.0222,-0,-0,-0,-0,-0,-0
24.9903,-0.604853,0.558977,-0.518998,1.59811,1.2992,0.161629,22.2216,3.45144,1.77859,-6.85584,1.59804,-5.59728,-0,-0,-0,-0,-0,-0
24.9952,-0.642831,0.601754,-0.5036,1.51471,1.26347,0.211191,21.7961,3.45144,2.23839,-7.1622,0.81144,-3.519,-0,-0,-0,-0,-0,-0
25.0003,-0.582724,0.642326,-0.500914,1.48466,1.32961,0.132476,18.8096,3.73906,2.77134,-8.42076,-0.46368,-3.08844,0,0,0,0,0,0
25.0052,-0.462612,0.674341,-0.508614,1.48945,1.5027,0.0322197,18.8096,3.73906,2.77134,-8.42076,-0.46368,-3.08844,0,0,0,0,0,0
25.0104,-0.302515,0.698649,-0.507368,1.50873,1.33478,0.0474453,17.927,4.62162,2.19868,-7.73352,4.3056,-5.36544,0,0,0,0,0,0
25.0154,-0.152207,0.706313,-0.505234,1.50278,1.02018,0.187588,17.927,4.62162,2.19868,-7.73352,4.3056,-5.36544,0,0,0,0,0,0
25.0202,0.0139419,0.710029,-0.510482,1.51058,0.770194,0.226611,17.0917,4.8265,2.84031,-7.48512,2.87316,-3.49416,0,0,0,0,0,0
25.0254,0.214241,0.716165,-0.516708,1.51314,0.678703,0.174756,16.2446,4.69254,2.56234,-7.6176,1.30824,-3.61008,0,0,0,0,0,0
25.0305,0.403125,0.729921,-0.515654,1.48979,0.56115,0.14405,16.4574,4.13306,2.40141,-6.56604,4.13172,-3.8502,0,0,0,0,0,0
25.0354,0.545728,0.743777,-0.503505,1.45644,0.327461,0.170362,17.8285,4.531,1.672,-7.8246,3.37824,-4.53744,0,0,0,0,0,0
25.0402,0.611211,0.758079,-0.483152,1.41698,0.285573,0.203176,18.5692,4.27096,2.01685,-6.77304,1.21716,-3.91644,0,0,0,0,0,0
25.0452,0.618363,0.775483,-0.469357,1.40274,0.490269,0.141692,18.8332,4.01486,2.20077,-8.05644,-1.4904,-2.9394,0,0,0,0,0,0
25.0503,0.636109,0.788339,-0.469097,1.41116,0.696855,0.113336,18.6914,4.29066,2.87166,-7.50996,1.92096,-4.54572,0,0,0,0,0,0
25.0552,0.612146,0.798746,-0.456733,1.38082,0.755623,0.174204,19.8734,4.25914,1.55078,-6.60744,0.46368,-4.4712,0,0,0,0,0,0
25.0602,0.561081,0.80698,-0.443404,1.31809,0.892733,0.152894,19.4991,4.03456,2.87166,-6.42528,0.35604,-2.86488,0,0,0,0,0,0
25.0654,0.53142,0.817643,-0.426986,1.2647,1.08378,0.114297,19.0184,3.77452,1.56123,-6.64056,-0.52164,-4.04892,0,0,0,0,0,0
25.0704,0.489996,0.820791,-0.408607,1.20713,1.19519,0.107704,20.157,3.4081,2.18196,-5.44824,1.30824,-3.7674,0,0,0,0,0,0
25.0753,0.385905,0.822459,-0.396693,1.15631,1.20248,0.166871,21.3745,3.16776,2.07537,-6.84756,1.2834,-5.00112,0,0,0,0,0,0
25.0803,0.290076,0.821795,-0.38185,1.20254,1.27047,0.186637,20.0034,3.06532,2.14643,-8.85132,0.15732,-3.17952,0,0,0,0,0,0
25.0853,0.295614,0.820469,-0.367161,1.21896,1.37394,0.109559,18.4037,2.41128,2.09209,-6.45012,0.19872,-3.105,0,0,0,0,0,0
25.0902,0.322568,0.823535,-0.344764,1.17323,1.3863,0.0435311,18.8568,1.83998,1.55705,-5.99472,1.5732,-3.49416,0,0,0,0,0,0
25.0955,0.347863,0.82843,-0.31851,1.14384,1.30797,0.0756218,19.046,0.9456,1.53824,-7.30296,1.75536,-4.78584,0,0,0,0,0,0
25.1003,0.393557,0.846944,-0.298937,1.17131,1.27737,0.137705,17.6512,-0.03152,2.14225,-7.42716,1.01016,-4.17312,0,0,0,0,0,0
25.1053,0.488224,0.876851,-0.283731,1.18595,1.29641,0.0782071,17.2336,-0.83134,1.9019,-6.42528,0.67896,-2.55024,0,0,0,0,0,0
25.1103,0.567143,0.916225,-0.265933,1.18842,1.24319,0.0124819,18.0649,-1.83604,1.64065,-6.76476,2.47572,-3.88332,0,0,0,0,0,0
25.1152,0.610221,0.972148,-0.252028,1.16799,1.12723,0.0530755,18.0846,-3.10866,2.12135,-5.69664,1.9458,-4.4298,0,0,0,0,0,0
25.1203,0.687787,1.05036,-0.246724,1.13352,1.02747,0.144167,17.0208,-4.0779,2.38051,-6.1686,2.1942,-4.69476,0,0,0,0,0,0
25.1253,0.781527,1.13059,-0.245822,1.08826,0.918703,0.202843,17.0484,-4.10154,2.51218,-5.32404,2.39292,-3.86676,0,0,0,0,0,0
25.1303,0.809516,1.19275,-0.246659,1.05828,0.839281,0.16692,19.0972,-3.82574,2.44948,-6.50808,1.71396,-3.16296,0,0,0,0,0,0
25.1353,0.787065,1.22475,-0.242999,1.05818,0.793004,0.187167,18.5101,-3.73906,1.84756,-6.30936,2.09484,-4.99284,0,0,0,0,0,0
25.1403,0.782973,1.2285,-0.241037,1.07928,0.808708,0.260183,17.9506,-3.8809,2.47456,-6.73992,0.84456,-4.19796,0,0,0,0,0,0
25.1454,0.656249,1.20807,-0.25853,1.176,0.777435,0.301745,23.0805,-4.04244,3.31892,-9.33984,3.3948,-4.3056,0,0,0,0,0,0
25.1503,0.390082,1.16985,-0.26722,1.2788,0.762297,0.268028,24.3216,-3.47902,2.22167,-8.28828,0.14904,-3.03048,0,0,0,0,0,0
25.1553,0.244744,1.11799,-0.267589,1.32934,0.9082,0.233635,20.6101,-3.67996,2.74208,-7.76664,0.2484,-4.40496,0,0,0,0,0,0
25.1605,0.256303,1.05423,-0.271313,1.32473,1.08787,0.268935,19.4163,-2.93924,2.70446,-6.81444,-0.83628,-4.33872,0,0,0,0,0,0
25.1652,0.294419,0.987167,-0.27379,1.29194,1.32378,0.285499,19.4163,-2.93924,2.70446,-6.81444,-0.83628,-4.33872,0,0,0,0,0,0
25.1704,0.291757,0.912208,-0.283714,1.277,1.478,0.252052,21.1499,-2.98258,3.40043,-6.85584,0.18216,-3.51072,0,0,0,0,0,0
25.1753,0.219785,0.850777,-0.282025,1.26942,1.58267,0.135618,21.2169,-3.6051,2.08164,-6.94692,-0.3726,-2.47572,0,0,0,0,0,0
25.1802,0.19299,0.802304,-0.278077,1.2887,1.69433,0.00300401,19.3336,-4.18034,3.16844,-7.48512,0.09936,-2.93112,0,0,0,0,0,0
25.1854,0.216703,0.758218,-0.273066,1.28822,1.69698,0.0146624,19.4794,-4.50736,1.79322,-6.22656,1.20888,-4.86036,0,0,0,0,0,0
25.1902,0.279863,0.713951,-0.25154,1.22277,1.6128,0.0861051,17.4069,-4.21186,1.40657,-4.99284,1.45728,-3.73428,0,0,0,0,0,0
25.1953,0.385088,0.680671,-0.22726,1.13097,1.6685,0.085027,16.9696,-5.35446,1.92907,-5.24952,-0.88596,-3.50244,0,0,0,0,0,0
25.2002,0.518859,0.651622,-0.210498,1.05622,1.71293,0.019491,15.6812,-4.3734,1.98341,-4.97628,1.50696,-2.70756,0,0,0,0,0,0
25.2054,0.627571,0.606422,-0.191701,1.00489,1.61701,0.0343415,17.005,-4.1961,1.67618,-5.77116,2.11968,-5.0508,0,0,0,0,0,0
25.2102,0.706809,0.56465,-0.171936,0.963511,1.56153,0.148742,16.02,-4.56252,1.55287,-5.65524,0.77004,-4.42152,0,0,0,0,0,0
25.2152,0.823087,0.530123,-0.159094,0.94053,1.50848,0.135592,15.1138,-4.83438,2.35961,-6.51636,2.22732,-2.51712,0,0,0,0,0,0
25.2202,0.938662,0.495321,-0.140888,0.904512,1.43293,0.00308675,16.0752,-4.60192,0.94677,-4.761,1.3662,-2.20248,0,0,0,0,0,0
25.2254,1.01458,0.461697,-0.121441,0.844744,1.36225,-0.0194382,16.414,-5.36628,1.9646,-5.40684,2.21904,-4.48776,0,0,0,0,0,0
25.2303,1.07521,0.440227,-0.114833,0.813144,1.24245,0.102753,15.9097,-5.26778,2.1109,-5.26608,2.64132,-4.95144,0,0,0,0,0,0
25.2353,1.11941,0.422417,-0.102631,0.820122,1.17919,0.18041,16.2289,-5.40568,1.77232,-6.64884,1.43244,-3.75084,0,0,0,0,0,0
25.2402,1.12159,0.405972,-0.082562,0.830003,1.13551,0.185362,17.5291,-5.2599,1.39612,-5.6304,2.74896,-3.74256,0,0,0,0,0,0
25.2452,1.08829,0.36784,-0.0717629,0.840605,1.08527,0.18388,17.336,-3.86514,2.12762,-5.81256,1.23372,-3.726,0,0,0,0,0,0
25.2502,1.05544,0.326036,-0.0670907,0.863221,1.0554,0.239495,17.273,-4.83438,1.77441,-5.70492,2.79864,-5.01768,0,0,0,0,0,0
25.2552,0.977279,0.275613,-0.0659132,0.885368,1.02455,0.347212,18.6204,-2.88408,2.42649,-5.87052,1.54836,-4.71132,0,0,0,0,0,0
25.2602,0.90014,0.213772,-0.0631047,0.912936,1.06214,0.456378,17.5448,-3.88878,1.41911,-6.03612,1.29168,-4.968,0,0,0,0,0,0
25.2652,0.892038,0.174504,-0.0542487,0.900166,1.15248,0.429439,16.6504,-4.47584,2.17987,-4.86036,0.40572,-2.16936,0,0,0,0,0,0
25.2702,0.936447,0.127222,-0.0627417,0.833163,1.22833,0.323582,15.7167,-2.89984,2.79851,-4.07376,1.54836,-3.46932,0,0,0,0,0,0
25.2752,1.01065,0.0676658,-0.0780152,0.727633,1.25741,0.27425,15.7167,-2.89984,2.79851,-4.07376,1.54836,-3.46932,0,0,0,0,0,0
25.2804,1.06639,0.00386031,-0.0879156,0.657028,1.25684,0.238082,16.418,-2.58464,2.5498,-4.69476,0.9936,-3.73428,0,0,0,0,0,0
25.2855,1.10033,-0.0536679,-0.0958229,0.636847,1.2365,0.240148,16.5441,-3.18352,2.59996,-5.78772,2.25216,-3.94128,0,0,0,0,0,0
25.2906,1.11893,-0.10456,-0.1023,0.636122,1.17465,0.232345,16.9538,-2.74224,2.67729,-5.29092,1.62288,-3.50244,0,0,0,0,0,0
25.2956,1.13014,-0.160671,-0.113633,0.624692,1.1824,0.192207,16.9538,-2.74224,2.67729,-5.29092,1.62288,-3.50244,0,0,0,0,0,0
25.3004,1.16438,-0.209395,-0.108985,0.662021,1.24378,0.104164,15.8388,-3.3884,1.36477,-6.5412,0.10764,-2.50056,0,0,0,0,0,0
25.3053,1.2215,-0.239053,-0.0896121,0.709264,1.30215,0.0881551,15.9649,-3.95182,1.88518,-5.88708,1.87128,-4.83552,0,0,0,0,0,0
25.3104,1.2533,-0.270963,-0.0741463,0.684952,1.27004,0.190355,16.6386,-3.66026,1.36477,-3.69288,1.64772,-4.61196,0,0,0,0,0,0
25.3154,1.24414,-0.299763,-0.0662104,0.664982,1.28222,0.235182,17.1075,-4.10548,2.39932,-5.82912,1.15092,-3.50244,0,0,0,0,0,0
25.3202,1.21547,-0.330892,-0.0673783,0.700405,1.30407,0.201774,16.6032,-3.29778,2.09627,-5.93676,1.6146,-3.08844,0,0,0,0,0,0
25.3254,1.20146,-0.371126,-0.0705928,0.741504,1.35033,0.139758,16.5401,-3.4278,2.43694,-5.85396,0.76176,-2.98908,0,0,0,0,0,0
25.3303,1.18599,-0.422209,-0.0782663,0.767764,1.40839,0.1212,16.1264,-2.17094,2.39723,-5.47308,1.1178,-3.91644,0,0,0,0,0,0
25.3353,1.19863,-0.46259,-0.0782212,0.785177,1.45433,0.15687,15.89,-3.97152,2.05029,-5.53932,1.01016,-3.95784,0,0,0,0,0,0
25.3404,1.21423,-0.496075,-0.0700218,0.80323,1.50031,0.186549,16.1973,-3.0338,1.60094,-5.5062,0.97704,-3.59352,0,0,0,0,0,0
25.3453,1.21595,-0.528315,-0.0640353,0.787151,1.51597,0.176653,16.3983,-3.81392,2.21749,-3.8502,1.30824,-3.21264,0,0,0,0,0,0
25.3503,1.23128,-0.556791,-0.0554788,0.745709,1.54551,0.143518,15.3345,-3.58934,1.254,-4.54572,0.72036,-3.19608,0,0,0,0,0,0
25.3554,1.24685,-0.580812,-0.053886,0.709206,1.52131,0.146296,15.9767,-4.16458,2.74626,-4.18968,2.42604,-4.06548,0,0,0,0,0,0
25.3604,1.23354,-0.612951,-0.062833,0.694205,1.35017,0.217226,16.2446,-2.69496,2.12553,-5.32404,3.6846,-4.4298,0,0,0,0,0,0
25.3655,1.23275,-0.652654,-0.0539428,0.706794,1.26783,0.281792,14.6686,-3.36082,1.3794,-4.99284,1.01016,-3.82536,0,0,0,0,0,0
25.3704,1.29129,-0.670435,-0.0457322,0.699971,1.22655,0.310269,14.3416,-4.77922,1.97505,-4.76928,3.13812,-3.7674,0,0,0,0,0,0
25.3755,1.34076,-0.674064,-0.0383707,0.689848,1.08125,0.29426,15.5039,-4.22762,1.74933,-4.75272,3.0636,-3.16296,0,0,0,0,0,0
25.3803,1.36423,-0.6827,-0.0311147,0.672593,1.04895,0.239151,14.8814,-4.18034,1.9437,-4.99284,1.3662,-3.105,0,0,0,0,0,0
25.3853,1.38605,-0.69509,-0.0202282,0.667793,1.02772,0.268682,14.9326,-4.14094,1.26863,-4.968,3.1878,-4.83552,0,0,0,0,0,0
25.3904,1.43494,-0.707668,-0.00654792,0.656396,0.926422,0.345423,14.318,-3.89666,1.82666,-5.10876,2.898,-3.88332,0,0,0,0,0,0
25.3952,1.51001,-0.731137,0.00518307,0.613957,0.904407,0.344682,13.1675,-3.55388,0.97394,-3.59352,1.77192,-3.16296,0,0,0,0,0,0
25.4004,1.63984,-0.755235,0.0280063,0.5767,0.968925,0.27664,11.1817,-3.47508,1.33551,-5.04252,1.7802,-2.86488,0,0,0,0,0,0
25.4055,1.81157,-0.780429,0.0430721,0.576129,1.02769,0.197391,10.0903,-3.56176,1.33133,-4.41324,2.03688,-3.0636,0,0,0,0,0,0
25.4104,1.95694,-0.807866,0.0558247,0.56665,1.04887,0.192895,10.7089,-3.1323,1.46091,-3.87504,2.43432,-4.00752,0,0,0,0,0,0
25.4152,2.0432,-0.836651,0.0682686,0.524535,1.08134,0.239499,10.7089,-3.1323,1.46091,-3.87504,2.43432,-4.00752,0,0,0,0,0,0
25.4203,2.09357,-0.872575,0.0887213,0.514326,1.03869,0.226451,11.0438,-2.53736,1.01783,-5.08392,3.78396,-2.74896,0,0,0,0,0,0
25.4252,2.14679,-0.899989,0.108369,0.541405,0.995536,0.224287,9.42448,-3.85726,1.33133,-5.39856,2.68272,-4.2228,0,0,0,0,0,0
25.4304,2.24434,-0.916737,0.111662,0.523764,0.921113,0.256169,8.84924,-3.6839,2.18405,-3.3948,4.54572,-3.65976,0,0,0,0,0,0
25.4353,2.30682,-0.921439,0.116651,0.474951,0.819254,0.135065,9.42842,-4.7674,1.32297,-3.41964,3.69288,-1.39104,0,0,0,0,0,0
25.4402,2.09138,-0.91251,0.127779,0.444691,0.804208,-0.000819952,18.7386,-5.01956,1.65528,-4.07376,3.15468,-3.19608,0,0,0,0,0,0
25.4452,1.72893,-0.901556,0.130522,0.419892,0.805897,-0.0326934,18.7386,-5.01956,1.65528,-4.07376,3.15468,-3.19608,0,0,0,0,0,0
25.4503,1.491,-0.908139,0.122856,0.388408,0.770733,0.00864857,15.7797,-3.47114,2.33244,-3.36996,3.1878,-4.36356,0,0,0,0,0,0
25.4553,1.3615,-0.928152,0.118154,0.390146,0.889865,0.0559906,16.7371,-3.80998,1.1704,-4.81896,-0.29808,-3.24576,0,0,0,0,0,0
25.4602,1.19417,-0.946445,0.111611,0.436185,1.20647,0.023748,17.9034,-3.77846,2.35334,-5.11704,-0.94392,-2.64132,0,0,0,0,0,0
25.4652,1.01187,-0.960711,0.106062,0.473314,1.44623,-0.0508527,18.0688,-3.9794,1.15995,-5.00112,0.94392,-2.47572,0,0,0,0,0,0
25.4702,0.830438,-0.970062,0.116921,0.499069,1.57102,-0.12438,18.0688,-3.9794,1.15995,-5.00112,0.94392,-2.47572,0,0,0,0,0,0
25.4752,0.625717,-0.980652,0.114277,0.496497,1.69521,-0.190707,18.7505,-3.67602,2.40768,-3.69288,0.414,-2.39292,0,0,0,0,0,0
25.4802,0.455054,-0.998933,0.100067,0.553794,1.89836,-0.182774,17.3163,-3.45932,1.86846,-6.75648,-1.00188,-3.80052,0,0,0,0,0,0
25.4853,0.401262,-1.017,0.0904195,0.639417,1.9885,-0.13922,14.9484,-3.73512,2.05447,-4.86864,1.863,-3.13812,0,0,0,0,0,0
25.4902,0.450575,-1.02858,0.0779546,0.650541,1.92367,-0.122744,14.9484,-3.73512,2.05447,-4.86864,1.863,-3.13812,0,0,0,0,0,0
25.4954,0.552965,-1.04372,0.0770238,0.643978,1.84942,-0.113862,13.0808,-3.3687,1.1913,-4.19796,1.70568,-2.8566,0,0,0,0,0,0
25.5003,0.697576,-1.05019,0.0958572,0.64182,1.72486,-0.16292,11.7373,-4.25914,0.71687,-4.37184,3.28716,-1.97064,0,0,0,0,0,0
25.5053,0.887498,-1.04639,0.119819,0.632172,1.53969,-0.264551,11.7373,-4.25914,0.71687,-4.37184,3.28716,-1.97064,0,0,0,0,0,0
25.5103,1.08171,-1.04626,0.133738,0.626338,1.37373,-0.293941,10.9571,-3.94788,1.49644,-4.23108,3.04704,-3.312,0,0,0,0,0,0
25.5152,1.29442,-1.0514,0.142087,0.633299,1.27604,-0.216615,9.55056,-4.12518,0.80883,-4.65336,2.58336,-3.92472,0,0,0,0,0,0
25.5203,1.54601,-1.05191,0.149262,0.627529,1.21622,-0.109187,9.36144,-4.15276,1.672,-4.27248,2.67444,-3.8088,0,0,0,0,0,0
25.5252,1.69446,-1.03978,0.150559,0.638101,1.08575,-0.0517976,11.5403,-5.68542,1.20384,-4.73616,4.1814,-3.08844,0,0,0,0,0,0
25.5303,1.77524,-1.00562,0.161342,0.645425,0.909677,-0.0446582,11.5403,-5.68542,1.20384,-4.73616,4.1814,-3.08844,0,0,0,0,0,0
25.5353,1.81125,-0.971293,0.180674,0.652528,0.756554,-0.0773214,12.2179,-5.61844,0.71478,-4.46292,4.08204,-2.36808,0,0,0,0,0,0
25.5402,1.75506,-0.942481,0.195981,0.633514,0.754664,-0.0617193,13.727,-5.58298,1.28117,-3.28716,1.84644,-4.0572,0,0,0,0,0,0
25.5454,1.66453,-0.917468,0.199416,0.580251,0.89246,0.041706,13.727,-5.58298,1.28117,-3.28716,1.84644,-4.0572,0,0,0,0,0,0
25.5503,1.59709,-0.907963,0.20893,0.537294,0.989262,0.144729,12.7892,-4.58616,0.57057,-3.01392,2.277,-4.23936,0,0,0,0,0,0
25.5552,1.50887,-0.920758,0.217238,0.483097,1.11268,0.256938,13.6954,-3.97152,0.95513,-2.55852,1.29996,-4.27248,0,0,0,0,0,0
25.5604,1.42033,-0.932836,0.225209,0.40492,1.285,0.344596,13.6954,-3.97152,0.95513,-2.55852,1.29996,-4.27248,0,0,0,0,0,0
25.5652,1.374,-0.937207,0.231502,0.335822,1.31722,0.305091,12.1707,-4.3143,1.31461,-2.29356,3.4776,-2.13624,0,0,0,0,0,0
25.5704,1.36796,-0.941527,0.231657,0.312076,1.22122,0.162032,12.5134,-4.1764,1.22683,-4.44636,3.58524,-2.45916,0,0,0,0,0,0
25.5753,1.36315,-0.933159,0.246584,0.30358,1.17337,0.0824504,11.0202,-5.52388,0.1881,-2.84832,2.7324,-3.16296,0,0,0,0,0,0
25.5802,1.42005,-0.908834,0.273888,0.25111,1.17358,0.062917,11.0202,-5.52388,0.1881,-2.84832,2.7324,-3.16296,0,0,0,0,0,0
25.5852,1.48297,-0.883167,0.302054,0.202429,1.16894,0.0593846,11.0202,-5.52388,0.1881,-2.84832,2.7324,-3.16296,0,0,0,0,0,0
25.5903,1.52985,-0.872505,0.316227,0.196105,1.13091,0.0854588,10.9335,-4.04638,1.3585,-3.98268,3.26232,-3.519,0,0,0,0,0,0
25.5952,1.58642,-0.874179,0.308231,0.226733,1.15332,0.0874858,10.5356,-4.69254,1.61557,-4.48776,1.78848,-2.74896,0,0,0,0,0,0
25.6004,1.60055,-0.869032,0.29276,0.259617,1.17356,0.0111228,11.6782,-4.728,1.9019,-3.86676,3.5604,-2.00376,0,0,0,0,0,0
25.6055,1.60551,-0.864213,0.271242,0.265738,1.10285,-0.103586,11.6782,-4.728,1.9019,-3.86676,3.5604,-2.00376,0,0,0,0,0,0
25.6102,1.61476,-0.860072,0.25125,0.269768,1.03783,-0.202009,11.6782,-4.728,1.9019,-3.86676,3.5604,-2.00376,0,0,0,0,0,0
25.6151,1.65451,-0.861803,0.244405,0.262765,1.05152,-0.245448,9.7318,-4.1961,0.82137,-3.03876,1.99548,-2.94768,0,0,0,0,0,0
25.6202,1.74008,-0.863697,0.255595,0.226465,1.16025,-0.244581,9.7318,-4.1961,0.82137,-3.03876,1.99548,-2.94768,0,0,0,0,0,0
25.6252,1.76781,-0.865543,0.251161,0.219962,1.22624,-0.171293,11.0162,-4.05426,2.26138,-3.87504,2.7324,-4.3884,0,0,0,0,0,0
25.6302,1.76276,-0.871598,0.239377,0.203215,1.23202,-0.0731354,10.5828,-4.08972,1.15995,-2.84832,3.16296,-3.36996,0,0,0,0,0,0
25.6353,1.75865,-0.870967,0.241381,0.175283,1.23681,-0.0623495,10.1219,-4.2355,1.49435,-3.37824,3.05532,-2.64132,0,0,0,0,0,0
25.6402,1.76,-0.870684,0.233915,0.207683,1.26565,-0.111409,10.2676,-4.334,1.65528,-5.08392,2.65788,-2.31012,0,0,0,0,0,0
25.6452,1.68074,-0.869864,0.212281,0.297364,1.27031,-0.187492,12.5134,-4.24338,2.68983,-5.53104,3.65148,-2.08656,0,0,0,0,0,0
25.6502,1.59066,-0.865886,0.178873,0.377582,1.214,-0.270854,12.5134,-4.24338,2.68983,-5.53104,3.65148,-2.08656,0,0,0,0,0,0
25.6552,1.5114,-0.855645,0.160703,0.415524,1.19052,-0.290743,12.545,-4.75558,1.60512,-4.00752,2.898,-3.15468,0,0,0,0,0,0
25.6603,1.50524,-0.840805,0.159416,0.383143,1.16065,-0.217742,10.7562,-4.30642,1.63647,-2.90628,3.46104,-3.98268,0,0,0,0,0,0
25.6655,1.56134,-0.844536,0.160107,0.339717,1.1675,-0.0930933,10.3267,-3.7036,0.94677,-2.9808,2.28528,-4.12344,0,0,0,0,0,0
25.6704,1.62107,-0.858691,0.158559,0.322975,1.26634,-0.0195336,9.83424,-3.98334,1.31252,-3.54384,1.91268,-3.11328,0,0,0,0,0,0
25.6752,1.63977,-0.855358,0.168049,0.312364,1.38041,-0.0206577,11.4693,-4.78316,0.5016,-3.19608,1.96236,-2.84004,0,0,0,0,0,0
25.6803,1.64519,-0.857755,0.180972,0.314793,1.44295,-0.0503962,9.93668,-3.82574,0.84018,-3.933,2.91456,-2.74896,0,0,0,0,0,0
25.6852,1.74428,-0.860265,0.18028,0.28194,1.4519,-0.113875,7.51358,-5.23232,1.18085,-1.85472,2.8566,-2.18592,0,0,0,0,0,0
25.6904,1.87809,-0.849275,0.195606,0.236568,1.47241,-0.188111,7.93122,-4.59404,0.01045,-3.21264,2.75724,-2.6496,0,0,0,0,0,0
25.6952,1.96297,-0.853379,0.201658,0.210788,1.46051,-0.258684,7.8012,-4.16458,1.53824,-2.3598,3.726,-1.87956,0,0,0,0,0,0
25.7003,2.03389,-0.852591,0.205179,0.184395,1.37754,-0.261326,7.78938,-4.6492,0.50996,-3.29544,4.31388,-3.56868,0,0,0,0,0,0
25.7054,2.10541,-0.852892,0.210383,0.12462,1.16435,-0.168731,7.17474,-4.17246,1.30625,-0.9936,6.26796,-3.54384,0,0,0,0,0,0
25.7104,2.14044,-0.861724,0.206015,0.0748329,0.944085,-0.0505562,8.40008,-4.22762,0.95304,-3.27888,5.02596,-4.1814,0,0,0,0,0,0
25.7153,2.14587,-0.874788,0.210598,0.0657645,0.827646,-0.015894,7.40326,-3.75482,0.67089,-2.4426,4.761,-2.20248,0,0,0,0,0,0
25.7204,2.1961,-0.887634,0.220812,0.0267875,0.737967,-0.0926564,7.40326,-3.75482,0.67089,-2.4426,4.761,-2.20248,0,0,0,0,0,0
25.7254,2.23922,-0.894927,0.230702,-0.0119316,0.665443,-0.122521,7.37568,-4.03456,0.8151,-2.26872,4.68648,-3.04704,0,0,0,0,0,0
25.7304,2.19279,-0.89336,0.239282,-0.0427856,0.70053,-0.116227,9.73968,-4.65314,0.69388,-2.46744,3.34512,-2.99736,0,0,0,0,0,0
25.7354,2.1345,-0.893396,0.242192,-0.0782796,0.764356,-0.120669,8.12822,-4.01486,1.1286,-2.16108,4.00752,-2.87316,0,0,0,0,0,0
25.7402,2.12033,-0.904587,0.234576,-0.121095,0.790424,-0.125291,8.12822,-4.01486,1.1286,-2.16108,4.00752,-2.87316,0,0,0,0,0,0
25.7452,2.07214,-0.922405,0.238166,-0.141883,0.816657,-0.0944083,8.92016,-3.65238,0.08778,-2.92284,4.02408,-3.46104,0,0,0,0,0,0
25.7502,2.02229,-0.935666,0.249554,-0.145198,0.89696,-0.00175542,8.4907,-3.8809,0.79629,-2.74068,2.91456,-4.0158,0,0,0,0,0,0
25.7552,1.98708,-0.952059,0.24828,-0.1219,1.0038,0.0728473,7.98244,-3.56964,0.91124,-3.63492,3.49416,-3.15468,0,0,0,0,0,0
25.7603,1.98537,-0.967237,0.248101,-0.0792954,1.06248,0.0940917,7.98244,-3.56964,0.91124,-3.63492,3.49416,-3.15468,0,0,0,0,0,0
25.7653,1.95741,-0.975073,0.245359,-0.0601158,1.0636,0.0923917,8.79802,-4.0779,1.31879,-2.62476,4.39668,-2.7738,0,0,0,0,0,0
25.7704,1.92788,-0.992979,0.233133,-0.0562623,1.03483,0.0539552,8.12822,-2.88802,1.37104,-3.05532,4.07376,-2.63304,0,0,0,0,0,0
25.7757,1.92371,-1.0127,0.215744,-0.0358412,0.900423,-0.0310752,7.9785,-4.00698,1.6302,-3.09672,6.22656,-2.07,0,0,0,0,0,0
25.7802,1.94267,-1.02055,0.204075,-0.0128909,0.764396,-0.11318,7.0723,-3.54206,1.28953,-3.52728,4.73616,-2.18592,0,0,0,0,0,0
25.7853,1.99819,-1.04623,0.185514,0.027126,0.677977,-0.179229,6.47736,-2.78952,1.76187,-3.6018,5.23296,-2.3184,0,0,0,0,0,0
25.7902,2.04291,-1.06448,0.175743,0.0365123,0.629486,-0.153258,6.7177,-3.91636,0.836,-2.3598,4.48776,-3.75084,0,0,0,0,0,0
25.7952,2.08522,-1.06728,0.169432,0.024234,0.536773,-0.0359441,6.41038,-3.92818,1.6929,-2.7738,6.23484,-4.03236,0,0,0,0,0,0
25.8002,2.10893,-1.07129,0.161831,0.0227687,0.404687,0.0441031,6.68224,-4.03456,0.83809,-2.50884,5.589,-3.07188,0,0,0,0,0,0
25.8053,2.11439,-1.0681,0.166141,0.014545,0.263967,0.105252,6.91076,-4.25126,0.95722,-2.83176,6.65712,-3.89988,0,0,0,0,0,0
25.8104,2.10231,-1.06525,0.169799,-0.00723286,0.0676023,0.0935758,6.84378,-4.20398,0.7942,-2.0286,6.97176,-1.8216,0,0,0,0,0,0
25.8152,2.0912,-1.05828,0.17403,-0.0364471,0.00576269,0.0266196,7.02108,-4.90136,0.73986,-2.40948,4.4712,-2.75724,0,0,0,0,0,0
25.8202,2.1025,-1.05286,0.176055,-0.0440058,0.0527469,-0.0404509,6.0676,-3.99516,0.94886,-2.79864,5.10876,-1.92096,0,0,0,0,0,0
25.8252,2.09613,-1.05581,0.180879,-0.0684199,0.113251,-0.169341,7.34416,-4.13306,0.44935,-1.7802,4.33044,-1.46556,0,0,0,0,0,0
25.8301,2.06843,-1.04477,0.195384,-0.0852073,0.230821,-0.310442,6.84772,-5.01956,0.32186,-2.95596,3.95784,-1.33308,0,0,0,0,0,0
25.8352,1.99853,-1.0216,0.204755,-0.0891363,0.300333,-0.338134,7.69482,-5.35446,0.95513,-2.2356,5.53932,-3.3948,0,0,0,0,0,0
25.8403,1.91873,-0.998933,0.200721,-0.112294,0.273162,-0.245139,7.69482,-5.35446,0.95513,-2.2356,5.53932,-3.3948,0,0,0,0,0,0
25.8452,1.87417,-0.979571,0.189746,-0.094932,0.25286,-0.174402,6.19762,-5.39386,1.37313,-3.726,5.382,-2.96424,0,0,0,0,0,0
25.8504,1.88306,-0.959689,0.187213,-0.0798237,0.282469,-0.0840922,5.76028,-5.06684,0.46189,-2.18592,4.60368,-3.91644,0,0,0,0,0,0
25.8553,1.92888,-0.940007,0.199044,-0.104983,0.329878,0.0331342,5.76028,-5.06684,0.46189,-2.18592,4.60368,-3.91644,0,0,0,0,0,0
25.8602,1.94653,-0.925388,0.20072,-0.103958,0.305009,0.0473482,6.54434,-4.44826,1.463,-3.12984,6.003,-2.05344,0,0,0,0,0,0
25.8653,1.93593,-0.920994,0.184599,-0.0747241,0.216579,-0.0448161,6.54434,-4.44826,1.463,-3.12984,6.003,-2.05344,0,0,0,0,0,0
25.8702,1.90459,-0.914382,0.183003,-0.0642182,0.200733,-0.105413,6.51282,-5.03532,0.17347,-2.21076,4.968,-2.55852,0,0,0,0,0,0
25.8752,1.85107,-0.897451,0.189423,-0.0803835,0.238472,-0.198295,6.80438,-5.65784,0.81928,-2.277,5.18328,-1.21716,0,0,0,0,0,0
25.8803,1.7942,-0.87054,0.189566,-0.0895323,0.267656,-0.357394,6.80438,-5.65784,0.81928,-2.277,5.18328,-1.21716,0,0,0,0,0,0
25.8853,1.75922,-0.84617,0.190882,-0.0948409,0.320063,-0.458586,5.66178,-5.35446,0.85063,-2.18592,4.761,-2.06172,0,0,0,0,0,0
25.8904,1.7709,-0.827279,0.191889,-0.116045,0.361753,-0.507648,5.12988,-5.17716,0.78584,-1.67256,5.28264,-1.97064,0,0,0,0,0,0
25.8955,1.77359,-0.809551,0.193433,-0.140243,0.334717,-0.454076,5.78786,-5.26778,0.79838,-2.08656,6.03612,-3.86676,0,0,0,0,0,0
25.9004,1.77651,-0.798125,0.18996,-0.121661,0.313007,-0.328206,4.95258,-4.73982,1.13696,-3.3534,5.24124,-3.3948,0,0,0,0,0,0
25.9053,1.78128,-0.795362,0.187151,-0.0777217,0.316145,-0.190566,4.64132,-4.42068,0.74404,-3.22092,5.91192,-4.1814,0,0,0,0,0,0
25.9103,1.78349,-0.808872,0.183863,-0.0780507,0.237148,-0.120279,4.12124,-3.47114,1.01783,-1.66428,7.07112,-2.28528,0,0,0,0,0,0
25.9152,1.79314,-0.819353,0.177967,-0.120205,0.164112,-0.131317,3.17958,-4.72012,0.99066,-1.56492,6.19344,-2.70756,0,0,0,0,0,0
25.9202,1.82113,-0.81319,0.17871,-0.126559,0.138339,-0.180441,2.67526,-4.5901,0.84018,-3.07188,6.46668,-1.6974,0,0,0,0,0,0
25.9253,1.86371,-0.814305,0.183535,-0.0988073,0.070111,-0.237107,1.80058,-3.79028,0.81928,-3.08016,7.31952,-2.484,0,0,0,0,0,0
25.9303,1.88376,-0.826023,0.183379,-0.106205,-0.0738576,-0.259081,2.63586,-3.55388,1.24355,-1.82988,8.25516,-2.33496,0,0,0,0,0,0
25.9354,1.8496,-0.833701,0.178332,-0.127535,-0.23755,-0.345505,2.99046,-3.75876,1.4839,-2.484,8.10612,-1.15092,0,0,0,0,0,0
25.9404,1.71888,-0.843309,0.183256,-0.153855,-0.361502,-0.424007,5.4766,-3.1126,0.62282,-1.83816,8.1144,-2.277,0,0,0,0,0,0
25.9455,1.39213,-0.837855,0.199644,-0.201984,-0.487225,-0.452778,9.9485,-5.53176,0.40964,-1.39932,8.51184,-1.97064,0,0,0,0,0,0
25.9503,1.12971,-0.833659,0.195641,-0.228558,-0.585699,-0.409984,6.2252,-3.65632,1.57377,-2.13624,7.29468,-3.57696,0,0,0,0,0,0
25.9552,1.0184,-0.839202,0.183823,-0.250951,-0.489762,-0.293662,5.44508,-4.65314,0.85481,-1.44072,4.46292,-3.3948,0,0,0,0,0,0
25.9603,0.969434,-0.830347,0.190608,-0.294268,-0.207743,-0.144828,5.23626,-4.8856,0.14212,-1.10952,3.5604,-4.28904,0,0,0,0,0,0
25.9652,0.933016,-0.826494,0.198947,-0.351777,0.060771,0.0121861,5.8903,-4.30248,0.57684,-0.72036,3.99924,-3.8916,0,0,0,0,0,0
25.9704,0.891498,-0.815926,0.20329,-0.397915,0.261908,0.122731,5.88636,-5.2599,0.60192,-1.58976,4.49604,-3.53556,0,0,0,0,0,0
25.9753,0.859917,-0.811415,0.207282,-0.417795,0.271118,0.164669,5.13382,-4.27884,0.32813,-1.4076,7.25328,-2.94768,0,0,0,0,0,0
25.9802,0.865414,-0.818586,0.21654,-0.42922,0.158497,0.129073,4.65314,-4.01486,0.20482,-1.83816,6.5412,-2.16108,0,0,0,0,0,0
25.9853,0.884565,-0.829636,0.225956,-0.428454,0.08036,0.0502109,4.65314,-4.01486,0.20482,-1.83816,6.5412,-2.16108,0,0,0,0,0,0
25.9902,0.906011,-0.843691,0.230284,-0.442451,-0.0178334,-0.0483007,3.78634,-3.79816,0.55176,-1.18404,7.35264,-1.5732,0,0,0,0,0,0
25.9952,0.963855,-0.858469,0.230171,-0.474801,-0.162173,-0.171571,3.78634,-3.79816,0.55176,-1.18404,7.35264,-1.5732,0,0,0,0,0,0
26.0002,1.0232,-0.871978,0.230776,-0.507876,-0.299525,-0.284589,3.78634,-3.79816,0.55176,-1.18404,7.35264,-1.5732,0,0,0,0,0,0
26.0052,1.05501,-0.88037,0.227653,-0.552019,-0.3949,-0.359113,4.05032,-4.28672,0.96767,-0.73692,6.9552,-2.09484,0,0,0,0,0,0
26.0103,1.08384,-0.883853,0.222421,-0.603482,-0.514741,-0.371413,3.54206,-4.14882,0.74822,-0.81144,8.1558,-2.6496,0,0,0,0,0,0
26.0153,1.10978,-0.887466,0.218451,-0.653641,-0.677296,-0.319145,3.36476,-4.2158,0.9405,-0.7038,8.20548,-3.19608,0,0,0,0,0,0
26.0203,1.1289,-0.893141,0.218653,-0.694442,-0.76494,-0.193976,3.49084,-3.85726,0.47652,-0.96876,7.07112,-4.04892,0,0,0,0,0,0
26.0253,1.1024,-0.899253,0.212693,-0.730814,-0.741106,-0.0216874,4.42068,-4.92106,1.01783,-0.72864,6.54948,-4.24764,0,0,0,0,0,0
26.0304,1.04313,-0.893519,0.207703,-0.771093,-0.71726,0.138304,4.85802,-4.38916,0.74613,-0.77004,7.13736,-4.09032,0,0,0,0,0,0
26.0354,0.998179,-0.910623,0.201025,-0.806708,-0.674783,0.258194,4.25914,-3.03774,0.92378,-0.7452,6.06096,-3.8502,0,0,0,0,0,0
26.0403,0.939219,-0.928387,0.200037,-0.834719,-0.49755,0.295729,5.0432,-4.24338,0.32604,-0.89424,4.57884,-2.76552,0,0,0,0,0,0
26.0453,0.854131,-0.92455,0.205224,-0.866119,-0.312662,0.283631,4.83044,-4.77528,0.76703,-0.63756,5.90364,-3.0222,0,0,0,0,0,0
26.0505,0.751468,-0.919025,0.210159,-0.9162,-0.215206,0.233922,5.07472,-4.2946,0.45144,-0.18216,6.20172,-2.16108,0,0,0,0,0,0
26.0555,0.648257,-0.919991,0.210381,-0.996326,-0.150607,0.149331,5.01562,-4.21974,1.045,0.72036,6.17688,-2.21904,0,0,0,0,0,0
26.0602,0.594984,-0.916666,0.207083,-1.09815,-0.0975473,0.0419114,3.7036,-5.0235,0.57684,1.19232,6.10236,-1.4076,0,0,0,0,0,0
26.0652,0.581534,-0.910206,0.206588,-1.2171,-0.0848926,-0.071823,3.84544,-4.21186,0.97603,1.52352,6.77304,-2.02032,0,0,0,0,0,0
26.0702,0.573398,-0.912356,0.205012,-1.33803,-0.123815,-0.192553,3.3884,-4.30248,0.61446,1.97892,7.02144,-1.05156,0,0,0,0,0,0
26.0753,0.563435,-0.918433,0.198797,-1.44326,-0.144633,-0.297071,3.51842,-4.03456,1.1704,2.46744,6.51636,-2.1942,0,0,0,0,0,0
26.0802,0.546087,-0.911243,0.197748,-1.49607,-0.159622,-0.315728,3.60116,-5.35052,0.44099,2.50056,6.90552,-2.41776,0,0,0,0,0,0
26.0853,0.522708,-0.890266,0.204964,-1.4843,-0.21845,-0.314545,3.88484,-5.01562,0.6897,2.74068,7.25328,-2.46744,0,0,0,0,0,0
26.0902,0.484938,-0.87902,0.205332,-1.41387,-0.290554,-0.239347,4.14882,-4.90924,0.73359,2.31012,7.1622,-3.79224,0,0,0,0,0,0
26.0953,0.445336,-0.872722,0.206819,-1.3137,-0.340698,-0.100045,4.11336,-4.43644,0.62909,2.68272,6.69024,-3.65148,0,0,0,0,0,0
26.1002,0.442342,-0.871046,0.204175,-1.20575,-0.388834,0.0134334,2.99834,-4.47978,1.02619,2.25216,7.00488,-3.56868,0,0,0,0,0,0
26.1052,0.475698,-0.87278,0.200873,-1.09618,-0.46615,0.0997891,2.35218,-4.0976,0.69597,2.65788,7.15392,-3.32028,0,0,0,0,0,0
26.1104,0.519399,-0.874451,0.204608,-0.996681,-0.556667,0.160715,2.35218,-4.0976,0.69597,2.65788,7.15392,-3.32028,0,0,0,0,0,0
26.1153,0.4876,-0.862299,0.214168,-0.902618,-0.620627,0.185768,4.4916,-5.41356,0.35321,2.35152,6.82272,-2.87316,0,0,0,0,0,0
26.1203,0.403025,-0.839171,0.227199,-0.803401,-0.656316,0.160214,4.18822,-5.39386,0.30096,2.34324,6.49152,-2.36808,0,0,0,0,0,0
26.1253,0.337535,-0.809315,0.235979,-0.727642,-0.685018,0.108654,3.86514,-5.8903,0.77957,3.17124,6.39216,-2.37636,0,0,0,0,0,0
26.1306,0.285993,-0.77762,0.234584,-0.673802,-0.734525,0.0597372,3.86514,-5.8903,0.77957,3.17124,6.39216,-2.37636,0,0,0,0,0,0
26.1355,0.242446,-0.763624,0.226233,-0.614146,-0.79286,-0.00851261,3.3884,-4.83438,1.16413,2.55852,6.26796,-1.78848,0,0,0,0,0,0
26.1402,0.225932,-0.753659,0.220435,-0.548853,-0.817053,-0.078853,2.40734,-6.07942,0.31768,2.88972,5.48964,-2.17764,0,0,0,0,0,0
26.1452,0.231359,-0.724829,0.229694,-0.488686,-0.819985,-0.130133,2.40734,-6.07942,0.31768,2.88972,5.48964,-2.17764,0,0,0,0,0,0
26.1502,0.111739,-0.699041,0.239239,-0.423125,-0.790613,-0.21532,6.76498,-5.6145,0.53713,2.47572,4.53744,-1.41588,0,0,0,0,0,0
26.1551,-0.0467551,-0.682438,0.240791,-0.350568,-0.769141,-0.327819,6.76498,-5.6145,0.53713,2.47572,4.53744,-1.41588,0,0,0,0,0,0
26.1602,-0.107518,-0.671408,0.244945,-0.294768,-0.778403,-0.42424,3.99122,-5.29536,0.15675,3.01392,4.43808,-1.59804,0,0,0,0,0,0
26.1652,-0.0744405,-0.675887,0.248042,-0.240902,-0.756241,-0.496577,3.67996,-4.334,0.49324,2.484,3.48588,-1.68912,0,0,0,0,0,0
26.1701,-0.0332848,-0.686729,0.244328,-0.217092,-0.646388,-0.513043,3.2111,-4.9841,0.53086,4.12344,2.55852,-2.49228,0,0,0,0,0,0
26.1752,-0.000908379,-0.693961,0.24092,-0.221589,-0.482294,-0.445713,2.75406,-4.41674,0.71687,3.59352,2.55024,-3.15468,0,0,0,0,0,0
26.1803,0.0307898,-0.68928,0.241983,-0.184422,-0.328774,-0.340931,1.92666,-5.4963,0.6061,2.58336,2.63304,-3.27888,0,0,0,0,0,0
26.1853,0.0687647,-0.682957,0.241395,-0.131724,-0.222225,-0.233501,1.9503,-4.66102,0.83182,2.7324,2.6496,-3.34512,0,0,0,0,0,0
26.1903,0.0702917,-0.686793,0.242956,-0.109964,-0.186868,-0.125376,2.45856,-4.28672,0.63327,3.50244,3.28716,-3.41136,0,0,0,0,0,0
26.1952,0.0672239,-0.684435,0.24844,-0.104667,-0.234105,-0.0534382,2.04486,-5.04714,0.62282,3.41964,3.26232,-2.93112,0,0,0,0,0,0
26.2006,0.0899453,-0.693349,0.250225,-0.0680143,-0.308422,-0.0143804,1.13866,-3.5854,0.75867,2.55852,2.74896,-2.86488,0,0,0,0,0,0
26.2052,0.0835706,-0.707257,0.249431,-0.0458066,-0.3807,-0.0204346,2.16306,-4.43644,0.84227,3.6432,2.86488,-2.18592,0,0,0,0,0,0
26.2102,0.0498107,-0.71918,0.250572,-0.0439495,-0.490938,-0.0908653,1.86362,-3.83362,0.64999,3.2292,2.7324,-1.71396,0,0,0,0,0,0
26.2158,0.0355856,-0.729542,0.253757,0.0070674,-0.621589,-0.182754,1.00864,-4.54676,0.79002,2.02032,2.49228,-1.87128,0,0,0,0,0,0
26.2203,0.0234223,-0.728855,0.257168,0.0285707,-0.732049,-0.260882,1.89908,-4.82256,0.57475,3.94956,2.49228,-1.49868,0,0,0,0,0,0
26.2255,-0.0386528,-0.71508,0.268078,-0.0219957,-0.854573,-0.342555,2.73436,-5.4175,0.47443,4.93488,2.26044,-1.87956,0,0,0,0,0,0
26.2303,-0.125863,-0.700714,0.280856,-0.0534904,-0.941137,-0.413781,3.01804,-5.0235,0.34067,3.86676,1.93752,-1.41588,0,0,0,0,0,0
26.2353,-0.204922,-0.699791,0.288259,-0.0321253,-1.00705,-0.528893,2.16306,-4.73588,0.53922,3.29544,1.85472,-0.90252,0,0,0,0,0,0
26.2403,-0.276523,-0.704709,0.29536,-0.000267619,-1.02294,-0.658703,2.83286,-4.30642,0.42218,3.63492,1.00188,-0.94392,0,0,0,0,0,0
26.2452,-0.356836,-0.713297,0.300603,0.0381912,-0.986609,-0.762522,2.61616,-4.6098,0.50787,2.898,0.84456,-1.10952,0,0,0,0,0,0
26.2502,-0.4318,-0.722951,0.307819,0.06665,-0.953842,-0.872198,2.96288,-4.23156,0.23617,4.03236,0.91908,-0.63756,0,0,0,0,0,0
26.2554,-0.479844,-0.729535,0.313614,0.0556781,-0.940639,-0.962892,2.11578,-4.8265,0.64372,4.28904,0.96048,-1.27512,0,0,0,0,0,0
26.2603,-0.519444,-0.7364,0.319602,0.0658777,-0.982621,-0.976346,2.64768,-4.16852,0.22572,2.70756,1.93752,-1.83816,0,0,0,0,0,0
26.2653,-0.564116,-0.747274,0.3243,0.0861015,-1.1019,-0.942233,2.53342,-4.85802,0.51832,3.52728,2.33496,-2.08656,0,0,0,0,0,0
26.2704,-0.587512,-0.760516,0.328324,0.0498992,-1.26895,-0.855578,1.93848,-3.79028,0.3553,5.0094,2.88144,-2.82348,0,0,0,0,0,0
26.2752,-0.571481,-0.774219,0.334381,0.0298671,-1.44474,-0.724242,1.31202,-4.49554,0.4598,2.95596,2.84004,-3.22092,0,0,0,0,0,0
26.2803,-0.553383,-0.782937,0.338667,0.0448252,-1.57903,-0.557893,1.4775,-4.20398,0.59356,3.69288,2.36808,-3.51072,0,0,0,0,0,0
26.2853,-0.536112,-0.780092,0.344476,0.0407689,-1.66903,-0.391987,1.24504,-5.28354,0.53922,3.41964,2.28528,-3.56868,0,0,0,0,0,0
26.2903,-0.488337,-0.77366,0.342254,0.0297756,-1.78595,-0.251928,0.42552,-4.99592,0.93841,4.02408,3.08016,-3.32028,0,0,0,0,0,0
26.2954,-0.426662,-0.768585,0.335772,0.0150716,-1.93025,-0.137331,0.42552,-4.99592,0.93841,4.02408,3.08016,-3.32028,0,0,0,0,0,0
26.3002,-0.433725,-0.76816,0.332624,0.0192024,-2.02178,-0.0489441,2.27732,-4.79104,0.67716,3.3948,2.49228,-3.19608,0,0,0,0,0,0
26.3053,-0.488215,-0.768312,0.333124,0.0417438,-2.06952,0.0267052,2.27732,-4.79104,0.67716,3.3948,2.49228,-3.19608,0,0,0,0,0,0
26.3104,-0.545058,-0.768061,0.332082,0.0318824,-2.10034,0.0570161,1.98182,-4.99986,0.76285,4.49604,2.38464,-2.51712,0,0,0,0,0,0
26.3153,-0.577002,-0.747046,0.338697,0.0235741,-2.11161,0.0353089,1.63904,-6.07942,0.52459,3.48588,2.1942,-2.34324,0,0,0,0,0,0
26.3203,-0.61471,-0.720564,0.345801,0.0244407,-2.06143,-0.0149364,1.70602,-5.68148,0.67716,4.04892,1.29996,-2.02032,0,0,0,0,0,0
26.3253,-0.658959,-0.695102,0.354216,0.0133899,-1.93919,-0.0745898,1.48538,-6.11488,0.37202,3.75084,0.8694,-2.08656,0,0,0,0,0,0
26.3303,-0.699456,-0.668126,0.361759,0.000773269,-1.78619,-0.158537,1.26474,-5.93364,0.65626,4.20624,0.68724,-1.43244,0,0,0,0,0,0
26.3354,-0.747658,-0.656814,0.363496,0.00726269,-1.67714,-0.260797,1.84392,-5.07866,0.48488,3.17952,1.47384,-1.6146,0,0,0,0,0,0
26.3402,-0.79159,-0.637432,0.371997,0.0365816,-1.62325,-0.321989,1.65874,-6.3828,0.24662,3.0222,1.30824,-1.95408,0,0,0,0,0,0
26.3453,-0.862226,-0.612377,0.382017,0.0494083,-1.52903,-0.387009,2.47432,-5.68148,0.20691,3.74256,0.6624,-1.449,0,0,0,0,0,0
26.3504,-0.934633,-0.605224,0.391028,0.0435905,-1.43243,-0.473083,1.8912,-4.9447,-0.03971,3.65976,1.0764,-1.42416,0,0,0,0,0,0
26.3552,-0.989949,-0.60534,0.403675,0.0646327,-1.39579,-0.560816,2.33248,-4.78316,-0.27797,2.72412,1.42416,-1.2006,0,0,0,0,0,0
26.3603,-1.04822,-0.60612,0.412915,0.100585,-1.38339,-0.646512,2.13548,-5.28748,-0.3135,3.51072,1.35792,-1.34964,0,0,0,0,0,0
26.3653,-1.08247,-0.620217,0.421499,0.10947,-1.34005,-0.738281,1.3396,-3.41598,-0.72314,3.90816,0.7866,-0.85284,0,0,0,0,0,0
26.3703,-1.0791,-0.625236,0.427908,0.112242,-1.32333,-0.844857,0.18124,-5.82332,-0.60819,3.8088,2.0286,-0.86112,0,0,0,0,0,0
26.3753,-1.06776,-0.611409,0.422188,0.104109,-1.37191,-0.928303,1.40658,-5.40568,-0.64372,4.2642,1.89612,-1.0764,0,0,0,0,0,0
26.3802,-1.08812,-0.604391,0.405327,0.125386,-1.37428,-0.973164,1.21352,-5.46478,-0.64999,2.96424,1.18404,-1.39104,0,0,0,0,0,0
26.3854,-1.12436,-0.606788,0.37172,0.160133,-1.35413,-0.98358,1.5957,-4.96046,-0.36575,3.6846,1.54008,-1.60632,0,0,0,0,0,0
26.3903,-1.1136,-0.626716,0.334145,0.203376,-1.37345,-0.978614,0.08274,-3.95182,-0.88825,2.484,1.79676,-1.58976,0,0,0,0,0,0
26.3953,-1.09466,-0.643596,0.30389,0.251382,-1.41105,-0.951021,0.41764,-4.69254,-0.98021,2.898,2.08656,-2.0286,0,0,0,0,0,0
26.4003,-1.10288,-0.656311,0.273263,0.280269,-1.45558,-0.868178,0.40582,-4.25914,-1.01574,3.3534,2.26872,-2.691,0,0,0,0,0,0
26.4053,-1.10304,-0.66943,0.243205,0.29013,-1.50505,-0.7425,-0.13396,-4.37734,-0.99275,3.3948,2.34324,-2.97252,0,0,0,0,0,0
26.4102,-1.07892,-0.675537,0.213861,0.308345,-1.57389,-0.612024,-1.53266,-4.5113,-0.75867,2.63304,3.00564,-3.05532,0,0,0,0,0,0
26.4155,-1.05505,-0.666213,0.182462,0.354241,-1.68836,-0.469295,-0.77224,-5.27566,-0.68552,2.484,3.4776,-3.24576,0,0,0,0,0,0
26.4202,-1.08091,-0.673822,0.151104,0.365997,-1.76751,-0.340388,-0.32308,-3.01016,-0.50996,3.61836,2.90628,-3.37824,0,0,0,0,0,0
26.4253,-1.14196,-0.678744,0.121533,0.366839,-1.79136,-0.208228,-0.13396,-4.9841,-0.62491,3.08844,2.68272,-3.38652,0,0,0,0,0,0
26.4304,-1.20228,-0.684487,0.0958531,0.35136,-1.78113,-0.0893689,-0.73678,-2.60828,-0.55176,3.84192,2.484,-3.40308,0,0,0,0,0,0
26.4354,-1.24122,-0.718595,0.0666307,0.320103,-1.75827,0.0170494,-0.73678,-2.60828,-0.55176,3.84192,2.484,-3.40308,0,0,0,0,0,0
26.4404,-1.27201,-0.740971,0.0418782,0.251112,-1.65463,0.0983625,-1.10714,-4.28278,-1.13696,5.34888,0.7866,-3.12984,0,0,0,0,0,0
26.4453,-1.48748,-0.723497,0.0301021,0.134661,-1.46374,0.165078,6.41432,-5.98486,-1.18921,5.96988,0.65412,-3.36168,0,0,0,0,0,0
26.4502,-1.77062,-0.71504,0.00856825,0.0744644,-1.32026,0.223375,2.9747,-4.44038,-1.06799,3.62664,1.05156,-3.105,0,0,0,0,0,0
26.4553,-1.86572,-0.728802,-0.0267358,0.0530803,-1.21356,0.247461,0.90226,-4.63344,-0.77957,4.86864,0.52992,-2.79864,0,0,0,0,0,0
26.4603,-1.8769,-0.734157,-0.0549136,0.0229028,-1.08192,0.244949,1.44598,-5.1417,-1.56332,4.12344,-0.15732,-2.68272,0,0,0,0,0,0
26.4652,-1.91396,-0.735736,-0.0739056,0.0216661,-0.898936,0.230728,2.3049,-5.26384,-1.56541,3.87504,-0.87768,-2.59164,0,0,0,0,0,0
26.4703,-1.97652,-0.735864,-0.0952168,0.026187,-0.737473,0.19451,2.54524,-5.3584,-1.44837,4.3056,0.10764,-2.26044,0,0,0,0,0,0
26.4753,-2.03448,-0.721424,-0.120488,0.0479044,-0.703728,0.125132,2.44674,-6.94622,-1.27281,3.11328,0.98532,-1.91268,0,0,0,0,0,0
26.4804,-2.04862,-0.694886,-0.148529,0.0643463,-0.740847,0.0362164,1.23716,-6.33158,-1.12233,4.4712,1.27512,-1.7802,0,0,0,0,0,0
26.4854,-2.05224,-0.69032,-0.180651,0.0343188,-0.798737,-0.0577325,1.57994,-5.30718,-1.05545,4.74444,1.34964,-1.64772,0,0,0,0,0,0
26.4903,-2.05813,-0.691171,-0.207338,0.00369751,-0.795718,-0.136108,1.38294,-5.63026,-1.32297,4.6782,0.22356,-1.84644,0,0,0,0,0,0
26.4958,-2.02935,-0.687084,-0.226076,0.0160466,-0.812312,-0.198727,0.70526,-5.57116,-1.69499,3.21264,1.60632,-1.92924,0,0,0,0,0,0
26.5004,-1.98262,-0.673592,-0.238117,0.0163314,-0.9307,-0.234754,-0.22458,-6.84378,-1.5675,5.0508,2.54196,-1.99548,0,0,0,0,0,0
26.5053,-1.92384,-0.656281,-0.24982,-0.00181063,-1.12657,-0.282999,0.29944,-5.81938,-1.7138,4.08204,3.08016,-1.6146,0,0,0,0,0,0
26.5104,-1.87683,-0.630671,-0.25411,-0.00147571,-1.28606,-0.349954,0.33884,-7.26142,-1.95415,4.18968,2.00376,-1.58148,0,0,0,0,0,0
26.5154,-1.84133,-0.599725,-0.263693,-0.0386267,-1.40298,-0.417368,0.16548,-6.72164,-1.40448,5.5476,2.78208,-1.47384,0,0,0,0,0,0
26.5202,-1.81624,-0.585009,-0.278712,-0.072416,-1.48468,-0.484061,-0.22852,-5.86272,-1.45046,4.19796,1.85472,-1.4076,0,0,0,0,0,0
26.5252,-1.82918,-0.568732,-0.292122,-0.0802812,-1.43983,-0.551993,1.08744,-6.68618,-1.42329,4.71132,0.7452,-1.33308,0,0,0,0,0,0
26.5303,-1.88123,-0.550429,-0.306404,-0.0850421,-1.31789,-0.621302,1.19776,-6.21732,-1.45464,4.14,0.44712,-1.27512,0,0,0,0,0,0
26.5353,-1.93045,-0.540837,-0.319858,-0.061994,-1.144,-0.691918,0.98106,-6.0676,-1.5257,4.03236,-0.38916,-1.12608,0,0,0,0,0,0
26.5404,-2.00641,-0.534851,-0.337614,-0.0312978,-0.963701,-0.766148,2.17882,-5.96516,-1.15786,3.61836,0.10764,-1.08468,0,0,0,0,0,0
26.5455,-2.06894,-0.534623,-0.356816,-0.0192169,-0.874339,-0.851512,1.52478,-6.06366,-1.70126,4.7196,0.6624,-0.80316,0,0,0,0,0,0
26.5504,-2.10995,-0.548199,-0.382293,-0.00382811,-0.84324,-0.939805,1.39476,-4.55464,-0.52668,3.70944,0.98532,-0.77832,0,0,0,0,0,0
26.5553,-2.17071,-0.556773,-0.414819,0.0323125,-0.772751,-1.00989,2.01334,-6.70588,-1.11397,3.36996,-0.1656,-0.9522,0,0,0,0,0,0
26.5604,-2.23195,-0.550833,-0.436961,0.0424465,-0.682522,-1.06779,1.1229,-5.6933,-1.16413,4.86036,0.64584,-0.9522,0,0,0,0,0,0
26.5653,-2.25449,-0.554837,-0.452354,0.0491422,-0.692847,-1.11834,0.58312,-5.70118,-1.52152,3.88332,1.5318,-0.93564,0,0,0,0,0,0
26.5703,-2.26292,-0.554877,-0.465599,0.083053,-0.725093,-1.15698,0.42158,-5.70512,-1.03246,3.41136,1.035,-1.0764,0,0,0,0,0,0
26.5755,-2.24954,-0.564074,-0.480697,0.140085,-0.800403,-1.18227,0.1773,-5.13776,-1.54451,3.27888,2.20248,-1.08468,0,0,0,0,0,0
26.5803,-2.24119,-0.58057,-0.495197,0.160348,-0.896332,-1.20211,0.13396,-5.06684,-1.00947,4.19796,1.63944,-1.06812,0,0,0,0,0,0
26.5853,-2.21589,-0.593203,-0.513385,0.157871,-0.963341,-1.21911,0.13396,-5.06684,-1.00947,4.19796,1.63944,-1.06812,0,0,0,0,0,0
26.5904,-2.18893,-0.603134,-0.529281,0.138689,-1.0249,-1.23744,-0.20488,-5.38204,-1.16204,4.66992,1.60632,-1.01844,0,0,0,0,0,0
26.5953,-2.14956,-0.606396,-0.546397,0.0979198,-1.06126,-1.25246,-0.27974,-5.88242,-1.00111,5.15016,1.34136,-1.10124,0,0,0,0,0,0
26.6005,-2.11304,-0.599694,-0.553877,0.0593064,-1.05689,-1.24951,-0.03546,-6.01638,-1.70126,4.50432,0.88596,-1.31652,0,0,0,0,0,0
26.6052,-2.1222,-0.589607,-0.553654,0.0208362,-1.01918,-1.23802,1.02046,-6.10306,-1.46509,5.4648,0.86112,-1.27512,0,0,0,0,0,0
26.6103,-2.15127,-0.571197,-0.558171,-0.0110346,-1.00434,-1.21937,0.57918,-7.0329,-1.43583,4.3056,1.2834,-1.44072,0,0,0,0,0,0
26.6151,-2.15965,-0.562428,-0.556765,-0.052019,-0.98643,-1.18871,0.37824,-5.07078,-1.82248,6.05268,0.79488,-1.51524,0,0,0,0,0,0
26.6202,-2.18143,-0.577017,-0.56349,-0.102454,-0.964751,-1.13793,0.8274,-5.66178,-1.32088,5.04252,1.1592,-1.80504,0,0,0,0,0,0
26.6255,-2.23561,-0.578516,-0.566173,-0.105568,-0.929407,-1.06836,1.61146,-5.91,-1.86846,4.6782,0.63756,-1.92096,0,0,0,0,0,0
26.6301,-2.28351,-0.583384,-0.564825,-0.118674,-0.896285,-0.996593,0.591,-5.36234,-1.64065,5.0508,0.98532,-2.14452,0,0,0,0,0,0
26.6352,-2.30195,-0.595573,-0.557933,-0.120235,-0.895875,-0.907054,0.6895,-5.03138,-2.15479,4.33872,1.29996,-2.16936,0,0,0,0,0,0
26.6402,-2.34615,-0.611923,-0.55673,-0.113699,-0.95006,-0.815634,1.23322,-4.71224,-1.04709,4.66164,1.9872,-2.30184,0,0,0,0,0,0
26.6452,-2.37362,-0.624443,-0.570314,-0.12244,-1.0054,-0.715871,0.70132,-5.55146,-1.14741,4.968,1.242,-2.4012,0,0,0,0,0,0
26.6502,-2.49252,-0.621579,-0.585507,-0.18988,-1.03734,-0.615007,4.6492,-6.66648,-1.15995,7.038,1.5318,-2.40948,0,0,0,0,0,0
26.6553,-2.60542,-0.598699,-0.594793,-0.230776,-1.0834,-0.493362,1.63904,-7.53328,-1.69708,4.33872,1.37448,-2.75724,0,0,0,0,0,0
26.6604,-2.59588,-0.597291,-0.611947,-0.220051,-1.09306,-0.361755,0.4137,-5.3781,-1.01574,5.41512,0.7038,-2.66616,0,0,0,0,0,0
26.6657,-2.54602,-0.618215,-0.636976,-0.167991,-1.05775,-0.230696,0.63828,-5.66178,-1.26236,3.2292,0.61272,-2.70756,0,0,0,0,0,0
26.6702,-2.51031,-0.633731,-0.652182,-0.144508,-0.997403,-0.1091,0.36642,-5.81544,-1.55287,5.589,0.00828,-2.94768,0,0,0,0,0,0
26.6753,-2.47075,-0.64296,-0.661568,-0.151789,-0.976316,0.0257855,0.45704,-6.51676,-1.8392,4.72788,1.4904,-2.78208,0,0,0,0,0,0
26.6803,-2.44895,-0.635312,-0.657808,-0.156836,-1.02592,0.132478,0.52796,-6.6389,-1.99804,5.3406,1.33308,-2.63304,0,0,0,0,0,0
26.6852,-2.39037,-0.623498,-0.656741,-0.142244,-1.11391,0.238735,-0.58312,-6.6783,-1.49435,4.11516,2.21076,-2.93112,0,0,0,0,0,0
26.6903,-2.35355,-0.603063,-0.658745,-0.12358,-1.21212,0.356761,0.08668,-7.08018,-1.42956,4.11516,1.88784,-2.90628,0,0,0,0,0,0
26.6952,-2.33679,-0.594399,-0.659071,-0.113555,-1.28293,0.458278,0.09062,-5.84302,-1.73052,4.38012,1.80504,-2.90628,0,0,0,0,0,0
26.7002,-2.32632,-0.577959,-0.662086,-0.131983,-1.33281,0.548698,-0.1576,-7.73028,-1.11606,5.61384,1.8216,-2.84832,0,0,0,0,0,0
26.7052,-2.34224,-0.558394,-0.671983,-0.154322,-1.41752,0.63868,0.9259,-6.5798,-1.38985,4.81068,2.5668,-2.98908,0,0,0,0,0,0
26.7103,-2.3551,-0.55381,-0.68767,-0.151634,-1.51894,0.732749,-0.0985,-6.64678,-0.88407,4.58712,2.1942,-3.00564,0,0,0,0,0,0
26.7153,-2.34377,-0.543112,-0.704719,-0.144913,-1.57751,0.816645,-0.0985,-6.64678,-0.88407,4.58712,2.1942,-3.00564,0,0,0,0,0,0
26.7204,-2.37021,-0.537355,-0.711996,-0.177302,-1.51825,0.890961,0.1773,-6.49312,-1.72216,5.796,0.14076,-3.07188,0,0,0,0,0,0
26.7252,-2.40455,-0.536044,-0.713802,-0.233781,-1.39605,0.952541,0.394,-6.3631,-1.34178,6.003,0.9936,-2.98908,0,0,0,0,0,0
26.7302,-2.43319,-0.527849,-0.725008,-0.276324,-1.35081,1.00892,0.60676,-7.45448,-1.21011,5.77944,1.25856,-3.01392,0,0,0,0,0,0
26.7352,-2.45092,-0.521219,-0.740155,-0.280718,-1.38368,1.06016,-0.26398,-6.42614,-1.09098,4.83552,2.43432,-2.94768,0,0,0,0,0,0
26.7401,-2.47607,-0.522556,-0.746685,-0.260425,-1.37427,1.09989,0.98894,-6.36704,-1.65528,4.98456,0.40572,-2.91456,0,0,0,0,0,0
26.7453,-2.5051,-0.522274,-0.745777,-0.244277,-1.2677,1.13625,0.98894,-6.36704,-1.65528,4.98456,0.40572,-2.91456,0,0,0,0,0,0
26.7504,-2.53723,-0.532146,-0.756954,-0.210808,-1.20359,1.17479,0.83134,-5.7524,-0.91333,3.99924,0.96876,-3.05532,0,0,0,0,0,0
26.7552,-2.55479,-0.543651,-0.783363,-0.17175,-1.20737,1.21726,0.1773,-6.60738,-0.58102,4.554,1.656,-3.03048,0,0,0,0,0,0
26.7602,-2.59666,-0.548841,-0.787611,-0.169201,-1.22447,1.2649,1.27656,-6.1858,-2.46202,5.33232,1.29996,-3.13812,0,0,0,0,0,0
26.7652,-2.6364,-0.555111,-0.779273,-0.215065,-1.26366,1.32176,0.53978,-6.60344,-1.64274,6.22656,1.99548,-3.1878,0,0,0,0,0,0
26.7704,-2.63362,-0.553835,-0.788805,-0.207943,-1.23881,1.3739,-0.08274,-6.86742,-1.03664,3.62664,0,-3.01392,0,0,0,0,0,0
26.7753,-2.63771,-0.538421,-0.798927,-0.213439,-1.14357,1.41243,0.85104,-7.6042,-1.28117,6.25968,0.5796,-2.95596,0,0,0,0,0,0
26.7802,-2.63878,-0.522812,-0.79845,-0.269954,-1.04528,1.45206,-0.11032,-6.96592,-1.91653,6.11892,-0.19872,-3.07188,0,0,0,0,0,0
26.7853,-2.62962,-0.515625,-0.789861,-0.309252,-0.985867,1.49727,0.394,-6.6586,-1.80158,5.51448,1.09296,-3.11328,0,0,0,0,0,0
26.7903,-2.59068,-0.520208,-0.786928,-0.32728,-1.05983,1.53273,-0.60676,-6.6783,-1.99595,5.98644,2.01204,-3.00564,0,0,0,0,0,0
26.7953,-2.56068,-0.519776,-0.777306,-0.339984,-1.11566,1.55558,0.32702,-6.80832,-2.08582,5.589,0.7452,-2.98908,0,0,0,0,0,0
26.8004,-2.54518,-0.528691,-0.770933,-0.304769,-1.13718,1.56134,0.04728,-6.08336,-1.96042,4.47948,1.4076,-2.70756,0,0,0,0,0,0
26.8054,-2.5398,-0.539909,-0.76952,-0.243273,-1.1665,1.57471,0.39794,-6.37492,-1.55705,3.7674,1.1592,-3.05532,0,0,0,0,0,0
26.8104,-2.55244,-0.549565,-0.773023,-0.219673,-1.17616,1.60072,0.62646,-6.18974,-1.5884,5.60556,1.00188,-2.92284,0,0,0,0,0,0
26.8152,-2.57307,-0.550451,-0.773654,-0.258595,-1.22585,1.61161,0.33884,-7.08806,-1.66155,5.99472,2.08656,-2.83176,0,0,0,0,0,0
26.8201,-2.6035,-0.54249,-0.775401,-0.29753,-1.27506,1.61022,0.79982,-7.31658,-1.61557,5.6304,1.05156,-2.75724,0,0,0,0,0,0
26.8252,-2.62279,-0.537309,-0.774681,-0.333503,-1.22969,1.61245,0.25216,-6.62314,-1.75978,6.16032,0.30636,-2.87316,0,0,0,0,0,0
26.8303,-2.6699,-0.539291,-0.766085,-0.364163,-1.10275,1.62234,0.98106,-6.58374,-2.12344,5.382,-0.14076,-2.79036,0,0,0,0,0,0
26.8355,-2.71058,-0.546028,-0.765643,-0.38992,-0.991556,1.62713,0.50826,-6.44584,-1.3376,6.18516,0.23184,-2.59992,0,0,0,0,0,0
26.8403,-2.74363,-0.556399,-0.773971,-0.385844,-0.947404,1.63976,0.64616,-6.38674,-1.54033,4.95972,0.89424,-2.74068,0,0,0,0,0,0
26.8454,-2.73934,-0.556227,-0.775272,-0.365907,-0.990764,1.66654,-0.19306,-7.34416,-1.7765,5.49792,1.4904,-2.64132,0,0,0,0,0,0
26.8504,-2.73996,-0.552768,-0.782221,-0.358472,-1.02083,1.70705,0.76436,-6.91076,-1.22474,4.761,0.55476,-2.80692,0,0,0,0,0,0
26.8553,-2.76463,-0.54716,-0.783506,-0.36175,-1.05672,1.75225,0.83528,-7.65936,-2.30109,5.65524,1.63116,-2.59164,0,0,0,0,0,0
26.8602,-2.77786,-0.533636,-0.771632,-0.386085,-1.06164,1.78619,0.27974,-7.35598,-2.06492,5.91192,0.10764,-2.43432,0,0,0,0,0,0
26.8651,-2.77681,-0.525887,-0.778795,-0.378961,-1.07431,1.81765,0.62252,-7.23778,-0.82973,4.21452,1.6146,-2.43432,0,0,0,0,0,0
26.8702,-2.78238,-0.515029,-0.79865,-0.390746,-1.13014,1.85947,0.13002,-7.6436,-1.06381,6.79788,1.1178,-2.45916,0,0,0,0,0,0
26.8752,-2.76158,-0.501771,-0.816337,-0.441123,-1.16015,1.90866,0.13002,-7.6436,-1.06381,6.79788,1.1178,-2.45916,0,0,0,0,0,0
26.8802,-2.78687,-0.498563,-0.825124,-0.485349,-1.14652,1.93846,1.31202,-7.1314,-1.9646,6.92208,0.28152,-2.04516,0,0,0,0,0,0
26.8852,-2.81128,-0.498479,-0.823882,-0.473964,-1.03435,1.94237,0.5122,-7.09594,-1.68872,4.66992,-0.89424,-1.91268,0,0,0,0,0,0
26.8902,-2.80951,-0.512371,-0.828966,-0.43589,-0.897403,1.94108,0.16942,-6.3434,-1.80785,5.19984,-0.33948,-1.89612,0,0,0,0,0,0
26.8952,-2.79317,-0.531733,-0.829086,-0.422465,-0.821189,1.93464,-0.2364,-6.13852,-1.79113,5.11704,0.0414,-1.76364,0,0,0,0,0,0
26.9004,-2.78318,-0.542648,-0.835253,-0.402098,-0.836072,1.93426,0.32702,-7.6436,-1.54869,4.29732,1.2006,-1.87128,0,0,0,0,0,0
26.9053,-2.76497,-0.543488,-0.841101,-0.347607,-0.93475,1.94074,-0.52796,-6.53252,-1.42329,3.24576,1.62288,-1.78848,0,0,0,0,0,0
26.9103,-2.73439,-0.542485,-0.844428,-0.312451,-0.990528,1.94038,-0.4925,-6.98956,-1.20802,4.57884,0.68724,-1.67256,0,0,0,0,0,0
26.9154,-2.72705,-0.534031,-0.854373,-0.334804,-1.01553,1.93699,-0.30338,-6.9935,-0.6897,5.48136,1.25856,-1.70568,0,0,0,0,0,0
26.9204,-2.73733,-0.531999,-0.854377,-0.346931,-1.02959,1.92747,-0.42552,-6.46554,-1.97296,4.33872,0.77004,-1.54836,0,0,0,0,0,0
26.9254,-2.72421,-0.529689,-0.841939,-0.338343,-1.04525,1.90593,-1.0047,-6.37098,-1.2331,4.71132,1.3248,-1.449,0,0,0,0,0,0
26.9304,-2.74339,-0.526573,-0.84133,-0.362513,-1.10876,1.87426,0.40188,-6.18974,-0.80883,5.26608,1.92096,-1.30824,0,0,0,0,0,0
26.9353,-2.73376,-0.523111,-0.845969,-0.380788,-1.12525,1.84605,-2.14336,-6.51676,-0.90288,5.10048,0.50508,-1.3248,0,0,0,0,0,0
26.9401,-2.75952,-0.503051,-0.828312,-0.471599,-1.12754,1.81408,1.70996,-7.73816,-2.48501,8.52012,1.70568,-1.035,0,0,0,0,0,0
26.9453,-2.92058,-0.449516,-0.797673,-0.58645,-1.14338,1.76392,2.4231,-9.42448,-1.72216,6.69852,1.01844,-0.75348,0,0,0,0,0,0
26.9504,-3.04782,-0.411746,-0.787405,-0.593104,-1.18732,1.70742,1.55236,-7.93122,-2.07955,5.12532,1.68084,-0.621,0,0,0,0,0,0
26.9552,-3.10164,-0.396752,-0.773409,-0.57725,-1.21373,1.66989,0.591,-8.26218,-2.68774,6.2928,0.47196,-0.81972,0,0,0,0,0,0
26.9602,-3.10429,-0.405656,-0.757856,-0.568765,-1.15572,1.6418,0.48068,-6.45372,-2.78179,5.4648,-0.21528,-0.58788,0,0,0,0,0,0
26.9652,-3.09999,-0.415205,-0.749483,-0.536578,-1.09133,1.60334,0.50826,-8.274,-2.22794,5.37372,0.09936,-0.46368,0,0,0,0,0,0
26.9703,-3.08756,-0.41398,-0.756408,-0.485404,-1.09216,1.56204,0.96924,-7.85242,-1.86428,4.81896,0.88596,-0.3726,0,0,0,0,0,0
26.9752,-3.09673,-0.42499,-0.766689,-0.473957,-1.10845,1.52116,0.70132,-7.59238,-2.20704,6.25968,0.1656,-0.28152,0,0,0,0,0,0
26.9803,-3.07817,-0.441463,-0.772606,-0.458432,-1.08221,1.4762,0.20488,-7.3087,-2.18823,4.77756,0.01656,-0.22356,0,0,0,0,0,0
26.9853,-3.05418,-0.457361,-0.785215,-0.428663,-1.01817,1.44019,0.38218,-7.81696,-1.78277,5.73804,-0.55476,-0.34776,0,0,0,0,0,0
26.9903,-3.01706,-0.464013,-0.794653,-0.439421,-0.975559,1.40943,-0.29944,-8.077,-2.31781,6.10236,0.25668,-0.1656,0,0,0,0,0,0
26.9952,-2.99597,-0.451786,-0.792444,-0.444259,-0.983672,1.36701,0.81952,-9.2787,-2.41813,5.6304,0.52164,0.02484,0,0,0,0,0,0
27.0002,-2.98223,-0.438622,-0.789339,-0.423084,-1.02113,1.31424,0.01576,-8.14398,-2.38469,4.95144,0.621,0.17388,-0,-0,-0,-0,-0,-0
27.0054,-2.91828,-0.43264,-0.783903,-0.380352,-1.07394,1.26393,0.01576,-8.14398,-2.38469,4.95144,0.621,0.17388,-0,-0,-0,-0,-0,-0
27.0103,-2.89834,-0.428953,-0.774356,-0.38474,-1.08928,1.22813,0.4925,-8.27794,-2.8424,6.53292,-0.06624,0.14904,-0,-0,-0,-0,-0,-0
27.0152,-2.85697,-0.422357,-0.759236,-0.420506,-1.06928,1.21164,0.4925,-8.27794,-2.8424,6.53292,-0.06624,0.14904,-0,-0,-0,-0,-0,-0
27.0203,-2.85151,-0.412038,-0.750782,-0.463227,-1.00646,1.21534,1.17018,-8.95562,-2.43485,6.76476,-0.81144,0.11592,-0,-0,-0,-0,-0,-0
27.0254,-2.84194,-0.404624,-0.755627,-0.523093,-0.969235,1.23395,0.03546,-8.06124,-1.84547,7.59276,0.27324,0.10764,-0,-0,-0,-0,-0,-0
27.0304,-2.80826,-0.385406,-0.761524,-0.552571,-0.936652,1.25305,0.10244,-9.7318,-2.1109,6.19344,-0.52992,0.29808,-0,-0,-0,-0,-0,-0
27.0353,-2.80033,-0.351489,-0.755245,-0.55076,-0.904137,1.26712,0.79982,-9.42054,-2.64803,5.48136,-0.00828,0.25668,-0,-0,-0,-0,-0,-0
27.0402,-2.79259,-0.342498,-0.753911,-0.540468,-0.8571,1.28195,-0.2955,-7.76968,-2.00013,6.44184,-0.828,0.44712,-0,-0,-0,-0,-0,-0
27.0454,-2.77024,-0.343372,-0.766704,-0.522279,-0.752204,1.31122,0.24428,-8.96744,-1.87264,5.19156,-1.15092,0.31464,-0,-0,-0,-0,-0,-0
27.0504,-2.76944,-0.338606,-0.776048,-0.521509,-0.68396,1.35389,0.67374,-8.40402,-2.26556,6.49152,-0.46368,0.34776,-0,-0,-0,-0,-0,-0
27.0554,-2.76835,-0.347089,-0.793225,-0.565254,-0.749531,1.39709,0.8668,-8.00214,-1.45882,7.1208,0.96048,0.39744,-0,-0,-0,-0,-0,-0
27.0603,-2.75904,-0.361273,-0.807519,-0.607351,-0.845903,1.43575,0.32308,-7.93122,-2.56652,6.35076,0.2484,0.52164,-0,-0,-0,-0,-0,-0
27.0654,-2.74181,-0.379547,-0.804685,-0.64455,-0.861469,1.46791,0.30732,-7.54116,-2.68774,7.41888,-0.55476,0.5382,-0,-0,-0,-0,-0,-0
27.0703,-2.74131,-0.406246,-0.816462,-0.687927,-0.873824,1.48567,0.78406,-7.1511,-1.51107,7.5348,0.3312,0.68724,-0,-0,-0,-0,-0,-0
27.0753,-2.72997,-0.423299,-0.833466,-0.690371,-0.953934,1.48898,-0.12214,-8.02972,-1.94161,5.77116,0.9522,0.79488,-0,-0,-0,-0,-0,-0
27.0803,-2.71641,-0.436599,-0.842479,-0.663489,-1.0146,1.47763,0.54766,-7.60026,-2.17987,5.98644,-0.1242,0.94392,-0,-0,-0,-0,-0,-0
27.0853,-2.71384,-0.4416,-0.850681,-0.651078,-1.0153,1.46397,-0.02364,-8.4316,-1.67827,5.95332,0.05796,0.84456,-0,-0,-0,-0,-0,-0
27.0902,-2.6913,-0.446868,-0.856663,-0.616919,-0.986409,1.43906,0.13002,-7.19444,-2.1109,4.77756,-0.58788,1.20888,-0,-0,-0,-0,-0,-0
27.0952,-2.66611,-0.456519,-0.865466,-0.597838,-0.931426,1.39807,-0.08274,-8.33704,-1.68036,6.59088,-0.61272,1.20888,-0,-0,-0,-0,-0,-0
27.1002,-2.64095,-0.461477,-0.869925,-0.62261,-0.90454,1.34222,0.12608,-7.77756,-2.52681,6.44184,-0.15732,1.56492,-0,-0,-0,-0,-0,-0
27.1052,-2.62539,-0.455997,-0.861116,-0.655431,-0.925293,1.26518,0.31126,-8.89652,-2.44321,6.82272,0.24012,1.73052,-0,-0,-0,-0,-0,-0
27.1104,-2.62233,-0.425768,-0.843052,-0.707411,-0.880857,1.17992,0,-9.74362,-2.926,7.2036,-1.29996,1.80504,-0,-0,-0,-0,-0,-0
27.1155,-2.60097,-0.390646,-0.826845,-0.750722,-0.793001,1.09299,0.18124,-9.46782,-2.41186,6.96348,-0.75348,1.92924,-0,-0,-0,-0,-0,-0
27.1203,-2.60685,-0.366719,-0.816688,-0.747497,-0.686388,1.00607,0.67374,-9.17626,-2.63549,5.63868,-1.81332,2.08656,-0,-0,-0,-0,-0,-0
27.1252,-2.62536,-0.349988,-0.820963,-0.734377,-0.597905,0.915711,0.79588,-9.3181,-1.63647,6.75648,-0.83628,2.14452,-0,-0,-0,-0,-0,-0
27.1302,-2.61155,-0.348975,-0.818344,-0.720388,-0.602153,0.824717,-0.197,-7.99426,-3.40461,5.53932,-0.36432,2.29356,-0,-0,-0,-0,-0,-0
27.1352,-2.55949,-0.356916,-0.790387,-0.68187,-0.627416,0.737835,-0.197,-7.99426,-3.40461,5.53932,-0.36432,2.29356,-0,-0,-0,-0,-0,-0
27.1403,-2.56369,-0.362233,-0.784058,-0.708299,-0.568103,0.649519,0.59888,-8.43554,-1.69917,7.72524,-1.92096,2.45916,-0,-0,-0,-0,-0,-0
27.1454,-2.55737,-0.361339,-0.799785,-0.779301,-0.434989,0.560797,0.59888,-8.43554,-1.69917,7.72524,-1.92096,2.45916,-0,-0,-0,-0,-0,-0
27.1504,-2.62667,-0.353568,-0.804574,-0.851729,-0.353572,0.465735,2.58858,-9.3969,-2.6543,7.9488,-1.15092,2.691,-0,-0,-0,-0,-0,-0
27.1552,-2.64754,-0.353736,-0.80093,-0.887477,-0.352691,0.37016,0.00394,-8.5498,-3.04931,6.9966,-1.02672,2.69928,-0,-0,-0,-0,-0,-0
27.1603,-2.5772,-0.359541,-0.79561,-0.865561,-0.369499,0.273222,-0.16154,-9.22354,-3.02632,5.81256,-1.33308,2.7738,-0,-0,-0,-0,-0,-0
27.1652,-2.53132,-0.361249,-0.794778,-0.827237,-0.338717,0.179324,0.66586,-9.1802,-2.85912,6.42528,-1.9044,2.92284,-0,-0,-0,-0,-0,-0
27.1703,-2.50617,-0.362417,-0.796601,-0.776336,-0.255452,0.086709,0.0788,-9.1605,-2.74626,5.64696,-2.18592,2.95596,-0,-0,-0,-0,-0,-0
27.1753,-2.45967,-0.365948,-0.803095,-0.725434,-0.216819,-0.000557364,0.28762,-8.97926,-2.5707,6.28452,-1.29168,3.12984,-0,-0,-0,-0,-0,-0
27.1803,-2.44267,-0.378562,-0.806635,-0.681665,-0.270197,-0.0901981,0.1576,-8.53404,-3.10992,5.5062,-0.55476,3.2706,-0,-0,-0,-0,-0,-0
27.1854,-2.40052,-0.394924,-0.813938,-0.623229,-0.339025,-0.175277,-0.2561,-8.5892,-2.25929,5.89536,-0.9936,3.36168,-0,-0,-0,-0,-0,-0
27.1903,-2.36307,-0.393099,-0.817536,-0.614067,-0.365103,-0.252581,-0.01576,-9.75938,-3.04931,7.08768,-1.14264,3.44448,-0,-0,-0,-0,-0,-0
27.1955,-2.342,-0.391037,-0.820332,-0.623658,-0.416604,-0.310639,0.26398,-8.61284,-2.30945,6.75648,-0.28152,3.1464,-0,-0,-0,-0,-0,-0
27.2003,-2.3076,-0.377838,-0.818315,-0.638944,-0.509155,-0.35972,-0.97318,-10.5119,-3.14754,6.77304,-0.1242,3.53556,-0,-0,-0,-0,-0,-0
27.2055,-2.25342,-0.34688,-0.805073,-0.675419,-0.593136,-0.413509,0.03546,-9.93668,-2.97616,6.98832,-0.5796,3.36168,-0,-0,-0,-0,-0,-0
27.2105,-2.24659,-0.341182,-0.807895,-0.723812,-0.649194,-0.46299,0.04334,-8.5104,-2.08582,7.22016,-0.4968,3.6432,-0,-0,-0,-0,-0,-0
27.2157,-2.24234,-0.331691,-0.808996,-0.751121,-0.724773,-0.51653,0.20094,-9.9288,-2.89047,6.42528,0.09108,3.61008,-0,-0,-0,-0,-0,-0
27.2203,-2.21954,-0.309906,-0.800567,-0.750776,-0.815209,-0.556145,0.20094,-9.9288,-2.89047,6.42528,0.09108,3.61008,-0,-0,-0,-0,-0,-0
27.2253,-2.21784,-0.302071,-0.793989,-0.746679,-0.849463,-0.586485,0.4728,-8.61678,-2.76089,6.3342,-1.01844,3.45276,-0,-0,-0,-0,-0,-0
27.2305,-2.20979,-0.307585,-0.797356,-0.785895,-0.8896,-0.598191,-0.04728,-8.89652,-2.27392,8.04816,0.05796,3.33684,-0,-0,-0,-0,-0,-0
27.2354,-2.19376,-0.317816,-0.809198,-0.826051,-0.904821,-0.58794,-0.6501,-8.274,-2.08373,6.68196,-1.43244,3.11328,-0,-0,-0,-0,-0,-0
27.2405,-2.12762,-0.340486,-0.829452,-0.81677,-0.852155,-0.562481,-0.6501,-8.274,-2.08373,6.68196,-1.43244,3.11328,-0,-0,-0,-0,-0,-0
27.2454,-2.12654,-0.365645,-0.844595,-0.801064,-0.801008,-0.529705,1.01652,-8.43554,-2.68565,6.5412,-1.58976,2.90628,-0,-0,-0,-0,-0,-0
27.2502,-2.16446,-0.37672,-0.847927,-0.774945,-0.71876,-0.482666,0.22064,-9.04624,-2.63758,5.90364,-2.07828,2.71584,-0,-0,-0,-0,-0,-0
27.2553,-2.13995,-0.376445,-0.849688,-0.729232,-0.614532,-0.425579,0.22064,-9.04624,-2.63758,5.90364,-2.07828,2.71584,-0,-0,-0,-0,-0,-0
27.2603,-2.1259,-0.372575,-0.856002,-0.703139,-0.611623,-0.373852,0.3152,-9.2393,-2.18405,6.48324,-0.27324,2.68272,-0,-0,-0,-0,-0,-0
27.2652,-2.13844,-0.378633,-0.855323,-0.699243,-0.606576,-0.312878,0.42552,-7.94698,-3.06812,6.21828,-2.12796,2.40948,-0,-0,-0,-0,-0,-0
27.2704,-2.1557,-0.38821,-0.843584,-0.712607,-0.528793,-0.226712,0.48068,-9.11322,-3.09738,7.37748,-1.76364,2.16936,-0,-0,-0,-0,-0,-0
27.2752,-2.14563,-0.385217,-0.832655,-0.744154,-0.478188,-0.142477,0.48068,-9.11322,-3.09738,7.37748,-1.76364,2.16936,-0,-0,-0,-0,-0,-0
27.2806,-2.14561,-0.377327,-0.823213,-0.791892,-0.45621,-0.0641368,0.27186,-9.68058,-2.94063,7.91568,-1.25028,2.277,-0,-0,-0,-0,-0,-0
27.2854,-2.13178,-0.362114,-0.818112,-0.837854,-0.377254,-0.00405738,0.11032,-10.1691,-3.02005,7.4106,-3.2292,2.2356,-0,-0,-0,-0,-0,-0
27.2904,-2.12618,-0.330411,-0.794792,-0.840687,-0.262448,0.0547848,0.59494,-10.5474,-3.90412,6.06096,-1.89612,2.17764,-0,-0,-0,-0,-0,-0
27.2953,-2.1322,-0.301776,-0.784438,-0.849562,-0.180126,0.126458,0.63434,-11.2999,-2.85076,8.08128,-2.97252,1.87956,-0,-0,-0,-0,-0,-0
27.3003,-2.12314,-0.282539,-0.777856,-0.882412,-0.109244,0.22602,-0.13002,-9.49146,-3.53001,6.88896,-2.02032,1.54008,-0,-0,-0,-0,-0,-0
27.3053,-2.10721,-0.281424,-0.774025,-0.879975,-0.127024,0.355535,0.59494,-10.1613,-2.98034,6.96348,-1.51524,1.14264,-0,-0,-0,-0,-0,-0
27.3103,-2.10412,-0.275828,-0.779598,-0.921321,-0.211258,0.497825,0.09456,-9.62542,-2.63131,8.08128,-0.828,1.06812,-0,-0,-0,-0,-0,-0
27.3153,-2.0631,-0.280174,-0.794605,-0.961287,-0.324025,0.631811,0.09456,-9.62542,-2.63131,8.08128,-0.828,1.06812,-0,-0,-0,-0,-0,-0
27.3203,-2.02792,-0.287147,-0.811706,-0.985535,-0.424744,0.75201,0.09456,-9.62542,-2.63131,8.08128,-0.828,1.06812,-0,-0,-0,-0,-0,-0
27.3254,-2.02655,-0.29916,-0.823472,-0.986705,-0.412966,0.863065,0.77224,-9.27476,-3.10156,7.37748,-2.88144,1.01844,-0,-0,-0,-0,-0,-0
27.3302,-2.00752,-0.312264,-0.8277,-0.949684,-0.38273,0.973753,-0.50432,-9.11716,-2.98034,6.06924,-1.35792,0.7038,-0,-0,-0,-0,-0,-0
27.3353,-1.99748,-0.318139,-0.828147,-0.903988,-0.441355,1.09005,0.9259,-9.79484,-3.18725,6.8724,-1.20888,0.81144,-0,-0,-0,-0,-0,-0
27.3403,-2.01787,-0.318499,-0.838561,-0.882316,-0.453423,1.18878,0.10244,-9.80666,-2.20077,6.32592,-2.3598,0.77004,-0,-0,-0,-0,-0,-0
27.3453,-1.98181,-0.311564,-0.842232,-0.869389,-0.457327,1.26498,-0.61858,-9.74362,-3.29384,7.15392,-1.23372,0.9936,-0,-0,-0,-0,-0,-0
27.3505,-1.90737,-0.305248,-0.832189,-0.887687,-0.515345,1.32291,-0.61858,-9.74362,-3.29384,7.15392,-1.23372,0.9936,-0,-0,-0,-0,-0,-0
27.3553,-1.91004,-0.298722,-0.827688,-0.935307,-0.553195,1.35746,1.55236,-9.92092,-2.90092,8.073,-1.54008,1.21716,-0,-0,-0,-0,-0,-0
27.3606,-1.92572,-0.283371,-0.824218,-0.978265,-0.612821,1.34378,-0.40976,-10.8941,-3.44014,6.86412,-1.10952,1.83816,-0,-0,-0,-0,-0,-0
27.3653,-1.8659,-0.257015,-0.812849,-0.99427,-0.669024,1.3009,-0.40976,-10.8941,-3.44014,6.86412,-1.10952,1.83816,-0,-0,-0,-0,-0,-0
27.3703,-1.83136,-0.241462,-0.798554,-1.02517,-0.683847,1.2403,0.22458,-9.57814,-3.52165,7.26156,-1.7802,2.16936,-0,-0,-0,-0,-0,-0
27.3756,-1.84445,-0.233528,-0.784251,-1.0528,-0.729294,1.13541,0.47674,-10.0588,-3.35236,7.34436,-0.68724,2.67444,-0,-0,-0,-0,-0,-0
27.3802,-1.82562,-0.229865,-0.781284,-1.06881,-0.827354,1.03084,0.47674,-10.0588,-3.35236,7.34436,-0.68724,2.67444,-0,-0,-0,-0,-0,-0
27.3852,-1.80465,-0.23476,-0.785938,-1.08356,-0.908405,0.928717,0.28762,-9.58602,-2.97825,7.37748,-1.19232,2.65788,-0,-0,-0,-0,-0,-0
27.3902,-1.80137,-0.244695,-0.79736,-1.11673,-0.965684,0.82232,0.46492,-10.3346,-3.24577,8.42076,-1.25028,2.96424,-0,-0,-0,-0,-0,-0
27.3952,-1.78646,-0.253694,-0.811307,-1.12157,-1.01255,0.705623,-0.09062,-9.48752,-2.65012,6.51636,-1.08468,3.07188,-0,-0,-0,-0,-0,-0
27.4002,-1.78247,-0.275024,-0.823681,-1.08464,-1.04386,0.583963,0.14184,-8.27794,-2.75462,5.82912,-1.2834,3.2292,-0,-0,-0,-0,-0,-0
27.4052,-1.75595,-0.300144,-0.829243,-1.02536,-1.05029,0.467344,0.14184,-8.27794,-2.75462,5.82912,-1.2834,3.2292,-0,-0,-0,-0,-0,-0
27.4102,-1.74421,-0.309517,-0.824441,-0.978674,-1.00404,0.365628,0.197,-9.42448,-3.28966,6.25968,-2.24388,3.15468,-0,-0,-0,-0,-0,-0
27.4153,-1.74669,-0.316701,-0.817852,-0.984533,-0.958421,0.266582,0.26004,-8.66012,-2.86539,7.23672,-1.58976,3.32856,-0,-0,-0,-0,-0,-0
27.4206,-1.72318,-0.332806,-0.81892,-0.999003,-0.944188,0.166943,0.26004,-8.66012,-2.86539,7.23672,-1.58976,3.32856,-0,-0,-0,-0,-0,-0
27.4254,-1.71885,-0.344536,-0.827137,-0.987439,-0.916796,0.0878429,0.41764,-9.01866,-2.31363,6.48324,-1.9872,3.28716,-0,-0,-0,-0,-0,-0
27.4302,-1.70174,-0.351089,-0.841519,-0.952823,-0.876005,0.0214249,0.41764,-9.01866,-2.31363,6.48324,-1.9872,3.28716,-0,-0,-0,-0,-0,-0
27.4354,-1.6665,-0.362319,-0.85087,-0.922782,-0.920161,-0.0321335,-0.90226,-8.61284,-2.72954,6.69852,-0.5382,3.08016,-0,-0,-0,-0,-0,-0
27.4403,-1.63238,-0.374471,-0.860169,-0.945451,-0.966041,-0.0699083,0.55948,-8.67194,-2.0482,7.33608,-1.97064,3.16296,-0,-0,-0,-0,-0,-0
27.4455,-1.59654,-0.380725,-0.867839,-0.881983,-0.996604,-0.0977236,-0.55554,-8.20702,-2.28228,3.03876,-0.47196,2.94768,-0,-0,-0,-0,-0,-0
27.4503,-1.53806,-0.367447,-0.847074,-0.879918,-0.946517,-0.111161,-0.70526,-9.57814,-3.67422,8.67744,-3.23748,2.98908,-0,-0,-0,-0,-0,-0
27.4555,-1.50211,-0.334685,-0.811956,-1.07298,-0.844737,-0.138708,0.09456,-10.4095,-3.55927,10.3003,-1.43244,3.24576,-0,-0,-0,-0,-0,-0
27.4603,-1.49957,-0.30575,-0.791758,-1.23256,-0.816096,-0.145538,0.3546,-10.6774,-3.51538,9.11628,-2.30184,2.691,-0,-0,-0,-0,-0,-0
27.4653,-1.4958,-0.277123,-0.771167,-1.32923,-0.78341,-0.125238,-0.3546,-11.2329,-4.15074,8.53668,-1.9458,2.74068,-0,-0,-0,-0,-0,-0
27.4702,-1.47172,-0.260797,-0.748119,-1.39976,-0.771766,-0.0963342,-0.18912,-10.5119,-4.3681,8.9424,-2.16108,2.5668,-0,-0,-0,-0,-0,-0
27.4754,-1.44813,-0.246137,-0.732029,-1.41676,-0.792005,-0.0561462,-0.2364,-11.1935,-3.70766,6.51636,-1.55664,2.54196,-0,-0,-0,-0,-0,-0
27.4805,-1.39681,-0.250361,-0.723078,-1.42715,-0.80429,-0.0231978,-1.1426,-9.1999,-4.15283,8.9424,-2.4012,2.61648,-0,-0,-0,-0,-0,-0
27.4852,-1.35905,-0.255302,-0.726738,-1.47132,-0.796313,0.0136111,-0.0788,-10.8665,-2.64594,8.71884,-2.00376,2.32668,-0,-0,-0,-0,-0,-0
27.4903,-1.3273,-0.246776,-0.73021,-1.46385,-0.845125,0.0789099,-0.59888,-10.4528,-4.13611,6.97176,-1.18404,2.06172,-0,-0,-0,-0,-0,-0
27.4954,-1.30451,-0.244551,-0.722597,-1.42305,-0.924441,0.162029,-0.02364,-10.2873,-3.48821,7.2864,-1.54008,1.87956,-0,-0,-0,-0,-0,-0
27.5005,-1.29338,-0.235804,-0.714954,-1.39776,-0.936481,0.254932,0.08668,-11.7215,-4.5562,7.452,-2.45088,1.7388,-0,-0,-0,-0,-0,-0
27.5053,-1.31062,-0.219381,-0.699566,-1.38065,-0.870545,0.347238,0.89438,-11.0872,-4.1382,7.37748,-3.03048,1.58148,-0,-0,-0,-0,-0,-0
27.5102,-1.31771,-0.216232,-0.689613,-1.37175,-0.76747,0.458726,-0.59888,-10.5868,-4.22807,8.23032,-3.22092,1.23372,-0,-0,-0,-0,-0,-0
27.5152,-1.29751,-0.221434,-0.693453,-1.38008,-0.627765,0.588205,0.24822,-10.5159,-3.25413,7.6176,-3.9744,1.10124,-0,-0,-0,-0,-0,-0
27.5205,-1.26476,-0.226109,-0.704436,-1.36765,-0.488372,0.734658,-1.02834,-10.4489,-3.62615,6.93036,-3.27888,0.81972,-0,-0,-0,-0,-0,-0
27.5254,-1.19252,-0.231656,-0.711097,-1.33102,-0.411156,0.871008,-1.02834,-10.4489,-3.62615,6.93036,-3.27888,0.81972,-0,-0,-0,-0,-0,-0
27.5305,-1.14522,-0.238139,-0.720071,-1.28807,-0.371597,0.999721,-0.22458,-10.2755,-3.38162,6.77304,-2.8152,0.77832,-0,-0,-0,-0,-0,-0
27.5355,-1.14433,-0.255434,-0.730957,-1.24934,-0.371172,1.1143,0.4728,-9.56632,-3.51538,7.19532,-2.64132,0.75348,-0,-0,-0,-0,-0,-0
27.5404,-1.12593,-0.267034,-0.731719,-1.23395,-0.333063,1.21337,-0.71314,-10.4843,-4.02534,7.58448,-3.66804,0.83628,-0,-0,-0,-0,-0,-0
27.5455,-1.09831,-0.251682,-0.728443,-1.24421,-0.249478,1.28233,0.18912,-11.6624,-3.45477,7.87428,-3.46932,1.15092,-0,-0,-0,-0,-0,-0
27.5502,-1.08126,-0.234508,-0.735198,-1.25296,-0.185959,1.29119,-0.42946,-11.1344,-3.4694,7.67556,-3.6432,1.76364,-0,-0,-0,-0,-0,-0
27.5552,-1.03756,-0.218726,-0.733788,-1.24303,-0.117266,1.24859,-0.70132,-11.3551,-4.03788,7.13736,-3.6018,2.05344,-0,-0,-0,-0,-0,-0
27.5603,-1.0132,-0.189849,-0.72268,-1.22301,-0.0745789,1.17996,0.03546,-12.2219,-4.08595,6.97176,-3.30372,2.2356,-0,-0,-0,-0,-0,-0
27.5652,-0.982958,-0.159348,-0.709609,-1.2289,-0.0513388,1.09202,-0.87862,-11.4024,-4.07132,8.073,-3.28716,2.5668,-0,-0,-0,-0,-0,-0
27.5706,-0.919702,-0.152792,-0.69952,-1.23696,-0.0487272,0.961047,-0.83134,-10.4095,-4.15492,7.34436,-3.20436,2.99736,-0,-0,-0,-0,-0,-0
27.5754,-0.900955,-0.146235,-0.691458,-1.23762,0.00432492,0.838846,0.24034,-11.5009,-3.94174,7.36092,-4.37184,2.88972,-0,-0,-0,-0,-0,-0
27.5803,-0.903301,-0.140093,-0.680976,-1.26591,0.0934144,0.709798,-0.18518,-10.6301,-4.54784,8.8182,-3.99096,3.33684,-0,-0,-0,-0,-0,-0
27.5854,-0.864808,-0.137512,-0.675739,-1.29049,0.136858,0.565394,-1.19382,-11.0005,-3.48821,6.79788,-3.4776,3.37824,-0,-0,-0,-0,-0,-0
27.5903,-0.82967,-0.145957,-0.677687,-1.26449,0.167543,0.437167,-0.06304,-9.51904,-3.96473,6.51636,-4.0158,3.36996,-0,-0,-0,-0,-0,-0
27.5954,-0.807834,-0.160513,-0.678514,-1.2963,0.140033,0.313684,-0.52008,-10.8192,-3.8456,8.76852,-2.59164,3.4776,-0,-0,-0,-0,-0,-0
27.6004,-0.759092,-0.178783,-0.672519,-1.35869,0.0789387,0.194501,-1.03622,-9.40478,-4.6607,8.13924,-3.52728,3.62664,-0,-0,-0,-0,-0,-0
27.6055,-0.730192,-0.198213,-0.666752,-1.37853,0.0403344,0.0835164,-0.09456,-10.047,-3.4694,7.22016,-2.84004,3.52728,-0,-0,-0,-0,-0,-0
27.6103,-0.718912,-0.212373,-0.674371,-1.36188,0.0382059,0.00125595,-0.42158,-10.2085,-3.84978,7.00488,-4.29732,3.41136,-0,-0,-0,-0,-0,-0
27.6154,-0.697192,-0.213155,-0.676142,-1.34855,0.0827151,-0.070741,-0.4728,-10.8902,-3.67213,7.5762,-3.5604,3.46104,-0,-0,-0,-0,-0,-0
27.6203,-0.674271,-0.214542,-0.671763,-1.36239,0.0330825,-0.101525,-0.5122,-10.1888,-4.33884,8.00676,-2.55024,2.8152,-0,-0,-0,-0,-0,-0
27.6255,-0.657855,-0.236546,-0.669712,-1.37714,-0.11181,-0.0795018,-0.26004,-9.45206,-3.76409,7.63416,-1.93752,2.59164,-0,-0,-0,-0,-0,-0
27.6304,-0.656499,-0.249913,-0.66794,-1.38548,-0.219037,-0.0518195,-0.11426,-10.4134,-4.11103,8.1558,-2.83176,2.71584,-0,-0,-0,-0,-0,-0
27.6353,-0.64833,-0.249347,-0.656422,-1.41459,-0.284897,-0.0276353,-0.4925,-10.3346,-4.19881,8.33796,-2.32668,2.64132,-0,-0,-0,-0,-0,-0
27.6404,-0.636523,-0.249502,-0.655076,-1.40905,-0.309335,0.0104514,-0.1773,-10.7995,-3.62824,6.60744,-3.75912,2.37636,-0,-0,-0,-0,-0,-0
27.6453,-0.637121,-0.230517,-0.651959,-1.43933,-0.273887,0.0425894,0.23246,-12.4622,-4.4935,9.99396,-3.48588,2.6496,-0,-0,-0,-0,-0,-0
27.6503,-0.63067,-0.209162,-0.64357,-1.52387,-0.236339,0.0828713,-0.50432,-11.6427,-4.48723,9.45576,-3.98268,2.21076,-0,-0,-0,-0,-0,-0
27.6553,-0.602408,-0.200131,-0.638456,-1.54735,-0.19958,0.129033,-0.83922,-11.4181,-4.3263,7.94052,-3.61836,2.45916,-0,-0,-0,-0,-0,-0
27.6603,-0.561401,-0.192837,-0.634998,-1.51738,-0.176413,0.159028,-0.83922,-11.4181,-4.3263,7.94052,-3.61836,2.45916,-0,-0,-0,-0,-0,-0
27.6652,-0.536151,-0.186388,-0.62693,-1.49432,-0.171898,0.228538,-0.50826,-11.099,-4.52694,8.28828,-3.3534,1.54008,-0,-0,-0,-0,-0,-0
27.6703,-0.507993,-0.194243,-0.626116,-1.47537,-0.220527,0.344704,-0.78012,-10.4528,-3.97936,7.33608,-2.898,1.54008,-0,-0,-0,-0,-0,-0
27.6752,-0.457823,-0.202316,-0.627174,-1.4403,-0.259762,0.451816,-1.43416,-11.1226,-4.47051,7.2036,-3.55212,1.47384,-0,-0,-0,-0,-0,-0
27.6802,-0.387231,-0.210242,-0.617217,-1.4302,-0.28817,0.584898,-1.72572,-10.4292,-4.84671,8.10612,-3.09672,0.81972,-0,-0,-0,-0,-0,-0
27.6853,-0.30223,-0.228165,-0.604686,-1.45041,-0.326714,0.743573,-1.72572,-10.4292,-4.84671,8.10612,-3.09672,0.81972,-0,-0,-0,-0,-0,-0
27.6904,-0.253887,-0.239208,-0.608405,-1.45404,-0.348055,0.882598,-0.71314,-10.9099,-3.45059,7.1208,-3.46104,0.89424,-0,-0,-0,-0,-0,-0
27.6954,-0.205194,-0.246624,-0.615222,-1.44374,-0.396543,0.974978,-1.73754,-10.3701,-4.37019,7.64244,-2.55852,1.33308,-0,-0,-0,-0,-0,-0
27.7006,-0.161596,-0.259961,-0.618833,-1.42403,-0.465671,1.01612,-0.67374,-10.0864,-3.56554,6.831,-2.91456,1.67256,-0,-0,-0,-0,-0,-0
27.7055,-0.128902,-0.259785,-0.622418,-1.42191,-0.504103,1.00698,-1.46962,-11.1896,-4.05251,8.5698,-2.87316,2.16108,-0,-0,-0,-0,-0,-0
27.7103,-0.0886857,-0.250843,-0.615537,-1.4453,-0.502515,0.939774,-1.17806,-10.6735,-4.25106,7.70868,-3.67632,2.7738,-0,-0,-0,-0,-0,-0
27.7154,-0.0443434,-0.243865,-0.60951,-1.42448,-0.45163,0.81459,-1.50902,-10.6104,-3.762,6.83928,-3.6432,3.20436,-0,-0,-0,-0,-0,-0
27.7202,-0.00415964,-0.235619,-0.606861,-1.4392,-0.391262,0.67618,-1.20958,-10.8823,-4.02534,9.08316,-3.99096,3.36168,-0,-0,-0,-0,-0,-0
27.7252,0.0305293,-0.227291,-0.595285,-1.48062,-0.36032,0.531507,-1.3199,-10.7483,-4.58755,8.13096,-3.105,3.4362,-0,-0,-0,-0,-0,-0
27.7302,0.068167,-0.206141,-0.585675,-1.4907,-0.357818,0.383423,-1.36718,-11.8633,-3.68258,7.6176,-3.51072,3.70116,-0,-0,-0,-0,-0,-0
27.7353,0.118285,-0.186023,-0.591894,-1.48702,-0.398685,0.226714,-1.69026,-11.3275,-3.86023,7.47684,-2.5668,3.87504,-0,-0,-0,-0,-0,-0
27.7402,0.16576,-0.168403,-0.593255,-1.49443,-0.495709,0.0738629,-1.49326,-11.887,-4.07968,7.98192,-2.4426,4.07376,-0,-0,-0,-0,-0,-0
27.7455,0.213379,-0.14185,-0.588245,-1.49895,-0.506229,-0.0957611,-1.6154,-11.686,-4.16955,7.17048,-4.14,4.2642,-0,-0,-0,-0,-0,-0
27.7503,0.25555,-0.124898,-0.577253,-1.47177,-0.481856,-0.219632,-1.5563,-11.1423,-4.56665,7.34436,-2.92284,3.84192,-0,-0,-0,-0,-0,-0
27.7555,0.300028,-0.127375,-0.565877,-1.45237,-0.492068,-0.310455,-1.6942,-10.181,-4.40363,7.17048,-3.71772,3.75084,-0,-0,-0,-0,-0,-0
27.7605,0.359322,-0.124587,-0.560091,-1.44375,-0.447365,-0.374586,-2.2458,-11.4339,-4.07759,7.7832,-3.933,3.6432,-0,-0,-0,-0,-0,-0
27.7653,0.424561,-0.113963,-0.550779,-1.4603,-0.43346,-0.409054,-2.14336,-11.0753,-4.73385,8.42904,-3.16296,3.41964,-0,-0,-0,-0,-0,-0
27.7702,0.486992,-0.113591,-0.549685,-1.45672,-0.488332,-0.414362,-2.19852,-11.0005,-3.79544,7.17876,-2.79864,3.17124,-0,-0,-0,-0,-0,-0
27.7754,0.574314,-0.122171,-0.553401,-1.43557,-0.554139,-0.368426,-2.9747,-10.2795,-4.38482,7.42716,-3.08016,2.51712,-0,-0,-0,-0,-0,-0
27.7803,0.698752,-0.131559,-0.547651,-1.42959,-0.553754,-0.31019,-4.0385,-10.8429,-4.55829,7.2036,-4.02408,2.78208,-0,-0,-0,-0,-0,-0
27.7853,0.870478,-0.153362,-0.538706,-1.43416,-0.51568,-0.264572,-4.94076,-9.21172,-4.65234,8.1558,-3.66804,2.69928,-0,-0,-0,-0,-0,-0
27.7902,1.06907,-0.165205,-0.535872,-1.43651,-0.49089,-0.222531,-5.78786,-11.1187,-3.77454,6.93864,-3.8088,2.71584,-0,-0,-0,-0,-0,-0
27.7952,1.28063,-0.167529,-0.540369,-1.43137,-0.429558,-0.159027,-6.07942,-10.2676,-4.18627,7.48512,-4.4298,2.20248,-0,-0,-0,-0,-0,-0
27.8004,1.46669,-0.18028,-0.540787,-1.42832,-0.329536,-0.0695005,-6.07942,-10.2676,-4.18627,7.48512,-4.4298,2.20248,-0,-0,-0,-0,-0,-0
27.8053,1.57412,-0.187152,-0.538628,-1.45333,-0.250307,0.0144907,-5.98486,-10.6577,-4.29913,8.75196,-4.35528,2.05344,-0,-0,-0,-0,-0,-0
27.8102,1.59333,-0.191086,-0.539831,-1.47369,-0.187159,0.127618,-5.63026,-10.1652,-3.63033,7.37748,-4.3884,1.42416,-0,-0,-0,-0,-0,-0
27.8154,1.53951,-0.20346,-0.553203,-1.45514,-0.117902,0.271491,-5.63026,-10.1652,-3.63033,7.37748,-4.3884,1.42416,-0,-0,-0,-0,-0,-0
27.8203,1.46867,-0.20481,-0.540875,-1.46626,-0.0941032,0.39645,-6.33158,-11.0478,-5.59284,8.3628,-3.86676,1.34964,-0,-0,-0,-0,-0,-0
27.8254,1.39876,-0.202135,-0.517953,-1.47415,-0.102231,0.517071,-6.16216,-10.4843,-4.36183,7.22844,-3.82536,1.33308,-0,-0,-0,-0,-0,-0
27.8304,1.32213,-0.197095,-0.516033,-1.48097,-0.13376,0.61631,-6.17004,-11.2408,-3.971,7.9902,-3.4776,1.48212,-0,-0,-0,-0,-0,-0
27.8353,1.24883,-0.185383,-0.521593,-1.48467,-0.176582,0.671449,-6.1858,-11.5048,-3.98981,7.68384,-3.6432,1.9458,-0,-0,-0,-0,-0,-0
27.8403,1.19779,-0.162668,-0.521481,-1.48368,-0.168802,0.652492,-6.93834,-12.0485,-4.27196,7.46028,-4.46292,2.7324,-0,-0,-0,-0,-0,-0
27.8453,1.17408,-0.148671,-0.52135,-1.47301,-0.160708,0.586941,-7.11958,-10.898,-4.12357,7.38576,-3.54384,2.8152,-0,-0,-0,-0,-0,-0
27.8502,1.12066,-0.154727,-0.529982,-1.47351,-0.207636,0.505254,-5.70906,-10.8902,-3.99817,8.0316,-3.63492,3.12984,-0,-0,-0,-0,-0,-0
27.8553,1.04953,-0.157554,-0.532638,-1.47204,-0.186343,0.388402,-6.4419,-10.7404,-4.34093,7.17876,-4.73616,3.54384,-0,-0,-0,-0,-0,-0
27.8603,1.01374,-0.164664,-0.52323,-1.44986,-0.108466,0.252642,-6.80044,-10.244,-4.75266,6.93864,-4.68648,3.726,-0,-0,-0,-0,-0,-0
27.8653,0.984586,-0.168942,-0.518252,-1.43835,-0.0799486,0.0970733,-6.698,-10.9611,-4.02325,7.7832,-3.87504,4.19796,-0,-0,-0,-0,-0,-0
27.8705,0.962424,-0.170765,-0.518291,-1.44065,-0.105915,-0.0704497,-6.93834,-10.7483,-4.52903,7.62588,-3.87504,4.12344,-0,-0,-0,-0,-0,-0
27.8753,0.949936,-0.176583,-0.513277,-1.48617,-0.108001,-0.199266,-7.02108,-10.5395,-4.44334,9.13284,-4.37184,3.99096,-0,-0,-0,-0,-0,-0
27.8803,0.921446,-0.18286,-0.505171,-1.51493,-0.0653723,-0.310635,-6.39462,-10.5947,-4.67742,7.66728,-4.64508,4.00752,-0,-0,-0,-0,-0,-0
27.8853,0.894036,-0.197773,-0.506898,-1.50656,-0.01119,-0.400057,-6.93046,-9.80272,-3.8038,7.7004,-4.70304,3.82536,-0,-0,-0,-0,-0,-0
27.8905,0.885574,-0.220087,-0.52038,-1.53141,0.0523056,-0.464912,-7.12746,-10.1573,-3.97518,8.57808,-4.94316,3.67632,-0,-0,-0,-0,-0,-0
27.8952,0.872413,-0.234428,-0.526366,-1.53675,0.117257,-0.483417,-6.56404,-10.2361,-4.21344,7.17048,-4.95144,3.22092,-0,-0,-0,-0,-0,-0
27.9004,0.825734,-0.237463,-0.523541,-1.50616,0.213869,-0.478149,-6.02032,-10.6104,-4.23434,6.64884,-5.35716,3.28716,-0,-0,-0,-0,-0,-0
27.9052,0.77619,-0.236723,-0.523492,-1.48064,0.325027,-0.479974,-6.05578,-10.0667,-3.70557,6.44184,-5.53104,3.36168,-0,-0,-0,-0,-0,-0
27.9102,0.718669,-0.231685,-0.511366,-1.44633,0.462526,-0.455355,-5.64996,-10.6459,-4.9533,6.81444,-5.81256,2.80692,-0,-0,-0,-0,-0,-0
27.9154,0.661871,-0.230467,-0.496864,-1.44575,0.579451,-0.38983,-5.86272,-9.66482,-3.75782,7.63416,-5.35716,2.5668,-0,-0,-0,-0,-0,-0
27.9202,0.622991,-0.232236,-0.501385,-1.43228,0.618654,-0.32715,-5.91,-10.3504,-3.54464,6.7896,-4.7196,2.67444,-0,-0,-0,-0,-0,-0
27.9252,0.584924,-0.216252,-0.496383,-1.36279,0.617411,-0.238577,-5.64208,-11.296,-4.38482,5.05908,-4.6782,1.93752,-0,-0,-0,-0,-0,-0
27.9303,0.542197,-0.195331,-0.485503,-1.25916,0.608499,-0.11794,-5.64208,-11.296,-4.38482,5.05908,-4.6782,1.93752,-0,-0,-0,-0,-0,-0
27.9354,0.497758,-0.184736,-0.485231,-1.17964,0.568323,0.00944564,-5.44902,-10.3583,-3.65959,5.43168,-4.32216,1.56492,-0,-0,-0,-0,-0,-0
27.9402,0.534724,-0.162823,-0.484544,-1.17904,0.525742,0.113477,-8.59708,-11.6151,-3.75364,7.659,-4.42152,2.00376,-0,-0,-0,-0,-0,-0
27.9453,0.64169,-0.136444,-0.489778,-1.22501,0.496603,0.193965,-8.59708,-11.6151,-3.75364,7.659,-4.42152,2.00376,-0,-0,-0,-0,-0,-0
27.9502,0.682186,-0.112827,-0.499527,-1.28502,0.49785,0.296763,-6.4813,-11.8082,-3.57599,8.43732,-5.10048,1.30824,-0,-0,-0,-0,-0,-0
27.9552,0.657921,-0.0888002,-0.501576,-1.33052,0.554279,0.405037,-6.33158,-11.7609,-4.43916,7.659,-5.44824,1.72224,-0,-0,-0,-0,-0,-0
27.9604,0.674337,-0.086631,-0.493732,-1.35748,0.629639,0.459108,-8.04942,-10.1691,-4.58546,7.4934,-5.61384,2.20248,-0,-0,-0,-0,-0,-0
27.9652,0.722325,-0.0834547,-0.485933,-1.40008,0.713158,0.469598,-7.69088,-11.6427,-4.35347,8.50356,-5.77944,2.3598,-0,-0,-0,-0,-0,-0
27.9705,0.729674,-0.070512,-0.482738,-1.4579,0.791088,0.426811,-6.43796,-11.3433,-4.37855,8.21376,-5.589,3.105,-0,-0,-0,-0,-0,-0
27.9752,0.738602,-0.0608954,-0.477761,-1.49283,0.862647,0.335141,-8.02578,-11.556,-4.64398,8.29656,-6.05268,3.51072,-0,-0,-0,-0,-0,-0
27.9803,0.788366,-0.0472172,-0.454918,-1.49578,0.909109,0.215047,-7.99032,-11.5481,-5.63882,7.50168,-5.12532,3.59352,-0,-0,-0,-0,-0,-0
27.9853,0.796538,-0.0445045,-0.441583,-1.52446,0.916402,0.0981511,-6.39068,-10.8389,-4.16328,9.1908,-5.56416,3.69288,-0,-0,-0,-0,-0,-0
27.9902,0.774755,-0.0535265,-0.447518,-1.54101,0.91179,-0.00782078,-6.8753,-10.9532,-4.47887,7.18704,-5.12532,3.65976,-0,-0,-0,-0,-0,-0
27.9953,0.794678,-0.0663001,-0.446617,-1.54519,0.890516,-0.124953,-7.68694,-10.1022,-4.52067,7.98192,-5.30748,4.03236,-0,-0,-0,-0,-0,-0
28.0005,0.828429,-0.0730677,-0.438376,-1.56826,0.876938,-0.263311,-7.5254,-10.7995,-4.56247,8.29656,-4.90176,4.23936,-0,-0,-0,-0,-0,-0
28.0053,0.832119,-0.0830577,-0.443724,-1.57538,0.827018,-0.376219,-6.60344,-10.1179,-3.74737,7.46028,-4.8438,3.9744,-0,-0,-0,-0,-0,-0
28.0103,0.832189,-0.0894094,-0.461652,-1.58839,0.809631,-0.449223,-7.34416,-11.4536,-3.8038,8.01504,-5.56416,3.65148,-0,-0,-0,-0,-0,-0
28.0152,0.833299,-0.0823324,-0.458859,-1.58023,0.847022,-0.479146,-6.69012,-10.9493,-5.02227,6.57432,-5.69664,3.34512,-0,-0,-0,-0,-0,-0
28.0202,0.827409,-0.0816705,-0.45404,-1.56496,0.872731,-0.495284,-6.9541,-11.0793,-4.12357,7.5762,-5.43168,3.49416,-0,-0,-0,-0,-0,-0
28.0254,0.846768,-0.088268,-0.457855,-1.56338,0.927381,-0.478152,-7.61602,-10.3504,-4.38064,7.55964,-6.28452,2.8152,-0,-0,-0,-0,-0,-0
28.0303,0.857428,-0.0953827,-0.455812,-1.55964,1.0244,-0.439456,-6.7965,-11.0793,-4.63144,7.87428,-6.40044,3.05532,-0,-0,-0,-0,-0,-0
28.0352,0.862423,-0.0909139,-0.4455,-1.55894,1.08846,-0.39628,-7.46236,-10.9493,-4.68996,7.60932,-5.63868,2.69928,-0,-0,-0,-0,-0,-0
28.0405,0.892202,-0.0849029,-0.438761,-1.56652,1.11797,-0.29812,-7.56086,-11.2448,-4.35974,7.94052,-5.92848,2.0286,-0,-0,-0,-0,-0,-0
28.0453,0.911607,-0.0675053,-0.436697,-1.58185,1.19999,-0.164396,-7.24566,-12.0288,-4.2636,7.80804,-6.69852,1.66428,-0,-0,-0,-0,-0,-0
28.0502,0.937697,-0.0417219,-0.431997,-1.58758,1.32297,-0.0132588,-7.77756,-11.8397,-4.48932,7.6176,-6.88068,1.50696,-0,-0,-0,-0,-0,-0
28.0553,0.942237,-0.0137851,-0.412325,-1.5755,1.42122,0.169677,-6.6192,-11.7648,-5.10378,7.09596,-6.11064,0.91908,-0,-0,-0,-0,-0,-0
28.0603,0.949477,-0.000584423,-0.406059,-1.58578,1.47675,0.34159,-7.87606,-10.6656,-3.6366,8.59464,-6.49152,1.30824,-0,-0,-0,-0,-0,-0
28.0654,0.991498,0.0177968,-0.396099,-1.60792,1.54584,0.471562,-7.83666,-11.7806,-5.06616,7.245,-6.34248,1.42416,-0,-0,-0,-0,-0,-0
28.0704,0.997995,0.0213592,-0.392394,-1.59467,1.59309,0.567005,-6.67436,-9.9682,-3.64078,7.05456,-6.40872,1.58148,-0,-0,-0,-0,-0,-0
28.0753,0.967567,0.0032696,-0.396643,-1.6051,1.60782,0.582607,-6.37098,-10.1928,-4.78401,7.77492,-5.97816,2.67444,-0,-0,-0,-0,-0,-0
28.0804,0.964534,-0.00293738,-0.386574,-1.62877,1.58667,0.509008,-7.66724,-10.7995,-4.5353,7.39404,-5.72148,3.1464,-0,-0,-0,-0,-0,-0
28.0852,0.994527,-0.0149373,-0.398515,-1.65223,1.5428,0.414102,-7.57662,-10.114,-3.40879,8.26344,-5.68008,3.22092,-0,-0,-0,-0,-0,-0
28.0904,1.01752,-0.0235067,-0.407424,-1.63795,1.51296,0.311398,-7.48994,-10.6144,-4.45797,6.21,-5.8374,3.29544,-0,-0,-0,-0,-0,-0
28.0954,1.02478,-0.0404124,-0.403119,-1.61171,1.45409,0.197772,-6.96986,-9.3969,-4.51858,7.23672,-5.08392,3.73428,-0,-0,-0,-0,-0,-0
28.1003,1.04525,-0.0536523,-0.401095,-1.60772,1.35513,0.0880083,-7.89576,-10.0628,-3.75155,6.90552,-4.8024,3.4776,-0,-0,-0,-0,-0,-0
28.1052,1.06231,-0.0775233,-0.414187,-1.61008,1.24284,0.000910515,-7.10382,-9.01078,-3.70975,7.66728,-4.761,3.49416,-0,-0,-0,-0,-0,-0
28.1103,1.06419,-0.102103,-0.415348,-1.60031,1.11922,-0.0744434,-7.32052,-10.2282,-4.90732,6.85584,-4.66164,3.37824,-0,-0,-0,-0,-0,-0
28.1153,1.07702,-0.111555,-0.414268,-1.5731,0.992512,-0.125168,-7.44266,-10.3425,-3.8247,6.75648,-4.35528,3.21264,-0,-0,-0,-0,-0,-0
28.1204,1.11442,-0.116902,-0.426056,-1.56366,0.856602,-0.140804,-8.25036,-10.6932,-4.02325,7.9488,-4.32216,2.82348,-0,-0,-0,-0,-0,-0
28.1255,1.12475,-0.120353,-0.432595,-1.5734,0.745505,-0.12068,-6.51282,-10.244,-4.0337,7.68384,-4.47948,2.691,-0,-0,-0,-0,-0,-0
28.1302,1.08851,-0.126492,-0.437456,-1.57301,0.671025,-0.0943553,-6.51282,-10.244,-4.0337,7.68384,-4.47948,2.691,-0,-0,-0,-0,-0,-0
28.1353,1.08438,-0.137037,-0.422852,-1.55927,0.587776,-0.0393022,-7.70664,-9.5348,-5.44654,6.88068,-4.36356,2.09484,-0,-0,-0,-0,-0,-0
28.1402,1.10782,-0.156217,-0.392062,-1.5264,0.516814,0.0422756,-7.70664,-9.5348,-5.44654,6.88068,-4.36356,2.09484,-0,-0,-0,-0,-0,-0
28.1455,1.14441,-0.169601,-0.377251,-1.51913,0.430309,0.118628,-8.01002,-10.1534,-4.0546,7.62588,-4.12344,2.17764,-0,-0,-0,-0,-0,-0
28.1505,1.21979,-0.161039,-0.38166,-1.58455,0.359905,0.170947,-9.33386,-11.6466,-4.07341,9.53028,-4.48776,2.30184,-0,-0,-0,-0,-0,-0
28.1551,1.28694,-0.137742,-0.378621,-1.60993,0.318678,0.274412,-8.20308,-11.4536,-4.48305,6.76476,-4.29732,0.9522,-0,-0,-0,-0,-0,-0
28.1604,1.32327,-0.11805,-0.372559,-1.55506,0.269708,0.461399,-8.20308,-11.4536,-4.48305,6.76476,-4.29732,0.9522,-0,-0,-0,-0,-0,-0
28.1656,1.35333,-0.110162,-0.371038,-1.53165,0.225663,0.623575,-8.1164,-10.4962,-4.21971,7.79976,-4.41324,1.08468,-0,-0,-0,-0,-0,-0
28.1704,1.36663,-0.102112,-0.377012,-1.51579,0.215972,0.753782,-7.64754,-11.426,-3.85814,6.64884,-4.75272,0.97704,-0,-0,-0,-0,-0,-0
28.1755,1.39685,-0.0876819,-0.393014,-1.48682,0.223611,0.854773,-8.69952,-11.0438,-3.45059,7.39404,-4.62024,1.50696,-0,-0,-0,-0,-0,-0
28.1802,1.42242,-0.0810661,-0.398618,-1.47634,0.217895,0.862613,-7.62784,-10.8941,-4.71086,7.23672,-4.49604,2.50056,-0,-0,-0,-0,-0,-0
28.1852,1.42915,-0.076089,-0.384429,-1.4921,0.213307,0.807269,-7.7421,-10.2322,-4.55202,8.1144,-4.36356,2.57508,-0,-0,-0,-0,-0,-0
28.1902,1.44665,-0.0811354,-0.390324,-1.53705,0.213278,0.710893,-8.18338,-10.6459,-3.58226,8.2386,-4.69476,3.25404,-0,-0,-0,-0,-0,-0
28.1952,1.45147,-0.0778756,-0.398575,-1.51321,0.23662,0.567456,-7.16686,-10.7207,-4.18418,5.55588,-4.52916,3.61836,-0,-0,-0,-0,-0,-0
28.2004,1.442,-0.0705301,-0.395676,-1.48966,0.271568,0.415943,-7.62784,-10.5316,-4.1382,7.75008,-4.56228,3.48588,-0,-0,-0,-0,-0,-0
28.2053,1.4324,-0.0670925,-0.38401,-1.50152,0.302203,0.284245,-7.11958,-10.1455,-4.74221,6.9138,-4.27248,3.70116,-0,-0,-0,-0,-0,-0
28.2103,1.41392,-0.0686415,-0.373174,-1.50349,0.330369,0.139394,-7.09988,-9.70422,-3.8665,7.30296,-4.25592,3.96612,-0,-0,-0,-0,-0,-0
28.2153,1.41669,-0.0863555,-0.381323,-1.51235,0.375452,0.0223371,-7.92334,-8.97138,-3.53001,7.02972,-4.48776,3.51072,-0,-0,-0,-0,-0,-0
28.2203,1.44223,-0.0861798,-0.373548,-1.50567,0.447343,-0.0231559,-7.86424,-10.6616,-4.65234,6.50808,-4.23108,2.8566,-0,-0,-0,-0,-0,-0
28.2252,1.4472,-0.0792731,-0.369732,-1.52427,0.489062,-0.0165766,-6.90682,-10.1849,-3.59062,7.84116,-3.82536,2.62476,-0,-0,-0,-0,-0,-0
28.2303,1.42249,-0.074221,-0.377174,-1.56035,0.548688,0.0106146,-6.90682,-10.1849,-3.59062,7.84116,-3.82536,2.62476,-0,-0,-0,-0,-0,-0
28.2352,1.4307,-0.0732206,-0.385063,-1.57165,0.633281,0.0402377,-8.04548,-9.51116,-3.41715,7.00488,-3.85848,2.55024,-0,-0,-0,-0,-0,-0
28.2403,1.45769,-0.0724205,-0.380465,-1.55125,0.71907,0.0769179,-7.86424,-10.0194,-4.41199,6.46668,-3.28716,2.4426,-0,-0,-0,-0,-0,-0
28.2453,1.48744,-0.0620095,-0.368188,-1.54186,0.790206,0.151008,-8.3134,-10.4213,-4.02116,7.05456,-3.30372,1.67256,-0,-0,-0,-0,-0,-0
28.2503,1.52443,-0.0489515,-0.362125,-1.54802,0.852413,0.271188,-8.22672,-10.6222,-4.10058,7.54308,-2.84004,1.44072,-0,-0,-0,-0,-0,-0
28.2553,1.55827,-0.0417095,-0.365715,-1.56687,0.898299,0.368211,-8.31734,-9.7121,-3.24577,7.3278,-2.84004,1.91268,-0,-0,-0,-0,-0,-0
28.2603,1.58575,-0.0390748,-0.365889,-1.55797,0.924523,0.488259,-8.01396,-10.311,-4.42244,6.56604,-2.26872,0.81144,-0,-0,-0,-0,-0,-0
28.2654,1.61028,-0.0290438,-0.353059,-1.56753,0.917299,0.625864,-8.2937,-10.2361,-4.11312,7.69212,-1.97892,1.41588,-0,-0,-0,-0,-0,-0
28.2703,1.62765,-0.0312903,-0.360274,-1.61489,0.873175,0.674549,-7.80908,-9.8303,-3.34818,8.23032,-1.59804,2.18592,-0,-0,-0,-0,-0,-0
28.2752,1.64098,-0.0304524,-0.364897,-1.63216,0.796617,0.648918,-8.06518,-10.181,-4.09222,6.78132,-1.035,2.72412,-0,-0,-0,-0,-0,-0
28.2803,1.65733,-0.0174193,-0.370248,-1.61883,0.705318,0.53596,-8.18338,-11.1226,-3.39625,6.96348,-1.05984,3.73428,-0,-0,-0,-0,-0,-0
28.2852,1.68446,-0.00157266,-0.365851,-1.62067,0.61338,0.399303,-8.39614,-10.2755,-4.67742,7.31124,-0.38916,3.38652,-0,-0,-0,-0,-0,-0
28.2902,1.69224,0.00403944,-0.35651,-1.65785,0.477385,0.255928,-7.47024,-10.3346,-3.89367,8.28,0.14076,4.04064,-0,-0,-0,-0,-0,-0
28.2952,1.67118,-0.00468906,-0.361241,-1.67862,0.356966,0.0935706,-7.1905,-8.8059,-3.55509,6.9138,-0.14076,4.06548,-0,-0,-0,-0,-0,-0
28.3002,1.66528,-0.0114456,-0.366876,-1.64506,0.280859,-0.0509983,-7.9982,-10.2282,-3.62824,5.93676,0.1242,3.98268,-0,-0,-0,-0,-0,-0
28.3056,1.68916,-0.0112753,-0.367639,-1.63127,0.187329,-0.177458,-8.43948,-9.30234,-3.83097,7.88256,0.85284,3.85848,-0,-0,-0,-0,-0,-0
28.3104,1.71984,-0.0363624,-0.366803,-1.62471,0.103696,-0.263092,-8.44736,-7.96668,-3.93129,6.57432,0.79488,3.71772,-0,-0,-0,-0,-0,-0
28.3155,1.73665,-0.0578608,-0.369287,-1.57039,0.0786165,-0.265827,-7.76574,-9.68058,-3.54882,5.74632,0.46368,2.41776,-0,-0,-0,-0,-0,-0
28.3203,1.73438,-0.0569978,-0.373031,-1.51027,0.11749,-0.198873,-7.76574,-9.68058,-3.54882,5.74632,0.46368,2.41776,-0,-0,-0,-0,-0,-0
28.3253,1.74966,-0.0546383,-0.363657,-1.50481,0.16999,-0.159854,-8.30552,-9.45994,-4.48305,7.3278,0.75348,2.94768,-0,-0,-0,-0,-0,-0
28.3302,1.75793,-0.061663,-0.361522,-1.52882,0.186715,-0.0992338,-7.67906,-9.05806,-3.14127,7.56792,1.52352,1.9458,-0,-0,-0,-0,-0,-0
28.3352,1.75015,-0.0763831,-0.379149,-1.55659,0.186156,0.0108402,-7.67906,-9.05806,-3.14127,7.56792,1.52352,1.9458,-0,-0,-0,-0,-0,-0
28.3403,1.75675,-0.0984414,-0.394158,-1.55256,0.225707,0.0971521,-8.14398,-8.50646,-3.50911,6.21828,1.1592,2.28528,-0,-0,-0,-0,-0,-0
28.3454,1.7885,-0.116895,-0.397226,-1.55623,0.281328,0.162552,-8.6483,-9.04624,-3.82261,8.12268,1.62288,2.14452,-0,-0,-0,-0,-0,-0
28.3503,1.81777,-0.138093,-0.411822,-1.5619,0.322567,0.267426,-8.22672,-8.66012,-2.88629,6.64884,1.35792,1.31652,-0,-0,-0,-0,-0,-0
28.3553,1.82595,-0.15333,-0.417461,-1.55405,0.361356,0.405387,-7.6633,-9.45206,-4.41617,7.47684,1.78848,1.34136,-0,-0,-0,-0,-0,-0
28.3602,1.82794,-0.161414,-0.407086,-1.56567,0.405545,0.488576,-8.077,-9.11322,-4.0128,7.29468,1.41588,2.14452,-0,-0,-0,-0,-0,-0
28.3652,1.83335,-0.163684,-0.404983,-1.56253,0.447042,0.492494,-7.82484,-9.73968,-3.52374,6.88068,1.9044,2.67444,-0,-0,-0,-0,-0,-0
28.3702,1.83875,-0.1609,-0.411367,-1.54341,0.462306,0.430916,-8.0573,-9.39296,-3.2186,6.2514,2.0286,3.26232,-0,-0,-0,-0,-0,-0
28.3752,1.86253,-0.157319,-0.414434,-1.52401,0.467286,0.296484,-8.5301,-9.47964,-3.61152,6.5826,2.13624,4.07376,-0,-0,-0,-0,-0,-0
28.3802,1.89438,-0.153033,-0.412239,-1.50496,0.473199,0.128743,-8.5301,-9.47964,-3.61152,6.5826,2.13624,4.07376,-0,-0,-0,-0,-0,-0
28.3852,1.91745,-0.16017,-0.410814,-1.48993,0.487894,-0.0187202,-8.18338,-8.32128,-3.5948,6.59916,1.93752,3.90816,-0,-0,-0,-0,-0,-0
28.3903,1.92545,-0.181424,-0.418034,-1.50843,0.495836,-0.143258,-8.14004,-8.42766,-3.0932,7.92396,2.21076,3.94956,-0,-0,-0,-0,-0,-0
28.3952,1.94094,-0.189036,-0.416295,-1.53785,0.521706,-0.255124,-8.45524,-9.32992,-4.18,7.05456,1.656,4.04892,-0,-0,-0,-0,-0,-0
28.4003,1.9846,-0.172155,-0.391363,-1.5346,0.616623,-0.314685,-9.062,-9.653,-4.09013,6.42528,1.3248,3.1464,-0,-0,-0,-0,-0,-0
28.4055,1.97565,-0.155694,-0.379927,-1.55512,0.742324,-0.293115,-6.39462,-9.14474,-3.16217,7.79148,1.00188,2.691,-0,-0,-0,-0,-0,-0
28.4102,1.90615,-0.147563,-0.380627,-1.60146,0.863313,-0.246918,-6.39462,-9.14474,-3.16217,7.79148,1.00188,2.691,-0,-0,-0,-0,-0,-0
28.4153,1.85625,-0.140589,-0.379792,-1.62037,0.955402,-0.203627,-7.18262,-9.1605,-3.40043,6.48324,1.44072,2.75724,-0,-0,-0,-0,-0,-0
28.4204,1.83282,-0.134012,-0.37604,-1.62169,1.0177,-0.149913,-7.30476,-9.18414,-3.45477,7.68384,1.3248,2.36808,-0,-0,-0,-0,-0,-0
28.4252,1.82664,-0.126423,-0.363142,-1.57903,1.09796,-0.0502674,-7.49388,-8.58526,-3.69512,4.47948,1.06812,1.67256,-0,-0,-0,-0,-0,-0
28.4303,1.81264,-0.139258,-0.358387,-1.49581,1.17193,0.0801427,-6.94228,-7.48994,-3.04095,5.77944,1.242,1.72224,-0,-0,-0,-0,-0,-0
28.4353,1.80328,-0.16251,-0.371251,-1.45824,1.21141,0.224286,-7.37174,-7.45448,-2.26974,6.15204,1.58148,1.10124,-0,-0,-0,-0,-0,-0
28.4403,1.80097,-0.174521,-0.375962,-1.41374,1.20599,0.355355,-7.12746,-8.23854,-3.43805,5.10048,2.07,1.64772,-0,-0,-0,-0,-0,-0
28.4453,1.78182,-0.179647,-0.381166,-1.33731,1.17276,0.423501,-6.61526,-7.86818,-2.07119,4.49604,2.12796,2.04516,-0,-0,-0,-0,-0,-0
28.4506,1.80974,-0.177999,-0.386485,-1.366,1.10037,0.388137,-8.81378,-8.51434,-3.2395,8.80992,2.84832,3.36996,-0,-0,-0,-0,-0,-0
28.4555,1.99125,-0.168956,-0.378872,-1.45395,1.01358,0.265628,-12.7065,-8.63254,-3.17053,7.452,2.6082,3.82536,-0,-0,-0,-0,-0,-0
28.4604,2.1225,-0.168861,-0.382569,-1.48419,0.935526,0.121277,-7.64754,-8.3528,-2.76925,6.93036,2.64132,3.98268,-0,-0,-0,-0,-0,-0
28.4655,2.1301,-0.178108,-0.384444,-1.46305,0.856921,-0.00880278,-8.43948,-8.20308,-3.62824,5.89536,2.6082,3.77568,-0,-0,-0,-0,-0,-0
28.4703,2.12262,-0.194745,-0.37816,-1.44563,0.791185,-0.127377,-7.56874,-7.83272,-3.58226,6.88068,2.57508,4.18968,-0,-0,-0,-0,-0,-0
28.4753,2.09378,-0.209391,-0.377594,-1.47617,0.702919,-0.238126,-7.72634,-8.67194,-3.27294,7.79148,3.12984,3.74256,-0,-0,-0,-0,-0,-0
28.4803,2.04906,-0.213424,-0.374633,-1.49016,0.626288,-0.301073,-6.86742,-8.18732,-3.37326,6.27624,2.69928,3.52728,-0,-0,-0,-0,-0,-0
28.4853,2.03459,-0.227918,-0.377045,-1.50089,0.556895,-0.335898,-8.66406,-7.76574,-2.97825,7.55964,3.08844,3.3948,-0,-0,-0,-0,-0,-0
28.4905,2.04414,-0.235045,-0.382555,-1.51042,0.502159,-0.313084,-7.88788,-8.89258,-3.13918,6.45012,2.5254,2.5668,-0,-0,-0,-0,-0,-0
28.4952,2.04128,-0.22707,-0.375529,-1.48913,0.504196,-0.256765,-8.14398,-8.74286,-3.64287,6.27624,2.33496,2.69928,-0,-0,-0,-0,-0,-0
28.5003,2.07376,-0.216252,-0.36959,-1.47483,0.531168,-0.186125,-9.35356,-9.12898,-3.04513,6.57432,2.1114,2.277,-0,-0,-0,-0,-0,-0
28.5054,2.12302,-0.188974,-0.352549,-1.51693,0.596913,-0.0499573,-8.69558,-9.66482,-4.01698,8.4456,1.81332,1.3662,-0,-0,-0,-0,-0,-0
28.5103,2.11945,-0.167803,-0.345761,-1.56532,0.653399,0.0975351,-7.30476,-8.84924,-2.49128,7.17048,2.07828,1.7388,-0,-0,-0,-0,-0,-0
28.5153,2.09739,-0.158456,-0.355451,-1.54041,0.6841,0.250035,-7.93516,-8.86106,-2.9678,5.88708,2.1114,1.09296,-0,-0,-0,-0,-0,-0
28.5204,2.11563,-0.165972,-0.353787,-1.51654,0.695458,0.423626,-8.77832,-7.35204,-3.45686,6.71508,2.34324,1.10124,-0,-0,-0,-0,-0,-0
28.5252,2.11906,-0.179383,-0.352067,-1.52853,0.701739,0.49794,-7.43084,-8.08882,-2.94063,6.94692,2.16936,2.5668,-0,-0,-0,-0,-0,-0
28.5308,2.09738,-0.177164,-0.35957,-1.56944,0.729511,0.458713,-7.9194,-8.84924,-2.73581,7.89912,2.01204,3.0222,-0,-0,-0,-0,-0,-0
28.5356,2.09869,-0.166588,-0.364312,-1.58883,0.76326,0.385606,-8.2346,-8.89258,-3.05767,6.46668,1.9458,3.2292,-0,-0,-0,-0,-0,-0
28.5403,2.10726,-0.154321,-0.363644,-1.57397,0.79825,0.30797,-8.2346,-8.89258,-3.05767,6.46668,1.9458,3.2292,-0,-0,-0,-0,-0,-0
28.5453,2.11125,-0.144515,-0.36097,-1.60002,0.923497,0.206141,-8.00608,-8.49858,-3.23114,7.80804,0.10764,3.70944,-0,-0,-0,-0,-0,-0
28.5502,2.12714,-0.123926,-0.350269,-1.62061,1.10851,0.108335,-8.57738,-9.36538,-3.23114,6.50808,0.76176,3.4362,-0,-0,-0,-0,-0,-0
28.5552,2.15197,-0.0974821,-0.341327,-1.60436,1.2463,0.0353807,-8.57738,-9.36538,-3.23114,6.50808,0.76176,3.4362,-0,-0,-0,-0,-0,-0
28.5602,2.15896,-0.0763268,-0.338894,-1.59796,1.34264,0.0165874,-7.96274,-9.10928,-2.94481,6.65712,1.2006,2.5254,-0,-0,-0,-0,-0,-0
28.5653,2.15131,-0.0589874,-0.340521,-1.591,1.40213,0.0508199,-7.96274,-9.10928,-2.94481,6.65712,1.2006,2.5254,-0,-0,-0,-0,-0,-0
28.5702,2.15343,-0.045431,-0.33871,-1.589,1.4311,0.0609281,-8.27794,-8.95562,-3.35027,6.64884,1.54008,2.96424,-0,-0,-0,-0,-0,-0
28.5752,2.13984,-0.0471842,-0.334324,-1.58177,1.43064,0.0621483,-7.31264,-7.3284,-2.93854,6.3756,1.7802,2.64132,-0,-0,-0,-0,-0,-0
28.5805,2.0997,-0.0495332,-0.34126,-1.56454,1.40921,0.112934,-7.28112,-8.76256,-2.42858,6.3342,1.9044,2.10312,-0,-0,-0,-0,-0,-0
28.5854,2.0563,-0.0456985,-0.347748,-1.5184,1.3582,0.21513,-7.08412,-8.1952,-3.13918,5.03424,2.32668,1.48212,-0,-0,-0,-0,-0,-0
28.5902,2.00277,-0.0669905,-0.351784,-1.49331,1.32127,0.353081,-6.63102,-6.69012,-2.90928,7.00488,1.54836,1.2006,-0,-0,-0,-0,-0,-0
28.5953,1.98942,-0.102565,-0.371701,-1.4756,1.31434,0.513146,-8.62072,-6.87136,-1.90817,5.57244,1.80504,0.9522,-0,-0,-0,-0,-0,-0
28.6002,1.99337,-0.114145,-0.385543,-1.47409,1.31334,0.634088,-7.16686,-7.97456,-2.74417,7.15392,1.78848,1.59804,-0,-0,-0,-0,-0,-0
28.6052,1.94263,-0.118868,-0.382581,-1.47613,1.34008,0.663908,-6.55616,-6.92258,-2.80269,6.19344,1.45728,2.47572,-0,-0,-0,-0,-0,-0
28.6104,1.91092,-0.134947,-0.379764,-1.46558,1.35942,0.636866,-7.8406,-6.98168,-2.80478,6.51636,1.89612,2.54196,-0,-0,-0,-0,-0,-0
28.6152,1.91242,-0.147933,-0.378648,-1.42868,1.34909,0.545,-7.87606,-7.10382,-2.61459,5.43168,1.9872,3.77568,-0,-0,-0,-0,-0,-0
28.6202,1.90843,-0.169678,-0.385138,-1.38978,1.36004,0.418535,-7.4072,-6.18186,-2.29064,6.0444,1.4904,3.20436,-0,-0,-0,-0,-0,-0
28.6253,1.88922,-0.187574,-0.390724,-1.3911,1.34209,0.307767,-7.35598,-7.289,-2.58115,6.83928,2.55852,3.62664,-0,-0,-0,-0,-0,-0
28.6303,1.85029,-0.198668,-0.394167,-1.38627,1.30259,0.178107,-6.6586,-6.67436,-2.38051,5.796,1.95408,3.84192,-0,-0,-0,-0,-0,-0
28.6353,1.80727,-0.222519,-0.404281,-1.37745,1.31465,0.124058,-7.19838,-6.07154,-2.09209,6.65712,1.60632,2.43432,-0,-0,-0,-0,-0,-0
28.6403,1.80108,-0.240727,-0.404234,-1.36277,1.36386,0.122565,-8.01002,-6.895,-2.97825,5.43996,1.34964,3.04704,-0,-0,-0,-0,-0,-0
28.6453,1.81846,-0.25074,-0.398443,-1.37384,1.44227,0.122584,-8.2543,-6.78468,-2.508,7.64244,1.05984,2.55024,-0,-0,-0,-0,-0,-0
28.6502,1.83567,-0.264413,-0.403199,-1.39004,1.49566,0.126376,-7.9982,-6.61132,-2.24048,5.85396,1.66428,2.97252,-0,-0,-0,-0,-0,-0
28.6553,1.81932,-0.266469,-0.395286,-1.37077,1.52159,0.190134,-7.0132,-7.76574,-3.38162,6.3756,1.55664,1.49868,-0,-0,-0,-0,-0,-0
28.6602,1.77378,-0.256489,-0.372908,-1.35372,1.54714,0.320641,-7.0132,-7.76574,-3.38162,6.3756,1.55664,1.49868,-0,-0,-0,-0,-0,-0
28.6655,1.7144,-0.254544,-0.35798,-1.32662,1.53301,0.486586,-6.68224,-6.98168,-2.80896,5.95332,2.29356,0.79488,-0,-0,-0,-0,-0,-0
28.6702,1.66116,-0.256597,-0.354493,-1.31061,1.51305,0.614151,-6.74134,-6.92652,-2.32408,6.624,1.80504,1.63116,-0,-0,-0,-0,-0,-0
28.6753,1.60298,-0.268056,-0.359318,-1.27696,1.47342,0.656455,-6.53252,-6.304,-2.25511,5.24952,2.57508,2.36808,-0,-0,-0,-0,-0,-0
28.6804,1.56024,-0.288141,-0.367587,-1.25945,1.4466,0.587454,-6.96198,-6.11488,-2.1527,6.7068,1.6146,3.56868,-0,-0,-0,-0,-0,-0
28.6853,1.51938,-0.304789,-0.370207,-1.28442,1.45596,0.477996,-6.35522,-6.37886,-2.56652,6.60744,1.96236,3.21264,-0,-0,-0,-0,-0,-0
28.6904,1.48483,-0.309681,-0.372501,-1.29418,1.44641,0.330592,-7.08412,-7.37568,-2.23212,6.20172,1.92096,4.32216,-0,-0,-0,-0,-0,-0
28.6952,1.4832,-0.305519,-0.37635,-1.30333,1.3863,0.182191,-7.50176,-7.13928,-2.3199,6.49152,3.09672,3.62664,-0,-0,-0,-0,-0,-0
28.7003,1.48164,-0.300049,-0.380376,-1.2991,1.32275,0.0927106,-7.04078,-6.88712,-1.86846,5.85396,2.13624,3.34512,-0,-0,-0,-0,-0,-0
28.7053,1.46922,-0.296845,-0.389271,-1.27884,1.31747,0.0328921,-7.04078,-6.88712,-1.86846,5.85396,2.13624,3.34512,-0,-0,-0,-0,-0,-0
28.7102,1.46311,-0.292969,-0.392873,-1.25471,1.32516,-0.021523,-7.29294,-7.03684,-2.35752,5.48964,1.9872,3.41136,-0,-0,-0,-0,-0,-0
28.7152,1.47745,-0.290328,-0.398626,-1.26483,1.37548,-0.0528547,-7.8406,-6.72952,-1.74724,6.93036,1.29168,3.05532,-0,-0,-0,-0,-0,-0
28.7202,1.51031,-0.288361,-0.409128,-1.29992,1.45754,-0.0592027,-7.8406,-6.72952,-1.74724,6.93036,1.29168,3.05532,-0,-0,-0,-0,-0,-0
28.7254,1.50022,-0.28507,-0.41826,-1.3004,1.51002,-0.0297236,-6.13458,-6.84772,-1.89981,5.61384,1.81332,2.4012,-0,-0,-0,-0,-0,-0
28.7305,1.47052,-0.280935,-0.420855,-1.28855,1.54092,0.0392671,-7.16292,-6.62314,-2.04611,6.52464,1.66428,2.31012,-0,-0,-0,-0,-0,-0
28.7353,1.45328,-0.284465,-0.42385,-1.29019,1.52204,0.124473,-6.79256,-6.25278,-1.95624,5.81256,2.6496,1.92924,-0,-0,-0,-0,-0,-0
28.7403,1.41553,-0.292587,-0.426932,-1.27704,1.46613,0.248359,-6.28036,-6.0282,-1.93743,5.87052,2.46744,1.449,-0,-0,-0,-0,-0,-0
28.7455,1.38835,-0.305371,-0.426813,-1.29654,1.42692,0.363205,-6.99744,-5.48448,-1.97923,6.7896,2.41776,1.9458,-0,-0,-0,-0,-0,-0
28.7505,1.36858,-0.309125,-0.426074,-1.32131,1.40548,0.385637,-6.44978,-6.46554,-1.75978,6.417,2.4012,2.87316,-0,-0,-0,-0,-0,-0
28.7553,1.35,-0.307938,-0.429456,-1.32952,1.36078,0.33046,-6.91864,-6.31582,-1.88936,6.20172,2.82348,3.34512,-0,-0,-0,-0,-0,-0
28.7603,1.35997,-0.308762,-0.431193,-1.32416,1.35614,0.18718,-7.51358,-6.09912,-1.79113,5.68836,1.68912,4.57884,-0,-0,-0,-0,-0,-0
28.7652,1.35086,-0.320467,-0.442533,-1.32963,1.32045,0.0367853,-6.22126,-5.22444,-1.13069,6.68196,3.45276,3.726,-0,-0,-0,-0,-0,-0
28.7703,1.3407,-0.336019,-0.457598,-1.3419,1.20384,-0.0884127,-7.49782,-5.72088,-1.51316,6.01956,3.25404,4.24764,-0,-0,-0,-0,-0,-0
28.7753,1.35175,-0.349716,-0.468534,-1.34013,1.12259,-0.192968,-7.13534,-5.70512,-1.64065,5.85396,2.87316,3.6432,-0,-0,-0,-0,-0,-0
28.7803,1.34201,-0.365714,-0.475683,-1.3508,1.11454,-0.27419,-6.6586,-5.2993,-1.64901,6.38388,2.10312,4.02408,-0,-0,-0,-0,-0,-0
28.7853,1.34076,-0.391418,-0.490376,-1.36559,1.1278,-0.325303,-7.43872,-4.71618,-1.04709,6.03612,2.55024,3.32856,-0,-0,-0,-0,-0,-0
28.7902,1.34237,-0.403541,-0.498188,-1.3652,1.14225,-0.314716,-6.76892,-6.35128,-2.02521,6.06096,2.1942,2.99736,-0,-0,-0,-0,-0,-0
28.7952,1.34363,-0.413449,-0.495591,-1.37661,1.11697,-0.245625,-7.4466,-4.43644,-1.55287,6.59916,3.36996,2.29356,-0,-0,-0,-0,-0,-0
28.8002,1.34743,-0.437392,-0.501772,-1.37561,1.06139,-0.150511,-6.68618,-4.8462,-1.27699,5.9616,2.78208,2.42604,-0,-0,-0,-0,-0,-0
28.8053,1.32911,-0.455499,-0.510089,-1.387,1.02179,-0.0411894,-6.72952,-5.31506,-1.62184,6.71508,3.0222,1.87956,-0,-0,-0,-0,-0,-0
28.8102,1.30812,-0.464461,-0.508286,-1.3755,0.95043,0.0255995,-6.48918,-5.21262,-1.74724,5.41512,3.71772,2.95596,-0,-0,-0,-0,-0,-0
28.8152,1.27342,-0.469515,-0.503186,-1.35703,0.913251,0.0273024,-6.05184,-5.22838,-1.61975,6.003,2.57508,2.98908,-0,-0,-0,-0,-0,-0
28.8202,1.24728,-0.471614,-0.495392,-1.34782,0.864551,-0.040332,-6.59556,-5.26778,-1.80785,5.86224,4.14,4.17312,-0,-0,-0,-0,-0,-0
28.8253,1.23458,-0.458637,-0.486684,-1.3257,0.773902,-0.147215,-6.6783,-6.76498,-1.77023,5.2992,3.44448,3.78396,-0,-0,-0,-0,-0,-0
28.8303,1.23041,-0.43194,-0.479991,-1.317,0.658421,-0.258607,-6.80438,-6.31976,-1.4839,6.40872,4.89348,4.43808,-0,-0,-0,-0,-0,-0
28.8353,1.24642,-0.41266,-0.481515,-1.28958,0.545321,-0.377749,-7.33234,-6.14246,-1.17667,4.66992,3.50244,4.10688,-0,-0,-0,-0,-0,-0
28.8404,1.24607,-0.406241,-0.486943,-1.27929,0.508412,-0.45119,-6.2843,-5.62238,-1.52152,6.65712,3.41964,3.77568,-0,-0,-0,-0,-0,-0
28.8453,1.21965,-0.403597,-0.485888,-1.31455,0.495702,-0.49307,-6.2843,-5.62238,-1.52152,6.65712,3.41964,3.77568,-0,-0,-0,-0,-0,-0
28.8503,1.19548,-0.406389,-0.483621,-1.32174,0.510225,-0.514577,-6.47342,-5.03138,-1.64274,5.43168,3.13812,3.4776,-0,-0,-0,-0,-0,-0
28.8553,1.199,-0.40909,-0.482106,-1.32038,0.523361,-0.448777,-7.36386,-5.46478,-1.36059,6.27624,3.44448,2.14452,-0,-0,-0,-0,-0,-0
28.8604,1.22544,-0.400724,-0.478414,-1.31684,0.55001,-0.340885,-7.24566,-5.96122,-1.73261,5.3406,2.84004,2.65788,-0,-0,-0,-0,-0,-0
28.8653,1.23486,-0.385399,-0.472863,-1.30368,0.5566,-0.235485,-6.8556,-5.82332,-1.29371,5.93676,3.89988,1.9872,-0,-0,-0,-0,-0,-0
28.8705,1.2382,-0.371997,-0.473477,-1.30699,0.505915,-0.0996707,-6.8556,-5.82332,-1.29371,5.93676,3.89988,1.9872,-0,-0,-0,-0,-0,-0
28.8752,1.21911,-0.368961,-0.479232,-1.31524,0.482623,0.00217841,-5.93758,-5.0235,-1.01574,5.92848,3.54384,2.16936,-0,-0,-0,-0,-0,-0
28.8804,1.17719,-0.372441,-0.486229,-1.31556,0.47379,0.0885261,-5.93758,-5.0235,-1.01574,5.92848,3.54384,2.16936,-0,-0,-0,-0,-0,-0
28.8852,1.16021,-0.375358,-0.493068,-1.30217,0.486802,0.0982182,-6.87136,-5.08654,-1.00529,5.35716,3.15468,3.3534,-0,-0,-0,-0,-0,-0
28.8903,1.12946,-0.379327,-0.50109,-1.30687,0.485908,0.0172991,-5.38598,-4.60192,-0.79629,6.92208,3.84192,3.82536,-0,-0,-0,-0,-0,-0
28.8953,1.06591,-0.381709,-0.505599,-1.34411,0.456344,-0.0788247,-5.38598,-4.60192,-0.79629,6.92208,3.84192,3.82536,-0,-0,-0,-0,-0,-0
28.9003,0.999413,-0.378574,-0.494075,-1.3577,0.533558,-0.1346,-5.2008,-4.88954,-1.91026,6.05268,1.84644,3.22092,-0,-0,-0,-0,-0,-0
28.9053,0.930406,-0.365991,-0.476363,-1.33712,0.730568,-0.124102,-5.0826,-5.87454,-1.57586,5.53104,1.30824,2.64132,-0,-0,-0,-0,-0,-0
28.9102,0.904363,-0.353858,-0.481051,-1.31038,0.902478,-0.0816239,-6.45766,-4.8462,-0.12331,5.796,1.97892,2.57508,-0,-0,-0,-0,-0,-0
28.9153,0.90836,-0.358839,-0.493009,-1.30158,1.0101,-0.0493945,-5.92182,-4.41674,-1.22265,6.19344,2.13624,2.79036,-0,-0,-0,-0,-0,-0
28.9204,0.896323,-0.374483,-0.492361,-1.3324,1.05679,-0.00850483,-5.76422,-3.9597,-1.22056,7.07112,2.78208,2.42604,-0,-0,-0,-0,-0,-0
28.9254,0.90512,-0.371355,-0.477694,-1.33297,1.09767,0.0755979,-6.45372,-5.18504,-1.63856,5.3406,2.41776,1.81332,-0,-0,-0,-0,-0,-0
28.9303,0.910805,-0.371413,-0.470669,-1.31521,1.11876,0.226379,-5.58298,-4.17246,-1.04082,5.69664,2.82348,0.9936,-0,-0,-0,-0,-0,-0
28.9353,0.879447,-0.402217,-0.475153,-1.26255,1.0798,0.403197,-4.94076,-2.14336,-0.75449,4.17312,3.6018,1.10952,-0,-0,-0,-0,-0,-0
28.9402,0.871167,-0.442273,-0.474397,-1.21774,1.05436,0.511531,-6.17004,-2.57282,-1.06381,5.78772,2.69928,1.91268,-0,-0,-0,-0,-0,-0
28.9455,1.03857,-0.468623,-0.464617,-1.22307,0.98675,0.513647,-11.4654,-3.45144,-1.3376,5.99472,4.41324,2.93112,-0,-0,-0,-0,-0,-0
28.9502,1.29974,-0.482108,-0.45257,-1.23626,0.854408,0.463828,-11.4654,-3.45144,-1.3376,5.99472,4.41324,2.93112,-0,-0,-0,-0,-0,-0
28.9552,1.44204,-0.49445,-0.451323,-1.23973,0.80953,0.370749,-6.77286,-3.67996,-0.55803,5.45652,2.79036,3.78396,-0,-0,-0,-0,-0,-0
28.9604,1.43746,-0.511504,-0.460209,-1.22322,0.899297,0.272933,-6.45766,-2.98652,-0.50369,5.2992,2.1942,3.15468,-0,-0,-0,-0,-0,-0
28.9652,1.42096,-0.528778,-0.467542,-1.18546,1.02667,0.197958,-6.58374,-3.51054,-0.61028,4.91004,1.84644,3.61836,-0,-0,-0,-0,-0,-0
28.9702,1.37788,-0.540237,-0.473759,-1.17034,1.15767,0.151569,-5.75634,-3.75482,-0.67089,5.66352,1.92924,2.71584,-0,-0,-0,-0,-0,-0
28.9753,1.3192,-0.553264,-0.484448,-1.17767,1.2444,0.135522,-5.9888,-3.71936,-0.47861,5.77944,2.43432,3.13812,-0,-0,-0,-0,-0,-0
28.9801,1.27118,-0.569603,-0.492574,-1.18535,1.28512,0.109494,-5.93758,-3.34506,-0.83809,5.72976,2.46744,3.03876,-0,-0,-0,-0,-0,-0
28.9854,1.27052,-0.590973,-0.490237,-1.17032,1.25717,0.109182,-7.7027,-3.10866,-1.10979,4.74444,3.73428,2.64132,-0,-0,-0,-0,-0,-0
28.9902,1.2827,-0.596846,-0.487866,-1.15203,1.1588,0.179752,-6.30794,-4.35764,-0.69806,5.43168,4.03236,1.74708,-0,-0,-0,-0,-0,-0
28.9952,1.26732,-0.598978,-0.496796,-1.1434,1.10519,0.282969,-6.6783,-3.75088,-0.36575,5.24124,2.83176,1.91268,-0,-0,-0,-0,-0,-0
29.0003,1.27803,-0.618703,-0.50476,-1.12721,1.0732,0.385043,-7.14322,-2.82892,-0.89661,5.14188,3.70116,1.75536,0,0,0,0,0,0
29.0052,1.27932,-0.641256,-0.502539,-1.11667,1.14369,0.460847,-6.27248,-2.70284,-0.70224,5.4234,1.27512,2.07,0,0,0,0,0,0
29.0102,1.29078,-0.649779,-0.495932,-1.09099,1.26115,0.441362,-7.39932,-3.93606,-1.08889,4.91004,2.69928,3.46932,0,0,0,0,0,0
29.0152,1.31372,-0.649732,-0.495847,-1.08132,1.27116,0.351305,-6.77286,-3.48296,-0.17765,5.82912,3.23748,3.32028,0,0,0,0,0,0
29.0202,1.30581,-0.657577,-0.502235,-1.0964,1.23342,0.251579,-6.33158,-3.14412,-0.59356,5.84568,3.49416,3.73428,0,0,0,0,0,0
29.0252,1.29024,-0.667432,-0.496959,-1.08039,1.22446,0.137888,-6.31188,-3.13624,-1.03246,4.968,2.63304,3.75084,0,0,0,0,0,0
29.0302,1.2947,-0.661141,-0.487045,-1.04486,1.22303,0.0439078,-7.09988,-4.63738,-0.88616,5.15016,3.37824,3.56868,0,0,0,0,0,0
29.0352,1.30058,-0.643047,-0.477395,-1.03623,1.15322,0.0262085,-6.30794,-3.80604,-0.72941,5.70492,4.24764,2.50884,0,0,0,0,0,0
29.0405,1.2813,-0.632676,-0.470716,-1.03209,1.05689,0.0197807,-6.14246,-3.80604,-0.66671,5.01768,3.8502,3.45276,0,0,0,0,0,0
29.0452,1.25993,-0.627891,-0.468985,-1.01596,0.989492,-0.0272248,-6.14246,-3.80604,-0.66671,5.01768,3.8502,3.45276,0,0,0,0,0,0
29.0505,1.2327,-0.628411,-0.47398,-0.976413,0.932469,-0.00172188,-6.0676,-3.5263,-0.35321,4.0986,3.61008,2.03688,0,0,0,0,0,0
29.0552,1.20536,-0.620546,-0.475629,-0.969485,0.945936,0.0625482,-6.02426,-4.36552,-0.67089,5.94504,2.86488,2.61648,0,0,0,0,0,0
29.0603,1.20318,-0.613982,-0.476346,-1.02057,1.01416,0.138633,-7.02502,-3.27414,-0.39292,6.68196,2.59164,1.84644,0,0,0,0,0,0
29.0652,1.19303,-0.621807,-0.476379,-1.05749,1.01358,0.247608,-5.52388,-2.78558,-0.63745,5.87052,4.21452,1.82988,0,0,0,0,0,0
29.0703,1.1516,-0.631421,-0.472561,-1.01464,0.946376,0.329425,-5.83908,-3.04956,-0.59356,3.726,3.84192,2.30184,0,0,0,0,0,0
29.0754,1.14962,-0.645236,-0.46983,-0.972012,0.873915,0.347797,-6.94622,-2.50978,-0.67925,5.56416,4.27248,2.76552,0,0,0,0,0,0
29.0803,1.15002,-0.646139,-0.462878,-0.981835,0.850586,0.286779,-5.91788,-3.72724,-0.6061,5.69664,3.17124,3.79224,0,0,0,0,0,0
29.0852,1.14458,-0.633471,-0.454027,-0.991138,0.77016,0.17254,-6.72164,-3.90848,-0.88198,5.47308,5.45652,3.77568,0,0,0,0,0,0
29.0902,1.16131,-0.618289,-0.442882,-0.988607,0.61809,0.0433764,-6.70982,-3.49084,-0.48697,5.16672,4.89348,4.23936,0,0,0,0,0,0
29.0954,1.18842,-0.605689,-0.44325,-0.974971,0.517244,-0.0656204,-7.02502,-3.75876,-0.12122,5.07564,4.48776,3.49416,0,0,0,0,0,0
29.1003,1.19168,-0.590096,-0.445973,-0.97955,0.460534,-0.13585,-5.88242,-3.79816,-0.23199,5.81256,4.44636,3.86676,0,0,0,0,0,0
29.1053,1.18483,-0.578729,-0.446356,-0.978765,0.461741,-0.182768,-6.64678,-3.27414,-0.28006,4.99284,3.62664,3.17952,0,0,0,0,0,0
29.1103,1.19653,-0.568897,-0.443341,-0.957131,0.511275,-0.191309,-6.63102,-3.45932,-0.35321,4.6782,3.58524,3.28716,0,0,0,0,0,0
29.1152,1.19761,-0.559619,-0.441265,-0.943402,0.495041,-0.149113,-6.20156,-3.29778,-0.26543,5.2992,4.79412,2.24388,0,0,0,0,0,0
29.1202,1.17866,-0.558781,-0.445633,-0.939005,0.42483,-0.073576,-5.89818,-2.84468,0.0209,5.15844,4.60368,2.59992,0,0,0,0,0,0
29.1254,1.16596,-0.547099,-0.446606,-0.931825,0.367693,0.00127657,-6.41432,-3.89666,-0.26752,5.05908,4.68648,2.35152,0,0,0,0,0,0
29.1302,1.16062,-0.533342,-0.448814,-0.936359,0.328751,0.0706784,-6.35522,-3.43174,-0.01881,5.66352,4.44636,2.36808,0,0,0,0,0,0
29.1354,1.166,-0.516544,-0.441571,-0.926821,0.30252,0.0609363,-6.55222,-3.4081,-0.56639,4.4712,4.64508,3.81708,0,0,0,0,0,0
29.1403,1.15629,-0.497073,-0.43077,-0.900138,0.235601,0.00567077,-5.77604,-3.80604,-0.33858,4.95972,5.43996,3.16296,0,0,0,0,0,0
29.1453,1.15653,-0.480363,-0.426071,-0.87826,0.257078,-0.0720414,-6.88712,-2.9747,0.02299,4.761,3.105,4.2642,0,0,0,0,0,0
29.1502,1.21681,-0.470329,-0.423461,-0.869539,0.341893,-0.156966,-8.3922,-3.24262,-0.25707,5.2578,4.15656,3.52728,0,0,0,0,0,0
29.1553,1.32261,-0.464012,-0.424596,-0.874905,0.337548,-0.205001,-8.7468,-2.96288,0.08151,5.2578,4.71132,3.65148,0,0,0,0,0,0
29.1603,1.34879,-0.465428,-0.426425,-0.857203,0.322137,-0.194854,-5.80362,-2.75406,-0.3762,4.23936,4.2642,2.67444,0,0,0,0,0,0
29.1654,1.31422,-0.468872,-0.425818,-0.826885,0.32908,-0.141901,-6.41826,-2.44674,0.0836,4.78584,4.47948,2.79864,0,0,0,0,0,0
29.1704,1.26593,-0.470866,-0.432795,-0.796081,0.342055,-0.0505627,-5.44114,-3.08896,0.10241,4.15656,4.16484,1.92924,0,0,0,0,0,0
29.1754,1.22111,-0.460776,-0.43896,-0.771807,0.332292,0.0982659,-6.31976,-3.42386,0.15884,4.97628,4.83552,1.46556,0,0,0,0,0,0
29.1805,1.19327,-0.440072,-0.442724,-0.763489,0.33228,0.249415,-5.84302,-3.55782,0.24244,4.82724,4.0572,1.73052,0,0,0,0,0,0
29.1852,1.15752,-0.417225,-0.439244,-0.76763,0.36628,0.320363,-5.86272,-3.58934,-0.25707,5.27436,4.20624,2.691,0,0,0,0,0,0
29.1903,1.13191,-0.395246,-0.423834,-0.772218,0.39561,0.338869,-6.20156,-2.89196,-0.37829,4.90176,4.41324,2.5254,0,0,0,0,0,0
29.1953,1.1191,-0.382029,-0.407891,-0.767055,0.407647,0.353841,-6.20156,-2.89196,-0.37829,4.90176,4.41324,2.5254,0,0,0,0,0,0
29.2004,1.12387,-0.376438,-0.393893,-0.736833,0.428686,0.343132,-6.895,-2.19458,-0.30723,3.90816,4.23108,2.91456,0,0,0,0,0,0
29.2057,1.15291,-0.375477,-0.378336,-0.679506,0.453447,0.312474,-6.895,-2.19458,-0.30723,3.90816,4.23108,2.91456,0,0,0,0,0,0
29.2103,1.15531,-0.371899,-0.367227,-0.663375,0.478565,0.255884,-5.94152,-2.38764,-0.10659,5.24952,4.11516,3.61836,0,0,0,0,0,0
29.2152,1.14834,-0.358522,-0.362749,-0.670251,0.479653,0.209432,-6.39068,-3.14806,0.26543,4.81068,4.7196,2.83176,0,0,0,0,0,0
29.2203,1.12582,-0.350291,-0.362189,-0.684659,0.431833,0.194812,-5.40568,-2.11972,0.03971,5.39856,5.0922,2.98908,0,0,0,0,0,0
29.2253,1.10715,-0.354944,-0.364321,-0.709658,0.399083,0.183851,-6.52858,-1.83998,0.50996,5.15844,4.50432,2.9394,0,0,0,0,0,0
29.2304,1.12184,-0.356799,-0.363092,-0.722033,0.419081,0.259659,-6.50494,-2.24974,-0.1045,4.8852,4.25592,1.39932,0,0,0,0,0,0
29.2353,1.13628,-0.356135,-0.352402,-0.725614,0.437156,0.413453,-6.48524,-1.96212,-0.17347,4.8852,4.57884,1.2006,0,0,0,0,0,0
29.2404,1.13872,-0.340394,-0.345686,-0.6939,0.422852,0.565728,-6.0873,-3.40022,0.37411,3.6018,4.90176,1.33308,0,0,0,0,0,0
29.2452,1.16057,-0.318722,-0.343878,-0.645478,0.400229,0.622128,-7.26536,-2.59646,0.23408,4.12344,4.79412,2.6082,0,0,0,0,0,0
29.2505,1.17884,-0.308225,-0.338644,-0.615368,0.39031,0.54554,-6.09518,-2.05668,0.19437,4.41324,4.78584,3.63492,0,0,0,0,0,0
29.2553,1.14588,-0.302727,-0.335151,-0.592197,0.421248,0.436397,-5.26384,-2.24974,0.31141,4.23936,4.10688,3.48588,0,0,0,0,0,0
29.2605,1.10927,-0.310582,-0.334848,-0.582815,0.430197,0.321888,-6.0085,-1.182,0.1881,4.91004,4.95972,3.69288,0,0,0,0,0,0
29.2653,1.10131,-0.324579,-0.329984,-0.595367,0.39794,0.221092,-6.0085,-1.182,0.1881,4.91004,4.95972,3.69288,0,0,0,0,0,0
29.2702,1.10958,-0.327289,-0.324347,-0.606227,0.438903,0.162502,-6.60344,-2.07244,0.24871,4.74444,3.59352,3.04704,0,0,0,0,0,0
29.2752,1.12281,-0.310868,-0.314111,-0.614408,0.467493,0.126956,-6.19762,-2.6989,0.04807,4.89348,5.23296,3.40308,0,0,0,0,0,0
29.2802,1.12985,-0.290041,-0.297918,-0.62754,0.388057,0.142975,-6.59556,-2.35612,-0.14839,4.8852,5.86224,2.13624,0,0,0,0,0,0
29.2852,1.13881,-0.270523,-0.287351,-0.634011,0.314386,0.254395,-6.44978,-2.73042,0.36993,4.64508,5.11704,1.4904,0,0,0,0,0,0
29.2902,1.11488,-0.244457,-0.281771,-0.622762,0.286237,0.368446,-5.33082,-2.94318,0.26961,4.29732,5.2578,2.03688,0,0,0,0,0,0
29.2953,1.10101,-0.203406,-0.274274,-0.595677,0.253793,0.428818,-6.64678,-3.74694,0.44726,4.10688,5.39856,2.35152,0,0,0,0,0,0
29.3006,1.10138,-0.156324,-0.271959,-0.567005,0.158859,0.403411,-5.76816,-3.66026,0.51414,4.25592,6.19344,3.40308,0,0,0,0,0,0
29.3052,1.09578,-0.127721,-0.268001,-0.552185,0.0740759,0.298658,-6.29218,-2.35218,0.3344,4.43808,5.589,4.14,0,0,0,0,0,0
29.3102,1.10106,-0.109045,-0.26332,-0.533511,0.0337857,0.169977,-6.36704,-2.66344,0.42009,4.12344,5.4234,3.70116,0,0,0,0,0,0
29.3152,1.09805,-0.0963439,-0.257023,-0.515424,-0.0170256,0.0858249,-5.91394,-1.87544,0.17347,4.33872,5.91192,3.58524,0,0,0,0,0,0
29.3202,1.08484,-0.0903305,-0.246482,-0.505688,-0.0800835,0.0162225,-5.91394,-1.87544,0.17347,4.33872,5.91192,3.58524,0,0,0,0,0,0
29.3255,1.07107,-0.0848295,-0.242794,-0.504825,-0.0583755,-0.0471588,-5.95334,-1.65086,0.77539,4.6368,4.5126,3.519,0,0,0,0,0,0
29.3303,1.06532,-0.0829294,-0.246861,-0.512336,0.0226323,-0.0918633,-5.95334,-1.65086,0.77539,4.6368,4.5126,3.519,0,0,0,0,0,0
29.3352,1.08528,-0.0837028,-0.246287,-0.51555,0.0431167,-0.093712,-6.93834,-1.39082,0.36993,4.47948,5.6304,2.76552,0,0,0,0,0,0
29.3403,1.09953,-0.0915022,-0.246402,-0.522061,0.0285979,-0.0375415,-5.96516,-1.21746,0.68343,4.66992,5.15016,2.41776,0,0,0,0,0,0
29.3453,1.10313,-0.0911321,-0.243067,-0.536456,0.0819468,0.0416192,-6.43008,-1.66268,0.39501,4.76928,4.38012,2.3184,0,0,0,0,0,0
29.3503,1.10601,-0.0889007,-0.232814,-0.55389,0.144969,0.0983417,-6.08336,-1.46174,0.10868,4.79412,4.91832,2.74896,0,0,0,0,0,0
29.3553,1.10404,-0.074506,-0.219165,-0.567769,0.15979,0.137156,-6.20944,-2.35218,0.3971,4.69476,5.382,2.45088,0,0,0,0,0,0
29.3604,1.08448,-0.0533676,-0.208685,-0.580525,0.14583,0.104727,-5.42538,-2.13942,0.32186,4.761,5.39856,4.04064,0,0,0,0,0,0
29.3654,1.07949,-0.0327792,-0.194477,-0.58942,0.190079,-0.0289076,-6.67436,-1.81634,0.39083,4.62024,4.52916,4.38012,0,0,0,0,0,0
29.3702,1.07751,-0.022274,-0.187564,-0.596052,0.23432,-0.182984,-5.6342,-1.56418,0.627,4.6782,5.15016,4.761,0,0,0,0,0,0
29.3755,1.0779,-0.0258595,-0.183911,-0.602299,0.205781,-0.311019,-6.6586,-0.50432,0.60819,4.62024,5.84568,3.83364,0,0,0,0,0,0
29.3803,1.08157,-0.0370915,-0.180154,-0.605423,0.188854,-0.339944,-5.81938,-0.85498,0.52668,4.5126,4.9266,3.2292,0,0,0,0,0,0
29.3854,1.06308,-0.0395319,-0.175577,-0.602428,0.27407,-0.349806,-5.78392,-1.0638,0.73986,4.33872,4.14828,3.69288,0,0,0,0,0,0
29.3903,1.04779,-0.0386274,-0.173102,-0.596981,0.386058,-0.374845,-5.78392,-1.0638,0.73986,4.33872,4.14828,3.69288,0,0,0,0,0,0
29.3953,1.0337,-0.0375903,-0.170753,-0.593781,0.487257,-0.395799,-5.78392,-1.0638,0.73986,4.33872,4.14828,3.69288,0,0,0,0,0,0
29.4006,1.01304,-0.0262287,-0.165812,-0.593991,0.548413,-0.372312,-5.58298,-1.8321,0.60401,4.37184,4.86036,2.90628,0,0,0,0,0,0
29.4052,0.994207,-0.0110539,-0.160637,-0.60057,0.554533,-0.318105,-5.58298,-1.8321,0.60401,4.37184,4.86036,2.90628,0,0,0,0,0,0
29.4102,0.975211,0.00389645,-0.155989,-0.612848,0.554214,-0.264778,-5.58298,-1.8321,0.60401,4.37184,4.86036,2.90628,0,0,0,0,0,0
29.4152,0.934849,0.00539271,-0.151915,-0.630394,0.489877,-0.273444,-4.70436,-0.53978,0.61446,4.33044,6.11892,4.0158,0,0,0,0,0,0
29.4203,0.900312,0.00223272,-0.146805,-0.650355,0.478131,-0.309927,-5.34264,-1.11502,0.69597,4.27248,3.99924,3.312,0,0,0,0,0,0
29.4254,0.880639,0.00847648,-0.14392,-0.677733,0.545539,-0.349349,-4.97622,-1.28838,0.86108,4.36356,4.58712,4.0986,0,0,0,0,0,0
29.4303,0.867574,0.0358164,-0.138363,-0.70733,0.521313,-0.417289,-5.2599,-2.64374,0.86317,4.27248,6.10236,3.94128,0,0,0,0,0,0
29.4352,0.841909,0.071044,-0.129946,-0.73933,0.409705,-0.452456,-4.26308,-1.8715,0.76285,4.29732,6.40872,3.57696,0,0,0,0,0,0
29.4403,0.89782,0.0914206,-0.124079,-0.753112,0.289012,-0.435033,-8.32128,-1.33172,0.92169,3.37824,6.20172,3.03876,0,0,0,0,0,0
29.4455,1.06672,0.109122,-0.117515,-0.749616,0.192746,-0.386729,-8.32128,-1.33172,0.92169,3.37824,6.20172,3.03876,0,0,0,0,0,0
29.4503,1.24504,0.127288,-0.113112,-0.729518,0.153978,-0.331389,-9.48752,-1.45386,1.09934,2.32668,5.43168,2.76552,0,0,0,0,0,0
29.4553,1.34186,0.127203,-0.107301,-0.668942,0.0935384,-0.213135,-5.64996,0.3349,0.68343,1.31652,6.624,1.71396,0,0,0,0,0,0
29.4602,1.32016,0.118909,-0.0997562,-0.59309,0.0192802,-0.104422,-5.50024,-0.78012,0.8569,1.01016,5.87052,2.7324,0,0,0,0,0,0
29.4651,1.29119,0.141091,-0.0851875,-0.51705,0.0360251,-0.0122753,-5.59874,-2.1867,0.43472,0.52992,5.23296,1.97064,0,0,0,0,0,0
29.4702,1.23524,0.163397,-0.0684792,-0.442437,0.0964579,0.0314204,-4.63344,-0.7289,0.7106,0.23184,5.19984,3.44448,0,0,0,0,0,0
29.4752,1.18818,0.169533,-0.0556369,-0.394562,0.0893738,-0.0365265,-5.81938,-0.94166,0.51832,0.38088,6.30108,4.07376,0,0,0,0,0,0
29.4803,1.18452,0.172917,-0.0390698,-0.376087,0.00913209,-0.113007,-6.3828,-0.40976,0.45562,0.21528,6.624,3.57696,0,0,0,0,0,0
29.4852,1.17898,0.164671,-0.024995,-0.376441,-0.0425242,-0.15987,-5.60662,0.03546,0.51205,0,5.70492,3.65148,0,0,0,0,0,0
29.4902,1.16713,0.153363,-0.0144261,-0.392769,-0.0930108,-0.173023,-6.1267,-0.25216,0.63327,-0.06624,6.59916,3.07188,0,0,0,0,0,0
29.4953,1.16038,0.144482,-0.00881043,-0.43355,-0.233717,-0.152052,-5.77998,-0.1576,0.91124,0.22356,7.55964,2.9394,0,0,0,0,0,0
29.5003,1.15901,0.148509,-0.0041056,-0.489088,-0.351467,-0.120634,-6.29218,-1.10714,0.89452,0.11592,6.56604,2.94768,0,0,0,0,0,0
29.5053,1.15037,0.157881,0.00236616,-0.54296,-0.392857,0.0176036,-5.40568,-0.41764,0.91333,-0.01656,6.52464,0.73692,0,0,0,0,0,0
29.5105,1.14373,0.173715,0.00906964,-0.599653,-0.420718,0.207789,-6.44584,-1.43022,1.04709,-0.0414,6.6654,1.91268,0,0,0,0,0,0
29.5152,1.14693,0.185549,0.0143818,-0.640743,-0.482495,0.281548,-5.64602,0,1.03455,-0.47196,7.37748,2.58336,0,0,0,0,0,0
29.5203,1.13027,0.182628,0.0199293,-0.672963,-0.581223,0.306377,-5.64602,0,1.03455,-0.47196,7.37748,2.58336,0,0,0,0,0,0
29.5253,1.12908,0.190101,0.0245011,-0.695686,-0.644251,0.266704,-6.24096,-1.0244,1.10143,-0.71208,6.8724,3.66804,0,0,0,0,0,0
29.5304,1.10579,0.198324,0.0278632,-0.707966,-0.655532,0.173991,-4.9644,-0.12214,1.08471,-0.84456,6.43356,3.65976,0,0,0,0,0,0
29.5353,1.07513,0.189349,0.0314517,-0.711951,-0.616703,0.1059,-5.74058,0.3743,0.90497,-1.01016,5.77116,3.26232,0,0,0,0,0,0
29.5403,1.06578,0.192417,0.0380479,-0.705698,-0.575118,0.0803811,-5.69724,-0.89832,1.08889,-1.26684,6.60744,2.98908,0,0,0,0,0,0
29.5453,1.05523,0.206882,0.0414591,-0.696736,-0.581679,0.0743426,-5.69724,-0.89832,1.08889,-1.26684,6.60744,2.98908,0,0,0,0,0,0
29.5503,1.04778,0.218769,0.0438445,-0.69956,-0.640142,0.0505506,-5.85878,-0.67374,1.13696,-0.83628,7.59276,3.3948,0,0,0,0,0,0
29.5553,1.03802,0.230341,0.05198,-0.732215,-0.677364,0.103295,-5.3978,-0.41764,0.91751,-0.09936,6.4998,1.55664,0,0,0,0,0,0
29.5602,1.03346,0.234952,0.0637091,-0.779327,-0.691182,0.262318,-5.97698,-0.02364,0.8151,-0.22356,7.2036,1.2006,0,0,0,0,0,0
29.5652,1.04297,0.235914,0.0771524,-0.82294,-0.736257,0.437661,-5.97698,-0.02364,0.8151,-0.22356,7.2036,1.2006,0,0,0,0,0,0
29.5703,1.0473,0.238318,0.0869875,-0.873104,-0.770196,0.600163,-5.80756,-0.09062,1.1286,0.1242,7.05456,1.25028,0,0,0,0,0,0
29.5753,1.05584,0.237712,0.096755,-0.938898,-0.769995,0.685832,-6.15428,0.17336,0.7315,0.4554,6.51636,2.1942,0,0,0,0,0,0
29.5802,1.04888,0.241543,0.105776,-0.988904,-0.699802,0.633128,-5.17322,-0.39794,1.24355,-0.36432,5.81256,3.66804,0,0,0,0,0,0
29.5853,1.01676,0.256217,0.112262,-1.00387,-0.638462,0.476715,-5.27566,-0.68162,1.03873,-0.81972,6.6654,4.15656,0,0,0,0,0,0
29.5902,1.01867,0.268693,0.119484,-1.00483,-0.655692,0.326448,-6.39462,-0.22852,1.1495,-0.77832,7.2036,3.84192,0,0,0,0,0,0
29.5953,1.03784,0.280267,0.127433,-0.987492,-0.684803,0.20068,-5.86666,-0.50432,1.03037,-1.44072,6.85584,3.8502,0,0,0,0,0,0
29.6003,1.06532,0.301237,0.139271,-0.954804,-0.697019,0.149144,-6.9541,-0.93772,0.96558,-1.39104,7.02972,2.79864,0,0,0,0,0,0
29.6052,1.09035,0.3214,0.152967,-0.939387,-0.700953,0.215638,-5.92576,-0.46886,0.84227,-0.77004,6.83928,1.62288,0,0,0,0,0,0
29.6102,1.09156,0.33605,0.167988,-0.942739,-0.692484,0.344456,-5.92576,-0.46886,0.84227,-0.77004,6.83928,1.62288,0,0,0,0,0,0
29.6153,1.07999,0.344404,0.181504,-0.955029,-0.659399,0.420921,-5.38598,0.20094,0.99275,-0.43884,6.39216,2.54196,0,0,0,0,0,0
29.6202,1.05907,0.343837,0.189522,-0.971178,-0.653247,0.429888,-5.77604,0.16942,1.08889,-0.69552,7.29468,2.78208,0,0,0,0,0,0
29.6252,1.04995,0.344099,0.197116,-0.984038,-0.687964,0.418925,-5.77604,0.16942,1.08889,-0.69552,7.29468,2.78208,0,0,0,0,0,0
29.6302,1.022,0.343285,0.202935,-1.00703,-0.711354,0.413509,-4.94864,0.40188,1.2958,-0.28152,7.17048,2.62476,0,0,0,0,0,0
29.6352,1.01364,0.346654,0.208553,-1.00903,-0.662096,0.315207,-6.43008,-0.03152,1.23101,-1.44072,6.01128,4.5954,0,0,0,0,0,0
29.6402,1.03425,0.357757,0.212699,-0.97764,-0.665228,0.152606,-5.9494,-0.34672,1.4003,-1.50696,7.9902,3.96612,0,0,0,0,0,0
29.6454,1.0387,0.370142,0.216577,-0.958932,-0.701169,-0.00554084,-5.84696,0.0788,1.37731,-1.01844,6.64884,4.61196,0,0,0,0,0,0
29.6504,1.08497,0.37789,0.22011,-0.957898,-0.673875,-0.131557,-7.51752,0.06698,1.45255,-0.92736,6.76476,3.8088,0,0,0,0,0,0
29.6554,1.14479,0.384564,0.224526,-0.976975,-0.711105,-0.168902,-6.61526,0.35854,1.4212,-0.27324,8.08956,3.1878,0,0,0,0,0,0
29.6606,1.17414,0.385905,0.228506,-1.01619,-0.819537,-0.161547,-6.61526,0.35854,1.4212,-0.27324,8.08956,3.1878,0,0,0,0,0,0
29.6652,1.15948,0.387817,0.230749,-1.04361,-0.870891,-0.109945,-5.09836,0.24822,1.56123,-0.52992,7.25328,2.30184,0,0,0,0,0,0
29.6702,1.10904,0.396967,0.237641,-1.04592,-0.870185,-0.0378698,-5.36628,-0.06698,1.30834,-1.29168,7.37748,2.88144,0,0,0,0,0,0
29.6752,1.07751,0.408584,0.246404,-1.02086,-0.89326,0.00935257,-5.6342,0.11426,1.55914,-1.54836,7.85772,2.78208,0,0,0,0,0,0
29.6803,1.03812,0.432917,0.255359,-0.986995,-0.906436,0.0120056,-5.01562,-1.182,1.4421,-1.67256,7.17048,3.58524,0,0,0,0,0,0
29.6853,0.989131,0.470626,0.267692,-0.956418,-0.884861,-0.0335167,-5.01562,-1.182,1.4421,-1.67256,7.17048,3.58524,0,0,0,0,0,0
29.6903,0.934296,0.503946,0.280002,-0.957119,-0.872747,-0.133037,-4.58616,-0.63828,1.63438,-0.50508,7.31952,4.64508,0,0,0,0,0,0
29.6952,0.881709,0.5251,0.290714,-0.967962,-0.865832,-0.208862,-4.78316,-0.18518,1.6093,-1.1178,7.12908,3.1878,0,0,0,0,0,0
29.7001,0.836176,0.541819,0.304153,-0.963673,-0.844457,-0.198529,-4.78316,-0.18518,1.6093,-1.1178,7.12908,3.1878,0,0,0,0,0,0
29.7053,0.813748,0.561771,0.319991,-0.93609,-0.852802,-0.139178,-5.69724,-0.33096,1.70753,-1.93752,7.76664,2.4012,0,0,0,0,0,0
29.7102,0.822166,0.582612,0.336805,-0.891939,-0.887864,-0.054131,-5.69724,-0.33096,1.70753,-1.93752,7.76664,2.4012,0,0,0,0,0,0
29.7153,0.830176,0.604715,0.357092,-0.849205,-0.879835,0.011923,-5.516,-0.20094,1.79322,-1.83816,7.00488,2.63304,0,0,0,0,0,0
29.7203,0.831314,0.624549,0.378373,-0.815838,-0.826188,0.0660242,-5.516,-0.20094,1.79322,-1.83816,7.00488,2.63304,0,0,0,0,0,0
29.7252,0.83698,0.649726,0.400455,-0.804757,-0.799588,0.178477,-5.71694,-0.72496,1.91862,-1.035,7.5348,1.39932,0,0,0,0,0,0
29.7302,0.828375,0.679928,0.42249,-0.805508,-0.817074,0.312963,-5.02744,-0.73678,1.94997,-1.34964,7.76664,1.99548,0,0,0,0,0,0
29.7353,0.819861,0.707212,0.443442,-0.808847,-0.84799,0.326683,-5.81544,-0.6304,2.03984,-1.05156,7.60104,3.57696,0,0,0,0,0,0
29.7403,0.833109,0.733531,0.462576,-0.804081,-0.867652,0.301757,-5.92576,-0.75254,2.16942,-1.55664,7.659,2.59164,0,0,0,0,0,0
29.7452,0.839064,0.753213,0.477911,-0.754513,-0.880135,0.241267,-5.44902,-0.0394,2.41813,-2.7324,7.51824,4.13172,0,0,0,0,0,0
29.7503,0.858768,0.760894,0.489036,-0.709988,-0.868563,0.14373,-6.48918,0.3546,2.56861,-1.37448,7.25328,3.33684,0,0,0,0,0,0
29.7552,0.865052,0.762491,0.494826,-0.674773,-0.812028,0.115562,-5.18898,0.3546,2.77134,-2.55852,6.52464,2.898,0,0,0,0,0,0
29.7605,0.85104,0.764928,0.498924,-0.659517,-0.745575,0.118633,-5.57904,0.52402,2.93645,-0.76176,7.22016,2.80692,0,0,0,0,0,0
29.7654,0.844467,0.757922,0.49888,-0.658237,-0.694328,0.139581,-5.40174,1.11896,3.06185,-2.08656,6.52464,2.71584,0,0,0,0,0,0
29.7702,0.82744,0.750666,0.495431,-0.648123,-0.669153,0.226602,-5.27566,0.56736,3.27294,-1.2834,7.52652,1.41588,0,0,0,0,0,0
29.7752,0.79797,0.744934,0.489127,-0.665847,-0.696661,0.343222,-4.79104,1.32384,3.54673,-0.94392,7.659,2.09484,0,0,0,0,0,0
29.7803,0.750771,0.731071,0.479761,-0.696696,-0.730717,0.414615,-4.79104,1.32384,3.54673,-0.94392,7.659,2.09484,0,0,0,0,0,0
29.7853,0.707013,0.719975,0.47011,-0.734064,-0.727422,0.457759,-4.92106,1.19382,3.72647,-0.63756,6.98832,2.41776,0,0,0,0,0,0
29.7902,0.699298,0.724795,0.459736,-0.730984,-0.703772,0.423618,-5.8706,0.33096,4.07341,-2.45916,7.60104,3.51072,0,0,0,0,0,0
29.7953,0.716172,0.738499,0.446021,-0.680947,-0.711777,0.33095,-5.8706,0.33096,4.07341,-2.45916,7.60104,3.51072,0,0,0,0,0,0
29.8004,0.715218,0.755033,0.432481,-0.668782,-0.708863,0.244088,-5.15746,0.15366,4.27614,-0.96048,7.35264,3.519,0,0,0,0,0,0
29.8052,0.69904,0.772811,0.41627,-0.684374,-0.687089,0.221321,-5.16928,0.0591,4.46633,-1.34964,7.23672,2.5668,0,0,0,0,0,0
29.8102,0.710504,0.793132,0.396503,-0.714225,-0.701581,0.239829,-6.18186,0.11426,4.68369,-0.59616,8.22204,2.75724,0,0,0,0,0,0
29.8152,0.741214,0.808238,0.374889,-0.752249,-0.750527,0.219955,-5.84302,0.54766,4.73803,-0.93564,7.9074,3.32028,0,0,0,0,0,0
29.8203,0.77671,0.816368,0.352359,-0.776019,-0.722335,0.277206,-6.33158,0.90226,4.9742,-0.88596,6.88068,1.41588,0,0,0,0,0,0
29.8252,0.823851,0.819796,0.330103,-0.797352,-0.648777,0.424147,-6.33158,0.90226,4.9742,-0.88596,6.88068,1.41588,0,0,0,0,0,0
29.8304,0.854517,0.827467,0.309448,-0.827704,-0.642439,0.512479,-5.61844,0.57524,5.02854,-0.47196,8.08956,2.50884,0,0,0,0,0,0
29.8352,0.854756,0.837994,0.293084,-0.859566,-0.711064,0.510732,-5.24808,0.61858,5.08079,-0.87768,8.34624,2.91456,0,0,0,0,0,0
29.8402,0.846651,0.848933,0.277693,-0.850994,-0.770826,0.45592,-5.38992,0.55554,5.19156,-2.34324,7.89912,3.33684,0,0,0,0,0,0
29.8452,0.838444,0.861383,0.260045,-0.825117,-0.859254,0.322327,-5.33082,0.44916,5.54059,-1.47384,9.0666,4.42152,0,0,0,0,0,0
29.8504,0.832314,0.87979,0.241722,-0.80793,-1.00378,0.1997,-5.44902,0.197,5.54895,-1.8216,9.17424,3.17124,0,0,0,0,0,0
29.8556,0.830865,0.900665,0.226466,-0.789595,-1.14168,0.155262,-5.44902,0.197,5.54895,-1.8216,9.17424,3.17124,0,0,0,0,0,0
29.8602,0.818553,0.921103,0.212617,-0.801101,-1.18552,0.135145,-4.92106,0.11032,5.85827,-0.71208,7.76664,2.9394,0,0,0,0,0,0
29.8653,0.791558,0.944959,0.196479,-0.839212,-1.14588,0.131041,-4.92106,0.11032,5.85827,-0.71208,7.76664,2.9394,0,0,0,0,0,0
29.8703,0.784546,0.973548,0.18625,-0.845773,-1.18732,0.130773,-5.63814,-0.2955,5.69943,-1.7388,9.45576,2.9394,0,0,0,0,0,0
29.8755,0.785591,1.00424,0.184521,-0.853626,-1.2718,0.175906,-5.21656,0.05516,5.40683,-0.76176,8.60292,2.13624,0,0,0,0,0,0
29.8804,0.776124,1.02865,0.188361,-0.88318,-1.29997,0.256787,-5.21656,0.05516,5.40683,-0.76176,8.60292,2.13624,0,0,0,0,0,0
29.8855,0.76804,1.05009,0.195456,-0.89596,-1.36122,0.35634,-5.25596,0.44916,5.31487,-1.34136,9.3564,1.72224,0,0,0,0,0,0
29.8902,0.776069,1.06468,0.199281,-0.883102,-1.37345,0.396683,-5.87454,0.60282,5.7266,-2.02032,7.866,3.05532,0,0,0,0,0,0
29.8953,0.797277,1.07635,0.196727,-0.850577,-1.31024,0.359916,-5.87454,0.60282,5.7266,-2.02032,7.866,3.05532,0,0,0,0,0,0
29.9003,0.798423,1.08757,0.192285,-0.820447,-1.30743,0.214954,-5.1614,0.59494,5.88126,-1.9044,8.93412,5.16672,0,0,0,0,0,0
29.9054,0.793506,1.09732,0.189771,-0.828205,-1.39633,0.0255218,-5.71694,0.79982,5.62628,-0.5796,9.61308,4.0986,0,0,0,0,0,0
29.9103,0.786918,1.10315,0.19218,-0.844111,-1.48564,-0.10362,-4.94076,0.8865,5.48416,-1.59804,8.96724,4.40496,0,0,0,0,0,0
29.9153,0.767692,1.10956,0.197901,-0.837351,-1.549,-0.207228,-5.2008,0.85498,5.46117,-1.60632,9.29016,3.91644,0,0,0,0,0,0
29.9203,0.739938,1.12167,0.203467,-0.821422,-1.61769,-0.212213,-4.52706,0.35854,5.5176,-1.87956,9.2322,2.63304,0,0,0,0,0,0
29.9253,0.699467,1.14468,0.208333,-0.845384,-1.68091,-0.17332,-4.62162,-0.02364,5.63255,-0.10764,9.46404,3.17952,0,0,0,0,0,0
29.9303,0.684352,1.16885,0.209419,-0.857635,-1.71823,-0.139438,-5.59874,0.31126,5.86036,-2.21904,8.9424,2.83176,0,0,0,0,0,0
29.9352,0.694106,1.19208,0.20757,-0.82957,-1.68818,-0.0497167,-5.32294,0.09062,5.92933,-1.96236,8.3628,1.9044,0,0,0,0,0,0
29.9402,0.684687,1.22246,0.205217,-0.821426,-1.64917,0.0131547,-4.55464,-0.42552,5.87081,-1.17576,8.72712,3.24576,0,0,0,0,0,0
29.9453,0.657303,1.26068,0.205953,-0.808763,-1.68064,-0.0291774,-4.5113,-0.6895,5.6639,-2.07,9.58824,3.81708,0,0,0,0,0,0
29.9504,0.641046,1.29756,0.207327,-0.766026,-1.72309,-0.113605,-4.76346,-0.38218,5.80811,-2.53368,8.90928,3.9744,0,0,0,0,0,0
29.9552,0.708138,1.32823,0.20698,-0.742153,-1.75362,-0.186387,-7.6436,-0.27974,5.84991,-1.63944,9.4806,3.77568,0,0,0,0,0,0
29.9602,0.797464,1.36069,0.207635,-0.719458,-1.78797,-0.2545,-5.7918,-0.31914,5.852,-2.42604,9.20736,3.89988,0,0,0,0,0,0
29.9653,0.809603,1.39188,0.203293,-0.664992,-1.78188,-0.327434,-4.9447,-0.14578,6.25328,-2.96424,8.7768,4.06548,0,0,0,0,0,0
29.9704,0.789884,1.41968,0.191553,-0.619006,-1.74901,-0.344797,-4.84226,-0.14578,6.36614,-2.35152,8.7354,3.01392,0,0,0,0,0,0
29.9755,0.800706,1.44467,0.176601,-0.586455,-1.72206,-0.327498,-6.33552,0.11032,6.53334,-2.3184,8.95068,3.50244,0,0,0,0,0,0
29.9802,0.815593,1.45928,0.162678,-0.555083,-1.73568,-0.288641,-4.97228,0.65798,6.3954,-2.42604,9.45576,2.6496,0,0,0,0,0,0
29.9853,0.803826,1.46468,0.149877,-0.526229,-1.7391,-0.148611,-5.39386,1.0441,6.36196,-2.13624,8.78508,1.5318,0,0,0,0,0,0
29.9902,0.829185,1.46931,0.136727,-0.504509,-1.68242,-0.00431912,-6.43402,0.85892,6.59395,-2.29356,8.28,2.31012,0,0,0,0,0,0
29.9952,0.834751,1.4804,0.12245,-0.482373,-1.62619,0.0315028,-4.61374,0.51614,6.5208,-2.47572,8.70228,3.51072,0,0,0,0,0,0
