time,est_tau1,est_tau2,est_tau3,est_tau4,est_tau5,est_tau6,meas_tau1,meas_tau2,meas_tau3,meas_tau4,meas_tau5,meas_tau6,gt_tau1,gt_tau2,gt_tau3,gt_tau4,gt_tau5,gt_tau6
3.00029,0,0,0,0,0,0,-2.96288,17.9625,8.24714,-2.20248,11.6914,3.41964,0,0,0,0,0,0
3.00538,-0.00856168,-0.108844,-0.0636917,-0.0557215,-0.22547,-0.0287431,-2.96288,17.9625,8.24714,-2.20248,11.6914,3.41964,0,0,0,0,0,0
3.0103,0.00126716,-0.171642,-0.102956,-0.0683334,-0.330159,-0.0349399,-3.69178,18.0688,8.37881,-3.17124,10.1016,2.90628,0,0,0,0,0,0
3.01529,0.000901994,-0.220066,-0.133078,-0.0391864,-0.411002,-0.0472026,-2.56494,17.7103,8.00052,-3.89988,10.9296,3.6846,0,0,0,0,0,0
3.02032,-0.024241,-0.24895,-0.149661,-0.00509765,-0.505608,-0.0753556,-2.56494,17.7103,8.00052,-3.89988,10.9296,3.6846,0,0,0,0,0,0
3.0253,-0.0146888,-0.261157,-0.158887,0.00439256,-0.604357,-0.0786071,-4.0976,17.2769,7.74345,-3.08016,11.2939,2.62476,0,0,0,0,0,0
3.03032,0.0266154,-0.257891,-0.16165,-2.37709e-05,-0.706995,-0.0551761,-4.0976,17.2769,7.74345,-3.08016,11.2939,2.62476,0,0,0,0,0,0
3.03529,0.0385091,-0.245688,-0.155718,0.0192694,-0.82199,-0.0234416,-2.89196,16.9735,7.30455,-3.99924,12.0226,2.277,0,0,0,0,0,0
3.04032,0.0318022,-0.223359,-0.160641,0.0318624,-0.931523,0.00497959,-3.37264,16.7214,8.0465,-2.99736,11.2277,2.6082,0,0,0,0,0,0
3.04531,0.0428932,-0.195931,-0.197301,0.0074715,-0.994358,-0.00282787,-3.70754,16.5007,8.55019,-2.59992,10.0105,3.7674,0,0,0,0,0,0
3.05022,0.0614148,-0.164461,-0.244651,-0.0144955,-1.02653,-0.0373704,-3.70754,16.5007,8.55019,-2.59992,10.0105,3.7674,0,0,0,0,0,0
3.05528,0.0903361,-0.13486,-0.287703,-0.0277601,-1.04987,-0.0714769,-4.21974,16.5244,8.40807,-2.68272,9.70416,3.77568,0,0,0,0,0,0
3.06032,0.114981,-0.107022,-0.309938,-0.0463892,-1.10346,-0.0884605,-3.5263,16.5559,7.70792,-2.6082,11.4264,3.08016,0,0,0,0,0,0
3.0653,0.126035,-0.078806,-0.313775,-0.0650387,-1.19216,-0.0869744,-3.5263,16.5559,7.70792,-2.6082,11.4264,3.08016,0,0,0,0,0,0
3.07032,0.154338,-0.0580407,-0.321096,-0.0618512,-1.26052,-0.0945682,-4.26702,16.8593,7.90856,-3.53556,10.6812,3.55212,0,0,0,0,0,0
3.07533,0.205679,-0.0561754,-0.328383,-0.0337608,-1.32935,-0.0951929,-4.6886,17.2139,7.62014,-3.84192,11.5175,2.74896,0,0,0,0,0,0
3.08033,0.242688,-0.0840462,-0.3312,-0.0252158,-1.37958,-0.0878779,-3.81786,18.057,7.6703,-3.0222,10.0022,3.28716,0,0,0,0,0,0
3.0853,0.255066,-0.135508,-0.337633,-0.0367736,-1.39506,-0.0904458,-3.81786,18.057,7.6703,-3.0222,10.0022,3.28716,0,0,0,0,0,0
3.09031,0.277092,-0.206553,-0.335485,-0.0585877,-1.41807,-0.0703607,-4.3931,18.7977,7.21886,-2.55024,10.35,2.3184,0,0,0,0,0,0
3.0953,0.316006,-0.287971,-0.317136,-0.0629505,-1.47546,-0.0613576,-4.4719,18.652,7.02031,-3.42792,11.592,3.70116,0,0,0,0,0,0
3.10031,0.34031,-0.363814,-0.300501,-0.0655036,-1.5333,-0.0770456,-3.75088,18.585,7.2523,-2.80692,10.499,3.45276,0,0,0,0,0,0
3.10532,0.351199,-0.443747,-0.301925,-0.0758508,-1.59142,-0.100791,-3.85726,18.7505,7.70374,-2.95596,11.6582,3.91644,0,0,0,0,0,0
3.11032,0.363045,-0.529069,-0.315369,-0.0872209,-1.6737,-0.133873,-3.85726,18.7505,7.70374,-2.95596,11.6582,3.91644,0,0,0,0,0,0
3.11533,0.361712,-0.616705,-0.344242,-0.0942017,-1.72972,-0.156702,-3.31748,18.8371,8.37672,-3.2292,10.5984,3.51072,0,0,0,0,0,0
3.12032,0.351272,-0.696931,-0.382647,-0.0957247,-1.75889,-0.169158,-3.31748,18.8371,8.37672,-3.2292,10.5984,3.51072,0,0,0,0,0,0
3.12531,0.348428,-0.767942,-0.412715,-0.116969,-1.82585,-0.187751,-3.58934,18.7702,8.16772,-2.3184,12.3952,3.82536,0,0,0,0,0,0
3.13032,0.348709,-0.827288,-0.432931,-0.153996,-1.92743,-0.213129,-3.58934,18.7702,8.16772,-2.3184,12.3952,3.82536,0,0,0,0,0,0
3.13531,0.348391,-0.885952,-0.443882,-0.158825,-2.03965,-0.221209,-3.66814,19.0223,7.86467,-3.59352,13.1238,3.07188,0,0,0,0,0,0
3.14031,0.349348,-0.944236,-0.447148,-0.131868,-2.16265,-0.208555,-3.66814,19.0223,7.86467,-3.59352,13.1238,3.07188,0,0,0,0,0,0
3.14531,0.355114,-1.0019,-0.44492,-0.105146,-2.26465,-0.194114,-3.92424,19.1917,7.60342,-3.53556,12.4117,3.0636,0,0,0,0,0,0
3.15029,0.36559,-1.05353,-0.433643,-0.0911419,-2.34406,-0.182909,-3.92424,19.1917,7.60342,-3.53556,12.4117,3.0636,0,0,0,0,0,0
3.15532,0.394344,-1.0808,-0.432969,-0.12786,-2.42378,-0.217835,-4.81862,18.3446,8.11338,-1.50696,12.6353,5.05908,0,0,0,0,0,0
3.1603,0.443352,-1.07997,-0.43996,-0.201851,-2.50141,-0.29133,-4.81862,18.3446,8.11338,-1.50696,12.6353,5.05908,0,0,0,0,0,0
3.16532,0.471114,-1.05217,-0.473815,-0.226769,-2.58186,-0.343002,-3.93212,17.2848,9.39246,-3.41964,12.9913,4.31388,0,0,0,0,0,0
3.17032,0.49233,-0.994268,-0.523783,-0.239993,-2.65789,-0.371529,-4.55464,16.9775,8.83025,-2.22732,12.6518,3.96612,0,0,0,0,0,0
3.17531,0.502047,-0.938552,-0.564219,-0.2479,-2.71863,-0.394717,-3.47508,17.1075,8.88041,-3.51072,12.3041,4.19796,0,0,0,0,0,0
3.18033,0.497878,-0.881751,-0.579001,-0.250545,-2.76911,-0.399382,-3.93606,17.1981,8.01724,-2.49228,12.4945,3.37824,0,0,0,0,0,0
3.18532,0.509037,-0.827151,-0.579812,-0.264832,-2.8107,-0.381637,-4.13306,17.005,8.21161,-3.09672,11.9646,3.22092,0,0,0,0,0,0
3.19032,0.524366,-0.769283,-0.58437,-0.258374,-2.83897,-0.365415,-4.13306,17.005,8.21161,-3.09672,11.9646,3.22092,0,0,0,0,0,0
3.19532,0.526983,-0.711487,-0.591052,-0.252153,-2.86024,-0.394326,-3.60904,16.8317,8.27222,-2.90628,11.6665,5.11704,0,0,0,0,0,0
3.2003,0.518196,-0.654868,-0.599218,-0.244972,-2.87564,-0.461601,-3.60904,16.8317,8.27222,-2.90628,11.6665,5.11704,0,0,0,0,0,0
3.2053,0.530112,-0.616589,-0.572846,-0.227177,-2.86457,-0.515949,-4.55858,17.403,6.66501,-3.2706,10.4328,4.7196,0,0,0,0,0,0
3.21031,0.561993,-0.600726,-0.517983,-0.204389,-2.82912,-0.557967,-4.55858,17.403,6.66501,-3.2706,10.4328,4.7196,0,0,0,0,0,0
3.2153,0.594145,-0.593521,-0.490125,-0.175417,-2.80778,-0.569335,-4.67678,17.4857,7.59715,-3.66804,10.9296,3.4362,0,0,0,0,0,0
3.22032,0.628103,-0.592356,-0.486808,-0.144393,-2.80025,-0.554213,-4.67678,17.4857,7.59715,-3.66804,10.9296,3.4362,0,0,0,0,0,0
3.2253,0.654151,-0.582218,-0.481528,-0.112262,-2.80084,-0.521331,-4.40886,16.9302,7.41114,-3.91644,11.2277,2.53368,0,0,0,0,0,0
3.23032,0.673114,-0.553349,-0.467983,-0.0762239,-2.8052,-0.470619,-4.40886,16.9302,7.41114,-3.91644,11.2277,2.53368,0,0,0,0,0,0
3.23532,0.697447,-0.525076,-0.459252,-0.066499,-2.80959,-0.470767,-4.73982,17.0208,7.68911,-2.78208,11.3022,4.72788,0,0,0,0,0,0
3.24031,0.731955,-0.498454,-0.44323,-0.0586446,-2.81572,-0.495494,-4.7674,16.9696,7.07883,-3.79224,11.327,3.77568,0,0,0,0,0,0
3.24532,0.737538,-0.466369,-0.424364,-0.0230711,-2.80608,-0.511584,-3.60904,16.7135,7.52818,-4.15656,10.5984,4.24764,0,0,0,0,0,0
3.25031,0.735506,-0.422534,-0.403687,0.0047169,-2.77495,-0.514019,-4.41674,16.5283,7.06838,-3.78396,10.408,3.12984,0,0,0,0,0,0
3.2553,0.741215,-0.366971,-0.398647,-0.00108179,-2.72561,-0.52047,-4.01092,16.2998,8.32656,-3.01392,9.8946,4.38012,0,0,0,0,0,0
3.26031,0.723877,-0.325265,-0.420135,-0.0173677,-2.68253,-0.524827,-3.54206,16.5401,7.90856,-3.13812,10.292,3.36168,0,0,0,0,0,0
3.26532,0.695133,-0.296408,-0.43525,-0.0213482,-2.65289,-0.503628,-3.54206,16.5401,7.90856,-3.13812,10.292,3.36168,0,0,0,0,0,0
3.27032,0.669635,-0.280576,-0.459441,-0.0202847,-2.6509,-0.500066,-3.70754,16.879,8.2346,-3.11328,11.4098,4.18968,0,0,0,0,0,0
3.27532,0.653268,-0.267046,-0.486174,-0.0243434,-2.66976,-0.513483,-3.70754,16.879,8.2346,-3.11328,11.4098,4.18968,0,0,0,0,0,0
3.28033,0.648732,-0.255994,-0.49982,-0.0134848,-2.67974,-0.521903,-4.14488,17.0563,7.76017,-3.8916,11.1449,4.0158,0,0,0,0,0,0
3.28531,0.655005,-0.245029,-0.498935,0.010029,-2.6815,-0.529052,-4.14488,17.0563,7.76017,-3.8916,11.1449,4.0158,0,0,0,0,0,0
3.2903,0.679171,-0.244688,-0.497903,-0.00554875,-2.67316,-0.52845,-5.0038,17.5448,7.80406,-2.24388,10.7309,3.59352,0,0,0,0,0,0
3.2953,0.724887,-0.255889,-0.498323,-0.0489049,-2.658,-0.522019,-5.0038,17.5448,7.80406,-2.24388,10.7309,3.59352,0,0,0,0,0,0
3.30031,0.768989,-0.283355,-0.496803,-0.0675556,-2.63633,-0.494548,-4.98804,18.1989,7.66403,-3.0636,10.3417,2.53368,0,0,0,0,0,0
3.30532,0.80948,-0.327554,-0.494251,-0.0729277,-2.60835,-0.445697,-4.98804,18.1989,7.66403,-3.0636,10.3417,2.53368,0,0,0,0,0,0
3.31031,0.830125,-0.379739,-0.501236,-0.101016,-2.59301,-0.435695,-4.28278,18.4707,8.0047,-2.1528,10.822,4.18968,0,0,0,0,0,0
3.31531,0.838243,-0.42798,-0.510394,-0.149928,-2.58695,-0.464194,-4.28278,18.4707,8.0047,-2.1528,10.822,4.18968,0,0,0,0,0,0
3.32031,0.830921,-0.466709,-0.514353,-0.177083,-2.58311,-0.486516,-3.56964,18.2422,7.87094,-3.07188,10.9544,3.933,0,0,0,0,0,0
3.32531,0.820328,-0.479534,-0.511893,-0.18502,-2.54511,-0.504823,-4.22762,17.4857,7.76226,-3.12156,9.28188,4.10688,0,0,0,0,0,0
3.33031,0.824013,-0.472018,-0.505826,-0.181916,-2.47053,-0.515246,-4.22762,17.4857,7.76226,-3.12156,9.28188,4.10688,0,0,0,0,0,0
3.33531,0.816963,-0.468084,-0.497096,-0.177939,-2.43049,-0.495935,-3.8218,17.6197,7.60969,-2.90628,10.7226,3.0636,0,0,0,0,0,0
3.34032,0.805128,-0.467423,-0.486327,-0.180399,-2.42651,-0.45625,-3.8218,17.6197,7.60969,-2.90628,10.7226,3.0636,0,0,0,0,0,0
3.34532,0.805255,-0.444725,-0.494994,-0.174375,-2.43549,-0.466235,-4.31824,16.5047,8.38926,-3.32856,11.2194,5.175,0,0,0,0,0,0
3.3503,0.799662,-0.38304,-0.515547,-0.181934,-2.4432,-0.50677,-3.66814,16.1146,8.31193,-2.74896,10.9462,4.45464,0,0,0,0,0,0
3.3553,0.783884,-0.31288,-0.531781,-0.204087,-2.44392,-0.53252,-3.66814,16.1146,8.31193,-2.74896,10.9462,4.45464,0,0,0,0,0,0
3.36022,0.815256,-0.242786,-0.539218,-0.208425,-2.4477,-0.556672,-5.72876,15.9294,7.92737,-3.53556,11.0786,4.347,0,0,0,0,0,0
3.36518,0.857796,-0.168292,-0.545057,-0.207903,-2.47248,-0.551523,-4.35764,15.7285,8.24505,-3.17952,11.741,3.34512,0,0,0,0,0,0
3.37032,0.865772,-0.0948246,-0.558685,-0.218833,-2.51036,-0.52092,-4.35764,15.7285,8.24505,-3.17952,11.741,3.34512,0,0,0,0,0,0
3.3753,0.853252,-0.0438422,-0.569041,-0.235431,-2.5297,-0.503858,-3.56964,16.4022,8.01724,-2.90628,10.9627,3.96612,0,0,0,0,0,0
3.38032,0.82419,-0.0157154,-0.577583,-0.254213,-2.53291,-0.502979,-3.56964,16.4022,8.01724,-2.90628,10.9627,3.96612,0,0,0,0,0,0
3.38532,0.821054,0.00291184,-0.574721,-0.272734,-2.54269,-0.52265,-4.73194,16.5559,7.38606,-2.75724,11.2111,4.83552,0,0,0,0,0,0
3.39031,0.828775,0.0161618,-0.586106,-0.301474,-2.58356,-0.557864,-4.05426,16.3865,8.52511,-2.47572,12.2461,4.52088,0,0,0,0,0,0
3.39532,0.823698,0.0406681,-0.617133,-0.334826,-2.64137,-0.580147,-4.05426,16.3865,8.52511,-2.47572,12.2461,4.52088,0,0,0,0,0,0
3.4003,0.829098,0.0650809,-0.628772,-0.340739,-2.66465,-0.595316,-4.51918,16.4613,7.78734,-3.61008,10.8965,4.35528,0,0,0,0,0,0
3.40531,0.827641,0.0776996,-0.623065,-0.323735,-2.67766,-0.578945,-3.83362,16.9775,7.86676,-3.3534,11.8238,3.04704,0,0,0,0,0,0
3.41033,0.817752,0.0754901,-0.622001,-0.305889,-2.71419,-0.543915,-3.83362,16.9775,7.86676,-3.3534,11.8238,3.04704,0,0,0,0,0,0
3.41532,0.834107,0.0814787,-0.632244,-0.292075,-2.76214,-0.530979,-4.9053,16.4456,8.26386,-3.01392,12.3124,3.73428,0,0,0,0,0,0
3.4203,0.852517,0.101927,-0.633112,-0.282384,-2.79638,-0.550165,-4.11336,16.1855,7.34426,-3.17124,11.3353,4.31388,0,0,0,0,0,0
3.42532,0.86828,0.12033,-0.618967,-0.287625,-2.80441,-0.553836,-4.75558,16.3274,7.4822,-2.4426,11.0041,2.95596,0,0,0,0,0,0
3.43031,0.869273,0.133337,-0.624642,-0.288715,-2.81635,-0.522534,-3.35688,16.4377,8.26595,-3.16296,11.5837,2.59164,0,0,0,0,0,0
3.43533,0.846243,0.141976,-0.631394,-0.25627,-2.85112,-0.488702,-3.743,16.2407,7.32545,-4.20624,12.064,2.7324,0,0,0,0,0,0
3.4403,0.851685,0.160501,-0.622563,-0.23683,-2.87329,-0.468016,-4.4916,16.0122,7.59715,-2.59164,11.0621,3.41136,0,0,0,0,0,0
3.44532,0.864038,0.18506,-0.607826,-0.262297,-2.83202,-0.468884,-4.08184,15.9806,7.09346,-2.10312,9.15768,3.75912,0,0,0,0,0,0
3.4503,0.888178,0.198241,-0.591724,-0.254299,-2.79202,-0.48915,-5.01562,16.2604,7.32754,-3.94956,10.9627,4.23936,0,0,0,0,0,0
3.4553,0.968513,0.209507,-0.605589,-0.175706,-2.76875,-0.524379,-6.62708,16.1973,8.52093,-5.53932,9.9774,4.4712,0,0,0,0,0,0
3.46033,1.03715,0.228995,-0.625791,-0.0983699,-2.76463,-0.525111,-4.85408,16.0594,7.80197,-3.99924,11.7742,2.91456,0,0,0,0,0,0
3.46531,1.06067,0.230738,-0.631567,-0.0716836,-2.81893,-0.500389,-4.89348,17.1154,8.06113,-3.65976,12.6518,3.519,0,0,0,0,0,0
3.47033,1.066,0.211913,-0.64072,-0.0638575,-2.8617,-0.488995,-4.23156,17.3399,8.22206,-3.51072,11.6168,3.8502,0,0,0,0,0,0
3.47531,1.05386,0.190871,-0.659464,-0.0814295,-2.8535,-0.493734,-4.22368,17.2769,8.51884,-2.63304,10.5073,4.53744,0,0,0,0,0,0
3.4803,1.05358,0.17018,-0.667301,-0.097556,-2.8474,-0.498911,-4.72406,17.2572,7.70792,-3.22092,11.534,3.90816,0,0,0,0,0,0
3.4853,1.04796,0.152529,-0.682212,-0.10478,-2.85918,-0.496241,-3.96364,17.3124,8.93893,-3.11328,11.3519,4.0572,0,0,0,0,0,0
3.49032,1.04002,0.136454,-0.701325,-0.0801325,-2.86756,-0.496438,-4.63344,17.3005,7.98589,-4.33872,11.4761,3.82536,0,0,0,0,0,0
3.4953,1.02465,0.138072,-0.696339,-0.0528038,-2.87843,-0.497192,-3.51842,16.7411,7.99216,-3.44448,11.6417,4.0986,0,0,0,0,0,0
3.50035,0.998055,0.172372,-0.697374,-0.0553654,-2.91234,-0.519642,-4.10154,15.9215,8.30148,-2.9394,12.5608,4.94316,0,0,0,0,0,0
3.5053,0.993322,0.2302,-0.70304,-0.0497103,-2.95015,-0.558116,-4.30248,15.6182,8.20325,-3.75912,11.8073,4.93488,0,0,0,0,0,0
3.51034,0.994128,0.298748,-0.696811,-0.0658078,-2.96265,-0.583962,-4.29854,15.5236,7.93364,-2.41776,11.4595,4.58712,0,0,0,0,0,0
3.51523,0.995162,0.358821,-0.676037,-0.0823309,-2.97859,-0.589181,-4.3143,16.0949,7.72464,-3.29544,12.2047,3.99096,0,0,0,0,0,0
3.52024,1.00926,0.389298,-0.66368,-0.100672,-2.98097,-0.571746,-5.01562,16.2683,7.95454,-2.50884,10.7474,3.40308,0,0,0,0,0,0
3.52528,1.03723,0.398029,-0.649273,-0.110031,-2.94661,-0.586032,-4.8659,16.8671,7.524,-3.94128,10.557,5.32404,0,0,0,0,0,0
3.53031,1.05917,0.388076,-0.629579,-0.0877121,-2.9123,-0.639279,-4.8659,16.8671,7.524,-3.94128,10.557,5.32404,0,0,0,0,0,0
3.53531,1.05786,0.36596,-0.623838,-0.0806989,-2.88835,-0.671104,-4.02668,17.1193,7.92946,-3.26232,10.8634,4.52088,0,0,0,0,0,0
3.54033,1.03851,0.344714,-0.623474,-0.0860623,-2.87134,-0.685116,-4.02668,17.1193,7.92946,-3.26232,10.8634,4.52088,0,0,0,0,0,0
3.5453,1.05372,0.328536,-0.611079,-0.0638631,-2.87603,-0.690892,-5.6736,16.9026,7.39442,-4.40496,11.8238,4.13172,0,0,0,0,0,0
3.55021,1.06954,0.320773,-0.5961,-0.0409311,-2.87133,-0.687404,-3.88878,16.9065,7.88348,-3.32856,10.4328,4.13172,0,0,0,0,0,0
3.55534,1.06555,0.311866,-0.600014,-0.0163957,-2.84726,-0.682572,-4.70436,16.9144,8.16563,-4.52088,10.8965,4.20624,0,0,0,0,0,0
3.56031,1.09777,0.311207,-0.6136,0.00687868,-2.83319,-0.71473,-5.51206,16.3352,8.17817,-3.44448,10.7474,5.4648,0,0,0,0,0,0
3.56533,1.12984,0.343443,-0.623391,-0.000805625,-2.81826,-0.75434,-4.66102,15.7206,8.16981,-3.07188,10.9379,4.554,0,0,0,0,0,0
3.57032,1.165,0.392951,-0.64736,-0.019559,-2.8084,-0.740438,-5.66178,15.5985,8.86996,-2.59164,11.0704,3.38652,0,0,0,0,0,0
3.5753,1.19025,0.439291,-0.670265,-0.0295432,-2.81979,-0.717851,-4.31036,15.6733,8.10711,-3.67632,11.8156,4.13172,0,0,0,0,0,0
3.58033,1.19677,0.478918,-0.661318,-0.0243238,-2.84168,-0.718813,-5.0432,16.2289,7.83332,-3.30372,11.6996,4.4712,0,0,0,0,0,0
3.58532,1.20888,0.49053,-0.66834,-0.0440266,-2.83364,-0.733424,-4.46796,16.3746,8.47077,-2.74896,10.2838,4.8852,0,0,0,0,0,0
3.59033,1.21385,0.478387,-0.672257,-0.0727306,-2.81557,-0.758052,-4.78316,16.7726,7.34844,-3.03876,11.1035,4.79412,0,0,0,0,0,0
3.59533,1.22756,0.457819,-0.65428,-0.125306,-2.82986,-0.741755,-5.01562,16.6662,7.48847,-1.81332,11.6831,3.1878,0,0,0,0,0,0
3.60032,1.24839,0.455326,-0.630552,-0.199113,-2.84903,-0.686647,-5.01562,16.6662,7.48847,-1.81332,11.6831,3.1878,0,0,0,0,0,0
3.60532,1.24615,0.451225,-0.599756,-0.209419,-2.85128,-0.669833,-4.08972,16.9105,7.25439,-4.4298,11.1283,4.91832,0,0,0,0,0,0
3.61033,1.23317,0.444882,-0.573141,-0.186704,-2.86087,-0.702151,-4.53888,16.6504,7.54281,-3.21264,11.8487,5.175,0,0,0,0,0,0
3.61532,1.2302,0.459677,-0.562016,-0.182376,-2.89635,-0.723449,-4.4128,15.8309,7.82078,-3.5604,12.1385,4.53744,0,0,0,0,0,0
3.62034,1.23516,0.518194,-0.549188,-0.192814,-2.90172,-0.7012,-4.9447,14.9878,7.61178,-2.68272,10.7474,3.17952,0,0,0,0,0,0
3.62531,1.23331,0.565911,-0.53987,-0.199218,-2.88962,-0.69967,-4.00304,15.9806,7.76644,-3.7674,11.3105,5.44824,0,0,0,0,0,0
3.6303,1.22449,0.589581,-0.537327,-0.187266,-2.92002,-0.742996,-4.48372,15.8979,7.87303,-3.36168,12.5276,5.19156,0,0,0,0,0,0
3.63533,1.22632,0.603657,-0.543206,-0.146781,-2.96279,-0.789693,-4.54282,16.024,7.88557,-5.0094,11.7824,5.58072,0,0,0,0,0,0
3.64034,1.22083,0.598167,-0.558325,-0.0791594,-2.99381,-0.797209,-4.24338,16.5638,8.21788,-4.79412,12.1468,3.70944,0,0,0,0,0,0
3.64531,1.25254,0.564786,-0.582199,-0.0464145,-3.0158,-0.770465,-6.20156,16.9302,8.08621,-3.4776,11.443,4.04892,0,0,0,0,0,0
3.65033,1.29846,0.549304,-0.593122,-0.025777,-3.02201,-0.800061,-5.0432,16.4337,8.1092,-4.2642,11.7328,6.13548,0,0,0,0,0,0
3.65532,1.32475,0.55343,-0.583366,-0.000288957,-3.00897,-0.809083,-5.32294,16.5716,7.5449,-3.82536,10.7888,3.17124,0,0,0,0,0,0
3.66033,1.34777,0.558873,-0.541034,0.00189308,-2.99877,-0.770982,-4.92894,16.7174,6.9179,-3.53556,11.7328,4.23108,0,0,0,0,0,0
3.66531,1.36088,0.576552,-0.522367,-0.00684667,-2.99547,-0.755382,-5.12988,15.7718,8.36418,-3.45276,11.0041,4.18968,0,0,0,0,0,0
3.67032,1.36916,0.607634,-0.535922,-0.017614,-2.95098,-0.76901,-4.74376,15.957,8.19698,-3.46932,10.0188,5.65524,0,0,0,0,0,0
3.67524,1.37406,0.654072,-0.518788,-9.54966e-05,-2.89061,-0.806425,-4.8462,15.0705,7.07047,-4.44636,10.143,5.1336,0,0,0,0,0,0
3.6802,1.3782,0.701462,-0.498741,0.0144888,-2.84057,-0.790003,-4.6886,15.5906,7.82287,-3.19608,10.1927,3.3534,0,0,0,0,0,0
3.68534,1.37016,0.700136,-0.486234,0.0120445,-2.80528,-0.772594,-4.27884,16.6071,6.98896,-3.48588,10.3997,4.83552,0,0,0,0,0,0
3.69032,1.32212,0.666085,-0.46445,0.00297146,-2.78724,-0.777598,-2.92742,16.7332,7.18751,-2.97252,10.6812,4.35528,0,0,0,0,0,0
3.69531,1.29042,0.623579,-0.461968,-0.00984274,-2.74256,-0.761636,-4.73982,16.879,7.68911,-3.04704,9.11628,3.75912,0,0,0,0,0,0
3.70035,1.29485,0.569731,-0.462123,-0.0170853,-2.67249,-0.735515,-4.40886,17.1508,7.17497,-3.11328,9.37296,3.88332,0,0,0,0,0,0
3.70531,1.29458,0.513927,-0.450605,-0.0260134,-2.61302,-0.714096,-4.40886,17.1508,7.17497,-3.11328,9.37296,3.88332,0,0,0,0,0,0
3.71033,1.30861,0.491966,-0.45607,-0.0353604,-2.57961,-0.719688,-5.22444,15.5,7.79988,-3.16296,10.3831,5.0508,0,0,0,0,0,0
3.71531,1.34473,0.524382,-0.464631,-0.0410473,-2.56446,-0.750918,-5.22444,15.5,7.79988,-3.16296,10.3831,5.0508,0,0,0,0,0,0
3.72031,1.36074,0.550473,-0.473602,-0.0165175,-2.53418,-0.759631,-4.48372,15.8979,7.97126,-4.4712,9.80352,4.09032,0,0,0,0,0,0
3.72533,1.36116,0.567636,-0.514323,0.0111525,-2.507,-0.737683,-4.5704,15.5354,9.0079,-3.44448,10.2258,3.70116,0,0,0,0,0,0
3.73033,1.36394,0.585249,-0.536716,0.00022045,-2.49565,-0.751414,-4.81468,15.9846,7.34426,-3.17124,10.5156,5.6304,0,0,0,0,0,0
3.73532,1.3662,0.584728,-0.543809,0.00320456,-2.47201,-0.815547,-4.33794,16.4534,8.46868,-4.12344,9.78696,6.11064,0,0,0,0,0,0
3.74033,1.36365,0.561159,-0.569398,-5.73934e-05,-2.4569,-0.87032,-4.5704,16.7292,8.01515,-2.99736,10.7392,5.37372,0,0,0,0,0,0
3.74533,1.39028,0.509338,-0.570019,-0.0133292,-2.47566,-0.878814,-5.56328,17.6867,7.37143,-3.69288,11.2194,4.32216,0,0,0,0,0,0
3.75032,1.4244,0.436867,-0.574281,-0.0409566,-2.50988,-0.890559,-5.05502,17.4463,7.96499,-2.09484,11.2774,5.70492,0,0,0,0,0,0
3.75534,1.44223,0.3905,-0.581719,-0.0483506,-2.53414,-0.908576,-4.74376,16.7844,7.59297,-4.17312,10.8716,4.66164,0,0,0,0,0,0
3.76034,1.45179,0.358453,-0.571354,-0.0413509,-2.55489,-0.903536,-4.925,17.0641,7.31291,-3.00564,11.2691,4.52088,0,0,0,0,0,0
3.76531,1.46206,0.339528,-0.554488,-0.0574066,-2.55895,-0.891807,-4.75558,16.2604,7.27111,-2.88972,10.3086,4.347,0,0,0,0,0,0
3.77031,1.468,0.366802,-0.552925,-0.0543581,-2.56137,-0.888731,-4.55858,15.3857,8.14055,-3.78396,11.2442,4.85208,0,0,0,0,0,0
3.77531,1.45945,0.385802,-0.553489,-0.0483922,-2.60119,-0.922909,-4.21974,16.615,7.38815,-3.0636,11.8156,5.98644,0,0,0,0,0,0
3.7803,1.45024,0.382061,-0.545747,-0.03626,-2.61939,-0.91597,-4.45614,16.4062,7.79152,-3.95784,10.4494,3.13812,0,0,0,0,0,0
3.78533,1.44701,0.343076,-0.544107,-0.00506675,-2.60552,-0.869702,-4.61374,17.7576,7.36725,-4.13172,10.2838,4.13172,0,0,0,0,0,0
3.79033,1.45304,0.269031,-0.5397,0.0439849,-2.59168,-0.859079,-4.77922,17.7142,7.46339,-4.72788,10.2175,4.66992,0,0,0,0,0,0
3.79532,1.45206,0.202025,-0.54744,0.0764187,-2.56295,-0.868583,-4.26308,17.399,7.76644,-3.59352,9.58824,4.95144,0,0,0,0,0,0
3.80032,1.48167,0.150828,-0.556846,0.0861586,-2.54299,-0.85518,-5.8903,17.2572,7.64313,-4.13172,10.5239,3.67632,0,0,0,0,0,0
3.80533,1.50946,0.131452,-0.566931,0.106802,-2.55678,-0.84184,-4.4128,16.1304,7.87303,-4.347,11.0786,5.0094,0,0,0,0,0,0
3.81031,1.52198,0.172003,-0.585679,0.0972618,-2.5581,-0.866411,-5.07078,15.1651,8.35791,-2.74068,10.1927,5.31576,0,0,0,0,0,0
3.81533,1.54361,0.212134,-0.592027,0.0605378,-2.55295,-0.883409,-5.04714,16.091,7.36098,-2.93112,10.8385,4.74444,0,0,0,0,0,0
3.82021,1.57186,0.23165,-0.579924,0.0466825,-2.56474,-0.881412,-5.23626,15.8467,7.38606,-3.34512,10.7557,4.8024,0,0,0,0,0,0
3.82525,1.59618,0.223178,-0.565506,0.0597732,-2.5473,-0.901923,-4.87378,17.6591,7.53654,-4.08204,9.73728,5.64696,0,0,0,0,0,0
3.83032,1.63573,0.170003,-0.57285,0.0899699,-2.51616,-0.937892,-6.0479,16.9814,7.75181,-4.27248,9.87804,5.35716,0,0,0,0,0,0
3.83533,1.70098,0.142412,-0.578888,0.122798,-2.49092,-0.965977,-6.0479,16.9814,7.75181,-4.27248,9.87804,5.35716,0,0,0,0,0,0
3.8403,1.7369,0.108626,-0.556987,0.103491,-2.47954,-0.940733,-5.0432,17.1942,6.46437,-1.96236,10.3914,2.98908,0,0,0,0,0,0
3.84532,1.76396,0.0607678,-0.544951,0.090098,-2.46646,-0.917696,-5.61844,17.4187,7.94409,-4.18968,9.67932,5.40684,0,0,0,0,0,0
3.85024,1.78149,0.0320012,-0.560565,0.113802,-2.47283,-0.96135,-4.71618,15.8979,7.31709,-4.03236,11.0124,6.01128,0,0,0,0,0,0
3.85531,1.7993,0.0610231,-0.550716,0.106294,-2.48889,-0.970526,-5.40962,15.6891,7.36098,-2.95596,10.3914,3.94128,0,0,0,0,0,0
3.86033,1.81092,0.084453,-0.561379,0.0940185,-2.46555,-0.963311,-4.66102,16.0634,8.19071,-3.3534,9.43092,5.2578,0,0,0,0,0,0
3.86531,1.78644,0.108023,-0.575693,0.120839,-2.4299,-0.9705,-3.68784,15.894,7.70374,-4.57884,9.86148,4.8438,0,0,0,0,0,0
3.87033,1.76518,0.0973299,-0.580008,0.143888,-2.40073,-0.957129,-4.99986,17.0602,7.4822,-3.27888,9.41436,4.25592,0,0,0,0,0,0
3.8753,1.76235,0.0813547,-0.575429,0.132633,-2.37971,-0.934917,-4.43644,16.4653,7.53445,-2.91456,10.3666,4.36356,0,0,0,0,0,0
3.88033,1.74579,0.0644944,-0.563533,0.138158,-2.37836,-0.931586,-4.23156,17.0878,7.15198,-4.10688,10.085,5.00112,0,0,0,0,0,0
3.88518,1.73401,0.0316181,-0.557478,0.131704,-2.34006,-0.919255,-4.77528,16.6504,7.39024,-2.74896,8.56152,4.10688,0,0,0,0,0,0
3.89036,1.73718,0.0430699,-0.542104,0.114575,-2.31646,-0.886554,-4.58222,15.7324,7.11854,-3.59352,10.7557,4.09032,0,0,0,0,0,0
3.89534,1.7319,0.0807672,-0.52579,0.0840165,-2.32047,-0.848801,-4.25126,15.433,7.27738,-2.277,9.74556,3.65976,0,0,0,0,0,0
3.90034,1.70298,0.143101,-0.522597,0.0204776,-2.29608,-0.847629,-3.51842,14.7514,7.77689,-1.72224,9.55512,5.5476,0,0,0,0,0,0
3.90536,1.67668,0.166335,-0.502312,-0.0371213,-2.27876,-0.847625,-4.30642,16.5047,6.13206,-2.17764,9.70416,3.83364,0,0,0,0,0,0
3.91035,1.66321,0.131927,-0.502441,-0.0579261,-2.25301,-0.823666,-3.83756,16.4377,8.01306,-2.94768,8.66916,4.35528,0,0,0,0,0,0
3.91539,1.66855,0.100094,-0.510705,-0.0790403,-2.1906,-0.83061,-5.1614,16.2801,6.39122,-2.1528,7.93224,5.10876,0,0,0,0,0,0
3.92038,1.7108,0.0733146,-0.483198,-0.112531,-2.11702,-0.856985,-5.1614,16.2801,6.39122,-2.1528,7.93224,5.10876,0,0,0,0,0,0
3.92539,1.73709,0.045288,-0.483811,-0.126013,-2.05147,-0.840781,-4.73588,15.9294,7.3777,-2.90628,8.08128,3.15468,0,0,0,0,0,0
3.9304,1.71829,0.0522563,-0.473438,-0.103166,-1.99867,-0.812787,-3.02198,14.7947,5.85618,-4.03236,8.20548,4.62852,0,0,0,0,0,0
3.93536,1.7221,0.0943486,-0.458393,-0.0367671,-1.99781,-0.854591,-5.30718,14.4716,7.17079,-4.33872,10.1678,5.9202,0,0,0,0,0,0
3.94034,1.78167,0.101128,-0.483182,0.0281262,-2.0084,-0.924842,-5.6145,16.217,7.57834,-4.50432,8.79336,6.03612,0,0,0,0,0,0
3.94536,1.84672,0.0861434,-0.50365,0.0875825,-1.97905,-0.989051,-5.6145,16.217,7.57834,-4.50432,8.79336,6.03612,0,0,0,0,0,0
3.95037,1.88032,0.046565,-0.525334,0.124225,-1.96698,-1.02604,-4.75164,17.2848,7.73718,-3.75084,9.74556,5.0922,0,0,0,0,0,0
3.95538,1.8946,-0.00651048,-0.544642,0.132894,-1.97559,-1.03707,-4.75164,17.2848,7.73718,-3.75084,9.74556,5.0922,0,0,0,0,0,0
3.96038,1.89705,-0.0574355,-0.565702,0.124441,-1.9896,-1.0222,-4.74376,16.8947,7.67448,-3.21264,10.0022,4.03236,0,0,0,0,0,0
3.96536,1.90479,-0.0883904,-0.579703,0.0976513,-2.01233,-0.982001,-4.74376,16.8947,7.67448,-3.21264,10.0022,4.03236,0,0,0,0,0,0
3.97034,1.92103,-0.108211,-0.621531,0.0627687,-1.99391,-0.964029,-5.54358,16.0161,8.74665,-2.91456,8.03988,5.02596,0,0,0,0,0,0
3.97533,1.9242,-0.0993567,-0.666681,0.0452826,-1.95878,-0.945267,-3.89666,16.087,8.09457,-3.40308,9.24048,4.00752,0,0,0,0,0,0
3.98028,1.89725,-0.0881349,-0.69322,0.0344906,-1.95382,-0.899483,-3.89666,16.087,8.09457,-3.40308,9.24048,4.00752,0,0,0,0,0,0
3.98534,1.8713,-0.122893,-0.720064,0.0182879,-1.96229,-0.876924,-4.17246,17.6473,7.89811,-3.23748,9.729,5.11704,0,0,0,0,0,0
3.99035,1.86135,-0.178425,-0.733495,0.00252013,-1.97849,-0.883537,-4.17246,17.6473,7.89811,-3.23748,9.729,5.11704,0,0,0,0,0,0
3.99531,1.86068,-0.228867,-0.741874,-0.00572767,-1.97429,-0.904606,-4.91712,17.0996,7.51773,-3.41964,8.86788,5.6718,0,0,0,0,0,0
4.00031,1.88603,-0.247845,-0.731646,-0.00135141,-1.9467,-0.938444,-4.91712,17.0996,7.51773,-3.41964,8.86788,5.6718,0,0,0,0,0,0
4.00542,1.91087,-0.262049,-0.719258,0.00777819,-1.91738,-0.971814,-4.91712,17.0996,7.51773,-3.41964,8.86788,5.6718,0,0,0,0,0,0
4.01034,1.92342,-0.248849,-0.705206,0.0253938,-1.91027,-0.977255,-4.79498,15.3305,7.12272,-3.67632,9.78696,4.42152,0,0,0,0,0,0
4.01537,1.9444,-0.226884,-0.697907,0.0379811,-1.90151,-0.974643,-5.0235,16.7923,7.77689,-3.23748,8.67744,5.48136,0,0,0,0,0,0
4.02035,1.9704,-0.227254,-0.698556,0.0308723,-1.86511,-0.995018,-5.0235,16.7923,7.77689,-3.23748,8.67744,5.48136,0,0,0,0,0,0
4.02538,1.98633,-0.24786,-0.697952,-0.000537238,-1.83064,-0.986971,-5.08654,17.2572,7.50728,-2.34324,8.71056,4.23936,0,0,0,0,0,0
4.03035,2.01342,-0.271573,-0.688779,-0.040233,-1.79826,-0.952441,-5.08654,17.2572,7.50728,-2.34324,8.71056,4.23936,0,0,0,0,0,0
4.03535,2.00824,-0.308239,-0.699701,-0.0470818,-1.78222,-0.954401,-4.01092,17.1902,8.01724,-3.48588,9.33156,5.81256,0,0,0,0,0,0
4.04035,1.98778,-0.341848,-0.724174,-0.0385641,-1.78714,-0.986962,-4.01092,17.1902,8.01724,-3.48588,9.33156,5.81256,0,0,0,0,0,0
4.04536,1.96803,-0.366927,-0.738763,-0.0430796,-1.80029,-0.997188,-4.47584,16.02,7.11018,-3.1464,9.4806,4.95972,0,0,0,0,0,0
4.05035,1.97464,-0.348003,-0.723697,-0.0483953,-1.82169,-0.99207,-4.47584,16.02,7.11018,-3.1464,9.4806,4.95972,0,0,0,0,0,0
4.05536,1.98543,-0.355459,-0.735165,-0.035356,-1.81317,-0.975355,-4.9841,16.7805,8.09457,-3.78396,7.97364,4.31388,0,0,0,0,0,0
4.06037,1.99436,-0.381018,-0.743169,-0.0346319,-1.8052,-0.946901,-4.2158,16.5598,6.74025,-2.53368,9.38124,4.38012,0,0,0,0,0,0
4.06546,1.99204,-0.396879,-0.71869,-0.0576635,-1.82818,-0.921605,-4.2158,16.5598,6.74025,-2.53368,9.38124,4.38012,0,0,0,0,0,0
4.07038,1.97925,-0.407247,-0.690727,-0.05727,-1.82567,-0.90584,-4.13306,15.7285,6.23029,-3.45276,8.2386,4.74444,0,0,0,0,0,0
4.07539,1.99954,-0.393441,-0.678038,-0.0457639,-1.81647,-0.911073,-5.19686,16.0003,7.64104,-3.65148,9.12456,5.34888,0,0,0,0,0,0
4.08039,2.04401,-0.377291,-0.691798,-0.036811,-1.82375,-0.930145,-5.19686,16.0003,7.64104,-3.65148,9.12456,5.34888,0,0,0,0,0,0
4.0853,2.08488,-0.384491,-0.689558,-0.0546783,-1.80872,-0.917125,-5.64602,16.5244,6.69636,-2.5668,8.1558,3.90816,0,0,0,0,0,0
4.09018,2.10602,-0.385636,-0.664389,-0.0749827,-1.7903,-0.926477,-4.30642,15.8546,6.63366,-3.08016,8.86788,6.35076,0,0,0,0,0,0
4.0953,2.10887,-0.364867,-0.634703,-0.0805084,-1.7904,-0.984658,-4.30642,15.8546,6.63366,-3.08016,8.86788,6.35076,0,0,0,0,0,0
4.10023,2.12688,-0.363051,-0.6099,-0.0813101,-1.77874,-1.02479,-4.9841,16.3628,6.63784,-3.17952,8.23032,5.7546,0,0,0,0,0,0
4.10528,2.13229,-0.358506,-0.584511,-0.0903371,-1.7532,-1.05088,-4.36158,15.2517,6.28672,-2.83176,8.34624,5.78772,0,0,0,0,0,0
4.11031,2.13833,-0.313971,-0.545094,-0.107806,-1.73303,-1.08005,-4.36158,15.2517,6.28672,-2.83176,8.34624,5.78772,0,0,0,0,0,0
4.1153,2.13956,-0.283255,-0.537684,-0.104616,-1.72125,-1.09917,-4.31824,15.5985,7.55535,-3.73428,8.61948,5.29092,0,0,0,0,0,0
4.12033,2.11966,-0.294914,-0.558716,-0.0777489,-1.70113,-1.10556,-3.9794,16.3195,7.13108,-4.11516,7.89084,5.44824,0,0,0,0,0,0
4.12533,2.10558,-0.315526,-0.567027,-0.037738,-1.66439,-1.11292,-3.9794,16.3195,7.13108,-4.11516,7.89084,5.44824,0,0,0,0,0,0
4.13033,2.09208,-0.366816,-0.581184,-0.00444548,-1.65843,-1.09275,-4.36158,17.0169,7.01613,-3.70944,9.19908,4.2642,0,0,0,0,0,0
4.13534,2.10553,-0.427763,-0.611906,0.0220574,-1.66721,-1.0897,-4.89348,16.875,7.84168,-4.04064,8.26344,6.19344,0,0,0,0,0,0
4.1403,2.139,-0.457922,-0.643839,0.0445659,-1.6498,-1.13098,-4.89348,16.875,7.84168,-4.04064,8.26344,6.19344,0,0,0,0,0,0
4.14531,2.17653,-0.487301,-0.672429,0.0451615,-1.6655,-1.16936,-5.52782,16.7686,7.76017,-3.30372,9.80352,6.09408,0,0,0,0,0,0
4.15035,2.23493,-0.494929,-0.687057,0.0344741,-1.71002,-1.20346,-5.52782,16.7686,7.76017,-3.30372,9.80352,6.09408,0,0,0,0,0,0
4.15537,2.28895,-0.500668,-0.699402,0.027974,-1.75037,-1.23598,-5.52782,16.7686,7.76017,-3.30372,9.80352,6.09408,0,0,0,0,0,0
4.16037,2.33068,-0.524102,-0.720346,0.00485821,-1.74581,-1.24457,-5.62632,16.7844,7.76226,-2.39292,7.7832,5.06736,0,0,0,0,0,0
4.16538,2.38291,-0.523598,-0.726867,-0.0357204,-1.69263,-1.22518,-5.62632,16.7844,7.76226,-2.39292,7.7832,5.06736,0,0,0,0,0,0
4.17038,2.40688,-0.515461,-0.712108,-0.0577943,-1.65778,-1.18822,-5.08654,15.8664,6.55424,-3.08016,8.5284,4.35528,0,0,0,0,0,0
4.17537,2.41435,-0.522041,-0.728952,-0.0646244,-1.66075,-1.14384,-4.53888,16.7095,8.55855,-2.88144,8.80992,4.57056,0,0,0,0,0,0
4.18037,2.41865,-0.533377,-0.781848,-0.0832438,-1.67046,-1.10882,-4.53888,16.7095,8.55855,-2.88144,8.80992,4.57056,0,0,0,0,0,0
4.18538,2.41813,-0.586575,-0.801502,-0.115678,-1.67553,-1.08622,-4.7871,17.9979,6.82803,-2.37636,8.50356,4.98456,0,0,0,0,0,0
4.19038,2.43802,-0.65595,-0.77783,-0.145514,-1.67477,-1.0733,-4.7871,17.9979,6.82803,-2.37636,8.50356,4.98456,0,0,0,0,0,0
4.19537,2.43221,-0.700881,-0.771505,-0.158143,-1.65291,-1.05326,-4.16064,16.0673,7.05375,-2.76552,7.42716,4.64508,0,0,0,0,0,0
4.20026,2.42502,-0.684563,-0.761985,-0.155969,-1.60884,-1.02529,-4.16064,16.0673,7.05375,-2.76552,7.42716,4.64508,0,0,0,0,0,0
4.20537,2.4143,-0.662452,-0.740141,-0.136597,-1.57564,-1.02743,-4.5704,15.0902,6.12788,-3.38652,7.75008,6.003,0,0,0,0,0,0
4.21037,2.42763,-0.617397,-0.700023,-0.11996,-1.55445,-1.05712,-4.5704,15.0902,6.12788,-3.38652,7.75008,6.003,0,0,0,0,0,0
4.21534,2.40963,-0.616286,-0.690397,-0.136493,-1.5264,-1.07398,-3.72724,15.8861,6.80713,-2.26872,7.22844,5.53104,0,0,0,0,0,0
4.22038,2.39425,-0.608583,-0.683317,-0.180884,-1.48576,-1.08386,-3.72724,15.8861,6.80713,-2.26872,7.22844,5.53104,0,0,0,0,0,0
4.22537,2.37503,-0.577535,-0.709192,-0.193685,-1.4701,-1.11658,-3.92818,14.2313,8.0047,-3.65148,8.25516,6.46668,0,0,0,0,0,0
4.23036,2.37322,-0.496427,-0.754401,-0.178234,-1.48254,-1.1643,-3.92818,14.2313,8.0047,-3.65148,8.25516,6.46668,0,0,0,0,0,0
4.23536,2.38453,-0.466528,-0.771683,-0.184962,-1.45887,-1.18076,-5.19292,15.5709,6.36196,-2.67444,6.417,5.24952,0,0,0,0,0,0
4.24039,2.43436,-0.458557,-0.746414,-0.204414,-1.39547,-1.16622,-5.19292,15.5709,6.36196,-2.67444,6.417,5.24952,0,0,0,0,0,0
4.24537,2.47518,-0.487091,-0.72669,-0.207429,-1.36436,-1.11862,-5.56722,16.1934,6.07563,-3.09672,7.67556,3.79224,0,0,0,0,0,0
4.25029,2.53976,-0.504494,-0.687341,-0.19591,-1.35997,-1.04585,-5.56722,16.1934,6.07563,-3.09672,7.67556,3.79224,0,0,0,0,0,0
4.25537,2.56777,-0.498352,-0.644355,-0.183385,-1.37031,-1.01962,-4.48766,14.6332,5.62628,-2.99736,8.31312,5.6304,0,0,0,0,0,0
4.26036,2.5821,-0.440455,-0.584945,-0.185416,-1.39191,-1.03208,-4.48766,14.6332,5.62628,-2.99736,8.31312,5.6304,0,0,0,0,0,0
4.26537,2.58792,-0.392771,-0.561058,-0.205982,-1.39496,-1.0544,-4.73982,14.2076,6.69845,-2.40948,7.46856,6.17688,0,0,0,0,0,0
4.27038,2.61307,-0.322002,-0.555121,-0.229247,-1.38222,-1.08878,-4.73982,14.2076,6.69845,-2.40948,7.46856,6.17688,0,0,0,0,0,0
4.27537,2.61614,-0.271187,-0.543225,-0.231995,-1.37916,-1.07374,-4.07002,14.5583,6.1655,-3.0222,7.7418,3.96612,0,0,0,0,0,0
4.28038,2.58126,-0.238978,-0.542894,-0.241699,-1.34465,-1.03422,-3.49478,14.7553,7.12063,-2.51712,6.26796,4.95972,0,0,0,0,0,0
4.28537,2.55215,-0.202173,-0.557947,-0.255682,-1.27845,-1.01763,-3.49478,14.7553,7.12063,-2.51712,6.26796,4.95972,0,0,0,0,0,0
4.29024,2.51967,-0.212186,-0.569777,-0.265681,-1.22503,-1.02355,-3.84938,15.76,6.479,-2.47572,6.61572,5.9616,0,0,0,0,0,0
4.29524,2.5091,-0.239076,-0.566958,-0.279084,-1.18595,-1.04776,-3.84938,15.76,6.479,-2.47572,6.61572,5.9616,0,0,0,0,0,0
4.30017,2.49857,-0.271561,-0.569169,-0.293542,-1.15169,-1.06907,-3.84938,15.76,6.479,-2.47572,6.61572,5.9616,0,0,0,0,0,0
4.30531,2.46364,-0.285709,-0.576949,-0.2654,-1.11915,-1.08137,-3.26626,13.9673,6.15505,-4.37184,6.417,5.64696,0,0,0,0,0,0
4.31035,2.43936,-0.23965,-0.568744,-0.197092,-1.08912,-1.08601,-3.26626,13.9673,6.15505,-4.37184,6.417,5.64696,0,0,0,0,0,0
4.31534,2.4463,-0.200302,-0.572684,-0.166335,-1.06235,-1.05961,-4.71618,13.8964,6.50199,-2.7738,6.31764,4.23936,0,0,0,0,0,0
4.32034,2.48127,-0.189739,-0.583849,-0.154452,-1.03701,-1.0103,-5.00774,15.0547,6.53961,-3.49416,6.56604,4.4298,0,0,0,0,0,0
4.32534,2.5401,-0.18165,-0.582619,-0.132117,-1.01577,-0.97234,-5.00774,15.0547,6.53961,-3.49416,6.56604,4.4298,0,0,0,0,0,0
4.33033,2.56926,-0.15672,-0.596865,-0.108643,-0.994976,-0.968679,-4.18034,13.6285,6.91999,-3.6846,6.51636,5.77944,0,0,0,0,0,0
4.33532,2.58729,-0.134102,-0.622054,-0.0952119,-0.963014,-0.982528,-4.28278,15.3857,7.24394,-2.8152,5.89536,5.24124,0,0,0,0,0,0
4.34034,2.61338,-0.142594,-0.647733,-0.102077,-0.916103,-0.979509,-4.28278,15.3857,7.24394,-2.8152,5.89536,5.24124,0,0,0,0,0,0
4.34531,2.62259,-0.195059,-0.635047,-0.119262,-0.893226,-0.968043,-4.23944,16.5125,5.12468,-2.29356,6.85584,4.968,0,0,0,0,0,0
4.35034,2.62903,-0.231665,-0.611226,-0.136334,-0.876074,-0.982699,-3.79422,15.3424,7.03076,-2.40948,6.14376,6.51636,0,0,0,0,0,0
4.35532,2.62829,-0.232616,-0.626829,-0.155102,-0.845118,-1.03195,-3.79422,15.3424,7.03076,-2.40948,6.14376,6.51636,0,0,0,0,0,0
4.36032,2.60023,-0.242651,-0.627314,-0.165052,-0.816406,-1.0429,-3.2111,14.8577,5.87708,-2.86488,6.01956,4.83552,0,0,0,0,0,0
4.36533,2.57543,-0.222791,-0.593127,-0.161995,-0.78745,-1.02272,-3.2111,14.8577,5.87708,-2.86488,6.01956,4.83552,0,0,0,0,0,0
4.37033,2.5615,-0.238103,-0.595304,-0.141066,-0.7835,-1.00899,-4.23156,15.563,7.00568,-3.56868,6.92208,4.91832,0,0,0,0,0,0
4.37531,2.58795,-0.249905,-0.615089,-0.109764,-0.795462,-0.99428,-4.23156,15.563,7.00568,-3.56868,6.92208,4.91832,0,0,0,0,0,0
4.38034,2.59236,-0.259373,-0.629955,-0.093516,-0.824033,-0.954417,-3.76664,14.6962,6.35569,-3.00564,7.69212,3.84192,0,0,0,0,0,0
4.38534,2.60294,-0.241682,-0.627267,-0.0916601,-0.873728,-0.889702,-3.76664,14.6962,6.35569,-3.00564,7.69212,3.84192,0,0,0,0,0,0
4.39032,2.60234,-0.286758,-0.636676,-0.0964234,-0.905647,-0.828303,-3.84544,16.3904,6.29299,-2.65788,6.68196,3.933,0,0,0,0,0,0
4.39534,2.61844,-0.343122,-0.628937,-0.107366,-0.912154,-0.771361,-3.84544,16.3904,6.29299,-2.65788,6.68196,3.933,0,0,0,0,0,0
4.40032,2.61325,-0.368514,-0.635696,-0.125224,-0.902797,-0.725919,-3.61692,14.3534,6.65038,-2.22732,5.89536,4.33872,0,0,0,0,0,0
4.40529,2.61888,-0.337082,-0.63361,-0.160291,-0.849937,-0.71883,-3.66814,14.5386,6.19476,-1.29168,4.66164,5.60556,0,0,0,0,0,0
4.41033,2.63487,-0.308411,-0.620361,-0.213554,-0.770364,-0.744649,-3.66814,14.5386,6.19476,-1.29168,4.66164,5.60556,0,0,0,0,0,0
4.4153,2.63351,-0.329582,-0.636924,-0.22431,-0.679317,-0.732302,-3.43174,15.6339,6.92835,-3.08016,3.88332,3.79224,0,0,0,0,0,0
4.42031,2.64141,-0.367562,-0.669563,-0.18457,-0.578887,-0.688279,-3.43174,15.6339,6.92835,-3.08016,3.88332,3.79224,0,0,0,0,0,0
4.4253,2.64762,-0.400842,-0.666696,-0.138528,-0.507683,-0.680097,-3.65238,14.8302,4.94076,-3.19608,4.8438,5.14188,0,0,0,0,0,0
4.43033,2.6655,-0.412413,-0.620941,-0.0935093,-0.467251,-0.69617,-3.65238,14.8302,4.94076,-3.19608,4.8438,5.14188,0,0,0,0,0,0
4.43531,2.67155,-0.402533,-0.596775,-0.0691313,-0.421911,-0.715845,-3.79028,13.0414,5.37339,-2.41776,4.28076,5.51448,0,0,0,0,0,0
4.44019,2.64883,-0.415182,-0.597413,-0.127502,-0.386419,-0.680167,-1.9306,15.2517,5.54477,0.18216,4.85208,2.74896,0,0,0,0,0,0
4.4452,2.58536,-0.454183,-0.582869,-0.128349,-0.34384,-0.606416,-1.50902,14.4519,4.80073,-4.11516,3.78396,3.46104,0,0,0,0,0,0
4.45028,2.60772,-0.506426,-0.584357,-0.0455237,-0.300664,-0.661057,-5.57904,15.7915,6.16341,-3.70116,4.57884,8.23032,0,0,0,0,0,0
4.45531,2.68109,-0.534958,-0.601047,0.0203506,-0.261861,-0.778498,-3.87696,14.4165,6.10489,-4.16484,4.2228,6.72336,0,0,0,0,0,0
4.4603,2.69587,-0.522364,-0.613138,0.0448499,-0.224296,-0.823278,-3.33718,14.4677,6.3118,-2.4012,4.81068,5.63868,0,0,0,0,0,0
4.46531,2.6965,-0.527372,-0.623998,0.0257064,-0.205508,-0.831749,-3.4869,15.7167,6.45392,-2.277,5.27436,5.07564,0,0,0,0,0,0
4.47033,2.7,-0.559188,-0.662926,-0.00680718,-0.22537,-0.85703,-3.56964,15.4448,7.47384,-2.17764,6.4584,6.40872,0,0,0,0,0,0
4.47533,2.70905,-0.583221,-0.695668,-0.024319,-0.246016,-0.907309,-3.69178,15.3424,6.23865,-2.82348,5.39856,6.42528,0,0,0,0,0,0
4.48031,2.70363,-0.570367,-0.696956,-0.0184697,-0.253626,-0.921539,-3.08502,14.4677,6.61276,-2.97252,5.97816,4.89348,0,0,0,0,0,0
4.48532,2.69728,-0.517994,-0.685404,-0.0155586,-0.230225,-0.911103,-3.349,13.8452,5.77676,-2.97252,4.03236,5.24952,0,0,0,0,0,0
4.49034,2.7097,-0.486746,-0.682624,-0.0159762,-0.202582,-0.902221,-3.99516,15.1532,6.94298,-2.96424,5.7132,5.175,0,0,0,0,0,0
4.49531,2.74995,-0.509288,-0.692371,-0.0455723,-0.229554,-0.908825,-4.28672,15.8152,6.06518,-1.95408,6.21828,6.10236,0,0,0,0,0,0
4.50021,2.7785,-0.548277,-0.679937,-0.0918192,-0.245245,-0.88219,-3.6248,15.7364,5.88962,-1.6974,5.19984,3.71772,0,0,0,0,0,0
4.50535,2.79384,-0.567919,-0.662497,-0.114781,-0.245919,-0.876354,-3.63268,15.3857,6.0401,-3.17952,5.66352,6.88068,0,0,0,0,0,0
4.51033,2.81361,-0.589823,-0.659122,-0.108663,-0.263211,-0.943046,-3.63268,15.3857,6.0401,-3.17952,5.66352,6.88068,0,0,0,0,0,0
4.51532,2.81274,-0.643253,-0.685318,-0.132743,-0.286762,-0.992403,-3.32536,15.6221,6.62948,-1.83816,5.6718,6.15204,0,0,0,0,0,0
4.52034,2.80336,-0.664362,-0.680846,-0.143992,-0.324569,-0.99181,-2.98258,14.9681,5.30442,-2.91456,6.47496,4.7196,0,0,0,0,0,0
4.52531,2.79255,-0.660234,-0.643652,-0.13634,-0.377196,-0.959417,-2.98258,14.9681,5.30442,-2.91456,6.47496,4.7196,0,0,0,0,0,0
4.53031,2.76131,-0.662209,-0.625088,-0.145634,-0.386067,-0.943989,-2.57676,14.3692,5.57612,-2.22732,4.44636,5.4234,0,0,0,0,0,0
4.5353,2.74355,-0.625648,-0.597733,-0.158896,-0.347112,-0.943022,-2.57676,14.3692,5.57612,-2.22732,4.44636,5.4234,0,0,0,0,0,0
4.54032,2.73938,-0.632291,-0.575657,-0.19116,-0.307504,-0.947338,-3.2702,15.9215,5.64718,-1.01016,4.28076,5.69664,0,0,0,0,0,0
4.54531,2.74271,-0.684569,-0.56233,-0.173649,-0.237957,-0.942397,-3.152,16.4613,5.97949,-4.38012,3.17952,4.8024,0,0,0,0,0,0
4.5502,2.75456,-0.697182,-0.563929,-0.12766,-0.180247,-0.945449,-3.57358,14.184,6.23865,-2.53368,4.52088,6.0444,0,0,0,0,0,0
4.55533,2.77705,-0.69098,-0.5647,-0.112282,-0.14661,-0.938147,-3.40416,15.4684,5.83528,-3.105,4.08204,4.347,0,0,0,0,0,0
4.56035,2.77607,-0.730227,-0.583726,-0.114697,-0.114001,-0.916588,-2.72648,15.9846,6.92835,-2.06172,4.37184,5.33232,0,0,0,0,0,0
4.56532,2.79011,-0.778355,-0.615108,-0.09939,-0.0696284,-0.937113,-3.9991,15.8427,6.34315,-3.66804,3.3534,6.15204,0,0,0,0,0,0
4.57033,2.80585,-0.773512,-0.634987,-0.0853657,-0.0329098,-0.954904,-2.8368,13.4984,6.30553,-2.18592,4.57056,5.39856,0,0,0,0,0,0
4.57532,2.79919,-0.72682,-0.664315,-0.0968827,-0.0245069,-0.954022,-2.86438,13.9043,6.76115,-2.7324,4.37184,5.3406,0,0,0,0,0,0
4.5803,2.79569,-0.714774,-0.700157,-0.0867414,-0.00749988,-0.972676,-3.0732,14.775,6.47064,-2.84832,4.12344,6.35076,0,0,0,0,0,0
4.58531,2.82912,-0.744403,-0.706047,-0.0883722,0.0184193,-1.02203,-4.30642,15.6891,5.44445,-2.84004,3.86676,7.14564,0,0,0,0,0,0
4.59031,2.85073,-0.770463,-0.706362,-0.103115,0.0810007,-1.03587,-2.76982,14.8459,6.38286,-2.33496,2.5668,4.91832,0,0,0,0,0,0
4.59525,2.85323,-0.764781,-0.696052,-0.10776,0.150582,-1.0572,-3.43962,14.2155,4.92404,-3.32856,3.3534,7.17048,0,0,0,0,0,0
4.60015,2.86634,-0.752638,-0.674465,-0.10577,0.1699,-1.08052,-3.0338,14.5347,5.8311,-2.4426,4.57884,5.55588,0,0,0,0,0,0
4.60532,2.89811,-0.735048,-0.657789,-0.121971,0.170916,-1.06567,-3.98728,14.4795,5.45281,-2.14452,4.21452,5.48964,0,0,0,0,0,0
4.61033,2.91396,-0.725431,-0.652013,-0.14191,0.154607,-1.01504,-2.4822,14.2904,5.88126,-2.36808,5.24952,3.79224,0,0,0,0,0,0
4.61534,2.90069,-0.702457,-0.64509,-0.128073,0.134234,-1.01116,-3.00622,14.05,5.5176,-3.65976,4.40496,7.34436,0,0,0,0,0,0
4.62033,2.91838,-0.668011,-0.639246,-0.134141,0.10529,-1.06871,-3.55388,13.5891,5.81229,-1.55664,5.53932,6.72336,0,0,0,0,0,0
4.62532,2.93758,-0.666095,-0.637658,-0.155369,0.0484689,-1.10698,-3.12048,15.2557,5.61583,-2.50056,5.47308,6.6654,0,0,0,0,0,0
4.63033,2.92159,-0.688404,-0.614915,-0.150924,0.0181262,-1.13467,-2.01334,14.5307,4.72131,-3.03048,4.3884,6.22656,0,0,0,0,0,0
4.63534,2.92047,-0.681409,-0.57468,-0.167616,-0.0259139,-1.14734,-3.53812,14.2076,4.9533,-1.9872,6.09408,5.72148,0,0,0,0,0,0
4.64032,2.93717,-0.680486,-0.563485,-0.208988,-0.0615632,-1.15968,-2.88802,14.3889,5.63464,-1.45728,4.14,6.3342,0,0,0,0,0,0
4.64532,2.9499,-0.697024,-0.606276,-0.226059,-0.0537426,-1.21972,-3.50266,15.2714,7.68911,-2.64132,4.46292,7.96536,0,0,0,0,0,0
4.65034,2.98401,-0.718615,-0.684296,-0.219922,-0.0525853,-1.30549,-3.50266,15.2714,7.68911,-2.64132,4.46292,7.96536,0,0,0,0,0,0
4.65532,2.99146,-0.742342,-0.745919,-0.245388,-0.0354538,-1.31128,-2.78952,14.6056,6.67964,-1.22544,3.519,4.6782,0,0,0,0,0,0
4.6603,2.99516,-0.734405,-0.776366,-0.297033,0.00363303,-1.24715,-2.78952,14.6056,6.67964,-1.22544,3.519,4.6782,0,0,0,0,0,0
4.66533,2.97408,-0.780102,-0.805611,-0.340876,0.0495493,-1.21861,-2.17488,16.024,6.08399,-1.27512,2.90628,6.06924,0,0,0,0,0,0
4.67032,2.95264,-0.832943,-0.807457,-0.385608,0.111777,-1.22026,-2.17488,16.024,6.08399,-1.27512,2.90628,6.06924,0,0,0,0,0,0
4.67531,2.93382,-0.877835,-0.817548,-0.387371,0.138302,-1.20216,-2.71072,15.2399,6.23238,-3.15468,4.32216,5.19984,0,0,0,0,0,0
4.68032,2.94348,-0.878248,-0.816336,-0.354757,0.17961,-1.19191,-3.3687,14.1091,5.60747,-3.09672,2.37636,6.35904,0,0,0,0,0,0
4.68532,2.97653,-0.875889,-0.800057,-0.354213,0.224123,-1.20243,-3.67996,14.7553,5.22082,-1.96236,3.8088,6.24312,0,0,0,0,0,0
4.69025,2.99762,-0.863158,-0.787625,-0.366453,0.266187,-1.22739,-2.758,14.05,6.05891,-2.66616,2.47572,7.00488,0,0,0,0,0,0
4.69533,3.01308,-0.801454,-0.769281,-0.349659,0.322175,-1.25822,-3.40416,12.7026,4.98883,-3.22092,3.04704,6.78132,0,0,0,0,0,0
4.70034,3.03419,-0.71913,-0.734602,-0.35235,0.339778,-1.27096,-2.82498,13.4945,5.55731,-1.44072,4.00752,5.97816,0,0,0,0,0,0
4.70532,3.04408,-0.675253,-0.71697,-0.337552,0.352131,-1.26713,-2.85256,13.723,5.33786,-3.44448,2.98908,5.81256,0,0,0,0,0,0
4.71035,3.04718,-0.667469,-0.712789,-0.304407,0.371775,-1.22241,-2.67526,14.1643,5.57821,-2.33496,3.38652,4.06548,0,0,0,0,0,0
4.71535,3.0485,-0.643003,-0.678403,-0.275879,0.405111,-1.21289,-2.78952,13.0178,4.03788,-3.24576,2.40948,7.245,0,0,0,0,0,0
4.72038,3.04082,-0.608314,-0.654119,-0.266153,0.445248,-1.25154,-2.40734,13.1754,5.72242,-1.88784,2.86488,6.64056,0,0,0,0,0,0
4.72537,3.0423,-0.565217,-0.662992,-0.285442,0.472051,-1.27732,-2.40734,13.1754,5.72242,-1.88784,2.86488,6.64056,0,0,0,0,0,0
4.7304,3.03764,-0.51238,-0.682241,-0.295889,0.479499,-1.27506,-2.33248,12.0288,5.83737,-2.1114,3.42792,5.34888,0,0,0,0,0,0
4.73535,2.99951,-0.483449,-0.729304,-0.326651,0.455828,-1.24181,-1.05592,13.5694,6.56678,-1.2834,4.06548,4.94316,0,0,0,0,0,0
4.74036,2.98335,-0.525693,-0.771936,-0.340347,0.466153,-1.23785,-3.10866,15.035,5.63046,-2.92284,1.9458,6.36732,0,0,0,0,0,0
4.74538,2.99678,-0.586338,-0.767253,-0.349256,0.466593,-1.26524,-2.2064,14.8341,4.81536,-1.62288,4.46292,6.19344,0,0,0,0,0,0
4.75024,2.99723,-0.596371,-0.772759,-0.393144,0.411007,-1.28714,-2.47038,12.8523,5.96277,-1.22544,4.32216,6.42528,0,0,0,0,0,0
4.75522,3.00688,-0.558139,-0.792626,-0.422474,0.377587,-1.28774,-2.40734,13.6442,6.23238,-1.58976,3.75084,5.59728,0,0,0,0,0,0
4.76015,3.01171,-0.547597,-0.779423,-0.429287,0.340075,-1.28427,-2.15518,13.9121,4.43498,-2.29356,4.47948,6.10236,0,0,0,0,0,0
4.76531,2.9992,-0.514162,-0.761803,-0.414676,0.300648,-1.27058,-1.72178,12.0997,5.63464,-3.05532,3.92472,5.39028,0,0,0,0,0,0
4.77036,3.011,-0.458242,-0.758429,-0.425608,0.2836,-1.27561,-3.01804,12.7262,4.93449,-1.12608,3.54384,6.89724,0,0,0,0,0,0
4.77538,3.03436,-0.436298,-0.738382,-0.416463,0.262528,-1.29123,-2.19852,13.5812,4.92613,-3.55212,4.00752,6.22656,0,0,0,0,0,0
4.78036,3.06805,-0.43588,-0.719355,-0.395193,0.275746,-1.29286,-3.41204,13.7427,5.05153,-1.66428,2.1528,6.1272,0,0,0,0,0,0
4.78536,3.10505,-0.427372,-0.692509,-0.382223,0.305747,-1.28301,-2.36794,13.2345,4.47051,-2.92284,3.12984,5.7132,0,0,0,0,0,0
4.79038,3.12262,-0.401386,-0.66607,-0.363511,0.33402,-1.27649,-2.62404,13.2463,5.24172,-1.97892,2.11968,6.24312,0,0,0,0,0,0
4.79539,3.15848,-0.39516,-0.647717,-0.351322,0.379725,-1.26697,-3.14018,13.4984,4.33884,-2.691,2.18592,5.74632,0,0,0,0,0,0
4.80038,3.17441,-0.357648,-0.633441,-0.338789,0.416244,-1.26069,-1.76906,12.2337,5.57612,-1.9458,2.42604,6.09408,0,0,0,0,0,0
4.80537,3.18263,-0.314192,-0.633481,-0.32624,0.436693,-1.27082,-2.9156,13.1754,5.06198,-2.7738,2.83176,6.59088,0,0,0,0,0,0
4.81037,3.22031,-0.300898,-0.628509,-0.295746,0.444371,-1.29239,-2.9156,13.1754,5.06198,-2.7738,2.83176,6.59088,0,0,0,0,0,0
4.81537,3.22968,-0.342876,-0.650187,-0.262057,0.474476,-1.32288,-2.23004,14.3613,5.50924,-2.87316,1.41588,6.9966,0,0,0,0,0,0
4.82036,3.23189,-0.401022,-0.677228,-0.246137,0.538619,-1.36011,-2.23004,14.3613,5.50924,-2.87316,1.41588,6.9966,0,0,0,0,0,0
4.82537,3.21957,-0.445112,-0.699767,-0.269401,0.571521,-1.3614,-1.88332,13.1005,4.94494,-1.49868,2.59992,5.44824,0,0,0,0,0,0
4.83037,3.20632,-0.471686,-0.719875,-0.310562,0.581672,-1.34912,-1.9897,14.0776,5.66808,-1.92096,2.26872,6.31764,0,0,0,0,0,0
4.83536,3.19362,-0.521802,-0.737756,-0.3328,0.596408,-1.36498,-1.96212,14.5347,5.13304,-1.7802,2.41776,6.89724,0,0,0,0,0,0
4.84038,3.18123,-0.557357,-0.714521,-0.330246,0.606725,-1.39014,-1.8321,13.853,4.06296,-2.87316,2.46744,6.40044,0,0,0,0,0,0
4.84537,3.17972,-0.547107,-0.698347,-0.337983,0.638247,-1.3966,-2.43098,13.1517,5.78303,-1.43244,1.60632,6.31764,0,0,0,0,0,0
4.85037,3.18008,-0.536451,-0.696928,-0.374537,0.67586,-1.3568,-1.69026,13.79,4.62517,-1.16748,2.16108,4.42152,0,0,0,0,0,0
4.85541,3.16916,-0.555885,-0.683198,-0.405739,0.688215,-1.32274,-1.96212,14.3889,5.18738,-1.3662,2.47572,6.2514,0,0,0,0,0,0
4.86039,3.17922,-0.556941,-0.679691,-0.396171,0.695573,-1.31652,-2.31278,13.2423,5.1832,-3.12984,2.30184,5.70492,0,0,0,0,0,0
4.86536,3.20167,-0.543991,-0.686021,-0.389139,0.689019,-1.30135,-2.364,13.6324,5.48207,-1.51524,2.898,5.76288,0,0,0,0,0,0
4.87038,3.21015,-0.551779,-0.675494,-0.426909,0.672151,-1.2948,-1.68632,14.0461,4.40781,-0.96876,2.76552,5.86224,0,0,0,0,0,0
4.87537,3.22888,-0.56545,-0.662142,-0.431015,0.648206,-1.29837,-2.46644,13.6954,5.14767,-2.50056,2.97252,6.24312,0,0,0,0,0,0
4.88039,3.23726,-0.535457,-0.655838,-0.402223,0.592111,-1.28568,-1.41446,12.4386,4.92613,-2.80692,4.25592,5.2578,0,0,0,0,0,0
4.8854,3.24833,-0.496858,-0.645629,-0.401612,0.519668,-1.27196,-2.25368,12.872,4.66279,-1.42416,3.54384,6.20172,0,0,0,0,0,0
4.89038,3.28089,-0.506041,-0.653912,-0.417106,0.473372,-1.27355,-2.69102,14.2392,5.6221,-2.2356,3.34512,5.9616,0,0,0,0,0,0
4.8954,3.29725,-0.528481,-0.653707,-0.403941,0.426507,-1.26441,-1.73754,13.1832,4.13611,-2.9394,3.55212,5.68836,0,0,0,0,0,0
4.90036,3.30931,-0.534301,-0.62549,-0.396695,0.4192,-1.26703,-2.33642,13.5654,4.37855,-1.64772,1.73052,6.64884,0,0,0,0,0,0
4.90534,3.33911,-0.593645,-0.617193,-0.409809,0.431628,-1.22353,-2.6201,14.6647,4.24897,-2.09484,2.37636,3.52728,0,0,0,0,0,0
4.91013,3.36694,-0.625249,-0.626835,-0.394388,0.4289,-1.16964,-2.16306,12.6789,5.36294,-2.65788,2.43432,5.85396,0,0,0,0,0,0
4.91529,3.38378,-0.603534,-0.658069,-0.362796,0.4329,-1.17206,-2.16306,12.6789,5.36294,-2.65788,2.43432,5.85396,0,0,0,0,0,0
4.92036,3.39142,-0.617941,-0.682441,-0.325003,0.455514,-1.13157,-2.34036,13.5694,4.68578,-2.84004,1.55664,3.84192,0,0,0,0,0,0
4.92537,3.39028,-0.637904,-0.665676,-0.308348,0.52959,-1.08476,-1.40264,13.2857,3.73274,-1.87128,-0.0414,5.47308,0,0,0,0,0,0
4.93036,3.37571,-0.590261,-0.620327,-0.27401,0.596808,-1.0562,-1.5169,11.0438,3.6575,-3.75912,1.58976,4.5954,0,0,0,0,0,0
4.93539,3.35587,-0.539262,-0.592528,-0.199181,0.616487,-1.07676,-0.79588,12.3755,3.93547,-3.8502,1.47384,7.21188,0,0,0,0,0,0
4.94038,3.32478,-0.53372,-0.582351,-0.132076,0.636359,-1.15053,-0.79588,12.3755,3.93547,-3.8502,1.47384,7.21188,0,0,0,0,0,0
4.94536,3.30505,-0.554212,-0.598945,-0.0795052,0.650325,-1.21374,-1.61146,12.4622,4.48305,-3.38652,1.4076,6.98004,0,0,0,0,0,0
4.9503,3.31951,-0.556531,-0.629879,-0.0722439,0.647982,-1.24812,-2.02122,12.8759,5.4758,-2.03688,2.35152,6.3342,0,0,0,0,0,0
4.95537,3.34375,-0.547306,-0.666987,-0.0957027,0.633064,-1.2636,-2.02122,12.8759,5.4758,-2.03688,2.35152,6.3342,0,0,0,0,0,0
4.96035,3.34377,-0.568184,-0.699631,-0.114313,0.634495,-1.2621,-1.4578,13.7861,5.18738,-2.1114,1.54836,5.66352,0,0,0,0,0,0
4.96537,3.33161,-0.567575,-0.679339,-0.119284,0.671815,-1.26634,-1.15836,13.002,3.84978,-2.4426,0.9522,6.51636,0,0,0,0,0,0
4.97036,3.29085,-0.571181,-0.652692,-0.111138,0.74474,-1.29903,-0.2955,13.9634,4.9115,-2.55024,-0.01656,7.01316,0,0,0,0,0,0
4.97535,3.24207,-0.600012,-0.633804,-0.138723,0.824837,-1.33228,-0.60282,14.2864,4.26151,-1.06812,0.43884,6.94692,0,0,0,0,0,0
4.98037,3.21728,-0.626316,-0.599365,-0.183337,0.887957,-1.35955,-0.60282,14.2864,4.26151,-1.06812,0.43884,6.94692,0,0,0,0,0,0
4.98538,3.19857,-0.647385,-0.601939,-0.211563,0.931932,-1.37282,-0.91408,13.3369,5.37339,-1.29168,0.79488,6.417,0,0,0,0,0,0
4.9903,3.19146,-0.626803,-0.618785,-0.237841,0.970332,-1.36991,-0.91408,13.3369,5.37339,-1.29168,0.79488,6.417,0,0,0,0,0,0
4.99534,3.18164,-0.605086,-0.63423,-0.264848,1.00716,-1.36498,-0.91408,13.3369,5.37339,-1.29168,0.79488,6.417,0,0,0,0,0,0
5.00037,3.17184,-0.61327,-0.63198,-0.264875,1.02894,-1.33268,-1.35536,13.9437,4.18836,-2.49228,1.13436,5.175,0,0,0,0,0,0
5.0054,3.18268,-0.621323,-0.595313,-0.250504,1.04458,-1.28015,-1.35536,13.9437,4.18836,-2.49228,1.13436,5.175,0,0,0,0,0,0
5.01027,3.16808,-0.641156,-0.575097,-0.245074,1.02451,-1.23411,-0.50432,13.7112,4.45379,-2.3184,2.4426,5.175,0,0,0,0,0,0
5.01524,3.16336,-0.641558,-0.548296,-0.246977,0.998368,-1.24805,-1.46568,13.4039,4.11103,-2.01204,1.4904,7.59276,0,0,0,0,0,0
5.02042,3.18207,-0.631231,-0.513627,-0.25555,1.00188,-1.30836,-1.46568,13.4039,4.11103,-2.01204,1.4904,7.59276,0,0,0,0,0,0
5.02539,3.17283,-0.626808,-0.509918,-0.247728,0.974636,-1.33609,-0.63434,12.8208,4.94494,-2.66616,2.79036,6.3756,0,0,0,0,0,0
5.0304,3.17089,-0.647073,-0.521177,-0.233869,0.910367,-1.36148,-1.39082,13.924,4.2636,-2.58336,2.74896,7.34436,0,0,0,0,0,0
5.03539,3.18259,-0.682253,-0.524284,-0.230965,0.862663,-1.3681,-1.17412,13.8412,4.80491,-2.17764,2.21904,5.72976,0,0,0,0,0,0
5.04032,3.20067,-0.713654,-0.54742,-0.260469,0.818959,-1.35796,-1.77694,13.7742,5.08706,-1.02672,2.6082,6.45012,0,0,0,0,0,0
5.04532,3.23771,-0.739154,-0.575499,-0.311688,0.768527,-1.3661,-1.77694,13.7742,5.08706,-1.02672,2.6082,6.45012,0,0,0,0,0,0
5.05028,3.25217,-0.747865,-0.613641,-0.327558,0.755829,-1.3579,-1.15442,12.1943,5.08079,-2.36808,0.64584,5.65524,0,0,0,0,0,0
5.05523,3.24321,-0.701907,-0.629592,-0.317007,0.771835,-1.34204,-0.55948,12.2101,4.65443,-2.1942,1.59804,6.14376,0,0,0,0,0,0
5.06027,3.24175,-0.680075,-0.611479,-0.316872,0.755252,-1.34582,-1.40658,13.4039,3.76827,-1.79676,2.00376,6.61572,0,0,0,0,0,0
5.06534,3.24577,-0.675485,-0.596988,-0.333036,0.771671,-1.35178,-0.84316,12.9981,4.87179,-1.50696,0.44712,6.03612,0,0,0,0,0,0
5.0702,3.23946,-0.652953,-0.602411,-0.354668,0.823233,-1.34653,-0.84316,12.9981,4.87179,-1.50696,0.44712,6.03612,0,0,0,0,0,0
5.07529,3.23693,-0.629717,-0.614787,-0.343974,0.837604,-1.35068,-1.3002,12.3598,4.87388,-2.82348,1.76364,6.39216,0,0,0,0,0,0
5.08029,3.256,-0.583409,-0.621156,-0.306234,0.828119,-1.36411,-1.3002,12.3598,4.87388,-2.82348,1.76364,6.39216,0,0,0,0,0,0
5.08528,3.27194,-0.51259,-0.610952,-0.261798,0.847534,-1.37175,-1.35536,10.6538,3.85814,-3.16296,0.30636,6.11064,0,0,0,0,0,0
5.09039,3.27761,-0.458009,-0.584979,-0.236162,0.877168,-1.39533,-0.95742,12.1116,3.54882,-2.13624,0.9936,7.50996,0,0,0,0,0,0
5.09538,3.28175,-0.419187,-0.542002,-0.241753,0.894242,-1.45131,-0.95742,12.1116,3.54882,-2.13624,0.9936,7.50996,0,0,0,0,0,0
5.10039,3.25936,-0.361542,-0.502689,-0.235459,0.915549,-1.45931,0.05516,10.8823,3.47776,-2.75724,0.55476,5.36544,0,0,0,0,0,0
5.10538,3.21461,-0.332295,-0.475844,-0.232071,0.941515,-1.44039,0.0788,12.3598,3.39416,-2.04516,0.414,6.2514,0,0,0,0,0,0
5.11031,3.18467,-0.31422,-0.436032,-0.243655,0.976817,-1.43539,0.0788,12.3598,3.39416,-2.04516,0.414,6.2514,0,0,0,0,0,0
5.11539,3.17514,-0.268847,-0.425621,-0.262949,1.01147,-1.42215,-0.74466,10.9808,4.57501,-1.56492,0.32292,6.03612,0,0,0,0,0,0
5.12031,3.18433,-0.198797,-0.443777,-0.285988,1.04442,-1.40359,-0.74466,10.9808,4.57501,-1.56492,0.32292,6.03612,0,0,0,0,0,0
5.12539,3.17027,-0.2051,-0.489552,-0.280545,1.08043,-1.40382,-0.02364,13.4354,5.36294,-2.5668,-0.27324,6.88068,0,0,0,0,0,0
5.13031,3.14488,-0.246244,-0.506103,-0.281983,1.10821,-1.4081,-0.06304,12.935,3.59271,-1.47384,0.58788,6.28452,0,0,0,0,0,0
5.13531,3.12858,-0.268757,-0.481011,-0.310194,1.11536,-1.40087,-0.06304,12.935,3.59271,-1.47384,0.58788,6.28452,0,0,0,0,0,0
5.14032,3.10757,-0.312793,-0.465417,-0.354145,1.11943,-1.4114,0.00394,13.3921,3.61779,-0.71208,0.40572,7.00488,0,0,0,0,0,0
5.14534,3.09016,-0.344922,-0.438182,-0.408052,1.13471,-1.43236,0.00394,13.3921,3.61779,-0.71208,0.40572,7.00488,0,0,0,0,0,0
5.15028,3.07843,-0.380025,-0.441961,-0.371299,1.13289,-1.48406,-0.58706,13.1714,4.76938,-4.5126,0.93564,8.54496,0,0,0,0,0,0
5.15528,3.08643,-0.403056,-0.466978,-0.266714,1.12709,-1.56792,-0.58706,13.1714,4.76938,-4.5126,0.93564,8.54496,0,0,0,0,0,0
5.16034,3.09044,-0.43036,-0.492631,-0.219117,1.11291,-1.57217,-0.66586,12.6868,4.44961,-2.4012,1.13436,5.05908,0,0,0,0,0,0
5.16541,3.09454,-0.42164,-0.494556,-0.244166,1.10122,-1.5364,-0.46886,12.3598,4.23225,-1.35792,1.02672,6.9138,0,0,0,0,0,0
5.17032,3.09047,-0.460896,-0.514215,-0.275645,1.0814,-1.51916,-0.31126,14.4007,4.89687,-2.24388,1.4076,5.95332,0,0,0,0,0,0
5.17539,3.08419,-0.504555,-0.52016,-0.29161,1.06449,-1.45873,-0.24428,12.7341,3.74319,-1.91268,0.8694,4.68648,0,0,0,0,0,0
5.18032,3.07847,-0.492025,-0.490502,-0.305425,1.06563,-1.38074,-0.24428,12.7341,3.74319,-1.91268,0.8694,4.68648,0,0,0,0,0,0
5.18538,3.06457,-0.487963,-0.476809,-0.324516,1.05755,-1.32812,-0.14972,12.8089,4.23225,-1.33308,1.06812,5.47308,0,0,0,0,0,0
5.19023,3.05984,-0.477072,-0.471475,-0.35535,1.0461,-1.29494,-0.14972,12.8089,4.23225,-1.33308,1.06812,5.47308,0,0,0,0,0,0
5.19529,3.04443,-0.477075,-0.477146,-0.384318,1.0227,-1.2942,0.2364,12.6592,4.3054,-1.23372,1.25856,6.8724,0,0,0,0,0,0
5.20029,3.03118,-0.497201,-0.485994,-0.402801,0.999382,-1.30941,-0.01576,13.3605,4.10267,-1.77192,1.23372,6.27624,0,0,0,0,0,0
5.20535,3.02593,-0.517735,-0.503285,-0.384961,0.9558,-1.28735,0,12.3125,4.41617,-2.86488,1.91268,5.10048,0,0,0,0,0,0
5.21036,3.02349,-0.50253,-0.517855,-0.345636,0.904284,-1.24105,0,12.3125,4.41617,-2.86488,1.91268,5.10048,0,0,0,0,0,0
5.21535,3.03409,-0.510891,-0.530426,-0.340088,0.88309,-1.22362,-0.94166,12.8917,4.15283,-1.39932,0.414,6.30108,0,0,0,0,0,0
5.22027,3.07038,-0.512935,-0.519462,-0.327702,0.906809,-1.23447,-0.69738,12.5686,3.66168,-3.1878,0.02484,6.624,0,0,0,0,0,0
5.2253,3.09973,-0.509593,-0.498646,-0.278128,0.938891,-1.25359,-0.69738,12.5686,3.66168,-3.1878,0.02484,6.624,0,0,0,0,0,0
5.23024,3.09047,-0.521717,-0.499716,-0.213517,0.975288,-1.26002,0.65798,12.5213,4.19045,-3.98268,-0.48852,6.03612,0,0,0,0,0,0
5.23537,3.06439,-0.523833,-0.512602,-0.152432,1.00392,-1.23114,0.32308,12.3637,4.23852,-3.26232,0.2898,5.1336,0,0,0,0,0,0
5.24039,3.05005,-0.520183,-0.52487,-0.109195,1.01837,-1.19018,0.32308,12.3637,4.23852,-3.26232,0.2898,5.1336,0,0,0,0,0,0
5.24538,3.05102,-0.531523,-0.544862,-0.093364,1.03276,-1.20277,-0.55948,12.411,4.23434,-2.01204,0.00828,7.31952,0,0,0,0,0,0
5.25038,3.05635,-0.539119,-0.548769,-0.0949988,1.07999,-1.20768,0.42946,12.5056,3.65959,-2.55852,-1.16748,5.0094,0,0,0,0,0,0
5.25536,3.04313,-0.542313,-0.535349,-0.0823042,1.15239,-1.16174,0.42946,12.5056,3.65959,-2.55852,-1.16748,5.0094,0,0,0,0,0,0
5.26031,3.04267,-0.590092,-0.528049,-0.0937131,1.17177,-1.15178,-0.2561,14.2667,3.77663,-1.4076,0.91908,6.54948,0,0,0,0,0,0
5.26538,3.04216,-0.626279,-0.522566,-0.115144,1.17826,-1.14119,0.60676,12.3086,3.80798,-1.863,-0.79488,5.4234,0,0,0,0,0,0
5.27038,3.0282,-0.608604,-0.512731,-0.128864,1.22528,-1.10973,0.60676,12.3086,3.80798,-1.863,-0.79488,5.4234,0,0,0,0,0,0
5.27533,3.01797,-0.61982,-0.491414,-0.141178,1.24394,-1.08492,0.3349,13.3014,3.09738,-1.95408,0.23184,5.56416,0,0,0,0,0,0
5.28038,3.02393,-0.647739,-0.46395,-0.135826,1.23718,-1.08401,-0.16154,12.7498,3.22696,-2.39292,0.14904,6.69024,0,0,0,0,0,0
5.2853,3.04566,-0.662959,-0.442709,-0.127884,1.2369,-1.11086,-0.16154,12.7498,3.22696,-2.39292,0.14904,6.69024,0,0,0,0,0,0
5.29033,3.0664,-0.682911,-0.426538,-0.123356,1.23657,-1.13828,-0.16154,12.7498,3.22696,-2.39292,0.14904,6.69024,0,0,0,0,0,0
5.29538,3.08165,-0.704968,-0.410965,-0.141155,1.24288,-1.15653,-0.20488,12.2692,2.83404,-1.449,-0.38088,6.27624,0,0,0,0,0,0
5.30038,3.10521,-0.691447,-0.40916,-0.159554,1.26479,-1.16658,-0.30338,12.084,4.31585,-2.33496,-0.54648,6.44184,0,0,0,0,0,0
5.30524,3.13252,-0.675336,-0.43986,-0.156618,1.28814,-1.17872,-0.30338,12.084,4.31585,-2.33496,-0.54648,6.44184,0,0,0,0,0,0
5.31027,3.14285,-0.69524,-0.457134,-0.140773,1.29743,-1.19007,0.26792,13.0808,3.41924,-2.84004,-0.29808,6.4584,0,0,0,0,0,0
5.31534,3.13268,-0.713937,-0.433682,-0.134438,1.31429,-1.19585,0.6501,13.0769,3.21024,-1.7802,-0.61272,6.24312,0,0,0,0,0,0
5.32032,3.12302,-0.733799,-0.414704,-0.132864,1.32343,-1.1675,0.28368,12.9862,3.40043,-2.47572,-0.01656,4.94316,0,0,0,0,0,0
5.32531,3.12265,-0.723076,-0.400176,-0.118141,1.33701,-1.16167,0.29944,12.1155,3.62197,-2.3184,-0.86112,6.83928,0,0,0,0,0,0
5.33029,3.11405,-0.715396,-0.375548,-0.10816,1.37504,-1.20068,0.77224,12.9902,2.8633,-2.26044,-1.13436,7.245,0,0,0,0,0,0
5.33529,3.09401,-0.724447,-0.369877,-0.118143,1.39362,-1.22595,0.70526,12.348,4.07132,-1.50696,-0.15732,6.2928,0,0,0,0,0,0
5.34046,3.08158,-0.709145,-0.386079,-0.150958,1.39244,-1.22121,0.70526,12.348,4.07132,-1.50696,-0.15732,6.2928,0,0,0,0,0,0
5.34544,3.06462,-0.709175,-0.393912,-0.183672,1.3737,-1.19501,0.73678,12.7183,3.53001,-1.62288,0.414,5.48964,0,0,0,0,0,0
5.35033,3.05125,-0.713614,-0.386512,-0.214099,1.35048,-1.15528,0.73678,12.7183,3.53001,-1.62288,0.414,5.48964,0,0,0,0,0,0
5.35545,3.04129,-0.706903,-0.391078,-0.235129,1.35815,-1.14104,0.4334,11.6979,3.75573,-1.96236,-1.13436,6.49152,0,0,0,0,0,0
5.36031,3.04172,-0.6859,-0.379501,-0.236855,1.36873,-1.12729,0.59494,12.4819,3.09529,-1.99548,0.25668,5.72148,0,0,0,0,0,0
5.3653,3.04117,-0.683029,-0.353109,-0.237789,1.34585,-1.09924,0.59494,12.4819,3.09529,-1.99548,0.25668,5.72148,0,0,0,0,0,0
5.37027,3.03051,-0.693863,-0.341615,-0.235181,1.31674,-1.11311,0.83528,12.5765,3.4276,-2.16936,0.23184,7.48512,0,0,0,0,0,0
5.37517,3.01786,-0.684713,-0.348493,-0.238749,1.32987,-1.13318,0.91408,11.3866,3.63242,-1.91268,-1.4904,5.86224,0,0,0,0,0,0
5.38014,3.00916,-0.637843,-0.353558,-0.247007,1.38003,-1.12374,0.91408,11.3866,3.63242,-1.91268,-1.4904,5.86224,0,0,0,0,0,0
5.38516,2.98631,-0.613621,-0.37585,-0.257709,1.37637,-1.111,1.46568,12.1904,4.31585,-1.75536,0.59616,5.49792,0,0,0,0,0,0
5.39018,2.95864,-0.604044,-0.410881,-0.277092,1.32992,-1.08666,1.46568,12.1904,4.31585,-1.75536,0.59616,5.49792,0,0,0,0,0,0
5.3952,2.93609,-0.59583,-0.406976,-0.286599,1.30018,-1.05271,1.15836,11.7254,2.28855,-2.277,-0.31464,5.1336,0,0,0,0,0,0
5.40018,2.92429,-0.573589,-0.384431,-0.286073,1.28459,-0.993573,1.1229,11.3827,3.41506,-2.06172,0.28152,4.28076,0,0,0,0,0,0
5.40517,2.91849,-0.534125,-0.381906,-0.28903,1.25944,-0.926143,1.1229,11.3827,3.41506,-2.06172,0.28152,4.28076,0,0,0,0,0,0
5.41019,2.91382,-0.504199,-0.374242,-0.262987,1.22591,-0.890585,1.12684,11.5875,3.06394,-3.32856,0.54648,5.39028,0,0,0,0,0,0
5.41518,2.91643,-0.494826,-0.369504,-0.20922,1.19151,-0.880822,1.12684,11.5875,3.06394,-3.32856,0.54648,5.39028,0,0,0,0,0,0
5.42024,2.92617,-0.489201,-0.340164,-0.161711,1.16413,-0.891784,0.97712,11.0281,1.47136,-3.105,0.14904,6.32592,0,0,0,0,0,0
5.42516,2.94771,-0.468515,-0.318112,-0.105029,1.17478,-0.93597,1.00076,11.0832,3.42133,-3.73428,-1.1178,7.10424,0,0,0,0,0,0
5.43031,2.97502,-0.449227,-0.338973,-0.0471317,1.21536,-0.993746,1.00076,11.0832,3.42133,-3.73428,-1.1178,7.10424,0,0,0,0,0,0
5.43521,3.00138,-0.415731,-0.335965,-0.0288152,1.23687,-1.01768,1.11502,10.1455,2.25093,-2.3184,-0.46368,5.7546,0,0,0,0,0,0
5.4402,3.0319,-0.383354,-0.318913,-0.0535035,1.24306,-0.995715,1.21746,11.2014,2.86121,-0.94392,-0.5796,4.82724,0,0,0,0,0,0
5.4453,3.0629,-0.403599,-0.311775,-0.118419,1.24723,-0.89296,1.36718,11.9579,2.35752,-0.76176,-0.35604,1.60632,0,0,0,0,0,0
5.45016,3.06106,-0.438054,-0.313942,-0.141993,1.27236,-0.864279,2.95106,12.0328,3.32519,-2.26044,-1.54008,7.30296,0,0,0,0,0,0
5.45519,3.00373,-0.468118,-0.311832,-0.1499,1.2965,-1.0097,4.46796,12.4859,2.54562,-1.15092,-0.56304,9.6462,0,0,0,0,0,0
5.46022,2.92914,-0.499803,-0.286971,-0.186953,1.30333,-1.18759,4.46796,12.4859,2.54562,-1.15092,-0.56304,9.6462,0,0,0,0,0,0
5.46518,2.82104,-0.534887,-0.291967,-0.22229,1.31344,-1.27829,6.82014,12.5489,3.78499,-1.31652,-0.81144,6.40872,0,0,0,0,0,0
5.47027,2.69156,-0.549498,-0.294059,-0.252212,1.32373,-1.28758,7.07624,12.3834,2.95317,-1.31652,-0.5796,6.3342,0,0,0,0,0,0
5.47522,2.58399,-0.573573,-0.297023,-0.28934,1.35179,-1.28403,7.72634,12.6829,3.50284,-1.0764,-1.8216,6.0858,0,0,0,0,0,0
5.48027,2.5044,-0.58893,-0.301652,-0.337599,1.40225,-1.2682,7.83666,12.5056,3.26667,-0.61272,-1.7388,5.6718,0,0,0,0,0,0
5.4853,2.47461,-0.604377,-0.322731,-0.395241,1.46731,-1.25117,7.0723,12.5765,4.0964,-0.81144,-2.68272,6.06096,0,0,0,0,0,0
5.49025,2.47652,-0.63516,-0.334664,-0.420836,1.52275,-1.23631,7.39932,13.0611,2.75462,-1.863,-1.5318,5.86224,0,0,0,0,0,0
5.49527,2.49569,-0.644539,-0.316479,-0.442288,1.55473,-1.21889,6.88712,11.8082,2.87166,-0.77832,-1.7802,6.1272,0,0,0,0,0,0
5.50023,2.52385,-0.621563,-0.291134,-0.470097,1.56759,-1.19492,7.17474,11.883,2.6125,-1.44072,-0.81972,5.45652,0,0,0,0,0,0
5.50518,2.53267,-0.630272,-0.276551,-0.472616,1.56162,-1.19028,7.7027,12.8247,3.01587,-2.07828,-1.02672,6.75648,0,0,0,0,0,0
5.51019,2.53994,-0.627822,-0.259996,-0.469248,1.56438,-1.22156,7.2496,11.5639,2.5498,-1.92096,-1.23372,7.1622,0,0,0,0,0,0
5.51521,2.5636,-0.618151,-0.235261,-0.478989,1.58247,-1.20891,7.00926,12.675,2.70655,-1.35792,-1.71396,4.79412,0,0,0,0,0,0
5.52025,2.57465,-0.619382,-0.216943,-0.504378,1.59823,-1.19323,7.73028,11.8358,2.70237,-1.035,-1.17576,6.78132,0,0,0,0,0,0
5.52521,2.60036,-0.617273,-0.215992,-0.501379,1.60449,-1.17933,6.45766,12.4031,3.30011,-2.38464,-1.39104,4.82724,0,0,0,0,0,0
5.53021,2.65197,-0.64035,-0.223755,-0.47439,1.59815,-1.12525,6.58768,12.9468,3.08484,-1.9458,-0.64584,4.61196,0,0,0,0,0,0
5.53531,2.6844,-0.641492,-0.224099,-0.483561,1.57818,-1.10842,7.08412,11.1069,2.84449,-0.81972,-0.828,6.21,0,0,0,0,0,0
5.54022,2.71198,-0.638901,-0.227548,-0.493551,1.58152,-1.12435,6.76892,12.9784,3.31892,-1.84644,-1.54836,6.06924,0,0,0,0,0,0
5.54521,2.73724,-0.70089,-0.245471,-0.489134,1.58829,-1.16089,7.0723,13.5772,3.22069,-1.51524,-1.04328,7.29468,0,0,0,0,0,0
5.55016,2.73472,-0.712927,-0.256786,-0.486256,1.63222,-1.19899,7.85636,11.4339,3.39625,-1.46556,-3.1878,6.63228,0,0,0,0,0,0
5.5552,2.71322,-0.675053,-0.269812,-0.486768,1.72461,-1.22195,7.85636,11.4339,3.39625,-1.46556,-3.1878,6.63228,0,0,0,0,0,0
5.56016,2.68158,-0.673933,-0.277422,-0.481626,1.79407,-1.22249,8.1164,12.742,3.00542,-1.863,-2.40948,5.6304,0,0,0,0,0,0
5.56523,2.65484,-0.704318,-0.278952,-0.469864,1.84361,-1.20215,8.1164,12.742,3.00542,-1.863,-2.40948,5.6304,0,0,0,0,0,0
5.57031,2.63238,-0.736477,-0.290173,-0.458816,1.88046,-1.18516,8.0376,12.5528,3.21651,-1.95408,-2.05344,5.7132,0,0,0,0,0,0
5.57522,2.6109,-0.77092,-0.292368,-0.458884,1.8924,-1.16369,8.03366,13.0178,2.72327,-1.68912,-1.39104,5.43168,0,0,0,0,0,0
5.58024,2.6168,-0.794883,-0.270624,-0.463919,1.8807,-1.15045,7.15898,12.0643,2.0273,-1.88784,-1.2006,6.09408,0,0,0,0,0,0
5.58521,2.6254,-0.781202,-0.247347,-0.442151,1.8651,-1.15407,7.71846,11.3945,2.63549,-2.88972,-1.18404,6.39216,0,0,0,0,0,0
5.59022,2.60706,-0.781025,-0.258133,-0.431655,1.8514,-1.1629,8.37644,12.4189,3.33355,-1.5732,-1.31652,6.50808,0,0,0,0,0,0
5.59529,2.58493,-0.784374,-0.263887,-0.463723,1.85345,-1.17723,7.87212,11.8003,2.53726,-0.76176,-1.81332,6.32592,0,0,0,0,0,0
5.60024,2.57117,-0.790472,-0.229457,-0.478659,1.86556,-1.16756,8.03366,13.0414,1.88727,-1.84644,-1.75536,5.69664,0,0,0,0,0,0
5.60523,2.58702,-0.811266,-0.206617,-0.476222,1.87332,-1.13041,6.895,12.2061,2.81314,-1.39104,-1.72224,4.6368,0,0,0,0,0,0
5.61023,2.59871,-0.809777,-0.228134,-0.46809,1.89833,-1.13151,8.02972,11.5521,3.44432,-2.30184,-2.50056,7.1208,0,0,0,0,0,0
5.61522,2.57371,-0.819098,-0.235061,-0.481046,1.92058,-1.14023,8.50646,12.6435,2.12553,-0.62928,-1.66428,4.968,0,0,0,0,0,0
5.62032,2.53156,-0.840712,-0.229989,-0.514892,1.92344,-1.13274,8.75862,12.3164,3.03886,-1.22544,-1.68912,6.42528,0,0,0,0,0,0
5.6252,2.48095,-0.826361,-0.224217,-0.525835,1.93061,-1.15128,9.05806,11.4221,2.23839,-1.55664,-1.91268,6.76476,0,0,0,0,0,0
5.63019,2.4523,-0.799828,-0.201684,-0.527412,1.93414,-1.15394,8.03366,12.1352,2.56025,-1.50696,-1.60632,5.63868,0,0,0,0,0,0
5.63524,2.45087,-0.766714,-0.197546,-0.556251,1.94241,-1.14456,8.01002,10.6459,2.70864,-0.54648,-2.1942,6.20172,0,0,0,0,0,0
5.64021,2.4423,-0.710571,-0.185917,-0.580547,1.96676,-1.15647,8.56556,11.2881,2.38887,-1.34136,-2.43432,6.72336,0,0,0,0,0,0
5.64519,2.42138,-0.687976,-0.158401,-0.582497,1.99529,-1.16448,8.44736,11.9737,1.98132,-1.7388,-2.38464,6.17688,0,0,0,0,0,0
5.65043,2.40429,-0.676537,-0.120518,-0.570521,2.02318,-1.1604,8.44736,11.9737,1.98132,-1.7388,-2.38464,6.17688,0,0,0,0,0,0
5.65528,2.38483,-0.640267,-0.113273,-0.592197,2.04984,-1.14072,8.2543,10.4765,3.0723,-0.26496,-2.484,5.41512,0,0,0,0,0,0
5.66026,2.3846,-0.5621,-0.124605,-0.64594,2.07814,-1.10329,8.2543,10.4765,3.0723,-0.26496,-2.484,5.41512,0,0,0,0,0,0
5.66528,2.37931,-0.520363,-0.13268,-0.699229,2.11035,-1.07521,8.65618,11.9421,2.91555,-0.25668,-2.84004,5.81256,0,0,0,0,0,0
5.67026,2.36163,-0.501081,-0.134718,-0.734113,2.13952,-1.06363,8.77438,11.2172,2.69819,-1.0764,-2.41776,6.43356,0,0,0,0,0,0
5.67532,2.34484,-0.464662,-0.131854,-0.746662,2.15726,-1.07639,8.77438,11.2172,2.69819,-1.0764,-2.41776,6.43356,0,0,0,0,0,0
5.68034,2.338,-0.449897,-0.11337,-0.74697,2.16233,-1.07269,8.20308,11.8555,1.78486,-1.60632,-1.9872,5.43168,0,0,0,0,0,0
5.68541,2.32229,-0.426446,-0.0872839,-0.75302,2.16617,-1.1022,9.13292,11.1147,2.50173,-0.73692,-2.3598,7.87428,0,0,0,0,0,0
5.69023,2.28485,-0.397302,-0.0835838,-0.778599,2.17917,-1.17705,9.13292,11.1147,2.50173,-0.73692,-2.3598,7.87428,0,0,0,0,0,0
5.69518,2.26258,-0.392314,-0.0637661,-0.787647,2.18135,-1.21019,8.3922,11.7727,1.53615,-1.46556,-1.95408,6.31764,0,0,0,0,0,0
5.70021,2.26334,-0.386094,-0.0298581,-0.796546,2.16791,-1.16501,8.1755,11.1108,1.85383,-0.72864,-1.68912,4.32216,0,0,0,0,0,0
5.70528,2.27611,-0.357166,-0.0195143,-0.804667,2.14804,-1.14541,8.26612,10.8902,2.50382,-1.3662,-1.7802,7.38576,0,0,0,0,0,0
5.71022,2.26046,-0.319545,-0.00979991,-0.798722,2.12634,-1.1377,9.15656,10.4489,1.74097,-1.35792,-1.55664,4.62852,0,0,0,0,0,0
5.71523,2.22064,-0.279227,0.00707702,-0.787757,2.09242,-1.09913,9.36144,10.6065,2.09,-1.58148,-1.16748,5.69664,0,0,0,0,0,0
5.72027,2.19222,-0.274148,0.0149117,-0.776158,2.06395,-1.10762,8.9438,11.9146,2.05865,-1.47384,-1.82988,6.79788,0,0,0,0,0,0
5.7253,2.16937,-0.279451,0.0136651,-0.784089,2.0436,-1.09529,9.29052,10.7917,2.29691,-0.87768,-1.54836,4.53744,0,0,0,0,0,0
5.73025,2.14656,-0.292243,-3.2974e-05,-0.809647,2.0237,-1.0827,8.69952,12.1155,2.51636,-0.72036,-1.7388,6.52464,0,0,0,0,0,0
5.73526,2.13366,-0.348633,-0.00728141,-0.833007,2.00865,-1.11136,8.93198,12.6238,1.94161,-0.9108,-1.77192,6.44184,0,0,0,0,0,0
5.74025,2.12208,-0.374972,-0.0117737,-0.864406,1.99551,-1.12483,8.90834,11.1108,2.508,-0.3312,-1.89612,6.01128,0,0,0,0,0,0
5.74533,2.12253,-0.38063,-0.00571152,-0.894553,1.98041,-1.10788,8.42766,12.1037,1.69499,-0.75348,-1.70568,5.3406,0,0,0,0,0,0
5.75031,2.10179,-0.385738,-0.0080566,-0.906789,1.96819,-1.08071,9.80272,10.9808,2.79224,-1.10124,-2.00376,5.51448,0,0,0,0,0,0
5.75528,2.08351,-0.357783,-0.0180014,-0.910445,1.96667,-1.03427,8.5301,10.9453,2.20704,-0.97704,-2.26872,4.28076,0,0,0,0,0,0
5.76026,2.11217,-0.374114,-0.00761119,-0.912824,1.96974,-1.01279,7.9588,12.6671,1.72634,-1.16748,-2.33496,6.18516,0,0,0,0,0,0
5.76519,2.11083,-0.4078,0.0145402,-0.911262,1.96649,-1.03753,9.52298,11.56,1.61348,-1.15092,-2.01204,6.60744,0,0,0,0,0,0
5.77033,2.0757,-0.416084,0.0366001,-0.909033,1.95381,-1.07496,9.52298,11.56,1.61348,-1.15092,-2.01204,6.60744,0,0,0,0,0,0
5.77529,2.06433,-0.436705,0.0441149,-0.909449,1.94289,-1.11076,8.34492,11.9579,2.08582,-1.10952,-2.2356,6.5412,0,0,0,0,0,0
5.78021,2.05303,-0.455847,0.0418533,-0.910159,1.94186,-1.14327,9.50328,11.7885,2.16942,-1.05984,-2.65788,6.9138,0,0,0,0,0,0
5.78535,2.02754,-0.473765,0.0354813,-0.910936,1.94045,-1.17983,9.50328,11.7885,2.16942,-1.05984,-2.65788,6.9138,0,0,0,0,0,0
5.79042,2.01017,-0.488104,0.0322168,-0.915599,1.93609,-1.20114,9.26688,11.3275,1.83502,-0.96876,-3.07188,6.38388,0,0,0,0,0,0
5.79524,1.98716,-0.520379,0.036567,-0.929243,1.94277,-1.18482,9.4166,12.8247,1.96669,-0.63756,-3.49416,5.04252,0,0,0,0,0,0
5.80019,1.96457,-0.58865,0.0337163,-0.949571,1.9453,-1.14058,9.4166,12.8247,1.96669,-0.63756,-3.49416,5.04252,0,0,0,0,0,0
5.80519,1.94525,-0.639345,0.0247407,-0.981006,1.94922,-1.12658,9.24718,11.8436,2.01058,-0.15732,-4.28904,6.32592,0,0,0,0,0,0
5.81018,1.95899,-0.671632,0.0231636,-1.02309,1.95818,-1.11059,8.36068,12.4307,1.86428,0.02484,-4.44636,4.86036,0,0,0,0,0,0
5.81533,1.9916,-0.705911,0.0295054,-1.0652,1.95819,-1.06548,8.36068,12.4307,1.86428,0.02484,-4.44636,4.86036,0,0,0,0,0,0
5.82034,1.99203,-0.746467,0.0402731,-1.12793,1.96791,-1.06149,9.54662,12.8208,1.64483,1.04328,-5.37372,6.60744,0,0,0,0,0,0
5.82526,1.98584,-0.781974,0.0444757,-1.21888,2.00269,-1.08451,8.9438,12.3125,2.12135,1.58148,-6.15204,6.06096,0,0,0,0,0,0
5.8302,1.9893,-0.799126,0.0417824,-1.30914,2.04286,-1.09463,8.9438,12.3125,2.12135,1.58148,-6.15204,6.06096,0,0,0,0,0,0
5.83521,1.97928,-0.814436,0.0498582,-1.39472,2.08621,-1.08182,9.32204,12.1549,1.56123,2.17764,-6.93864,5.05908,0,0,0,0,0,0
5.84028,1.94987,-0.815259,0.0741606,-1.46979,2.14315,-1.03002,9.87758,11.8791,1.46509,2.43432,-7.39404,4.32216,0,0,0,0,0,0
5.84516,1.9042,-0.798372,0.105608,-1.51329,2.19969,-1.01149,9.91304,11.4615,1.2749,2.79864,-7.62588,6.18516,0,0,0,0,0,0
5.85022,1.85651,-0.800158,0.117445,-1.50982,2.24227,-1.03227,10.1613,12.2889,2.02521,2.71584,-7.66728,6.20172,0,0,0,0,0,0
5.85514,1.79318,-0.823596,0.105264,-1.4497,2.27541,-1.06257,10.7129,12.3952,2.28855,2.38464,-8.08956,6.57432,0,0,0,0,0,0
5.86016,1.73212,-0.852258,0.0833765,-1.35478,2.29568,-1.09248,10.7129,12.3952,2.28855,2.38464,-8.08956,6.57432,0,0,0,0,0,0
5.86524,1.6811,-0.862772,0.0800769,-1.2701,2.30746,-1.09838,10.5868,11.3196,1.23519,3.21264,-8.57808,5.77944,0,0,0,0,0,0
5.87044,1.66698,-0.86669,0.0742418,-1.21319,2.31591,-1.10298,9.41266,12.1628,2.35334,3.75912,-8.9424,6.4584,0,0,0,0,0,0
5.87518,1.69305,-0.8776,0.0486592,-1.165,2.31534,-1.13141,8.71134,11.7648,2.26765,3.56868,-9.00036,7.01316,0,0,0,0,0,0
5.88021,1.73502,-0.871205,0.031116,-1.11213,2.30083,-1.17752,8.71134,11.7648,2.26765,3.56868,-9.00036,7.01316,0,0,0,0,0,0
5.88522,1.74065,-0.854414,0.0242616,-1.07077,2.28156,-1.16487,10.1258,11.3196,1.85801,3.94128,-9.18252,4.23936,0,0,0,0,0,0
5.89025,1.71069,-0.830827,0.0253295,-1.03863,2.26265,-1.09086,10.1258,11.3196,1.85801,3.94128,-9.18252,4.23936,0,0,0,0,0,0
5.89521,1.66246,-0.805904,0.019304,-1.00128,2.25224,-1.05517,10.772,10.9059,1.9855,3.56868,-9.62136,5.88708,0,0,0,0,0,0
5.90025,1.64193,-0.788165,0.020785,-0.943632,2.25102,-1.01878,9.18414,11.6388,1.5466,3.08016,-9.69588,4.18968,0,0,0,0,0,0
5.90516,1.65698,-0.788429,0.0312834,-0.877693,2.25053,-0.949542,9.18414,11.6388,1.5466,3.08016,-9.69588,4.18968,0,0,0,0,0,0
5.91012,1.68572,-0.783583,0.0449804,-0.803397,2.25923,-0.927705,8.43948,11.1423,1.20593,2.50884,-10.1347,6.15204,0,0,0,0,0,0
5.91517,1.7301,-0.770582,0.0627943,-0.7205,2.27663,-0.94948,8.43948,11.1423,1.20593,2.50884,-10.1347,6.15204,0,0,0,0,0,0
5.9204,1.77905,-0.720073,0.0703616,-0.636081,2.28534,-0.950091,8.10064,9.18808,1.46509,2.21076,-9.78696,5.27436,0,0,0,0,0,0
5.92522,1.81196,-0.647286,0.0643154,-0.583359,2.29897,-0.913757,8.5695,10.0706,1.88309,3.52728,-10.201,4.347,0,0,0,0,0,0
5.93018,1.86439,-0.602856,0.0708079,-0.541822,2.31605,-0.875962,7.23778,10.0785,0.78793,2.51712,-9.98568,5.2164,0,0,0,0,0,0
5.93524,1.89483,-0.525795,0.0869017,-0.48139,2.33769,-0.875785,8.9438,8.65618,1.53197,2.47572,-10.3169,6.09408,0,0,0,0,0,0
5.94024,1.88113,-0.482433,0.0863776,-0.426134,2.37682,-0.913737,8.73892,10.8862,1.22056,2.33496,-10.6646,6.9966,0,0,0,0,0,0
5.94533,1.88754,-0.439923,0.103004,-0.366047,2.41541,-0.909309,7.93516,8.93986,0.93214,2.16936,-10.3417,4.0572,0,0,0,0,0,0
5.95024,1.92204,-0.393203,0.118979,-0.342748,2.45995,-0.911598,7.7224,10.1731,0.89452,3.63492,-11.0621,6.7896,0,0,0,0,0,0
5.95525,1.82912,-0.428908,0.122268,-0.356091,2.51037,-0.947047,13.2266,12.2967,1.31879,3.92472,-10.6729,5.6718,0,0,0,0,0,0
5.96021,1.68255,-0.480235,0.107748,-0.374585,2.54966,-1.00668,11.2802,11.2014,1.69917,4.36356,-11.1035,8.02332,0,0,0,0,0,0
5.96537,1.58906,-0.514134,0.0757959,-0.408056,2.628,-1.06422,11.7412,11.8042,2.10045,4.91832,-12.7346,5.66352,0,0,0,0,0,0
5.97027,1.51181,-0.537193,0.0532719,-0.451414,2.72952,-1.08285,11.0399,11.3984,1.70126,5.0508,-12.42,6.46668,0,0,0,0,0,0
5.97527,1.45462,-0.554754,0.053684,-0.492903,2.8199,-1.07761,11.2329,11.6112,1.0032,5.10048,-12.5525,4.87692,0,0,0,0,0,0
5.9803,1.40313,-0.598781,0.037741,-0.487093,2.90113,-1.09674,11.0793,12.4977,2.35334,3.30372,-12.2958,7.27812,0,0,0,0,0,0
5.98535,1.39243,-0.614853,0.00711674,-0.433044,2.9436,-1.09157,10.2716,10.5277,1.68245,2.71584,-11.2774,4.46292,0,0,0,0,0,0
5.99026,1.39471,-0.616376,-0.00556086,-0.421742,2.96561,-1.04426,10.3701,12.1825,1.79531,5.0508,-11.4761,5.36544,0,0,0,0,0,0
5.99531,1.41693,-0.616583,-0.00947625,-0.431197,2.9672,-1.05445,9.60178,10.7129,1.45255,4.0158,-10.5736,6.69024,0,0,0,0,0,0
6.00021,1.4593,-0.563391,0.00498789,-0.410226,2.95913,-1.07247,9.41266,10.4607,1.38567,3.82536,-11.0786,5.62212,0,0,0,0,0,0
6.00525,1.50068,-0.526416,0.00813034,-0.40399,2.95349,-1.08841,9.38508,11.0793,1.7765,4.6368,-10.6481,6.35076,0,0,0,0,0,0
6.01018,1.54535,-0.486964,0.00810958,-0.38091,2.94493,-1.09806,9.13686,10.1376,1.41284,2.9808,-10.9544,5.2992,0,0,0,0,0,0
6.01516,1.60336,-0.459863,0.0189378,-0.344278,2.94702,-1.0869,8.67588,11.3866,1.14114,3.71772,-11.0704,5.48964,0,0,0,0,0,0
6.0202,1.61795,-0.457462,0.0379691,-0.344894,2.97152,-1.07711,10.4804,11.0596,1.01156,4.57884,-11.7576,5.36544,0,0,0,0,0,0
6.02525,1.5969,-0.444492,0.0588153,-0.36574,3.00535,-1.05788,10.4804,11.0596,1.01156,4.57884,-11.7576,5.36544,0,0,0,0,0,0
6.03021,1.59047,-0.457148,0.0751328,-0.366848,3.06309,-1.03895,9.86576,11.9934,0.99275,3.6018,-12.9168,5.55588,0,0,0,0,0,0
6.0353,1.5939,-0.487691,0.0929782,-0.345399,3.14561,-1.02987,9.86576,11.9934,0.99275,3.6018,-12.9168,5.55588,0,0,0,0,0,0
6.0402,1.55715,-0.510154,0.104264,-0.344954,3.22117,-1.03649,11.4654,11.5087,1.19339,4.43808,-12.5939,6.14376,0,0,0,0,0,0
6.04523,1.47272,-0.535155,0.101681,-0.346177,3.2902,-1.06728,11.7885,11.7924,1.41284,3.6018,-12.5773,6.80616,0,0,0,0,0,0
6.05029,1.40768,-0.571489,0.101469,-0.321719,3.34039,-1.07525,11.0478,12.2298,1.12442,3.44448,-12.0391,5.12532,0,0,0,0,0,0
6.05526,1.38481,-0.590422,0.108883,-0.299369,3.3485,-1.09157,10.1534,10.9414,0.89243,3.61008,-10.9048,6.81444,0,0,0,0,0,0
6.06016,1.3968,-0.566525,0.119277,-0.286667,3.3208,-1.12433,9.90516,10.5474,1.05127,4.1814,-10.7309,6.1686,0,0,0,0,0,0
6.06519,1.40339,-0.581192,0.123102,-0.279079,3.31201,-1.12212,9.94456,12.474,1.14114,4.31388,-11.4595,5.3406,0,0,0,0,0,0
6.07012,1.39723,-0.585591,0.134329,-0.257488,3.3337,-1.08228,10.5316,10.4962,0.8778,3.519,-12.2047,4.82724,0,0,0,0,0,0
6.07517,1.41452,-0.588755,0.137677,-0.214147,3.34957,-1.02254,9.13686,12.0012,1.16831,2.94768,-11.3188,3.80052,0,0,0,0,0,0
6.08027,1.45197,-0.621317,0.135844,-0.184041,3.32314,-0.972816,9.49146,11.5087,0.89034,3.80052,-10.3914,5.03424,0,0,0,0,0,0
6.08522,1.47319,-0.616973,0.145952,-0.177204,3.27487,-0.956713,9.80272,10.6616,0.77121,3.96612,-10.292,5.175,0,0,0,0,0,0
6.09016,1.48484,-0.593292,0.15946,-0.171986,3.22514,-0.947404,9.80272,10.6616,0.77121,3.96612,-10.292,5.175,0,0,0,0,0,0
6.09519,1.50778,-0.591731,0.164462,-0.170526,3.19211,-0.970256,9.21566,11.426,1.03037,4.14,-10.9048,6.56604,0,0,0,0,0,0
6.10018,1.52266,-0.595349,0.170018,-0.147476,3.16581,-0.984814,9.99972,11.2132,0.93423,3.44448,-10.4908,4.94316,0,0,0,0,0,0
6.10529,1.51376,-0.582249,0.179829,-0.131191,3.1498,-0.98904,10.0864,10.6025,0.77121,3.95784,-11.1283,6.09408,0,0,0,0,0,0
6.11018,1.50583,-0.586566,0.183383,-0.11625,3.15078,-1.00685,9.71998,11.6545,0.97185,3.32028,-11.0869,5.382,0,0,0,0,0,0
6.11531,1.4558,-0.627688,0.177783,-0.119797,3.20269,-1.01298,11.5087,11.8358,0.91124,4.45464,-13.2811,5.6304,0,0,0,0,0,0
6.12034,1.39042,-0.680883,0.178797,-0.144818,3.28097,-1.0076,10.9887,12.1273,0.5643,4.57884,-12.4614,4.99284,0,0,0,0,0,0
6.1252,1.35124,-0.716398,0.185681,-0.150545,3.346,-0.993013,10.4765,11.2014,0.66253,3.70116,-12.7512,5.48136,0,0,0,0,0,0
6.1303,1.32637,-0.738718,0.188412,-0.16001,3.37259,-0.986408,10.4174,11.6782,0.75031,4.89348,-11.0124,5.51448,0,0,0,0,0,0
6.13664,1.34467,-0.759608,0.171462,-0.200515,3.3619,-0.998234,9.61754,11.1147,1.27699,5.29092,-11.7742,6.3756,0,0,0,0,0,0
6.14024,1.32269,-0.753583,0.151082,-0.233366,3.36782,-0.985508,11.099,10.9177,1.35014,4.40496,-11.2939,4.21452,0,0,0,0,0,0
6.14523,1.29385,-0.754196,0.135134,-0.253866,3.33171,-0.990899,10.311,11.3511,1.00738,5.0094,-10.0602,6.94692,0,0,0,0,0,0
6.15025,1.24752,-0.759138,0.121225,-0.300894,3.28675,-1.08189,12.1588,11.3433,1.33969,5.61384,-10.8468,7.98192,0,0,0,0,0,0
6.15529,1.23255,-0.769055,0.105379,-0.322326,3.27136,-1.17131,9.76726,11.8121,1.18503,4.19796,-11.6251,7.52652,0,0,0,0,0,0
6.16021,1.23665,-0.770636,0.0959234,-0.339029,3.30177,-1.18117,11.5048,11.2605,1.22474,5.68008,-12.7512,4.52088,0,0,0,0,0,0
6.16518,1.23495,-0.77862,0.0860085,-0.364956,3.3476,-1.15431,10.2243,11.69,0.95095,4.54572,-12.5939,5.85396,0,0,0,0,0,0
6.17019,1.24713,-0.74414,0.0818406,-0.380761,3.34877,-1.12041,10.4252,9.52298,1.09307,5.41512,-10.7806,4.14,0,0,0,0,0,0
6.17525,1.21902,-0.716719,0.0734125,-0.374201,3.3245,-1.09922,11.8594,11.7688,1.07426,3.6846,-11.4098,6.28452,0,0,0,0,0,0
6.18027,1.17044,-0.721934,0.0668552,-0.353136,3.32947,-1.07931,11.3511,10.9571,1.00111,4.61196,-12.0308,4.09032,0,0,0,0,0,0
6.18534,1.14874,-0.721298,0.0680053,-0.339223,3.32891,-1.02506,10.3701,11.5639,0.75867,4.03236,-11.0621,4.87692,0,0,0,0,0,0
6.19018,1.15563,-0.734083,0.0759962,-0.31734,3.31974,-0.981561,10.3898,11.4654,0.65208,4.17312,-11.6914,3.9744,0,0,0,0,0,0
6.19519,1.17366,-0.722983,0.096935,-0.303378,3.3233,-0.968722,10.1258,10.5907,0.10032,4.347,-11.592,6.10236,0,0,0,0,0,0
6.20021,1.19003,-0.718243,0.120175,-0.278196,3.30423,-0.998411,10.4331,11.2605,0.2299,3.51072,-10.6978,5.86224,0,0,0,0,0,0
6.20519,1.21217,-0.707557,0.141054,-0.252955,3.28245,-1.02395,9.79484,10.2992,0.1254,4.21452,-11.5423,6.11892,0,0,0,0,0,0
6.21031,1.25034,-0.682537,0.167623,-0.220629,3.27697,-1.02877,9.4363,10.6262,-0.02299,3.54384,-11.4512,4.90176,0,0,0,0,0,0
6.2152,1.28285,-0.655196,0.180199,-0.200334,3.24671,-1.01652,9.70028,9.73968,0.44935,4.43808,-10.3748,5.34888,0,0,0,0,0,0
6.22019,1.2966,-0.633009,0.181861,-0.181216,3.2152,-1.0054,10.1416,10.8232,0.40546,3.55212,-11.3188,4.89348,0,0,0,0,0,0
6.2252,1.28558,-0.615216,0.185847,-0.177457,3.2534,-0.986397,10.5947,9.85,0.32604,4.97628,-13.3805,5.15016,0,0,0,0,0,0
6.23017,1.28035,-0.606812,0.184815,-0.198206,3.32282,-0.969788,10.3267,11.1975,0.48488,4.44636,-12.9416,4.81068,0,0,0,0,0,0
6.23516,1.25709,-0.666197,0.173418,-0.211754,3.37235,-0.950069,10.8862,12.4425,0.60819,4.79412,-12.2958,4.9266,0,0,0,0,0,0
6.24024,1.21607,-0.704528,0.158218,-0.231666,3.41912,-0.930061,10.7759,10.2598,0.60401,4.57056,-12.9251,4.38012,0,0,0,0,0,0
6.24518,1.17905,-0.680231,0.150113,-0.243943,3.47472,-0.900383,10.7759,10.2598,0.60401,4.57056,-12.9251,4.38012,0,0,0,0,0,0
6.25013,1.18021,-0.666217,0.138466,-0.254226,3.4948,-0.89627,9.32204,10.6301,0.70642,4.50432,-11.3436,5.49792,0,0,0,0,0,0
6.25533,1.20799,-0.652279,0.130524,-0.257434,3.47817,-0.912655,9.32204,10.6301,0.70642,4.50432,-11.3436,5.49792,0,0,0,0,0,0
6.26023,1.20011,-0.632811,0.123722,-0.286625,3.5084,-0.90585,10.8705,10.2598,0.64372,5.7132,-13.2894,4.68648,0,0,0,0,0,0
6.26533,1.17603,-0.626838,0.115247,-0.306952,3.53667,-0.936313,10.5277,11.0675,0.63954,4.18968,-11.5589,7.10424,0,0,0,0,0,0
6.27024,1.16449,-0.62561,0.103678,-0.289939,3.52933,-0.962567,10.441,10.0667,0.53504,3.82536,-11.7659,4.62852,0,0,0,0,0,0
6.27522,1.18247,-0.605269,0.100239,-0.291105,3.51531,-0.956003,9.2393,10.441,0.418,4.95144,-11.4347,5.47308,0,0,0,0,0,0
6.28028,1.18349,-0.619914,0.0929489,-0.311779,3.45346,-0.926513,11.1226,11.1699,0.41173,4.71132,-9.729,3.726,0,0,0,0,0,0
6.28529,1.1491,-0.66119,0.0869253,-0.302459,3.42852,-0.928867,10.8429,11.5403,0.33858,3.86676,-12.7926,6.98004,0,0,0,0,0,0
6.29036,1.12273,-0.716631,0.076861,-0.282578,3.46061,-0.936074,10.7168,11.6663,0.42427,3.96612,-12.1964,3.85848,0,0,0,0,0,0
6.29523,1.06448,-0.747815,0.0763513,-0.285791,3.48336,-0.911873,11.7885,10.8941,0.1463,4.81896,-12.2627,5.52276,0,0,0,0,0,0
6.30022,1.0102,-0.793124,0.0802252,-0.296224,3.52131,-0.877293,11.0872,12.2376,0.11077,4.52088,-13.2563,3.54384,0,0,0,0,0,0
6.3053,0.999191,-0.80964,0.0837523,-0.310751,3.5404,-0.852151,10.1022,9.94456,0.19855,5.15016,-11.4264,5.81256,0,0,0,0,0,0
6.31026,1.01428,-0.812172,0.0883138,-0.347716,3.50412,-0.858095,10.3937,11.95,0.10868,5.94504,-10.9379,4.90176,0,0,0,0,0,0
6.31524,1.00627,-0.839506,0.089156,-0.390558,3.48192,-0.861144,11.0596,10.6656,0.03762,5.48136,-11.9563,5.74632,0,0,0,0,0,0
6.32017,1.0094,-0.842408,0.0985612,-0.404775,3.45695,-0.898164,9.9682,11.3314,-0.1672,4.75272,-10.8965,6.34248,0,0,0,0,0,0
6.32523,1.04705,-0.878552,0.1068,-0.415324,3.42301,-0.923077,9.53874,11.82,-0.35321,5.48136,-11.4181,5.2992,0,0,0,0,0,0
6.33029,1.07775,-0.913775,0.123274,-0.433066,3.37094,-0.923793,9.97214,11.4102,-0.80047,5.24124,-9.99396,5.26608,0,0,0,0,0,0
6.33523,1.08276,-0.944533,0.137493,-0.444826,3.32678,-0.946485,10.4804,11.69,-0.74822,5.29092,-11.6914,6.0444,0,0,0,0,0,0
6.34018,1.07431,-0.984506,0.146147,-0.463059,3.35795,-0.967002,10.0431,11.9382,-1.08471,5.43168,-13.0658,5.16672,0,0,0,0,0,0
6.34519,1.05114,-1.00664,0.150082,-0.452081,3.40691,-0.945362,11.426,10.8232,-1.45882,3.94956,-12.478,4.3884,0,0,0,0,0,0
6.35014,1.01038,-1.01459,0.148536,-0.443534,3.42533,-0.919457,10.374,11.3669,-1.56541,5.19156,-11.8652,4.68648,0,0,0,0,0,0
6.35518,1.0022,-1.02845,0.134933,-0.428204,3.4404,-0.914703,10.4725,11.1817,-1.7765,4.02408,-12.4531,5.44824,0,0,0,0,0,0
6.36017,1.01393,-1.05383,0.110949,-0.415937,3.41981,-0.891361,9.66876,11.9343,-1.91235,5.1336,-10.5073,3.66804,0,0,0,0,0,0
6.36521,1.03825,-1.0982,0.0746641,-0.435642,3.35719,-0.836464,9.66876,11.9343,-1.91235,5.1336,-10.5073,3.66804,0,0,0,0,0,0
6.37026,1.05596,-1.12367,0.0174931,-0.47405,3.33926,-0.830228,10.11,10.4922,-1.7347,5.78772,-12.1716,5.66352,0,0,0,0,0,0
6.37517,1.07374,-1.11957,-0.0498397,-0.461161,3.34494,-0.84342,9.44812,11.0635,-1.45464,3.41964,-11.6996,4.554,0,0,0,0,0,0
6.38016,1.10978,-1.12655,-0.125421,-0.40661,3.33493,-0.83081,9.44812,11.0635,-1.45464,3.41964,-11.6996,4.554,0,0,0,0,0,0
6.38521,1.11559,-1.1375,-0.2171,-0.396236,3.32781,-0.796196,11.1541,10.7759,-1.01156,5.0094,-11.7245,3.61836,0,0,0,0,0,0
6.39019,1.06235,-1.13135,-0.308022,-0.418582,3.32695,-0.744741,11.1541,10.7759,-1.01156,5.0094,-11.7245,3.61836,0,0,0,0,0,0
6.39521,1.02086,-1.11032,-0.38848,-0.407926,3.3582,-0.745465,10.4883,9.85394,-1.4421,3.62664,-12.8423,5.8788,0,0,0,0,0,0
6.40021,0.979076,-1.07781,-0.457358,-0.392228,3.37789,-0.769168,10.898,10.1613,-1.38358,4.10688,-11.2856,4.761,0,0,0,0,0,0
6.40511,0.910829,-1.05037,-0.519766,-0.385365,3.36868,-0.762524,10.898,10.1613,-1.38358,4.10688,-11.2856,4.761,0,0,0,0,0,0
6.41016,0.901516,-1.03147,-0.574304,-0.390802,3.33356,-0.77974,8.19914,9.97608,-1.88309,4.72788,-9.70416,6.003,0,0,0,0,0,0
6.41514,0.948918,-1.00462,-0.612639,-0.415581,3.25757,-0.828121,8.19914,9.97608,-1.88309,4.72788,-9.70416,6.003,0,0,0,0,0,0
6.42017,0.990381,-0.994586,-0.64813,-0.410092,3.20263,-0.828032,8.6286,10.3661,-2.12971,3.26232,-10.557,3.81708,0,0,0,0,0,0
6.42519,1.04974,-0.976783,-0.671601,-0.383001,3.15728,-0.76721,7.30082,9.60178,-2.35125,4.19796,-9.82836,3.1464,0,0,0,0,0,0
6.43016,1.1187,-0.936505,-0.677286,-0.342957,3.11047,-0.70333,7.24172,9.6136,-2.62504,2.91456,-10.3169,3.26232,0,0,0,0,0,0
6.43517,1.18607,-0.859448,-0.669144,-0.317913,3.01932,-0.658846,6.78074,8.0967,-2.78388,4.554,-7.47684,3.88332,0,0,0,0,0,0
6.44017,1.10796,-0.846345,-0.647189,-0.388686,2.99418,-0.659831,13.0059,11.7373,-3.57808,7.00488,-12.8671,5.07564,0,0,0,0,0,0
6.44519,0.93481,-0.895581,-0.618308,-0.481058,3.05696,-0.708235,11.8949,10.8114,-3.38371,5.95332,-11.6914,5.97816,0,0,0,0,0,0
6.45033,0.823703,-0.909572,-0.615516,-0.529246,3.0891,-0.765221,12.084,10.4528,-2.63758,5.6304,-12.2627,5.64696,0,0,0,0,0,0
6.4552,0.720464,-0.928624,-0.63272,-0.543976,3.16305,-0.786459,11.8436,11.0202,-2.5916,4.3884,-13.6289,4.52088,0,0,0,0,0,0
6.46021,0.630416,-0.956101,-0.65858,-0.542969,3.25061,-0.784234,12.1707,10.7523,-2.41604,5.05908,-13.2149,4.69476,0,0,0,0,0,0
6.46523,0.580133,-0.996539,-0.70548,-0.572545,3.35025,-0.793794,11.2802,11.5284,-1.82666,6.14376,-14.7301,5.10876,0,0,0,0,0,0
6.47017,0.552875,-1.02826,-0.758877,-0.566496,3.41294,-0.783561,11.4851,10.4449,-2.09418,4.0572,-12.006,3.67632,0,0,0,0,0,0
6.47521,0.551757,-1.02418,-0.802282,-0.540197,3.42744,-0.770715,10.5947,10.3464,-2.02312,5.32404,-12.8506,5.14188,0,0,0,0,0,0
6.48028,0.614839,-1.01914,-0.836126,-0.508941,3.42112,-0.765622,8.82954,10.7917,-2.21122,4.52088,-11.1532,4.0986,0,0,0,0,0,0
6.48526,0.7017,-1.02388,-0.863261,-0.47217,3.37488,-0.738743,8.82954,10.7917,-2.21122,4.52088,-11.1532,4.0986,0,0,0,0,0,0
6.4902,0.753539,-1.02607,-0.895709,-0.469603,3.35623,-0.707237,10.0706,10.3307,-2.06701,5.6304,-12.2213,3.84192,0,0,0,0,0,0
6.49528,0.78859,-1.01283,-0.915696,-0.439113,3.3289,-0.667768,9.56238,10.8862,-2.30527,3.78396,-10.6481,3.55212,0,0,0,0,0,0
6.50016,0.808944,-1.03801,-0.935681,-0.439442,3.28407,-0.664399,10.2598,11.5875,-2.25511,6.31764,-11.4926,5.32404,0,0,0,0,0,0
6.50521,0.812613,-1.04219,-0.95064,-0.461888,3.27222,-0.654609,10.3031,9.75938,-2.62295,5.53932,-11.8238,3.36168,0,0,0,0,0,0
6.51021,0.817972,-1.01726,-0.951247,-0.469662,3.28659,-0.633983,9.8697,10.4489,-2.70864,5.37372,-12.7264,4.68648,0,0,0,0,0,0
6.51528,0.824707,-0.996206,-0.942815,-0.469802,3.28517,-0.66462,10.4883,10.0194,-3.0514,5.43996,-11.2774,5.47308,0,0,0,0,0,0
6.52017,0.826187,-0.958812,-0.912757,-0.462196,3.26043,-0.677726,10.1258,9.9879,-3.44641,5.05908,-11.6417,3.95784,0,0,0,0,0,0
6.52517,0.837163,-0.945065,-0.896754,-0.431498,3.27202,-0.694974,10.0115,10.9847,-2.53099,4.57056,-12.7678,5.72148,0,0,0,0,0,0
6.53019,0.849371,-0.950864,-0.910027,-0.387743,3.31118,-0.750887,9.72786,10.2795,-2.51845,3.8916,-12.7264,5.589,0,0,0,0,0,0
6.53517,0.858762,-0.952341,-0.926827,-0.355411,3.33114,-0.758189,9.92486,10.5907,-2.47874,4.95972,-11.9894,3.66804,0,0,0,0,0,0
6.54028,0.868283,-0.990354,-0.95744,-0.360702,3.34188,-0.757867,9.5348,11.6309,-2.09418,5.68008,-12.2627,5.3406,0,0,0,0,0,0
6.54526,0.835399,-1.02873,-0.985886,-0.382788,3.34884,-0.793984,11.6427,11.0556,-2.2572,5.6304,-11.948,5.3406,0,0,0,0,0,0
6.55022,0.774513,-1.07071,-1.01892,-0.408587,3.36473,-0.75772,10.5671,11.3393,-2.19032,5.45652,-12.4366,2.21904,0,0,0,0,0,0
6.55519,0.756987,-1.08728,-1.04377,-0.41312,3.35703,-0.707911,9.99578,10.0273,-2.61668,4.9266,-11.0786,4.5954,0,0,0,0,0,0
6.56023,0.755647,-1.08128,-1.05345,-0.409969,3.28621,-0.732647,10.1022,10.7129,-2.63131,4.90176,-9.77868,5.52276,0,0,0,0,0,0
6.56515,0.759278,-1.07512,-1.04231,-0.396476,3.24653,-0.728161,9.44812,10.2361,-3.35445,4.66992,-12.1054,3.36996,0,0,0,0,0,0
6.57015,0.767099,-1.03091,-1.01071,-0.413988,3.23166,-0.684911,9.78302,9.38114,-3.34818,5.90364,-10.8468,3.70944,0,0,0,0,0,0
6.57517,0.775967,-1.03387,-0.991366,-0.426983,3.20633,-0.689602,9.89728,11.9618,-3.12246,4.89348,-11.8156,5.31576,0,0,0,0,0,0
6.58011,0.780601,-1.05252,-0.987496,-0.40823,3.18862,-0.679216,9.66482,9.70816,-2.89465,4.62852,-11.0786,3.04704,0,0,0,0,0,0
6.58532,0.760823,-1.05415,-0.987354,-0.407015,3.24023,-0.640469,10.7089,10.9532,-3.10574,5.7546,-14.49,3.99096,0,0,0,0,0,0
6.5902,0.716034,-1.08967,-1.00067,-0.423825,3.32143,-0.64929,10.5119,11.0596,-2.44739,5.39028,-12.6353,4.95144,0,0,0,0,0,0
6.59522,0.689628,-1.11103,-1.0284,-0.423025,3.34018,-0.644356,9.8697,10.3464,-2.45575,4.82724,-11.8238,3.26232,0,0,0,0,0,0
6.60019,0.687558,-1.13962,-1.07006,-0.437046,3.33825,-0.636569,9.75544,11.2448,-2.00013,5.76288,-11.9315,4.761,0,0,0,0,0,0
6.60533,0.682307,-1.19201,-1.09854,-0.455924,3.31868,-0.664998,10.11,11.4575,-2.99079,5.4648,-11.178,4.89348,0,0,0,0,0,0
6.61025,0.685581,-1.2132,-1.09632,-0.459015,3.29421,-0.699866,9.3181,10.508,-2.926,5.37372,-11.4098,5.02596,0,0,0,0,0,0
6.61514,0.704202,-1.2221,-1.09316,-0.442979,3.26594,-0.705475,9.46388,11.4812,-2.72745,4.8024,-11.0207,3.82536,0,0,0,0,0,0
6.62022,0.714538,-1.25815,-1.11595,-0.441156,3.21798,-0.680131,9.37326,11.2684,-2.05029,5.82084,-10.3997,3.66804,0,0,0,0,0,0
6.62526,0.729465,-1.30331,-1.14602,-0.4423,3.2062,-0.683986,8.99896,11.8082,-2.41813,5.47308,-12.362,5.01768,0,0,0,0,0,0
6.63016,0.739492,-1.34813,-1.15889,-0.449954,3.23499,-0.716588,8.99896,11.8082,-2.41813,5.47308,-12.362,5.01768,0,0,0,0,0,0
6.6352,0.739959,-1.39101,-1.17137,-0.459697,3.20917,-0.743941,9.43236,11.3551,-2.65221,5.24952,-9.74556,4.90176,0,0,0,0,0,0
6.64025,0.728458,-1.403,-1.19717,-0.455287,3.16661,-0.706188,9.5742,10.3149,-2.03566,4.71132,-11.6086,2.2356,0,0,0,0,0,0
6.64525,0.700719,-1.41357,-1.22483,-0.483323,3.1344,-0.655492,10.8705,11.0872,-2.79642,6.32592,-10.3748,4.1814,0,0,0,0,0,0
6.65032,0.599539,-1.44217,-1.19437,-0.584491,3.13652,-0.661167,12.3361,11.5206,-4.24688,8.3214,-12.8671,4.71132,0,0,0,0,0,0
6.65526,0.557572,-1.45628,-1.15352,-0.625705,3.17282,-0.657306,9.32992,10.9059,-3.27294,4.968,-12.1964,3.77568,0,0,0,0,0,0
6.66031,0.564087,-1.45894,-1.15651,-0.615055,3.17843,-0.619157,10.7168,10.8941,-2.56443,6.01956,-11.9812,3.105,0,0,0,0,0,0
6.6652,0.542142,-1.4336,-1.17363,-0.606137,3.2221,-0.596075,10.4292,9.40478,-2.77761,5.19156,-13.5875,4.37184,0,0,0,0,0,0
6.6702,0.511152,-1.38778,-1.17509,-0.573587,3.32728,-0.574981,11.1069,10.307,-2.95735,5.27436,-14.8957,2.94768,0,0,0,0,0,0
6.67526,0.478053,-1.37796,-1.18236,-0.52794,3.39325,-0.529589,10.2322,10.4095,-2.94481,4.19796,-12.1136,3.24576,0,0,0,0,0,0
6.68017,0.504883,-1.36742,-1.18279,-0.491829,3.37312,-0.500135,8.56162,10.2401,-3.1768,5.51448,-11.1449,3.56868,0,0,0,0,0,0
6.6853,0.547891,-1.32319,-1.17848,-0.464246,3.3324,-0.502447,9.25112,9.3575,-2.89256,5.0094,-11.1697,4.39668,0,0,0,0,0,0
6.69016,0.581105,-1.23069,-1.16109,-0.413656,3.30389,-0.517317,8.43948,8.27006,-3.50075,4.53744,-11.385,4.10688,0,0,0,0,0,0
6.69514,0.632526,-1.16611,-1.1612,-0.381458,3.2433,-0.518892,8.3725,9.71604,-2.717,5.48136,-9.6462,3.726,0,0,0,0,0,0
6.70015,0.66137,-1.11889,-1.17138,-0.349442,3.20879,-0.513273,8.66012,9.20384,-2.75253,4.04892,-12.3538,3.8916,0,0,0,0,0,0
6.70515,0.677587,-1.09247,-1.1967,-0.291256,3.18263,-0.550775,8.84924,9.8106,-2.56652,4.02408,-10.0519,5.5062,0,0,0,0,0,0
6.71015,0.688073,-1.08379,-1.19943,-0.297536,3.1086,-0.595746,8.7862,9.64118,-3.82052,6.31764,-10.1678,4.28904,0,0,0,0,0,0
6.71526,0.702448,-1.082,-1.19328,-0.331996,3.04902,-0.57775,8.59708,9.92092,-3.1141,5.52276,-10.3748,2.66616,0,0,0,0,0,0
6.72021,0.72873,-1.08638,-1.20878,-0.327025,2.99379,-0.555683,8.56162,10.1849,-2.69401,4.91004,-10.5156,3.98268,0,0,0,0,0,0
6.7253,0.745757,-1.09903,-1.23608,-0.317698,2.94024,-0.565194,8.56162,10.1849,-2.69401,4.91004,-10.5156,3.98268,0,0,0,0,0,0
6.73036,0.74861,-1.13215,-1.27864,-0.332421,2.93154,-0.576001,9.26688,9.80666,-2.717,5.61384,-11.9729,4.10688,0,0,0,0,0,0
6.73528,0.728933,-1.12051,-1.29842,-0.357631,2.94772,-0.590342,9.26688,9.80666,-2.717,5.61384,-11.9729,4.10688,0,0,0,0,0,0
6.74017,0.706137,-1.11645,-1.29352,-0.384621,2.95653,-0.575899,9.6924,9.8894,-3.91039,5.78772,-11.4098,2.8566,0,0,0,0,0,0
6.74533,0.659733,-1.1091,-1.26174,-0.401923,2.93197,-0.525237,9.67664,9.58208,-3.91248,5.06736,-10.1347,2.54196,0,0,0,0,0,0
6.75031,0.573812,-1.11571,-1.24629,-0.394264,2.94729,-0.512383,10.898,10.7759,-2.91973,5.10048,-12.776,4.5126,0,0,0,0,0,0
6.75535,0.478881,-1.12848,-1.24773,-0.389328,2.98991,-0.567878,10.0746,10.1534,-3.09738,5.16672,-11.5092,5.47308,0,0,0,0,0,0
6.7602,0.463641,-1.08841,-1.22209,-0.381928,3.00782,-0.57673,8.08488,9.1211,-3.62406,5.57244,-11.857,2.5668,0,0,0,0,0,0
6.76518,0.47376,-1.07302,-1.20575,-0.369966,2.99833,-0.517037,8.89652,10.7523,-3.07857,5.4234,-10.5818,2.4426,0,0,0,0,0,0
6.77028,0.499463,-1.08349,-1.19459,-0.313899,2.95546,-0.479079,7.66724,9.9879,-3.5948,3.61836,-10.3417,3.48588,0,0,0,0,0,0
6.77517,0.544116,-1.07869,-1.19711,-0.280245,2.93038,-0.468086,8.13216,9.96032,-2.60623,5.45652,-11.2939,3.75084,0,0,0,0,0,0
6.78024,0.551576,-1.10516,-1.2359,-0.301157,2.90488,-0.463343,8.73498,10.9611,-2.29273,5.61384,-10.2341,3.74256,0,0,0,0,0,0
6.78528,0.527259,-1.13509,-1.28133,-0.313286,2.8728,-0.442503,9.10928,10.0549,-2.24466,5.10876,-10.8054,2.74896,0,0,0,0,0,0
6.79033,0.479477,-1.15249,-1.32306,-0.319685,2.84929,-0.412844,9.3378,10.4016,-2.46202,5.30748,-10.4908,3.03876,0,0,0,0,0,0
6.79532,0.451915,-1.18731,-1.33388,-0.320334,2.79197,-0.383738,8.44342,11.3472,-3.17471,5.11704,-9.05004,2.68272,0,0,0,0,0,0
6.8002,0.456732,-1.22323,-1.35053,-0.338653,2.7276,-0.374882,8.49464,10.3701,-2.35125,6.40044,-10.4576,3.92472,0,0,0,0,0,0
6.80518,0.442014,-1.22078,-1.36177,-0.362559,2.69664,-0.402125,8.83348,9.83424,-3.22069,5.68008,-10.2341,4.37184,0,0,0,0,0,0
6.81016,0.437682,-1.21889,-1.34506,-0.326588,2.68331,-0.415657,7.86424,10.772,-3.31683,4.13172,-11.0372,3.22092,0,0,0,0,0,0
6.8152,0.422085,-1.22138,-1.32766,-0.301741,2.69028,-0.404819,8.83742,9.99184,-3.33146,5.68008,-11.0455,3.15468,0,0,0,0,0,0
6.82016,0.398501,-1.22979,-1.30398,-0.299324,2.70973,-0.391173,8.46706,10.7956,-3.77663,5.20812,-11.443,3.105,0,0,0,0,0,0
6.82519,0.347477,-1.2504,-1.2801,-0.32745,2.76693,-0.384619,10.0194,10.3228,-3.5739,6.65712,-12.9416,3.4362,0,0,0,0,0,0
6.83024,0.306013,-1.23443,-1.27098,-0.347311,2.81053,-0.391125,8.21884,9.44812,-3.03677,5.36544,-10.9544,3.56868,0,0,0,0,0,0
6.83526,0.297656,-1.22518,-1.26,-0.331569,2.81826,-0.42599,9.03442,10.4489,-3.70766,5.5062,-11.4761,4.49604,0,0,0,0,0,0
6.84024,0.274084,-1.22601,-1.24626,-0.290103,2.7981,-0.464424,8.75468,9.4363,-3.53628,3.99096,-10.0354,3.77568,0,0,0,0,0,0
6.84527,0.296919,-1.22056,-1.25516,-0.245664,2.78363,-0.459125,7.01714,10.2795,-2.66475,4.91832,-11.4264,2.93112,0,0,0,0,0,0
6.85024,0.342925,-1.27385,-1.28077,-0.226207,2.77374,-0.408188,7.6436,11.6506,-3.11201,4.82724,-10.5984,1.85472,0,0,0,0,0,0
6.85526,0.375361,-1.32459,-1.31444,-0.205761,2.72518,-0.350128,7.41114,9.62542,-2.69401,4.17312,-9.57168,2.57508,0,0,0,0,0,0
6.86026,0.365894,-1.33258,-1.32993,-0.197341,2.67666,-0.333155,8.8847,10.4765,-3.41715,5.43996,-10.3334,3.53556,0,0,0,0,0,0
6.86525,0.331449,-1.36233,-1.33457,-0.211198,2.64627,-0.354069,8.41978,10.9296,-2.95526,5.1336,-10.1099,3.99924,0,0,0,0,0,0
6.87023,0.320839,-1.38717,-1.33814,-0.235085,2.62881,-0.387837,7.86818,10.441,-3.36281,5.96988,-10.9379,3.9744,0,0,0,0,0,0
6.8752,0.317051,-1.38155,-1.3227,-0.26729,2.62583,-0.417389,7.86818,10.441,-3.36281,5.96988,-10.9379,3.9744,0,0,0,0,0,0
6.88021,0.310702,-1.41283,-1.3141,-0.286164,2.58876,-0.424119,7.96668,10.902,-3.70975,5.40684,-8.7768,3.11328,0,0,0,0,0,0
6.88517,0.304271,-1.42059,-1.27929,-0.295583,2.49766,-0.413389,7.96668,10.902,-3.70975,5.40684,-8.7768,3.11328,0,0,0,0,0,0
6.89018,0.289487,-1.42224,-1.25818,-0.322809,2.48731,-0.386366,8.56556,10.0706,-3.40461,5.94504,-11.8818,2.35152,0,0,0,0,0,0
6.89519,0.281024,-1.39325,-1.25991,-0.328022,2.49557,-0.342197,7.53328,9.1802,-2.95735,4.71132,-9.70416,2.46744,0,0,0,0,0,0
6.90044,0.270623,-1.37388,-1.26821,-0.321077,2.49054,-0.318358,7.87606,10.571,-2.91137,5.2578,-11.1283,3.09672,0,0,0,0,0,0
6.90528,0.266514,-1.39746,-1.29513,-0.282135,2.49984,-0.324579,6.89894,10.6104,-2.37215,3.71772,-10.2506,3.6018,0,0,0,0,0,0
6.91023,0.292887,-1.40983,-1.32052,-0.248899,2.45056,-0.354572,6.29218,10.7956,-2.35125,5.19984,-8.12268,3.99096,0,0,0,0,0,0
6.91521,0.312387,-1.45338,-1.37316,-0.263609,2.41313,-0.377806,6.36704,11.6466,-1.35432,5.12532,-10.5653,3.44448,0,0,0,0,0,0
6.92024,0.344623,-1.49432,-1.425,-0.256178,2.3945,-0.381333,5.24808,10.7168,-2.19659,3.78396,-8.83476,3.08844,0,0,0,0,0,0
6.92521,0.380855,-1.49761,-1.45353,-0.238733,2.25109,-0.359336,5.90212,10.2637,-2.12135,4.78584,-4.7196,2.3184,0,0,0,0,0,0
6.93034,0.389407,-1.50143,-1.47877,-0.253635,2.12403,-0.32818,5.19292,10.8744,-2.05029,5.01768,-8.43732,2.61648,0,0,0,0,0,0
6.93525,0.418356,-1.48358,-1.48877,-0.220277,2.02134,-0.281157,4.96834,10.0509,-2.19241,2.21904,-5.95332,1.66428,0,0,0,0,0,0
6.94036,0.337274,-1.45222,-1.45905,-0.258804,2.01267,-0.229449,8.62072,10.1416,-3.71393,8.0316,-11.6665,2.36808,0,0,0,0,0,0
6.94528,0.161755,-1.45224,-1.41215,-0.439485,2.09385,-0.187966,10.1573,10.835,-3.63869,9.24048,-10.5818,1.87128,0,0,0,0,0,0
6.95023,0.0498863,-1.46522,-1.37552,-0.532453,2.15365,-0.180891,8.23066,10.2716,-3.93547,5.589,-11.6086,3.71772,0,0,0,0,0,0
6.95529,-0.0195224,-1.42033,-1.33817,-0.551503,2.26459,-0.204067,9.18808,8.52222,-3.69303,6.51636,-13.0576,3.04704,0,0,0,0,0,0
6.96026,-0.106544,-1.3466,-1.2925,-0.568116,2.37661,-0.233324,9.456,9.1211,-4.389,5.81256,-12.1219,3.8916,0,0,0,0,0,0
6.96535,-0.183756,-1.31743,-1.27339,-0.570466,2.45579,-0.255818,9.61754,9.83424,-3.04095,6.0858,-11.8073,2.75724,0,0,0,0,0,0
6.9703,-0.236375,-1.2764,-1.25445,-0.591505,2.50474,-0.252197,8.2937,9.13686,-3.98145,6.1686,-11.1614,2.75724,0,0,0,0,0,0
6.97526,-0.272775,-1.23769,-1.23318,-0.591967,2.54621,-0.224872,9.03048,9.84212,-3.14127,6.18516,-11.1449,1.74708,0,0,0,0,0,0
6.98028,-0.278217,-1.20165,-1.23413,-0.570974,2.59434,-0.186863,7.39144,8.5104,-3.68258,4.8024,-12.0888,2.20248,0,0,0,0,0,0
6.98526,-0.244921,-1.11794,-1.22988,-0.521532,2.58716,-0.138234,7.47024,7.9982,-3.19979,5.28264,-9.04176,1.19232,0,0,0,0,0,0
6.99025,-0.211093,-1.07159,-1.2438,-0.458834,2.53333,-0.0790674,6.75316,9.58208,-3.02841,4.27248,-9.58824,1.64772,0,0,0,0,0,0
6.99517,-0.15366,-1.07258,-1.26247,-0.40929,2.48434,-0.0146015,6.36704,9.7318,-3.15172,5.02596,-9.49716,0.81144,0,0,0,0,0,0
7.0003,-0.116895,-1.04946,-1.27251,-0.388121,2.40772,0.0503829,7.51358,8.73498,-3.25622,5.12532,-8.26344,1.42416,-0,-0,-0,-0,-0,-0
7.00524,-0.091626,-1.0341,-1.28157,-0.377386,2.34443,0.0926419,6.35916,9.79878,-3.32101,5.47308,-9.91116,1.68084,-0,-0,-0,-0,-0,-0
7.01026,-0.0926625,-1.06125,-1.30014,-0.383123,2.31045,0.114147,7.9785,10.5198,-2.76925,5.82084,-9.4806,2.22732,-0,-0,-0,-0,-0,-0
7.01523,-0.0986878,-1.08172,-1.32065,-0.363484,2.27652,0.114789,6.54828,9.02654,-3.49239,4.90176,-9.51372,2.53368,-0,-0,-0,-0,-0,-0
7.02023,-0.0940072,-1.05999,-1.33212,-0.348103,2.25184,0.0939794,7.28506,9.29446,-2.73581,5.49792,-9.98568,3.0636,-0,-0,-0,-0,-0,-0
7.02528,-0.116075,-1.07904,-1.35497,-0.35509,2.22699,0.0611285,7.5254,10.2755,-3.24159,5.58072,-9.22392,3.0636,-0,-0,-0,-0,-0,-0
7.03026,-0.145133,-1.09255,-1.36193,-0.384668,2.20323,0.0288584,7.15898,9.7121,-2.8842,6.76476,-9.75384,3.05532,-0,-0,-0,-0,-0,-0
7.0352,-0.21287,-1.06926,-1.34841,-0.403836,2.21234,-0.00275144,8.90834,9.4757,-3.64078,5.6304,-10.3003,3.08016,-0,-0,-0,-0,-0,-0
7.04032,-0.286812,-1.06924,-1.3405,-0.389492,2.24125,-0.033171,7.70664,10.4095,-2.78806,5.49792,-10.9048,3.03876,-0,-0,-0,-0,-0,-0
7.04528,-0.32925,-1.06088,-1.34775,-0.32669,2.26211,-0.0626712,7.85242,9.03048,-3.20606,3.57696,-10.1844,3.105,-0,-0,-0,-0,-0,-0
7.05018,-0.356714,-1.03139,-1.34854,-0.305655,2.23987,-0.0908748,6.66648,9.3181,-2.93436,6.05268,-8.90928,3.00564,-0,-0,-0,-0,-0,-0
7.05522,-0.352968,-0.985611,-1.34305,-0.328371,2.1877,-0.116047,6.66648,9.3181,-2.93436,6.05268,-8.90928,3.00564,-0,-0,-0,-0,-0,-0
7.06018,-0.369689,-0.983618,-1.35151,-0.329942,2.17121,-0.131332,7.09594,9.98002,-2.85285,4.91832,-9.43092,2.65788,-0,-0,-0,-0,-0,-0
7.06518,-0.388222,-0.970256,-1.34771,-0.306158,2.14923,-0.139087,7.09594,9.98002,-2.85285,4.91832,-9.43092,2.65788,-0,-0,-0,-0,-0,-0
7.07017,-0.40467,-0.968252,-1.3373,-0.319607,2.14015,-0.147499,6.77286,9.653,-3.52374,6.21,-9.5634,2.72412,-0,-0,-0,-0,-0,-0
7.07518,-0.435764,-0.971988,-1.32512,-0.351962,2.13261,-0.154647,7.75786,10.2795,-3.03468,5.59728,-9.65448,2.6082,-0,-0,-0,-0,-0,-0
7.08021,-0.452417,-1.00161,-1.32432,-0.370688,2.12064,-0.158965,6.18974,10.8311,-3.02423,5.8788,-9.40608,2.59164,-0,-0,-0,-0,-0,-0
7.0853,-0.465584,-1.01499,-1.31224,-0.395365,2.12365,-0.14966,7.44266,9.42448,-3.58853,6.417,-10.0105,2.00376,-0,-0,-0,-0,-0,-0
7.09019,-0.463465,-0.975411,-1.32133,-0.404892,2.11817,-0.135138,5.81938,8.86894,-1.92489,5.28264,-9.22392,2.26872,-0,-0,-0,-0,-0,-0
7.09525,-0.454802,-0.952494,-1.32408,-0.405774,2.08264,-0.118957,6.85166,9.96426,-3.81425,5.95332,-8.45388,1.82988,-0,-0,-0,-0,-0,-0
7.10016,-0.468449,-0.956841,-1.31725,-0.413159,2.05386,-0.0762441,6.68224,9.88546,-2.53517,5.06736,-9.54684,0.9522,-0,-0,-0,-0,-0,-0
7.10517,-0.515634,-0.980914,-1.35133,-0.396774,2.07003,0.0023748,7.88,10.307,-2.21958,4.48776,-9.936,-0.06624,-0,-0,-0,-0,-0,-0
7.11018,-0.568188,-0.986249,-1.37993,-0.346913,2.06748,0.0914053,7.88,10.307,-2.21958,4.48776,-9.936,-0.06624,-0,-0,-0,-0,-0,-0
7.11522,-0.602542,-1.03126,-1.40958,-0.319168,2.061,0.178442,6.65466,10.4292,-2.89883,5.30748,-8.86788,-0.7452,-0,-0,-0,-0,-0,-0
7.12023,-0.600079,-1.02782,-1.39696,-0.29179,2.01409,0.250083,6.65466,10.4292,-2.89883,5.30748,-8.86788,-0.7452,-0,-0,-0,-0,-0,-0
7.12519,-0.596156,-1.01296,-1.39608,-0.297908,1.98364,0.281838,6.107,9.5151,-2.47247,6.81444,-8.79336,-0.77832,-0,-0,-0,-0,-0,-0
7.13019,-0.626077,-0.972098,-1.3692,-0.331606,1.95293,0.267397,7.6436,9.73574,-3.64078,6.47496,-8.87616,-0.67068,-0,-0,-0,-0,-0,-0
7.13528,-0.683736,-0.937599,-1.32033,-0.363602,1.91862,0.214176,7.6436,9.73574,-3.64078,6.47496,-8.87616,-0.67068,-0,-0,-0,-0,-0,-0
7.14018,-0.7384,-0.947647,-1.29689,-0.374534,1.88862,0.152664,6.59556,9.6924,-3.5112,4.62024,-7.84116,-1.25028,-0,-0,-0,-0,-0,-0
7.14525,-0.743303,-0.948856,-1.2817,-0.358855,1.88587,0.0883763,5.81938,9.85788,-3.18934,6.27624,-10.706,-1.19232,-0,-0,-0,-0,-0,-0
7.15025,-0.729972,-0.937056,-1.2657,-0.369542,1.93238,0.0175003,5.81938,9.85788,-3.18934,6.27624,-10.706,-1.19232,-0,-0,-0,-0,-0,-0
7.15518,-0.76979,-0.958687,-1.27749,-0.436961,1.98208,-0.0455786,7.19838,9.94062,-2.49337,8.42076,-10.0354,-1.52352,-0,-0,-0,-0,-0,-0
7.16018,-0.787365,-0.947819,-1.29612,-0.522666,1.98802,-0.101879,7.19838,9.94062,-2.49337,8.42076,-10.0354,-1.52352,-0,-0,-0,-0,-0,-0
7.16519,-0.79177,-0.95573,-1.31138,-0.561836,2.00145,-0.153447,6.9541,9.91304,-3.14127,6.51636,-9.8118,-1.67256,-0,-0,-0,-0,-0,-0
7.1702,-0.796392,-0.97923,-1.33317,-0.556187,2.00453,-0.167922,6.66254,9.60178,-2.73581,5.66352,-9.38952,-3.17952,-0,-0,-0,-0,-0,-0
7.17525,-0.779165,-0.944199,-1.33555,-0.518713,1.97441,-0.150585,6.66254,9.60178,-2.73581,5.66352,-9.38952,-3.17952,-0,-0,-0,-0,-0,-0
7.18019,-0.800397,-0.960449,-1.35647,-0.47946,1.94279,-0.114617,7.08412,10.8665,-2.09418,4.87692,-8.1558,-4.06548,-0,-0,-0,-0,-0,-0
7.18525,-0.822706,-1.03271,-1.39776,-0.461772,1.85459,-0.0733576,6.43402,11.8909,-2.08791,6.54948,-7.4934,-3.62664,-0,-0,-0,-0,-0,-0
7.19041,-0.81882,-1.10071,-1.42425,-0.475087,1.74747,-0.0453718,6.43402,11.8909,-2.08791,6.54948,-7.4934,-3.62664,-0,-0,-0,-0,-0,-0
7.19571,-0.835144,-1.15273,-1.45949,-0.457253,1.68702,-0.0329919,6.07154,9.99184,-2.06074,4.49604,-8.10612,-2.99736,-0,-0,-0,-0,-0,-0
7.20082,-0.820622,-1.16159,-1.45664,-0.408697,1.6402,-0.0319603,5.01562,10.8508,-3.27294,5.77944,-8.3214,-3.20436,-0,-0,-0,-0,-0,-0
7.20568,-0.818174,-1.1866,-1.43431,-0.380276,1.6227,-0.0370821,5.95334,10.768,-2.83822,4.761,-9.00864,-2.72412,-0,-0,-0,-0,-0,-0
7.21037,-0.834713,-1.19038,-1.42565,-0.386661,1.62365,-0.0513829,5.25596,10.0509,-2.6334,6.7482,-8.83476,-2.8566,-0,-0,-0,-0,-0,-0
7.21534,-0.840028,-1.20446,-1.42735,-0.406952,1.63175,-0.0931961,5.07078,11.2329,-2.35752,5.48136,-9.09972,-1.4904,-0,-0,-0,-0,-0,-0
7.22028,-0.855152,-1.23971,-1.4312,-0.398814,1.60515,-0.132705,5.38992,11.1108,-2.51636,5.34888,-7.91568,-2.87316,-0,-0,-0,-0,-0,-0
7.22527,-0.884282,-1.27767,-1.43897,-0.392983,1.56064,-0.164429,5.70118,10.7798,-2.56025,5.72148,-7.83288,-1.87956,-0,-0,-0,-0,-0,-0
7.23021,-0.929681,-1.27915,-1.4468,-0.368143,1.51983,-0.190629,6.23308,10.3622,-1.97923,4.7196,-8.3214,-2.99736,-0,-0,-0,-0,-0,-0
7.23521,-0.988845,-1.25675,-1.43436,-0.35886,1.50643,-0.16263,6.37492,9.71604,-3.33564,5.89536,-8.39592,-4.28904,-0,-0,-0,-0,-0,-0
7.2402,-1.0439,-1.25175,-1.40972,-0.386749,1.4757,-0.110017,5.95334,10.9414,-2.71282,6.24312,-7.7004,-4.0986,-0,-0,-0,-0,-0,-0
7.2455,-1.07166,-1.24542,-1.38409,-0.404864,1.42687,-0.0642724,5.95334,10.9414,-2.71282,6.24312,-7.7004,-4.0986,-0,-0,-0,-0,-0,-0
7.25028,-1.13279,-1.23722,-1.36279,-0.420145,1.38852,-0.0289633,6.63102,10.4095,-2.54562,5.82084,-7.22844,-3.66804,-0,-0,-0,-0,-0,-0
7.25539,-1.19076,-1.19965,-1.34044,-0.412098,1.32568,-0.00690544,6.63102,10.4095,-2.54562,5.82084,-7.22844,-3.66804,-0,-0,-0,-0,-0,-0
7.26024,-1.23974,-1.16952,-1.32856,-0.389831,1.31963,0.01718,5.32294,9.83424,-2.44739,4.72788,-9.05832,-3.82536,-0,-0,-0,-0,-0,-0
7.26519,-1.26804,-1.15675,-1.32466,-0.34623,1.36199,0.0111409,5.65784,10.6538,-2.42022,4.8852,-9.00036,-2.53368,-0,-0,-0,-0,-0,-0
7.27024,-1.27001,-1.14803,-1.31934,-0.292456,1.3684,-0.0204723,5.65784,10.6538,-2.42022,4.8852,-9.00036,-2.53368,-0,-0,-0,-0,-0,-0
7.27519,-1.30589,-1.15087,-1.31732,-0.254132,1.39475,-0.032566,5.74846,9.62936,-2.85703,4.83552,-8.8596,-3.25404,-0,-0,-0,-0,-0,-0
7.28024,-1.31189,-1.12818,-1.32475,-0.223601,1.33875,-0.0182774,5.52388,10.311,-1.67618,5.48136,-6.24312,-4.00752,-0,-0,-0,-0,-0,-0
7.28531,-1.30726,-1.10315,-1.34928,-0.204106,1.22109,0.00821185,5.52388,10.311,-1.67618,5.48136,-6.24312,-4.00752,-0,-0,-0,-0,-0,-0
7.29016,-1.33375,-1.09305,-1.37187,-0.222349,1.15554,0.0258673,4.9053,9.86576,-1.9646,6.38388,-6.76476,-3.70116,-0,-0,-0,-0,-0,-0
7.2954,-1.34253,-1.05674,-1.37267,-0.237694,1.11547,0.0185818,5.10624,9.62148,-2.51009,5.8788,-7.87428,-2.74896,-0,-0,-0,-0,-0,-0
7.30041,-1.33794,-1.01432,-1.36443,-0.23694,1.07798,-0.0059357,5.10624,9.62148,-2.51009,5.8788,-7.87428,-2.74896,-0,-0,-0,-0,-0,-0
7.30525,-1.39617,-0.997736,-1.36166,-0.245373,1.08419,-0.0214212,6.08336,9.34568,-2.7379,5.48136,-8.57808,-3.0222,-0,-0,-0,-0,-0,-0
7.3106,-1.44346,-0.937137,-1.33572,-0.230205,1.08152,-0.0310943,6.08336,9.34568,-2.7379,5.48136,-8.57808,-3.0222,-0,-0,-0,-0,-0,-0
7.31532,-1.53692,-0.892936,-1.32548,-0.248308,1.11092,-0.0146022,6.0873,9.29446,-1.98759,6.003,-8.42904,-4.18968,-0,-0,-0,-0,-0,-0
7.32034,-1.57691,-0.836736,-1.31643,-0.279674,1.13726,0.0625681,5.01956,9.31416,-2.53726,7.11252,-8.99208,-5.77116,-0,-0,-0,-0,-0,-0
7.32536,-1.59206,-0.802342,-1.32002,-0.323301,1.13319,0.146554,5.5357,9.91698,-1.70544,6.35076,-7.77492,-4.77756,-0,-0,-0,-0,-0,-0
7.33024,-1.59946,-0.784732,-1.32962,-0.367626,1.10263,0.178784,4.38916,9.32598,-2.63549,7.43544,-7.55964,-3.726,-0,-0,-0,-0,-0,-0
7.33515,-1.55875,-0.73574,-1.31033,-0.425943,1.05333,0.183773,4.38916,9.32598,-2.63549,7.43544,-7.55964,-3.726,-0,-0,-0,-0,-0,-0
7.34029,-1.57683,-0.711542,-1.29463,-0.451748,1.04,0.193469,4.8856,9.49146,-2.6334,5.30748,-7.67556,-4.04064,-0,-0,-0,-0,-0,-0
7.34532,-1.60943,-0.668245,-1.26493,-0.425418,1.05909,0.195556,5.44508,9.13292,-2.91764,5.53104,-9.20736,-3.75912,-0,-0,-0,-0,-0,-0
7.35047,-1.62196,-0.596302,-1.2216,-0.397709,1.08993,0.18959,5.44508,9.13292,-2.91764,5.53104,-9.20736,-3.75912,-0,-0,-0,-0,-0,-0
7.35546,-1.68468,-0.538197,-1.19783,-0.402587,1.13723,0.188894,5.4766,8.86894,-2.1318,5.98644,-8.57808,-3.98268,-0,-0,-0,-0,-0,-0
7.3602,-1.71876,-0.478682,-1.17405,-0.394705,1.14708,0.189822,5.4766,9.15656,-3.04304,5.48964,-8.37936,-3.88332,-0,-0,-0,-0,-0,-0
7.36535,-1.74017,-0.44513,-1.16061,-0.376952,1.16035,0.161278,4.8856,9.4757,-1.99177,5.90364,-8.75196,-2.6082,-0,-0,-0,-0,-0,-0
7.37026,-1.77946,-0.381861,-1.15629,-0.350679,1.16397,0.139477,5.50024,8.06912,-2.29273,5.00112,-7.76664,-4.24764,-0,-0,-0,-0,-0,-0
7.37529,-1.80116,-0.28252,-1.14588,-0.297849,1.13173,0.156854,5.50024,8.06912,-2.29273,5.00112,-7.76664,-4.24764,-0,-0,-0,-0,-0,-0
7.38022,-1.88459,-0.244171,-1.13553,-0.284253,1.16544,0.16648,6.05972,9.85,-2.4035,5.77116,-9.18252,-3.8502,-0,-0,-0,-0,-0,-0
7.38529,-1.92532,-0.244575,-1.13066,-0.26402,1.18616,0.161336,6.05972,9.85,-2.4035,5.77116,-9.18252,-3.8502,-0,-0,-0,-0,-0,-0
7.39031,-1.97703,-0.242533,-1.13698,-0.256296,1.21479,0.153113,4.21186,8.66012,-2.13807,5.7132,-8.18064,-3.83364,-0,-0,-0,-0,-0,-0
7.39523,-1.94705,-0.194623,-1.13228,-0.211167,1.19217,0.149782,3.57358,9.06594,-2.1736,4.29732,-7.60104,-3.84192,-0,-0,-0,-0,-0,-0
7.40033,-1.89323,-0.154963,-1.13091,-0.13655,1.1456,0.149317,3.57358,9.06594,-2.1736,4.29732,-7.60104,-3.84192,-0,-0,-0,-0,-0,-0
7.4052,-1.85005,-0.115929,-1.12961,-0.0719561,1.10328,0.151151,3.57358,9.06594,-2.1736,4.29732,-7.60104,-3.84192,-0,-0,-0,-0,-0,-0
7.41051,-1.85298,-0.103628,-1.13334,-0.0411451,1.10365,0.161446,2.90378,9.50722,-1.99177,4.82724,-7.8246,-4.19796,-0,-0,-0,-0,-0,-0
7.4152,-1.80308,-0.0782494,-1.1309,-0.0194048,1.07782,0.185658,2.90378,9.50722,-1.99177,4.82724,-7.8246,-4.19796,-0,-0,-0,-0,-0,-0
7.42022,-1.79765,-0.0645489,-1.13515,-0.0224104,1.06082,0.167505,3.1717,9.74362,-1.55914,5.12532,-7.47684,-2.18592,-0,-0,-0,-0,-0,-0
7.42521,-1.8276,-0.0399062,-1.14819,-0.0268278,1.01209,0.167896,3.38446,9.70816,-0.77957,4.52088,-5.36544,-5.33232,-0,-0,-0,-0,-0,-0
7.43019,-1.83298,-0.0256671,-1.12837,-0.0507367,0.912234,0.192073,2.82892,11.3314,-2.26556,5.87052,-5.11704,-3.46104,-0,-0,-0,-0,-0,-0
7.43528,-1.85325,-0.0541596,-1.09053,-0.109243,0.894928,0.229925,2.93136,11.6466,-1.46718,6.0858,-8.37108,-5.96988,-0,-0,-0,-0,-0,-0
7.4405,-1.96544,-0.0982411,-1.02008,-0.304357,0.93663,0.294431,6.77286,12.3125,-3.56136,11.5837,-8.37108,-5.05908,-0,-0,-0,-0,-0,-0
7.44556,-2.11601,-0.128755,-0.955822,-0.464961,0.954452,0.316236,5.122,10.965,-1.41911,5.77944,-6.96348,-4.38012,-0,-0,-0,-0,-0,-0
7.45022,-2.18896,-0.0951305,-0.925023,-0.476606,0.946178,0.370879,4.6886,9.2196,-2.60832,6.07752,-7.43544,-6.40044,-0,-0,-0,-0,-0,-0
7.45519,-2.24555,-0.0340456,-0.876016,-0.485491,0.998163,0.418419,5.46084,9.7909,-2.31363,5.96988,-9.83664,-4.4712,-0,-0,-0,-0,-0,-0
7.46025,-2.29536,0.0040577,-0.845258,-0.499142,1.0616,0.39843,4.70436,9.3378,-2.49755,6.75648,-8.47044,-3.51072,-0,-0,-0,-0,-0,-0
7.46524,-2.30502,0.0545979,-0.805741,-0.496684,1.10119,0.396183,3.9794,9.22354,-2.74208,5.65524,-9.05832,-5.10048,-0,-0,-0,-0,-0,-0
7.47025,-2.31989,0.130615,-0.787031,-0.484604,1.12155,0.437808,5.0432,7.9194,-1.72634,6.30108,-7.66728,-5.43168,-0,-0,-0,-0,-0,-0
7.47528,-2.34412,0.20739,-0.777056,-0.481073,1.13025,0.453925,4.16064,9.48358,-2.03984,6.18516,-8.39592,-4.12344,-0,-0,-0,-0,-0,-0
7.48019,-2.30886,0.236416,-0.771761,-0.468153,1.12684,0.43686,4.16064,9.48358,-2.03984,6.18516,-8.39592,-4.12344,-0,-0,-0,-0,-0,-0
7.48518,-2.33684,0.240922,-0.759763,-0.524989,1.13089,0.43369,4.3734,10.1573,-2.19868,8.47044,-7.56792,-4.85208,-0,-0,-0,-0,-0,-0
7.49034,-2.31894,0.228296,-0.752972,-0.606338,1.08568,0.445874,4.3734,10.1573,-2.19868,8.47044,-7.56792,-4.85208,-0,-0,-0,-0,-0,-0
7.49529,-2.35873,0.243132,-0.74281,-0.655032,1.09794,0.422241,3.90848,8.90834,-1.91653,6.45012,-8.58636,-3.24576,-0,-0,-0,-0,-0,-0
7.50024,-2.32443,0.289991,-0.744942,-0.635808,1.10409,0.367144,3.90848,8.90834,-1.91653,6.45012,-8.58636,-3.24576,-0,-0,-0,-0,-0,-0
7.50546,-2.34844,0.316724,-0.731358,-0.618071,1.13121,0.345375,3.3096,9.89728,-2.06074,5.78772,-7.65072,-4.62024,-0,-0,-0,-0,-0,-0
7.51039,-2.28784,0.299013,-0.740218,-0.567781,1.08716,0.355109,3.3096,9.89728,-2.06074,5.78772,-7.65072,-4.62024,-0,-0,-0,-0,-0,-0
7.51536,-2.26652,0.278606,-0.757395,-0.554883,1.05237,0.362229,3.57752,9.6924,-1.75142,7.02972,-7.42716,-4.54572,-0,-0,-0,-0,-0,-0
7.52024,-2.26748,0.259326,-0.798736,-0.560434,1.02247,0.353243,3.4672,10.2204,-0.60192,6.26796,-7.54308,-4.04064,-0,-0,-0,-0,-0,-0
7.52528,-2.28207,0.281423,-0.797562,-0.57632,1.02227,0.343772,4.3931,8.74286,-2.96153,7.55136,-8.45388,-4.5954,-0,-0,-0,-0,-0,-0
7.53032,-2.30614,0.32706,-0.786182,-0.580616,1.01563,0.339818,3.3884,9.15262,-0.97603,5.66352,-7.30296,-4.04892,-0,-0,-0,-0,-0,-0
7.53534,-2.317,0.375361,-0.784685,-0.565937,1.00566,0.332571,4.08184,9.05018,-2.15897,6.59088,-8.13096,-4.46292,-0,-0,-0,-0,-0,-0
7.54042,-2.35543,0.389954,-0.766146,-0.584947,0.999922,0.354068,4.4128,10.4843,-1.75978,7.13736,-7.4934,-5.43996,-0,-0,-0,-0,-0,-0
7.54529,-2.40535,0.387317,-0.737956,-0.594367,1.00768,0.401122,4.42462,9.83424,-2.5707,5.68008,-8.84304,-5.63868,-0,-0,-0,-0,-0,-0
7.55053,-2.46011,0.397133,-0.713073,-0.592259,1.01511,0.428091,4.23156,9.71998,-1.74097,6.17688,-7.23672,-4.66992,-0,-0,-0,-0,-0,-0
7.55528,-2.5095,0.43497,-0.675685,-0.585082,1.0271,0.435246,4.30642,9.38508,-2.6125,6.5412,-8.84304,-4.98456,-0,-0,-0,-0,-0,-0
7.56024,-2.5635,0.489451,-0.660781,-0.561807,1.06086,0.449933,4.3734,8.4907,-1.1913,5.93676,-8.4456,-5.15016,-0,-0,-0,-0,-0,-0
7.56527,-2.59501,0.538638,-0.66437,-0.543609,1.06779,0.473806,3.21898,9.7909,-1.52152,7.13736,-7.4934,-5.36544,-0,-0,-0,-0,-0,-0
7.57023,-2.63535,0.546462,-0.678441,-0.53424,1.03733,0.475323,4.59798,9.82636,-0.98439,6.07752,-7.17876,-4.28076,-0,-0,-0,-0,-0,-0
7.5754,-2.67236,0.540034,-0.679903,-0.520993,0.994334,0.473675,3.50266,10.6065,-1.88518,6.93864,-6.73164,-5.26608,-0,-0,-0,-0,-0,-0
7.58047,-2.67836,0.535258,-0.662348,-0.524214,1.00024,0.467394,3.67208,10.0115,-1.63229,6.20172,-9.1908,-4.02408,-0,-0,-0,-0,-0,-0
7.58545,-2.68784,0.546183,-0.650592,-0.524197,0.999946,0.445711,3.24656,9.7909,-1.7138,6.68196,-6.417,-4.70304,-0,-0,-0,-0,-0,-0
7.59035,-2.666,0.580537,-0.6263,-0.510235,0.961401,0.471673,3.15594,9.23142,-2.06701,5.72976,-7.97364,-6.15204,-0,-0,-0,-0,-0,-0
7.59548,-2.64357,0.59377,-0.593442,-0.480462,0.958636,0.45007,2.49796,10.7247,-2.01685,5.73804,-7.37748,-2.62476,-0,-0,-0,-0,-0,-0
7.60023,-2.62014,0.567587,-0.588872,-0.492358,0.929859,0.402866,3.49084,10.5553,-1.14532,7.50168,-7.44372,-4.79412,-0,-0,-0,-0,-0,-0
7.60532,-2.64105,0.520064,-0.586513,-0.531225,0.927528,0.451933,3.45144,11.7609,-1.85383,6.85584,-7.9488,-6.78132,-0,-0,-0,-0,-0,-0
7.61033,-2.66642,0.455732,-0.574589,-0.547729,0.928693,0.499434,3.8612,11.5048,-1.43583,6.417,-7.69212,-5.15016,-0,-0,-0,-0,-0,-0
7.61544,-2.69209,0.432366,-0.553363,-0.570692,0.94348,0.500805,4.07396,10.4449,-2.03566,7.14564,-8.50356,-4.85208,-0,-0,-0,-0,-0,-0
7.62016,-2.72011,0.47122,-0.504491,-0.600495,0.960906,0.527228,3.14806,9.18808,-2.37842,6.89724,-7.92396,-6.26796,-0,-0,-0,-0,-0,-0
7.62544,-2.7306,0.538999,-0.479198,-0.6124,0.970917,0.54771,3.4672,8.73892,-1.41911,6.7896,-8.37936,-4.78584,-0,-0,-0,-0,-0,-0
7.63028,-2.75568,0.626052,-0.444101,-0.612544,0.988143,0.580977,3.6445,8.9635,-2.23421,6.61572,-8.03988,-6.69852,-0,-0,-0,-0,-0,-0
7.63527,-2.81842,0.680814,-0.398253,-0.632702,1.03932,0.617896,5.0432,9.87364,-2.08791,7.89084,-9.88632,-5.02596,-0,-0,-0,-0,-0,-0
7.64057,-2.86672,0.705051,-0.372076,-0.662725,1.08747,0.628878,3.4672,9.50328,-1.9437,7.22844,-8.41248,-5.61384,-0,-0,-0,-0,-0,-0
7.64565,-2.93753,0.722472,-0.323725,-0.701559,1.16497,0.68542,6.4222,10.0076,-3.27085,8.17236,-11.3188,-7.34436,-0,-0,-0,-0,-0,-0
7.65038,-3.02582,0.722042,-0.296427,-0.787991,1.27094,0.709081,4.7477,9.653,-1.52361,10.0602,-10.201,-4.79412,-0,-0,-0,-0,-0,-0
7.65541,-3.06865,0.7622,-0.305092,-0.812517,1.30075,0.67161,4.71224,7.92334,-1.98132,5.97816,-8.93412,-4.81896,-0,-0,-0,-0,-0,-0
7.6603,-3.04521,0.806825,-0.310341,-0.739429,1.2867,0.644354,2.58858,9.6924,-1.46091,5.85396,-7.84944,-5.02596,-0,-0,-0,-0,-0,-0
7.66517,-3.00687,0.842509,-0.296624,-0.694369,1.24551,0.617684,4.03456,8.52222,-2.59578,6.96348,-7.75836,-4.73616,-0,-0,-0,-0,-0,-0
7.6703,-2.98656,0.863566,-0.281185,-0.682192,1.22337,0.584662,2.8368,10.1494,-1.61557,7.26984,-8.63604,-4.61196,-0,-0,-0,-0,-0,-0
7.67528,-2.95212,0.838826,-0.281797,-0.67772,1.20792,0.561253,3.14412,10.3464,-1.95206,7.92396,-7.87428,-5.07564,-0,-0,-0,-0,-0,-0
7.68029,-2.93642,0.809475,-0.274801,-0.669948,1.20383,0.581303,2.95894,10.2243,-2.0064,6.8724,-9.46404,-6.624,-0,-0,-0,-0,-0,-0
7.68518,-2.9341,0.82495,-0.264695,-0.660424,1.24945,0.614602,3.41204,8.86106,-1.7138,6.831,-9.95256,-5.7546,-0,-0,-0,-0,-0,-0
7.69025,-2.91864,0.872296,-0.258865,-0.659883,1.24723,0.611967,2.88014,8.93198,-1.73052,7.31952,-7.42716,-5.10048,-0,-0,-0,-0,-0,-0
7.69568,-2.91715,0.879783,-0.261941,-0.673254,1.18058,0.615831,3.42386,10.4765,-1.30834,7.452,-7.02972,-5.72148,-0,-0,-0,-0,-0,-0
7.70041,-2.93627,0.855783,-0.28676,-0.734712,1.12583,0.622261,3.8218,10.2716,-0.77121,9.67932,-8.12268,-5.24952,-0,-0,-0,-0,-0,-0
7.70528,-2.96637,0.85031,-0.28425,-0.816066,1.11176,0.603227,3.4475,10.6262,-1.79322,8.49528,-7.92396,-4.66992,-0,-0,-0,-0,-0,-0
7.71064,-2.94707,0.808099,-0.280336,-0.856106,1.06533,0.567699,3.4475,10.6262,-1.79322,8.49528,-7.92396,-4.66992,-0,-0,-0,-0,-0,-0
7.71526,-3.01303,0.843816,-0.235361,-0.887461,1.09805,0.568244,3.47114,9.76726,-1.59885,7.63416,-9.62136,-6.31764,-0,-0,-0,-0,-0,-0
7.72029,-2.99253,0.855385,-0.23017,-0.890704,1.13559,0.602333,3.47114,9.76726,-1.59885,7.63416,-9.62136,-6.31764,-0,-0,-0,-0,-0,-0
7.72523,-3.0088,0.892101,-0.174599,-0.887009,1.20126,0.590391,3.15988,10.0549,-2.77552,6.6654,-10.201,-4.39668,-0,-0,-0,-0,-0,-0
7.7305,-3.00186,0.950571,-0.131307,-0.889489,1.24837,0.572496,2.54524,8.9438,-0.97603,7.9488,-8.5284,-5.81256,-0,-0,-0,-0,-0,-0
7.73537,-3.00062,1.04379,-0.106418,-0.896587,1.2719,0.575999,3.12442,8.81378,-1.71171,6.9138,-9.22392,-5.30748,-0,-0,-0,-0,-0,-0
7.74018,-3.02911,1.11105,-0.067377,-0.898044,1.28623,0.637695,4.17246,9.7515,-1.79322,7.23672,-8.10612,-8.02332,-0,-0,-0,-0,-0,-0
7.74527,-3.07821,1.13061,-0.0548629,-0.944182,1.24754,0.712518,4.00304,10.1337,-1.01156,9.04176,-7.35264,-6.30936,-0,-0,-0,-0,-0,-0
7.7503,-3.12429,1.11985,-0.0430719,-1.02595,1.19817,0.764955,3.18746,10.6853,-2.00222,10.0105,-7.72524,-7.18704,-0,-0,-0,-0,-0,-0
7.75528,-3.16052,1.08118,-0.0281261,-1.06773,1.18833,0.800146,3.4081,11.0478,-1.35432,7.23672,-9.57168,-5.78772,-0,-0,-0,-0,-0,-0
7.76019,-3.14946,1.04957,-0.0205898,-1.04736,1.25075,0.80392,2.2852,10.5356,-1.66364,7.25328,-10.706,-5.796,-0,-0,-0,-0,-0,-0
7.76546,-3.17889,1.05126,0.0118632,-1.07599,1.33425,0.798282,3.52236,10.2401,-1.96042,8.57808,-10.7392,-5.51448,-0,-0,-0,-0,-0,-0
7.77055,-3.1676,1.04124,0.0424826,-1.11048,1.40456,0.805761,2.28914,10.7247,-1.97714,8.03988,-9.99396,-6.417,-0,-0,-0,-0,-0,-0
7.7753,-3.17057,1.04315,0.0718089,-1.1248,1.4304,0.801448,3.45932,10.4686,-1.38776,7.98192,-8.70228,-5.05908,-0,-0,-0,-0,-0,-0
7.78034,-3.17016,1.06068,0.0844661,-1.12756,1.42512,0.784005,2.5216,10.0076,-1.28535,7.7832,-8.59464,-6.11892,-0,-0,-0,-0,-0,-0
7.78543,-3.17838,1.09505,0.110396,-1.16392,1.40814,0.772552,3.59328,9.9682,-1.75978,9.58824,-8.23032,-5.4648,-0,-0,-0,-0,-0,-0
7.79031,-3.18068,1.10776,0.122988,-1.17446,1.38056,0.779272,2.45462,10.1731,-1.30625,7.04628,-8.52012,-6.71508,-0,-0,-0,-0,-0,-0
7.79546,-3.15413,1.10469,0.11527,-1.19286,1.33334,0.789011,2.53342,10.2755,-1.13069,9.86976,-7.51824,-5.43996,-0,-0,-0,-0,-0,-0
7.80038,-3.12467,1.12465,0.114404,-1.25249,1.28894,0.786735,1.82816,9.46782,-1.3585,8.97552,-8.13924,-5.97816,-0,-0,-0,-0,-0,-0
7.80517,-3.11207,1.16942,0.148348,-1.28579,1.30435,0.802653,3.42386,9.44024,-2.48919,8.10612,-10.0685,-6.26796,-0,-0,-0,-0,-0,-0
7.81035,-3.12304,1.24808,0.190435,-1.28739,1.37649,0.810341,2.75012,8.37644,-1.41284,7.50996,-10.6895,-5.88708,-0,-0,-0,-0,-0,-0
7.8153,-3.09331,1.32237,0.226342,-1.30454,1.45248,0.786863,2.78558,8.98714,-2.66475,8.487,-10.408,-4.98456,-0,-0,-0,-0,-0,-0
7.82026,-3.10567,1.3595,0.258286,-1.33307,1.4957,0.783725,3.3096,10.11,-1.03664,8.02332,-9.50544,-6.5412,-0,-0,-0,-0,-0,-0
7.82527,-3.12055,1.36338,0.257406,-1.34382,1.49215,0.73939,2.89196,9.91698,-1.52152,8.3214,-8.59464,-3.2706,-0,-0,-0,-0,-0,-0
7.83042,-3.1384,1.38322,0.271228,-1.34726,1.4691,0.698653,2.88408,9.56238,-1.5257,8.06472,-8.5284,-6.43356,-0,-0,-0,-0,-0,-0
7.83528,-3.13604,1.38824,0.273378,-1.3886,1.43397,0.717551,3.04168,9.7121,-1.62602,9.76212,-8.6526,-6.0858,-0,-0,-0,-0,-0,-0
7.84031,-3.16741,1.3974,0.284673,-1.43335,1.37467,0.765332,3.71936,9.90122,-1.57586,8.70228,-7.10424,-7.91568,-0,-0,-0,-0,-0,-0
7.84521,-3.18212,1.41929,0.284293,-1.4703,1.29724,0.817552,2.68314,9.24324,-0.99066,8.78508,-7.76664,-6.4998,-0,-0,-0,-0,-0,-0
7.85038,-3.1544,1.46262,0.288694,-1.5403,1.25069,0.832183,2.61222,8.8453,-1.80994,9.98568,-8.22204,-6.05268,-0,-0,-0,-0,-0,-0
7.85533,-3.12539,1.52142,0.317401,-1.57878,1.27857,0.829961,2.0291,9.11322,-1.64065,7.66728,-10.8302,-6.01128,-0,-0,-0,-0,-0,-0
7.86025,-3.08402,1.57176,0.347026,-1.58504,1.35741,0.815737,2.50584,9.06988,-1.94579,8.6112,-10.3583,-5.30748,-0,-0,-0,-0,-0,-0
7.86517,-3.034,1.57253,0.350082,-1.60307,1.39886,0.788916,2.50584,9.06988,-1.94579,8.6112,-10.3583,-5.30748,-0,-0,-0,-0,-0,-0
7.87019,-3.05884,1.62125,0.389869,-1.61424,1.42603,0.783533,2.47038,10.4095,-1.11815,8.33796,-8.57808,-6.25968,-0,-0,-0,-0,-0,-0
7.87512,-3.02021,1.55116,0.351067,-1.61263,1.37708,0.793884,2.47038,10.4095,-1.11815,8.33796,-8.57808,-6.25968,-0,-0,-0,-0,-0,-0
7.88018,-3.03128,1.51908,0.348167,-1.59996,1.34287,0.794029,2.8959,10.9138,-1.17458,7.84116,-8.29656,-6.0444,-0,-0,-0,-0,-0,-0
7.88523,-3.01888,1.47066,0.342923,-1.57079,1.30319,0.762956,2.0488,10.7759,-1.32297,7.93224,-8.6112,-5.11704,-0,-0,-0,-0,-0,-0
7.8902,-3.02117,1.4271,0.352317,-1.5848,1.3002,0.768989,3.30172,10.7759,-1.8392,9.7704,-9.80352,-7.40232,-0,-0,-0,-0,-0,-0
7.89516,-3.01058,1.3879,0.366993,-1.58262,1.31073,0.786668,1.48538,10.7995,-1.48599,7.42716,-9.21564,-5.70492,-0,-0,-0,-0,-0,-0
7.90032,-2.9899,1.36055,0.373791,-1.53807,1.35837,0.784681,2.3837,10.6341,-1.2958,7.79148,-11.4016,-6.63228,-0,-0,-0,-0,-0,-0
7.9052,-2.9577,1.35249,0.365415,-1.55061,1.42271,0.7903,1.19776,10.5001,-0.42218,9.30672,-9.87804,-6.01128,-0,-0,-0,-0,-0,-0
7.91031,-2.91948,1.35027,0.378134,-1.53594,1.43466,0.756878,2.68314,10.4055,-2.17569,6.417,-9.00864,-4.62852,-0,-0,-0,-0,-0,-0
7.91525,-2.88855,1.31837,0.407479,-1.46989,1.42055,0.703726,2.68314,10.4055,-2.17569,6.417,-9.00864,-4.62852,-0,-0,-0,-0,-0,-0
7.92027,-2.91036,1.36866,0.460288,-1.43023,1.38771,0.618282,2.1867,11.0162,-0.3553,7.12908,-6.69852,-2.92284,-0,-0,-0,-0,-0,-0
7.92516,-2.86998,1.29743,0.401159,-1.41629,1.26817,0.509498,2.1867,11.0162,-0.3553,7.12908,-6.69852,-2.92284,-0,-0,-0,-0,-0,-0
7.93027,-2.86725,1.30519,0.386767,-1.42021,1.16508,0.453571,1.28838,10.7641,-0.02926,7.60104,-6.25968,-4.9266,-0,-0,-0,-0,-0,-0
7.93537,-2.79858,1.26912,0.333691,-1.42326,1.05044,0.439803,1.28838,10.7641,-0.02926,7.60104,-6.25968,-4.9266,-0,-0,-0,-0,-0,-0
7.9403,-2.75957,1.31754,0.329664,-1.43698,0.990134,0.451992,1.27262,9.64906,-0.35112,8.46216,-7.43544,-6.30936,-0,-0,-0,-0,-0,-0
7.94557,-2.84032,1.45728,0.430642,-1.56694,1.04936,0.559438,5.95728,9.13292,-2.91555,12.0474,-10.5736,-9.38952,-0,-0,-0,-0,-0,-0
7.95062,-2.96985,1.48094,0.498427,-1.746,1.12824,0.715341,5.95728,9.13292,-2.91555,12.0474,-10.5736,-9.38952,-0,-0,-0,-0,-0,-0
7.95534,-3.05707,1.59962,0.581877,-1.82323,1.22713,0.79622,2.28126,7.68694,-1.89354,8.45388,-10.9876,-6.69024,-0,-0,-0,-0,-0,-0
7.9602,-3.04694,1.69701,0.601707,-1.83755,1.2839,0.804674,2.83286,7.86818,-1.56123,9.28188,-9.729,-6.61572,-0,-0,-0,-0,-0,-0
7.96525,-3.02311,1.73358,0.577638,-1.85587,1.29223,0.804372,2.83286,7.86818,-1.56123,9.28188,-9.729,-6.61572,-0,-0,-0,-0,-0,-0
7.97043,-3.05098,1.84805,0.615751,-1.83814,1.30837,0.781417,3.1323,8.1164,-1.77023,8.18064,-9.08316,-5.8374,-0,-0,-0,-0,-0,-0
7.97529,-3.0487,1.89515,0.613134,-1.80493,1.29873,0.769267,2.44674,8.14792,-1.49226,8.10612,-9.53856,-6.84756,-0,-0,-0,-0,-0,-0
7.98028,-2.99554,1.88393,0.567419,-1.77301,1.28734,0.782749,2.44674,8.14792,-1.49226,8.10612,-9.53856,-6.84756,-0,-0,-0,-0,-0,-0
7.98535,-2.99214,1.97363,0.60083,-1.74773,1.32535,0.791013,2.87226,7.5648,-2.32199,8.43732,-10.6646,-6.61572,-0,-0,-0,-0,-0,-0
7.99055,-2.95463,1.98137,0.591463,-1.73318,1.36508,0.804552,2.87226,7.5648,-2.32199,8.43732,-10.6646,-6.61572,-0,-0,-0,-0,-0,-0
7.99524,-2.94855,2.09251,0.638685,-1.75449,1.42402,0.81988,1.93848,7.76968,-1.54869,10.2258,-10.2341,-6.51636,-0,-0,-0,-0,-0,-0
8.00029,-2.90307,2.10596,0.59856,-1.79156,1.45644,0.801368,2.30884,7.95092,-0.87989,9.43092,-10.8716,-5.3406,-0,-0,-0,-0,-0,-0
8.00526,-2.85318,2.07977,0.526515,-1.81313,1.49479,0.753931,2.30884,7.95092,-0.87989,9.43092,-10.8716,-5.3406,-0,-0,-0,-0,-0,-0
8.0103,-2.85528,2.16256,0.550337,-1.82486,1.55464,0.763812,2.2458,8.06912,-1.49644,9.1908,-10.6232,-8.05644,-0,-0,-0,-0,-0,-0
8.01534,-2.80189,2.10489,0.506132,-1.84641,1.56746,0.837153,2.2458,8.06912,-1.49644,9.1908,-10.6232,-8.05644,-0,-0,-0,-0,-0,-0
8.02042,-2.75166,2.06227,0.488912,-1.87605,1.56559,0.873756,1.79664,8.23066,-1.66155,9.46404,-9.70416,-6.48324,-0,-0,-0,-0,-0,-0
8.02547,-2.73646,2.0843,0.528867,-1.89141,1.56785,0.913424,1.80452,8.1361,-1.43583,9.21564,-9.91116,-8.4042,-0,-0,-0,-0,-0,-0
8.03027,-2.67313,1.9884,0.499973,-1.90813,1.55738,0.993382,1.80452,8.1361,-1.43583,9.21564,-9.91116,-8.4042,-0,-0,-0,-0,-0,-0
8.03545,-2.64298,1.94026,0.517732,-1.90945,1.61162,1.02589,2.30096,8.04548,-1.48599,8.63604,-11.948,-6.54948,-0,-0,-0,-0,-0,-0
8.04022,-2.6387,1.91814,0.55147,-1.90601,1.68216,1.01499,2.31672,7.61996,-1.12024,9.29844,-10.3169,-6.3756,-0,-0,-0,-0,-0,-0
8.04539,-2.61319,1.77055,0.502014,-1.93417,1.68309,0.994373,2.31672,7.61996,-1.12024,9.29844,-10.3169,-6.3756,-0,-0,-0,-0,-0,-0
8.05029,-2.62633,1.72329,0.519526,-1.97419,1.66769,0.968762,1.9503,6.8162,-1.19757,9.96084,-8.89272,-6.35076,-0,-0,-0,-0,-0,-0
8.05523,-2.62003,1.62167,0.507635,-1.98818,1.6116,0.980882,2.71072,6.49706,-1.80994,8.56152,-8.97552,-7.70868,-0,-0,-0,-0,-0,-0
8.06039,-2.61522,1.48036,0.487372,-1.972,1.54973,1.02456,2.71072,6.49706,-1.80994,8.56152,-8.97552,-7.70868,-0,-0,-0,-0,-0,-0
8.06539,-2.61133,1.39941,0.495167,-1.97449,1.52051,1.05849,2.21822,6.05972,-1.32924,9.61308,-9.78696,-7.31124,-0,-0,-0,-0,-0,-0
8.07037,-2.60227,1.3471,0.495923,-2.00971,1.50935,1.07603,2.68314,5.72482,-0.99484,10.4659,-9.522,-7.37748,-0,-0,-0,-0,-0,-0
8.07534,-2.57884,1.23333,0.446813,-2.068,1.48275,1.09592,2.68314,5.72482,-0.99484,10.4659,-9.522,-7.37748,-0,-0,-0,-0,-0,-0
8.08036,-2.56837,1.22815,0.479323,-2.11377,1.5447,1.09981,2.21428,5.03532,-1.85174,10.35,-12.4366,-6.73164,-0,-0,-0,-0,-0,-0
8.08527,-2.52122,1.13875,0.468523,-2.16247,1.65251,1.0941,2.21428,5.03532,-1.85174,10.35,-12.4366,-6.73164,-0,-0,-0,-0,-0,-0
8.09024,-2.47953,1.17253,0.502416,-2.18099,1.74953,1.11485,0.91014,4.47978,-0.58102,9.49716,-11.1614,-7.93224,-0,-0,-0,-0,-0,-0
8.09526,-2.39358,1.10138,0.436152,-2.19148,1.78578,1.15842,0.91014,4.47978,-0.58102,9.49716,-11.1614,-7.93224,-0,-0,-0,-0,-0,-0
8.10039,-2.38004,1.08282,0.426296,-2.20094,1.7987,1.15643,3.27414,3.97152,-1.76187,9.57996,-9.94428,-6.10236,-0,-0,-0,-0,-0,-0
8.10529,-2.40233,1.15943,0.471906,-2.19503,1.80111,1.15299,1.6745,2.90772,-1.3376,8.901,-10.5653,-7.9488,-0,-0,-0,-0,-0,-0
8.11049,-2.3577,1.14639,0.438461,-2.1914,1.79417,1.18947,1.6745,2.90772,-1.3376,8.901,-10.5653,-7.9488,-0,-0,-0,-0,-0,-0
8.1154,-2.34989,1.18835,0.455038,-2.22357,1.77497,1.20651,2.955,2.56888,-2.09418,10.6067,-9.67932,-7.18704,-0,-0,-0,-0,-0,-0
8.12033,-2.34489,1.3143,0.51717,-2.24802,1.78666,1.18799,1.71784,1.48144,-1.91235,9.37296,-11.1366,-6.11064,-0,-0,-0,-0,-0,-0
8.12533,-2.29773,1.36,0.510403,-2.24219,1.81414,1.14803,1.71784,1.48144,-1.91235,9.37296,-11.1366,-6.11064,-0,-0,-0,-0,-0,-0
8.13036,-2.26615,1.48275,0.541518,-2.2493,1.87854,1.11193,1.80452,0.53978,-1.89563,10.5736,-12.1964,-6.24312,-0,-0,-0,-0,-0,-0
8.13541,-2.25942,1.68769,0.582674,-2.28303,1.91773,1.11941,2.69496,-0.96136,-1.45255,9.91944,-9.91116,-8.08128,-0,-0,-0,-0,-0,-0
8.14027,-2.26162,1.80746,0.542978,-2.31741,1.88034,1.16634,2.69496,-0.96136,-1.45255,9.91944,-9.91116,-8.08128,-0,-0,-0,-0,-0,-0
8.14531,-2.27542,2.02848,0.566645,-2.32392,1.84704,1.1924,2.4231,-1.33566,-1.38985,9.1494,-9.36468,-7.37748,-0,-0,-0,-0,-0,-0
8.15024,-2.3031,2.20887,0.597541,-2.34405,1.8587,1.23382,3.64844,-1.83604,-3.05349,10.3169,-12.5111,-8.8596,-0,-0,-0,-0,-0,-0
8.15536,-2.34633,2.30895,0.622375,-2.39149,1.92621,1.29389,3.64844,-1.83604,-3.05349,10.3169,-12.5111,-8.8596,-0,-0,-0,-0,-0,-0
8.16063,-2.39236,2.42439,0.664467,-2.41278,1.96502,1.33124,3.69966,-2.04486,-2.55816,9.6462,-11.0704,-8.35452,-0,-0,-0,-0,-0,-0
8.16541,-2.39376,2.50571,0.679891,-2.39464,2.04784,1.31617,2.20246,-2.27338,-2.08373,8.4456,-14.2582,-6.43356,-0,-0,-0,-0,-0,-0
8.17033,-2.3635,2.59418,0.694103,-2.34243,2.13987,1.2844,2.37188,-2.97864,-1.72634,8.1144,-11.4512,-7.46028,-0,-0,-0,-0,-0,-0
8.17518,-2.3273,2.54316,0.627285,-2.30934,2.14448,1.2838,2.37188,-2.97864,-1.72634,8.1144,-11.4512,-7.46028,-0,-0,-0,-0,-0,-0
8.18026,-2.29838,2.52278,0.587988,-2.28176,2.1448,1.29298,2.2458,-3.10866,-1.22265,8.4042,-11.0952,-7.81632,-0,-0,-0,-0,-0,-0
8.18539,-2.28105,2.50294,0.563756,-2.30599,2.13236,1.27474,2.3246,-2.41128,-1.14323,10.3334,-10.7971,-6.40872,-0,-0,-0,-0,-0,-0
8.19045,-2.26229,2.36136,0.485795,-2.36343,2.10214,1.22407,2.3246,-2.41128,-1.14323,10.3334,-10.7971,-6.40872,-0,-0,-0,-0,-0,-0
8.19535,-2.24001,2.34474,0.502363,-2.34247,2.08879,1.15703,1.99758,-3.12048,-1.83711,8.14752,-10.4328,-5.69664,-0,-0,-0,-0,-0,-0
8.20036,-2.21097,2.22121,0.460268,-2.30455,2.04648,1.08328,1.99758,-3.12048,-1.83711,8.14752,-10.4328,-5.69664,-0,-0,-0,-0,-0,-0
8.20536,-2.18158,2.10081,0.420753,-2.27593,2.00802,1.01607,1.99758,-3.12048,-1.83711,8.14752,-10.4328,-5.69664,-0,-0,-0,-0,-0,-0
8.21036,-2.15259,2.04424,0.404501,-2.27616,2.02382,0.990362,1.9897,-3.73906,-1.47763,9.53856,-12.3786,-7.37748,-0,-0,-0,-0,-0,-0
8.21556,-2.13492,2.08646,0.45348,-2.2742,2.10673,1.01883,2.56888,-3.43174,-2.11926,9.05004,-12.8754,-8.1972,-0,-0,-0,-0,-0,-0
8.22034,-2.12305,1.99568,0.436562,-2.27864,2.18136,1.06262,2.56888,-3.43174,-2.11926,9.05004,-12.8754,-8.1972,-0,-0,-0,-0,-0,-0
8.22526,-2.11227,1.95873,0.428374,-2.26438,2.22217,1.07013,2.50584,-3.75088,-1.2331,8.51184,-11.2442,-6.77304,-0,-0,-0,-0,-0,-0
8.23027,-2.11087,1.97164,0.437808,-2.23406,2.20532,1.03719,2.74224,-3.26626,-1.37522,8.85132,-10.1596,-6.2514,-0,-0,-0,-0,-0,-0
8.23522,-2.11607,1.86398,0.382219,-2.23327,2.14302,0.997364,2.74224,-3.26626,-1.37522,8.85132,-10.1596,-6.2514,-0,-0,-0,-0,-0,-0
8.24022,-2.10869,1.86539,0.407087,-2.23019,2.10815,0.99286,2.15518,-3.2899,-1.92071,9.4392,-10.6895,-7.80804,-0,-0,-0,-0,-0,-0
8.2453,-2.10019,1.77488,0.397154,-2.26781,2.11317,1.00688,2.35218,-2.21428,-1.76396,9.46404,-12.2461,-7.08768,-0,-0,-0,-0,-0,-0
8.25027,-2.08291,1.61586,0.352347,-2.30626,2.15671,1.00731,2.35218,-2.21428,-1.76396,9.46404,-12.2461,-7.08768,-0,-0,-0,-0,-0,-0
8.25534,-2.04211,1.59288,0.378384,-2.31005,2.23761,1.00519,1.76118,-3.33324,-1.93743,8.91756,-13.0907,-6.9966,-0,-0,-0,-0,-0,-0
8.2603,-1.98731,1.55206,0.382265,-2.27965,2.32416,0.996806,1.3593,-3.31748,-2.0273,7.99848,-12.892,-6.9552,-0,-0,-0,-0,-0,-0
8.26539,-1.93218,1.50139,0.364264,-2.24434,2.36492,0.994258,1.15836,-3.22686,-1.19548,8.16408,-11.7742,-7.34436,-0,-0,-0,-0,-0,-0
8.27033,-1.90138,1.46707,0.333343,-2.22959,2.36231,0.99618,2.03304,-3.6051,-1.13278,8.74368,-11.1614,-7.15392,-0,-0,-0,-0,-0,-0
8.2753,-1.90366,1.41852,0.308521,-2.24904,2.33524,1.01751,2.75406,-2.70284,-1.47136,9.42264,-10.6067,-8.18892,-0,-0,-0,-0,-0,-0
8.2802,-1.90934,1.33745,0.300053,-2.27612,2.27707,1.01983,1.96212,-2.38764,-2.04611,8.8596,-9.98568,-6.16032,-0,-0,-0,-0,-0,-0
8.28525,-1.90559,1.25901,0.284853,-2.28396,2.24545,0.97777,2.25762,-3.23868,-1.45673,8.09784,-11.385,-6.36732,-0,-0,-0,-0,-0,-0
8.2905,-1.90824,1.16341,0.232898,-2.27327,2.24402,0.946458,2.25762,-3.23868,-1.45673,8.09784,-11.385,-6.36732,-0,-0,-0,-0,-0,-0
8.29535,-1.89826,1.17739,0.247067,-2.21409,2.27094,0.957458,2.26156,-3.4869,-1.54451,7.0794,-12.064,-8.1972,-0,-0,-0,-0,-0,-0
8.30041,-1.89328,1.10731,0.207423,-2.1632,2.30241,0.996954,2.26156,-3.4869,-1.54451,7.0794,-12.064,-8.1972,-0,-0,-0,-0,-0,-0
8.30525,-1.87443,1.14205,0.230036,-2.13865,2.33752,1.02467,2.12366,-3.78634,-1.60303,8.80164,-11.7659,-8.13096,-0,-0,-0,-0,-0,-0
8.31037,-1.85623,1.14663,0.23009,-2.14586,2.33765,1.02592,2.12366,-4.0582,-1.73679,8.46216,-10.8882,-7.38576,-0,-0,-0,-0,-0,-0
8.31576,-1.84746,1.09722,0.194794,-2.15334,2.31078,1.01724,2.12366,-4.0582,-1.73679,8.46216,-10.8882,-7.38576,-0,-0,-0,-0,-0,-0
8.32046,-1.82514,1.11493,0.228151,-2.15535,2.29873,1.00741,2.13154,-3.0929,-2.3826,9.22392,-10.9793,-7.0794,-0,-0,-0,-0,-0,-0
8.32535,-1.81497,1.07804,0.244365,-2.17276,2.28416,0.988857,2.25762,-3.63662,-2.28646,8.85132,-11.1697,-7.05456,-0,-0,-0,-0,-0,-0
8.33061,-1.8194,0.995543,0.221061,-2.18444,2.26452,0.973877,2.25762,-3.63662,-2.28646,8.85132,-11.1697,-7.05456,-0,-0,-0,-0,-0,-0
8.33526,-1.82296,0.917418,0.199051,-2.19057,2.24466,0.96261,2.25762,-3.63662,-2.28646,8.85132,-11.1697,-7.05456,-0,-0,-0,-0,-0,-0
8.34018,-1.81141,0.931351,0.235876,-2.15215,2.27739,0.960894,2.18276,-3.8415,-2.53099,7.73352,-13.0658,-7.47684,-0,-0,-0,-0,-0,-0
8.34548,-1.81603,0.866224,0.225506,-2.11352,2.34239,0.968024,2.18276,-3.8415,-2.53099,7.73352,-13.0658,-7.47684,-0,-0,-0,-0,-0,-0
8.35025,-1.79935,0.900336,0.264214,-2.05943,2.42464,0.957003,1.92666,-3.49872,-1.80576,7.7418,-13.4467,-6.75648,-0,-0,-0,-0,-0,-0
8.35517,-1.77091,0.877687,0.245175,-2.0468,2.4504,0.930331,1.5169,-4.22368,-1.86846,8.42904,-11.12,-6.47496,-0,-0,-0,-0,-0,-0
8.3602,-1.74341,0.82804,0.203743,-2.06738,2.42036,0.899217,1.5169,-4.22368,-1.86846,8.42904,-11.12,-6.47496,-0,-0,-0,-0,-0,-0
8.36532,-1.72449,0.850863,0.213774,-2.08732,2.39117,0.900061,2.52554,-3.49084,-1.61139,9.09144,-10.6481,-7.93224,-0,-0,-0,-0,-0,-0
8.37039,-1.74618,0.764083,0.161511,-2.14235,2.34261,0.925608,2.52554,-3.49084,-1.61139,9.09144,-10.6481,-7.93224,-0,-0,-0,-0,-0,-0
8.37525,-1.7491,0.754085,0.176922,-2.17895,2.31603,0.941087,2.56494,-2.79346,-2.07537,9.29844,-11.12,-7.7832,-0,-0,-0,-0,-0,-0
8.38031,-1.76076,0.686396,0.153618,-2.16326,2.30137,0.929778,2.27338,-3.4869,-1.5257,6.52464,-11.443,-6.92208,-0,-0,-0,-0,-0,-0
8.38537,-1.75474,0.671992,0.142944,-2.0777,2.33567,0.901177,2.15124,-4.01092,-1.9646,6.23484,-13.1486,-7.51824,-0,-0,-0,-0,-0,-0
8.39037,-1.7608,0.623996,0.113412,-1.99227,2.39859,0.892136,2.15124,-4.01092,-1.9646,6.23484,-13.1486,-7.51824,-0,-0,-0,-0,-0,-0
8.39566,-1.75226,0.612873,0.108636,-1.91624,2.45045,0.885171,1.8518,-3.3687,-1.67409,7.19532,-12.569,-7.52652,-0,-0,-0,-0,-0,-0
8.40057,-1.72366,0.602953,0.105514,-1.88972,2.46607,0.886249,1.98576,-2.8171,-1.29998,7.81632,-11.3022,-7.89084,-0,-0,-0,-0,-0,-0
8.40544,-1.72319,0.488474,0.0379183,-1.91482,2.44443,0.894318,1.98576,-2.8171,-1.29998,7.81632,-11.3022,-7.89084,-0,-0,-0,-0,-0,-0
8.41039,-1.70145,0.411452,-0.00644723,-1.94419,2.42481,0.850099,1.35536,-2.70678,-1.21847,8.08956,-11.2111,-5.61384,-0,-0,-0,-0,-0,-0
8.41529,-1.66239,0.382047,-0.0303972,-1.95448,2.36928,0.800193,1.48538,-3.60116,-1.36268,7.71696,-9.522,-7.15392,-0,-0,-0,-0,-0,-0
8.42029,-1.647,0.315536,-0.0824319,-1.97721,2.27685,0.79489,1.48538,-3.60116,-1.36268,7.71696,-9.522,-7.15392,-0,-0,-0,-0,-0,-0
8.4256,-1.6236,0.288378,-0.108872,-1.97891,2.226,0.809835,1.54448,-3.0535,-0.95095,7.14564,-10.8551,-7.866,-0,-0,-0,-0,-0,-0
8.43031,-1.57627,0.276422,-0.132064,-1.94044,2.23062,0.822435,0.69344,-4.30642,-1.56123,5.68008,-11.5672,-7.06284,-0,-0,-0,-0,-0,-0
8.43536,-1.53772,0.275226,-0.143084,-1.89934,2.29607,0.801989,1.96212,-3.23474,-1.21429,6.84756,-13.455,-6.10236,-0,-0,-0,-0,-0,-0
8.4402,-1.50774,0.26031,-0.140082,-1.88144,2.37985,0.709825,1.24898,-3.08502,-1.70753,7.01316,-12.2792,-3.56868,-0,-0,-0,-0,-0,-0
8.44528,-1.4748,0.243239,-0.172837,-1.92598,2.42414,0.592717,1.49326,-3.47114,0.23199,8.91756,-11.6748,-4.36356,-0,-0,-0,-0,-0,-0
8.45045,-1.40572,0.24702,-0.185534,-2.00391,2.39886,0.596935,-0.71708,-4.18034,-2.57906,8.72712,-9.22392,-8.7768,-0,-0,-0,-0,-0,-0
8.45551,-1.40095,0.277199,-0.125005,-2.09901,2.43863,0.746196,3.99122,-4.52312,-2.93436,10.1264,-14.3989,-11.0124,-0,-0,-0,-0,-0,-0
8.46026,-1.46894,0.30299,-0.0958471,-2.16815,2.54127,0.881374,2.32854,-5.09048,-2.1318,8.28828,-12.7098,-9.0666,-0,-0,-0,-0,-0,-0
8.46554,-1.50127,0.301683,-0.0883056,-2.17933,2.57638,0.965869,2.37582,-4.06214,-2.53308,7.68384,-11.9646,-9.38124,-0,-0,-0,-0,-0,-0
8.47031,-1.49433,0.293786,-0.0883223,-2.1583,2.54997,0.970575,1.2017,-4.6886,-1.8601,6.59088,-10.1264,-6.0858,-0,-0,-0,-0,-0,-0
8.47533,-1.48222,0.26373,-0.106287,-2.11947,2.49454,0.91964,1.59176,-3.9991,-2.27183,6.63228,-10.7557,-6.9138,-0,-0,-0,-0,-0,-0
8.4802,-1.47616,0.231738,-0.128888,-2.10483,2.42023,0.911418,1.33172,-4.54676,-1.61557,7.245,-9.4392,-8.29656,-0,-0,-0,-0,-0,-0
8.48539,-1.48297,0.212497,-0.148684,-2.07682,2.38491,0.92052,2.2064,-4.4719,-2.27392,6.15204,-12.1385,-7.96536,-0,-0,-0,-0,-0,-0
8.49032,-1.48883,0.189532,-0.145308,-2.02191,2.42262,0.915924,1.7533,-3.79422,-2.30736,6.14376,-12.5525,-7.66728,-0,-0,-0,-0,-0,-0
8.49519,-1.48682,0.159099,-0.145345,-1.95307,2.45347,0.906562,1.88726,-4.07002,-2.15897,5.72148,-11.8156,-7.85772,-0,-0,-0,-0,-0,-0
8.5003,-1.48522,0.107302,-0.171918,-1.89817,2.47812,0.901178,1.76118,-3.97152,-1.79949,6.003,-11.9977,-7.62588,-0,-0,-0,-0,-0,-0
8.50529,-1.47701,0.0710231,-0.175315,-1.86238,2.48384,0.881765,1.43416,-4.0385,-2.82568,6.88896,-11.2691,-7.17048,-0,-0,-0,-0,-0,-0
8.51015,-1.47769,0.0522489,-0.177438,-1.86077,2.46584,0.8612,1.78876,-4.86196,-1.92489,7.50996,-11.0869,-7.44372,-0,-0,-0,-0,-0,-0
8.51517,-1.47594,0.0535261,-0.191007,-1.84931,2.41965,0.857131,1.22534,-4.67284,-2.11508,6.31764,-10.2092,-7.55136,-0,-0,-0,-0,-0,-0
8.52046,-1.47149,0.0264067,-0.200166,-1.84071,2.37652,0.882125,1.71784,-4.10942,-2.34289,6.9552,-10.9958,-8.80992,-0,-0,-0,-0,-0,-0
8.52541,-1.47223,0.0197258,-0.184983,-1.81524,2.38544,0.901462,1.97394,-4.77922,-2.717,5.72976,-12.1799,-7.67556,-0,-0,-0,-0,-0,-0
8.53026,-1.46097,0.0138277,-0.186641,-1.73887,2.44478,0.874735,1.22928,-4.24338,-1.67618,4.97628,-13.2397,-6.94692,-0,-0,-0,-0,-0,-0
8.53523,-1.44161,0.0271939,-0.191368,-1.64533,2.52534,0.869677,1.93848,-4.99592,-2.17151,5.15016,-13.0824,-8.64432,-0,-0,-0,-0,-0,-0
8.54017,-1.43371,0.0636248,-0.169382,-1.59093,2.58849,0.883661,1.42234,-5.56722,-3.01587,6.32592,-12.7512,-7.81632,-0,-0,-0,-0,-0,-0
8.54521,-1.40824,0.0748829,-0.171503,-1.58523,2.59467,0.895091,1.10714,-4.36946,-1.44001,6.93864,-10.4162,-8.63604,-0,-0,-0,-0,-0,-0
8.55018,-1.37751,0.0446644,-0.196607,-1.62826,2.58607,0.924266,1.01258,-4.20792,-2.27601,7.89912,-12.0391,-8.42904,-0,-0,-0,-0,-0,-0
8.55516,-1.34766,0.0316871,-0.194968,-1.65921,2.56579,0.925414,0.9259,-4.81074,-2.44948,6.98832,-10.2424,-7.76664,-0,-0,-0,-0,-0,-0
8.56032,-1.33094,0.0366497,-0.199072,-1.6622,2.53406,0.914482,1.45386,-4.97622,-1.97296,6.35076,-11.3353,-7.50168,-0,-0,-0,-0,-0,-0
8.56533,-1.33951,0.0340208,-0.214499,-1.64703,2.51719,0.904375,1.91484,-4.82256,-2.1109,6.07752,-11.029,-7.77492,-0,-0,-0,-0,-0,-0
8.57024,-1.34704,-0.0180522,-0.230717,-1.64547,2.5031,0.883601,1.24898,-3.32536,-2.2572,6.44184,-11.4926,-6.85584,-0,-0,-0,-0,-0,-0
8.5752,-1.34701,-0.0426672,-0.246678,-1.61775,2.48671,0.880863,1.68632,-5.93364,-2.09836,4.40496,-10.9462,-8.43732,-0,-0,-0,-0,-0,-0
8.58021,-1.35317,-0.0436408,-0.263506,-1.58803,2.47745,0.908852,1.40658,-4.40886,-2.1318,6.417,-11.4678,-8.34624,-0,-0,-0,-0,-0,-0
8.58531,-1.34882,-0.0987889,-0.282258,-1.61518,2.51728,0.913085,1.05986,-3.67602,-2.06074,7.00488,-12.9665,-7.42716,-0,-0,-0,-0,-0,-0
8.5902,-1.34958,-0.199839,-0.321443,-1.6586,2.59102,0.899598,1.05986,-3.67602,-2.06074,7.00488,-12.9665,-7.42716,-0,-0,-0,-0,-0,-0
8.59527,-1.33655,-0.249366,-0.316778,-1.66589,2.6515,0.912837,1.52872,-3.67996,-2.62922,6.2928,-12.1054,-8.58636,-0,-0,-0,-0,-0,-0
8.60038,-1.33172,-0.27865,-0.326475,-1.63345,2.66268,0.934932,1.0835,-5.0432,-1.85592,5.0094,-11.2608,-7.89084,-0,-0,-0,-0,-0,-0
8.60519,-1.31556,-0.288899,-0.341971,-1.55837,2.63377,0.949568,0.86286,-4.47978,-2.26556,3.90816,-10.4825,-8.52012,-0,-0,-0,-0,-0,-0
8.61022,-1.3087,-0.340218,-0.36463,-1.4772,2.58804,0.974421,0.86286,-4.47978,-2.26556,3.90816,-10.4825,-8.52012,-0,-0,-0,-0,-0,-0
8.61515,-1.30577,-0.37622,-0.369723,-1.40241,2.52382,0.974119,1.48932,-4.08184,-2.39723,4.32216,-9.48888,-7.50996,-0,-0,-0,-0,-0,-0
8.62028,-1.31784,-0.400939,-0.366429,-1.3461,2.47594,0.953914,1.96606,-4.44432,-2.30736,4.95972,-10.8137,-7.65072,-0,-0,-0,-0,-0,-0
8.62545,-1.31964,-0.396901,-0.364609,-1.3218,2.45424,0.925613,1.19382,-5.12988,-2.29273,5.10876,-10.7888,-7.1622,-0,-0,-0,-0,-0,-0
8.63035,-1.30819,-0.406977,-0.374057,-1.32495,2.43589,0.924387,0.9062,-4.63738,-2.26556,5.51448,-10.7888,-8.74368,-0,-0,-0,-0,-0,-0
8.63527,-1.29892,-0.429583,-0.365653,-1.35916,2.44783,0.933998,1.56812,-3.93606,-2.68147,6.92208,-11.9729,-7.60932,-0,-0,-0,-0,-0,-0
8.64037,-1.3016,-0.482155,-0.381733,-1.37928,2.47863,0.95295,0.985,-4.137,-1.72007,5.0922,-11.4926,-8.71056,-0,-0,-0,-0,-0,-0
8.64543,-1.34264,-0.487624,-0.360945,-1.43778,2.52163,1.03155,3.61692,-5.0432,-3.77454,8.71056,-12.6104,-10.6564,-0,-0,-0,-0,-0,-0
8.65035,-1.38292,-0.481824,-0.314864,-1.4782,2.57507,1.14622,1.09532,-4.48766,-2.8633,5.3406,-12.2875,-10.5818,-0,-0,-0,-0,-0,-0
8.65534,-1.36385,-0.500066,-0.311547,-1.42948,2.58578,1.20136,1.01258,-4.20398,-2.12762,4.77756,-11.0207,-8.49528,-0,-0,-0,-0,-0,-0
8.6602,-1.35937,-0.519341,-0.32316,-1.38957,2.52631,1.19003,1.3593,-4.75558,-2.41813,5.15844,-9.51372,-7.88256,-0,-0,-0,-0,-0,-0
8.66523,-1.36595,-0.536467,-0.335648,-1.36598,2.43988,1.14109,1.5957,-4.43644,-2.21331,5.53932,-9.61308,-7.02144,-0,-0,-0,-0,-0,-0
8.67035,-1.35575,-0.558384,-0.35317,-1.34818,2.378,1.08694,0.67374,-4.23156,-1.98341,5.65524,-10.5487,-7.69212,-0,-0,-0,-0,-0,-0
8.67543,-1.35262,-0.5624,-0.375906,-1.32941,2.31978,1.02824,1.7336,-5.57116,-2.09836,5.2164,-9.58824,-6.84756,-0,-0,-0,-0,-0,-0
8.68027,-1.35886,-0.558784,-0.393297,-1.30852,2.30993,0.980507,1.20958,-4.6886,-2.15897,4.78584,-12.1882,-7.87428,-0,-0,-0,-0,-0,-0
8.68543,-1.36023,-0.595811,-0.421689,-1.29902,2.33851,0.960423,1.40264,-4.18822,-1.80367,4.66992,-11.0538,-7.87428,-0,-0,-0,-0,-0,-0
8.69032,-1.35835,-0.611038,-0.443914,-1.26384,2.35611,0.956994,1.12684,-5.07078,-1.97296,3.99924,-11.6582,-8.10612,-0,-0,-0,-0,-0,-0
8.6953,-1.33835,-0.6105,-0.452067,-1.20741,2.39628,0.92657,0.61858,-4.81862,-2.34498,3.61836,-11.8404,-7.11252,-0,-0,-0,-0,-0,-0
8.70022,-1.34557,-0.632248,-0.456792,-1.14191,2.4048,0.916723,1.95424,-4.59404,-2.40977,3.41136,-10.3583,-8.74368,-0,-0,-0,-0,-0,-0
8.70537,-1.38953,-0.675872,-0.470363,-1.09288,2.38375,0.944867,1.95424,-4.59404,-2.40977,3.41136,-10.3583,-8.74368,-0,-0,-0,-0,-0,-0
8.71043,-1.38222,-0.68056,-0.462503,-1.04885,2.34984,0.965832,0.7486,-4.51524,-2.24675,4.03236,-9.522,-8.43732,-0,-0,-0,-0,-0,-0
8.71528,-1.3859,-0.719078,-0.482082,-1.08002,2.32782,0.958344,1.48538,-4.50736,-2.01476,5.73804,-10.9793,-7.34436,-0,-0,-0,-0,-0,-0
8.7203,-1.40621,-0.724444,-0.477302,-1.13778,2.32772,0.942369,1.8124,-5.32294,-2.99079,5.796,-10.5073,-8.01504,-0,-0,-0,-0,-0,-0
8.72529,-1.44031,-0.724346,-0.459636,-1.19214,2.31872,0.940474,1.8124,-5.32294,-2.99079,5.796,-10.5073,-8.01504,-0,-0,-0,-0,-0,-0
8.73053,-1.44654,-0.701085,-0.453866,-1.20134,2.31793,0.952279,1.1032,-5.42538,-1.89772,4.43808,-10.7474,-8.694,-0,-0,-0,-0,-0,-0
8.73542,-1.43833,-0.674738,-0.472428,-1.18703,2.34079,0.964102,1.182,-5.48448,-1.89354,4.9266,-11.6417,-8.34624,-0,-0,-0,-0,-0,-0
8.74022,-1.42687,-0.668942,-0.488735,-1.16913,2.38855,0.962922,0.83922,-5.03138,-2.23839,3.80052,-11.6665,-7.71696,-0,-0,-0,-0,-0,-0
8.74517,-1.44152,-0.647485,-0.490256,-1.13505,2.45424,0.949726,2.12366,-6.04002,-2.34916,4.0572,-12.7264,-8.17236,-0,-0,-0,-0,-0,-0
8.75027,-1.45481,-0.61048,-0.500754,-1.08172,2.47562,0.965783,0.83922,-6.17004,-2.06283,2.79864,-9.73728,-8.6526,-0,-0,-0,-0,-0,-0
8.75519,-1.43852,-0.577144,-0.5115,-1.02647,2.43882,0.987332,0.58706,-6.08336,-2.32408,3.933,-9.91116,-8.53668,-0,-0,-0,-0,-0,-0
8.76029,-1.44489,-0.554603,-0.523498,-0.970661,2.3793,0.991217,1.53266,-6.0479,-2.19241,2.21904,-8.75196,-7.7832,-0,-0,-0,-0,-0,-0
8.76538,-1.45534,-0.564606,-0.548786,-0.91144,2.31754,0.977405,0.6107,-5.18898,-2.00222,3.28716,-9.54684,-8.05644,-0,-0,-0,-0,-0,-0
8.77042,-1.45424,-0.582489,-0.568726,-0.93412,2.26442,0.962339,1.1623,-5.30718,-2.15479,5.37372,-9.29844,-7.69212,-0,-0,-0,-0,-0,-0
8.77527,-1.46412,-0.597952,-0.582462,-0.96573,2.24586,0.919694,1.02834,-5.7721,-2.52681,3.6432,-10.6398,-6.65712,-0,-0,-0,-0,-0,-0
8.78025,-1.47935,-0.610926,-0.588944,-0.94056,2.24497,0.866603,1.2017,-5.48448,-2.50173,2.5668,-10.3086,-7.02972,-0,-0,-0,-0,-0,-0
8.78528,-1.47455,-0.643278,-0.590537,-0.912461,2.28506,0.871885,-0.19306,-5.56722,-3.19561,2.82348,-12.0391,-8.9838,-0,-0,-0,-0,-0,-0
8.79018,-1.48024,-0.668245,-0.586296,-0.872926,2.34785,0.894415,1.93454,-5.24808,-2.46411,2.1528,-11.5258,-8.01504,-0,-0,-0,-0,-0,-0
8.79533,-1.49909,-0.693747,-0.595145,-0.848164,2.38999,0.876212,0.4334,-5.51206,-2.61459,3.56868,-11.1614,-7.48512,-0,-0,-0,-0,-0,-0
8.80027,-1.49885,-0.700995,-0.598559,-0.809241,2.38798,0.853564,1.29626,-5.55934,-2.40559,1.66428,-9.65448,-8.05644,-0,-0,-0,-0,-0,-0
8.80521,-1.49792,-0.719457,-0.592329,-0.733629,2.36279,0.845712,0.58312,-4.8462,-2.90092,1.92096,-9.99396,-8.00676,-0,-0,-0,-0,-0,-0
8.81042,-1.49843,-0.742835,-0.585915,-0.680706,2.33842,0.842048,1.2608,-5.42144,-2.38051,2.36808,-9.65448,-8.21376,-0,-0,-0,-0,-0,-0
8.81529,-1.49916,-0.765436,-0.586806,-0.674565,2.27643,0.826205,0.45704,-4.47978,-2.3408,4.16484,-8.59464,-7.31952,-0,-0,-0,-0,-0,-0
8.82021,-1.50583,-0.802786,-0.572293,-0.684954,2.19777,0.796575,1.64298,-4.77528,-3.08902,3.57696,-8.42904,-7.452,-0,-0,-0,-0,-0,-0
8.82523,-1.53159,-0.818495,-0.576363,-0.696119,2.14398,0.767365,1.11502,-5.86272,-1.79322,3.75912,-9.36468,-7.33608,-0,-0,-0,-0,-0,-0
8.83026,-1.52562,-0.81779,-0.60125,-0.697427,2.11311,0.752139,0.33096,-5.3781,-2.07328,2.97252,-9.48888,-7.75836,-0,-0,-0,-0,-0,-0
8.83547,-1.52877,-0.826655,-0.606191,-0.680024,2.09771,0.746845,1.5563,-5.34264,-2.58951,2.5668,-9.84492,-7.79976,-0,-0,-0,-0,-0,-0
8.84027,-1.54993,-0.821117,-0.58923,-0.674871,2.1351,0.759881,1.23716,-5.93364,-2.98452,3.57696,-11.5754,-8.32968,-0,-0,-0,-0,-0,-0
8.84537,-1.5391,-0.796243,-0.581513,-0.689145,2.19527,0.791472,0.28762,-5.92576,-2.06283,3.90816,-10.8799,-8.63604,-0,-0,-0,-0,-0,-0
8.85054,-1.53544,-0.784539,-0.596935,-0.684819,2.21816,0.809348,1.44992,-5.4963,-2.07746,2.80692,-10.1761,-8.01504,-0,-0,-0,-0,-0,-0
8.85523,-1.56404,-0.794522,-0.61756,-0.659492,2.22843,0.806373,1.44992,-5.4963,-2.07746,2.80692,-10.1761,-8.01504,-0,-0,-0,-0,-0,-0
8.86026,-1.57267,-0.798,-0.630083,-0.643752,2.21809,0.798827,0.81558,-5.29142,-2.03775,3.41964,-9.05832,-7.98192,-0,-0,-0,-0,-0,-0
8.86534,-1.57604,-0.825342,-0.64061,-0.607078,2.19513,0.788058,0.97318,-4.8068,-2.38678,1.77192,-9.86148,-7.8246,-0,-0,-0,-0,-0,-0
8.87033,-1.59283,-0.860384,-0.638426,-0.554032,2.1777,0.782825,1.11108,-5.2796,-2.80478,1.87956,-9.16596,-8.21376,-0,-0,-0,-0,-0,-0
8.87528,-1.58702,-0.871149,-0.635517,-0.510975,2.14772,0.745118,0.21276,-5.61844,-2.299,1.99548,-9.1908,-6.63228,-0,-0,-0,-0,-0,-0
8.88038,-1.58014,-0.88281,-0.648597,-0.459002,2.14134,0.715114,0.85892,-5.32294,-2.14016,1.30824,-10.0933,-7.91568,-0,-0,-0,-0,-0,-0
8.88528,-1.57091,-0.890749,-0.662323,-0.425509,2.09382,0.752431,0.34278,-5.33082,-2.00431,2.61648,-7.59276,-9.78696,-0,-0,-0,-0,-0,-0
8.89031,-1.56711,-0.902546,-0.649199,-0.417184,2.04559,0.760361,0.86286,-5.57116,-3.53837,2.08656,-9.62136,-7.19532,-0,-0,-0,-0,-0,-0
8.89529,-1.56387,-0.906459,-0.62531,-0.416517,2.00017,0.690204,0.38218,-5.6342,-2.54353,3.11328,-7.7418,-6.51636,-0,-0,-0,-0,-0,-0
8.90036,-1.5705,-0.902719,-0.631085,-0.422001,1.98499,0.619879,1.39476,-5.77604,-2.12344,2.3184,-10.5404,-6.89724,-0,-0,-0,-0,-0,-0
8.90542,-1.57765,-0.889983,-0.632762,-0.394981,2.00339,0.59374,0.32702,-6.03608,-2.72745,1.51524,-9.1908,-7.68384,-0,-0,-0,-0,-0,-0
8.91045,-1.55609,-0.890665,-0.623636,-0.383004,2.01235,0.579769,0.29156,-5.05502,-2.47456,2.9808,-9.91944,-6.8724,-0,-0,-0,-0,-0,-0
8.9153,-1.54133,-0.927672,-0.628029,-0.40514,2.04164,0.554149,0.29156,-5.05502,-2.47456,2.9808,-9.91944,-6.8724,-0,-0,-0,-0,-0,-0
8.92025,-1.55532,-0.938195,-0.65133,-0.372434,2.03404,0.523823,1.64298,-5.90606,-1.3794,0.77004,-8.1972,-6.47496,-0,-0,-0,-0,-0,-0
8.92523,-1.59772,-0.968062,-0.682696,-0.329563,1.97969,0.534222,2.24186,-3.23868,-1.4421,2.55852,-7.7004,-8.42076,-0,-0,-0,-0,-0,-0
8.93027,-1.6574,-1.0618,-0.716086,-0.33438,1.91443,0.591318,2.24186,-3.23868,-1.4421,2.55852,-7.7004,-8.42076,-0,-0,-0,-0,-0,-0
8.93533,-1.66266,-1.12074,-0.714583,-0.320324,1.83722,0.623693,0.24034,-3.94394,-2.51845,2.02032,-7.07112,-7.35264,-0,-0,-0,-0,-0,-0
8.94022,-1.62222,-1.1208,-0.663491,-0.272984,1.77286,0.739965,0.29944,-5.44902,-3.57181,1.01016,-8.04816,-11.5672,-0,-0,-0,-0,-0,-0
8.94534,-1.60306,-1.11992,-0.60901,-0.229478,1.74044,0.94669,0.29944,-5.44902,-3.57181,1.01016,-8.04816,-11.5672,-0,-0,-0,-0,-0,-0
8.95032,-1.5888,-1.11637,-0.568385,-0.214683,1.73473,1.11987,0.3546,-5.7524,-3.08902,2.07,-9.03348,-10.5653,-0,-0,-0,-0,-0,-0
8.95544,-1.57684,-1.13052,-0.54738,-0.205566,1.7387,1.18762,0.36642,-4.1961,-2.47456,1.73052,-8.79336,-8.28828,-0,-0,-0,-0,-0,-0
8.96021,-1.57354,-1.19947,-0.556443,-0.202041,1.73509,1.18976,0.36642,-4.1961,-2.47456,1.73052,-8.79336,-8.28828,-0,-0,-0,-0,-0,-0
8.96517,-1.57822,-1.23853,-0.570617,-0.198144,1.72708,1.17119,0.99682,-4.85802,-1.89145,1.84644,-8.64432,-7.69212,-0,-0,-0,-0,-0,-0
8.97019,-1.59796,-1.28016,-0.599932,-0.216019,1.73955,1.10376,0.4925,-5.01168,-2.24466,2.20248,-9.37296,-6.2514,-0,-0,-0,-0,-0,-0
8.97526,-1.60985,-1.32115,-0.622807,-0.24226,1.76468,1.01182,0.4925,-5.01168,-2.24466,2.20248,-9.37296,-6.2514,-0,-0,-0,-0,-0,-0
8.98025,-1.61692,-1.33837,-0.630116,-0.260769,1.80258,0.951369,0.50038,-5.48054,-2.56861,2.25216,-10.0768,-7.36092,-0,-0,-0,-0,-0,-0
8.98523,-1.62448,-1.32532,-0.61619,-0.295922,1.81795,0.923322,0.68556,-6.05184,-2.95944,3.01392,-8.26344,-7.69212,-0,-0,-0,-0,-0,-0
8.99029,-1.64573,-1.31918,-0.606533,-0.362609,1.79598,0.90616,0.68556,-6.05184,-2.95944,3.01392,-8.26344,-7.69212,-0,-0,-0,-0,-0,-0
8.99525,-1.64387,-1.29696,-0.604975,-0.395077,1.74423,0.897842,0.06698,-5.99274,-2.09627,1.83816,-6.831,-8.00676,-0,-0,-0,-0,-0,-0
9.00055,-1.63238,-1.29086,-0.629519,-0.409097,1.66489,0.894307,0.06698,-5.99274,-2.09627,1.83816,-6.831,-8.00676,0,0,0,0,0,0
9.00522,-1.60228,-1.28357,-0.61807,-0.39339,1.63282,0.882645,-0.29944,-5.38598,-3.24368,1.08468,-8.8596,-7.659,0,0,0,0,0,0
9.01022,-1.58063,-1.29658,-0.604493,-0.373709,1.61237,0.88737,0.10638,-5.3387,-2.4035,1.49868,-7.44372,-8.71884,0,0,0,0,0,0
9.01526,-1.56967,-1.31159,-0.61089,-0.364521,1.56232,0.910864,0.10638,-5.3387,-2.4035,1.49868,-7.44372,-8.71884,0,0,0,0,0,0
9.02028,-1.55363,-1.29001,-0.614736,-0.341839,1.55911,0.907412,0.16548,-6.25672,-2.03775,1.242,-9.4392,-7.659,0,0,0,0,0,0
9.02535,-1.54502,-1.26019,-0.633565,-0.311241,1.59784,0.881104,0.16548,-6.25672,-2.03775,1.242,-9.4392,-7.659,0,0,0,0,0,0
9.03028,-1.54817,-1.20037,-0.621911,-0.256256,1.64254,0.843435,0.98106,-6.96198,-2.92182,0.63756,-9.83664,-7.07112,0,0,0,0,0,0
9.03519,-1.57679,-1.15033,-0.605055,-0.207562,1.70153,0.794936,0.98106,-6.96198,-2.92182,0.63756,-9.83664,-7.07112,0,0,0,0,0,0
9.04029,-1.55804,-1.08505,-0.582685,-0.167372,1.74911,0.762353,-0.97318,-7.43084,-2.95735,0.84456,-9.2322,-7.71696,0,0,0,0,0,0
9.04523,-1.53857,-1.03952,-0.582627,-0.151593,1.79598,0.753515,0.47674,-6.84772,-2.40977,1.29168,-9.78696,-7.79148,0,0,0,0,0,0
9.05032,-1.5532,-1.00909,-0.593645,-0.14878,1.8522,0.73819,0.47674,-6.84772,-2.40977,1.29168,-9.78696,-7.79148,0,0,0,0,0,0
9.05539,-1.55527,-0.969935,-0.581975,-0.124427,1.84306,0.732178,0.1773,-6.70982,-3.00751,0.55476,-6.98832,-8.42076,0,0,0,0,0,0
9.06025,-1.54849,-0.943856,-0.565037,-0.0933123,1.79711,0.734216,0.07486,-6.42614,-2.70446,0.87768,-7.8246,-8.01504,0,0,0,0,0,0
9.06545,-1.54852,-0.928061,-0.56115,-0.0577012,1.74956,0.722382,0.16942,-6.69012,-2.63131,0,-6.82272,-7.866,0,0,0,0,0,0
9.07027,-1.55157,-0.911593,-0.561739,-0.0130206,1.67948,0.712937,0.16942,-6.69012,-2.63131,0,-6.82272,-7.866,0,0,0,0,0,0
9.07523,-1.5535,-0.889547,-0.555597,0.0307338,1.60365,0.694681,0.30732,-6.41432,-2.54771,-0.02484,-6.47496,-7.36092,0,0,0,0,0,0
9.0806,-1.5682,-0.894975,-0.563554,0.0599792,1.52745,0.675919,0.30732,-6.41432,-2.54771,-0.02484,-6.47496,-7.36092,0,0,0,0,0,0
9.08528,-1.57431,-0.911985,-0.570221,0.0981978,1.47338,0.716226,0.20488,-5.4569,-2.36588,-0.07452,-7.27812,-9.8118,0,0,0,0,0,0
9.09028,-1.56811,-0.934032,-0.569439,0.120367,1.45767,0.742942,-0.16548,-5.92182,-2.68356,0.75348,-8.1144,-7.11252,0,0,0,0,0,0
9.09529,-1.56334,-0.965426,-0.573458,0.111957,1.46738,0.702429,-0.16548,-5.92182,-2.68356,0.75348,-8.1144,-7.11252,0,0,0,0,0,0
9.10026,-1.56577,-0.963394,-0.578878,0.120402,1.49451,0.678471,0.26004,-7.00138,-2.3408,0.1242,-8.78508,-7.9902,0,0,0,0,0,0
9.10555,-1.57021,-0.933715,-0.589919,0.148702,1.54012,0.680436,0.26004,-7.00138,-2.3408,0.1242,-8.78508,-7.9902,0,0,0,0,0,0
9.11038,-1.52087,-0.895807,-0.578001,0.172952,1.58159,0.682772,-1.48932,-6.20156,-2.62713,1.02672,-8.694,-7.88256,0,0,0,0,0,0
9.1152,-1.4432,-0.892872,-0.571439,0.164515,1.61519,0.677681,-1.48932,-6.20156,-2.62713,1.02672,-8.694,-7.88256,0,0,0,0,0,0
9.12032,-1.39116,-0.880441,-0.585908,0.152018,1.6201,0.675449,-0.42158,-6.19368,-1.4003,1.17576,-7.6176,-8.1972,0,0,0,0,0,0
9.12542,-1.38433,-0.885465,-0.594542,0.15663,1.58136,0.695135,0.24034,-5.713,-2.98661,0.35604,-6.77304,-8.75196,0,0,0,0,0,0
9.13034,-1.39691,-0.911869,-0.574407,0.177525,1.5294,0.733302,0.24034,-5.713,-2.98661,0.35604,-6.77304,-8.75196,0,0,0,0,0,0
9.13532,-1.39317,-0.914338,-0.560631,0.202632,1.48308,0.762013,-0.35066,-6.31976,-2.44948,0.3312,-6.83928,-8.24688,0,0,0,0,0,0
9.14024,-1.38008,-0.910969,-0.563796,0.217427,1.44184,0.779546,-0.35066,-6.31976,-2.44948,0.3312,-6.83928,-8.24688,0,0,0,0,0,0
9.14521,-1.37394,-0.897174,-0.552618,0.218386,1.38815,0.777437,0.09062,-6.31188,-2.76089,0.93564,-6.19344,-7.39404,0,0,0,0,0,0
9.15026,-1.39022,-0.868622,-0.533187,0.221775,1.38418,0.829079,0.6304,-7.29294,-3.00542,-0.01656,-8.74368,-10.9462,0,0,0,0,0,0
9.15527,-1.42247,-0.829864,-0.517138,0.242801,1.43313,0.945798,0.6304,-7.29294,-3.00542,-0.01656,-8.74368,-10.9462,0,0,0,0,0,0
9.16046,-1.44113,-0.785238,-0.497125,0.27141,1.43123,1.01926,0.14184,-7.32052,-3.04513,-0.28152,-6.65712,-9.54684,0,0,0,0,0,0
9.16542,-1.43176,-0.756637,-0.480582,0.312953,1.38302,1.01971,-0.50432,-6.6783,-2.86748,-0.36432,-6.23484,-7.9488,0,0,0,0,0,0
9.17016,-1.41062,-0.755353,-0.476681,0.349482,1.3308,0.985365,-0.50432,-6.6783,-2.86748,-0.36432,-6.23484,-7.9488,0,0,0,0,0,0
9.17522,-1.36821,-0.773274,-0.469955,0.378569,1.33298,0.945483,-1.379,-5.40174,-2.75044,-0.05796,-8.51184,-7.70868,0,0,0,0,0,0
9.18037,-1.31652,-0.839744,-0.476489,0.387067,1.38469,0.903629,-1.379,-5.40174,-2.75044,-0.05796,-8.51184,-7.70868,0,0,0,0,0,0
9.18554,-1.28168,-0.868813,-0.495121,0.391082,1.39802,0.876522,-0.69344,-6.86348,-2.05029,0.07452,-6.94692,-8.24688,0,0,0,0,0,0
9.19026,-1.25896,-0.87174,-0.525585,0.413541,1.40459,0.8387,-0.72496,-6.00062,-1.881,-0.7452,-8.14752,-7.17048,0,0,0,0,0,0
9.19524,-1.23841,-0.89664,-0.55941,0.447498,1.43589,0.78059,-0.72496,-6.00062,-1.881,-0.7452,-8.14752,-7.17048,0,0,0,0,0,0
9.20037,-1.22398,-0.91869,-0.551906,0.494028,1.4251,0.753806,-0.26792,-5.40962,-3.24368,-1.25028,-6.3756,-8.43732,0,0,0,0,0,0
9.2054,-1.2119,-0.939281,-0.545113,0.554592,1.3832,0.744976,-0.70132,-6.09124,-1.90399,-1.50696,-6.60744,-7.8246,0,0,0,0,0,0
9.21028,-1.1924,-0.950689,-0.571998,0.616732,1.35185,0.728608,-0.70132,-6.09124,-1.90399,-1.50696,-6.60744,-7.8246,0,0,0,0,0,0
9.21534,-1.16435,-0.952211,-0.58087,0.668117,1.32484,0.717813,-0.93772,-5.99274,-2.30318,-0.9936,-6.67368,-7.94052,0,0,0,0,0,0
9.22033,-1.1352,-0.964171,-0.586016,0.702921,1.3,0.714238,-0.93772,-5.99274,-2.30318,-0.9936,-6.67368,-7.94052,0,0,0,0,0,0
9.22542,-1.11007,-0.969297,-0.60266,0.752114,1.26527,0.710854,-0.72102,-5.9888,-1.60721,-1.6146,-6.21828,-7.85772,0,0,0,0,0,0
9.23042,-1.07851,-0.959703,-0.627701,0.856097,1.21691,0.688565,-1.2017,-6.45372,-1.78277,-3.4362,-6.0858,-6.92208,0,0,0,0,0,0
9.23533,-1.04094,-0.950735,-0.654211,0.990447,1.17272,0.644153,-1.2017,-6.45372,-1.78277,-3.4362,-6.0858,-6.92208,0,0,0,0,0,0
9.2403,-1.00273,-0.929452,-0.670456,1.1362,1.14913,0.617137,-1.18988,-6.72164,-1.97923,-4.2228,-6.83928,-7.73352,0,0,0,0,0,0
9.24537,-0.970619,-0.910653,-0.668524,1.31967,1.13454,0.636864,-1.01652,-6.34734,-2.52472,-5.68008,-6.49152,-9.01692,0,0,0,0,0,0
9.25033,-0.946059,-0.91016,-0.659135,1.49942,1.1175,0.68461,-1.01652,-6.34734,-2.52472,-5.68008,-6.49152,-9.01692,0,0,0,0,0,0
9.25551,-0.917819,-0.896277,-0.642104,1.60018,1.11439,0.695159,-1.0441,-6.4419,-2.53517,-5.11704,-6.98832,-7.452,0,0,0,0,0,0
9.26052,-0.897667,-0.89879,-0.635179,1.59801,1.1292,0.667159,-1.0441,-6.4419,-2.53517,-5.11704,-6.98832,-7.452,0,0,0,0,0,0
9.26527,-0.863178,-0.871771,-0.603575,1.54988,1.14353,0.690764,-1.56024,-7.33234,-3.35654,-5.05908,-6.92208,-9.87804,0,0,0,0,0,0
9.27017,-0.823748,-0.837356,-0.562869,1.48053,1.15993,0.767731,-1.56024,-7.33234,-3.35654,-5.05908,-6.92208,-9.87804,0,0,0,0,0,0
9.27514,-0.772385,-0.80607,-0.546475,1.41999,1.19358,0.800898,-2.11972,-6.91864,-2.14643,-5.44824,-7.69212,-8.04816,0,0,0,0,0,0
9.28021,-0.671006,-0.780759,-0.550173,1.40099,1.23749,0.77232,-3.8809,-6.72952,-2.21122,-6.73992,-7.60932,-7.08768,0,0,0,0,0,0
9.28531,-0.545486,-0.769441,-0.558019,1.40468,1.2728,0.727251,-3.8809,-6.72952,-2.21122,-6.73992,-7.60932,-7.08768,0,0,0,0,0,0
9.29029,-0.40308,-0.754113,-0.558411,1.39689,1.23629,0.696815,-5.14958,-6.35128,-2.20077,-6.06096,-4.62024,-7.62588,0,0,0,0,0,0
9.29519,-0.264336,-0.741273,-0.557946,1.33501,1.16205,0.68642,-4.9447,-6.83196,-2.28228,-4.37184,-5.589,-7.93224,0,0,0,0,0,0
9.30027,-0.174545,-0.731616,-0.56259,1.23512,1.11689,0.682336,-4.9447,-6.83196,-2.28228,-4.37184,-5.589,-7.93224,0,0,0,0,0,0
9.30535,-0.101081,-0.719346,-0.57812,1.18585,1.06603,0.671186,-6.15822,-6.58768,-1.5048,-6.26796,-5.18328,-7.68384,0,0,0,0,0,0
9.31021,-0.0566541,-0.723125,-0.615069,1.18098,1.00965,0.654122,-6.15822,-6.58768,-1.5048,-6.26796,-5.18328,-7.68384,0,0,0,0,0,0
9.31556,-0.0601003,-0.728349,-0.649839,1.17534,0.956379,0.636713,-6.15822,-6.58768,-1.5048,-6.26796,-5.18328,-7.68384,0,0,0,0,0,0
9.32036,-0.0751383,-0.717608,-0.64453,1.1926,0.912037,0.631858,-6.35916,-6.43402,-2.7797,-6.81444,-5.55588,-8.28,0,0,0,0,0,0
9.32521,-0.106243,-0.726293,-0.62153,1.20557,0.883683,0.641218,-6.35916,-6.43402,-2.7797,-6.81444,-5.55588,-8.28,0,0,0,0,0,0
9.33049,-0.14566,-0.735688,-0.600763,1.20857,0.860127,0.64988,-6.35916,-6.43402,-2.7797,-6.81444,-5.55588,-8.28,0,0,0,0,0,0
9.33538,-0.180397,-0.727516,-0.595815,1.20012,0.841611,0.628882,-6.38674,-6.8162,-1.92489,-6.1272,-5.74632,-6.9552,0,0,0,0,0,0
9.34036,-0.237948,-0.719663,-0.611526,1.18769,0.866322,0.608784,-5.40174,-6.60344,-1.90399,-6.69024,-7.46028,-8.27172,0,0,0,0,0,0
9.34547,-0.294303,-0.71587,-0.618931,1.13415,0.892455,0.61363,-6.31976,-6.64284,-2.18614,-4.32216,-5.76288,-7.75836,0,0,0,0,0,0
9.35033,-0.330856,-0.719539,-0.624315,1.04019,0.882448,0.606662,-6.31976,-6.64284,-2.18614,-4.32216,-5.76288,-7.75836,0,0,0,0,0,0
9.35524,-0.363047,-0.706547,-0.612224,1.01568,0.917744,0.610099,-6.19762,-6.89894,-2.66057,-6.89724,-7.79148,-8.28,0,0,0,0,0,0
9.36034,-0.376491,-0.680261,-0.601379,1.01851,0.965033,0.645526,-6.90682,-7.10776,-2.01476,-5.59728,-6.35076,-9.3978,0,0,0,0,0,0
9.36536,-0.376617,-0.655033,-0.608877,0.998332,0.976953,0.701619,-6.90682,-7.10776,-2.01476,-5.59728,-6.35076,-9.3978,0,0,0,0,0,0
9.37056,-0.377317,-0.634682,-0.604138,0.993286,0.987542,0.721193,-6.6192,-6.39856,-2.26765,-5.94504,-6.40872,-7.96536,0,0,0,0,0,0
9.37515,-0.393209,-0.646371,-0.603332,0.969767,0.998266,0.710666,-6.6192,-6.39856,-2.26765,-5.94504,-6.40872,-7.96536,0,0,0,0,0,0
9.3803,-0.439901,-0.691855,-0.607119,0.925479,1.00371,0.693188,-5.1811,-4.59404,-1.88309,-5.64696,-6.23484,-7.659,0,0,0,0,0,0
9.38526,-0.495375,-0.718122,-0.625411,0.901057,0.96334,0.676372,-6.2252,-7.43478,-1.7974,-6.46668,-4.29732,-7.83288,0,0,0,0,0,0
9.39035,-0.516712,-0.702661,-0.623826,0.899717,0.926037,0.658482,-6.35128,-6.2646,-2.55816,-6.14376,-6.02784,-7.40232,0,0,0,0,0,0
9.3952,-0.543749,-0.719406,-0.621572,0.907802,0.892937,0.619266,-6.04002,-6.09124,-1.881,-6.98832,-4.46292,-6.60744,0,0,0,0,0,0
9.40034,-0.583881,-0.75259,-0.641207,0.923302,0.833059,0.562594,-6.04002,-6.09124,-1.881,-6.98832,-4.46292,-6.60744,0,0,0,0,0,0
9.40544,-0.632194,-0.791014,-0.659663,0.894593,0.788154,0.516466,-5.44508,-5.59086,-1.75351,-5.00112,-4.91004,-7.0794,0,0,0,0,0,0
9.41032,-0.695893,-0.82594,-0.673502,0.856035,0.730876,0.479505,-4.9053,-5.80756,-1.9228,-5.86224,-3.87504,-6.78132,0,0,0,0,0,0
9.41532,-0.748533,-0.846043,-0.674088,0.844016,0.668532,0.451352,-5.54752,-5.85484,-2.06701,-5.86224,-4.49604,-7.23672,0,0,0,0,0,0
9.42033,-0.784493,-0.871342,-0.676866,0.825369,0.626191,0.430066,-5.14564,-5.03926,-1.60721,-5.10876,-4.81896,-6.4584,0,0,0,0,0,0
9.42526,-0.775633,-0.858585,-0.697389,0.815223,0.62233,0.419046,-6.93834,-6.82802,-0.95513,-5.85396,-5.97816,-7.15392,0,0,0,0,0,0
9.43027,-0.765539,-0.823807,-0.717748,0.797066,0.606927,0.434046,-5.122,-5.91,-1.463,-4.48776,-4.2642,-7.15392,0,0,0,0,0,0
9.43527,-0.776219,-0.800529,-0.726825,0.772221,0.568016,0.450096,-5.76028,-6.05184,-1.18712,-5.00112,-5.06736,-7.0794,0,0,0,0,0,0
9.44035,-0.74536,-0.760215,-0.722516,0.830772,0.561037,0.534534,-7.1905,-7.08018,-2.22794,-8.18064,-5.33232,-10.4494,0,0,0,0,0,0
9.44529,-0.697521,-0.716142,-0.686393,0.945923,0.56518,0.671985,-6.89894,-6.64678,-2.80269,-8.41248,-5.53104,-10.1347,0,0,0,0,0,0
9.45025,-0.675374,-0.688246,-0.674045,1.0313,0.591003,0.724022,-6.60738,-6.90682,-1.40866,-7.76664,-6.13548,-7.2864,0,0,0,0,0,0
9.45517,-0.67032,-0.654792,-0.666541,1.0676,0.626735,0.701537,-6.4419,-7.29294,-2.78179,-6.97176,-5.86224,-6.9138,0,0,0,0,0,0
9.4602,-0.670821,-0.617395,-0.641997,1.12085,0.655072,0.698104,-6.61526,-7.54904,-2.32199,-8.28,-5.74632,-8.30484,0,0,0,0,0,0
9.46523,-0.663161,-0.58162,-0.650675,1.16119,0.680761,0.699445,-7.02502,-7.57662,-1.5048,-7.08768,-5.80428,-7.83288,0,0,0,0,0,0
9.47022,-0.6444,-0.559783,-0.664126,1.1399,0.708617,0.672809,-7.11564,-7.00138,-2.03775,-5.70492,-5.87052,-7.12908,0,0,0,0,0,0
9.47516,-0.645243,-0.577729,-0.67298,1.1202,0.760745,0.609747,-6.20944,-6.01244,-1.77023,-7.3692,-6.92208,-6.47496,0,0,0,0,0,0
9.48031,-0.672068,-0.588399,-0.672731,1.14922,0.815772,0.566011,-5.76816,-6.96592,-2.24257,-7.72524,-6.05268,-7.6176,0,0,0,0,0,0
9.48535,-0.684292,-0.590624,-0.664934,1.17028,0.832476,0.540373,-6.6586,-6.28824,-2.12135,-6.93036,-5.37372,-6.831,0,0,0,0,0,0
9.49035,-0.677112,-0.593542,-0.670191,1.14902,0.837925,0.513036,-6.5995,-6.895,-1.59049,-5.78772,-5.47308,-7.50168,0,0,0,0,0,0
9.4953,-0.697825,-0.598585,-0.665519,1.13848,0.820573,0.507695,-5.41356,-6.2449,-2.61877,-7.19532,-4.4298,-7.64244,0,0,0,0,0,0
9.50018,-0.715277,-0.623391,-0.655379,1.10832,0.815317,0.511472,-6.65072,-6.01244,-1.72843,-5.02596,-5.98644,-7.94052,0,0,0,0,0,0
9.5055,-0.691133,-0.679758,-0.682641,1.06797,0.814307,0.512121,-7.25748,-4.9447,-1.04291,-6.46668,-4.39668,-7.60104,0,0,0,0,0,0
9.51041,-0.680802,-0.71341,-0.696905,1.04093,0.757384,0.501713,-5.86272,-6.39068,-2.05447,-5.45652,-3.6018,-7.10424,0,0,0,0,0,0
9.51523,-0.701257,-0.72405,-0.708416,1.02036,0.69462,0.501482,-6.11882,-6.21338,-1.28117,-6.85584,-3.96612,-7.84944,0,0,0,0,0,0
9.52029,-0.70416,-0.718595,-0.721261,1.00731,0.630903,0.517036,-6.50888,-6.94622,-1.94161,-5.74632,-3.49416,-7.55964,0,0,0,0,0,0
9.52533,-0.686872,-0.704135,-0.709958,0.984284,0.585909,0.511338,-6.98562,-6.46948,-2.1736,-6.18516,-4.73616,-7.22844,0,0,0,0,0,0
9.5303,-0.683976,-0.726598,-0.707611,1.008,0.584958,0.504416,-6.04002,-5.76816,-1.79531,-7.98192,-5.0094,-7.72524,0,0,0,0,0,0
9.53536,-0.685434,-0.74243,-0.712791,1.01617,0.56123,0.486458,-6.63496,-6.40644,-1.68245,-5.7132,-3.74256,-7.02972,0,0,0,0,0,0
9.54027,-0.67918,-0.740577,-0.724731,0.993549,0.521117,0.473516,-6.28824,-6.4616,-1.45673,-6.36732,-4.0572,-7.72524,0,0,0,0,0,0
9.54536,-0.693079,-0.73748,-0.727819,0.988743,0.502971,0.461205,-5.80362,-6.59556,-2.09209,-6.73992,-4.42152,-6.96348,0,0,0,0,0,0
9.55021,-0.719274,-0.732639,-0.717616,0.987979,0.491049,0.439102,-5.80362,-6.59556,-2.09209,-6.73992,-4.42152,-6.96348,0,0,0,0,0,0
9.55516,-0.714284,-0.730219,-0.714205,1.01756,0.472162,0.46271,-6.7965,-5.95728,-1.50271,-8.073,-4.18968,-8.87616,0,0,0,0,0,0
9.56027,-0.696743,-0.72342,-0.720046,1.01161,0.454818,0.50091,-6.5207,-7.17474,-1.78277,-5.28264,-4.1814,-8.03988,0,0,0,0,0,0
9.56547,-0.685912,-0.690638,-0.720955,0.948625,0.436523,0.514203,-6.5207,-7.17474,-1.78277,-5.28264,-4.1814,-8.03988,0,0,0,0,0,0
9.57043,-0.680839,-0.676596,-0.713059,0.916863,0.406671,0.522265,-5.76028,-5.76422,-1.86846,-6.11892,-3.75912,-7.98192,0,0,0,0,0,0
9.57538,-0.694154,-0.697534,-0.70508,0.905262,0.371446,0.532135,-5.76028,-5.76422,-1.86846,-6.11892,-3.75912,-7.98192,0,0,0,0,0,0
9.58026,-0.677728,-0.705068,-0.677781,0.893949,0.345236,0.533148,-6.7768,-5.98092,-2.56025,-5.9202,-4.09032,-7.5348,0,0,0,0,0,0
9.58527,-0.653127,-0.713391,-0.654384,0.921633,0.337955,0.540732,-6.2449,-5.83908,-1.74306,-7.72524,-4.37184,-7.95708,0,0,0,0,0,0
9.59033,-0.642037,-0.745098,-0.665352,0.947931,0.326761,0.542147,-6.5798,-5.41356,-1.33969,-6.44184,-3.91644,-7.245,0,0,0,0,0,0
9.59536,-0.607799,-0.774409,-0.685406,0.969354,0.320395,0.504164,-7.17868,-5.76816,-1.26027,-7.245,-4.54572,-6.16032,0,0,0,0,0,0
9.60033,-0.569858,-0.799137,-0.703044,1.01244,0.376069,0.472344,-7.10776,-5.99668,-1.60303,-7.75008,-6.55776,-7.43544,0,0,0,0,0,0
9.60544,-0.532006,-0.806353,-0.705957,1.05576,0.421303,0.442964,-7.18656,-6.46948,-1.9228,-7.72524,-4.28904,-6.61572,0,0,0,0,0,0
9.61029,-0.494563,-0.796233,-0.701857,1.05727,0.416759,0.394869,-6.84772,-6.44978,-1.71171,-5.82084,-4.25592,-6.3342,0,0,0,0,0,0
9.61532,-0.465785,-0.781156,-0.704981,1.04087,0.419895,0.373689,-6.90682,-6.74528,-1.58004,-6.7482,-4.64508,-7.55136,0,0,0,0,0,0
9.62043,-0.4346,-0.788761,-0.724926,1.01737,0.428112,0.377711,-7.29294,-5.81544,-1.0868,-5.81256,-4.32216,-7.92396,0,0,0,0,0,0
9.62539,-0.409235,-0.794946,-0.749169,0.981045,0.458867,0.391753,-6.51282,-6.47342,-1.23519,-5.53932,-5.77116,-7.62588,0,0,0,0,0,0
9.63047,-0.389847,-0.759159,-0.779,0.941006,0.511528,0.37134,-7.00926,-7.486,-0.68552,-5.28264,-5.43996,-6.35076,0,0,0,0,0,0
9.63518,-0.346808,-0.711735,-0.790757,0.942904,0.552644,0.370467,-7.24172,-6.72952,-1.84756,-6.98832,-5.40684,-8.41248,0,0,0,0,0,0
9.64025,-0.324161,-0.667122,-0.772056,0.942308,0.62211,0.409879,-6.41432,-7.78544,-2.15897,-5.76288,-6.50808,-8.06472,0,0,0,0,0,0
9.64527,-0.297854,-0.620683,-0.756416,0.909501,0.69926,0.386771,-7.289,-6.80438,-1.66155,-5.2578,-5.90364,-5.95332,0,0,0,0,0,0
9.65031,-0.260781,-0.587156,-0.74761,0.9233,0.735617,0.391785,-7.02502,-7.27324,-1.84756,-7.43544,-4.81896,-8.87616,0,0,0,0,0,0
9.65546,-0.223846,-0.556107,-0.757663,0.979376,0.742188,0.483566,-7.60026,-7.22596,-1.06172,-7.70868,-4.61196,-10.1099,0,0,0,0,0,0
9.66033,-0.204594,-0.550998,-0.787491,0.975088,0.750351,0.537632,-6.62708,-6.59162,-1.14741,-5.97816,-4.94316,-7.55136,0,0,0,0,0,0
9.66542,-0.194785,-0.565155,-0.812779,0.974684,0.761139,0.502406,-7.28112,-6.4616,-1.22265,-7.8246,-4.85208,-6.42528,0,0,0,0,0,0
9.6704,-0.180591,-0.605924,-0.829452,0.974355,0.735723,0.456141,-6.8753,-5.57904,-1.63229,-6.9552,-3.41964,-7.25328,0,0,0,0,0,0
9.67531,-0.164001,-0.649775,-0.828219,0.899129,0.6711,0.418552,-7.22596,-5.90606,-1.78486,-4.21452,-2.99736,-6.5412,0,0,0,0,0,0
9.68028,-0.179304,-0.673971,-0.831517,0.8201,0.635613,0.407849,-5.22838,-6.21338,-1.30834,-5.77116,-4.347,-8.1144,0,0,0,0,0,0
9.6853,-0.190039,-0.686834,-0.851627,0.786423,0.628144,0.404189,-7.09594,-6.05972,-0.86735,-6.06096,-4.20624,-6.67368,0,0,0,0,0,0
9.69042,-0.168093,-0.692332,-0.881754,0.734868,0.595746,0.377443,-6.67436,-6.48524,-0.81301,-4.86036,-3.08016,-6.9552,0,0,0,0,0,0
9.69525,-0.151793,-0.6882,-0.899979,0.711522,0.543029,0.384078,-6.6389,-6.15822,-1.17667,-6.85584,-3.28716,-8.1144,0,0,0,0,0,0
9.70024,-0.121896,-0.704554,-0.904791,0.745963,0.482668,0.403864,-7.3481,-5.5554,-1.32088,-6.67368,-2.61648,-7.7418,0,0,0,0,0,0
9.70523,-0.07663,-0.732208,-0.906668,0.774237,0.413095,0.426501,-7.3481,-5.5554,-1.32088,-6.67368,-2.61648,-7.7418,0,0,0,0,0,0
9.71028,-0.037614,-0.733296,-0.916833,0.801166,0.3543,0.445387,-6.81226,-6.27248,-0.72523,-6.54948,-2.94768,-7.33608,0,0,0,0,0,0
9.71519,-0.0128728,-0.726868,-0.935029,0.815316,0.324942,0.474726,-6.70982,-5.93758,-0.96558,-6.31764,-3.77568,-8.1972,0,0,0,0,0,0
9.72028,0.0301701,-0.72269,-0.947898,0.795146,0.275879,0.497815,-7.8406,-6.25672,-0.92796,-4.91004,-2.00376,-7.33608,0,0,0,0,0,0
9.72522,0.0721237,-0.708637,-0.94026,0.742967,0.210148,0.488256,-6.56798,-6.21338,-1.77859,-4.47948,-2.90628,-7.21188,0,0,0,0,0,0
9.73037,0.0865092,-0.709384,-0.935649,0.701078,0.140613,0.491496,-6.68618,-5.66178,-0.80047,-5.34888,-1.7388,-7.866,0,0,0,0,0,0
9.73538,0.106429,-0.731418,-0.954463,0.660721,0.0796838,0.498262,-7.00926,-5.56328,-0.88825,-5.33232,-3.0222,-7.3692,0,0,0,0,0,0
9.74025,0.149742,-0.77719,-0.974863,0.634471,0.0571097,0.50204,-7.87212,-4.73194,-0.73359,-5.8374,-3.24576,-7.80804,0,0,0,0,0,0
9.7453,0.181511,-0.823473,-0.982745,0.63324,0.0578423,0.498873,-6.47736,-5.38204,-1.38985,-6.69852,-3.88332,-7.04628,0,0,0,0,0,0
9.75027,0.210694,-0.851916,-0.965999,0.628855,0.0475952,0.491173,-7.68694,-5.3387,-1.75142,-5.43996,-2.84004,-7.17876,0,0,0,0,0,0
9.75524,0.261948,-0.884168,-0.95452,0.604696,0.0200166,0.52172,-7.59632,-5.30324,-1.20175,-6.01128,-3.00564,-8.8182,0,0,0,0,0,0
9.76028,0.285168,-0.908349,-0.954963,0.600296,-0.0239577,0.554476,-6.37098,-5.44508,-1.20593,-6.21828,-2.07828,-7.659,0,0,0,0,0,0
9.76532,0.287077,-0.92565,-0.966047,0.541546,-0.0687041,0.542205,-6.86348,-5.68936,-0.76285,-3.66804,-2.84004,-6.82272,0,0,0,0,0,0
9.77015,0.298212,-0.914059,-0.987968,0.466192,-0.119403,0.504891,-6.6192,-6.49706,-0.60819,-4.76928,-1.70568,-6.68196,0,0,0,0,0,0
9.77532,0.308893,-0.896998,-1.00485,0.442403,-0.190469,0.488514,-6.80832,-5.88636,-0.89661,-5.74632,-1.81332,-7.46856,0,0,0,0,0,0
9.78022,0.334463,-0.894569,-1.01337,0.450611,-0.238417,0.501657,-7.34416,-5.91788,-0.95304,-6.3342,-2.55852,-7.87428,0,0,0,0,0,0
9.78519,0.355853,-0.893058,-1.00769,0.461484,-0.273659,0.514454,-6.6389,-5.95728,-1.53824,-5.86224,-2.21076,-7.34436,0,0,0,0,0,0
9.79044,0.367589,-0.873387,-0.982702,0.475252,-0.325,0.521559,-6.80438,-6.66648,-1.7347,-6.3756,-1.72224,-7.72524,0,0,0,0,0,0
9.79526,0.382098,-0.820615,-0.953215,0.506608,-0.375921,0.546753,-6.5207,-7.12352,-1.68454,-6.50808,-2.1528,-8.01504,0,0,0,0,0,0
9.80034,0.417213,-0.762194,-0.930008,0.504615,-0.423823,0.537373,-7.69088,-7.15898,-1.52152,-5.12532,-1.68084,-5.96988,0,0,0,0,0,0
9.80518,0.461311,-0.701728,-0.920478,0.468441,-0.472336,0.54172,-7.06048,-7.28506,-1.1286,-4.74444,-2.02032,-8.42076,0,0,0,0,0,0
9.81035,0.484727,-0.647624,-0.9241,0.416117,-0.508715,0.594869,-7.06048,-7.28506,-1.1286,-4.74444,-2.02032,-8.42076,0,0,0,0,0,0
9.81528,0.519516,-0.62496,-0.934856,0.35949,-0.544598,0.611305,-7.30082,-5.54752,-0.61237,-4.33872,-2.05344,-7.0794,0,0,0,0,0,0
9.82021,0.562263,-0.618393,-0.954404,0.354924,-0.581404,0.606627,-7.1117,-6.2449,-0.53504,-5.93676,-1.88784,-7.452,0,0,0,0,0,0
9.82529,0.606006,-0.608891,-0.977441,0.369026,-0.625404,0.590561,-7.69876,-6.11882,-0.58311,-5.6718,-1.58148,-6.71508,0,0,0,0,0,0
9.83021,0.658468,-0.596359,-1.00115,0.409369,-0.667161,0.562667,-7.34022,-6.2055,-0.32813,-6.57432,-1.9044,-6.80616,0,0,0,0,0,0
9.83517,0.670154,-0.618445,-1.01885,0.442367,-0.697333,0.540139,-6.13852,-4.87772,-0.95304,-6.11064,-1.9458,-6.624,0,0,0,0,0,0
9.84019,0.681445,-0.669841,-1.02807,0.465638,-0.71981,0.526358,-7.6436,-5.0235,-0.77957,-7.17876,-2.17764,-7.26984,0,0,0,0,0,0
9.84517,0.715482,-0.707489,-1.04051,0.440651,-0.730098,0.534762,-7.289,-5.74452,-0.89452,-4.10688,-2.3184,-7.62588,0,0,0,0,0,0
9.85045,0.724596,-0.720128,-1.05852,0.376931,-0.729194,0.538614,-6.32764,-5.67754,-0.32395,-5.07564,-2.61648,-7.02972,0,0,0,0,0,0
9.8554,0.74205,-0.720449,-1.0779,0.361478,-0.721186,0.536582,-7.3481,-5.89818,-0.61864,-5.10048,-2.65788,-6.9966,0,0,0,0,0,0
9.86035,0.741919,-0.720966,-1.0906,0.38223,-0.718654,0.537372,-5.54752,-5.56722,-0.54758,-7.04628,-2.41776,-7.23672,0,0,0,0,0,0
9.86529,0.739798,-0.712994,-1.10318,0.431018,-0.725163,0.542434,-7.18656,-6.33946,-0.64163,-6.34248,-2.21076,-6.79788,0,0,0,0,0,0
9.87044,0.757721,-0.705892,-1.11044,0.465758,-0.730182,0.545172,-6.41038,-5.43326,-0.64999,-6.27624,-2.49228,-7.1208,0,0,0,0,0,0
9.87529,0.777118,-0.696991,-1.1149,0.453787,-0.738597,0.56837,-7.04472,-6.21338,-0.66462,-3.99924,-2.0286,-7.62588,0,0,0,0,0,0
9.88025,0.814851,-0.671581,-1.12782,0.387104,-0.744962,0.584344,-7.34022,-6.33552,-0.30305,-3.53556,-2.46744,-7.13736,0,0,0,0,0,0
9.88527,0.845256,-0.672122,-1.14258,0.34116,-0.747239,0.58172,-6.60344,-4.77528,-0.41591,-4.42152,-2.17764,-7.13736,0,0,0,0,0,0
9.89032,0.894665,-0.689534,-1.1584,0.334368,-0.755623,0.57533,-8.14398,-5.6933,-0.25707,-5.14188,-2.03688,-6.93036,0,0,0,0,0,0
9.89541,0.925534,-0.710979,-1.17379,0.330169,-0.765371,0.564756,-5.74846,-4.334,-0.29678,-4.53744,-1.9458,-6.98832,0,0,0,0,0,0
9.90026,0.900827,-0.771578,-1.18874,0.265175,-0.769587,0.544059,-5.8509,-4.31036,-0.39083,-2.45088,-1.93752,-6.30108,0,0,0,0,0,0
9.90528,0.881063,-0.806815,-1.19678,0.185157,-0.765881,0.501343,-5.6736,-4.86196,-0.31559,-3.51072,-1.9458,-5.8788,0,0,0,0,0,0
9.91029,0.863751,-0.845777,-1.19848,0.117143,-0.752541,0.488357,-5.21656,-3.3293,-0.17974,-0.96048,-1.89612,-7.31952,0,0,0,0,0,0
9.91526,0.874459,-0.888659,-1.194,0.0940929,-0.729142,0.454223,-6.2843,-4.06214,-0.22572,-4.62024,-1.88784,-4.98456,0,0,0,0,0,0
9.9203,0.903194,-0.921595,-1.188,0.147156,-0.691705,0.373294,-6.2843,-4.06214,-0.22572,-4.62024,-1.88784,-4.98456,0,0,0,0,0,0
9.92527,0.906826,-0.95887,-1.17867,0.175829,-0.649732,0.353104,-5.21656,-3.64844,-0.00627,-3.81708,-1.58148,-7.5348,0,0,0,0,0,0
9.9303,0.894841,-0.951411,-1.16247,0.167506,-0.608696,0.366728,-5.29536,-5.57116,-0.06061,-3.52728,-1.48212,-6.59088,0,0,0,0,0,0
9.9353,0.89287,-0.906979,-1.14352,0.170099,-0.559305,0.355622,-5.29536,-5.57116,-0.06061,-3.52728,-1.48212,-6.59088,0,0,0,0,0,0
9.94024,0.923668,-0.886652,-1.12495,0.184556,-0.522117,0.372864,-6.47342,-4.18822,0.3553,-3.6846,-0.65412,-7.97364,0,0,0,0,0,0
9.94547,1.04335,-0.827338,-1.13058,0.308007,-0.518253,0.448778,-8.90046,-6.70982,1.52988,-7.39404,0.38088,-8.79336,0,0,0,0,0,0
9.95025,1.19843,-0.744949,-1.15858,0.468726,-0.525565,0.533054,-8.83742,-6.17792,1.56541,-6.94692,0.90252,-8.21376,0,0,0,0,0,0
9.95524,1.2868,-0.690383,-1.16446,0.546836,-0.515754,0.56823,-7.02502,-6.41038,1.2958,-5.72976,1.242,-6.9552,0,0,0,0,0,0
9.96018,1.31187,-0.665397,-1.15065,0.554789,-0.464118,0.57463,-7.02502,-6.41038,1.2958,-5.72976,1.242,-6.9552,0,0,0,0,0,0
9.96516,1.30561,-0.63499,-1.12188,0.549282,-0.381564,0.602332,-5.97698,-6.87136,1.63438,-6.03612,1.6146,-7.9488,0,0,0,0,0,0
9.97017,1.30452,-0.603941,-1.07699,0.510794,-0.279013,0.583571,-7.15898,-6.24096,1.20802,-4.00752,1.41588,-4.91832,0,0,0,0,0,0
9.97522,1.30964,-0.607559,-1.02365,0.427539,-0.156877,0.551693,-6.40644,-5.61056,1.30207,-3.61836,1.29996,-7.35264,0,0,0,0,0,0
9.98019,1.27262,-0.614897,-0.980591,0.34748,-0.0587789,0.551271,-5.21656,-5.60662,1.90608,-4.04892,2.4426,-6.02784,0,0,0,0,0,0
9.9852,1.20909,-0.637824,-0.961771,0.279144,0.0163161,0.530844,-5.21656,-5.60662,1.90608,-4.04892,2.4426,-6.02784,0,0,0,0,0,0
9.99026,1.1499,-0.657044,-0.942416,0.216424,0.0891481,0.516006,-5.21656,-5.60662,1.90608,-4.04892,2.4426,-6.02784,0,0,0,0,0,0
9.99522,1.12525,-0.667007,-0.907014,0.218589,0.152206,0.531362,-6.3434,-5.14958,1.55287,-6.50808,2.5668,-7.31124,0,0,0,0,0,0
10.0004,1.12438,-0.699197,-0.872641,0.268799,0.214251,0.569882,-6.3434,-5.14958,1.55287,-6.50808,2.5668,-7.31124,0,0,0,0,0,0
10.0053,1.14992,-0.693606,-0.819752,0.260109,0.274744,0.574949,-7.20626,-5.60662,1.26445,-3.66804,2.28528,-6.10236,0,0,0,0,0,0
10.0103,1.19629,-0.695217,-0.772843,0.194302,0.344271,0.551446,-7.20626,-5.60662,1.26445,-3.66804,2.28528,-6.10236,0,0,0,0,0,0
10.0154,1.21577,-0.683845,-0.723994,0.151698,0.402609,0.562148,-5.8903,-5.66572,1.38149,-4.38012,2.63304,-7.68384,0,0,0,0,0,0
10.0202,1.20619,-0.684196,-0.6891,0.0933488,0.471106,0.57419,-5.86272,-5.13382,1.75142,-2.8566,1.68912,-6.35904,0,0,0,0,0,0
10.0253,1.19061,-0.710308,-0.669921,0.00271566,0.56276,0.557491,-5.86272,-5.13382,1.75142,-2.8566,1.68912,-6.35904,0,0,0,0,0,0
10.0302,1.19893,-0.717864,-0.645077,-0.0683865,0.617621,0.556278,-6.8359,-5.15746,1.89563,-3.32028,3.0636,-7.02144,0,0,0,0,0,0
10.0352,1.22662,-0.720529,-0.634886,-0.0535823,0.64947,0.545401,-6.64284,-5.48054,2.24675,-5.89536,2.68272,-5.82084,0,0,0,0,0,0
10.0402,1.25711,-0.715721,-0.633777,0.0242897,0.688349,0.516656,-6.64284,-5.48054,2.24675,-5.89536,2.68272,-5.82084,0,0,0,0,0,0
10.0454,1.30153,-0.704592,-0.618729,0.0829106,0.719496,0.523156,-7.0329,-4.71224,2.17987,-4.94316,2.75724,-7.13736,0,0,0,0,0,0
10.0505,1.34663,-0.735637,-0.616232,0.0975851,0.754475,0.54929,-7.0329,-4.71224,2.17987,-4.94316,2.75724,-7.13736,0,0,0,0,0,0
10.0553,1.37187,-0.745359,-0.584587,0.133846,0.79858,0.571415,-6.2646,-5.13776,1.1077,-6.2514,2.1942,-7.245,0,0,0,0,0,0
10.0602,1.38421,-0.741065,-0.548392,0.150077,0.858657,0.578089,-6.62314,-5.41356,1.88518,-4.554,1.83816,-6.417,0,0,0,0,0,0
10.0652,1.40543,-0.74837,-0.54022,0.123131,0.927673,0.556321,-6.62314,-5.41356,1.88518,-4.554,1.83816,-6.417,0,0,0,0,0,0
10.0701,1.40159,-0.760989,-0.522882,0.0755259,0.957742,0.542061,-5.40962,-4.16458,1.99595,-3.46932,3.27888,-6.98004,0,0,0,0,0,0
10.0753,1.37368,-0.817481,-0.517872,0.00256771,0.957411,0.549619,-5.40962,-4.16458,1.99595,-3.46932,3.27888,-6.98004,0,0,0,0,0,0
10.0803,1.37155,-0.827275,-0.505727,-0.0533603,0.92815,0.570712,-6.39462,-5.09836,2.22794,-3.85848,4.347,-7.34436,0,0,0,0,0,0
10.0854,1.36882,-0.814348,-0.503088,-0.107295,0.921613,0.558498,-5.55146,-5.76028,2.19241,-3.13812,2.59164,-5.65524,0,0,0,0,0,0
10.0902,1.35063,-0.795366,-0.506135,-0.164019,0.953853,0.519145,-5.55146,-5.76028,2.19241,-3.13812,2.59164,-5.65524,0,0,0,0,0,0
10.0953,1.3607,-0.772625,-0.496607,-0.177401,0.948093,0.485958,-6.7768,-4.8659,2.19032,-4.70304,4.02408,-5.61384,0,0,0,0,0,0
10.1002,1.39724,-0.775752,-0.487239,-0.178006,0.912539,0.470113,-6.46948,-4.70436,2.08582,-3.23748,3.9744,-6.11064,0,0,0,0,0,0
10.1052,1.42433,-0.795855,-0.482623,-0.208006,0.885399,0.466556,-6.46948,-4.70436,2.08582,-3.23748,3.9744,-6.11064,0,0,0,0,0,0
10.1102,1.4432,-0.775237,-0.470906,-0.229949,0.896642,0.470653,-6.21732,-5.5948,2.23003,-3.3534,2.18592,-6.4998,0,0,0,0,0,0
10.1153,1.4636,-0.748534,-0.469976,-0.247155,0.949659,0.484498,-6.21732,-5.5948,2.23003,-3.3534,2.18592,-6.4998,0,0,0,0,0,0
10.1203,1.48516,-0.709045,-0.450095,-0.272135,0.954895,0.491385,-6.19762,-5.122,1.91862,-2.84004,4.03236,-6.2514,0,0,0,0,0,0
10.1252,1.50166,-0.712184,-0.438743,-0.319284,0.925215,0.487477,-6.19762,-5.122,1.91862,-2.84004,4.03236,-6.2514,0,0,0,0,0,0
10.1302,1.52087,-0.698936,-0.432527,-0.389274,0.905175,0.498437,-6.54828,-5.24808,2.52681,-1.97064,3.54384,-7.07112,0,0,0,0,0,0
10.1352,1.5345,-0.676194,-0.434599,-0.443783,0.85422,0.50913,-5.84696,-5.18898,2.37006,-3.49416,5.28264,-6.40044,0,0,0,0,0,0
10.1402,1.58298,-0.665419,-0.443227,-0.401987,0.764066,0.568148,-7.7224,-5.09836,2.62295,-5.99472,5.53932,-9.25704,0,0,0,0,0,0
10.1452,1.66604,-0.653763,-0.457506,-0.37594,0.679159,0.616316,-7.58056,-5.44902,2.60414,-3.78396,5.33232,-6.47496,0,0,0,0,0,0
10.1502,1.70079,-0.646446,-0.477148,-0.39905,0.611032,0.624512,-6.00456,-5.28354,2.71909,-3.46932,4.97628,-7.22844,0,0,0,0,0,0
10.1552,1.70249,-0.649199,-0.499941,-0.428933,0.557877,0.64601,-6.00456,-5.28354,2.71909,-3.46932,4.97628,-7.22844,0,0,0,0,0,0
10.1602,1.68273,-0.613307,-0.482806,-0.433177,0.501348,0.628736,-5.14958,-5.5751,1.74097,-4.50432,5.03424,-5.58072,0,0,0,0,0,0
10.1654,1.64973,-0.601959,-0.461107,-0.408845,0.454776,0.585722,-5.14958,-5.5751,1.74097,-4.50432,5.03424,-5.58072,0,0,0,0,0,0
10.1706,1.63098,-0.567371,-0.43937,-0.415101,0.436023,0.580151,-5.87848,-5.27172,2.38887,-2.90628,3.71772,-6.9138,0,0,0,0,0,0
10.1752,1.63283,-0.572475,-0.450616,-0.463393,0.44639,0.604631,-5.87848,-5.27172,2.38887,-2.90628,3.71772,-6.9138,0,0,0,0,0,0
10.1802,1.5998,-0.589987,-0.454965,-0.537553,0.439835,0.631239,-4.60192,-4.18822,2.38678,-2.04516,4.32216,-7.00488,0,0,0,0,0,0
10.1854,1.57159,-0.610439,-0.461345,-0.578129,0.410524,0.634058,-5.79968,-4.77134,2.65221,-3.69288,4.78584,-6.07752,0,0,0,0,0,0
10.1903,1.58012,-0.628432,-0.481046,-0.578931,0.371508,0.61307,-5.79968,-4.77134,2.65221,-3.69288,4.78584,-6.07752,0,0,0,0,0,0
10.1955,1.59684,-0.626072,-0.480852,-0.615557,0.377242,0.606867,-6.27642,-3.94788,2.63758,-2.02032,2.50056,-6.7896,0,0,0,0,0,0
10.2005,1.63535,-0.670536,-0.496658,-0.673079,0.43923,0.623883,-6.27642,-3.94788,2.63758,-2.02032,2.50056,-6.7896,0,0,0,0,0,0
10.2053,1.66008,-0.681339,-0.493182,-0.705885,0.465931,0.60653,-5.82726,-3.77058,2.59787,-2.66616,3.75084,-5.0922,0,0,0,0,0,0
10.2102,1.68423,-0.722459,-0.502267,-0.710121,0.471888,0.556429,-5.82726,-3.77058,2.59787,-2.66616,3.75084,-5.0922,0,0,0,0,0,0
10.2154,1.71126,-0.729788,-0.509383,-0.712808,0.465719,0.550806,-6.09518,-4.31036,3.0305,-2.4426,4.27248,-6.89724,0,0,0,0,0,0
10.2202,1.74982,-0.720044,-0.503627,-0.723923,0.446102,0.539926,-6.44978,-3.7824,2.41813,-2.41776,4.3056,-5.10048,0,0,0,0,0,0
10.2252,1.804,-0.758886,-0.504604,-0.738178,0.429475,0.501203,-6.44978,-3.7824,2.41813,-2.41776,4.3056,-5.10048,0,0,0,0,0,0
10.2303,1.85567,-0.766843,-0.491276,-0.741206,0.442255,0.527619,-6.74922,-3.62086,2.4662,-3.0636,2.67444,-7.68384,0,0,0,0,0,0
10.2353,1.92487,-0.804812,-0.493203,-0.724815,0.496112,0.600789,-6.74922,-3.62086,2.4662,-3.0636,2.67444,-7.68384,0,0,0,0,0,0
10.2403,1.97398,-0.791038,-0.492369,-0.700781,0.530159,0.625381,-6.04002,-4.53494,3.06394,-3.34512,3.29544,-5.88708,0,0,0,0,0,0
10.2453,1.99922,-0.750649,-0.4933,-0.666899,0.557213,0.633512,-6.1267,-4.5901,2.59996,-3.4362,2.84832,-6.63228,0,0,0,0,0,0
10.2502,2.02067,-0.756476,-0.505553,-0.658944,0.600332,0.645382,-6.1267,-4.5901,2.59996,-3.4362,2.84832,-6.63228,0,0,0,0,0,0
10.2553,2.02325,-0.720569,-0.504565,-0.69784,0.624687,0.634741,-6.03214,-5.09442,2.74208,-2.07828,3.41964,-5.95332,0,0,0,0,0,0
10.2603,2.04185,-0.706007,-0.521611,-0.748921,0.639315,0.615996,-6.03214,-5.09442,2.74208,-2.07828,3.41964,-5.95332,0,0,0,0,0,0
10.2654,2.03629,-0.647466,-0.510319,-0.796194,0.650394,0.597367,-5.17322,-5.24414,2.43485,-1.84644,3.26232,-5.73804,0,0,0,0,0,0
10.2704,2.01971,-0.625015,-0.518013,-0.834455,0.650387,0.595802,-5.0629,-4.2158,3.15172,-1.54008,3.8502,-6.30936,0,0,0,0,0,0
10.2753,2.01016,-0.644515,-0.551966,-0.877292,0.639225,0.610242,-5.0629,-4.2158,3.15172,-1.54008,3.8502,-6.30936,0,0,0,0,0,0
10.2804,2.01118,-0.610713,-0.547808,-0.908179,0.608046,0.625231,-5.86272,-4.75952,2.35334,-2.09484,4.49604,-6.23484,0,0,0,0,0,0
10.2852,2.04721,-0.598559,-0.541821,-0.9142,0.572176,0.631491,-5.86272,-4.75952,2.35334,-2.09484,4.49604,-6.23484,0,0,0,0,0,0
10.2904,2.07069,-0.547204,-0.527841,-0.873307,0.561643,0.640516,-5.7524,-4.47978,3.00333,-4.09032,3.25404,-6.51636,0,0,0,0,0,0
10.2952,2.09788,-0.552412,-0.551616,-0.798173,0.581969,0.65981,-5.7524,-4.47978,3.00333,-4.09032,3.25404,-6.51636,0,0,0,0,0,0
10.3001,2.12869,-0.550448,-0.560972,-0.741818,0.560182,0.675162,-6.27642,-3.6642,3.02214,-3.6432,4.86864,-6.25968,0,0,0,0,0,0
10.3053,2.15311,-0.517353,-0.546809,-0.744063,0.483138,0.693801,-5.713,-4.8856,2.31572,-1.863,5.589,-6.79788,0,0,0,0,0,0
10.3103,2.17901,-0.499379,-0.538111,-0.775084,0.40046,0.717885,-5.713,-4.8856,2.31572,-1.863,5.589,-6.79788,0,0,0,0,0,0
10.3155,2.20804,-0.454622,-0.528888,-0.799989,0.338175,0.695977,-6.304,-3.95182,3.34609,-1.9458,4.56228,-4.8852,0,0,0,0,0,0
10.3204,2.2515,-0.482257,-0.565511,-0.826043,0.312484,0.641503,-6.304,-3.95182,3.34609,-1.9458,4.56228,-4.8852,0,0,0,0,0,0
10.3252,2.27907,-0.488311,-0.58227,-0.835524,0.277429,0.614061,-6.11882,-4.21974,2.83404,-2.79036,5.03424,-5.80428,0,0,0,0,0,0
10.3301,2.27621,-0.462112,-0.574618,-0.845134,0.214269,0.621156,-5.22838,-4.36946,2.70655,-2.07828,5.62212,-6.40044,0,0,0,0,0,0
10.3352,2.26873,-0.471152,-0.581923,-0.86529,0.151191,0.648541,-5.22838,-4.36946,2.70655,-2.07828,5.62212,-6.40044,0,0,0,0,0,0
10.3402,2.25021,-0.412625,-0.546968,-0.877122,0.121758,0.672591,-5.21262,-4.36158,2.30527,-2.39292,3.91644,-6.10236,0,0,0,0,0,0
10.3452,2.24104,-0.424685,-0.536639,-0.88977,0.140591,0.689352,-5.21262,-4.36158,2.30527,-2.39292,3.91644,-6.10236,0,0,0,0,0,0
10.3503,2.22878,-0.439349,-0.527164,-0.907502,0.159231,0.705478,-5.21262,-4.36158,2.30527,-2.39292,3.91644,-6.10236,0,0,0,0,0,0
10.3552,2.21276,-0.404334,-0.51094,-0.934342,0.135837,0.714738,-5.5357,-4.36946,3.03468,-2.0286,5.43168,-5.86224,0,0,0,0,0,0
10.3604,2.21929,-0.399996,-0.527071,-0.956876,0.134299,0.740858,-5.74452,-3.8218,3.30011,-1.95408,3.23748,-6.84756,0,0,0,0,0,0
10.3653,2.23845,-0.43818,-0.565661,-0.983883,0.17923,0.772633,-5.74452,-3.8218,3.30011,-1.95408,3.23748,-6.84756,0,0,0,0,0,0
10.3706,2.24327,-0.442184,-0.570945,-1.0292,0.206146,0.757775,-5.68936,-3.152,2.82359,-1.39104,3.56868,-5.14188,0,0,0,0,0,0
10.3753,2.26577,-0.50079,-0.58544,-1.06149,0.231437,0.714508,-5.68936,-3.152,2.82359,-1.39104,3.56868,-5.14188,0,0,0,0,0,0
10.3803,2.2942,-0.50851,-0.604525,-1.07857,0.229301,0.707101,-6.19762,-3.96364,3.71602,-1.67256,4.65336,-6.47496,0,0,0,0,0,0
10.3853,2.32302,-0.473275,-0.629516,-1.04842,0.239757,0.709263,-5.85484,-3.59328,3.83097,-3.44448,2.79864,-5.53932,0,0,0,0,0,0
10.3902,2.35888,-0.50355,-0.681678,-0.98838,0.299206,0.693706,-5.85484,-3.59328,3.83097,-3.44448,2.79864,-5.53932,0,0,0,0,0,0
10.3952,2.38257,-0.474392,-0.671034,-1.01575,0.335425,0.690368,-5.99274,-3.3687,2.43485,0.03312,3.3948,-5.95332,0,0,0,0,0,0
10.4002,2.42419,-0.50808,-0.656,-1.1121,0.363657,0.698584,-5.99274,-3.3687,2.43485,0.03312,3.3948,-5.95332,0,0,0,0,0,0
10.4052,2.4339,-0.490725,-0.64519,-1.19374,0.384743,0.70041,-4.9053,-4.36552,3.16844,-0.35604,3.4362,-5.6304,0,0,0,0,0,0
10.4101,2.41901,-0.470887,-0.649938,-1.26248,0.433275,0.695108,-4.74376,-3.43962,3.06185,0.00828,2.1942,-5.51448,0,0,0,0,0,0
10.4152,2.40329,-0.432967,-0.634969,-1.32969,0.469146,0.701967,-4.60586,-4.33794,2.5916,0.35604,3.63492,-6.003,0,0,0,0,0,0
10.4202,2.393,-0.413507,-0.629873,-1.4141,0.510656,0.710551,-4.47978,-3.32536,2.96989,1.6146,1.6974,-5.52276,0,0,0,0,0,0
10.4255,2.38724,-0.429043,-0.645588,-1.46212,0.543618,0.723916,-4.3537,-2.65162,3.48821,-0.52992,3.75912,-5.88708,0,0,0,0,0,0
10.4303,2.38382,-0.428169,-0.666698,-1.48761,0.535939,0.718559,-4.48372,-3.87302,3.1977,0.65412,3.2706,-4.6782,0,0,0,0,0,0
10.4352,2.40346,-0.421731,-0.690379,-1.49021,0.500295,0.64834,-4.85802,-2.82104,3.53001,-0.30636,4.81896,-2.79864,0,0,0,0,0,0
10.4402,2.47686,-0.401726,-0.748021,-1.36394,0.394489,0.621802,-6.55222,-3.89666,5.11214,-4.8024,6.46668,-6.09408,0,0,0,0,0,0
10.4454,2.62176,-0.33895,-0.827152,-1.16405,0.308844,0.679058,-8.6089,-4.97228,4.57292,-5.18328,4.19796,-6.7896,0,0,0,0,0,0
10.4503,2.72479,-0.320576,-0.881954,-1.05931,0.269656,0.75686,-6.25672,-2.89984,4.02952,-3.13812,5.04252,-7.79148,0,0,0,0,0,0
10.4555,2.75099,-0.307673,-0.891469,-0.987309,0.218984,0.792877,-5.93364,-4.76346,2.84658,-4.76928,5.16672,-5.04252,0,0,0,0,0,0
10.4603,2.7809,-0.26298,-0.89072,-0.924016,0.150648,0.775829,-6.90288,-4.4522,3.59898,-3.57696,6.10236,-5.53932,0,0,0,0,0,0
10.4655,2.80155,-0.223365,-0.888166,-0.915334,0.114807,0.756105,-5.84696,-4.66496,2.85912,-2.28528,4.07376,-4.91832,0,0,0,0,0,0
10.4704,2.80054,-0.199534,-0.8714,-0.954777,0.121764,0.71572,-6.35916,-3.5066,3.12873,-1.64772,4.58712,-4.37184,0,0,0,0,0,0
10.4752,2.81432,-0.196399,-0.872732,-0.957903,0.136418,0.7022,-6.41432,-4.01486,3.52165,-3.96612,3.71772,-5.85396,0,0,0,0,0,0
10.4803,2.8194,-0.184366,-0.852715,-0.935757,0.161325,0.703407,-5.94546,-3.90454,2.16106,-3.01392,4.03236,-4.9266,0,0,0,0,0,0
10.4853,2.83354,-0.176436,-0.842168,-0.94777,0.16447,0.720899,-6.62314,-3.91242,3.8456,-2.05344,4.60368,-6.30108,0,0,0,0,0,0
10.4903,2.82801,-0.153381,-0.833257,-0.972317,0.196563,0.753241,-5.19292,-4.21186,2.42858,-2.08656,2.79864,-5.8788,0,0,0,0,0,0
10.4953,2.80862,-0.153863,-0.819206,-0.982995,0.218064,0.758226,-5.75634,-2.86438,3.43805,-2.47572,4.7196,-5.0508,0,0,0,0,0,0
10.5002,2.80103,-0.164384,-0.823682,-1.00427,0.237555,0.768283,-5.41356,-3.88484,3.21442,-1.49868,3.08844,-6.16032,0,0,0,0,0,0
10.5055,2.77859,-0.162872,-0.836797,-1.0752,0.250979,0.786225,-5.44114,-2.33642,4.25942,-0.44712,4.66164,-5.28264,0,0,0,0,0,0
10.5104,2.75541,-0.203224,-0.890236,-1.17437,0.270399,0.770656,-5.14564,-2.76982,4.64816,-0.0414,2.86488,-4.7196,0,0,0,0,0,0
10.5153,2.73572,-0.252771,-0.926184,-1.2365,0.300202,0.722355,-5.38204,-2.02516,3.41297,-1.9458,4.08204,-3.77568,0,0,0,0,0,0
10.5204,2.75108,-0.315404,-0.95277,-1.23711,0.281389,0.695251,-6.55222,-2.43098,4.12566,-2.74896,4.86864,-5.5476,0,0,0,0,0,0
10.5253,2.75068,-0.351594,-0.969348,-1.24647,0.275995,0.684157,-4.94864,-2.39158,3.23323,-1.78848,3.41964,-4.5954,0,0,0,0,0,0
10.5303,2.74039,-0.356042,-0.981202,-1.28401,0.234577,0.689977,-5.94152,-3.04168,4.33048,-1.035,6.40044,-5.9616,0,0,0,0,0,0
10.5352,2.76772,-0.338699,-1.00018,-1.27453,0.181391,0.737913,-6.41826,-4.2749,3.31056,-3.21264,4.4712,-6.8724,0,0,0,0,0,0
10.5402,2.78193,-0.283619,-0.981108,-1.21144,0.149691,0.779096,-5.64602,-3.32536,3.35445,-4.31388,5.34888,-5.56416,0,0,0,0,0,0
10.5453,2.78695,-0.288984,-0.963514,-1.18672,0.132625,0.804565,-5.95728,-3.00622,2.73999,-1.9458,4.10688,-6.23484,0,0,0,0,0,0
10.5503,2.78513,-0.265824,-0.9335,-1.20848,0.118762,0.791418,-5.39386,-3.33324,3.26249,-2.02032,5.06736,-3.8088,0,0,0,0,0,0
10.5553,2.79734,-0.230953,-0.944131,-1.1817,0.0806923,0.784117,-6.43402,-4.10942,4.17791,-3.41136,5.20812,-6.30936,0,0,0,0,0,0
10.5604,2.82496,-0.190757,-0.974666,-1.12388,0.0394015,0.79926,-5.82726,-3.56176,4.24897,-3.519,5.24124,-4.95144,0,0,0,0,0,0
10.5653,2.83447,-0.154959,-0.990758,-1.1109,0.0122949,0.796424,-6.0085,-4.02274,3.4903,-1.78848,4.64508,-5.51448,0,0,0,0,0,0
10.5703,2.83552,-0.129426,-1.02196,-1.15295,-0.0102112,0.781502,-5.62238,-3.349,4.81745,-1.10952,5.15844,-4.58712,0,0,0,0,0,0
10.5753,2.81387,-0.125446,-1.04901,-1.18946,-0.013497,0.75317,-5.25596,-3.32142,3.27294,-2.25216,3.94128,-4.72788,0,0,0,0,0,0
10.5803,2.801,-0.093316,-1.0396,-1.1906,-0.0222001,0.754546,-5.92182,-3.8809,3.6157,-2.93112,5.32404,-5.82912,0,0,0,0,0,0
10.5852,2.78751,-0.0751039,-1.0611,-1.23873,-0.0263323,0.778781,-5.40568,-3.53024,4.21971,-0.5382,3.85848,-5.78772,0,0,0,0,0,0
10.5902,2.78751,-0.0539793,-1.09099,-1.30415,-0.0324739,0.803827,-6.45766,-3.14806,4.42662,-1.52352,5.18328,-5.85396,0,0,0,0,0,0
10.5952,2.79025,-0.0443795,-1.11723,-1.32994,-0.047071,0.828925,-5.57904,-3.35688,4.18418,-1.97892,4.66992,-5.76288,0,0,0,0,0,0
10.6002,2.79183,-0.0518604,-1.15052,-1.32371,-0.0498918,0.827789,-6.304,-2.63192,4.56038,-2.7324,4.53744,-4.73616,0,0,0,0,0,0
10.6052,2.77459,-0.0467903,-1.17578,-1.32795,-0.0695223,0.806109,-5.03926,-3.86908,3.86023,-1.9458,5.4234,-4.82724,0,0,0,0,0,0
10.6102,2.73851,0.00122453,-1.19133,-1.35989,-0.0817674,0.781037,-5.4569,-3.8021,4.65025,-1.4904,4.53744,-4.20624,0,0,0,0,0,0
10.6152,2.74336,0.0702211,-1.17799,-1.38311,-0.0520702,0.766762,-6.52858,-4.01486,3.00124,-2.35152,3.57696,-5.28264,0,0,0,0,0,0
10.6202,2.7387,0.0935231,-1.16223,-1.39949,-0.0288433,0.764304,-5.24808,-2.59646,4.29704,-1.92924,5.07564,-4.69476,0,0,0,0,0,0
10.6252,2.73586,0.101765,-1.15966,-1.38091,-0.0345974,0.743606,-6.31188,-3.3293,3.54046,-3.5604,4.77756,-4.53744,0,0,0,0,0,0
10.6302,2.73778,0.129503,-1.15499,-1.33686,-0.0573485,0.713375,-5.9494,-3.26626,4.22389,-3.73428,5.69664,-3.91644,0,0,0,0,0,0
10.6354,2.75551,0.159664,-1.17556,-1.26654,-0.0557261,0.74037,-6.96986,-3.79422,4.69623,-5.1336,3.9744,-6.90552,0,0,0,0,0,0
10.6402,2.80024,0.158142,-1.22506,-1.17171,-0.0154047,0.830711,-6.96986,-3.79422,4.69623,-5.1336,3.9744,-6.90552,0,0,0,0,0,0
10.6454,2.82105,0.244408,-1.22574,-1.11193,-0.0386047,0.90506,-6.67436,-3.04562,4.58128,-3.99924,6.17688,-6.27624,0,0,0,0,0,0
10.6505,2.826,0.205701,-1.26532,-1.11151,-0.0892107,0.951739,-6.67436,-3.04562,4.58128,-3.99924,6.17688,-6.27624,0,0,0,0,0,0
10.6555,2.80699,0.198423,-1.28482,-1.14516,-0.11518,0.922873,-6.3631,-2.13154,4.73385,-3.03048,5.03424,-3.17124,0,0,0,0,0,0
10.6603,2.77513,0.176059,-1.30587,-1.19632,-0.12913,0.860398,-6.4222,-2.86044,4.43498,-3.46104,5.48136,-4.79412,0,0,0,0,0,0
10.6652,2.72203,0.168572,-1.30338,-1.28932,-0.143028,0.829161,-5.35052,-1.85968,3.99608,-1.49868,5.01768,-4.49604,0,0,0,0,0,0
10.6702,2.64873,0.0863711,-1.32377,-1.44023,-0.105951,0.799422,-5.22838,-1.12684,4.71922,-0.5796,3.4776,-4.54572,0,0,0,0,0,0
10.6752,2.61155,0.0580225,-1.32741,-1.55098,-0.0631518,0.754112,-6.18186,-2.63586,4.02534,-1.54836,4.65336,-3.48588,0,0,0,0,0,0
10.6803,2.58475,0.0647856,-1.31437,-1.61076,-0.0352617,0.731577,-5.45296,-2.37188,4.07968,-1.83816,4.18968,-5.4234,0,0,0,0,0,0
10.6853,2.5509,0.0610202,-1.30068,-1.66135,0.026762,0.741873,-5.4569,-2.13154,4.02325,-1.29168,3.13812,-4.82724,0,0,0,0,0,0
10.6903,2.5212,0.0708483,-1.29653,-1.68758,0.0522411,0.72934,-5.33082,-2.561,4.67742,-2.61648,5.68008,-4.28076,0,0,0,0,0,0
10.6953,2.49852,0.0891691,-1.31089,-1.67392,0.013563,0.725613,-5.58692,-1.56812,5.10378,-2.98908,5.6304,-5.01768,0,0,0,0,0,0
10.7002,2.48125,0.0629052,-1.33226,-1.68508,0.0161174,0.738731,-5.40568,-2.19458,4.48514,-1.39104,4.31388,-5.07564,0,0,0,0,0,0
10.7052,2.45966,0.0933582,-1.32363,-1.71813,-0.0110538,0.766042,-5.32294,-2.86832,4.00862,-1.52352,6.45012,-5.589,0,0,0,0,0,0
10.7104,2.4211,0.128697,-1.30442,-1.73187,-0.0603061,0.768898,-5.05108,-2.74224,3.96473,-2.49228,5.60556,-4.0986,0,0,0,0,0,0
10.7152,2.41098,0.1636,-1.30993,-1.72918,-0.0540647,0.746087,-6.18974,-3.2899,4.9324,-2.26044,4.11516,-4.45464,0,0,0,0,0,0
10.7202,2.40646,0.213871,-1.30623,-1.73486,-0.0507655,0.756807,-5.3781,-3.10866,3.82052,-2.20248,5.89536,-5.56416,0,0,0,0,0,0
10.7253,2.42293,0.228186,-1.30378,-1.71068,-0.0900977,0.739564,-7.08412,-1.85968,4.89478,-4.00752,6.06924,-3.29544,0,0,0,0,0,0
10.7305,2.45853,0.248675,-1.33011,-1.68504,-0.119892,0.71073,-6.46554,-3.40416,5.06198,-2.88972,5.48136,-4.97628,0,0,0,0,0,0
10.7354,2.48113,0.289054,-1.37602,-1.69826,-0.154954,0.681265,-6.57586,-2.85256,5.80811,-1.93752,6.40872,-3.12984,0,0,0,0,0,0
10.7403,2.48795,0.325184,-1.36927,-1.70935,-0.168143,0.635221,-5.59086,-2.11972,3.31683,-2.42604,4.68648,-3.96612,0,0,0,0,0,0
10.7453,2.46974,0.283332,-1.33258,-1.70286,-0.113019,0.653242,-5.72876,-1.66268,3.56972,-3.12156,3.5604,-5.85396,0,0,0,0,0,0
10.7504,2.45871,0.291325,-1.30065,-1.68033,-0.0920507,0.66748,-6.17792,-2.76588,4.03579,-3.519,5.95332,-4.04064,0,0,0,0,0,0
10.7552,2.46803,0.354371,-1.29107,-1.66499,-0.0807724,0.694754,-6.6192,-3.4672,4.81745,-3.12156,4.04064,-6.24312,0,0,0,0,0,0
10.7602,2.45597,0.41378,-1.30814,-1.66318,-0.0812457,0.730059,-5.46872,-2.9944,5.0578,-3.62664,6.3342,-4.4298,0,0,0,0,0,0
10.7654,2.43115,0.437586,-1.33928,-1.67088,-0.113485,0.711392,-6.13852,-3.0535,5.10378,-2.62476,5.59728,-3.95784,0,0,0,0,0,0
10.7705,2.40747,0.475218,-1.36136,-1.67822,-0.120976,0.682188,-5.3978,-1.88332,5.57821,-2.8566,5.24952,-3.54384,0,0,0,0,0,0
10.7752,2.36064,0.474733,-1.36537,-1.69865,-0.101957,0.626311,-5.27172,-2.14336,4.00862,-2.1528,4.70304,-2.96424,0,0,0,0,0,0
10.7803,2.3256,0.482218,-1.33489,-1.72404,-0.0765011,0.614739,-6.12276,-1.97788,4.16746,-2.50056,4.95144,-5.382,0,0,0,0,0,0
10.7853,2.31831,0.433379,-1.32898,-1.74497,-0.0510969,0.656661,-6.12276,-1.97788,4.16746,-2.50056,4.95144,-5.382,0,0,0,0,0,0
10.7904,2.29808,0.518268,-1.28675,-1.7609,-0.0274905,0.670219,-5.76028,-2.70284,4.68369,-2.74896,4.32216,-4.14,0,0,0,0,0,0
10.7952,2.26837,0.497183,-1.31053,-1.78666,0.0215561,0.653761,-5.76028,-2.70284,4.68369,-2.74896,4.32216,-4.14,0,0,0,0,0,0
10.8003,2.23882,0.521078,-1.3031,-1.82271,0.0416538,0.64393,-5.713,-1.60358,4.48932,-2.49228,5.12532,-4.38012,0,0,0,0,0,0
10.8053,2.2527,0.547977,-1.31074,-1.78225,0.0702133,0.600516,-7.67512,-3.28202,5.21037,-5.97816,3.80052,-2.5254,0,0,0,0,0,0
10.8103,2.27604,0.531432,-1.34529,-1.75268,0.0726239,0.571741,-6.43402,-0.22458,5.43191,-2.75724,6.24312,-4.83552,0,0,0,0,0,0
10.8153,2.26222,0.523458,-1.35773,-1.78309,0.0440668,0.57805,-6.26854,-3.18746,4.53739,-3.25404,5.39028,-4.02408,0,0,0,0,0,0
10.8202,2.23374,0.55864,-1.37808,-1.81672,0.0434466,0.574213,-5.91788,-1.89908,5.9356,-2.93112,5.10876,-4.3056,0,0,0,0,0,0
10.8253,2.21167,0.525737,-1.41799,-1.81807,0.00142565,0.557939,-6.37098,-0.48856,5.3713,-4.38012,7.2864,-3.46104,0,0,0,0,0,0
10.8303,2.20577,0.507721,-1.45652,-1.78586,-0.0519282,0.572951,-6.69406,-1.87544,6.31389,-4.24764,5.86224,-5.72148,0,0,0,0,0,0
10.8353,2.16615,0.511514,-1.48147,-1.77791,-0.0536924,0.603583,-5.44508,-1.70602,4.77147,-4.28076,5.18328,-4.18968,0,0,0,0,0,0
10.8404,2.10156,0.505489,-1.47795,-1.78801,-0.0727945,0.596441,-5.73664,-1.28838,5.23127,-4.04892,6.84756,-4.03236,0,0,0,0,0,0
10.8453,2.05446,0.536917,-1.4761,-1.81495,-0.105905,0.612283,-5.88636,-2.6201,5.15394,-3.6018,5.9616,-5.0922,0,0,0,0,0,0
10.8502,2.00793,0.552685,-1.49755,-1.83597,-0.139991,0.621549,-5.50024,-1.63904,5.93978,-3.54384,7.35264,-3.7674,0,0,0,0,0,0
10.8552,1.98673,0.551774,-1.50005,-1.84819,-0.177281,0.577276,-6.59162,-1.09532,4.57083,-3.519,5.88708,-2.6496,0,0,0,0,0,0
10.8604,2.00251,0.525396,-1.51647,-1.80753,-0.175512,0.529138,-7.19444,-1.73754,5.99412,-5.53104,5.6304,-3.27888,0,0,0,0,0,0
10.8652,2.02006,0.558095,-1.53184,-1.77718,-0.186441,0.522527,-6.86742,-2.62798,5.15812,-3.9744,6.4998,-4.53744,0,0,0,0,0,0
10.8703,1.99909,0.584122,-1.50586,-1.78486,-0.190488,0.518818,-5.81938,-1.02834,4.49141,-4.14,5.382,-3.41136,0,0,0,0,0,0
10.8753,1.98919,0.620886,-1.47287,-1.79637,-0.168869,0.482232,-7.26142,-3.08502,4.79237,-3.49416,5.43168,-3.16296,0,0,0,0,0,0
10.8803,2.00045,0.683173,-1.45967,-1.80217,-0.152775,0.457101,-6.39462,-2.3837,5.22082,-3.52728,5.47308,-3.6846,0,0,0,0,0,0
10.8853,2.01518,0.679986,-1.48373,-1.75979,-0.149998,0.439198,-7.73816,-0.8668,5.97949,-5.43996,5.92848,-3.2706,0,0,0,0,0,0
10.8903,1.99763,0.700062,-1.50911,-1.73673,-0.126487,0.426887,-5.30718,-2.43098,5.88126,-3.07188,4.4298,-4.06548,0,0,0,0,0,0
10.8953,1.92581,0.731211,-1.51068,-1.75478,-0.122122,0.425485,-5.11806,-1.95424,4.85507,-3.70944,6.7896,-3.6846,0,0,0,0,0,0
10.9004,1.84606,0.743084,-1.49623,-1.7903,-0.136825,0.447198,-4.72406,-1.6351,5.09124,-2.33496,5.382,-5.06736,0,0,0,0,0,0
10.9053,1.76132,0.703207,-1.48796,-1.86947,-0.152648,0.464586,-4.96834,-0.29156,4.5562,-1.56492,6.83928,-3.66804,0,0,0,0,0,0
10.9104,1.71442,0.670894,-1.46805,-1.93543,-0.162769,0.433954,-5.27172,-1.76906,4.76102,-2.07828,5.47308,-2.90628,0,0,0,0,0,0
10.9153,1.66775,0.624608,-1.47678,-1.98275,-0.14146,0.388089,-5.27172,-1.76906,4.76102,-2.07828,5.47308,-2.90628,0,0,0,0,0,0
10.9203,1.60995,0.638213,-1.46727,-2.04376,-0.108611,0.362019,-4.4128,-1.20958,5.18111,-1.0764,4.347,-3.66804,0,0,0,0,0,0
10.9253,1.57924,0.619054,-1.44533,-2.05521,-0.075361,0.368372,-5.81938,-1.54842,3.63033,-3.42792,5.55588,-3.99096,0,0,0,0,0,0
10.9305,1.56773,0.606445,-1.43191,-2.00184,-0.0744929,0.393334,-4.92106,-1.70996,5.27725,-3.87504,5.57244,-4.62852,0,0,0,0,0,0
10.9354,1.54738,0.632814,-1.39528,-1.96427,-0.008682,0.370641,-5.27172,-2.4428,3.0723,-3.65976,2.62476,-2.21076,0,0,0,0,0,0
10.9403,1.5893,0.644552,-1.42226,-1.80436,-0.00197528,0.340851,-7.83666,-1.36324,7.72255,-9.47232,7.65072,-4.03236,0,0,0,0,0,0
10.9453,1.75829,0.655268,-1.50951,-1.55367,-0.107181,0.364585,-11.3157,-2.56888,5.96695,-8.8182,7.9902,-4.554,0,0,0,0,0,0
10.9502,1.87093,0.696695,-1.52859,-1.42604,-0.169214,0.364665,-6.99744,-1.72178,5.73078,-6.4584,6.69852,-2.80692,0,0,0,0,0,0
10.9553,1.85773,0.701662,-1.54909,-1.31709,-0.199311,0.312725,-7.05654,-1.182,6.03592,-9.13284,6.5826,-2.11968,0,0,0,0,0,0
10.9603,1.82905,0.715187,-1.57177,-1.17703,-0.203489,0.280438,-6.45372,-0.9062,6.5417,-8.90928,5.796,-3.50244,0,0,0,0,0,0
10.9653,1.77426,0.725534,-1.59068,-1.13384,-0.162969,0.302797,-6.70588,-1.8321,5.852,-6.35904,5.20812,-4.41324,0,0,0,0,0,0
10.9703,1.70844,0.774088,-1.59131,-1.15513,-0.122369,0.319088,-5.36234,-0.85104,6.52498,-4.83552,5.41512,-3.312,0,0,0,0,0,0
10.9753,1.6323,0.779525,-1.60963,-1.245,-0.114161,0.293828,-6.43008,-0.86286,6.3327,-3.3948,6.75648,-2.62476,0,0,0,0,0,0
10.9803,1.57587,0.744611,-1.60199,-1.33732,-0.135916,0.25357,-6.1661,0.68162,5.35458,-4.33872,6.93036,-2.484,0,0,0,0,0,0
10.9853,1.5062,0.744761,-1.57516,-1.40198,-0.153475,0.213139,-6.32764,-2.36794,5.30024,-4.8024,6.417,-2.71584,0,0,0,0,0,0
10.9904,1.46833,0.779703,-1.58002,-1.44906,-0.184217,0.210689,-7.1905,-0.90226,6.688,-5.12532,7.69212,-4.04892,0,0,0,0,0,0
10.9954,1.44797,0.745661,-1.60958,-1.44727,-0.248185,0.232385,-6.67436,0.4334,6.11325,-5.59728,7.68384,-3.48588,0,0,0,0,0,0
11.0003,1.41479,0.694322,-1.65186,-1.41752,-0.289917,0.23649,-6.53646,-0.88256,7.03494,-6.36732,6.97176,-3.37824,-0,-0,-0,-0,-0,-0
11.0052,1.39606,0.721156,-1.66798,-1.39368,-0.310728,0.223263,-6.9147,-0.98106,6.13833,-5.43168,7.00488,-2.74068,-0,-0,-0,-0,-0,-0
11.0102,1.37616,0.712294,-1.66984,-1.37919,-0.295746,0.201923,-6.98956,-0.77618,5.9356,-6.35076,5.68008,-3.08844,-0,-0,-0,-0,-0,-0
11.0152,1.34354,0.783008,-1.65059,-1.37132,-0.261045,0.183845,-6.27248,-2.82498,5.72451,-5.59728,5.8788,-3.00564,-0,-0,-0,-0,-0,-0
11.0202,1.31113,0.852054,-1.64507,-1.38512,-0.214493,0.178831,-7.23384,-1.773,6.34733,-5.98644,5.39856,-3.42792,-0,-0,-0,-0,-0,-0
11.0252,1.28708,0.891515,-1.6316,-1.37614,-0.193509,0.187736,-6.86742,-0.85498,5.51133,-7.22844,6.69024,-3.48588,-0,-0,-0,-0,-0,-0
11.0303,1.23176,0.892564,-1.59795,-1.36842,-0.200659,0.171389,-6.17398,-0.58312,5.43609,-6.32592,6.83928,-2.31012,-0,-0,-0,-0,-0,-0
11.0354,1.15878,0.838686,-1.58819,-1.36994,-0.203368,0.133659,-6.17398,-0.58312,5.43609,-6.32592,6.83928,-2.31012,-0,-0,-0,-0,-0,-0
11.0402,1.12337,0.917368,-1.54641,-1.33146,-0.227796,0.109788,-6.61132,-2.32854,5.66181,-7.22016,7.18704,-2.76552,-0,-0,-0,-0,-0,-0
11.0453,1.07007,0.937939,-1.55043,-1.29156,-0.245559,0.0936081,-6.61132,-2.32854,5.66181,-7.22016,7.18704,-2.76552,-0,-0,-0,-0,-0,-0
11.0502,1.03431,0.9722,-1.53051,-1.24391,-0.271027,0.076589,-6.7571,-0.24822,5.63882,-7.55136,7.0794,-2.78208,-0,-0,-0,-0,-0,-0
11.0552,1.00992,1.0468,-1.49543,-1.22717,-0.303517,0.0825127,-6.47342,-2.33248,5.89798,-6.06096,7.3692,-3.726,-0,-0,-0,-0,-0,-0
11.0603,0.950326,1.06182,-1.51173,-1.24267,-0.325817,0.114306,-6.47342,-2.33248,5.89798,-6.06096,7.3692,-3.726,-0,-0,-0,-0,-0,-0
11.0653,0.915822,1.13159,-1.49438,-1.20903,-0.33643,0.132571,-6.49312,-0.89438,6.06727,-7.4106,6.2928,-3.00564,-0,-0,-0,-0,-0,-0
11.0703,0.858739,1.0787,-1.51926,-1.1778,-0.309219,0.13081,-6.49312,-0.89438,6.06727,-7.4106,6.2928,-3.00564,-0,-0,-0,-0,-0,-0
11.0752,0.847369,1.10202,-1.54038,-1.16233,-0.297303,0.138416,-7.57268,-1.56024,7.07256,-6.90552,6.49152,-3.519,-0,-0,-0,-0,-0,-0
11.0804,0.813245,1.12065,-1.58624,-1.10279,-0.328308,0.115878,-5.99668,-1.3987,6.95761,-8.99208,8.25516,-1.79676,-0,-0,-0,-0,-0,-0
11.0853,0.79437,1.1241,-1.60039,-1.0297,-0.341838,0.0530788,-8.17156,-0.31126,6.25746,-8.32968,6.2514,-1.58148,-0,-0,-0,-0,-0,-0
11.0903,0.804042,1.16746,-1.58452,-1.01353,-0.300796,0.0389644,-6.6389,-1.14654,6.70681,-6.0858,5.5062,-3.70116,-0,-0,-0,-0,-0,-0
11.0953,0.74168,1.14372,-1.61405,-1.06814,-0.231547,0.0743471,-6.6389,-1.14654,6.70681,-6.0858,5.5062,-3.70116,-0,-0,-0,-0,-0,-0
11.1003,0.680123,1.16139,-1.61956,-1.09767,-0.217568,0.107572,-5.97698,-0.77224,6.65456,-6.9138,7.50168,-3.57696,-0,-0,-0,-0,-0,-0
11.1052,0.641663,1.24391,-1.60413,-1.06148,-0.251022,0.121436,-6.52464,-1.74148,6.74025,-8.74368,7.41888,-2.8152,-0,-0,-0,-0,-0,-0
11.1102,0.575883,1.25517,-1.62566,-1.01486,-0.266393,0.117732,-6.52464,-1.74148,6.74025,-8.74368,7.41888,-2.8152,-0,-0,-0,-0,-0,-0
11.1155,0.560555,1.30978,-1.60409,-0.97203,-0.300601,0.101836,-7.95092,-1.36718,5.98994,-8.5698,7.93224,-2.18592,-0,-0,-0,-0,-0,-0
11.1203,0.547444,1.31889,-1.5876,-0.910729,-0.321632,0.077352,-6.698,-0.02758,6.72144,-9.18252,7.14564,-2.54196,-0,-0,-0,-0,-0,-0
11.1253,0.519688,1.29702,-1.58792,-0.86482,-0.339028,0.0386822,-7.1708,-0.26398,6.62739,-7.58448,7.46856,-1.4904,-0,-0,-0,-0,-0,-0
11.1302,0.486882,1.30201,-1.57573,-0.895539,-0.327444,-0.0208467,-6.58374,-0.8077,6.43511,-6.22656,6.07752,-1.54008,-0,-0,-0,-0,-0,-0
11.1353,0.421069,1.27199,-1.58149,-0.956503,-0.274276,-0.0770285,-6.58374,-0.8077,6.43511,-6.22656,6.07752,-1.54008,-0,-0,-0,-0,-0,-0
11.1402,0.387925,1.31222,-1.54058,-0.953918,-0.218202,-0.122818,-6.57586,-0.46098,5.8102,-8.20548,5.32404,-1.87956,-0,-0,-0,-0,-0,-0
11.1452,0.32228,1.26012,-1.5251,-0.931776,-0.135055,-0.157981,-6.57586,-0.46098,5.8102,-8.20548,5.32404,-1.87956,-0,-0,-0,-0,-0,-0
11.1503,0.301727,1.31389,-1.49471,-0.867502,-0.0877943,-0.170971,-6.66648,-1.09926,6.8134,-9.65448,5.98644,-2.72412,-0,-0,-0,-0,-0,-0
11.1554,0.245252,1.28285,-1.52808,-0.786447,-0.0427263,-0.161641,-6.66648,-1.09926,6.8134,-9.65448,5.98644,-2.72412,-0,-0,-0,-0,-0,-0
11.1605,0.281028,1.29425,-1.577,-0.662257,-0.0687363,-0.14299,-9.9091,-1.4381,8.20116,-11.3684,8.71056,-3.05532,-0,-0,-0,-0,-0,-0
11.1652,0.340989,1.32782,-1.61413,-0.537698,-0.145772,-0.113609,-7.60026,0.44522,7.68284,-10.201,8.37108,-3.30372,-0,-0,-0,-0,-0,-0
11.1706,0.29326,1.26806,-1.65443,-0.490469,-0.193158,-0.0777488,-7.60026,0.44522,7.68284,-10.201,8.37108,-3.30372,-0,-0,-0,-0,-0,-0
11.1756,0.250999,1.29345,-1.65789,-0.437551,-0.24834,-0.0423337,-7.16686,-1.10714,7.20423,-10.6564,8.55324,-3.37824,-0,-0,-0,-0,-0,-0
11.1803,0.235902,1.33067,-1.62475,-0.399892,-0.299455,-0.0237181,-7.85242,1.48932,6.77996,-8.694,7.96536,-2.62476,-0,-0,-0,-0,-0,-0
11.1852,0.194864,1.21835,-1.62554,-0.414604,-0.321317,-0.0219663,-7.85242,1.48932,6.77996,-8.694,7.96536,-2.62476,-0,-0,-0,-0,-0,-0
11.1902,0.162163,1.19362,-1.63023,-0.404298,-0.344201,-0.0161017,-7.26536,-1.13866,7.36307,-9.01692,7.62588,-2.76552,-0,-0,-0,-0,-0,-0
11.1954,0.121958,1.21535,-1.62061,-0.39704,-0.329601,-0.0108919,-7.24566,-0.15366,6.47273,-8.37936,6.49152,-2.63304,-0,-0,-0,-0,-0,-0
11.2004,0.0992935,1.21323,-1.59978,-0.393046,-0.275101,-0.0146223,-7.60814,0.42158,6.87819,-8.66916,5.8374,-2.34324,-0,-0,-0,-0,-0,-0
11.2054,0.124912,1.26569,-1.58642,-0.330258,-0.245359,-0.0314391,-8.69952,-1.86756,7.26484,-10.9627,7.038,-2.01204,-0,-0,-0,-0,-0,-0
11.2102,0.138168,1.29994,-1.61024,-0.230329,-0.227423,-0.055373,-8.69952,-1.86756,7.26484,-10.9627,7.038,-2.01204,-0,-0,-0,-0,-0,-0
11.2152,0.146429,1.34512,-1.61175,-0.116379,-0.190307,-0.0818731,-7.24566,-0.8865,7.10391,-11.0455,5.84568,-1.81332,-0,-0,-0,-0,-0,-0
11.2203,0.110792,1.33775,-1.59758,-0.0382601,-0.14175,-0.115182,-6.96592,0.73678,6.66501,-10.4742,6.64884,-1.64772,-0,-0,-0,-0,-0,-0
11.2254,0.0533498,1.33939,-1.56431,-0.0228467,-0.106647,-0.16641,-6.80044,-0.76436,6.55633,-9.36468,6.43356,-0.97704,-0,-0,-0,-0,-0,-0
11.2304,0.0283093,1.4267,-1.52062,-0.0234573,-0.147347,-0.262625,-6.80832,-1.25292,6.94298,-8.85132,9.26532,0.57132,-0,-0,-0,-0,-0,-0
11.2352,-0.0507128,1.45196,-1.51559,-0.0593897,-0.231659,-0.387323,-6.80832,-1.25292,6.94298,-8.85132,9.26532,0.57132,-0,-0,-0,-0,-0,-0
11.2403,-0.0685757,1.47636,-1.48265,-0.0904767,-0.270055,-0.507325,-8.45524,0.04334,6.30762,-8.59464,7.01316,0.75348,-0,-0,-0,-0,-0,-0
11.2452,-0.0748355,1.51268,-1.45632,-0.0677798,-0.319137,-0.633765,-7.29688,-2.03698,6.99523,-10.8054,9.74556,1.29168,-0,-0,-0,-0,-0,-0
11.2502,-0.101413,1.58813,-1.46908,0.00383786,-0.364559,-0.75738,-7.4663,-1.7139,8.11547,-10.6646,7.06284,1.39104,-0,-0,-0,-0,-0,-0
11.2552,-0.108748,1.63363,-1.47425,0.0747563,-0.342347,-0.850089,-7.75392,0.2561,7.11854,-11.236,6.71508,1.26684,-0,-0,-0,-0,-0,-0
11.2602,-0.141569,1.56651,-1.49051,0.155344,-0.303376,-0.886884,-7.75392,0.2561,7.11854,-11.236,6.71508,1.26684,-0,-0,-0,-0,-0,-0
11.2652,-0.123657,1.57473,-1.50867,0.270135,-0.282492,-0.861381,-7.7027,-1.19382,8.03396,-11.5589,6.78132,1.26684,-0,-0,-0,-0,-0,-0
11.2703,-0.153038,1.56903,-1.5642,0.361262,-0.251685,-0.789988,-7.7027,-1.19382,8.03396,-11.5589,6.78132,1.26684,-0,-0,-0,-0,-0,-0
11.2753,-0.169094,1.5805,-1.59655,0.458844,-0.248069,-0.706179,-7.23384,-0.73284,7.59924,-11.8901,7.54308,1.62288,-0,-0,-0,-0,-0,-0
11.2803,-0.198115,1.5452,-1.60273,0.566933,-0.277093,-0.619931,-7.28506,1.07956,7.25857,-12.3786,8.53668,1.22544,-0,-0,-0,-0,-0,-0
11.2852,-0.262751,1.46457,-1.60318,0.649909,-0.316851,-0.527071,-7.28506,1.07956,7.25857,-12.3786,8.53668,1.22544,-0,-0,-0,-0,-0,-0
11.2903,-0.282942,1.48083,-1.57389,0.658046,-0.369339,-0.440536,-7.56086,-0.8077,7.06629,-8.72712,8.71884,1.4076,-0,-0,-0,-0,-0,-0
11.2953,-0.33509,1.4929,-1.56127,0.584148,-0.411429,-0.362631,-7.56086,-0.8077,7.06629,-8.72712,8.71884,1.4076,-0,-0,-0,-0,-0,-0
11.3002,-0.313518,1.51906,-1.54453,0.640627,-0.46209,-0.33571,-8.60102,0.32702,7.59506,-13.2149,8.53668,3.6018,-0,-0,-0,-0,-0,-0
11.3054,-0.316819,1.46884,-1.56197,0.778373,-0.495419,-0.358085,-8.60102,0.32702,7.59506,-13.2149,8.53668,3.6018,-0,-0,-0,-0,-0,-0
11.3102,-0.299126,1.43291,-1.57344,0.911599,-0.52646,-0.37766,-8.45918,0.32702,7.70792,-12.6353,8.13924,3.50244,-0,-0,-0,-0,-0,-0
11.3152,-0.28752,1.44694,-1.55736,1.00115,-0.530667,-0.392876,-7.4663,0.24428,7.15825,-12.3124,6.97176,3.51072,-0,-0,-0,-0,-0,-0
11.3204,-0.351883,1.40943,-1.55071,1.05498,-0.495278,-0.406889,-7.4663,0.24428,7.15825,-12.3124,6.97176,3.51072,-0,-0,-0,-0,-0,-0
11.3253,-0.367634,1.40402,-1.52405,1.07894,-0.500445,-0.413374,-7.42296,-0.03546,6.77996,-10.0933,8.13096,3.21264,-0,-0,-0,-0,-0,-0
11.3303,-0.429705,1.38664,-1.49597,1.03918,-0.512548,-0.411561,-7.42296,-0.03546,6.77996,-10.0933,8.13096,3.21264,-0,-0,-0,-0,-0,-0
11.3353,-0.452863,1.39842,-1.47079,1.09606,-0.499557,-0.412901,-6.95016,0.28368,7.69538,-13.1735,6.60744,3.42792,-0,-0,-0,-0,-0,-0
11.3403,-0.535835,1.37572,-1.47995,1.1919,-0.442022,-0.41649,-6.95016,0.28368,7.69538,-13.1735,6.60744,3.42792,-0,-0,-0,-0,-0,-0
11.3452,-0.601758,1.34155,-1.46624,1.27167,-0.391093,-0.396636,-6.84378,1.43022,6.97224,-12.2461,6.59916,2.43432,-0,-0,-0,-0,-0,-0
11.3502,-0.618673,1.35753,-1.4421,1.30407,-0.396245,-0.370316,-7.33628,-1.18988,7.44876,-10.706,8.5284,3.1878,-0,-0,-0,-0,-0,-0
11.3554,-0.685564,1.41068,-1.43752,1.28026,-0.426744,-0.364185,-7.33628,-1.18988,7.44876,-10.706,8.5284,3.1878,-0,-0,-0,-0,-0,-0
11.3604,-0.663128,1.45947,-1.44217,1.30527,-0.465975,-0.403273,-9.25506,-0.16942,8.34955,-11.7328,8.47872,5.175,-0,-0,-0,-0,-0,-0
11.3654,-0.643888,1.45825,-1.47941,1.32887,-0.494646,-0.484495,-9.25506,-0.16942,8.34955,-11.7328,8.47872,5.175,-0,-0,-0,-0,-0,-0
11.3704,-0.643999,1.41389,-1.49447,1.38014,-0.488292,-0.534607,-7.10382,2.02122,7.49683,-12.4614,6.49152,3.94956,-0,-0,-0,-0,-0,-0
11.3754,-0.67557,1.38216,-1.47872,1.41362,-0.430712,-0.530624,-7.08412,-0.13396,7.36516,-11.1035,5.84568,2.82348,-0,-0,-0,-0,-0,-0
11.3807,-0.750504,1.39208,-1.46284,1.39196,-0.347325,-0.501869,-7.08412,-0.13396,7.36516,-11.1035,5.84568,2.82348,-0,-0,-0,-0,-0,-0
11.3856,-0.77437,1.38523,-1.44499,1.34732,-0.283056,-0.488285,-8.24248,0.95742,7.42159,-9.53028,6.35076,3.4362,-0,-0,-0,-0,-0,-0
11.3902,-0.718452,1.36308,-1.45142,1.37116,-0.260762,-0.499829,-9.09746,0.35066,8.34119,-13.0576,7.40232,4.1814,-0,-0,-0,-0,-0,-0
11.3952,-0.696666,1.35916,-1.47368,1.44675,-0.250127,-0.529568,-9.09746,0.35066,8.34119,-13.0576,7.40232,4.1814,-0,-0,-0,-0,-0,-0
11.4002,-0.697351,1.36255,-1.44079,1.46,-0.260341,-0.570863,-5.96516,0.69344,6.19058,-9.3978,7.75836,4.72788,-0,-0,-0,-0,-0,-0
11.4054,-0.796049,1.34129,-1.40185,1.424,-0.271665,-0.571509,-5.76422,0.52402,7.49265,-10.6812,7.46856,2.88144,-0,-0,-0,-0,-0,-0
11.4102,-0.907487,1.30229,-1.40654,1.42822,-0.281998,-0.534736,-5.76422,0.52402,7.49265,-10.6812,7.46856,2.88144,-0,-0,-0,-0,-0,-0
11.4156,-0.94697,1.30976,-1.40568,1.42583,-0.296607,-0.485544,-6.54828,-1.97394,7.03703,-8.58636,6.85584,2.26044,-0,-0,-0,-0,-0,-0
11.4203,-1.01434,1.37795,-1.39392,1.34862,-0.285787,-0.422599,-6.54828,-1.97394,7.03703,-8.58636,6.85584,2.26044,-0,-0,-0,-0,-0,-0
11.4253,-1.07707,1.44397,-1.38354,1.27932,-0.276919,-0.359002,-6.54828,-1.97394,7.03703,-8.58636,6.85584,2.26044,-0,-0,-0,-0,-0,-0
11.4304,-1.09469,1.46954,-1.37651,1.21812,-0.220642,-0.329689,-7.68694,-0.02364,7.27529,-8.51184,4.47948,3.73428,-0,-0,-0,-0,-0,-0
11.4353,-1.08553,1.41402,-1.3927,1.20731,-0.18911,-0.315254,-6.35916,1.03228,7.72464,-10.1844,7.452,2.88144,-0,-0,-0,-0,-0,-0
11.4403,-1.08939,1.31953,-1.39976,1.19287,-0.249535,-0.320047,-7.25354,0.88256,6.48318,-7.7418,9.16596,3.94128,-0,-0,-0,-0,-0,-0
11.4454,-1.13176,1.23756,-1.36411,1.1417,-0.243573,-0.297405,-4.82256,0.6895,5.67435,-8.50356,4.5126,1.76364,-0,-0,-0,-0,-0,-0
11.4503,-1.08996,1.20415,-1.35268,1.21777,-0.239906,-0.267481,-10.6183,-1.45386,7.36307,-12.685,8.78508,3.17952,-0,-0,-0,-0,-0,-0
11.4553,-0.869294,1.20557,-1.43298,1.46165,-0.333632,-0.310291,-12.7301,-0.98894,9.54712,-15.7734,8.95896,5.05908,-0,-0,-0,-0,-0,-0
11.4603,-0.672305,1.19262,-1.50368,1.73476,-0.408198,-0.376518,-11.0675,0.6304,8.2555,-15.9887,8.23032,5.01768,-0,-0,-0,-0,-0,-0
11.4654,-0.616398,1.15181,-1.53388,1.92136,-0.425907,-0.445413,-7.4466,0.69344,8.09875,-13.7614,6.86412,5.29092,-0,-0,-0,-0,-0,-0
11.4703,-0.65232,1.15406,-1.55686,1.97161,-0.424916,-0.47628,-7.67118,-0.31126,8.55437,-11.4595,7.29468,3.58524,-0,-0,-0,-0,-0,-0
11.4754,-0.704762,1.19448,-1.58405,1.98799,-0.434683,-0.454569,-7.17474,-0.3743,8.62543,-12.9168,7.62588,3.17124,-0,-0,-0,-0,-0,-0
11.4803,-0.750865,1.20006,-1.61684,2.02961,-0.444001,-0.426916,-7.61208,1.54448,9.14166,-12.892,7.17876,3.2706,-0,-0,-0,-0,-0,-0
11.4853,-0.784676,1.15684,-1.64978,2.10135,-0.417016,-0.428639,-7.85242,2.03698,8.98073,-14.6722,6.01956,4.62024,-0,-0,-0,-0,-0,-0
11.4903,-0.789146,1.15223,-1.67927,2.21084,-0.385406,-0.457016,-9.10928,0.40976,9.36738,-15.2766,6.84756,4.33044,-0,-0,-0,-0,-0,-0
11.4953,-0.79659,1.206,-1.69126,2.30736,-0.334758,-0.462628,-7.45842,-0.65798,8.30357,-13.3888,5.14188,3.62664,-0,-0,-0,-0,-0,-0
11.5002,-0.829112,1.26356,-1.70276,2.33853,-0.283408,-0.438738,-7.9982,-0.16154,9.16465,-12.0722,6.7482,3.05532,-0,-0,-0,-0,-0,-0
11.5054,-0.838423,1.28398,-1.70562,2.34331,-0.272149,-0.431176,-8.077,0.46886,7.69747,-11.9646,6.93864,4.29732,-0,-0,-0,-0,-0,-0
11.5102,-0.853333,1.29004,-1.67822,2.33056,-0.231976,-0.471688,-8.04548,0.73678,7.99216,-11.592,5.53932,5.10876,-0,-0,-0,-0,-0,-0
11.5153,-0.846282,1.28515,-1.66962,2.33484,-0.198721,-0.529876,-8.71922,0.70132,8.43942,-12.3952,6.7896,5.22468,-0,-0,-0,-0,-0,-0
11.5203,-0.82158,1.32835,-1.63606,2.35126,-0.205137,-0.555495,-8.95562,-1.49326,6.81131,-12.064,7.245,3.87504,-0,-0,-0,-0,-0,-0
11.5253,-0.817933,1.38875,-1.58577,2.30593,-0.214148,-0.557276,-7.74604,-0.09456,7.63059,-10.1844,7.00488,4.21452,-0,-0,-0,-0,-0,-0
11.5302,-0.859774,1.41946,-1.55607,2.21586,-0.217956,-0.563501,-7.74604,-0.09456,7.63059,-10.1844,7.00488,4.21452,-0,-0,-0,-0,-0,-0
11.5354,-0.857399,1.41937,-1.54303,2.1906,-0.241804,-0.591748,-8.00608,-0.50038,7.41323,-11.7162,7.34436,5.34888,-0,-0,-0,-0,-0,-0
11.5402,-0.874389,1.42199,-1.51968,2.12536,-0.24756,-0.599943,-7.72634,0.70526,7.67657,-8.58636,6.30108,3.36996,-0,-0,-0,-0,-0,-0
11.5456,-0.912891,1.42177,-1.48955,1.98409,-0.220118,-0.563173,-7.72634,0.70526,7.67657,-8.58636,6.30108,3.36996,-0,-0,-0,-0,-0,-0
11.5503,-0.895605,1.44047,-1.47504,1.97573,-0.226903,-0.549499,-8.62466,-1.43416,7.78107,-13.3142,7.56792,4.25592,-0,-0,-0,-0,-0,-0
11.5552,-0.882346,1.51702,-1.46183,2.06918,-0.24942,-0.553709,-8.62466,-1.43416,7.78107,-13.3142,7.56792,4.25592,-0,-0,-0,-0,-0,-0
11.5603,-0.837487,1.54394,-1.48717,2.19418,-0.2745,-0.538267,-8.89258,-0.69344,8.80308,-13.7034,7.64244,3.44448,-0,-0,-0,-0,-0,-0
11.5653,-0.83858,1.5221,-1.51162,2.23813,-0.250256,-0.512749,-7.13534,0.70526,7.68284,-10.3086,5.1336,3.8502,-0,-0,-0,-0,-0,-0
11.5702,-0.874141,1.45589,-1.48176,2.14622,-0.199435,-0.518498,-7.4663,2.30096,7.16452,-8.45388,6.21,4.8852,-0,-0,-0,-0,-0,-0
11.5752,-0.89652,1.37958,-1.4556,2.12681,-0.190743,-0.551837,-7.55298,0.6698,7.3568,-12.9913,6.57432,5.10048,-0,-0,-0,-0,-0,-0
11.5802,-0.895973,1.37782,-1.44297,2.18527,-0.195584,-0.551739,-8.40402,-0.14972,8.27013,-12.2378,6.56604,3.69288,-0,-0,-0,-0,-0,-0
11.5852,-0.891995,1.39323,-1.42525,2.21577,-0.227053,-0.530578,-8.00608,0.29944,7.31082,-11.8487,7.75008,4.04064,-0,-0,-0,-0,-0,-0
11.5903,-0.861691,1.36342,-1.41172,2.21627,-0.23458,-0.550651,-9.12504,1.18988,8.12174,-10.4825,5.19984,5.4234,-0,-0,-0,-0,-0,-0
11.5952,-0.851518,1.32424,-1.38701,2.18683,-0.209896,-0.600217,-7.43872,1.0047,6.92208,-10.8054,6.02784,5.5062,-0,-0,-0,-0,-0,-0
11.6006,-0.869442,1.29707,-1.35372,2.19874,-0.186774,-0.626312,-7.9588,0.79982,7.63477,-11.6003,5.41512,4.6368,-0,-0,-0,-0,-0,-0
11.6053,-0.876614,1.26255,-1.36098,2.2332,-0.164586,-0.652521,-7.61602,0.98894,8.50003,-11.9149,6.3756,5.45652,-0,-0,-0,-0,-0,-0
11.6103,-0.891925,1.27824,-1.35213,2.20013,-0.119607,-0.696083,-7.82484,-0.55948,7.33381,-9.21564,4.40496,5.48136,-0,-0,-0,-0,-0,-0
11.6153,-0.880336,1.30128,-1.33375,2.19459,-0.053444,-0.712153,-8.6877,0.36248,7.89811,-12.8588,5.19156,4.347,-0,-0,-0,-0,-0,-0
11.6203,-0.852594,1.29695,-1.3347,2.28858,-0.00507485,-0.699551,-8.6877,0.36248,7.89811,-12.8588,5.19156,4.347,-0,-0,-0,-0,-0,-0
11.6253,-0.828789,1.2061,-1.37768,2.3781,0.0103346,-0.695317,-7.10382,1.3396,8.21997,-11.2111,6.1686,4.77756,-0,-0,-0,-0,-0,-0
11.6302,-0.850569,1.13361,-1.39592,2.38601,-0.00332566,-0.701773,-7.61208,2.00152,8.14891,-10.706,6.92208,4.68648,-0,-0,-0,-0,-0,-0
11.6352,-0.87045,1.06785,-1.40215,2.36233,-0.0325104,-0.703666,-7.61208,2.00152,8.14891,-10.706,6.92208,4.68648,-0,-0,-0,-0,-0,-0
11.6404,-0.845493,0.989401,-1.43604,2.42149,-0.067498,-0.726796,-8.10852,0.16154,8.21997,-13.4633,6.73992,5.73804,-0,-0,-0,-0,-0,-0
11.6454,-0.846309,1.03165,-1.4319,2.51898,-0.0927214,-0.770762,-8.10852,0.16154,8.21997,-13.4633,6.73992,5.73804,-0,-0,-0,-0,-0,-0
11.6504,-0.772045,1.00915,-1.48592,2.61965,-0.0995032,-0.791049,-10.5553,1.28444,9.97766,-12.685,5.52276,4.81068,-0,-0,-0,-0,-0,-0
11.6555,-0.680245,1.01991,-1.54389,2.66382,-0.0690122,-0.787583,-10.5553,1.28444,9.97766,-12.685,5.52276,4.81068,-0,-0,-0,-0,-0,-0
11.6602,-0.616326,0.986881,-1.57503,2.75585,-0.0499998,-0.786738,-9.02654,2.12366,8.42688,-14.7136,5.9202,4.91832,-0,-0,-0,-0,-0,-0
11.6654,-0.629148,0.944696,-1.58003,2.8352,0.011082,-0.758913,-7.82484,2.23792,9.10404,-13.1404,3.81708,3.69288,-0,-0,-0,-0,-0,-0
11.6703,-0.651282,0.901025,-1.59846,2.79487,0.0869984,-0.729136,-7.76968,0.36642,8.1092,-9.11628,4.78584,4.76928,-0,-0,-0,-0,-0,-0
11.6752,-0.691985,0.964147,-1.56202,2.66539,0.14001,-0.719249,-7.76968,0.36642,8.1092,-9.11628,4.78584,4.76928,-0,-0,-0,-0,-0,-0
11.6803,-0.68906,0.951025,-1.53952,2.62712,0.182107,-0.714163,-8.54192,1.2608,7.42995,-11.4512,4.70304,5.15016,-0,-0,-0,-0,-0,-0
11.6853,-0.680109,0.957128,-1.48416,2.63647,0.231519,-0.721658,-8.54192,1.2608,7.42995,-11.4512,4.70304,5.15016,-0,-0,-0,-0,-0,-0
11.6903,-0.661008,0.930423,-1.45894,2.63001,0.243061,-0.707072,-8.26218,0.97712,7.81869,-9.78696,6.21828,4.07376,-0,-0,-0,-0,-0,-0
11.6955,-0.654325,0.889701,-1.43347,2.57326,0.193353,-0.674662,-7.43872,1.02046,6.9179,-9.20736,7.22016,4.14828,-0,-0,-0,-0,-0,-0
11.7002,-0.685991,0.900001,-1.36752,2.49139,0.127054,-0.644999,-7.43872,1.02046,6.9179,-9.20736,7.22016,4.14828,-0,-0,-0,-0,-0,-0
11.7052,-0.706705,0.894432,-1.33393,2.46934,0.0999601,-0.612513,-7.43872,0.29156,7.42786,-11.12,5.31576,4.00752,-0,-0,-0,-0,-0,-0
11.7103,-0.692479,0.893655,-1.32792,2.5028,0.119708,-0.581112,-8.17156,-0.5122,7.42368,-10.3086,5.11704,3.99096,-0,-0,-0,-0,-0,-0
11.7152,-0.685343,0.967585,-1.29331,2.48374,0.148784,-0.549249,-8.17156,-0.5122,7.42368,-10.3086,5.11704,3.99096,-0,-0,-0,-0,-0,-0
11.7203,-0.6769,0.97619,-1.29427,2.47347,0.178052,-0.517658,-7.57662,-0.27186,7.68911,-9.99396,4.761,3.99096,-0,-0,-0,-0,-0,-0
11.7257,-0.694288,1.03487,-1.27151,2.44899,0.216566,-0.481944,-7.57662,-0.27186,7.68911,-9.99396,4.761,3.99096,-0,-0,-0,-0,-0,-0
11.7302,-0.697393,1.03002,-1.24749,2.43345,0.239381,-0.481189,-7.8603,1.14654,6.94507,-9.90288,5.19984,5.53104,-0,-0,-0,-0,-0,-0
11.7353,-0.695617,1.00712,-1.20325,2.41671,0.252357,-0.509489,-7.8603,1.14654,6.94507,-9.90288,5.19984,5.53104,-0,-0,-0,-0,-0,-0
11.7403,-0.650113,0.9,-1.22976,2.3979,0.237169,-0.545471,-8.47888,0.44522,7.69329,-8.09784,5.86224,6.0444,-0,-0,-0,-0,-0,-0
11.7453,-0.615988,0.915261,-1.21893,2.30163,0.217589,-0.592714,-8.47888,0.44522,7.69329,-8.09784,5.86224,6.0444,-0,-0,-0,-0,-0,-0
11.7503,-0.575481,0.902088,-1.24049,2.2729,0.211089,-0.628497,-8.38038,0.6895,8.62543,-10.706,5.11704,5.57244,-0,-0,-0,-0,-0,-0
11.7553,-0.54766,0.921922,-1.26128,2.29374,0.219827,-0.647407,-8.38038,0.6895,8.62543,-10.706,5.11704,5.57244,-0,-0,-0,-0,-0,-0
11.7602,-0.502455,0.919796,-1.27003,2.3474,0.190018,-0.673281,-8.91228,0.44916,7.53863,-11.7659,6.59916,6.01956,-0,-0,-0,-0,-0,-0
11.7653,-0.459532,0.857297,-1.30442,2.35897,0.173139,-0.702208,-7.8997,1.33566,8.63797,-8.28,4.3884,5.58072,-0,-0,-0,-0,-0,-0
11.7703,-0.456564,0.849238,-1.32374,2.2764,0.214469,-0.721894,-7.8997,1.33566,8.63797,-8.28,4.3884,5.58072,-0,-0,-0,-0,-0,-0
11.7755,-0.456358,0.813679,-1.3306,2.24964,0.23973,-0.764539,-7.33628,1.17018,7.41741,-9.90288,4.91004,6.63228,-0,-0,-0,-0,-0,-0
11.7802,-0.429422,0.75725,-1.3606,2.29776,0.284377,-0.794151,-8.69164,-0.1182,8.44987,-10.7557,3.23748,5.15844,-0,-0,-0,-0,-0,-0
11.7852,-0.389403,0.835495,-1.35613,2.32784,0.360033,-0.783269,-8.69164,-0.1182,8.44987,-10.7557,3.23748,5.15844,-0,-0,-0,-0,-0,-0
11.7903,-0.35235,0.920748,-1.34502,2.34916,0.425987,-0.769553,-8.69164,-0.1182,8.44987,-10.7557,3.23748,5.15844,-0,-0,-0,-0,-0,-0
11.7953,-0.324919,0.943939,-1.35866,2.36272,0.473316,-0.784442,-7.89182,0.11426,8.30984,-9.82836,3.46104,6.52464,-0,-0,-0,-0,-0,-0
11.8004,-0.308391,0.959489,-1.36201,2.39362,0.475789,-0.808818,-8.1755,0.3743,8.0465,-11.0041,5.62212,5.24124,-0,-0,-0,-0,-0,-0
11.8053,-0.29447,0.997894,-1.34508,2.44376,0.436879,-0.804185,-8.1755,0.3743,8.0465,-11.0041,5.62212,5.24124,-0,-0,-0,-0,-0,-0
11.8103,-0.273285,0.94985,-1.35905,2.48008,0.412329,-0.801126,-7.97456,1.32384,7.95036,-9.24048,4.82724,5.30748,-0,-0,-0,-0,-0,-0
11.8153,-0.26618,0.947457,-1.33671,2.44642,0.407544,-0.801518,-7.97456,1.32384,7.95036,-9.24048,4.82724,5.30748,-0,-0,-0,-0,-0,-0
11.8206,-0.249035,0.91847,-1.32036,2.41204,0.375275,-0.779514,-8.06912,1.15442,7.51146,-8.7768,5.80428,4.24764,-0,-0,-0,-0,-0,-0
11.8254,-0.237089,0.880639,-1.3104,2.36922,0.35915,-0.761951,-7.45842,0.41764,7.50101,-8.83476,4.41324,5.382,-0,-0,-0,-0,-0,-0
11.8303,-0.240488,0.903348,-1.30426,2.32508,0.404928,-0.769083,-7.57268,-0.57524,8.02142,-8.41248,3.05532,5.48964,-0,-0,-0,-0,-0,-0
11.8353,-0.238337,0.967798,-1.30321,2.28725,0.482198,-0.773178,-7.57268,-0.57524,8.02142,-8.41248,3.05532,5.48964,-0,-0,-0,-0,-0,-0
11.8404,-0.203508,0.942276,-1.32811,2.31723,0.539837,-0.771849,-8.54192,0.3349,7.53445,-9.86976,3.52728,5.39028,-0,-0,-0,-0,-0,-0
11.8453,-0.155648,0.950488,-1.31603,2.36036,0.585999,-0.771633,-8.54192,0.3349,7.53445,-9.86976,3.52728,5.39028,-0,-0,-0,-0,-0,-0
11.8506,-0.131481,0.914009,-1.32635,2.39715,0.603261,-0.782926,-7.38356,0.85498,7.68493,-9.07488,4.50432,5.85396,-0,-0,-0,-0,-0,-0
11.8553,-0.131128,0.831747,-1.37092,2.42004,0.58385,-0.823291,-7.30082,1.17806,8.51675,-8.78508,5.0094,6.80616,-0,-0,-0,-0,-0,-0
11.8604,-0.14016,0.820777,-1.38977,2.40862,0.555273,-0.880038,-7.30082,1.17806,8.51675,-8.78508,5.0094,6.80616,-0,-0,-0,-0,-0,-0
11.8653,-0.142935,0.792505,-1.39123,2.35195,0.505193,-0.909332,-7.6239,1.04804,7.36725,-6.88068,5.796,5.7132,-0,-0,-0,-0,-0,-0
11.8703,-0.1354,0.793733,-1.35491,2.24718,0.445115,-0.914856,-7.6239,1.04804,7.36725,-6.88068,5.796,5.7132,-0,-0,-0,-0,-0,-0
11.8753,-0.124927,0.72368,-1.36728,2.18518,0.417901,-0.915441,-7.3481,1.3002,7.92946,-7.75836,4.19796,5.43996,-0,-0,-0,-0,-0,-0
11.8804,-0.129172,0.724309,-1.35086,2.13526,0.4265,-0.905054,-7.3481,1.3002,7.92946,-7.75836,4.19796,5.43996,-0,-0,-0,-0,-0,-0
11.8853,-0.114025,0.709057,-1.33995,2.13629,0.437357,-0.906241,-8.20308,0.97712,7.67448,-9.38952,3.81708,6.05268,-0,-0,-0,-0,-0,-0
11.8903,-0.0692495,0.671446,-1.35342,2.14786,0.455682,-0.900867,-8.08882,0.14184,7.63477,-7.83288,3.99096,5.3406,-0,-0,-0,-0,-0,-0
11.8954,-0.0350212,0.71187,-1.33609,2.09982,0.474864,-0.881697,-8.08882,0.14184,7.63477,-7.83288,3.99096,5.3406,-0,-0,-0,-0,-0,-0
11.9005,-0.0210233,0.674914,-1.32978,2.04733,0.477939,-0.831247,-6.95016,1.21746,6.84893,-6.89724,4.40496,3.81708,-0,-0,-0,-0,-0,-0
11.9052,-0.0307397,0.659368,-1.28528,1.98148,0.470378,-0.750321,-6.95016,1.21746,6.84893,-6.89724,4.40496,3.81708,-0,-0,-0,-0,-0,-0
11.9103,-0.0489237,0.607766,-1.26681,1.9622,0.514292,-0.737016,-6.43402,0.89438,6.8134,-7.8246,1.7388,6.75648,-0,-0,-0,-0,-0,-0
11.9154,-0.0482418,0.564962,-1.25945,1.96924,0.567111,-0.756726,-7.4269,0.77618,7.09346,-7.77492,3.9744,5.36544,-0,-0,-0,-0,-0,-0
11.9203,-0.0172108,0.558917,-1.26812,1.95298,0.585478,-0.803953,-7.37962,-0.40582,7.70374,-6.63228,3.21264,7.866,-0,-0,-0,-0,-0,-0
11.9252,-0.000811689,0.545608,-1.27433,1.88551,0.561448,-0.80256,-6.74922,1.15442,7.03076,-5.74632,5.76288,2.66616,-0,-0,-0,-0,-0,-0
11.9303,-0.030538,0.47397,-1.28861,1.84651,0.484831,-0.738741,-5.02744,0.99682,7.4195,-6.53292,5.33232,4.54572,-0,-0,-0,-0,-0,-0
11.9353,-0.0630498,0.420202,-1.2986,1.82042,0.460266,-0.786232,-5.90606,0.91802,6.98687,-5.41512,3.56868,7.79148,-0,-0,-0,-0,-0,-0
11.9404,-0.0696868,0.404868,-1.28087,1.76245,0.467226,-0.904118,-5.90606,0.91802,6.98687,-5.41512,3.56868,7.79148,-0,-0,-0,-0,-0,-0
11.9452,0.0337895,0.389083,-1.33198,1.74496,0.42672,-1.00042,-10.8311,0.28762,9.7394,-7.09596,5.37372,7.07112,-0,-0,-0,-0,-0,-0
11.9503,0.168586,0.385797,-1.39023,1.78837,0.389468,-1.04955,-8.14792,-0.09456,7.16452,-8.32968,3.73428,6.27624,-0,-0,-0,-0,-0,-0
11.9552,0.238065,0.425742,-1.39379,1.86231,0.415602,-1.06726,-8.40402,-0.10638,8.19489,-9.108,2.75724,6.21828,-0,-0,-0,-0,-0,-0
11.9605,0.316539,0.422444,-1.44466,1.99028,0.457944,-1.08337,-9.0226,1.43416,9.23153,-11.029,2.90628,6.46668,-0,-0,-0,-0,-0,-0
11.9653,0.369392,0.389518,-1.51606,2.07132,0.51498,-1.09955,-7.35598,1.5169,9.33603,-7.95708,2.31012,6.28452,-0,-0,-0,-0,-0,-0
11.9703,0.369493,0.363132,-1.57696,2.05894,0.544536,-1.08127,-7.11564,1.18594,8.89086,-7.02972,4.09032,5.2578,-0,-0,-0,-0,-0,-0
11.9753,0.375926,0.346564,-1.5802,1.98087,0.565162,-1.0669,-7.69088,1.44204,7.07883,-5.24124,2.80692,6.26796,-0,-0,-0,-0,-0,-0
11.9802,0.384036,0.343683,-1.56766,1.90082,0.60683,-1.03673,-7.10776,0.72496,8.24923,-6.8724,2.7324,4.99284,-0,-0,-0,-0,-0,-0
11.9854,0.412433,0.354095,-1.56041,1.8562,0.5959,-0.987186,-8.73104,1.57994,7.84586,-6.75648,4.81896,5.32404,-0,-0,-0,-0,-0,-0
11.9903,0.484202,0.353261,-1.5427,1.81593,0.542294,-0.948483,-8.73104,1.57994,7.84586,-6.75648,4.81896,5.32404,-0,-0,-0,-0,-0,-0
11.9952,0.533939,0.290449,-1.55213,1.78271,0.478595,-0.92287,-7.67512,1.52478,7.43413,-5.95332,5.10048,5.85396,-0,-0,-0,-0,-0,-0
12.0004,0.56344,0.286531,-1.52158,1.72978,0.417268,-0.907298,-7.67512,1.52478,7.43413,-5.95332,5.10048,5.85396,-0,-0,-0,-0,-0,-0
12.0052,0.58058,0.255591,-1.49036,1.69665,0.360315,-0.923473,-6.96592,1.6548,6.78832,-6.14376,4.93488,7.25328,-0,-0,-0,-0,-0,-0
12.0103,0.565355,0.254285,-1.42962,1.65115,0.354294,-0.928021,-6.45372,0.70132,6.35569,-4.91832,2.83176,5.39856,-0,-0,-0,-0,-0,-0
12.0154,0.548132,0.285664,-1.35906,1.61056,0.385208,-0.899912,-6.86348,0.39794,6.2909,-6.53292,3.1464,5.52276,-0,-0,-0,-0,-0,-0
12.0202,0.545927,0.293278,-1.31426,1.6126,0.422135,-0.866018,-6.96592,1.52872,7.1896,-7.01316,2.55024,5.175,-0,-0,-0,-0,-0,-0
12.0255,0.541964,0.25706,-1.31759,1.6271,0.483596,-0.830672,-7.24566,1.50114,7.7748,-7.22844,2.21076,5.27436,-0,-0,-0,-0,-0,-0
12.0305,0.579172,0.225946,-1.33659,1.67352,0.504826,-0.825922,-7.8997,1.37112,7.87512,-7.87428,4.16484,6.5826,-0,-0,-0,-0,-0,-0
12.0354,0.618671,0.199982,-1.3557,1.7074,0.525146,-0.806418,-7.4466,1.4775,7.92946,-6.90552,2.04516,4.44636,-0,-0,-0,-0,-0,-0
12.0403,0.640513,0.179942,-1.36612,1.68884,0.545007,-0.786711,-7.21414,0.9062,7.3777,-5.31576,3.90816,6.26796,-0,-0,-0,-0,-0,-0
12.0452,0.648348,0.17079,-1.38797,1.63774,0.563299,-0.795508,-6.6192,0.97712,8.33074,-5.33232,2.31012,5.7546,-0,-0,-0,-0,-0,-0
12.0504,0.66143,0.161905,-1.40489,1.58984,0.580471,-0.795265,-7.41508,1.25686,7.46339,-5.18328,3.90816,6.14376,-0,-0,-0,-0,-0,-0
12.0552,0.696903,0.144111,-1.41462,1.55755,0.580184,-0.792147,-7.5451,1.4578,8.11756,-5.89536,2.96424,5.82912,-0,-0,-0,-0,-0,-0
12.0602,0.722173,0.12294,-1.39541,1.5476,0.562655,-0.791528,-7.0723,1.71784,6.37241,-6.53292,4.39668,6.30108,-0,-0,-0,-0,-0,-0
12.0653,0.758967,0.0841995,-1.36363,1.54991,0.521563,-0.800537,-7.95092,1.71784,7.15825,-6.1272,4.0986,6.46668,-0,-0,-0,-0,-0,-0
12.0702,0.819207,0.0616745,-1.34858,1.5265,0.496775,-0.774606,-7.95092,1.63116,7.37561,-5.35716,3.65148,4.91832,-0,-0,-0,-0,-0,-0
12.0752,0.863254,0.0060794,-1.35186,1.46763,0.528446,-0.743566,-7.52146,2.17882,7.20214,-4.14828,1.97892,6.16032,-0,-0,-0,-0,-0,-0
12.0802,0.883624,-0.0262874,-1.32693,1.42555,0.567956,-0.70659,-6.76498,1.82028,6.95343,-5.99472,2.75724,4.57884,-0,-0,-0,-0,-0,-0
12.0852,0.899936,-0.0490667,-1.29475,1.4354,0.610521,-0.658538,-7.4269,1.4775,6.50199,-6.21828,1.81332,5.15844,-0,-0,-0,-0,-0,-0
12.0903,0.913637,-0.0661798,-1.26754,1.42579,0.660804,-0.679376,-6.87924,1.48538,6.90745,-5.8788,2.45916,7.3692,-0,-0,-0,-0,-0,-0
12.0952,0.898856,-0.0862955,-1.25244,1.41353,0.684812,-0.734003,-6.04002,1.72966,7.08092,-5.70492,2.83176,6.63228,-0,-0,-0,-0,-0,-0
12.1002,0.895127,-0.108864,-1.23918,1.41522,0.704092,-0.733768,-7.2496,1.7336,7.06002,-6.03612,2.5668,5.03424,-0,-0,-0,-0,-0,-0
12.1051,0.925487,-0.126064,-1.23004,1.41442,0.737315,-0.723819,-7.45054,1.76906,7.43413,-5.86224,1.9044,6.24312,-0,-0,-0,-0,-0,-0
12.1103,0.953208,-0.147319,-1.21762,1.38027,0.743878,-0.742041,-7.1117,1.87544,6.84266,-4.74444,3.61008,6.51636,-0,-0,-0,-0,-0,-0
12.1156,1.00165,-0.177132,-1.20836,1.32271,0.7759,-0.731463,-8.06912,1.72572,7.06629,-4.2642,1.1592,5.12532,-0,-0,-0,-0,-0,-0
12.1203,1.02118,-0.186808,-1.20033,1.26094,0.789541,-0.727312,-6.35916,1.4775,7.34844,-4.07376,3.85848,6.5412,-0,-0,-0,-0,-0,-0
12.1252,1.01269,-0.17979,-1.19714,1.20297,0.747877,-0.753179,-6.35916,1.4775,7.34844,-4.07376,3.85848,6.5412,-0,-0,-0,-0,-0,-0
12.1303,1.01736,-0.207849,-1.22216,1.19797,0.70959,-0.777942,-7.02502,1.21352,7.49683,-5.55588,3.69288,6.59088,-0,-0,-0,-0,-0,-0
12.1354,1.02419,-0.193569,-1.22745,1.22528,0.701334,-0.77621,-6.45766,1.182,7.36098,-6.22656,2.9394,5.61384,-0,-0,-0,-0,-0,-0
12.1402,1.02492,-0.165097,-1.22393,1.25763,0.707236,-0.750054,-6.45766,1.182,7.36098,-6.22656,2.9394,5.61384,-0,-0,-0,-0,-0,-0
12.1453,1.07524,-0.154709,-1.22955,1.26733,0.710218,-0.729807,-8.4907,1.19382,7.22513,-4.86036,2.79864,5.92848,-0,-0,-0,-0,-0,-0
12.1502,1.14979,-0.118844,-1.20198,1.25224,0.737301,-0.722455,-7.73028,1.2214,6.44347,-5.6718,1.95408,6.32592,-0,-0,-0,-0,-0,-0
12.1554,1.24487,-0.0773429,-1.19997,1.26618,0.728834,-0.758421,-9.6924,0.85498,7.88557,-6.2928,4.33872,7.9074,-0,-0,-0,-0,-0,-0
12.1603,1.30926,-0.00724303,-1.20781,1.27879,0.730907,-0.787763,-6.98562,0.86286,7.106,-6.3756,1.68912,6.16032,-0,-0,-0,-0,-0,-0
12.1653,1.28911,0.0780222,-1.21221,1.2878,0.752813,-0.786279,-6.00062,0.99682,7.65358,-5.8374,3.66804,6.75648,-0,-0,-0,-0,-0,-0
12.1703,1.26159,0.180284,-1.19774,1.28338,0.779867,-0.797746,-6.75316,1.15442,6.51244,-5.68836,1.1178,7.01316,-0,-0,-0,-0,-0,-0
12.1753,1.23265,0.282452,-1.17247,1.27316,0.793222,-0.772735,-5.84696,1.33566,6.73189,-5.45652,4.24764,5.0094,-0,-0,-0,-0,-0,-0
12.1802,1.21829,0.390332,-1.15447,1.26121,0.786543,-0.721884,-7.0132,1.97394,6.84684,-4.98456,2.26872,5.44824,-0,-0,-0,-0,-0,-0
12.1853,1.22598,0.471717,-1.15766,1.24542,0.82706,-0.730655,-7.00532,2.57282,7.25648,-5.20812,1.9872,7.35264,-0,-0,-0,-0,-0,-0
12.1903,1.22454,0.561646,-1.15401,1.20973,0.830952,-0.764534,-6.36704,3.08502,7.07047,-4.25592,3.58524,6.59088,-0,-0,-0,-0,-0,-0
12.1955,1.22428,0.622622,-1.14128,1.14645,0.784683,-0.763973,-6.61526,3.69966,6.2282,-3.42792,4.33044,6.01956,-0,-0,-0,-0,-0,-0
12.2004,1.23431,0.656558,-1.12119,1.0906,0.748197,-0.737054,-6.6389,4.70042,6.59604,-4.74444,3.19608,5.60556,-0,-0,-0,-0,-0,-0
12.2053,1.23401,0.654536,-1.09561,1.05544,0.701922,-0.703072,-5.99668,5.92576,6.06936,-3.99096,4.66164,5.59728,-0,-0,-0,-0,-0,-0
12.2105,1.23857,0.594727,-1.06155,1.01488,0.708059,-0.679481,-6.68618,7.33628,5.83319,-3.70116,1.06812,5.9202,-0,-0,-0,-0,-0,-0
12.2152,1.25764,0.475368,-1.04404,0.99037,0.73415,-0.672516,-6.61526,8.5695,6.36823,-4.58712,3.79224,6.2514,-0,-0,-0,-0,-0,-0
12.2202,1.30191,0.339293,-1.0279,0.991171,0.722303,-0.660394,-7.5057,9.0817,6.06309,-4.33044,2.75724,5.52276,-0,-0,-0,-0,-0,-0
12.2256,1.35636,0.198955,-1.00883,1.00313,0.75509,-0.67135,-7.32052,9.66876,6.12788,-4.8852,1.62288,6.9552,-0,-0,-0,-0,-0,-0
12.2303,1.38764,0.0596799,-0.98033,0.997471,0.767763,-0.697516,-6.56798,10.5277,5.85827,-4.28076,3.69288,6.4998,-0,-0,-0,-0,-0,-0
12.2353,1.41323,-0.0946206,-0.959691,0.950095,0.765355,-0.719594,-7.04866,10.8902,6.16759,-2.55024,2.35152,7.27812,-0,-0,-0,-0,-0,-0
12.2403,1.4486,-0.252755,-0.964156,0.907643,0.799004,-0.728289,-6.80832,11.2211,6.67546,-3.94128,2.1114,6.23484,-0,-0,-0,-0,-0,-0
12.2452,1.48212,-0.398831,-0.996272,0.914742,0.818474,-0.680453,-7.08412,11.3984,7.45085,-4.2642,2.84004,4.69476,-0,-0,-0,-0,-0,-0
12.2504,1.49562,-0.536696,-1.04203,0.923449,0.86184,-0.655194,-6.03608,12.0209,7.25021,-4.13172,1.22544,7.11252,-0,-0,-0,-0,-0,-0
12.2554,1.49283,-0.637375,-1.07117,0.916857,0.934873,-0.641583,-6.06366,12.1155,7.20423,-3.5604,1.01844,5.4648,-0,-0,-0,-0,-0,-0
12.2602,1.51566,-0.720986,-1.09157,0.94042,0.941455,-0.64004,-7.55692,12.8996,6.84684,-5.15016,3.9744,7.3692,-0,-0,-0,-0,-0,-0
12.2653,1.57157,-0.773037,-1.0935,0.976192,0.898826,-0.636224,-7.10382,12.8641,6.65038,-4.27248,3.13812,5.11704,-0,-0,-0,-0,-0,-0
12.2702,1.60976,-0.787882,-1.07923,0.972664,0.859361,-0.630871,-7.08806,12.8602,6.38495,-3.44448,3.71772,6.96348,-0,-0,-0,-0,-0,-0
12.2753,1.63623,-0.767656,-1.0782,0.978066,0.833806,-0.660878,-6.45372,12.6159,7.20632,-4.68648,2.59992,6.7482,-0,-0,-0,-0,-0,-0
12.2804,1.64548,-0.743345,-1.07477,0.978107,0.819834,-0.677972,-6.41432,13.2936,6.11116,-3.34512,3.28716,6.72336,-0,-0,-0,-0,-0,-0
12.2853,1.6467,-0.739006,-1.06214,0.949547,0.814667,-0.678767,-5.79968,13.7624,6.57514,-3.1464,2.45088,6.26796,-0,-0,-0,-0,-0,-0
12.2904,1.64065,-0.743645,-1.0547,0.895242,0.820689,-0.694333,-6.304,14.05,6.41212,-2.64132,2.65788,7.18704,-0,-0,-0,-0,-0,-0
12.2952,1.65482,-0.7384,-1.03617,0.835746,0.81878,-0.72769,-6.304,14.05,6.41212,-2.64132,2.65788,7.18704,-0,-0,-0,-0,-0,-0
12.3002,1.66817,-0.74026,-1.01303,0.825127,0.810673,-0.733315,-6.27642,14.1446,6.04428,-4.40496,2.7738,6.03612,-0,-0,-0,-0,-0,-0
12.3052,1.67193,-0.756664,-0.995646,0.810673,0.819825,-0.726415,-6.08336,14.4401,6.30553,-2.8152,2.09484,6.63228,-0,-0,-0,-0,-0,-0
12.3102,1.70779,-0.787104,-1.00815,0.761595,0.849582,-0.743927,-7.70664,14.6923,7.28574,-2.7738,1.91268,7.43544,-0,-0,-0,-0,-0,-0
12.3152,1.76499,-0.83747,-1.04771,0.743895,0.872613,-0.743864,-6.78862,15.3581,7.42368,-3.71772,2.1942,6.11892,-0,-0,-0,-0,-0,-0
12.3202,1.77696,-0.908225,-1.08678,0.746305,0.886427,-0.695454,-6.1464,15.6379,7.35053,-4.47948,2.45088,5.00112,-0,-0,-0,-0,-0,-0
12.3252,1.79651,-0.948595,-1.09192,0.77711,0.888328,-0.644697,-6.85954,14.7671,6.4163,-4.57884,2.26872,5.70492,-0,-0,-0,-0,-0,-0
12.3301,1.80428,-0.951013,-1.0648,0.745632,0.880061,-0.632295,-5.64996,14.05,5.85827,-1.76364,2.97252,6.2928,-0,-0,-0,-0,-0,-0
12.3352,1.82103,-0.913398,-1.04001,0.712713,0.887567,-0.655584,-7.20626,13.2581,6.57305,-3.99924,1.54008,7.56792,-0,-0,-0,-0,-0,-0
12.3402,1.83897,-0.843729,-1.02412,0.723197,0.881942,-0.651164,-5.9494,13.0099,6.53334,-3.8502,3.36996,5.10048,-0,-0,-0,-0,-0,-0
12.3451,1.82988,-0.800619,-1.00231,0.724487,0.839496,-0.626017,-5.88242,14.0343,6.05264,-3.54384,3.37824,6.27624,-0,-0,-0,-0,-0,-0
12.3502,1.84701,-0.778884,-0.99986,0.700077,0.82649,-0.629781,-7.35598,13.4275,7.03703,-2.6496,2.1942,6.73164,-0,-0,-0,-0,-0,-0
12.3555,1.89578,-0.7478,-0.98503,0.679571,0.806313,-0.624029,-7.02108,14.0225,5.89589,-3.1878,3.52728,6.05268,-0,-0,-0,-0,-0,-0
12.3602,1.93843,-0.738543,-0.968649,0.689634,0.785089,-0.615785,-6.9541,13.5418,6.24701,-3.77568,2.58336,6.7068,-0,-0,-0,-0,-0,-0
12.3652,1.97583,-0.700575,-0.947283,0.71603,0.794054,-0.617312,-7.09988,12.6632,5.63882,-3.92472,2.31012,6.68196,-0,-0,-0,-0,-0,-0
12.3702,1.99958,-0.621098,-0.895177,0.719237,0.79306,-0.644787,-5.99274,12.2101,5.20619,-2.7324,2.59164,7.65072,-0,-0,-0,-0,-0,-0
12.3754,1.98365,-0.582756,-0.863681,0.695186,0.807818,-0.662406,-5.41356,13.4945,5.83319,-2.36808,1.8216,6.21828,-0,-0,-0,-0,-0,-0
12.3802,1.96221,-0.576806,-0.863377,0.704437,0.864434,-0.643762,-5.48842,13.2699,6.27209,-4.16484,1.01016,5.92848,-0,-0,-0,-0,-0,-0
12.3853,1.95128,-0.604049,-0.869954,0.754327,0.887229,-0.605874,-5.96516,14.8223,6.10071,-4.81068,3.12156,5.48136,-0,-0,-0,-0,-0,-0
12.3902,1.94523,-0.662821,-0.85335,0.759907,0.887079,-0.572442,-5.61844,14.8893,5.40265,-2.4012,2.06172,5.68836,-0,-0,-0,-0,-0,-0
12.3954,1.95957,-0.715528,-0.818862,0.731997,0.911315,-0.551418,-6.91864,14.0579,4.77774,-2.95596,2.04516,5.8374,-0,-0,-0,-0,-0,-0
12.4001,1.99553,-0.711788,-0.785182,0.739144,0.911519,-0.533818,-6.35522,12.7144,5.51342,-3.95784,2.9394,6.09408,-0,-0,-0,-0,-0,-0
12.4053,2.00805,-0.678309,-0.772518,0.752222,0.9032,-0.524325,-5.70118,12.872,5.75168,-3.25404,2.36808,6.20172,-0,-0,-0,-0,-0,-0
12.4102,2.00276,-0.647315,-0.776518,0.76683,0.941067,-0.494556,-5.59874,12.5371,6.05264,-3.79224,0.86112,5.23296,-0,-0,-0,-0,-0,-0
12.4152,2.00402,-0.632709,-0.777514,0.764846,0.973753,-0.453806,-5.74846,13.4354,5.54477,-2.8152,2.53368,5.64696,-0,-0,-0,-0,-0,-0
12.4203,2.02012,-0.642808,-0.770781,0.739695,0.963183,-0.435221,-5.74846,13.4354,5.54477,-2.8152,2.53368,5.64696,-0,-0,-0,-0,-0,-0
12.4253,2.003,-0.654408,-0.775089,0.717379,0.963482,-0.432809,-4.28278,13.2029,5.88335,-2.90628,1.89612,6.05268,-0,-0,-0,-0,-0,-0
12.4303,1.96095,-0.626465,-0.759797,0.671086,0.946357,-0.436914,-4.78316,11.82,4.82372,-1.7802,3.2706,5.9616,-0,-0,-0,-0,-0,-0
12.4353,1.94445,-0.560898,-0.720646,0.603612,0.902247,-0.434606,-4.78316,11.82,4.82372,-1.7802,3.2706,5.9616,-0,-0,-0,-0,-0,-0
12.4407,1.9254,-0.51234,-0.694428,0.571262,0.876576,-0.425464,-4.6295,12.2849,5.19574,-2.94768,2.53368,5.7546,-0,-0,-0,-0,-0,-0
12.4453,1.95255,-0.517831,-0.693298,0.531727,0.889818,-0.461629,-6.97774,13.5457,5.59284,-1.449,1.63116,7.659,-0,-0,-0,-0,-0,-0
12.4503,2.03338,-0.546953,-0.701447,0.467932,0.925118,-0.521008,-6.97774,13.5457,5.59284,-1.449,1.63116,7.659,-0,-0,-0,-0,-0,-0
12.4553,2.10083,-0.600985,-0.69862,0.420854,0.927505,-0.563868,-6.90682,14.6489,5.07243,-1.8216,3.12156,7.59276,-0,-0,-0,-0,-0,-0
12.4602,2.16177,-0.638314,-0.695191,0.424353,0.919574,-0.562312,-6.98168,13.0335,5.79139,-2.92284,2.09484,5.77944,-0,-0,-0,-0,-0,-0
12.4654,2.22753,-0.627918,-0.706236,0.448073,0.936234,-0.521066,-6.98168,13.0335,5.79139,-2.92284,2.09484,5.77944,-0,-0,-0,-0,-0,-0
12.4703,2.28716,-0.614099,-0.7159,0.464746,0.952292,-0.483707,-6.98168,13.0335,5.79139,-2.92284,2.09484,5.77944,-0,-0,-0,-0,-0,-0
12.4753,2.31231,-0.618485,-0.732632,0.450681,0.98276,-0.474289,-5.70118,13.7782,6.09653,-1.64772,1.39104,6.90552,-0,-0,-0,-0,-0,-0
12.4803,2.29662,-0.628031,-0.735179,0.42141,1.01257,-0.496923,-5.37416,13.6127,5.42982,-2.3184,2.0286,7.18704,-0,-0,-0,-0,-0,-0
12.4852,2.28386,-0.651288,-0.732797,0.385986,1.04905,-0.492555,-5.74846,14.4401,5.99412,-1.1178,0.84456,5.95332,-0,-0,-0,-0,-0,-0
12.4904,2.28601,-0.67126,-0.730029,0.32499,1.1002,-0.469515,-5.74846,14.4401,5.99412,-1.1178,0.84456,5.95332,-0,-0,-0,-0,-0,-0
12.4953,2.28662,-0.666401,-0.720823,0.288,1.13171,-0.483822,-6.04002,13.3881,5.83528,-2.07828,1.449,7.31952,-0,-0,-0,-0,-0,-0
12.5002,2.31657,-0.683754,-0.736568,0.280009,1.14077,-0.499791,-6.42614,14.5307,6.36614,-1.863,2.08656,6.49152,-0,-0,-0,-0,-0,-0
12.5053,2.36141,-0.717387,-0.756431,0.27081,1.13537,-0.491632,-6.42614,14.5307,6.36614,-1.863,2.08656,6.49152,-0,-0,-0,-0,-0,-0
12.5103,2.3781,-0.751529,-0.744857,0.286783,1.08561,-0.470181,-5.65784,14.4204,5.01391,-3.03876,4.2228,5.93676,-0,-0,-0,-0,-0,-0
12.5153,2.38632,-0.779478,-0.707254,0.320746,0.990877,-0.442583,-5.65784,14.4204,5.01391,-3.03876,4.2228,5.93676,-0,-0,-0,-0,-0,-0
12.5203,2.40437,-0.799989,-0.690636,0.321295,0.948277,-0.429662,-6.2646,13.9791,5.73287,-1.79676,2.07,6.35904,-0,-0,-0,-0,-0,-0
12.5253,2.39754,-0.802648,-0.684688,0.300025,0.955616,-0.440927,-5.16928,13.5103,5.38593,-1.99548,1.97892,6.7482,-0,-0,-0,-0,-0,-0
12.5303,2.38192,-0.789472,-0.669309,0.287625,0.961311,-0.462641,-5.16928,13.5103,5.38593,-1.99548,1.97892,6.7482,-0,-0,-0,-0,-0,-0
12.5353,2.37123,-0.775837,-0.651361,0.270431,0.95195,-0.506,-5.5554,13.2502,5.19574,-1.52352,2.62476,7.68384,-0,-0,-0,-0,-0,-0
12.5402,2.3787,-0.766268,-0.639079,0.24259,0.936911,-0.558273,-5.5554,13.2502,5.19574,-1.52352,2.62476,7.68384,-0,-0,-0,-0,-0,-0
12.5453,2.37329,-0.796581,-0.643987,0.246558,0.969685,-0.572755,-5.17322,14.6056,5.67435,-2.79864,0.7452,6.31764,-0,-0,-0,-0,-0,-0
12.5503,2.38804,-0.834644,-0.669605,0.248148,1.01831,-0.564692,-6.21732,13.4906,6.12579,-1.25856,1.68084,6.67368,-0,-0,-0,-0,-0,-0
12.5552,2.42767,-0.840528,-0.703478,0.216134,1.04113,-0.562369,-6.21732,13.4906,6.12579,-1.25856,1.68084,6.67368,-0,-0,-0,-0,-0,-0
12.5601,2.45207,-0.845866,-0.712591,0.186056,1.05238,-0.538744,-5.90606,13.4906,5.06198,-1.21716,2.11968,5.73804,-0,-0,-0,-0,-0,-0
12.5652,2.43921,-0.847858,-0.706483,0.144966,1.08553,-0.507858,-4.65708,13.6048,5.5594,-0.5796,0.63756,6.21828,-0,-0,-0,-0,-0,-0
12.5702,2.43925,-0.849055,-0.711536,0.113518,1.11538,-0.531159,-6.16216,13.2542,5.41728,-1.42416,2.13624,7.84116,-0,-0,-0,-0,-0,-0
12.5753,2.45261,-0.813203,-0.711738,0.0987028,1.11339,-0.572795,-5.36234,12.0997,5.45072,-1.16748,1.87956,7.2864,-0,-0,-0,-0,-0,-0
12.5804,2.45956,-0.7533,-0.712666,0.0793839,1.11583,-0.59346,-5.36234,12.0997,5.45072,-1.16748,1.87956,7.2864,-0,-0,-0,-0,-0,-0
12.5856,2.46676,-0.724575,-0.69576,0.0655238,1.13067,-0.613947,-5.4766,13.2739,4.63144,-1.3248,1.34964,7.47684,-0,-0,-0,-0,-0,-0
12.5903,2.47647,-0.728387,-0.666744,0.0489965,1.15859,-0.637767,-5.4766,13.2739,4.63144,-1.3248,1.34964,7.47684,-0,-0,-0,-0,-0,-0
12.5953,2.47795,-0.706947,-0.657972,0.0173412,1.19598,-0.630162,-5.57116,11.8318,5.33159,-0.59616,1.00188,6.11064,-0,-0,-0,-0,-0,-0
12.6003,2.48384,-0.671201,-0.663937,-0.0306925,1.20351,-0.625421,-5.27566,12.608,5.25217,-0.4968,2.47572,7.34436,-0,-0,-0,-0,-0,-0
12.6051,2.48979,-0.658468,-0.672355,-0.0773525,1.1839,-0.653009,-5.27566,12.608,5.25217,-0.4968,2.47572,7.34436,-0,-0,-0,-0,-0,-0
12.6102,2.52362,-0.656106,-0.688884,-0.114803,1.22492,-0.642903,-6.67042,12.8641,5.52178,-0.75348,-0.01656,5.53104,-0,-0,-0,-0,-0,-0
12.6152,2.54172,-0.639524,-0.690546,-0.157038,1.28055,-0.607273,-4.94076,11.8909,4.54575,-0.2484,1.58976,5.96988,-0,-0,-0,-0,-0,-0
12.6202,2.52998,-0.594721,-0.666518,-0.208264,1.29018,-0.578386,-4.94076,11.8909,4.54575,-0.2484,1.58976,5.96988,-0,-0,-0,-0,-0,-0
12.6253,2.50771,-0.560801,-0.627947,-0.275938,1.26006,-0.560765,-4.63344,12.4031,3.95428,0.63756,3.24576,6.52464,-0,-0,-0,-0,-0,-0
12.6304,2.49274,-0.511483,-0.607057,-0.39882,1.22921,-0.571606,-5.19292,11.0872,5.23127,2.45088,1.85472,7.51824,-0,-0,-0,-0,-0,-0
12.6354,2.49364,-0.43062,-0.61344,-0.556299,1.23034,-0.602924,-5.19292,11.0872,5.23127,2.45088,1.85472,7.51824,-0,-0,-0,-0,-0,-0
12.6402,2.50457,-0.360141,-0.620463,-0.732501,1.22336,-0.670314,-6.2252,11.3433,5.32741,3.58524,2.4012,9.18252,-0,-0,-0,-0,-0,-0
12.6452,2.54751,-0.286748,-0.623586,-0.919193,1.20189,-0.757748,-6.2252,11.3433,5.32741,3.58524,2.4012,9.18252,-0,-0,-0,-0,-0,-0
12.6503,2.55864,-0.257303,-0.612934,-1.06772,1.19214,-0.803357,-5.1417,13.3921,4.88015,3.33684,1.99548,7.81632,-0,-0,-0,-0,-0,-0
12.6553,2.55197,-0.2895,-0.604168,-1.11868,1.19324,-0.812826,-5.1417,13.3921,4.88015,3.33684,1.99548,7.81632,-0,-0,-0,-0,-0,-0
12.6604,2.5513,-0.309142,-0.598823,-1.06599,1.22014,-0.800669,-5.74058,12.3874,4.7443,3.15468,1.01844,6.92208,-0,-0,-0,-0,-0,-0
12.6654,2.57354,-0.300138,-0.589825,-0.977539,1.26014,-0.783217,-5.74058,12.3874,4.7443,3.15468,1.01844,6.92208,-0,-0,-0,-0,-0,-0
12.6705,2.57272,-0.277613,-0.573564,-0.897991,1.27497,-0.751398,-5.16928,11.7648,4.43289,3.55212,2.11968,5.82084,-0,-0,-0,-0,-0,-0
12.6753,2.56968,-0.239097,-0.550793,-0.830293,1.25723,-0.695595,-5.16928,11.7648,4.43289,3.55212,2.11968,5.82084,-0,-0,-0,-0,-0,-0
12.6803,2.56076,-0.208142,-0.522901,-0.789062,1.23367,-0.656918,-5.28354,12.0091,4.18,4.6782,2.43432,6.48324,-0,-0,-0,-0,-0,-0
12.6852,2.55283,-0.183705,-0.493965,-0.742155,1.24966,-0.660352,-4.65314,11.9973,4.32003,3.312,0.2898,7.40232,-0,-0,-0,-0,-0,-0
12.6902,2.5439,-0.165155,-0.473237,-0.667702,1.30917,-0.685909,-4.65314,11.9973,4.32003,3.312,0.2898,7.40232,-0,-0,-0,-0,-0,-0
12.6953,2.5496,-0.178346,-0.466197,-0.594482,1.31412,-0.689044,-5.40962,13.2029,4.81745,3.105,2.74068,6.35904,-0,-0,-0,-0,-0,-0
12.7004,2.57596,-0.210716,-0.478323,-0.517038,1.27729,-0.680614,-5.50024,12.675,4.97211,3.12984,2.17764,6.73992,-0,-0,-0,-0,-0,-0
12.7053,2.60969,-0.23748,-0.499822,-0.450042,1.25395,-0.678167,-5.50024,12.675,4.97211,3.12984,2.17764,6.73992,-0,-0,-0,-0,-0,-0
12.7102,2.63541,-0.300062,-0.512666,-0.40095,1.2448,-0.643427,-5.4372,14.1485,4.49141,3.69288,1.70568,5.30748,-0,-0,-0,-0,-0,-0
12.7153,2.67208,-0.347018,-0.525191,-0.369564,1.22135,-0.647229,-6.14246,12.1037,5.03481,3.91644,2.95596,7.85772,-0,-0,-0,-0,-0,-0
12.7202,2.73059,-0.331653,-0.541416,-0.337203,1.16066,-0.697871,-6.14246,12.1037,5.03481,3.91644,2.95596,7.85772,-0,-0,-0,-0,-0,-0
12.7252,2.7556,-0.311526,-0.542237,-0.326036,1.12831,-0.734721,-4.99592,12.2101,4.59382,4.94316,1.6974,7.55964,-0,-0,-0,-0,-0,-0
12.7304,2.76367,-0.285342,-0.52759,-0.322955,1.1193,-0.751858,-4.99592,12.2101,4.59382,4.94316,1.6974,7.55964,-0,-0,-0,-0,-0,-0
12.7352,2.74978,-0.280664,-0.514771,-0.291704,1.10488,-0.735934,-4.3537,13.2069,4.76938,3.75084,2.1114,6.31764,-0,-0,-0,-0,-0,-0
12.7402,2.72876,-0.30681,-0.500534,-0.2698,1.11009,-0.699428,-4.48766,12.7223,3.87068,5.28264,1.1178,6.39216,-0,-0,-0,-0,-0,-0
12.7452,2.71663,-0.297398,-0.475014,-0.265169,1.11144,-0.68178,-4.32218,12.0328,4.44543,4.23936,2.09484,7.038,-0,-0,-0,-0,-0,-0
12.7503,2.69909,-0.281741,-0.470839,-0.239186,1.0928,-0.688358,-4.32218,12.0328,4.44543,4.23936,2.09484,7.038,-0,-0,-0,-0,-0,-0
12.7553,2.66403,-0.294599,-0.470643,-0.221573,1.082,-0.701119,-3.9006,13.0611,4.45797,4.41324,1.97064,7.06284,-0,-0,-0,-0,-0,-0
12.7604,2.61585,-0.320835,-0.460636,-0.170355,1.10568,-0.716947,-3.5066,12.7932,4.14656,2.79036,0.52992,7.31952,-0,-0,-0,-0,-0,-0
12.7653,2.57484,-0.352503,-0.454709,-0.0847227,1.15892,-0.731219,-3.5066,12.7932,4.14656,2.79036,0.52992,7.31952,-0,-0,-0,-0,-0,-0
12.7703,2.55133,-0.385245,-0.438212,-0.0313666,1.19977,-0.738014,-4.5113,12.5922,3.46104,4.04064,1.25856,7.13736,-0,-0,-0,-0,-0,-0
12.7755,2.56208,-0.412913,-0.408298,0.00499053,1.21526,-0.741409,-4.5113,12.5922,3.46104,4.04064,1.25856,7.13736,-0,-0,-0,-0,-0,-0
12.7802,2.59503,-0.438417,-0.390976,0.00330945,1.21748,-0.751622,-5.90212,12.6474,4.10894,5.66352,1.89612,7.37748,-0,-0,-0,-0,-0,-0
12.7852,2.63176,-0.474449,-0.372531,-0.0142207,1.2227,-0.762815,-4.9053,13.8885,3.8247,4.72788,0.96048,7.11252,-0,-0,-0,-0,-0,-0
12.7903,2.6483,-0.483103,-0.342585,-0.0326688,1.223,-0.748074,-4.83832,11.9343,3.762,5.24952,2.01204,6.40872,-0,-0,-0,-0,-0,-0
12.7953,2.6709,-0.454383,-0.31797,-0.0565617,1.19731,-0.71933,-4.83832,11.9343,3.762,5.24952,2.01204,6.40872,-0,-0,-0,-0,-0,-0
12.8003,2.69418,-0.457474,-0.305822,-0.0641521,1.19731,-0.689797,-5.20868,13.1123,4.16119,4.58712,1.09296,6.25968,-0,-0,-0,-0,-0,-0
12.8054,2.7305,-0.489195,-0.307596,-0.0562346,1.21537,-0.661235,-5.20868,13.1123,4.16119,4.58712,1.09296,6.25968,-0,-0,-0,-0,-0,-0
12.8105,2.72838,-0.519224,-0.315663,-0.072594,1.23933,-0.667847,-4.0385,12.9823,4.37019,5.57244,1.08468,7.68384,-0,-0,-0,-0,-0,-0
12.8154,2.70287,-0.519288,-0.31305,-0.0917436,1.25674,-0.697275,-3.8218,11.8082,3.74946,4.53744,1.0764,7.31952,-0,-0,-0,-0,-0,-0
12.8203,2.68325,-0.486958,-0.293114,-0.0872727,1.26618,-0.713726,-3.8218,11.8082,3.74946,4.53744,1.0764,7.31952,-0,-0,-0,-0,-0,-0
12.8253,2.67183,-0.486195,-0.278551,-0.0960952,1.2589,-0.703505,-4.48372,13.2896,4.07132,5.03424,1.96236,6.21828,-0,-0,-0,-0,-0,-0
12.8305,2.68905,-0.523843,-0.277064,-0.105073,1.22671,-0.667034,-4.48372,13.2896,4.07132,5.03424,1.96236,6.21828,-0,-0,-0,-0,-0,-0
12.8355,2.69865,-0.576048,-0.281893,-0.13594,1.23581,-0.680199,-4.4325,13.8491,4.26569,6.06924,0.33948,8.42076,-0,-0,-0,-0,-0,-0
12.8404,2.70192,-0.618252,-0.297597,-0.157391,1.27325,-0.726288,-4.44038,12.7144,4.4935,4.3884,0.72036,7.85772,-0,-0,-0,-0,-0,-0
12.8453,2.71822,-0.636553,-0.320909,-0.141297,1.2975,-0.757993,-4.44038,12.7144,4.4935,4.3884,0.72036,7.85772,-0,-0,-0,-0,-0,-0
12.8507,2.75814,-0.653245,-0.334765,-0.179071,1.31651,-0.751188,-5.59874,12.5804,4.0337,6.831,1.10124,6.1686,-0,-0,-0,-0,-0,-0
12.8552,2.79287,-0.636941,-0.324163,-0.212773,1.28461,-0.716412,-4.73982,11.8121,3.73483,4.24764,2.78208,6.20172,-0,-0,-0,-0,-0,-0
12.8602,2.79035,-0.609331,-0.320522,-0.191082,1.25168,-0.692775,-3.97152,11.8555,4.21762,4.41324,1.16748,6.57432,-0,-0,-0,-0,-0,-0
12.8653,2.77981,-0.585469,-0.330027,-0.167186,1.25117,-0.679154,-3.97152,11.8555,4.21762,4.41324,1.16748,6.57432,-0,-0,-0,-0,-0,-0
12.8702,2.77908,-0.565068,-0.332024,-0.150412,1.25272,-0.678584,-4.78316,11.9067,3.88322,4.69476,1.35792,7.10424,-0,-0,-0,-0,-0,-0
12.8752,2.80469,-0.544841,-0.32717,-0.137915,1.24326,-0.698003,-4.78316,11.9067,3.88322,4.69476,1.35792,7.10424,-0,-0,-0,-0,-0,-0
12.8803,2.80758,-0.518819,-0.314607,-0.150093,1.25898,-0.710475,-4.0385,11.6663,3.54882,5.81256,0.34776,6.57432,-0,-0,-0,-0,-0,-0
12.8855,2.78623,-0.480128,-0.297445,-0.171757,1.28539,-0.7041,-3.81786,11.2684,3.67631,5.0922,0.96048,6.47496,-0,-0,-0,-0,-0,-0
12.8905,2.77627,-0.440838,-0.288871,-0.176198,1.29071,-0.693866,-3.81786,11.2684,3.67631,5.0922,0.96048,6.47496,-0,-0,-0,-0,-0,-0
12.8956,2.77385,-0.399615,-0.280592,-0.199632,1.31808,-0.66066,-4.2158,10.9374,3.58017,5.95332,0.07452,5.43996,-0,-0,-0,-0,-0,-0
12.9002,2.77276,-0.340952,-0.273284,-0.229112,1.35898,-0.601108,-4.2355,10.5356,3.75573,5.27436,0.4554,5.0922,-0,-0,-0,-0,-0,-0
12.9052,2.78294,-0.281701,-0.275079,-0.242626,1.38348,-0.535935,-4.2355,10.5356,3.75573,5.27436,0.4554,5.0922,-0,-0,-0,-0,-0,-0
12.9105,2.77566,-0.235803,-0.270539,-0.210617,1.43499,-0.476741,-3.62086,10.8783,3.37953,3.13812,-0.67896,5.2578,-0,-0,-0,-0,-0,-0
12.9154,2.74987,-0.220486,-0.261487,-0.187151,1.49367,-0.459307,-3.41598,11.6348,3.51956,5.03424,0.09936,6.7896,-0,-0,-0,-0,-0,-0
12.9202,2.76195,-0.192403,-0.258676,-0.195272,1.50323,-0.438251,-5.15352,10.311,3.64705,4.58712,1.29996,5.10876,-0,-0,-0,-0,-0,-0
12.9256,2.78104,-0.119894,-0.266021,-0.172539,1.50779,-0.395274,-3.55782,9.3575,3.89785,3.6432,0.19872,5.63868,-0,-0,-0,-0,-0,-0
12.9304,2.7746,-0.077262,-0.262804,-0.139567,1.51295,-0.373177,-4.10942,11.556,3.23114,3.27888,1.1592,5.97816,-0,-0,-0,-0,-0,-0
12.9355,2.77598,-0.107409,-0.251113,-0.145216,1.50378,-0.375062,-3.7233,12.1707,3.30847,5.19984,0.83628,6.30936,-0,-0,-0,-0,-0,-0
12.9403,2.7653,-0.123039,-0.231727,-0.261569,1.50507,-0.419375,-3.546,11.1305,2.98661,8.55324,0.67068,7.71696,-0,-0,-0,-0,-0,-0
12.9453,2.76198,-0.19763,-0.215225,-0.394782,1.51628,-0.512781,-3.85332,14.3061,2.97616,7.10424,0.52992,8.59464,-0,-0,-0,-0,-0,-0
12.9503,2.77882,-0.265435,-0.204368,-0.436992,1.52346,-0.587802,-4.35764,11.4181,3.35236,5.8374,0.81144,7.65072,-0,-0,-0,-0,-0,-0
12.9552,2.79105,-0.283407,-0.218627,-0.427116,1.53056,-0.606473,-3.85332,12.2179,4.01071,4.99284,0.57132,6.6654,-0,-0,-0,-0,-0,-0
12.9602,2.77464,-0.28561,-0.237695,-0.401236,1.55991,-0.612597,-3.11654,11.2566,3.84142,5.12532,-0.47196,7.13736,-0,-0,-0,-0,-0,-0
12.9652,2.76847,-0.295065,-0.245994,-0.422434,1.58439,-0.627913,-4.14882,12.7301,3.66168,7.11252,0.57132,6.88896,-0,-0,-0,-0,-0,-0
12.9704,2.78036,-0.332944,-0.25312,-0.467257,1.58986,-0.652907,-3.94,12.2061,3.553,6.65712,0.56304,7.66728,-0,-0,-0,-0,-0,-0
12.9753,2.7716,-0.352356,-0.249074,-0.468939,1.57404,-0.642223,-3.21504,12.5134,3.48612,5.48964,1.22544,5.5062,-0,-0,-0,-0,-0,-0
12.9803,2.75224,-0.375011,-0.229816,-0.476335,1.56867,-0.632932,-3.40022,12.2455,2.78388,6.8724,0.207,7.4934,-0,-0,-0,-0,-0,-0
12.9853,2.76453,-0.411845,-0.20439,-0.474857,1.59654,-0.648692,-4.2946,13.132,3.1141,5.63868,-0.3726,6.69024,-0,-0,-0,-0,-0,-0
12.9903,2.77884,-0.438637,-0.190241,-0.451312,1.60646,-0.648053,-3.75088,12.0406,3.32519,5.87052,0.83628,6.71508,-0,-0,-0,-0,-0,-0
12.9953,2.79813,-0.462195,-0.184397,-0.416479,1.57565,-0.658863,-4.2946,12.7971,3.30429,4.5954,1.449,7.15392,-0,-0,-0,-0,-0,-0
13.0005,2.8328,-0.495693,-0.17958,-0.386053,1.55064,-0.68506,-4.71224,13.0611,3.63869,5.48964,0.58788,7.02144,0,0,0,0,0,0
13.0054,2.88263,-0.536443,-0.185146,-0.38039,1.5371,-0.698068,-4.71224,13.0611,3.63869,5.48964,0.58788,7.02144,0,0,0,0,0,0
13.0103,2.89906,-0.551732,-0.190066,-0.388753,1.52615,-0.700285,-3.53418,11.9264,3.59062,5.92848,0.63756,6.77304,0,0,0,0,0,0
13.0155,2.88643,-0.548716,-0.203264,-0.40916,1.48845,-0.694166,-3.52236,11.7806,3.70139,6.2514,2.04516,6.93036,0,0,0,0,0,0
13.0203,2.86577,-0.542287,-0.222189,-0.38142,1.45576,-0.712567,-2.93924,11.6703,3.7829,4.52088,0.38088,7.9902,0,0,0,0,0,0
13.0252,2.82405,-0.555372,-0.242803,-0.340636,1.46608,-0.69684,-2.52948,12.5292,3.72647,4.95972,0.2898,5.382,0,0,0,0,0,0
13.0302,2.7837,-0.546008,-0.253175,-0.328744,1.47891,-0.680326,-2.8959,11.1344,3.61361,5.4648,0.10764,7.60932,0,0,0,0,0,0
13.0353,2.77604,-0.554503,-0.265762,-0.343343,1.50464,-0.681163,-3.67996,12.8877,3.57808,6.05268,-0.23184,6.0858,0,0,0,0,0,0
13.0402,2.7793,-0.597415,-0.275935,-0.345081,1.51075,-0.658017,-3.41992,12.9035,3.67422,4.75272,0.73692,6.30108,0,0,0,0,0,0
13.0452,2.76121,-0.621273,-0.28928,-0.316286,1.47803,-0.64656,-2.6989,12.2179,3.79335,4.48776,1.37448,6.3342,0,0,0,0,0,0
13.0507,2.72956,-0.649129,-0.306977,-0.322037,1.4335,-0.651524,-2.71072,13.0296,3.79753,6.14376,1.31652,6.88896,0,0,0,0,0,0
13.0552,2.71949,-0.660118,-0.320189,-0.351295,1.43323,-0.666366,-3.45144,11.2645,3.48403,5.77944,-0.40572,6.93036,0,0,0,0,0,0
13.0603,2.72553,-0.653836,-0.313923,-0.371217,1.43371,-0.709426,-3.32142,12.4386,2.97616,6.10236,1.01844,7.94052,0,0,0,0,0,0
13.0655,2.70111,-0.628582,-0.2797,-0.410383,1.40137,-0.752147,-2.23004,11.0478,2.46411,7.09596,1.035,7.18704,0,0,0,0,0,0
13.0703,2.67958,-0.592802,-0.233625,-0.457675,1.37911,-0.764306,-3.34112,11.5836,2.01685,7.21188,0.5382,7.038,0,0,0,0,0,0
13.0752,2.68313,-0.558923,-0.166522,-0.487026,1.36431,-0.750436,-3.22292,11.0872,1.16204,6.31764,0.828,6.35904,0,0,0,0,0,0
13.0802,2.69016,-0.495546,-0.0742936,-0.512721,1.3858,-0.724789,-3.45144,10.6459,0.58729,6.92208,-1.2834,6.40872,0,0,0,0,0,0
13.0852,2.69232,-0.446661,0.00466009,-0.512749,1.42019,-0.71638,-3.20716,11.1147,0.6688,5.589,0.31464,6.47496,0,0,0,0,0,0
13.0903,2.7178,-0.427721,0.055117,-0.476014,1.44265,-0.71655,-4.35764,11.7688,0.62491,5.44824,-0.71208,6.69024,0,0,0,0,0,0
13.0952,2.73464,-0.391915,0.0835711,-0.419231,1.46592,-0.693806,-2.93924,10.6104,0.47025,4.16484,0.0414,5.2164,0,0,0,0,0,0
13.1003,2.73115,-0.371207,0.0866832,-0.371826,1.46615,-0.705496,-3.25838,11.9737,0.209,5.86224,0.28152,7.87428,0,0,0,0,0,0
13.1052,2.73371,-0.364436,0.0706756,-0.377489,1.46604,-0.717748,-3.2505,11.1187,0.36575,6.624,0.01656,5.60556,0,0,0,0,0,0
13.1102,2.73448,-0.336128,0.0446733,-0.396087,1.47779,-0.717113,-3.1914,10.7995,0.09196,6.40872,-0.14904,7.245,0,0,0,0,0,0
13.1152,2.72269,-0.343293,0.0104637,-0.378843,1.50108,-0.746342,-2.37582,11.9027,0.09614,5.27436,-0.50508,7.08768,0,0,0,0,0,0
13.1204,2.68709,-0.338264,-0.012889,-0.361451,1.49656,-0.759723,-2.14336,10.9532,-0.04598,6.3756,0.81144,6.76476,0,0,0,0,0,0
13.1255,2.66878,-0.346869,-0.040381,-0.332368,1.5108,-0.77022,-2.95106,11.9146,-0.05434,5.07564,-1.27512,7.0794,0,0,0,0,0,0
13.1303,2.67479,-0.366432,-0.0610865,-0.284929,1.56361,-0.784234,-2.95106,11.9146,-0.05434,5.07564,-1.27512,7.0794,0,0,0,0,0,0
13.1353,2.66545,-0.367784,-0.0809306,-0.265089,1.64952,-0.777412,-2.5807,11.4339,0.15257,6.02784,-2.5668,6.2514,0,0,0,0,0,0
13.1403,2.65564,-0.367379,-0.111195,-0.269614,1.75393,-0.756064,-2.5807,11.4339,0.15257,6.02784,-2.5668,6.2514,0,0,0,0,0,0
13.1454,2.64506,-0.375984,-0.12481,-0.297511,1.83754,-0.793865,-2.9156,11.7176,-0.61028,6.9966,-1.38276,8.8182,0,0,0,0,0,0
13.1503,2.66839,-0.421742,-0.126606,-0.349391,1.86645,-0.865233,-3.84938,13.2739,-0.30723,7.35264,-0.56304,7.89084,0,0,0,0,0,0
13.1553,2.7128,-0.499799,-0.13703,-0.408204,1.86894,-0.907474,-3.84938,13.2739,-0.30723,7.35264,-0.56304,7.89084,0,0,0,0,0,0
13.1603,2.72542,-0.543125,-0.157001,-0.422283,1.85829,-0.936264,-2.8565,11.9343,0.19019,5.24952,0.25668,7.50996,0,0,0,0,0,0
13.1652,2.71124,-0.547745,-0.176764,-0.391754,1.8311,-0.922352,-2.58858,11.8476,-0.15675,5.89536,-0.05796,6.47496,0,0,0,0,0,0
13.1703,2.69509,-0.547526,-0.203172,-0.329969,1.81667,-0.882,-2.86044,11.7491,0.54758,4.04064,-0.17388,5.97816,0,0,0,0,0,0
13.1754,2.71557,-0.583731,-0.245545,-0.279098,1.83829,-0.86148,-3.75088,13.3448,0.46398,6.07752,-1.73052,7.17876,0,0,0,0,0,0
13.1802,2.72651,-0.614883,-0.260228,-0.297175,1.87319,-0.855762,-2.53736,11.8161,-0.45353,6.73164,-0.90252,6.60744,0,0,0,0,0,0
13.1854,2.73664,-0.630095,-0.276063,-0.300334,1.88743,-0.844594,-3.4869,12.3952,0.34903,5.9616,-0.92736,6.64884,0,0,0,0,0,0
13.1906,2.75284,-0.649593,-0.288258,-0.286222,1.8942,-0.835114,-2.81316,12.1588,-0.53713,5.87052,-0.6624,6.55776,0,0,0,0,0,0
13.1954,2.76016,-0.63704,-0.294113,-0.272597,1.88749,-0.829074,-3.14412,11.166,0.23199,5.63868,-0.44712,6.48324,0,0,0,0,0,0
13.2003,2.76882,-0.608752,-0.290271,-0.272612,1.87768,-0.815836,-2.95106,11.6388,-0.82137,6.16032,-0.61272,5.86224,0,0,0,0,0,0
13.2053,2.77368,-0.627304,-0.276882,-0.304231,1.87182,-0.789791,-2.81316,12.7617,-0.48697,7.17048,-0.58788,5.7546,0,0,0,0,0,0
13.2103,2.7606,-0.660945,-0.272267,-0.339894,1.86799,-0.791892,-2.27338,11.8752,-0.77748,6.78132,-0.5796,7.0794,0,0,0,0,0,0
13.2153,2.75176,-0.68007,-0.279301,-0.359546,1.8845,-0.841107,-3.01804,12.3755,0.12331,6.59088,-1.46556,7.88256,0,0,0,0,0,0
13.2203,2.74644,-0.683159,-0.298984,-0.37716,1.92588,-0.875835,-2.30096,11.2645,-0.19646,6.88068,-1.9044,6.80616,0,0,0,0,0,0
13.2252,2.72755,-0.649677,-0.319346,-0.371519,1.98259,-0.856887,-2.39158,10.6695,0.13167,5.26608,-2.08656,5.89536,0,0,0,0,0,0
13.2303,2.69625,-0.624763,-0.337351,-0.335044,2.04485,-0.827821,-1.46174,11.6979,-0.23408,5.9616,-2.50884,6.14376,0,0,0,0,0,0
13.2353,2.65641,-0.614437,-0.348686,-0.312879,2.11105,-0.813805,-2.01728,10.9965,-0.32604,5.23296,-2.21904,6.55776,0,0,0,0,0,0
13.2403,2.65578,-0.589664,-0.362377,-0.2964,2.14749,-0.797636,-2.81316,11.4457,0.11704,6.54948,-1.58976,5.77116,0,0,0,0,0,0
13.2453,2.65535,-0.552628,-0.380555,-0.298423,2.16573,-0.792883,-2.00546,10.5474,-0.00209,6.25968,-1.5732,7.06284,0,0,0,0,0,0
13.2503,2.64128,-0.523735,-0.371311,-0.284738,2.17819,-0.775274,-2.33642,11.6269,-1.10352,5.4648,-1.44072,5.48964,0,0,0,0,0,0
13.2557,2.62318,-0.522503,-0.353032,-0.252075,2.17741,-0.741611,-1.6351,11.8476,-0.3762,5.41512,-1.09296,5.92848,0,0,0,0,0,0
13.2604,2.58084,-0.533947,-0.362393,-0.259216,2.16723,-0.735594,-1.2608,11.7648,-0.18183,6.89724,-1.01844,6.5412,0,0,0,0,0,0
13.2653,2.57539,-0.529765,-0.368636,-0.270618,2.16054,-0.772421,-3.06532,10.9335,-0.65417,6.06924,-1.17576,7.83288,0,0,0,0,0,0
13.2704,2.58922,-0.547632,-0.379864,-0.284387,2.15189,-0.833837,-1.92272,12.2849,-0.22363,7.14564,-0.9108,8.00676,0,0,0,0,0,0
13.2753,2.57046,-0.573187,-0.387384,-0.300816,2.12912,-0.828742,-1.58782,12.0997,-0.32604,6.31764,-0.84456,5.27436,0,0,0,0,0,0
13.2806,2.55214,-0.580563,-0.394795,-0.297753,2.10283,-0.791941,-1.86756,11.2842,-0.42218,6.21828,-0.58788,6.27624,0,0,0,0,0,0
13.2853,2.52963,-0.552037,-0.385297,-0.288948,2.07148,-0.770921,-1.46962,11.0044,-0.74404,6.02784,-0.7452,5.77116,0,0,0,0,0,0
13.2904,2.52773,-0.52743,-0.376969,-0.260797,2.06013,-0.760875,-2.76588,11.4024,-0.46189,5.18328,-1.44072,6.90552,0,0,0,0,0,0
13.2956,2.55758,-0.524307,-0.386402,-0.247973,2.07316,-0.742088,-2.71466,11.2487,-0.38038,6.28452,-1.75536,5.41512,0,0,0,0,0,0
13.3004,2.56841,-0.529143,-0.395647,-0.236114,2.08847,-0.733115,-2.10002,11.7373,-0.51623,5.44824,-1.45728,7.11252,0,0,0,0,0,0
13.3054,2.57248,-0.546221,-0.403698,-0.202703,2.08961,-0.762477,-2.10002,11.7373,-0.51623,5.44824,-1.45728,7.11252,0,0,0,0,0,0
13.3104,2.55601,-0.580248,-0.392035,-0.18966,2.10188,-0.774913,-1.48538,12.6789,-1.26027,6.28452,-1.56492,6.42528,0,0,0,0,0,0
13.3153,2.53284,-0.63242,-0.366041,-0.193655,2.10526,-0.772958,-1.48538,12.6789,-1.26027,6.28452,-1.56492,6.42528,0,0,0,0,0,0
13.3203,2.52851,-0.660733,-0.354537,-0.19991,2.12116,-0.752697,-2.56494,11.8555,-0.56848,6.39216,-1.863,5.589,0,0,0,0,0,0
13.3253,2.56146,-0.681209,-0.357787,-0.209553,2.14649,-0.725392,-2.98258,11.6939,-1.00738,6.90552,-2.04516,5.6304,0,0,0,0,0,0
13.3304,2.56796,-0.732793,-0.375506,-0.246205,2.1758,-0.708307,-1.3987,12.9941,-0.13794,7.22016,-2.07828,5.80428,0,0,0,0,0,0
13.3352,2.55499,-0.765138,-0.38593,-0.301065,2.19168,-0.72238,-2.13154,11.8082,-0.65626,7.866,-1.70568,7.22844,0,0,0,0,0,0
13.3404,2.55262,-0.774813,-0.383856,-0.298149,2.19483,-0.744445,-1.6942,12.1116,-0.65208,5.4648,-1.73052,6.64056,0,0,0,0,0,0
13.3453,2.53526,-0.779199,-0.379443,-0.252517,2.20744,-0.773973,-1.54842,12.0249,-0.56639,5.73804,-2.1942,7.30296,0,0,0,0,0,0
13.3504,2.5413,-0.793407,-0.373783,-0.177456,2.21649,-0.809435,-2.37582,12.4386,-0.84227,4.53744,-1.84644,6.97176,0,0,0,0,0,0
13.3554,2.54553,-0.793011,-0.366998,-0.100004,2.23034,-0.795071,-1.64692,11.3748,-0.61655,5.26608,-2.37636,5.1336,0,0,0,0,0,0
13.3603,2.53986,-0.772778,-0.373956,-0.0842453,2.24374,-0.74329,-1.75724,11.1975,-0.44517,6.55776,-2.16108,5.29092,0,0,0,0,0,0
13.3653,2.53134,-0.75721,-0.395772,-0.0778783,2.26673,-0.697417,-1.54054,11.3984,-0.06688,5.76288,-2.86488,5.4648,0,0,0,0,0,0
13.3707,2.49504,-0.732339,-0.416511,-0.0894478,2.29302,-0.679613,-0.6895,11.2723,-0.19228,7.2864,-2.75724,6.24312,0,0,0,0,0,0
13.3754,2.45956,-0.718506,-0.417069,-0.130203,2.31127,-0.692153,-1.6154,11.6427,-1.03037,7.00488,-2.92284,6.81444,0,0,0,0,0,0
13.3805,2.45033,-0.673684,-0.391109,-0.146006,2.3381,-0.708501,-1.68238,10.4489,-1.05336,6.44184,-3.8088,6.73992,0,0,0,0,0,0
13.3852,2.44028,-0.615692,-0.390627,-0.151966,2.38337,-0.712983,-1.41446,10.7168,-0.11913,6.73992,-4.45464,6.40872,0,0,0,0,0,0
13.3903,2.42492,-0.582006,-0.398688,-0.136642,2.43205,-0.69222,-1.30414,11.0753,-0.95095,5.69664,-4.7196,5.48964,0,0,0,0,0,0
13.3954,2.4134,-0.578126,-0.408099,-0.111797,2.48438,-0.662238,-1.33172,11.6624,-0.26125,6.417,-5.43996,5.24124,0,0,0,0,0,0
13.4005,2.39683,-0.585483,-0.419518,-0.0614652,2.54805,-0.606963,-1.03622,11.0872,-1.14114,5.20812,-5.86224,4.27248,0,0,0,0,0,0
13.4055,2.36698,-0.565409,-0.409777,0.00499248,2.61423,-0.555253,-0.73284,11.5166,-0.44517,4.69476,-6.45012,5.36544,0,0,0,0,0,0
13.4104,2.36004,-0.570781,-0.441358,0.0467192,2.68094,-0.537502,-1.74148,11.5284,0.31141,5.27436,-6.64884,5.3406,0,0,0,0,0,0
13.4153,2.36649,-0.573605,-0.462941,0.0750616,2.74208,-0.549571,-1.54842,11.7688,-0.55176,4.60368,-6.89724,6.83928,0,0,0,0,0,0
13.4203,2.3629,-0.548206,-0.467838,0.0871471,2.78932,-0.578412,-1.25686,10.0194,-0.47861,5.08392,-6.77304,5.96988,0,0,0,0,0,0
13.4254,2.35778,-0.498236,-0.481427,0.0604405,2.81851,-0.574544,-1.41052,10.3149,-0.23408,6.09408,-6.96348,5.53104,0,0,0,0,0,0
13.4303,2.34307,-0.467434,-0.492861,0.0611252,2.85445,-0.533345,-0.99288,10.8192,-0.46816,3.75912,-7.65072,4.07376,0,0,0,0,0,0
13.4353,2.30707,-0.475218,-0.478135,-0.0627723,2.90209,-0.522916,-0.394,12.3795,-1.09725,11.4016,-8.2386,6.54948,0,0,0,0,0,0
13.4404,2.26702,-0.543973,-0.454684,-0.258754,2.93739,-0.558889,-0.52008,13.0256,-1.25818,8.2386,-7.77492,6.26796,0,0,0,0,0,0
13.4454,2.24365,-0.621484,-0.41171,-0.328742,2.94948,-0.606524,-0.83134,12.8917,-2.14016,7.22016,-8.12268,7.21188,0,0,0,0,0,0
13.4503,2.23621,-0.664929,-0.371785,-0.36941,2.959,-0.654806,-1.0638,11.7097,-1.38985,7.80804,-8.63604,6.2928,0,0,0,0,0,0
13.4556,2.23901,-0.671572,-0.350048,-0.399311,2.95247,-0.673462,-1.0638,11.7097,-1.38985,7.80804,-8.63604,6.2928,0,0,0,0,0,0
13.4604,2.25977,-0.671473,-0.337915,-0.3746,2.95279,-0.682755,-2.15124,11.8633,-0.77121,5.59728,-9.4392,6.20172,0,0,0,0,0,0
13.4654,2.29895,-0.682903,-0.334843,-0.322767,2.97071,-0.686781,-1.71784,11.887,-1.31043,6.55776,-9.8946,6.38388,0,0,0,0,0,0
13.4706,2.32669,-0.701481,-0.348476,-0.287048,2.98153,-0.688206,-1.63904,11.8791,-0.26752,5.91192,-9.522,6.18516,0,0,0,0,0,0
13.4755,2.34023,-0.708747,-0.368048,-0.250414,2.97294,-0.685336,-1.42628,11.229,-1.13069,6.23484,-9.09972,6.03612,0,0,0,0,0,0
13.4805,2.34421,-0.739872,-0.373838,-0.237029,2.92908,-0.684826,-0.81164,12.7026,-1.02828,6.8724,-8.5284,5.9202,0,0,0,0,0,0
13.4852,2.33912,-0.77873,-0.367145,-0.232755,2.85969,-0.681407,-0.81164,12.7026,-1.02828,6.8724,-8.5284,5.9202,0,0,0,0,0,0
13.4904,2.34539,-0.769133,-0.344097,-0.179454,2.78485,-0.693862,-1.4184,11.2999,-1.30834,4.87692,-8.17236,6.6654,0,0,0,0,0,0
13.4956,2.34976,-0.742684,-0.330944,-0.115012,2.72245,-0.677692,-0.9062,11.3314,-0.98857,5.85396,-8.88444,4.66164,0,0,0,0,0,0
13.5005,2.34698,-0.713086,-0.342446,-0.124961,2.67443,-0.670804,-1.18988,10.5947,-0.52668,7.59276,-8.6526,6.67368,0,0,0,0,0,0
13.5055,2.35478,-0.673087,-0.355153,-0.13507,2.64132,-0.664304,-1.35536,11.0832,-0.72941,6.1686,-9.49716,4.81896,0,0,0,0,0,0
13.5105,2.38444,-0.645048,-0.363553,-0.083513,2.63138,-0.651395,-2.0291,10.4331,-1.10979,5.175,-9.62136,6.0858,0,0,0,0,0,0
13.5152,2.39984,-0.602784,-0.358058,-0.0394226,2.62692,-0.672029,-0.98106,10.9571,-0.95722,6.14376,-9.71244,6.6654,0,0,0,0,0,0
13.5203,2.38661,-0.580585,-0.359116,-0.0204266,2.64473,-0.704566,-0.60282,11.0753,-1.04082,6.1686,-10.6067,6.49152,0,0,0,0,0,0
13.5253,2.36835,-0.577222,-0.364984,-0.0290637,2.69218,-0.719882,-0.81952,11.6348,-0.80465,6.88068,-11.0124,5.70492,0,0,0,0,0,0
13.5303,2.34856,-0.583681,-0.377282,-0.0240384,2.75016,-0.720347,-0.5516,11.099,-0.97603,6.06096,-11.0372,6.11892,0,0,0,0,0,0
13.5353,2.31821,-0.583151,-0.383443,-0.0183115,2.80287,-0.71015,-0.30732,11.8712,-0.70851,6.80616,-11.0372,5.382,0,0,0,0,0,0
13.5403,2.30359,-0.61266,-0.405816,0.0249764,2.84904,-0.682346,-1.0835,11.7767,-0.67089,4.968,-10.8385,5.07564,0,0,0,0,0,0
13.5454,2.28102,-0.646536,-0.405407,0.0686814,2.87234,-0.645684,0.0591,12.4898,-1.44837,5.93676,-10.1761,4.82724,0,0,0,0,0,0
13.5504,2.27449,-0.654007,-0.395331,0.0631326,2.85065,-0.633073,-1.54842,11.1305,-0.78166,7.05456,-9.13284,5.84568,0,0,0,0,0,0
13.5552,2.28066,-0.655226,-0.390007,0.0347231,2.81419,-0.681804,-0.4334,12.0131,-1.36268,7.02144,-9.53856,7.50168,0,0,0,0,0,0
13.5605,2.27609,-0.673596,-0.389563,0.0315795,2.7955,-0.717672,-0.85892,11.4299,-0.99275,6.01128,-9.88632,5.45652,0,0,0,0,0,0
13.5652,2.27806,-0.696725,-0.386338,0.0447529,2.79667,-0.671377,-0.74072,12.344,-1.44419,6.59916,-10.4742,4.13172,0,0,0,0,0,0
13.5703,2.26456,-0.730457,-0.381125,0.0418527,2.81592,-0.65015,-0.13002,12.1313,-1.04082,6.98832,-10.615,6.40044,0,0,0,0,0,0
13.5755,2.23898,-0.763566,-0.405529,0.0567913,2.82421,-0.659123,-0.16942,12.151,-0.31977,6.06096,-10.1016,5.48136,0,0,0,0,0,0
13.5802,2.19766,-0.777173,-0.404631,0.0906936,2.83984,-0.654736,0.57918,12.0919,-1.59258,5.92848,-10.913,5.9202,0,0,0,0,0,0
13.5853,2.15551,-0.774181,-0.38711,0.129186,2.8835,-0.652389,-0.13002,11.6269,-1.03455,5.9616,-11.2608,5.78772,0,0,0,0,0,0
13.5903,2.12294,-0.768603,-0.41384,0.131059,2.90276,-0.651258,0.3349,11.6821,0.16093,7.18704,-10.0519,5.90364,0,0,0,0,0,0
13.5953,2.08562,-0.745099,-0.391384,0.116839,2.89663,-0.667666,0.20094,11.0202,-2.93227,6.23484,-10.2424,6.26796,0,0,0,0,0,0
13.6003,2.04623,-0.748013,-0.367168,0.11366,2.90599,-0.691143,0.5319,12.5134,-0.22781,6.68196,-10.7474,6.40044,0,0,0,0,0,0
13.6053,2.02567,-0.783062,-0.396385,0.108097,2.94017,-0.687185,-0.44128,11.9185,-0.96767,6.69852,-11.3188,4.98456,0,0,0,0,0,0
13.6106,2.03269,-0.801635,-0.39182,0.105522,2.97321,-0.662506,-0.47674,12.2967,-1.41075,6.64056,-10.8799,5.0508,0,0,0,0,0,0
13.6152,2.02779,-0.795234,-0.378637,0.139142,3.02684,-0.685413,-0.12608,11.2172,-1.07008,4.91004,-12.1882,6.9966,0,0,0,0,0,0
13.6202,2.02161,-0.775148,-0.383635,0.201849,3.10389,-0.744297,-0.12608,11.2172,-1.07008,4.91004,-12.1882,6.9966,0,0,0,0,0,0
13.6254,2.03569,-0.754224,-0.404257,0.219255,3.15764,-0.77698,-1.09532,10.8941,-0.57475,6.5826,-11.0538,6.15204,0,0,0,0,0,0
13.6303,2.04636,-0.733977,-0.399714,0.215132,3.18818,-0.783455,-0.04728,11.6742,-1.80994,6.30108,-11.3684,5.6304,0,0,0,0,0,0
13.6353,2.03935,-0.700636,-0.364359,0.2042,3.20001,-0.795224,-0.27186,10.7247,-1.7138,7.23672,-10.3666,6.32592,0,0,0,0,0,0
13.6403,2.03287,-0.670241,-0.366728,0.184323,3.19394,-0.816604,-0.01182,11.2054,-0.56848,6.92208,-10.7143,6.28452,0,0,0,0,0,0
13.6452,2.01074,-0.634051,-0.317324,0.165362,3.22049,-0.825819,0.34278,11.2605,-3.45268,7.26984,-11.7824,5.82912,0,0,0,0,0,0
13.6503,1.98537,-0.657773,-0.271858,0.111537,3.26639,-0.824705,0.22458,12.9665,-1.11606,8.7354,-11.592,5.61384,0,0,0,0,0,0
13.6553,1.95979,-0.670743,-0.262451,0.0552511,3.2741,-0.801745,0.40582,11.0714,-1.90817,8.10612,-10.2424,5.23296,0,0,0,0,0,0
13.6603,1.92731,-0.648412,-0.264049,0.0592692,3.25564,-0.78664,0.55554,11.0596,-0.85272,7.17876,-10.4328,6.1272,0,0,0,0,0,0
13.6652,1.90843,-0.637041,-0.305811,0.116309,3.22323,-0.788356,0.05516,10.9965,-0.43472,6.25968,-9.67932,5.8374,0,0,0,0,0,0
13.6705,1.88737,-0.615968,-0.324454,0.205518,3.20099,-0.782019,0.73284,10.7444,-1.79322,5.51448,-10.7806,5.70492,0,0,0,0,0,0
13.6752,1.84617,-0.604262,-0.324048,0.287215,3.2142,-0.776354,0.93378,11.7176,-0.99484,5.31576,-11.2194,5.60556,0,0,0,0,0,0
13.6803,1.81332,-0.60436,-0.336866,0.342399,3.24233,-0.774331,0.4137,11.7018,-0.91333,6.46668,-11.327,5.95332,0,0,0,0,0,0
13.6853,1.78663,-0.615021,-0.338491,0.365028,3.27223,-0.748581,0.7683,11.9934,-1.58422,6.18516,-11.3602,4.47948,0,0,0,0,0,0
13.6902,1.75345,-0.631201,-0.336375,0.386888,3.28284,-0.720412,0.7683,11.7097,-1.17667,6.18516,-10.4494,5.5476,0,0,0,0,0,0
13.6954,1.73166,-0.656332,-0.351074,0.396407,3.28342,-0.735541,0.47674,12.1273,-1.01783,6.93864,-10.9876,6.4584,0,0,0,0,0,0
13.7003,1.72201,-0.680208,-0.347083,0.416973,3.28182,-0.743829,0.39794,12.0209,-1.77232,5.796,-10.5073,5.1336,0,0,0,0,0,0
13.7052,1.70507,-0.705096,-0.340773,0.467268,3.28583,-0.743661,0.79588,11.9382,-1.36895,4.90176,-11.0786,5.9202,0,0,0,0,0,0
13.7104,1.68828,-0.697834,-0.324827,0.45743,3.28519,-0.78221,0.62646,11.3511,-1.83711,7.29468,-10.5156,7.12908,0,0,0,0,0,0
13.7154,1.68534,-0.700396,-0.321693,0.396299,3.25394,-0.812981,0.16942,12.3795,-0.75449,7.18704,-9.66276,5.61384,0,0,0,0,0,0
13.7203,1.68749,-0.701915,-0.316131,0.357669,3.20745,-0.781428,0.31914,11.5915,-1.81203,6.86412,-9.63792,4.16484,0,0,0,0,0,0
13.7252,1.6859,-0.694532,-0.313598,0.354041,3.19285,-0.753555,0.4137,11.4457,-0.99484,5.80428,-11.0455,5.80428,0,0,0,0,0,0
13.7303,1.68628,-0.675644,-0.347841,0.370804,3.1866,-0.740222,0.3743,11.0832,-0.15884,6.0858,-10.143,4.62852,0,0,0,0,0,0
13.7352,1.6794,-0.651105,-0.346659,0.370589,3.17001,-0.737623,0.54766,11.5718,-2.16106,6.73164,-10.292,6.27624,0,0,0,0,0,0
13.7402,1.67379,-0.637941,-0.340218,0.370567,3.15251,-0.753838,0.44522,10.5001,-1.1286,6.14376,-10.1513,5.72148,0,0,0,0,0,0
13.7452,1.66884,-0.614003,-0.352587,0.386206,3.10334,-0.759677,0.5516,11.0478,-1.30207,6.22656,-8.90928,5.92848,0,0,0,0,0,0
13.7503,1.66485,-0.602561,-0.354133,0.429156,3.03651,-0.759133,0.48462,11.2881,-1.48181,4.94316,-9.17424,5.11704,0,0,0,0,0,0
13.7552,1.65433,-0.637024,-0.35574,0.465372,3.02975,-0.752457,0.67374,12.4228,-1.70335,6.10236,-11.3353,5.4234,0,0,0,0,0,0
13.7603,1.64768,-0.681322,-0.346846,0.47698,3.06399,-0.755451,0.67374,12.4228,-1.70335,6.10236,-11.3353,5.4234,0,0,0,0,0,0
13.7654,1.62575,-0.684902,-0.346534,0.500844,3.04375,-0.733147,1.03622,11.1581,-0.9614,5.58072,-8.61948,4.2642,0,0,0,0,0,0
13.7702,1.60659,-0.67639,-0.328345,0.503335,2.98842,-0.685176,0.77224,11.8752,-2.42649,6.06096,-9.73728,4.1814,0,0,0,0,0,0
13.7752,1.59712,-0.687933,-0.284549,0.488294,2.96027,-0.641947,0.77224,11.8752,-2.42649,6.06096,-9.73728,4.1814,0,0,0,0,0,0
13.7803,1.57489,-0.67701,-0.252576,0.475421,2.97707,-0.656369,1.15048,10.8074,-2.02103,5.84568,-11.4264,6.64056,0,0,0,0,0,0
13.7855,1.54649,-0.665263,-0.243349,0.449689,2.96762,-0.68935,1.23716,11.3787,-1.70335,7.43544,-8.82648,5.41512,0,0,0,0,0,0
13.7905,1.51806,-0.662127,-0.256881,0.425999,2.91972,-0.676095,1.25292,11.6466,-0.73986,6.72336,-9.48888,4.53744,0,0,0,0,0,0
13.7953,1.4901,-0.672407,-0.277275,0.423093,2.87985,-0.683206,1.39082,12.1234,-1.23728,6.48324,-9.20736,6.11064,0,0,0,0,0,0
13.8005,1.46798,-0.707633,-0.289962,0.461925,2.8439,-0.696634,1.2017,12.4819,-1.22474,4.99284,-9.59652,5.02596,0,0,0,0,0,0
13.8053,1.44836,-0.716196,-0.283984,0.500164,2.80755,-0.706902,1.56024,12.1746,-1.23519,5.74632,-9.21564,6.23484,0,0,0,0,0,0
13.8105,1.42456,-0.723242,-0.274702,0.515206,2.75853,-0.713695,1.56024,12.0328,-1.68036,6.06924,-8.82648,5.07564,0,0,0,0,0,0
13.8154,1.4061,-0.739379,-0.258335,0.536092,2.74786,-0.694364,1.4972,12.3874,-1.74724,5.56416,-10.5984,5.19156,0,0,0,0,0,0
13.8203,1.39478,-0.742168,-0.251324,0.56215,2.77667,-0.672287,1.76118,11.686,-1.2122,5.41512,-10.7143,4.76928,0,0,0,0,0,0
13.8255,1.378,-0.750958,-0.256911,0.56745,2.79042,-0.666649,2.19852,12.3716,-1.37104,6.9138,-9.92772,5.8788,0,0,0,0,0,0
13.8303,1.35159,-0.75559,-0.259634,0.562554,2.79132,-0.692198,2.62404,11.7097,-1.26863,6.01956,-9.9774,6.05268,0,0,0,0,0,0
13.8355,1.31671,-0.729248,-0.26445,0.577702,2.78115,-0.730539,3.17958,10.6774,-1.48599,6.02784,-9.47232,6.54948,0,0,0,0,0,0
13.8404,1.27068,-0.675516,-0.272072,0.627869,2.75809,-0.761619,3.6839,10.1928,-1.31043,4.44636,-9.36468,5.99472,0,0,0,0,0,0
13.8454,1.21317,-0.642533,-0.276621,0.645117,2.76055,-0.752802,4.34582,11.8121,-1.41702,6.79788,-10.557,4.554,0,0,0,0,0,0
13.8502,1.14299,-0.622902,-0.296699,0.637672,2.75797,-0.733654,4.8659,10.6853,-0.61028,5.49792,-9.16596,5.45652,0,0,0,0,0,0
13.8554,1.06983,-0.595292,-0.31335,0.645638,2.72288,-0.705738,5.24808,11.6506,-1.27072,6.46668,-9.14112,3.9744,0,0,0,0,0,0
13.8602,0.998429,-0.603724,-0.311136,0.645432,2.7161,-0.711526,5.64996,11.8555,-1.78068,6.26796,-10.2838,6.75648,0,0,0,0,0,0
13.8653,0.931972,-0.605881,-0.307373,0.644221,2.76757,-0.731419,5.86272,11.2211,-1.41284,6.09408,-11.5258,4.83552,0,0,0,0,0,0
13.8704,0.894305,-0.594418,-0.315374,0.658144,2.80454,-0.725753,5.7918,11.2526,-1.34596,5.9616,-9.96912,5.40684,0,0,0,0,0,0
13.8756,0.870894,-0.587382,-0.313873,0.648689,2.79632,-0.709286,6.26066,11.1699,-1.87264,6.9138,-9.5634,4.70304,0,0,0,0,0,0
13.8802,0.856653,-0.601296,-0.317392,0.66281,2.78974,-0.681615,6.37098,11.9421,-1.30207,5.32404,-10.0022,4.48776,0,0,0,0,0,0
13.8852,0.847641,-0.624164,-0.315463,0.680835,2.78018,-0.679598,6.6783,11.623,-2.17569,5.73804,-9.19908,5.5476,0,0,0,0,0,0
13.8906,0.863218,-0.639471,-0.343447,0.756152,2.74548,-0.690487,6.24096,10.8153,-0.58102,3.23748,-9.00864,4.761,0,0,0,0,0,0
13.8952,0.900636,-0.611519,-0.384584,0.846316,2.73169,-0.70298,6.1267,11.0162,-0.46607,3.90816,-9.94428,5.76288,0,0,0,0,0,0
13.9002,0.95389,-0.616401,-0.420381,0.907132,2.77116,-0.692696,5.88242,12.474,-0.57266,3.61836,-11.327,3.73428,0,0,0,0,0,0
13.9053,1.02165,-0.618013,-0.438247,0.954057,2.8063,-0.677351,5.60662,11.1344,-1.05963,4.04892,-9.77868,5.44824,0,0,0,0,0,0
13.9104,1.08975,-0.626033,-0.455492,0.934346,2.77991,-0.665774,5.83514,11.7648,-1.06172,6.76476,-8.70228,4.03236,0,0,0,0,0,0
13.9152,1.14919,-0.64864,-0.475681,0.870684,2.75096,-0.636315,5.59874,11.8279,-0.81301,6.48324,-9.33156,4.56228,0,0,0,0,0,0
13.9203,1.21842,-0.641735,-0.490512,0.852455,2.75504,-0.611688,5.38992,10.965,-0.81719,4.81068,-10.0022,4.0986,0,0,0,0,0,0
13.9254,1.28724,-0.592618,-0.462531,0.907232,2.72758,-0.594924,5.48448,10.7601,-2.07119,2.42604,-7.79976,4.79412,0,0,0,0,0,0
13.9303,1.35508,-0.55012,-0.415069,0.987491,2.65329,-0.59896,5.48448,10.7601,-2.07119,2.42604,-7.79976,4.79412,0,0,0,0,0,0
13.9353,1.41322,-0.512365,-0.404742,1.02523,2.60683,-0.595178,5.55934,10.7601,-0.50369,3.58524,-8.72712,4.29732,0,0,0,0,0,0
13.9404,1.4551,-0.458932,-0.381331,0.911479,2.62272,-0.638778,6.08336,11.0911,-1.89772,8.91756,-10.3583,6.9966,0,0,0,0,0,0
13.9454,1.47259,-0.478749,-0.298189,0.639336,2.64284,-0.70834,6.52464,13.5772,-3.47358,11.6003,-8.901,5.69664,0,0,0,0,0,0
13.9503,1.48621,-0.50987,-0.234945,0.440975,2.6178,-0.72637,6.48524,11.3117,-1.672,7.87428,-8.487,4.761,0,0,0,0,0,0
13.9553,1.50171,-0.472402,-0.219882,0.407527,2.61536,-0.718343,6.5995,10.7286,-1.49435,5.49792,-9.95256,4.554,0,0,0,0,0,0
13.9603,1.50501,-0.383404,-0.208517,0.440242,2.60015,-0.710774,7.1314,9.52298,-1.31043,5.77944,-7.77492,5.0094,0,0,0,0,0,0
13.9652,1.48102,-0.30135,-0.195968,0.488584,2.56266,-0.696587,7.67906,10.768,-1.67618,5.60556,-8.75196,4.28904,0,0,0,0,0,0
13.9703,1.45156,-0.313163,-0.214555,0.524901,2.51188,-0.699031,7.7421,12.2416,-0.91542,6.38388,-7.50996,6.003,0,0,0,0,0,0
13.9753,1.41635,-0.343437,-0.249285,0.577521,2.46102,-0.719949,7.8012,11.2408,-1.04709,4.99284,-8.61948,5.19156,0,0,0,0,0,0
13.9803,1.37808,-0.398677,-0.288049,0.654144,2.41687,-0.717055,8.1361,12.8523,-1.11188,5.19156,-7.866,5.00112,0,0,0,0,0,0
13.9854,1.33897,-0.443266,-0.282973,0.70696,2.36799,-0.740214,7.90364,12.0682,-2.16315,5.66352,-8.08128,6.13548,0,0,0,0,0,0
13.9902,1.32699,-0.45005,-0.262769,0.713026,2.35275,-0.768698,7.07624,11.3551,-1.7138,7.26156,-9.09144,5.43168,0,0,0,0,0,0
13.9953,1.32788,-0.421394,-0.252226,0.742721,2.34936,-0.777357,7.41508,11.099,-1.3794,4.87692,-8.47044,5.30748,0,0,0,0,0,0
14.0003,1.31469,-0.407922,-0.249728,0.804789,2.29659,-0.789082,7.67906,11.5403,-1.6929,4.8852,-6.73164,5.60556,0,0,0,0,0,0
14.0056,1.30374,-0.417083,-0.247993,0.857259,2.20109,-0.811704,7.67906,11.5403,-1.6929,4.8852,-6.73164,5.60556,0,0,0,0,0,0
14.0102,1.2941,-0.441016,-0.249932,0.8867,2.16519,-0.818012,6.98956,12.4031,-1.25191,5.5476,-8.9838,4.83552,0,0,0,0,0,0
14.0152,1.2988,-0.476687,-0.267823,0.901104,2.1465,-0.811537,7.33234,11.5481,-1.35014,5.48964,-7.4934,4.97628,0,0,0,0,0,0
14.0202,1.30372,-0.477666,-0.274979,0.909382,2.09705,-0.816446,7.33234,11.5481,-1.35014,5.48964,-7.4934,4.97628,0,0,0,0,0,0
14.0255,1.29368,-0.486835,-0.279791,0.903836,2.05748,-0.821291,7.4072,12.7853,-0.79838,6.003,-7.46028,4.75272,0,0,0,0,0,0
14.0302,1.29627,-0.548142,-0.316344,0.888721,2.01205,-0.817232,7.4072,12.7853,-0.79838,6.003,-7.46028,4.75272,0,0,0,0,0,0
14.0353,1.31045,-0.597144,-0.337575,0.893697,1.96002,-0.83338,6.54434,12.2022,-1.49853,5.24952,-6.98832,5.69664,0,0,0,0,0,0
14.0403,1.3125,-0.61534,-0.338862,0.886443,1.93803,-0.853528,7.6239,11.7215,-1.4839,6.42528,-8.37936,5.01768,0,0,0,0,0,0
14.0455,1.30487,-0.625919,-0.345961,0.864959,1.94797,-0.859021,7.6239,11.7215,-1.4839,6.42528,-8.37936,5.01768,0,0,0,0,0,0
14.0503,1.26601,-0.609607,-0.346178,0.831025,1.92567,-0.897431,8.30158,11.1384,-1.28117,7.30296,-6.49152,6.5826,0,0,0,0,0,0
14.0552,1.22588,-0.584318,-0.35696,0.789572,1.8599,-0.965799,8.30158,11.1384,-1.28117,7.30296,-6.49152,6.5826,0,0,0,0,0,0
14.0602,1.1768,-0.570322,-0.367474,0.806558,1.79324,-0.976071,8.34886,11.8712,-1.09934,5.05908,-6.1686,4.1814,0,0,0,0,0,0
14.0655,1.11744,-0.56792,-0.379907,0.851628,1.71255,-0.946448,8.63648,11.2132,-1.39403,5.06736,-5.7546,4.57884,0,0,0,0,0,0
14.0703,1.07348,-0.548602,-0.384177,0.88362,1.62135,-0.926213,8.63648,11.2132,-1.39403,5.06736,-5.7546,4.57884,0,0,0,0,0,0
14.0752,1.0259,-0.553781,-0.382353,0.884085,1.55604,-0.886085,8.56162,13.0532,-1.07008,6.25968,-6.59916,3.65976,0,0,0,0,0,0
14.0803,0.98652,-0.590831,-0.358985,0.846737,1.55288,-0.823648,7.91546,12.8208,-2.23839,6.93864,-8.0316,3.41964,0,0,0,0,0,0
14.0853,0.980995,-0.622355,-0.315056,0.785921,1.58097,-0.761305,7.91546,12.8208,-2.23839,6.93864,-8.0316,3.41964,0,0,0,0,0,0
14.0904,0.949966,-0.638425,-0.261097,0.732376,1.61224,-0.749584,8.79802,12.7498,-2.4035,6.54948,-8.0316,5.53104,0,0,0,0,0,0
14.0952,0.909067,-0.654501,-0.209148,0.696295,1.64215,-0.784321,8.79802,12.7498,-2.4035,6.54948,-8.0316,5.53104,0,0,0,0,0,0
14.1003,0.868119,-0.62842,-0.14454,0.687772,1.65886,-0.803156,8.20308,11.5363,-2.58115,5.6304,-7.14564,4.8852,0,0,0,0,0,0
14.1053,0.86286,-0.608131,-0.102039,0.708533,1.64368,-0.807539,8.20308,11.5363,-2.58115,5.6304,-7.14564,4.8852,0,0,0,0,0,0
14.1102,0.861736,-0.596744,-0.0981231,0.723429,1.5962,-0.821781,7.71846,11.6979,-1.01783,6.15204,-5.69664,5.3406,0,0,0,0,0,0
14.1153,0.874658,-0.617561,-0.131044,0.74534,1.5623,-0.853638,7.44266,12.7853,-1.0032,5.48136,-7.48512,5.89536,0,0,0,0,0,0
14.1203,0.884848,-0.672104,-0.146887,0.791017,1.54905,-0.858475,7.81302,12.9784,-1.91235,5.24124,-6.57432,4.347,0,0,0,0,0,0
14.1254,0.8748,-0.711521,-0.154651,0.823104,1.48185,-0.832862,8.274,12.7262,-0.99902,6.003,-4.8438,4.12344,0,0,0,0,0,0
14.1303,0.825971,-0.726654,-0.159153,0.845104,1.41633,-0.806802,8.98714,12.8405,-1.40448,5.48964,-6.1272,4.28904,0,0,0,0,0,0
14.1353,0.783148,-0.762476,-0.168586,0.875976,1.37917,-0.785857,8.98714,12.8405,-1.40448,5.48964,-6.1272,4.28904,0,0,0,0,0,0
14.1403,0.736038,-0.769162,-0.15832,0.920166,1.33889,-0.767406,8.9832,11.8397,-2.09,4.79412,-5.77944,4.38012,0,0,0,0,0,0
14.1455,0.70643,-0.742392,-0.118523,0.944781,1.3081,-0.757758,8.1361,12.2889,-2.12135,5.32404,-6.24312,4.45464,0,0,0,0,0,0
14.1503,0.69441,-0.693448,-0.088413,0.872179,1.28936,-0.736577,7.94304,11.6348,-1.15577,8.97552,-5.53104,3.94956,0,0,0,0,0,0
14.1552,0.707415,-0.647269,-0.0955276,0.748226,1.24575,-0.70406,7.94304,11.6348,-1.15577,8.97552,-5.53104,3.94956,0,0,0,0,0,0
14.1602,0.705191,-0.590348,-0.0870067,0.767933,1.19582,-0.685639,7.83272,11.8909,-1.3167,3.59352,-5.04252,4.58712,0,0,0,0,0,0
14.1652,0.728936,-0.571642,-0.0987198,0.903239,1.13048,-0.679759,7.83272,11.8909,-1.3167,3.59352,-5.04252,4.58712,0,0,0,0,0,0
14.1705,0.75006,-0.534288,-0.125657,1.01544,1.08118,-0.696963,7.6633,11.0005,-0.64163,4.40496,-5.59728,5.69664,0,0,0,0,0,0
14.1752,0.735545,-0.49373,-0.127706,1.09159,1.03967,-0.709859,8.9241,12.4031,-1.83502,4.52916,-4.87692,4.43808,0,0,0,0,0,0
14.1802,0.709484,-0.526352,-0.131318,1.15412,0.976488,-0.699538,8.9241,12.4031,-1.83502,4.52916,-4.87692,4.43808,0,0,0,0,0,0
14.1852,0.694113,-0.505357,-0.103206,1.20743,0.963683,-0.700057,7.5254,10.9926,-2.5498,4.68648,-6.69852,4.78584,0,0,0,0,0,0
14.1902,0.734476,-0.490559,-0.0842166,1.23969,0.983699,-0.707441,7.5254,10.9926,-2.5498,4.68648,-6.69852,4.78584,0,0,0,0,0,0
14.1953,0.754715,-0.478719,-0.087142,1.27206,0.988444,-0.694224,7.94698,11.5206,-1.22892,4.36356,-5.9202,3.90816,0,0,0,0,0,0
14.2003,0.752015,-0.482266,-0.0910636,1.25265,0.949492,-0.690627,8.27794,12.5804,-1.86428,6.9138,-4.25592,5.15016,0,0,0,0,0,0
14.2053,0.753629,-0.52608,-0.0920856,1.18381,0.873533,-0.717374,8.27794,12.5804,-1.86428,6.9138,-4.25592,5.15016,0,0,0,0,0,0
14.2102,0.757889,-0.556428,-0.0871322,1.16466,0.79269,-0.708213,7.50964,13.262,-1.28535,5.03424,-3.57696,3.52728,0,0,0,0,0,0
14.2153,0.771512,-0.567662,-0.071969,1.16867,0.743711,-0.7056,7.94304,12.3007,-1.97087,5.94504,-5.28264,5.44824,0,0,0,0,0,0
14.2204,0.787223,-0.568572,-0.0514027,1.14346,0.739778,-0.746832,7.94304,12.3007,-1.97087,5.94504,-5.28264,5.44824,0,0,0,0,0,0
14.2254,0.778579,-0.56205,-0.0310765,1.13861,0.767104,-0.743246,8.50252,12.9547,-1.34596,4.95972,-6.30936,3.49416,0,0,0,0,0,0
14.2305,0.756641,-0.514309,-0.00127936,1.12924,0.800383,-0.742574,8.11246,11.5087,-1.70335,6.35076,-5.04252,5.45652,0,0,0,0,0,0
14.2353,0.766372,-0.470485,0.0118977,1.09035,0.796595,-0.780846,8.11246,11.5087,-1.70335,6.35076,-5.04252,5.45652,0,0,0,0,0,0
14.2402,0.778599,-0.431015,0.0226003,1.055,0.790712,-0.815461,8.11246,11.5087,-1.70335,6.35076,-5.04252,5.45652,0,0,0,0,0,0
14.2452,0.777194,-0.391867,0.0469726,1.0578,0.77049,-0.857167,7.9785,12.8641,-1.38358,4.8438,-4.07376,5.93676,0,0,0,0,0,0
14.2505,0.794916,-0.423738,0.0363491,1.09605,0.717531,-0.919883,7.9785,12.8641,-1.38358,4.8438,-4.07376,5.93676,0,0,0,0,0,0
14.2552,0.791496,-0.433054,0.026736,1.11022,0.664813,-0.966605,8.44342,12.4583,-1.03037,5.97816,-3.99924,5.10876,0,0,0,0,0,0
14.2603,0.786024,-0.413559,0.0245063,1.11641,0.618278,-0.969187,7.8012,12.1116,-1.43792,5.26608,-4.12344,4.33872,0,0,0,0,0,0
14.2652,0.814733,-0.43035,0.00273751,1.13983,0.56882,-0.957023,7.8012,12.1116,-1.43792,5.26608,-4.12344,4.33872,0,0,0,0,0,0
14.2702,0.834512,-0.422031,-0.00654613,1.15854,0.523934,-0.967121,7.87212,11.6348,-1.53824,5.56416,-4.13172,5.29092,0,0,0,0,0,0
14.2754,0.821937,-0.360654,-0.000349705,1.20154,0.488508,-0.962011,8.54192,10.6222,-1.53406,4.24764,-3.95784,3.6846,0,0,0,0,0,0
14.2806,0.811865,-0.298809,-0.0066589,1.2617,0.453122,-0.92529,8.54192,10.6222,-1.53406,4.24764,-3.95784,3.6846,0,0,0,0,0,0
14.2855,0.785012,-0.236865,0.0355528,1.29612,0.421565,-0.873189,8.43948,12.8877,-2.12344,5.24124,-3.46932,2.88972,0,0,0,0,0,0
14.2902,0.783723,-0.285958,0.0498066,1.30138,0.371337,-0.804599,8.43948,12.8877,-2.12344,5.24124,-3.46932,2.88972,0,0,0,0,0,0
14.2952,0.785509,-0.313045,0.0272237,1.30867,0.307965,-0.758949,8.12428,12.3558,-0.26125,5.12532,-2.75724,3.8088,0,0,0,0,0,0
14.3002,0.776562,-0.299492,0.01532,1.32953,0.23917,-0.759852,8.5695,12.7695,-1.44001,4.81896,-2.50056,4.99284,0,0,0,0,0,0
14.3053,0.733128,-0.328524,0.0123229,1.35342,0.19659,-0.768866,9.75544,13.3133,-1.17458,5.00112,-3.7674,4.08204,0,0,0,0,0,0
14.3103,0.672945,-0.391079,-0.010974,1.35796,0.187298,-0.756578,9.75544,13.3133,-1.17458,5.00112,-3.7674,4.08204,0,0,0,0,0,0
14.3152,0.614879,-0.394547,-0.000305265,1.35532,0.190493,-0.744498,9.10928,12.7538,-1.36895,5.1336,-3.80052,4.12344,0,0,0,0,0,0
14.3203,0.593257,-0.426659,-0.0115412,1.34517,0.187848,-0.737883,9.10928,12.7538,-1.36895,5.1336,-3.80052,4.12344,0,0,0,0,0,0
14.3253,0.568819,-0.443527,0.0129452,1.33145,0.165299,-0.743481,8.94774,12.935,-2.41813,5.43168,-2.8152,4.58712,0,0,0,0,0,0
14.3304,0.546307,-0.435092,0.03196,1.3263,0.117466,-0.755284,9.06594,12.738,-0.53295,5.22468,-2.33496,4.33044,0,0,0,0,0,0
14.3353,0.537924,-0.467737,-0.0200541,1.33005,0.0548647,-0.759513,9.06594,12.738,-0.53295,5.22468,-2.33496,4.33044,0,0,0,0,0,0
14.3403,0.512772,-0.463171,-0.0287281,1.32486,0.00102099,-0.760119,9.23536,12.9823,-1.1913,5.94504,-2.32668,4.23108,0,0,0,0,0,0
14.3453,0.494482,-0.501452,-0.0472398,1.29979,-0.0557691,-0.759947,9.23536,12.9823,-1.1913,5.94504,-2.32668,4.23108,0,0,0,0,0,0
14.3502,0.461411,-0.479153,-0.0154799,1.31698,-0.091121,-0.759122,9.22748,12.411,-2.11717,4.17312,-2.88144,4.19796,0,0,0,0,0,0
14.3552,0.445489,-0.489047,0.00743315,1.36057,-0.112433,-0.753387,9.22748,12.411,-2.11717,4.17312,-2.88144,4.19796,0,0,0,0,0,0
14.3602,0.413576,-0.427515,0.0380345,1.37106,-0.11426,-0.740633,9.77908,10.6222,-1.59885,5.4234,-3.36168,4.00752,0,0,0,0,0,0
14.3653,0.399128,-0.352763,0.0662696,1.36182,-0.100635,-0.713406,8.25036,13.132,-1.16413,5.36544,-2.94768,3.41964,0,0,0,0,0,0
14.3702,0.429973,-0.397518,0.0455747,1.34748,-0.110012,-0.675849,8.25036,13.132,-1.16413,5.36544,-2.94768,3.41964,0,0,0,0,0,0
14.3756,0.421789,-0.390835,0.0522063,1.3207,-0.132227,-0.616769,9.64512,11.7924,-1.77859,5.91192,-2.39292,2.31012,0,0,0,0,0,0
14.3803,0.389839,-0.373971,0.0536428,1.31825,-0.138848,-0.557298,9.42448,12.5528,-0.98648,4.58712,-3.45276,3.13812,0,0,0,0,0,0
14.3852,0.382886,-0.34352,0.0564289,1.36058,-0.146649,-0.542385,8.4907,12.0603,-1.29998,3.90816,-2.01204,3.9744,0,0,0,0,0,0
14.3904,0.386033,-0.310813,0.054903,1.38632,-0.155494,-0.548374,9.0423,11.8949,-1.16204,5.18328,-3.33684,4.13172,0,0,0,0,0,0
14.3954,0.38442,-0.289835,0.0426145,1.37109,-0.135212,-0.556156,9.0423,11.8949,-1.16204,5.18328,-3.33684,4.13172,0,0,0,0,0,0
14.4005,0.390082,-0.221362,0.0491283,1.38421,-0.163873,-0.528989,8.28976,12.1943,-0.39292,3.8502,-0.77832,2.6082,0,0,0,0,0,0
14.4053,0.416025,-0.198804,0.0475028,1.405,-0.201703,-0.511806,8.50252,12.8562,-1.36895,4.61196,-2.64132,4.28904,0,0,0,0,0,0
14.4102,0.439619,-0.222153,0.0509634,1.41025,-0.196682,-0.532608,8.50252,12.8562,-1.36895,4.61196,-2.64132,4.28904,0,0,0,0,0,0
14.4153,0.443287,-0.196678,0.0884147,1.46514,-0.194162,-0.549258,8.91228,12.9468,-1.42329,2.6496,-2.12796,4.14828,0,0,0,0,0,0
14.4202,0.445107,-0.237147,0.0879894,1.53301,-0.210598,-0.56215,8.91228,12.9468,-1.42329,2.6496,-2.12796,4.14828,0,0,0,0,0,0
14.4252,0.46002,-0.253676,0.0896464,1.58577,-0.196774,-0.540912,8.20308,12.6001,-1.05336,2.65788,-3.42792,2.62476,0,0,0,0,0,0
14.4302,0.469843,-0.2449,0.0849756,1.59777,-0.205799,-0.508315,8.94774,12.4228,-0.7106,3.66804,-0.7038,3.8916,0,0,0,0,0,0
14.4354,0.482831,-0.204016,0.093588,1.58188,-0.301639,-0.515931,8.12034,12.2495,-0.84018,3.41136,0.7866,4.2642,0,0,0,0,0,0
14.4404,0.517108,-0.199953,0.0642304,1.56442,-0.388089,-0.529368,7.97062,12.6553,0.26334,3.16296,-1.04328,4.19796,0,0,0,0,0,0
14.4453,0.549178,-0.197664,0.00693774,1.50216,-0.415488,-0.555767,8.43948,12.0485,0.31559,5.24952,-1.56492,4.5954,0,0,0,0,0,0
14.4503,0.538385,-0.120183,-0.00589305,1.38712,-0.411249,-0.555813,9.47964,10.4371,-0.82346,6.77304,-2.07828,3.03876,0,0,0,0,0,0
14.4553,0.456851,-0.094934,0.097528,1.16631,-0.412705,-0.507232,11.556,14.5504,-4.55411,10.6315,-1.035,2.2356,0,0,0,0,0,0
14.4602,0.383084,-0.18847,0.189469,0.976329,-0.424129,-0.474682,9.62542,13.9752,-1.94997,7.3692,-2.33496,3.78396,0,0,0,0,0,0
14.4653,0.372049,-0.186227,0.216117,0.929033,-0.406097,-0.494337,9.34174,11.363,-1.42747,5.37372,-2.16108,4.53744,0,0,0,0,0,0
14.4703,0.38409,-0.109581,0.242316,0.959792,-0.407199,-0.526331,8.66012,10.8783,-1.98132,4.23108,-1.5318,4.29732,0,0,0,0,0,0
14.4752,0.411,-0.0645072,0.261088,1.00369,-0.432777,-0.545067,8.77832,12.5371,-1.41493,5.175,-1.12608,4.08204,0,0,0,0,0,0
14.4803,0.391623,-0.0583189,0.250779,1.03995,-0.457618,-0.545896,10.575,12.1155,-0.96976,4.52916,-1.44072,3.66804,0,0,0,0,0,0
14.4854,0.318521,-0.0851417,0.226015,1.08314,-0.499698,-0.50796,11.095,13.1044,-1.27072,4.68648,-0.63756,2.26044,0,0,0,0,0,0
14.4903,0.263191,-0.137468,0.222967,1.13145,-0.532167,-0.4631,9.70422,13.66,-1.66991,4.57056,-1.58976,3.16296,0,0,0,0,0,0
14.4954,0.245737,-0.131495,0.232011,1.17688,-0.502233,-0.425402,9.8894,11.5718,-1.20175,4.65336,-2.8566,2.51712,0,0,0,0,0,0
14.5003,0.212411,-0.109712,0.222349,1.21451,-0.483489,-0.399456,10.2361,12.0722,-1.45255,5.34888,-1.44072,3.2292,0,0,0,0,0,0
14.5054,0.181013,-0.103608,0.228173,1.26175,-0.44904,-0.409818,10.2125,13.2423,-1.30207,4.39668,-3.32028,3.94128,0,0,0,0,0,0
14.5103,0.150049,-0.147845,0.21356,1.29502,-0.418586,-0.396555,10.2401,13.1911,-1.24773,5.39856,-1.44072,2.34324,0,0,0,0,0,0
14.5153,0.0983741,-0.14871,0.212085,1.32613,-0.426977,-0.360014,11.0005,11.5954,-1.74306,4.8852,-1.6146,2.70756,0,0,0,0,0,0
14.5204,0.0530017,-0.153459,0.203782,1.34585,-0.418542,-0.32745,10.0234,13.2857,-0.84854,5.64696,-2.03688,2.55024,0,0,0,0,0,0
14.5253,0.0340633,-0.214493,0.183953,1.36085,-0.444144,-0.289814,9.85,14.1288,-1.19339,5.0922,-0.14076,2.57508,0,0,0,0,0,0
14.5304,0.0375555,-0.295838,0.186119,1.3695,-0.479518,-0.255623,9.40478,14.3337,-1.85174,5.6718,-1.31652,2.64132,0,0,0,0,0,0
14.5354,0.0298234,-0.324421,0.189743,1.37914,-0.474337,-0.231766,10.5198,12.872,-0.67925,4.5954,-1.41588,2.78208,0,0,0,0,0,0
14.5402,0.0181602,-0.312076,0.184192,1.37112,-0.4736,-0.24652,9.80272,12.7065,-1.3585,5.77116,-1.10124,4.23936,0,0,0,0,0,0
14.5453,0.0209095,-0.304686,0.198205,1.37184,-0.456314,-0.27494,9.8106,12.9271,-1.6093,4.81068,-2.25216,3.46104,0,0,0,0,0,0
14.5502,0.0111795,-0.271296,0.193865,1.40472,-0.429348,-0.275278,10.4686,11.4496,-0.62073,4.07376,-1.39932,3.03876,0,0,0,0,0,0
14.5554,0.0314847,-0.240312,0.184715,1.44092,-0.437453,-0.268358,8.44342,12.8956,-1.43792,4.54572,-0.80316,3.19608,0,0,0,0,0,0
14.5605,0.0681373,-0.231295,0.167574,1.45265,-0.467683,-0.233175,9.81848,11.7767,-0.64999,4.82724,-0.44712,1.6974,0,0,0,0,0,0
14.5653,0.0655419,-0.198675,0.163468,1.44899,-0.509109,-0.175883,10.0115,12.5883,-1.44001,4.98456,-0.02484,2.07828,0,0,0,0,0,0
14.5704,0.0644962,-0.198269,0.180213,1.43247,-0.534408,-0.119796,9.7121,13.593,-1.32088,5.57244,-0.828,1.64772,0,0,0,0,0,0
14.5756,0.0743043,-0.178141,0.198178,1.43614,-0.538142,-0.0594759,9.58208,11.7136,-1.50062,4.71132,-0.85284,1.68084,0,0,0,0,0,0
14.5807,0.0924258,-0.122349,0.219511,1.44887,-0.550619,-0.034524,9.34174,12.1549,-1.35014,4.61196,-0.27324,3.04704,0,0,0,0,0,0
14.5855,0.118074,-0.0795834,0.241563,1.44985,-0.55261,-0.0306988,9.35356,12.5253,-1.3376,4.8438,-1.13436,2.61648,0,0,0,0,0,0
14.5903,0.11853,-0.0418149,0.263064,1.44083,-0.530982,-0.0470582,10.2282,12.1943,-1.45255,5.48136,-1.2006,3.90816,0,0,0,0,0,0
14.5953,0.112825,0.0121861,0.274959,1.45415,-0.551615,-0.0688034,9.72786,11.7451,-0.84854,4.16484,0.67896,2.8152,0,0,0,0,0,0
14.6004,0.125837,0.0465926,0.27112,1.44898,-0.619367,-0.066081,9.73968,12.4937,-1.045,5.94504,0.94392,2.82348,0,0,0,0,0,0
14.6054,0.13514,0.0223394,0.266127,1.43113,-0.687109,-0.0569197,9.3181,13.3369,-1.43583,5.32404,0.42228,2.46744,0,0,0,0,0,0
14.6103,0.164591,0.00745932,0.268287,1.42553,-0.712826,-0.0403379,9.1999,12.6907,-0.99693,4.78584,-0.62928,2.50056,0,0,0,0,0,0
14.6156,0.15142,0.0482247,0.296888,1.45148,-0.68678,-0.0379722,10.9335,11.489,-2.18405,4.71132,-1.49868,3.00564,0,0,0,0,0,0
14.6203,0.113863,0.061253,0.3322,1.47442,-0.682948,-0.0293905,10.4922,13.4157,-1.75769,4.0572,0.05796,2.2356,0,0,0,0,0,0
14.6253,0.0818942,-0.0137916,0.328308,1.50687,-0.717185,-0.00464146,10.4922,13.4157,-1.75769,4.0572,0.05796,2.2356,0,0,0,0,0,0
14.6304,0.076052,-0.0538458,0.323388,1.52007,-0.742481,0.0208437,9.62148,13.3251,-0.89661,4.99284,-0.15732,2.16108,0,0,0,0,0,0
14.6352,0.0833741,-0.0511095,0.318266,1.50718,-0.748503,0.045136,10.0864,12.2495,-1.22683,5.11704,-0.30636,2.28528,0,0,0,0,0,0
14.6403,0.0806771,-0.0685044,0.309415,1.48712,-0.759126,0.0919122,10.0628,14.1091,-0.82973,5.4648,0.09936,1.08468,0,0,0,0,0,0
14.6452,0.0626411,-0.110983,0.306369,1.46936,-0.75891,0.158373,10.8586,13.7545,-1.31043,5.52276,-0.7038,1.33308,0,0,0,0,0,0
14.6504,0.0300416,-0.182268,0.341478,1.4034,-0.748627,0.216302,10.8783,15.0547,-2.79642,7.89912,-0.33948,1.27512,0,0,0,0,0,0
14.6552,-0.00461931,-0.20359,0.376297,1.32601,-0.751984,0.280873,11.0556,12.474,-0.93423,6.98832,-0.207,0.93564,0,0,0,0,0,0
14.6606,-0.00864239,-0.204082,0.373977,1.30037,-0.744805,0.345828,9.54268,13.723,-1.48599,6.38388,-0.63756,1.08468,0,0,0,0,0,0
14.6653,-0.00513441,-0.125675,0.401665,1.31587,-0.750843,0.396769,11.2487,11.0478,-0.98439,5.27436,0.68724,1.42416,0,0,0,0,0,0
14.6705,-0.0180696,-0.028766,0.398867,1.3731,-0.747295,0.426792,9.92486,11.1423,-1.17876,4.65336,-1.20888,1.82988,0,0,0,0,0,0
14.6752,0.00554858,0.0414765,0.394073,1.42345,-0.724259,0.45333,10.1455,12.9862,-0.25707,5.04252,-0.00828,1.51524,0,0,0,0,0,0
14.6801,0.0490282,0.0654176,0.387818,1.44829,-0.757535,0.473849,8.80196,12.8917,-1.28117,5.68836,1.30824,1.92924,0,0,0,0,0,0
14.6854,0.0852091,0.108515,0.39782,1.48021,-0.78842,0.485956,10.5553,12.3243,-0.76494,4.554,0.09936,1.72224,0,0,0,0,0,0
14.6902,0.0805721,0.120555,0.395717,1.52268,-0.781198,0.492163,10.3504,12.7104,-1.61139,4.47948,-0.44712,2.16108,0,0,0,0,0,0
14.6952,0.0884799,0.127904,0.399892,1.54337,-0.765144,0.499011,10.1967,12.2337,-1.22265,4.81068,-0.28152,1.66428,0,0,0,0,0,0
14.7002,0.0887373,0.131541,0.381925,1.53657,-0.757662,0.515685,10.3819,12.3204,-0.85481,5.22468,-0.30636,1.656,0,0,0,0,0,0
14.7053,0.0762668,0.104784,0.346849,1.49728,-0.772408,0.542333,10.9571,12.8799,-0.92169,5.72148,0.68724,1.15092,0,0,0,0,0,0
14.7103,0.0337926,0.0692779,0.333332,1.46037,-0.802895,0.592887,11.6427,13.1635,-1.41911,5.26608,0.43056,0.52164,0,0,0,0,0,0
14.7154,0.0138813,0.0402305,0.328039,1.43414,-0.81585,0.659688,9.72786,12.4071,-1.37313,6.21,0.0414,0.22356,0,0,0,0,0,0
14.7202,0.0311391,0.0395917,0.336211,1.42262,-0.82548,0.735127,10.441,13.1084,-1.27699,5.10876,0.7038,-0.10764,0,0,0,0,0,0
14.7256,0.0547348,0.016421,0.330056,1.42969,-0.825782,0.818237,9.51116,13.5024,-0.66462,4.79412,-0.35604,-0.65412,0,0,0,0,0,0
14.7305,0.0939657,-0.00360981,0.332942,1.42733,-0.799599,0.899051,9.88152,12.8956,-1.75142,5.59728,-0.3312,-0.77004,0,0,0,0,0,0
14.7357,0.0813368,0.0025652,0.361303,1.39787,-0.802867,0.967543,11.7767,12.8326,-1.57168,6.01128,0.93564,-1.31652,0,0,0,0,0,0
14.7403,0.0652118,0.0217361,0.373443,1.38164,-0.814941,1.02583,10.1061,12.2022,-1.09934,5.18328,0.04968,-1.93752,0,0,0,0,0,0
14.7454,0.0609878,0.0316725,0.373963,1.39081,-0.810424,1.05666,11.292,12.7853,-1.27072,4.46292,0.2898,-2.11968,0,0,0,0,0,0
14.7504,0.0586819,0.0242879,0.363429,1.39335,-0.819365,1.06093,10.2046,12.6513,-0.88825,5.10048,0.56304,-2.66616,0,0,0,0,0,0
14.7553,0.0416225,0.000279876,0.347783,1.36013,-0.83524,1.05603,11.9303,13.4945,-1.07217,5.77944,0.5382,-3.08016,0,0,0,0,0,0
14.7603,0.0130268,0.0125738,0.34133,1.36066,-0.867374,1.04918,10.9177,12.0997,-0.58102,4.44636,1.38276,-3.34512,0,0,0,0,0,0
14.7652,0.0153528,0.0251743,0.330108,1.33159,-0.894843,1.03642,10.3307,12.5292,-1.50062,6.76476,0.3726,-3.1464,0,0,0,0,0,0
14.7706,0.0211921,0.0564901,0.348745,1.28669,-0.866825,1.01402,11.3511,12.6868,-0.95513,5.82912,-0.77004,-3.105,0,0,0,0,0,0
14.7753,-0.0132475,0.0544092,0.336535,1.28715,-0.817793,0.992252,11.3511,12.6868,-0.95513,5.82912,-0.77004,-3.105,0,0,0,0,0,0
14.7803,-0.00759979,0.118843,0.344358,1.29073,-0.780657,0.973167,10.1219,11.0202,-0.99902,6.35076,-0.207,-3.20436,0,0,0,0,0,0
14.7851,0.0143604,0.18736,0.351378,1.31352,-0.76604,0.948285,10.244,11.6782,-1.36895,5.19156,0,-2.84004,0,0,0,0,0,0
14.7904,0.0342684,0.213142,0.349533,1.32371,-0.739667,0.90359,10.902,12.9429,-0.46816,5.56416,-0.43056,-2.38464,0,0,0,0,0,0
14.7955,0.0655709,0.212934,0.338097,1.35728,-0.729297,0.859496,9.54662,12.4307,-1.26863,4.24764,0.56304,-2.87316,0,0,0,0,0,0
14.8003,0.0896598,0.198317,0.340636,1.37537,-0.73732,0.800685,11.0399,13.1754,-1.31461,5.7132,0.14904,-1.58148,0,0,0,0,0,0
14.8053,0.0785633,0.138316,0.316768,1.32874,-0.769205,0.740521,10.7168,13.6245,-0.61028,6.86412,1.51524,-2.74068,0,0,0,0,0,0
14.8103,0.0630516,0.0871879,0.300827,1.29016,-0.80429,0.698153,11.4181,13.2699,-1.2958,5.86224,0.35604,-2.36808,0,0,0,0,0,0
14.8152,0.0620946,0.0364642,0.299166,1.28198,-0.774029,0.653783,9.90516,13.3724,-1.51525,5.40684,-1.27512,-2.66616,0,0,0,0,0,0
14.8202,0.0828331,0.0241293,0.324533,1.27261,-0.732323,0.600496,11.0517,12.5686,-1.80576,6.35904,0.07452,-1.87128,0,0,0,0,0,0
14.8252,0.0751929,0.0204721,0.359844,1.27518,-0.756195,0.540001,10.8429,12.9823,-2.0482,5.04252,1.656,-2.36808,0,0,0,0,0,0
14.8302,0.093593,0.0161071,0.371618,1.28614,-0.758073,0.50081,10.5828,13.0138,-0.59774,5.26608,-0.62928,-2.68272,0,0,0,0,0,0
14.8352,0.127269,0.00201082,0.354761,1.26487,-0.746422,0.502259,9.46388,12.738,-1.22056,6.42528,0.77832,-4.2228,0,0,0,0,0,0
14.8403,0.132837,-0.00448827,0.338028,1.208,-0.747873,0.528081,11.9185,12.8562,-0.43681,6.97176,-0.03312,-3.65148,0,0,0,0,0,0
14.8453,0.0850648,-0.0116083,0.32438,1.16168,-0.736237,0.549602,11.7136,12.5804,-1.40657,6.27624,0.18216,-3.99924,0,0,0,0,0,0
14.8502,0.069111,-0.0164016,0.330716,1.13965,-0.735079,0.573454,10.8547,12.7183,-1.38149,5.82912,0.3312,-3.87504,0,0,0,0,0,0
14.8552,0.0544441,-0.0200908,0.315119,1.15341,-0.739245,0.561924,11.166,12.2573,-0.61237,4.85208,0.29808,-2.50884,0,0,0,0,0,0
14.8602,0.0233316,-0.0162303,0.309232,1.1493,-0.76602,0.535353,12.2298,13.0059,-1.34178,6.0858,1.52352,-3.20436,0,0,0,0,0,0
14.8652,-0.0162993,-0.00368494,0.309779,1.10019,-0.815611,0.497722,11.5481,12.1628,-0.7733,6.98004,1.2834,-1.99548,0,0,0,0,0,0
14.8704,-0.00647623,0.0114785,0.313689,1.0492,-0.831204,0.461958,10.6735,12.9784,-1.50271,6.26796,0.207,-3.23748,0,0,0,0,0,0
14.8752,0.0243604,0.00637521,0.327057,0.991842,-0.798472,0.444231,10.7089,12.9862,-1.13905,7.14564,-0.62928,-2.88144,0,0,0,0,0,0
14.8803,0.0468791,0.0117573,0.316804,0.951049,-0.788067,0.391535,10.768,11.887,-0.82973,5.95332,1.01016,-1.66428,0,0,0,0,0,0
14.8853,0.077645,0.0456459,0.318221,0.91634,-0.824416,0.356222,10.3267,12.411,-1.20384,7.35264,1.39932,-3.46932,0,0,0,0,0,0
14.8903,0.117582,0.0600235,0.318262,0.912631,-0.845389,0.374653,10.0234,11.9934,-1.11606,4.94316,0.38916,-4.00752,0,0,0,0,0,0
14.8952,0.166601,0.0939431,0.316571,0.947233,-0.831784,0.409239,10.3661,11.954,-0.77539,5.0508,0.09936,-4.23108,0,0,0,0,0,0
14.9002,0.204647,0.16093,0.30036,0.981203,-0.852562,0.421126,10.2046,10.7995,-0.12331,4.45464,1.88784,-3.16296,0,0,0,0,0,0
14.9052,0.22418,0.201691,0.258939,0.984655,-0.8864,0.389676,10.9059,12.5056,0.16929,6.4998,0.72036,-2.16108,0,0,0,0,0,0
14.9102,0.216647,0.178911,0.198717,0.936178,-0.888844,0.340636,10.9059,12.5056,0.16929,6.4998,0.72036,-2.16108,0,0,0,0,0,0
14.9151,0.258703,0.167838,0.180368,0.887203,-0.897132,0.283755,9.41266,12.8168,-1.05545,6.81444,1.18404,-1.6146,0,0,0,0,0,0
14.9202,0.309093,0.124358,0.17473,0.82855,-0.91925,0.219408,9.41266,12.8168,-1.05545,6.81444,1.18404,-1.6146,0,0,0,0,0,0
14.9253,0.334783,0.12892,0.203757,0.847859,-0.915277,0.211893,11.4496,12.1273,-1.64692,3.78396,0.07452,-4.0158,0,0,0,0,0,0
14.9303,0.288626,0.105526,0.21501,0.905447,-0.892493,0.255062,11.4496,12.1273,-1.64692,3.78396,0.07452,-4.0158,0,0,0,0,0,0
14.9352,0.295977,0.113929,0.198447,0.951248,-0.891502,0.299439,10.5907,12.0722,0.45562,4.13172,1.0764,-4.2228,0,0,0,0,0,0
14.9402,0.259492,0.0742112,0.221384,0.830211,-0.875361,0.381,12.7695,14.0461,-3.36072,10.7226,-0.4968,-5.68836,0,0,0,0,0,0
14.9453,0.148636,-0.0473713,0.302552,0.561802,-0.831057,0.485224,12.7695,14.0461,-3.36072,10.7226,-0.4968,-5.68836,0,0,0,0,0,0
14.9503,0.0355621,-0.15585,0.361153,0.333479,-0.792471,0.574837,13.463,13.9003,-2.32408,9.71244,-0.38088,-5.382,0,0,0,0,0,0
14.9552,-0.0348043,-0.236364,0.38211,0.228778,-0.791456,0.611123,11.7136,13.853,-1.43165,6.79788,1.06812,-3.44448,0,0,0,0,0,0
14.9604,-0.0605979,-0.260012,0.388259,0.188778,-0.821324,0.586157,12.0209,12.3243,-1.2958,7.866,1.10124,-2.66616,0,0,0,0,0,0
14.9654,-0.074582,-0.218462,0.39648,0.186105,-0.85787,0.566949,12.1194,11.9737,-0.96558,5.82084,1.54836,-3.94956,0,0,0,0,0,0
14.9705,-0.107103,-0.187342,0.382599,0.219059,-0.904268,0.569546,12.1194,11.9737,-0.96558,5.82084,1.54836,-3.94956,0,0,0,0,0,0
14.9753,-0.0967698,-0.164153,0.376437,0.222457,-0.930877,0.591446,11.1384,13.0887,-0.80256,7.18704,0.83628,-4.94316,0,0,0,0,0,0
14.9804,-0.0549151,-0.128591,0.400038,0.214265,-0.932548,0.599606,11.3078,11.9185,-1.8601,6.98832,0.52164,-3.51072,0,0,0,0,0,0
14.9854,-0.0492074,-0.095999,0.427426,0.217544,-0.934239,0.578084,11.3078,11.9185,-1.8601,6.98832,0.52164,-3.51072,0,0,0,0,0,0
14.9902,0.000394886,-0.0592138,0.44788,0.229604,-0.939989,0.546553,10.5631,12.7735,-0.80674,7.14564,0.7038,-2.90628,0,0,0,0,0,0
14.9952,0.0590257,-0.0540025,0.449167,0.226753,-0.933571,0.513533,10.047,12.5686,-1.46927,7.34436,-0.18216,-3.57696,0,0,0,0,0,0
15.0003,0.115317,-0.0481166,0.460974,0.206859,-0.906431,0.502523,10.047,12.5686,-1.46927,7.34436,-0.18216,-3.57696,-0,-0,-0,-0,-0,-0
15.0052,0.194739,-0.00452864,0.48272,0.189928,-0.884916,0.506766,10.6656,12.4583,-0.836,7.4106,0.1656,-4.07376,-0,-0,-0,-0,-0,-0
15.0104,0.216791,0.00455531,0.468715,0.165425,-0.874343,0.522188,10.6656,12.4583,-0.836,7.4106,0.1656,-4.07376,-0,-0,-0,-0,-0,-0
15.0153,0.258056,0.0310285,0.476147,0.175008,-0.865954,0.523639,10.307,11.8791,-1.49644,6.0858,0.29808,-3.42792,-0,-0,-0,-0,-0,-0
15.0203,0.293863,0.038176,0.475719,0.17132,-0.865361,0.52335,11.4693,13.1872,-0.52877,7.60104,0.7038,-4.1814,-0,-0,-0,-0,-0,-0
15.0254,0.269347,-0.0152974,0.431499,0.122404,-0.880492,0.535966,11.4693,13.1872,-0.52877,7.60104,0.7038,-4.1814,-0,-0,-0,-0,-0,-0
15.0303,0.251758,-0.0540521,0.403765,0.0955044,-0.889157,0.55169,11.9224,13.136,-0.84436,6.8724,0.31464,-4.40496,-0,-0,-0,-0,-0,-0
15.0352,0.260235,-0.0762986,0.402459,0.103316,-0.906967,0.559352,10.6262,12.9508,-1.30416,6.39216,1.21716,-3.8088,-0,-0,-0,-0,-0,-0
15.0405,0.235936,-0.10094,0.407592,0.0770809,-0.94385,0.550639,13.0414,12.9547,-1.25818,8.12268,1.10952,-3.78396,-0,-0,-0,-0,-0,-0
15.0452,0.208358,-0.117719,0.410277,0.0104223,-0.932834,0.540286,11.82,13.4827,-0.67925,9.11628,-0.75348,-3.77568,-0,-0,-0,-0,-0,-0
15.0503,0.172364,-0.167041,0.383689,-0.0696246,-0.885911,0.531982,11.82,13.4827,-0.67925,9.11628,-0.75348,-3.77568,-0,-0,-0,-0,-0,-0
15.0555,0.141653,-0.198319,0.369671,-0.0878495,-0.883398,0.561816,11.95,13.1084,-0.97394,6.98004,1.0764,-5.39856,-0,-0,-0,-0,-0,-0
15.0604,0.177389,-0.225498,0.3583,-0.0756967,-0.899161,0.577523,10.2755,13.4945,-0.58311,7.0794,0.11592,-3.23748,-0,-0,-0,-0,-0,-0
15.0652,0.214474,-0.28389,0.321705,-0.0880803,-0.894393,0.540282,10.2755,13.4945,-0.58311,7.0794,0.11592,-3.23748,-0,-0,-0,-0,-0,-0
15.0706,0.234662,-0.296678,0.299333,-0.0888457,-0.897747,0.532728,11.757,11.7648,-0.95304,6.21,0.56304,-4.68648,-0,-0,-0,-0,-0,-0
15.0752,0.244891,-0.263253,0.301613,-0.0649246,-0.91991,0.573823,11.0123,11.9697,-1.28953,6.43356,1.16748,-5.3406,-0,-0,-0,-0,-0,-0
15.0803,0.257224,-0.24145,0.30697,-0.0522085,-0.953618,0.62727,11.0123,11.9697,-1.28953,6.43356,1.16748,-5.3406,-0,-0,-0,-0,-0,-0
15.0852,0.295028,-0.207478,0.302349,-0.0863405,-0.965613,0.662929,10.5159,11.8358,-0.5016,8.79336,0.28152,-4.58712,-0,-0,-0,-0,-0,-0
15.0903,0.323598,-0.175688,0.288188,-0.16865,-0.93282,0.6942,11.6979,12.151,-0.75658,8.83476,-0.81144,-5.0922,-0,-0,-0,-0,-0,-0
15.0962,0.296878,-0.165034,0.258069,-0.208134,-0.886002,0.698706,11.9106,12.0367,-0.24035,7.10424,-0.6624,-3.58524,-0,-0,-0,-0,-0,-0
15.1002,0.319129,-0.116203,0.250749,-0.241587,-0.882886,0.686548,10.772,11.6072,-0.90497,9.40608,0.8694,-4.3056,-0,-0,-0,-0,-0,-0
15.1052,0.327186,-0.0732979,0.249695,-0.336853,-0.917555,0.68597,10.772,11.6072,-0.90497,9.40608,0.8694,-4.3056,-0,-0,-0,-0,-0,-0
15.1103,0.360184,-0.0450503,0.258572,-0.372575,-0.943913,0.654221,10.7483,12.7538,-0.81719,7.0794,0.50508,-2.99736,-0,-0,-0,-0,-0,-0
15.1153,0.368919,-0.0466933,0.261689,-0.358177,-0.957808,0.598449,10.7483,12.7538,-0.81719,7.0794,0.50508,-2.99736,-0,-0,-0,-0,-0,-0
15.1202,0.387875,-0.0449574,0.280657,-0.348009,-0.927855,0.584672,11.2842,12.9902,-1.2122,7.50996,-1.3248,-4.69476,-0,-0,-0,-0,-0,-0
15.1252,0.366676,-0.0341436,0.291294,-0.3359,-0.901505,0.607526,11.9618,11.5757,-1.05963,6.54948,0.4554,-4.64508,-0,-0,-0,-0,-0,-0
15.1302,0.343235,-0.0371877,0.286062,-0.337165,-0.902071,0.599886,11.7648,12.8759,-0.92796,7.46028,-0.207,-3.519,-0,-0,-0,-0,-0,-0
15.1352,0.32056,-0.0758908,0.269317,-0.378863,-0.88826,0.574819,12.3913,12.9193,-0.65417,8.29656,-0.13248,-3.84192,-0,-0,-0,-0,-0,-0
15.1402,0.248564,-0.140869,0.227573,-0.451611,-0.882836,0.555978,12.3913,12.9193,-0.65417,8.29656,-0.13248,-3.84192,-0,-0,-0,-0,-0,-0
15.1453,0.201203,-0.202105,0.187281,-0.533597,-0.889956,0.546439,12.0012,12.6829,-0.71687,8.82648,0.29808,-4.28076,-0,-0,-0,-0,-0,-0
15.1503,0.172092,-0.248959,0.173204,-0.59888,-0.892788,0.538465,12.4425,13.329,-1.03246,8.34624,-0.47196,-3.75084,-0,-0,-0,-0,-0,-0
15.1552,0.122473,-0.307245,0.162778,-0.621031,-0.873119,0.516034,12.4425,13.329,-1.03246,8.34624,-0.47196,-3.75084,-0,-0,-0,-0,-0,-0
15.1604,0.137784,-0.327412,0.136439,-0.612164,-0.856789,0.504903,11.4063,12.2258,0.08569,8.26344,-0.18216,-4.31388,-0,-0,-0,-0,-0,-0
15.1653,0.154257,-0.313473,0.0892185,-0.614954,-0.850188,0.501266,11.4063,12.2258,0.08569,8.26344,-0.18216,-4.31388,-0,-0,-0,-0,-0,-0
15.1702,0.188885,-0.301725,0.0632013,-0.622424,-0.829176,0.504418,11.1226,12.7774,-0.45771,8.4042,-0.91908,-4.72788,-0,-0,-0,-0,-0,-0
15.1752,0.262197,-0.288091,0.0580081,-0.609037,-0.813513,0.551051,10.6301,12.2061,-0.66671,7.33608,0.14076,-6.10236,-0,-0,-0,-0,-0,-0
15.1803,0.305081,-0.271552,0.0512481,-0.593035,-0.825878,0.627011,10.6301,12.2061,-0.66671,7.33608,0.14076,-6.10236,-0,-0,-0,-0,-0,-0
15.1855,0.362947,-0.270402,0.0510526,-0.618105,-0.852952,0.652152,10.4292,12.9193,-0.8151,8.95896,0.81972,-3.90816,-0,-0,-0,-0,-0,-0
15.1904,0.421998,-0.281171,0.0558381,-0.651196,-0.852463,0.679043,10.902,12.608,-0.8569,7.60104,-1.04328,-6.19344,-0,-0,-0,-0,-0,-0
15.1952,0.436218,-0.287047,0.0594994,-0.664031,-0.811429,0.751719,10.902,12.608,-0.8569,7.60104,-1.04328,-6.19344,-0,-0,-0,-0,-0,-0
15.2002,0.467089,-0.271132,0.0567885,-0.665774,-0.782766,0.773551,10.7404,11.6742,-0.43054,7.17876,-0.5382,-4.11516,-0,-0,-0,-0,-0,-0
15.2053,0.44399,-0.259524,0.0285057,-0.695172,-0.791798,0.750353,12.541,12.1746,-0.05225,7.94052,0.34776,-4.12344,-0,-0,-0,-0,-0,-0
15.2103,0.3789,-0.252427,-0.00291394,-0.738764,-0.817882,0.729754,12.541,12.1746,-0.05225,7.94052,0.34776,-4.12344,-0,-0,-0,-0,-0,-0
15.2152,0.362646,-0.229281,-0.00864062,-0.771739,-0.812001,0.704244,11.9185,11.757,-0.84018,8.06472,-1.01844,-3.8088,-0,-0,-0,-0,-0,-0
15.2203,0.327947,-0.211416,-0.00887685,-0.817455,-0.777218,0.667852,11.9185,11.757,-0.84018,8.06472,-1.01844,-3.8088,-0,-0,-0,-0,-0,-0
15.2254,0.299708,-0.193309,-0.021802,-0.861306,-0.754959,0.6469,12.0879,11.4181,-0.44935,8.12268,-0.52164,-4.57056,-0,-0,-0,-0,-0,-0
15.2302,0.302058,-0.183341,-0.0179435,-0.907394,-0.749593,0.664009,10.6538,12.1273,-1.55914,8.54496,-0.54648,-5.24952,-0,-0,-0,-0,-0,-0
15.2352,0.331863,-0.172867,-0.00550487,-0.929992,-0.725511,0.663942,10.7168,11.9224,-0.49533,7.3692,-1.56492,-3.86676,-0,-0,-0,-0,-0,-0
15.2402,0.34989,-0.160657,-0.00440343,-0.956405,-0.695865,0.674789,11.753,11.8515,-1.03246,9.01692,-0.88596,-5.73804,-0,-0,-0,-0,-0,-0
15.2452,0.331887,-0.126226,0.0211599,-1.01772,-0.683875,0.725087,11.753,11.8515,-1.03246,9.01692,-0.88596,-5.73804,-0,-0,-0,-0,-0,-0
15.2502,0.341472,-0.073817,0.0440045,-1.02122,-0.688332,0.770139,11.8436,11.4693,-0.52041,6.98004,-0.24012,-5.62212,-0,-0,-0,-0,-0,-0
15.2554,0.321704,-0.0231619,0.0506582,-0.993348,-0.705705,0.809525,11.8436,11.4693,-0.52041,6.98004,-0.24012,-5.62212,-0,-0,-0,-0,-0,-0
15.2602,0.340738,-0.0081772,0.0432558,-0.995137,-0.705714,0.842536,10.6853,12.5174,-0.07942,8.42904,-1.01016,-5.39856,-0,-0,-0,-0,-0,-0
15.2654,0.38656,-0.0464783,0.0178514,-1.04992,-0.673948,0.865402,10.6222,12.8523,-0.21945,9.61308,-1.63944,-5.27436,-0,-0,-0,-0,-0,-0
15.2703,0.404474,-0.0855497,-0.00194444,-1.13142,-0.633627,0.885607,10.6222,12.8523,-0.21945,9.61308,-1.63944,-5.27436,-0,-0,-0,-0,-0,-0
15.2752,0.398695,-0.117466,-0.0049696,-1.16062,-0.619938,0.9141,11.8476,12.8168,-0.7733,7.5762,-0.62928,-5.66352,-0,-0,-0,-0,-0,-0
15.2802,0.377205,-0.147721,0.003296,-1.17221,-0.649728,0.92348,12.4543,12.3519,-1.02201,8.97552,0.28152,-4.45464,-0,-0,-0,-0,-0,-0
15.2854,0.315249,-0.182305,0.00465724,-1.23178,-0.695803,0.904886,12.4543,12.3519,-1.02201,8.97552,0.28152,-4.45464,-0,-0,-0,-0,-0,-0
15.2903,0.286874,-0.23668,-0.015176,-1.27006,-0.732074,0.888299,12.1707,12.8011,-0.30723,8.28828,-0.07452,-4.5126,-0,-0,-0,-0,-0,-0
15.2953,0.261528,-0.273494,-0.0196161,-1.26817,-0.727705,0.868878,11.9185,12.868,-0.92587,7.47684,-1.58148,-4.5126,-0,-0,-0,-0,-0,-0
15.3002,0.238671,-0.30223,-0.00651007,-1.25421,-0.689145,0.847329,11.9185,12.868,-0.92587,7.47684,-1.58148,-4.5126,-0,-0,-0,-0,-0,-0
15.3056,0.231213,-0.320841,0.00186809,-1.2242,-0.663259,0.827673,12.4307,12.4819,-0.65208,6.831,-1.08468,-4.66992,-0,-0,-0,-0,-0,-0
15.3104,0.19238,-0.332168,0.000207813,-1.18841,-0.6486,0.815427,12.4307,12.4819,-0.65208,6.831,-1.08468,-4.66992,-0,-0,-0,-0,-0,-0
15.3154,0.198487,-0.352543,-0.0133253,-1.16826,-0.62577,0.78523,10.8941,12.7301,-0.209,7.50996,-1.46556,-3.77568,-0,-0,-0,-0,-0,-0
15.3204,0.238158,-0.34209,-0.0277432,-1.18155,-0.606745,0.775441,11.0832,12.1707,0.17138,8.26344,-1.18404,-5.41512,-0,-0,-0,-0,-0,-0
15.3252,0.245437,-0.31325,-0.0378813,-1.22642,-0.571264,0.772504,11.6663,11.8003,-0.42218,9.13284,-2.35152,-4.00752,-0,-0,-0,-0,-0,-0
15.3303,0.257521,-0.287909,-0.0318212,-1.30191,-0.521003,0.768389,11.162,11.7727,-0.83391,9.82008,-1.72224,-5.28264,-0,-0,-0,-0,-0,-0
15.3352,0.269793,-0.283566,-0.0362462,-1.34651,-0.51405,0.829139,11.4221,12.6238,0.03553,7.6176,-0.80316,-7.06284,-0,-0,-0,-0,-0,-0
15.3404,0.297971,-0.271261,-0.0502315,-1.32904,-0.538804,0.889396,10.7326,11.3314,-0.34485,7.36092,-0.28152,-5.48136,-0,-0,-0,-0,-0,-0
15.3454,0.322451,-0.215341,-0.0453253,-1.30593,-0.575211,0.916217,10.7326,11.3314,-0.34485,7.36092,-0.28152,-5.48136,-0,-0,-0,-0,-0,-0
15.3503,0.361681,-0.166838,-0.0395949,-1.30946,-0.578862,0.946192,10.4016,11.5875,-0.32186,8.85132,-1.77192,-5.57244,-0,-0,-0,-0,-0,-0
15.3553,0.389425,-0.162615,-0.0458617,-1.32345,-0.549286,0.960657,11.292,12.6435,-0.13794,7.54308,-1.83816,-5.15844,-0,-0,-0,-0,-0,-0
15.3601,0.374322,-0.180337,-0.0541052,-1.32298,-0.520648,0.966069,11.292,12.6435,-0.13794,7.54308,-1.83816,-5.15844,-0,-0,-0,-0,-0,-0
15.3654,0.348262,-0.185799,-0.0545076,-1.3152,-0.492113,0.948523,12.0091,11.9224,-0.5016,6.96348,-1.95408,-4.10688,-0,-0,-0,-0,-0,-0
15.3703,0.319596,-0.161621,-0.0349711,-1.30449,-0.479515,0.927634,11.9579,11.9067,-0.78793,7.62588,-1.29996,-5.22468,-0,-0,-0,-0,-0,-0
15.3752,0.286925,-0.129372,-0.00486192,-1.30724,-0.483598,0.933249,11.9579,11.9067,-0.78793,7.62588,-1.29996,-5.22468,-0,-0,-0,-0,-0,-0
15.3803,0.278428,-0.109802,0.0190214,-1.31163,-0.467749,0.925977,11.753,12.1037,-0.70224,8.13096,-2.37636,-4.60368,-0,-0,-0,-0,-0,-0
15.3853,0.258866,-0.0998261,0.0366435,-1.32893,-0.422924,0.903625,11.753,12.1037,-0.70224,8.13096,-2.37636,-4.60368,-0,-0,-0,-0,-0,-0
15.3902,0.25202,-0.09674,0.0328513,-1.31865,-0.384825,0.889128,11.5915,11.8988,-0.04389,7.18704,-2.07828,-4.93488,-0,-0,-0,-0,-0,-0
15.3952,0.256881,-0.0999991,0.0218215,-1.30808,-0.338346,0.868635,10.9571,11.8515,-0.63536,7.68384,-2.8152,-4.27248,-0,-0,-0,-0,-0,-0
15.4003,0.259546,-0.101296,-0.000924828,-1.31314,-0.286033,0.870426,11.7176,11.2802,0.16302,7.67556,-2.35152,-6.05268,-0,-0,-0,-0,-0,-0
15.4052,0.255147,-0.109686,-0.0172177,-1.35045,-0.285302,0.890525,11.4378,12.6159,-0.54758,9.00036,-0.88596,-5.20812,-0,-0,-0,-0,-0,-0
15.4102,0.237271,-0.141079,-0.0109347,-1.42694,-0.319989,0.890767,11.4378,12.6159,-0.54758,9.00036,-0.88596,-5.20812,-0,-0,-0,-0,-0,-0
15.4152,0.22924,-0.172103,-0.00989786,-1.48567,-0.362377,0.908786,11.2014,12.5962,-0.25707,8.42904,-0.64584,-5.98644,-0,-0,-0,-0,-0,-0
15.4204,0.240864,-0.219816,-0.0356063,-1.51356,-0.386209,0.901842,10.6932,13.1241,0.44517,8.1144,-1.50696,-4.19796,-0,-0,-0,-0,-0,-0
15.4254,0.274688,-0.243398,-0.0518566,-1.48059,-0.414004,0.86174,10.1455,12.0209,-0.3344,6.0858,-0.5796,-4.27248,-0,-0,-0,-0,-0,-0
15.4304,0.28533,-0.248726,-0.0643961,-1.44257,-0.431405,0.828343,11.363,11.3669,-0.21527,7.31124,-1.84644,-4.27248,-0,-0,-0,-0,-0,-0
15.4353,0.255379,-0.267806,-0.0849106,-1.41426,-0.423545,0.773499,11.7885,12.5844,0.06897,6.40044,-1.62288,-2.88144,-0,-0,-0,-0,-0,-0
15.4403,0.225006,-0.297858,-0.106827,-1.39278,-0.434388,0.734225,11.2487,12.1667,0.08987,7.41888,-1.17576,-4.65336,-0,-0,-0,-0,-0,-0
15.4452,0.21384,-0.305777,-0.126383,-1.42547,-0.465318,0.737074,11.0005,12.2337,0.48488,8.9424,-0.88596,-4.83552,-0,-0,-0,-0,-0,-0
15.4503,0.258037,-0.254421,-0.139944,-1.41911,-0.526547,0.74614,8.90834,10.5001,0.5225,6.15204,-0.0414,-4.76928,-0,-0,-0,-0,-0,-0
15.4555,0.260847,-0.236849,-0.0976847,-1.40583,-0.576467,0.791169,12.2573,13.1123,-2.18614,7.66728,-1.1592,-6.5826,-0,-0,-0,-0,-0,-0
15.4603,0.184979,-0.297398,-0.0446896,-1.44444,-0.589802,0.864473,12.5056,13.4393,-0.53295,8.34624,-1.54008,-6.36732,-0,-0,-0,-0,-0,-0
15.4652,0.1365,-0.327968,-0.0274652,-1.49392,-0.602709,0.903357,11.9106,12.4977,-0.41591,8.487,-1.0764,-5.6718,-0,-0,-0,-0,-0,-0
15.4703,0.113769,-0.342434,-0.05674,-1.56411,-0.611541,0.92574,12.0643,12.0328,0.97185,9.49716,-1.4076,-5.85396,-0,-0,-0,-0,-0,-0
15.4753,0.1049,-0.337666,-0.0914729,-1.61703,-0.613262,0.932951,11.3984,12.0682,0.13376,8.3628,-1.34964,-4.90176,-0,-0,-0,-0,-0,-0
15.4805,0.0925774,-0.304787,-0.107916,-1.65977,-0.623211,0.943168,12.5253,11.3117,0.56639,8.8596,-1.20888,-6.18516,-0,-0,-0,-0,-0,-0
15.4853,0.065,-0.262215,-0.0999858,-1.65412,-0.634509,0.96808,12.478,12.1864,-0.51832,6.77304,-1.33308,-5.589,-0,-0,-0,-0,-0,-0
15.4903,0.0484824,-0.226171,-0.0969173,-1.6525,-0.649577,0.953426,12.0052,10.9571,0.43054,9.01692,-0.9522,-4.57056,-0,-0,-0,-0,-0,-0
15.4952,0.0592835,-0.196665,-0.106007,-1.69506,-0.663496,0.968599,11.1029,12.2022,-0.11913,8.12268,-1.35792,-7.0794,-0,-0,-0,-0,-0,-0
15.5002,0.0520822,-0.178194,-0.116038,-1.69316,-0.679248,0.958521,12.7301,11.3945,0.45562,6.89724,-0.90252,-3.65148,-0,-0,-0,-0,-0,-0
15.5054,0.0202269,-0.16236,-0.119985,-1.69267,-0.711687,0.937235,11.7964,11.4418,-0.88616,7.79148,-0.55476,-6.50808,-0,-0,-0,-0,-0,-0
15.5104,0.0216659,-0.144412,-0.119564,-1.71061,-0.750314,0.937822,11.3354,11.6506,0.54967,8.24688,-0.67068,-4.53744,-0,-0,-0,-0,-0,-0
15.5152,0.0375893,-0.110204,-0.111139,-1.71374,-0.789233,0.90983,11.3117,11.3196,-0.78584,7.62588,-0.621,-5.10048,-0,-0,-0,-0,-0,-0
15.5204,0.0766092,-0.0597137,-0.106452,-1.70606,-0.822401,0.906083,9.96426,10.374,0.44726,7.2864,-0.84456,-5.4648,-0,-0,-0,-0,-0,-0
15.5253,0.117283,-0.0374327,-0.115769,-1.68561,-0.849476,0.926026,11.2093,12.1194,-0.37411,6.63228,-0.81144,-6.21828,-0,-0,-0,-0,-0,-0
15.5307,0.148112,0.0280922,-0.0911926,-1.69253,-0.88255,0.944468,10.3858,9.70816,-0.23826,8.59464,-0.7452,-5.51448,-0,-0,-0,-0,-0,-0
15.5354,0.188827,0.0928968,-0.0833257,-1.70746,-0.907676,0.950842,10.9374,11.5324,0.09823,7.2864,-1.02672,-5.72976,-0,-0,-0,-0,-0,-0
15.5402,0.212969,0.131727,-0.0817711,-1.71155,-0.92558,0.957417,10.6735,10.6025,-0.01881,7.7004,-1.04328,-5.52276,-0,-0,-0,-0,-0,-0
15.5452,0.248514,0.145183,-0.0869056,-1.75323,-0.942079,0.931735,10.0391,11.883,-0.03762,9.09144,-0.97704,-4.2642,-0,-0,-0,-0,-0,-0
15.5502,0.244802,0.13093,-0.0983627,-1.77691,-0.948124,0.903753,12.5331,12.214,0.6061,7.14564,-1.54836,-5.43168,-0,-0,-0,-0,-0,-0
15.5552,0.194307,0.126791,-0.123019,-1.79635,-0.945907,0.892072,12.08,11.162,0.47652,8.487,-1.34964,-4.8852,-0,-0,-0,-0,-0,-0
15.5601,0.152358,0.13251,-0.133382,-1.84852,-0.969201,0.874923,12.0052,12.017,0.18601,8.78508,-0.5382,-5.30748,-0,-0,-0,-0,-0,-0
15.5652,0.106046,0.125616,-0.137704,-1.86833,-1.00785,0.873759,12.5331,11.9894,0.4389,7.50168,-0.67896,-5.7546,-0,-0,-0,-0,-0,-0
15.5703,0.0633506,0.114555,-0.11827,-1.86756,-1.0442,0.861978,12.0525,12.411,-0.67507,8.0316,-0.61272,-4.61196,-0,-0,-0,-0,-0,-0
15.5753,0.0250268,0.0666791,-0.10251,-1.86547,-1.07277,0.867651,12.0564,13.4078,0.36575,7.44372,-1.035,-6.38388,-0,-0,-0,-0,-0,-0
15.5803,-0.0064131,0.0373936,-0.106266,-1.82974,-1.09043,0.886902,11.753,11.3669,-0.15466,6.02784,-0.97704,-5.20812,-0,-0,-0,-0,-0,-0
15.5853,0.0065219,0.0254224,-0.104603,-1.79198,-1.1108,0.880907,10.6144,13.0493,0.47443,7.38576,-0.8694,-5.19156,-0,-0,-0,-0,-0,-0
15.5903,0.0313931,0.0198491,-0.10218,-1.77956,-1.13864,0.892129,11.0281,11.0793,-0.23826,7.09596,-0.64584,-5.72976,-0,-0,-0,-0,-0,-0
15.5952,0.0518826,0.0379099,-0.0843583,-1.76969,-1.18459,0.936811,10.8232,11.9934,-0.19437,7.44372,-0.03312,-7.01316,-0,-0,-0,-0,-0,-0
15.6003,0.0737418,0.0436801,-0.079021,-1.75418,-1.23531,0.951385,11.1108,11.8397,0.43681,7.12908,-0.33948,-4.69476,-0,-0,-0,-0,-0,-0
15.6053,0.0992264,0.0419072,-0.0762355,-1.76258,-1.27283,0.941287,10.6341,12.2219,-0.10868,8.1558,-0.50508,-6.01956,-0,-0,-0,-0,-0,-0
15.6102,0.133379,0.0483176,-0.0600963,-1.8026,-1.29695,0.927302,10.8035,11.4851,-0.12122,8.66088,-0.83628,-4.19796,-0,-0,-0,-0,-0,-0
15.6152,0.146261,0.0380218,-0.0322953,-1.83736,-1.32445,0.90793,11.1187,12.4149,-1.0241,7.76664,-0.26496,-5.77944,-0,-0,-0,-0,-0,-0
15.6203,0.150974,0.00455896,-0.0307782,-1.86016,-1.35502,0.91022,10.9217,12.5528,1.04918,7.88256,-0.59616,-5.0922,-0,-0,-0,-0,-0,-0
15.6253,0.165898,0.0040175,-0.0327735,-1.86416,-1.39557,0.902553,10.5316,11.3354,-0.54131,7.00488,0.10764,-5.4648,-0,-0,-0,-0,-0,-0
15.6302,0.173934,0.028119,-0.000619595,-1.86214,-1.44851,0.90284,10.5316,11.3354,-0.54131,7.00488,0.10764,-5.4648,-0,-0,-0,-0,-0,-0
15.6352,0.130491,0.0138095,-0.011646,-1.89324,-1.48815,0.890164,12.5647,12.6041,1.07635,8.32968,-0.414,-4.87692,-0,-0,-0,-0,-0,-0
15.6402,0.0537519,-0.00735427,-0.0436544,-1.95358,-1.50921,0.868976,12.5647,12.6041,1.07635,8.32968,-0.414,-4.87692,-0,-0,-0,-0,-0,-0
15.6452,0.00690185,-0.019439,-0.0531067,-2.01835,-1.52099,0.858593,11.7254,12.4583,0.26334,8.8596,-0.54648,-5.20812,-0,-0,-0,-0,-0,-0
15.6505,-0.035438,-0.0255602,-0.0243739,-2.07974,-1.52775,0.893454,12.6395,12.6553,-0.49742,8.5284,-0.24012,-7.01316,-0,-0,-0,-0,-0,-0
15.6553,-0.0787732,-0.0547006,-0.00359508,-2.11602,-1.53425,0.939173,12.1628,12.8838,0.11913,7.97364,0.15732,-6.0858,-0,-0,-0,-0,-0,-0
15.6603,-0.0862265,-0.0454879,0.00929879,-2.13115,-1.55221,0.944666,11.556,11.4142,0.03553,8.08128,0.81972,-5.64696,-0,-0,-0,-0,-0,-0
15.6652,-0.0555199,0.0304076,0.0270737,-2.12742,-1.58137,0.943175,10.5907,9.75544,-0.22781,7.7004,1.31652,-5.90364,-0,-0,-0,-0,-0,-0
15.6702,-0.00833268,0.0984437,0.0348908,-2.1012,-1.61175,0.925952,10.768,11.7373,0.59147,7.10424,1.46556,-5.10048,-0,-0,-0,-0,-0,-0
15.6752,0.0545399,0.156142,0.0240697,-2.06011,-1.63326,0.919631,9.60572,10.5592,0.94886,6.59088,1.34964,-6.43356,-0,-0,-0,-0,-0,-0
15.6802,0.0854764,0.201438,0.0206865,-2.01772,-1.6391,0.906662,11.6466,11.69,0.07942,6.35076,1.60632,-4.77756,-0,-0,-0,-0,-0,-0
15.6852,0.0768379,0.237153,0.0301461,-2.00463,-1.63506,0.894492,11.229,10.8626,0.37411,7.659,1.85472,-6.35904,-0,-0,-0,-0,-0,-0
15.6905,0.0887683,0.265551,0.0393128,-1.9686,-1.64461,0.912267,10.7286,11.6821,-0.03553,5.41512,3.24576,-6.27624,-0,-0,-0,-0,-0,-0
15.6952,0.0630403,0.301897,0.0510734,-1.91449,-1.66099,0.951416,12.3519,10.5001,0.36366,6.43356,2.96424,-7.3278,-0,-0,-0,-0,-0,-0
15.7005,-0.00784864,0.367548,0.0540726,-1.91598,-1.65757,0.937237,12.7144,10.3898,0.45562,7.3692,3.36996,-4.04892,-0,-0,-0,-0,-0,-0
15.7053,-0.0481174,0.390129,0.0689352,-1.94436,-1.63224,0.922009,11.032,11.4812,-0.80256,7.76664,3.1878,-6.90552,-0,-0,-0,-0,-0,-0
15.7102,-0.0459351,0.40132,0.0630559,-1.95562,-1.56178,0.933792,10.8271,10.4292,1.18712,6.34248,2.43432,-5.2164,-0,-0,-0,-0,-0,-0
15.7151,-0.0387241,0.410808,0.0424542,-1.95433,-1.47478,0.947906,10.6459,11.82,0.17556,7.12908,3.04704,-7.02144,-0,-0,-0,-0,-0,-0
15.7203,-0.0400537,0.38321,0.0389934,-1.98291,-1.37333,0.958163,11.0478,11.6506,0.22572,7.66728,2.42604,-5.0094,-0,-0,-0,-0,-0,-0
15.7254,-0.0455412,0.385743,0.0256648,-1.99583,-1.27475,0.926061,10.9926,11.0478,0.95304,6.7896,3.34512,-4.87692,-0,-0,-0,-0,-0,-0
15.7304,-0.0227481,0.389355,0.0193103,-1.98953,-1.19321,0.923751,10.0628,11.7294,0.07733,6.73992,3.36996,-6.15204,-0,-0,-0,-0,-0,-0
15.7353,0.0140089,0.402039,0.0316044,-1.99891,-1.07329,0.950411,10.3504,10.8744,0.27379,7.60932,1.63944,-6.30936,-0,-0,-0,-0,-0,-0
15.7403,0.0206813,0.394003,0.0163257,-2.03521,-0.924869,0.997604,11.1305,12.1391,1.0241,7.75836,2.1114,-7.38576,-0,-0,-0,-0,-0,-0
15.7453,0.0133409,0.410635,0.0317813,-2.06919,-0.800348,1.02925,11.0162,10.7404,-0.3971,7.35264,2.31012,-5.78772,-0,-0,-0,-0,-0,-0
15.7502,0.0163137,0.459156,0.0775593,-2.09565,-0.683252,1.03013,11.0162,10.7404,-0.3971,7.35264,2.31012,-5.78772,-0,-0,-0,-0,-0,-0
15.7552,0.00672462,0.469193,0.0826606,-2.11232,-0.590532,1.0209,11.686,12.281,1.23519,6.93864,3.16296,-5.175,-0,-0,-0,-0,-0,-0
15.7604,-0.0226733,0.455788,0.0795924,-2.12382,-0.503778,1.00271,11.6112,11.7688,0.05434,7.1622,2.37636,-5.15844,-0,-0,-0,-0,-0,-0
15.7653,-0.0449591,0.446834,0.084648,-2.10863,-0.411182,1.00801,11.2211,11.7924,0.75449,6.24312,2.74068,-6.38388,-0,-0,-0,-0,-0,-0
15.7703,-0.0609856,0.440794,0.0775703,-2.05791,-0.342388,1.01083,11.0241,11.7727,0.72732,5.44824,3.12984,-5.175,-0,-0,-0,-0,-0,-0
15.7753,-0.0721246,0.431844,0.0833903,-2.04396,-0.277921,0.985411,11.1463,11.6939,0.01463,7.41888,2.90628,-5.10048,-0,-0,-0,-0,-0,-0
15.7803,-0.0746339,0.470525,0.0976458,-2.07211,-0.200731,0.976087,10.9217,10.4883,0.86526,7.31124,2.25216,-5.9616,-0,-0,-0,-0,-0,-0
15.7856,-0.0661647,0.472248,0.0935858,-2.0678,-0.109885,0.99392,10.6813,12.8523,0.64581,5.98644,2.31012,-6.47496,-0,-0,-0,-0,-0,-0
15.7904,-0.0669471,0.450301,0.0902692,-2.04775,-0.050059,1.01233,10.8389,10.969,0.50578,6.51636,3.45276,-5.89536,-0,-0,-0,-0,-0,-0
15.7954,-0.0581099,0.487577,0.10137,-2.04266,-0.0180219,1.0175,10.8389,10.969,0.50578,6.51636,3.45276,-5.89536,-0,-0,-0,-0,-0,-0
15.8004,-0.0354873,0.524065,0.115776,-2.04472,0.041978,1.04152,10.4331,11.292,0.53922,6.9138,2.03688,-6.73992,-0,-0,-0,-0,-0,-0
15.8052,-0.0173906,0.519721,0.119282,-2.03362,0.13905,1.06534,10.3031,11.5836,0.25289,6.05268,1.80504,-5.7132,-0,-0,-0,-0,-0,-0
15.8103,-0.00531924,0.505753,0.115851,-2.02562,0.223234,1.07898,10.311,11.8988,1.00947,6.57432,2.3184,-6.40044,-0,-0,-0,-0,-0,-0
15.8153,-0.017474,0.488559,0.0879085,-2.03287,0.293935,1.09922,11.1344,11.56,1.29998,6.64884,2.14452,-6.39216,-0,-0,-0,-0,-0,-0
15.8203,-0.0384969,0.5002,0.0694219,-2.03666,0.362755,1.11363,11.1344,11.56,1.29998,6.64884,2.14452,-6.39216,-0,-0,-0,-0,-0,-0
15.8254,-0.0628703,0.513762,0.0706637,-2.03416,0.419234,1.11734,11.3748,11.8436,0.68761,6.55776,2.43432,-6.0444,-0,-0,-0,-0,-0,-0
15.8306,-0.0769479,0.480535,0.0664091,-2.02494,0.453042,1.09749,10.4449,12.8523,1.05754,6.03612,3.17124,-5.19156,-0,-0,-0,-0,-0,-0
15.8354,-0.090457,0.420472,0.0413239,-2.00326,0.471204,1.07395,11.5009,12.7104,1.37313,5.88708,3.23748,-5.85396,-0,-0,-0,-0,-0,-0
15.8403,-0.0930743,0.404218,0.0225134,-1.97783,0.465935,1.10319,10.0903,11.2763,1.07217,5.6304,4.06548,-7.33608,-0,-0,-0,-0,-0,-0
15.8453,-0.0588198,0.430341,0.0197239,-1.9383,0.443267,1.15723,10.0903,11.2763,1.07217,5.6304,4.06548,-7.33608,-0,-0,-0,-0,-0,-0
15.8505,-0.024986,0.449971,0.0241959,-1.88973,0.429966,1.18466,10.0352,11.6506,0.8569,5.39856,3.65976,-6.417,-0,-0,-0,-0,-0,-0
15.8553,0.00545549,0.452336,0.059639,-1.84263,0.433142,1.17134,10.0312,11.3945,-0.84436,5.39028,3.4776,-5.40684,-0,-0,-0,-0,-0,-0
15.8604,0.0340275,0.484124,0.122222,-1.81255,0.472412,1.13054,10.0785,10.9453,-0.00209,5.57244,1.85472,-4.8024,-0,-0,-0,-0,-0,-0
15.8655,0.0221424,0.544753,0.141112,-1.79932,0.512864,1.09464,11.7294,9.76332,0.80883,6.46668,3.41136,-5.4234,-0,-0,-0,-0,-0,-0
15.8704,-0.0222602,0.630485,0.143963,-1.81256,0.519141,1.07554,11.7294,9.76332,0.80883,6.46668,3.41136,-5.4234,-0,-0,-0,-0,-0,-0
15.8752,-0.0448256,0.68926,0.12604,-1.80711,0.503846,1.09093,10.5828,10.7168,1.672,5.49792,4.33044,-6.90552,-0,-0,-0,-0,-0,-0
15.8804,-0.047568,0.722501,0.0925635,-1.7859,0.467872,1.13301,10.5828,10.7168,1.672,5.49792,4.33044,-6.90552,-0,-0,-0,-0,-0,-0
15.8853,-0.0675025,0.740365,0.0818031,-1.7431,0.437929,1.15684,10.8547,11.2093,0.65417,4.52088,3.98268,-6.2928,-0,-0,-0,-0,-0,-0
15.8903,-0.085907,0.747993,0.0958217,-1.68925,0.419974,1.16068,10.8547,11.2093,0.65417,4.52088,3.98268,-6.2928,-0,-0,-0,-0,-0,-0
15.8953,-0.0997031,0.78999,0.0994244,-1.68077,0.436318,1.19665,10.6735,9.5939,1.05545,6.2928,2.50884,-7.89084,-0,-0,-0,-0,-0,-0
15.9002,-0.100616,0.837875,0.0788424,-1.68532,0.438324,1.21668,10.3977,11.2329,2.06492,5.26608,4.43808,-5.89536,-0,-0,-0,-0,-0,-0
15.9052,-0.0650743,0.849366,0.0751396,-1.67,0.424297,1.18641,8.91228,10.4883,-0.14421,5.26608,3.36168,-5.24124,-0,-0,-0,-0,-0,-0
15.9102,-0.0179764,0.877345,0.0972087,-1.655,0.41263,1.12929,9.53874,11.2763,1.5257,5.41512,4.02408,-4.23936,-0,-0,-0,-0,-0,-0
15.9153,0.00986618,0.877406,0.0776069,-1.64155,0.387963,1.05972,9.53874,11.2763,1.5257,5.41512,4.02408,-4.23936,-0,-0,-0,-0,-0,-0
15.9203,0.0370851,0.895816,0.0793589,-1.65925,0.370463,1.06354,9.2196,10.1652,0.42845,6.92208,3.726,-7.25328,-0,-0,-0,-0,-0,-0
15.9252,0.0488967,0.922748,0.100685,-1.67139,0.358302,1.09526,9.85,10.9965,0.80465,5.33232,3.63492,-5.57244,-0,-0,-0,-0,-0,-0
15.9302,0.0388118,0.92177,0.108523,-1.64765,0.349384,1.08742,9.85,10.9965,0.80465,5.33232,3.63492,-5.57244,-0,-0,-0,-0,-0,-0
15.9355,0.034987,0.915358,0.107217,-1.62214,0.363713,1.06355,9.09352,10.9493,1.00947,5.15844,2.55852,-4.85208,-0,-0,-0,-0,-0,-0
15.9402,0.0909333,0.946165,0.110485,-1.60723,0.382557,1.0271,7.79332,10.0352,1.04291,6.06924,3.34512,-4.58712,-0,-0,-0,-0,-0,-0
15.9453,0.13828,0.993357,0.131558,-1.59849,0.380814,1.01321,9.06988,10.441,0.51623,5.4648,3.2292,-5.4234,-0,-0,-0,-0,-0,-0
15.9505,0.123842,1.04857,0.141501,-1.54901,0.366586,1.0938,10.4922,9.13686,1.24564,4.08204,4.07376,-8.7354,-0,-0,-0,-0,-0,-0
15.9552,0.0271636,1.12065,0.146498,-1.43928,0.334722,1.18634,12.9153,9.78696,0.91542,2.29356,4.02408,-6.59088,-0,-0,-0,-0,-0,-0
15.9604,-0.0593092,1.14688,0.147555,-1.34218,0.355216,1.2221,10.8823,10.835,1.22892,3.61008,2.26044,-6.81444,-0,-0,-0,-0,-0,-0
15.9653,-0.0743316,1.17259,0.148826,-1.24385,0.381627,1.22084,10.3977,10.0312,1.07217,1.91268,3.84192,-5.29092,-0,-0,-0,-0,-0,-0
15.9703,-0.0893921,1.22557,0.154098,-1.09112,0.388319,1.19473,11.1541,9.35356,0.95931,0.7866,3.29544,-5.85396,-0,-0,-0,-0,-0,-0
15.9755,-0.0934204,1.25817,0.138959,-0.916621,0.384341,1.21281,10.1061,10.8705,1.9855,0.414,4.27248,-7.15392,-0,-0,-0,-0,-0,-0
15.9802,-0.125821,1.22587,0.116233,-0.74231,0.35696,1.2463,12.1155,12.0406,1.20593,0.48024,4.33872,-6.81444,-0,-0,-0,-0,-0,-0
15.9853,-0.186395,1.18383,0.117586,-0.581818,0.35864,1.24965,11.5678,11.5166,1.10352,0.4968,3.08016,-6.13548,-0,-0,-0,-0,-0,-0
15.9902,-0.218452,1.18911,0.119491,-0.429514,0.362045,1.25478,11.1935,10.6065,1.56123,0.5382,4.0158,-6.80616,-0,-0,-0,-0,-0,-0
15.9952,-0.20483,1.21022,0.124555,-0.288028,0.370549,1.24116,9.74756,10.9099,1.07217,-0.19872,2.96424,-4.761,-0,-0,-0,-0,-0,-0
16.0006,-0.190301,1.2015,0.107914,-0.254994,0.410572,1.21179,10.8823,11.2763,2.16315,0.27324,2.79036,-5.92848,-0,-0,-0,-0,-0,-0
16.0053,-0.173996,1.2133,0.0964803,-0.304119,0.441537,1.20858,9.72786,10.3504,1.10561,-0.6624,3.07188,-6.05268,-0,-0,-0,-0,-0,-0
16.0102,-0.137573,1.24889,0.112722,-0.36095,0.448973,1.19324,9.95244,10.311,1.04709,-0.51336,3.75912,-5.24952,-0,-0,-0,-0,-0,-0
16.0153,-0.0925197,1.26826,0.11899,-0.435778,0.477507,1.18683,9.15656,11.0399,1.54242,0.15732,2.24388,-6.80616,-0,-0,-0,-0,-0,-0
16.0203,-0.071354,1.25665,0.115333,-0.498555,0.529443,1.19241,10.3031,11.5206,1.49017,-1.10124,2.46744,-6.06096,-0,-0,-0,-0,-0,-0
16.0254,-0.0571654,1.23868,0.105717,-0.548248,0.551095,1.18704,9.62542,11.296,1.79531,-0.29808,3.51072,-6.30936,-0,-0,-0,-0,-0,-0
16.0305,-0.0512367,1.23397,0.098944,-0.612346,0.540404,1.18295,10.3386,10.7838,1.3167,-0.414,3.85848,-5.93676,-0,-0,-0,-0,-0,-0
16.0354,-0.0558771,1.25858,0.112903,-0.680136,0.544324,1.15357,10.1731,10.7798,1.40866,0.09108,2.7324,-5.15844,-0,-0,-0,-0,-0,-0
16.0403,-0.0483576,1.28881,0.115594,-0.702019,0.583783,1.1159,9.7515,10.2558,1.66155,-2.21076,2.26872,-5.43996,-0,-0,-0,-0,-0,-0
16.0454,-0.0195316,1.30385,0.115208,-0.691614,0.602665,1.08331,9.22354,11.0162,1.30834,-1.97064,3.75084,-5.35716,-0,-0,-0,-0,-0,-0
16.0502,-0.010185,1.31326,0.115946,-0.705391,0.596596,1.07545,10.1297,10.4252,1.66782,-1.2006,3.312,-6.32592,-0,-0,-0,-0,-0,-0
16.0553,0.00618932,1.30947,0.110008,-0.740999,0.617413,1.05775,9.19596,11.6151,1.64483,-0.77004,2.63304,-4.9266,-0,-0,-0,-0,-0,-0
16.0606,0.0491342,1.28808,0.114518,-0.779789,0.648391,1.00996,9.19596,11.6151,1.64483,-0.77004,2.63304,-4.9266,-0,-0,-0,-0,-0,-0
16.0653,0.091209,1.2773,0.149319,-0.816413,0.675789,0.99082,9.04624,11.3984,0.44517,-0.35604,2.61648,-6.11064,-0,-0,-0,-0,-0,-0
16.0704,0.119057,1.24276,0.193938,-0.826347,0.688492,0.977097,9.55844,12.4268,0.99902,-1.49868,3.29544,-5.04252,-0,-0,-0,-0,-0,-0
16.0754,0.118666,1.1913,0.209121,-0.826585,0.683664,0.966326,9.91304,11.8909,1.43374,-0.56304,3.33684,-6.28452,-0,-0,-0,-0,-0,-0
16.0803,0.0867181,1.19578,0.21411,-0.804976,0.663481,0.972077,10.969,9.99578,1.39612,-2.68272,4.04892,-5.94504,-0,-0,-0,-0,-0,-0
16.0854,0.0381763,1.23529,0.210611,-0.796421,0.667249,0.990957,10.8035,10.3149,1.78904,-0.64584,2.50056,-7.02144,-0,-0,-0,-0,-0,-0
16.0903,-0.00138683,1.24706,0.205203,-0.816322,0.674802,1.00529,10.3543,11.3551,1.60303,-1.83816,3.6846,-6.01956,-0,-0,-0,-0,-0,-0
16.0953,-0.0270155,1.2258,0.19976,-0.824134,0.67986,1.00189,9.9485,11.4733,1.672,-1.51524,2.63304,-5.95332,-0,-0,-0,-0,-0,-0
16.1004,-0.0467531,1.19556,0.205328,-0.865282,0.721331,1.01139,10.3583,11.7688,1.09098,-0.54648,2.11968,-6.48324,-0,-0,-0,-0,-0,-0
16.1053,-0.059915,1.19266,0.206802,-0.890424,0.739836,1.01492,9.72786,10.378,1.9437,-1.83816,3.4776,-5.87052,-0,-0,-0,-0,-0,-0
16.1104,-0.059159,1.22281,0.1965,-0.910372,0.713929,0.987023,9.98396,10.7838,1.93116,-0.7866,4.09032,-4.94316,-0,-0,-0,-0,-0,-0
16.1153,-0.0308104,1.22722,0.182653,-0.938659,0.700674,0.983302,8.59708,11.1029,1.89145,-1.25856,3.12984,-6.61572,-0,-0,-0,-0,-0,-0
16.1203,-0.0171054,1.21706,0.177891,-0.945306,0.708153,1.00129,10.3977,11.4772,1.64901,-1.9044,3.312,-6.01128,-0,-0,-0,-0,-0,-0
16.1253,-0.0180171,1.17232,0.181663,-0.956419,0.691054,1.02213,9.2393,12.5253,1.49435,-0.8694,4.29732,-7.09596,-0,-0,-0,-0,-0,-0
16.1304,-0.0237521,1.11626,0.199585,-0.983339,0.660508,1.05307,10.307,12.1628,1.13905,-1.52352,3.74256,-6.61572,-0,-0,-0,-0,-0,-0
16.1353,-0.0531137,1.10172,0.20679,-0.979126,0.657852,1.05557,10.3819,10.8311,1.98759,-2.03688,3.15468,-5.80428,-0,-0,-0,-0,-0,-0
16.1404,-0.0575925,1.14184,0.201899,-0.978527,0.639729,1.02941,9.35356,10.0943,1.90608,-1.47384,4.3056,-5.12532,-0,-0,-0,-0,-0,-0
16.1452,-0.105073,1.19222,0.224124,-0.943676,0.601783,1.06266,12.3952,10.374,0.81928,-3.312,4.12344,-8.30484,-0,-0,-0,-0,-0,-0
16.1503,-0.176302,1.23779,0.24928,-0.893826,0.590661,1.0954,10.9887,10.2322,1.68872,-2.58336,3.32028,-5.40684,-0,-0,-0,-0,-0,-0
16.1552,-0.167671,1.2625,0.244504,-0.871824,0.586533,1.06699,9.2393,11.229,2.11299,-2.0286,3.94956,-5.77116,-0,-0,-0,-0,-0,-0
16.1603,-0.110652,1.27596,0.22958,-0.845172,0.554563,1.02484,8.92016,10.7326,2.19032,-2.898,4.65336,-4.54572,-0,-0,-0,-0,-0,-0
16.1652,-0.0716446,1.28661,0.241119,-0.822851,0.534929,0.989235,9.83818,11.2802,1.02828,-1.9872,3.45276,-6.07752,-0,-0,-0,-0,-0,-0
16.1704,-0.0558413,1.28124,0.276192,-0.826505,0.543469,0.992553,9.83818,11.2802,1.02828,-1.9872,3.45276,-6.07752,-0,-0,-0,-0,-0,-0
16.1752,-0.0644172,1.28942,0.296078,-0.810488,0.540863,0.949081,10.4331,10.6774,1.63229,-2.88972,3.99924,-3.8502,-0,-0,-0,-0,-0,-0
16.1803,-0.0814612,1.29512,0.284522,-0.773763,0.542203,0.906494,9.67664,10.8192,2.10463,-3.63492,3.26232,-5.8374,-0,-0,-0,-0,-0,-0
16.1853,-0.0773684,1.30463,0.266344,-0.739012,0.555618,0.88543,9.36932,10.5789,2.10881,-2.86488,3.44448,-4.86036,-0,-0,-0,-0,-0,-0
16.1902,-0.0636655,1.31993,0.25132,-0.712705,0.563987,0.847608,9.36932,10.5789,2.10881,-2.86488,3.44448,-4.86036,-0,-0,-0,-0,-0,-0
16.1952,-0.0513464,1.3233,0.256193,-0.704502,0.581013,0.862133,9.23536,11.2172,1.34596,-1.9458,3.13812,-7.06284,-0,-0,-0,-0,-0,-0
16.2003,-0.0386882,1.30568,0.274959,-0.717934,0.60431,0.919646,9.23536,11.2172,1.34596,-1.9458,3.13812,-7.06284,-0,-0,-0,-0,-0,-0
16.2053,-0.00639992,1.28357,0.283148,-0.74855,0.622756,0.963077,7.96668,11.4418,1.78904,-1.26684,3.45276,-6.68196,-0,-0,-0,-0,-0,-0
16.2101,0.0567881,1.25745,0.282414,-0.784474,0.632941,0.997296,7.96668,11.4418,1.78904,-1.26684,3.45276,-6.68196,-0,-0,-0,-0,-0,-0
16.2152,0.086389,1.23083,0.292059,-0.790954,0.661962,0.993071,9.11716,11.6466,1.4212,-2.55852,2.72412,-4.97628,-0,-0,-0,-0,-0,-0
16.2202,0.0964829,1.20466,0.312765,-0.774752,0.697582,0.957305,9.11716,11.6466,1.4212,-2.55852,2.72412,-4.97628,-0,-0,-0,-0,-0,-0
16.2251,0.0939971,1.18038,0.316603,-0.776489,0.715132,0.937396,9.64118,11.8279,2.28437,-1.97892,3.34512,-5.48964,-0,-0,-0,-0,-0,-0
16.2303,0.0812079,1.17833,0.316863,-0.80247,0.739121,0.927693,9.57026,10.9374,1.79531,-1.21716,2.31012,-5.382,-0,-0,-0,-0,-0,-0
16.2352,0.0836628,1.20992,0.316143,-0.800286,0.762402,0.926898,9.11716,10.5316,2.44948,-3.17952,3.37824,-5.98644,-0,-0,-0,-0,-0,-0
16.2402,0.0750384,1.25538,0.305433,-0.789292,0.751322,0.920844,10.0785,10.2913,2.26138,-1.87128,3.7674,-5.27436,-0,-0,-0,-0,-0,-0
16.2452,0.0559659,1.30527,0.297344,-0.795632,0.742488,0.905171,9.2787,10.3031,2.46411,-2.00376,3.16296,-5.49792,-0,-0,-0,-0,-0,-0
16.2502,0.0701068,1.35795,0.290402,-0.783761,0.744335,0.913424,8.66012,10.0825,2.26765,-2.88972,3.30372,-6.27624,-0,-0,-0,-0,-0,-0
16.2551,0.0930108,1.41707,0.294121,-0.771805,0.730283,0.940226,8.75074,9.9288,2.03775,-2.40948,3.89988,-6.51636,-0,-0,-0,-0,-0,-0
16.2602,0.0922967,1.47813,0.301371,-0.749917,0.733064,0.964573,9.6727,9.72392,2.01058,-3.79224,2.71584,-6.44184,-0,-0,-0,-0,-0,-0
16.2652,0.0922844,1.5374,0.308992,-0.744422,0.751094,0.994151,8.53404,9.83818,2.03775,-1.84644,3.22092,-7.14564,-0,-0,-0,-0,-0,-0
16.2705,0.090821,1.58555,0.309283,-0.75595,0.724893,1.01179,9.64512,10.0076,2.32408,-2.83176,4.72788,-5.6718,-0,-0,-0,-0,-0,-0
16.2752,0.0705668,1.62234,0.299525,-0.740327,0.695267,1.00647,9.1605,10.0706,2.38051,-2.95596,3.3534,-5.92848,-0,-0,-0,-0,-0,-0
16.2802,0.0698327,1.66015,0.294922,-0.718672,0.674571,1.01186,8.98714,9.91304,2.16106,-3.36996,4.39668,-6.11892,-0,-0,-0,-0,-0,-0
16.2855,0.0582309,1.69516,0.290762,-0.691837,0.632095,0.981363,9.94062,10.0549,2.37424,-3.33684,4.53744,-4.27248,-0,-0,-0,-0,-0,-0
16.2904,0.0355389,1.71795,0.280517,-0.694449,0.609996,0.966735,9.21566,10.0825,2.32199,-1.97892,3.80052,-6.51636,-0,-0,-0,-0,-0,-0
16.2954,0.0288774,1.73583,0.271022,-0.684975,0.576986,0.988463,9.26688,10.0825,2.40559,-3.46932,5.0922,-6.13548,-0,-0,-0,-0,-0,-0
16.3003,0.0157251,1.76085,0.270339,-0.661917,0.523907,1.01708,9.75544,9.74756,2.13807,-2.88144,4.8024,-6.88896,-0,-0,-0,-0,-0,-0
16.3054,0.00630248,1.79161,0.278186,-0.643717,0.489477,1.05464,9.0423,9.44812,2.10672,-3.27888,4.3056,-6.79788,-0,-0,-0,-0,-0,-0
16.3104,-2.8899e-05,1.8244,0.283362,-0.632987,0.471918,1.07053,9.65694,9.03836,2.30318,-2.71584,4.15656,-6.01956,-0,-0,-0,-0,-0,-0
16.3155,-0.0381202,1.86155,0.287822,-0.62997,0.483118,1.06725,10.441,8.40008,2.22794,-2.91456,3.16296,-5.9202,-0,-0,-0,-0,-0,-0
16.3204,-0.0658347,1.9091,0.291419,-0.61856,0.48004,1.04133,9.11716,7.5254,2.37633,-3.00564,4.68648,-4.8438,-0,-0,-0,-0,-0,-0
16.3252,-0.0610271,1.98967,0.298617,-0.617784,0.46997,1.01508,8.97532,5.85878,2.15479,-3.105,3.36168,-5.77944,-0,-0,-0,-0,-0,-0
16.3302,-0.0503915,2.10839,0.312769,-0.597424,0.466858,0.998377,9.04624,4.67678,2.19659,-3.58524,4.36356,-5.18328,-0,-0,-0,-0,-0,-0
16.3354,-0.0271697,2.25512,0.323485,-0.589496,0.456517,0.970326,8.471,3.22686,2.30527,-3.04704,3.89988,-5.2164,-0,-0,-0,-0,-0,-0
16.3402,-0.000669887,2.44358,0.326567,-0.609258,0.459253,0.980104,8.75862,1.37506,2.46202,-2.41776,3.8088,-6.52464,-0,-0,-0,-0,-0,-0
16.3455,0.00182773,2.67378,0.32032,-0.616978,0.469686,1.01177,9.3969,0.06698,2.77552,-3.85848,3.69288,-6.39216,-0,-0,-0,-0,-0,-0
16.3503,-0.0103919,2.91726,0.297116,-0.60766,0.4662,1.03588,9.17626,-0.7486,3.26876,-2.61648,4.2642,-6.18516,-0,-0,-0,-0,-0,-0
16.3552,-0.0292887,3.15299,0.255565,-0.620448,0.458995,1.05652,9.78696,-1.4775,3.73901,-2.87316,3.92472,-6.56604,-0,-0,-0,-0,-0,-0
16.3606,-0.049712,3.34606,0.188866,-0.594083,0.46016,1.03764,9.18808,-1.90302,4.45379,-4.75272,4.14828,-4.2642,-0,-0,-0,-0,-0,-0
16.3652,-0.0505604,3.46904,0.0999756,-0.556152,0.468278,0.994059,8.86106,-1.9503,5.0369,-3.40308,3.5604,-5.35716,-0,-0,-0,-0,-0,-0
16.3702,-0.0336679,3.51032,0.000282216,-0.558377,0.477558,0.990826,8.53404,-1.9109,5.50924,-3.24576,4.28904,-6.19344,-0,-0,-0,-0,-0,-0
16.3755,-0.0252821,3.50525,-0.100874,-0.550957,0.455138,0.990856,8.84924,-2.63586,6.16759,-3.726,4.77756,-5.5062,-0,-0,-0,-0,-0,-0
16.3802,-0.0239802,3.48729,-0.182066,-0.54462,0.456965,1.00385,8.73104,-2.75012,6.05473,-3.17952,3.13812,-6.69852,-0,-0,-0,-0,-0,-0
16.3852,-0.01266,3.45671,-0.227286,-0.548,0.494484,1.04207,8.73104,-2.75012,6.05473,-3.17952,3.13812,-6.69852,-0,-0,-0,-0,-0,-0
16.3904,-0.0067685,3.41158,-0.252767,-0.556181,0.544324,1.06708,9.06594,-2.1276,6.53961,-2.9808,2.72412,-6.20172,-0,-0,-0,-0,-0,-0
16.3952,-0.0221599,3.34451,-0.277645,-0.567898,0.593745,1.07588,9.06594,-2.1276,6.53961,-2.9808,2.72412,-6.20172,-0,-0,-0,-0,-0,-0
16.4002,-0.0321974,3.27368,-0.30003,-0.565693,0.593365,1.05392,8.4513,-1.89514,6.80922,-3.71772,4.8852,-4.93488,-0,-0,-0,-0,-0,-0
16.4053,-0.0156947,3.18956,-0.339012,-0.608802,0.595858,1.02956,7.5648,-1.34748,7.53027,-1.0764,2.59164,-5.40684,-0,-0,-0,-0,-0,-0
16.4103,0.0220234,3.09844,-0.389601,-0.684685,0.645939,1.01366,7.5648,-1.34748,7.53027,-1.0764,2.59164,-5.40684,-0,-0,-0,-0,-0,-0
16.4156,0.074883,3.01066,-0.435908,-0.723199,0.68382,1.0029,6.80438,-1.16624,7.60342,-2.21076,3.16296,-5.68836,-0,-0,-0,-0,-0,-0
16.4203,0.128869,2.92139,-0.482325,-0.739502,0.699302,0.997618,6.80438,-1.16624,7.60342,-2.21076,3.16296,-5.68836,-0,-0,-0,-0,-0,-0
16.4252,0.176712,2.82238,-0.513988,-0.758334,0.718493,0.984511,6.51282,-0.3743,7.19378,-2.43432,3.0636,-5.35716,-0,-0,-0,-0,-0,-0
16.4304,0.229129,2.71519,-0.532138,-0.754304,0.730495,0.970077,6.51282,-0.3743,7.19378,-2.43432,3.0636,-5.35716,-0,-0,-0,-0,-0,-0
16.4353,0.282957,2.61842,-0.546072,-0.743127,0.741207,0.958863,6.51282,-0.3743,7.19378,-2.43432,3.0636,-5.35716,-0,-0,-0,-0,-0,-0
16.4402,0.247308,2.58564,-0.587793,-0.621132,0.713355,0.97436,10.5553,-2.78558,8.68813,-7.4934,4.99284,-6.4998,-0,-0,-0,-0,-0,-0
16.4452,0.121576,2.60066,-0.663069,-0.399826,0.648236,1.02218,10.5553,-2.78558,8.68813,-7.4934,4.99284,-6.4998,-0,-0,-0,-0,-0,-0
16.4501,0.00140403,2.60152,-0.706574,-0.284932,0.598157,1.0643,10.5631,-2.10002,7.51564,-3.53556,4.89348,-6.1686,-0,-0,-0,-0,-0,-0
16.4553,-0.097506,2.5829,-0.724222,-0.28992,0.557596,1.08963,10.5631,-2.10002,7.51564,-3.53556,4.89348,-6.1686,-0,-0,-0,-0,-0,-0
16.4602,-0.124387,2.53936,-0.737962,-0.315663,0.531441,1.06122,7.90758,-0.7683,7.524,-3.40308,4.71132,-4.04892,-0,-0,-0,-0,-0,-0
16.4652,-0.0855593,2.46308,-0.755028,-0.352078,0.507991,0.988037,7.90758,-0.7683,7.524,-3.40308,4.71132,-4.04892,-0,-0,-0,-0,-0,-0
16.4702,-0.0582038,2.38725,-0.777741,-0.381131,0.497031,0.973535,8.58132,-0.58312,7.88348,-3.9744,4.37184,-6.56604,-0,-0,-0,-0,-0,-0
16.4752,-0.0280649,2.32566,-0.806783,-0.390851,0.518266,1.00962,7.8997,-1.18988,7.95036,-3.92472,3.58524,-6.3756,-0,-0,-0,-0,-0,-0
16.4802,0.00451053,2.27348,-0.839783,-0.3973,0.547426,1.03509,7.8997,-1.18988,7.95036,-3.92472,3.58524,-6.3756,-0,-0,-0,-0,-0,-0
16.4853,0.000764885,2.22926,-0.852679,-0.409401,0.56868,1.03935,9.24324,-1.43416,7.15407,-3.6018,3.83364,-5.60556,-0,-0,-0,-0,-0,-0
16.4904,-0.020738,2.21796,-0.845739,-0.435404,0.585104,1.04127,8.92804,-1.67056,7.73927,-3.04704,3.73428,-5.93676,-0,-0,-0,-0,-0,-0
16.4954,-0.0396359,2.20398,-0.858004,-0.470911,0.596374,1.05775,8.92804,-1.67056,7.73927,-3.04704,3.73428,-5.93676,-0,-0,-0,-0,-0,-0
16.5002,-0.065794,2.18461,-0.87605,-0.488027,0.567672,1.06269,9.2393,-1.38294,8.05695,-3.8088,5.60556,-5.30748,-0,-0,-0,-0,-0,-0
16.5052,-0.070377,2.14352,-0.883056,-0.486295,0.566132,1.07848,8.04942,-1.0441,7.02031,-4.04064,2.74896,-6.76476,-0,-0,-0,-0,-0,-0
16.5103,-0.0660625,2.10531,-0.856381,-0.492399,0.583478,1.08769,9.1605,-0.81558,6.9806,-3.16296,4.79412,-5.04252,-0,-0,-0,-0,-0,-0
16.5152,-0.0576498,2.0839,-0.850912,-0.490006,0.559855,1.06087,8.05336,-1.46174,8.10502,-3.9744,4.82724,-5.15016,-0,-0,-0,-0,-0,-0
16.5202,-0.0288722,2.0748,-0.872239,-0.473904,0.53048,1.04235,8.05336,-1.46174,8.10502,-3.9744,4.82724,-5.15016,-0,-0,-0,-0,-0,-0
16.5252,-0.0127034,2.08102,-0.868576,-0.451987,0.489558,1.04267,8.53798,-1.9897,7.1687,-4.50432,5.53104,-5.86224,-0,-0,-0,-0,-0,-0
16.5301,0.0026945,2.06676,-0.867836,-0.460551,0.442591,1.0328,7.8406,-1.32778,7.70792,-3.09672,5.49792,-4.72788,-0,-0,-0,-0,-0,-0
16.5352,0.00885026,2.04886,-0.849153,-0.493338,0.390645,0.9991,8.7665,-1.59964,6.59604,-3.5604,5.6718,-4.81068,-0,-0,-0,-0,-0,-0
16.5402,-0.0116231,2.0528,-0.835909,-0.497209,0.34545,1.00533,8.89258,-2.45856,7.72255,-4.38012,5.28264,-6.46668,-0,-0,-0,-0,-0,-0
16.5453,-0.0297674,2.08183,-0.841242,-0.522622,0.315952,1.01291,8.71922,-2.46644,7.64522,-2.70756,5.11704,-5.0508,-0,-0,-0,-0,-0,-0
16.5502,-0.0514488,2.10476,-0.846424,-0.579396,0.287177,0.995043,8.71922,-2.46644,7.64522,-2.70756,5.11704,-5.0508,-0,-0,-0,-0,-0,-0
16.5552,-0.0659983,2.12727,-0.846675,-0.602698,0.274427,0.984247,8.37644,-2.3443,7.63059,-4.15656,4.62024,-5.19984,-0,-0,-0,-0,-0,-0
16.5602,-0.0879072,2.11892,-0.853732,-0.611955,0.265619,0.958323,8.98714,-1.3987,7.83332,-3.70116,5.49792,-4.23108,-0,-0,-0,-0,-0,-0
16.5652,-0.12276,2.07742,-0.873784,-0.622128,0.235352,0.907235,8.98714,-1.3987,7.83332,-3.70116,5.49792,-4.23108,-0,-0,-0,-0,-0,-0
16.5702,-0.134813,2.0258,-0.884626,-0.625025,0.228844,0.885506,8.14004,-0.7683,7.56998,-3.90816,4.68648,-5.6304,-0,-0,-0,-0,-0,-0
16.5751,-0.128878,1.96723,-0.888252,-0.616978,0.233269,0.893512,8.14004,-0.7683,7.56998,-3.90816,4.68648,-5.6304,-0,-0,-0,-0,-0,-0
16.5802,-0.123535,1.94084,-0.881506,-0.633919,0.249497,0.917027,8.28188,-1.58782,7.4822,-2.84004,4.29732,-6.42528,-0,-0,-0,-0,-0,-0
16.5853,-0.127761,1.92103,-0.882566,-0.677203,0.269505,0.95399,8.28188,-1.58782,7.4822,-2.84004,4.29732,-6.42528,-0,-0,-0,-0,-0,-0
16.5902,-0.112171,1.90996,-0.890258,-0.683233,0.279176,0.956872,7.39932,-1.85968,7.88139,-4.61196,4.89348,-5.03424,-0,-0,-0,-0,-0,-0
16.5952,-0.115164,1.89647,-0.894674,-0.680166,0.275257,0.938968,8.8453,-1.32384,7.47593,-3.67632,4.7196,-5.20812,-0,-0,-0,-0,-0,-0
16.6002,-0.129604,1.86771,-0.884233,-0.67878,0.278223,0.933371,7.91546,-1.03622,7.2941,-4.73616,4.6782,-5.48136,-0,-0,-0,-0,-0,-0
16.6051,-0.108723,1.83736,-0.889842,-0.651459,0.286534,0.921408,7.37962,-0.94166,8.33701,-4.60368,4.45464,-4.79412,-0,-0,-0,-0,-0,-0
16.6102,-0.103521,1.81765,-0.907157,-0.631499,0.282103,0.934776,8.45918,-1.54054,7.7957,-4.42152,5.31576,-6.59916,-0,-0,-0,-0,-0,-0
16.6152,-0.138014,1.80804,-0.918068,-0.638409,0.248595,0.950905,9.07382,-1.41446,8.09666,-4.14,6.01128,-5.10876,-0,-0,-0,-0,-0,-0
16.6202,-0.184017,1.79234,-0.937461,-0.639474,0.196126,0.94045,9.07382,-1.41446,8.09666,-4.14,6.01128,-5.10876,-0,-0,-0,-0,-0,-0
16.6252,-0.17653,1.80263,-0.934419,-0.638949,0.197331,0.926351,7.01714,-2.21034,7.4613,-4.0986,3.8916,-4.761,-0,-0,-0,-0,-0,-0
16.6303,-0.137325,1.82134,-0.92739,-0.631488,0.20813,0.917665,7.43084,-1.8912,7.83959,-4.28076,5.63868,-5.34888,-0,-0,-0,-0,-0,-0
16.6353,-0.148962,1.82335,-0.906532,-0.605949,0.208386,0.924753,9.03048,-1.45386,6.90327,-5.2992,4.35528,-5.53932,-0,-0,-0,-0,-0,-0
16.6403,-0.144481,1.82637,-0.888248,-0.588428,0.210284,0.934903,7.02108,-1.77694,8.09666,-4.5126,5.76288,-5.5476,-0,-0,-0,-0,-0,-0
16.6452,-0.103855,1.83073,-0.901969,-0.589677,0.176756,0.943307,7.02108,-1.77694,8.09666,-4.5126,5.76288,-5.5476,-0,-0,-0,-0,-0,-0
16.6501,-0.105588,1.83723,-0.891022,-0.58828,0.17773,0.934626,8.9044,-1.5169,7.30664,-4.76928,4.44636,-4.86036,-0,-0,-0,-0,-0,-0
16.6554,-0.181626,1.84612,-0.901434,-0.557324,0.211172,0.926918,10.2716,-2.02122,9.06642,-5.99472,4.48776,-5.63868,-0,-0,-0,-0,-0,-0
16.6602,-0.273254,1.8618,-0.956197,-0.505633,0.243935,0.932741,10.2716,-2.02122,9.06642,-5.99472,4.48776,-5.63868,-0,-0,-0,-0,-0,-0
16.6652,-0.286775,1.87383,-0.975852,-0.520791,0.276078,0.888389,7.53328,-1.1229,8.19489,-3.58524,5.01768,-3.519,-0,-0,-0,-0,-0,-0
16.6702,-0.251442,1.84373,-0.991337,-0.588125,0.287174,0.79979,7.53328,-1.1229,8.19489,-3.58524,5.01768,-3.519,-0,-0,-0,-0,-0,-0
16.6752,-0.217837,1.82773,-0.973852,-0.647487,0.269481,0.777837,7.56086,-1.6351,6.8761,-4.0158,6.45012,-6.39216,-0,-0,-0,-0,-0,-0
16.6806,-0.176664,1.83448,-0.921785,-0.662746,0.253694,0.77429,7.30476,-1.68238,6.94298,-5.10876,4.9266,-4.52088,-0,-0,-0,-0,-0,-0
16.6851,-0.149201,1.83258,-0.889113,-0.664428,0.288792,0.762607,8.1361,-1.11502,7.75181,-4.43808,4.33044,-5.84568,-0,-0,-0,-0,-0,-0
16.6901,-0.15352,1.8399,-0.867877,-0.704099,0.342444,0.763858,8.6483,-1.44992,7.86049,-3.78396,4.10688,-5.04252,-0,-0,-0,-0,-0,-0
16.6953,-0.181681,1.83193,-0.864594,-0.746195,0.390601,0.753152,8.6483,-1.44992,7.86049,-3.78396,4.10688,-5.04252,-0,-0,-0,-0,-0,-0
16.7002,-0.213724,1.81973,-0.863429,-0.777929,0.43409,0.745823,8.6483,-1.44992,7.86049,-3.78396,4.10688,-5.04252,-0,-0,-0,-0,-0,-0
16.7052,-0.212269,1.83786,-0.839298,-0.802787,0.460244,0.710334,7.4072,-1.98576,7.55744,-4.14828,5.22468,-3.71772,-0,-0,-0,-0,-0,-0
16.7102,-0.194599,1.85695,-0.821454,-0.818555,0.451572,0.656498,7.4072,-1.98576,7.55744,-4.14828,5.22468,-3.71772,-0,-0,-0,-0,-0,-0
16.7153,-0.173744,1.90978,-0.795443,-0.84123,0.457403,0.651741,7.33628,-2.96682,7.55744,-4.00752,4.72788,-5.64696,-0,-0,-0,-0,-0,-0
16.7202,-0.172948,1.94505,-0.784722,-0.874551,0.43252,0.682846,8.08094,-1.66268,7.95454,-3.5604,6.68196,-5.52276,-0,-0,-0,-0,-0,-0
16.7252,-0.192857,1.93316,-0.794545,-0.913538,0.365367,0.711331,8.08094,-1.66268,7.95454,-3.5604,6.68196,-5.52276,-0,-0,-0,-0,-0,-0
16.7305,-0.210985,1.93995,-0.799247,-0.888158,0.308595,0.71078,8.274,-1.95818,8.27431,-6.624,6.78132,-4.2642,-0,-0,-0,-0,-0,-0
16.7352,-0.246062,1.93276,-0.829017,-0.792907,0.24319,0.684287,8.274,-1.95818,8.27431,-6.624,6.78132,-4.2642,-0,-0,-0,-0,-0,-0
16.7402,-0.250913,1.95124,-0.83106,-0.722812,0.185189,0.669188,7.08806,-2.49796,7.55744,-5.9616,6.80616,-4.69476,-0,-0,-0,-0,-0,-0
16.7452,-0.228066,1.97311,-0.823199,-0.66333,0.126532,0.658515,7.08806,-2.49796,7.55744,-5.9616,6.80616,-4.69476,-0,-0,-0,-0,-0,-0
16.7502,-0.204051,1.9939,-0.807308,-0.613921,0.0962427,0.651511,7.3284,-1.8715,7.68702,-5.5476,5.82084,-5.0508,-0,-0,-0,-0,-0,-0
16.7552,-0.175301,2.05836,-0.764113,-0.561326,0.0542529,0.659318,7.05654,-3.55782,7.12481,-6.05268,7.52652,-5.43168,-0,-0,-0,-0,-0,-0
16.7602,-0.149373,2.13618,-0.725009,-0.503381,-0.0233982,0.680304,7.05654,-3.55782,7.12481,-6.05268,7.52652,-5.43168,-0,-0,-0,-0,-0,-0
16.7653,-0.134076,2.227,-0.694707,-0.50186,-0.0575428,0.680981,7.7421,-3.33718,8.30984,-4.04892,6.18516,-4.47948,-0,-0,-0,-0,-0,-0
16.7704,-0.144186,2.28352,-0.712185,-0.545675,-0.0648209,0.66555,7.7421,-3.33718,8.30984,-4.04892,6.18516,-4.47948,-0,-0,-0,-0,-0,-0
16.7753,-0.161159,2.32454,-0.709517,-0.571583,-0.0644296,0.651585,8.09276,-2.46644,7.62432,-4.83552,5.9202,-4.4712,-0,-0,-0,-0,-0,-0
16.7803,-0.147283,2.36081,-0.69873,-0.576269,-0.0600157,0.674652,6.43796,-3.10078,7.98589,-5.5476,6.003,-6.01956,-0,-0,-0,-0,-0,-0
16.7853,-0.130865,2.38785,-0.732934,-0.599059,-0.0510699,0.733,7.72634,-2.4625,9.38828,-3.89988,5.60556,-6.42528,-0,-0,-0,-0,-0,-0
16.7902,-0.114809,2.41554,-0.779955,-0.624606,-0.0547783,0.744294,6.29612,-2.8171,8.89922,-5.57244,6.72336,-3.99096,-0,-0,-0,-0,-0,-0
16.7952,-0.0744024,2.43865,-0.820716,-0.605249,-0.0851499,0.710304,6.29612,-2.8171,8.89922,-5.57244,6.72336,-3.99096,-0,-0,-0,-0,-0,-0
16.8002,-0.0793426,2.48465,-0.807068,-0.58278,-0.0779226,0.73027,8.27794,-3.2111,7.14362,-5.7546,5.20812,-6.18516,-0,-0,-0,-0,-0,-0
16.8054,-0.106939,2.52101,-0.755332,-0.604605,-0.0661957,0.781932,7.59238,-2.3246,7.22095,-4.04064,6.52464,-5.9616,-0,-0,-0,-0,-0,-0
16.8102,-0.130933,2.5141,-0.72419,-0.654675,-0.0955687,0.824158,7.59238,-2.3246,7.22095,-4.04064,6.52464,-5.9616,-0,-0,-0,-0,-0,-0
16.8152,-0.132478,2.52829,-0.688666,-0.697429,-0.102318,0.846341,6.80832,-2.84862,7.34635,-4.3056,5.55588,-5.23296,-0,-0,-0,-0,-0,-0
16.8202,-0.106969,2.5818,-0.657062,-0.713681,-0.0966197,0.865934,6.60344,-3.29384,7.89602,-5.07564,6.31764,-5.72148,-0,-0,-0,-0,-0,-0
16.8254,-0.0812394,2.62766,-0.651545,-0.695808,-0.107004,0.890348,6.60344,-3.29384,7.89602,-5.07564,6.31764,-5.72148,-0,-0,-0,-0,-0,-0
16.8304,-0.0380939,2.666,-0.627124,-0.65402,-0.117014,0.896144,5.95728,-2.29308,7.61178,-5.9616,6.56604,-5.11704,-0,-0,-0,-0,-0,-0
16.8356,-0.00480584,2.69252,-0.593574,-0.650454,-0.110031,0.891474,6.78862,-2.9353,7.42577,-3.80052,5.82084,-5.05908,-0,-0,-0,-0,-0,-0
16.8403,-0.00135241,2.69988,-0.581848,-0.691997,-0.0897251,0.889351,6.78862,-2.9353,7.42577,-3.80052,5.82084,-5.05908,-0,-0,-0,-0,-0,-0
16.8452,-0.00268827,2.6963,-0.581687,-0.708457,-0.0839637,0.894848,7.11958,-1.99364,8.29521,-4.968,6.57432,-5.36544,-0,-0,-0,-0,-0,-0
16.8502,-0.0294272,2.66681,-0.597464,-0.718711,-0.0940797,0.88076,7.7224,-1.83604,8.18026,-4.53744,6.53292,-4.25592,-0,-0,-0,-0,-0,-0
16.8553,-0.0498977,2.64056,-0.600433,-0.761575,-0.0797726,0.852471,7.01714,-2.0685,7.71001,-3.66804,5.56416,-4.56228,-0,-0,-0,-0,-0,-0
16.8602,-0.0663714,2.60232,-0.59233,-0.794491,-0.0268926,0.830557,7.34022,-1.15048,7.86676,-4.9266,4.83552,-4.39668,-0,-0,-0,-0,-0,-0
16.8652,-0.0752397,2.57883,-0.588074,-0.80533,-0.000745625,0.816319,6.6783,-1.99758,8.35373,-4.6368,6.6654,-4.76928,-0,-0,-0,-0,-0,-0
16.8703,-0.101942,2.57835,-0.595823,-0.781226,0.0104654,0.796266,7.86818,-2.31278,8.20952,-6.36732,5.35716,-4.13172,-0,-0,-0,-0,-0,-0
16.8752,-0.128419,2.59324,-0.578583,-0.760828,0.0287239,0.777187,7.08806,-1.82816,7.86885,-5.35716,6.54948,-4.50432,-0,-0,-0,-0,-0,-0
16.8805,-0.141124,2.56404,-0.581013,-0.766158,0.0176896,0.768134,7.08806,-1.82816,7.86885,-5.35716,6.54948,-4.50432,-0,-0,-0,-0,-0,-0
16.8853,-0.152974,2.53389,-0.586085,-0.768475,0.0056273,0.757501,7.08806,-1.82816,7.86885,-5.35716,6.54948,-4.50432,-0,-0,-0,-0,-0,-0
16.8905,-0.1786,2.50661,-0.566208,-0.795832,-0.00433018,0.754253,7.99032,-0.85104,7.524,-4.43808,6.57432,-4.8852,-0,-0,-0,-0,-0,-0
16.8953,-0.231555,2.42728,-0.560336,-0.840493,-0.0156175,0.761375,7.99032,-0.85104,7.524,-4.43808,6.57432,-4.8852,-0,-0,-0,-0,-0,-0
16.9003,-0.246058,2.36635,-0.549844,-0.922296,-0.0488448,0.771896,6.44584,-1.03622,7.76644,-2.8152,7.64244,-5.0508,-0,-0,-0,-0,-0,-0
16.9052,-0.188887,2.33887,-0.531667,-0.983158,-0.09108,0.750553,5.01956,-0.29156,8.56691,-4.81068,7.26156,-3.34512,-0,-0,-0,-0,-0,-0
16.9103,-0.120892,2.26132,-0.561925,-0.970049,-0.128917,0.699675,5.01956,-0.29156,8.56691,-4.81068,7.26156,-3.34512,-0,-0,-0,-0,-0,-0
16.9153,-0.0602704,2.19128,-0.58986,-0.944144,-0.168569,0.653417,5.01956,-0.29156,8.56691,-4.81068,7.26156,-3.34512,-0,-0,-0,-0,-0,-0
16.9202,0.00749773,2.16287,-0.594514,-0.929448,-0.171984,0.6081,4.5704,-1.40264,7.98798,-4.14,5.65524,-3.30372,-0,-0,-0,-0,-0,-0
16.9253,0.0580578,2.16634,-0.572067,-0.917015,-0.123779,0.63892,5.24808,-1.6942,7.38815,-4.2228,4.8438,-6.7068,-0,-0,-0,-0,-0,-0
16.9302,0.0393001,2.18277,-0.551491,-0.906283,-0.0888541,0.658052,6.82408,-2.02122,7.99843,-3.58524,5.9202,-3.07188,-0,-0,-0,-0,-0,-0
16.9352,0.00308346,2.20363,-0.528773,-0.8762,-0.0542224,0.663273,5.8312,-2.0291,7.17706,-4.65336,4.90176,-6.01956,-0,-0,-0,-0,-0,-0
16.9402,0.00537714,2.22648,-0.466934,-0.874448,-0.00634038,0.700139,4.9841,-2.0882,6.21566,-2.50884,5.12532,-4.52088,-0,-0,-0,-0,-0,-0
16.9456,-0.0124977,2.22659,-0.432408,-0.866883,0.0359728,0.709647,6.07154,-1.39476,8.08203,-4.56228,4.87692,-4.95972,-0,-0,-0,-0,-0,-0
16.9503,-0.0133176,2.22672,-0.421175,-0.749674,0.0681862,0.706926,4.44432,-2.07638,7.03703,-7.75836,5.43996,-3.9744,-0,-0,-0,-0,-0,-0
16.9553,-0.138045,2.275,-0.501546,-0.505522,0.0417644,0.724723,11.1738,-4.16852,11.7437,-10.2092,7.27812,-5.60556,-0,-0,-0,-0,-0,-0
16.9603,-0.326591,2.36349,-0.599281,-0.317502,-0.018423,0.740742,8.43554,-3.2111,8.66305,-6.44184,7.55964,-4.28904,-0,-0,-0,-0,-0,-0
16.9654,-0.3913,2.44455,-0.628159,-0.252222,-0.070087,0.7632,7.00532,-3.85726,9.01208,-6.48324,7.5762,-5.85396,-0,-0,-0,-0,-0,-0
16.9705,-0.407609,2.5292,-0.612397,-0.222731,-0.0949295,0.783659,6.84378,-3.09684,7.23349,-6.77304,6.71508,-4.33044,-0,-0,-0,-0,-0,-0
16.9753,-0.401912,2.60368,-0.571861,-0.234014,-0.155329,0.761558,6.33158,-3.86908,7.71419,-5.5476,9.67932,-4.0572,-0,-0,-0,-0,-0,-0
16.9804,-0.398407,2.67563,-0.546562,-0.315325,-0.206175,0.759389,6.9935,-3.47902,7.73091,-4.43808,6.7482,-5.22468,-0,-0,-0,-0,-0,-0
16.9854,-0.385355,2.72019,-0.528034,-0.417754,-0.230115,0.744127,5.72088,-2.76982,8.03605,-4.56228,8.3628,-3.4362,-0,-0,-0,-0,-0,-0
16.9903,-0.375424,2.77739,-0.527509,-0.467388,-0.264262,0.702705,6.93834,-4.25126,8.34328,-6.61572,7.46028,-3.85848,-0,-0,-0,-0,-0,-0
16.9954,-0.356815,2.83737,-0.550758,-0.489848,-0.287108,0.689044,5.49236,-2.88014,9.27333,-6.18516,8.02332,-4.46292,-0,-0,-0,-0,-0,-0
17.0004,-0.34198,2.86419,-0.583626,-0.553821,-0.348458,0.666824,6.78468,-3.27808,8.56064,-4.65336,8.97552,-3.3948,0,0,0,0,0,0
17.0053,-0.342258,2.86834,-0.583561,-0.654525,-0.37986,0.640077,6.30006,-2.06456,7.65985,-4.06548,7.06284,-4.31388,0,0,0,0,0,0
17.0104,-0.33305,2.87104,-0.552561,-0.708796,-0.338904,0.647418,6.11094,-2.65162,7.59088,-5.80428,5.76288,-4.76928,0,0,0,0,0,0
17.0153,-0.370661,2.89066,-0.537961,-0.740584,-0.312594,0.651404,7.89576,-3.22292,8.18862,-5.24952,7.55964,-4.14828,0,0,0,0,0,0
17.0203,-0.419975,2.93945,-0.516355,-0.792989,-0.312233,0.643774,6.91076,-3.35294,7.64313,-4.77756,7.1208,-4.23936,0,0,0,0,0,0
17.0253,-0.440787,2.97818,-0.508827,-0.8458,-0.296964,0.650925,6.65466,-3.26626,8.53138,-4.6368,6.9138,-4.71132,0,0,0,0,0,0
17.0303,-0.433099,3.0088,-0.518706,-0.871973,-0.284928,0.645084,5.48054,-3.30172,8.24923,-5.49792,7.22016,-3.57696,0,0,0,0,0,0
17.0353,-0.444635,3.01293,-0.512303,-0.868457,-0.313716,0.631497,7.33234,-2.1276,7.8375,-5.98644,8.70228,-4.3056,0,0,0,0,0,0
17.0403,-0.444218,2.99737,-0.497616,-0.868599,-0.31801,0.665217,5.11018,-2.21034,7.98798,-5.72148,6.23484,-5.65524,0,0,0,0,0,0
17.0454,-0.441845,2.99112,-0.471397,-0.863839,-0.328389,0.667583,7.1511,-2.71466,7.15616,-6.14376,8.9424,-3.00564,0,0,0,0,0,0
17.0502,-0.502684,3.00303,-0.429647,-0.867541,-0.341361,0.629868,7.71452,-2.93924,7.25021,-5.2578,6.5412,-3.87504,0,0,0,0,0,0
17.0553,-0.54383,3.00921,-0.40467,-0.903102,-0.347312,0.66091,6.58768,-2.05274,8.07576,-4.60368,8.54496,-5.96988,0,0,0,0,0,0
17.0605,-0.568928,2.97889,-0.421152,-0.937336,-0.391726,0.67504,6.61526,-2.11184,8.61289,-4.87692,8.1972,-3.22092,0,0,0,0,0,0
17.0656,-0.571723,2.98365,-0.465905,-0.941895,-0.457821,0.627534,6.05578,-3.65238,9.16883,-6.05268,9.58824,-3.21264,0,0,0,0,0,0
17.0704,-0.570715,2.97162,-0.485266,-0.912548,-0.517089,0.636068,5.83908,-1.379,7.67866,-6.73992,7.97364,-5.55588,0,0,0,0,0,0
17.0752,-0.572536,2.91272,-0.47664,-0.899112,-0.543217,0.643074,6.09912,-1.95818,7.5449,-6.13548,8.073,-3.16296,0,0,0,0,0,0
17.0803,-0.597489,2.87674,-0.472023,-0.910023,-0.572368,0.607005,6.96198,-1.86362,8.23251,-5.64696,8.51184,-3.61008,0,0,0,0,0,0
17.0853,-0.652585,2.8513,-0.478054,-0.928087,-0.592891,0.62787,7.19444,-2.26156,8.2764,-5.78772,7.75836,-5.47308,0,0,0,0,0,0
17.0903,-0.70693,2.83849,-0.472887,-0.993545,-0.614051,0.654093,7.0723,-2.17488,7.86676,-3.519,8.85132,-3.8916,0,0,0,0,0,0
17.0955,-0.725073,2.82589,-0.468476,-1.05647,-0.660409,0.654964,5.78786,-2.05274,8.34746,-5.30748,8.82648,-4.39668,0,0,0,0,0,0
17.1003,-0.728537,2.82863,-0.455185,-1.07726,-0.70755,0.661269,6.18186,-2.43886,7.64313,-5.10876,8.90928,-4.28076,0,0,0,0,0,0
17.1053,-0.717262,2.84191,-0.427569,-1.09116,-0.713476,0.669438,4.98016,-2.84074,7.47802,-5.47308,7.33608,-4.4298,0,0,0,0,0,0
17.1102,-0.6886,2.85721,-0.403034,-1.07122,-0.710324,0.651761,5.8115,-2.48614,7.81033,-6.59088,8.43732,-3.04704,0,0,0,0,0,0
17.1152,-0.683217,2.84677,-0.406929,-1.03661,-0.71299,0.645147,5.40962,-2.76588,8.00679,-6.32592,7.60104,-4.83552,0,0,0,0,0,0
17.1204,-0.661428,2.83905,-0.418263,-1.01434,-0.686582,0.6801,5.40962,-2.76588,8.00679,-6.32592,7.60104,-4.83552,0,0,0,0,0,0
17.1253,-0.63547,2.8954,-0.391654,-1.04199,-0.676662,0.685124,5.38204,-3.80604,7.46757,-4.17312,7.98192,-3.63492,0,0,0,0,0,0
17.1302,-0.61844,2.94614,-0.367202,-1.10879,-0.659286,0.669179,5.38204,-3.80604,7.46757,-4.17312,7.98192,-3.63492,0,0,0,0,0,0
17.1352,-0.617069,3.01938,-0.324387,-1.11259,-0.644898,0.681984,5.8312,-3.24262,7.77689,-6.73992,7.73352,-4.90176,0,0,0,0,0,0
17.1402,-0.624953,3.04861,-0.309558,-1.07257,-0.611381,0.719989,5.8312,-3.24262,7.77689,-6.73992,7.73352,-4.90176,0,0,0,0,0,0
17.1453,-0.668891,3.12824,-0.280171,-1.03555,-0.625768,0.744285,7.17868,-4.6886,7.65567,-7.038,9.55512,-4.5126,0,0,0,0,0,0
17.1504,-0.769064,3.21269,-0.269436,-0.989457,-0.656209,0.74064,8.6089,-4.66496,7.78734,-7.30296,8.22204,-3.81708,0,0,0,0,0,0
17.1554,-0.822667,3.24667,-0.280057,-0.951334,-0.673962,0.70664,5.55146,-3.02986,8.37463,-7.38576,9.32328,-3.34512,0,0,0,0,0,0
17.1604,-0.82147,3.24627,-0.2778,-0.950897,-0.711581,0.680488,6.39068,-2.88802,7.47384,-5.72148,8.86788,-4.0572,0,0,0,0,0,0
17.1654,-0.823135,3.24682,-0.258185,-1.00203,-0.739998,0.656938,5.54752,-3.68784,7.36098,-5.56416,9.25704,-3.32028,0,0,0,0,0,0
17.1702,-0.817736,3.24846,-0.238661,-1.08339,-0.734198,0.614244,5.82332,-2.8762,7.46548,-4.07376,7.41888,-3.11328,0,0,0,0,0,0
17.1753,-0.801349,3.24023,-0.244327,-1.13561,-0.693308,0.58436,4.93682,-3.31354,8.44569,-5.98644,7.5762,-3.61836,0,0,0,0,0,0
17.1803,-0.786277,3.20551,-0.260831,-1.14917,-0.674995,0.577978,5.6933,-1.95424,7.64731,-5.41512,8.25516,-4.00752,0,0,0,0,0,0
17.1853,-0.763841,3.14771,-0.265077,-1.19238,-0.674258,0.565945,4.37734,-1.6745,8.28267,-3.89988,8.16408,-3.48588,0,0,0,0,0,0
17.1902,-0.730122,3.11591,-0.264895,-1.22559,-0.662345,0.538418,4.8856,-3.04956,7.44458,-5.8374,7.93224,-3.20436,0,0,0,0,0,0
17.1953,-0.707727,3.12617,-0.232469,-1.21251,-0.681096,0.526955,5.07866,-3.29384,6.88864,-6.35076,9.37296,-4.1814,0,0,0,0,0,0
17.2002,-0.71944,3.10556,-0.201842,-1.2386,-0.69926,0.53273,5.89424,-2.0488,7.15825,-4.49604,7.88256,-3.86676,0,0,0,0,0,0
17.2053,-0.740078,3.07256,-0.217622,-1.24975,-0.699185,0.507457,5.44114,-3.12048,8.54392,-6.93036,8.39592,-2.5668,0,0,0,0,0,0
17.2103,-0.759485,3.01662,-0.26354,-1.21649,-0.72517,0.4822,5.46478,-1.79664,8.01097,-6.69852,9.0252,-3.75084,0,0,0,0,0,0
17.2153,-0.777958,2.9651,-0.294493,-1.20155,-0.748556,0.497338,5.319,-2.6792,8.36627,-5.78772,8.47044,-4.17312,0,0,0,0,0,0
17.2203,-0.781537,2.95524,-0.292705,-1.19489,-0.790172,0.532051,4.925,-2.4034,7.50101,-6.21828,10.0105,-4.62024,0,0,0,0,0,0
17.2254,-0.782812,2.92125,-0.287257,-1.1916,-0.832409,0.561885,5.20474,-2.11972,7.83959,-5.47308,9.03348,-3.84192,0,0,0,0,0,0
17.2302,-0.803366,2.91532,-0.27648,-1.22024,-0.869976,0.536238,5.83908,-3.12442,7.45712,-4.79412,9.4392,-2.47572,0,0,0,0,0,0
17.2352,-0.816267,2.93969,-0.265435,-1.24124,-0.906086,0.522863,4.8856,-3.25444,7.95872,-5.58072,9.49716,-4.347,0,0,0,0,0,0
17.2406,-0.814751,2.95089,-0.272285,-1.22457,-0.943749,0.551856,5.21262,-2.97864,7.99216,-6.26796,9.57168,-4.2228,0,0,0,0,0,0
17.2453,-0.817891,2.94846,-0.273926,-1.19307,-0.957586,0.542826,4.77922,-2.60434,7.85631,-6.39216,8.5284,-2.63304,0,0,0,0,0,0
17.2506,-0.817731,2.97501,-0.250511,-1.16345,-0.978421,0.504526,4.93288,-4.31036,6.8761,-6.21828,10.0022,-2.898,0,0,0,0,0,0
17.2553,-0.832112,3.02396,-0.218241,-1.11567,-1.00044,0.477328,5.48448,-3.51842,7.49474,-7.4934,8.92584,-3.12984,0,0,0,0,0,0
17.2601,-0.853326,3.05652,-0.210774,-1.08066,-1.01005,0.463089,5.06684,-3.95576,7.6076,-6.27624,9.28188,-3.519,0,0,0,0,0,0
17.2653,-0.860342,3.05536,-0.225566,-1.08629,-1.05139,0.470229,4.91712,-2.53342,8.20116,-6.11064,10.3583,-3.92472,0,0,0,0,0,0
17.2702,-0.860951,3.0097,-0.259939,-1.1065,-1.10142,0.487038,4.91712,-2.53342,8.20116,-6.11064,10.3583,-3.92472,0,0,0,0,0,0
17.2753,-0.897613,3.01285,-0.275278,-1.14223,-1.14644,0.464037,6.12276,-3.35688,8.12801,-5.53932,9.32328,-2.20248,0,0,0,0,0,0
17.2806,-0.951969,3.0031,-0.304477,-1.1785,-1.1433,0.408681,6.12276,-3.35688,8.12801,-5.53932,9.32328,-2.20248,0,0,0,0,0,0
17.2854,-0.983494,2.9954,-0.332604,-1.19715,-1.17049,0.394224,4.9447,-2.65162,8.57318,-5.77116,9.96912,-3.99924,0,0,0,0,0,0
17.2902,-0.998156,2.95256,-0.349888,-1.20022,-1.17883,0.438104,5.35052,-2.25762,7.46966,-6.59916,8.93412,-4.70304,0,0,0,0,0,0
17.2953,-0.994615,2.95228,-0.341022,-1.18509,-1.16304,0.464017,4.28278,-3.9597,7.66821,-6.53292,8.83476,-3.32856,0,0,0,0,0,0
17.3002,-0.979246,2.96797,-0.323261,-1.20904,-1.18472,0.438187,4.85014,-3.40416,6.79041,-5.43168,10.5073,-2.5254,0,0,0,0,0,0
17.3055,-0.971075,2.9734,-0.291422,-1.24863,-1.20303,0.41207,4.6098,-2.99834,7.32545,-5.41512,8.97552,-3.21264,0,0,0,0,0,0
17.3104,-0.99204,2.96083,-0.280808,-1.25577,-1.21991,0.407982,6.00456,-3.06138,7.2941,-6.44184,10.1182,-3.75084,0,0,0,0,0,0
17.3157,-1.00264,2.94389,-0.284797,-1.2123,-1.24537,0.424111,4.48766,-3.37658,7.56789,-7.10424,9.6462,-3.89988,0,0,0,0,0,0
17.3204,-0.996408,2.94659,-0.281994,-1.19539,-1.25066,0.434254,4.9644,-3.4081,7.39651,-5.82084,9.53028,-3.59352,0,0,0,0,0,0
17.3254,-0.996026,2.93653,-0.270633,-1.19289,-1.2301,0.434349,4.46402,-2.79346,7.28365,-6.49152,8.59464,-3.20436,0,0,0,0,0,0
17.3303,-0.993301,2.90389,-0.254661,-1.21156,-1.21673,0.418716,4.60192,-2.0488,7.32963,-4.83552,9.4392,-2.97252,0,0,0,0,0,0
17.3355,-0.994778,2.87562,-0.263909,-1.2678,-1.23509,0.403939,4.27096,-3.69572,7.90647,-5.06736,10.2506,-3.26232,0,0,0,0,0,0
17.3403,-1.02365,2.84666,-0.278074,-1.28279,-1.25602,0.406079,5.93364,-2.37582,7.22304,-6.92208,9.01692,-3.66804,0,0,0,0,0,0
17.3453,-1.05613,2.80395,-0.266367,-1.24531,-1.2363,0.424594,4.48372,-3.23868,6.59186,-7.13736,8.80992,-3.85848,0,0,0,0,0,0
17.3504,-1.08828,2.7912,-0.242022,-1.24531,-1.23374,0.439723,5.5751,-3.08502,7.06629,-5.9202,9.54684,-3.56868,0,0,0,0,0,0
17.3554,-1.12048,2.81042,-0.231132,-1.24569,-1.22528,0.425103,4.6689,-4.49948,7.1896,-6.624,8.84304,-2.6496,0,0,0,0,0,0
17.3603,-1.12224,2.8167,-0.244218,-1.21935,-1.24973,0.40105,4.46796,-2.99046,7.89184,-7.15392,10.7888,-2.99736,0,0,0,0,0,0
17.3655,-1.10371,2.76826,-0.282677,-1.22375,-1.3095,0.373473,3.66026,-2.6201,7.94409,-5.7546,10.3914,-2.6082,0,0,0,0,0,0
17.3706,-1.09245,2.73802,-0.321104,-1.25454,-1.34325,0.353528,4.77134,-3.77452,7.97126,-5.88708,9.91944,-3.26232,0,0,0,0,0,0
17.3754,-1.08196,2.75561,-0.290843,-1.27191,-1.36963,0.37285,3.8218,-3.81392,5.51551,-6.09408,10.5487,-4.16484,0,0,0,0,0,0
17.3804,-1.07517,2.75789,-0.247881,-1.29662,-1.38494,0.393388,4.531,-3.349,7.15616,-5.04252,9.38952,-3.36168,0,0,0,0,0,0
17.3854,-1.10348,2.75895,-0.262412,-1.29699,-1.43073,0.366884,5.14958,-4.05426,7.77898,-7.26984,11.8156,-2.09484,0,0,0,0,0,0
17.3906,-1.12318,2.75365,-0.270029,-1.26246,-1.48286,0.325852,4.21974,-3.24262,6.73816,-6.50808,10.1016,-2.57508,0,0,0,0,0,0
17.3955,-1.11648,2.71211,-0.2533,-1.30122,-1.50955,0.27351,3.61692,-2.24186,6.90118,-4.04892,10.5156,-1.64772,0,0,0,0,0,0
17.4003,-1.11347,2.64864,-0.227722,-1.34634,-1.49284,0.215207,4.62556,-1.72966,6.48527,-5.59728,8.46216,-1.97064,0,0,0,0,0,0
17.4052,-1.09861,2.61118,-0.192764,-1.38282,-1.46899,0.196111,2.78952,-3.71542,6.01084,-4.2228,10.1099,-3.12156,0,0,0,0,0,0
17.4102,-1.07862,2.573,-0.18435,-1.4021,-1.4927,0.216235,3.96364,-2.34824,7.04957,-4.75272,10.1016,-3.57696,0,0,0,0,0,0
17.4153,-1.0744,2.50828,-0.19499,-1.41211,-1.48459,0.224071,2.94318,-2.47826,6.76115,-4.0986,8.8182,-2.5668,0,0,0,0,0,0
17.4204,-1.04985,2.4498,-0.196385,-1.42335,-1.43577,0.208415,2.94318,-2.47826,6.76115,-4.0986,8.8182,-2.5668,0,0,0,0,0,0
17.4253,-1.03448,2.40333,-0.180507,-1.4016,-1.4267,0.1897,2.94318,-2.50978,6.11952,-5.26608,9.86976,-2.47572,0,0,0,0,0,0
17.4305,-1.0211,2.34851,-0.156922,-1.32337,-1.40122,0.182833,2.8959,-2.11972,6.26791,-6.69852,8.13096,-3.23748,0,0,0,0,0,0
17.4352,-0.98787,2.3091,-0.103319,-1.33905,-1.35289,0.15576,1.77694,-2.76588,4.87179,-2.8566,8.5284,-1.80504,0,0,0,0,0,0
17.4403,-1.01525,2.30401,-0.122274,-1.17531,-1.36499,0.0730669,5.23232,-4.42462,8.77591,-13.9766,10.6315,-0.54648,0,0,0,0,0,0
17.4452,-1.1764,2.39603,-0.208075,-0.863851,-1.43057,0.0100311,8.2346,-6.68618,8.32656,-11.3602,11.4016,-2.277,0,0,0,0,0,0
17.4503,-1.32357,2.45967,-0.263539,-0.748667,-1.52037,0.0164584,5.15746,-4.07002,7.34008,-6.85584,11.5754,-3.54384,0,0,0,0,0,0
17.4554,-1.36932,2.48073,-0.252659,-0.768854,-1.53955,0.0587457,4.56252,-3.98334,6.20103,-6.64056,8.88444,-3.7674,0,0,0,0,0,0
17.4603,-1.38597,2.4605,-0.225951,-0.814583,-1.52615,0.0821438,4.30248,-2.73436,6.42884,-6.20172,10.2755,-2.66616,0,0,0,0,0,0
17.4655,-1.39338,2.43813,-0.213259,-0.903468,-1.51911,0.0935203,4.32218,-3.66026,6.98687,-4.82724,9.38124,-3.11328,0,0,0,0,0,0
17.4702,-1.39495,2.45275,-0.186777,-0.992844,-1.51188,0.0845667,4.00698,-4.44826,5.69525,-5.57244,10.2506,-1.93752,0,0,0,0,0,0
17.4752,-1.38157,2.47948,-0.159032,-1.03445,-1.52123,0.0654151,3.79422,-4.28672,6.73398,-7.08768,10.0271,-2.53368,0,0,0,0,0,0
17.4804,-1.38349,2.46975,-0.177749,-1.03183,-1.52931,0.0479,4.63344,-3.66026,7.17079,-7.47684,10.2341,-2.03688,0,0,0,0,0,0
17.4853,-1.39997,2.47104,-0.187216,-1.06316,-1.54491,0.00587837,4.05426,-4.88954,6.29508,-5.73804,9.99396,-1.30824,0,0,0,0,0,0
17.4903,-1.40076,2.49732,-0.165953,-1.10175,-1.52574,-0.0454534,4.25126,-4.32612,6.19267,-6.79788,9.315,-1.54836,0,0,0,0,0,0
17.4953,-1.40809,2.50319,-0.167347,-1.12406,-1.51936,-0.0879953,4.23944,-3.62086,7.53445,-6.0444,10.6398,-1.56492,0,0,0,0,0,0
17.5004,-1.40441,2.53507,-0.171292,-1.17971,-1.55146,-0.113245,3.88484,-4.99592,6.6671,-5.29092,11.2856,-2.2356,0,0,0,0,0,0
17.5055,-1.36209,2.56006,-0.168053,-1.1963,-1.57252,-0.107402,2.85256,-3.85332,6.91372,-7.48512,10.0519,-2.84004,0,0,0,0,0,0
17.5104,-1.32907,2.5352,-0.162098,-1.17647,-1.58288,-0.0753491,3.73118,-3.26626,6.23029,-6.61572,10.7806,-3.37824,0,0,0,0,0,0
17.5152,-1.32189,2.51081,-0.131889,-1.17803,-1.55334,-0.0395287,3.60116,-3.90848,5.83319,-6.32592,8.32968,-2.99736,0,0,0,0,0,0
17.5202,-1.33291,2.50545,-0.111725,-1.14716,-1.5318,-0.0133223,4.54282,-3.99122,6.62112,-8.1144,11.1449,-2.98908,0,0,0,0,0,0
17.5253,-1.36316,2.49626,-0.12166,-1.12899,-1.55218,0.0121108,4.26702,-3.92818,6.98687,-6.48324,10.1016,-2.99736,0,0,0,0,0,0
17.5305,-1.42141,2.46156,-0.145837,-1.17379,-1.58562,0.0109575,5.70512,-3.29384,6.96806,-5.57244,11.6748,-1.79676,0,0,0,0,0,0
17.5352,-1.48693,2.42924,-0.129229,-1.19855,-1.60672,-0.0116099,4.81074,-4.08972,5.04108,-7.07112,9.55512,-2.12796,0,0,0,0,0,0
17.5402,-1.5206,2.42858,-0.059018,-1.19344,-1.55583,-0.0248068,4.81074,-4.08972,5.04108,-7.07112,9.55512,-2.12796,0,0,0,0,0,0
17.5452,-1.56348,2.43301,0.00237728,-1.19064,-1.53747,-0.0414198,4.91712,-4.20004,5.36085,-6.88068,10.2175,-1.96236,0,0,0,0,0,0
17.5502,-1.60127,2.41993,0.00184353,-1.22575,-1.5532,-0.0680935,4.92894,-4.0779,7.12272,-5.41512,10.8882,-1.63944,0,0,0,0,0,0
17.5552,-1.60941,2.3584,-0.0241831,-1.25213,-1.58896,-0.0975362,3.38052,-3.09684,5.83528,-7.08768,10.6398,-1.81332,0,0,0,0,0,0
17.5604,-1.60191,2.30481,-0.0354869,-1.24606,-1.63558,-0.121761,4.41674,-4.05426,6.53543,-6.72336,11.7079,-1.7802,0,0,0,0,0,0
17.5655,-1.61838,2.24098,-0.0616235,-1.27324,-1.66696,-0.158598,3.99516,-3.2899,6.05264,-5.72148,9.86976,-1.1592,0,0,0,0,0,0
17.5703,-1.62888,2.19092,-0.0737821,-1.27847,-1.66267,-0.213115,4.41674,-3.79816,6.47482,-7.60932,10.408,-0.96876,0,0,0,0,0,0
17.5753,-1.62515,2.18735,-0.100837,-1.24894,-1.69223,-0.269681,3.4475,-4.87378,6.98269,-7.22844,11.7742,-0.89424,0,0,0,0,0,0
17.5802,-1.61633,2.16927,-0.141647,-1.25235,-1.78044,-0.321265,3.92424,-3.54206,6.83012,-6.35076,12.5525,-1.04328,0,0,0,0,0,0
17.5852,-1.62669,2.14185,-0.162502,-1.23738,-1.84974,-0.367491,4.1173,-4.79498,5.96904,-7.56792,11.2774,-0.96876,0,0,0,0,0,0
17.5902,-1.64742,2.16,-0.155811,-1.22155,-1.85761,-0.420053,4.57828,-4.64526,6.23029,-6.51636,10.3334,-0.621,0,0,0,0,0,0
17.5952,-1.66467,2.18369,-0.145241,-1.2415,-1.84468,-0.47307,3.82968,-4.79892,6.02129,-6.22656,10.4576,-0.7866,0,0,0,0,0,0
17.6002,-1.68039,2.19032,-0.139276,-1.2688,-1.87165,-0.521401,4.44432,-4.24338,6.25955,-6.35904,12.1716,-0.71208,0,0,0,0,0,0
17.6052,-1.70053,2.18215,-0.136207,-1.28403,-1.91782,-0.574384,3.7627,-4.30642,5.99412,-6.36732,11.3684,-0.44712,0,0,0,0,0,0
17.6102,-1.70138,2.15864,-0.132386,-1.27962,-1.91317,-0.622361,3.75482,-3.56176,6.12161,-6.417,9.9774,-0.72036,0,0,0,0,0,0
17.6152,-1.70339,2.12694,-0.121206,-1.26562,-1.92617,-0.657664,3.5854,-3.81786,5.77885,-6.50808,12.0888,-0.9108,0,0,0,0,0,0
17.6202,-1.69417,2.12898,-0.111024,-1.22269,-1.93378,-0.700629,3.39628,-4.98804,6.1028,-7.47684,9.94428,-0.27324,0,0,0,0,0,0
17.6252,-1.66422,2.12772,-0.108476,-1.21219,-1.93374,-0.755889,2.37188,-4.15276,5.86245,-5.49792,11.3436,-0.24012,0,0,0,0,0,0
17.6302,-1.63961,2.10594,-0.107831,-1.23013,-1.95775,-0.825749,3.65238,-4.0976,6.2073,-5.95332,11.5423,0.54648,0,0,0,0,0,0
17.6353,-1.63774,2.06676,-0.0988715,-1.22117,-1.97851,-0.916024,3.06926,-4.30248,4.82999,-6.93036,10.615,0.96048,0,0,0,0,0,0
17.6402,-1.63052,2.00966,-0.0919159,-1.20449,-1.93286,-1.01648,3.4672,-3.56176,5.96277,-6.3342,8.5698,1.44072,0,0,0,0,0,0
17.6452,-1.71312,2.0134,-0.138193,-1.16508,-1.90321,-1.1228,6.99744,-6.501,7.59715,-8.47044,11.799,1.95408,0,0,0,0,0,0
17.6503,-1.82023,2.0202,-0.184507,-1.07503,-1.95553,-1.22153,5.32294,-4.334,5.76422,-9.0252,11.8487,2.38464,0,0,0,0,0,0
17.6552,-1.82879,1.96149,-0.183102,-1.05606,-2.02488,-1.28969,2.98652,-3.36476,5.71615,-6.42528,12.6436,2.39292,0,0,0,0,0,0
17.6602,-1.82297,1.9038,-0.168581,-1.11538,-2.03672,-1.31882,4.7083,-4.05032,5.39847,-5.97816,9.67932,2.74068,0,0,0,0,0,0
17.6654,-1.81674,1.88722,-0.113747,-1.17662,-1.99246,-1.32237,3.35688,-4.06214,4.65234,-6.03612,10.7143,3.28716,0,0,0,0,0,0
17.6702,-1.78869,1.89387,-0.0723464,-1.21972,-1.95682,-1.3028,3.29384,-5.1023,5.80393,-7.07112,9.8118,3.03876,0,0,0,0,0,0
17.6752,-1.74988,1.89367,-0.0704238,-1.2594,-1.97659,-1.26259,2.86044,-4.925,5.53432,-5.97816,12.5111,2.96424,0,0,0,0,0,0
17.6802,-1.69965,1.91556,-0.046094,-1.30887,-2.03046,-1.2162,2.86044,-4.925,5.53432,-5.97816,12.5111,2.96424,0,0,0,0,0,0
17.6853,-1.67496,1.92175,-0.039743,-1.35369,-2.05407,-1.17353,3.02198,-5.6342,5.28143,-5.56416,9.67104,3.1878,0,0,0,0,0,0
17.6902,-1.64356,1.95792,-0.0166269,-1.39716,-1.98547,-1.13589,3.02198,-5.6342,5.28143,-5.56416,9.67104,3.1878,0,0,0,0,0,0
17.6952,-1.62941,1.95354,0.00380436,-1.4364,-1.95856,-1.09295,3.06138,-4.67678,4.85298,-5.3406,11.029,2.95596,0,0,0,0,0,0
17.7002,-1.61797,1.88502,-0.000946806,-1.45821,-1.98969,-1.04585,3.52236,-3.96364,5.38384,-6.43356,10.6812,2.95596,0,0,0,0,0,0
17.7052,-1.62129,1.8371,0.00759363,-1.44229,-1.96571,-1.00075,3.52236,-3.96364,5.38384,-6.43356,10.6812,2.95596,0,0,0,0,0,0
17.7102,-1.63345,1.78071,-0.00453793,-1.41902,-1.97184,-0.951291,3.27414,-4.46402,5.65763,-6.38388,11.327,2.691,0,0,0,0,0,0
17.7152,-1.66727,1.72865,-0.05087,-1.40735,-2.04132,-0.907733,4.10548,-4.62556,6.49781,-5.72148,13.0327,3.17124,0,0,0,0,0,0
17.7202,-1.70494,1.69404,-0.106588,-1.42075,-2.11825,-0.874497,4.10548,-4.62556,6.49781,-5.72148,13.0327,3.17124,0,0,0,0,0,0
17.7254,-1.72792,1.63044,-0.14997,-1.4373,-2.17009,-0.819848,3.25838,-4.63344,5.07452,-5.76288,11.2856,2.22732,0,0,0,0,0,0
17.7305,-1.74282,1.60125,-0.131432,-1.41547,-2.18377,-0.749608,3.60904,-5.0826,4.55202,-7.25328,11.592,2.39292,0,0,0,0,0,0
17.7353,-1.76252,1.55971,-0.120173,-1.38738,-2.18525,-0.683879,3.52236,-4.22368,5.21037,-6.44184,10.4825,2.26872,0,0,0,0,0,0
17.7402,-1.78742,1.50966,-0.114498,-1.38606,-2.1817,-0.60991,4.01092,-3.28202,5.67017,-6.17688,12.2296,1.92924,0,0,0,0,0,0
17.7454,-1.78614,1.48782,-0.0856814,-1.36929,-2.23824,-0.552182,2.57676,-5.09836,4.40363,-6.831,12.6518,2.82348,0,0,0,0,0,0
17.7506,-1.77441,1.45963,-0.0489561,-1.3592,-2.27123,-0.546672,3.59722,-3.68784,4.78192,-6.417,11.3519,4.17312,0,0,0,0,0,0
17.7554,-1.76669,1.42574,-0.0194604,-1.36604,-2.25991,-0.567345,2.99046,-4.70042,4.71086,-6.21,10.8716,3.98268,0,0,0,0,0,0
17.7602,-1.76557,1.42409,-0.0249671,-1.36459,-2.26333,-0.596547,3.743,-5.65784,5.86872,-7.39404,12.0143,4.6368,0,0,0,0,0,0
17.7655,-1.77747,1.40164,-0.0544412,-1.35485,-2.30841,-0.630511,3.65238,-4.27884,5.50924,-6.67368,12.3786,4.28904,0,0,0,0,0,0
17.7702,-1.79396,1.39425,-0.0536461,-1.33703,-2.34838,-0.653002,4.08184,-5.89424,4.79028,-6.96348,12.1468,4.23108,0,0,0,0,0,0
17.7755,-1.79805,1.42521,-0.0404194,-1.32166,-2.3487,-0.641816,2.9747,-5.53176,5.26471,-7.15392,10.706,2.88144,0,0,0,0,0,0
17.7802,-1.79354,1.43647,-0.0490906,-1.31732,-2.3688,-0.62401,3.94788,-5.42144,5.50088,-6.38388,12.9499,3.87504,0,0,0,0,0,0
17.7854,-1.80594,1.46496,-0.0670642,-1.33785,-2.39665,-0.585009,3.48296,-6.31188,5.7057,-5.9616,11.178,2.04516,0,0,0,0,0,0
17.7903,-1.79679,1.4766,-0.0582241,-1.35094,-2.37302,-0.514246,2.9944,-5.42932,3.84769,-6.93036,10.5156,2.3184,0,0,0,0,0,0
17.7955,-1.79309,1.43994,-0.0592948,-1.33487,-2.32899,-0.462284,3.49084,-5.2993,5.42355,-7.07112,10.0519,2.76552,0,0,0,0,0,0
17.8003,-1.80878,1.43339,-0.075989,-1.33991,-2.30678,-0.427397,3.71148,-6.2252,4.84462,-6.0858,11.5009,3.0222,0,0,0,0,0,0
17.8051,-1.80727,1.43552,-0.074961,-1.33623,-2.31807,-0.409633,2.86044,-5.70118,4.65861,-7.26156,11.5754,3.32856,0,0,0,0,0,0
17.8106,-1.79688,1.38849,-0.0864002,-1.32852,-2.32515,-0.414173,3.01804,-4.75558,5.02227,-6.01956,11.178,4.00752,0,0,0,0,0,0
17.8154,-1.79624,1.32787,-0.101154,-1.35808,-2.33743,-0.451258,3.2899,-4.88954,4.85925,-5.06736,11.8735,4.82724,0,0,0,0,0,0
17.8202,-1.81166,1.2896,-0.0977789,-1.36955,-2.33613,-0.481356,3.67208,-5.37022,4.37019,-6.1686,10.8137,3.99924,0,0,0,0,0,0
17.8253,-1.82738,1.23895,-0.10014,-1.32784,-2.33204,-0.449417,3.32142,-4.6689,4.86761,-6.9138,11.4678,2.16108,0,0,0,0,0,0
17.8303,-1.85428,1.17861,-0.104098,-1.27822,-2.33168,-0.403255,3.90848,-4.79104,4.58964,-7.09596,11.3933,3.13812,0,0,0,0,0,0
17.8354,-1.86392,1.09407,-0.114899,-1.20841,-2.35357,-0.380508,3.17958,-3.5263,5.05153,-7.48512,11.9563,3.2706,0,0,0,0,0,0
17.8403,-1.88422,1.02492,-0.118411,-1.16272,-2.3779,-0.366647,4.23156,-4.54282,4.82163,-6.68196,12.006,3.63492,0,0,0,0,0,0
17.8452,-1.89968,1.0032,-0.106803,-1.17355,-2.4157,-0.369984,3.40416,-5.6145,4.31376,-5.31576,12.2958,4.0158,0,0,0,0,0,0
17.8504,-1.90482,0.982287,-0.112425,-1.19418,-2.41265,-0.374177,3.57358,-4.31824,5.68689,-5.99472,10.6564,3.54384,0,0,0,0,0,0
17.8552,-1.90962,0.950747,-0.121057,-1.18424,-2.41629,-0.375924,3.43174,-5.1417,4.46633,-6.76476,12.5194,3.65148,0,0,0,0,0,0
17.8602,-1.91569,0.964092,-0.0957505,-1.16016,-2.46716,-0.385094,3.65238,-5.89818,4.38691,-7.0794,12.7843,3.94956,0,0,0,0,0,0
17.8653,-1.89096,1.00938,-0.0836001,-1.12318,-2.45596,-0.373719,2.62798,-6.304,5.13513,-7.05456,9.7704,2.69928,0,0,0,0,0,0
17.8702,-1.88076,1.03757,-0.0695932,-1.09009,-2.42659,-0.310376,3.8218,-5.63026,4.11521,-7.04628,12.0722,1.54008,0,0,0,0,0,0
17.8752,-1.9031,1.05491,-0.061698,-1.06205,-2.44241,-0.294202,3.98728,-6.41826,5.01809,-6.90552,11.5092,4.64508,0,0,0,0,0,0
17.8805,-1.91462,1.05057,-0.0722442,-1.09471,-2.4581,-0.363711,3.35688,-5.319,4.49768,-4.89348,12.2213,5.39028,0,0,0,0,0,0
17.8853,-1.92927,1.02311,-0.091814,-1.10476,-2.45368,-0.421935,3.8809,-6.15822,5.02854,-7.36092,10.4328,4.42152,0,0,0,0,0,0
17.8904,-1.95219,1.01302,-0.0932648,-1.11001,-2.435,-0.436526,3.65632,-5.46084,4.0755,-5.52276,11.8652,3.92472,0,0,0,0,0,0
17.8952,-1.9542,1.00611,-0.0659806,-1.1358,-2.44989,-0.445696,3.65632,-5.46084,4.0755,-5.52276,11.8652,3.92472,0,0,0,0,0,0
17.9005,-1.9357,0.951446,-0.052928,-1.15811,-2.47279,-0.443101,2.80134,-4.55464,3.79753,-5.24124,11.6334,3.32856,0,0,0,0,0,0
17.9055,-1.92018,0.879617,-0.0426712,-1.18249,-2.48539,-0.426517,3.16382,-4.60192,4.18627,-5.59728,11.7907,3.2292,0,0,0,0,0,0
17.9104,-1.92289,0.790507,-0.0271342,-1.17915,-2.46762,-0.416442,3.31354,-4.18034,3.17053,-5.90364,10.1016,3.74256,0,0,0,0,0,0
17.9157,-1.92342,0.721593,0.0042211,-1.21748,-2.41352,-0.396205,2.73042,-4.2552,4.04624,-3.34512,10.7309,2.79864,0,0,0,0,0,0
17.9204,-1.90838,0.61683,0.00179816,-1.29162,-2.42699,-0.394888,2.45068,-3.4278,3.971,-3.69288,12.776,4.12344,0,0,0,0,0,0
17.9254,-1.90166,0.531677,-0.00371866,-1.28723,-2.5068,-0.409417,2.7974,-4.54282,4.30749,-6.06924,13.7034,3.78396,0,0,0,0,0,0
17.9303,-1.90002,0.462204,-0.0270481,-1.22245,-2.56568,-0.387389,2.80134,-4.16458,4.7025,-7.40232,11.8487,2.69928,0,0,0,0,0,0
17.9354,-1.86389,0.372007,-0.0238572,-1.20447,-2.62041,-0.353278,0.81952,-3.42386,3.03259,-4.83552,13.5958,2.82348,0,0,0,0,0,0
17.9401,-1.88621,0.389876,-0.0535067,-1.05394,-2.69508,-0.33414,5.30718,-7.27324,7.14153,-12.1219,13.3142,3.70944,0,0,0,0,0,0
17.9452,-2.06702,0.488657,-0.166864,-0.782187,-2.80979,-0.360661,7.683,-7.84848,6.51035,-10.6232,15.4753,4.76928,0,0,0,0,0,0
17.9503,-2.22011,0.578915,-0.205917,-0.689684,-2.91796,-0.399488,5.03138,-7.28506,4.04833,-5.53104,13.0658,4.98456,0,0,0,0,0,0
17.9552,-2.25877,0.650437,-0.17664,-0.712636,-2.91607,-0.409523,3.59722,-6.95804,3.86859,-6.30936,10.7806,3.85848,0,0,0,0,0,0
17.9603,-2.23883,0.68695,-0.140076,-0.697382,-2.86947,-0.388966,3.00228,-6.01244,3.57599,-6.78132,11.029,3.46104,0,0,0,0,0,0
17.9654,-2.228,0.70926,-0.092339,-0.69702,-2.78979,-0.341654,3.77058,-6.49706,3.28548,-6.10236,9.4806,2.5668,0,0,0,0,0,0
17.9702,-2.22857,0.723154,-0.0682907,-0.700126,-2.70494,-0.323039,3.67602,-6.17004,4.2218,-6.49152,10.4328,4.4298,0,0,0,0,0,0
17.9752,-2.22404,0.721956,-0.0630946,-0.686781,-2.63231,-0.359649,3.54994,-6.14246,3.97518,-6.9966,9.82836,5.20812,0,0,0,0,0,0
17.9802,-2.22139,0.729424,-0.0297906,-0.696451,-2.58506,-0.390685,3.77846,-6.4222,3.10992,-6.20172,11.4264,4.21452,0,0,0,0,0,0
17.9853,-2.21951,0.736048,-0.00288042,-0.716208,-2.56032,-0.361293,3.7233,-6.34734,3.97727,-6.51636,10.615,2.3598,0,0,0,0,0,0
17.9905,-2.19763,0.741112,0.014414,-0.728503,-2.54964,-0.286643,3.06138,-6.59162,3.33982,-6.68196,11.799,2.26872,0,0,0,0,0,0
17.9953,-2.16796,0.762193,0.0398905,-0.732027,-2.52568,-0.274478,3.1323,-7.2102,3.48821,-6.97176,10.0271,5.11704,0,0,0,0,0,0
18.0002,-2.13876,0.761548,0.0510565,-0.732882,-2.47289,-0.298561,2.87226,-6.15034,3.60525,-6.1686,10.4908,3.99924,0,0,0,0,0,0
18.0052,-2.10524,0.747356,0.066286,-0.742303,-2.43471,-0.299921,2.87226,-6.15034,3.60525,-6.1686,10.4908,3.99924,0,0,0,0,0,0
18.0103,-2.0861,0.686558,0.073495,-0.736797,-2.41524,-0.331843,3.34506,-4.98804,3.40461,-6.82272,11.0455,5.34888,0,0,0,0,0,0
18.0152,-2.07722,0.592374,0.0751406,-0.733605,-2.44472,-0.331384,3.29778,-4.86196,3.63451,-6.06924,12.776,2.91456,0,0,0,0,0,0
18.0202,-2.07974,0.524656,0.0792685,-0.738717,-2.49693,-0.321139,4.16852,-5.66572,3.38998,-6.28452,11.9729,4.75272,0,0,0,0,0,0
18.0255,-2.07118,0.474247,0.063425,-0.758447,-2.54794,-0.394122,2.8762,-6.00062,4.23434,-5.88708,12.685,6.61572,0,0,0,0,0,0
18.0305,-2.06297,0.407366,0.0400067,-0.784579,-2.5979,-0.431275,3.86514,-5.09442,3.56972,-6.40044,12.1385,3.4776,0,0,0,0,0,0
18.0353,-2.07287,0.365308,0.0353905,-0.808007,-2.63778,-0.409501,3.77058,-6.84772,3.58435,-6.23484,12.478,4.14,0,0,0,0,0,0
18.0405,-2.06354,0.375599,0.0521264,-0.794691,-2.64397,-0.393203,3.04168,-6.94228,2.9051,-7.02972,10.8302,3.69288,0,0,0,0,0,0
18.0454,-2.06789,0.389843,0.0855724,-0.757888,-2.61204,-0.410098,4.0582,-6.37098,3.24368,-7.18704,11.1283,5.39856,0,0,0,0,0,0
18.0503,-2.07193,0.384349,0.0859686,-0.746468,-2.61434,-0.437158,3.90848,-6.48524,4.04624,-5.92848,11.8984,4.12344,0,0,0,0,0,0
18.0555,-2.0782,0.373009,0.0792669,-0.810667,-2.62269,-0.427595,3.77846,-5.93758,3.69512,-4.33044,11.8238,3.79224,0,0,0,0,0,0
18.0603,-2.07926,0.361984,0.0897683,-0.874814,-2.64364,-0.434726,3.67996,-6.26066,3.4485,-5.40684,12.42,4.90176,0,0,0,0,0,0
18.0653,-2.07362,0.371727,0.0862311,-0.891989,-2.6394,-0.468379,3.72724,-6.86742,4.24897,-5.86224,10.5487,5.08392,0,0,0,0,0,0
18.0702,-2.07378,0.374178,0.0635639,-0.877743,-2.62795,-0.462087,3.7233,-6.39462,4.08804,-6.7896,12.0971,3.34512,0,0,0,0,0,0
18.0754,-2.06779,0.34946,0.0465732,-0.865403,-2.6291,-0.431228,3.06926,-6.2646,3.69094,-6.03612,11.2774,3.96612,0,0,0,0,0,0
18.0807,-2.04593,0.34596,0.0476891,-0.841118,-2.63583,-0.415497,3.0732,-7.60026,3.12873,-7.34436,12.2792,4.02408,0,0,0,0,0,0
18.0853,-2.02957,0.365765,0.0721393,-0.822731,-2.68108,-0.432321,3.50266,-6.67436,3.07648,-5.7546,12.7015,5.11704,0,0,0,0,0,0
18.0904,-2.01217,0.326934,0.0733027,-0.855114,-2.69038,-0.455876,3.0732,-5.0826,4.06296,-5.2578,10.971,4.33044,0,0,0,0,0,0
18.0953,-1.97215,0.300617,0.0772493,-0.873901,-2.68255,-0.452649,2.72254,-6.58768,3.27085,-5.39856,11.7907,4.04064,0,0,0,0,0,0
18.1003,-1.94731,0.258723,0.0727775,-0.899906,-2.69072,-0.45369,3.31354,-5.94152,3.52792,-5.60556,11.6417,4.64508,0,0,0,0,0,0
18.1055,-1.93551,0.210317,0.0401426,-0.911718,-2.68814,-0.482638,3.1717,-6.49312,4.3263,-5.8788,11.2774,5.30748,0,0,0,0,0,0
18.1104,-1.93112,0.15966,0.0151222,-0.894157,-2.68566,-0.479958,3.75876,-5.38992,3.53419,-6.81444,11.6582,3.41964,0,0,0,0,0,0
18.1155,-1.90531,0.111382,0.0342404,-0.888088,-2.64889,-0.492443,2.37582,-5.9691,2.68356,-5.27436,9.8532,5.89536,0,0,0,0,0,0
18.1203,-1.88819,0.142467,0.0976803,-0.878503,-2.59247,-0.55097,3.91636,-7.94304,2.10463,-6.45012,10.913,5.49792,0,0,0,0,0,0
18.1252,-1.8993,0.228047,0.175864,-0.828869,-2.56913,-0.597088,3.91636,-7.94304,2.10463,-6.45012,10.913,5.49792,0,0,0,0,0,0
18.1302,-1.8994,0.261701,0.229773,-0.811712,-2.54316,-0.622608,3.20716,-6.65466,2.5289,-5.06736,10.9544,4.72788,0,0,0,0,0,0
18.1354,-1.89395,0.262565,0.248357,-0.827176,-2.49924,-0.616144,3.9794,-7.23384,3.07021,-5.24952,10.0354,4.2642,0,0,0,0,0,0
18.1402,-1.91224,0.246427,0.248428,-0.836797,-2.46122,-0.651832,3.55388,-6.56404,2.95317,-5.55588,11.3519,6.624,0,0,0,0,0,0
18.1455,-1.93538,0.195813,0.224567,-0.817055,-2.42998,-0.682244,4.00698,-6.37886,3.74319,-6.25968,10.085,4.04064,0,0,0,0,0,0
18.1502,-2.00508,0.235703,0.159992,-0.732719,-2.42446,-0.695797,6.3631,-9.84606,5.29606,-8.8182,12.2875,5.9202,0,0,0,0,0,0
18.1553,-2.11458,0.360754,0.0728495,-0.613754,-2.47361,-0.749193,6.3631,-9.84606,5.29606,-8.8182,12.2875,5.9202,0,0,0,0,0,0
18.1602,-2.17778,0.400353,0.0225202,-0.521511,-2.52129,-0.771716,4.75164,-6.93046,3.50911,-8.6526,12.5028,4.66992,0,0,0,0,0,0
18.1653,-2.15771,0.365887,0.0233968,-0.518099,-2.55671,-0.769329,3.1323,-7.19838,2.6961,-5.33232,11.5175,4.85208,0,0,0,0,0,0
18.1704,-2.09578,0.358645,0.0539296,-0.618125,-2.54999,-0.744321,3.00228,-8.32128,2.05656,-4.47948,10.8054,3.8916,0,0,0,0,0,0
18.1755,-2.04137,0.358763,0.094302,-0.691295,-2.50552,-0.738048,3.11654,-7.42296,2.32617,-5.4648,9.91116,5.64696,0,0,0,0,0,0
18.1805,-1.97795,0.313199,0.127409,-0.785233,-2.47534,-0.756669,2.41522,-7.09594,1.81621,-3.90816,11.4844,4.98456,0,0,0,0,0,0
18.1854,-1.92797,0.24677,0.126375,-0.841478,-2.48974,-0.755035,3.24262,-6.6389,3.64287,-5.69664,11.9232,4.97628,0,0,0,0,0,0
18.1903,-1.90293,0.201079,0.0998756,-0.843421,-2.52395,-0.757476,3.24262,-6.6389,3.64287,-5.69664,11.9232,4.97628,0,0,0,0,0,0
18.1953,-1.86742,0.149951,0.0791959,-0.848116,-2.55558,-0.748812,2.70678,-6.92258,3.08066,-5.70492,12.1633,4.41324,0,0,0,0,0,0
18.2005,-1.84628,0.0812749,0.0681752,-0.876449,-2.59897,-0.751812,3.56176,-5.9297,3.14127,-4.83552,12.4034,5.5476,0,0,0,0,0,0
18.2055,-1.83299,0.0506775,0.0798433,-0.926775,-2.62308,-0.79973,2.93136,-7.80514,2.49128,-4.16484,11.534,6.36732,0,0,0,0,0,0
18.2105,-1.82947,0.100199,0.122417,-0.952535,-2.64621,-0.85138,4.12518,-8.5301,2.29273,-5.0508,12.3124,5.80428,0,0,0,0,0,0
18.2155,-1.83018,0.109012,0.144748,-0.939735,-2.67621,-0.895606,3.3884,-7.4466,2.47038,-6.2514,12.155,6.45012,0,0,0,0,0,0
18.2205,-1.81292,0.107974,0.168106,-0.891804,-2.71456,-0.953843,3.3884,-7.4466,2.47038,-6.2514,12.155,6.45012,0,0,0,0,0,0
18.2254,-1.80112,0.070058,0.158668,-0.875363,-2.71382,-0.983544,3.73118,-7.3284,3.04304,-5.4234,11.1863,5.30748,0,0,0,0,0,0
18.2305,-1.79407,0.0416855,0.142599,-0.890022,-2.70041,-0.983389,3.41598,-7.15898,3.1559,-4.45464,11.3105,5.00112,0,0,0,0,0,0
18.2353,-1.78032,0.0251601,0.13254,-0.91489,-2.69896,-0.976996,3.41598,-7.15898,3.1559,-4.45464,11.3105,5.00112,0,0,0,0,0,0
18.2404,-1.75736,0.00220676,0.117788,-0.90814,-2.69056,-0.955709,2.89984,-8.08488,2.72745,-6.10236,11.6831,4.39668,0,0,0,0,0,0
18.2455,-1.72232,0.0488676,0.141026,-0.863129,-2.71013,-0.926675,2.89984,-8.08488,2.72745,-6.10236,11.6831,4.39668,0,0,0,0,0,0
18.2505,-1.70019,0.093129,0.17426,-0.871566,-2.69503,-0.892805,3.5066,-8.07306,2.27601,-4.21452,10.35,4.0572,0,0,0,0,0,0
18.2553,-1.70665,0.103507,0.196755,-0.880999,-2.64375,-0.877129,3.78634,-7.42296,2.76298,-5.32404,10.6481,5.24124,0,0,0,0,0,0
18.2604,-1.71398,0.0967348,0.20251,-0.858916,-2.62202,-0.886095,3.78634,-7.42296,2.76298,-5.32404,10.6481,5.24124,0,0,0,0,0,0
18.2652,-1.73254,0.0653761,0.201312,-0.853965,-2.58481,-0.89874,4.67678,-8.01002,2.08373,-5.19984,10.5818,5.57244,0,0,0,0,0,0
18.2703,-1.77626,0.0547057,0.216786,-0.848752,-2.56586,-0.918657,4.67678,-8.01002,2.08373,-5.19984,10.5818,5.57244,0,0,0,0,0,0
18.2753,-1.79738,0.0256813,0.202272,-0.875017,-2.52706,-0.934445,3.86908,-8.5104,2.67102,-4.45464,10.3252,5.48136,0,0,0,0,0,0
18.2805,-1.7971,0.0515961,0.199858,-0.89737,-2.50484,-0.942684,3.86908,-8.5104,2.67102,-4.45464,10.3252,5.48136,0,0,0,0,0,0
18.2857,-1.77336,0.0906474,0.220708,-0.910124,-2.49026,-0.940208,2.94712,-8.93592,1.82039,-4.83552,10.9213,5.175,0,0,0,0,0,0
18.2905,-1.75488,0.108319,0.247434,-0.910592,-2.45866,-0.959246,3.63662,-8.36462,2.01058,-5.61384,10.1678,6.06924,0,0,0,0,0,0
18.2954,-1.74362,0.116033,0.267116,-0.87898,-2.43144,-0.993862,3.63662,-8.36462,2.01058,-5.61384,10.1678,6.06924,0,0,0,0,0,0
18.3004,-1.73223,0.117533,0.281969,-0.844438,-2.40457,-1.02426,3.63662,-8.36462,2.01058,-5.61384,10.1678,6.06924,0,0,0,0,0,0
18.3057,-1.70309,0.0724846,0.275457,-0.838107,-2.39379,-1.02008,3.2505,-7.35992,2.3408,-4.64508,11.6582,4.71132,0,0,0,0,0,0
18.3103,-1.67352,0.039541,0.282369,-0.843192,-2.4341,-0.98627,3.2505,-7.35992,2.3408,-4.64508,11.6582,4.71132,0,0,0,0,0,0
18.3153,-1.65203,0.0100358,0.296891,-0.848874,-2.47201,-0.985578,3.5854,-7.60814,1.98341,-4.6368,12.0308,6.26796,0,0,0,0,0,0
18.3203,-1.63808,0.000323626,0.309454,-0.861979,-2.50147,-1.01545,3.56176,-8.53798,2.24257,-4.86036,11.8156,5.96988,0,0,0,0,0,0
18.3252,-1.62537,0.0210277,0.31826,-0.857022,-2.546,-1.03899,3.56176,-8.53798,2.24257,-4.86036,11.8156,5.96988,0,0,0,0,0,0
18.3305,-1.62771,0.0396525,0.328692,-0.87297,-2.57675,-1.05706,4.16458,-9.03442,1.85174,-3.95784,11.7576,5.796,0,0,0,0,0,0
18.3354,-1.62368,0.0737745,0.348661,-0.856694,-2.58552,-1.10253,3.53024,-9.13292,1.97296,-6.27624,11.0869,7.36092,0,0,0,0,0,0
18.3402,-1.60477,0.114438,0.366521,-0.796877,-2.60099,-1.18468,3.53024,-9.13292,1.97296,-6.27624,11.0869,7.36092,0,0,0,0,0,0
18.3452,-1.58201,0.119529,0.361406,-0.774849,-2.62778,-1.18652,3.41598,-8.05336,2.7379,-5.175,11.8238,3.8088,0,0,0,0,0,0
18.3502,-1.58981,0.0747333,0.335261,-0.785737,-2.63489,-1.16181,4.27096,-7.78544,2.56234,-4.86036,11.1614,6.05268,0,0,0,0,0,0
18.3552,-1.60632,0.0481906,0.325613,-0.787368,-2.65324,-1.18467,4.27096,-7.78544,2.56234,-4.86036,11.1614,6.05268,0,0,0,0,0,0
18.3603,-1.59699,0.0319002,0.315592,-0.79611,-2.65572,-1.18342,3.5657,-8.3528,2.57488,-4.554,10.9379,5.15016,0,0,0,0,0,0
18.3652,-1.56724,0.0422152,0.316615,-0.784458,-2.66444,-1.17288,3.17958,-8.91622,2.03566,-5.27436,11.3105,5.44824,0,0,0,0,0,0
18.3702,-1.5603,0.071369,0.334585,-0.77086,-2.68714,-1.17762,4.46796,-9.23536,1.77859,-4.38012,11.5589,5.90364,0,0,0,0,0,0
18.3752,-1.56466,0.070774,0.329399,-0.761855,-2.66267,-1.15422,3.86514,-8.86106,2.34498,-5.43996,9.75384,4.40496,0,0,0,0,0,0
18.3802,-1.55696,0.0553998,0.305377,-0.720922,-2.61919,-1.09729,3.86514,-8.86106,2.34498,-5.43996,9.75384,4.40496,0,0,0,0,0,0
18.3853,-1.5401,-0.0146506,0.287766,-0.695143,-2.57204,-1.06183,3.37658,-7.02108,1.74515,-4.8852,9.96912,5.36544,0,0,0,0,0,0
18.3902,-1.51866,-0.0855394,0.283522,-0.700977,-2.529,-1.066,3.81786,-8.42766,2.00013,-3.94956,10.408,6.11064,0,0,0,0,0,0
18.3953,-1.50515,-0.107531,0.280598,-0.736833,-2.52754,-1.09163,3.81786,-8.42766,2.00013,-3.94956,10.408,6.11064,0,0,0,0,0,0
18.4002,-1.49634,-0.119629,0.273537,-0.789026,-2.54257,-1.10303,4.22762,-8.82166,2.26974,-3.79224,11.3933,5.39028,0,0,0,0,0,0
18.4054,-1.48116,-0.130534,0.271071,-0.8341,-2.55889,-1.11747,3.12836,-8.62072,1.75351,-3.6846,11.2442,6.34248,0,0,0,0,0,0
18.4102,-1.44779,-0.146831,0.276993,-0.85864,-2.58566,-1.14281,3.12836,-8.62072,1.75351,-3.6846,11.2442,6.34248,0,0,0,0,0,0
18.4152,-1.40202,-0.149258,0.279838,-0.870237,-2.5816,-1.15561,2.27732,-9.65694,1.69917,-3.96612,10.6398,6.11064,0,0,0,0,0,0
18.4203,-1.34354,-0.117431,0.287042,-0.873061,-2.57774,-1.16783,2.27732,-9.65694,1.69917,-3.96612,10.6398,6.11064,0,0,0,0,0,0
18.4254,-1.30824,-0.137107,0.283913,-0.912925,-2.54726,-1.12765,3.09684,-7.5254,2.14016,-2.6082,10.3086,3.62664,0,0,0,0,0,0
18.4304,-1.28374,-0.180076,0.262101,-0.940237,-2.50609,-1.06676,2.8171,-8.53404,2.43485,-3.82536,9.66276,4.79412,0,0,0,0,0,0
18.4357,-1.28541,-0.218008,0.251475,-0.90828,-2.47639,-0.990914,3.80998,-7.58844,1.55914,-4.56228,10.6481,2.484,0,0,0,0,0,0
18.4403,-1.28039,-0.229506,0.277693,-0.907058,-2.50939,-0.936351,2.63192,-8.70346,1.48181,-2.68272,12.1716,5.6304,0,0,0,0,0,0
18.4453,-1.23667,-0.240467,0.325274,-0.994889,-2.51299,-0.959186,1.88332,-7.60026,0.34903,0.04968,9.47232,5.72148,0,0,0,0,0,0
18.4503,-1.28865,-0.18608,0.326799,-0.956382,-2.481,-1.00174,6.68618,-11.686,3.30847,-7.2864,10.5239,6.4998,0,0,0,0,0,0
18.4553,-1.42868,-0.0293693,0.279669,-0.799016,-2.4597,-1.10467,6.3434,-12.084,2.80896,-5.77944,9.78696,8.90928,0,0,0,0,0,0
18.4602,-1.49396,0.0592091,0.250867,-0.706707,-2.43652,-1.14617,4.5704,-9.56632,2.3199,-5.72976,9.94428,4.10688,0,0,0,0,0,0
18.4653,-1.48856,0.0475338,0.242119,-0.690739,-2.41977,-1.13124,3.38052,-8.37644,1.73679,-3.17952,10.143,6.34248,0,0,0,0,0,0
18.4703,-1.49729,0.00115337,0.244932,-0.710931,-2.36444,-1.1304,5.29142,-8.61678,1.47554,-4.66992,8.1972,5.11704,0,0,0,0,0,0
18.4755,-1.50597,-0.0473325,0.237997,-0.6869,-2.277,-1.13263,3.61298,-8.6877,1.88936,-5.14188,8.60292,6.61572,0,0,0,0,0,0
18.4803,-1.47487,-0.0807883,0.223901,-0.679464,-2.18066,-1.1225,3.69178,-9.34962,1.71589,-4.02408,7.59276,4.66164,0,0,0,0,0,0
18.4853,-1.42922,-0.0737567,0.22275,-0.700254,-2.11054,-1.08948,3.02592,-10.0864,1.62393,-3.58524,9.5634,5.52276,0,0,0,0,0,0
18.4902,-1.3971,-0.0532514,0.241208,-0.715797,-2.08787,-1.05568,4.10154,-9.72786,0.99484,-4.17312,9.33156,4.47948,0,0,0,0,0,0
18.4952,-1.37084,-0.0139602,0.244558,-0.727386,-2.07683,-1.01995,3.37264,-11.1305,2.18196,-3.85848,9.90288,5.58072,0,0,0,0,0,0
18.5003,-1.36073,0.012255,0.236618,-0.750339,-2.07394,-1.01485,4.77134,-9.19596,1.56541,-3.54384,9.67104,5.80428,0,0,0,0,0,0
18.5053,-1.38423,-0.00857994,0.237956,-0.771354,-2.07797,-1.01264,4.77134,-9.19596,1.56541,-3.54384,9.67104,5.80428,0,0,0,0,0,0
18.5102,-1.3965,0.0126863,0.242638,-0.806932,-2.08183,-1.01125,4.29066,-11.3472,1.35014,-2.80692,10.5073,5.89536,0,0,0,0,0,0
18.5153,-1.3992,0.0787797,0.248731,-0.852497,-2.11989,-1.01394,4.29066,-11.3472,1.35014,-2.80692,10.5073,5.89536,0,0,0,0,0,0
18.5204,-1.39135,0.108958,0.246039,-0.836806,-2.09573,-1.00042,3.86908,-9.98396,1.72634,-5.5476,8.22204,5.10048,0,0,0,0,0,0
18.5253,-1.36697,0.123219,0.225311,-0.787755,-2.05579,-0.974271,3.39234,-10.7877,2.14225,-4.53744,9.82008,5.0508,0,0,0,0,0,0
18.5303,-1.35451,0.168208,0.23168,-0.774278,-2.0403,-0.958861,4.36158,-11.4575,0.47234,-3.8502,9.20736,5.58072,0,0,0,0,0,0
18.5352,-1.36525,0.197076,0.246499,-0.769074,-2.03096,-0.97335,4.44432,-10.2755,1.67618,-4.36356,10.0105,6.3342,0,0,0,0,0,0
18.5402,-1.38434,0.201665,0.240044,-0.764653,-2.04995,-0.977749,4.92894,-10.2243,1.56332,-3.57696,10.4576,5.43168,0,0,0,0,0,0
18.5453,-1.38335,0.154611,0.228679,-0.775836,-2.06542,-0.937748,3.63268,-8.84136,1.33969,-3.45276,9.76212,4.32216,0,0,0,0,0,0
18.5503,-1.3684,0.119168,0.20655,-0.776476,-2.05564,-0.919901,4.4719,-10.3267,2.24675,-3.933,9.29844,6.53292,0,0,0,0,0,0
18.5552,-1.35795,0.101287,0.17655,-0.788636,-2.02895,-0.908436,3.72724,-10.1534,1.37104,-3.08016,9.20736,4.60368,0,0,0,0,0,0
18.5604,-1.31982,0.077127,0.155638,-0.782015,-1.98076,-0.926452,3.4475,-9.99972,1.82457,-4.82724,8.02332,7.91568,0,0,0,0,0,0
18.5654,-1.28971,0.08856,0.138042,-0.771988,-1.91047,-0.980205,3.99122,-11.0162,1.85592,-3.34512,8.16408,6.71508,0,0,0,0,0,0
18.5705,-1.26497,0.110615,0.126142,-0.771285,-1.86208,-1.00039,3.7233,-10.4449,1.65737,-4.24764,8.67744,6.64056,0,0,0,0,0,0
18.5754,-1.25206,0.084066,0.124914,-0.732684,-1.83231,-1.03028,4.40886,-9.28264,1.14532,-4.97628,8.89272,6.8724,0,0,0,0,0,0
18.5804,-1.24431,0.0822449,0.134684,-0.703563,-1.82554,-1.01447,3.98334,-11.0556,1.43792,-3.66804,9.48888,4.49604,0,0,0,0,0,0
18.5855,-1.21886,0.09253,0.136269,-0.689509,-1.8372,-0.988046,3.73118,-10.2952,1.19339,-4.33872,9.69588,6.2928,0,0,0,0,0,0
18.5904,-1.19763,0.114883,0.125517,-0.693713,-1.8494,-1.00537,4.18034,-11.2881,2.22585,-3.03876,9.49716,6.27624,0,0,0,0,0,0
18.5956,-1.20256,0.116,0.104826,-0.707623,-1.86048,-1.01721,4.57434,-9.79878,1.41702,-3.59352,9.6876,6.11892,0,0,0,0,0,0
18.6002,-1.21417,0.120067,0.0794331,-0.710591,-1.87489,-1.02921,4.4128,-11.6072,2.33662,-3.42792,9.729,6.40044,0,0,0,0,0,0
18.6052,-1.21418,0.171398,0.069241,-0.693805,-1.89618,-1.04039,4.53888,-11.7491,0.81092,-4.44636,9.67104,6.2514,0,0,0,0,0,0
18.6103,-1.23567,0.195927,0.075274,-0.666033,-1.90277,-1.06181,5.319,-10.7759,1.49435,-4.45464,9.33156,7.01316,0,0,0,0,0,0
18.6153,-1.24719,0.198351,0.0527253,-0.670841,-1.90558,-1.0962,4.18034,-10.9453,2.01685,-2.50056,9.37296,6.6654,0,0,0,0,0,0
18.6207,-1.23842,0.190059,0.00976105,-0.711225,-1.91463,-1.12423,4.18034,-10.9453,2.01685,-2.50056,9.37296,6.6654,0,0,0,0,0,0
18.6252,-1.23825,0.141234,0.000118542,-0.699042,-1.90292,-1.1303,4.50736,-9.26688,0.5852,-4.94316,8.9424,5.62212,0,0,0,0,0,0
18.6302,-1.23453,0.0818481,-0.00226954,-0.636605,-1.88957,-1.11517,4.02274,-11.0478,1.4421,-4.57884,9.74556,5.52276,0,0,0,0,0,0
18.6352,-1.21888,0.0713087,-0.0225079,-0.589908,-1.91577,-1.09318,4.02274,-11.0478,1.4421,-4.57884,9.74556,5.52276,0,0,0,0,0,0
18.6403,-1.26638,0.149931,-0.0648578,-0.520838,-1.92438,-1.11324,7.00138,-14.842,2.80478,-5.72148,9.71244,7.54308,0,0,0,0,0,0
18.6453,-1.36261,0.312665,-0.134366,-0.442142,-1.95573,-1.16891,7.00138,-14.842,2.80478,-5.72148,9.71244,7.54308,0,0,0,0,0,0
18.6504,-1.38251,0.398551,-0.170408,-0.404646,-1.97076,-1.17996,4.15276,-11.5127,1.66573,-4.25592,9.25704,5.8374,0,0,0,0,0,0
18.6552,-1.31887,0.396657,-0.158837,-0.433959,-1.96027,-1.15345,3.3293,-11.2369,0.72732,-2.78208,9.00864,5.82084,0,0,0,0,0,0
18.6603,-1.23917,0.361194,-0.148176,-0.485768,-1.96056,-1.12144,3.3293,-11.2369,0.72732,-2.78208,9.00864,5.82084,0,0,0,0,0,0
18.6653,-1.1876,0.292599,-0.152833,-0.537827,-1.94489,-1.10312,4.44038,-10.2913,1.13487,-2.34324,8.74368,6.50808,0,0,0,0,0,0
18.6702,-1.1596,0.251551,-0.16069,-0.56395,-1.92554,-1.11404,4.12124,-11.5166,1.24564,-4.0158,8.41248,6.92208,0,0,0,0,0,0
18.6752,-1.1541,0.235324,-0.158126,-0.595458,-1.89914,-1.10876,5.20474,-11.426,0.60192,-1.70568,8.18064,5.74632,0,0,0,0,0,0
18.6803,-1.15314,0.235935,-0.165228,-0.601402,-1.85566,-1.08849,4.23944,-12.3322,1.51734,-4.64508,7.04628,6.06096,0,0,0,0,0,0
18.6852,-1.1334,0.27041,-0.186057,-0.543443,-1.81007,-1.07616,4.23944,-12.3322,1.51734,-4.64508,7.04628,6.06096,0,0,0,0,0,0
18.6902,-1.11882,0.290531,-0.177328,-0.510596,-1.73757,-1.06795,4.49948,-11.3945,0.61864,-3.52728,5.94504,6.21828,0,0,0,0,0,0
18.6953,-1.11096,0.291637,-0.152746,-0.493941,-1.67877,-1.07028,4.49948,-11.3945,0.61864,-3.52728,5.94504,6.21828,0,0,0,0,0,0
18.7001,-1.10572,0.293059,-0.16537,-0.466868,-1.60927,-1.07697,4.62556,-11.3039,2.45157,-3.80052,5.19156,6.23484,0,0,0,0,0,0
18.7052,-1.10792,0.232046,-0.186576,-0.474516,-1.52106,-1.09176,4.6098,-9.6924,0.31768,-2.36808,4.39668,6.81444,0,0,0,0,0,0
18.7102,-1.09399,0.170585,-0.195012,-0.478957,-1.41278,-1.11241,3.96758,-11.3275,1.73888,-4.03236,3.2292,6.88896,0,0,0,0,0,0
18.7152,-1.09607,0.156402,-0.208915,-0.469033,-1.3083,-1.13882,5.2008,-11.4142,0.80674,-2.94768,3.2706,6.79788,0,0,0,0,0,0
18.7202,-1.10077,0.159127,-0.220421,-0.507991,-1.21034,-1.16897,4.46008,-12.0879,1.72216,-1.58976,2.53368,7.06284,0,0,0,0,0,0
18.7252,-1.09362,0.172371,-0.256902,-0.566439,-1.15189,-1.19435,4.46008,-12.0879,1.72216,-1.58976,2.53368,7.06284,0,0,0,0,0,0
18.7302,-1.09742,0.153324,-0.269382,-0.587426,-1.13391,-1.18785,4.90136,-10.6577,0.84645,-2.88972,2.96424,5.90364,0,0,0,0,0,0
18.7352,-1.0791,0.129907,-0.254284,-0.564083,-1.1573,-1.14644,3.77846,-11.8673,0.47443,-3.05532,2.91456,5.4234,0,0,0,0,0,0
18.7404,-1.04151,0.117136,-0.243019,-0.514853,-1.19843,-1.17478,4.0779,-10.9414,0.97603,-4.27248,2.59164,8.6112,0,0,0,0,0,0
18.7454,-1.03947,0.103982,-0.253957,-0.476641,-1.22171,-1.21996,5.38204,-12.0288,1.41702,-3.4362,1.79676,6.75648,0,0,0,0,0,0
18.7503,-1.07191,0.124082,-0.27181,-0.455322,-1.2524,-1.23165,5.38204,-12.0288,1.41702,-3.4362,1.79676,6.75648,0,0,0,0,0,0
18.7552,-1.10488,0.149283,-0.284703,-0.434179,-1.28811,-1.24884,5.38204,-12.0288,1.41702,-3.4362,1.79676,6.75648,0,0,0,0,0,0
18.7603,-1.13115,0.190641,-0.275127,-0.418748,-1.31213,-1.26874,5.1811,-12.6395,0.74195,-2.9808,1.863,6.7482,0,0,0,0,0,0
18.7656,-1.14547,0.245015,-0.257447,-0.415238,-1.35648,-1.28049,5.1811,-12.6395,0.74195,-2.9808,1.863,6.7482,0,0,0,0,0,0
18.7705,-1.17098,0.30829,-0.245982,-0.408882,-1.40029,-1.27249,6.05184,-13.2266,0.99484,-3.24576,2.24388,6.05268,0,0,0,0,0,0
18.7753,-1.19187,0.311942,-0.249942,-0.416859,-1.4062,-1.26136,4.93682,-11.229,0.84854,-2.75724,0.77832,6.71508,0,0,0,0,0,0
18.7802,-1.18986,0.261847,-0.262229,-0.426926,-1.39269,-1.26653,4.93682,-11.229,0.84854,-2.75724,0.77832,6.71508,0,0,0,0,0,0
18.7854,-1.18055,0.197972,-0.288974,-0.416436,-1.35366,-1.26284,4.531,-10.6735,1.41911,-3.28716,-0.24012,6.26796,0,0,0,0,0,0
18.7905,-1.16712,0.13303,-0.337773,-0.407421,-1.31477,-1.24667,4.88166,-11.7885,1.7138,-2.90628,1.38276,6.15204,0,0,0,0,0,0
18.7954,-1.16481,0.112894,-0.383811,-0.423604,-1.33655,-1.22892,4.88166,-11.7885,1.7138,-2.90628,1.38276,6.15204,0,0,0,0,0,0
18.8003,-1.1421,0.132752,-0.384908,-0.443389,-1.35099,-1.22842,3.92424,-13.1044,0.1881,-2.84832,1.25028,6.89724,0,0,0,0,0,0
18.8053,-1.10215,0.187423,-0.370734,-0.443481,-1.3605,-1.21369,4.16064,-13.1005,1.12442,-3.01392,0.91908,5.49792,0,0,0,0,0,0
18.8106,-1.09602,0.220592,-0.358124,-0.459615,-1.37436,-1.1625,5.36234,-12.3046,0.12122,-2.12796,1.45728,4.95144,0,0,0,0,0,0
18.8153,-1.0853,0.236403,-0.335775,-0.480009,-1.39615,-1.14912,4.16852,-12.3007,0.75031,-2.83176,1.54008,7.05456,0,0,0,0,0,0
18.8205,-1.04987,0.229941,-0.344659,-0.482707,-1.42828,-1.18316,4.16852,-12.3007,0.75031,-2.83176,1.54008,7.05456,0,0,0,0,0,0
18.8254,-1.02418,0.199187,-0.377496,-0.468253,-1.42727,-1.17898,4.63738,-11.7215,1.69708,-3.53556,0.43884,5.39028,0,0,0,0,0,0
18.8304,-1.00186,0.194566,-0.367885,-0.443404,-1.40226,-1.19038,4.35764,-13.0572,-0.89661,-3.32856,0.47196,7.55964,0,0,0,0,0,0
18.8352,-0.999502,0.197381,-0.354617,-0.434611,-1.37782,-1.2352,5.4569,-12.0603,1.40448,-2.64132,0.26496,7.22844,0,0,0,0,0,0
18.8406,-1.02921,0.213113,-0.366751,-0.418206,-1.35741,-1.23177,5.713,-13.3999,0.47652,-2.7738,0.828,5.9202,0,0,0,0,0,0
18.8457,-1.06085,0.255536,-0.365128,-0.40011,-1.36163,-1.19559,5.713,-13.3999,0.47652,-2.7738,0.828,5.9202,0,0,0,0,0,0
18.8503,-1.07123,0.267899,-0.369193,-0.370844,-1.35226,-1.15098,5.0038,-12.1037,0.80256,-3.4362,0.42228,5.48136,0,0,0,0,0,0
18.8553,-1.06739,0.280538,-0.376031,-0.332831,-1.29382,-1.12245,4.90924,-13.0059,0.9823,-2.90628,-1.34964,6.5826,0,0,0,0,0,0
18.8603,-1.06287,0.310415,-0.391586,-0.308162,-1.20971,-1.12191,4.90924,-13.0059,0.9823,-2.90628,-1.34964,6.5826,0,0,0,0,0,0
18.8654,-1.05509,0.34477,-0.385116,-0.277979,-1.14199,-1.12534,4.77528,-13.2423,0.16093,-2.93112,-0.47196,6.69024,0,0,0,0,0,0
18.8706,-1.04434,0.360138,-0.372108,-0.278422,-1.07158,-1.12906,4.728,-12.8602,0.19437,-2.12796,-1.49868,6.78132,0,0,0,0,0,0
18.8756,-1.02891,0.356509,-0.368981,-0.313493,-0.987303,-1.13382,4.728,-12.8602,0.19437,-2.12796,-1.49868,6.78132,0,0,0,0,0,0
18.8805,-1.00994,0.34394,-0.381938,-0.337662,-0.943576,-1.13331,4.728,-12.6198,0.90497,-2.84832,0.36432,6.5412,0,0,0,0,0,0
18.8854,-0.969805,0.377514,-0.379663,-0.362227,-0.938576,-1.09526,3.89272,-14.4637,-0.0418,-1.71396,0.19044,4.97628,0,0,0,0,0,0
18.8903,-0.91848,0.446204,-0.363998,-0.406421,-0.937581,-1.02915,3.89272,-14.4637,-0.0418,-1.71396,0.19044,4.97628,0,0,0,0,0,0
18.8954,-0.898075,0.475267,-0.365965,-0.410173,-0.902718,-0.993094,5.21262,-12.8523,0.86108,-3.01392,-0.90252,6.06096,0,0,0,0,0,0
18.9004,-0.910326,0.470717,-0.390768,-0.379729,-0.859702,-0.98414,5.21262,-12.8523,0.86108,-3.01392,-0.90252,6.06096,0,0,0,0,0,0
18.9055,-0.880298,0.432707,-0.399312,-0.341019,-0.880509,-0.959966,3.21898,-11.2014,0.34694,-3.11328,1.99548,5.2992,0,0,0,0,0,0
18.9104,-0.837457,0.368134,-0.417734,-0.313116,-0.922535,-0.963192,4.58222,-11.3275,1.53615,-2.898,0.1242,7.19532,0,0,0,0,0,0
18.9155,-0.823864,0.339678,-0.423349,-0.288364,-0.929397,-1.00285,4.34582,-12.8326,-0.37829,-2.53368,0.4554,6.93864,0,0,0,0,0,0
18.9204,-0.824155,0.323336,-0.397622,-0.250796,-0.937675,-1.00248,5.13382,-11.7845,0.08778,-3.70944,0.25668,5.382,0,0,0,0,0,0
18.9254,-0.843255,0.315999,-0.362503,-0.211752,-0.948179,-0.970479,5.2599,-13.3763,-0.98021,-2.69928,0.93564,5.31576,0,0,0,0,0,0
18.9303,-0.869449,0.355718,-0.30381,-0.20395,-0.981111,-0.943737,5.2599,-13.3763,-0.98021,-2.69928,0.93564,5.31576,0,0,0,0,0,0
18.9355,-0.876409,0.356301,-0.294611,-0.245882,-0.965839,-0.949347,4.37734,-11.3157,1.41075,-0.40572,-0.96876,6.56604,0,0,0,0,0,0
18.9404,-0.859572,0.366019,-0.322078,-0.303471,-0.951097,-1.01799,4.36946,-13.4866,0.82973,-1.3662,0.60444,8.08956,0,0,0,0,0,0
18.9453,-0.916269,0.451185,-0.343731,-0.305406,-0.939222,-1.10652,7.61208,-14.7632,1.1286,-3.27888,-0.8694,8.24688,0,0,0,0,0,0
18.9503,-0.989737,0.482915,-0.392928,-0.281354,-0.89286,-1.16762,5.3978,-12.3874,1.4212,-2.45088,-0.9108,7.48512,0,0,0,0,0,0
18.9552,-0.998565,0.482239,-0.434512,-0.275282,-0.905121,-1.17808,5.11018,-13.1557,1.1913,-1.78848,1.50696,6.28452,0,0,0,0,0,0
18.9603,-0.994186,0.502169,-0.440238,-0.249402,-0.955313,-1.13375,4.85014,-13.5812,-0.28842,-2.96424,0.68724,5.48964,0,0,0,0,0,0
18.9653,-0.978377,0.507972,-0.430952,-0.209185,-0.923164,-1.08898,4.57434,-13.6836,-0.26543,-2.76552,-1.79676,5.7546,0,0,0,0,0,0
18.9704,-0.962771,0.516169,-0.443091,-0.205805,-0.877184,-1.01375,5.12988,-13.2896,0.93423,-1.7388,-0.3726,4.20624,0,0,0,0,0,0
18.9754,-0.946869,0.504183,-0.468474,-0.243853,-0.890405,-1.00037,4.5704,-13.2226,0.08987,-0.57132,0.8694,8.29656,0,0,0,0,0,0
18.9803,-0.912527,0.497331,-0.475859,-0.249014,-0.924026,-1.01151,4.37734,-13.8885,0.03553,-2.92284,0.7038,5.73804,0,0,0,0,0,0
18.9855,-0.882085,0.474994,-0.496389,-0.239835,-0.965427,-0.979823,4.51524,-12.6947,0.47861,-1.52352,1.22544,6.35076,0,0,0,0,0,0
18.9903,-0.860153,0.430775,-0.526379,-0.27328,-1.01933,-0.967798,4.51524,-12.6947,0.47861,-1.52352,1.22544,6.35076,0,0,0,0,0,0
18.9953,-0.850363,0.425476,-0.533217,-0.284758,-1.0667,-0.962285,4.94864,-14.3377,-0.34694,-2.41776,1.27512,6.50808,0,0,0,0,0,0
19.0002,-0.821734,0.423703,-0.525836,-0.27029,-1.08987,-0.937771,3.97152,-12.7065,-0.19019,-2.8152,-0.02484,5.61384,-0,-0,-0,-0,-0,-0
19.0054,-0.798791,0.415105,-0.526874,-0.252813,-1.04587,-0.923415,4.87772,-13.9358,0.01672,-2.1942,-1.71396,6.80616,-0,-0,-0,-0,-0,-0
19.0104,-0.796534,0.445643,-0.530882,-0.255883,-1.01033,-0.916861,4.8659,-13.9003,0.3553,-1.68912,0.13248,6.03612,-0,-0,-0,-0,-0,-0
19.0156,-0.809083,0.459669,-0.546464,-0.247986,-1.01894,-0.909843,5.53176,-13.5024,0.32186,-2.1528,0.2898,6.73164,-0,-0,-0,-0,-0,-0
19.0202,-0.814413,0.463929,-0.560018,-0.19397,-1.03318,-0.936183,4.71618,-13.9476,0.08151,-3.94956,0.39744,7.22016,-0,-0,-0,-0,-0,-0
19.0253,-0.80331,0.484384,-0.56442,-0.111256,-1.05321,-0.969192,4.71618,-13.9476,0.08151,-3.94956,0.39744,7.22016,-0,-0,-0,-0,-0,-0
19.0302,-0.802287,0.492561,-0.577911,-0.0607425,-1.05269,-0.981598,5.28354,-13.2187,0.77748,-2.93112,-0.40572,6.42528,-0,-0,-0,-0,-0,-0
19.0354,-0.783273,0.492525,-0.599764,-0.0367005,-1.04926,-0.96076,4.137,-13.6285,0.30932,-2.71584,0.01656,5.78772,-0,-0,-0,-0,-0,-0
19.0402,-0.766259,0.530674,-0.588203,-0.0372348,-1.05511,-0.937124,5.25202,-14.8971,-0.7106,-2.05344,0.01656,6.3342,-0,-0,-0,-0,-0,-0
19.0453,-0.754398,0.578227,-0.569349,-0.0463637,-1.03351,-0.941016,4.3143,-14.1998,-0.02508,-1.83816,-1.23372,6.71508,-0,-0,-0,-0,-0,-0
19.0503,-0.765875,0.598551,-0.587488,-0.0506362,-1.00365,-0.909189,6.05578,-14.3849,0.44517,-2.29356,-0.2484,4.72788,-0,-0,-0,-0,-0,-0
19.0552,-0.776875,0.637864,-0.57589,-0.0574834,-0.995564,-0.87069,4.54676,-14.6016,-0.93632,-1.67256,-0.52992,6.18516,-0,-0,-0,-0,-0,-0
19.0602,-0.755511,0.691322,-0.553623,-0.0743156,-0.968935,-0.905608,4.8265,-14.9405,-0.02508,-1.68084,-1.25856,8.1144,-0,-0,-0,-0,-0,-0
19.0652,-0.746448,0.72426,-0.574085,-0.0805689,-0.975454,-0.960342,4.9644,-14.4243,0.51414,-1.78848,1.0764,7.2864,-0,-0,-0,-0,-0,-0
19.0702,-0.737624,0.712152,-0.591037,-0.0679744,-0.981946,-0.953298,4.9053,-13.4118,-0.51205,-2.68272,-1.27512,5.28264,-0,-0,-0,-0,-0,-0
19.0752,-0.720281,0.67446,-0.597801,-0.0676244,-0.914061,-0.937625,4.47584,-12.4268,0.71269,-1.3248,-2.4426,6.88896,-0,-0,-0,-0,-0,-0
19.0805,-0.697794,0.645357,-0.614097,-0.076139,-0.843656,-0.933312,4.7083,-13.7861,-0.14003,-2.07,-1.51524,5.85396,-0,-0,-0,-0,-0,-0
19.0853,-0.692014,0.656567,-0.610354,-0.0857114,-0.814129,-0.922095,4.925,-14.4756,-0.37411,-1.29168,-0.63756,6.80616,-0,-0,-0,-0,-0,-0
19.0905,-0.679224,0.65225,-0.615205,-0.10162,-0.778669,-0.931308,4.30248,-13.199,0.1881,-1.92096,-1.97064,6.71508,-0,-0,-0,-0,-0,-0
19.0955,-0.659552,0.623768,-0.645757,-0.128072,-0.749433,-0.928205,4.75558,-13.6915,0.53504,-0.67896,-0.32292,6.30108,-0,-0,-0,-0,-0,-0
19.1002,-0.649146,0.637311,-0.638269,-0.126561,-0.735361,-0.942275,4.728,-14.3455,-1.05754,-3.04704,-1.54836,7.30296,-0,-0,-0,-0,-0,-0
19.1053,-0.644746,0.661535,-0.630703,-0.113992,-0.682104,-0.952469,4.94864,-13.7585,0.80256,-1.01016,-2.28528,6.22656,-0,-0,-0,-0,-0,-0
19.1104,-0.649881,0.663986,-0.67355,-0.118465,-0.63277,-0.935847,5.03532,-14.4519,0.5225,-2.1942,-1.1592,6.26796,-0,-0,-0,-0,-0,-0
19.1155,-0.624957,0.677842,-0.691432,-0.121591,-0.624562,-0.903737,3.75482,-13.9279,0.02508,-1.1592,-0.828,5.39028,-0,-0,-0,-0,-0,-0
19.1205,-0.61383,0.659532,-0.698806,-0.143863,-0.632916,-0.87472,5.36628,-13.4039,-0.24035,-1.34964,-0.40572,6.0444,-0,-0,-0,-0,-0,-0
19.1255,-0.62168,0.643857,-0.704793,-0.16522,-0.657908,-0.908156,4.74376,-13.5418,0.30723,-1.10952,-0.24012,8.51184,-0,-0,-0,-0,-0,-0
19.1303,-0.618034,0.647655,-0.71721,-0.188631,-0.675315,-0.923354,4.97622,-14.2195,0.0418,-1.43244,-0.65412,5.65524,-0,-0,-0,-0,-0,-0
19.1353,-0.619843,0.684221,-0.698324,-0.221883,-0.671606,-0.913511,5.0629,-14.7632,-0.93632,-0.27324,-1.18404,7.39404,-0,-0,-0,-0,-0,-0
19.1404,-0.598507,0.712961,-0.68047,-0.227485,-0.654052,-0.950231,4.10154,-14.117,-0.1045,-1.97064,-1.30824,7.4934,-0,-0,-0,-0,-0,-0
19.1454,-0.590183,0.743015,-0.703026,-0.189282,-0.648299,-0.974083,5.4372,-15.3227,0.5434,-2.18592,-0.62928,7.04628,-0,-0,-0,-0,-0,-0
19.1506,-0.61863,0.82729,-0.73248,-0.174842,-0.644234,-1.00238,5.6736,-17.0129,-0.05016,-1.10124,-1.1178,7.55964,-0,-0,-0,-0,-0,-0
19.1553,-0.648443,0.886614,-0.732326,-0.195576,-0.643768,-1.02721,5.88242,-14.3298,-0.52041,-1.19232,-0.68724,7.14564,-0,-0,-0,-0,-0,-0
19.1603,-0.653235,0.860382,-0.746365,-0.216883,-0.617204,-1.04217,4.68072,-14.1249,0.02717,-0.90252,-2.20248,7.43544,-0,-0,-0,-0,-0,-0
19.1653,-0.627484,0.821274,-0.774095,-0.236947,-0.560818,-1.05798,4.68072,-14.1249,0.02717,-0.90252,-2.20248,7.43544,-0,-0,-0,-0,-0,-0
19.1703,-0.603421,0.749831,-0.774223,-0.245478,-0.56064,-1.0483,4.94076,-12.7814,-1.07844,-1.12608,0.19872,6.417,-0,-0,-0,-0,-0,-0
19.1755,-0.582434,0.710406,-0.738837,-0.244999,-0.597114,-1.03438,4.47978,-15.0705,-1.51316,-1.30824,-0.59616,6.9552,-0,-0,-0,-0,-0,-0
19.1806,-0.554732,0.72154,-0.70211,-0.246371,-0.611591,-1.02744,4.47978,-15.0705,-1.51316,-1.30824,-0.59616,6.9552,-0,-0,-0,-0,-0,-0
19.1853,-0.534644,0.720866,-0.700869,-0.254984,-0.592039,-1.01202,4.8659,-14.4362,0.1254,-1.1592,-1.97892,6.59916,-0,-0,-0,-0,-0,-0
19.1903,-0.504899,0.722653,-0.712298,-0.270282,-0.585029,-0.965951,3.99122,-14.8341,-0.83182,-1.15092,-0.25668,5.48964,-0,-0,-0,-0,-0,-0
19.1953,-0.478419,0.746599,-0.703013,-0.274162,-0.578388,-0.880793,4.63738,-15.0666,-0.63118,-1.49868,-1.9458,4.45464,-0,-0,-0,-0,-0,-0
19.2003,-0.469073,0.748958,-0.702676,-0.264513,-0.558868,-0.840552,4.83832,-13.6639,-0.29887,-1.92924,-0.92736,7.22016,-0,-0,-0,-0,-0,-0
19.2053,-0.451724,0.734397,-0.720733,-0.284805,-0.531144,-0.881324,4.12124,-14.3849,0.02299,-0.25668,-2.39292,8.28828,-0,-0,-0,-0,-0,-0
19.2102,-0.450059,0.701741,-0.739256,-0.311075,-0.476137,-0.922746,5.55146,-13.069,-0.42636,-1.242,-2.16108,7.245,-0,-0,-0,-0,-0,-0
19.2153,-0.453649,0.659506,-0.745125,-0.297481,-0.43804,-0.924624,4.3931,-13.66,-0.418,-1.78848,-1.8216,6.43356,-0,-0,-0,-0,-0,-0
19.2204,-0.422485,0.676405,-0.737648,-0.29132,-0.424114,-0.90851,3.8218,-15.0941,-0.68761,-0.93564,-1.41588,6.30936,-0,-0,-0,-0,-0,-0
19.2254,-0.383414,0.715986,-0.756042,-0.301573,-0.450329,-0.886034,3.97152,-15.0193,0.48906,-0.9936,-0.0828,6.18516,-0,-0,-0,-0,-0,-0
19.2304,-0.371175,0.740501,-0.785023,-0.332998,-0.439915,-0.888386,4.85802,-15.0075,-0.49324,0,-2.898,7.11252,-0,-0,-0,-0,-0,-0
19.2353,-0.374034,0.767416,-0.770754,-0.374978,-0.406475,-0.917335,4.81862,-14.8223,-1.09098,-0.47196,-1.25028,7.60932,-0,-0,-0,-0,-0,-0
19.2405,-0.376183,0.789737,-0.75815,-0.398348,-0.437583,-0.943149,4.77528,-14.4874,-0.25498,-0.55476,-0.33948,7.11252,-0,-0,-0,-0,-0,-0
19.2455,-0.39285,0.807577,-0.769329,-0.407777,-0.454631,-0.928552,5.41356,-14.8971,-0.28215,-0.96048,-1.656,5.9202,-0,-0,-0,-0,-0,-0
19.2505,-0.394843,0.810399,-0.780026,-0.403187,-0.441284,-0.888807,4.26702,-14.1091,-0.40128,-1.02672,-1.67256,5.85396,-0,-0,-0,-0,-0,-0
19.2554,-0.358628,0.768723,-0.783101,-0.39668,-0.431658,-0.864814,3.6445,-13.1241,-0.81301,-0.96876,-1.42416,6.42528,-0,-0,-0,-0,-0,-0
19.2604,-0.351068,0.711826,-0.76281,-0.391443,-0.43392,-0.861527,5.40962,-13.2502,-1.38776,-0.85284,-1.29168,6.90552,-0,-0,-0,-0,-0,-0
19.2655,-0.357137,0.668738,-0.75811,-0.397882,-0.433321,-0.840448,4.26308,-13.9161,-0.2717,-0.5382,-1.449,5.91192,-0,-0,-0,-0,-0,-0
19.2704,-0.327817,0.644492,-0.767117,-0.412682,-0.425698,-0.815102,3.99516,-13.6757,-0.64163,-0.48852,-1.85472,6.13548,-0,-0,-0,-0,-0,-0
19.2754,-0.314408,0.630031,-0.769352,-0.439686,-0.414364,-0.79646,4.79892,-14.4165,-0.65417,0.06624,-1.54008,6.35904,-0,-0,-0,-0,-0,-0
19.2802,-0.31729,0.641177,-0.764455,-0.496796,-0.420651,-0.764407,4.71618,-14.6095,-0.85272,0.8694,-1.19232,5.60556,-0,-0,-0,-0,-0,-0
19.2853,-0.289426,0.666252,-0.756703,-0.597773,-0.434559,-0.755231,3.42386,-14.7947,-0.64999,2.1942,-1.33308,7.17048,-0,-0,-0,-0,-0,-0
19.2903,-0.271935,0.668306,-0.769506,-0.708069,-0.433904,-0.760028,5.1023,-13.9397,-0.16302,1.5732,-1.68084,6.3342,-0,-0,-0,-0,-0,-0
19.2952,-0.279756,0.680516,-0.78141,-0.831542,-0.422605,-0.75021,4.60192,-15.0863,-0.59356,2.80692,-1.75536,6.64884,-0,-0,-0,-0,-0,-0
19.3002,-0.259033,0.68816,-0.776144,-0.981064,-0.41517,-0.756061,3.81392,-13.7191,-0.88407,3.36168,-1.59804,6.79788,-0,-0,-0,-0,-0,-0
19.3053,-0.250741,0.640971,-0.765073,-1.10253,-0.362748,-0.775049,5.1811,-13.3763,-1.34805,3.32856,-3.59352,7.18704,-0,-0,-0,-0,-0,-0
19.3103,-0.281465,0.615031,-0.756007,-1.16074,-0.296996,-0.79526,5.45296,-14.7198,-0.88616,4.40496,-2.21076,6.7068,-0,-0,-0,-0,-0,-0
19.3153,-0.288509,0.642372,-0.76498,-1.15261,-0.291798,-0.79987,4.1961,-15.1808,-0.209,4.14,-1.39932,6.69024,-0,-0,-0,-0,-0,-0
19.3204,-0.269077,0.669656,-0.796757,-1.10878,-0.300768,-0.793083,4.1961,-15.1808,-0.209,4.14,-1.39932,6.69024,-0,-0,-0,-0,-0,-0
19.3252,-0.253482,0.674575,-0.816003,-1.07749,-0.304383,-0.784126,4.48372,-14.3613,-0.76703,4.7196,-1.55664,6.80616,-0,-0,-0,-0,-0,-0
19.3302,-0.28159,0.66758,-0.810651,-1.0478,-0.299553,-0.755608,5.9691,-14.1249,-0.94886,4.54572,-2.02032,6.003,-0,-0,-0,-0,-0,-0
19.3352,-0.318694,0.687545,-0.816065,-1.01409,-0.297263,-0.730851,4.85802,-15.5,-0.37829,4.61196,-1.34964,6.50808,-0,-0,-0,-0,-0,-0
19.3402,-0.31875,0.739726,-0.808897,-0.953949,-0.315816,-0.718299,4.50342,-15.1454,-1.16831,3.49416,-1.34136,6.1272,-0,-0,-0,-0,-0,-0
19.3452,-0.285912,0.737866,-0.797944,-0.868943,-0.346842,-0.708096,3.47114,-13.3763,-0.73568,3.36168,-0.84456,6.40044,-0,-0,-0,-0,-0,-0
19.3502,-0.263787,0.724961,-0.809523,-0.838169,-0.347353,-0.727365,4.82256,-14.775,-0.32186,5.8374,-2.58336,7.452,-0,-0,-0,-0,-0,-0
19.3554,-0.263456,0.7203,-0.828852,-0.822709,-0.361045,-0.73756,4.26308,-13.987,-0.60401,4.40496,-0.19044,6.5826,-0,-0,-0,-0,-0,-0
19.3603,-0.247472,0.706854,-0.842894,-0.762686,-0.406199,-0.718028,4.16458,-14.5307,-0.63118,3.65976,-0.96876,6.21,-0,-0,-0,-0,-0,-0
19.3654,-0.230659,0.718631,-0.843589,-0.700602,-0.416432,-0.698722,4.21186,-14.842,-1.03246,4.27248,-1.93752,6.40044,-0,-0,-0,-0,-0,-0
19.3704,-0.210816,0.725576,-0.826656,-0.655186,-0.426783,-0.675251,3.9597,-13.8727,-1.13905,4.13172,-1.01844,5.80428,-0,-0,-0,-0,-0,-0
19.3754,-0.199025,0.730408,-0.820024,-0.592374,-0.467,-0.661491,4.51918,-14.7553,-0.60819,3.50244,-0.621,6.64884,-0,-0,-0,-0,-0,-0
19.3805,-0.185871,0.769783,-0.833233,-0.531341,-0.496453,-0.692702,3.85726,-15.2478,-0.2508,3.84192,-1.56492,7.51824,-0,-0,-0,-0,-0,-0
19.3856,-0.149099,0.817802,-0.848784,-0.498601,-0.470786,-0.742928,3.40416,-16.0358,-0.9405,5.12532,-2.58336,7.71696,-0,-0,-0,-0,-0,-0
19.3903,-0.128336,0.836471,-0.850719,-0.477662,-0.434949,-0.745831,4.5901,-13.9909,-0.84436,4.6782,-2.07828,5.89536,-0,-0,-0,-0,-0,-0
19.3953,-0.140314,0.831454,-0.854625,-0.447043,-0.447992,-0.71667,4.78316,-14.7435,-0.73568,4.16484,-0.52164,6.06096,-0,-0,-0,-0,-0,-0
19.4003,-0.128643,0.813924,-0.856449,-0.412706,-0.420254,-0.671694,3.5854,-13.7821,-1.1495,4.10688,-3.61008,5.24952,-0,-0,-0,-0,-0,-0
19.4053,-0.112725,0.765439,-0.853791,-0.366518,-0.378586,-0.629114,4.54282,-13.4315,-1.04709,3.08016,-1.23372,5.58072,-0,-0,-0,-0,-0,-0
19.4102,-0.0820976,0.712605,-0.850891,-0.313106,-0.399184,-0.651884,2.84074,-13.3566,-1.0659,3.0636,-0.91908,7.6176,-0,-0,-0,-0,-0,-0
19.4153,-0.0509809,0.676552,-0.851392,-0.300878,-0.459754,-0.721658,4.50342,-13.3369,-0.49742,4.23108,0.32292,7.62588,-0,-0,-0,-0,-0,-0
19.4202,-0.0713958,0.658855,-0.86814,-0.27294,-0.526306,-0.758635,4.99592,-14.0028,-0.38247,2.94768,-0.23184,6.30108,-0,-0,-0,-0,-0,-0
19.4254,-0.0958407,0.651728,-0.874878,-0.241821,-0.589405,-0.764343,4.68072,-13.065,-0.45771,3.70116,-0.01656,6.45012,-0,-0,-0,-0,-0,-0
19.4302,-0.0935751,0.624537,-0.849336,-0.244829,-0.628825,-0.75963,4.02274,-13.0256,-1.78486,4.43808,-1.1592,5.6304,-0,-0,-0,-0,-0,-0
19.4352,-0.0628141,0.569776,-0.829707,-0.249365,-0.603611,-0.732842,3.44356,-12.0525,-0.53922,4.15656,-2.62476,5.2578,-0,-0,-0,-0,-0,-0
19.4403,-0.0212004,0.593247,-0.813965,-0.31971,-0.547661,-0.776035,3.46326,-15.7482,-1.26445,7.05456,-2.7324,8.4042,-0,-0,-0,-0,-0,-0
19.4453,-0.0107224,0.704101,-0.791206,-0.388526,-0.508493,-0.875575,4.58222,-15.9688,-0.91751,5.41512,-2.24388,7.91568,-0,-0,-0,-0,-0,-0
19.4502,-0.0208661,0.753157,-0.783867,-0.380726,-0.493876,-0.961096,4.22762,-14.6489,-1.48181,4.09032,-1.52352,8.3628,-0,-0,-0,-0,-0,-0
19.4554,-0.021238,0.72932,-0.786729,-0.347191,-0.501456,-0.996359,4.0188,-13.2384,-0.83809,4.93488,-1.10124,6.34248,-0,-0,-0,-0,-0,-0
19.4603,-0.00615417,0.715032,-0.796952,-0.29157,-0.532065,-0.979042,3.6445,-14.9011,-1.04709,3.58524,-0.7038,6.69024,-0,-0,-0,-0,-0,-0
19.4656,0.0212978,0.746485,-0.799784,-0.245486,-0.56142,-0.962801,3.40416,-15.0114,-1.05336,5.60556,-1.35792,6.20172,-0,-0,-0,-0,-0,-0
19.4704,0.0553457,0.766364,-0.809112,-0.250485,-0.568552,-0.927708,3.40416,-15.0114,-1.05336,5.60556,-1.35792,6.20172,-0,-0,-0,-0,-0,-0
19.4753,0.0860147,0.799891,-0.816009,-0.217553,-0.557064,-0.8659,3.57752,-15.9294,-1.26654,3.94956,-2.16936,5.1336,-0,-0,-0,-0,-0,-0
19.4803,0.125322,0.832598,-0.80153,-0.1836,-0.519661,-0.815738,2.9156,-14.6844,-1.7974,4.97628,-2.74068,5.98644,-0,-0,-0,-0,-0,-0
19.4854,0.142684,0.83491,-0.782347,-0.185638,-0.496612,-0.821554,4.29854,-14.4322,-1.43583,5.31576,-1.74708,7.62588,-0,-0,-0,-0,-0,-0
19.4904,0.126872,0.848757,-0.770202,-0.18954,-0.485981,-0.858001,4.34976,-15.3818,-1.672,4.94316,-1.93752,7.39404,-0,-0,-0,-0,-0,-0
19.4954,0.132563,0.888997,-0.765255,-0.17418,-0.467049,-0.837338,3.32536,-15.5394,-1.07217,4.21452,-2.35152,5.44824,-0,-0,-0,-0,-0,-0
19.5006,0.148429,0.901565,-0.774435,-0.180352,-0.460678,-0.813296,3.7824,-14.251,-1.15368,5.81256,-1.34136,6.8724,-0,-0,-0,-0,-0,-0
19.5054,0.170129,0.887073,-0.787923,-0.183844,-0.449733,-0.787481,3.31748,-14.7829,-1.09307,4.81068,-2.49228,5.31576,-0,-0,-0,-0,-0,-0
19.5104,0.198832,0.857693,-0.804509,-0.167153,-0.428531,-0.751329,3.4081,-13.4827,-0.98021,5.04252,-1.96236,6.46668,-0,-0,-0,-0,-0,-0
19.5154,0.231533,0.799367,-0.83634,-0.175932,-0.416819,-0.750092,2.96288,-13.4433,-0.44517,6.01956,-2.1528,6.9138,-0,-0,-0,-0,-0,-0
19.5202,0.248339,0.738135,-0.873366,-0.1842,-0.406645,-0.74511,3.9597,-13.4039,-0.82346,4.66164,-1.74708,6.51636,-0,-0,-0,-0,-0,-0
19.5254,0.245798,0.735005,-0.884964,-0.202854,-0.435016,-0.719411,3.75876,-14.9405,-0.9405,6.51636,-0.77832,5.90364,-0,-0,-0,-0,-0,-0
19.5303,0.236875,0.750149,-0.895138,-0.22059,-0.469191,-0.677993,4.22368,-14.318,-0.94886,4.62024,-1.27512,5.589,-0,-0,-0,-0,-0,-0
19.5354,0.229583,0.757812,-0.892668,-0.232503,-0.463339,-0.650709,3.65632,-13.9988,-1.12024,5.68008,-2.96424,6.17688,-0,-0,-0,-0,-0,-0
19.5403,0.250498,0.765675,-0.881022,-0.229438,-0.474781,-0.60409,3.08896,-14.5307,-1.50271,4.28076,-0.31464,4.86036,-0,-0,-0,-0,-0,-0
19.5454,0.278192,0.792844,-0.854131,-0.229706,-0.497306,-0.560279,3.27808,-14.8814,-1.86846,5.99472,-2.33496,6.09408,-0,-0,-0,-0,-0,-0
19.5504,0.301625,0.828676,-0.815924,-0.25711,-0.466417,-0.560738,3.2505,-15.1729,-2.20704,5.89536,-2.5668,6.4998,-0,-0,-0,-0,-0,-0
19.5555,0.328836,0.850636,-0.772943,-0.270197,-0.425541,-0.561519,2.9944,-14.7514,-2.41604,5.53932,-2.93112,5.9202,-0,-0,-0,-0,-0,-0
19.5603,0.383697,0.836263,-0.722547,-0.247202,-0.366398,-0.529359,2.0685,-13.3251,-2.46829,4.49604,-3.66804,5.16672,-0,-0,-0,-0,-0,-0
19.5653,0.43688,0.814742,-0.677759,-0.206991,-0.345121,-0.535663,2.84468,-14.4834,-2.36379,4.62024,-1.34136,7.23672,-0,-0,-0,-0,-0,-0
19.5702,0.498511,0.807079,-0.643165,-0.202747,-0.357505,-0.545149,1.55236,-14.1564,-2.299,5.39028,-2.03688,5.6718,-0,-0,-0,-0,-0,-0
19.5753,0.576118,0.811147,-0.610284,-0.208543,-0.332885,-0.5313,1.93454,-14.7159,-2.2363,5.41512,-3.24576,6.43356,-0,-0,-0,-0,-0,-0
19.5802,0.639412,0.826983,-0.581097,-0.210776,-0.282178,-0.536197,1.93454,-14.7159,-2.2363,5.41512,-3.24576,6.43356,-0,-0,-0,-0,-0,-0
19.5853,0.676245,0.854169,-0.560803,-0.176553,-0.256628,-0.549658,3.01804,-15.3936,-1.97923,3.87504,-2.45088,6.75648,-0,-0,-0,-0,-0,-0
19.5902,0.685333,0.886793,-0.554089,-0.112058,-0.238455,-0.573303,3.01804,-15.3936,-1.97923,3.87504,-2.45088,6.75648,-0,-0,-0,-0,-0,-0
19.5953,0.692325,0.869944,-0.555836,-0.0801479,-0.242899,-0.603426,3.10078,-13.5772,-1.86428,5.175,-1.50696,6.94692,-0,-0,-0,-0,-0,-0
19.6004,0.695192,0.821162,-0.55698,-0.0778052,-0.265204,-0.625517,3.10078,-13.5772,-1.86428,5.175,-1.50696,6.94692,-0,-0,-0,-0,-0,-0
19.6053,0.698738,0.80317,-0.554616,-0.06357,-0.273698,-0.622275,3.10866,-14.7986,-1.98341,4.57884,-2.277,6.07752,-0,-0,-0,-0,-0,-0
19.6103,0.705512,0.796723,-0.552617,-0.0540329,-0.241634,-0.577769,2.96682,-14.0619,-1.87473,4.95972,-3.25404,5.2164,-0,-0,-0,-0,-0,-0
19.6154,0.721963,0.806608,-0.531733,-0.0523122,-0.205971,-0.51845,2.67526,-14.8774,-2.45366,4.761,-2.86488,5.14188,-0,-0,-0,-0,-0,-0
19.6203,0.738569,0.816507,-0.495064,-0.0641355,-0.184435,-0.481508,2.9353,-13.9909,-2.60414,5.59728,-2.82348,5.60556,-0,-0,-0,-0,-0,-0
19.6254,0.75327,0.822209,-0.443431,-0.0711547,-0.157396,-0.464641,2.72254,-14.3022,-3.06394,5.18328,-3.16296,6.07752,-0,-0,-0,-0,-0,-0
19.6304,0.771472,0.821672,-0.380947,-0.0637957,-0.145124,-0.486427,2.75012,-13.9082,-3.43178,5.04252,-2.32668,7.4106,-0,-0,-0,-0,-0,-0
19.6353,0.791589,0.796928,-0.312212,-0.0534156,-0.154207,-0.513668,2.61616,-13.4827,-3.89785,4.99284,-1.85472,6.72336,-0,-0,-0,-0,-0,-0
19.6404,0.83741,0.790011,-0.224,-0.0607179,-0.152129,-0.505377,1.46962,-14.3495,-4.63771,5.68836,-3.0222,5.92848,-0,-0,-0,-0,-0,-0
19.6454,0.91768,0.831109,-0.131065,-0.0956206,-0.152476,-0.483814,0.98894,-15.3778,-4.70668,6.35904,-1.83816,6.14376,-0,-0,-0,-0,-0,-0
19.6505,1.01906,0.889794,-0.0582656,-0.167136,-0.131556,-0.513581,0.12608,-15.7245,-5.10378,7.40232,-3.99924,8.00676,-0,-0,-0,-0,-0,-0
19.6556,1.13764,0.927953,0.00427064,-0.203094,-0.111894,-0.537284,-0.35066,-14.5071,-5.55104,5.35716,-1.96236,6.19344,-0,-0,-0,-0,-0,-0
19.6603,1.24577,0.9145,0.0466221,-0.187086,-0.11064,-0.528345,-0.53978,-13.9949,-5.86036,5.59728,-3.03048,6.45012,-0,-0,-0,-0,-0,-0
19.6655,1.31598,0.871102,0.0756436,-0.144524,-0.12147,-0.528997,-0.69344,-13.6363,-6.29299,4.21452,-1.48212,6.9552,-0,-0,-0,-0,-0,-0
19.6705,1.31396,0.849202,0.107993,-0.109906,-0.164809,-0.527985,-0.33884,-14.4992,-6.48736,5.48136,-1.68084,6.38388,-0,-0,-0,-0,-0,-0
19.6753,1.25533,0.822936,0.129736,-0.126251,-0.19022,-0.499495,-0.93378,-13.5575,-6.37868,6.26796,-1.92924,5.29092,-0,-0,-0,-0,-0,-0
19.6803,1.1708,0.813233,0.155293,-0.0890905,-0.206456,-0.443984,-0.83922,-14.5386,-6.50826,3.83364,-2.20248,5.04252,-0,-0,-0,-0,-0,-0
19.6855,1.07041,0.79066,0.156367,-0.0160461,-0.202936,-0.436025,-0.94166,-13.7388,-5.91888,4.35528,-2.50056,7.33608,-0,-0,-0,-0,-0,-0
19.6907,0.986162,0.755939,0.140093,-0.00657226,-0.206317,-0.461795,-1.64692,-13.8058,-5.73078,5.72148,-1.82988,6.86412,-0,-0,-0,-0,-0,-0
19.6956,0.935112,0.718126,0.118522,-0.0194963,-0.195955,-0.481811,-2.3049,-13.4512,-5.62628,5.39856,-3.07188,7.038,-0,-0,-0,-0,-0,-0
19.7003,0.885781,0.700903,0.0933218,-0.0440312,-0.18093,-0.504767,-1.59964,-14.4086,-5.41101,6.1686,-2.21076,6.68196,-0,-0,-0,-0,-0,-0
19.7052,0.840028,0.707464,0.0631287,-0.06783,-0.196645,-0.543017,-2.52948,-14.0303,-5.08288,5.55588,-2.0286,7.87428,-0,-0,-0,-0,-0,-0
19.7102,0.812905,0.727719,0.0315245,-0.0602938,-0.224186,-0.570216,-2.29308,-14.775,-5.15185,4.85208,-1.91268,6.26796,-0,-0,-0,-0,-0,-0
19.7153,0.778395,0.762303,0.00122828,-0.0322894,-0.24905,-0.558856,-2.29308,-14.775,-5.15185,4.85208,-1.91268,6.26796,-0,-0,-0,-0,-0,-0
19.7202,0.727123,0.758058,-0.0373124,-0.0349532,-0.260771,-0.540169,-1.46568,-13.4236,-4.94076,6.2514,-2.62476,5.91192,-0,-0,-0,-0,-0,-0
19.7254,0.675405,0.733242,-0.0784962,-0.0490282,-0.263503,-0.530405,-2.21428,-14.0934,-5.16648,5.52276,-2.277,6.59088,-0,-0,-0,-0,-0,-0
19.7302,0.642748,0.73502,-0.106154,-0.0508855,-0.265436,-0.534796,-2.21428,-14.0934,-5.16648,5.52276,-2.277,6.59088,-0,-0,-0,-0,-0,-0
19.7353,0.593833,0.722319,-0.142274,-0.0751636,-0.265172,-0.521419,-1.52478,-13.6285,-4.90523,6.55776,-2.66616,5.7546,-0,-0,-0,-0,-0,-0
19.7403,0.533567,0.723939,-0.155544,-0.0875623,-0.263866,-0.509393,-1.49326,-14.4046,-5.9565,5.1336,-2.17764,6.39216,-0,-0,-0,-0,-0,-0
19.7454,0.485244,0.710893,-0.141172,-0.0848886,-0.263718,-0.508534,-1.97394,-12.8917,-6.05891,6.21,-2.61648,6.09408,-0,-0,-0,-0,-0,-0
19.7503,0.441569,0.707633,-0.114106,-0.0876346,-0.237823,-0.476328,-1.52478,-14.578,-6.4163,5.39028,-3.49416,5.31576,-0,-0,-0,-0,-0,-0
19.7553,0.42313,0.718851,-0.0821605,-0.0545704,-0.200916,-0.48949,-2.92348,-13.7112,-6.4163,4.91832,-3.1464,8.00676,-0,-0,-0,-0,-0,-0
19.7604,0.413221,0.700979,-0.0708749,-0.0348789,-0.186379,-0.485355,-2.0094,-13.6718,-5.87081,5.44824,-2.31012,4.93488,-0,-0,-0,-0,-0,-0
19.7653,0.403419,0.691345,-0.0713925,-0.0146472,-0.18316,-0.456192,-2.94712,-13.8609,-5.77676,5.175,-2.88144,6.417,-0,-0,-0,-0,-0,-0
19.7703,0.390536,0.683286,-0.0759277,-0.0053422,-0.196067,-0.441533,-2.05274,-13.9988,-5.93978,6.2928,-1.77192,5.35716,-0,-0,-0,-0,-0,-0
19.7754,0.356357,0.705707,-0.0798092,0.0167261,-0.21807,-0.457184,-1.80846,-14.7395,-5.54477,4.10688,-2.37636,7.4934,-0,-0,-0,-0,-0,-0
19.7805,0.30442,0.724777,-0.0922595,0.0639271,-0.244509,-0.479594,-1.36324,-14.1052,-5.68689,5.05908,-1.72224,5.76288,-0,-0,-0,-0,-0,-0
19.7853,0.244943,0.71601,-0.0988085,0.0629552,-0.275272,-0.483924,-1.1426,-13.463,-5.79348,6.13548,-1.9044,6.7482,-0,-0,-0,-0,-0,-0
19.7904,0.23543,0.682281,-0.118143,0.0684943,-0.295867,-0.487192,-3.42386,-13.1202,-5.21873,5.14188,-1.99548,5.8374,-0,-0,-0,-0,-0,-0
19.7953,0.269307,0.643754,-0.138191,0.0790368,-0.267381,-0.475369,-3.13624,-13.1123,-5.73496,5.589,-4.33872,6.21828,-0,-0,-0,-0,-0,-0
19.8003,0.291876,0.629746,-0.11463,0.0647976,-0.257933,-0.486971,-3.06926,-13.4512,-6.65038,5.90364,-1.449,6.59916,-0,-0,-0,-0,-0,-0
19.8053,0.316689,0.6224,-0.0810134,0.0350441,-0.255428,-0.513746,-3.27414,-13.7861,-6.56051,6.06924,-3.94956,7.15392,-0,-0,-0,-0,-0,-0
19.8103,0.325498,0.611824,-0.0750561,-0.0081367,-0.213627,-0.530602,-2.58858,-13.0059,-5.33786,6.60744,-3.30372,6.3342,-0,-0,-0,-0,-0,-0
19.8152,0.311334,0.622456,-0.0810652,-0.0717335,-0.19319,-0.515294,-2.15518,-14.4598,-5.88753,7.22844,-3.105,5.40684,-0,-0,-0,-0,-0,-0
19.8203,0.31655,0.601231,-0.081653,-0.109012,-0.179546,-0.461276,-3.54206,-12.281,-6.0819,5.55588,-2.75724,4.53744,-0,-0,-0,-0,-0,-0
19.8253,0.341169,0.565872,-0.0839816,-0.117673,-0.18893,-0.465764,-2.97864,-13.329,-5.56776,6.4998,-2.25216,7.84944,-0,-0,-0,-0,-0,-0
19.8303,0.350702,0.532542,-0.0973975,-0.0729251,-0.216327,-0.510119,-2.8959,-12.6001,-5.80393,3.86676,-1.75536,6.86412,-0,-0,-0,-0,-0,-0
19.8352,0.366671,0.482962,-0.105172,-0.0438504,-0.270024,-0.524287,-3.39628,-12.8877,-6.03174,6.48324,-0.96048,6.45012,-0,-0,-0,-0,-0,-0
19.8403,0.383116,0.453503,-0.101946,-0.0472724,-0.308568,-0.528136,-2.9353,-13.002,-6.04219,5.19156,-2.4426,6.17688,-0,-0,-0,-0,-0,-0
19.8454,0.36975,0.44072,-0.0916387,-0.038113,-0.334174,-0.549554,-2.23004,-13.0926,-6.07772,6.18516,-1.79676,7.27812,-0,-0,-0,-0,-0,-0
19.8503,0.35701,0.419277,-0.119029,-0.0559045,-0.328338,-0.558169,-2.77376,-13.1832,-4.68787,6.26796,-3.6018,5.61384,-0,-0,-0,-0,-0,-0
19.8554,0.365225,0.386586,-0.166759,-0.0347226,-0.319528,-0.528223,-2.98258,-12.3834,-5.10169,4.43808,-1.91268,5.61384,-0,-0,-0,-0,-0,-0
19.8605,0.362645,0.338441,-0.184569,-0.0104091,-0.317698,-0.518173,-2.33248,-12.4307,-5.93978,6.05268,-3.1878,6.24312,-0,-0,-0,-0,-0,-0
19.8654,0.379732,0.299985,-0.190466,-0.019379,-0.278736,-0.524001,-3.8612,-12.6474,-5.53014,5.91192,-3.7674,6.2514,-0,-0,-0,-0,-0,-0
19.8703,0.395107,0.31441,-0.192914,-0.0442224,-0.206064,-0.54428,-2.36794,-14.1643,-5.79557,6.93864,-4.8438,6.64056,-0,-0,-0,-0,-0,-0
19.8753,0.397431,0.346228,-0.181275,-0.0534043,-0.150019,-0.582924,-3.42386,-13.3211,-6.11743,5.68008,-3.28716,7.31124,-0,-0,-0,-0,-0,-0
19.8804,0.419906,0.390472,-0.166039,-0.0510318,-0.129814,-0.611738,-3.30566,-14.6056,-5.93978,6.07752,-3.12156,6.28452,-0,-0,-0,-0,-0,-0
19.8854,0.428203,0.440569,-0.159542,-0.0445302,-0.129225,-0.590071,-2.88014,-13.6639,-5.77467,5.26608,-2.70756,4.99284,-0,-0,-0,-0,-0,-0
19.8902,0.413223,0.44318,-0.155987,-0.00438087,-0.164251,-0.556859,-2.39552,-12.545,-5.76631,4.54572,-1.48212,6.01128,-0,-0,-0,-0,-0,-0
19.8953,0.396396,0.436862,-0.164182,0.0429013,-0.21317,-0.537108,-2.50978,-13.3014,-5.31278,5.57244,-2.24388,5.62212,-0,-0,-0,-0,-0,-0
19.9003,0.384859,0.448398,-0.182031,0.0384381,-0.227991,-0.50543,-2.50978,-13.3014,-5.31278,5.57244,-2.24388,5.62212,-0,-0,-0,-0,-0,-0
19.9053,0.352434,0.429896,-0.202761,0.0276889,-0.257316,-0.467465,-1.56812,-12.7065,-5.67644,5.39856,-1.74708,5.2992,-0,-0,-0,-0,-0,-0
19.9103,0.329899,0.411097,-0.206468,0.0210455,-0.265298,-0.450045,-2.62404,-12.8405,-5.67644,5.39028,-3.17952,6.21828,-0,-0,-0,-0,-0,-0
19.9154,0.312271,0.369262,-0.214686,0.0292207,-0.323025,-0.444893,-1.68632,-11.4063,-5.27098,4.72788,0.77004,5.51448,-0,-0,-0,-0,-0,-0
19.9202,0.291288,0.32562,-0.213027,0.0684502,-0.435626,-0.419392,-2.32854,-12.5174,-6.09444,3.58524,-0.9936,5.18328,-0,-0,-0,-0,-0,-0
19.9252,0.294949,0.330159,-0.17872,0.112122,-0.477522,-0.391213,-2.32854,-12.5174,-6.09444,3.58524,-0.9936,5.18328,-0,-0,-0,-0,-0,-0
19.9302,0.297992,0.333535,-0.182352,0.140628,-0.51489,-0.383077,-2.24186,-13.002,-4.81118,4.06548,-1.18404,5.87052,-0,-0,-0,-0,-0,-0
19.9352,0.301361,0.324365,-0.204669,0.149783,-0.522638,-0.396161,-2.2064,-12.2889,-5.45281,4.00752,-2.14452,5.77116,-0,-0,-0,-0,-0,-0
19.9402,0.361306,0.3348,-0.178419,0.0503636,-0.473763,-0.472689,-4.77922,-12.9547,-6.35151,9.22392,-3.85848,8.76024,-0,-0,-0,-0,-0,-0
19.9453,0.545918,0.348501,-0.125903,-0.183865,-0.38541,-0.55489,-8.02972,-12.3243,-6.55215,11.2194,-4.44636,6.624,-0,-0,-0,-0,-0,-0
19.9505,0.73164,0.341021,-0.124785,-0.300091,-0.368883,-0.570533,-5.68148,-13.002,-5.0578,6.417,-0.6624,5.69664,-0,-0,-0,-0,-0,-0
19.9552,0.784817,0.333689,-0.140948,-0.274407,-0.387016,-0.581217,-3.11654,-12.5765,-6.07354,5.7546,-3.312,6.73992,-0,-0,-0,-0,-0,-0
19.9603,0.768512,0.313653,-0.132796,-0.19653,-0.383224,-0.601432,-2.88408,-12.4189,-6.21148,5.05908,-1.76364,6.06924,-0,-0,-0,-0,-0,-0
19.9653,0.764704,0.296448,-0.12856,-0.137388,-0.399891,-0.592406,-3.84938,-13.1596,-6.3118,6.69024,-2.58336,5.48964,-0,-0,-0,-0,-0,-0
19.9702,0.766242,0.316957,-0.111394,-0.101628,-0.395516,-0.534834,-3.06532,-13.7545,-6.58768,6.10236,-2.74068,3.98268,-0,-0,-0,-0,-0,-0
19.9752,0.765077,0.319779,-0.103418,-0.0703441,-0.400361,-0.515973,-3.94,-12.4425,-6.02338,6.56604,-2.3598,7.19532,-0,-0,-0,-0,-0,-0
19.9801,0.821493,0.303485,-0.0886815,-0.0231275,-0.379548,-0.506185,-5.17716,-12.5844,-6.63157,5.382,-3.85848,4.82724,-0,-0,-0,-0,-0,-0
19.9853,0.860562,0.254939,-0.0691659,0.0124145,-0.343785,-0.462235,-3.59722,-10.5907,-6.07772,6.39216,-3.6018,5.58072,-0,-0,-0,-0,-0,-0
19.9903,0.867024,0.196253,-0.060198,0.0188963,-0.318028,-0.463966,-3.62086,-12.1904,-6.38077,6.5826,-3.08844,6.46668,-0,-0,-0,-0,-0,-0
19.9954,0.87044,0.172728,-0.0478018,0.0255106,-0.286404,-0.470447,-3.55782,-12.0052,-6.23238,6.21828,-3.8502,5.97816,-0,-0,-0,-0,-0,-0
20.0006,0.8633,0.140891,-0.0542409,0.0146249,-0.236174,-0.469007,-2.99046,-12.2534,-5.88962,7.41888,-4.14828,6.05268,-0,-0,-0,-0,-0,-0
20.0052,0.859252,0.0990794,-0.0665313,0.0100899,-0.203163,-0.454078,-3.8021,-11.8909,-6.2491,5.80428,-3.01392,5.20812,-0,-0,-0,-0,-0,-0
20.0104,0.877579,0.0726447,-0.0814292,0.0537081,-0.186512,-0.444038,-4.1173,-12.6435,-5.67853,5.24952,-3.79224,6.01956,-0,-0,-0,-0,-0,-0
20.0152,0.893076,0.0485349,-0.109554,0.0562432,-0.180771,-0.44942,-3.51054,-11.8318,-5.47998,7.22016,-2.59992,5.87052,-0,-0,-0,-0,-0,-0
20.0202,0.894589,0.013646,-0.135265,0.0731843,-0.204026,-0.428163,-3.6445,-12.0643,-5.75586,4.69476,-2.58336,4.79412,-0,-0,-0,-0,-0,-0
20.0253,0.907838,-0.00829378,-0.144244,0.0848297,-0.238057,-0.409646,-3.8415,-12.1549,-6.00248,6.90552,-1.83816,5.63868,-0,-0,-0,-0,-0,-0
20.0304,0.944872,-0.0164071,-0.15072,0.079194,-0.240975,-0.424452,-4.57434,-12.6474,-5.8729,5.81256,-3.70944,6.48324,-0,-0,-0,-0,-0,-0
20.0357,0.979515,-0.0227581,-0.151964,0.086031,-0.235833,-0.44321,-3.9597,-12.0761,-6.13624,6.44184,-2.50884,5.59728,-0,-0,-0,-0,-0,-0
20.0403,0.992441,-0.0526812,-0.146642,0.0790127,-0.228592,-0.417278,-3.5263,-11.3433,-6.01711,6.34248,-3.88332,4.68648,-0,-0,-0,-0,-0,-0
20.0452,1.02171,-0.0851013,-0.138899,0.053488,-0.199481,-0.406014,-4.64526,-11.6466,-6.12997,7.4106,-3.55212,6.11892,-0,-0,-0,-0,-0,-0
20.0502,1.05283,-0.0826002,-0.130496,0.0256498,-0.198392,-0.409941,-4.01486,-12.7695,-6.06936,6.6654,-2.84832,5.82084,-0,-0,-0,-0,-0,-0
20.0553,1.09604,-0.0413692,-0.10894,0.0249185,-0.239496,-0.384894,-5.0038,-12.9705,-6.51871,5.89536,-1.52352,4.52088,-0,-0,-0,-0,-0,-0
20.0603,1.12992,-0.0220774,-0.109194,0.0731598,-0.249177,-0.345944,-4.05032,-12.4543,-5.57194,4.72788,-4.25592,5.43168,-0,-0,-0,-0,-0,-0
20.0652,1.15034,0.0184746,-0.104662,0.128392,-0.251845,-0.356352,-4.14488,-12.8168,-5.9565,5.32404,-1.48212,6.67368,-0,-0,-0,-0,-0,-0
20.0702,1.14658,0.0302879,-0.117621,0.152975,-0.290691,-0.38223,-3.41992,-12.4859,-5.66181,6.3342,-3.1878,6.20172,-0,-0,-0,-0,-0,-0
20.0752,1.14003,0.0693493,-0.112457,0.146369,-0.268232,-0.394636,-3.41992,-12.4859,-5.66181,6.3342,-3.1878,6.20172,-0,-0,-0,-0,-0,-0
20.0802,1.15661,0.0440501,-0.132587,0.155462,-0.256481,-0.40498,-4.7083,-11.0635,-5.46535,5.99472,-3.86676,6.03612,-0,-0,-0,-0,-0,-0
20.0852,1.20607,0.02137,-0.135356,0.158239,-0.206707,-0.412457,-4.7083,-11.0635,-5.46535,5.99472,-3.86676,6.03612,-0,-0,-0,-0,-0,-0
20.0904,1.22503,0.00910522,-0.132011,0.150008,-0.203663,-0.409815,-3.63268,-12.5568,-6.46646,6.75648,-2.53368,5.43168,-0,-0,-0,-0,-0,-0
20.0953,1.20799,-0.00623436,-0.131121,0.155205,-0.219472,-0.387719,-3.13624,-11.8239,-5.98785,6.06924,-3.61836,4.94316,-0,-0,-0,-0,-0,-0
20.1003,1.18836,-0.00253272,-0.12008,0.16471,-0.18469,-0.357642,-3.13624,-11.8239,-5.98785,6.06924,-3.61836,4.94316,-0,-0,-0,-0,-0,-0
20.1054,1.18832,-0.0285441,-0.133682,0.177632,-0.169279,-0.367474,-4.32612,-11.7451,-5.78721,6.17688,-3.66804,6.50808,-0,-0,-0,-0,-0,-0
20.1103,1.23584,-0.068455,-0.157408,0.178543,-0.141314,-0.365592,-5.02744,-11.4457,-5.63464,6.52464,-4.31388,4.49604,-0,-0,-0,-0,-0,-0
20.1153,1.29331,-0.0686678,-0.1565,0.177925,-0.0833517,-0.322055,-5.02744,-11.4457,-5.63464,6.52464,-4.31388,4.49604,-0,-0,-0,-0,-0,-0
20.1204,1.31821,-0.0954453,-0.168408,0.205867,-0.0786448,-0.336792,-4.19216,-11.1581,-5.7057,5.91192,-3.03048,6.88068,-0,-0,-0,-0,-0,-0
20.1252,1.34262,-0.137048,-0.174657,0.235183,-0.0972229,-0.357025,-4.42068,-10.4883,-5.63882,6.22656,-2.7324,5.33232,-0,-0,-0,-0,-0,-0
20.1305,1.34313,-0.189018,-0.202846,0.265156,-0.10356,-0.302828,-3.4672,-11.887,-5.63046,5.4648,-3.65976,3.6846,-0,-0,-0,-0,-0,-0
20.1354,1.35394,-0.198001,-0.216214,0.298272,-0.064493,-0.237157,-4.56646,-11.3905,-5.5176,6.73164,-4.968,4.57884,-0,-0,-0,-0,-0,-0
20.1402,1.37234,-0.198921,-0.229218,0.294706,-0.0289554,-0.196986,-4.12912,-12.4189,-5.86872,6.81444,-3.81708,4.37184,-0,-0,-0,-0,-0,-0
20.1452,1.43262,-0.15341,-0.20452,0.253125,0.0427234,-0.236548,-6.04002,-13.0217,-6.8552,8.6526,-6.52464,8.39592,-0,-0,-0,-0,-0,-0
20.1503,1.5002,-0.119905,-0.188654,0.153268,0.0914021,-0.317798,-5.2599,-12.0879,-5.7266,9.79524,-3.38652,6.47496,-0,-0,-0,-0,-0,-0
20.1553,1.52078,-0.144066,-0.210507,0.14535,0.088882,-0.342066,-4.20004,-11.0044,-5.55731,5.80428,-4.6782,6.32592,-0,-0,-0,-0,-0,-0
20.1605,1.50085,-0.177598,-0.234128,0.232122,0.0572578,-0.346229,-3.75482,-11.4575,-5.55313,5.2578,-2.72412,5.4234,-0,-0,-0,-0,-0,-0
20.1653,1.48459,-0.185208,-0.234047,0.269399,0.019987,-0.317343,-3.75482,-11.556,-6.20103,7.34436,-3.30372,4.78584,-0,-0,-0,-0,-0,-0
20.1703,1.48739,-0.199237,-0.239406,0.274366,-0.0167588,-0.298118,-4.93288,-11.7333,-5.75795,7.19532,-3.0222,5.53932,-0,-0,-0,-0,-0,-0
20.1754,1.50422,-0.208602,-0.247029,0.287743,-0.0562005,-0.293744,-4.42856,-11.1226,-5.64509,6.64884,-3.15468,5.51448,-0,-0,-0,-0,-0,-0
20.1802,1.50199,-0.2121,-0.240524,0.332327,-0.0706629,-0.278864,-3.70754,-11.6979,-6.20521,5.53104,-3.70944,4.8852,-0,-0,-0,-0,-0,-0
20.1854,1.51019,-0.209124,-0.228646,0.355298,-0.0744024,-0.274938,-4.77134,-11.1935,-5.79139,7.0794,-3.58524,5.68008,-0,-0,-0,-0,-0,-0
20.1902,1.52652,-0.17968,-0.202246,0.35261,-0.0575609,-0.307184,-3.7233,-12.6395,-6.6671,6.5412,-4.36356,6.57432,-0,-0,-0,-0,-0,-0
20.1952,1.54055,-0.130846,-0.185505,0.357341,-0.0408676,-0.341247,-4.5901,-12.0564,-5.41937,6.15204,-3.46104,5.82912,-0,-0,-0,-0,-0,-0
20.2002,1.55836,-0.121937,-0.177073,0.363705,-0.0428095,-0.344871,-4.11336,-10.701,-6.16341,6.23484,-3.73428,5.12532,-0,-0,-0,-0,-0,-0
20.2052,1.5762,-0.158149,-0.176099,0.326548,-0.0227241,-0.33992,-4.64526,-10.4213,-5.43191,8.30484,-4.66164,5.55588,-0,-0,-0,-0,-0,-0
20.2102,1.59162,-0.230821,-0.192024,0.292018,0.0257064,-0.335274,-3.79028,-9.26688,-5.56567,7.11252,-4.81068,5.26608,-0,-0,-0,-0,-0,-0
20.2152,1.58612,-0.325307,-0.196339,0.301559,0.0399576,-0.304434,-3.83362,-9.72786,-6.2282,6.17688,-3.55212,4.14828,-0,-0,-0,-0,-0,-0
20.2202,1.57839,-0.354967,-0.184903,0.322083,0.0326268,-0.295873,-3.9794,-11.0005,-5.71615,7.0794,-4.1814,5.9202,-0,-0,-0,-0,-0,-0
20.2252,1.5746,-0.366779,-0.188372,0.304919,0.0247338,-0.339358,-3.89666,-10.0628,-5.30442,7.38576,-3.50244,6.39216,-0,-0,-0,-0,-0,-0
20.2302,1.57535,-0.377929,-0.189967,0.273072,0.0281162,-0.389628,-3.89666,-10.0628,-5.30442,7.38576,-3.50244,6.39216,-0,-0,-0,-0,-0,-0
20.2352,1.57893,-0.431394,-0.218913,0.259041,0.0339571,-0.3966,-4.42856,-9.88152,-5.20619,6.86412,-4.52916,4.49604,-0,-0,-0,-0,-0,-0
20.2403,1.59272,-0.524903,-0.272065,0.285557,0.0417432,-0.387362,-4.32612,-9.31022,-4.88851,6.1272,-4.1814,5.72976,-0,-0,-0,-0,-0,-0
20.2452,1.60787,-0.565489,-0.292467,0.315399,0.075832,-0.401325,-4.32612,-9.31022,-4.88851,6.1272,-4.1814,5.72976,-0,-0,-0,-0,-0,-0
20.2502,1.61075,-0.598689,-0.314075,0.295836,0.0689754,-0.415433,-4.0779,-10.7404,-5.49252,8.71056,-3.26232,5.78772,-0,-0,-0,-0,-0,-0
20.2553,1.61544,-0.588566,-0.319209,0.271049,0.0594208,-0.410548,-4.2158,-10.6459,-5.21037,6.81444,-3.80052,5.10876,-0,-0,-0,-0,-0,-0
20.2604,1.63269,-0.601135,-0.321551,0.266452,0.0931855,-0.410646,-4.63344,-9.55056,-5.41101,7.50168,-5.55588,6.06924,-0,-0,-0,-0,-0,-0
20.2655,1.64818,-0.626243,-0.315588,0.258612,0.0957373,-0.403209,-4.3734,-10.1652,-5.69734,7.11252,-2.79864,5.07564,-0,-0,-0,-0,-0,-0
20.2702,1.6414,-0.639284,-0.310629,0.272945,0.0775767,-0.387383,-3.39628,-9.89334,-5.26889,6.4584,-4.72788,5.23296,-0,-0,-0,-0,-0,-0
20.2752,1.63983,-0.672777,-0.321206,0.288823,0.102965,-0.398703,-4.99198,-9.32598,-5.13722,6.88068,-5.18328,6.14376,-0,-0,-0,-0,-0,-0
20.2804,1.68174,-0.705911,-0.341396,0.274855,0.131559,-0.389832,-4.66496,-9.54268,-4.69623,7.4934,-4.07376,4.08204,-0,-0,-0,-0,-0,-0
20.2854,1.70619,-0.70838,-0.374777,0.283084,0.123266,-0.355048,-4.95652,-10.2755,-4.25733,6.4998,-4.11516,4.87692,-0,-0,-0,-0,-0,-0
20.2904,1.71947,-0.702974,-0.384209,0.256116,0.114555,-0.361683,-3.99516,-9.66482,-5.61165,9.05004,-3.79224,5.69664,-0,-0,-0,-0,-0,-0
20.2953,1.69734,-0.700684,-0.372772,0.212112,0.101397,-0.363857,-3.41204,-10.0706,-5.08288,7.48512,-4.02408,4.81896,-0,-0,-0,-0,-0,-0
20.3004,1.69103,-0.694047,-0.356442,0.217979,0.119088,-0.384606,-4.1173,-9.85,-5.80184,7.14564,-5.03424,6.831,-0,-0,-0,-0,-0,-0
20.3053,1.6901,-0.713028,-0.341659,0.212879,0.132538,-0.393064,-3.78634,-8.8256,-5.00137,7.23672,-4.04064,4.33044,-0,-0,-0,-0,-0,-0
20.3104,1.6705,-0.730481,-0.332196,0.214713,0.148029,-0.359545,-2.83286,-9.12898,-5.12259,7.41888,-4.64508,4.86036,-0,-0,-0,-0,-0,-0
20.3156,1.63982,-0.779747,-0.346504,0.197472,0.146355,-0.356825,-4.08578,-8.88864,-5.03063,7.81632,-4.1814,5.66352,-0,-0,-0,-0,-0,-0
20.3203,1.64821,-0.829646,-0.374426,0.242289,0.1235,-0.342652,-3.71542,-9.1999,-4.49141,5.14188,-3.65148,4.2228,-0,-0,-0,-0,-0,-0
20.3252,1.63574,-0.820665,-0.387367,0.278558,0.0938815,-0.325676,-3.7036,-10.2913,-5.04735,7.1622,-3.77568,5.34888,-0,-0,-0,-0,-0,-0
20.3302,1.65095,-0.794584,-0.370492,0.241936,0.0658894,-0.322957,-4.14094,-9.54268,-5.43609,8.89272,-3.32028,5.10048,-0,-0,-0,-0,-0,-0
20.3354,1.65005,-0.787288,-0.357795,0.193924,0.0685731,-0.321464,-3.39234,-9.76726,-5.11632,8.05644,-5.382,5.36544,-0,-0,-0,-0,-0,-0
20.3404,1.66253,-0.769436,-0.322312,0.209256,0.105614,-0.315387,-4.34582,-9.24324,-5.90425,6.25968,-4.49604,4.76928,-0,-0,-0,-0,-0,-0
20.3452,1.66361,-0.77767,-0.302309,0.235102,0.0940118,-0.307677,-3.4278,-9.4757,-5.06407,7.39404,-4.3056,5.0508,-0,-0,-0,-0,-0,-0
20.3503,1.68067,-0.765757,-0.288496,0.209727,0.102453,-0.287498,-4.42068,-9.11716,-5.05989,8.33796,-4.53744,4.09032,-0,-0,-0,-0,-0,-0
20.3552,1.69619,-0.782615,-0.298466,0.173504,0.0924772,-0.2981,-3.86908,-9.5742,-4.94285,7.9902,-3.99096,6.34248,-0,-0,-0,-0,-0,-0
20.3604,1.71544,-0.763887,-0.310997,0.190356,0.0853828,-0.34113,-4.7083,-9.93274,-4.49559,6.11064,-4.4298,5.78772,-0,-0,-0,-0,-0,-0
20.3654,1.74173,-0.724329,-0.318325,0.211121,0.0856831,-0.382884,-4.52706,-9.88152,-4.74221,7.15392,-4.44636,6.2928,-0,-0,-0,-0,-0,-0
20.3706,1.75133,-0.644504,-0.285169,0.181214,0.111391,-0.399634,-3.59328,-10.2913,-5.3922,8.61948,-4.72788,4.97628,-0,-0,-0,-0,-0,-0
20.3755,1.73815,-0.602496,-0.269785,0.159444,0.125251,-0.368639,-4.06214,-9.8106,-4.90523,7.452,-5.05908,3.71772,-0,-0,-0,-0,-0,-0
20.3803,1.7237,-0.579997,-0.259077,0.161043,0.153855,-0.341441,-2.94712,-8.99502,-4.85925,7.35264,-5.10048,5.07564,-0,-0,-0,-0,-0,-0
20.3853,1.68958,-0.559943,-0.243184,0.157179,0.200627,-0.345828,-2.94712,-8.99502,-4.85925,7.35264,-5.10048,5.07564,-0,-0,-0,-0,-0,-0
20.3903,1.65928,-0.626445,-0.26901,0.144432,0.190008,-0.366787,-3.40416,-7.8603,-4.61263,8.00676,-3.91644,5.84568,-0,-0,-0,-0,-0,-0
20.3952,1.65791,-0.659031,-0.266423,0.119623,0.187177,-0.396922,-3.40416,-7.8603,-4.61263,8.00676,-3.91644,5.84568,-0,-0,-0,-0,-0,-0
20.4002,1.62101,-0.718461,-0.288565,0.144749,0.179147,-0.375487,-2.19064,-8.17156,-4.40781,6.10236,-4.70304,3.73428,-0,-0,-0,-0,-0,-0
20.4053,1.58608,-0.724102,-0.305819,0.216892,0.175363,-0.345424,-2.52554,-9.11322,-3.88949,5.55588,-3.75084,5.2578,-0,-0,-0,-0,-0,-0
20.4105,1.54955,-0.728732,-0.300982,0.22354,0.13665,-0.375334,-1.69814,-7.90364,-5.17902,8.0316,-2.79864,6.003,-0,-0,-0,-0,-0,-0
20.4157,1.53836,-0.748172,-0.324853,0.200415,0.12263,-0.357943,-3.00228,-8.55374,-2.67729,6.59916,-4.5126,3.1878,-0,-0,-0,-0,-0,-0
20.4202,1.51707,-0.744835,-0.3664,0.244206,0.0908155,-0.31032,-1.43022,-8.61678,-4.03161,4.6368,-2.37636,4.39668,-0,-0,-0,-0,-0,-0
20.4254,1.49057,-0.732381,-0.390267,0.273885,0.0368883,-0.316212,-2.06062,-8.14398,-2.88838,6.45012,-2.58336,5.22468,-0,-0,-0,-0,-0,-0
20.4304,1.50927,-0.723958,-0.408414,0.242129,0.00191138,-0.31346,-2.67132,-8.17156,-3.9083,7.13736,-2.7738,4.40496,-0,-0,-0,-0,-0,-0
20.4353,1.51179,-0.744981,-0.395136,0.247789,-0.0644118,-0.271722,-1.8321,-6.66648,-4.22598,4.2642,-1.19232,3.25404,-0,-0,-0,-0,-0,-0
20.4405,1.62611,-0.777194,-0.301823,0.106299,-0.0462832,-0.286868,-7.27324,-7.10382,-7.1269,12.8092,-6.13548,6.84756,-0,-0,-0,-0,-0,-0
20.4453,1.88405,-0.810774,-0.180613,-0.154448,0.0818203,-0.339496,-8.84136,-6.61132,-5.87499,10.9876,-6.46668,4.97628,-0,-0,-0,-0,-0,-0
20.4502,2.04772,-0.850041,-0.15203,-0.294104,0.153885,-0.33074,-4.60192,-8.04548,-4.25106,9.6462,-5.14188,4.12344,-0,-0,-0,-0,-0,-0
20.4554,2.07383,-0.871549,-0.163161,-0.328493,0.175435,-0.351695,-4.20792,-7.28112,-4.44752,8.13924,-4.6368,6.38388,-0,-0,-0,-0,-0,-0
20.4603,2.06857,-0.915874,-0.180261,-0.307901,0.221737,-0.402408,-4.0385,-7.06048,-4.00235,7.9074,-6.89724,5.7546,-0,-0,-0,-0,-0,-0
20.4653,2.05267,-0.949367,-0.195026,-0.286594,0.321005,-0.430653,-3.75482,-7.8012,-4.70668,8.18064,-6.97176,5.48964,-0,-0,-0,-0,-0,-0
20.4703,2.03638,-0.978629,-0.197803,-0.259339,0.402009,-0.425151,-3.92818,-6.79256,-4.3472,7.80804,-6.05268,4.12344,-0,-0,-0,-0,-0,-0
20.4754,2.03396,-1.04431,-0.212973,-0.235059,0.430135,-0.442004,-4.34976,-6.82408,-4.57083,7.85772,-5.36544,6.34248,-0,-0,-0,-0,-0,-0
20.4804,2.03462,-1.10215,-0.222076,-0.172688,0.461654,-0.453173,-3.86908,-6.59162,-4.30958,6.16032,-6.31764,4.35528,-0,-0,-0,-0,-0,-0
20.4854,2.04199,-1.15597,-0.249469,-0.112723,0.489622,-0.435184,-4.4719,-6.78074,-3.62406,7.44372,-5.27436,4.83552,-0,-0,-0,-0,-0,-0
20.4903,2.02862,-1.16858,-0.263671,-0.11552,0.5037,-0.39687,-2.96682,-7.47418,-4.2845,9.07488,-5.4648,3.36996,-0,-0,-0,-0,-0,-0
20.4953,1.9842,-1.186,-0.268285,-0.147167,0.495264,-0.389655,-3.52236,-7.84848,-5.00346,9.17424,-4.97628,5.97816,-0,-0,-0,-0,-0,-0
20.5007,1.9684,-1.14525,-0.24015,-0.160547,0.490877,-0.393072,-3.82968,-8.71134,-4.8906,8.35452,-5.23296,4.21452,-0,-0,-0,-0,-0,-0
20.5053,1.94847,-1.07169,-0.222727,-0.175526,0.471584,-0.362578,-3.24262,-8.66406,-4.03161,8.38764,-4.25592,4.37184,-0,-0,-0,-0,-0,-0
20.5103,1.92632,-1.02738,-0.230566,-0.172904,0.469606,-0.37252,-3.41204,-7.81696,-3.91248,7.84944,-6.0444,5.45652,-0,-0,-0,-0,-0,-0
20.5154,1.91328,-1.01109,-0.236737,-0.183305,0.456207,-0.389151,-3.61692,-7.4072,-4.06296,8.4042,-3.8502,4.52088,-0,-0,-0,-0,-0,-0
20.5202,1.90669,-1.0162,-0.24185,-0.185964,0.417935,-0.391477,-3.04956,-7.19838,-4.15492,8.23032,-4.54572,5.08392,-0,-0,-0,-0,-0,-0
20.5252,1.89536,-1.00667,-0.234113,-0.18138,0.408916,-0.404469,-3.04956,-7.19838,-4.15492,8.23032,-4.54572,5.08392,-0,-0,-0,-0,-0,-0
20.5302,1.87229,-1.07357,-0.268924,-0.191121,0.369853,-0.380694,-3.30172,-6.45766,-3.77872,8.6526,-4.57884,3.57696,-0,-0,-0,-0,-0,-0
20.5352,1.87372,-1.07939,-0.26634,-0.204914,0.365465,-0.327586,-3.30172,-6.45766,-3.77872,8.6526,-4.57884,3.57696,-0,-0,-0,-0,-0,-0
20.5402,1.90565,-1.09857,-0.2356,-0.216627,0.367643,-0.292945,-4.83044,-6.4616,-5.3504,8.55324,-5.24124,4.3056,-0,-0,-0,-0,-0,-0
20.5455,1.94228,-1.14873,-0.225766,-0.23544,0.38175,-0.296719,-4.37734,-6.54434,-3.90621,8.64432,-6.01128,5.19156,-0,-0,-0,-0,-0,-0
20.5504,1.97901,-1.14732,-0.223009,-0.226797,0.428881,-0.322737,-4.37734,-6.54434,-3.90621,8.64432,-6.01128,5.19156,-0,-0,-0,-0,-0,-0
20.5552,1.98807,-1.18492,-0.22396,-0.19142,0.43664,-0.346329,-3.79028,-6.22126,-4.61263,7.60932,-5.20812,5.15844,-0,-0,-0,-0,-0,-0
20.5603,2.00529,-1.21028,-0.206741,-0.164618,0.483394,-0.340789,-3.88878,-6.27248,-4.28868,9.2736,-7.1208,3.92472,-0,-0,-0,-0,-0,-0
20.5652,2.03127,-1.26933,-0.228021,-0.170823,0.528607,-0.346431,-4.48766,-5.66178,-3.6366,9.24048,-5.68836,5.43996,-0,-0,-0,-0,-0,-0
20.5702,2.04339,-1.33028,-0.246754,-0.181286,0.525878,-0.390445,-3.38446,-5.4372,-3.96264,9.1494,-5.07564,5.64696,-0,-0,-0,-0,-0,-0
20.5752,2.06315,-1.38659,-0.242614,-0.196288,0.511773,-0.438693,-4.5704,-5.49236,-4.54784,8.91756,-5.06736,5.65524,-0,-0,-0,-0,-0,-0
20.5803,2.08402,-1.41677,-0.213163,-0.210554,0.523726,-0.451412,-3.3096,-5.62238,-4.61472,9.44748,-5.82912,4.09032,-0,-0,-0,-0,-0,-0
20.5854,2.09283,-1.4462,-0.195574,-0.226309,0.554704,-0.471672,-5.0629,-5.60662,-4.34093,8.45388,-6.60744,5.95332,-0,-0,-0,-0,-0,-0
20.5902,2.12387,-1.47822,-0.181835,-0.230454,0.580431,-0.474511,-3.60116,-4.88166,-4.15074,9.33984,-5.43996,3.36996,-0,-0,-0,-0,-0,-0
20.5953,2.12806,-1.5239,-0.184904,-0.249663,0.564334,-0.456102,-4.47584,-4.38916,-3.66168,8.95068,-5.10876,4.91832,-0,-0,-0,-0,-0,-0
20.6003,2.13253,-1.56073,-0.19412,-0.23374,0.535706,-0.433461,-3.20716,-4.0779,-3.51956,8.26344,-4.50432,3.28716,-0,-0,-0,-0,-0,-0
20.6053,2.11227,-1.62175,-0.20485,-0.241825,0.521602,-0.418767,-4.16458,-2.66738,-3.84769,9.36468,-6.17688,5.27436,-0,-0,-0,-0,-0,-0
20.6105,2.10196,-1.7007,-0.205302,-0.254627,0.517587,-0.389494,-3.28202,-1.66268,-3.65959,8.29656,-4.78584,2.3184,-0,-0,-0,-0,-0,-0
20.6153,2.08679,-1.80961,-0.222478,-0.23839,0.518588,-0.354542,-3.20716,0.09062,-3.01796,8.2386,-6.07752,4.9266,-0,-0,-0,-0,-0,-0
20.6202,2.0923,-1.95424,-0.245928,-0.211262,0.535245,-0.363321,-3.77452,1.36324,-3.22696,7.85772,-5.40684,4.47948,-0,-0,-0,-0,-0,-0
20.6254,2.10065,-2.11569,-0.257703,-0.220528,0.533771,-0.388846,-3.71936,2.44674,-3.5112,9.57168,-5.48136,5.66352,-0,-0,-0,-0,-0,-0
20.6302,2.11622,-2.2835,-0.277059,-0.222197,0.522021,-0.409448,-3.89272,2.8959,-2.98243,8.25516,-5.18328,4.33872,-0,-0,-0,-0,-0,-0
20.6352,2.17868,-2.42617,-0.305112,-0.207394,0.509569,-0.431787,-5.90606,4.0779,-2.66684,8.93412,-5.34888,5.85396,-0,-0,-0,-0,-0,-0
20.6401,2.28529,-2.49901,-0.32357,-0.188484,0.511887,-0.483912,-5.90606,4.0779,-2.66684,8.93412,-5.34888,5.85396,-0,-0,-0,-0,-0,-0
20.6452,2.38463,-2.48686,-0.339486,-0.163888,0.516559,-0.53147,-5.90606,4.0779,-2.66684,8.93412,-5.34888,5.85396,-0,-0,-0,-0,-0,-0
20.6505,2.44621,-2.44133,-0.376251,-0.183326,0.499481,-0.535226,-5.20474,4.10154,-2.75253,10.2506,-5.03424,4.15656,-0,-0,-0,-0,-0,-0
20.6552,2.45493,-2.35429,-0.40827,-0.157876,0.491357,-0.49703,-3.6051,4.62162,-2.85494,7.89912,-6.05268,3.80052,-0,-0,-0,-0,-0,-0
20.6602,2.4095,-2.2668,-0.463407,-0.0693013,0.496685,-0.475562,-3.33324,4.47978,-2.35961,7.11252,-6.13548,4.71132,-0,-0,-0,-0,-0,-0
20.6652,2.36236,-2.11512,-0.499919,0.029377,0.508398,-0.47585,-3.33324,4.47978,-2.35961,7.11252,-6.13548,4.71132,-0,-0,-0,-0,-0,-0
20.6703,2.2954,-1.9727,-0.525029,0.0843396,0.512914,-0.45476,-3.12836,4.62556,-3.12246,7.85772,-6.25968,3.86676,-0,-0,-0,-0,-0,-0
20.6752,2.24825,-1.83951,-0.555641,0.116882,0.483001,-0.431229,-3.16776,4.89348,-2.0064,8.00676,-4.57884,4.29732,-0,-0,-0,-0,-0,-0
20.6802,2.20186,-1.73714,-0.585838,0.147339,0.429757,-0.433566,-3.20716,6.07548,-2.89883,7.4106,-5.05908,5.06736,-0,-0,-0,-0,-0,-0
20.6853,2.16731,-1.63559,-0.576345,0.148648,0.402864,-0.447611,-3.15594,5.46872,-3.25413,8.9838,-5.33232,4.3056,-0,-0,-0,-0,-0,-0
20.6906,2.15249,-1.50163,-0.556035,0.092745,0.424927,-0.469122,-3.32142,4.88166,-3.09111,10.3666,-6.85584,5.33232,-0,-0,-0,-0,-0,-0
20.6953,2.1649,-1.35105,-0.541781,0.0221196,0.451914,-0.504445,-3.57752,4.3734,-2.99915,10.4328,-5.5062,5.15844,-0,-0,-0,-0,-0,-0
20.7002,2.1813,-1.1472,-0.526744,-0.0278042,0.472005,-0.524852,-4.0385,3.02986,-2.75044,9.53856,-6.35076,4.54572,-0,-0,-0,-0,-0,-0
20.7053,2.19142,-0.959739,-0.534451,-0.0323164,0.453728,-0.520647,-3.27808,4.72012,-1.93743,8.7354,-4.06548,4.23108,-0,-0,-0,-0,-0,-0
20.7103,2.2099,-0.831732,-0.541578,-0.0495525,0.411616,-0.499562,-3.83756,5.3978,-2.63758,10.1016,-5.0508,3.4776,-0,-0,-0,-0,-0,-0
20.7153,2.22097,-0.740081,-0.555459,-0.0983001,0.400363,-0.467119,-3.51448,5.55146,-2.1109,9.09972,-5.73804,3.90816,-0,-0,-0,-0,-0,-0
20.7205,2.21598,-0.661586,-0.561728,-0.101368,0.388478,-0.452895,-3.2308,5.9888,-2.84031,8.4042,-5.10876,4.18968,-0,-0,-0,-0,-0,-0
20.7252,2.21734,-0.59524,-0.56147,-0.111872,0.370048,-0.408855,-3.8612,5.79574,-2.51218,9.36468,-5.68836,2.39292,-0,-0,-0,-0,-0,-0
20.7303,2.22996,-0.535295,-0.572738,-0.144427,0.348817,-0.382876,-3.6642,5.8903,-2.57697,9.96084,-5.10048,4.89348,-0,-0,-0,-0,-0,-0
20.7352,2.25178,-0.479106,-0.580975,-0.177244,0.351374,-0.386964,-3.99516,6.27642,-2.34289,9.54684,-6.32592,3.4362,-0,-0,-0,-0,-0,-0
20.7403,2.27901,-0.384584,-0.565686,-0.193572,0.384335,-0.377606,-4.20398,4.95258,-3.07648,9.24876,-6.30108,4.48776,-0,-0,-0,-0,-0,-0
20.7455,2.29783,-0.293666,-0.551049,-0.214026,0.438689,-0.38963,-3.80998,6.1267,-2.58742,9.87804,-7.22844,4.4712,-0,-0,-0,-0,-0,-0
20.7503,2.33433,-0.195531,-0.543582,-0.232168,0.477824,-0.388436,-4.4128,5.0235,-2.29482,9.47232,-5.74632,3.70116,-0,-0,-0,-0,-0,-0
20.7553,2.33676,-0.105839,-0.549421,-0.248074,0.465101,-0.393253,-3.3293,6.71376,-1.81412,9.22392,-5.15016,4.75272,-0,-0,-0,-0,-0,-0
20.7603,2.33303,-0.0652728,-0.555804,-0.258523,0.463282,-0.414501,-3.45538,6.84772,-2.36379,9.32328,-6.14376,4.53744,-0,-0,-0,-0,-0,-0
20.7655,2.34909,-0.0367237,-0.544859,-0.301627,0.491933,-0.419432,-4.35764,7.48994,-2.39932,10.3831,-6.49152,4.06548,-0,-0,-0,-0,-0,-0
20.7706,2.35207,-0.0162971,-0.543048,-0.332481,0.498539,-0.406153,-3.52236,6.7571,-2.36379,9.20736,-5.64696,3.75912,-0,-0,-0,-0,-0,-0
20.7753,2.33529,0.0376035,-0.551419,-0.343897,0.488342,-0.423912,-3.31748,6.31582,-1.69708,9.3978,-5.68008,5.3406,-0,-0,-0,-0,-0,-0
20.7807,2.30204,0.129649,-0.555728,-0.397843,0.507562,-0.424067,-3.10078,5.8509,-1.97087,10.7309,-6.7896,3.08016,-0,-0,-0,-0,-0,-0
20.7853,2.281,0.213179,-0.554435,-0.458008,0.539096,-0.38649,-3.58934,6.12276,-2.299,9.51372,-6.30936,3.67632,-0,-0,-0,-0,-0,-0
20.7904,2.27788,0.298363,-0.546608,-0.465285,0.591469,-0.384536,-3.41992,5.9888,-2.03566,9.36468,-7.84116,4.4298,-0,-0,-0,-0,-0,-0
20.7953,2.30399,0.360287,-0.531578,-0.467235,0.61725,-0.350169,-4.43644,6.8359,-2.62295,9.87804,-5.2992,2.26872,-0,-0,-0,-0,-0,-0
20.8003,2.31884,0.389765,-0.507845,-0.4843,0.588262,-0.304239,-3.14018,6.88318,-2.82359,10.557,-5.72148,3.69288,-0,-0,-0,-0,-0,-0
20.8053,2.32066,0.420111,-0.507816,-0.554737,0.586713,-0.309477,-3.80998,6.6586,-1.75978,11.6003,-6.46668,4.43808,-0,-0,-0,-0,-0,-0
20.8104,2.33776,0.451764,-0.529733,-0.607829,0.594115,-0.332364,-3.80998,6.6586,-1.75978,11.6003,-6.46668,4.43808,-0,-0,-0,-0,-0,-0
20.8152,2.35067,0.456189,-0.541139,-0.631415,0.599122,-0.348299,-3.41598,7.92334,-2.3617,9.522,-5.72976,4.38012,-0,-0,-0,-0,-0,-0
20.8202,2.35032,0.441114,-0.54803,-0.595446,0.561411,-0.364204,-3.51448,7.37568,-2.05447,9.21564,-5.0922,4.17312,-0,-0,-0,-0,-0,-0
20.8254,2.34709,0.440974,-0.557788,-0.557475,0.507225,-0.377592,-3.51448,7.37568,-2.05447,9.21564,-5.0922,4.17312,-0,-0,-0,-0,-0,-0
20.8305,2.36936,0.459098,-0.554923,-0.594197,0.502737,-0.401069,-4.44432,7.05654,-2.54353,10.8799,-6.43356,4.81068,-0,-0,-0,-0,-0,-0
20.8352,2.41175,0.488493,-0.534097,-0.633612,0.511208,-0.441554,-4.44432,7.05654,-2.54353,10.8799,-6.43356,4.81068,-0,-0,-0,-0,-0,-0
20.8402,2.44849,0.546847,-0.526267,-0.660911,0.535875,-0.482669,-4.12518,6.2055,-1.8392,9.96912,-6.84756,4.95144,-0,-0,-0,-0,-0,-0
20.8453,2.46281,0.600698,-0.525925,-0.649237,0.540866,-0.487986,-4.13306,7.23384,-2.23421,8.68572,-5.70492,3.32856,-0,-0,-0,-0,-0,-0
20.8502,2.46121,0.640149,-0.521803,-0.674063,0.534239,-0.495231,-3.2702,7.16686,-1.65946,11.65,-6.30936,5.08392,-0,-0,-0,-0,-0,-0
20.8553,2.43871,0.672142,-0.530819,-0.747629,0.529883,-0.541906,-3.3096,7.2102,-1.84756,10.8882,-6.10236,5.15016,-0,-0,-0,-0,-0,-0
20.8603,2.4423,0.708424,-0.52716,-0.755562,0.507554,-0.52459,-3.91242,7.8406,-1.61139,9.29844,-4.968,2.34324,-0,-0,-0,-0,-0,-0
20.8652,2.44472,0.738054,-0.521952,-0.762222,0.481412,-0.48888,-3.67208,7.18656,-2.15479,10.8716,-6.17688,4.14828,-0,-0,-0,-0,-0,-0
20.8702,2.43892,0.764708,-0.52136,-0.786981,0.488102,-0.491784,-3.47114,7.61996,-1.62811,10.3169,-6.57432,3.87504,-0,-0,-0,-0,-0,-0
20.8753,2.43473,0.809768,-0.512591,-0.787081,0.539699,-0.472781,-4.06214,6.64284,-2.35125,9.12456,-8.14752,3.01392,-0,-0,-0,-0,-0,-0
20.8803,2.44123,0.877806,-0.494821,-0.771435,0.616653,-0.443005,-3.92424,7.0723,-1.72843,9.46404,-7.55964,3.5604,-0,-0,-0,-0,-0,-0
20.8853,2.44604,0.92741,-0.48396,-0.839436,0.674691,-0.460213,-4.24338,7.63966,-1.91026,12.569,-7.5348,5.1336,-0,-0,-0,-0,-0,-0
20.8903,2.43028,0.968401,-0.476554,-0.878917,0.711487,-0.427604,-2.58464,7.683,-1.44419,8.91756,-6.38388,1.49868,-0,-0,-0,-0,-0,-0
20.8953,2.37738,1.00135,-0.479171,-0.824313,0.705028,-0.381237,-2.2655,7.51752,-1.66573,8.9424,-6.2928,4.23108,-0,-0,-0,-0,-0,-0
20.9003,2.30138,1.00359,-0.490173,-0.793105,0.685226,-0.382872,-1.2805,8.67982,-1.29162,10.0768,-5.63868,3.6432,-0,-0,-0,-0,-0,-0
20.9054,2.21988,0.993421,-0.499772,-0.802762,0.645713,-0.398188,-1.15836,8.07306,-1.6093,10.9296,-5.2992,4.57884,-0,-0,-0,-0,-0,-0
20.9102,2.153,1.04835,-0.513885,-0.863246,0.599002,-0.391371,-1.61146,6.23308,-0.85063,11.1532,-4.99284,2.7324,-0,-0,-0,-0,-0,-0
20.9152,2.11338,1.09171,-0.533839,-0.919058,0.527292,-0.362958,-1.10714,8.36068,-1.14323,11.1946,-4.27248,3.48588,-0,-0,-0,-0,-0,-0
20.9202,2.10593,1.07868,-0.518198,-0.951205,0.453727,-0.375695,-2.1276,8.66012,-2.40768,9.86148,-4.37184,4.28076,-0,-0,-0,-0,-0,-0
20.9253,2.1153,1.0696,-0.513959,-0.993303,0.432405,-0.382108,-1.74936,8.72316,-0.21318,10.6978,-6.1686,3.23748,-0,-0,-0,-0,-0,-0
20.9302,2.11308,1.12154,-0.525323,-1.05342,0.462052,-0.365912,-1.46962,6.17792,-1.52361,10.6398,-6.63228,3.40308,-0,-0,-0,-0,-0,-0
20.9352,2.1106,1.20309,-0.528157,-1.12377,0.467969,-0.322065,-0.61464,7.80514,-0.10659,10.7888,-4.65336,2.05344,-0,-0,-0,-0,-0,-0
20.9402,2.29929,1.17284,-0.481853,-1.38443,0.477976,-0.323946,-10.2164,11.2605,-3.50284,18.9612,-6.76476,5.2578,-0,-0,-0,-0,-0,-0
20.9455,2.63899,1.02519,-0.419333,-1.69089,0.518732,-0.359123,-8.20308,11.6979,-2.08373,15.318,-6.84756,3.41964,-0,-0,-0,-0,-0,-0
20.9504,2.77085,0.95994,-0.39801,-1.83248,0.57077,-0.33636,-4.25914,8.14792,-2.18196,12.1716,-7.64244,2.76552,-0,-0,-0,-0,-0,-0
20.9552,2.76202,0.97889,-0.388018,-1.83097,0.627428,-0.319266,-3.49872,7.7618,-2.09209,10.085,-7.8246,3.726,-0,-0,-0,-0,-0,-0
20.9602,2.71915,1.02289,-0.385676,-1.73983,0.680288,-0.31201,-3.69966,7.3087,-1.82248,8.76852,-7.75008,3.16296,-0,-0,-0,-0,-0,-0
20.9653,2.69555,1.0852,-0.389935,-1.59662,0.731058,-0.304267,-4.58616,6.89106,-1.89354,8.00676,-8.06472,3.51072,-0,-0,-0,-0,-0,-0
20.9703,2.69576,1.12739,-0.385414,-1.50277,0.791798,-0.263817,-5.14958,8.34492,-2.07746,10.1596,-8.20548,1.7388,-0,-0,-0,-0,-0,-0
20.9753,2.71611,1.16007,-0.374758,-1.47913,0.872339,-0.236648,-5.24808,7.04472,-2.35752,10.5073,-9.16596,3.92472,-0,-0,-0,-0,-0,-0
20.9803,2.7331,1.2079,-0.361601,-1.43796,0.954002,-0.261509,-5.24808,7.04472,-2.35752,10.5073,-9.16596,3.92472,-0,-0,-0,-0,-0,-0
20.9852,2.76752,1.26952,-0.322666,-1.39279,1.06092,-0.286489,-4.5704,8.79802,-2.26765,9.54684,-8.89272,4.07376,-0,-0,-0,-0,-0,-0
20.9901,2.74643,1.2358,-0.316906,-1.31913,1.12571,-0.314698,-4.5704,8.79802,-2.26765,9.54684,-8.89272,4.07376,-0,-0,-0,-0,-0,-0
20.9954,2.72247,1.23862,-0.32223,-1.27912,1.2092,-0.325474,-4.33794,8.04942,-1.44837,10.1099,-9.05832,3.41136,-0,-0,-0,-0,-0,-0
21.0003,2.68386,1.23971,-0.33419,-1.25576,1.25921,-0.30396,-3.99122,8.99108,-1.95624,9.75384,-7.9488,2.57508,0,0,0,0,0,0
21.0052,2.62794,1.16632,-0.343691,-1.27473,1.2562,-0.304908,-3.40022,10.6222,-1.94788,11.799,-7.2864,4.39668,0,0,0,0,0,0
21.0104,2.57504,1.05489,-0.372542,-1.35955,1.2124,-0.370711,-3.4672,10.374,-1.52152,13.4881,-6.31764,5.47308,0,0,0,0,0,0
21.0155,2.52921,0.942858,-0.403706,-1.47621,1.12424,-0.404058,-3.29384,10.7404,-1.8601,13.2811,-5.4234,3.22092,0,0,0,0,0,0
21.0202,2.49497,0.807963,-0.453511,-1.5376,1.02195,-0.393095,-3.77452,11.3669,-0.72732,11.6582,-5.87052,3.34512,0,0,0,0,0,0
21.0252,2.47615,0.717894,-0.502976,-1.58508,0.945954,-0.403494,-3.65238,9.7712,-1.36686,12.5525,-6.09408,4.08204,0,0,0,0,0,0
21.0302,2.45249,0.670327,-0.526378,-1.65589,0.920655,-0.439879,-3.7233,10.2992,-1.39612,12.9251,-7.87428,4.554,0,0,0,0,0,0
21.0353,2.42406,0.601196,-0.543394,-1.67739,0.922912,-0.479041,-3.43568,11.9579,-0.91124,10.35,-6.6654,4.14828,0,0,0,0,0,0
21.0403,2.39341,0.530196,-0.573889,-1.66324,0.923667,-0.492394,-2.90772,9.71998,-1.17249,11.9812,-8.42076,3.312,0,0,0,0,0,0
21.0452,2.35422,0.54622,-0.574131,-1.71484,0.956221,-0.467574,-2.71072,9.83424,-1.30625,13.397,-7.245,2.6496,0,0,0,0,0,0
21.0502,2.35311,0.536029,-0.582435,-1.76578,0.93984,-0.45541,-4.00698,10.2834,-1.07635,12.5276,-6.76476,3.94128,0,0,0,0,0,0
21.0553,2.36564,0.521013,-0.582312,-1.77883,0.951191,-0.490337,-4.13306,10.7995,-1.43583,11.5837,-7.89912,4.4712,0,0,0,0,0,0
21.0602,2.40514,0.451222,-0.574771,-1.75405,0.974,-0.511926,-4.40886,11.7018,-2.01685,11.5092,-8.13096,3.2706,0,0,0,0,0,0
21.0652,2.43338,0.387033,-0.571146,-1.75352,0.976519,-0.500111,-4.4325,10.6656,-1.37522,11.8901,-7.02972,3.105,0,0,0,0,0,0
21.0703,2.45328,0.357607,-0.568713,-1.73027,0.969116,-0.472802,-4.19216,10.6498,-1.84965,10.1761,-7.66728,2.86488,0,0,0,0,0,0
21.0756,2.47889,0.375583,-0.540486,-1.66492,1.02021,-0.462483,-4.31036,9.76726,-1.80785,10.2092,-8.901,3.69288,0,0,0,0,0,0
21.0803,2.46045,0.364871,-0.541356,-1.66836,1.06486,-0.46735,-3.28202,11.5048,-0.92378,11.7079,-8.0316,3.3948,0,0,0,0,0,0
21.0853,2.40244,0.316464,-0.549299,-1.72556,1.08048,-0.451766,-3.20716,10.6419,-1.97087,12.064,-8.0316,2.84004,0,0,0,0,0,0
21.0903,2.37525,0.321977,-0.523603,-1.76529,1.13444,-0.402602,-4.0188,10.1928,-1.92071,12.155,-9.315,1.7388,0,0,0,0,0,0
21.0955,2.36053,0.313456,-0.515594,-1.85473,1.16579,-0.330844,-3.8021,11.1069,-1.43583,14.6722,-7.04628,1.67256,0,0,0,0,0,0
21.1004,2.34094,0.282836,-0.539582,-1.95268,1.17378,-0.283232,-3.6051,10.5395,-0.90706,12.9913,-8.67744,2.55852,0,0,0,0,0,0
21.1053,2.35521,0.237214,-0.537456,-1.97637,1.19106,-0.281429,-4.44432,12.2534,-2.27183,11.6417,-7.5762,3.45276,0,0,0,0,0,0
21.1104,2.37362,0.154154,-0.546398,-1.98418,1.16294,-0.290584,-4.37734,11.5994,-1.00947,12.155,-7.245,3.05532,0,0,0,0,0,0
21.1153,2.3753,0.114807,-0.57705,-2.04932,1.13957,-0.287391,-4.34188,10.6341,-1.16622,13.4798,-7.66728,3.11328,0,0,0,0,0,0
21.1202,2.34785,0.0937773,-0.584894,-2.10067,1.07768,-0.262802,-3.26232,11.0675,-1.9437,12.1882,-5.62212,2.3598,0,0,0,0,0,0
21.1252,2.32396,0.0696308,-0.591526,-2.11511,0.999911,-0.215102,-4.01092,11.1778,-1.04709,12.5525,-6.69852,1.95408,0,0,0,0,0,0
21.1305,2.29695,0.00683111,-0.639736,-2.12159,0.92889,-0.166255,-4.01092,11.1778,-1.04709,12.5525,-6.69852,1.95408,0,0,0,0,0,0
21.1352,2.29345,-0.034101,-0.663265,-2.17446,0.935803,-0.138895,-3.94788,12.3637,-0.85063,14.6887,-8.87616,2.75724,0,0,0,0,0,0
21.1403,2.29149,-0.0710861,-0.684902,-2.22774,0.972196,-0.150525,-4.42462,10.8902,-1.19339,12.7678,-8.5284,3.6846,0,0,0,0,0,0
21.1452,2.30818,-0.0528983,-0.671442,-2.21615,1.05431,-0.183494,-4.37734,11.4536,-1.54869,11.0041,-10.3252,3.58524,0,0,0,0,0,0
21.1502,2.3717,-0.0884211,-0.624699,-2.2056,1.19168,-0.235702,-7.0132,12.2692,-3.43596,13.4053,-11.8321,4.33872,0,0,0,0,0,0
21.1554,2.47563,-0.13895,-0.593096,-2.28472,1.30546,-0.271364,-7.10382,12.3125,-1.20175,14.3741,-9.66276,3.26232,0,0,0,0,0,0
21.1603,2.50597,-0.172161,-0.627598,-2.28871,1.32193,-0.250935,-5.47266,10.3307,-1.61975,10.5487,-8.64432,2.09484,0,0,0,0,0,0
21.1653,2.46705,-0.150085,-0.639788,-2.19619,1.30226,-0.210743,-4.2158,10.969,-1.53406,10.35,-7.65072,2.2356,0,0,0,0,0,0
21.1704,2.37087,-0.180345,-0.666493,-2.14181,1.24847,-0.20653,-3.51842,11.8279,-1.50271,11.9398,-7.51824,3.62664,0,0,0,0,0,0
21.1754,2.30235,-0.191805,-0.689577,-2.07306,1.22397,-0.223662,-4.49948,10.7089,-1.23937,10.0602,-8.35452,3.09672,0,0,0,0,0,0
21.1804,2.25654,-0.192744,-0.726481,-2.00591,1.21785,-0.239276,-4.2552,11.2566,-0.92378,11.7493,-8.62776,3.29544,0,0,0,0,0,0
21.1853,2.22125,-0.201613,-0.757488,-2.0005,1.22164,-0.260467,-4.0385,11.099,-1.26236,12.8174,-8.80164,3.28716,0,0,0,0,0,0
21.1905,2.17857,-0.199393,-0.747639,-2.00385,1.2827,-0.296931,-3.49872,11.5324,-2.24675,12.2875,-10.913,4.0986,0,0,0,0,0,0
21.1955,2.12761,-0.1811,-0.742505,-1.97024,1.33982,-0.315582,-3.23868,10.7798,-0.8151,11.2691,-8.71056,2.72412,0,0,0,0,0,0
21.2003,2.06119,-0.174747,-0.761223,-1.96978,1.38662,-0.278138,-2.7974,11.8318,-1.20175,13.0079,-10.4659,1.63944,0,0,0,0,0,0
21.2052,1.98683,-0.210433,-0.769598,-2.03976,1.41199,-0.226817,-2.7186,12.1785,-1.58631,13.8028,-8.24688,1.92096,0,0,0,0,0,0
21.2102,1.9616,-0.242105,-0.780371,-2.13305,1.40594,-0.207705,-4.67284,12.0919,-0.83809,13.6868,-8.80164,2.7738,0,0,0,0,0,0
21.2154,1.9696,-0.257184,-0.784277,-2.21379,1.39363,-0.240833,-4.20004,11.6072,-1.7974,13.5461,-7.97364,4.24764,0,0,0,0,0,0
21.2203,1.95288,-0.252683,-0.780484,-2.30923,1.38665,-0.276335,-3.69178,11.6585,-0.91124,14.0926,-8.72712,2.98908,0,0,0,0,0,0
21.2254,1.94902,-0.279533,-0.799743,-2.35388,1.39106,-0.280429,-4.69254,12.6395,-1.14323,12.0971,-8.97552,2.8152,0,0,0,0,0,0
21.2305,1.94338,-0.360405,-0.824477,-2.3608,1.39285,-0.292411,-4.03456,13.4196,-1.21429,13.1321,-9.05832,3.3948,0,0,0,0,0,0
21.2354,1.91765,-0.408938,-0.83093,-2.3849,1.38449,-0.275025,-3.92818,12.3322,-1.37104,13.3805,-8.21376,1.5318,0,0,0,0,0,0
21.2404,1.88089,-0.454406,-0.847356,-2.41637,1.41502,-0.230771,-3.60116,13.1911,-0.86944,13.041,-10.7888,2.0286,0,0,0,0,0,0
21.2452,1.86015,-0.507718,-0.852017,-2.40392,1.44307,-0.18107,-4.27884,13.1399,-1.71171,11.3353,-8.2386,1.33308,0,0,0,0,0,0
21.2502,1.86714,-0.572774,-0.843315,-2.36244,1.46797,-0.119171,-4.89742,13.4984,-1.64274,11.8984,-10.6481,1.39104,0,0,0,0,0,0
21.2552,1.87495,-0.617489,-0.849046,-2.39765,1.55852,-0.0739601,-4.69648,12.4701,-1.07426,14.0098,-11.1283,1.87956,0,0,0,0,0,0
21.2604,1.87646,-0.673042,-0.856436,-2.4665,1.63947,-0.0543616,-4.83832,13.8097,-1.65528,12.9748,-10.3334,2.36808,0,0,0,0,0,0
21.2653,1.86846,-0.766278,-0.861939,-2.46113,1.66528,-0.0641986,-4.1764,14.3101,-1.32715,10.7392,-9.24876,3.04704,0,0,0,0,0,0
21.2703,1.83283,-0.838728,-0.877002,-2.44522,1.65836,-0.0781953,-3.77452,13.5221,-0.90288,12.7015,-8.6112,2.57508,0,0,0,0,0,0
21.2754,1.7661,-0.897468,-0.895268,-2.49755,1.64672,-0.0881335,-3.36082,12.8759,-1.85383,13.4964,-9.74556,2.83176,0,0,0,0,0,0
21.2804,1.7282,-0.948279,-0.893536,-2.5026,1.68434,-0.0807881,-4.53494,14.7277,-0.8151,11.0372,-10.1513,1.87956,0,0,0,0,0,0
21.2853,1.7094,-1.08555,-0.950707,-2.45018,1.69604,-0.0528933,-4.53494,14.7277,-0.8151,11.0372,-10.1513,1.87956,0,0,0,0,0,0
21.2906,1.74178,-1.13019,-0.968469,-2.40731,1.71454,-0.036153,-5.34264,13.0887,-1.02201,12.2213,-9.57168,2.26044,0,0,0,0,0,0
21.2953,1.77525,-1.18477,-0.974681,-2.45466,1.72601,-0.0265867,-5.2008,14.2667,-1.90817,14.283,-10.1264,2.22732,0,0,0,0,0,0
21.3002,1.75993,-1.25043,-0.9912,-2.50714,1.77317,-0.0194261,-4.52312,13.4906,-0.77957,12.0474,-11.1697,2.31012,0,0,0,0,0,0
21.3052,1.73271,-1.30901,-1.00305,-2.45868,1.83006,0.00318517,-4.23944,14.2392,-2.04402,10.4494,-10.706,1.47384,0,0,0,0,0,0
21.3102,1.68829,-1.34493,-1.00593,-2.44003,1.885,0.0449679,-4.29854,12.5528,-1.26863,12.8837,-11.0704,1.449,0,0,0,0,0,0
21.3153,1.63863,-1.35601,-1.02362,-2.53587,1.9295,0.112331,-4.02274,13.5575,-1.10561,14.9454,-10.1761,0.23184,0,0,0,0,0,0
21.3203,1.61083,-1.40717,-1.02396,-2.56194,1.97747,0.192552,-5.122,14.5386,-1.99804,10.6398,-11.4347,0.69552,0,0,0,0,0,0
21.3253,1.62242,-1.43952,-1.01838,-2.48835,2.02144,0.255427,-5.40962,13.1202,-1.25818,11.1118,-10.3169,0.828,0,0,0,0,0,0
21.3302,1.62168,-1.43294,-1.01258,-2.4789,2.02903,0.312174,-4.67284,13.3527,-1.58213,13.72,-9.42264,0.7866,0,0,0,0,0,0
21.3353,1.61759,-1.45442,-1.02216,-2.48929,1.9669,0.343818,-4.98016,14.1958,-0.83809,12.2627,-7.77492,1.75536,0,0,0,0,0,0
21.3404,1.58597,-1.51005,-1.06397,-2.45125,1.87014,0.350134,-4.2749,14.2313,-0.63118,10.8799,-8.13096,1.80504,0,0,0,0,0,0
21.3456,1.53345,-1.56208,-1.09551,-2.43224,1.84573,0.3444,-4.08184,14.05,-1.33969,12.4531,-11.0041,2.17764,0,0,0,0,0,0
21.3503,1.46782,-1.60894,-1.11394,-2.48299,1.85123,0.332358,-3.5066,13.6285,-1.34596,13.5792,-9.4392,2.13624,0,0,0,0,0,0
21.3554,1.42278,-1.60786,-1.10922,-2.52185,1.89495,0.312864,-4.50736,13.0572,-1.75769,12.3538,-12.4448,2.45916,0,0,0,0,0,0
21.3603,1.42831,-1.58617,-1.1093,-2.52562,1.96689,0.28503,-5.17322,12.9468,-0.86944,12.7595,-10.5239,2.53368,0,0,0,0,0,0
21.3653,1.44309,-1.58329,-1.09974,-2.55645,2.03442,0.257132,-5.30718,13.5221,-2.47247,12.8837,-12.5111,2.51712,0,0,0,0,0,0
21.3704,1.44371,-1.58364,-1.07775,-2.57735,2.13974,0.230233,-5.1023,13.6718,-1.10561,11.7493,-11.7659,2.50056,0,0,0,0,0,0
21.3753,1.42686,-1.62035,-1.10639,-2.56122,2.17583,0.207198,-4.46796,13.9949,-1.13905,10.971,-10.615,2.40948,0,0,0,0,0,0
21.3802,1.41032,-1.62089,-1.10614,-2.54344,2.17691,0.186418,-5.0826,13.2975,-1.37522,12.3869,-9.4806,2.4012,0,0,0,0,0,0
21.3855,1.36766,-1.65969,-1.13041,-2.63798,2.1312,0.174129,-3.80604,14.7789,-0.90497,14.697,-9.3978,2.07,0,0,0,0,0,0
21.3902,1.31751,-1.6786,-1.14366,-2.71141,2.14075,0.168909,-4.531,12.8602,-1.59258,12.1219,-11.7824,2.1942,0,0,0,0,0,0
21.3952,1.28342,-1.68459,-1.14331,-2.66458,2.17458,0.157222,-3.58934,14.3928,-1.40866,10.2258,-10.4825,2.3184,0,0,0,0,0,0
21.4003,1.23668,-1.70554,-1.15822,-2.62217,2.18681,0.144015,-3.36476,14.0422,-0.53922,12.271,-10.615,2.26044,0,0,0,0,0,0
21.4053,1.16327,-1.77074,-1.22605,-2.67753,2.18384,0.135346,-3.36476,14.0422,-0.53922,12.271,-10.615,2.26044,0,0,0,0,0,0
21.4103,1.10939,-1.81197,-1.25301,-2.67175,2.20256,0.130351,-2.55706,15.3266,-0.42009,10.3417,-10.35,2.03688,0,0,0,0,0,0
21.4152,1.02197,-1.92597,-1.31579,-2.65159,2.19107,0.132183,-2.55706,15.3266,-0.42009,10.3417,-10.35,2.03688,0,0,0,0,0,0
21.4203,0.949318,-2.02922,-1.37,-2.63013,2.18382,0.133181,-2.55706,15.3266,-0.42009,10.3417,-10.35,2.03688,0,0,0,0,0,0
21.4253,0.891859,-2.06539,-1.38889,-2.65461,2.26937,0.129659,-2.16306,13.5694,-1.07635,13.306,-14.0843,2.17764,0,0,0,0,0,0
21.4304,0.86374,-2.04686,-1.36591,-2.68374,2.4231,0.124693,-2.61616,14.5228,-1.10561,12.2461,-12.9002,2.03688,0,0,0,0,0,0
21.4354,0.836487,-2.06272,-1.38496,-2.62935,2.51127,0.123476,-1.64692,13.6285,-0.36366,8.8596,-12.7595,2.01204,0,0,0,0,0,0
21.4403,0.983336,-2.08168,-1.37242,-2.71132,2.51036,0.143226,-10.4883,14.5701,-2.44739,17.9842,-8.96724,1.05156,0,0,0,0,0,0
21.4453,1.34733,-2.1853,-1.30428,-2.98178,2.52495,0.202107,-11.6506,17.3242,-3.02005,17.6944,-13.4881,0.0414,0,0,0,0,0,0
21.4502,1.64755,-2.36221,-1.25091,-3.24105,2.62825,0.276337,-11.6506,17.3242,-3.02005,17.6944,-13.4881,0.0414,0,0,0,0,0,0
21.4552,1.88413,-2.46809,-1.21108,-3.40899,2.68532,0.343776,-10.2755,15.3699,-2.14016,14.8129,-11.4181,-0.24012,0,0,0,0,0,0
21.4603,1.9567,-2.48058,-1.17091,-3.31956,2.69143,0.399715,-5.19686,14.2825,-2.4662,7.7832,-10.4494,-0.50508,0,0,0,0,0,0
21.4655,1.90191,-2.49784,-1.17791,-3.10684,2.62661,0.428459,-5.5357,15.0744,-0.7315,8.70228,-8.90928,-0.63756,0,0,0,0,0,0
21.4702,1.85582,-2.48001,-1.19992,-2.99204,2.51789,0.42069,-5.90606,13.132,-1.58631,11.5506,-8.38764,-0.91908,0,0,0,0,0,0
21.4753,1.8185,-2.42891,-1.20125,-2.90399,2.43841,0.375888,-5.19686,14.4086,-0.97185,9.91944,-9.6876,-1.05984,0,0,0,0,0,0
21.4803,1.73343,-2.45005,-1.24875,-2.81818,2.38289,0.303221,-5.19686,14.4086,-0.97185,9.91944,-9.6876,-1.05984,0,0,0,0,0,0
21.4853,1.69676,-2.43385,-1.26354,-2.76495,2.40346,0.213239,-5.61056,14.905,-0.57475,13.0824,-11.8404,-1.08468,0,0,0,0,0,0
21.4906,1.63339,-2.48267,-1.32817,-2.83973,2.44366,0.122002,-5.61056,14.905,-0.57475,13.0824,-11.8404,-1.08468,0,0,0,0,0,0
21.4953,1.59361,-2.50583,-1.35956,-2.83432,2.4516,0.0423364,-5.38992,14.5031,-1.26027,10.2424,-10.292,-1.54836,0,0,0,0,0,0
21.5003,1.56046,-2.55091,-1.3613,-2.79024,2.47694,-0.0247306,-5.6736,16.8041,-1.18294,11.799,-12.0971,-1.6146,0,0,0,0,0,0
21.5052,1.50837,-2.68335,-1.40149,-2.83636,2.51139,-0.0857339,-5.6736,16.8041,-1.18294,11.799,-12.0971,-1.6146,0,0,0,0,0,0
21.5103,1.47778,-2.75169,-1.43699,-2.93825,2.52204,-0.134013,-5.76422,15.1848,-0.53295,15.1276,-10.7723,-2.1528,0,0,0,0,0,0
21.5155,1.46719,-2.75818,-1.45784,-2.98791,2.54827,-0.145273,-5.38204,15.0626,-0.87571,10.5239,-12.3703,-3.23748,0,0,0,0,0,0
21.5202,1.42036,-2.78546,-1.49361,-2.95379,2.59263,-0.13005,-5.38204,15.0626,-0.87571,10.5239,-12.3703,-3.23748,0,0,0,0,0,0
21.5252,1.38638,-2.79746,-1.49957,-2.90763,2.6385,-0.105047,-5.13776,15.4842,-1.25609,11.2442,-12.0391,-3.81708,0,0,0,0,0,0
21.5303,1.36984,-2.77166,-1.4951,-2.85657,2.68237,-0.0826815,-5.42932,14.0737,-0.71478,11.0124,-11.8156,-3.16296,0,0,0,0,0,0
21.5352,1.33377,-2.75438,-1.53467,-2.84818,2.698,-0.0747673,-5.42932,14.0737,-0.71478,11.0124,-11.8156,-3.16296,0,0,0,0,0,0
21.5403,1.35323,-2.74024,-1.53969,-2.78252,2.7491,-0.0905786,-6.49706,15.5906,-0.75449,10.4825,-12.5442,-2.28528,0,0,0,0,0,0
21.5454,1.35193,-2.78007,-1.56864,-2.75974,2.7997,-0.124684,-6.49706,15.5906,-0.75449,10.4825,-12.5442,-2.28528,0,0,0,0,0,0
21.5504,1.35832,-2.78103,-1.53879,-2.76595,2.84889,-0.153571,-6.2449,14.9484,-2.53726,12.8257,-12.1219,-2.5668,0,0,0,0,0,0
21.5553,1.32318,-2.78699,-1.4976,-2.7258,2.85955,-0.166831,-4.38522,15.7324,-1.23937,8.97552,-10.4825,-3.0222,0,0,0,0,0,0
21.5602,1.22316,-2.82737,-1.50934,-2.63353,2.81887,-0.167169,-4.38522,15.7324,-1.23937,8.97552,-10.4825,-3.0222,0,0,0,0,0,0
21.5654,1.17869,-2.84793,-1.50016,-2.54131,2.84031,-0.19252,-5.91788,15.6182,-1.58422,10.0271,-12.9251,-1.96236,0,0,0,0,0,0
21.5705,1.21275,-2.86299,-1.47282,-2.47923,2.86474,-0.24597,-7.20232,15.9885,-1.47554,10.6895,-10.5404,-1.77192,0,0,0,0,0,0
21.5753,1.24447,-2.91662,-1.4784,-2.4849,2.81501,-0.297453,-7.20232,15.9885,-1.47554,10.6895,-10.5404,-1.77192,0,0,0,0,0,0
21.5803,1.2776,-2.94743,-1.48945,-2.48183,2.8002,-0.318852,-6.6192,15.3187,-0.8778,11.0621,-11.9894,-3.07188,0,0,0,0,0,0
21.5853,1.28099,-2.96735,-1.48951,-2.49924,2.80905,-0.310842,-5.78786,16.1107,-1.66364,12.7512,-11.3022,-3.17952,0,0,0,0,0,0
21.5903,1.25563,-2.99392,-1.50023,-2.54531,2.81247,-0.27186,-5.61056,15.5945,-0.56221,11.6334,-11.9646,-4.43808,0,0,0,0,0,0
21.5953,1.23682,-2.99166,-1.51831,-2.51198,2.79531,-0.226819,-5.44902,15.1454,-0.7524,9.95256,-9.8946,-3.65148,0,0,0,0,0,0
21.6004,1.18456,-2.99217,-1.55028,-2.49448,2.71823,-0.200864,-5.44902,15.1454,-0.7524,9.95256,-9.8946,-3.65148,0,0,0,0,0,0
21.6052,1.13575,-2.99102,-1.57937,-2.47524,2.64464,-0.17673,-5.44902,15.1454,-0.7524,9.95256,-9.8946,-3.65148,0,0,0,0,0,0
21.6102,1.12304,-3.00898,-1.58365,-2.46173,2.6302,-0.171105,-6.34734,16.4613,-1.27072,11.3353,-12.0888,-2.97252,0,0,0,0,0,0
21.6153,1.13566,-3.07243,-1.58483,-2.51697,2.68622,-0.173327,-6.50888,16.6701,-1.27072,11.9315,-13.2811,-3.15468,0,0,0,0,0,0
21.6203,1.13074,-3.10417,-1.59671,-2.52003,2.78006,-0.183488,-5.14564,15.7955,-0.17974,10.2589,-13.3225,-2.691,0,0,0,0,0,0
21.6254,1.06534,-3.12531,-1.64727,-2.52279,2.86275,-0.203445,-5.14564,15.7955,-0.17974,10.2589,-13.3225,-2.691,0,0,0,0,0,0
21.6305,1.03399,-3.1354,-1.66212,-2.45829,2.93015,-0.199772,-5.89424,15.5748,-1.2749,8.66088,-12.4614,-3.8502,0,0,0,0,0,0
21.6353,1.01975,-3.12977,-1.65354,-2.46686,2.99442,-0.156196,-5.87848,14.9838,-1.21429,13.5047,-13.3556,-4.48776,0,0,0,0,0,0
21.6402,0.985519,-3.1061,-1.65579,-2.6156,3.06514,-0.0968269,-5.87848,14.9838,-1.21429,13.5047,-13.3556,-4.48776,0,0,0,0,0,0
21.6452,1.06098,-3.09461,-1.62994,-2.6305,3.11093,-0.0288086,-9.05412,16.2249,-1.63438,10.4245,-12.0143,-5.0922,0,0,0,0,0,0
21.6504,1.15684,-3.11427,-1.60975,-2.62078,3.11549,0.0457418,-9.05412,16.2249,-1.63438,10.4245,-12.0143,-5.0922,0,0,0,0,0,0
21.6553,1.24939,-3.1597,-1.57188,-2.63236,3.16869,0.0621502,-8.91622,17.5645,-2.17778,12.6601,-13.9684,-2.80692,0,0,0,0,0,0
21.6602,1.28115,-3.19409,-1.54412,-2.56048,3.18103,0.0354358,-5.98092,15.9609,-1.12024,7.66728,-10.4576,-3.05532,0,0,0,0,0,0
21.6653,1.19497,-3.18814,-1.55246,-2.42321,3.10808,0.0174968,-5.98092,15.9609,-1.12024,7.66728,-10.4576,-3.05532,0,0,0,0,0,0
21.6703,1.13055,-3.19386,-1.56461,-2.24632,3.01893,0.0137621,-6.304,16.7017,-0.58102,7.11252,-9.45576,-3.74256,0,0,0,0,0,0
21.6752,1.07399,-3.21701,-1.56804,-2.18384,2.96503,0.0329049,-6.85954,16.6189,-1.55287,11.12,-11.6914,-4.14828,0,0,0,0,0,0
21.6804,1.04629,-3.23893,-1.56625,-2.26056,2.93639,0.0675962,-6.85954,16.0713,-1.05963,13.5626,-10.6398,-4.57884,0,0,0,0,0,0
21.6852,1.01968,-3.27483,-1.56602,-2.28632,2.96071,0.0992524,-6.41826,17.1272,-1.21429,9.3564,-13.5461,-4.12344,0,0,0,0,0,0
21.6903,0.962067,-3.32429,-1.56522,-2.26339,3.04393,0.117501,-6.41826,17.1272,-1.21429,9.3564,-13.5461,-4.12344,0,0,0,0,0,0
21.6953,0.91129,-3.36497,-1.56934,-2.20129,3.11753,0.10518,-5.59874,16.9065,-0.66671,8.5698,-13.1983,-2.90628,0,0,0,0,0,0
21.7003,0.87008,-3.38516,-1.56719,-2.14012,3.17085,0.0736044,-6.20156,16.5598,-1.23728,9.72072,-12.6684,-3.17952,0,0,0,0,0,0
21.7054,0.882063,-3.3986,-1.55241,-2.16306,3.20169,0.0679701,-7.41508,17.076,-1.05963,11.5175,-12.569,-4.07376,0,0,0,0,0,0
21.7104,0.941738,-3.4083,-1.55789,-2.15225,3.24679,0.0649848,-7.42296,16.1737,-0.28842,9.08316,-13.3474,-3.2706,0,0,0,0,0,0
21.7153,0.96233,-3.39556,-1.58734,-2.13995,3.30526,0.0490418,-7.42296,16.1737,-0.28842,9.08316,-13.3474,-3.2706,0,0,0,0,0,0
21.7204,0.990266,-3.38118,-1.58492,-2.14959,3.37331,0.0496549,-7.27324,15.7403,-1.672,10.8137,-13.8359,-3.99096,0,0,0,0,0,0
21.7253,1.01192,-3.3558,-1.55927,-2.18698,3.37807,0.0483972,-7.1708,16.1264,-1.1286,11.1614,-10.4825,-3.40308,0,0,0,0,0,0
21.7303,1.00822,-3.33641,-1.54892,-2.25055,3.30599,0.0358152,-7.1708,16.1264,-1.1286,11.1614,-10.4825,-3.40308,0,0,0,0,0,0
21.7353,0.988776,-3.34121,-1.53659,-2.22759,3.25776,-0.00570358,-5.74452,16.8277,-1.21429,8.62776,-11.4678,-2.10312,0,0,0,0,0,0
21.7402,0.968743,-3.37527,-1.53985,-2.17921,3.27979,-0.0400509,-7.35992,17.4739,-0.42218,9.47232,-13.4798,-3.50244,0,0,0,0,0,0
21.7454,1.00057,-3.38645,-1.54041,-2.1705,3.31877,-0.0109345,-7.78544,16.2131,-1.08262,10.5984,-12.362,-4.85208,0,0,0,0,0,0
21.7503,1.02733,-3.39176,-1.53763,-2.17983,3.31562,-0.0199986,-7.00532,16.6859,-0.83809,10.9048,-11.4761,-1.93752,0,0,0,0,0,0
21.7552,1.00316,-3.39624,-1.54171,-2.24955,3.29252,-0.0916984,-7.00532,16.6859,-0.83809,10.9048,-11.4761,-1.93752,0,0,0,0,0,0
21.7602,0.98192,-3.39847,-1.53053,-2.26962,3.27614,-0.132866,-6.41432,16.2407,-1.57168,9.57168,-11.7328,-3.28716,0,0,0,0,0,0
21.7653,0.968012,-3.37391,-1.52395,-2.24044,3.25664,-0.144745,-7.06048,15.5709,-0.58729,8.54496,-11.6417,-3.17124,0,0,0,0,0,0
21.7706,0.935659,-3.35892,-1.52649,-2.23809,3.23458,-0.126189,-6.28036,16.5519,-1.17667,10.4659,-11.1863,-4.62852,0,0,0,0,0,0
21.7757,0.926907,-3.32267,-1.51606,-2.28556,3.28544,-0.0487885,-7.75786,14.9602,-0.7942,11.0207,-14.5148,-5.77944,0,0,0,0,0,0
21.7802,0.97185,-3.28223,-1.50548,-2.29195,3.30903,-0.00883355,-8.13216,16.4928,-1.11397,9.20736,-10.4162,-3.33684,0,0,0,0,0,0
21.7853,0.994918,-3.26434,-1.50331,-2.23017,3.3066,-0.0260162,-7.63572,16.2446,-0.40964,8.01504,-13.2728,-3.37824,0,0,0,0,0,0
21.7903,1.02397,-3.26191,-1.5035,-2.15909,3.36897,-0.0209186,-7.83272,16.4219,-1.17249,9.0252,-13.2728,-4.16484,0,0,0,0,0,0
21.7952,1.01881,-3.25738,-1.49858,-2.16038,3.4052,0.0283829,-6.62708,16.3313,-0.57684,10.4328,-12.1302,-5.29092,0,0,0,0,0,0
21.8004,1.02774,-3.29745,-1.49198,-2.16197,3.41055,0.0742813,-7.82484,17.6394,-1.56541,9.2736,-12.0805,-4.1814,0,0,0,0,0,0
21.8054,1.02729,-3.34511,-1.45904,-2.17457,3.41903,0.0919012,-7.82484,17.6394,-1.56541,9.2736,-12.0805,-4.1814,0,0,0,0,0,0
21.8103,1.04031,-3.39498,-1.4418,-2.19312,3.44086,0.0922629,-7.61602,17.3557,-1.04709,10.5156,-12.7926,-3.56868,0,0,0,0,0,0
21.8152,1.06181,-3.41299,-1.42623,-2.16289,3.50145,0.116503,-7.17868,16.418,-1.1913,9.18252,-14.0346,-5.30748,0,0,0,0,0,0
21.8204,1.04472,-3.38417,-1.40048,-2.16537,3.58864,0.178498,-7.17868,16.418,-1.1913,9.18252,-14.0346,-5.30748,0,0,0,0,0,0
21.8252,1.04932,-3.37069,-1.37855,-2.17612,3.61666,0.215139,-7.30476,16.7489,-1.16831,9.84492,-11.741,-4.31388,0,0,0,0,0,0
21.8304,1.05858,-3.36939,-1.36526,-2.15267,3.577,0.217653,-7.30476,16.682,-0.94259,8.17236,-10.8965,-3.90816,0,0,0,0,0,0
21.8352,1.05993,-3.33754,-1.34772,-2.10484,3.56173,0.198998,-7.57662,15.8112,-1.23937,8.37936,-12.7678,-3.41964,0,0,0,0,0,0
21.8402,1.08217,-3.32322,-1.33777,-2.0525,3.56053,0.187155,-8.37644,16.9972,-0.80047,8.22204,-11.5092,-4.35528,0,0,0,0,0,0
21.8452,1.10383,-3.32935,-1.35139,-2.05905,3.56957,0.206014,-8.02184,16.7765,-0.02299,10.35,-12.7926,-4.62024,0,0,0,0,0,0
21.8504,1.11794,-3.30537,-1.36798,-2.13122,3.56869,0.196104,-8.14398,15.8624,-0.62282,11.178,-11.2608,-3.12984,0,0,0,0,0,0
21.8554,1.1392,-3.26923,-1.34833,-2.14757,3.54032,0.169707,-7.56086,15.7915,-1.65528,9.1908,-11.4264,-3.78396,0,0,0,0,0,0
21.8603,1.10816,-3.20544,-1.29646,-2.14967,3.52587,0.160633,-7.56086,15.7915,-1.65528,9.1908,-11.4264,-3.78396,0,0,0,0,0,0
21.8652,1.07884,-3.14369,-1.2467,-2.149,3.51301,0.152096,-7.56086,15.7915,-1.65528,9.1908,-11.4264,-3.78396,0,0,0,0,0,0
21.8702,1.10862,-3.11049,-1.22837,-2.15864,3.51567,0.131375,-8.56556,15.8585,-0.69597,11.236,-12.3869,-3.28716,0,0,0,0,0,0
21.8752,1.11812,-3.06306,-1.22503,-2.26059,3.54986,0.100026,-8.56556,15.8585,-0.69597,11.236,-12.3869,-3.28716,0,0,0,0,0,0
21.8803,1.14614,-3.03429,-1.23176,-2.28309,3.57247,0.0842626,-7.97062,15.2754,-0.67925,8.93412,-12.1219,-4.09032,0,0,0,0,0,0
21.8853,1.16521,-2.99855,-1.22003,-2.20768,3.61836,0.0994225,-8.62072,16.3707,-1.17458,6.38388,-13.4053,-4.60368,0,0,0,0,0,0
21.8902,1.17648,-2.97559,-1.19451,-2.09856,3.689,0.128998,-8.62072,16.3707,-1.17458,6.38388,-13.4053,-4.60368,0,0,0,0,0,0
21.8954,1.20873,-2.98376,-1.17886,-1.98473,3.67994,0.160739,-8.31734,16.8277,-1.17667,6.831,-10.3252,-4.74444,0,0,0,0,0,0
21.9004,1.18444,-2.97939,-1.16659,-1.96317,3.63361,0.17515,-6.67436,15.9334,-0.99484,9.4392,-11.6748,-3.89988,0,0,0,0,0,0
21.9053,1.12503,-2.96203,-1.18428,-2.02762,3.62897,0.174209,-6.53252,15.9215,0.03344,10.5901,-11.9729,-4.13172,0,0,0,0,0,0
21.9103,1.08039,-2.94635,-1.1843,-2.06093,3.61072,0.161041,-6.13852,15.5236,-1.76187,8.52012,-11.1946,-3.37824,0,0,0,0,0,0
21.9153,1.00823,-2.89944,-1.13429,-2.07468,3.58128,0.135441,-6.13852,15.5236,-1.76187,8.52012,-11.1946,-3.37824,0,0,0,0,0,0
21.9203,0.960155,-2.86902,-1.11211,-2.08071,3.56816,0.124971,-6.03214,15.6063,-0.75867,8.88444,-12.0722,-3.99096,0,0,0,0,0,0
21.9252,0.929514,-2.84286,-1.11993,-2.08462,3.57981,0.12148,-5.91788,15.5827,-0.26334,9.315,-12.1633,-3.6846,0,0,0,0,0,0
21.9302,0.883793,-2.81618,-1.13815,-2.12728,3.5931,0.139496,-5.59086,15.5197,-0.30096,8.97552,-12.0971,-4.94316,0,0,0,0,0,0
21.9352,0.892701,-2.77479,-1.13436,-2.11184,3.61922,0.155444,-6.84378,14.1564,-1.32506,8.18892,-13.0162,-3.65976,0,0,0,0,0,0
21.9402,0.909229,-2.69549,-1.11769,-2.05923,3.60123,0.118588,-6.30006,14.5741,-0.42845,5.63868,-10.0188,-2.4426,0,0,0,0,0,0
21.9452,0.885092,-2.64401,-1.15481,-1.93952,3.54961,0.0888149,-4.4719,15.0272,1.15577,5.08392,-11.3022,-3.61008,0,0,0,0,0,0
21.9504,1.08623,-2.68275,-1.14347,-1.93324,3.53084,0.118021,-15.8585,18.5259,-2.40977,9.37296,-11.1946,-5.12532,0,0,0,0,0,0
21.9552,1.47214,-2.77961,-1.0747,-2.0436,3.48381,0.184608,-14.1722,17.4345,-1.72216,10.4825,-9.88632,-5.29092,0,0,0,0,0,0
21.9602,1.65008,-2.80918,-1.06393,-2.15547,3.43154,0.195068,-9.21566,16.091,-0.00209,10.0354,-10.6315,-3.30372,0,0,0,0,0,0
21.9653,1.68222,-2.8239,-1.08304,-2.22485,3.39191,0.164237,-9.1211,16.611,-0.51414,9.8118,-10.0933,-3.726,0,0,0,0,0,0
21.9702,1.71969,-2.82909,-1.08115,-2.27769,3.31931,0.169402,-9.97608,16.2052,-0.86317,10.1844,-9.25704,-4.72788,0,0,0,0,0,0
21.9752,1.74067,-2.84367,-1.0899,-2.36135,3.29209,0.162562,-9.31416,16.9735,0,11.1946,-11.4264,-3.4776,0,0,0,0,0,0
21.9802,1.7272,-2.9026,-1.12131,-2.46936,3.28566,0.133988,-8.42372,18.2737,0.14003,12.0308,-10.2258,-3.69288,0,0,0,0,0,0
21.9852,1.70858,-2.95109,-1.13173,-2.60245,3.30586,0.169364,-8.87288,16.3825,-0.87989,12.7181,-12.3869,-6.40872,0,0,0,0,0,0
21.9902,1.71013,-2.97728,-1.12949,-2.70374,3.32867,0.211404,-9.14474,17.5645,-0.24871,10.3086,-10.4411,-4.08204,0,0,0,0,0,0
21.9953,1.70723,-3.01709,-1.11719,-2.67721,3.32395,0.196992,-8.75862,17.6236,-1.07217,7.56792,-11.3188,-3.9744,0,0,0,0,0,0
22.0004,1.74319,-3.01069,-1.09705,-2.56691,3.34134,0.230999,-10.3858,15.5,-0.61446,6.4584,-11.4926,-6.10236,0,0,0,0,0,0
22.0053,1.78961,-2.94155,-1.08079,-2.45237,3.36686,0.311513,-10.3858,15.5,-0.61446,6.4584,-11.4926,-6.10236,0,0,0,0,0,0
22.0103,1.84415,-2.91035,-1.05921,-2.37233,3.3793,0.348649,-9.0029,15.8861,-1.33969,8.54496,-11.4264,-4.33044,0,0,0,0,0,0
22.0155,1.82317,-2.85837,-1.00825,-2.34868,3.40501,0.341566,-9.0029,15.8861,-1.33969,8.54496,-11.4264,-4.33044,0,0,0,0,0,0
22.0203,1.82133,-2.8121,-0.984249,-2.33217,3.4247,0.349225,-8.865,15.4487,-0.47443,9.8532,-11.3684,-5.0922,0,0,0,0,0,0
22.0254,1.81374,-2.74239,-0.975377,-2.32498,3.40098,0.373889,-8.71528,14.6174,-0.67716,8.26344,-9.58824,-5.15016,0,0,0,0,0,0
22.0304,1.78184,-2.70351,-0.937113,-2.29966,3.34569,0.375398,-7.92728,16.3077,-2.06492,8.57808,-9.77868,-3.9744,0,0,0,0,0,0
22.0353,1.75754,-2.716,-0.908661,-2.259,3.28701,0.331171,-8.99502,16.615,-0.3971,7.17048,-9.37296,-3.30372,0,0,0,0,0,0
22.0402,1.78751,-2.68979,-0.889781,-2.17566,3.25451,0.311016,-10.0037,14.8577,-1.48181,6.75648,-10.9379,-4.73616,0,0,0,0,0,0
22.0452,1.8204,-2.64314,-0.859287,-2.09168,3.25248,0.296689,-9.19202,15.6576,-0.98857,6.65712,-10.4659,-3.61008,0,0,0,0,0,0
22.0502,1.8026,-2.64017,-0.854031,-2.05605,3.2341,0.273445,-8.28188,16.2801,-0.61655,8.60292,-10.1099,-4.32216,0,0,0,0,0,0
22.0552,1.77349,-2.66237,-0.851978,-2.10563,3.24025,0.277883,-8.54586,16.745,-0.80047,10.3169,-11.3933,-4.9266,0,0,0,0,0,0
22.0604,1.74425,-2.67332,-0.857634,-2.18121,3.20417,0.25608,-8.02184,15.7206,-0.24453,9.55512,-8.29656,-3.12984,0,0,0,0,0,0
22.0656,1.68221,-2.66243,-0.877068,-2.24721,3.14893,0.219536,-7.6042,15.8743,-0.26125,9.70416,-10.2589,-4.18968,0,0,0,0,0,0
22.0703,1.66932,-2.62076,-0.903731,-2.29199,3.16798,0.225287,-9.60572,14.247,0.41173,9.33984,-11.385,-4.9266,0,0,0,0,0,0
22.0752,1.71408,-2.543,-0.923809,-2.24683,3.16212,0.243682,-10.1337,14.9641,-0.22572,6.52464,-9.2322,-4.76928,0,0,0,0,0,0
22.0804,1.7441,-2.52421,-0.918831,-2.20154,3.12787,0.22264,-8.81378,16.1816,-0.80883,9.24048,-10.0022,-3.312,0,0,0,0,0,0
22.0853,1.75017,-2.53051,-0.913965,-2.21369,3.14078,0.222974,-9.69634,16.3392,-0.14212,8.83476,-11.0786,-5.57244,0,0,0,0,0,0
22.0904,1.7728,-2.54309,-0.907264,-2.21534,3.12835,0.262792,-9.07776,15.9058,-1.10979,8.71884,-9.0252,-5.27436,0,0,0,0,0,0
22.0952,1.76777,-2.5407,-0.88915,-2.22642,3.08563,0.290293,-8.82954,15.9018,-0.60192,8.33796,-9.84492,-5.0094,0,0,0,0,0,0
22.1004,1.74103,-2.53997,-0.879275,-2.23666,3.08417,0.310772,-8.56556,15.7955,-0.83182,8.71884,-10.5653,-5.1336,0,0,0,0,0,0
22.1055,1.75737,-2.52532,-0.862897,-2.2284,3.09861,0.337616,-10.2873,15.3778,-0.84018,7.54308,-10.3997,-5.27436,0,0,0,0,0,0
22.1103,1.77907,-2.50224,-0.855877,-2.20404,3.09526,0.33365,-9.0226,15.3266,-0.39292,8.08128,-9.71244,-3.86676,0,0,0,0,0,0
22.1155,1.77565,-2.48782,-0.835363,-2.17495,3.09076,0.332711,-8.94774,15.3581,-1.61139,7.1208,-10.2506,-5.19984,0,0,0,0,0,0
22.1204,1.76569,-2.46851,-0.813018,-2.16055,3.08879,0.361231,-9.32992,15.0863,-0.50578,8.55324,-9.5634,-5.40684,0,0,0,0,0,0
22.1253,1.77156,-2.47256,-0.808561,-2.20788,3.04962,0.345607,-8.78226,16.5086,-0.72105,10.1264,-8.76852,-3.42792,0,0,0,0,0,0
22.1303,1.74623,-2.50813,-0.796452,-2.24092,3.04336,0.346256,-8.33704,16.4928,-0.85272,8.09784,-10.764,-5.98644,0,0,0,0,0,0
22.1353,1.68547,-2.53671,-0.779218,-2.23803,3.09163,0.401971,-8.33704,16.4928,-0.85272,8.09784,-10.764,-5.98644,0,0,0,0,0,0
22.1404,1.73441,-2.62221,-0.774517,-2.27067,3.1148,0.456459,-11.4575,17.9743,-0.77121,10.0519,-10.1182,-6.0858,0,0,0,0,0,0
22.1454,1.81217,-2.70635,-0.758236,-2.3431,3.12989,0.506374,-11.4575,17.9743,-0.77121,10.0519,-10.1182,-6.0858,0,0,0,0,0,0
22.1505,1.92191,-2.77872,-0.723856,-2.33855,3.13967,0.561011,-11.9146,17.2651,-1.72216,7.2864,-10.3003,-6.52464,0,0,0,0,0,0
22.1552,1.98389,-2.80611,-0.715308,-2.29243,3.16022,0.604289,-9.24324,15.2636,-0.12122,8.13096,-10.6978,-5.53932,0,0,0,0,0,0
22.1603,1.93133,-2.75815,-0.729705,-2.27551,3.2012,0.62521,-9.24324,15.2636,-0.12122,8.13096,-10.6978,-5.53932,0,0,0,0,0,0
22.1654,1.87174,-2.72342,-0.696211,-2.28207,3.17464,0.633078,-8.20702,15.6142,-2.33035,9.315,-8.01504,-4.93488,0,0,0,0,0,0
22.1703,1.80331,-2.65168,-0.674137,-2.34875,3.11527,0.636757,-8.4316,13.4787,0.28633,10.8882,-9.17424,-5.51448,0,0,0,0,0,0
22.1753,1.75114,-2.54427,-0.686803,-2.40851,3.08113,0.65311,-8.93592,13.9476,-0.69597,9.36468,-8.84304,-5.4234,0,0,0,0,0,0
22.1804,1.7333,-2.45904,-0.684867,-2.42815,3.07471,0.674711,-9.05018,13.8649,-0.40755,9.43092,-10.3334,-5.77944,0,0,0,0,0,0
22.1855,1.71942,-2.35695,-0.692922,-2.45735,3.07258,0.692373,-9.28658,13.1635,-0.25707,9.24876,-9.03348,-5.60556,0,0,0,0,0,0
22.1902,1.69907,-2.25639,-0.675737,-2.42951,3.03325,0.678782,-8.17944,13.5654,-1.4421,7.11252,-8.61948,-4.21452,0,0,0,0,0,0
22.1954,1.65384,-2.16913,-0.642733,-2.3543,2.99052,0.64521,-8.01396,13.4748,-0.9823,6.75648,-8.75196,-4.69476,0,0,0,0,0,0
22.2003,1.63652,-2.09763,-0.632056,-2.28828,2.95614,0.637597,-9.34568,13.9397,-0.44726,7.07112,-8.694,-5.29092,0,0,0,0,0,0
22.2053,1.65111,-2.03898,-0.604025,-2.25893,2.93469,0.602209,-9.21566,13.8491,-1.85383,8.5698,-9.25704,-3.4362,0,0,0,0,0,0
22.2102,1.67542,-1.98711,-0.580342,-2.25173,2.87048,0.566583,-9.85394,14.121,-0.19437,7.85772,-6.73992,-5.0922,0,0,0,0,0,0
22.2152,1.71947,-1.9551,-0.593484,-2.23941,2.77489,0.568372,-9.97608,13.4393,-0.81301,7.00488,-7.60104,-5.05908,0,0,0,0,0,0
22.2203,1.7609,-1.93042,-0.573816,-2.20094,2.71153,0.559567,-10.6813,14.7592,-1.44001,6.624,-7.62588,-4.57884,0,0,0,0,0,0
22.2253,1.80035,-1.94373,-0.571637,-2.18659,2.63099,0.563759,-9.38508,14.4874,-0.30096,7.8246,-6.77304,-5.5476,0,0,0,0,0,0
22.2303,1.78497,-1.93299,-0.589129,-2.20324,2.55603,0.591499,-8.50252,13.9909,-0.3762,8.74368,-7.59276,-5.8374,0,0,0,0,0,0
22.2354,1.76534,-1.94622,-0.578749,-2.19871,2.53082,0.614258,-9.42842,15.7482,-1.3585,7.12908,-8.5284,-5.31576,0,0,0,0,0,0
22.2404,1.77576,-1.98276,-0.574178,-2.19955,2.53975,0.626286,-9.49934,14.6489,-0.31977,8.4456,-9.108,-5.55588,0,0,0,0,0,0
22.2452,1.7797,-1.97716,-0.589234,-2.24408,2.53709,0.62441,-9.32204,14.0028,-0.41173,8.93412,-7.88256,-4.61196,0,0,0,0,0,0
22.2502,1.79271,-1.94296,-0.591169,-2.31838,2.52326,0.628096,-9.85394,13.5221,-0.77748,9.82008,-8.4456,-5.69664,0,0,0,0,0,0
22.2554,1.82408,-1.87953,-0.587842,-2.37685,2.48084,0.657244,-9.78696,12.608,-0.58311,8.56152,-6.73164,-5.91192,0,0,0,0,0,0
22.2602,1.83449,-1.81798,-0.595254,-2.37637,2.36186,0.641505,-9.15262,13.333,-0.39501,7.452,-4.89348,-4.0986,0,0,0,0,0,0
22.2653,1.82145,-1.78687,-0.58891,-2.36834,2.2858,0.63848,-8.57738,13.8727,-1.07426,8.487,-8.27172,-6.24312,0,0,0,0,0,0
22.2704,1.81313,-1.72979,-0.575302,-2.37313,2.26253,0.642198,-9.72786,12.3834,-0.70224,8.3214,-6.97176,-4.69476,0,0,0,0,0,0
22.2753,1.83158,-1.67038,-0.580239,-2.39119,2.21785,0.637399,-9.66482,13.2975,-0.3553,9.01692,-7.2036,-5.78772,0,0,0,0,0,0
22.2803,1.81718,-1.63412,-0.593483,-2.42764,2.18997,0.661735,-9.66482,13.2975,-0.3553,9.01692,-7.2036,-5.78772,0,0,0,0,0,0
22.2853,1.80198,-1.61723,-0.592986,-2.43035,2.1457,0.660825,-9.01078,13.5024,-1.16413,7.48512,-6.56604,-4.53744,0,0,0,0,0,0
22.2902,1.79855,-1.59304,-0.580314,-2.40722,2.11529,0.662409,-9.76726,13.0532,-0.77748,7.98192,-7.65072,-5.98644,0,0,0,0,0,0
22.2953,1.82089,-1.56754,-0.582661,-2.37965,2.09103,0.695365,-9.85394,13.4748,-0.41173,7.31124,-6.83928,-5.796,0,0,0,0,0,0
22.3003,1.81539,-1.54517,-0.584931,-2.35592,2.0676,0.725325,-8.7074,12.9705,-0.88198,8.03988,-7.46028,-6.10236,0,0,0,0,0,0
22.3052,1.8096,-1.53742,-0.555705,-2.35249,2.02622,0.757129,-9.8106,13.8215,-1.88727,7.62588,-5.87052,-6.003,0,0,0,0,0,0
22.3104,1.81322,-1.55837,-0.541968,-2.35619,1.96218,0.746624,-9.3378,13.9752,-0.35321,8.55324,-6.22656,-4.07376,0,0,0,0,0,0
22.3154,1.7973,-1.59409,-0.582696,-2.35623,1.89657,0.742507,-8.69164,14.1722,0.48279,7.17876,-5.6304,-6.25968,0,0,0,0,0,0
22.3204,1.7765,-1.62416,-0.598253,-2.3939,1.84965,0.734928,-9.21172,14.1091,-1.27072,9.5634,-6.83928,-4.15656,0,0,0,0,0,0
22.3253,1.80103,-1.64644,-0.590859,-2.42626,1.79232,0.701526,-10.2125,13.5772,-0.53295,7.44372,-5.11704,-4.93488,0,0,0,0,0,0
22.3304,1.81788,-1.66003,-0.614996,-2.38147,1.68196,0.691457,-9.28658,13.5181,-0.02926,5.93676,-4.20624,-5.34888,0,0,0,0,0,0
22.3353,1.8078,-1.64559,-0.626438,-2.30635,1.59979,0.661199,-9.062,12.5253,-0.99484,6.20172,-6.14376,-4.347,0,0,0,0,0,0
22.3404,1.79408,-1.60354,-0.619123,-2.28381,1.57266,0.636765,-9.20778,11.9027,-0.98021,7.4106,-6.23484,-5.3406,0,0,0,0,0,0
22.3454,1.79123,-1.54724,-0.621274,-2.29265,1.52075,0.626212,-9.23142,12.017,-0.3971,7.88256,-5.01768,-4.8024,0,0,0,0,0,0
22.3502,1.78997,-1.47016,-0.639313,-2.29,1.45647,0.617839,-9.42842,11.1699,-0.15884,7.26984,-5.4648,-5.6304,0,0,0,0,0,0
22.3553,1.79978,-1.37389,-0.647174,-2.25182,1.42228,0.636363,-9.46388,11.1108,-0.72523,6.61572,-6.22656,-6.15204,0,0,0,0,0,0
22.3604,1.82646,-1.31078,-0.628179,-2.19611,1.38258,0.656228,-9.91304,12.3795,-1.32924,5.93676,-5.07564,-5.51448,0,0,0,0,0,0
22.3653,1.84067,-1.28391,-0.599692,-2.12581,1.32798,0.66422,-9.91304,12.3795,-1.32924,5.93676,-5.07564,-5.51448,0,0,0,0,0,0
22.3703,1.86324,-1.24717,-0.580552,-2.09002,1.27469,0.683091,-9.44024,11.166,-1.18294,7.15392,-5.19156,-5.93676,0,0,0,0,0,0
22.3753,1.85424,-1.20659,-0.607584,-2.11995,1.23539,0.677317,-9.01472,11.5521,0.42636,8.63604,-5.37372,-4.7196,0,0,0,0,0,0
22.3802,1.81867,-1.18258,-0.612928,-2.13335,1.20407,0.640088,-8.5301,11.6112,-2.19659,6.50808,-5.26608,-4.29732,0,0,0,0,0,0
22.3854,1.7815,-1.14785,-0.583996,-2.13357,1.15887,0.577929,-8.4119,11.3196,-0.86108,7.84116,-4.77756,-3.1878,0,0,0,0,0,0
22.3904,1.77467,-1.12197,-0.603651,-2.17589,1.13114,0.550207,-9.7318,11.954,-0.05016,8.66088,-5.86224,-5.85396,0,0,0,0,0,0
22.3952,1.78918,-1.08624,-0.6229,-2.21551,1.13529,0.55461,-9.01866,10.6183,-0.87571,7.5348,-6.09408,-4.43808,0,0,0,0,0,0
22.4001,1.7717,-1.01162,-0.599831,-2.19629,1.115,0.528004,-8.3528,10.4095,-1.71798,6.36732,-4.7196,-4.4298,0,0,0,0,0,0
22.4052,1.73915,-0.971298,-0.587319,-2.17598,1.08495,0.551147,-7.4072,11.363,-0.58102,7.31952,-5.77116,-6.40872,0,0,0,0,0,0
22.4102,1.66234,-0.948124,-0.599501,-2.17621,1.09171,0.615366,-7.4072,11.363,-0.58102,7.31952,-5.77116,-6.40872,0,0,0,0,0,0
22.4151,1.60184,-0.911712,-0.612405,-2.21406,1.09763,0.643116,-7.30476,10.3937,-0.61655,8.79336,-5.85396,-4.90176,0,0,0,0,0,0
22.4202,1.55745,-0.881007,-0.588341,-2.23461,1.09438,0.652142,-7.47024,11.686,-2.12553,6.9552,-5.45652,-5.73804,0,0,0,0,0,0
22.4252,1.52431,-0.865233,-0.545059,-2.19718,1.09206,0.673277,-7.67512,10.6695,-1.59049,6.5412,-5.72976,-5.34888,0,0,0,0,0,0
22.4302,1.50715,-0.820416,-0.543,-2.15984,1.11079,0.628107,-8.17156,10.0312,-0.44726,6.9966,-6.30108,-2.7738,0,0,0,0,0,0
22.4352,1.50796,-0.713735,-0.565193,-2.10853,1.10989,0.572423,-7.84848,7.80908,-0.40128,5.9616,-4.94316,-4.37184,0,0,0,0,0,0
22.4402,1.45598,-0.605686,-0.594721,-2.01027,1.04688,0.597048,-5.98486,9.71604,-0.1045,4.36356,-3.44448,-6.24312,0,0,0,0,0,0
22.4452,1.58462,-0.596757,-0.579292,-1.9345,0.937328,0.660695,-15.1493,11.7057,-2.35125,6.0858,-2.80692,-6.67368,0,0,0,0,0,0
22.4502,1.77829,-0.60396,-0.546791,-1.90996,0.848825,0.706298,-10.0549,10.571,-0.97394,6.2514,-3.88332,-6.13548,0,0,0,0,0,0
22.4551,1.83721,-0.619121,-0.57407,-1.90858,0.761591,0.718839,-10.0628,11.7609,0.03553,6.75648,-2.484,-5.43996,0,0,0,0,0,0
22.4603,1.85876,-0.613856,-0.610983,-1.95653,0.672335,0.720197,-9.07776,9.5348,-0.62909,8.61948,-3.33684,-5.6718,0,0,0,0,0,0
22.4652,1.84462,-0.589961,-0.62195,-2.0359,0.602688,0.702432,-8.64042,10.9374,-1.05336,8.21376,-3.07188,-4.56228,0,0,0,0,0,0
22.4702,1.84483,-0.604555,-0.624273,-2.0787,0.527363,0.670374,-9.22748,11.2763,-0.92587,6.94692,-2.93112,-4.91832,0,0,0,0,0,0
22.4752,1.85402,-0.611817,-0.638214,-2.11412,0.440034,0.683808,-9.24718,10.4174,-0.61446,7.68384,-2.12796,-6.4998,0,0,0,0,0,0
22.4802,1.86648,-0.615586,-0.664242,-2.14865,0.332325,0.709596,-9.6924,10.8429,-0.45771,7.11252,-1.4904,-5.49792,0,0,0,0,0,0
22.4851,1.86623,-0.614929,-0.695642,-2.16131,0.211393,0.720622,-8.34886,10.2637,-0.27797,6.89724,-1.15092,-5.94504,0,0,0,0,0,0
22.4902,1.84825,-0.5948,-0.701493,-2.14378,0.0733694,0.726924,-8.98714,10.2204,-1.36686,6.03612,-0.01656,-5.6304,0,0,0,0,0,0
22.4953,1.84388,-0.568504,-0.676826,-2.11138,-0.0643713,0.726304,-8.80196,9.53086,-1.72216,6.17688,-0.21528,-5.73804,0,0,0,0,0,0
22.5002,1.84523,-0.563693,-0.663734,-2.06259,-0.184387,0.68171,-9.062,11.0084,-0.91542,5.26608,0.19872,-3.38652,0,0,0,0,0,0
22.5052,1.8536,-0.574398,-0.671461,-2.05103,-0.290365,0.636032,-9.26294,10.2204,-0.81719,7.4934,0.4554,-5.53104,0,0,0,0,0,0
22.5102,1.86381,-0.572714,-0.694942,-2.05494,-0.376141,0.636447,-9.2393,10.3898,-0.26752,5.82084,0.86112,-5.39028,0,0,0,0,0,0
22.5152,1.85559,-0.598954,-0.715757,-1.99273,-0.440255,0.663574,-8.55374,10.9335,-1.10143,4.35528,1.29996,-6.79788,0,0,0,0,0,0
22.5204,1.85475,-0.622694,-0.689568,-1.95518,-0.472236,0.661524,-9.07382,10.6971,-2.07119,6.59916,1.19232,-4.23936,0,0,0,0,0,0
22.5252,1.84371,-0.60919,-0.656971,-1.95384,-0.456301,0.650591,-8.32522,9.28264,-1.44837,6.11064,1.10952,-5.99472,0,0,0,0,0,0
22.5306,1.80737,-0.563801,-0.640936,-1.9459,-0.395739,0.674274,-8.32522,9.28264,-1.44837,6.11064,1.10952,-5.99472,0,0,0,0,0,0
22.5352,1.79543,-0.516413,-0.641488,-1.95485,-0.31934,0.694159,-8.58526,8.42372,-0.95931,6.61572,1.30824,-5.9202,0,0,0,0,0,0
22.5401,1.77598,-0.441868,-0.649876,-1.9633,-0.22451,0.71349,-8.58526,8.42372,-0.95931,6.61572,1.30824,-5.9202,0,0,0,0,0,0
22.5452,1.78017,-0.37778,-0.67331,-1.95984,-0.118835,0.711376,-8.86106,8.471,-0.28424,5.81256,0.97704,-4.8852,0,0,0,0,0,0
22.5502,1.79211,-0.349249,-0.698518,-1.93513,-0.000183714,0.700855,-9.31416,9.44812,-1.045,5.68008,1.04328,-5.82912,0,0,0,0,0,0
22.5552,1.81243,-0.332087,-0.675971,-1.90674,0.107451,0.673959,-9.01472,8.95562,-2.20913,5.61384,1.3662,-4.11516,0,0,0,0,0,0
22.5603,1.808,-0.32484,-0.644277,-1.89987,0.198713,0.644253,-8.76256,9.5151,-1.65946,6.64884,1.82988,-5.48964,0,0,0,0,0,0
22.5652,1.78896,-0.330327,-0.652965,-1.89693,0.299999,0.62338,-8.34886,8.7074,-0.78584,5.66352,0.91908,-4.33044,0,0,0,0,0,0
22.5702,1.75719,-0.297647,-0.681496,-1.82973,0.407511,0.607144,-8.20308,8.2346,-0.5852,4.12344,1.47384,-5.7132,0,0,0,0,0,0
22.5753,1.72292,-0.267248,-0.715089,-1.73567,0.486344,0.608122,-7.77756,8.40008,-0.5852,4.03236,1.97064,-5.175,0,0,0,0,0,0
22.5804,1.71023,-0.258924,-0.73169,-1.67484,0.548599,0.600225,-8.92804,9.25112,-1.20175,5.10048,2.07828,-5.51448,0,0,0,0,0,0
22.5854,1.71112,-0.250795,-0.716835,-1.633,0.606595,0.62586,-8.70346,8.16368,-2.07955,4.6782,2.25216,-6.49152,0,0,0,0,0,0
22.5902,1.71245,-0.241348,-0.691166,-1.59373,0.651778,0.64155,-8.62072,9.31022,-1.6302,5.07564,2.46744,-5.1336,0,0,0,0,0,0
22.5952,1.71589,-0.251241,-0.67566,-1.54143,0.678729,0.654441,-8.71922,8.97926,-1.65319,3.95784,3.0222,-6.23484,0,0,0,0,0,0
22.6005,1.72054,-0.257105,-0.684659,-1.4933,0.705881,0.663931,-8.865,8.7468,-0.73777,4.94316,2.57508,-5.33232,0,0,0,0,0,0
22.6052,1.71035,-0.278304,-0.714018,-1.46075,0.73752,0.678544,-8.22278,9.54662,-0.79629,4.54572,2.8566,-6.47496,0,0,0,0,0,0
22.6103,1.69406,-0.315594,-0.745065,-1.43157,0.773532,0.669495,-8.67194,9.17232,-0.75867,4.85208,2.47572,-4.57056,0,0,0,0,0,0
22.6153,1.68321,-0.341008,-0.77624,-1.41563,0.812452,0.64257,-8.274,8.79408,-0.76912,4.8438,2.7738,-5.29092,0,0,0,0,0,0
22.6202,1.68765,-0.330707,-0.783533,-1.41451,0.829294,0.62965,-8.9241,7.99032,-1.55287,5.53104,3.32028,-4.98456,0,0,0,0,0,0
22.6252,1.70425,-0.295443,-0.765288,-1.43361,0.849092,0.605481,-8.96744,7.43478,-1.95624,5.63868,2.80692,-4.47948,0,0,0,0,0,0
22.6303,1.72971,-0.234362,-0.747198,-1.45042,0.871496,0.599097,-9.03442,7.08412,-1.42538,5.30748,3.1464,-5.8788,0,0,0,0,0,0
22.6355,1.72692,-0.17676,-0.74798,-1.44714,0.900035,0.602392,-7.63572,7.55692,-1.11188,4.83552,2.50056,-4.74444,0,0,0,0,0,0
22.6404,1.70425,-0.134938,-0.764913,-1.41476,0.93377,0.619054,-8.3528,7.27324,-0.86317,4.17312,3.04704,-6.54948,0,0,0,0,0,0
22.6454,1.70025,-0.10552,-0.786459,-1.36143,0.968028,0.630218,-8.2346,8.10064,-0.76076,3.75084,2.41776,-4.7196,0,0,0,0,0,0
22.6504,1.68182,-0.0939165,-0.821646,-1.30643,1.02005,0.656398,-8.19126,7.5648,-0.45353,3.94956,2.53368,-7.4934,0,0,0,0,0,0
22.6553,1.73299,-0.112385,-0.855588,-1.24441,1.04475,0.695953,-11.1896,9.04624,-0.86108,3.12984,3.4776,-5.57244,0,0,0,0,0,0
22.6603,1.82238,-0.131392,-0.863356,-1.13775,1.04403,0.691377,-10.307,7.82878,-1.56123,1.91268,3.8088,-5.48136,0,0,0,0,0,0
22.6653,1.82746,-0.130486,-0.856407,-1.0075,1.04509,0.670318,-8.02972,7.8603,-1.62184,1.74708,3.54384,-4.95972,0,0,0,0,0,0
22.6702,1.78128,-0.135225,-0.838249,-0.863726,1.04764,0.657825,-7.93516,8.08094,-2.08373,1.05984,3.8088,-5.70492,0,0,0,0,0,0
22.6752,1.72187,-0.117878,-0.814239,-0.695752,1.05734,0.639667,-7.11958,7.26142,-1.69708,0.36432,3.30372,-4.82724,0,0,0,0,0,0
22.6803,1.64372,-0.0823605,-0.800844,-0.527237,1.07756,0.606535,-7.11958,7.26142,-1.69708,0.36432,3.30372,-4.82724,0,0,0,0,0,0
22.6853,1.59516,-0.0651779,-0.798777,-0.407491,1.07663,0.612299,-7.86424,7.39538,-1.38358,0.24012,3.94128,-6.38388,0,0,0,0,0,0
22.6903,1.55843,-0.0457025,-0.80328,-0.351588,1.06867,0.647283,-7.86424,7.39538,-1.38358,0.24012,3.94128,-6.38388,0,0,0,0,0,0
22.6953,1.51286,-0.0656092,-0.827041,-0.372303,1.05587,0.656467,-7.06048,8.67194,-0.62909,-0.1656,4.07376,-5.36544,0,0,0,0,0,0
22.7002,1.4554,-0.114101,-0.862315,-0.439482,1.05622,0.648634,-7.39144,8.14004,-1.03246,0.27324,3.69288,-5.52276,0,0,0,0,0,0
22.7052,1.43213,-0.137487,-0.889962,-0.511191,1.11161,0.644295,-8.32522,7.47812,-0.9196,-0.44712,1.91268,-5.82912,0,0,0,0,0,0
22.7102,1.45325,-0.130271,-0.911786,-0.568427,1.16437,0.595315,-9.14474,6.78862,-1.16413,-0.38916,3.56868,-3.33684,0,0,0,0,0,0
22.7155,1.48694,-0.120375,-0.918639,-0.604639,1.17421,0.563306,-8.84924,7.04078,-1.64901,-1.41588,4.0158,-6.16032,0,0,0,0,0,0
22.7203,1.49046,-0.0869542,-0.89031,-0.610789,1.1522,0.564048,-7.62784,6.2252,-2.44739,-1.30824,4.74444,-4.8852,0,0,0,0,0,0
22.7253,1.4816,-0.0540085,-0.853706,-0.628961,1.09193,0.574355,-8.34886,6.76104,-2.16942,-1.2006,5.84568,-6.5826,0,0,0,0,0,0
22.7304,1.45004,-0.0524281,-0.814228,-0.656898,1.02528,0.576118,-6.83984,7.13928,-2.80687,-0.96048,5.29092,-4.6782,0,0,0,0,0,0
22.7354,1.42383,-0.051802,-0.767813,-0.673928,0.97207,0.570059,-8.12428,7.2496,-2.3408,-1.72224,5.29092,-6.09408,0,0,0,0,0,0
22.7402,1.42111,-0.0455392,-0.745858,-0.688909,0.919202,0.602628,-7.77756,6.895,-1.82039,-1.1178,5.3406,-6.34248,0,0,0,0,0,0
22.7453,1.41589,-0.041262,-0.742933,-0.743396,0.858257,0.597578,-8.03366,6.92258,-1.67409,-0.04968,5.97816,-4.45464,0,0,0,0,0,0
22.7502,1.41166,-0.0275961,-0.755357,-0.804024,0.835972,0.57705,-7.86818,6.16216,-1.24773,-0.7866,4.10688,-5.39856,0,0,0,0,0,0
22.7552,1.43072,-0.0165455,-0.773491,-0.822734,0.83094,0.588712,-9.1014,6.92258,-1.46091,-2.21904,5.2578,-5.96988,0,0,0,0,0,0
22.7602,1.45933,-0.039976,-0.792752,-0.817553,0.765091,0.604055,-8.57738,7.3284,-1.33551,-2.26044,6.8724,-5.8374,0,0,0,0,0,0
22.7652,1.45679,-0.0513997,-0.801647,-0.812648,0.646075,0.580104,-7.80908,6.14246,-1.9646,-2.484,7.79148,-4.52916,0,0,0,0,0,0
22.7702,1.42218,-0.0614473,-0.791304,-0.82174,0.540696,0.555361,-7.11958,7.43478,-2.12553,-1.7388,6.65712,-5.56416,0,0,0,0,0,0
22.7754,1.39484,-0.106281,-0.79321,-0.804023,0.465454,0.54659,-7.88788,7.44266,-1.4421,-3.41136,6.56604,-5.175,0,0,0,0,0,0
22.7802,1.35816,-0.120533,-0.811605,-0.794786,0.392251,0.56155,-6.78468,6.1858,-1.4212,-1.81332,6.80616,-6.5826,0,0,0,0,0,0
22.7852,1.31254,-0.139664,-0.829543,-0.864408,0.302075,0.599768,-7.30082,7.4269,-1.52361,-0.32292,7.5348,-6.26796,0,0,0,0,0,0
22.7902,1.3067,-0.177784,-0.847342,-0.932159,0.241349,0.605475,-8.3922,7.00138,-1.38567,-1.82988,5.91192,-5.15844,0,0,0,0,0,0
22.7953,1.31489,-0.18061,-0.867389,-0.971045,0.224265,0.582342,-7.94698,5.74452,-1.42747,-1.72224,5.8788,-5.20812,0,0,0,0,0,0
22.8003,1.32835,-0.169652,-0.873977,-0.985746,0.191739,0.556171,-8.30158,6.94622,-1.66573,-2.08656,6.59916,-4.89348,0,0,0,0,0,0
22.8053,1.3487,-0.146984,-0.868315,-0.94498,0.125019,0.551893,-8.18338,5.23232,-1.88309,-3.83364,7.50996,-5.96988,0,0,0,0,0,0
22.8102,1.34578,-0.101424,-0.861714,-0.903054,0.0631112,0.539298,-7.31264,5.77998,-1.72425,-1.9872,6.63228,-4.45464,0,0,0,0,0,0
22.8152,1.3192,-0.119096,-0.852572,-0.888867,0.0321971,0.494945,-7.1511,7.56086,-2.15061,-2.79864,6.45012,-4.5954,0,0,0,0,0,0
22.8204,1.31023,-0.14759,-0.834574,-0.853622,0.00441273,0.463474,-7.91152,6.26066,-2.11299,-3.00564,6.57432,-4.54572,0,0,0,0,0,0
22.8254,1.28766,-0.17681,-0.834029,-0.834203,0.00936347,0.470438,-6.98562,6.88712,-1.75142,-2.4426,5.24952,-6.32592,0,0,0,0,0,0
22.8305,1.25134,-0.227111,-0.836131,-0.817777,0.0334077,0.501339,-7.11958,7.29294,-1.94579,-2.88972,5.70492,-5.7132,0,0,0,0,0,0
22.8352,1.24847,-0.236445,-0.832465,-0.804491,0.0352965,0.542797,-8.22672,5.3584,-1.89354,-2.11968,6.23484,-6.7896,0,0,0,0,0,0
22.8403,1.24246,-0.221986,-0.830849,-0.827662,0.0383145,0.596951,-7.12352,5.96516,-1.98759,-1.89612,5.77116,-6.64884,0,0,0,0,0,0
22.8453,1.22008,-0.210896,-0.823256,-0.857334,0.0519489,0.643275,-7.12352,5.96516,-1.98759,-1.89612,5.77116,-6.64884,0,0,0,0,0,0
22.8502,1.21473,-0.207131,-0.818186,-0.849552,0.00523806,0.6554,-7.78544,5.71694,-2.02939,-4.16484,8.31312,-5.2164,0,0,0,0,0,0
22.8555,1.22213,-0.198903,-0.813381,-0.791792,-0.0892486,0.642273,-7.78544,5.71694,-2.02939,-4.16484,8.31312,-5.2164,0,0,0,0,0,0
22.8604,1.21312,-0.232442,-0.819251,-0.77361,-0.137736,0.629255,-7.30476,6.96198,-1.73052,-2.61648,6.38388,-4.99284,0,0,0,0,0,0
22.8653,1.19192,-0.285575,-0.837797,-0.777495,-0.129997,0.627741,-7.18656,6.58374,-1.34387,-3.04704,5.85396,-5.8788,0,0,0,0,0,0
22.8703,1.16704,-0.309516,-0.863947,-0.76935,-0.128281,0.62321,-6.90288,6.11488,-1.0241,-2.7738,6.6654,-4.87692,0,0,0,0,0,0
22.8753,1.12902,-0.348557,-0.900043,-0.752495,-0.164993,0.619764,-6.47736,7.24172,-0.62282,-3.8916,7.51824,-5.98644,0,0,0,0,0,0
22.8803,1.08936,-0.38259,-0.940104,-0.741175,-0.197226,0.617219,-6.70588,6.09518,-0.39083,-2.59164,6.7896,-4.8024,0,0,0,0,0,0
22.8852,1.08538,-0.379128,-0.984067,-0.717989,-0.215682,0.606245,-8.04154,5.34264,0.01254,-4.41324,7.05456,-5.74632,0,0,0,0,0,0
22.8905,1.08869,-0.326837,-1.0122,-0.678922,-0.213853,0.588038,-6.86742,4.26702,-0.20273,-3.22092,5.87052,-4.86864,0,0,0,0,0,0
22.8955,1.07733,-0.247812,-1.01748,-0.685001,-0.195325,0.58002,-7.48994,3.59328,-0.2299,-2.41776,6.36732,-5.90364,0,0,0,0,0,0
22.9004,1.066,-0.178331,-1.00114,-0.668217,-0.197138,0.532171,-6.82408,4.46796,-0.19019,-3.92472,6.73164,-3.45276,0,0,0,0,0,0
22.9055,1.0396,-0.16027,-0.967731,-0.624982,-0.210253,0.471714,-6.55616,5.7524,-0.11704,-4.08204,6.72336,-4.62024,0,0,0,0,0,0
22.9102,1.00197,-0.190306,-0.929985,-0.613218,-0.237963,0.486576,-6.4025,6.07942,-0.00836,-2.50884,7.51824,-6.60744,0,0,0,0,0,0
22.9153,0.965063,-0.19594,-0.885808,-0.630683,-0.293583,0.47768,-6.00456,5.01168,0.10868,-2.55024,8.02332,-3.63492,0,0,0,0,0,0
22.9205,0.940043,-0.184988,-0.841655,-0.613995,-0.299852,0.46596,-6.6783,5.1811,0.17556,-3.11328,5.52276,-6.14376,0,0,0,0,0,0
22.9253,0.902227,-0.170193,-0.800439,-0.589772,-0.303188,0.495142,-5.49236,4.33794,0.13376,-3.0222,7.89084,-5.30748,0,0,0,0,0,0
22.9303,0.868127,-0.123458,-0.758696,-0.578065,-0.347551,0.515511,-6.5601,3.80998,0.22572,-2.53368,7.3278,-5.53932,0,0,0,0,0,0
22.9352,0.797698,-0.0564117,-0.721924,-0.513582,-0.35361,0.527927,-3.93606,3.03774,0.24035,-5.382,6.47496,-5.48136,0,0,0,0,0,0
22.9405,0.796806,-0.0850518,-0.692517,-0.401508,-0.400359,0.530194,-9.10928,7.78938,0.52041,-5.34888,8.95896,-4.62852,0,0,0,0,0,0
22.9453,0.938791,-0.223236,-0.6712,-0.296606,-0.512346,0.520775,-10.5237,8.08094,0.63745,-5.96988,9.69588,-5.2164,0,0,0,0,0,0
22.9506,1.03582,-0.315882,-0.639326,-0.233498,-0.632049,0.530788,-7.34416,6.29612,0.2299,-4.46292,9.58824,-5.69664,0,0,0,0,0,0
22.9555,1.04724,-0.367618,-0.600508,-0.199941,-0.709671,0.54213,-6.98956,6.5404,0.33649,-4.91004,8.29656,-5.70492,0,0,0,0,0,0
22.9604,1.03893,-0.405925,-0.559378,-0.187792,-0.712917,0.549503,-6.7571,5.38598,-0.11913,-4.81068,6.50808,-5.53932,0,0,0,0,0,0
22.9653,1.00993,-0.423529,-0.519846,-0.215558,-0.678997,0.536843,-6.11094,5.8509,0.37829,-3.41964,6.69852,-5.01768,0,0,0,0,0,0
22.9704,0.979792,-0.468492,-0.498295,-0.248656,-0.67129,0.52751,-6.95804,6.13852,0.40546,-4.57056,7.75008,-5.68836,0,0,0,0,0,0
22.9753,0.964898,-0.506597,-0.478078,-0.273454,-0.632,0.517564,-6.65072,5.64208,0.45771,-3.46104,5.47308,-4.98456,0,0,0,0,0,0
22.9802,0.941999,-0.509531,-0.454836,-0.321212,-0.584203,0.497888,-6.57586,4.62162,0.25289,-3.27888,7.30296,-5.04252,0,0,0,0,0,0
22.9853,0.910756,-0.491244,-0.420465,-0.339273,-0.55071,0.491958,-6.09518,4.73982,-0.01672,-4.66164,6.06924,-5.4234,0,0,0,0,0,0
22.9903,0.88608,-0.439839,-0.379015,-0.31404,-0.489957,0.474283,-6.50888,3.54994,0.02926,-5.2578,5.95332,-4.0158,0,0,0,0,0,0
22.9954,0.88062,-0.390626,-0.33388,-0.308557,-0.482075,0.484476,-7.04472,4.43644,-0.34485,-3.81708,8.23032,-6.81444,0,0,0,0,0,0
23.0007,0.890268,-0.360865,-0.282104,-0.332292,-0.522859,0.549499,-7.04472,4.43644,-0.34485,-3.81708,8.23032,-6.81444,-0,-0,-0,-0,-0,-0
23.0053,0.880545,-0.353188,-0.233372,-0.34162,-0.538547,0.597474,-6.61526,4.52706,-0.63536,-4.47948,7.1208,-6.30936,-0,-0,-0,-0,-0,-0
23.0104,0.87051,-0.33872,-0.176517,-0.330855,-0.526958,0.628053,-6.61526,4.52706,-0.63536,-4.47948,7.1208,-6.30936,-0,-0,-0,-0,-0,-0
23.0157,0.872714,-0.361805,-0.148089,-0.311924,-0.545597,0.676684,-7.16292,5.85484,0.45771,-4.91004,8.4456,-7.3278,-0,-0,-0,-0,-0,-0
23.0203,0.875189,-0.401171,-0.152961,-0.295003,-0.572133,0.71785,-7.03684,4.79498,0.59565,-4.91832,7.72524,-5.9616,-0,-0,-0,-0,-0,-0
23.0252,0.880497,-0.400874,-0.15585,-0.277666,-0.580718,0.732818,-7.03684,4.79498,0.59565,-4.91832,7.72524,-5.9616,-0,-0,-0,-0,-0,-0
23.0303,0.867403,-0.407015,-0.147547,-0.2585,-0.563422,0.720253,-6.3631,4.91712,0.0418,-5.19156,6.46668,-4.54572,-0,-0,-0,-0,-0,-0
23.0354,0.853551,-0.426127,-0.134129,-0.233153,-0.512698,0.73384,-6.9541,5.2402,0.30514,-5.88708,6.47496,-6.81444,-0,-0,-0,-0,-0,-0
23.0404,0.834939,-0.461656,-0.124361,-0.210476,-0.499546,0.776344,-6.01244,5.64602,0.17765,-5.28264,8.0316,-6.15204,-0,-0,-0,-0,-0,-0
23.0453,0.81685,-0.484152,-0.115615,-0.15979,-0.536023,0.787468,-7.00138,4.46008,0.28633,-7.01316,8.61948,-5.66352,-0,-0,-0,-0,-0,-0
23.0503,0.808566,-0.505454,-0.117087,-0.0577346,-0.579263,0.757599,-6.37886,5.84696,0.71269,-7.55136,8.43732,-4.62024,-0,-0,-0,-0,-0,-0
23.0553,0.795121,-0.544861,-0.096391,0.0393374,-0.601303,0.73438,-6.59556,5.15746,-0.75867,-7.35264,7.98192,-5.6718,-0,-0,-0,-0,-0,-0
23.0603,0.791019,-0.560887,-0.0655991,0.0546454,-0.634801,0.715794,-6.85166,4.59798,0.05852,-4.85208,8.83476,-4.87692,-0,-0,-0,-0,-0,-0
23.0654,0.781641,-0.602054,-0.0524212,0.050433,-0.663469,0.691006,-6.13064,6.37098,0.12958,-6.51636,8.03988,-5.39028,-0,-0,-0,-0,-0,-0
23.0704,0.755402,-0.639847,-0.0458142,0.0639361,-0.72202,0.661978,-6.0282,4.86984,0.39083,-5.84568,9.9774,-4.50432,-0,-0,-0,-0,-0,-0
23.0754,0.742557,-0.633702,-0.0506794,0.0519385,-0.764176,0.634149,-6.65466,4.2355,0.57475,-4.95972,7.47684,-5.41512,-0,-0,-0,-0,-0,-0
23.0803,0.728412,-0.595258,-0.0534005,0.0325968,-0.7862,0.628594,-5.75634,3.85726,0.55176,-4.97628,9.13284,-5.68008,-0,-0,-0,-0,-0,-0
23.0853,0.688651,-0.560267,-0.0606868,0.0366781,-0.82459,0.613258,-5.64208,3.96364,0.67089,-6.4584,8.27172,-4.33044,-0,-0,-0,-0,-0,-0
23.0905,0.67993,-0.520499,-0.0575001,0.0662743,-0.81849,0.625887,-6.74134,3.70754,0.18601,-6.24312,7.39404,-6.88896,-0,-0,-0,-0,-0,-0
23.0956,0.690799,-0.502313,-0.051089,0.0915319,-0.800378,0.649226,-6.61526,4.71224,0.46607,-6.44184,7.7418,-5.10048,-0,-0,-0,-0,-0,-0
23.1004,0.685641,-0.526095,-0.0376452,0.13793,-0.794979,0.663866,-6.57586,4.79892,-0.47025,-7.31124,8.09784,-6.39216,-0,-0,-0,-0,-0,-0
23.1055,0.685689,-0.552975,-0.0149411,0.196787,-0.785324,0.691898,-6.41826,5.36628,0.24662,-7.2864,7.5762,-6.14376,-0,-0,-0,-0,-0,-0
23.1103,0.682337,-0.586564,-0.00794225,0.250359,-0.763736,0.713906,-6.41826,5.36628,0.24662,-7.2864,7.5762,-6.14376,-0,-0,-0,-0,-0,-0
23.1155,0.675569,-0.624879,0.00477403,0.25534,-0.765903,0.734753,-6.55616,5.03926,-0.20273,-5.49792,8.6526,-6.14376,-0,-0,-0,-0,-0,-0
23.1204,0.674081,-0.62339,0.0167408,0.306358,-0.731342,0.716278,-6.39462,3.98334,0.44308,-8.3628,5.99472,-4.40496,-0,-0,-0,-0,-0,-0
23.1254,0.658301,-0.62011,0.0179727,0.337742,-0.703698,0.677152,-6.1464,4.41674,0.00209,-5.62212,9.07488,-4.81896,-0,-0,-0,-0,-0,-0
23.1305,0.642358,-0.637062,0.0218989,0.353018,-0.730217,0.661121,-6.11882,4.94076,0.39292,-7.31952,8.18064,-5.27436,-0,-0,-0,-0,-0,-0
23.1356,0.648711,-0.677123,0.0350738,0.405843,-0.745692,0.654279,-6.88712,5.64602,-0.31559,-7.38576,8.75196,-5.36544,-0,-0,-0,-0,-0,-0
23.1403,0.643942,-0.698687,0.0706493,0.44411,-0.766804,0.65345,-5.53964,4.52706,-0.5016,-6.83928,8.18892,-5.59728,-0,-0,-0,-0,-0,-0
23.1453,0.651973,-0.734273,0.0881185,0.55428,-0.830405,0.679493,-7.27324,6.33946,0.41173,-10.7392,10.7309,-6.63228,-0,-0,-0,-0,-0,-0
23.1504,0.667804,-0.801642,0.0870982,0.696156,-0.889162,0.692945,-6.26854,5.42144,0.10868,-9.43092,8.47872,-5.36544,-0,-0,-0,-0,-0,-0
23.1553,0.657306,-0.792124,0.109138,0.786201,-0.908897,0.69586,-5.8903,3.88878,-0.28215,-8.78508,8.88444,-6.4998,-0,-0,-0,-0,-0,-0
23.1603,0.630669,-0.758624,0.133673,0.848893,-0.930554,0.721095,-5.8903,3.88878,-0.28215,-8.78508,8.88444,-6.4998,-0,-0,-0,-0,-0,-0
23.1652,0.578411,-0.762159,0.132961,0.872684,-0.941663,0.712008,-5.17716,4.67678,0.51623,-7.3278,8.63604,-5.03424,-0,-0,-0,-0,-0,-0
23.1703,0.526244,-0.765695,0.11677,0.840521,-0.954548,0.677527,-5.5751,4.34976,0.57266,-6.40044,8.71056,-5.20812,-0,-0,-0,-0,-0,-0
23.1752,0.497848,-0.755536,0.121173,0.775633,-0.952395,0.668728,-6.05578,3.77452,-0.40755,-5.68836,8.27172,-6.22656,-0,-0,-0,-0,-0,-0
23.1802,0.459126,-0.750273,0.125063,0.712621,-0.969373,0.698307,-5.1614,4.79498,0.69179,-6.36732,9.36468,-7.13736,-0,-0,-0,-0,-0,-0
23.1852,0.418121,-0.717463,0.108984,0.680334,-1.00013,0.686224,-5.59086,2.66738,0.52877,-7.21188,8.99208,-4.2642,-0,-0,-0,-0,-0,-0
23.1901,0.40139,-0.667377,0.119254,0.654941,-1.01079,0.650837,-5.99668,3.94,-0.48279,-6.76476,8.47044,-6.003,-0,-0,-0,-0,-0,-0
23.1952,0.390038,-0.6769,0.136081,0.661184,-1.04594,0.658458,-5.8312,5.1023,0.16093,-8.56152,10.1513,-6.07752,-0,-0,-0,-0,-0,-0
23.2002,0.37249,-0.666329,0.140478,0.694497,-1.06409,0.63599,-5.38992,3.04562,0.12958,-7.55136,7.9074,-4.33044,-0,-0,-0,-0,-0,-0
23.2052,0.364775,-0.646385,0.158818,0.716715,-1.06152,0.621485,-6.304,4.50342,-0.48906,-7.8246,9.22392,-6.01128,-0,-0,-0,-0,-0,-0
23.2103,0.343412,-0.680307,0.170976,0.734802,-1.05483,0.628829,-4.79104,5.16928,0.28215,-7.62588,7.77492,-5.19156,-0,-0,-0,-0,-0,-0
23.2152,0.295126,-0.695031,0.162974,0.752912,-1.0463,0.650649,-5.1614,3.6642,0.3762,-8.08956,9.1908,-6.72336,-0,-0,-0,-0,-0,-0
23.2202,0.265846,-0.670611,0.171995,0.783368,-1.03264,0.687607,-5.36628,3.75088,-0.29051,-8.2386,7.50996,-6.10236,-0,-0,-0,-0,-0,-0
23.2252,0.256325,-0.670469,0.188588,0.796625,-1.01009,0.690399,-5.99274,4.66496,0.01463,-7.25328,8.8596,-5.31576,-0,-0,-0,-0,-0,-0
23.2302,0.245398,-0.708473,0.205076,0.881246,-1.01871,0.693066,-5.26778,5.25596,-0.36784,-11.3602,9.11628,-5.9616,-0,-0,-0,-0,-0,-0
23.2352,0.220732,-0.75634,0.227899,1.04752,-1.04064,0.710462,-5.26778,5.25596,-0.36784,-11.3602,9.11628,-5.9616,-0,-0,-0,-0,-0,-0
23.2402,0.213665,-0.823648,0.230531,1.15222,-1.04593,0.723901,-6.15034,5.66178,0.3762,-8.85132,8.32968,-5.81256,-0,-0,-0,-0,-0,-0
23.2453,0.20994,-0.877083,0.236516,1.19629,-1.05862,0.72915,-5.37022,5.03926,-0.40546,-8.83476,9.46404,-5.52276,-0,-0,-0,-0,-0,-0
23.2502,0.183712,-0.905648,0.253116,1.21789,-1.09223,0.732545,-4.86196,4.92106,0.02926,-8.35452,9.26532,-5.91192,-0,-0,-0,-0,-0,-0
23.2552,0.163966,-0.932463,0.261184,1.2262,-1.09874,0.726756,-5.48842,5.11806,0,-8.4456,8.47872,-5.22468,-0,-0,-0,-0,-0,-0
23.2603,0.158503,-0.957528,0.26675,1.20434,-1.12058,0.71626,-5.58692,4.58222,-0.10659,-7.79148,9.8532,-5.9202,-0,-0,-0,-0,-0,-0
23.2653,0.158538,-0.957037,0.269835,1.19476,-1.16486,0.664855,-5.74846,4.01486,0.23199,-8.4042,9.63792,-3.58524,-0,-0,-0,-0,-0,-0
23.2703,0.172417,-0.915261,0.270793,1.24214,-1.18471,0.620132,-5.80756,3.26626,0.22572,-10.1927,8.66916,-5.49792,-0,-0,-0,-0,-0,-0
23.2752,0.160567,-0.877539,0.273591,1.294,-1.17937,0.624725,-4.61374,4.0779,0.13794,-8.76852,8.63604,-5.73804,-0,-0,-0,-0,-0,-0
23.2803,0.151167,-0.820576,0.287266,1.31176,-1.16408,0.623396,-5.65784,2.62404,-0.11077,-8.47044,8.17236,-5.00112,-0,-0,-0,-0,-0,-0
23.2852,0.138065,-0.761394,0.291213,1.31436,-1.15444,0.599225,-4.65314,3.55782,0.42009,-8.10612,9.00036,-4.8438,-0,-0,-0,-0,-0,-0
23.2902,0.0974945,-0.766791,0.293953,1.34153,-1.14869,0.601374,-4.5704,5.13776,-0.15466,-9.76212,8.38764,-5.96988,-0,-0,-0,-0,-0,-0
23.2953,0.0522226,-0.81781,0.300528,1.37455,-1.13084,0.625372,-4.5704,5.13776,-0.15466,-9.76212,8.38764,-5.96988,-0,-0,-0,-0,-0,-0
23.3003,0.00135408,-0.865176,0.310129,1.42704,-1.07567,0.666509,-4.38916,4.33006,-0.48279,-11.0786,6.88896,-6.89724,-0,-0,-0,-0,-0,-0
23.3053,-0.0454668,-0.878512,0.330206,1.5101,-0.996123,0.725267,-4.38916,4.33006,-0.48279,-11.0786,6.88896,-6.89724,-0,-0,-0,-0,-0,-0
23.3103,-0.0632731,-0.903116,0.337117,1.58923,-0.933428,0.765803,-5.44902,4.925,0.2299,-10.5818,7.55136,-6.21828,-0,-0,-0,-0,-0,-0
23.3153,-0.0810124,-0.922539,0.329048,1.63912,-0.884056,0.762311,-4.6098,3.8612,0.07942,-9.76212,7.64244,-5.27436,-0,-0,-0,-0,-0,-0
23.3202,-0.118832,-0.907348,0.32398,1.67129,-0.869518,0.734541,-4.26308,3.77452,0.26543,-9.8532,8.6526,-5.10876,-0,-0,-0,-0,-0,-0
23.3254,-0.148067,-0.900621,0.310309,1.67905,-0.868046,0.698131,-4.91712,4.14094,0.44099,-8.95068,8.33796,-4.79412,-0,-0,-0,-0,-0,-0
23.3305,-0.167977,-0.894702,0.312651,1.67673,-0.882967,0.667327,-4.59798,3.80604,-0.36993,-9.80352,9.522,-5.06736,-0,-0,-0,-0,-0,-0
23.3354,-0.193793,-0.890342,0.332063,1.68589,-0.924804,0.681147,-4.82256,3.8809,-0.52459,-9.86148,9.42264,-6.81444,-0,-0,-0,-0,-0,-0
23.3404,-0.210096,-0.880083,0.339318,1.72402,-1.00873,0.696489,-4.6689,4.14094,0.42427,-10.6315,11.178,-5.19984,-0,-0,-0,-0,-0,-0
23.3452,-0.22005,-0.887667,0.355303,1.76338,-1.08283,0.686454,-4.99592,4.31036,-1.07217,-9.66276,9.44748,-5.53932,-0,-0,-0,-0,-0,-0
23.3502,-0.22037,-0.881787,0.399289,1.76571,-1.11698,0.712492,-4.99592,3.69178,-0.84436,-9.69588,9.30672,-6.68196,-0,-0,-0,-0,-0,-0
23.3552,-0.215394,-0.873366,0.413623,1.78886,-1.14198,0.687479,-5.09836,4.19216,0.26752,-10.2175,9.3978,-3.23748,-0,-0,-0,-0,-0,-0
23.3603,-0.20918,-0.901947,0.406029,1.78362,-1.1685,0.616436,-5.2599,4.91712,-0.09196,-9.65448,9.37296,-4.47948,-0,-0,-0,-0,-0,-0
23.3652,-0.213134,-0.943147,0.399253,1.77537,-1.17792,0.578506,-4.7674,4.65314,0.14003,-10.2341,8.6526,-4.72788,-0,-0,-0,-0,-0,-0
23.3702,-0.236967,-0.951608,0.390018,1.80141,-1.17256,0.567131,-4.21974,3.69178,0.16511,-10.764,8.8596,-5.52276,-0,-0,-0,-0,-0,-0
23.3752,-0.243897,-0.917622,0.396959,1.87942,-1.10373,0.576573,-4.96834,3.51448,-0.18392,-12.1219,5.48964,-5.76288,-0,-0,-0,-0,-0,-0
23.3801,-0.260745,-0.882681,0.399872,1.94891,-1.05167,0.592393,-4.04638,3.0338,0.16093,-10.8882,9.74556,-5.90364,-0,-0,-0,-0,-0,-0
23.3852,-0.29429,-0.838837,0.391962,2.0095,-1.06012,0.596689,-3.93606,3.44356,0.47234,-11.4926,8.03988,-5.40684,-0,-0,-0,-0,-0,-0
23.3903,-0.319362,-0.813699,0.391289,2.03987,-1.04922,0.588725,-4.2946,3.50266,-0.2299,-10.2506,9.05004,-5.68836,-0,-0,-0,-0,-0,-0
23.3954,-0.332833,-0.809042,0.394598,1.96439,-1.02976,0.573937,-4.81074,3.64056,-0.01463,-7.58448,7.84944,-4.89348,-0,-0,-0,-0,-0,-0
23.4005,-0.365048,-0.758345,0.394949,1.86538,-0.961133,0.551948,-3.30566,1.84392,-0.04807,-8.487,6.3756,-5.0508,-0,-0,-0,-0,-0,-0
23.4054,-0.390977,-0.697172,0.424231,1.84658,-0.91872,0.529937,-4.90136,2.7974,-1.34387,-10.3831,8.89272,-4.93488,-0,-0,-0,-0,-0,-0
23.4103,-0.399588,-0.686217,0.461349,1.87293,-0.927796,0.521921,-4.23156,3.61692,-0.7106,-10.5404,8.5698,-5.43996,-0,-0,-0,-0,-0,-0
23.4152,-0.418724,-0.650062,0.488967,1.91445,-0.931875,0.513885,-4.11336,2.10396,-0.75449,-9.87804,8.43732,-4.79412,-0,-0,-0,-0,-0,-0
23.4205,-0.438321,-0.575089,0.517225,1.96085,-0.940585,0.502477,-4.11336,2.10396,-0.75449,-9.87804,8.43732,-4.79412,-0,-0,-0,-0,-0,-0
23.4255,-0.474319,-0.508518,0.542545,1.9832,-0.897711,0.530726,-3.07714,2.68314,-0.38665,-8.22204,6.14376,-6.34248,-0,-0,-0,-0,-0,-0
23.4305,-0.500474,-0.486359,0.571188,2.00302,-0.90246,0.529214,-4.71618,3.44356,-1.24355,-10.1844,10.4742,-3.70944,-0,-0,-0,-0,-0,-0
23.4353,-0.545346,-0.488509,0.573548,2.11472,-0.950087,0.482487,-2.48614,3.12442,0.47443,-12.8754,8.02332,-4.23936,-0,-0,-0,-0,-0,-0
23.4403,-0.616145,-0.554796,0.527832,2.36331,-0.990554,0.502161,-3.35294,6.2055,0.81301,-17.032,10.0271,-6.72336,-0,-0,-0,-0,-0,-0
23.4454,-0.608464,-0.622612,0.511927,2.59872,-1.04805,0.598622,-4.98016,4.0582,-0.14003,-12.8754,9.46404,-7.51824,-0,-0,-0,-0,-0,-0
23.4502,-0.571214,-0.63839,0.51249,2.69524,-1.09341,0.693109,-4.98016,4.0582,-0.14003,-12.8754,9.46404,-7.51824,-0,-0,-0,-0,-0,-0
23.4554,-0.531024,-0.648536,0.516561,2.77125,-1.13154,0.774968,-4.98016,4.0582,-0.14003,-12.8754,9.46404,-7.51824,-0,-0,-0,-0,-0,-0
23.4606,-0.51097,-0.641506,0.531909,2.74703,-1.11008,0.826311,-3.71148,3.62874,-0.17974,-8.5698,7.35264,-6.51636,-0,-0,-0,-0,-0,-0
23.4653,-0.534117,-0.639322,0.532058,2.60807,-1.05272,0.84957,-3.71148,3.62874,-0.17974,-8.5698,7.35264,-6.51636,-0,-0,-0,-0,-0,-0
23.4703,-0.549471,-0.674297,0.526052,2.49432,-1.00306,0.833204,-3.75876,5.34658,0.29678,-9.6462,7.9074,-4.86864,-0,-0,-0,-0,-0,-0
23.4753,-0.556372,-0.721295,0.517416,2.43679,-0.945488,0.790744,-4.12912,4.06608,-0.05852,-10.8799,6.88068,-4.79412,-0,-0,-0,-0,-0,-0
23.4806,-0.565134,-0.752354,0.501445,2.42456,-0.870434,0.770169,-3.65238,4.73194,0.57475,-11.7079,6.75648,-5.80428,-0,-0,-0,-0,-0,-0
23.4854,-0.570091,-0.778445,0.485227,2.41209,-0.820872,0.801232,-3.81786,4.3931,0.54549,-10.4742,8.3628,-6.79788,-0,-0,-0,-0,-0,-0
23.4902,-0.588284,-0.811986,0.453428,2.35838,-0.824607,0.848846,-3.81786,4.3931,0.54549,-10.4742,8.3628,-6.79788,-0,-0,-0,-0,-0,-0
23.4954,-0.586095,-0.809198,0.448929,2.34053,-0.825784,0.8688,-4.1567,3.15594,-0.07942,-11.8321,8.72712,-5.7132,-0,-0,-0,-0,-0,-0
23.5003,-0.584725,-0.784652,0.448093,2.35732,-0.852922,0.858913,-4.1567,3.15594,-0.07942,-11.8321,8.72712,-5.7132,-0,-0,-0,-0,-0,-0
23.5052,-0.585863,-0.759836,0.450203,2.43541,-0.919366,0.844156,-3.60904,3.49084,0.18183,-14.2002,10.6729,-5.57244,-0,-0,-0,-0,-0,-0
23.5103,-0.59872,-0.755814,0.4572,2.50509,-0.978095,0.827182,-3.17564,4.12124,0.02299,-11.9315,9.04176,-5.31576,-0,-0,-0,-0,-0,-0
23.5154,-0.633281,-0.772978,0.45262,2.51715,-1.01268,0.808553,-3.17564,4.12124,0.02299,-11.9315,9.04176,-5.31576,-0,-0,-0,-0,-0,-0
23.5204,-0.674638,-0.752532,0.478444,2.51484,-1.01702,0.784281,-2.26944,3.0929,-0.83182,-10.8965,8.08956,-4.90176,-0,-0,-0,-0,-0,-0
23.5255,-0.70554,-0.727208,0.478091,2.50978,-0.989665,0.768365,-3.46326,3.62086,1.03246,-11.7659,7.67556,-5.6718,-0,-0,-0,-0,-0,-0
23.5302,-0.696753,-0.688366,0.472228,2.50413,-0.961399,0.771456,-3.98728,2.364,-0.627,-10.8385,8.21376,-5.68836,-0,-0,-0,-0,-0,-0
23.5352,-0.677876,-0.634732,0.474543,2.51888,-0.957378,0.789027,-3.76664,3.04956,0.79838,-12.3455,8.64432,-6.64056,-0,-0,-0,-0,-0,-0
23.5402,-0.703006,-0.616508,0.457986,2.49067,-0.9688,0.801085,-2.32854,3.36082,-0.09823,-10.0188,9.13284,-5.19156,-0,-0,-0,-0,-0,-0
23.5452,-0.731287,-0.622551,0.468048,2.43133,-0.944003,0.78624,-3.28596,4.21974,-0.23826,-10.6564,6.93036,-5.32404,-0,-0,-0,-0,-0,-0
23.5502,-0.74388,-0.647916,0.481008,2.43718,-0.889519,0.785603,-3.12442,4.2355,-0.36993,-12.3786,7.22844,-5.89536,-0,-0,-0,-0,-0,-0
23.5552,-0.769972,-0.657143,0.479757,2.49585,-0.869115,0.762329,-2.47432,3.61692,0.52041,-13.2977,8.5698,-4.21452,-0,-0,-0,-0,-0,-0
23.5602,-0.821858,-0.664558,0.447863,2.57208,-0.888737,0.707052,-2.47432,3.61692,0.52041,-13.2977,8.5698,-4.21452,-0,-0,-0,-0,-0,-0
23.5652,-0.854295,-0.664335,0.443752,2.67616,-0.85826,0.680611,-2.88802,3.72724,-0.209,-14.4403,6.67368,-5.27436,-0,-0,-0,-0,-0,-0
23.5703,-0.891769,-0.661167,0.459613,2.74879,-0.832195,0.682148,-2.03304,3.3096,-0.4807,-12.5194,8.487,-5.73804,-0,-0,-0,-0,-0,-0
23.5755,-0.944096,-0.650023,0.461801,2.75975,-0.850303,0.681854,-2.16306,3.26626,0.209,-11.5589,8.6112,-5.3406,-0,-0,-0,-0,-0,-0
23.5802,-0.982498,-0.662067,0.477562,2.7578,-0.861744,0.69523,-2.30096,4.55858,-0.89243,-12.0143,8.41248,-6.65712,-0,-0,-0,-0,-0,-0
23.5853,-1.01335,-0.718286,0.461198,2.73822,-0.861168,0.697721,-2.95894,4.44038,0.93632,-11.2939,7.81632,-5.01768,-0,-0,-0,-0,-0,-0
23.5903,-1.00938,-0.696635,0.46648,2.68927,-0.86115,0.670687,-2.364,2.86832,-0.45771,-9.98568,8.95068,-4.90176,-0,-0,-0,-0,-0,-0
23.5953,-1.04261,-0.66895,0.476112,2.61253,-0.906203,0.64085,-2.364,2.86832,-0.45771,-9.98568,8.95068,-4.90176,-0,-0,-0,-0,-0,-0
23.6005,-1.0571,-0.63302,0.478732,2.57882,-0.909529,0.632663,-2.58464,3.152,0.49533,-11.4595,7.6176,-5.80428,-0,-0,-0,-0,-0,-0
23.6055,-1.07398,-0.619792,0.462756,2.53245,-0.8954,0.638064,-2.37976,3.34506,0.12749,-9.91116,7.98192,-5.36544,-0,-0,-0,-0,-0,-0
23.6103,-1.10289,-0.603491,0.467415,2.53122,-0.872765,0.650311,-1.8912,3.15988,-0.28842,-13.3225,7.25328,-6.18516,-0,-0,-0,-0,-0,-0
23.6152,-1.13873,-0.59251,0.462999,2.61278,-0.837016,0.641995,-2.07638,3.16382,0.29678,-14.1008,7.46028,-4.58712,-0,-0,-0,-0,-0,-0
23.6202,-1.17432,-0.590347,0.455446,2.67974,-0.786317,0.622559,-1.36324,4.16852,0.38456,-12.271,6.53292,-5.57244,-0,-0,-0,-0,-0,-0
23.6254,-1.21336,-0.576747,0.460758,2.70864,-0.715646,0.635434,-2.05274,2.4625,-0.48906,-12.5276,6.07752,-6.16032,-0,-0,-0,-0,-0,-0
23.6304,-1.23644,-0.579598,0.467354,2.69584,-0.670034,0.682915,-1.99364,4.66496,0.13376,-10.5818,7.51824,-6.88068,-0,-0,-0,-0,-0,-0
23.6353,-1.25102,-0.584506,0.463018,2.68249,-0.647625,0.677123,-2.02516,3.15594,0.28424,-12.0971,7.06284,-4.27248,-0,-0,-0,-0,-0,-0
23.6403,-1.25592,-0.579776,0.440496,2.70965,-0.666818,0.651915,-2.51766,3.81392,0.66671,-12.6104,9.2322,-5.56416,-0,-0,-0,-0,-0,-0
23.6454,-1.25552,-0.591781,0.401989,2.73969,-0.724282,0.67493,-2.13942,3.96758,1.11188,-12.4448,8.75196,-6.75648,-0,-0,-0,-0,-0,-0
23.6505,-1.26044,-0.585805,0.39284,2.75249,-0.763588,0.671177,-1.91878,3.546,-0.1463,-12.3206,8.76024,-4.74444,-0,-0,-0,-0,-0,-0
23.6553,-1.28519,-0.591008,0.394883,2.75186,-0.808296,0.629807,-1.91878,3.546,-0.1463,-12.3206,8.76024,-4.74444,-0,-0,-0,-0,-0,-0
23.6603,-1.28608,-0.56417,0.413831,2.77286,-0.797989,0.616502,-1.76118,3.81786,0.52041,-13.3142,7.41888,-5.69664,-0,-0,-0,-0,-0,-0
23.6652,-1.3168,-0.590413,0.381756,2.79821,-0.780289,0.621758,-1.76118,3.81786,0.52041,-13.3142,7.41888,-5.69664,-0,-0,-0,-0,-0,-0
23.6703,-1.33713,-0.562744,0.405236,2.83507,-0.741993,0.606935,-1.44598,2.33642,-1.045,-14.1257,7.17048,-4.79412,-0,-0,-0,-0,-0,-0
23.6753,-1.36236,-0.530049,0.414409,2.84988,-0.689763,0.61979,-1.54842,3.2702,0.85063,-11.9812,6.48324,-6.82272,-0,-0,-0,-0,-0,-0
23.6802,-1.397,-0.51159,0.427603,2.82283,-0.682621,0.635424,-0.7683,3.26626,-1.06799,-11.8321,9.00036,-5.10876,-0,-0,-0,-0,-0,-0
23.6853,-1.44229,-0.498774,0.448672,2.76377,-0.670134,0.620736,-1.07562,2.86044,0,-10.6232,6.32592,-5.40684,-0,-0,-0,-0,-0,-0
23.6903,-1.47225,-0.480525,0.447487,2.75724,-0.615168,0.6164,-1.33172,3.0535,-0.07106,-13.3142,6.64056,-5.53932,-0,-0,-0,-0,-0,-0
23.6954,-1.49433,-0.472615,0.456091,2.82939,-0.569455,0.618072,-0.95742,3.79422,-0.10659,-13.7365,6.72336,-5.60556,-0,-0,-0,-0,-0,-0
23.7003,-1.53411,-0.483442,0.442579,2.87402,-0.537776,0.608722,-0.83922,3.09684,0.23199,-12.3289,6.78132,-5.10048,-0,-0,-0,-0,-0,-0
23.7053,-1.5674,-0.47866,0.433856,2.85587,-0.49874,0.609825,-0.87862,3.53024,0.11077,-10.8385,6.48324,-6.21,-0,-0,-0,-0,-0,-0
23.7102,-1.56614,-0.448792,0.46516,2.80773,-0.504526,0.626938,-1.6942,2.98258,-0.90079,-11.5423,8.86788,-5.76288,-0,-0,-0,-0,-0,-0
23.7152,-1.57075,-0.457738,0.478287,2.77549,-0.591138,0.638597,-1.6942,2.98258,-0.90079,-11.5423,8.86788,-5.76288,-0,-0,-0,-0,-0,-0
23.7205,-1.57289,-0.472361,0.468279,2.78269,-0.666567,0.648834,-1.1032,4.16064,0.86944,-13.2563,8.90928,-5.48964,-0,-0,-0,-0,-0,-0
23.7252,-1.58127,-0.443469,0.475472,2.81394,-0.697924,0.673652,-0.45704,2.83286,-0.32604,-12.1799,7.87428,-6.28452,-0,-0,-0,-0,-0,-0
23.7302,-1.62895,-0.43719,0.468799,2.81825,-0.729209,0.712472,-0.45704,2.83286,-0.32604,-12.1799,7.87428,-6.28452,-0,-0,-0,-0,-0,-0
23.7353,-1.66318,-0.414681,0.497687,2.8387,-0.686728,0.751324,0.46886,4.57828,0.03971,-12.9582,5.8788,-6.3342,-0,-0,-0,-0,-0,-0
23.7402,-1.74546,-0.489576,0.473006,2.87256,-0.631422,0.779736,0.46886,4.57828,0.03971,-12.9582,5.8788,-6.3342,-0,-0,-0,-0,-0,-0
23.7453,-1.80499,-0.496204,0.470051,2.91772,-0.562857,0.812942,0.18518,2.63586,-0.11077,-13.5544,5.60556,-6.78132,-0,-0,-0,-0,-0,-0
23.7502,-1.85277,-0.493968,0.484037,2.93322,-0.504428,0.797081,0.22064,4.27884,-0.59356,-11.8818,6.38388,-4.09032,-0,-0,-0,-0,-0,-0
23.7552,-1.89834,-0.511812,0.478372,2.91096,-0.486157,0.751265,-0.08274,2.76194,0.20482,-12.2958,7.09596,-5.24124,-0,-0,-0,-0,-0,-0
23.7603,-1.9454,-0.52622,0.448035,2.89072,-0.460677,0.744817,0.40188,3.82968,0.45562,-12.4117,6.26796,-5.60556,-0,-0,-0,-0,-0,-0
23.7653,-1.994,-0.510671,0.461961,2.85138,-0.396867,0.747354,1.2411,3.54994,-0.28633,-10.8882,5.9202,-5.9616,-0,-0,-0,-0,-0,-0
23.7704,-2.08929,-0.553358,0.440438,2.77004,-0.367021,0.752597,1.2411,3.54994,-0.28633,-10.8882,5.9202,-5.9616,-0,-0,-0,-0,-0,-0
23.7754,-2.19896,-0.552816,0.445556,2.68453,-0.350048,0.739256,3.38052,4.18428,0.39501,-10.9048,7.37748,-5.12532,-0,-0,-0,-0,-0,-0
23.7802,-2.37612,-0.619521,0.395448,2.62791,-0.392401,0.713212,3.38052,4.18428,0.39501,-10.9048,7.37748,-5.12532,-0,-0,-0,-0,-0,-0
23.7853,-2.54322,-0.646596,0.370719,2.63754,-0.442858,0.707089,4.21186,4.0385,0.48279,-13.2728,8.46216,-5.7546,-0,-0,-0,-0,-0,-0
23.7902,-2.72245,-0.631472,0.361766,2.7042,-0.472701,0.696583,4.4325,2.61222,-0.0627,-13.3142,6.64884,-5.02596,-0,-0,-0,-0,-0,-0
23.7952,-2.896,-0.620742,0.339691,2.77283,-0.477503,0.670741,4.4325,2.61222,-0.0627,-13.3142,6.64884,-5.02596,-0,-0,-0,-0,-0,-0
23.8003,-3.00338,-0.573535,0.354742,2.8247,-0.462771,0.641044,5.0432,3.38052,0.15048,-12.8423,6.84756,-4.70304,-0,-0,-0,-0,-0,-0
23.8052,-3.06263,-0.553464,0.353695,2.88143,-0.409938,0.63486,5.72088,3.16382,0.21527,-13.7034,4.75272,-6.05268,-0,-0,-0,-0,-0,-0
23.8103,-3.07521,-0.574197,0.319645,2.9501,-0.328994,0.657148,5.72088,3.16382,0.21527,-13.7034,4.75272,-6.05268,-0,-0,-0,-0,-0,-0
23.8153,-3.02747,-0.555751,0.313241,2.99793,-0.272946,0.675669,5.25596,2.57676,-0.06688,-13.2646,6.36732,-5.91192,-0,-0,-0,-0,-0,-0
23.8203,-2.94434,-0.548339,0.31939,3.05251,-0.214722,0.700016,4.70042,3.91636,-0.26752,-13.5792,4.35528,-6.51636,-0,-0,-0,-0,-0,-0
23.8252,-2.8576,-0.565166,0.303904,3.08261,-0.185641,0.673847,4.91318,3.30172,0.5852,-12.8009,7.36092,-3.94956,-0,-0,-0,-0,-0,-0
23.8303,-2.74608,-0.554153,0.274054,3.04329,-0.199367,0.608624,3.743,2.78952,0.39919,-11.0455,6.2928,-4.33044,-0,-0,-0,-0,-0,-0
23.8352,-2.6464,-0.531218,0.240721,2.96865,-0.18019,0.595781,5.2205,2.51372,0.7106,-11.2774,5.92848,-6.19344,-0,-0,-0,-0,-0,-0
23.8402,-2.58231,-0.503598,0.234804,2.90144,-0.183037,0.641768,5.91394,4.0582,0.34067,-11.9563,7.64244,-6.9138,-0,-0,-0,-0,-0,-0
23.8452,-2.56037,-0.572618,0.192035,2.88402,-0.24965,0.700142,5.91394,4.0582,0.34067,-11.9563,7.64244,-6.9138,-0,-0,-0,-0,-0,-0
23.8504,-2.53403,-0.564094,0.190364,2.91176,-0.254576,0.696512,6.45766,2.4034,-0.17138,-13.5875,5.76288,-4.16484,-0,-0,-0,-0,-0,-0
23.8553,-2.48333,-0.496588,0.219899,2.93831,-0.253334,0.674169,5.53964,2.96682,-0.02299,-13.0741,7.7418,-5.74632,-0,-0,-0,-0,-0,-0
23.8603,-2.43794,-0.511526,0.195848,2.9708,-0.32416,0.685654,5.53964,2.96682,-0.02299,-13.0741,7.7418,-5.74632,-0,-0,-0,-0,-0,-0
23.8654,-2.40246,-0.500763,0.187185,2.99897,-0.3597,0.693799,6.48918,2.758,-0.07733,-12.6436,6.59088,-5.61384,-0,-0,-0,-0,-0,-0
23.8702,-2.3784,-0.487046,0.212763,3.02641,-0.342297,0.706947,6.1661,3.86908,-0.66462,-13.2149,5.94504,-6.003,-0,-0,-0,-0,-0,-0
23.8753,-2.35397,-0.469945,0.215516,3.06813,-0.316517,0.709394,6.39068,1.89908,0.23408,-13.0907,5.7132,-5.19984,-0,-0,-0,-0,-0,-0
23.8804,-2.30186,-0.383405,0.225007,3.05952,-0.259375,0.706238,5.79968,2.60434,0.45771,-11.7493,5.23296,-5.84568,-0,-0,-0,-0,-0,-0
23.8854,-2.27076,-0.406011,0.165755,3.02641,-0.228674,0.715905,5.79968,2.60434,0.45771,-11.7493,5.23296,-5.84568,-0,-0,-0,-0,-0,-0
23.8905,-2.25266,-0.423032,0.143397,3.0023,-0.199381,0.700182,6.93834,3.85726,-0.05852,-12.6104,5.87052,-4.66992,-0,-0,-0,-0,-0,-0
23.8953,-2.20138,-0.393069,0.154887,2.90696,-0.120724,0.662904,5.05896,2.1276,0.08151,-8.66088,3.58524,-4.74444,-0,-0,-0,-0,-0,-0
23.9003,-2.13766,-0.402078,0.109525,2.7529,-0.0336453,0.630713,5.05896,2.1276,0.08151,-8.66088,3.58524,-4.74444,-0,-0,-0,-0,-0,-0
23.9052,-2.07321,-0.393522,0.0879863,2.65302,0.0307339,0.606392,5.45296,3.02986,0.23826,-10.6812,4.78584,-4.91832,-0,-0,-0,-0,-0,-0
23.9103,-2.00777,-0.421598,0.0857686,2.61108,0.0325803,0.597709,4.85802,3.08896,-1.27281,-11.7162,5.96988,-5.48964,-0,-0,-0,-0,-0,-0
23.9157,-1.914,-0.452321,0.0861316,2.60868,0.0440627,0.610804,4.16458,3.61692,0.42845,-11.4595,4.3056,-6.05268,-0,-0,-0,-0,-0,-0
23.9202,-1.85227,-0.489116,0.0694842,2.60063,0.0512752,0.592933,5.81938,3.10472,-0.70851,-11.8901,6.14376,-4.4298,-0,-0,-0,-0,-0,-0
23.9254,-1.8407,-0.494085,0.0528645,2.60352,0.0682325,0.552536,5.81938,1.18988,-0.30305,-10.5901,3.3534,-4.90176,-0,-0,-0,-0,-0,-0
23.9304,-1.81794,-0.481464,0.0511163,2.58047,0.149209,0.499061,5.52388,3.45144,-0.6061,-10.3086,3.32028,-3.42792,-0,-0,-0,-0,-0,-0
23.9355,-1.82288,-0.493524,0.0326459,2.63821,0.167942,0.490656,7.02896,1.93454,0.13794,-13.8028,5.58072,-6.06096,-0,-0,-0,-0,-0,-0
23.9403,-1.93471,-0.512427,-0.0351773,2.79353,0.139973,0.530839,10.3543,3.67996,1.51525,-15.0282,5.30748,-5.80428,-0,-0,-0,-0,-0,-0
23.9453,-2.02484,-0.565664,-0.0879875,2.88659,0.153285,0.572121,7.15504,3.83756,-0.13585,-12.5608,4.40496,-6.16032,-0,-0,-0,-0,-0,-0
23.9502,-2.02004,-0.591627,-0.123538,2.87074,0.187283,0.599439,7.02896,2.8762,1.0659,-11.5092,4.4712,-5.60556,-0,-0,-0,-0,-0,-0
23.9552,-2.01946,-0.58273,-0.136039,2.82367,0.174786,0.616354,7.90758,3.39628,-0.32186,-10.9379,6.75648,-5.73804,-0,-0,-0,-0,-0,-0
23.9603,-1.99661,-0.602205,-0.129335,2.79459,0.16719,0.644096,6.3828,4.08578,0.17138,-12.3952,4.52916,-6.09408,-0,-0,-0,-0,-0,-0
23.9654,-1.94111,-0.602716,-0.133107,2.78702,0.228676,0.649254,6.64678,2.51372,0.0836,-12.0226,3.65976,-4.8438,-0,-0,-0,-0,-0,-0
23.9705,-1.92225,-0.585093,-0.146129,2.71849,0.256343,0.64403,7.90364,3.02592,0.48906,-10.1099,5.80428,-5.66352,-0,-0,-0,-0,-0,-0
23.9753,-1.94103,-0.580549,-0.168124,2.59777,0.24548,0.644682,8.26218,3.08502,0.52041,-9.9774,5.4234,-5.39856,-0,-0,-0,-0,-0,-0
23.9803,-1.93966,-0.552274,-0.176857,2.52217,0.25749,0.60617,7.3284,2.6595,0.33022,-11.4264,4.8024,-4.0572,-0,-0,-0,-0,-0,-0
23.9852,-1.9487,-0.535078,-0.194164,2.51981,0.212482,0.569289,8.62466,3.2899,0.67716,-12.2875,7.62588,-5.23296,-0,-0,-0,-0,-0,-0
23.9902,-1.9693,-0.50451,-0.196083,2.57665,0.153869,0.534088,7.9982,2.01334,-0.28215,-14.0843,5.48136,-4.04064,-0,-0,-0,-0,-0,-0
23.9953,-1.99707,-0.457434,-0.197342,2.63175,0.127843,0.508011,9.01866,2.3246,0.46607,-12.478,5.99472,-5.39028,-0,-0,-0,-0,-0,-0
24.0003,-2.02304,-0.408812,-0.214445,2.65306,0.106237,0.495913,8.18732,2.03698,0.51623,-11.9977,5.39028,-4.49604,-0,-0,-0,-0,-0,-0
24.0051,-2.03459,-0.376061,-0.224742,2.69883,0.136742,0.496913,8.60102,2.72648,0.1463,-13.5212,3.77568,-5.93676,-0,-0,-0,-0,-0,-0
24.0102,-2.04321,-0.388636,-0.22935,2.74509,0.169753,0.514665,8.02972,3.62874,0.08569,-12.2461,5.10876,-5.10048,-0,-0,-0,-0,-0,-0
24.0152,-2.06012,-0.413663,-0.227511,2.76562,0.195563,0.531461,9.03048,3.63662,0.05852,-12.2792,4.2642,-5.81256,-0,-0,-0,-0,-0,-0
24.0202,-2.08975,-0.398257,-0.203652,2.75527,0.241945,0.532654,9.259,2.47432,-0.5852,-11.4926,4.37184,-4.3056,-0,-0,-0,-0,-0,-0
24.0253,-2.133,-0.430223,-0.224507,2.72612,0.266747,0.544214,9.36932,4.42068,1.18921,-10.913,4.62852,-6.44184,-0,-0,-0,-0,-0,-0
24.0303,-2.18351,-0.540663,-0.307805,2.68761,0.268332,0.599589,9.36932,4.42068,1.18921,-10.913,4.62852,-6.44184,-0,-0,-0,-0,-0,-0
24.0354,-2.1981,-0.568014,-0.324403,2.68796,0.25548,0.62932,8.82954,4.19216,0.38874,-13.6537,6.06924,-5.43168,-0,-0,-0,-0,-0,-0
24.0403,-2.21563,-0.666184,-0.371539,2.74639,0.192744,0.636017,8.82954,4.19216,0.38874,-13.6537,6.06924,-5.43168,-0,-0,-0,-0,-0,-0
24.0452,-2.19434,-0.642162,-0.376514,2.70998,0.170105,0.662627,8.11246,2.10396,0.58311,-10.8385,5.37372,-6.30936,-0,-0,-0,-0,-0,-0
24.0502,-2.20792,-0.623782,-0.404229,2.67578,0.157204,0.663347,10.0982,3.05744,0.58102,-12.5856,5.16672,-4.41324,-0,-0,-0,-0,-0,-0
24.0553,-2.26926,-0.665185,-0.45484,2.70029,0.134409,0.623689,10.0982,3.05744,0.58102,-12.5856,5.16672,-4.41324,-0,-0,-0,-0,-0,-0
24.0602,-2.2795,-0.648759,-0.459935,2.69656,0.112162,0.60721,8.40008,2.30096,-0.29051,-11.5672,5.53104,-5.34888,-0,-0,-0,-0,-0,-0
24.0654,-2.2598,-0.641391,-0.46129,2.68159,0.0774167,0.616314,8.72316,3.1323,0.20691,-11.4926,5.6304,-5.55588,-0,-0,-0,-0,-0,-0
24.0704,-2.26855,-0.644989,-0.459812,2.68473,0.0703343,0.648396,9.63724,3.4081,0.10032,-12.5359,4.57884,-6.624,-0,-0,-0,-0,-0,-0
24.0753,-2.27842,-0.664423,-0.464284,2.71038,0.091606,0.65718,9.00684,3.20716,-0.01254,-12.4614,4.14828,-4.6368,-0,-0,-0,-0,-0,-0
24.0802,-2.27125,-0.646526,-0.449986,2.74424,0.150645,0.625007,9.13292,2.5216,-0.25707,-12.3455,3.16296,-4.65336,-0,-0,-0,-0,-0,-0
24.0852,-2.25453,-0.654178,-0.43774,2.78437,0.188328,0.592667,8.86894,4.25914,-0.08778,-12.8423,4.62024,-4.28904,-0,-0,-0,-0,-0,-0
24.0903,-2.24084,-0.678908,-0.442082,2.75912,0.188812,0.580287,9.062,2.98258,0.28633,-9.71244,4.91004,-5.45652,-0,-0,-0,-0,-0,-0
24.0953,-2.22655,-0.697147,-0.461453,2.69469,0.216295,0.588953,9.15262,4.09366,0.65835,-11.2774,3.37824,-5.29092,-0,-0,-0,-0,-0,-0
24.1003,-2.23505,-0.739235,-0.481807,2.72635,0.292116,0.571521,9.95638,3.45538,-0.10241,-13.306,2.46744,-4.56228,-0,-0,-0,-0,-0,-0
24.1053,-2.24051,-0.763413,-0.492985,2.75649,0.320225,0.549969,9.3575,3.73906,0.50578,-12.1219,5.34888,-5.10048,-0,-0,-0,-0,-0,-0
24.1103,-2.23458,-0.776355,-0.509591,2.71141,0.284805,0.536091,9.79484,2.955,0.07942,-10.1513,5.2578,-4.8438,-0,-0,-0,-0,-0,-0
24.1154,-2.23709,-0.812645,-0.535748,2.63809,0.251442,0.529034,9.60178,4.2552,0.61237,-9.9774,5.00112,-5.48964,-0,-0,-0,-0,-0,-0
24.1202,-2.25204,-0.8834,-0.574653,2.5897,0.198969,0.520227,10.3189,4.52312,0.70642,-11.1863,6.0858,-4.62852,-0,-0,-0,-0,-0,-0
24.1252,-2.25222,-0.904225,-0.609715,2.55912,0.175609,0.513941,9.4363,2.78164,0.88407,-10.7392,3.94128,-5.30748,-0,-0,-0,-0,-0,-0
24.1302,-2.23107,-0.87507,-0.601596,2.52078,0.169291,0.478701,9.80666,2.70678,-0.90915,-11.0786,5.66352,-3.08016,-0,-0,-0,-0,-0,-0
24.1352,-2.21686,-0.828632,-0.607459,2.45583,0.132753,0.472779,9.88152,1.68238,1.32924,-9.82008,5.22468,-6.61572,-0,-0,-0,-0,-0,-0
24.1402,-2.23707,-0.778162,-0.631431,2.40325,0.143597,0.487418,11.426,2.68708,0.1254,-11.0207,3.49416,-4.12344,-0,-0,-0,-0,-0,-0
24.1452,-2.2775,-0.756554,-0.63652,2.46135,0.148468,0.505391,10.9059,3.11654,0.60192,-14.5397,5.45652,-6.97176,-0,-0,-0,-0,-0,-0
24.1503,-2.31374,-0.746644,-0.630998,2.59644,0.174015,0.555642,11.5875,3.5657,-0.05016,-15.1524,2.86488,-5.86224,-0,-0,-0,-0,-0,-0
24.1553,-2.37015,-0.739485,-0.627964,2.64028,0.22665,0.577884,12.5607,2.46644,0.32186,-11.6665,4.33044,-6.10236,-0,-0,-0,-0,-0,-0
24.1603,-2.43087,-0.681662,-0.609731,2.59382,0.2631,0.573982,12.3952,2.5807,-0.04807,-11.8238,3.59352,-4.78584,-0,-0,-0,-0,-0,-0
24.1654,-2.47315,-0.650782,-0.625255,2.57144,0.29405,0.549155,11.8909,2.3049,0.9614,-11.9232,4.13172,-5.15844,-0,-0,-0,-0,-0,-0
24.1703,-2.48763,-0.592624,-0.632271,2.52849,0.288701,0.55554,11.883,2.67132,0.53295,-11.0372,5.4234,-6.14376,-0,-0,-0,-0,-0,-0
24.1754,-2.519,-0.583767,-0.642981,2.48781,0.300386,0.55904,11.8988,2.98258,0.36993,-11.2939,3.11328,-5.29092,-0,-0,-0,-0,-0,-0
24.1802,-2.55152,-0.577505,-0.639501,2.43031,0.337463,0.536454,12.3164,3.2308,0.06688,-11.1449,4.15656,-4.69476,-0,-0,-0,-0,-0,-0
24.1853,-2.57733,-0.574576,-0.64339,2.4175,0.327465,0.48995,11.9973,2.74224,0.44308,-12.6684,5.175,-4.0572,-0,-0,-0,-0,-0,-0
24.1904,-2.56546,-0.56918,-0.663446,2.3988,0.288244,0.4635,10.8626,2.70284,0.49115,-10.7557,5.15844,-5.26608,-0,-0,-0,-0,-0,-0
24.1953,-2.51572,-0.595724,-0.690393,2.38556,0.23622,0.459093,10.3977,4.36552,0.90706,-11.8404,5.69664,-4.97628,-0,-0,-0,-0,-0,-0
24.2002,-2.46568,-0.624262,-0.718471,2.38152,0.191847,0.465163,10.9296,2.43492,0.26752,-11.1118,4.64508,-5.57244,-0,-0,-0,-0,-0,-0
24.2053,-2.44861,-0.651609,-0.750386,2.34279,0.216066,0.459664,11.8279,4.18034,1.03037,-10.7226,2.66616,-4.3884,-0,-0,-0,-0,-0,-0
24.2103,-2.44303,-0.672326,-0.77269,2.33059,0.255722,0.429964,11.5403,2.39946,-0.02299,-11.8156,3.95784,-4.69476,-0,-0,-0,-0,-0,-0
24.2153,-2.42183,-0.665476,-0.781531,2.36358,0.255842,0.432383,11.0872,2.72648,0.31559,-12.685,4.11516,-5.58072,-0,-0,-0,-0,-0,-0
24.2203,-2.40919,-0.643885,-0.79809,2.35149,0.238722,0.431834,12.3992,2.52554,0.76494,-10.0685,5.08392,-4.58712,-0,-0,-0,-0,-0,-0
24.2254,-2.43766,-0.659517,-0.842812,2.30338,0.23096,0.42775,12.9941,3.44356,1.08053,-10.557,3.41136,-5.37372,-0,-0,-0,-0,-0,-0
24.2304,-2.48464,-0.713134,-0.899371,2.2794,0.26096,0.441234,12.9941,3.44356,1.08053,-10.557,3.41136,-5.37372,-0,-0,-0,-0,-0,-0
24.2355,-2.49608,-0.701406,-0.923047,2.2879,0.323249,0.458327,12.1313,3.16776,1.07844,-12.8837,2.02032,-5.6304,-0,-0,-0,-0,-0,-0
24.2402,-2.5132,-0.724857,-0.93196,2.37744,0.383277,0.506813,12.8877,3.6642,-0.11913,-13.8276,3.1464,-6.88896,-0,-0,-0,-0,-0,-0
24.2452,-2.51508,-0.744661,-0.926342,2.41747,0.396669,0.494911,11.8594,3.00228,0.23199,-10.913,3.84192,-3.17124,-0,-0,-0,-0,-0,-0
24.2504,-2.54519,-0.754183,-0.925258,2.37409,0.395973,0.475245,13.9791,3.10866,0.01045,-10.0271,3.61836,-6.25968,-0,-0,-0,-0,-0,-0
24.2552,-2.60275,-0.789486,-0.934178,2.35904,0.366202,0.472875,13.3448,3.97546,0.53295,-11.799,5.0508,-4.07376,-0,-0,-0,-0,-0,-0
24.2604,-2.60319,-0.783125,-0.941758,2.38213,0.344298,0.447494,11.9934,2.03698,0.3135,-11.2525,3.41964,-5.15016,-0,-0,-0,-0,-0,-0
24.2654,-2.59204,-0.79328,-0.963832,2.37051,0.344479,0.416384,12.9744,4.15276,0.95722,-10.706,3.9744,-3.48588,-0,-0,-0,-0,-0,-0
24.2704,-2.59072,-0.80367,-0.96348,2.34202,0.346099,0.402806,12.8444,2.58858,-0.27379,-10.3831,3.51072,-5.94504,-0,-0,-0,-0,-0,-0
24.2753,-2.57931,-0.817437,-0.956311,2.28801,0.371163,0.4009,12.9429,4.26702,0.49324,-9.78696,2.88972,-4.12344,-0,-0,-0,-0,-0,-0
24.2804,-2.57395,-0.847813,-0.950209,2.2874,0.415129,0.390306,12.4543,3.51842,0.00836,-12.0557,2.62476,-5.34888,-0,-0,-0,-0,-0,-0
24.2853,-2.51845,-0.865831,-0.946583,2.29339,0.450808,0.423093,11.4536,3.9794,0.49951,-10.9213,2.9808,-5.9616,-0,-0,-0,-0,-0,-0
24.2903,-2.48031,-0.867206,-0.962941,2.2571,0.448128,0.423249,13.2857,2.29308,0.69388,-10.2341,4.37184,-4.28904,-0,-0,-0,-0,-0,-0
24.2953,-2.46653,-0.842263,-0.976511,2.17409,0.461058,0.415821,12.8523,3.1914,0.73568,-9.38952,2.55852,-5.382,-0,-0,-0,-0,-0,-0
24.3002,-2.4057,-0.867067,-0.980927,2.11455,0.519492,0.420079,11.489,4.08184,0,-10.9793,2.00376,-4.82724,-0,-0,-0,-0,-0,-0
24.3053,-2.34405,-0.906816,-0.997208,2.12375,0.51351,0.406851,12.608,3.70754,1.07217,-12.569,4.86036,-4.57884,-0,-0,-0,-0,-0,-0
24.3102,-2.31555,-0.934334,-1.04059,2.11465,0.472564,0.375162,12.8247,2.75012,0.87571,-9.66276,3.8502,-3.70116,-0,-0,-0,-0,-0,-0
24.3155,-2.31602,-0.927895,-1.04994,2.04113,0.452254,0.342593,13.9949,3.45144,0.2299,-9.69588,3.70944,-4.69476,-0,-0,-0,-0,-0,-0
24.3203,-2.33187,-0.934892,-1.0537,2.02967,0.44064,0.329901,13.656,2.44674,0.21945,-11.2939,3.79224,-4.48776,-0,-0,-0,-0,-0,-0
24.3252,-2.36658,-0.900664,-1.04311,2.05639,0.438996,0.313984,15.0153,3.1717,0.34276,-11.9646,3.11328,-4.71132,-0,-0,-0,-0,-0,-0
24.3303,-2.43986,-0.888653,-1.02877,2.11528,0.434769,0.32333,15.6576,2.62404,-0.19228,-11.9315,4.23108,-5.60556,-0,-0,-0,-0,-0,-0
24.3352,-2.48897,-0.857434,-1.02751,2.13164,0.415301,0.329332,14.4086,2.6792,0.90706,-10.5653,3.312,-4.50432,-0,-0,-0,-0,-0,-0
24.3401,-2.50871,-0.839456,-1.05496,2.13568,0.455157,0.326336,14.708,2.66344,0.8778,-11.8487,1.66428,-5.31576,-0,-0,-0,-0,-0,-0
24.3452,-2.52861,-0.849613,-1.06656,2.19768,0.497897,0.330557,14.3534,3.5854,0.209,-12.1716,3.45276,-4.7196,-0,-0,-0,-0,-0,-0
24.3504,-2.5204,-0.844504,-1.06312,2.26592,0.534968,0.332864,14.1722,2.5807,0.51832,-12.6436,1.62288,-5.33232,-0,-0,-0,-0,-0,-0
24.3552,-2.49376,-0.834765,-1.06729,2.2693,0.547543,0.372611,14.0461,3.63662,0.50578,-9.58824,4.0986,-6.50808,-0,-0,-0,-0,-0,-0
24.3603,-2.49261,-0.86289,-1.08895,2.22709,0.533777,0.361517,14.1564,3.36476,0.9823,-10.1182,2.82348,-3.20436,-0,-0,-0,-0,-0,-0
24.3653,-2.4902,-0.868434,-1.09243,2.22442,0.567517,0.346466,14.7986,3.60904,0.06688,-12.0308,1.73052,-6.1686,-0,-0,-0,-0,-0,-0
24.3705,-2.46323,-0.888884,-1.10511,2.2608,0.586268,0.346351,13.7191,3.1126,0.9196,-11.8652,3.40308,-3.95784,-0,-0,-0,-0,-0,-0
24.3753,-2.44688,-0.903313,-1.11685,2.24801,0.569045,0.313406,15.0666,3.86514,0.47652,-9.7704,3.63492,-4.54572,-0,-0,-0,-0,-0,-0
24.3803,-2.44107,-0.936459,-1.12663,2.19656,0.56044,0.293856,14.3652,3.79422,0.71478,-9.80352,2.898,-4.25592,-0,-0,-0,-0,-0,-0
24.3855,-2.42325,-0.968646,-1.15033,2.16656,0.554939,0.287002,14.6726,3.79028,1.07635,-10.6895,3.38652,-5.10876,-0,-0,-0,-0,-0,-0
24.3904,-2.42681,-1.0238,-1.19096,2.17192,0.552708,0.30444,14.6726,3.79028,1.07635,-10.6895,3.38652,-5.10876,-0,-0,-0,-0,-0,-0
24.3955,-2.40605,-0.986512,-1.18862,2.10765,0.511537,0.31059,15.2202,2.43098,0.31559,-8.63604,4.2228,-4.69476,-0,-0,-0,-0,-0,-0
24.4004,-2.43569,-0.979641,-1.19369,2.03367,0.472755,0.309087,15.2202,2.43098,0.31559,-8.63604,4.2228,-4.69476,-0,-0,-0,-0,-0,-0
24.4053,-2.40354,-0.981593,-1.19508,1.97104,0.441824,0.305721,13.0769,3.93212,0.58938,-9.38952,3.40308,-4.73616,-0,-0,-0,-0,-0,-0
24.4105,-2.35762,-0.998484,-1.19975,1.94067,0.465153,0.269178,14.0658,2.92348,0.34276,-8.95068,1.71396,-2.99736,-0,-0,-0,-0,-0,-0
24.4154,-2.29446,-0.987129,-1.18514,1.93087,0.517173,0.255841,11.9224,3.16382,0.0418,-9.58824,1.82988,-5.53932,-0,-0,-0,-0,-0,-0
24.4203,-2.18689,-1.00292,-1.1812,1.95453,0.555795,0.273036,12.3558,3.49872,0.38456,-10.35,1.97064,-4.33044,-0,-0,-0,-0,-0,-0
24.4253,-2.1197,-0.972104,-1.18891,1.91081,0.596668,0.266311,12.3992,1.15442,0.62073,-6.64056,1.242,-4.50432,-0,-0,-0,-0,-0,-0
24.4303,-2.04129,-0.91789,-1.17135,1.80319,0.672062,0.287575,12.0722,1.8124,-1.04291,-6.417,0.40572,-5.77116,-0,-0,-0,-0,-0,-0
24.4353,-1.96262,-0.897717,-1.15678,1.71027,0.717564,0.260856,11.8988,1.8321,0.18601,-7.02144,1.79676,-2.41776,-0,-0,-0,-0,-0,-0
24.4404,-2.01496,-0.875937,-1.23256,1.77985,0.707493,0.215295,17.4266,1.84392,3.13291,-12.834,2.78208,-4.57056,-0,-0,-0,-0,-0,-0
24.4453,-2.24434,-0.890551,-1.32437,1.97802,0.632744,0.242931,20.5865,3.2702,1.07635,-13.3639,5.0508,-5.63868,-0,-0,-0,-0,-0,-0
24.4503,-2.42657,-0.89363,-1.33714,2.05646,0.560858,0.264193,17.0681,2.73042,0.56012,-9.30672,3.00564,-4.3884,-0,-0,-0,-0,-0,-0
24.4553,-2.45126,-0.868407,-1.33826,2.06072,0.55066,0.25835,16.0358,2.73042,0.8987,-11.3188,2.82348,-4.77756,-0,-0,-0,-0,-0,-0
24.4603,-2.45278,-0.851039,-1.33625,2.13713,0.565607,0.282768,16.351,3.0338,0.6479,-12.627,2.4426,-5.74632,-0,-0,-0,-0,-0,-0
24.4653,-2.46993,-0.818202,-1.30885,2.21836,0.570489,0.293372,18.1831,3.10866,0.14839,-12.6104,2.47572,-4.28904,-0,-0,-0,-0,-0,-0
24.4703,-2.51431,-0.780758,-1.27484,2.24707,0.608255,0.30265,17.6197,3.31354,0.86944,-10.3831,1.78848,-5.68836,-0,-0,-0,-0,-0,-0
24.4752,-2.56046,-0.757408,-1.25352,2.21881,0.66212,0.357667,18.3998,3.29778,0.43263,-10.5653,1.55664,-6.20172,-0,-0,-0,-0,-0,-0
24.4803,-2.61507,-0.706166,-1.20857,2.1805,0.743001,0.403506,18.2264,2.74224,0.28633,-10.2755,0.59616,-5.7132,-0,-0,-0,-0,-0,-0
24.4853,-2.61545,-0.684228,-1.17972,2.18048,0.807658,0.45002,16.4574,3.9006,0.64163,-12.5359,1.92096,-6.2928,-0,-0,-0,-0,-0,-0
24.4903,-2.56033,-0.687552,-1.1887,2.16153,0.755283,0.428537,16.0594,3.22292,1.54033,-10.0602,5.24952,-2.59164,-0,-0,-0,-0,-0,-0
24.4952,-2.52805,-0.692673,-1.20704,2.10173,0.725831,0.380839,17.4187,4.28278,1.29162,-9.5634,1.38276,-5.0094,-0,-0,-0,-0,-0,-0
24.5002,-2.5157,-0.769814,-1.22942,2.06841,0.724181,0.378302,16.8514,5.8312,1.20175,-10.6398,3.20436,-4.40496,-0,-0,-0,-0,-0,-0
24.5054,-2.49741,-0.813346,-1.23989,2.09462,0.71911,0.361915,17.1351,3.43174,1.16413,-12.0308,2.00376,-4.3056,-0,-0,-0,-0,-0,-0
24.5104,-2.47837,-0.815629,-1.25419,2.10189,0.752598,0.367901,16.9144,4.08184,1.36686,-9.88632,1.42416,-5.64696,-0,-0,-0,-0,-0,-0
24.5153,-2.42832,-0.849476,-1.26462,2.07599,0.733412,0.356931,16.4022,4.9841,1.1077,-10.2672,4.347,-3.44448,-0,-0,-0,-0,-0,-0
24.5202,-2.35837,-0.887568,-1.28051,2.0336,0.672965,0.315428,15.8861,4.40492,1.66364,-9.36468,3.17952,-4.35528,-0,-0,-0,-0,-0,-0
24.5253,-2.30743,-0.910757,-1.31093,1.98064,0.672657,0.29855,17.0287,4.2552,1.8183,-9.49716,1.79676,-4.35528,-0,-0,-0,-0,-0,-0
24.5304,-2.25734,-0.928955,-1.31996,1.96727,0.677829,0.272505,15.6733,4.72012,1.08053,-11.2525,2.74068,-3.89988,-0,-0,-0,-0,-0,-0
24.5354,-2.21823,-0.952786,-1.32572,1.99862,0.692442,0.2696,17.5685,4.20792,1.54033,-10.764,1.54008,-5.22468,-0,-0,-0,-0,-0,-0
24.5402,-2.22353,-0.933684,-1.34234,2.005,0.688618,0.289062,17.7576,3.47114,1.96042,-10.2175,3.44448,-4.968,-0,-0,-0,-0,-0,-0
24.5453,-2.25297,-0.919607,-1.37433,2.0051,0.666096,0.299185,17.7576,3.47114,1.96042,-10.2175,3.44448,-4.968,-0,-0,-0,-0,-0,-0
24.5502,-2.2102,-0.874031,-1.38903,1.99203,0.632511,0.308408,16.8356,3.59722,1.77023,-10.1513,2.3184,-5.27436,-0,-0,-0,-0,-0,-0
24.5552,-2.19366,-0.86725,-1.4092,1.99771,0.665429,0.332342,16.8356,3.59722,1.77023,-10.1513,2.3184,-5.27436,-0,-0,-0,-0,-0,-0
24.5603,-2.14582,-0.848115,-1.40619,1.99777,0.68611,0.334688,16.5953,3.87696,1.04918,-9.936,1.79676,-4.33044,-0,-0,-0,-0,-0,-0
24.5653,-2.1416,-0.842505,-1.38973,2.02195,0.704554,0.314457,18.4983,4.20398,1.3167,-11.0952,2.49228,-4.15656,-0,-0,-0,-0,-0,-0
24.5703,-2.18049,-0.825688,-1.36783,2.03491,0.704242,0.333565,18.4156,3.27808,0.6897,-9.73728,2.55024,-5.81256,-0,-0,-0,-0,-0,-0
24.5753,-2.19411,-0.769973,-1.34544,2.01166,0.694045,0.342729,17.9034,2.68314,1.38358,-9.21564,2.90628,-3.8916,-0,-0,-0,-0,-0,-0
24.5803,-2.16584,-0.738006,-1.33679,1.98229,0.699208,0.331899,16.8238,3.76664,1.00111,-9.3978,1.97892,-4.87692,-0,-0,-0,-0,-0,-0
24.5853,-2.10439,-0.708193,-1.31773,1.93593,0.680746,0.344571,17.0917,3.06926,0.96558,-9.0252,2.898,-4.99284,-0,-0,-0,-0,-0,-0
24.5902,-2.05179,-0.65619,-1.29414,1.91371,0.679269,0.335014,16.7568,2.72648,1.01783,-10.4162,2.59992,-3.88332,-0,-0,-0,-0,-0,-0
24.5955,-1.98858,-0.593347,-1.28024,1.91098,0.673314,0.32191,17.072,2.6989,1.28117,-9.59652,1.93752,-4.83552,-0,-0,-0,-0,-0,-0
24.6004,-1.93511,-0.543914,-1.26305,1.89157,0.675866,0.340782,16.9341,2.99834,0.85481,-9.08316,2.62476,-5.30748,-0,-0,-0,-0,-0,-0
24.6053,-1.8689,-0.479633,-1.2548,1.85632,0.650719,0.355328,16.3549,1.69814,1.45673,-9.19908,3.04704,-4.73616,-0,-0,-0,-0,-0,-0
24.6103,-1.79786,-0.422235,-1.26784,1.84519,0.625958,0.373568,16.8947,3.0141,1.80994,-9.43092,2.97252,-5.52276,-0,-0,-0,-0,-0,-0
24.6153,-1.7394,-0.399452,-1.2643,1.82087,0.636734,0.383374,17.072,3.40022,0.86526,-8.88444,1.16748,-4.21452,-0,-0,-0,-0,-0,-0
24.6203,-1.72188,-0.386609,-1.24263,1.77291,0.677628,0.397117,18.2619,3.29778,1.07008,-8.5698,1.54836,-5.70492,-0,-0,-0,-0,-0,-0
24.6253,-1.7014,-0.375463,-1.23166,1.71113,0.695962,0.418082,16.9578,3.66026,1.42329,-8.71884,2.05344,-4.71132,-0,-0,-0,-0,-0,-0
24.6304,-1.63669,-0.367113,-1.21015,1.64374,0.708264,0.41389,17.1429,3.38446,0.40546,-8.18892,1.242,-4.31388,-0,-0,-0,-0,-0,-0
24.6354,-1.63709,-0.362726,-1.19684,1.62591,0.745534,0.406476,19.369,3.57752,1.72634,-10.0436,1.4076,-4.8852,-0,-0,-0,-0,-0,-0
24.6403,-1.65483,-0.313566,-1.19405,1.61597,0.757832,0.448489,18.2698,2.22216,1.38358,-8.42904,2.31012,-6.38388,-0,-0,-0,-0,-0,-0
24.6452,-1.65288,-0.249555,-1.16388,1.63764,0.788339,0.470297,18.7111,2.97076,0.64581,-10.971,0.54648,-4.12344,-0,-0,-0,-0,-0,-0
24.6502,-1.68295,-0.222136,-1.16459,1.74536,0.772634,0.445103,20.2634,3.49872,2.46411,-13.248,3.71772,-4.35528,-0,-0,-0,-0,-0,-0
24.6552,-1.73805,-0.183673,-1.17892,1.81627,0.736079,0.454496,20.3028,3.1323,1.87891,-10.0602,2.2356,-5.68836,-0,-0,-0,-0,-0,-0
24.6601,-1.77779,-0.137486,-1.16604,1.81465,0.742213,0.441682,20.618,3.73512,1.55287,-11.1118,1.63944,-3.55212,-0,-0,-0,-0,-0,-0
24.6655,-1.80475,-0.132918,-1.14161,1.82425,0.764803,0.424074,20.5707,4.7871,1.28535,-10.3583,1.9458,-5.51448,-0,-0,-0,-0,-0,-0
24.6702,-1.80703,-0.144823,-1.11264,1.81595,0.768123,0.41826,19.0184,4.53494,1.41493,-9.79524,2.35152,-3.91644,-0,-0,-0,-0,-0,-0
24.6754,-1.7717,-0.142676,-1.08977,1.79194,0.791552,0.393531,18.7426,3.7233,1.26027,-9.30672,1.14264,-4.48776,-0,-0,-0,-0,-0,-0
24.6803,-1.75067,-0.144286,-1.06968,1.7401,0.778116,0.390246,20.5156,5.06684,1.61975,-8.42076,3.32856,-4.8024,-0,-0,-0,-0,-0,-0
24.6854,-1.80539,-0.203453,-1.0711,1.66292,0.740942,0.401349,20.5156,5.06684,1.61975,-8.42076,3.32856,-4.8024,-0,-0,-0,-0,-0,-0
24.6902,-1.82922,-0.25778,-1.0647,1.60498,0.724329,0.430163,19.7394,5.24808,1.32088,-9.16596,0.8694,-5.6304,-0,-0,-0,-0,-0,-0
24.6953,-1.81229,-0.304107,-1.05578,1.60448,0.749042,0.462375,19.0854,4.7083,1.39403,-10.1844,2.09484,-5.3406,-0,-0,-0,-0,-0,-0
24.7002,-1.75082,-0.30996,-1.05362,1.62478,0.760365,0.485861,17.5172,3.86908,1.78277,-9.50544,1.67256,-5.16672,-0,-0,-0,-0,-0,-0
24.7054,-1.63947,-0.304721,-1.06006,1.65009,0.753837,0.477855,17.1587,4.23944,1.83711,-9.8118,2.55852,-3.96612,-0,-0,-0,-0,-0,-0
24.7104,-1.55948,-0.327059,-1.08777,1.70265,0.744579,0.442392,18.5022,5.21656,2.82986,-10.8054,1.96236,-3.78396,-0,-0,-0,-0,-0,-0
24.7154,-1.52258,-0.366632,-1.11006,1.75391,0.717605,0.429737,19.0696,4.86984,1.53824,-9.6876,3.16296,-5.10048,-0,-0,-0,-0,-0,-0
24.7203,-1.49357,-0.39797,-1.10795,1.76629,0.693338,0.415578,18.3801,4.83438,1.79531,-9.3978,2.01204,-3.56868,-0,-0,-0,-0,-0,-0
24.7253,-1.40544,-0.394746,-1.11315,1.71301,0.693959,0.37352,17.6315,4.30248,2.30736,-7.75836,1.54008,-3.78396,-0,-0,-0,-0,-0,-0
24.7302,-1.33076,-0.371929,-1.12216,1.6492,0.682711,0.364417,18.5771,3.98728,2.12971,-8.37936,3.42792,-4.89348,-0,-0,-0,-0,-0,-0
24.7354,-1.28423,-0.351248,-1.12578,1.63681,0.648487,0.374541,19.1523,4.96046,2.4871,-9.94428,2.16108,-4.65336,-0,-0,-0,-0,-0,-0
24.7402,-1.30171,-0.342014,-1.11333,1.65733,0.693847,0.369602,20.5629,4.32612,1.5257,-8.93412,0.19872,-4.38012,-0,-0,-0,-0,-0,-0
24.7453,-1.30324,-0.314736,-1.0826,1.6821,0.722939,0.359421,18.4668,4.1173,1.57795,-10.143,2.72412,-4.40496,-0,-0,-0,-0,-0,-0
24.7503,-1.25135,-0.238352,-1.04422,1.69623,0.691568,0.370811,18.1752,2.33248,1.26863,-8.74368,2.898,-5.14188,-0,-0,-0,-0,-0,-0
24.7553,-1.1989,-0.175497,-1.02482,1.6968,0.660595,0.378947,18.7071,4.15276,2.06492,-9.50544,2.5254,-4.28076,-0,-0,-0,-0,-0,-0
24.7603,-1.18575,-0.183399,-1.02076,1.71711,0.631065,0.379718,20.3501,4.96834,1.60721,-9.83664,2.277,-4.8852,-0,-0,-0,-0,-0,-0
24.7653,-1.21158,-0.207416,-1.01068,1.72312,0.635738,0.408449,19.6803,4.8068,1.84338,-8.83476,2.00376,-5.37372,-0,-0,-0,-0,-0,-0
24.7704,-1.17652,-0.200593,-1.00515,1.68801,0.65432,0.402433,19.0184,3.67602,1.67409,-8.09784,0.5382,-3.58524,-0,-0,-0,-0,-0,-0
24.7753,-1.12715,-0.131728,-0.989895,1.61738,0.678026,0.369612,18.9947,2.88802,2.01685,-7.19532,2.3184,-4.00752,-0,-0,-0,-0,-0,-0
24.7804,-1.10882,-0.052947,-0.972593,1.58551,0.696318,0.39567,19.6173,3.04168,1.56959,-9.53028,0.87768,-5.99472,-0,-0,-0,-0,-0,-0
24.7853,-1.11022,-0.00904839,-0.953179,1.64686,0.728605,0.38459,20.291,4.35764,1.93534,-11.4844,1.31652,-2.5254,-0,-0,-0,-0,-0,-0
24.7902,-1.11115,0.0356404,-0.948664,1.6787,0.774673,0.331791,19.834,2.86832,2.16106,-8.09784,0.4968,-4.08204,-0,-0,-0,-0,-0,-0
24.7953,-1.06548,0.11262,-0.922685,1.6456,0.795237,0.366528,18.0452,3.00622,1.1704,-8.26344,2.36808,-6.19344,-0,-0,-0,-0,-0,-0
24.8002,-1.00355,0.204508,-0.878281,1.59376,0.761493,0.386631,19.2036,2.0094,1.17249,-7.72524,2.65788,-3.6846,-0,-0,-0,-0,-0,-0
24.8052,-0.980868,0.309568,-0.853511,1.59333,0.728309,0.351435,20.0861,2.2261,1.95833,-9.67104,2.59164,-3.75912,-0,-0,-0,-0,-0,-0
24.8102,-0.980594,0.390663,-0.85416,1.64178,0.737811,0.352635,19.6212,2.91954,2.32408,-10.1927,0.88596,-5.30748,-0,-0,-0,-0,-0,-0
24.8152,-0.97834,0.431861,-0.841298,1.63805,0.742033,0.340212,19.9955,3.73118,1.36059,-7.659,2.70756,-3.23748,-0,-0,-0,-0,-0,-0
24.8201,-0.968347,0.462429,-0.809602,1.57423,0.756055,0.293774,20.3383,3.53024,1.57586,-7.99848,0.38916,-3.83364,-0,-0,-0,-0,-0,-0
24.8253,-0.996025,0.484598,-0.789794,1.50781,0.841619,0.269544,20.3383,3.53024,1.57586,-7.99848,0.38916,-3.83364,-0,-0,-0,-0,-0,-0
24.8302,-0.939338,0.529341,-0.743445,1.47801,0.867053,0.248651,18.5298,3.04562,0.66671,-8.92584,0.5382,-3.91644,-0,-0,-0,-0,-0,-0
24.8354,-0.889673,0.57081,-0.730632,1.46483,0.846786,0.243018,19.7433,3.19534,2.73163,-8.00676,2.88972,-4.44636,-0,-0,-0,-0,-0,-0
24.8402,-0.891122,0.619528,-0.755057,1.4288,0.819755,0.249433,19.7433,3.19534,2.73163,-8.00676,2.88972,-4.44636,-0,-0,-0,-0,-0,-0
24.8454,-0.838749,0.672275,-0.735764,1.4359,0.781047,0.272626,19.369,3.84544,1.36895,-8.82648,1.3248,-5.37372,-0,-0,-0,-0,-0,-0
24.8503,-0.827086,0.687204,-0.7004,1.44844,0.825735,0.321236,19.369,3.84544,1.36895,-8.82648,1.3248,-5.37372,-0,-0,-0,-0,-0,-0
24.8552,-0.792115,0.717096,-0.668749,1.466,0.876843,0.317712,19.2351,3.12836,1.45255,-8.5284,-0.27324,-3.08016,-0,-0,-0,-0,-0,-0
24.8603,-0.724752,0.751626,-0.662208,1.46618,0.887694,0.308942,18.648,3.5066,2.30527,-8.14752,2.65788,-5.12532,-0,-0,-0,-0,-0,-0
24.8653,-0.650426,0.751645,-0.666352,1.48211,0.836975,0.324752,19.9403,4.67284,1.94788,-8.93412,1.49868,-4.3056,-0,-0,-0,-0,-0,-0
24.8702,-0.657011,0.714099,-0.669824,1.49696,0.869304,0.321311,19.9403,4.67284,1.94788,-8.93412,1.49868,-4.3056,-0,-0,-0,-0,-0,-0
24.8752,-0.646215,0.684918,-0.652277,1.50052,0.903625,0.284739,19.7827,4.531,1.11815,-8.03988,0.38916,-2.93112,-0,-0,-0,-0,-0,-0
24.8803,-0.582434,0.677561,-0.645644,1.47043,0.899563,0.279061,18.254,3.51448,2.13807,-6.9552,2.26872,-5.49792,-0,-0,-0,-0,-0,-0
24.8853,-0.496594,0.69937,-0.644381,1.41437,0.868473,0.286357,18.5929,3.81392,1.78277,-7.02972,2.13624,-3.48588,-0,-0,-0,-0,-0,-0
24.8902,-0.440278,0.700112,-0.63479,1.36922,0.869177,0.248822,18.8962,4.56646,1.92071,-7.01316,0.87768,-3.3948,-0,-0,-0,-0,-0,-0
24.8953,-0.420248,0.682363,-0.628855,1.37491,0.898153,0.234995,19.2351,4.50342,1.90608,-8.8182,1.25028,-4.48776,-0,-0,-0,-0,-0,-0
24.9003,-0.343133,0.672718,-0.609741,1.38652,0.916558,0.253485,16.4495,4.43644,1.4421,-6.75648,0.96876,-4.71132,-0,-0,-0,-0,-0,-0
24.9052,-0.209894,0.657566,-0.580222,1.35745,0.889111,0.225185,16.6071,4.81862,1.42956,-7.038,3.09672,-2.49228,-0,-0,-0,-0,-0,-0
24.9101,-0.113692,0.644095,-0.542757,1.3037,0.915667,0.169532,16.4574,4.69254,1.29162,-6.1272,-0.56304,-3.25404,-0,-0,-0,-0,-0,-0
24.9152,0.00514561,0.643218,-0.526405,1.27933,0.921554,0.16169,14.8262,4.30248,2.37633,-7.94052,3.41136,-4.57056,-0,-0,-0,-0,-0,-0
24.9203,0.166945,0.656973,-0.495418,1.30065,0.828281,0.169814,13.5812,4.2946,0.78584,-7.97364,4.65336,-3.726,-0,-0,-0,-0,-0,-0
24.9254,0.349945,0.659531,-0.466004,1.28151,0.680805,0.14239,12.742,4.22368,1.99386,-5.96988,5.88708,-3.03876,-0,-0,-0,-0,-0,-0
24.9303,0.50176,0.66887,-0.466236,1.2182,0.554848,0.132243,14.054,3.99516,2.10463,-5.5062,4.04064,-4.37184,-0,-0,-0,-0,-0,-0
24.9353,0.65188,0.6867,-0.463477,1.14569,0.532655,0.156113,12.3952,3.86514,1.86219,-4.761,1.25856,-4.56228,-0,-0,-0,-0,-0,-0
24.9403,0.665568,0.693164,-0.487014,1.13803,0.497863,0.19113,18.4195,3.73118,2.83195,-7.88256,4.81896,-4.86864,-0,-0,-0,-0,-0,-0
24.9453,0.520675,0.712471,-0.538428,1.21739,0.420551,0.209687,20.5432,4.12124,3.73901,-9.03348,3.12156,-4.03236,-0,-0,-0,-0,-0,-0
24.9503,0.399326,0.732817,-0.555549,1.27279,0.36777,0.220881,20.4013,4.77922,2.00431,-8.18064,3.22092,-4.57884,-0,-0,-0,-0,-0,-0
24.9552,0.303522,0.729197,-0.536728,1.34345,0.403972,0.246267,21.7252,5.13382,1.99595,-9.54684,-0.7866,-4.6782,-0,-0,-0,-0,-0,-0
24.9603,0.185001,0.72468,-0.51791,1.45396,0.535337,0.240536,22.0837,5.08654,2.08164,-10.8385,-1.09296,-3.29544,-0,-0,-0,-0,-0,-0
24.9652,0.0461883,0.735504,-0.498827,1.53404,0.649035,0.208648,23.376,4.87378,2.23839,-8.70228,-0.26496,-3.77568,-0,-0,-0,-0,-0,-0
24.9703,-0.100879,0.78224,-0.472718,1.52567,0.725721,0.216063,23.6006,4.01486,2.0482,-8.25516,0.21528,-5.0094,-0,-0,-0,-0,-0,-0
24.9753,-0.282202,0.849939,-0.429345,1.53743,0.775823,0.242062,25.1569,3.94788,1.44628,-9.21564,0.88596,-4.46292,-0,-0,-0,-0,-0,-0
24.9805,-0.451211,0.908886,-0.379105,1.59511,0.883752,0.230093,23.3169,3.91636,1.35641,-10.1513,-2.47572,-3.4776,-0,-0,-0,-0,-0,-0
24.9853,-0.536396,0.975969,-0.348382,1.63031,0.970484,0.187129,22.4619,3.75482,2.39932,-8.17236,1.22544,-3.0222,-0,-0,-0,-0,-0,-0
24.9903,-0.569003,1.04529,-0.333416,1.5758,0.95675,0.194261,22.2216,3.45144,1.77859,-6.85584,1.59804,-5.59728,-0,-0,-0,-0,-0,-0
24.9952,-0.60589,1.11931,-0.313962,1.50343,0.95812,0.214731,21.7961,3.45144,2.23839,-7.1622,0.81144,-3.519,-0,-0,-0,-0,-0,-0
25.0003,-0.55287,1.1828,-0.318318,1.47993,0.999916,0.179544,18.8096,3.73906,2.77134,-8.42076,-0.46368,-3.08844,0,0,0,0,0,0
25.0052,-0.449542,1.23045,-0.339851,1.48509,1.09132,0.134191,18.8096,3.73906,2.77134,-8.42076,-0.46368,-3.08844,0,0,0,0,0,0
25.0104,-0.313244,1.25576,-0.345742,1.50269,1.0319,0.138222,17.927,4.62162,2.19868,-7.73352,4.3056,-5.36544,0,0,0,0,0,0
25.0154,-0.184067,1.24754,-0.349138,1.49733,0.910446,0.195598,17.927,4.62162,2.19868,-7.73352,4.3056,-5.36544,0,0,0,0,0,0
25.0202,-0.0373631,1.23363,-0.364541,1.50332,0.809456,0.210047,17.0917,4.8265,2.84031,-7.48512,2.87316,-3.49416,0,0,0,0,0,0
25.0254,0.133806,1.22214,-0.382303,1.50708,0.772567,0.188089,16.2446,4.69254,2.56234,-7.6176,1.30824,-3.61008,0,0,0,0,0,0
25.0305,0.297167,1.2288,-0.386687,1.48781,0.718926,0.175459,16.4574,4.13306,2.40141,-6.56604,4.13172,-3.8502,0,0,0,0,0,0
25.0354,0.424238,1.23821,-0.370157,1.45815,0.610675,0.186466,17.8285,4.531,1.672,-7.8246,3.37824,-4.53744,0,0,0,0,0,0
25.0402,0.484075,1.24977,-0.338413,1.42251,0.585722,0.19996,18.5692,4.27096,2.01685,-6.77304,1.21716,-3.91644,0,0,0,0,0,0
25.0452,0.494425,1.26609,-0.320956,1.41063,0.663577,0.172317,18.8332,4.01486,2.20077,-8.05644,-1.4904,-2.9394,0,0,0,0,0,0
25.0503,0.515829,1.27124,-0.327759,1.41834,0.740138,0.16011,18.6914,4.29066,2.87166,-7.50996,1.92096,-4.54572,0,0,0,0,0,0
25.0552,0.498467,1.27345,-0.311532,1.39025,0.760821,0.185933,19.8734,4.25914,1.55078,-6.60744,0.46368,-4.4712,0,0,0,0,0,0
25.0602,0.458933,1.27042,-0.294741,1.3353,0.819686,0.1747,19.4991,4.03456,2.87166,-6.42528,0.35604,-2.86488,0,0,0,0,0,0
25.0654,0.440375,1.27185,-0.274079,1.29154,0.899701,0.15819,19.0184,3.77452,1.56123,-6.64056,-0.52164,-4.04892,0,0,0,0,0,0
25.0704,0.408459,1.25852,-0.24882,1.24087,0.952673,0.154212,20.157,3.4081,2.18196,-5.44824,1.30824,-3.7674,0,0,0,0,0,0
25.0753,0.318895,1.24344,-0.234527,1.19444,0.964802,0.178754,21.3745,3.16776,2.07537,-6.84756,1.2834,-5.00112,0,0,0,0,0,0
25.0803,0.239653,1.22337,-0.215805,1.23462,1.00506,0.185637,20.0034,3.06532,2.14643,-8.85132,0.15732,-3.17952,0,0,0,0,0,0
25.0853,0.248748,1.20276,-0.197591,1.24668,1.06083,0.151316,18.4037,2.41128,2.09209,-6.45012,0.19872,-3.105,0,0,0,0,0,0
25.0902,0.274043,1.19315,-0.164932,1.20353,1.07868,0.121532,18.8568,1.83998,1.55705,-5.99472,1.5732,-3.49416,0,0,0,0,0,0
25.0955,0.299472,1.18534,-0.130884,1.18017,1.0571,0.133009,19.046,0.9456,1.53824,-7.30296,1.75536,-4.78584,0,0,0,0,0,0
25.1003,0.341017,1.21269,-0.103307,1.20293,1.05723,0.158203,17.6512,-0.03152,2.14225,-7.42716,1.01016,-4.17312,0,0,0,0,0,0
25.1053,0.425567,1.26198,-0.0855861,1.21385,1.076,0.129747,17.2336,-0.83134,1.9019,-6.42528,0.67896,-2.55024,0,0,0,0,0,0
25.1103,0.495619,1.33102,-0.0633149,1.2145,1.06189,0.0998579,18.0649,-1.83604,1.64065,-6.76476,2.47572,-3.88332,0,0,0,0,0,0
25.1152,0.534818,1.43807,-0.0472393,1.19414,1.01973,0.115615,18.0846,-3.10866,2.12135,-5.69664,1.9458,-4.4298,0,0,0,0,0,0
25.1203,0.605012,1.58455,-0.0478095,1.16452,0.983222,0.15142,17.0208,-4.0779,2.38051,-6.1686,2.1942,-4.69476,0,0,0,0,0,0
25.1253,0.689375,1.73591,-0.0551065,1.12409,0.93951,0.174933,17.0484,-4.10154,2.51218,-5.32404,2.39292,-3.86676,0,0,0,0,0,0
25.1303,0.715903,1.84429,-0.0650091,1.09714,0.906051,0.15906,19.0972,-3.82574,2.44948,-6.50808,1.71396,-3.16296,0,0,0,0,0,0
25.1353,0.699531,1.88467,-0.0665518,1.09602,0.884515,0.169117,18.5101,-3.73906,1.84756,-6.30936,2.09484,-4.99284,0,0,0,0,0,0
25.1403,0.700171,1.86314,-0.0709549,1.11296,0.888446,0.201618,17.9506,-3.8809,2.47456,-6.73992,0.84456,-4.19796,0,0,0,0,0,0
25.1454,0.594746,1.79004,-0.109309,1.19552,0.870663,0.220642,23.0805,-4.04244,3.31892,-9.33984,3.3948,-4.3056,0,0,0,0,0,0
25.1503,0.360466,1.67974,-0.130676,1.28441,0.861113,0.208151,24.3216,-3.47902,2.22167,-8.28828,0.14904,-3.03048,0,0,0,0,0,0
25.1553,0.239527,1.54396,-0.137157,1.32643,0.92136,0.196395,20.6101,-3.67996,2.74208,-7.76664,0.2484,-4.40496,0,0,0,0,0,0
25.1605,0.256411,1.39052,-0.149845,1.3217,0.992068,0.213665,19.4163,-2.93924,2.70446,-6.81444,-0.83628,-4.33872,0,0,0,0,0,0
25.1652,0.286264,1.22112,-0.158853,1.29138,1.10422,0.223537,19.4163,-2.93924,2.70446,-6.81444,-0.83628,-4.33872,0,0,0,0,0,0
25.1704,0.287037,1.05291,-0.181167,1.28008,1.17254,0.21137,21.1499,-2.98258,3.40043,-6.85584,0.18216,-3.51072,0,0,0,0,0,0
25.1753,0.221126,0.910584,-0.18231,1.27319,1.23038,0.161732,21.2169,-3.6051,2.08164,-6.94692,-0.3726,-2.47572,0,0,0,0,0,0
25.1802,0.197074,0.800624,-0.179495,1.29006,1.29439,0.103661,19.3336,-4.18034,3.16844,-7.48512,0.09936,-2.93112,0,0,0,0,0,0
25.1854,0.220349,0.707686,-0.175976,1.29006,1.30908,0.107181,19.4794,-4.50736,1.79322,-6.22656,1.20888,-4.86036,0,0,0,0,0,0
25.1902,0.274687,0.610548,-0.140051,1.22933,1.28945,0.135248,17.4069,-4.21186,1.40657,-4.99284,1.45728,-3.73428,0,0,0,0,0,0
25.1953,0.365244,0.543799,-0.10382,1.1516,1.32895,0.131194,16.9696,-5.35446,1.92907,-5.24952,-0.88596,-3.50244,0,0,0,0,0,0
25.2002,0.482944,0.48569,-0.0794228,1.08509,1.3634,0.0997105,15.6812,-4.3734,1.98341,-4.97628,1.50696,-2.70756,0,0,0,0,0,0
25.2054,0.574551,0.396838,-0.0543827,1.04331,1.33607,0.10399,17.005,-4.1961,1.67618,-5.77116,2.11968,-5.0508,0,0,0,0,0,0
25.2102,0.646208,0.312617,-0.0237844,1.00407,1.32638,0.152712,16.02,-4.56252,1.55287,-5.65524,0.77004,-4.42152,0,0,0,0,0,0
25.2152,0.749409,0.248605,-0.00813665,0.982991,1.31463,0.144233,15.1138,-4.83438,2.35961,-6.51636,2.22732,-2.51712,0,0,0,0,0,0
25.2202,0.851748,0.185129,0.0169861,0.949941,1.2911,0.0858092,16.0752,-4.60192,0.94677,-4.761,1.3662,-2.20248,0,0,0,0,0,0
25.2254,0.918005,0.126641,0.0414383,0.899226,1.26799,0.075882,16.414,-5.36628,1.9646,-5.40684,2.21904,-4.48776,0,0,0,0,0,0
25.2303,0.974695,0.0946271,0.0461549,0.86908,1.22045,0.126916,15.9097,-5.26778,2.1109,-5.26608,2.64132,-4.95144,0,0,0,0,0,0
25.2353,1.0166,0.0710903,0.0603986,0.87348,1.19624,0.157356,16.2289,-5.40568,1.77232,-6.64884,1.43244,-3.75084,0,0,0,0,0,0
25.2402,1.02195,0.0505968,0.0893519,0.879247,1.17762,0.15881,17.5291,-5.2599,1.39612,-5.6304,2.74896,-3.74256,0,0,0,0,0,0
25.2452,0.996858,-0.017351,0.100353,0.886214,1.15464,0.159223,17.336,-3.86514,2.12762,-5.81256,1.23372,-3.726,0,0,0,0,0,0
25.2502,0.97259,-0.091591,0.10076,0.9039,1.13957,0.184832,17.273,-4.83438,1.77441,-5.70492,2.79864,-5.01768,0,0,0,0,0,0
25.2552,0.908041,-0.183295,0.0953346,0.921126,1.12296,0.233444,18.6204,-2.88408,2.42649,-5.87052,1.54836,-4.71132,0,0,0,0,0,0
25.2602,0.844786,-0.298122,0.0931516,0.943354,1.13589,0.284148,17.5448,-3.88878,1.41911,-6.03612,1.29168,-4.968,0,0,0,0,0,0
25.2652,0.84168,-0.360682,0.101801,0.930183,1.17162,0.27747,16.6504,-4.47584,2.17987,-4.86036,0.40572,-2.16936,0,0,0,0,0,0
25.2702,0.883069,-0.440353,0.079773,0.870166,1.20221,0.238152,15.7167,-2.89984,2.79851,-4.07376,1.54836,-3.46932,0,0,0,0,0,0
25.2752,0.94967,-0.545442,0.0467817,0.777118,1.21452,0.222531,15.7167,-2.89984,2.79851,-4.07376,1.54836,-3.46932,0,0,0,0,0,0
25.2804,0.99879,-0.653556,0.0240986,0.718639,1.21416,0.210498,16.418,-2.58464,2.5498,-4.69476,0.9936,-3.73428,0,0,0,0,0,0
25.2855,1.03034,-0.74803,0.00531853,0.700641,1.20674,0.213437,16.5441,-3.18352,2.59996,-5.78772,2.25216,-3.94128,0,0,0,0,0,0
25.2906,1.04931,-0.826546,-0.010457,0.698244,1.18118,0.211236,16.9538,-2.74224,2.67729,-5.29092,1.62288,-3.50244,0,0,0,0,0,0
25.2956,1.06171,-0.917174,-0.0343216,0.685482,1.18569,0.194673,16.9538,-2.74224,2.67729,-5.29092,1.62288,-3.50244,0,0,0,0,0,0
25.3004,1.09423,-0.992912,-0.0281223,0.715552,1.21469,0.155268,15.8388,-3.3884,1.36477,-6.5412,0.10764,-2.50056,0,0,0,0,0,0
25.3053,1.14698,-1.02357,0.00330263,0.754072,1.24135,0.147843,15.9649,-3.95182,1.88518,-5.88708,1.87128,-4.83552,0,0,0,0,0,0
25.3104,1.17708,-1.05788,0.0250533,0.730853,1.22836,0.189669,16.6386,-3.66026,1.36477,-3.69288,1.64772,-4.61196,0,0,0,0,0,0
25.3154,1.17155,-1.08595,0.0343155,0.711799,1.2363,0.207189,17.1075,-4.10548,2.39932,-5.82912,1.15092,-3.50244,0,0,0,0,0,0
25.3202,1.14794,-1.12078,0.0284022,0.741068,1.24895,0.191837,16.6032,-3.29778,2.09627,-5.93676,1.6146,-3.08844,0,0,0,0,0,0
25.3254,1.14032,-1.17184,0.0178486,0.774958,1.26971,0.167045,16.5401,-3.4278,2.43694,-5.85396,0.76176,-2.98908,0,0,0,0,0,0
25.3303,1.12915,-1.24965,0.000717784,0.795379,1.29883,0.15879,16.1264,-2.17094,2.39723,-5.47308,1.1178,-3.91644,0,0,0,0,0,0
25.3353,1.143,-1.301,-0.00251731,0.808934,1.32263,0.173253,15.89,-3.97152,2.05029,-5.53932,1.01016,-3.95784,0,0,0,0,0,0
25.3404,1.15907,-1.33616,0.00785941,0.823875,1.34682,0.184739,16.1973,-3.0338,1.60094,-5.5062,0.97704,-3.59352,0,0,0,0,0,0
25.3453,1.16199,-1.37021,0.0154286,0.807232,1.3602,0.179543,16.3983,-3.81392,2.21749,-3.8502,1.30824,-3.21264,0,0,0,0,0,0
25.3503,1.17771,-1.39514,0.0268632,0.770224,1.37975,0.165049,15.3345,-3.58934,1.254,-4.54572,0.72036,-3.19608,0,0,0,0,0,0
25.3554,1.19346,-1.41017,0.0253182,0.739315,1.37549,0.166096,15.9767,-4.16458,2.74626,-4.18968,2.42604,-4.06548,0,0,0,0,0,0
25.3604,1.18363,-1.44389,0.00603597,0.725599,1.30713,0.196395,16.2446,-2.69496,2.12553,-5.32404,3.6846,-4.4298,0,0,0,0,0,0
25.3655,1.18541,-1.49301,0.0181213,0.736228,1.27688,0.223784,14.6686,-3.36082,1.3794,-4.99284,1.01016,-3.82536,0,0,0,0,0,0
25.3704,1.23963,-1.49433,0.0299969,0.727862,1.26021,0.237513,14.3416,-4.77922,1.97505,-4.76928,3.13812,-3.7674,0,0,0,0,0,0
25.3755,1.28382,-1.46604,0.0388325,0.718772,1.19648,0.233309,15.5039,-4.22762,1.74933,-4.75272,3.0636,-3.16296,0,0,0,0,0,0
25.3803,1.30557,-1.44987,0.04926,0.701025,1.18061,0.210978,14.8814,-4.18034,1.9437,-4.99284,1.3662,-3.105,0,0,0,0,0,0
25.3853,1.32674,-1.44319,0.0647299,0.695944,1.16621,0.226438,14.9326,-4.14094,1.26863,-4.968,3.1878,-4.83552,0,0,0,0,0,0
25.3904,1.37158,-1.43767,0.0839979,0.685356,1.11651,0.260862,14.318,-3.89666,1.82666,-5.10876,2.898,-3.88332,0,0,0,0,0,0
25.3952,1.4411,-1.45744,0.102265,0.644692,1.10111,0.262176,13.1675,-3.55388,0.97394,-3.59352,1.77192,-3.16296,0,0,0,0,0,0
25.4004,1.55234,-1.47716,0.135637,0.613757,1.11984,0.237211,11.1817,-3.47508,1.33551,-5.04252,1.7802,-2.86488,0,0,0,0,0,0
25.4055,1.70106,-1.49993,0.155965,0.613178,1.13703,0.20624,10.0903,-3.56176,1.33133,-4.41324,2.03688,-3.0636,0,0,0,0,0,0
25.4104,1.83344,-1.52862,0.173996,0.602028,1.14059,0.20551,10.7089,-3.1323,1.46091,-3.87504,2.43432,-4.00752,0,0,0,0,0,0
25.4152,1.91738,-1.561,0.192022,0.560807,1.1506,0.226267,10.7089,-3.1323,1.46091,-3.87504,2.43432,-4.00752,0,0,0,0,0,0
25.4203,1.96269,-1.60666,0.221336,0.55199,1.1286,0.220304,11.0438,-2.53736,1.01783,-5.08392,3.78396,-2.74896,0,0,0,0,0,0
25.4252,2.01713,-1.63445,0.250651,0.574301,1.10599,0.219778,9.42448,-3.85726,1.33133,-5.39856,2.68272,-4.2228,0,0,0,0,0,0
25.4304,2.09989,-1.63839,0.24882,0.558431,1.07115,0.233516,8.84924,-3.6839,2.18405,-3.3948,4.54572,-3.65976,0,0,0,0,0,0
25.4353,2.1627,-1.61618,0.251934,0.512621,1.02006,0.179511,9.42842,-4.7674,1.32297,-3.41964,3.69288,-1.39104,0,0,0,0,0,0
25.4402,1.97695,-1.56479,0.266118,0.484058,1.00627,0.119241,18.7386,-5.01956,1.65528,-4.07376,3.15468,-3.19608,0,0,0,0,0,0
25.4452,1.66751,-1.51217,0.26461,0.461168,0.998466,0.10292,18.7386,-5.01956,1.65528,-4.07376,3.15468,-3.19608,0,0,0,0,0,0
25.4503,1.47219,-1.5005,0.244967,0.433454,0.974771,0.115527,15.7797,-3.47114,2.33244,-3.36996,3.1878,-4.36356,0,0,0,0,0,0
25.4553,1.36412,-1.51834,0.23148,0.4337,1.01904,0.130759,16.7371,-3.80998,1.1704,-4.81896,-0.29808,-3.24576,0,0,0,0,0,0
25.4602,1.21607,-1.53209,0.21544,0.472208,1.15323,0.111793,17.9034,-3.77846,2.35334,-5.11704,-0.94392,-2.64132,0,0,0,0,0,0
25.4652,1.05815,-1.53731,0.201242,0.502314,1.25419,0.0757852,18.0688,-3.9794,1.15995,-5.00112,0.94392,-2.47572,0,0,0,0,0,0
25.4702,0.900254,-1.5322,0.216298,0.522911,1.31234,0.039483,18.0688,-3.9794,1.15995,-5.00112,0.94392,-2.47572,0,0,0,0,0,0
25.4752,0.720801,-1.53057,0.207028,0.51904,1.37569,0.00468808,18.7505,-3.67602,2.40768,-3.69288,0.414,-2.39292,0,0,0,0,0,0
25.4802,0.570733,-1.54637,0.177978,0.568563,1.47649,0.00104002,17.3163,-3.45932,1.86846,-6.75648,-1.00188,-3.80052,0,0,0,0,0,0
25.4853,0.523692,-1.56164,0.15772,0.641402,1.52892,0.0116838,14.9484,-3.73512,2.05447,-4.86864,1.863,-3.13812,0,0,0,0,0,0
25.4902,0.56207,-1.56261,0.133088,0.649015,1.51869,0.0113007,14.9484,-3.73512,2.05447,-4.86864,1.863,-3.13812,0,0,0,0,0,0
25.4954,0.64588,-1.57216,0.128393,0.644171,1.50513,0.00928911,13.0808,-3.3687,1.1913,-4.19796,1.70568,-2.8566,0,0,0,0,0,0
25.5003,0.768104,-1.56257,0.160351,0.641666,1.46667,-0.0186049,11.7373,-4.25914,0.71687,-4.37184,3.28716,-1.97064,0,0,0,0,0,0
25.5053,0.928911,-1.53151,0.199294,0.633238,1.39929,-0.0686209,11.7373,-4.25914,0.71687,-4.37184,3.28716,-1.97064,0,0,0,0,0,0
25.5103,1.09378,-1.50996,0.21978,0.628277,1.33652,-0.0879465,10.9571,-3.94788,1.49644,-4.23108,3.04704,-3.312,0,0,0,0,0,0
25.5152,1.27887,-1.50045,0.231181,0.633916,1.29852,-0.0617664,9.55056,-4.12518,0.80883,-4.65336,2.58336,-3.92472,0,0,0,0,0,0
25.5203,1.49307,-1.48222,0.23902,0.629176,1.27341,-0.0237525,9.36144,-4.15276,1.672,-4.27248,2.67444,-3.8088,0,0,0,0,0,0
25.5252,1.62248,-1.43535,0.237691,0.638095,1.21417,-0.00428307,11.5403,-5.68542,1.20384,-4.73616,4.1814,-3.08844,0,0,0,0,0,0
25.5303,1.69259,-1.34491,0.252129,0.64456,1.1351,-0.0044418,11.5403,-5.68542,1.20384,-4.73616,4.1814,-3.08844,0,0,0,0,0,0
25.5353,1.72605,-1.25516,0.281937,0.650703,1.06167,-0.0207474,12.2179,-5.61844,0.71478,-4.46292,4.08204,-2.36808,0,0,0,0,0,0
25.5402,1.67868,-1.17823,0.304835,0.632916,1.05098,-0.0155918,13.727,-5.58298,1.28117,-3.28716,1.84644,-4.0572,0,0,0,0,0,0
25.5454,1.60643,-1.11688,0.304654,0.589411,1.09618,0.0259482,13.727,-5.58298,1.28117,-3.28716,1.84644,-4.0572,0,0,0,0,0,0
25.5503,1.55045,-1.08647,0.317553,0.55082,1.12783,0.0705695,12.7892,-4.58616,0.57057,-3.01392,2.277,-4.23936,0,0,0,0,0,0
25.5552,1.47513,-1.10644,0.32817,0.501657,1.17514,0.121825,13.6954,-3.97152,0.95513,-2.55852,1.29996,-4.27248,0,0,0,0,0,0
25.5604,1.40346,-1.12511,0.335579,0.437071,1.2425,0.162345,13.6954,-3.97152,0.95513,-2.55852,1.29996,-4.27248,0,0,0,0,0,0
25.5652,1.36366,-1.12514,0.342848,0.372592,1.25571,0.150543,12.1707,-4.3143,1.31461,-2.29356,3.4776,-2.13624,0,0,0,0,0,0
25.5704,1.36029,-1.12734,0.337136,0.353706,1.21671,0.0974048,12.5134,-4.1764,1.22683,-4.44636,3.58524,-2.45916,0,0,0,0,0,0
25.5753,1.35655,-1.09958,0.35973,0.344169,1.19776,0.0678104,11.0202,-5.52388,0.1881,-2.84832,2.7324,-3.16296,0,0,0,0,0,0
25.5802,1.40763,-1.03723,0.403895,0.294949,1.1981,0.061455,11.0202,-5.52388,0.1881,-2.84832,2.7324,-3.16296,0,0,0,0,0,0
25.5852,1.46221,-0.975611,0.447173,0.251318,1.195,0.0603972,11.0202,-5.52388,0.1881,-2.84832,2.7324,-3.16296,0,0,0,0,0,0
25.5903,1.50231,-0.949618,0.464309,0.245497,1.17723,0.0718473,10.9335,-4.04638,1.3585,-3.98268,3.26232,-3.519,0,0,0,0,0,0
25.5952,1.55283,-0.949543,0.443556,0.270379,1.18641,0.072649,10.5356,-4.69254,1.61557,-4.48776,1.78848,-2.74896,0,0,0,0,0,0
25.6004,1.56508,-0.936654,0.41073,0.296944,1.19262,0.0412144,11.6782,-4.728,1.9019,-3.86676,3.5604,-2.00376,0,0,0,0,0,0
25.6055,1.57103,-0.924094,0.368213,0.30036,1.16063,-0.00785381,11.6782,-4.728,1.9019,-3.86676,3.5604,-2.00376,0,0,0,0,0,0
25.6102,1.57912,-0.909735,0.328575,0.301085,1.12993,-0.0558318,11.6782,-4.728,1.9019,-3.86676,3.5604,-2.00376,0,0,0,0,0,0
25.6151,1.61571,-0.910781,0.313832,0.292711,1.13377,-0.0796953,9.7318,-4.1961,0.82137,-3.03876,1.99548,-2.94768,0,0,0,0,0,0
25.6202,1.69067,-0.913191,0.329887,0.260685,1.17662,-0.0856588,9.7318,-4.1961,0.82137,-3.03876,1.99548,-2.94768,0,0,0,0,0,0
25.6252,1.71527,-0.915037,0.318564,0.254256,1.20259,-0.0604041,11.0162,-4.05426,2.26138,-3.87504,2.7324,-4.3884,0,0,0,0,0,0
25.6302,1.71241,-0.926148,0.294945,0.238151,1.20475,-0.0236806,10.5828,-4.08972,1.15995,-2.84832,3.16296,-3.36996,0,0,0,0,0,0
25.6353,1.71081,-0.922639,0.296006,0.213331,1.20792,-0.0232447,10.1219,-4.2355,1.49435,-3.37824,3.05532,-2.64132,0,0,0,0,0,0
25.6402,1.71436,-0.919235,0.280469,0.240888,1.2221,-0.0473314,10.2676,-4.334,1.65528,-5.08392,2.65788,-2.31012,0,0,0,0,0,0
25.6452,1.64645,-0.915301,0.240488,0.317685,1.22547,-0.082567,12.5134,-4.24338,2.68983,-5.53104,3.65148,-2.08656,0,0,0,0,0,0
25.6502,1.57027,-0.904568,0.180889,0.385462,1.20258,-0.12221,12.5134,-4.24338,2.68983,-5.53104,3.65148,-2.08656,0,0,0,0,0,0
25.6552,1.50324,-0.880413,0.149538,0.41677,1.19402,-0.135673,12.545,-4.75558,1.60512,-4.00752,2.898,-3.15468,0,0,0,0,0,0
25.6603,1.50093,-0.847627,0.148118,0.388124,1.18112,-0.110555,10.7562,-4.30642,1.63647,-2.90628,3.46104,-3.98268,0,0,0,0,0,0
25.6655,1.55092,-0.85639,0.149197,0.352765,1.18299,-0.064081,10.3267,-3.7036,0.94677,-2.9808,2.28528,-4.12344,0,0,0,0,0,0
25.6704,1.60273,-0.886834,0.147412,0.337548,1.2269,-0.035139,9.83424,-3.98334,1.31252,-3.54384,1.91268,-3.11328,0,0,0,0,0,0
25.6752,1.61759,-0.876772,0.165971,0.326483,1.27935,-0.0367078,11.4693,-4.78316,0.5016,-3.19608,1.96236,-2.84004,0,0,0,0,0,0
25.6803,1.62343,-0.881698,0.187759,0.328766,1.30805,-0.0488033,9.93668,-3.82574,0.84018,-3.933,2.91456,-2.74896,0,0,0,0,0,0
25.6852,1.71242,-0.885394,0.186507,0.298074,1.31696,-0.0766988,7.51358,-5.23232,1.18085,-1.85472,2.8566,-2.18592,0,0,0,0,0,0
25.6904,1.82577,-0.862146,0.211454,0.260915,1.33089,-0.108529,7.93122,-4.59404,0.01045,-3.21264,2.75724,-2.6496,0,0,0,0,0,0
25.6952,1.9027,-0.869693,0.22253,0.235914,1.3316,-0.142707,7.8012,-4.16458,1.53824,-2.3598,3.726,-1.87956,0,0,0,0,0,0
25.7003,1.96447,-0.867748,0.2272,0.21317,1.30164,-0.147272,7.78938,-4.6492,0.50996,-3.29544,4.31388,-3.56868,0,0,0,0,0,0
25.7054,2.02736,-0.868361,0.234753,0.161446,1.21466,-0.112093,7.17474,-4.17246,1.30625,-0.9936,6.26796,-3.54384,0,0,0,0,0,0
25.7104,2.05996,-0.887109,0.225881,0.117302,1.12019,-0.0645963,8.40008,-4.22762,0.95304,-3.27888,5.02596,-4.1814,0,0,0,0,0,0
25.7153,2.06818,-0.914309,0.233805,0.107701,1.06509,-0.0511249,7.40326,-3.75482,0.67089,-2.4426,4.761,-2.20248,0,0,0,0,0,0
25.7204,2.11454,-0.940599,0.249937,0.0729063,1.01843,-0.0833903,7.40326,-3.75482,0.67089,-2.4426,4.761,-2.20248,0,0,0,0,0,0
25.7254,2.15488,-0.954037,0.265852,0.0376431,0.976157,-0.0952545,7.37568,-4.03456,0.8151,-2.26872,4.68648,-3.04704,0,0,0,0,0,0
25.7304,2.11667,-0.947823,0.279202,0.00914588,0.979549,-0.0930229,9.73968,-4.65314,0.69388,-2.46744,3.34512,-2.99736,0,0,0,0,0,0
25.7354,2.06961,-0.945534,0.282387,-0.0237127,0.994622,-0.0961342,8.12822,-4.01486,1.1286,-2.16108,4.00752,-2.87316,0,0,0,0,0,0
25.7402,2.06146,-0.967271,0.267696,-0.0655214,0.994938,-0.099287,8.12822,-4.01486,1.1286,-2.16108,4.00752,-2.87316,0,0,0,0,0,0
25.7452,2.02183,-1.00348,0.272738,-0.0853275,0.996938,-0.0867311,8.92016,-3.65238,0.08778,-2.92284,4.02408,-3.46104,0,0,0,0,0,0
25.7502,1.9811,-1.0287,0.291201,-0.0902772,1.02381,-0.0469557,8.4907,-3.8809,0.79629,-2.74068,2.91456,-4.0158,0,0,0,0,0,0
25.7552,1.95292,-1.06039,0.286883,-0.072108,1.06352,-0.0141593,7.98244,-3.56964,0.91124,-3.63492,3.49416,-3.15468,0,0,0,0,0,0
25.7603,1.95359,-1.08862,0.284489,-0.0374691,1.08384,-0.00268507,7.98244,-3.56964,0.91124,-3.63492,3.49416,-3.15468,0,0,0,0,0,0
25.7653,1.93029,-1.10019,0.278067,-0.0233612,1.08214,0.000360923,8.79802,-4.0779,1.31879,-2.62476,4.39668,-2.7738,0,0,0,0,0,0
25.7704,1.90651,-1.13382,0.255141,-0.0214559,1.06883,-0.0121018,8.12822,-2.88802,1.37104,-3.05532,4.07376,-2.63304,0,0,0,0,0,0
25.7757,1.90495,-1.1703,0.224166,-0.00407854,1.01164,-0.0437977,7.9785,-4.00698,1.6302,-3.09672,6.22656,-2.07,0,0,0,0,0,0
25.7802,1.92339,-1.17926,0.203276,0.0136537,0.944146,-0.0815329,7.0723,-3.54206,1.28953,-3.52728,4.73616,-2.18592,0,0,0,0,0,0
25.7853,1.97183,-1.22828,0.171017,0.0471224,0.90178,-0.109575,6.47736,-2.78952,1.76187,-3.6018,5.23296,-2.3184,0,0,0,0,0,0
25.7902,2.01184,-1.26002,0.154947,0.0531901,0.872174,-0.0996136,6.7177,-3.91636,0.836,-2.3598,4.48776,-3.75084,0,0,0,0,0,0
25.7952,2.04937,-1.25716,0.144971,0.0414362,0.821771,-0.0508963,6.41038,-3.92818,1.6929,-2.7738,6.23484,-4.03236,0,0,0,0,0,0
25.8002,2.07079,-1.25757,0.132809,0.039655,0.753144,-0.0175778,6.68224,-4.03456,0.83809,-2.50884,5.589,-3.07188,0,0,0,0,0,0
25.8053,2.07638,-1.24283,0.141414,0.0323753,0.679955,0.00987241,6.91076,-4.25126,0.95722,-2.83176,6.65712,-3.89988,0,0,0,0,0,0
25.8104,2.06711,-1.22956,0.148404,0.0134623,0.579955,0.00776682,6.84378,-4.20398,0.7942,-2.0286,6.97176,-1.8216,0,0,0,0,0,0
25.8152,2.0589,-1.20518,0.157798,-0.0147495,0.533529,-0.0190745,7.02108,-4.90136,0.73986,-2.40948,4.4712,-2.75724,0,0,0,0,0,0
25.8202,2.0704,-1.18695,0.161995,-0.0217188,0.532372,-0.0451148,6.0676,-3.99516,0.94886,-2.79864,5.10876,-1.92096,0,0,0,0,0,0
25.8252,2.06585,-1.18764,0.171074,-0.0440315,0.53689,-0.100175,7.34416,-4.13306,0.44935,-1.7802,4.33044,-1.46556,0,0,0,0,0,0
25.8301,2.04239,-1.15652,0.197797,-0.0601582,0.569736,-0.163802,6.84772,-5.01956,0.32186,-2.95596,3.95784,-1.33308,0,0,0,0,0,0
25.8352,1.9832,-1.1023,0.213276,-0.0637765,0.582388,-0.179014,7.69482,-5.35446,0.95513,-2.2356,5.53932,-3.3948,0,0,0,0,0,0
25.8403,1.91618,-1.05096,0.205293,-0.0843268,0.556783,-0.14513,7.69482,-5.35446,0.95513,-2.2356,5.53932,-3.3948,0,0,0,0,0,0
25.8452,1.87825,-1.00494,0.18598,-0.0699545,0.535768,-0.119983,6.19762,-5.39386,1.37313,-3.726,5.382,-2.96424,0,0,0,0,0,0
25.8504,1.88607,-0.963371,0.181274,-0.0577351,0.536343,-0.0854187,5.76028,-5.06684,0.46189,-2.18592,4.60368,-3.91644,0,0,0,0,0,0
25.8553,1.92647,-0.919026,0.203169,-0.0820751,0.546013,-0.0347589,5.76028,-5.06684,0.46189,-2.18592,4.60368,-3.91644,0,0,0,0,0,0
25.8602,1.94106,-0.887197,0.205972,-0.0820792,0.524502,-0.0280207,6.54434,-4.44826,1.463,-3.12984,6.003,-2.05344,0,0,0,0,0,0
25.8653,1.93185,-0.880233,0.177488,-0.0573148,0.47713,-0.064783,6.54434,-4.44826,1.463,-3.12984,6.003,-2.05344,0,0,0,0,0,0
25.8702,1.90416,-0.866595,0.175762,-0.0498951,0.46053,-0.0891004,6.51282,-5.03532,0.17347,-2.21076,4.968,-2.55852,0,0,0,0,0,0
25.8752,1.85764,-0.83156,0.187434,-0.0649942,0.466087,-0.129375,6.80438,-5.65784,0.81928,-2.277,5.18328,-1.21716,0,0,0,0,0,0
25.8803,1.80915,-0.777336,0.187246,-0.0726255,0.467882,-0.199035,6.80438,-5.65784,0.81928,-2.277,5.18328,-1.21716,0,0,0,0,0,0
25.8853,1.77883,-0.728375,0.189673,-0.0778497,0.481527,-0.247053,5.66178,-5.35446,0.85063,-2.18592,4.761,-2.06172,0,0,0,0,0,0
25.8904,1.78853,-0.693867,0.191092,-0.0961517,0.491304,-0.275293,5.12988,-5.17716,0.78584,-1.67256,5.28264,-1.97064,0,0,0,0,0,0
25.8955,1.7895,-0.662428,0.193427,-0.11685,0.473041,-0.261274,5.78786,-5.26778,0.79838,-2.08656,6.03612,-3.86676,0,0,0,0,0,0
25.9004,1.79146,-0.643036,0.187536,-0.10124,0.45782,-0.214476,4.95258,-4.73982,1.13696,-3.3534,5.24124,-3.3948,0,0,0,0,0,0
25.9053,1.79551,-0.643311,0.183052,-0.0635956,0.453233,-0.160541,4.64132,-4.42068,0.74404,-3.22092,5.91192,-4.1814,0,0,0,0,0,0
25.9103,1.79663,-0.679792,0.177518,-0.0654788,0.412376,-0.133947,4.12124,-3.47114,1.01783,-1.66428,7.07112,-2.28528,0,0,0,0,0,0
25.9152,1.80589,-0.707954,0.167707,-0.104377,0.373327,-0.139969,3.17958,-4.72012,0.99066,-1.56492,6.19344,-2.70756,0,0,0,0,0,0
25.9202,1.82969,-0.699051,0.169605,-0.109745,0.3544,-0.160971,2.67526,-4.5901,0.84018,-3.07188,6.46668,-1.6974,0,0,0,0,0,0
25.9253,1.86364,-0.707035,0.17814,-0.0860303,0.316461,-0.185128,1.80058,-3.79028,0.81928,-3.08016,7.31952,-2.484,0,0,0,0,0,0
25.9303,1.88029,-0.737519,0.178004,-0.0937193,0.243754,-0.195841,2.63586,-3.55388,1.24355,-1.82988,8.25516,-2.33496,0,0,0,0,0,0
25.9354,1.84816,-0.757969,0.169493,-0.112197,0.162877,-0.235403,2.99046,-3.75876,1.4839,-2.484,8.10612,-1.15092,0,0,0,0,0,0
25.9404,1.73383,-0.78228,0.17867,-0.135578,0.0942959,-0.272908,5.4766,-3.1126,0.62282,-1.83816,8.1144,-2.277,0,0,0,0,0,0
25.9455,1.45109,-0.773269,0.207025,-0.177064,0.0234214,-0.290174,9.9485,-5.53176,0.40964,-1.39932,8.51184,-1.97064,0,0,0,0,0,0
25.9503,1.21846,-0.765443,0.199638,-0.202398,-0.0422596,-0.277259,6.2252,-3.65632,1.57377,-2.13624,7.29468,-3.57696,0,0,0,0,0,0
25.9552,1.12134,-0.780348,0.178711,-0.223571,-0.0211758,-0.231905,5.44508,-4.65314,0.85481,-1.44072,4.46292,-3.3948,0,0,0,0,0,0
25.9603,1.07644,-0.764231,0.190564,-0.261131,0.0780172,-0.172834,5.23626,-4.8856,0.14212,-1.10952,3.5604,-4.28904,0,0,0,0,0,0
25.9652,1.04005,-0.758079,0.205831,-0.313858,0.179794,-0.104464,5.8903,-4.30248,0.57684,-0.72036,3.99924,-3.8916,0,0,0,0,0,0
25.9704,1.00128,-0.739742,0.211994,-0.352279,0.253829,-0.0557681,5.88636,-5.2599,0.60192,-1.58976,4.49604,-3.53556,0,0,0,0,0,0
25.9753,0.968814,-0.732481,0.219168,-0.371732,0.253942,-0.0315786,5.13382,-4.27884,0.32813,-1.4076,7.25328,-2.94768,0,0,0,0,0,0
25.9802,0.969287,-0.751484,0.235654,-0.384186,0.204084,-0.0399005,4.65314,-4.01486,0.20482,-1.83816,6.5412,-2.16108,0,0,0,0,0,0
25.9853,0.981313,-0.778811,0.250381,-0.384675,0.170688,-0.0656805,4.65314,-4.01486,0.20482,-1.83816,6.5412,-2.16108,0,0,0,0,0,0
25.9902,0.995753,-0.811595,0.2574,-0.399799,0.124472,-0.103134,3.78634,-3.79816,0.55176,-1.18404,7.35264,-1.5732,0,0,0,0,0,0
25.9952,1.04215,-0.845212,0.255928,-0.429862,0.0568545,-0.152821,3.78634,-3.79816,0.55176,-1.18404,7.35264,-1.5732,0,0,0,0,0,0
26.0002,1.08958,-0.875193,0.255876,-0.46026,-0.0100479,-0.200688,3.78634,-3.79816,0.55176,-1.18404,7.35264,-1.5732,0,0,0,0,0,0
26.0052,1.11325,-0.893211,0.249273,-0.500505,-0.0617256,-0.234702,4.05032,-4.28672,0.96767,-0.73692,6.9552,-2.09484,0,0,0,0,0,0
26.0103,1.13495,-0.900552,0.238965,-0.545764,-0.126169,-0.24384,3.54206,-4.14882,0.74822,-0.81144,8.1558,-2.6496,0,0,0,0,0,0
26.0153,1.1548,-0.907678,0.231374,-0.591345,-0.212173,-0.226172,3.36476,-4.2158,0.9405,-0.7038,8.20548,-3.19608,0,0,0,0,0,0
26.0203,1.16898,-0.919187,0.231261,-0.628919,-0.267628,-0.176308,3.49084,-3.85726,0.47652,-0.96876,7.07112,-4.04892,0,0,0,0,0,0
26.0253,1.14337,-0.931347,0.220224,-0.66294,-0.277072,-0.103988,4.42068,-4.92106,1.01783,-0.72864,6.54948,-4.24764,0,0,0,0,0,0
26.0304,1.09064,-0.917993,0.211037,-0.699425,-0.287673,-0.0350172,4.85802,-4.38916,0.74613,-0.77004,7.13736,-4.09032,0,0,0,0,0,0
26.0354,1.05017,-0.954673,0.199257,-0.733063,-0.28838,0.021876,4.25914,-3.03774,0.92378,-0.7452,6.06096,-3.8502,0,0,0,0,0,0
26.0403,0.996024,-0.991508,0.198207,-0.76122,-0.226765,0.0464471,5.0432,-4.24338,0.32604,-0.89424,4.57884,-2.76552,0,0,0,0,0,0
26.0453,0.919804,-0.979875,0.207459,-0.791498,-0.161162,0.0512708,4.83044,-4.77528,0.76703,-0.63756,5.90364,-3.0222,0,0,0,0,0,0
26.0505,0.830595,-0.966819,0.215019,-0.835587,-0.130282,0.0407394,5.07472,-4.2946,0.45144,-0.18216,6.20172,-2.16108,0,0,0,0,0,0
26.0555,0.738401,-0.966947,0.215102,-0.908595,-0.107699,0.0130986,5.01562,-4.21974,1.045,0.72036,6.17688,-2.21904,0,0,0,0,0,0
26.0602,0.687906,-0.95511,0.209943,-1.00744,-0.0863658,-0.0294121,3.7036,-5.0235,0.57684,1.19232,6.10236,-1.4076,0,0,0,0,0,0
26.0652,0.673047,-0.939252,0.209034,-1.11394,-0.0824251,-0.0739789,3.84544,-4.21186,0.97603,1.52352,6.77304,-2.02032,0,0,0,0,0,0
26.0702,0.662052,-0.942831,0.206177,-1.22235,-0.0999184,-0.124532,3.3884,-4.30248,0.61446,1.97892,7.02144,-1.05156,0,0,0,0,0,0
26.0753,0.649351,-0.955185,0.195016,-1.3152,-0.109066,-0.169976,3.51842,-4.03456,1.1704,2.46744,6.51636,-2.1942,0,0,0,0,0,0
26.0802,0.630375,-0.936738,0.193784,-1.36638,-0.116859,-0.181688,3.60116,-5.35052,0.44099,2.50056,6.90552,-2.41776,0,0,0,0,0,0
26.0853,0.606633,-0.89086,0.206191,-1.36038,-0.143835,-0.186629,3.88484,-5.01562,0.6897,2.74068,7.25328,-2.46744,0,0,0,0,0,0
26.0902,0.569531,-0.865453,0.207024,-1.30325,-0.178114,-0.15859,4.14882,-4.90924,0.73359,2.31012,7.1622,-3.79224,0,0,0,0,0,0
26.0953,0.532367,-0.85321,0.20917,-1.22277,-0.203178,-0.103555,4.11336,-4.43644,0.62909,2.68272,6.69024,-3.65148,0,0,0,0,0,0
26.1002,0.526455,-0.849906,0.204671,-1.13252,-0.229606,-0.0556078,2.99834,-4.47978,1.02619,2.25216,7.00488,-3.56868,0,0,0,0,0,0
26.1052,0.552087,-0.854672,0.19891,-1.04165,-0.269565,-0.0170469,2.35218,-4.0976,0.69597,2.65788,7.15392,-3.32028,0,0,0,0,0,0
26.1104,0.584826,-0.859632,0.20487,-0.961173,-0.314854,0.0121071,2.35218,-4.0976,0.69597,2.65788,7.15392,-3.32028,0,0,0,0,0,0
26.1153,0.552623,-0.832635,0.222173,-0.880899,-0.352261,0.0285377,4.4916,-5.41356,0.35321,2.35152,6.82272,-2.87316,0,0,0,0,0,0
26.1203,0.475895,-0.783278,0.244574,-0.796574,-0.378352,0.0236596,4.18822,-5.39386,0.30096,2.34324,6.49152,-2.36808,0,0,0,0,0,0
26.1253,0.416787,-0.720511,0.258997,-0.732361,-0.402411,0.00753539,3.86514,-5.8903,0.77957,3.17124,6.39216,-2.37636,0,0,0,0,0,0
26.1306,0.371511,-0.660681,0.254442,-0.687678,-0.434755,-0.00710722,3.86514,-5.8903,0.77957,3.17124,6.39216,-2.37636,0,0,0,0,0,0
26.1355,0.329894,-0.634395,0.239042,-0.635093,-0.473055,-0.0337822,3.3884,-4.83438,1.16413,2.55852,6.26796,-1.78848,0,0,0,0,0,0
26.1402,0.312508,-0.614357,0.229501,-0.57583,-0.497333,-0.0641813,2.40734,-6.07942,0.31768,2.88972,5.48964,-2.17764,0,0,0,0,0,0
26.1452,0.313745,-0.557222,0.245554,-0.523114,-0.51214,-0.0858538,2.40734,-6.07942,0.31768,2.88972,5.48964,-2.17764,0,0,0,0,0,0
26.1502,0.204581,-0.508448,0.261478,-0.465206,-0.51267,-0.124177,6.76498,-5.6145,0.53713,2.47572,4.53744,-1.41588,0,0,0,0,0,0
26.1551,0.0600214,-0.479408,0.263567,-0.400107,-0.515682,-0.176851,6.76498,-5.6145,0.53713,2.47572,4.53744,-1.41588,0,0,0,0,0,0
26.1602,0.00728142,-0.465663,0.269178,-0.35093,-0.531611,-0.222628,3.99122,-5.29536,0.15675,3.01392,4.43808,-1.59804,0,0,0,0,0,0
26.1652,0.0325657,-0.484796,0.273496,-0.302268,-0.532478,-0.261227,3.67996,-4.334,0.49324,2.484,3.48588,-1.68912,0,0,0,0,0,0
26.1701,0.0628839,-0.516434,0.266341,-0.279849,-0.493084,-0.277406,3.2111,-4.9841,0.53086,4.12344,2.55852,-2.49228,0,0,0,0,0,0
26.1752,0.086167,-0.540129,0.259018,-0.281022,-0.431589,-0.258299,2.75406,-4.41674,0.71687,3.59352,2.55024,-3.15468,0,0,0,0,0,0
26.1803,0.108967,-0.537186,0.259754,-0.245714,-0.371178,-0.222752,1.92666,-5.4963,0.6061,2.58336,2.63304,-3.27888,0,0,0,0,0,0
26.1853,0.138165,-0.530041,0.257934,-0.197445,-0.32575,-0.182964,1.9503,-4.66102,0.83182,2.7324,2.6496,-3.34512,0,0,0,0,0,0
26.1903,0.135525,-0.545337,0.259985,-0.176562,-0.307943,-0.13995,2.45856,-4.28672,0.63327,3.50244,3.28716,-3.41136,0,0,0,0,0,0
26.1952,0.130121,-0.545773,0.269346,-0.169722,-0.324622,-0.109451,2.04486,-5.04714,0.62282,3.41964,3.26232,-2.93112,0,0,0,0,0,0
26.2006,0.144045,-0.572263,0.269822,-0.13531,-0.349628,-0.0923753,1.13866,-3.5854,0.75867,2.55852,2.74896,-2.86488,0,0,0,0,0,0
26.2052,0.138271,-0.608337,0.26879,-0.113443,-0.381379,-0.0929554,2.16306,-4.43644,0.84227,3.6432,2.86488,-2.18592,0,0,0,0,0,0
26.2102,0.106194,-0.638608,0.269984,-0.109331,-0.428265,-0.120636,1.86362,-3.83362,0.64999,3.2292,2.7324,-1.71396,0,0,0,0,0,0
26.2158,0.0873555,-0.665168,0.27241,-0.0642337,-0.478761,-0.153759,1.00864,-4.54676,0.79002,2.02032,2.49228,-1.87128,0,0,0,0,0,0
26.2203,0.0780306,-0.66363,0.279638,-0.0427461,-0.53706,-0.191248,1.89908,-4.82256,0.57475,3.94956,2.49228,-1.49868,0,0,0,0,0,0
26.2255,0.0214078,-0.637983,0.296691,-0.082223,-0.594702,-0.22717,2.73436,-5.4175,0.47443,4.93488,2.26044,-1.87956,0,0,0,0,0,0
26.2303,-0.0580426,-0.608068,0.319018,-0.108478,-0.643499,-0.263121,3.01804,-5.0235,0.34067,3.86676,1.93752,-1.41588,0,0,0,0,0,0
26.2353,-0.128802,-0.610404,0.330114,-0.0865719,-0.68369,-0.318864,2.16306,-4.73588,0.53922,3.29544,1.85472,-0.90252,0,0,0,0,0,0
26.2403,-0.19354,-0.625162,0.340634,-0.0566154,-0.703445,-0.382726,2.83286,-4.30642,0.42218,3.63492,1.00188,-0.94392,0,0,0,0,0,0
26.2452,-0.266925,-0.647153,0.348323,-0.0210541,-0.701026,-0.438671,2.61616,-4.6098,0.50787,2.898,0.84456,-1.10952,0,0,0,0,0,0
26.2502,-0.335207,-0.6711,0.358836,0.00574493,-0.699946,-0.498929,2.96288,-4.23156,0.23617,4.03236,0.91908,-0.63756,0,0,0,0,0,0
26.2554,-0.379542,-0.688319,0.36546,-0.000142299,-0.706084,-0.551259,2.11578,-4.8265,0.64372,4.28904,0.96048,-1.27512,0,0,0,0,0,0
26.2603,-0.418045,-0.704759,0.374215,0.0112423,-0.735596,-0.573497,2.64768,-4.16852,0.22572,2.70756,1.93752,-1.83816,0,0,0,0,0,0
26.2653,-0.461061,-0.729907,0.379976,0.0312175,-0.798031,-0.575918,2.53342,-4.85802,0.51832,3.52728,2.33496,-2.08656,0,0,0,0,0,0
26.2704,-0.485216,-0.759708,0.383939,0.00225088,-0.880907,-0.555295,1.93848,-3.79028,0.3553,5.0094,2.88144,-2.82348,0,0,0,0,0,0
26.2752,-0.474332,-0.789598,0.393325,-0.0138818,-0.97467,-0.510397,1.31202,-4.49554,0.4598,2.95596,2.84004,-3.22092,0,0,0,0,0,0
26.2803,-0.463704,-0.807964,0.397656,0.00171653,-1.04947,-0.450781,1.4775,-4.20398,0.59356,3.69288,2.36808,-3.51072,0,0,0,0,0,0
26.2853,-0.452935,-0.800381,0.405214,-0.000298453,-1.10942,-0.386117,1.24504,-5.28354,0.53922,3.41964,2.28528,-3.56868,0,0,0,0,0,0
26.2903,-0.415003,-0.785364,0.398523,-0.00809357,-1.18352,-0.328366,0.42552,-4.99592,0.93841,4.02408,3.08016,-3.32028,0,0,0,0,0,0
26.2954,-0.366337,-0.774528,0.384562,-0.0184815,-1.26975,-0.278517,0.42552,-4.99592,0.93841,4.02408,3.08016,-3.32028,0,0,0,0,0,0
26.3002,-0.375938,-0.772147,0.377551,-0.0137945,-1.33761,-0.234459,2.27732,-4.79104,0.67716,3.3948,2.49228,-3.19608,0,0,0,0,0,0
26.3053,-0.425869,-0.77282,0.376168,0.00747159,-1.38623,-0.195518,2.27732,-4.79104,0.67716,3.3948,2.49228,-3.19608,0,0,0,0,0,0
26.3104,-0.47715,-0.772653,0.372113,0.000343517,-1.42844,-0.174273,1.98182,-4.99986,0.76285,4.49604,2.38464,-2.51712,0,0,0,0,0,0
26.3153,-0.50722,-0.724999,0.382442,-0.0059773,-1.46247,-0.174515,1.63904,-6.07942,0.52459,3.48588,2.1942,-2.34324,0,0,0,0,0,0
26.3203,-0.542875,-0.668113,0.3929,-0.0037471,-1.46868,-0.186919,1.70602,-5.68148,0.67716,4.04892,1.29996,-2.02032,0,0,0,0,0,0
26.3253,-0.58425,-0.614929,0.405508,-0.0122705,-1.44203,-0.204503,1.48538,-6.11488,0.37202,3.75084,0.8694,-2.08656,0,0,0,0,0,0
26.3303,-0.622301,-0.559612,0.416369,-0.0220223,-1.39923,-0.234427,1.26474,-5.93364,0.65626,4.20624,0.68724,-1.43244,0,0,0,0,0,0
26.3354,-0.667369,-0.541093,0.416504,-0.0147803,-1.37232,-0.273393,1.84392,-5.07866,0.48488,3.17952,1.47384,-1.6146,0,0,0,0,0,0
26.3402,-0.708887,-0.501324,0.43013,0.0123878,-1.36371,-0.298635,1.65874,-6.3828,0.24662,3.0222,1.30824,-1.95408,0,0,0,0,0,0
26.3453,-0.773414,-0.454017,0.444495,0.0240752,-1.33545,-0.326385,2.47432,-5.68148,0.20691,3.74256,0.6624,-1.449,0,0,0,0,0,0
26.3504,-0.839084,-0.446556,0.456835,0.0200525,-1.30417,-0.364783,1.8912,-4.9447,-0.03971,3.65976,1.0764,-1.42416,0,0,0,0,0,0
26.3552,-0.891367,-0.453188,0.47738,0.0400731,-1.29525,-0.407836,2.33248,-4.78316,-0.27797,2.72412,1.42416,-1.2006,0,0,0,0,0,0
26.3603,-0.94535,-0.462079,0.489515,0.0720921,-1.29508,-0.449632,2.13548,-5.28748,-0.3135,3.51072,1.35792,-1.34964,0,0,0,0,0,0
26.3653,-0.978838,-0.499407,0.501078,0.0803593,-1.28013,-0.496815,1.3396,-3.41598,-0.72314,3.90816,0.7866,-0.85284,0,0,0,0,0,0
26.3703,-0.979763,-0.515437,0.508693,0.0838673,-1.27634,-0.552346,0.18124,-5.82332,-0.60819,3.8088,2.0286,-0.86112,0,0,0,0,0,0
26.3753,-0.974305,-0.489697,0.494943,0.0778747,-1.30013,-0.599616,1.40658,-5.40568,-0.64372,4.2642,1.89612,-1.0764,0,0,0,0,0,0
26.3802,-0.996457,-0.479051,0.461906,0.0977304,-1.30334,-0.632442,1.21352,-5.46478,-0.64999,2.96424,1.18404,-1.39104,0,0,0,0,0,0
26.3854,-1.03223,-0.49119,0.402074,0.128907,-1.29768,-0.650744,1.5957,-4.96046,-0.36575,3.6846,1.54008,-1.60632,0,0,0,0,0,0
26.3903,-1.02552,-0.540133,0.334476,0.167848,-1.30928,-0.663014,0.08274,-3.95182,-0.88825,2.484,1.79676,-1.58976,0,0,0,0,0,0
26.3953,-1.01304,-0.580632,0.282032,0.210715,-1.3282,-0.66487,0.41764,-4.69254,-0.98021,2.898,2.08656,-2.0286,0,0,0,0,0,0
26.4003,-1.02436,-0.610993,0.229747,0.236866,-1.3506,-0.641604,0.40582,-4.25914,-1.01574,3.3534,2.26872,-2.691,0,0,0,0,0,0
26.4053,-1.02785,-0.641558,0.179424,0.246808,-1.376,-0.598072,-0.13396,-4.37734,-0.99275,3.3948,2.34324,-2.97252,0,0,0,0,0,0
26.4102,-1.0081,-0.655994,0.130239,0.26477,-1.41184,-0.548668,-1.53266,-4.5113,-0.75867,2.63304,3.00564,-3.05532,0,0,0,0,0,0
26.4155,-0.997058,-0.637131,0.0827081,0.30477,-1.46363,-0.494787,-0.77224,-5.27566,-0.68552,2.484,3.4776,-3.24576,0,0,0,0,0,0
26.4202,-1.01852,-0.656386,0.0288389,0.316818,-1.50966,-0.436677,-0.32308,-3.01016,-0.50996,3.61836,2.90628,-3.37824,0,0,0,0,0,0
26.4253,-1.07564,-0.667328,-0.0158899,0.319559,-1.52892,-0.378163,-0.13396,-4.9841,-0.62491,3.08844,2.68272,-3.38652,0,0,0,0,0,0
26.4304,-1.13167,-0.679701,-0.0531755,0.30819,-1.53483,-0.322234,-0.73678,-2.60828,-0.55176,3.84192,2.484,-3.40308,0,0,0,0,0,0
26.4354,-1.16777,-0.754852,-0.0974986,0.282897,-1.53582,-0.267746,-0.73678,-2.60828,-0.55176,3.84192,2.484,-3.40308,0,0,0,0,0,0
26.4404,-1.1973,-0.801739,-0.133205,0.224464,-1.50047,-0.221751,-1.10714,-4.28278,-1.13696,5.34888,0.7866,-3.12984,0,0,0,0,0,0
26.4453,-1.39116,-0.759516,-0.146336,0.122538,-1.42449,-0.179515,6.41432,-5.98486,-1.18921,5.96988,0.65412,-3.36168,0,0,0,0,0,0
26.4502,-1.64324,-0.739033,-0.17689,0.0713931,-1.36646,-0.139661,2.9747,-4.44038,-1.06799,3.62664,1.05156,-3.105,0,0,0,0,0,0
26.4553,-1.7258,-0.768443,-0.229549,0.0546604,-1.32127,-0.11454,0.90226,-4.63344,-0.77957,4.86864,0.52992,-2.79864,0,0,0,0,0,0
26.4603,-1.73978,-0.778151,-0.269441,0.0284718,-1.2609,-0.100239,1.44598,-5.1417,-1.56332,4.12344,-0.15732,-2.68272,0,0,0,0,0,0
26.4652,-1.77869,-0.77895,-0.293038,0.0274271,-1.1737,-0.0913821,2.3049,-5.26384,-1.56541,3.87504,-0.87768,-2.59164,0,0,0,0,0,0
26.4703,-1.83811,-0.777932,-0.320203,0.0315702,-1.09589,-0.0925181,2.54524,-5.3584,-1.44837,4.3056,0.10764,-2.26044,0,0,0,0,0,0
26.4753,-1.89394,-0.744253,-0.354306,0.0503356,-1.06878,-0.109627,2.44674,-6.94622,-1.27281,3.11328,0.98532,-1.91268,0,0,0,0,0,0
26.4804,-1.91107,-0.686915,-0.3923,0.0643404,-1.06957,-0.136153,1.23716,-6.33158,-1.12233,4.4712,1.27512,-1.7802,0,0,0,0,0,0
26.4854,-1.92008,-0.677758,-0.437489,0.0375196,-1.07974,-0.167967,1.57994,-5.30718,-1.05545,4.74444,1.34964,-1.64772,0,0,0,0,0,0
26.4903,-1.93109,-0.679547,-0.472915,0.010127,-1.0646,-0.196247,1.38294,-5.63026,-1.32297,4.6782,0.22356,-1.84644,0,0,0,0,0,0
26.4958,-1.9132,-0.675,-0.492787,0.0224508,-1.0603,-0.216958,0.70526,-5.57116,-1.69499,3.21264,1.60632,-1.92924,0,0,0,0,0,0
26.5004,-1.87362,-0.64063,-0.501961,0.020688,-1.10505,-0.232111,-0.22458,-6.84378,-1.5675,5.0508,2.54196,-1.99548,0,0,0,0,0,0
26.5053,-1.82657,-0.602835,-0.51068,0.00375752,-1.18256,-0.253136,0.29944,-5.81938,-1.7138,4.08204,3.08016,-1.6146,0,0,0,0,0,0
26.5104,-1.79172,-0.550717,-0.50663,0.00452415,-1.24474,-0.282262,0.33884,-7.26142,-1.95415,4.18968,2.00376,-1.58148,0,0,0,0,0,0
26.5154,-1.76532,-0.486644,-0.512269,-0.0284794,-1.2945,-0.313448,0.16548,-6.72164,-1.40448,5.5476,2.78208,-1.47384,0,0,0,0,0,0
26.5202,-1.74528,-0.457356,-0.527907,-0.0597607,-1.33418,-0.347158,-0.22852,-5.86272,-1.45046,4.19796,1.85472,-1.4076,0,0,0,0,0,0
26.5252,-1.76041,-0.427437,-0.540197,-0.0665209,-1.31924,-0.381625,1.08744,-6.68618,-1.42329,4.71132,0.7452,-1.33308,0,0,0,0,0,0
26.5303,-1.80901,-0.395022,-0.553948,-0.0706955,-1.27268,-0.417518,1.19776,-6.21732,-1.45464,4.14,0.44712,-1.27512,0,0,0,0,0,0
26.5353,-1.85445,-0.381115,-0.566403,-0.0509526,-1.20077,-0.456054,0.98106,-6.0676,-1.5257,4.03236,-0.38916,-1.12608,0,0,0,0,0,0
26.5404,-1.92327,-0.376035,-0.586274,-0.0250259,-1.12401,-0.49689,2.17882,-5.96516,-1.15786,3.61836,0.10764,-1.08468,0,0,0,0,0,0
26.5455,-1.97978,-0.383479,-0.608589,-0.0151374,-1.08224,-0.543942,1.52478,-6.06366,-1.70126,4.7196,0.6624,-0.80316,0,0,0,0,0,0
26.5504,-2.01872,-0.419764,-0.642314,-0.00232646,-1.06115,-0.59529,1.39476,-4.55464,-0.52668,3.70944,0.98532,-0.77832,0,0,0,0,0,0
26.5553,-2.0758,-0.443466,-0.688192,0.0293974,-1.02068,-0.640038,2.01334,-6.70588,-1.11397,3.36996,-0.1656,-0.9522,0,0,0,0,0,0
26.5604,-2.13238,-0.436126,-0.714072,0.0378226,-0.972178,-0.679751,1.1229,-5.6933,-1.16413,4.86036,0.64584,-0.9522,0,0,0,0,0,0
26.5653,-2.15492,-0.449563,-0.728595,0.0432507,-0.966144,-0.718287,0.58312,-5.70118,-1.52152,3.88332,1.5318,-0.93564,0,0,0,0,0,0
26.5703,-2.16629,-0.454161,-0.739392,0.0731998,-0.968058,-0.751796,0.42158,-5.70512,-1.03246,3.41136,1.035,-1.0764,0,0,0,0,0,0
26.5755,-2.16046,-0.479282,-0.7533,0.122108,-0.988374,-0.779404,0.1773,-5.13776,-1.54451,3.27888,2.20248,-1.08468,0,0,0,0,0,0
26.5803,-2.15535,-0.519198,-0.766778,0.139691,-1.02251,-0.805776,0.13396,-5.06684,-1.00947,4.19796,1.63944,-1.06812,0,0,0,0,0,0
26.5853,-2.13711,-0.54931,-0.786508,0.137952,-1.04432,-0.830272,0.13396,-5.06684,-1.00947,4.19796,1.63944,-1.06812,0,0,0,0,0,0
26.5904,-2.11859,-0.572837,-0.801753,0.1225,-1.06581,-0.854881,-0.20488,-5.38204,-1.16204,4.66992,1.60632,-1.01844,0,0,0,0,0,0
26.5953,-2.08641,-0.580697,-0.81981,0.0867893,-1.07901,-0.878103,-0.27974,-5.88242,-1.00111,5.15016,1.34136,-1.10124,0,0,0,0,0,0
26.6005,-2.06028,-0.568297,-0.820466,0.0557973,-1.07545,-0.892917,-0.03546,-6.01638,-1.70126,4.50432,0.88596,-1.31652,0,0,0,0,0,0
26.6052,-2.06992,-0.545359,-0.807624,0.0201642,-1.05748,-0.903412,1.02046,-6.10306,-1.46509,5.4648,0.86112,-1.27512,0,0,0,0,0,0
26.6103,-2.09793,-0.50813,-0.804434,-0.00626081,-1.05008,-0.910311,0.57918,-7.0329,-1.43583,4.3056,1.2834,-1.44072,0,0,0,0,0,0
26.6151,-2.10602,-0.490626,-0.790563,-0.0438754,-1.04045,-0.91037,0.37824,-5.07078,-1.82248,6.05268,0.79488,-1.51524,0,0,0,0,0,0
26.6202,-2.12786,-0.526095,-0.792276,-0.0864869,-1.02895,-0.901327,0.8274,-5.66178,-1.32088,5.04252,1.1592,-1.80504,0,0,0,0,0,0
26.6255,-2.17714,-0.532441,-0.787295,-0.0869996,-1.01133,-0.883854,1.61146,-5.91,-1.86846,4.6782,0.63756,-1.92096,0,0,0,0,0,0
26.6301,-2.22075,-0.544137,-0.77381,-0.101632,-0.993287,-0.85931,0.591,-5.36234,-1.64065,5.0508,0.98532,-2.14452,0,0,0,0,0,0
26.6352,-2.2392,-0.572396,-0.752921,-0.103083,-0.98937,-0.828231,0.6895,-5.03138,-2.15479,4.33872,1.29996,-2.16936,0,0,0,0,0,0
26.6402,-2.28054,-0.609108,-0.742346,-0.0980718,-1.0091,-0.793424,1.23322,-4.71224,-1.04709,4.66164,1.9872,-2.30184,0,0,0,0,0,0
26.6452,-2.3067,-0.636396,-0.758097,-0.106624,-1.02964,-0.752493,0.70132,-5.55146,-1.14741,4.968,1.242,-2.4012,0,0,0,0,0,0
26.6502,-2.4138,-0.629251,-0.776256,-0.166534,-1.0414,-0.708671,4.6492,-6.66648,-1.15995,7.038,1.5318,-2.40948,0,0,0,0,0,0
26.6553,-2.51247,-0.580054,-0.783876,-0.200925,-1.06039,-0.654193,1.63904,-7.53328,-1.69708,4.33872,1.37448,-2.75724,0,0,0,0,0,0
26.6604,-2.50608,-0.579117,-0.80549,-0.191518,-1.06462,-0.592938,0.4137,-5.3781,-1.01574,5.41512,0.7038,-2.66616,0,0,0,0,0,0
26.6657,-2.46885,-0.626031,-0.839976,-0.147556,-1.05118,-0.53109,0.63828,-5.66178,-1.26236,3.2292,0.61272,-2.70756,0,0,0,0,0,0
26.6702,-2.4379,-0.658324,-0.857083,-0.128783,-1.02237,-0.461489,0.36642,-5.81544,-1.55287,5.589,0.00828,-2.94768,0,0,0,0,0,0
26.6753,-2.40797,-0.677733,-0.864516,-0.135789,-1.01351,-0.390407,0.45704,-6.51676,-1.8392,4.72788,1.4904,-2.78208,0,0,0,0,0,0
26.6803,-2.39248,-0.659122,-0.848723,-0.140804,-1.03415,-0.328079,0.52796,-6.6389,-1.99804,5.3406,1.33308,-2.63304,0,0,0,0,0,0
26.6852,-2.34273,-0.631237,-0.838153,-0.128807,-1.07212,-0.262435,-0.58312,-6.6783,-1.49435,4.11516,2.21076,-2.93112,0,0,0,0,0,0
26.6903,-2.31512,-0.587259,-0.833772,-0.113622,-1.11433,-0.191757,0.08668,-7.08018,-1.42956,4.11516,1.88784,-2.90628,0,0,0,0,0,0
26.6952,-2.3019,-0.56858,-0.826392,-0.105469,-1.14829,-0.124593,0.09062,-5.84302,-1.73052,4.38012,1.80504,-2.90628,0,0,0,0,0,0
26.7002,-2.29465,-0.53368,-0.824301,-0.122293,-1.17459,-0.0613566,-0.1576,-7.73028,-1.11606,5.61384,1.8216,-2.84832,0,0,0,0,0,0
26.7052,-2.31034,-0.492884,-0.834493,-0.142008,-1.21774,0.00312769,0.9259,-6.5798,-1.38985,4.81068,2.5668,-2.98908,0,0,0,0,0,0
26.7103,-2.32346,-0.486815,-0.854493,-0.139548,-1.2683,0.0697444,-0.0985,-6.64678,-0.88407,4.58712,2.1942,-3.00564,0,0,0,0,0,0
26.7153,-2.31465,-0.466277,-0.876801,-0.134243,-1.30287,0.1338,-0.0985,-6.64678,-0.88407,4.58712,2.1942,-3.00564,0,0,0,0,0,0
26.7204,-2.3405,-0.457847,-0.881574,-0.162818,-1.28777,0.194081,0.1773,-6.49312,-1.72216,5.796,0.14076,-3.07188,0,0,0,0,0,0
26.7252,-2.36994,-0.457557,-0.876818,-0.214862,-1.24394,0.251354,0.394,-6.3631,-1.34178,6.003,0.9936,-2.98908,0,0,0,0,0,0
26.7302,-2.39599,-0.442958,-0.889304,-0.251938,-1.23338,0.30569,0.60676,-7.45448,-1.21011,5.77944,1.25856,-3.01392,0,0,0,0,0,0
26.7352,-2.41265,-0.432236,-0.908469,-0.255972,-1.25401,0.357971,-0.26398,-6.42614,-1.09098,4.83552,2.43432,-2.94768,0,0,0,0,0,0
26.7401,-2.43538,-0.438817,-0.912192,-0.239285,-1.25502,0.405601,0.98894,-6.36704,-1.65528,4.98456,0.40572,-2.91456,0,0,0,0,0,0
26.7453,-2.46266,-0.442508,-0.903646,-0.22604,-1.21496,0.450714,0.98894,-6.36704,-1.65528,4.98456,0.40572,-2.91456,0,0,0,0,0,0
26.7504,-2.49253,-0.467777,-0.916295,-0.197972,-1.19178,0.496736,0.83134,-5.7524,-0.91333,3.99924,0.96876,-3.05532,0,0,0,0,0,0
26.7552,-2.50794,-0.495384,-0.956613,-0.164108,-1.19581,0.545179,0.1773,-6.60738,-0.58102,4.554,1.656,-3.03048,0,0,0,0,0,0
26.7602,-2.54652,-0.508635,-0.955855,-0.163084,-1.20374,0.594806,1.27656,-6.1858,-2.46202,5.33232,1.29996,-3.13812,0,0,0,0,0,0
26.7652,-2.58285,-0.524047,-0.93364,-0.203817,-1.22152,0.648293,0.53978,-6.60344,-1.64274,6.22656,1.99548,-3.1878,0,0,0,0,0,0
26.7704,-2.58392,-0.523592,-0.943731,-0.196715,-1.21162,0.698798,-0.08274,-6.86742,-1.03664,3.62664,0,-3.01392,0,0,0,0,0,0
26.7753,-2.58895,-0.489976,-0.95469,-0.202385,-1.17075,0.744661,0.85104,-7.6042,-1.28117,6.25968,0.5796,-2.95596,0,0,0,0,0,0
26.7802,-2.59112,-0.457034,-0.946544,-0.253786,-1.12768,0.79101,-0.11032,-6.96592,-1.91653,6.11892,-0.19872,-3.07188,0,0,0,0,0,0
26.7853,-2.58627,-0.444972,-0.925302,-0.287003,-1.1004,0.838756,0.394,-6.6586,-1.80158,5.51448,1.09296,-3.11328,0,0,0,0,0,0
26.7903,-2.55415,-0.458282,-0.91433,-0.303021,-1.1292,0.882363,-0.60676,-6.6783,-1.99595,5.98644,2.01204,-3.00564,0,0,0,0,0,0
26.7953,-2.53024,-0.459913,-0.891812,-0.314909,-1.14908,0.920276,0.32702,-6.80832,-2.08582,5.589,0.7452,-2.98908,0,0,0,0,0,0
26.8004,-2.51966,-0.482283,-0.876255,-0.284711,-1.15558,0.950235,0.04728,-6.08336,-1.96042,4.47948,1.4076,-2.70756,0,0,0,0,0,0
26.8054,-2.51643,-0.508781,-0.869239,-0.232247,-1.16719,0.982901,0.39794,-6.37492,-1.55705,3.7674,1.1592,-3.05532,0,0,0,0,0,0
26.8104,-2.52876,-0.531119,-0.871018,-0.21333,-1.17074,1.02012,0.62646,-6.18974,-1.5884,5.60556,1.00188,-2.92284,0,0,0,0,0,0
26.8152,-2.54628,-0.533095,-0.867428,-0.249966,-1.19387,1.0501,0.33884,-7.08806,-1.66155,5.99472,2.08656,-2.83176,0,0,0,0,0,0
26.8201,-2.57318,-0.515532,-0.866188,-0.284561,-1.21647,1.07396,0.79982,-7.31658,-1.61557,5.6304,1.05156,-2.75724,0,0,0,0,0,0
26.8252,-2.5916,-0.505951,-0.861032,-0.315182,-1.19814,1.09857,0.25216,-6.62314,-1.75978,6.16032,0.30636,-2.87316,0,0,0,0,0,0
26.8303,-2.63473,-0.511919,-0.842471,-0.341575,-1.14532,1.12544,0.98106,-6.58374,-2.12344,5.382,-0.14076,-2.79036,0,0,0,0,0,0
26.8355,-2.67226,-0.52796,-0.838869,-0.363371,-1.09855,1.14918,0.50826,-6.44584,-1.3376,6.18516,0.23184,-2.59992,0,0,0,0,0,0
26.8403,-2.70067,-0.551512,-0.850452,-0.361192,-1.07669,1.17585,0.64616,-6.38674,-1.54033,4.95972,0.89424,-2.74068,0,0,0,0,0,0
26.8454,-2.69919,-0.551401,-0.849271,-0.344783,-1.09048,1.20758,-0.19306,-7.34416,-1.7765,5.49792,1.4904,-2.64132,0,0,0,0,0,0
26.8504,-2.70164,-0.543959,-0.858191,-0.339629,-1.09835,1.24503,0.76436,-6.91076,-1.22474,4.761,0.55476,-2.80692,0,0,0,0,0,0
26.8553,-2.72447,-0.531391,-0.85674,-0.34357,-1.11053,1.28477,0.83528,-7.65936,-2.30109,5.65524,1.63116,-2.59164,0,0,0,0,0,0
26.8602,-2.73654,-0.501593,-0.832002,-0.36629,-1.10978,1.31958,0.27974,-7.35598,-2.06492,5.91192,0.10764,-2.43432,0,0,0,0,0,0
26.8651,-2.73624,-0.485614,-0.84231,-0.36026,-1.11337,1.35349,0.62252,-7.23778,-0.82973,4.21452,1.6146,-2.43432,0,0,0,0,0,0
26.8702,-2.74401,-0.464297,-0.873721,-0.371379,-1.13522,1.39131,0.13002,-7.6436,-1.06381,6.79788,1.1178,-2.45916,0,0,0,0,0,0
26.8752,-2.72731,-0.437542,-0.901096,-0.416362,-1.14696,1.43265,0.13002,-7.6436,-1.06381,6.79788,1.1178,-2.45916,0,0,0,0,0,0
26.8802,-2.75158,-0.433556,-0.912418,-0.45532,-1.14086,1.46565,1.31202,-7.1314,-1.9646,6.92208,0.28152,-2.04516,0,0,0,0,0,0
26.8852,-2.77412,-0.436259,-0.906164,-0.445678,-1.09201,1.48753,0.5122,-7.09594,-1.68872,4.66992,-0.89424,-1.91268,0,0,0,0,0,0
26.8902,-2.7737,-0.469533,-0.911489,-0.413676,-1.03163,1.5069,0.16942,-6.3434,-1.80785,5.19984,-0.33948,-1.89612,0,0,0,0,0,0
26.8952,-2.76096,-0.513691,-0.907925,-0.403694,-0.995159,1.52321,-0.2364,-6.13852,-1.79113,5.11704,0.0414,-1.76364,0,0,0,0,0,0
26.9004,-2.75665,-0.53816,-0.915384,-0.388038,-0.995091,1.54134,0.32702,-7.6436,-1.54869,4.29732,1.2006,-1.87128,0,0,0,0,0,0
26.9053,-2.74058,-0.539707,-0.922109,-0.339762,-1.03224,1.56155,-0.52796,-6.53252,-1.42329,3.24576,1.62288,-1.78848,0,0,0,0,0,0
26.9103,-2.71517,-0.537612,-0.924249,-0.310362,-1.05032,1.57795,-0.4925,-6.98956,-1.20802,4.57884,0.68724,-1.67256,0,0,0,0,0,0
26.9154,-2.71192,-0.519301,-0.937552,-0.3311,-1.05686,1.59245,-0.30338,-6.9935,-0.6897,5.48136,1.25856,-1.70568,0,0,0,0,0,0
26.9204,-2.72183,-0.51563,-0.933657,-0.341461,-1.06067,1.6035,-0.42552,-6.46554,-1.97296,4.33872,0.77004,-1.54836,0,0,0,0,0,0
26.9254,-2.71075,-0.511284,-0.908244,-0.333886,-1.06588,1.6085,-1.0047,-6.37098,-1.2331,4.71132,1.3248,-1.449,0,0,0,0,0,0
26.9304,-2.72853,-0.505261,-0.90451,-0.355563,-1.09257,1.60812,0.40188,-6.18974,-0.80883,5.26608,1.92096,-1.30824,0,0,0,0,0,0
26.9353,-2.71827,-0.499182,-0.910609,-0.371407,-1.09989,1.60784,-2.14336,-6.51676,-0.90288,5.10048,0.50508,-1.3248,0,0,0,0,0,0
26.9401,-2.73898,-0.455921,-0.876509,-0.454155,-1.10289,1.60427,1.70996,-7.73816,-2.48501,8.52012,1.70568,-1.035,0,0,0,0,0,0
26.9453,-2.87999,-0.343292,-0.821548,-0.550017,-1.10919,1.59302,2.4231,-9.42448,-1.72216,6.69852,1.01844,-0.75348,0,0,0,0,0,0
26.9504,-2.98985,-0.26737,-0.803229,-0.554547,-1.12883,1.57729,1.55236,-7.93122,-2.07955,5.12532,1.68084,-0.621,0,0,0,0,0,0
26.9552,-3.03605,-0.239853,-0.776963,-0.542534,-1.14324,1.567,0.591,-8.26218,-2.68774,6.2928,0.47196,-0.81972,0,0,0,0,0,0
26.9602,-3.04012,-0.266646,-0.749693,-0.53697,-1.1202,1.55999,0.48068,-6.45372,-2.78179,5.4648,-0.21528,-0.58788,0,0,0,0,0,0
26.9652,-3.03913,-0.293542,-0.735618,-0.510246,-1.09468,1.54728,0.50826,-8.274,-2.22794,5.37372,0.09936,-0.46368,0,0,0,0,0,0
26.9703,-3.0319,-0.296638,-0.74876,-0.467467,-1.09614,1.53279,0.96924,-7.85242,-1.86428,4.81896,0.88596,-0.3726,0,0,0,0,0,0
26.9752,-3.04191,-0.325644,-0.766851,-0.459359,-1.10332,1.51661,0.70132,-7.59238,-2.20704,6.25968,0.1656,-0.28152,0,0,0,0,0,0
26.9803,-3.02898,-0.366091,-0.777297,-0.446588,-1.09177,1.49831,0.20488,-7.3087,-2.18823,4.77756,0.01656,-0.22356,0,0,0,0,0,0
26.9853,-3.01046,-0.403988,-0.799127,-0.421267,-1.06371,1.48247,0.38218,-7.81696,-1.78277,5.73804,-0.55476,-0.34776,0,0,0,0,0,0
26.9903,-2.98026,-0.420577,-0.814823,-0.431747,-1.04434,1.46786,-0.29944,-8.077,-2.31781,6.10236,0.25668,-0.1656,0,0,0,0,0,0
26.9952,-2.96283,-0.394247,-0.80938,-0.436467,-1.04605,1.44689,0.81952,-9.2787,-2.41813,5.6304,0.52164,0.02484,0,0,0,0,0,0
27.0002,-2.95269,-0.368021,-0.803182,-0.418084,-1.0596,1.42108,0.01576,-8.14398,-2.38469,4.95144,0.621,0.17388,-0,-0,-0,-0,-0,-0
27.0054,-2.90105,-0.359414,-0.793863,-0.38216,-1.07936,1.39628,0.01576,-8.14398,-2.38469,4.95144,0.621,0.17388,-0,-0,-0,-0,-0,-0
27.0103,-2.8844,-0.353978,-0.776101,-0.387128,-1.08485,1.37547,0.4925,-8.27794,-2.8424,6.53292,-0.06624,0.14904,-0,-0,-0,-0,-0,-0
27.0152,-2.84802,-0.342137,-0.748796,-0.419365,-1.07572,1.36233,0.4925,-8.27794,-2.8424,6.53292,-0.06624,0.14904,-0,-0,-0,-0,-0,-0
27.0203,-2.84528,-0.32398,-0.735245,-0.455281,-1.04868,1.35769,1.17018,-8.95562,-2.43485,6.76476,-0.81144,0.11592,-0,-0,-0,-0,-0,-0
27.0254,-2.83823,-0.312505,-0.744728,-0.506028,-1.03206,1.35939,0.03546,-8.06124,-1.84547,7.59276,0.27324,0.10764,-0,-0,-0,-0,-0,-0
27.0304,-2.80897,-0.274376,-0.755455,-0.531452,-1.01575,1.36187,0.10244,-9.7318,-2.1109,6.19344,-0.52992,0.29808,-0,-0,-0,-0,-0,-0
27.0353,-2.80165,-0.203321,-0.744209,-0.530267,-0.998495,1.36297,0.79982,-9.42054,-2.64803,5.48136,-0.00828,0.25668,-0,-0,-0,-0,-0,-0
27.0402,-2.79373,-0.190005,-0.742217,-0.522363,-0.97409,1.36507,-0.2955,-7.76968,-2.00013,6.44184,-0.828,0.44712,-0,-0,-0,-0,-0,-0
27.0454,-2.77718,-0.199796,-0.765006,-0.507309,-0.925163,1.3736,0.24428,-8.96744,-1.87264,5.19156,-1.15092,0.31464,-0,-0,-0,-0,-0,-0
27.0504,-2.77668,-0.195557,-0.781221,-0.507715,-0.889795,1.38899,0.67374,-8.40402,-2.26556,6.49152,-0.46368,0.34776,-0,-0,-0,-0,-0,-0
27.0554,-2.77545,-0.22058,-0.811001,-0.546885,-0.911084,1.40553,0.8668,-8.00214,-1.45882,7.1208,0.96048,0.39744,-0,-0,-0,-0,-0,-0
27.0603,-2.76604,-0.257079,-0.835059,-0.58465,-0.945853,1.42153,0.32308,-7.93122,-2.56652,6.35076,0.2484,0.52164,-0,-0,-0,-0,-0,-0
27.0654,-2.752,-0.301365,-0.828963,-0.616596,-0.945971,1.4352,0.30732,-7.54116,-2.68774,7.41888,-0.55476,0.5382,-0,-0,-0,-0,-0,-0
27.0703,-2.7505,-0.36365,-0.84868,-0.656616,-0.947535,1.44391,0.78406,-7.1511,-1.51107,7.5348,0.3312,0.68724,-0,-0,-0,-0,-0,-0
27.0753,-2.74014,-0.402426,-0.876913,-0.659225,-0.979271,1.44682,-0.12214,-8.02972,-1.94161,5.77116,0.9522,0.79488,-0,-0,-0,-0,-0,-0
27.0803,-2.72803,-0.432197,-0.890465,-0.636903,-1.00308,1.4436,0.54766,-7.60026,-2.17987,5.98644,-0.1242,0.94392,-0,-0,-0,-0,-0,-0
27.0853,-2.72557,-0.443061,-0.902568,-0.627765,-1.00255,1.43934,-0.02364,-8.4316,-1.67827,5.95332,0.05796,0.84456,-0,-0,-0,-0,-0,-0
27.0902,-2.70382,-0.454613,-0.910835,-0.598433,-0.990368,1.42952,0.13002,-7.19444,-2.1109,4.77756,-0.58788,1.20888,-0,-0,-0,-0,-0,-0
27.0952,-2.68161,-0.475356,-0.923791,-0.583223,-0.966608,1.41245,-0.08274,-8.33704,-1.68036,6.59088,-0.61272,1.20888,-0,-0,-0,-0,-0,-0
27.1002,-2.65934,-0.485182,-0.928852,-0.606124,-0.954417,1.38813,0.12608,-7.77756,-2.52681,6.44184,-0.15732,1.56492,-0,-0,-0,-0,-0,-0
27.1052,-2.64541,-0.471925,-0.910617,-0.635228,-0.961935,1.35342,0.31126,-8.89652,-2.44321,6.82272,0.24012,1.73052,-0,-0,-0,-0,-0,-0
27.1104,-2.64488,-0.406903,-0.877652,-0.679477,-0.940432,1.31514,0,-9.74362,-2.926,7.2036,-1.29996,1.80504,-0,-0,-0,-0,-0,-0
27.1155,-2.62657,-0.332325,-0.848346,-0.716855,-0.900572,1.27354,0.18124,-9.46782,-2.41186,6.96348,-0.75348,1.92924,-0,-0,-0,-0,-0,-0
27.1203,-2.62889,-0.281,-0.829381,-0.714837,-0.849556,1.22763,0.67374,-9.17626,-2.63549,5.63868,-1.81332,2.08656,-0,-0,-0,-0,-0,-0
27.1252,-2.64328,-0.247565,-0.836679,-0.704828,-0.805182,1.17919,0.79588,-9.3181,-1.63647,6.75648,-0.83628,2.14452,-0,-0,-0,-0,-0,-0
27.1302,-2.62993,-0.250168,-0.83125,-0.694128,-0.799859,1.12952,-0.197,-7.99426,-3.40461,5.53932,-0.36432,2.29356,-0,-0,-0,-0,-0,-0
27.1352,-2.58361,-0.271977,-0.781477,-0.661703,-0.802169,1.07985,-0.197,-7.99426,-3.40461,5.53932,-0.36432,2.29356,-0,-0,-0,-0,-0,-0
27.1403,-2.58871,-0.28707,-0.771497,-0.686331,-0.768042,1.02859,0.59888,-8.43554,-1.69917,7.72524,-1.92096,2.45916,-0,-0,-0,-0,-0,-0
27.1454,-2.58291,-0.288291,-0.799265,-0.7479,-0.70283,0.975548,0.59888,-8.43554,-1.69917,7.72524,-1.92096,2.45916,-0,-0,-0,-0,-0,-0
27.1504,-2.64296,-0.274376,-0.807345,-0.811522,-0.658109,0.917389,2.58858,-9.3969,-2.6543,7.9488,-1.15092,2.691,-0,-0,-0,-0,-0,-0
27.1552,-2.65838,-0.277432,-0.799849,-0.845229,-0.646173,0.855772,0.00394,-8.5498,-3.04931,6.9966,-1.02672,2.69928,-0,-0,-0,-0,-0,-0
27.1603,-2.59717,-0.293864,-0.791128,-0.827031,-0.640627,0.794654,-0.16154,-9.22354,-3.02632,5.81256,-1.33308,2.7738,-0,-0,-0,-0,-0,-0
27.1652,-2.55611,-0.29973,-0.789488,-0.795227,-0.614405,0.731642,0.66586,-9.1802,-2.85912,6.42528,-1.9044,2.92284,-0,-0,-0,-0,-0,-0
27.1703,-2.53513,-0.305462,-0.793218,-0.753035,-0.566958,0.66944,0.0788,-9.1605,-2.74626,5.64696,-2.18592,2.95596,-0,-0,-0,-0,-0,-0
27.1753,-2.49349,-0.315663,-0.804726,-0.710396,-0.538049,0.607402,0.28762,-8.97926,-2.5707,6.28452,-1.29168,3.12984,-0,-0,-0,-0,-0,-0
27.1803,-2.47807,-0.345511,-0.810709,-0.673671,-0.548238,0.54309,0.1576,-8.53404,-3.10992,5.5062,-0.55476,3.2706,-0,-0,-0,-0,-0,-0
27.1854,-2.44135,-0.382584,-0.823426,-0.624131,-0.564502,0.480513,-0.2561,-8.5892,-2.25929,5.89536,-0.9936,3.36168,-0,-0,-0,-0,-0,-0
27.1903,-2.4059,-0.378238,-0.829038,-0.617502,-0.56484,0.418743,-0.01576,-9.75938,-3.04931,7.08768,-1.14264,3.44448,-0,-0,-0,-0,-0,-0
27.1955,-2.38903,-0.375248,-0.833581,-0.624926,-0.576916,0.366391,0.26398,-8.61284,-2.30945,6.75648,-0.28152,3.1464,-0,-0,-0,-0,-0,-0
27.2003,-2.35361,-0.34537,-0.829056,-0.638947,-0.611542,0.315284,-0.97318,-10.5119,-3.14754,6.77304,-0.1242,3.53556,-0,-0,-0,-0,-0,-0
27.2055,-2.30836,-0.281518,-0.806129,-0.669783,-0.640214,0.263968,0.03546,-9.93668,-2.97616,6.98832,-0.5796,3.36168,-0,-0,-0,-0,-0,-0
27.2105,-2.30113,-0.272487,-0.811314,-0.711863,-0.660958,0.21354,0.04334,-8.5104,-2.08582,7.22016,-0.4968,3.6432,-0,-0,-0,-0,-0,-0
27.2157,-2.29774,-0.255364,-0.812755,-0.734662,-0.690634,0.162297,0.20094,-9.9288,-2.89047,6.42528,0.09108,3.61008,-0,-0,-0,-0,-0,-0
27.2203,-2.27048,-0.207171,-0.796807,-0.734435,-0.734777,0.114424,0.20094,-9.9288,-2.89047,6.42528,0.09108,3.61008,-0,-0,-0,-0,-0,-0
27.2253,-2.26726,-0.194882,-0.785545,-0.731581,-0.751395,0.0724143,0.4728,-8.61678,-2.76089,6.3342,-1.01844,3.45276,-0,-0,-0,-0,-0,-0
27.2305,-2.26042,-0.211549,-0.791686,-0.765618,-0.771576,0.0392026,-0.04728,-8.89652,-2.27392,8.04816,0.05796,3.33684,-0,-0,-0,-0,-0,-0
27.2354,-2.24257,-0.238477,-0.813142,-0.801796,-0.782912,0.0159492,-0.6501,-8.274,-2.08373,6.68196,-1.43244,3.11328,-0,-0,-0,-0,-0,-0
27.2405,-2.1845,-0.29096,-0.847797,-0.793723,-0.765065,0.000191851,-0.6501,-8.274,-2.08373,6.68196,-1.43244,3.11328,-0,-0,-0,-0,-0,-0
27.2454,-2.18133,-0.34854,-0.873452,-0.781176,-0.747162,-0.010475,1.01652,-8.43554,-2.68565,6.5412,-1.58976,2.90628,-0,-0,-0,-0,-0,-0
27.2502,-2.21072,-0.373582,-0.877767,-0.758789,-0.713306,-0.012558,0.22064,-9.04624,-2.63758,5.90364,-2.07828,2.71584,-0,-0,-0,-0,-0,-0
27.2553,-2.18747,-0.372828,-0.879379,-0.720448,-0.670152,-0.00960751,0.22064,-9.04624,-2.63758,5.90364,-2.07828,2.71584,-0,-0,-0,-0,-0,-0
27.2603,-2.17356,-0.364432,-0.889122,-0.698895,-0.668704,-0.00640538,0.3152,-9.2393,-2.18405,6.48324,-0.27324,2.68272,-0,-0,-0,-0,-0,-0
27.2652,-2.18179,-0.378584,-0.886399,-0.696101,-0.664249,0.00363509,0.42552,-7.94698,-3.06812,6.21828,-2.12796,2.40948,-0,-0,-0,-0,-0,-0
27.2704,-2.19677,-0.398468,-0.864906,-0.707631,-0.628347,0.0249044,0.48068,-9.11322,-3.09738,7.37748,-1.76364,2.16936,-0,-0,-0,-0,-0,-0
27.2752,-2.18377,-0.391205,-0.844405,-0.736846,-0.603027,0.0504916,0.48068,-9.11322,-3.09738,7.37748,-1.76364,2.16936,-0,-0,-0,-0,-0,-0
27.2806,-2.18659,-0.374511,-0.828229,-0.774731,-0.588528,0.0721597,0.27186,-9.68058,-2.94063,7.91568,-1.25028,2.277,-0,-0,-0,-0,-0,-0
27.2854,-2.17013,-0.339944,-0.818939,-0.816779,-0.547431,0.0919229,0.11032,-10.1691,-3.02005,7.4106,-3.2292,2.2356,-0,-0,-0,-0,-0,-0
27.2904,-2.16383,-0.271431,-0.777923,-0.819215,-0.491121,0.11228,0.59494,-10.5474,-3.90412,6.06096,-1.89612,2.17764,-0,-0,-0,-0,-0,-0
27.2953,-2.16671,-0.210181,-0.760483,-0.828262,-0.446827,0.140618,0.63434,-11.2999,-2.85076,8.08128,-2.97252,1.87956,-0,-0,-0,-0,-0,-0
27.3003,-2.15709,-0.172451,-0.750145,-0.857958,-0.405678,0.182249,-0.13002,-9.49146,-3.53001,6.88896,-2.02032,1.54008,-0,-0,-0,-0,-0,-0
27.3053,-2.14178,-0.175215,-0.744731,-0.856196,-0.402001,0.239004,0.59494,-10.1613,-2.98034,6.96348,-1.51524,1.14264,-0,-0,-0,-0,-0,-0
27.3103,-2.13789,-0.167551,-0.755889,-0.893728,-0.426574,0.303927,0.09456,-9.62542,-2.63131,8.08128,-0.828,1.06812,-0,-0,-0,-0,-0,-0
27.3153,-2.10036,-0.181957,-0.783205,-0.929259,-0.464874,0.368319,0.09456,-9.62542,-2.63131,8.08128,-0.828,1.06812,-0,-0,-0,-0,-0,-0
27.3203,-2.06866,-0.201483,-0.813456,-0.95118,-0.500521,0.429888,0.09456,-9.62542,-2.63131,8.08128,-0.828,1.06812,-0,-0,-0,-0,-0,-0
27.3254,-2.06745,-0.23147,-0.833582,-0.952523,-0.489719,0.489404,0.77224,-9.27476,-3.10156,7.37748,-2.88144,1.01844,-0,-0,-0,-0,-0,-0
27.3302,-2.04638,-0.263498,-0.840201,-0.921017,-0.472864,0.554089,-0.50432,-9.11716,-2.98034,6.06924,-1.35792,0.7038,-0,-0,-0,-0,-0,-0
27.3353,-2.03746,-0.278199,-0.840386,-0.883327,-0.49478,0.620357,0.9259,-9.79484,-3.18725,6.8724,-1.20888,0.81144,-0,-0,-0,-0,-0,-0
27.3403,-2.05387,-0.280571,-0.858145,-0.866189,-0.496435,0.681945,0.10244,-9.80666,-2.20077,6.32592,-2.3598,0.77004,-0,-0,-0,-0,-0,-0
27.3453,-2.02009,-0.266925,-0.863492,-0.856023,-0.495981,0.735633,-0.61858,-9.74362,-3.29384,7.15392,-1.23372,0.9936,-0,-0,-0,-0,-0,-0
27.3505,-1.95755,-0.255383,-0.845204,-0.872595,-0.518396,0.781778,-0.61858,-9.74362,-3.29384,7.15392,-1.23372,0.9936,-0,-0,-0,-0,-0,-0
27.3553,-1.95745,-0.242907,-0.836824,-0.916056,-0.534669,0.820205,1.55236,-9.92092,-2.90092,8.073,-1.54008,1.21716,-0,-0,-0,-0,-0,-0
27.3606,-1.97167,-0.213646,-0.830587,-0.952324,-0.559175,0.837315,-0.40976,-10.8941,-3.44014,6.86412,-1.10952,1.83816,-0,-0,-0,-0,-0,-0
27.3653,-1.91142,-0.15584,-0.809478,-0.966301,-0.587187,0.839941,-0.40976,-10.8941,-3.44014,6.86412,-1.10952,1.83816,-0,-0,-0,-0,-0,-0
27.3703,-1.88033,-0.126597,-0.784676,-0.994404,-0.596069,0.834502,0.22458,-9.57814,-3.52165,7.26156,-1.7802,2.16936,-0,-0,-0,-0,-0,-0
27.3756,-1.89353,-0.114572,-0.761094,-1.01871,-0.617848,0.809971,0.47674,-10.0588,-3.35236,7.34436,-0.68724,2.67444,-0,-0,-0,-0,-0,-0
27.3802,-1.87081,-0.111073,-0.756658,-1.03471,-0.669181,0.776691,0.47674,-10.0588,-3.35236,7.34436,-0.68724,2.67444,-0,-0,-0,-0,-0,-0
27.3852,-1.85078,-0.12711,-0.765973,-1.04887,-0.709656,0.745221,0.28762,-9.58602,-2.97825,7.37748,-1.19232,2.65788,-0,-0,-0,-0,-0,-0
27.3902,-1.84633,-0.153557,-0.786827,-1.07931,-0.741824,0.708705,0.46492,-10.3346,-3.24577,8.42076,-1.25028,2.96424,-0,-0,-0,-0,-0,-0
27.3952,-1.83129,-0.177108,-0.811568,-1.08452,-0.771041,0.664671,-0.09062,-9.48752,-2.65012,6.51636,-1.08468,3.07188,-0,-0,-0,-0,-0,-0
27.4002,-1.82612,-0.227189,-0.83301,-1.05355,-0.794411,0.615481,0.14184,-8.27794,-2.75462,5.82912,-1.2834,3.2292,-0,-0,-0,-0,-0,-0
27.4052,-1.80094,-0.284086,-0.842097,-1.00356,-0.807525,0.565428,0.14184,-8.27794,-2.75462,5.82912,-1.2834,3.2292,-0,-0,-0,-0,-0,-0
27.4102,-1.78921,-0.304838,-0.83293,-0.964742,-0.797703,0.518895,0.197,-9.42448,-3.28966,6.25968,-2.24388,3.15468,-0,-0,-0,-0,-0,-0
27.4153,-1.79078,-0.319837,-0.820856,-0.971836,-0.787875,0.471595,0.26004,-8.66012,-2.86539,7.23672,-1.58976,3.32856,-0,-0,-0,-0,-0,-0
27.4206,-1.77138,-0.351566,-0.821577,-0.984514,-0.789559,0.423305,0.26004,-8.66012,-2.86539,7.23672,-1.58976,3.32856,-0,-0,-0,-0,-0,-0
27.4254,-1.76394,-0.378108,-0.837147,-0.97434,-0.784691,0.377975,0.41764,-9.01866,-2.31363,6.48324,-1.9872,3.28716,-0,-0,-0,-0,-0,-0
27.4302,-1.74515,-0.392372,-0.863578,-0.943708,-0.77292,0.336478,0.41764,-9.01866,-2.31363,6.48324,-1.9872,3.28716,-0,-0,-0,-0,-0,-0
27.4354,-1.71559,-0.413118,-0.877355,-0.919248,-0.796634,0.301402,-0.90226,-8.61284,-2.72954,6.69852,-0.5382,3.08016,-0,-0,-0,-0,-0,-0
27.4403,-1.68271,-0.438518,-0.893154,-0.940043,-0.821906,0.270917,0.55948,-8.67194,-2.0482,7.33608,-1.97064,3.16296,-0,-0,-0,-0,-0,-0
27.4455,-1.65224,-0.446478,-0.902968,-0.887122,-0.839434,0.244991,-0.55554,-8.20702,-2.28228,3.03876,-0.47196,2.94768,-0,-0,-0,-0,-0,-0
27.4503,-1.59547,-0.416109,-0.865261,-0.884515,-0.823727,0.224319,-0.70526,-9.57814,-3.67422,8.67744,-3.23748,2.98908,-0,-0,-0,-0,-0,-0
27.4555,-1.56555,-0.342124,-0.803575,-1.04984,-0.786118,0.198216,0.09456,-10.4095,-3.55927,10.3003,-1.43244,3.24576,-0,-0,-0,-0,-0,-0
27.4603,-1.55936,-0.277884,-0.768819,-1.19191,-0.778604,0.180785,0.3546,-10.6774,-3.51538,9.11628,-2.30184,2.691,-0,-0,-0,-0,-0,-0
27.4653,-1.55345,-0.216699,-0.733991,-1.27533,-0.766486,0.175504,-0.3546,-11.2329,-4.15074,8.53668,-1.9458,2.74068,-0,-0,-0,-0,-0,-0
27.4702,-1.5284,-0.183347,-0.694742,-1.33897,-0.762913,0.174737,-0.18912,-10.5119,-4.3681,8.9424,-2.16108,2.5668,-0,-0,-0,-0,-0,-0
27.4754,-1.50832,-0.156019,-0.670233,-1.35449,-0.771842,0.179322,-0.2364,-11.1935,-3.70766,6.51636,-1.55664,2.54196,-0,-0,-0,-0,-0,-0
27.4805,-1.46272,-0.16956,-0.657889,-1.36578,-0.777463,0.182354,-1.1426,-9.1999,-4.15283,8.9424,-2.4012,2.61648,-0,-0,-0,-0,-0,-0
27.4852,-1.4228,-0.184366,-0.66773,-1.41078,-0.77493,0.189646,-0.0788,-10.8665,-2.64594,8.71884,-2.00376,2.32668,-0,-0,-0,-0,-0,-0
27.4903,-1.39423,-0.16894,-0.676193,-1.40564,-0.796948,0.209327,-0.59888,-10.4528,-4.13611,6.97176,-1.18404,2.06172,-0,-0,-0,-0,-0,-0
27.4954,-1.37322,-0.167716,-0.665283,-1.37284,-0.832118,0.23808,-0.02364,-10.2873,-3.48821,7.2864,-1.54008,1.87956,-0,-0,-0,-0,-0,-0
27.5005,-1.36187,-0.152478,-0.654871,-1.35385,-0.839534,0.273061,0.08668,-11.7215,-4.5562,7.452,-2.45088,1.7388,-0,-0,-0,-0,-0,-0
27.5053,-1.37313,-0.118219,-0.629247,-1.34114,-0.813519,0.312452,0.89438,-11.0872,-4.1382,7.37748,-3.03048,1.58148,-0,-0,-0,-0,-0,-0
27.5102,-1.37536,-0.115623,-0.614636,-1.33572,-0.771303,0.361976,-0.59888,-10.5868,-4.22807,8.23032,-3.22092,1.23372,-0,-0,-0,-0,-0,-0
27.5152,-1.35488,-0.131523,-0.624885,-1.34486,-0.711885,0.420784,0.24822,-10.5159,-3.25413,7.6176,-3.9744,1.10124,-0,-0,-0,-0,-0,-0
27.5205,-1.32806,-0.145814,-0.646493,-1.33594,-0.652941,0.486337,-1.02834,-10.4489,-3.62615,6.93036,-3.27888,0.81972,-0,-0,-0,-0,-0,-0
27.5254,-1.26048,-0.161379,-0.660555,-1.30487,-0.614168,0.555228,-1.02834,-10.4489,-3.62615,6.93036,-3.27888,0.81972,-0,-0,-0,-0,-0,-0
27.5305,-1.21892,-0.178529,-0.678245,-1.2696,-0.589787,0.621743,-0.22458,-10.2755,-3.38162,6.77304,-2.8152,0.77832,-0,-0,-0,-0,-0,-0
27.5355,-1.21593,-0.219034,-0.699028,-1.23729,-0.580852,0.685994,0.4728,-9.56632,-3.51538,7.19532,-2.64132,0.75348,-0,-0,-0,-0,-0,-0
27.5404,-1.19561,-0.246105,-0.701445,-1.22512,-0.554559,0.74678,-0.71314,-10.4843,-4.02534,7.58448,-3.66804,0.83628,-0,-0,-0,-0,-0,-0
27.5455,-1.16973,-0.213497,-0.696992,-1.23463,-0.509448,0.794931,0.18912,-11.6624,-3.45477,7.87428,-3.46932,1.15092,-0,-0,-0,-0,-0,-0
27.5502,-1.14927,-0.175174,-0.711009,-1.2435,-0.470274,0.819037,-0.42946,-11.1344,-3.4694,7.67556,-3.6432,1.76364,-0,-0,-0,-0,-0,-0
27.5552,-1.10818,-0.143382,-0.709415,-1.23501,-0.428901,0.820873,-0.70132,-11.3551,-4.03788,7.13736,-3.6018,2.05344,-0,-0,-0,-0,-0,-0
27.5603,-1.0857,-0.0845528,-0.691207,-1.21833,-0.398168,0.810969,0.03546,-12.2219,-4.08595,6.97176,-3.30372,2.2356,-0,-0,-0,-0,-0,-0
27.5652,-1.05523,-0.0215466,-0.669523,-1.22426,-0.374548,0.789284,-0.87862,-11.4024,-4.07132,8.073,-3.28716,2.5668,-0,-0,-0,-0,-0,-0
27.5706,-1.00319,-0.0148664,-0.654915,-1.23048,-0.359594,0.750864,-0.83134,-10.4095,-4.15492,7.34436,-3.20436,2.99736,-0,-0,-0,-0,-0,-0
27.5754,-0.982355,-0.00605848,-0.642463,-1.23105,-0.32174,0.70711,0.24034,-11.5009,-3.94174,7.36092,-4.37184,2.88972,-0,-0,-0,-0,-0,-0
27.5803,-0.980533,0.00153443,-0.62595,-1.25682,-0.268591,0.657696,-0.18518,-10.6301,-4.54784,8.8182,-3.99096,3.33684,-0,-0,-0,-0,-0,-0
27.5854,-0.944518,0.000784762,-0.619495,-1.27797,-0.235732,0.600453,-1.19382,-11.0005,-3.48821,6.79788,-3.4776,3.37824,-0,-0,-0,-0,-0,-0
27.5903,-0.90964,-0.0243136,-0.625624,-1.25437,-0.206571,0.544539,-0.06304,-9.51904,-3.96473,6.51636,-4.0158,3.36996,-0,-0,-0,-0,-0,-0
27.5954,-0.888608,-0.0609827,-0.629313,-1.28327,-0.202626,0.489293,-0.52008,-10.8192,-3.8456,8.76852,-2.59164,3.4776,-0,-0,-0,-0,-0,-0
27.6004,-0.842611,-0.105216,-0.620874,-1.33811,-0.213819,0.431807,-1.03622,-9.40478,-4.6607,8.13924,-3.52728,3.62664,-0,-0,-0,-0,-0,-0
27.6055,-0.815702,-0.149884,-0.613226,-1.355,-0.216208,0.376065,-0.09456,-10.047,-3.4694,7.22016,-2.84004,3.52728,-0,-0,-0,-0,-0,-0
27.6103,-0.800936,-0.183795,-0.629588,-1.34016,-0.20499,0.327911,-0.42158,-10.2085,-3.84978,7.00488,-4.29732,3.41136,-0,-0,-0,-0,-0,-0
27.6154,-0.779442,-0.186256,-0.634321,-1.33001,-0.174942,0.284278,-0.4728,-10.8902,-3.67213,7.5762,-3.5604,3.46104,-0,-0,-0,-0,-0,-0
27.6203,-0.755082,-0.190617,-0.62834,-1.34354,-0.186912,0.256374,-0.5122,-10.1888,-4.33884,8.00676,-2.55024,2.8152,-0,-0,-0,-0,-0,-0
27.6255,-0.739402,-0.238383,-0.626861,-1.35662,-0.237457,0.250736,-0.26004,-9.45206,-3.76409,7.63416,-1.93752,2.59164,-0,-0,-0,-0,-0,-0
27.6304,-0.734244,-0.267932,-0.625682,-1.36486,-0.276971,0.248076,-0.11426,-10.4134,-4.11103,8.1558,-2.83176,2.71584,-0,-0,-0,-0,-0,-0
27.6353,-0.722826,-0.265897,-0.607129,-1.39181,-0.30182,0.245048,-0.4925,-10.3346,-4.19881,8.33796,-2.32668,2.64132,-0,-0,-0,-0,-0,-0
27.6404,-0.710172,-0.265316,-0.607077,-1.38745,-0.310069,0.249006,-0.1773,-10.7995,-3.62824,6.60744,-3.75912,2.37636,-0,-0,-0,-0,-0,-0
27.6453,-0.707181,-0.222027,-0.603673,-1.4158,-0.293652,0.252055,0.23246,-12.4622,-4.4935,9.99396,-3.48588,2.6496,-0,-0,-0,-0,-0,-0
27.6503,-0.698397,-0.175765,-0.591064,-1.49064,-0.277019,0.259858,-0.50432,-11.6427,-4.48723,9.45576,-3.98268,2.21076,-0,-0,-0,-0,-0,-0
27.6553,-0.670663,-0.157778,-0.584523,-1.51095,-0.259858,0.271501,-0.83922,-11.4181,-4.3263,7.94052,-3.61836,2.45916,-0,-0,-0,-0,-0,-0
27.6603,-0.632166,-0.143738,-0.580891,-1.48569,-0.247803,0.277416,-0.83922,-11.4181,-4.3263,7.94052,-3.61836,2.45916,-0,-0,-0,-0,-0,-0
27.6652,-0.606621,-0.131475,-0.568809,-1.46774,-0.243201,0.302718,-0.50826,-11.099,-4.52694,8.28828,-3.3534,1.54008,-0,-0,-0,-0,-0,-0
27.6703,-0.580311,-0.151183,-0.570221,-1.45276,-0.261182,0.348126,-0.78012,-10.4528,-3.97936,7.33608,-2.898,1.54008,-0,-0,-0,-0,-0,-0
27.6752,-0.532132,-0.170729,-0.574432,-1.42286,-0.275871,0.393463,-1.43416,-11.1226,-4.47051,7.2036,-3.55212,1.47384,-0,-0,-0,-0,-0,-0
27.6802,-0.467799,-0.189344,-0.559167,-1.41553,-0.286792,0.452264,-1.72572,-10.4292,-4.84671,8.10612,-3.09672,0.81972,-0,-0,-0,-0,-0,-0
27.6853,-0.392863,-0.229063,-0.540462,-1.43392,-0.302813,0.523731,-1.72572,-10.4292,-4.84671,8.10612,-3.09672,0.81972,-0,-0,-0,-0,-0,-0
27.6904,-0.349557,-0.252673,-0.550075,-1.43756,-0.312214,0.589981,-0.71314,-10.9099,-3.45059,7.1208,-3.46104,0.89424,-0,-0,-0,-0,-0,-0
27.6954,-0.303526,-0.268119,-0.564537,-1.42915,-0.334657,0.640474,-1.73754,-10.3701,-4.37019,7.64244,-2.55852,1.33308,-0,-0,-0,-0,-0,-0
27.7006,-0.264453,-0.295103,-0.572576,-1.41363,-0.365455,0.670591,-0.67374,-10.0864,-3.56554,6.831,-2.91456,1.67256,-0,-0,-0,-0,-0,-0
27.7055,-0.230955,-0.293087,-0.581152,-1.41263,-0.38572,0.680796,-1.46962,-11.1896,-4.05251,8.5698,-2.87316,2.16108,-0,-0,-0,-0,-0,-0
27.7103,-0.189113,-0.271893,-0.570812,-1.43441,-0.389572,0.664606,-1.17806,-10.6735,-4.25106,7.70868,-3.67632,2.7738,-0,-0,-0,-0,-0,-0
27.7154,-0.147839,-0.255511,-0.56213,-1.41649,-0.372408,0.624097,-1.50902,-10.6104,-3.762,6.83928,-3.6432,3.20436,-0,-0,-0,-0,-0,-0
27.7202,-0.106275,-0.237326,-0.560218,-1.43064,-0.349743,0.571923,-1.20958,-10.8823,-4.02534,9.08316,-3.99096,3.36168,-0,-0,-0,-0,-0,-0
27.7252,-0.0721098,-0.219068,-0.541922,-1.46719,-0.339269,0.515867,-1.3199,-10.7483,-4.58755,8.13096,-3.105,3.4362,-0,-0,-0,-0,-0,-0
27.7302,-0.0352039,-0.173026,-0.527585,-1.47578,-0.339768,0.454545,-1.36718,-11.8633,-3.68258,7.6176,-3.51072,3.70116,-0,-0,-0,-0,-0,-0
27.7353,0.01131,-0.131158,-0.540861,-1.47322,-0.358123,0.386963,-1.69026,-11.3275,-3.86023,7.47684,-2.5668,3.87504,-0,-0,-0,-0,-0,-0
27.7402,0.0580949,-0.0946746,-0.545599,-1.48039,-0.40266,0.314745,-1.49326,-11.887,-4.07968,7.98192,-2.4426,4.07376,-0,-0,-0,-0,-0,-0
27.7455,0.0998511,-0.041787,-0.538462,-1.48546,-0.408615,0.236896,-1.6154,-11.686,-4.16955,7.17048,-4.14,4.2642,-0,-0,-0,-0,-0,-0
27.7503,0.143505,-0.00881919,-0.521212,-1.46106,-0.401869,0.169216,-1.5563,-11.1423,-4.56665,7.34436,-2.92284,3.84192,-0,-0,-0,-0,-0,-0
27.7555,0.184137,-0.0189598,-0.504223,-1.44604,-0.410078,0.116361,-1.6942,-10.181,-4.40363,7.17048,-3.71772,3.75084,-0,-0,-0,-0,-0,-0
27.7605,0.24048,-0.0175073,-0.496975,-1.43918,-0.393772,0.0713333,-2.2458,-11.4339,-4.07759,7.7832,-3.933,3.6432,-0,-0,-0,-0,-0,-0
27.7653,0.305249,0.0013909,-0.483298,-1.45477,-0.391016,0.0372074,-2.14336,-11.0753,-4.73385,8.42904,-3.16296,3.41964,-0,-0,-0,-0,-0,-0
27.7702,0.365667,-0.00314126,-0.484576,-1.45155,-0.417891,0.01587,-2.19852,-11.0005,-3.79544,7.17876,-2.79864,3.17124,-0,-0,-0,-0,-0,-0
27.7754,0.442682,-0.0259831,-0.493554,-1.43411,-0.447577,0.016648,-2.9747,-10.2795,-4.38482,7.42716,-3.08016,2.51712,-0,-0,-0,-0,-0,-0
27.7803,0.558797,-0.0511675,-0.485842,-1.42899,-0.450646,0.0247878,-4.0385,-10.8429,-4.55829,7.2036,-4.02408,2.78208,-0,-0,-0,-0,-0,-0
27.7853,0.713438,-0.102457,-0.472912,-1.4332,-0.438421,0.0288399,-4.94076,-9.21172,-4.65234,8.1558,-3.66804,2.69928,-0,-0,-0,-0,-0,-0
27.7902,0.895403,-0.131106,-0.471117,-1.43505,-0.431591,0.0337563,-5.78786,-11.1187,-3.77454,6.93864,-3.8088,2.71584,-0,-0,-0,-0,-0,-0
27.7952,1.08498,-0.137427,-0.481927,-1.43057,-0.407735,0.0495044,-6.07942,-10.2676,-4.18627,7.48512,-4.4298,2.20248,-0,-0,-0,-0,-0,-0
27.8004,1.24574,-0.165242,-0.484791,-1.42848,-0.367348,0.0769447,-6.07942,-10.2676,-4.18627,7.48512,-4.4298,2.20248,-0,-0,-0,-0,-0,-0
27.8053,1.34831,-0.181283,-0.483534,-1.45094,-0.332424,0.106202,-5.98486,-10.6577,-4.29913,8.75196,-4.35528,2.05344,-0,-0,-0,-0,-0,-0
27.8102,1.37362,-0.190629,-0.488466,-1.46874,-0.30228,0.151087,-5.63026,-10.1652,-3.63033,7.37748,-4.3884,1.42416,-0,-0,-0,-0,-0,-0
27.8154,1.33649,-0.216121,-0.512914,-1.45287,-0.268911,0.208581,-5.63026,-10.1652,-3.63033,7.37748,-4.3884,1.42416,-0,-0,-0,-0,-0,-0
27.8203,1.2834,-0.218657,-0.49245,-1.46329,-0.253188,0.264281,-6.33158,-11.0478,-5.59284,8.3628,-3.86676,1.34964,-0,-0,-0,-0,-0,-0
27.8254,1.23239,-0.211817,-0.454997,-1.47011,-0.250088,0.319445,-6.16216,-10.4843,-4.36183,7.22844,-3.82536,1.33308,-0,-0,-0,-0,-0,-0
27.8304,1.17379,-0.200323,-0.454872,-1.47615,-0.257271,0.36918,-6.17004,-11.2408,-3.971,7.9902,-3.4776,1.48212,-0,-0,-0,-0,-0,-0
27.8353,1.11659,-0.174225,-0.467755,-1.47955,-0.270437,0.402628,-6.1858,-11.5048,-3.98981,7.68384,-3.6432,1.9458,-0,-0,-0,-0,-0,-0
27.8403,1.07909,-0.124937,-0.469785,-1.47885,-0.261927,0.404903,-6.93834,-12.0485,-4.27196,7.46028,-4.46292,2.7324,-0,-0,-0,-0,-0,-0
27.8453,1.06457,-0.0962534,-0.471811,-1.46971,-0.254426,0.38736,-7.11958,-10.898,-4.12357,7.38576,-3.54384,2.8152,-0,-0,-0,-0,-0,-0
27.8502,1.02235,-0.112371,-0.489486,-1.47051,-0.271552,0.360943,-5.70906,-10.8902,-3.99817,8.0316,-3.63492,3.12984,-0,-0,-0,-0,-0,-0
27.8553,0.96604,-0.120005,-0.495517,-1.46949,-0.258429,0.318593,-6.4419,-10.7404,-4.34093,7.17876,-4.73616,3.54384,-0,-0,-0,-0,-0,-0
27.8603,0.939779,-0.137212,-0.480502,-1.45013,-0.221429,0.264468,-6.80044,-10.244,-4.75266,6.93864,-4.68648,3.726,-0,-0,-0,-0,-0,-0
27.8653,0.91816,-0.147648,-0.473803,-1.4405,-0.205605,0.198445,-6.698,-10.9611,-4.02325,7.7832,-3.87504,4.19796,-0,-0,-0,-0,-0,-0
27.8705,0.902257,-0.151993,-0.475657,-1.44274,-0.211587,0.126364,-6.93834,-10.7483,-4.52903,7.62588,-3.87504,4.12344,-0,-0,-0,-0,-0,-0
27.8753,0.894706,-0.166395,-0.468575,-1.48386,-0.207393,0.0624201,-7.02108,-10.5395,-4.44334,9.13284,-4.37184,3.99096,-0,-0,-0,-0,-0,-0
27.8803,0.872338,-0.180498,-0.456358,-1.50831,-0.184193,0.00470289,-6.39462,-10.5947,-4.67742,7.66728,-4.64508,4.00752,-0,-0,-0,-0,-0,-0
27.8853,0.851003,-0.213256,-0.461704,-1.50063,-0.156036,-0.0460987,-6.93046,-9.80272,-3.8038,7.7004,-4.70304,3.82536,-0,-0,-0,-0,-0,-0
27.8905,0.84556,-0.259356,-0.486402,-1.52236,-0.123858,-0.0871908,-7.12746,-10.1573,-3.97518,8.57808,-4.94316,3.67632,-0,-0,-0,-0,-0,-0
27.8952,0.836253,-0.291002,-0.499024,-1.52714,-0.0872793,-0.111154,-6.56404,-10.2361,-4.21344,7.17048,-4.95144,3.22092,-0,-0,-0,-0,-0,-0
27.9004,0.797792,-0.293729,-0.494741,-1.50212,-0.03848,-0.12483,-6.02032,-10.6104,-4.23434,6.64884,-5.35716,3.28716,-0,-0,-0,-0,-0,-0
27.9052,0.755288,-0.290772,-0.496774,-1.47833,0.0211213,-0.141403,-6.05578,-10.0667,-3.70557,6.44184,-5.53104,3.36168,-0,-0,-0,-0,-0,-0
27.9102,0.706661,-0.277297,-0.476582,-1.44881,0.0925962,-0.145432,-5.64996,-10.6459,-4.9533,6.81444,-5.81256,2.80692,-0,-0,-0,-0,-0,-0
27.9154,0.65991,-0.271156,-0.452694,-1.4498,0.155845,-0.131787,-5.86272,-9.66482,-3.75782,7.63416,-5.35716,2.5668,-0,-0,-0,-0,-0,-0
27.9202,0.625905,-0.27506,-0.464296,-1.43697,0.189481,-0.115938,-5.91,-10.3504,-3.54464,6.7896,-4.7196,2.67444,-0,-0,-0,-0,-0,-0
27.9252,0.59312,-0.23793,-0.457007,-1.37589,0.206972,-0.0876231,-5.64208,-11.296,-4.38482,5.05908,-4.6782,1.93752,-0,-0,-0,-0,-0,-0
27.9303,0.556658,-0.191492,-0.439632,-1.28786,0.22142,-0.0441195,-5.64208,-11.296,-4.38482,5.05908,-4.6782,1.93752,-0,-0,-0,-0,-0,-0
27.9354,0.51856,-0.168593,-0.441028,-1.22087,0.221408,0.0049725,-5.44902,-10.3583,-3.65959,5.43168,-4.32216,1.56492,-0,-0,-0,-0,-0,-0
27.9402,0.552456,-0.121374,-0.443056,-1.21877,0.217746,0.0500598,-8.59708,-11.6151,-3.75364,7.659,-4.42152,2.00376,-0,-0,-0,-0,-0,-0
27.9453,0.643019,-0.0660902,-0.453497,-1.25725,0.219891,0.0853426,-8.59708,-11.6151,-3.75364,7.659,-4.42152,2.00376,-0,-0,-0,-0,-0,-0
27.9502,0.677311,-0.0171841,-0.472807,-1.30828,0.23313,0.134491,-6.4813,-11.8082,-3.57599,8.43732,-5.10048,1.30824,-0,-0,-0,-0,-0,-0
27.9552,0.655281,0.0310039,-0.47736,-1.34602,0.269608,0.18704,-6.33158,-11.7609,-4.43916,7.659,-5.44824,1.72224,-0,-0,-0,-0,-0,-0
27.9604,0.669106,0.0302444,-0.464721,-1.36787,0.313047,0.217176,-8.04942,-10.1691,-4.58546,7.4934,-5.61384,2.20248,-0,-0,-0,-0,-0,-0
27.9652,0.713729,0.0317138,-0.452321,-1.40526,0.363316,0.231433,-7.69088,-11.6427,-4.35347,8.50356,-5.77944,2.3598,-0,-0,-0,-0,-0,-0
27.9705,0.718034,0.0540768,-0.448185,-1.45277,0.409624,0.223861,-6.43796,-11.3433,-4.37855,8.21376,-5.589,3.105,-0,-0,-0,-0,-0,-0
27.9752,0.72811,0.0704063,-0.440759,-1.48437,0.457933,0.190884,-8.02578,-11.556,-4.64398,8.29656,-6.05268,3.51072,-0,-0,-0,-0,-0,-0
27.9803,0.770923,0.0941701,-0.402881,-1.48633,0.49434,0.14737,-7.99032,-11.5481,-5.63882,7.50168,-5.12532,3.59352,-0,-0,-0,-0,-0,-0
27.9853,0.777805,0.0936496,-0.38217,-1.51196,0.514798,0.101528,-6.39068,-10.8389,-4.16328,9.1908,-5.56416,3.69288,-0,-0,-0,-0,-0,-0
27.9902,0.759296,0.0674862,-0.395621,-1.52696,0.5303,0.0563881,-6.8753,-10.9532,-4.47887,7.18704,-5.12532,3.65976,-0,-0,-0,-0,-0,-0
27.9953,0.777417,0.0347918,-0.396206,-1.53099,0.537966,0.00528774,-7.68694,-10.1022,-4.52067,7.98192,-5.30748,4.03236,-0,-0,-0,-0,-0,-0
28.0005,0.805711,0.0168937,-0.384079,-1.55104,0.54842,-0.0565351,-7.5254,-10.7995,-4.56247,8.29656,-4.90176,4.23936,-0,-0,-0,-0,-0,-0
28.0053,0.809983,-0.00996957,-0.396566,-1.55792,0.540387,-0.11428,-6.60344,-10.1179,-3.74737,7.46028,-4.8438,3.9744,-0,-0,-0,-0,-0,-0
28.0103,0.81095,-0.0269139,-0.430072,-1.57001,0.546461,-0.155468,-7.34416,-11.4536,-3.8038,8.01504,-5.56416,3.65148,-0,-0,-0,-0,-0,-0
28.0152,0.813191,-0.0137762,-0.426148,-1.563,0.575194,-0.180233,-6.69012,-10.9493,-5.02227,6.57432,-5.69664,3.34512,-0,-0,-0,-0,-0,-0
28.0202,0.808877,-0.0154593,-0.419141,-1.55051,0.597668,-0.19984,-6.9541,-11.0793,-4.12357,7.5762,-5.43168,3.49416,-0,-0,-0,-0,-0,-0
28.0254,0.825773,-0.0323192,-0.427178,-1.55032,0.632386,-0.205164,-7.61602,-10.3504,-4.38064,7.55964,-6.28452,2.8152,-0,-0,-0,-0,-0,-0
28.0303,0.836149,-0.050534,-0.424748,-1.5477,0.687731,-0.200223,-6.7965,-11.0793,-4.63144,7.87428,-6.40044,3.05532,-0,-0,-0,-0,-0,-0
28.0352,0.841661,-0.0424784,-0.407765,-1.54777,0.729115,-0.192269,-7.46236,-10.9493,-4.68996,7.60932,-5.63868,2.69928,-0,-0,-0,-0,-0,-0
28.0405,0.866509,-0.0317105,-0.39806,-1.55472,0.755913,-0.161242,-7.56086,-11.2448,-4.35974,7.94052,-5.92848,2.0286,-0,-0,-0,-0,-0,-0
28.0453,0.885322,0.00527832,-0.396531,-1.56893,0.808581,-0.108258,-7.24566,-12.0288,-4.2636,7.80804,-6.69852,1.66428,-0,-0,-0,-0,-0,-0
28.0502,0.90973,0.0593062,-0.390082,-1.57425,0.879162,-0.0458539,-7.77756,-11.8397,-4.48932,7.6176,-6.88068,1.50696,-0,-0,-0,-0,-0,-0
28.0553,0.914002,0.115109,-0.357711,-1.56439,0.938602,0.0313018,-6.6192,-11.7648,-5.10378,7.09596,-6.11064,0.91908,-0,-0,-0,-0,-0,-0
28.0603,0.921533,0.137904,-0.349496,-1.57422,0.982143,0.109052,-7.87606,-10.6656,-3.6366,8.59464,-6.49152,1.30824,-0,-0,-0,-0,-0,-0
28.0654,0.958662,0.171824,-0.334507,-1.59382,1.03271,0.171664,-7.83666,-11.7806,-5.06616,7.245,-6.34248,1.42416,-0,-0,-0,-0,-0,-0
28.0704,0.964917,0.172508,-0.330896,-1.5823,1.07459,0.224025,-6.67436,-9.9682,-3.64078,7.05456,-6.40872,1.58148,-0,-0,-0,-0,-0,-0
28.0753,0.939184,0.125158,-0.341332,-1.59209,1.10298,0.244054,-6.37098,-10.1928,-4.78401,7.77492,-5.97816,2.67444,-0,-0,-0,-0,-0,-0
28.0804,0.938267,0.107004,-0.326138,-1.61337,1.1158,0.226791,-7.66724,-10.7995,-4.5353,7.39404,-5.72148,3.1464,-0,-0,-0,-0,-0,-0
28.0852,0.967361,0.0749961,-0.350806,-1.63446,1.11699,0.197457,-7.57662,-10.114,-3.40879,8.26344,-5.68008,3.22092,-0,-0,-0,-0,-0,-0
28.0904,0.986884,0.0535172,-0.367477,-1.62299,1.12413,0.165456,-7.48994,-10.6144,-4.45797,6.21,-5.8374,3.29544,-0,-0,-0,-0,-0,-0
28.0954,0.994131,0.013132,-0.361438,-1.60087,1.11599,0.124117,-6.96986,-9.3969,-4.51858,7.23672,-5.08392,3.73428,-0,-0,-0,-0,-0,-0
28.1003,1.01387,-0.0190098,-0.360002,-1.5979,1.08768,0.0806093,-7.89576,-10.0628,-3.75155,6.90552,-4.8024,3.4776,-0,-0,-0,-0,-0,-0
28.1052,1.0304,-0.0739409,-0.385456,-1.6002,1.05119,0.0442791,-7.10382,-9.01078,-3.70975,7.66728,-4.761,3.49416,-0,-0,-0,-0,-0,-0
28.1103,1.03281,-0.126569,-0.388411,-1.59233,1.00868,0.0117106,-7.32052,-10.2282,-4.90732,6.85584,-4.66164,3.37824,-0,-0,-0,-0,-0,-0
28.1153,1.04545,-0.145724,-0.387649,-1.56896,0.960491,-0.012756,-7.44266,-10.3425,-3.8247,6.75648,-4.35528,3.21264,-0,-0,-0,-0,-0,-0
28.1204,1.07868,-0.155525,-0.409213,-1.56167,0.90599,-0.0233642,-8.25036,-10.6932,-4.02325,7.9488,-4.32216,2.82348,-0,-0,-0,-0,-0,-0
28.1255,1.08813,-0.161026,-0.420924,-1.57036,0.858865,-0.0194818,-6.51282,-10.244,-4.0337,7.68384,-4.47948,2.691,-0,-0,-0,-0,-0,-0
28.1302,1.05645,-0.173938,-0.430592,-1.57021,0.82119,-0.0121677,-6.51282,-10.244,-4.0337,7.68384,-4.47948,2.691,-0,-0,-0,-0,-0,-0
28.1353,1.05489,-0.194176,-0.40543,-1.55854,0.780327,0.00741885,-7.70664,-9.5348,-5.44654,6.88068,-4.36356,2.09484,-0,-0,-0,-0,-0,-0
28.1402,1.07763,-0.23463,-0.351272,-1.52933,0.741717,0.040745,-7.70664,-9.5348,-5.44654,6.88068,-4.36356,2.09484,-0,-0,-0,-0,-0,-0
28.1455,1.10825,-0.258028,-0.328765,-1.52435,0.697596,0.0708668,-8.01002,-10.1534,-4.0546,7.62588,-4.12344,2.17764,-0,-0,-0,-0,-0,-0
28.1505,1.17542,-0.234961,-0.338971,-1.58191,0.656745,0.0943214,-9.33386,-11.6466,-4.07341,9.53028,-4.48776,2.30184,-0,-0,-0,-0,-0,-0
28.1551,1.24102,-0.177261,-0.335585,-1.60501,0.625119,0.145757,-8.20308,-11.4536,-4.48305,6.76476,-4.29732,0.9522,-0,-0,-0,-0,-0,-0
28.1604,1.27066,-0.134872,-0.327252,-1.55862,0.592523,0.227122,-8.20308,-11.4536,-4.48305,6.76476,-4.29732,0.9522,-0,-0,-0,-0,-0,-0
28.1656,1.29692,-0.117783,-0.326718,-1.53963,0.560819,0.302181,-8.1164,-10.4962,-4.21971,7.79976,-4.41324,1.08468,-0,-0,-0,-0,-0,-0
28.1704,1.31165,-0.0992738,-0.33971,-1.52526,0.542481,0.372303,-7.64754,-11.426,-3.85814,6.64884,-4.75272,0.97704,-0,-0,-0,-0,-0,-0
28.1755,1.33958,-0.0683263,-0.368795,-1.50017,0.531693,0.429892,-8.69952,-11.0438,-3.45059,7.39404,-4.62024,1.50696,-0,-0,-0,-0,-0,-0
28.1802,1.36633,-0.0539433,-0.379937,-1.49046,0.515223,0.449919,-7.62784,-10.8941,-4.71086,7.23672,-4.49604,2.50056,-0,-0,-0,-0,-0,-0
28.1852,1.37418,-0.0442988,-0.355631,-1.50397,0.500246,0.443549,-7.7421,-10.2322,-4.55202,8.1144,-4.36356,2.57508,-0,-0,-0,-0,-0,-0
28.1902,1.39188,-0.0568821,-0.367572,-1.5427,0.487711,0.418349,-8.18338,-10.6459,-3.58226,8.2386,-4.69476,3.25404,-0,-0,-0,-0,-0,-0
28.1952,1.39816,-0.050631,-0.382953,-1.52048,0.485914,0.3702,-7.16686,-10.7207,-4.18418,5.55588,-4.52916,3.61836,-0,-0,-0,-0,-0,-0
28.2004,1.39197,-0.0358443,-0.378192,-1.50151,0.489428,0.317728,-7.62784,-10.5316,-4.1382,7.75008,-4.56228,3.48588,-0,-0,-0,-0,-0,-0
28.2053,1.38598,-0.0301094,-0.358276,-1.51182,0.492726,0.266298,-7.11958,-10.1455,-4.74221,6.9138,-4.27248,3.70116,-0,-0,-0,-0,-0,-0
28.2103,1.37198,-0.0351994,-0.340569,-1.51286,0.496071,0.206215,-7.09988,-9.70422,-3.8665,7.30296,-4.25592,3.96612,-0,-0,-0,-0,-0,-0
28.2153,1.37668,-0.0756043,-0.356576,-1.52021,0.508011,0.154925,-7.92334,-8.97138,-3.53001,7.02972,-4.48776,3.51072,-0,-0,-0,-0,-0,-0
28.2203,1.40089,-0.0752801,-0.343782,-1.5138,0.532839,0.131635,-7.86424,-10.6616,-4.65234,6.50808,-4.23108,2.8566,-0,-0,-0,-0,-0,-0
28.2252,1.40661,-0.0605366,-0.338585,-1.52974,0.546184,0.128784,-6.90682,-10.1849,-3.59062,7.84116,-3.82536,2.62476,-0,-0,-0,-0,-0,-0
28.2303,1.38688,-0.0501719,-0.352609,-1.56052,0.56867,0.134021,-6.90682,-10.1849,-3.59062,7.84116,-3.82536,2.62476,-0,-0,-0,-0,-0,-0
28.2352,1.3964,-0.0496005,-0.367995,-1.56964,0.60432,0.141239,-8.04548,-9.51116,-3.41715,7.00488,-3.85848,2.55024,-0,-0,-0,-0,-0,-0
28.2403,1.42091,-0.0483448,-0.360253,-1.5522,0.640944,0.152019,-7.86424,-10.0194,-4.41199,6.46668,-3.28716,2.4426,-0,-0,-0,-0,-0,-0
28.2453,1.44814,-0.0264842,-0.339612,-1.54435,0.673819,0.180523,-8.3134,-10.4213,-4.02116,7.05456,-3.30372,1.67256,-0,-0,-0,-0,-0,-0
28.2503,1.48181,0.000490848,-0.330447,-1.54988,0.704771,0.230501,-8.22672,-10.6222,-4.10058,7.54308,-2.84004,1.44072,-0,-0,-0,-0,-0,-0
28.2553,1.51268,0.0139908,-0.338284,-1.56628,0.730111,0.272361,-8.31734,-9.7121,-3.24577,7.3278,-2.84004,1.91268,-0,-0,-0,-0,-0,-0
28.2603,1.53816,0.0172026,-0.339703,-1.55807,0.748058,0.327297,-8.01396,-10.311,-4.42244,6.56604,-2.26872,0.81144,-0,-0,-0,-0,-0,-0
28.2654,1.56061,0.0367729,-0.318397,-1.56695,0.752256,0.391179,-8.2937,-10.2361,-4.11312,7.69212,-1.97892,1.41588,-0,-0,-0,-0,-0,-0
28.2703,1.5781,0.02854,-0.333207,-1.60896,0.739857,0.420341,-7.80908,-9.8303,-3.34818,8.23032,-1.59804,2.18592,-0,-0,-0,-0,-0,-0
28.2752,1.59207,0.0276214,-0.342679,-1.62345,0.71226,0.418944,-8.06518,-10.181,-4.09222,6.78132,-1.035,2.72412,-0,-0,-0,-0,-0,-0
28.2803,1.60778,0.0533763,-0.352682,-1.61225,0.678305,0.380826,-8.18338,-11.1226,-3.39625,6.96348,-1.05984,3.73428,-0,-0,-0,-0,-0,-0
28.2852,1.63419,0.0853268,-0.345584,-1.61419,0.640132,0.328819,-8.39614,-10.2755,-4.67742,7.31124,-0.38916,3.38652,-0,-0,-0,-0,-0,-0
28.2902,1.64267,0.0935336,-0.330105,-1.64719,0.581112,0.271807,-7.47024,-10.3346,-3.89367,8.28,0.14076,4.04064,-0,-0,-0,-0,-0,-0
28.2952,1.62615,0.0702832,-0.339787,-1.66514,0.52653,0.202784,-7.1905,-8.8059,-3.55509,6.9138,-0.14076,4.06548,-0,-0,-0,-0,-0,-0
28.3002,1.62342,0.0523266,-0.350535,-1.63573,0.488216,0.137901,-7.9982,-10.2282,-3.62824,5.93676,0.1242,3.98268,-0,-0,-0,-0,-0,-0
28.3056,1.64398,0.0512507,-0.351562,-1.62672,0.443056,0.0810464,-8.43948,-9.30234,-3.83097,7.88256,0.85284,3.85848,-0,-0,-0,-0,-0,-0
28.3104,1.67408,-0.00923993,-0.350915,-1.62109,0.395382,0.0332366,-8.44736,-7.96668,-3.93129,6.57432,0.79488,3.71772,-0,-0,-0,-0,-0,-0
28.3155,1.68976,-0.0561094,-0.355803,-1.57469,0.373633,0.0208984,-7.76574,-9.68058,-3.54882,5.74632,0.46368,2.41776,-0,-0,-0,-0,-0,-0
28.3203,1.68977,-0.0543561,-0.363614,-1.51988,0.37872,0.0389794,-7.76574,-9.68058,-3.54882,5.74632,0.46368,2.41776,-0,-0,-0,-0,-0,-0
28.3253,1.70525,-0.0492765,-0.347425,-1.51598,0.389483,0.0442111,-8.30552,-9.45994,-4.48305,7.3278,0.75348,2.94768,-0,-0,-0,-0,-0,-0
28.3302,1.71452,-0.0655847,-0.344652,-1.53692,0.386084,0.0615433,-7.67906,-9.05806,-3.14127,7.56792,1.52352,1.9458,-0,-0,-0,-0,-0,-0
28.3352,1.70941,-0.0976336,-0.376466,-1.5605,0.376698,0.101589,-7.67906,-9.05806,-3.14127,7.56792,1.52352,1.9458,-0,-0,-0,-0,-0,-0
28.3403,1.71695,-0.143935,-0.402108,-1.55654,0.385459,0.132498,-8.14398,-8.50646,-3.50911,6.21828,1.1592,2.28528,-0,-0,-0,-0,-0,-0
28.3454,1.74584,-0.181111,-0.406639,-1.55981,0.40165,0.15733,-8.6483,-9.04624,-3.82261,8.12268,1.62288,2.14452,-0,-0,-0,-0,-0,-0
28.3503,1.77352,-0.225333,-0.43227,-1.56466,0.413673,0.203157,-8.22672,-8.66012,-2.88629,6.64884,1.35792,1.31652,-0,-0,-0,-0,-0,-0
28.3553,1.78204,-0.254536,-0.440958,-1.55752,0.42584,0.264415,-7.6633,-9.45206,-4.41617,7.47684,1.78848,1.34136,-0,-0,-0,-0,-0,-0
28.3602,1.78573,-0.267868,-0.421137,-1.56786,0.441959,0.304891,-8.077,-9.11322,-4.0128,7.29468,1.41588,2.14452,-0,-0,-0,-0,-0,-0
28.3652,1.79233,-0.267973,-0.417027,-1.56476,0.45766,0.31287,-7.82484,-9.73968,-3.52374,6.88068,1.9044,2.67444,-0,-0,-0,-0,-0,-0
28.3702,1.79878,-0.257177,-0.42777,-1.54791,0.463006,0.29358,-8.0573,-9.39296,-3.2186,6.2514,2.0286,3.26232,-0,-0,-0,-0,-0,-0
28.3752,1.82138,-0.245092,-0.432293,-1.53106,0.464837,0.241796,-8.5301,-9.47964,-3.61152,6.5826,2.13624,4.07376,-0,-0,-0,-0,-0,-0
28.3802,1.85073,-0.231849,-0.427557,-1.51441,0.467445,0.173313,-8.5301,-9.47964,-3.61152,6.5826,2.13624,4.07376,-0,-0,-0,-0,-0,-0
28.3852,1.87228,-0.244159,-0.424407,-1.5012,0.474043,0.110121,-8.18338,-8.32128,-3.5948,6.59916,1.93752,3.90816,-0,-0,-0,-0,-0,-0
28.3903,1.88045,-0.286066,-0.436227,-1.51727,0.477825,0.0538727,-8.14004,-8.42766,-3.0932,7.92396,2.21076,3.94956,-0,-0,-0,-0,-0,-0
28.3952,1.89638,-0.298234,-0.432221,-1.54265,0.489981,-0.00226867,-8.45524,-9.32992,-4.18,7.05456,1.656,4.04892,-0,-0,-0,-0,-0,-0
28.4003,1.9356,-0.256152,-0.388067,-1.53935,0.532059,-0.0366643,-9.062,-9.653,-4.09013,6.42528,1.3248,3.1464,-0,-0,-0,-0,-0,-0
28.4055,1.92903,-0.216624,-0.368586,-1.55746,0.587439,-0.0384501,-6.39462,-9.14474,-3.16217,7.79148,1.00188,2.691,-0,-0,-0,-0,-0,-0
28.4102,1.86638,-0.196937,-0.371818,-1.59927,0.647351,-0.0286161,-6.39462,-9.14474,-3.16217,7.79148,1.00188,2.691,-0,-0,-0,-0,-0,-0
28.4153,1.8266,-0.179398,-0.3704,-1.61509,0.694168,-0.0205241,-7.18262,-9.1605,-3.40043,6.48324,1.44072,2.75724,-0,-0,-0,-0,-0,-0
28.4204,1.80877,-0.16321,-0.364052,-1.61623,0.730719,-0.00633436,-7.30476,-9.18414,-3.45477,7.68384,1.3248,2.36808,-0,-0,-0,-0,-0,-0
28.4252,1.8045,-0.146074,-0.34196,-1.57682,0.778242,0.0317899,-7.49388,-8.58526,-3.69512,4.47948,1.06812,1.67256,-0,-0,-0,-0,-0,-0
28.4303,1.79363,-0.172524,-0.33461,-1.50644,0.822681,0.0822984,-6.94228,-7.48994,-3.04095,5.77944,1.242,1.72224,-0,-0,-0,-0,-0,-0
28.4353,1.78655,-0.221944,-0.358405,-1.47472,0.853813,0.142792,-7.37174,-7.45448,-2.26974,6.15204,1.58148,1.10124,-0,-0,-0,-0,-0,-0
28.4403,1.78547,-0.245242,-0.366975,-1.43565,0.866306,0.200911,-7.12746,-8.23854,-3.43805,5.10048,2.07,1.64772,-0,-0,-0,-0,-0,-0
28.4453,1.76935,-0.253135,-0.376423,-1.36837,0.866751,0.234828,-6.61526,-7.86818,-2.07119,4.49604,2.12796,2.04516,-0,-0,-0,-0,-0,-0
28.4506,1.79424,-0.243755,-0.383696,-1.39472,0.851584,0.226736,-8.81378,-8.51434,-3.2395,8.80992,2.84832,3.36996,-0,-0,-0,-0,-0,-0
28.4555,1.95707,-0.221407,-0.370507,-1.47135,0.824924,0.179658,-12.7065,-8.63254,-3.17053,7.452,2.6082,3.82536,-0,-0,-0,-0,-0,-0
28.4604,2.0725,-0.219539,-0.377953,-1.49549,0.799947,0.121356,-7.64754,-8.3528,-2.76925,6.93036,2.64132,3.98268,-0,-0,-0,-0,-0,-0
28.4655,2.07819,-0.237015,-0.381169,-1.47625,0.77379,0.0683545,-8.43948,-8.20308,-3.62824,5.89536,2.6082,3.77568,-0,-0,-0,-0,-0,-0
28.4703,2.0742,-0.272466,-0.369826,-1.45972,0.748936,0.0134837,-7.56874,-7.83272,-3.58226,6.88068,2.57508,4.18968,-0,-0,-0,-0,-0,-0
28.4753,2.05112,-0.30089,-0.369317,-1.48639,0.713389,-0.0388672,-7.72634,-8.67194,-3.27294,7.79148,3.12984,3.74256,-0,-0,-0,-0,-0,-0
28.4803,2.01428,-0.305395,-0.364466,-1.4976,0.681138,-0.0729161,-6.86742,-8.18732,-3.37326,6.27624,2.69928,3.52728,-0,-0,-0,-0,-0,-0
28.4853,2.00407,-0.33314,-0.369212,-1.50642,0.649863,-0.0969093,-8.66406,-7.76574,-2.97825,7.55964,3.08844,3.3948,-0,-0,-0,-0,-0,-0
28.4905,2.01316,-0.343055,-0.378704,-1.51433,0.624299,-0.0969157,-7.88788,-8.89258,-3.13918,6.45012,2.5254,2.5668,-0,-0,-0,-0,-0,-0
28.4952,2.0126,-0.320351,-0.366159,-1.49352,0.620573,-0.0807558,-8.14398,-8.74286,-3.64287,6.27624,2.33496,2.69928,-0,-0,-0,-0,-0,-0
28.5003,2.04165,-0.292799,-0.356301,-1.48171,0.627216,-0.059205,-9.35356,-9.12898,-3.04513,6.57432,2.1114,2.277,-0,-0,-0,-0,-0,-0
28.5054,2.08463,-0.230246,-0.32722,-1.51833,0.651044,-0.0074954,-8.69558,-9.66482,-4.01698,8.4456,1.81332,1.3662,-0,-0,-0,-0,-0,-0
28.5103,2.08228,-0.181877,-0.316759,-1.56069,0.672367,0.0538165,-7.30476,-8.84924,-2.49128,7.17048,2.07828,1.7388,-0,-0,-0,-0,-0,-0
28.5153,2.0646,-0.161127,-0.335238,-1.53791,0.683808,0.119632,-7.93516,-8.86106,-2.9678,5.88708,2.1114,1.09296,-0,-0,-0,-0,-0,-0
28.5204,2.08212,-0.177286,-0.332943,-1.5182,0.688181,0.197037,-8.77832,-7.35204,-3.45686,6.71508,2.34324,1.10124,-0,-0,-0,-0,-0,-0
28.5252,2.08675,-0.207646,-0.33089,-1.52893,0.690892,0.237138,-7.43084,-8.08882,-2.94063,6.94692,2.16936,2.5668,-0,-0,-0,-0,-0,-0
28.5308,2.0698,-0.200844,-0.343144,-1.56236,0.702945,0.231726,-7.9194,-8.84924,-2.73581,7.89912,2.01204,3.0222,-0,-0,-0,-0,-0,-0
28.5356,2.07312,-0.175885,-0.352537,-1.57917,0.718729,0.209111,-8.2346,-8.89258,-3.05767,6.46668,1.9458,3.2292,-0,-0,-0,-0,-0,-0
28.5403,2.08288,-0.147608,-0.352052,-1.5646,0.735934,0.182252,-8.2346,-8.89258,-3.05767,6.46668,1.9458,3.2292,-0,-0,-0,-0,-0,-0
28.5453,2.0873,-0.126567,-0.347855,-1.5883,0.793053,0.144664,-8.00608,-8.49858,-3.23114,7.80804,0.10764,3.70944,-0,-0,-0,-0,-0,-0
28.5502,2.10269,-0.08177,-0.329534,-1.60649,0.878944,0.105703,-8.57738,-9.36538,-3.23114,6.50808,0.76176,3.4362,-0,-0,-0,-0,-0,-0
28.5552,2.1253,-0.0258501,-0.314924,-1.59237,0.945643,0.0758511,-8.57738,-9.36538,-3.23114,6.50808,0.76176,3.4362,-0,-0,-0,-0,-0,-0
28.5602,2.13209,0.0170047,-0.311984,-1.58762,0.998264,0.0674001,-7.96274,-9.10928,-2.94481,6.65712,1.2006,2.5254,-0,-0,-0,-0,-0,-0
28.5653,2.12634,0.0499665,-0.315952,-1.58241,1.03707,0.0803688,-7.96274,-9.10928,-2.94481,6.65712,1.2006,2.5254,-0,-0,-0,-0,-0,-0
28.5702,2.1297,0.0752408,-0.313728,-1.58088,1.06481,0.082842,-8.27794,-8.95562,-3.35027,6.64884,1.54008,2.96424,-0,-0,-0,-0,-0,-0
28.5752,2.11874,0.0657924,-0.307129,-1.57493,1.0801,0.0821906,-7.31264,-7.3284,-2.93854,6.3756,1.7802,2.64132,-0,-0,-0,-0,-0,-0
28.5805,2.08617,0.0564253,-0.319687,-1.56187,1.08684,0.102484,-7.28112,-8.76256,-2.42858,6.3342,1.9044,2.10312,-0,-0,-0,-0,-0,-0
28.5854,2.04886,0.0604553,-0.332101,-1.52062,1.07858,0.147693,-7.08412,-8.1952,-3.13918,5.03424,2.32668,1.48212,-0,-0,-0,-0,-0,-0
28.5902,2.00137,0.00744886,-0.339679,-1.49788,1.07521,0.211563,-6.63102,-6.69012,-2.90928,7.00488,1.54836,1.2006,-0,-0,-0,-0,-0,-0
28.5953,1.99098,-0.0723932,-0.374686,-1.48316,1.08382,0.283885,-8.62072,-6.87136,-1.90817,5.57244,1.80504,0.9522,-0,-0,-0,-0,-0,-0
28.6002,1.99487,-0.099028,-0.399015,-1.48146,1.0936,0.344738,-7.16686,-7.97456,-2.74417,7.15392,1.78848,1.59804,-0,-0,-0,-0,-0,-0
28.6052,1.95005,-0.109817,-0.392889,-1.48298,1.11508,0.367942,-6.55616,-6.92258,-2.80269,6.19344,1.45728,2.47572,-0,-0,-0,-0,-0,-0
28.6104,1.92376,-0.143614,-0.38741,-1.47417,1.13284,0.368877,-7.8406,-6.98168,-2.80478,6.51636,1.89612,2.54196,-0,-0,-0,-0,-0,-0
28.6152,1.92564,-0.173073,-0.385406,-1.44007,1.13743,0.339208,-7.87606,-7.10382,-2.61459,5.43168,1.9872,3.77568,-0,-0,-0,-0,-0,-0
28.6202,1.92153,-0.219528,-0.396549,-1.40614,1.15179,0.294613,-7.4072,-6.18186,-2.29064,6.0444,1.4904,3.20436,-0,-0,-0,-0,-0,-0
28.6253,1.90434,-0.255251,-0.405408,-1.4077,1.15309,0.254978,-7.35598,-7.289,-2.58115,6.83928,2.55852,3.62664,-0,-0,-0,-0,-0,-0
28.6303,1.86983,-0.276279,-0.41069,-1.4027,1.14442,0.202655,-6.6586,-6.67436,-2.38051,5.796,1.95408,3.84192,-0,-0,-0,-0,-0,-0
28.6353,1.83197,-0.325102,-0.427685,-1.39432,1.15756,0.180632,-7.19838,-6.07154,-2.09209,6.65712,1.60632,2.43432,-0,-0,-0,-0,-0,-0
28.6403,1.8264,-0.360124,-0.426336,-1.38086,1.18588,0.178673,-8.01002,-6.895,-2.97825,5.43996,1.34964,3.04704,-0,-0,-0,-0,-0,-0
28.6453,1.84075,-0.37649,-0.415155,-1.39013,1.22716,0.176242,-8.2543,-6.78468,-2.508,7.64244,1.05984,2.55024,-0,-0,-0,-0,-0,-0
28.6502,1.8551,-0.401577,-0.423172,-1.40352,1.25874,0.175543,-7.9982,-6.61132,-2.24048,5.85396,1.66428,2.97252,-0,-0,-0,-0,-0,-0
28.6553,1.83951,-0.399459,-0.408382,-1.3861,1.27935,0.2009,-7.0132,-7.76574,-3.38162,6.3756,1.55664,1.49868,-0,-0,-0,-0,-0,-0
28.6602,1.79844,-0.371316,-0.367902,-1.37059,1.30078,0.257565,-7.0132,-7.76574,-3.38162,6.3756,1.55664,1.49868,-0,-0,-0,-0,-0,-0
28.6655,1.74787,-0.362,-0.343543,-1.34766,1.30558,0.326574,-6.68224,-6.98168,-2.80896,5.95332,2.29356,0.79488,-0,-0,-0,-0,-0,-0
28.6702,1.69884,-0.362946,-0.33848,-1.33234,1.30609,0.389525,-6.74134,-6.92652,-2.32408,6.624,1.80504,1.63116,-0,-0,-0,-0,-0,-0
28.6753,1.64784,-0.382783,-0.347473,-1.30271,1.29864,0.414914,-6.53252,-6.304,-2.25511,5.24952,2.57508,2.36808,-0,-0,-0,-0,-0,-0
28.6804,1.61008,-0.420714,-0.362106,-1.28744,1.29572,0.394847,-6.96198,-6.11488,-2.1527,6.7068,1.6146,3.56868,-0,-0,-0,-0,-0,-0
28.6853,1.57229,-0.451928,-0.366928,-1.30868,1.30706,0.355684,-6.35522,-6.37886,-2.56652,6.60744,1.96236,3.21264,-0,-0,-0,-0,-0,-0
28.6904,1.54094,-0.455578,-0.370941,-1.31578,1.30935,0.299806,-7.08412,-7.37568,-2.23212,6.20172,1.92096,4.32216,-0,-0,-0,-0,-0,-0
28.6952,1.53792,-0.439616,-0.378102,-1.32232,1.28788,0.236477,-7.50176,-7.13928,-2.3199,6.49152,3.09672,3.62664,-0,-0,-0,-0,-0,-0
28.7003,1.53414,-0.421692,-0.384693,-1.3179,1.26624,0.198697,-7.04078,-6.88712,-1.86846,5.85396,2.13624,3.34512,-0,-0,-0,-0,-0,-0
28.7053,1.52095,-0.409388,-0.400068,-1.29933,1.2678,0.169663,-7.04078,-6.88712,-1.86846,5.85396,2.13624,3.34512,-0,-0,-0,-0,-0,-0
28.7102,1.51355,-0.396018,-0.406004,-1.27688,1.27341,0.140525,-7.29294,-7.03684,-2.35752,5.48964,1.9872,3.41136,-0,-0,-0,-0,-0,-0
28.7152,1.52411,-0.385734,-0.415466,-1.28534,1.29767,0.120792,-7.8406,-6.72952,-1.74724,6.93036,1.29168,3.05532,-0,-0,-0,-0,-0,-0
28.7202,1.55069,-0.377243,-0.433082,-1.31512,1.33612,0.11104,-7.8406,-6.72952,-1.74724,6.93036,1.29168,3.05532,-0,-0,-0,-0,-0,-0
28.7254,1.53966,-0.365904,-0.446967,-1.31451,1.36214,0.116245,-6.13458,-6.84772,-1.89981,5.61384,1.81332,2.4012,-0,-0,-0,-0,-0,-0
28.7305,1.51248,-0.353184,-0.449771,-1.30384,1.381,0.139011,-7.16292,-6.62314,-2.04611,6.52464,1.66428,2.31012,-0,-0,-0,-0,-0,-0
28.7353,1.49581,-0.358543,-0.454184,-1.3043,1.37847,0.17201,-6.79256,-6.25278,-1.95624,5.81256,2.6496,1.92924,-0,-0,-0,-0,-0,-0
28.7403,1.46109,-0.373064,-0.458199,-1.29206,1.36059,0.222581,-6.28036,-6.0282,-1.93743,5.87052,2.46744,1.449,-0,-0,-0,-0,-0,-0
28.7455,1.43681,-0.395741,-0.456086,-1.30909,1.35019,0.269706,-6.99744,-5.48448,-1.97923,6.7896,2.41776,1.9458,-0,-0,-0,-0,-0,-0
28.7505,1.41789,-0.399732,-0.45349,-1.32993,1.34499,0.281169,-6.44978,-6.46554,-1.75978,6.417,2.4012,2.87316,-0,-0,-0,-0,-0,-0
28.7553,1.39921,-0.393456,-0.458838,-1.33595,1.32735,0.260011,-6.91864,-6.31582,-1.88936,6.20172,2.82348,3.34512,-0,-0,-0,-0,-0,-0
28.7603,1.40625,-0.391515,-0.460519,-1.33077,1.32776,0.201245,-7.51358,-6.09912,-1.79113,5.68836,1.68912,4.57884,-0,-0,-0,-0,-0,-0
28.7652,1.39589,-0.414372,-0.479715,-1.33517,1.31296,0.13626,-6.22126,-5.22444,-1.13069,6.68196,3.45276,3.726,-0,-0,-0,-0,-0,-0
28.7703,1.38528,-0.443312,-0.503688,-1.34571,1.26384,0.0811038,-7.49782,-5.72088,-1.51316,6.01956,3.25404,4.24764,-0,-0,-0,-0,-0,-0
28.7753,1.39329,-0.468376,-0.520574,-1.34371,1.228,0.0303641,-7.13534,-5.70512,-1.64065,5.85396,2.87316,3.6432,-0,-0,-0,-0,-0,-0
28.7803,1.38266,-0.498047,-0.530619,-1.35299,1.2216,-0.0129269,-6.6586,-5.2993,-1.64901,6.38388,2.10312,4.02408,-0,-0,-0,-0,-0,-0
28.7853,1.38001,-0.54843,-0.553905,-1.36568,1.22291,-0.0451462,-7.43872,-4.71618,-1.04709,6.03612,2.55024,3.32856,-0,-0,-0,-0,-0,-0
28.7902,1.37989,-0.568252,-0.564876,-1.36466,1.22479,-0.0516441,-6.76892,-6.35128,-2.02521,6.06096,2.1942,2.99736,-0,-0,-0,-0,-0,-0
28.7952,1.37934,-0.582529,-0.557184,-1.37474,1.20971,-0.0330438,-7.4466,-4.43644,-1.55287,6.59916,3.36996,2.29356,-0,-0,-0,-0,-0,-0
28.8002,1.3811,-0.627558,-0.565405,-1.37371,1.18171,-0.0020515,-6.68618,-4.8462,-1.27699,5.9616,2.78208,2.42604,-0,-0,-0,-0,-0,-0
28.8053,1.36361,-0.657627,-0.576761,-1.38393,1.16061,0.0365776,-6.72952,-5.31506,-1.62184,6.71508,3.0222,1.87956,-0,-0,-0,-0,-0,-0
28.8102,1.34377,-0.668696,-0.570563,-1.37337,1.12319,0.0606993,-6.48918,-5.21262,-1.74724,5.41512,3.71772,2.95596,-0,-0,-0,-0,-0,-0
28.8152,1.31212,-0.67062,-0.558873,-1.35745,1.10079,0.0584314,-6.05184,-5.22838,-1.61975,6.003,2.57508,2.98908,-0,-0,-0,-0,-0,-0
28.8202,1.28819,-0.666263,-0.5428,-1.34973,1.07191,0.0272451,-6.59556,-5.26778,-1.80785,5.86224,4.14,4.17312,-0,-0,-0,-0,-0,-0
28.8253,1.27594,-0.629217,-0.525586,-1.33109,1.02491,-0.0203983,-6.6783,-6.76498,-1.77023,5.2992,3.44448,3.78396,-0,-0,-0,-0,-0,-0
28.8303,1.27074,-0.563213,-0.512272,-1.32368,0.965013,-0.0726714,-6.80438,-6.31976,-1.4839,6.40872,4.89348,4.43808,-0,-0,-0,-0,-0,-0
28.8353,1.28317,-0.515568,-0.513674,-1.29944,0.904263,-0.13086,-7.33234,-6.14246,-1.17667,4.66992,3.50244,4.10688,-0,-0,-0,-0,-0,-0
28.8404,1.28087,-0.497437,-0.521486,-1.29111,0.875095,-0.17084,-6.2843,-5.62238,-1.52152,6.65712,3.41964,3.77568,-0,-0,-0,-0,-0,-0
28.8453,1.25568,-0.487827,-0.518099,-1.3222,0.853886,-0.200378,-6.2843,-5.62238,-1.52152,6.65712,3.41964,3.77568,-0,-0,-0,-0,-0,-0
28.8503,1.23341,-0.490306,-0.512702,-1.32741,0.844788,-0.221812,-6.47342,-5.03138,-1.64274,5.43168,3.13812,3.4776,-0,-0,-0,-0,-0,-0
28.8553,1.23539,-0.492481,-0.508791,-1.32581,0.835521,-0.20526,-7.36386,-5.46478,-1.36059,6.27624,3.44448,2.14452,-0,-0,-0,-0,-0,-0
28.8604,1.25646,-0.470445,-0.501121,-1.32291,0.833179,-0.170833,-7.24566,-5.96122,-1.73261,5.3406,2.84004,2.65788,-0,-0,-0,-0,-0,-0
28.8653,1.26315,-0.433491,-0.490449,-1.31057,0.822865,-0.133396,-6.8556,-5.82332,-1.29371,5.93676,3.89988,1.9872,-0,-0,-0,-0,-0,-0
28.8705,1.26441,-0.402741,-0.490439,-1.31404,0.789938,-0.0826235,-6.8556,-5.82332,-1.29371,5.93676,3.89988,1.9872,-0,-0,-0,-0,-0,-0
28.8752,1.24555,-0.395142,-0.500758,-1.32011,0.766994,-0.0387678,-5.93758,-5.0235,-1.01574,5.92848,3.54384,2.16936,-0,-0,-0,-0,-0,-0
28.8804,1.20925,-0.400954,-0.511164,-1.32053,0.75155,-0.00266403,-5.93758,-5.0235,-1.01574,5.92848,3.54384,2.16936,-0,-0,-0,-0,-0,-0
28.8852,1.19338,-0.406647,-0.522734,-1.30748,0.745191,0.00397716,-6.87136,-5.08654,-1.00529,5.35716,3.15468,3.3534,-0,-0,-0,-0,-0,-0
28.8903,1.16566,-0.413497,-0.534947,-1.31175,0.733278,-0.0270699,-5.38598,-4.60192,-0.79629,6.92208,3.84192,3.82536,-0,-0,-0,-0,-0,-0
28.8953,1.10881,-0.417139,-0.541215,-1.34423,0.70939,-0.0656562,-5.38598,-4.60192,-0.79629,6.92208,3.84192,3.82536,-0,-0,-0,-0,-0,-0
28.9003,1.04979,-0.408619,-0.519249,-1.35538,0.732893,-0.0886773,-5.2008,-4.88954,-1.91026,6.05268,1.84644,3.22092,-0,-0,-0,-0,-0,-0
28.9053,0.988287,-0.379656,-0.487195,-1.33706,0.809153,-0.0848503,-5.0826,-5.87454,-1.57586,5.53104,1.30824,2.64132,-0,-0,-0,-0,-0,-0
28.9102,0.963788,-0.352464,-0.495779,-1.31347,0.878434,-0.0676984,-6.45766,-4.8462,-0.12331,5.796,1.97892,2.57508,-0,-0,-0,-0,-0,-0
28.9153,0.965404,-0.363274,-0.515514,-1.30638,0.922219,-0.0553772,-5.92182,-4.41674,-1.22265,6.19344,2.13624,2.79036,-0,-0,-0,-0,-0,-0
28.9204,0.952616,-0.396572,-0.513058,-1.33312,0.943877,-0.0381736,-5.76422,-3.9597,-1.22056,7.07112,2.78208,2.42604,-0,-0,-0,-0,-0,-0
28.9254,0.958161,-0.388363,-0.486327,-1.33292,0.965817,-0.000741276,-6.45372,-5.18504,-1.63856,5.3406,2.41776,1.81332,-0,-0,-0,-0,-0,-0
28.9303,0.960461,-0.388101,-0.473801,-1.31666,0.980169,0.0684755,-5.58298,-4.17246,-1.04082,5.69664,2.82348,0.9936,-0,-0,-0,-0,-0,-0
28.9353,0.930549,-0.45516,-0.481705,-1.27062,0.968652,0.149953,-4.94076,-2.14336,-0.75449,4.17312,3.6018,1.10952,-0,-0,-0,-0,-0,-0
28.9402,0.921175,-0.542576,-0.480242,-1.23093,0.96289,0.20589,-6.17004,-2.57282,-1.06381,5.78772,2.69928,1.91268,-0,-0,-0,-0,-0,-0
28.9455,1.0594,-0.590451,-0.462829,-1.23659,0.93964,0.217724,-11.4654,-3.45144,-1.3376,5.99472,4.41324,2.93112,-0,-0,-0,-0,-0,-0
28.9502,1.2988,-0.617672,-0.441455,-1.24728,0.880867,0.207442,-11.4654,-3.45144,-1.3376,5.99472,4.41324,2.93112,-0,-0,-0,-0,-0,-0
28.9552,1.41841,-0.638566,-0.440007,-1.24956,0.862857,0.178846,-6.77286,-3.67996,-0.55803,5.45652,2.79036,3.78396,-0,-0,-0,-0,-0,-0
28.9604,1.41218,-0.667212,-0.455114,-1.23572,0.899961,0.147946,-6.45766,-2.98652,-0.50369,5.2992,2.1942,3.15468,-0,-0,-0,-0,-0,-0
28.9652,1.39872,-0.70029,-0.469009,-1.20062,0.955917,0.121238,-6.58374,-3.51054,-0.61028,4.91004,1.84644,3.61836,-0,-0,-0,-0,-0,-0
28.9702,1.36215,-0.717572,-0.479724,-1.18747,1.0139,0.105841,-5.75634,-3.75482,-0.67089,5.66352,1.92924,2.71584,-0,-0,-0,-0,-0,-0
28.9753,1.31279,-0.737564,-0.49773,-1.19373,1.05491,0.101951,-5.9888,-3.71936,-0.47861,5.77944,2.43432,3.13812,-0,-0,-0,-0,-0,-0
28.9801,1.27105,-0.766597,-0.511822,-1.19926,1.07988,0.0918102,-5.93758,-3.34506,-0.83809,5.72976,2.46744,3.03876,-0,-0,-0,-0,-0,-0
28.9854,1.27077,-0.801716,-0.506681,-1.18714,1.07665,0.0930736,-7.7027,-3.10866,-1.10979,4.74444,3.73428,2.64132,-0,-0,-0,-0,-0,-0
28.9902,1.28239,-0.805797,-0.50189,-1.16912,1.03991,0.12599,-6.30794,-4.35764,-0.69806,5.43168,4.03236,1.74708,-0,-0,-0,-0,-0,-0
28.9952,1.26862,-0.801144,-0.517041,-1.16117,1.02371,0.172244,-6.6783,-3.75088,-0.36575,5.24124,2.83176,1.91268,-0,-0,-0,-0,-0,-0
29.0003,1.27801,-0.834857,-0.529743,-1.14694,1.0147,0.218996,-7.14322,-2.82892,-0.89661,5.14188,3.70116,1.75536,0,0,0,0,0,0
29.0052,1.2791,-0.875697,-0.524596,-1.13663,1.04944,0.258063,-6.27248,-2.70284,-0.70224,5.4234,1.27512,2.07,0,0,0,0,0,0
29.0102,1.28919,-0.883629,-0.51203,-1.11337,1.10376,0.256742,-7.39932,-3.93606,-1.08889,4.91004,2.69928,3.46932,0,0,0,0,0,0
29.0152,1.30922,-0.873031,-0.51131,-1.10443,1.1125,0.225649,-6.77286,-3.48296,-0.17765,5.82912,3.23748,3.32028,0,0,0,0,0,0
29.0202,1.30198,-0.880457,-0.521872,-1.11691,1.10265,0.189257,-6.33158,-3.14412,-0.59356,5.84568,3.49416,3.73428,0,0,0,0,0,0
29.0252,1.28863,-0.892155,-0.511567,-1.10158,1.1053,0.144141,-6.31188,-3.13624,-1.03246,4.968,2.63304,3.75084,0,0,0,0,0,0
29.0302,1.29299,-0.868182,-0.493574,-1.06972,1.11011,0.104992,-7.09988,-4.63738,-0.88616,5.15016,3.37824,3.56868,0,0,0,0,0,0
29.0352,1.29816,-0.819368,-0.476505,-1.06181,1.08438,0.0965775,-6.30794,-3.80604,-0.72941,5.70492,4.24764,2.50884,0,0,0,0,0,0
29.0405,1.28196,-0.78938,-0.465003,-1.05819,1.04934,0.0911866,-6.14246,-3.80604,-0.66671,5.01768,3.8502,3.45276,0,0,0,0,0,0
29.0452,1.26258,-0.771895,-0.462388,-1.0411,1.02008,0.0661256,-6.14246,-3.80604,-0.66671,5.01768,3.8502,3.45276,0,0,0,0,0,0
29.0505,1.24001,-0.766729,-0.471065,-1.00851,0.996606,0.0736942,-6.0676,-3.5263,-0.35321,4.0986,3.61008,2.03688,0,0,0,0,0,0
29.0552,1.21511,-0.742507,-0.474347,-1.0002,1.00098,0.0998278,-6.02426,-4.36552,-0.67089,5.94504,2.86488,2.61648,0,0,0,0,0,0
29.0603,1.21331,-0.723039,-0.475539,-1.04337,1.02781,0.129646,-7.02502,-3.27414,-0.39292,6.68196,2.59164,1.84644,0,0,0,0,0,0
29.0652,1.20387,-0.736064,-0.47568,-1.07432,1.02532,0.177251,-5.52388,-2.78558,-0.63745,5.87052,4.21452,1.82988,0,0,0,0,0,0
29.0703,1.1678,-0.751477,-0.469014,-1.03581,0.99592,0.213336,-5.83908,-3.04956,-0.59356,3.726,3.84192,2.30184,0,0,0,0,0,0
29.0754,1.16626,-0.775759,-0.464505,-0.999183,0.963991,0.224592,-6.94622,-2.50978,-0.67925,5.56416,4.27248,2.76552,0,0,0,0,0,0
29.0803,1.16601,-0.771956,-0.452455,-1.00759,0.951042,0.202187,-5.91788,-3.72724,-0.6061,5.69664,3.17124,3.79224,0,0,0,0,0,0
29.0852,1.1605,-0.738107,-0.437273,-1.01442,0.910948,0.155973,-6.72164,-3.90848,-0.88198,5.47308,5.45652,3.77568,0,0,0,0,0,0
29.0902,1.17467,-0.700351,-0.418572,-1.01096,0.839567,0.10235,-6.70982,-3.49084,-0.48697,5.16672,4.89348,4.23936,0,0,0,0,0,0
29.0954,1.19667,-0.669898,-0.420215,-0.998854,0.790638,0.0563657,-7.02502,-3.75876,-0.12122,5.07564,4.48776,3.49416,0,0,0,0,0,0
29.1003,1.19869,-0.632553,-0.426257,-1.00202,0.755237,0.0218622,-5.88242,-3.79816,-0.23199,5.81256,4.44636,3.86676,0,0,0,0,0,0
29.1053,1.1923,-0.605993,-0.427733,-1.00024,0.74404,-0.0041929,-6.64678,-3.27414,-0.28006,4.99284,3.62664,3.17952,0,0,0,0,0,0
29.1103,1.20244,-0.58339,-0.423228,-0.980259,0.753391,-0.014784,-6.63102,-3.45932,-0.35321,4.6782,3.58524,3.28716,0,0,0,0,0,0
29.1152,1.20295,-0.562338,-0.420581,-0.967144,0.734243,-0.00344252,-6.20156,-3.29778,-0.26543,5.2992,4.79412,2.24388,0,0,0,0,0,0
29.1202,1.18602,-0.560563,-0.42922,-0.962528,0.693156,0.0224696,-5.89818,-2.84468,0.0209,5.15844,4.60368,2.59992,0,0,0,0,0,0
29.1254,1.17528,-0.535284,-0.43118,-0.955946,0.65893,0.0484399,-6.41432,-3.89666,-0.26752,5.05908,4.68648,2.35152,0,0,0,0,0,0
29.1302,1.17057,-0.504679,-0.436011,-0.958823,0.629299,0.07644,-6.35522,-3.43174,-0.01881,5.66352,4.44636,2.36808,0,0,0,0,0,0
29.1354,1.17476,-0.469967,-0.423782,-0.950046,0.606143,0.0706066,-6.55222,-3.4081,-0.56639,4.4712,4.64508,3.81708,0,0,0,0,0,0
29.1403,1.1656,-0.42897,-0.405528,-0.925082,0.56311,0.0455677,-5.77604,-3.80604,-0.33858,4.95972,5.43996,3.16296,0,0,0,0,0,0
29.1453,1.16564,-0.395606,-0.398598,-0.905307,0.559616,0.0108126,-6.88712,-2.9747,0.02299,4.761,3.105,4.2642,0,0,0,0,0,0
29.1502,1.2195,-0.37745,-0.395404,-0.896571,0.58373,-0.0292812,-8.3922,-3.24262,-0.25707,5.2578,4.15656,3.52728,0,0,0,0,0,0
29.1553,1.30927,-0.368023,-0.398585,-0.900403,0.569466,-0.0537596,-8.7468,-2.96288,0.08151,5.2578,4.71132,3.65148,0,0,0,0,0,0
29.1603,1.3306,-0.37549,-0.402917,-0.883573,0.552564,-0.0548965,-5.80362,-2.75406,-0.3762,4.23936,4.2642,2.67444,0,0,0,0,0,0
29.1654,1.30075,-0.386802,-0.402831,-0.856844,0.545907,-0.0383817,-6.41826,-2.44674,0.0836,4.78584,4.47948,2.79864,0,0,0,0,0,0
29.1704,1.25961,-0.394713,-0.416132,-0.829067,0.541918,-0.00389525,-5.44114,-3.08896,0.10241,4.15656,4.16484,1.92924,0,0,0,0,0,0
29.1754,1.22151,-0.375795,-0.427559,-0.806917,0.528533,0.0575605,-6.31976,-3.42386,0.15884,4.97628,4.83552,1.46556,0,0,0,0,0,0
29.1805,1.1983,-0.3349,-0.434318,-0.798883,0.520202,0.121387,-5.84302,-3.55782,0.24244,4.82724,4.0572,1.73052,0,0,0,0,0,0
29.1852,1.16577,-0.287192,-0.428532,-0.8007,0.527481,0.156628,-5.86272,-3.58934,-0.25707,5.27436,4.20624,2.691,0,0,0,0,0,0
29.1903,1.14398,-0.24559,-0.402212,-0.803299,0.532504,0.170296,-6.20156,-2.89196,-0.37829,4.90176,4.41324,2.5254,0,0,0,0,0,0
29.1953,1.13275,-0.223559,-0.375423,-0.797282,0.531128,0.183901,-6.20156,-2.89196,-0.37829,4.90176,4.41324,2.5254,0,0,0,0,0,0
29.2004,1.13647,-0.21848,-0.352856,-0.770152,0.534672,0.18637,-6.895,-2.19458,-0.30723,3.90816,4.23108,2.91456,0,0,0,0,0,0
29.2057,1.15991,-0.222516,-0.328432,-0.722214,0.540157,0.180634,-6.895,-2.19458,-0.30723,3.90816,4.23108,2.91456,0,0,0,0,0,0
29.2103,1.16135,-0.222168,-0.310595,-0.705469,0.547383,0.160187,-5.94152,-2.38764,-0.10659,5.24952,4.11516,3.61836,0,0,0,0,0,0
29.2152,1.15475,-0.199113,-0.305479,-0.709979,0.544187,0.144764,-6.39068,-3.14806,0.26543,4.81068,4.7196,2.83176,0,0,0,0,0,0
29.2203,1.1352,-0.188482,-0.30702,-0.72073,0.520784,0.142302,-5.40568,-2.11972,0.03971,5.39856,5.0922,2.98908,0,0,0,0,0,0
29.2253,1.11887,-0.20602,-0.313209,-0.740834,0.503499,0.140107,-6.52858,-1.83998,0.50996,5.15844,4.50432,2.9394,0,0,0,0,0,0
29.2304,1.13151,-0.216277,-0.313148,-0.74985,0.508391,0.175058,-6.50494,-2.24974,-0.1045,4.8852,4.25592,1.39932,0,0,0,0,0,0
29.2353,1.14369,-0.221129,-0.296313,-0.751329,0.511999,0.246152,-6.48524,-1.96212,-0.17347,4.8852,4.57884,1.2006,0,0,0,0,0,0
29.2404,1.14521,-0.192802,-0.287223,-0.722929,0.502263,0.315909,-6.0873,-3.40022,0.37411,3.6018,4.90176,1.33308,0,0,0,0,0,0
29.2452,1.16481,-0.15056,-0.287011,-0.6776,0.488444,0.349403,-7.26536,-2.59646,0.23408,4.12344,4.79412,2.6082,0,0,0,0,0,0
29.2505,1.17923,-0.135681,-0.280242,-0.6527,0.481443,0.328239,-6.09518,-2.05668,0.19437,4.41324,4.78584,3.63492,0,0,0,0,0,0
29.2553,1.1487,-0.131403,-0.276858,-0.63019,0.491442,0.289486,-5.26384,-2.24974,0.31141,4.23936,4.10688,3.48588,0,0,0,0,0,0
29.2605,1.11826,-0.155628,-0.278913,-0.621392,0.491566,0.249786,-6.0085,-1.182,0.1881,4.91004,4.95972,3.69288,0,0,0,0,0,0
29.2653,1.11122,-0.194715,-0.272738,-0.630953,0.473732,0.209269,-6.0085,-1.182,0.1881,4.91004,4.95972,3.69288,0,0,0,0,0,0
29.2702,1.11833,-0.206449,-0.265396,-0.638606,0.4894,0.185675,-6.60344,-2.07244,0.24871,4.74444,3.59352,3.04704,0,0,0,0,0,0
29.2752,1.12943,-0.175556,-0.250086,-0.644142,0.49886,0.170292,-6.19762,-2.6989,0.04807,4.89348,5.23296,3.40308,0,0,0,0,0,0
29.2802,1.13507,-0.136023,-0.22461,-0.654211,0.461873,0.176217,-6.59556,-2.35612,-0.14839,4.8852,5.86224,2.13624,0,0,0,0,0,0
29.2852,1.14259,-0.100291,-0.209581,-0.658441,0.427934,0.223453,-6.44978,-2.73042,0.36993,4.64508,5.11704,1.4904,0,0,0,0,0,0
29.2902,1.12118,-0.050829,-0.203407,-0.647315,0.412159,0.272572,-5.33082,-2.94318,0.26961,4.29732,5.2578,2.03688,0,0,0,0,0,0
29.2953,1.10946,0.0291221,-0.193767,-0.623234,0.393421,0.300385,-6.64678,-3.74694,0.44726,4.10688,5.39856,2.35152,0,0,0,0,0,0
29.3006,1.10976,0.116679,-0.193101,-0.599162,0.348725,0.294129,-5.76816,-3.66026,0.51414,4.25592,6.19344,3.40308,0,0,0,0,0,0
29.3052,1.10385,0.170748,-0.189781,-0.583642,0.30167,0.249359,-6.29218,-2.35218,0.3344,4.43808,5.589,4.14,0,0,0,0,0,0
29.3102,1.10829,0.198097,-0.185064,-0.566137,0.275775,0.197181,-6.36704,-2.66344,0.42009,4.12344,5.4234,3.70116,0,0,0,0,0,0
29.3152,1.10522,0.212131,-0.177517,-0.549183,0.243635,0.161765,-5.91394,-1.87544,0.17347,4.33872,5.91192,3.58524,0,0,0,0,0,0
29.3202,1.09336,0.211515,-0.162588,-0.539518,0.205512,0.129629,-5.91394,-1.87544,0.17347,4.33872,5.91192,3.58524,0,0,0,0,0,0
29.3255,1.08182,0.210188,-0.159959,-0.538099,0.203831,0.0997493,-5.95334,-1.65086,0.77539,4.6368,4.5126,3.519,0,0,0,0,0,0
29.3303,1.07624,0.201149,-0.171383,-0.543139,0.22881,0.0741756,-5.95334,-1.65086,0.77539,4.6368,4.5126,3.519,0,0,0,0,0,0
29.3352,1.09375,0.186745,-0.17368,-0.544319,0.227106,0.0670046,-6.93834,-1.39082,0.36993,4.47948,5.6304,2.76552,0,0,0,0,0,0
29.3403,1.10523,0.158015,-0.177067,-0.548816,0.21233,0.0842201,-5.96516,-1.21746,0.68343,4.66992,5.15016,2.41776,0,0,0,0,0,0
29.3453,1.10785,0.148024,-0.17424,-0.560165,0.228046,0.112472,-6.43008,-1.66268,0.39501,4.76928,4.38012,2.3184,0,0,0,0,0,0
29.3503,1.11013,0.142408,-0.159282,-0.574151,0.248183,0.13258,-6.08336,-1.46174,0.10868,4.79412,4.91832,2.74896,0,0,0,0,0,0
29.3553,1.10816,0.163867,-0.138706,-0.585092,0.248773,0.146911,-6.20944,-2.35218,0.3971,4.69476,5.382,2.45088,0,0,0,0,0,0
29.3604,1.09113,0.198937,-0.124286,-0.595219,0.238594,0.131624,-5.42538,-2.13942,0.32186,4.761,5.39856,4.04064,0,0,0,0,0,0
29.3654,1.08689,0.232687,-0.103211,-0.60212,0.254293,0.072318,-6.67436,-1.81634,0.39083,4.62024,4.52916,4.38012,0,0,0,0,0,0
29.3702,1.08497,0.244122,-0.0951804,-0.607139,0.270559,0.00021473,-5.6342,-1.56418,0.627,4.6782,5.15016,4.761,0,0,0,0,0,0
29.3755,1.08503,0.225259,-0.0929893,-0.612061,0.256337,-0.0577938,-6.6586,-0.50432,0.60819,4.62024,5.84568,3.83364,0,0,0,0,0,0
29.3803,1.08813,0.18835,-0.0903155,-0.614091,0.246886,-0.0792923,-5.81938,-0.85498,0.52668,4.5126,4.9266,3.2292,0,0,0,0,0,0
29.3854,1.0718,0.173621,-0.0863173,-0.611175,0.28163,-0.0943884,-5.78392,-1.0638,0.73986,4.33872,4.14828,3.69288,0,0,0,0,0,0
29.3903,1.05808,0.166097,-0.08604,-0.605838,0.329636,-0.116715,-5.78392,-1.0638,0.73986,4.33872,4.14828,3.69288,0,0,0,0,0,0
29.3953,1.04557,0.159353,-0.0857874,-0.602747,0.374207,-0.136756,-5.78392,-1.0638,0.73986,4.33872,4.14828,3.69288,0,0,0,0,0,0
29.4006,1.02826,0.175046,-0.0809647,-0.602864,0.402549,-0.137719,-5.58298,-1.8321,0.60401,4.37184,4.86036,2.90628,0,0,0,0,0,0
29.4052,1.00977,0.201751,-0.0752223,-0.608312,0.410625,-0.122828,-5.58298,-1.8321,0.60401,4.37184,4.86036,2.90628,0,0,0,0,0,0
29.4102,0.992792,0.224967,-0.0709052,-0.618634,0.416684,-0.109143,-5.58298,-1.8321,0.60401,4.37184,4.86036,2.90628,0,0,0,0,0,0
29.4152,0.956914,0.218208,-0.0675731,-0.633556,0.39442,-0.120986,-4.70436,-0.53978,0.61446,4.33044,6.11892,4.0158,0,0,0,0,0,0
29.4203,0.927275,0.202127,-0.0624579,-0.650314,0.394967,-0.143276,-5.34264,-1.11502,0.69597,4.27248,3.99924,3.312,0,0,0,0,0,0
29.4254,0.910204,0.20705,-0.0611931,-0.673558,0.427947,-0.166855,-4.97622,-1.28838,0.86108,4.36356,4.58712,4.0986,0,0,0,0,0,0
29.4303,0.897188,0.259163,-0.0551755,-0.699723,0.420648,-0.204493,-5.2599,-2.64374,0.86317,4.27248,6.10236,3.94128,0,0,0,0,0,0
29.4352,0.872655,0.327361,-0.0441431,-0.728159,0.375343,-0.228135,-4.26308,-1.8715,0.76285,4.29732,6.40872,3.57696,0,0,0,0,0,0
29.4403,0.920638,0.35963,-0.0377583,-0.739829,0.327267,-0.229724,-8.32128,-1.33172,0.92169,3.37824,6.20172,3.03876,0,0,0,0,0,0
29.4455,1.06258,0.385745,-0.0299844,-0.737158,0.287636,-0.218684,-8.32128,-1.33172,0.92169,3.37824,6.20172,3.03876,0,0,0,0,0,0
29.4503,1.22151,0.413865,-0.0265248,-0.719329,0.267601,-0.201799,-9.48752,-1.45386,1.09934,2.32668,5.43168,2.76552,0,0,0,0,0,0
29.4553,1.30389,0.400663,-0.0201984,-0.666879,0.23684,-0.156661,-5.64996,0.3349,0.68343,1.31652,6.624,1.71396,0,0,0,0,0,0
29.4602,1.2839,0.369743,-0.0107758,-0.600089,0.198458,-0.11292,-5.50024,-0.78012,0.8569,1.01016,5.87052,2.7324,0,0,0,0,0,0
29.4651,1.25997,0.408232,0.0110159,-0.533061,0.199549,-0.0736144,-5.59874,-2.1867,0.43472,0.52992,5.23296,1.97064,0,0,0,0,0,0
29.4702,1.21361,0.444554,0.0355881,-0.469703,0.218263,-0.0540668,-4.63344,-0.7289,0.7106,0.23184,5.19984,3.44448,0,0,0,0,0,0
29.4752,1.17437,0.445195,0.0532564,-0.427985,0.208447,-0.081182,-5.81938,-0.94166,0.51832,0.38088,6.30108,4.07376,0,0,0,0,0,0
29.4803,1.17275,0.440499,0.0769735,-0.411748,0.168833,-0.110723,-6.3828,-0.40976,0.45562,0.21528,6.624,3.57696,0,0,0,0,0,0
29.4852,1.16848,0.409972,0.0966828,-0.410745,0.140333,-0.130195,-5.60662,0.03546,0.51205,0,5.70492,3.65148,0,0,0,0,0,0
29.4902,1.15865,0.374469,0.109633,-0.4236,0.11119,-0.136263,-6.1267,-0.25216,0.63327,-0.06624,6.59916,3.07188,0,0,0,0,0,0
29.4953,1.1534,0.345867,0.113676,-0.457266,0.0425365,-0.128559,-5.77998,-0.1576,0.91124,0.22356,7.55964,2.9394,0,0,0,0,0,0
29.5003,1.15267,0.346065,0.116448,-0.504222,-0.0183726,-0.116225,-6.29218,-1.10714,0.89452,0.11592,6.56604,2.94768,0,0,0,0,0,0
29.5053,1.14539,0.357912,0.122436,-0.549764,-0.0486729,-0.0562514,-5.40568,-0.41764,0.91333,-0.01656,6.52464,0.73692,0,0,0,0,0,0
29.5105,1.1401,0.383122,0.128789,-0.596686,-0.0743171,0.0245255,-6.44584,-1.43022,1.04709,-0.0414,6.6654,1.91268,0,0,0,0,0,0
29.5152,1.14338,0.400124,0.132663,-0.633439,-0.118412,0.0627565,-5.64602,0,1.03455,-0.47196,7.37748,2.58336,0,0,0,0,0,0
29.5203,1.12912,0.384421,0.137112,-0.660855,-0.175549,0.0814781,-5.64602,0,1.03455,-0.47196,7.37748,2.58336,0,0,0,0,0,0
29.5253,1.12851,0.392055,0.139883,-0.680682,-0.21899,0.0733653,-6.24096,-1.0244,1.10143,-0.71208,6.8724,3.66804,0,0,0,0,0,0
29.5304,1.1084,0.400985,0.140661,-0.691575,-0.241103,0.0427065,-4.9644,-0.12214,1.08471,-0.84456,6.43356,3.65976,0,0,0,0,0,0
29.5353,1.08128,0.371657,0.142009,-0.695472,-0.24167,0.0200074,-5.74058,0.3743,0.90497,-1.01016,5.77116,3.26232,0,0,0,0,0,0
29.5403,1.07347,0.370585,0.148681,-0.690599,-0.240733,0.0140516,-5.69724,-0.89832,1.08889,-1.26684,6.60744,2.98908,0,0,0,0,0,0
29.5453,1.06405,0.39452,0.149675,-0.683504,-0.259262,0.0148739,-5.69724,-0.89832,1.08889,-1.26684,6.60744,2.98908,0,0,0,0,0,0
29.5503,1.05736,0.412113,0.14904,-0.686765,-0.299055,0.00714878,-5.85878,-0.67374,1.13696,-0.83628,7.59276,3.3948,0,0,0,0,0,0
29.5553,1.04853,0.428814,0.158684,-0.716014,-0.329178,0.0328031,-5.3978,-0.41764,0.91751,-0.09936,6.4998,1.55664,0,0,0,0,0,0
29.5602,1.04409,0.429946,0.174721,-0.758142,-0.350003,0.106167,-5.97698,-0.02364,0.8151,-0.22356,7.2036,1.2006,0,0,0,0,0,0
29.5652,1.05212,0.423378,0.193251,-0.796433,-0.384569,0.186735,-5.97698,-0.02364,0.8151,-0.22356,7.2036,1.2006,0,0,0,0,0,0
29.5703,1.05532,0.420548,0.204998,-0.840111,-0.413607,0.264149,-5.80756,-0.09062,1.1286,0.1242,7.05456,1.25028,0,0,0,0,0,0
29.5753,1.06241,0.411142,0.216789,-0.898387,-0.428475,0.313081,-6.15428,0.17336,0.7315,0.4554,6.51636,2.1942,0,0,0,0,0,0
29.5802,1.05562,0.411914,0.227351,-0.943453,-0.412085,0.303958,-5.17322,-0.39794,1.24355,-0.36432,5.81256,3.66804,0,0,0,0,0,0
29.5853,1.0278,0.436269,0.233174,-0.957426,-0.399747,0.252069,-5.27566,-0.68162,1.03873,-0.81972,6.6654,4.15656,0,0,0,0,0,0
29.5902,1.02969,0.455796,0.240529,-0.959875,-0.419403,0.197934,-6.39462,-0.22852,1.1495,-0.77832,7.2036,3.84192,0,0,0,0,0,0
29.5953,1.04581,0.47251,0.248921,-0.946939,-0.44195,0.15257,-5.86666,-0.50432,1.03037,-1.44072,6.85584,3.8502,0,0,0,0,0,0
29.6003,1.06925,0.509952,0.264244,-0.920319,-0.457384,0.134765,-6.9541,-0.93772,0.96558,-1.39104,7.02972,2.79864,0,0,0,0,0,0
29.6052,1.09102,0.545303,0.282922,-0.908675,-0.469539,0.166402,-5.92576,-0.46886,0.84227,-0.77004,6.83928,1.62288,0,0,0,0,0,0
29.6102,1.09152,0.567253,0.303354,-0.913314,-0.475917,0.223818,-5.92576,-0.46886,0.84227,-0.77004,6.83928,1.62288,0,0,0,0,0,0
29.6153,1.08157,0.575014,0.32055,-0.925201,-0.471255,0.259336,-5.38598,0.20094,0.99275,-0.43884,6.39216,2.54196,0,0,0,0,0,0
29.6202,1.06304,0.563314,0.328477,-0.940647,-0.477578,0.268734,-5.77604,0.16942,1.08889,-0.69552,7.29468,2.78208,0,0,0,0,0,0
29.6252,1.05532,0.554246,0.335558,-0.952953,-0.500737,0.270803,-5.77604,0.16942,1.08889,-0.69552,7.29468,2.78208,0,0,0,0,0,0
29.6302,1.03068,0.5432,0.339545,-0.974276,-0.518519,0.275179,-4.94864,0.40188,1.2958,-0.28152,7.17048,2.62476,0,0,0,0,0,0
29.6352,1.02358,0.541833,0.343297,-0.976965,-0.504813,0.238108,-6.43008,-0.03152,1.23101,-1.44072,6.01128,4.5954,0,0,0,0,0,0
29.6402,1.04148,0.557609,0.344544,-0.950692,-0.514205,0.172078,-5.9494,-0.34672,1.4003,-1.50696,7.9902,3.96612,0,0,0,0,0,0
29.6454,1.04461,0.575259,0.345502,-0.936942,-0.535904,0.107737,-5.84696,0.0788,1.37731,-1.01844,6.64884,4.61196,0,0,0,0,0,0
29.6504,1.08501,0.583013,0.345962,-0.937406,-0.530376,0.0507489,-7.51752,0.06698,1.45255,-0.92736,6.76476,3.8088,0,0,0,0,0,0
29.6554,1.13667,0.588505,0.348121,-0.955123,-0.55369,0.0290534,-6.61526,0.35854,1.4212,-0.27324,8.08956,3.1878,0,0,0,0,0,0
29.6606,1.16044,0.582461,0.3495,-0.989194,-0.605631,0.0243497,-6.61526,0.35854,1.4212,-0.27324,8.08956,3.1878,0,0,0,0,0,0
29.6652,1.14693,0.577994,0.348107,-1.01512,-0.63734,0.0404374,-5.09836,0.24822,1.56123,-0.52992,7.25328,2.30184,0,0,0,0,0,0
29.6702,1.10342,0.589723,0.355029,-1.0178,-0.646187,0.0644091,-5.36628,-0.06698,1.30834,-1.29168,7.37748,2.88144,0,0,0,0,0,0
29.6752,1.07702,0.606609,0.365142,-0.99691,-0.666229,0.0791054,-5.6342,0.11426,1.55914,-1.54836,7.85772,2.78208,0,0,0,0,0,0
29.6803,1.04367,0.650376,0.375328,-0.969397,-0.681312,0.0762288,-5.01562,-1.182,1.4421,-1.67256,7.17048,3.58524,0,0,0,0,0,0
29.6853,1.00117,0.723276,0.391568,-0.943985,-0.681439,0.0532982,-5.01562,-1.182,1.4421,-1.67256,7.17048,3.58524,0,0,0,0,0,0
29.6903,0.953454,0.78467,0.407522,-0.945816,-0.685541,0.00666039,-4.58616,-0.63828,1.63438,-0.50508,7.31952,4.64508,0,0,0,0,0,0
29.6952,0.90648,0.818881,0.420752,-0.955938,-0.690928,-0.0313324,-4.78316,-0.18518,1.6093,-1.1178,7.12908,3.1878,0,0,0,0,0,0
29.7001,0.865555,0.842832,0.438805,-0.952277,-0.689206,-0.0328626,-4.78316,-0.18518,1.6093,-1.1178,7.12908,3.1878,0,0,0,0,0,0
29.7053,0.84646,0.871914,0.459704,-0.929638,-0.69995,-0.0151518,-5.69724,-0.33096,1.70753,-1.93752,7.76664,2.4012,0,0,0,0,0,0
29.7102,0.852914,0.90437,0.483242,-0.890776,-0.722337,0.0162873,-5.69724,-0.33096,1.70753,-1.93752,7.76664,2.4012,0,0,0,0,0,0
29.7153,0.858534,0.937775,0.511659,-0.854954,-0.725294,0.0397967,-5.516,-0.20094,1.79322,-1.83816,7.00488,2.63304,0,0,0,0,0,0
29.7203,0.858124,0.966286,0.541884,-0.826255,-0.708662,0.0609313,-5.516,-0.20094,1.79322,-1.83816,7.00488,2.63304,0,0,0,0,0,0
29.7252,0.861843,1.00702,0.573685,-0.816464,-0.703223,0.110394,-5.71694,-0.72496,1.91862,-1.035,7.5348,1.39932,0,0,0,0,0,0
29.7302,0.853062,1.05722,0.604376,-0.816848,-0.715755,0.170123,-5.02744,-0.73678,1.94997,-1.34964,7.76664,1.99548,0,0,0,0,0,0
29.7353,0.844926,1.099,0.632162,-0.819323,-0.733168,0.179417,-5.81544,-0.6304,2.03984,-1.05156,7.60104,3.57696,0,0,0,0,0,0
29.7403,0.855691,1.13909,0.657089,-0.814587,-0.746204,0.174622,-5.92576,-0.75254,2.16942,-1.55664,7.659,2.59164,0,0,0,0,0,0
29.7452,0.859662,1.16475,0.67559,-0.769705,-0.756739,0.153642,-5.44902,-0.0394,2.41813,-2.7324,7.51824,4.13172,0,0,0,0,0,0
29.7503,0.875749,1.16282,0.685791,-0.731682,-0.756893,0.116675,-6.48918,0.3546,2.56861,-1.37448,7.25328,3.33684,0,0,0,0,0,0
29.7552,0.880232,1.14861,0.687322,-0.700054,-0.736638,0.107433,-5.18898,0.3546,2.77134,-2.55852,6.52464,2.898,0,0,0,0,0,0
29.7605,0.868003,1.13672,0.685593,-0.687263,-0.713562,0.109447,-5.57904,0.52402,2.93645,-0.76176,7.22016,2.80692,0,0,0,0,0,0
29.7654,0.861592,1.10464,0.677244,-0.685154,-0.693377,0.119198,-5.40174,1.11896,3.06185,-2.08656,6.52464,2.71584,0,0,0,0,0,0
29.7702,0.845355,1.07309,0.663187,-0.674473,-0.68282,0.159536,-5.27566,0.56736,3.27294,-1.2834,7.52652,1.41588,0,0,0,0,0,0
29.7752,0.819008,1.04644,0.644777,-0.689136,-0.694886,0.211914,-4.79104,1.32384,3.54673,-0.94392,7.659,2.09484,0,0,0,0,0,0
29.7803,0.77797,1.00336,0.621882,-0.714508,-0.709114,0.245925,-4.79104,1.32384,3.54673,-0.94392,7.659,2.09484,0,0,0,0,0,0
29.7853,0.7393,0.967257,0.598838,-0.745941,-0.707867,0.270774,-4.92106,1.19382,3.72647,-0.63756,6.98832,2.41776,0,0,0,0,0,0
29.7902,0.731878,0.96721,0.574606,-0.74168,-0.698252,0.262755,-5.8706,0.33096,4.07341,-2.45916,7.60104,3.51072,0,0,0,0,0,0
29.7953,0.745235,0.986197,0.546213,-0.698215,-0.702423,0.230546,-5.8706,0.33096,4.07341,-2.45916,7.60104,3.51072,0,0,0,0,0,0
29.8004,0.742827,1.0109,0.518861,-0.688153,-0.701368,0.19947,-5.15746,0.15366,4.27614,-0.96048,7.35264,3.519,0,0,0,0,0,0
29.8052,0.726636,1.03964,0.48539,-0.701709,-0.691855,0.192893,-5.16928,0.0591,4.46633,-1.34964,7.23672,2.5668,0,0,0,0,0,0
29.8102,0.735887,1.07224,0.447891,-0.72688,-0.69851,0.202792,-6.18186,0.11426,4.68369,-0.59616,8.22204,2.75724,0,0,0,0,0,0
29.8152,0.761571,1.09275,0.408,-0.759141,-0.719881,0.195264,-5.84302,0.54766,4.73803,-0.93564,7.9074,3.32028,0,0,0,0,0,0
29.8203,0.790836,1.09768,0.368273,-0.778524,-0.707891,0.221559,-6.33158,0.90226,4.9742,-0.88596,6.88068,1.41588,0,0,0,0,0,0
29.8252,0.83158,1.09263,0.327949,-0.797073,-0.676145,0.288696,-6.33158,0.90226,4.9742,-0.88596,6.88068,1.41588,0,0,0,0,0,0
29.8304,0.856643,1.09718,0.293817,-0.822206,-0.673878,0.328931,-5.61844,0.57524,5.02854,-0.47196,8.08956,2.50884,0,0,0,0,0,0
29.8352,0.855665,1.10886,0.264664,-0.850934,-0.704082,0.334156,-5.24808,0.61858,5.08079,-0.87768,8.34624,2.91456,0,0,0,0,0,0
29.8402,0.848497,1.12078,0.239171,-0.843057,-0.729194,0.317835,-5.38992,0.55554,5.19156,-2.34324,7.89912,3.33684,0,0,0,0,0,0
29.8452,0.841381,1.13598,0.210127,-0.820804,-0.768646,0.266304,-5.33082,0.44916,5.54059,-1.47384,9.0666,4.42152,0,0,0,0,0,0
29.8504,0.836532,1.16302,0.181973,-0.807033,-0.831845,0.219644,-5.44902,0.197,5.54895,-1.8216,9.17424,3.17124,0,0,0,0,0,0
29.8556,0.835574,1.19476,0.159457,-0.792166,-0.894588,0.202507,-5.44902,0.197,5.54895,-1.8216,9.17424,3.17124,0,0,0,0,0,0
29.8602,0.822962,1.22919,0.135567,-0.802898,-0.923447,0.192019,-4.92106,0.11032,5.85827,-0.71208,7.76664,2.9394,0,0,0,0,0,0
29.8653,0.799906,1.26693,0.111581,-0.835538,-0.916856,0.188154,-4.92106,0.11032,5.85827,-0.71208,7.76664,2.9394,0,0,0,0,0,0
29.8703,0.793972,1.31516,0.0976579,-0.840633,-0.946061,0.185611,-5.63814,-0.2955,5.69943,-1.7388,9.45576,2.9394,0,0,0,0,0,0
29.8755,0.794919,1.36512,0.0993044,-0.847472,-0.991369,0.202349,-5.21656,0.05516,5.40683,-0.76176,8.60292,2.13624,0,0,0,0,0,0
29.8804,0.785846,1.40309,0.109778,-0.874094,-1.01462,0.236494,-5.21656,0.05516,5.40683,-0.76176,8.60292,2.13624,0,0,0,0,0,0
29.8855,0.778811,1.43264,0.125622,-0.884854,-1.05291,0.27861,-5.25596,0.44916,5.31487,-1.34136,9.3564,1.72224,0,0,0,0,0,0
29.8902,0.785622,1.44863,0.135073,-0.872758,-1.07124,0.298627,-5.87454,0.60282,5.7266,-2.02032,7.866,3.05532,0,0,0,0,0,0
29.8953,0.803432,1.45675,0.133533,-0.845468,-1.05692,0.286172,-5.87454,0.60282,5.7266,-2.02032,7.866,3.05532,0,0,0,0,0,0
29.9003,0.803718,1.46446,0.128549,-0.819874,-1.06823,0.226405,-5.1614,0.59494,5.88126,-1.9044,8.93412,5.16672,0,0,0,0,0,0
29.9054,0.79927,1.46881,0.127222,-0.827263,-1.11717,0.14731,-5.71694,0.79982,5.62628,-0.5796,9.61308,4.0986,0,0,0,0,0,0
29.9103,0.793115,1.46522,0.134273,-0.841411,-1.16759,0.0881213,-4.94076,0.8865,5.48416,-1.59804,8.96724,4.40496,0,0,0,0,0,0
29.9153,0.776071,1.46326,0.146844,-0.835221,-1.20753,0.0369055,-5.2008,0.85498,5.46117,-1.60632,9.29016,3.91644,0,0,0,0,0,0
29.9203,0.751701,1.4742,0.158767,-0.821431,-1.25141,0.0262412,-4.52706,0.35854,5.5176,-1.87956,9.2322,2.63304,0,0,0,0,0,0
29.9253,0.716172,1.50907,0.169181,-0.842876,-1.29386,0.0329738,-4.62162,-0.02364,5.63255,-0.10764,9.46404,3.17952,0,0,0,0,0,0
29.9303,0.703032,1.54571,0.172707,-0.853241,-1.32595,0.0379489,-5.59874,0.31126,5.86036,-2.21904,8.9424,2.83176,0,0,0,0,0,0
29.9352,0.711137,1.5805,0.170803,-0.827847,-1.32902,0.06966,-5.32294,0.09062,5.92933,-1.96236,8.3628,1.9044,0,0,0,0,0,0
29.9402,0.701888,1.62976,0.168316,-0.821365,-1.32833,0.0901069,-4.55464,-0.42552,5.87081,-1.17576,8.72712,3.24576,0,0,0,0,0,0
29.9453,0.678034,1.69385,0.171389,-0.810547,-1.35688,0.0670709,-4.5113,-0.6895,5.6639,-2.07,9.58824,3.81708,0,0,0,0,0,0
29.9504,0.66409,1.75372,0.175378,-0.773849,-1.38878,0.0272989,-4.76346,-0.38218,5.80811,-2.53368,8.90928,3.9744,0,0,0,0,0,0
29.9552,0.724009,1.80276,0.175866,-0.752382,-1.41655,-0.0103584,-7.6436,-0.27974,5.84991,-1.63944,9.4806,3.77568,0,0,0,0,0,0
29.9602,0.800495,1.85264,0.178394,-0.732469,-1.44584,-0.046495,-5.7918,-0.31914,5.852,-2.42604,9.20736,3.89988,0,0,0,0,0,0
29.9653,0.80914,1.89782,0.172328,-0.685419,-1.45747,-0.0856607,-4.9447,-0.14578,6.25328,-2.96424,8.7768,4.06548,0,0,0,0,0,0
29.9704,0.792042,1.93503,0.153633,-0.646135,-1.45765,-0.102193,-4.84226,-0.14578,6.36614,-2.35152,8.7354,3.01392,0,0,0,0,0,0
29.9755,0.801806,1.96582,0.129855,-0.617866,-1.45949,-0.105013,-6.33552,0.11032,6.53334,-2.3184,8.95068,3.50244,0,0,0,0,0,0
29.9802,0.815175,1.97615,0.105879,-0.587854,-1.47816,-0.0971913,-4.97228,0.65798,6.3954,-2.42604,9.45576,2.6496,0,0,0,0,0,0
29.9853,0.804767,1.96482,0.086655,-0.56215,-1.49062,-0.0459733,-5.39386,1.0441,6.36196,-2.13624,8.78508,1.5318,0,0,0,0,0,0
29.9902,0.827719,1.95293,0.0659829,-0.541704,-1.47609,0.0111688,-6.43402,0.85892,6.59395,-2.29356,8.28,2.31012,0,0,0,0,0,0
29.9952,0.83214,1.95596,0.0442424,-0.521045,-1.46167,0.023078,-4.61374,0.51614,6.5208,-2.47572,8.70228,3.51072,0,0,0,0,0,0
